Already up to date.
[01:55:41] Warning: molecule is tagged as 3D, but all Z coords are zero
[01:55:41] Explicit valence for atom # 1 C, 5, is greater than permitted
[01:55:41] ERROR: Could not sanitize molecule ending on line 2704
[01:55:41] ERROR: Explicit valence for atom # 1 C, 5, is greater than permitted
[01:55:41] Explicit valence for atom # 1 C, 5, is greater than permitted
[01:55:41] ERROR: Could not sanitize molecule ending on line 9097
[01:55:41] ERROR: Explicit valence for atom # 1 C, 5, is greater than permitted
[01:55:41] Warning: molecule is tagged as 3D, but all Z coords are zero
[01:55:41] Explicit valence for atom # 2 C, 5, is greater than permitted
[01:55:41] ERROR: Could not sanitize molecule ending on line 19803
[01:55:41] ERROR: Explicit valence for atom # 2 C, 5, is greater than permitted
[01:55:41] Explicit valence for atom # 2 C, 5, is greater than permitted
[01:55:41] ERROR: Could not sanitize molecule ending on line 19870
[01:55:41] ERROR: Explicit valence for atom # 2 C, 5, is greater than permitted
[01:55:41] Explicit valence for atom # 2 C, 5, is greater than permitted
[01:55:41] ERROR: Could not sanitize molecule ending on line 21313
[01:55:41] ERROR: Explicit valence for atom # 2 C, 5, is greater than permitted
[01:55:41] Explicit valence for atom # 2 C, 5, is greater than permitted
[01:55:41] ERROR: Could not sanitize molecule ending on line 21376
[01:55:41] ERROR: Explicit valence for atom # 2 C, 5, is greater than permitted
[01:55:41] Explicit valence for atom # 1 C, 5, is greater than permitted
[01:55:41] ERROR: Could not sanitize molecule ending on line 35785
[01:55:41] ERROR: Explicit valence for atom # 1 C, 5, is greater than permitted
[01:55:41] Explicit valence for atom # 2 C, 5, is greater than permitted
[01:55:41] ERROR: Could not sanitize molecule ending on line 62866
[01:55:41] ERROR: Explicit valence for atom # 2 C, 5, is greater than permitted
[01:55:41] Explicit valence for atom # 2 C, 5, is greater than permitted
[01:55:41] ERROR: Could not sanitize molecule ending on line 66832
[01:55:41] ERROR: Explicit valence for atom # 2 C, 5, is greater than permitted
[01:55:41] Explicit valence for atom # 2 C, 5, is greater than permitted
[01:55:41] ERROR: Could not sanitize molecule ending on line 66968
[01:55:41] ERROR: Explicit valence for atom # 2 C, 5, is greater than permitted
[01:55:41] Explicit valence for atom # 2 C, 5, is greater than permitted
[01:55:41] ERROR: Could not sanitize molecule ending on line 67073
[01:55:41] ERROR: Explicit valence for atom # 2 C, 5, is greater than permitted
[01:55:41] Explicit valence for atom # 2 C, 5, is greater than permitted
[01:55:41] ERROR: Could not sanitize molecule ending on line 67196
[01:55:41] ERROR: Explicit valence for atom # 2 C, 5, is greater than permitted
[01:55:41] Explicit valence for atom # 2 C, 5, is greater than permitted
[01:55:41] ERROR: Could not sanitize molecule ending on line 67400
[01:55:41] ERROR: Explicit valence for atom # 2 C, 5, is greater than permitted
[01:55:41] Explicit valence for atom # 3 C, 5, is greater than permitted
[01:55:41] ERROR: Could not sanitize molecule ending on line 68433
[01:55:41] ERROR: Explicit valence for atom # 3 C, 5, is greater than permitted
[01:55:41] Explicit valence for atom # 3 C, 5, is greater than permitted
[01:55:41] ERROR: Could not sanitize molecule ending on line 68512
[01:55:41] ERROR: Explicit valence for atom # 3 C, 5, is greater than permitted
[01:55:41] Explicit valence for atom # 2 C, 5, is greater than permitted
[01:55:41] ERROR: Could not sanitize molecule ending on line 82297
[01:55:41] ERROR: Explicit valence for atom # 2 C, 5, is greater than permitted
[01:55:41] Explicit valence for atom # 2 C, 5, is greater than permitted
[01:55:41] ERROR: Could not sanitize molecule ending on line 82335
[01:55:41] ERROR: Explicit valence for atom # 2 C, 5, is greater than permitted
[01:55:41] Explicit valence for atom # 4 C, 5, is greater than permitted
[01:55:41] ERROR: Could not sanitize molecule ending on line 82602
[01:55:41] ERROR: Explicit valence for atom # 4 C, 5, is greater than permitted
[01:55:41] Explicit valence for atom # 4 C, 5, is greater than permitted
[01:55:41] ERROR: Could not sanitize molecule ending on line 82718
[01:55:41] ERROR: Explicit valence for atom # 4 C, 5, is greater than permitted
[01:55:41] Explicit valence for atom # 1 C, 5, is greater than permitted
[01:55:41] ERROR: Could not sanitize molecule ending on line 82757
[01:55:41] ERROR: Explicit valence for atom # 1 C, 5, is greater than permitted
[01:55:41] Explicit valence for atom # 1 C, 5, is greater than permitted
[01:55:41] ERROR: Could not sanitize molecule ending on line 82794
[01:55:41] ERROR: Explicit valence for atom # 1 C, 5, is greater than permitted
[01:55:41] Explicit valence for atom # 4 C, 5, is greater than permitted
[01:55:41] ERROR: Could not sanitize molecule ending on line 82901
[01:55:41] ERROR: Explicit valence for atom # 4 C, 5, is greater than permitted
[01:55:42] Explicit valence for atom # 3 C, 5, is greater than permitted
[01:55:42] ERROR: Could not sanitize molecule ending on line 121573
[01:55:42] ERROR: Explicit valence for atom # 3 C, 5, is greater than permitted
[01:55:42] Explicit valence for atom # 3 C, 5, is greater than permitted
[01:55:42] ERROR: Could not sanitize molecule ending on line 121709
[01:55:42] ERROR: Explicit valence for atom # 3 C, 5, is greater than permitted
[01:55:42] Explicit valence for atom # 3 C, 5, is greater than permitted
[01:55:42] ERROR: Could not sanitize molecule ending on line 121814
[01:55:42] ERROR: Explicit valence for atom # 3 C, 5, is greater than permitted
[01:55:42] Explicit valence for atom # 3 C, 5, is greater than permitted
[01:55:42] ERROR: Could not sanitize molecule ending on line 121972
[01:55:42] ERROR: Explicit valence for atom # 3 C, 5, is greater than permitted
[01:55:42] Explicit valence for atom # 3 C, 5, is greater than permitted
[01:55:42] ERROR: Could not sanitize molecule ending on line 122051
[01:55:42] ERROR: Explicit valence for atom # 3 C, 5, is greater than permitted
[01:55:42] Explicit valence for atom # 3 C, 5, is greater than permitted
[01:55:42] ERROR: Could not sanitize molecule ending on line 122130
[01:55:42] ERROR: Explicit valence for atom # 3 C, 5, is greater than permitted
[01:55:42] Explicit valence for atom # 3 C, 5, is greater than permitted
[01:55:42] ERROR: Could not sanitize molecule ending on line 122616
[01:55:42] ERROR: Explicit valence for atom # 3 C, 5, is greater than permitted
[01:55:42] Explicit valence for atom # 3 C, 5, is greater than permitted
[01:55:42] ERROR: Could not sanitize molecule ending on line 122653
[01:55:42] ERROR: Explicit valence for atom # 3 C, 5, is greater than permitted
[01:55:42] Explicit valence for atom # 3 C, 5, is greater than permitted
[01:55:42] ERROR: Could not sanitize molecule ending on line 122888
[01:55:42] ERROR: Explicit valence for atom # 3 C, 5, is greater than permitted
[01:55:42] Explicit valence for atom # 3 C, 5, is greater than permitted
[01:55:42] ERROR: Could not sanitize molecule ending on line 123006
[01:55:42] ERROR: Explicit valence for atom # 3 C, 5, is greater than permitted
[01:55:42] Explicit valence for atom # 3 C, 5, is greater than permitted
[01:55:42] ERROR: Could not sanitize molecule ending on line 123116
[01:55:42] ERROR: Explicit valence for atom # 3 C, 5, is greater than permitted
[01:55:42] Explicit valence for atom # 1 C, 5, is greater than permitted
[01:55:42] ERROR: Could not sanitize molecule ending on line 123226
[01:55:42] ERROR: Explicit valence for atom # 1 C, 5, is greater than permitted
[01:55:42] Explicit valence for atom # 3 C, 5, is greater than permitted
[01:55:42] ERROR: Could not sanitize molecule ending on line 123345
[01:55:42] ERROR: Explicit valence for atom # 3 C, 5, is greater than permitted
[01:55:42] Explicit valence for atom # 3 C, 5, is greater than permitted
[01:55:42] ERROR: Could not sanitize molecule ending on line 123380
[01:55:42] ERROR: Explicit valence for atom # 3 C, 5, is greater than permitted
[01:55:42] Explicit valence for atom # 2 C, 5, is greater than permitted
[01:55:42] ERROR: Could not sanitize molecule ending on line 234189
[01:55:42] ERROR: Explicit valence for atom # 2 C, 5, is greater than permitted
[01:55:42] Explicit valence for atom # 1 C, 5, is greater than permitted
[01:55:42] ERROR: Could not sanitize molecule ending on line 235350
[01:55:42] ERROR: Explicit valence for atom # 1 C, 5, is greater than permitted
[01:55:42] Explicit valence for atom # 1 C, 5, is greater than permitted
[01:55:42] ERROR: Could not sanitize molecule ending on line 235388
[01:55:42] ERROR: Explicit valence for atom # 1 C, 5, is greater than permitted
[01:55:42] Explicit valence for atom # 1 C, 5, is greater than permitted
[01:55:42] ERROR: Could not sanitize molecule ending on line 235547
[01:55:42] ERROR: Explicit valence for atom # 1 C, 5, is greater than permitted
[01:55:42] Explicit valence for atom # 1 C, 5, is greater than permitted
[01:55:42] ERROR: Could not sanitize molecule ending on line 235677
[01:55:42] ERROR: Explicit valence for atom # 1 C, 5, is greater than permitted
[01:55:42] Explicit valence for atom # 2 C, 5, is greater than permitted
[01:55:42] ERROR: Could not sanitize molecule ending on line 235776
[01:55:42] ERROR: Explicit valence for atom # 2 C, 5, is greater than permitted
[01:55:42] Explicit valence for atom # 3 C, 5, is greater than permitted
[01:55:42] ERROR: Could not sanitize molecule ending on line 279743
[01:55:42] ERROR: Explicit valence for atom # 3 C, 5, is greater than permitted
[01:55:42] Explicit valence for atom # 2 C, 5, is greater than permitted
[01:55:42] ERROR: Could not sanitize molecule ending on line 280012
[01:55:42] ERROR: Explicit valence for atom # 2 C, 5, is greater than permitted
[01:55:42] Explicit valence for atom # 2 C, 5, is greater than permitted
[01:55:42] ERROR: Could not sanitize molecule ending on line 280056
[01:55:42] ERROR: Explicit valence for atom # 2 C, 5, is greater than permitted
[01:55:42] Explicit valence for atom # 1 C, 5, is greater than permitted
[01:55:42] ERROR: Could not sanitize molecule ending on line 295488
[01:55:42] ERROR: Explicit valence for atom # 1 C, 5, is greater than permitted
[01:55:42] Explicit valence for atom # 1 C, 5, is greater than permitted
[01:55:42] ERROR: Could not sanitize molecule ending on line 295526
[01:55:42] ERROR: Explicit valence for atom # 1 C, 5, is greater than permitted
[01:55:42] Explicit valence for atom # 1 C, 5, is greater than permitted
[01:55:42] ERROR: Could not sanitize molecule ending on line 295920
[01:55:42] ERROR: Explicit valence for atom # 1 C, 5, is greater than permitted
[01:55:42] Explicit valence for atom # 1 C, 5, is greater than permitted
[01:55:42] ERROR: Could not sanitize molecule ending on line 296130
[01:55:42] ERROR: Explicit valence for atom # 1 C, 5, is greater than permitted
[01:55:42] Explicit valence for atom # 3 C, 5, is greater than permitted
[01:55:42] ERROR: Could not sanitize molecule ending on line 296275
[01:55:42] ERROR: Explicit valence for atom # 3 C, 5, is greater than permitted
[01:55:42] Explicit valence for atom # 3 C, 5, is greater than permitted
[01:55:42] ERROR: Could not sanitize molecule ending on line 307998
[01:55:42] ERROR: Explicit valence for atom # 3 C, 5, is greater than permitted
[01:55:42] Explicit valence for atom # 3 C, 5, is greater than permitted
[01:55:42] ERROR: Could not sanitize molecule ending on line 308158
[01:55:42] ERROR: Explicit valence for atom # 3 C, 5, is greater than permitted
[01:55:42] Explicit valence for atom # 3 C, 5, is greater than permitted
[01:55:42] ERROR: Could not sanitize molecule ending on line 308363
[01:55:42] ERROR: Explicit valence for atom # 3 C, 5, is greater than permitted
[01:55:42] Explicit valence for atom # 3 C, 5, is greater than permitted
[01:55:42] ERROR: Could not sanitize molecule ending on line 308646
[01:55:42] ERROR: Explicit valence for atom # 3 C, 5, is greater than permitted
[01:55:42] Explicit valence for atom # 3 C, 5, is greater than permitted
[01:55:42] ERROR: Could not sanitize molecule ending on line 308787
[01:55:42] ERROR: Explicit valence for atom # 3 C, 5, is greater than permitted
[01:55:42] Explicit valence for atom # 3 C, 5, is greater than permitted
[01:55:42] ERROR: Could not sanitize molecule ending on line 309021
[01:55:42] ERROR: Explicit valence for atom # 3 C, 5, is greater than permitted
[01:55:42] Explicit valence for atom # 3 C, 5, is greater than permitted
[01:55:42] ERROR: Could not sanitize molecule ending on line 309158
[01:55:42] ERROR: Explicit valence for atom # 3 C, 5, is greater than permitted
[01:55:42] Explicit valence for atom # 3 C, 5, is greater than permitted
[01:55:42] ERROR: Could not sanitize molecule ending on line 310276
[01:55:42] ERROR: Explicit valence for atom # 3 C, 5, is greater than permitted
[01:55:42] Explicit valence for atom # 3 C, 5, is greater than permitted
[01:55:42] ERROR: Could not sanitize molecule ending on line 310397
[01:55:42] ERROR: Explicit valence for atom # 3 C, 5, is greater than permitted
[01:55:42] Explicit valence for atom # 3 C, 5, is greater than permitted
[01:55:42] ERROR: Could not sanitize molecule ending on line 310574
[01:55:42] ERROR: Explicit valence for atom # 3 C, 5, is greater than permitted
[01:55:42] Explicit valence for atom # 3 C, 5, is greater than permitted
[01:55:42] ERROR: Could not sanitize molecule ending on line 310715
[01:55:42] ERROR: Explicit valence for atom # 3 C, 5, is greater than permitted
[01:55:42] Explicit valence for atom # 1 C, 5, is greater than permitted
[01:55:42] ERROR: Could not sanitize molecule ending on line 314632
[01:55:42] ERROR: Explicit valence for atom # 1 C, 5, is greater than permitted
[01:55:42] Explicit valence for atom # 1 C, 5, is greater than permitted
[01:55:42] ERROR: Could not sanitize molecule ending on line 314816
[01:55:42] ERROR: Explicit valence for atom # 1 C, 5, is greater than permitted
[01:55:42] Explicit valence for atom # 5 C, 5, is greater than permitted
[01:55:42] ERROR: Could not sanitize molecule ending on line 315050
[01:55:42] ERROR: Explicit valence for atom # 5 C, 5, is greater than permitted
[01:55:42] Explicit valence for atom # 5 C, 5, is greater than permitted
[01:55:42] ERROR: Could not sanitize molecule ending on line 315177
[01:55:42] ERROR: Explicit valence for atom # 5 C, 5, is greater than permitted
[01:55:42] Explicit valence for atom # 5 C, 5, is greater than permitted
[01:55:42] ERROR: Could not sanitize molecule ending on line 315264
[01:55:42] ERROR: Explicit valence for atom # 5 C, 5, is greater than permitted
[01:55:42] Explicit valence for atom # 1 C, 5, is greater than permitted
[01:55:42] ERROR: Could not sanitize molecule ending on line 315309
[01:55:42] ERROR: Explicit valence for atom # 1 C, 5, is greater than permitted
[01:55:42] Explicit valence for atom # 5 C, 5, is greater than permitted
[01:55:42] ERROR: Could not sanitize molecule ending on line 315506
[01:55:42] ERROR: Explicit valence for atom # 5 C, 5, is greater than permitted
[01:55:42] Explicit valence for atom # 4 C, 5, is greater than permitted
[01:55:42] ERROR: Could not sanitize molecule ending on line 316134
[01:55:42] ERROR: Explicit valence for atom # 4 C, 5, is greater than permitted
[01:55:42] Explicit valence for atom # 4 C, 5, is greater than permitted
[01:55:42] ERROR: Could not sanitize molecule ending on line 316262
[01:55:42] ERROR: Explicit valence for atom # 4 C, 5, is greater than permitted
[01:55:42] Explicit valence for atom # 1 C, 5, is greater than permitted
[01:55:42] ERROR: Could not sanitize molecule ending on line 316390
[01:55:42] ERROR: Explicit valence for atom # 1 C, 5, is greater than permitted
[01:55:42] Explicit valence for atom # 3 C, 5, is greater than permitted
[01:55:42] ERROR: Could not sanitize molecule ending on line 316574
[01:55:42] ERROR: Explicit valence for atom # 3 C, 5, is greater than permitted
[01:55:42] Explicit valence for atom # 3 C, 5, is greater than permitted
[01:55:42] ERROR: Could not sanitize molecule ending on line 318796
[01:55:42] ERROR: Explicit valence for atom # 3 C, 5, is greater than permitted
[01:55:42] Explicit valence for atom # 3 C, 5, is greater than permitted
[01:55:42] ERROR: Could not sanitize molecule ending on line 319121
[01:55:42] ERROR: Explicit valence for atom # 3 C, 5, is greater than permitted
[01:55:42] Explicit valence for atom # 3 C, 5, is greater than permitted
[01:55:42] ERROR: Could not sanitize molecule ending on line 319346
[01:55:42] ERROR: Explicit valence for atom # 3 C, 5, is greater than permitted
[01:55:42] Explicit valence for atom # 3 C, 5, is greater than permitted
[01:55:42] ERROR: Could not sanitize molecule ending on line 319431
[01:55:42] ERROR: Explicit valence for atom # 3 C, 5, is greater than permitted
[01:55:43] Explicit valence for atom # 2 C, 5, is greater than permitted
[01:55:43] ERROR: Could not sanitize molecule ending on line 408871
[01:55:43] ERROR: Explicit valence for atom # 2 C, 5, is greater than permitted
[01:55:43] Explicit valence for atom # 2 C, 5, is greater than permitted
[01:55:43] ERROR: Could not sanitize molecule ending on line 408915
[01:55:43] ERROR: Explicit valence for atom # 2 C, 5, is greater than permitted
[01:55:43] Explicit valence for atom # 2 C, 5, is greater than permitted
[01:55:43] ERROR: Could not sanitize molecule ending on line 439217
[01:55:43] ERROR: Explicit valence for atom # 2 C, 5, is greater than permitted
[01:55:43] Explicit valence for atom # 2 C, 5, is greater than permitted
[01:55:43] ERROR: Could not sanitize molecule ending on line 439255
[01:55:43] ERROR: Explicit valence for atom # 2 C, 5, is greater than permitted
[01:55:43] Explicit valence for atom # 2 C, 5, is greater than permitted
[01:55:43] ERROR: Could not sanitize molecule ending on line 439492
[01:55:43] ERROR: Explicit valence for atom # 2 C, 5, is greater than permitted
[01:55:43] Explicit valence for atom # 2 C, 5, is greater than permitted
[01:55:43] ERROR: Could not sanitize molecule ending on line 439709
[01:55:43] ERROR: Explicit valence for atom # 2 C, 5, is greater than permitted
[01:55:43] Explicit valence for atom # 2 C, 5, is greater than permitted
[01:55:43] ERROR: Could not sanitize molecule ending on line 439792
[01:55:43] ERROR: Explicit valence for atom # 2 C, 5, is greater than permitted
[01:55:43] Explicit valence for atom # 2 C, 5, is greater than permitted
[01:55:43] ERROR: Could not sanitize molecule ending on line 439988
[01:55:43] ERROR: Explicit valence for atom # 2 C, 5, is greater than permitted
[01:55:43] Explicit valence for atom # 2 C, 5, is greater than permitted
[01:55:43] ERROR: Could not sanitize molecule ending on line 440352
[01:55:43] ERROR: Explicit valence for atom # 2 C, 5, is greater than permitted
[01:55:43] Explicit valence for atom # 2 C, 5, is greater than permitted
[01:55:43] ERROR: Could not sanitize molecule ending on line 440544
[01:55:43] ERROR: Explicit valence for atom # 2 C, 5, is greater than permitted
[01:55:43] Explicit valence for atom # 4 C, 5, is greater than permitted
[01:55:43] ERROR: Could not sanitize molecule ending on line 544188
[01:55:43] ERROR: Explicit valence for atom # 4 C, 5, is greater than permitted
[01:55:43] Explicit valence for atom # 4 C, 5, is greater than permitted
[01:55:43] ERROR: Could not sanitize molecule ending on line 544365
[01:55:43] ERROR: Explicit valence for atom # 4 C, 5, is greater than permitted
[01:55:43] Explicit valence for atom # 1 C, 5, is greater than permitted
[01:55:43] ERROR: Could not sanitize molecule ending on line 544406
[01:55:43] ERROR: Explicit valence for atom # 1 C, 5, is greater than permitted
[01:55:43] Explicit valence for atom # 1 C, 5, is greater than permitted
[01:55:43] ERROR: Could not sanitize molecule ending on line 551417
[01:55:43] ERROR: Explicit valence for atom # 1 C, 5, is greater than permitted
[01:55:43] Explicit valence for atom # 1 C, 5, is greater than permitted
[01:55:43] ERROR: Could not sanitize molecule ending on line 551541
[01:55:43] ERROR: Explicit valence for atom # 1 C, 5, is greater than permitted
[01:55:43] Explicit valence for atom # 1 C, 5, is greater than permitted
[01:55:43] ERROR: Could not sanitize molecule ending on line 551849
[01:55:43] ERROR: Explicit valence for atom # 1 C, 5, is greater than permitted
[01:55:43] Explicit valence for atom # 1 C, 5, is greater than permitted
[01:55:43] ERROR: Could not sanitize molecule ending on line 551890
[01:55:43] ERROR: Explicit valence for atom # 1 C, 5, is greater than permitted
[01:55:43] Explicit valence for atom # 1 C, 5, is greater than permitted
[01:55:43] ERROR: Could not sanitize molecule ending on line 551931
[01:55:43] ERROR: Explicit valence for atom # 1 C, 5, is greater than permitted
[01:55:43] Explicit valence for atom # 1 C, 5, is greater than permitted
[01:55:43] ERROR: Could not sanitize molecule ending on line 555340
[01:55:43] ERROR: Explicit valence for atom # 1 C, 5, is greater than permitted
[01:55:43] Explicit valence for atom # 1 C, 5, is greater than permitted
[01:55:43] ERROR: Could not sanitize molecule ending on line 555603
[01:55:43] ERROR: Explicit valence for atom # 1 C, 5, is greater than permitted
[01:55:43] Explicit valence for atom # 1 C, 5, is greater than permitted
[01:55:43] ERROR: Could not sanitize molecule ending on line 555644
[01:55:43] ERROR: Explicit valence for atom # 1 C, 5, is greater than permitted
[01:55:43] Explicit valence for atom # 4 C, 5, is greater than permitted
[01:55:43] ERROR: Could not sanitize molecule ending on line 557104
[01:55:43] ERROR: Explicit valence for atom # 4 C, 5, is greater than permitted
[01:55:43] Explicit valence for atom # 4 C, 5, is greater than permitted
[01:55:43] ERROR: Could not sanitize molecule ending on line 557264
[01:55:43] ERROR: Explicit valence for atom # 4 C, 5, is greater than permitted
[01:55:43] Explicit valence for atom # 4 C, 5, is greater than permitted
[01:55:43] ERROR: Could not sanitize molecule ending on line 557416
[01:55:43] ERROR: Explicit valence for atom # 4 C, 5, is greater than permitted
[01:55:43] Explicit valence for atom # 4 C, 5, is greater than permitted
[01:55:43] ERROR: Could not sanitize molecule ending on line 557528
[01:55:43] ERROR: Explicit valence for atom # 4 C, 5, is greater than permitted
[01:55:43] Explicit valence for atom # 4 C, 5, is greater than permitted
[01:55:43] ERROR: Could not sanitize molecule ending on line 557634
[01:55:43] ERROR: Explicit valence for atom # 4 C, 5, is greater than permitted
[01:55:43] Explicit valence for atom # 4 C, 5, is greater than permitted
[01:55:43] ERROR: Could not sanitize molecule ending on line 557717
[01:55:43] ERROR: Explicit valence for atom # 4 C, 5, is greater than permitted
[01:55:43] Explicit valence for atom # 4 C, 5, is greater than permitted
[01:55:43] ERROR: Could not sanitize molecule ending on line 557871
[01:55:43] ERROR: Explicit valence for atom # 4 C, 5, is greater than permitted
[01:55:43] Explicit valence for atom # 4 C, 5, is greater than permitted
[01:55:43] ERROR: Could not sanitize molecule ending on line 557962
[01:55:43] ERROR: Explicit valence for atom # 4 C, 5, is greater than permitted
[01:55:43] Explicit valence for atom # 4 C, 5, is greater than permitted
[01:55:43] ERROR: Could not sanitize molecule ending on line 558061
[01:55:43] ERROR: Explicit valence for atom # 4 C, 5, is greater than permitted
[01:55:43] Explicit valence for atom # 4 C, 5, is greater than permitted
[01:55:43] ERROR: Could not sanitize molecule ending on line 558152
[01:55:43] ERROR: Explicit valence for atom # 4 C, 5, is greater than permitted
[01:55:43] Explicit valence for atom # 4 C, 5, is greater than permitted
[01:55:43] ERROR: Could not sanitize molecule ending on line 558243
[01:55:43] ERROR: Explicit valence for atom # 4 C, 5, is greater than permitted
[01:55:43] Explicit valence for atom # 4 C, 5, is greater than permitted
[01:55:43] ERROR: Could not sanitize molecule ending on line 558367
[01:55:43] ERROR: Explicit valence for atom # 4 C, 5, is greater than permitted
[01:55:44] Explicit valence for atom # 5 C, 5, is greater than permitted
[01:55:44] ERROR: Could not sanitize molecule ending on line 634822
[01:55:44] ERROR: Explicit valence for atom # 5 C, 5, is greater than permitted
[01:55:44] Explicit valence for atom # 3 C, 5, is greater than permitted
[01:55:44] ERROR: Could not sanitize molecule ending on line 635006
[01:55:44] ERROR: Explicit valence for atom # 3 C, 5, is greater than permitted
[01:55:44] Explicit valence for atom # 3 C, 5, is greater than permitted
[01:55:44] ERROR: Could not sanitize molecule ending on line 635047
[01:55:44] ERROR: Explicit valence for atom # 3 C, 5, is greater than permitted
[01:55:44] Explicit valence for atom # 3 C, 5, is greater than permitted
[01:55:44] ERROR: Could not sanitize molecule ending on line 635273
[01:55:44] ERROR: Explicit valence for atom # 3 C, 5, is greater than permitted
[01:55:44] Explicit valence for atom # 3 C, 5, is greater than permitted
[01:55:44] ERROR: Could not sanitize molecule ending on line 635388
[01:55:44] ERROR: Explicit valence for atom # 3 C, 5, is greater than permitted
[01:55:44] Explicit valence for atom # 5 C, 5, is greater than permitted
[01:55:44] ERROR: Could not sanitize molecule ending on line 636070
[01:55:44] ERROR: Explicit valence for atom # 5 C, 5, is greater than permitted
[01:55:44] Explicit valence for atom # 5 C, 5, is greater than permitted
[01:55:44] ERROR: Could not sanitize molecule ending on line 636185
[01:55:44] ERROR: Explicit valence for atom # 5 C, 5, is greater than permitted
[01:55:44] Explicit valence for atom # 5 C, 5, is greater than permitted
[01:55:44] ERROR: Could not sanitize molecule ending on line 636278
[01:55:44] ERROR: Explicit valence for atom # 5 C, 5, is greater than permitted
[01:55:44] Explicit valence for atom # 5 C, 5, is greater than permitted
[01:55:44] ERROR: Could not sanitize molecule ending on line 636452
[01:55:44] ERROR: Explicit valence for atom # 5 C, 5, is greater than permitted
[01:55:44] Explicit valence for atom # 5 C, 5, is greater than permitted
[01:55:44] ERROR: Could not sanitize molecule ending on line 636537
[01:55:44] ERROR: Explicit valence for atom # 5 C, 5, is greater than permitted
[01:55:44] Explicit valence for atom # 5 C, 5, is greater than permitted
[01:55:44] ERROR: Could not sanitize molecule ending on line 636622
[01:55:44] ERROR: Explicit valence for atom # 5 C, 5, is greater than permitted
[01:55:44] Explicit valence for atom # 2 C, 5, is greater than permitted
[01:55:44] ERROR: Could not sanitize molecule ending on line 659096
[01:55:44] ERROR: Explicit valence for atom # 2 C, 5, is greater than permitted
[01:55:44] Explicit valence for atom # 2 C, 5, is greater than permitted
[01:55:44] ERROR: Could not sanitize molecule ending on line 659134
[01:55:44] ERROR: Explicit valence for atom # 2 C, 5, is greater than permitted
[01:55:44] Explicit valence for atom # 2 C, 5, is greater than permitted
[01:55:44] ERROR: Could not sanitize molecule ending on line 659400
[01:55:44] ERROR: Explicit valence for atom # 2 C, 5, is greater than permitted
[01:55:44] Explicit valence for atom # 2 C, 5, is greater than permitted
[01:55:44] ERROR: Could not sanitize molecule ending on line 659599
[01:55:44] ERROR: Explicit valence for atom # 2 C, 5, is greater than permitted
[01:55:44] Explicit valence for atom # 2 C, 5, is greater than permitted
[01:55:44] ERROR: Could not sanitize molecule ending on line 659790
[01:55:44] ERROR: Explicit valence for atom # 2 C, 5, is greater than permitted
[01:55:44] Explicit valence for atom # 2 C, 5, is greater than permitted
[01:55:44] ERROR: Could not sanitize molecule ending on line 660305
[01:55:44] ERROR: Explicit valence for atom # 2 C, 5, is greater than permitted
[01:55:44] Explicit valence for atom # 3 C, 5, is greater than permitted
[01:55:44] ERROR: Could not sanitize molecule ending on line 660451
[01:55:44] ERROR: Explicit valence for atom # 3 C, 5, is greater than permitted
[01:55:44] Explicit valence for atom # 3 C, 5, is greater than permitted
[01:55:44] ERROR: Could not sanitize molecule ending on line 660495
[01:55:44] ERROR: Explicit valence for atom # 3 C, 5, is greater than permitted
[01:55:44] Explicit valence for atom # 3 C, 5, is greater than permitted
[01:55:44] ERROR: Could not sanitize molecule ending on line 660762
[01:55:44] ERROR: Explicit valence for atom # 3 C, 5, is greater than permitted
[01:55:44] Explicit valence for atom # 3 C, 5, is greater than permitted
[01:55:44] ERROR: Could not sanitize molecule ending on line 660925
[01:55:44] ERROR: Explicit valence for atom # 3 C, 5, is greater than permitted
[01:55:44] Explicit valence for atom # 5 C, 5, is greater than permitted
[01:55:44] ERROR: Could not sanitize molecule ending on line 664009
[01:55:44] ERROR: Explicit valence for atom # 5 C, 5, is greater than permitted
[01:55:44] Explicit valence for atom # 5 C, 5, is greater than permitted
[01:55:44] ERROR: Could not sanitize molecule ending on line 664119
[01:55:44] ERROR: Explicit valence for atom # 5 C, 5, is greater than permitted
[01:55:44] Explicit valence for atom # 2 C, 5, is greater than permitted
[01:55:44] ERROR: Could not sanitize molecule ending on line 664156
[01:55:44] ERROR: Explicit valence for atom # 2 C, 5, is greater than permitted
[01:55:44] Explicit valence for atom # 5 C, 5, is greater than permitted
[01:55:44] ERROR: Could not sanitize molecule ending on line 664368
[01:55:44] ERROR: Explicit valence for atom # 5 C, 5, is greater than permitted
[01:55:44] Explicit valence for atom # 5 C, 5, is greater than permitted
[01:55:44] ERROR: Could not sanitize molecule ending on line 664508
[01:55:44] ERROR: Explicit valence for atom # 5 C, 5, is greater than permitted
[01:55:44] Explicit valence for atom # 2 C, 5, is greater than permitted
[01:55:44] ERROR: Could not sanitize molecule ending on line 664543
[01:55:44] ERROR: Explicit valence for atom # 2 C, 5, is greater than permitted
[01:55:44] Explicit valence for atom # 2 C, 5, is greater than permitted
[01:55:44] ERROR: Could not sanitize molecule ending on line 664576
[01:55:44] ERROR: Explicit valence for atom # 2 C, 5, is greater than permitted
[01:55:44] Explicit valence for atom # 5 C, 5, is greater than permitted
[01:55:44] ERROR: Could not sanitize molecule ending on line 664722
[01:55:44] ERROR: Explicit valence for atom # 5 C, 5, is greater than permitted
[01:55:44] Explicit valence for atom # 5 C, 5, is greater than permitted
[01:55:44] ERROR: Could not sanitize molecule ending on line 664832
[01:55:44] ERROR: Explicit valence for atom # 5 C, 5, is greater than permitted
[01:55:44] Explicit valence for atom # 2 C, 5, is greater than permitted
[01:55:44] ERROR: Could not sanitize molecule ending on line 664869
[01:55:44] ERROR: Explicit valence for atom # 2 C, 5, is greater than permitted
[01:55:44] Explicit valence for atom # 2 C, 5, is greater than permitted
[01:55:44] ERROR: Could not sanitize molecule ending on line 664904
[01:55:44] ERROR: Explicit valence for atom # 2 C, 5, is greater than permitted
[01:55:44] Explicit valence for atom # 5 C, 5, is greater than permitted
[01:55:44] ERROR: Could not sanitize molecule ending on line 665076
[01:55:44] ERROR: Explicit valence for atom # 5 C, 5, is greater than permitted
[01:55:44] Explicit valence for atom # 5 C, 5, is greater than permitted
[01:55:44] ERROR: Could not sanitize molecule ending on line 665210
[01:55:44] ERROR: Explicit valence for atom # 5 C, 5, is greater than permitted
[01:55:44] Explicit valence for atom # 2 C, 5, is greater than permitted
[01:55:44] ERROR: Could not sanitize molecule ending on line 665255
[01:55:44] ERROR: Explicit valence for atom # 2 C, 5, is greater than permitted
[01:55:44] Explicit valence for atom # 2 C, 5, is greater than permitted
[01:55:44] ERROR: Could not sanitize molecule ending on line 665298
[01:55:44] ERROR: Explicit valence for atom # 2 C, 5, is greater than permitted
[01:55:44] Explicit valence for atom # 5 C, 5, is greater than permitted
[01:55:44] ERROR: Could not sanitize molecule ending on line 665423
[01:55:44] ERROR: Explicit valence for atom # 5 C, 5, is greater than permitted
[01:55:44] Explicit valence for atom # 5 C, 5, is greater than permitted
[01:55:44] ERROR: Could not sanitize molecule ending on line 665551
[01:55:44] ERROR: Explicit valence for atom # 5 C, 5, is greater than permitted
[01:55:44] Explicit valence for atom # 5 C, 5, is greater than permitted
[01:55:44] ERROR: Could not sanitize molecule ending on line 665673
[01:55:44] ERROR: Explicit valence for atom # 5 C, 5, is greater than permitted
[01:55:44] Explicit valence for atom # 2 C, 5, is greater than permitted
[01:55:44] ERROR: Could not sanitize molecule ending on line 665714
[01:55:44] ERROR: Explicit valence for atom # 2 C, 5, is greater than permitted
[01:55:44] Explicit valence for atom # 2 C, 5, is greater than permitted
[01:55:44] ERROR: Could not sanitize molecule ending on line 665753
[01:55:44] ERROR: Explicit valence for atom # 2 C, 5, is greater than permitted
[01:55:44] Explicit valence for atom # 2 C, 5, is greater than permitted
[01:55:44] ERROR: Could not sanitize molecule ending on line 665926
[01:55:44] ERROR: Explicit valence for atom # 2 C, 5, is greater than permitted
[01:55:44] Explicit valence for atom # 2 C, 5, is greater than permitted
[01:55:44] ERROR: Could not sanitize molecule ending on line 665969
[01:55:44] ERROR: Explicit valence for atom # 2 C, 5, is greater than permitted
[01:55:44] Explicit valence for atom # 1 C, 5, is greater than permitted
[01:55:44] ERROR: Could not sanitize molecule ending on line 668776
[01:55:44] ERROR: Explicit valence for atom # 1 C, 5, is greater than permitted
[01:55:44] Explicit valence for atom # 3 C, 5, is greater than permitted
[01:55:44] ERROR: Could not sanitize molecule ending on line 687259
[01:55:44] ERROR: Explicit valence for atom # 3 C, 5, is greater than permitted
[01:55:44] Explicit valence for atom # 3 C, 5, is greater than permitted
[01:55:44] ERROR: Could not sanitize molecule ending on line 687441
[01:55:44] ERROR: Explicit valence for atom # 3 C, 5, is greater than permitted
[01:55:44] Explicit valence for atom # 3 C, 5, is greater than permitted
[01:55:44] ERROR: Could not sanitize molecule ending on line 687526
[01:55:44] ERROR: Explicit valence for atom # 3 C, 5, is greater than permitted
[01:55:44] Explicit valence for atom # 2 C, 5, is greater than permitted
[01:55:44] ERROR: Could not sanitize molecule ending on line 688381
[01:55:44] ERROR: Explicit valence for atom # 2 C, 5, is greater than permitted
[01:55:44] Explicit valence for atom # 1 C, 5, is greater than permitted
[01:55:44] ERROR: Could not sanitize molecule ending on line 688614
[01:55:44] ERROR: Explicit valence for atom # 1 C, 5, is greater than permitted
[01:55:44] Explicit valence for atom # 2 C, 5, is greater than permitted
[01:55:44] ERROR: Could not sanitize molecule ending on line 688913
[01:55:44] ERROR: Explicit valence for atom # 2 C, 5, is greater than permitted
[01:55:44] Explicit valence for atom # 2 C, 5, is greater than permitted
[01:55:44] ERROR: Could not sanitize molecule ending on line 688954
[01:55:44] ERROR: Explicit valence for atom # 2 C, 5, is greater than permitted
[01:55:44] Explicit valence for atom # 4 C, 5, is greater than permitted
[01:55:44] ERROR: Could not sanitize molecule ending on line 689116
[01:55:44] ERROR: Explicit valence for atom # 4 C, 5, is greater than permitted
[01:55:44] Explicit valence for atom # 4 C, 5, is greater than permitted
[01:55:44] ERROR: Could not sanitize molecule ending on line 689291
[01:55:44] ERROR: Explicit valence for atom # 4 C, 5, is greater than permitted
[01:55:44] Explicit valence for atom # 4 C, 5, is greater than permitted
[01:55:44] ERROR: Could not sanitize molecule ending on line 689373
[01:55:44] ERROR: Explicit valence for atom # 4 C, 5, is greater than permitted
[01:55:44] Explicit valence for atom # 4 C, 5, is greater than permitted
[01:55:44] ERROR: Could not sanitize molecule ending on line 689492
[01:55:44] ERROR: Explicit valence for atom # 4 C, 5, is greater than permitted
[01:55:44] Explicit valence for atom # 4 C, 5, is greater than permitted
[01:55:44] ERROR: Could not sanitize molecule ending on line 690453
[01:55:44] ERROR: Explicit valence for atom # 4 C, 5, is greater than permitted
[01:55:44] Explicit valence for atom # 4 C, 5, is greater than permitted
[01:55:44] ERROR: Could not sanitize molecule ending on line 690574
[01:55:44] ERROR: Explicit valence for atom # 4 C, 5, is greater than permitted
[01:55:44] Explicit valence for atom # 4 C, 5, is greater than permitted
[01:55:44] ERROR: Could not sanitize molecule ending on line 690735
[01:55:44] ERROR: Explicit valence for atom # 4 C, 5, is greater than permitted
[01:55:44] Explicit valence for atom # 4 C, 5, is greater than permitted
[01:55:44] ERROR: Could not sanitize molecule ending on line 690818
[01:55:44] ERROR: Explicit valence for atom # 4 C, 5, is greater than permitted
[01:55:44] Explicit valence for atom # 4 C, 5, is greater than permitted
[01:55:44] ERROR: Could not sanitize molecule ending on line 690981
[01:55:44] ERROR: Explicit valence for atom # 4 C, 5, is greater than permitted
[01:55:44] Explicit valence for atom # 4 C, 5, is greater than permitted
[01:55:44] ERROR: Could not sanitize molecule ending on line 691056
[01:55:44] ERROR: Explicit valence for atom # 4 C, 5, is greater than permitted
[01:55:44] Explicit valence for atom # 4 C, 5, is greater than permitted
[01:55:44] ERROR: Could not sanitize molecule ending on line 691139
[01:55:44] ERROR: Explicit valence for atom # 4 C, 5, is greater than permitted
[01:55:44] Explicit valence for atom # 4 C, 5, is greater than permitted
[01:55:44] ERROR: Could not sanitize molecule ending on line 691280
[01:55:44] ERROR: Explicit valence for atom # 4 C, 5, is greater than permitted
[01:55:44] Explicit valence for atom # 4 C, 5, is greater than permitted
[01:55:44] ERROR: Could not sanitize molecule ending on line 691371
[01:55:44] ERROR: Explicit valence for atom # 4 C, 5, is greater than permitted
[01:55:44] Explicit valence for atom # 4 C, 5, is greater than permitted
[01:55:44] ERROR: Could not sanitize molecule ending on line 691462
[01:55:44] ERROR: Explicit valence for atom # 4 C, 5, is greater than permitted
[01:55:44] Explicit valence for atom # 4 C, 5, is greater than permitted
[01:55:44] ERROR: Could not sanitize molecule ending on line 691599
[01:55:44] ERROR: Explicit valence for atom # 4 C, 5, is greater than permitted
[01:55:44] Explicit valence for atom # 4 C, 5, is greater than permitted
[01:55:44] ERROR: Could not sanitize molecule ending on line 692048
[01:55:44] ERROR: Explicit valence for atom # 4 C, 5, is greater than permitted
[01:55:44] Explicit valence for atom # 4 C, 5, is greater than permitted
[01:55:44] ERROR: Could not sanitize molecule ending on line 692210
[01:55:44] ERROR: Explicit valence for atom # 4 C, 5, is greater than permitted
[01:55:44] Explicit valence for atom # 4 C, 5, is greater than permitted
[01:55:44] ERROR: Could not sanitize molecule ending on line 692464
[01:55:44] ERROR: Explicit valence for atom # 4 C, 5, is greater than permitted
[01:55:44] Explicit valence for atom # 4 C, 5, is greater than permitted
[01:55:44] ERROR: Could not sanitize molecule ending on line 692555
[01:55:44] ERROR: Explicit valence for atom # 4 C, 5, is greater than permitted
[01:55:44] Explicit valence for atom # 4 C, 5, is greater than permitted
[01:55:44] ERROR: Could not sanitize molecule ending on line 693981
[01:55:44] ERROR: Explicit valence for atom # 4 C, 5, is greater than permitted
[01:55:44] Explicit valence for atom # 4 C, 5, is greater than permitted
[01:55:44] ERROR: Could not sanitize molecule ending on line 694066
[01:55:44] ERROR: Explicit valence for atom # 4 C, 5, is greater than permitted
[01:55:44] Explicit valence for atom # 4 C, 5, is greater than permitted
[01:55:44] ERROR: Could not sanitize molecule ending on line 694151
[01:55:44] ERROR: Explicit valence for atom # 4 C, 5, is greater than permitted
[01:55:44] Explicit valence for atom # 4 C, 5, is greater than permitted
[01:55:44] ERROR: Could not sanitize molecule ending on line 694590
[01:55:44] ERROR: Explicit valence for atom # 4 C, 5, is greater than permitted
[01:55:44] Explicit valence for atom # 4 C, 5, is greater than permitted
[01:55:44] ERROR: Could not sanitize molecule ending on line 694633
[01:55:44] ERROR: Explicit valence for atom # 4 C, 5, is greater than permitted
[01:55:44] Explicit valence for atom # 4 C, 5, is greater than permitted
[01:55:44] ERROR: Could not sanitize molecule ending on line 694761
[01:55:44] ERROR: Explicit valence for atom # 4 C, 5, is greater than permitted
[01:55:44] Explicit valence for atom # 4 C, 5, is greater than permitted
[01:55:44] ERROR: Could not sanitize molecule ending on line 694846
[01:55:44] ERROR: Explicit valence for atom # 4 C, 5, is greater than permitted
[01:55:44] Explicit valence for atom # 4 C, 5, is greater than permitted
[01:55:44] ERROR: Could not sanitize molecule ending on line 739075
[01:55:44] ERROR: Explicit valence for atom # 4 C, 5, is greater than permitted
[01:55:44] Explicit valence for atom # 4 C, 5, is greater than permitted
[01:55:44] ERROR: Could not sanitize molecule ending on line 739222
[01:55:44] ERROR: Explicit valence for atom # 4 C, 5, is greater than permitted
[01:55:44] Explicit valence for atom # 4 C, 5, is greater than permitted
[01:55:44] ERROR: Could not sanitize molecule ending on line 739377
[01:55:44] ERROR: Explicit valence for atom # 4 C, 5, is greater than permitted
[01:55:44] Explicit valence for atom # 4 C, 5, is greater than permitted
[01:55:44] ERROR: Could not sanitize molecule ending on line 739486
[01:55:44] ERROR: Explicit valence for atom # 4 C, 5, is greater than permitted
[01:55:44] Explicit valence for atom # 4 C, 5, is greater than permitted
[01:55:44] ERROR: Could not sanitize molecule ending on line 739673
[01:55:44] ERROR: Explicit valence for atom # 4 C, 5, is greater than permitted
[01:55:44] Explicit valence for atom # 4 C, 5, is greater than permitted
[01:55:44] ERROR: Could not sanitize molecule ending on line 739809
[01:55:44] ERROR: Explicit valence for atom # 4 C, 5, is greater than permitted
[01:55:44] Explicit valence for atom # 4 C, 5, is greater than permitted
[01:55:44] ERROR: Could not sanitize molecule ending on line 739937
[01:55:44] ERROR: Explicit valence for atom # 4 C, 5, is greater than permitted
[01:55:44] Explicit valence for atom # 4 C, 5, is greater than permitted
[01:55:44] ERROR: Could not sanitize molecule ending on line 740108
[01:55:44] ERROR: Explicit valence for atom # 4 C, 5, is greater than permitted
[01:55:44] Explicit valence for atom # 4 C, 5, is greater than permitted
[01:55:44] ERROR: Could not sanitize molecule ending on line 740232
[01:55:44] ERROR: Explicit valence for atom # 4 C, 5, is greater than permitted
[01:55:44] Explicit valence for atom # 1 C, 5, is greater than permitted
[01:55:44] ERROR: Could not sanitize molecule ending on line 740305
[01:55:44] ERROR: Explicit valence for atom # 1 C, 5, is greater than permitted
[01:55:44] Explicit valence for atom # 3 C, 5, is greater than permitted
[01:55:44] ERROR: Could not sanitize molecule ending on line 740612
[01:55:44] ERROR: Explicit valence for atom # 3 C, 5, is greater than permitted
[01:55:44] Explicit valence for atom # 3 C, 5, is greater than permitted
[01:55:44] ERROR: Could not sanitize molecule ending on line 740653
[01:55:44] ERROR: Explicit valence for atom # 3 C, 5, is greater than permitted
[01:55:44] Explicit valence for atom # 4 C, 5, is greater than permitted
[01:55:44] ERROR: Could not sanitize molecule ending on line 740768
[01:55:44] ERROR: Explicit valence for atom # 4 C, 5, is greater than permitted
[01:55:44] Explicit valence for atom # 4 C, 5, is greater than permitted
[01:55:44] ERROR: Could not sanitize molecule ending on line 741314
[01:55:44] ERROR: Explicit valence for atom # 4 C, 5, is greater than permitted
[01:55:44] Explicit valence for atom # 4 C, 5, is greater than permitted
[01:55:44] ERROR: Could not sanitize molecule ending on line 741430
[01:55:44] ERROR: Explicit valence for atom # 4 C, 5, is greater than permitted
[01:55:44] Explicit valence for atom # 4 C, 5, is greater than permitted
[01:55:44] ERROR: Could not sanitize molecule ending on line 741578
[01:55:44] ERROR: Explicit valence for atom # 4 C, 5, is greater than permitted
[01:55:44] Explicit valence for atom # 4 C, 5, is greater than permitted
[01:55:44] ERROR: Could not sanitize molecule ending on line 741681
[01:55:44] ERROR: Explicit valence for atom # 4 C, 5, is greater than permitted
[01:55:44] Explicit valence for atom # 4 C, 5, is greater than permitted
[01:55:44] ERROR: Could not sanitize molecule ending on line 741809
[01:55:44] ERROR: Explicit valence for atom # 4 C, 5, is greater than permitted
[01:55:44] Explicit valence for atom # 4 C, 5, is greater than permitted
[01:55:44] ERROR: Could not sanitize molecule ending on line 741902
[01:55:44] ERROR: Explicit valence for atom # 4 C, 5, is greater than permitted
[01:55:44] Explicit valence for atom # 4 C, 5, is greater than permitted
[01:55:44] ERROR: Could not sanitize molecule ending on line 741987
[01:55:44] ERROR: Explicit valence for atom # 4 C, 5, is greater than permitted
[01:55:44] Explicit valence for atom # 4 C, 5, is greater than permitted
[01:55:44] ERROR: Could not sanitize molecule ending on line 742031
[01:55:44] ERROR: Explicit valence for atom # 4 C, 5, is greater than permitted
[01:55:44] Explicit valence for atom # 4 C, 5, is greater than permitted
[01:55:44] ERROR: Could not sanitize molecule ending on line 742116
[01:55:44] ERROR: Explicit valence for atom # 4 C, 5, is greater than permitted
[01:55:44] Explicit valence for atom # 4 C, 5, is greater than permitted
[01:55:44] ERROR: Could not sanitize molecule ending on line 793830
[01:55:44] ERROR: Explicit valence for atom # 4 C, 5, is greater than permitted
[01:55:44] Explicit valence for atom # 3 C, 5, is greater than permitted
[01:55:44] ERROR: Could not sanitize molecule ending on line 794001
[01:55:44] ERROR: Explicit valence for atom # 3 C, 5, is greater than permitted
[01:55:44] Explicit valence for atom # 4 C, 5, is greater than permitted
[01:55:44] ERROR: Could not sanitize molecule ending on line 794122
[01:55:44] ERROR: Explicit valence for atom # 4 C, 5, is greater than permitted
[01:55:44] Explicit valence for atom # 4 C, 5, is greater than permitted
[01:55:44] ERROR: Could not sanitize molecule ending on line 794160
[01:55:44] ERROR: Explicit valence for atom # 4 C, 5, is greater than permitted
[01:55:44] Explicit valence for atom # 4 C, 5, is greater than permitted
[01:55:44] ERROR: Could not sanitize molecule ending on line 794457
[01:55:44] ERROR: Explicit valence for atom # 4 C, 5, is greater than permitted
[01:55:44] Explicit valence for atom # 4 C, 5, is greater than permitted
[01:55:44] ERROR: Could not sanitize molecule ending on line 794548
[01:55:44] ERROR: Explicit valence for atom # 4 C, 5, is greater than permitted
[01:55:44] Explicit valence for atom # 4 C, 5, is greater than permitted
[01:55:44] ERROR: Could not sanitize molecule ending on line 794678
[01:55:44] ERROR: Explicit valence for atom # 4 C, 5, is greater than permitted
[01:55:45] Explicit valence for atom # 4 C, 5, is greater than permitted
[01:55:45] ERROR: Could not sanitize molecule ending on line 869058
[01:55:45] ERROR: Explicit valence for atom # 4 C, 5, is greater than permitted
[01:55:45] Explicit valence for atom # 4 C, 5, is greater than permitted
[01:55:45] ERROR: Could not sanitize molecule ending on line 869672
[01:55:45] ERROR: Explicit valence for atom # 4 C, 5, is greater than permitted
[01:55:45] Explicit valence for atom # 5 C, 5, is greater than permitted
[01:55:45] ERROR: Could not sanitize molecule ending on line 909486
[01:55:45] ERROR: Explicit valence for atom # 5 C, 5, is greater than permitted
[01:55:45] Explicit valence for atom # 5 C, 5, is greater than permitted
[01:55:45] ERROR: Could not sanitize molecule ending on line 914589
[01:55:45] ERROR: Explicit valence for atom # 5 C, 5, is greater than permitted
[01:55:45] Explicit valence for atom # 3 C, 5, is greater than permitted
[01:55:45] ERROR: Could not sanitize molecule ending on line 948794
[01:55:45] ERROR: Explicit valence for atom # 3 C, 5, is greater than permitted
[01:55:45] Explicit valence for atom # 3 C, 5, is greater than permitted
[01:55:45] ERROR: Could not sanitize molecule ending on line 948982
[01:55:45] ERROR: Explicit valence for atom # 3 C, 5, is greater than permitted
[01:55:46] Explicit valence for atom # 4 C, 5, is greater than permitted
[01:55:46] ERROR: Could not sanitize molecule ending on line 1291643
[01:55:46] ERROR: Explicit valence for atom # 4 C, 5, is greater than permitted
[01:55:46] Explicit valence for atom # 4 C, 5, is greater than permitted
[01:55:46] ERROR: Could not sanitize molecule ending on line 1291795
[01:55:46] ERROR: Explicit valence for atom # 4 C, 5, is greater than permitted
[01:55:46] Explicit valence for atom # 5 C, 5, is greater than permitted
[01:55:46] ERROR: Could not sanitize molecule ending on line 1292648
[01:55:46] ERROR: Explicit valence for atom # 5 C, 5, is greater than permitted
[01:55:46] Explicit valence for atom # 5 C, 5, is greater than permitted
[01:55:46] ERROR: Could not sanitize molecule ending on line 1292763
[01:55:46] ERROR: Explicit valence for atom # 5 C, 5, is greater than permitted
[01:55:46] Explicit valence for atom # 5 C, 5, is greater than permitted
[01:55:46] ERROR: Could not sanitize molecule ending on line 1297160
[01:55:46] ERROR: Explicit valence for atom # 5 C, 5, is greater than permitted
[01:55:46] Explicit valence for atom # 5 C, 5, is greater than permitted
[01:55:46] ERROR: Could not sanitize molecule ending on line 1297312
[01:55:46] ERROR: Explicit valence for atom # 5 C, 5, is greater than permitted
[01:55:46] Explicit valence for atom # 5 C, 5, is greater than permitted
[01:55:46] ERROR: Could not sanitize molecule ending on line 1297456
[01:55:46] ERROR: Explicit valence for atom # 5 C, 5, is greater than permitted
[01:55:46] Explicit valence for atom # 6 C, 5, is greater than permitted
[01:55:46] ERROR: Could not sanitize molecule ending on line 1307909
[01:55:46] ERROR: Explicit valence for atom # 6 C, 5, is greater than permitted
[01:55:46] Explicit valence for atom # 6 C, 5, is greater than permitted
[01:55:46] ERROR: Could not sanitize molecule ending on line 1308063
[01:55:46] ERROR: Explicit valence for atom # 6 C, 5, is greater than permitted
[01:55:46] Explicit valence for atom # 2 C, 5, is greater than permitted
[01:55:46] ERROR: Could not sanitize molecule ending on line 1308722
[01:55:46] ERROR: Explicit valence for atom # 2 C, 5, is greater than permitted
[01:55:46] Explicit valence for atom # 2 C, 5, is greater than permitted
[01:55:46] ERROR: Could not sanitize molecule ending on line 1308828
[01:55:46] ERROR: Explicit valence for atom # 2 C, 5, is greater than permitted
[01:55:46] Explicit valence for atom # 2 C, 5, is greater than permitted
[01:55:46] ERROR: Could not sanitize molecule ending on line 1309956
[01:55:46] ERROR: Explicit valence for atom # 2 C, 5, is greater than permitted
[01:55:46] Explicit valence for atom # 2 C, 5, is greater than permitted
[01:55:46] ERROR: Could not sanitize molecule ending on line 1310366
[01:55:46] ERROR: Explicit valence for atom # 2 C, 5, is greater than permitted
[01:55:46] Explicit valence for atom # 2 C, 5, is greater than permitted
[01:55:46] ERROR: Could not sanitize molecule ending on line 1310405
[01:55:46] ERROR: Explicit valence for atom # 2 C, 5, is greater than permitted
[01:55:47] Explicit valence for atom # 2 C, 5, is greater than permitted
[01:55:47] ERROR: Could not sanitize molecule ending on line 1325697
[01:55:47] ERROR: Explicit valence for atom # 2 C, 5, is greater than permitted
[01:55:47] Explicit valence for atom # 2 C, 5, is greater than permitted
[01:55:47] ERROR: Could not sanitize molecule ending on line 1325851
[01:55:47] ERROR: Explicit valence for atom # 2 C, 5, is greater than permitted
[01:55:47] Explicit valence for atom # 2 C, 5, is greater than permitted
[01:55:47] ERROR: Could not sanitize molecule ending on line 1326112
[01:55:47] ERROR: Explicit valence for atom # 2 C, 5, is greater than permitted
[01:55:47] Explicit valence for atom # 2 C, 5, is greater than permitted
[01:55:47] ERROR: Could not sanitize molecule ending on line 1326481
[01:55:47] ERROR: Explicit valence for atom # 2 C, 5, is greater than permitted
[01:55:47] Explicit valence for atom # 2 C, 5, is greater than permitted
[01:55:47] ERROR: Could not sanitize molecule ending on line 1326520
[01:55:47] ERROR: Explicit valence for atom # 2 C, 5, is greater than permitted
[01:55:47] Explicit valence for atom # 2 C, 5, is greater than permitted
[01:55:47] ERROR: Could not sanitize molecule ending on line 1326557
[01:55:47] ERROR: Explicit valence for atom # 2 C, 5, is greater than permitted
[01:55:47] Explicit valence for atom # 6 C, 5, is greater than permitted
[01:55:47] ERROR: Could not sanitize molecule ending on line 1337713
[01:55:47] ERROR: Explicit valence for atom # 6 C, 5, is greater than permitted
[01:55:47] Explicit valence for atom # 6 C, 5, is greater than permitted
[01:55:47] ERROR: Could not sanitize molecule ending on line 1337879
[01:55:47] ERROR: Explicit valence for atom # 6 C, 5, is greater than permitted
[01:55:47] Explicit valence for atom # 6 C, 5, is greater than permitted
[01:55:47] ERROR: Could not sanitize molecule ending on line 1338000
[01:55:47] ERROR: Explicit valence for atom # 6 C, 5, is greater than permitted
[01:55:47] Explicit valence for atom # 6 C, 5, is greater than permitted
[01:55:47] ERROR: Could not sanitize molecule ending on line 1338170
[01:55:47] ERROR: Explicit valence for atom # 6 C, 5, is greater than permitted
[01:55:47] Explicit valence for atom # 6 C, 5, is greater than permitted
[01:55:47] ERROR: Could not sanitize molecule ending on line 1338292
[01:55:47] ERROR: Explicit valence for atom # 6 C, 5, is greater than permitted
[01:55:47] Explicit valence for atom # 6 C, 5, is greater than permitted
[01:55:47] ERROR: Could not sanitize molecule ending on line 1338407
[01:55:47] ERROR: Explicit valence for atom # 6 C, 5, is greater than permitted
[01:55:47] Explicit valence for atom # 6 C, 5, is greater than permitted
[01:55:47] ERROR: Could not sanitize molecule ending on line 1338528
[01:55:47] ERROR: Explicit valence for atom # 6 C, 5, is greater than permitted
[01:55:47] Explicit valence for atom # 6 C, 5, is greater than permitted
[01:55:47] ERROR: Could not sanitize molecule ending on line 1338643
[01:55:47] ERROR: Explicit valence for atom # 6 C, 5, is greater than permitted
[01:55:47] Explicit valence for atom # 5 C, 5, is greater than permitted
[01:55:47] ERROR: Could not sanitize molecule ending on line 1341252
[01:55:47] ERROR: Explicit valence for atom # 5 C, 5, is greater than permitted
[01:55:47] Explicit valence for atom # 5 C, 5, is greater than permitted
[01:55:47] ERROR: Could not sanitize molecule ending on line 1341368
[01:55:47] ERROR: Explicit valence for atom # 5 C, 5, is greater than permitted
[01:55:47] Explicit valence for atom # 2 C, 5, is greater than permitted
[01:55:47] ERROR: Could not sanitize molecule ending on line 1352138
[01:55:47] ERROR: Explicit valence for atom # 2 C, 5, is greater than permitted
[01:55:47] Explicit valence for atom # 3 C, 5, is greater than permitted
[01:55:47] ERROR: Could not sanitize molecule ending on line 1352331
[01:55:47] ERROR: Explicit valence for atom # 3 C, 5, is greater than permitted
[01:55:47] Explicit valence for atom # 3 C, 5, is greater than permitted
[01:55:47] ERROR: Could not sanitize molecule ending on line 1352367
[01:55:47] ERROR: Explicit valence for atom # 3 C, 5, is greater than permitted
[01:55:47] Explicit valence for atom # 3 C, 5, is greater than permitted
[01:55:47] ERROR: Could not sanitize molecule ending on line 1352551
[01:55:47] ERROR: Explicit valence for atom # 3 C, 5, is greater than permitted
[01:55:47] Explicit valence for atom # 3 C, 5, is greater than permitted
[01:55:47] ERROR: Could not sanitize molecule ending on line 1353584
[01:55:47] ERROR: Explicit valence for atom # 3 C, 5, is greater than permitted
[01:55:47] Explicit valence for atom # 3 C, 5, is greater than permitted
[01:55:47] ERROR: Could not sanitize molecule ending on line 1353625
[01:55:47] ERROR: Explicit valence for atom # 3 C, 5, is greater than permitted
[01:55:47] Explicit valence for atom # 3 C, 5, is greater than permitted
[01:55:47] ERROR: Could not sanitize molecule ending on line 1353993
[01:55:47] ERROR: Explicit valence for atom # 3 C, 5, is greater than permitted
[01:55:47] Explicit valence for atom # 3 C, 5, is greater than permitted
[01:55:47] ERROR: Could not sanitize molecule ending on line 1354300
[01:55:47] ERROR: Explicit valence for atom # 3 C, 5, is greater than permitted
[01:55:47] Explicit valence for atom # 3 C, 5, is greater than permitted
[01:55:47] ERROR: Could not sanitize molecule ending on line 1354336
[01:55:47] ERROR: Explicit valence for atom # 3 C, 5, is greater than permitted
[01:55:47] Explicit valence for atom # 3 C, 5, is greater than permitted
[01:55:47] ERROR: Could not sanitize molecule ending on line 1354478
[01:55:47] ERROR: Explicit valence for atom # 3 C, 5, is greater than permitted
[01:55:47] Explicit valence for atom # 5 C, 5, is greater than permitted
[01:55:47] ERROR: Could not sanitize molecule ending on line 1367719
[01:55:47] ERROR: Explicit valence for atom # 5 C, 5, is greater than permitted
[01:55:47] Explicit valence for atom # 5 C, 5, is greater than permitted
[01:55:47] ERROR: Could not sanitize molecule ending on line 1368013
[01:55:47] ERROR: Explicit valence for atom # 5 C, 5, is greater than permitted
[01:55:47] Explicit valence for atom # 4 C, 5, is greater than permitted
[01:55:47] ERROR: Could not sanitize molecule ending on line 1374926
[01:55:47] ERROR: Explicit valence for atom # 4 C, 5, is greater than permitted
[01:55:47] Explicit valence for atom # 4 C, 5, is greater than permitted
[01:55:47] ERROR: Could not sanitize molecule ending on line 1375225
[01:55:47] ERROR: Explicit valence for atom # 4 C, 5, is greater than permitted
[01:55:47] Explicit valence for atom # 5 C, 5, is greater than permitted
[01:55:47] ERROR: Could not sanitize molecule ending on line 1376632
[01:55:47] ERROR: Explicit valence for atom # 5 C, 5, is greater than permitted
[01:55:47] Explicit valence for atom # 5 C, 5, is greater than permitted
[01:55:47] ERROR: Could not sanitize molecule ending on line 1376713
[01:55:47] ERROR: Explicit valence for atom # 5 C, 5, is greater than permitted
[01:55:47] Explicit valence for atom # 5 C, 5, is greater than permitted
[01:55:47] ERROR: Could not sanitize molecule ending on line 1376884
[01:55:47] ERROR: Explicit valence for atom # 5 C, 5, is greater than permitted
[01:55:47] Explicit valence for atom # 5 C, 5, is greater than permitted
[01:55:47] ERROR: Could not sanitize molecule ending on line 1377048
[01:55:47] ERROR: Explicit valence for atom # 5 C, 5, is greater than permitted
[01:55:47] Explicit valence for atom # 5 C, 5, is greater than permitted
[01:55:47] ERROR: Could not sanitize molecule ending on line 1377163
[01:55:47] ERROR: Explicit valence for atom # 5 C, 5, is greater than permitted
[01:55:47] Explicit valence for atom # 6 C, 5, is greater than permitted
[01:55:47] ERROR: Could not sanitize molecule ending on line 1409156
[01:55:47] ERROR: Explicit valence for atom # 6 C, 5, is greater than permitted
[01:55:47] Explicit valence for atom # 6 C, 5, is greater than permitted
[01:55:47] ERROR: Could not sanitize molecule ending on line 1409284
[01:55:47] ERROR: Explicit valence for atom # 6 C, 5, is greater than permitted
[01:55:47] Explicit valence for atom # 3 C, 5, is greater than permitted
[01:55:47] ERROR: Could not sanitize molecule ending on line 1409327
[01:55:47] ERROR: Explicit valence for atom # 3 C, 5, is greater than permitted
[01:55:47] Explicit valence for atom # 3 C, 5, is greater than permitted
[01:55:47] ERROR: Could not sanitize molecule ending on line 1409368
[01:55:47] ERROR: Explicit valence for atom # 3 C, 5, is greater than permitted
[01:55:47] Explicit valence for atom # 6 C, 5, is greater than permitted
[01:55:47] ERROR: Could not sanitize molecule ending on line 1409534
[01:55:47] ERROR: Explicit valence for atom # 6 C, 5, is greater than permitted
[01:55:47] Explicit valence for atom # 6 C, 5, is greater than permitted
[01:55:47] ERROR: Could not sanitize molecule ending on line 1409698
[01:55:47] ERROR: Explicit valence for atom # 6 C, 5, is greater than permitted
[01:55:47] Explicit valence for atom # 3 C, 5, is greater than permitted
[01:55:47] ERROR: Could not sanitize molecule ending on line 1409739
[01:55:47] ERROR: Explicit valence for atom # 3 C, 5, is greater than permitted
[01:55:47] Explicit valence for atom # 3 C, 5, is greater than permitted
[01:55:47] ERROR: Could not sanitize molecule ending on line 1409778
[01:55:47] ERROR: Explicit valence for atom # 3 C, 5, is greater than permitted
[01:55:47] Explicit valence for atom # 5 C, 5, is greater than permitted
[01:55:47] ERROR: Could not sanitize molecule ending on line 1412951
[01:55:47] ERROR: Explicit valence for atom # 5 C, 5, is greater than permitted
[01:55:47] Explicit valence for atom # 5 C, 5, is greater than permitted
[01:55:47] ERROR: Could not sanitize molecule ending on line 1413081
[01:55:47] ERROR: Explicit valence for atom # 5 C, 5, is greater than permitted
[01:55:47] Explicit valence for atom # 5 C, 5, is greater than permitted
[01:55:47] ERROR: Could not sanitize molecule ending on line 1413252
[01:55:47] ERROR: Explicit valence for atom # 5 C, 5, is greater than permitted
[01:55:47] Explicit valence for atom # 5 C, 5, is greater than permitted
[01:55:47] ERROR: Could not sanitize molecule ending on line 1413376
[01:55:47] ERROR: Explicit valence for atom # 5 C, 5, is greater than permitted
[01:55:47] Explicit valence for atom # 4 C, 5, is greater than permitted
[01:55:47] ERROR: Could not sanitize molecule ending on line 1427502
[01:55:47] ERROR: Explicit valence for atom # 4 C, 5, is greater than permitted
[01:55:47] Explicit valence for atom # 4 C, 5, is greater than permitted
[01:55:47] ERROR: Could not sanitize molecule ending on line 1427776
[01:55:47] ERROR: Explicit valence for atom # 4 C, 5, is greater than permitted
[01:55:47] Explicit valence for atom # 5 C, 5, is greater than permitted
[01:55:47] ERROR: Could not sanitize molecule ending on line 1429343
[01:55:47] ERROR: Explicit valence for atom # 5 C, 5, is greater than permitted
[01:55:47] Explicit valence for atom # 5 C, 5, is greater than permitted
[01:55:47] ERROR: Could not sanitize molecule ending on line 1429387
[01:55:47] ERROR: Explicit valence for atom # 5 C, 5, is greater than permitted
[01:55:47] Explicit valence for atom # 5 C, 5, is greater than permitted
[01:55:47] ERROR: Could not sanitize molecule ending on line 1429474
[01:55:47] ERROR: Explicit valence for atom # 5 C, 5, is greater than permitted
[01:55:47] Explicit valence for atom # 5 C, 5, is greater than permitted
[01:55:47] ERROR: Could not sanitize molecule ending on line 1429565
[01:55:47] ERROR: Explicit valence for atom # 5 C, 5, is greater than permitted
[01:55:47] Explicit valence for atom # 5 C, 5, is greater than permitted
[01:55:47] ERROR: Could not sanitize molecule ending on line 1429744
[01:55:47] ERROR: Explicit valence for atom # 5 C, 5, is greater than permitted
[01:55:47] Explicit valence for atom # 5 C, 5, is greater than permitted
[01:55:47] ERROR: Could not sanitize molecule ending on line 1429827
[01:55:47] ERROR: Explicit valence for atom # 5 C, 5, is greater than permitted
[01:55:47] Explicit valence for atom # 4 C, 5, is greater than permitted
[01:55:47] ERROR: Could not sanitize molecule ending on line 1437943
[01:55:47] ERROR: Explicit valence for atom # 4 C, 5, is greater than permitted
[01:55:47] Explicit valence for atom # 4 C, 5, is greater than permitted
[01:55:47] ERROR: Could not sanitize molecule ending on line 1438093
[01:55:47] ERROR: Explicit valence for atom # 4 C, 5, is greater than permitted
[01:55:47] Explicit valence for atom # 4 C, 5, is greater than permitted
[01:55:47] ERROR: Could not sanitize molecule ending on line 1438245
[01:55:47] ERROR: Explicit valence for atom # 4 C, 5, is greater than permitted
[01:55:47] Explicit valence for atom # 2 C, 5, is greater than permitted
[01:55:47] ERROR: Could not sanitize molecule ending on line 1439901
[01:55:47] ERROR: Explicit valence for atom # 2 C, 5, is greater than permitted
[01:55:47] Explicit valence for atom # 5 C, 5, is greater than permitted
[01:55:47] ERROR: Could not sanitize molecule ending on line 1440057
[01:55:47] ERROR: Explicit valence for atom # 5 C, 5, is greater than permitted
[01:55:47] Explicit valence for atom # 5 C, 5, is greater than permitted
[01:55:47] ERROR: Could not sanitize molecule ending on line 1440154
[01:55:47] ERROR: Explicit valence for atom # 5 C, 5, is greater than permitted
[01:55:47] Explicit valence for atom # 5 C, 5, is greater than permitted
[01:55:47] ERROR: Could not sanitize molecule ending on line 1440300
[01:55:47] ERROR: Explicit valence for atom # 5 C, 5, is greater than permitted
[01:55:47] Explicit valence for atom # 3 C, 5, is greater than permitted
[01:55:47] ERROR: Could not sanitize molecule ending on line 1452755
[01:55:47] ERROR: Explicit valence for atom # 3 C, 5, is greater than permitted
[01:55:47] Explicit valence for atom # 3 C, 5, is greater than permitted
[01:55:47] ERROR: Could not sanitize molecule ending on line 1452799
[01:55:47] ERROR: Explicit valence for atom # 3 C, 5, is greater than permitted
[01:55:47] Explicit valence for atom # 5 C, 5, is greater than permitted
[01:55:47] ERROR: Could not sanitize molecule ending on line 1453160
[01:55:47] ERROR: Explicit valence for atom # 5 C, 5, is greater than permitted
[01:55:47] Explicit valence for atom # 3 C, 5, is greater than permitted
[01:55:47] ERROR: Could not sanitize molecule ending on line 1453336
[01:55:47] ERROR: Explicit valence for atom # 3 C, 5, is greater than permitted
[01:55:47] Explicit valence for atom # 3 C, 5, is greater than permitted
[01:55:47] ERROR: Could not sanitize molecule ending on line 1453377
[01:55:47] ERROR: Explicit valence for atom # 3 C, 5, is greater than permitted
[01:55:47] Explicit valence for atom # 4 C, 5, is greater than permitted
[01:55:47] ERROR: Could not sanitize molecule ending on line 1468445
[01:55:47] ERROR: Explicit valence for atom # 4 C, 5, is greater than permitted
[01:55:47] Explicit valence for atom # 4 C, 5, is greater than permitted
[01:55:47] ERROR: Could not sanitize molecule ending on line 1468624
[01:55:47] ERROR: Explicit valence for atom # 4 C, 5, is greater than permitted
[01:55:47] Explicit valence for atom # 6 C, 5, is greater than permitted
[01:55:47] ERROR: Could not sanitize molecule ending on line 1470389
[01:55:47] ERROR: Explicit valence for atom # 6 C, 5, is greater than permitted
[01:55:47] Explicit valence for atom # 6 C, 5, is greater than permitted
[01:55:47] ERROR: Could not sanitize molecule ending on line 1470556
[01:55:47] ERROR: Explicit valence for atom # 6 C, 5, is greater than permitted
[01:55:47] Explicit valence for atom # 1 C, 5, is greater than permitted
[01:55:47] ERROR: Could not sanitize molecule ending on line 1470595
[01:55:47] ERROR: Explicit valence for atom # 1 C, 5, is greater than permitted
[01:55:47] Explicit valence for atom # 5 C, 5, is greater than permitted
[01:55:47] ERROR: Could not sanitize molecule ending on line 1470820
[01:55:47] ERROR: Explicit valence for atom # 5 C, 5, is greater than permitted
[01:55:47] Explicit valence for atom # 5 C, 5, is greater than permitted
[01:55:47] ERROR: Could not sanitize molecule ending on line 1470903
[01:55:47] ERROR: Explicit valence for atom # 5 C, 5, is greater than permitted
[01:55:47] Explicit valence for atom # 5 C, 5, is greater than permitted
[01:55:47] ERROR: Could not sanitize molecule ending on line 1470984
[01:55:47] ERROR: Explicit valence for atom # 5 C, 5, is greater than permitted
[01:55:47] Explicit valence for atom # 1 C, 5, is greater than permitted
[01:55:47] ERROR: Could not sanitize molecule ending on line 1471023
[01:55:47] ERROR: Explicit valence for atom # 1 C, 5, is greater than permitted
[01:55:47] Explicit valence for atom # 3 C, 5, is greater than permitted
[01:55:47] ERROR: Could not sanitize molecule ending on line 1471203
[01:55:47] ERROR: Explicit valence for atom # 3 C, 5, is greater than permitted
[01:55:47] Explicit valence for atom # 3 C, 5, is greater than permitted
[01:55:47] ERROR: Could not sanitize molecule ending on line 1471284
[01:55:47] ERROR: Explicit valence for atom # 3 C, 5, is greater than permitted
[01:55:47] Explicit valence for atom # 3 C, 5, is greater than permitted
[01:55:47] ERROR: Could not sanitize molecule ending on line 1471847
[01:55:47] ERROR: Explicit valence for atom # 3 C, 5, is greater than permitted
[01:55:47] Explicit valence for atom # 4 C, 5, is greater than permitted
[01:55:47] ERROR: Could not sanitize molecule ending on line 1471895
[01:55:47] ERROR: Explicit valence for atom # 4 C, 5, is greater than permitted
[01:55:47] Explicit valence for atom # 4 C, 5, is greater than permitted
[01:55:47] ERROR: Could not sanitize molecule ending on line 1471939
[01:55:47] ERROR: Explicit valence for atom # 4 C, 5, is greater than permitted
[01:55:47] Explicit valence for atom # 4 C, 5, is greater than permitted
[01:55:47] ERROR: Could not sanitize molecule ending on line 1472034
[01:55:47] ERROR: Explicit valence for atom # 4 C, 5, is greater than permitted
[01:55:47] Explicit valence for atom # 4 C, 5, is greater than permitted
[01:55:47] ERROR: Could not sanitize molecule ending on line 1472115
[01:55:47] ERROR: Explicit valence for atom # 4 C, 5, is greater than permitted
[01:55:47] Explicit valence for atom # 6 C, 5, is greater than permitted
[01:55:47] ERROR: Could not sanitize molecule ending on line 1472159
[01:55:47] ERROR: Explicit valence for atom # 6 C, 5, is greater than permitted
[01:55:47] Explicit valence for atom # 5 C, 5, is greater than permitted
[01:55:47] ERROR: Could not sanitize molecule ending on line 1477631
[01:55:47] ERROR: Explicit valence for atom # 5 C, 5, is greater than permitted
[01:55:47] Explicit valence for atom # 5 C, 5, is greater than permitted
[01:55:47] ERROR: Could not sanitize molecule ending on line 1477757
[01:55:47] ERROR: Explicit valence for atom # 5 C, 5, is greater than permitted
[01:55:47] Explicit valence for atom # 3 C, 5, is greater than permitted
[01:55:47] ERROR: Could not sanitize molecule ending on line 1478437
[01:55:47] ERROR: Explicit valence for atom # 3 C, 5, is greater than permitted
[01:55:47] Explicit valence for atom # 3 C, 5, is greater than permitted
[01:55:47] ERROR: Could not sanitize molecule ending on line 1478480
[01:55:47] ERROR: Explicit valence for atom # 3 C, 5, is greater than permitted
[01:55:47] Explicit valence for atom # 2 C, 5, is greater than permitted
[01:55:47] ERROR: Could not sanitize molecule ending on line 1479601
[01:55:47] ERROR: Explicit valence for atom # 2 C, 5, is greater than permitted
[01:55:47] Explicit valence for atom # 4 C, 5, is greater than permitted
[01:55:47] ERROR: Could not sanitize molecule ending on line 1479649
[01:55:47] ERROR: Explicit valence for atom # 4 C, 5, is greater than permitted
[01:55:47] Explicit valence for atom # 4 C, 5, is greater than permitted
[01:55:47] ERROR: Could not sanitize molecule ending on line 1479744
[01:55:47] ERROR: Explicit valence for atom # 4 C, 5, is greater than permitted
[01:55:47] Explicit valence for atom # 3 C, 5, is greater than permitted
[01:55:47] ERROR: Could not sanitize molecule ending on line 1480018
[01:55:47] ERROR: Explicit valence for atom # 3 C, 5, is greater than permitted
[01:55:47] Explicit valence for atom # 1 C, 5, is greater than permitted
[01:55:47] ERROR: Could not sanitize molecule ending on line 1481172
[01:55:47] ERROR: Explicit valence for atom # 1 C, 5, is greater than permitted
[01:55:47] Explicit valence for atom # 2 C, 5, is greater than permitted
[01:55:47] ERROR: Could not sanitize molecule ending on line 1482870
[01:55:47] ERROR: Explicit valence for atom # 2 C, 5, is greater than permitted
[01:55:47] Explicit valence for atom # 2 C, 5, is greater than permitted
[01:55:47] ERROR: Could not sanitize molecule ending on line 1482914
[01:55:47] ERROR: Explicit valence for atom # 2 C, 5, is greater than permitted
[01:55:47] Explicit valence for atom # 6 C, 5, is greater than permitted
[01:55:47] ERROR: Could not sanitize molecule ending on line 1483091
[01:55:47] ERROR: Explicit valence for atom # 6 C, 5, is greater than permitted
[01:55:47] Explicit valence for atom # 3 C, 5, is greater than permitted
[01:55:47] ERROR: Could not sanitize molecule ending on line 1483133
[01:55:47] ERROR: Explicit valence for atom # 3 C, 5, is greater than permitted
[01:55:47] Explicit valence for atom # 2 C, 5, is greater than permitted
[01:55:47] ERROR: Could not sanitize molecule ending on line 1483408
[01:55:47] ERROR: Explicit valence for atom # 2 C, 5, is greater than permitted
[01:55:47] Explicit valence for atom # 2 C, 5, is greater than permitted
[01:55:47] ERROR: Could not sanitize molecule ending on line 1483452
[01:55:47] ERROR: Explicit valence for atom # 2 C, 5, is greater than permitted
[01:55:47] Explicit valence for atom # 2 C, 5, is greater than permitted
[01:55:47] ERROR: Could not sanitize molecule ending on line 1483496
[01:55:47] ERROR: Explicit valence for atom # 2 C, 5, is greater than permitted
[01:55:47] Explicit valence for atom # 5 C, 5, is greater than permitted
[01:55:47] ERROR: Could not sanitize molecule ending on line 1483731
[01:55:47] ERROR: Explicit valence for atom # 5 C, 5, is greater than permitted
[01:55:47] Explicit valence for atom # 3 C, 5, is greater than permitted
[01:55:47] ERROR: Could not sanitize molecule ending on line 1483859
[01:55:47] ERROR: Explicit valence for atom # 3 C, 5, is greater than permitted
[01:55:47] Explicit valence for atom # 5 C, 5, is greater than permitted
[01:55:47] ERROR: Could not sanitize molecule ending on line 1484079
[01:55:47] ERROR: Explicit valence for atom # 5 C, 5, is greater than permitted
[01:55:47] Explicit valence for atom # 2 C, 5, is greater than permitted
[01:55:47] ERROR: Could not sanitize molecule ending on line 1485305
[01:55:47] ERROR: Explicit valence for atom # 2 C, 5, is greater than permitted
[01:55:47] Explicit valence for atom # 1 C, 5, is greater than permitted
[01:55:47] ERROR: Could not sanitize molecule ending on line 1485475
[01:55:47] ERROR: Explicit valence for atom # 1 C, 5, is greater than permitted
[01:55:47] Explicit valence for atom # 2 C, 5, is greater than permitted
[01:55:47] ERROR: Could not sanitize molecule ending on line 1486482
[01:55:47] ERROR: Explicit valence for atom # 2 C, 5, is greater than permitted
[01:55:47] Explicit valence for atom # 2 C, 5, is greater than permitted
[01:55:47] ERROR: Could not sanitize molecule ending on line 1486529
[01:55:47] ERROR: Explicit valence for atom # 2 C, 5, is greater than permitted
[01:55:47] Explicit valence for atom # 2 C, 5, is greater than permitted
[01:55:47] ERROR: Could not sanitize molecule ending on line 1486573
[01:55:47] ERROR: Explicit valence for atom # 2 C, 5, is greater than permitted
[01:55:47] Explicit valence for atom # 5 C, 5, is greater than permitted
[01:55:47] ERROR: Could not sanitize molecule ending on line 1486759
[01:55:47] ERROR: Explicit valence for atom # 5 C, 5, is greater than permitted
[01:55:47] Explicit valence for atom # 5 C, 5, is greater than permitted
[01:55:47] ERROR: Could not sanitize molecule ending on line 1486840
[01:55:47] ERROR: Explicit valence for atom # 5 C, 5, is greater than permitted
[01:55:47] Explicit valence for atom # 5 C, 5, is greater than permitted
[01:55:47] ERROR: Could not sanitize molecule ending on line 1487609
[01:55:47] ERROR: Explicit valence for atom # 5 C, 5, is greater than permitted
[01:55:47] Explicit valence for atom # 3 C, 5, is greater than permitted
[01:55:47] ERROR: Could not sanitize molecule ending on line 1488853
[01:55:47] ERROR: Explicit valence for atom # 3 C, 5, is greater than permitted
[01:55:47] Explicit valence for atom # 3 C, 5, is greater than permitted
[01:55:47] ERROR: Could not sanitize molecule ending on line 1488896
[01:55:47] ERROR: Explicit valence for atom # 3 C, 5, is greater than permitted
[01:55:47] Explicit valence for atom # 5 C, 5, is greater than permitted
[01:55:47] ERROR: Could not sanitize molecule ending on line 1488979
[01:55:47] ERROR: Explicit valence for atom # 5 C, 5, is greater than permitted
[01:55:47] Explicit valence for atom # 3 C, 5, is greater than permitted
[01:55:47] ERROR: Could not sanitize molecule ending on line 1490690
[01:55:47] ERROR: Explicit valence for atom # 3 C, 5, is greater than permitted
[01:55:47] Explicit valence for atom # 4 C, 5, is greater than permitted
[01:55:47] ERROR: Could not sanitize molecule ending on line 1490741
[01:55:47] ERROR: Explicit valence for atom # 4 C, 5, is greater than permitted
[01:55:47] Explicit valence for atom # 2 C, 5, is greater than permitted
[01:55:47] ERROR: Could not sanitize molecule ending on line 1499829
[01:55:47] ERROR: Explicit valence for atom # 2 C, 5, is greater than permitted
[01:55:47] Explicit valence for atom # 3 C, 5, is greater than permitted
[01:55:47] ERROR: Could not sanitize molecule ending on line 1500064
[01:55:47] ERROR: Explicit valence for atom # 3 C, 5, is greater than permitted
[01:55:47] Explicit valence for atom # 1 C, 5, is greater than permitted
[01:55:47] ERROR: Could not sanitize molecule ending on line 1500742
[01:55:47] ERROR: Explicit valence for atom # 1 C, 5, is greater than permitted
[01:55:47] Explicit valence for atom # 1 C, 5, is greater than permitted
[01:55:47] ERROR: Could not sanitize molecule ending on line 1500785
[01:55:47] ERROR: Explicit valence for atom # 1 C, 5, is greater than permitted
[01:55:47] Explicit valence for atom # 1 C, 5, is greater than permitted
[01:55:47] ERROR: Could not sanitize molecule ending on line 1501285
[01:55:47] ERROR: Explicit valence for atom # 1 C, 5, is greater than permitted
[01:55:47] Explicit valence for atom # 1 C, 5, is greater than permitted
[01:55:47] ERROR: Could not sanitize molecule ending on line 1501326
[01:55:47] ERROR: Explicit valence for atom # 1 C, 5, is greater than permitted
[01:55:47] Explicit valence for atom # 1 C, 5, is greater than permitted
[01:55:47] ERROR: Could not sanitize molecule ending on line 1502169
[01:55:47] ERROR: Explicit valence for atom # 1 C, 5, is greater than permitted
[01:55:47] Explicit valence for atom # 1 C, 5, is greater than permitted
[01:55:47] ERROR: Could not sanitize molecule ending on line 1502211
[01:55:47] ERROR: Explicit valence for atom # 1 C, 5, is greater than permitted
[01:55:47] Explicit valence for atom # 1 C, 5, is greater than permitted
[01:55:47] ERROR: Could not sanitize molecule ending on line 1503417
[01:55:47] ERROR: Explicit valence for atom # 1 C, 5, is greater than permitted
[01:55:47] Explicit valence for atom # 1 C, 5, is greater than permitted
[01:55:47] ERROR: Could not sanitize molecule ending on line 1503464
[01:55:47] ERROR: Explicit valence for atom # 1 C, 5, is greater than permitted
[01:55:47] Explicit valence for atom # 1 C, 5, is greater than permitted
[01:55:47] ERROR: Could not sanitize molecule ending on line 1503511
[01:55:47] ERROR: Explicit valence for atom # 1 C, 5, is greater than permitted
[01:55:47] Explicit valence for atom # 1 C, 5, is greater than permitted
[01:55:47] ERROR: Could not sanitize molecule ending on line 1503558
[01:55:47] ERROR: Explicit valence for atom # 1 C, 5, is greater than permitted
[01:55:47] Explicit valence for atom # 1 C, 5, is greater than permitted
[01:55:47] ERROR: Could not sanitize molecule ending on line 1503601
[01:55:47] ERROR: Explicit valence for atom # 1 C, 5, is greater than permitted
[01:55:47] Explicit valence for atom # 4 C, 5, is greater than permitted
[01:55:47] ERROR: Could not sanitize molecule ending on line 1503843
[01:55:47] ERROR: Explicit valence for atom # 4 C, 5, is greater than permitted
[01:55:47] Explicit valence for atom # 5 C, 5, is greater than permitted
[01:55:47] ERROR: Could not sanitize molecule ending on line 1503890
[01:55:47] ERROR: Explicit valence for atom # 5 C, 5, is greater than permitted
[01:55:47] Explicit valence for atom # 4 C, 5, is greater than permitted
[01:55:47] ERROR: Could not sanitize molecule ending on line 1503981
[01:55:47] ERROR: Explicit valence for atom # 4 C, 5, is greater than permitted
[01:55:47] Explicit valence for atom # 5 C, 5, is greater than permitted
[01:55:47] ERROR: Could not sanitize molecule ending on line 1504494
[01:55:47] ERROR: Explicit valence for atom # 5 C, 5, is greater than permitted
[01:55:47] Explicit valence for atom # 5 C, 5, is greater than permitted
[01:55:47] ERROR: Could not sanitize molecule ending on line 1504631
[01:55:47] ERROR: Explicit valence for atom # 5 C, 5, is greater than permitted
[01:55:47] Explicit valence for atom # 5 C, 5, is greater than permitted
[01:55:47] ERROR: Could not sanitize molecule ending on line 1506064
[01:55:47] ERROR: Explicit valence for atom # 5 C, 5, is greater than permitted
[01:55:47] Explicit valence for atom # 1 C, 5, is greater than permitted
[01:55:47] ERROR: Could not sanitize molecule ending on line 1506109
[01:55:47] ERROR: Explicit valence for atom # 1 C, 5, is greater than permitted
[01:55:47] Explicit valence for atom # 1 C, 5, is greater than permitted
[01:55:47] ERROR: Could not sanitize molecule ending on line 1506156
[01:55:47] ERROR: Explicit valence for atom # 1 C, 5, is greater than permitted
[01:55:47] Explicit valence for atom # 1 C, 5, is greater than permitted
[01:55:47] ERROR: Could not sanitize molecule ending on line 1506341
[01:55:47] ERROR: Explicit valence for atom # 1 C, 5, is greater than permitted
[01:55:47] Explicit valence for atom # 1 C, 5, is greater than permitted
[01:55:47] ERROR: Could not sanitize molecule ending on line 1506383
[01:55:47] ERROR: Explicit valence for atom # 1 C, 5, is greater than permitted
[01:55:47] Explicit valence for atom # 1 C, 5, is greater than permitted
[01:55:47] ERROR: Could not sanitize molecule ending on line 1506614
[01:55:47] ERROR: Explicit valence for atom # 1 C, 5, is greater than permitted
[01:55:47] Explicit valence for atom # 1 C, 5, is greater than permitted
[01:55:47] ERROR: Could not sanitize molecule ending on line 1506656
[01:55:47] ERROR: Explicit valence for atom # 1 C, 5, is greater than permitted
[01:55:47] Explicit valence for atom # 1 C, 5, is greater than permitted
[01:55:47] ERROR: Could not sanitize molecule ending on line 1506699
[01:55:47] ERROR: Explicit valence for atom # 1 C, 5, is greater than permitted
[01:55:47] Explicit valence for atom # 1 C, 5, is greater than permitted
[01:55:47] ERROR: Could not sanitize molecule ending on line 1506999
[01:55:47] ERROR: Explicit valence for atom # 1 C, 5, is greater than permitted
[01:55:47] Explicit valence for atom # 1 C, 5, is greater than permitted
[01:55:47] ERROR: Could not sanitize molecule ending on line 1507046
[01:55:47] ERROR: Explicit valence for atom # 1 C, 5, is greater than permitted
[01:55:47] Explicit valence for atom # 1 C, 5, is greater than permitted
[01:55:47] ERROR: Could not sanitize molecule ending on line 1507093
[01:55:47] ERROR: Explicit valence for atom # 1 C, 5, is greater than permitted
[01:55:47] Explicit valence for atom # 1 C, 5, is greater than permitted
[01:55:47] ERROR: Could not sanitize molecule ending on line 1507136
[01:55:47] ERROR: Explicit valence for atom # 1 C, 5, is greater than permitted
[01:55:47] Explicit valence for atom # 3 C, 5, is greater than permitted
[01:55:47] ERROR: Could not sanitize molecule ending on line 1513029
[01:55:47] ERROR: Explicit valence for atom # 3 C, 5, is greater than permitted
[01:55:47] Explicit valence for atom # 3 C, 5, is greater than permitted
[01:55:47] ERROR: Could not sanitize molecule ending on line 1513225
[01:55:47] ERROR: Explicit valence for atom # 3 C, 5, is greater than permitted
[01:55:47] Explicit valence for atom # 3 C, 5, is greater than permitted
[01:55:47] ERROR: Could not sanitize molecule ending on line 1513272
[01:55:47] ERROR: Explicit valence for atom # 3 C, 5, is greater than permitted
[01:55:47] Explicit valence for atom # 1 C, 5, is greater than permitted
[01:55:47] ERROR: Could not sanitize molecule ending on line 1513318
[01:55:47] ERROR: Explicit valence for atom # 1 C, 5, is greater than permitted
[01:55:47] Explicit valence for atom # 1 C, 5, is greater than permitted
[01:55:47] ERROR: Could not sanitize molecule ending on line 1513362
[01:55:47] ERROR: Explicit valence for atom # 1 C, 5, is greater than permitted
[01:55:47] Explicit valence for atom # 4 C, 5, is greater than permitted
[01:55:47] ERROR: Could not sanitize molecule ending on line 1518264
[01:55:47] ERROR: Explicit valence for atom # 4 C, 5, is greater than permitted
[01:55:47] Explicit valence for atom # 5 C, 5, is greater than permitted
[01:55:47] ERROR: Could not sanitize molecule ending on line 1518361
[01:55:47] ERROR: Explicit valence for atom # 5 C, 5, is greater than permitted
[01:55:47] Explicit valence for atom # 1 C, 5, is greater than permitted
[01:55:47] ERROR: Could not sanitize molecule ending on line 1518455
[01:55:47] ERROR: Explicit valence for atom # 1 C, 5, is greater than permitted
[01:55:47] Explicit valence for atom # 1 C, 5, is greater than permitted
[01:55:47] ERROR: Could not sanitize molecule ending on line 1518499
[01:55:47] ERROR: Explicit valence for atom # 1 C, 5, is greater than permitted
[01:55:47] Explicit valence for atom # 4 C, 5, is greater than permitted
[01:55:47] ERROR: Could not sanitize molecule ending on line 1518590
[01:55:47] ERROR: Explicit valence for atom # 4 C, 5, is greater than permitted
[01:55:47] Explicit valence for atom # 4 C, 5, is greater than permitted
[01:55:47] ERROR: Could not sanitize molecule ending on line 1519152
[01:55:47] ERROR: Explicit valence for atom # 4 C, 5, is greater than permitted
[01:55:47] Explicit valence for atom # 4 C, 5, is greater than permitted
[01:55:47] ERROR: Could not sanitize molecule ending on line 1519199
[01:55:47] ERROR: Explicit valence for atom # 4 C, 5, is greater than permitted
[01:55:47] Explicit valence for atom # 5 C, 5, is greater than permitted
[01:55:47] ERROR: Could not sanitize molecule ending on line 1519243
[01:55:47] ERROR: Explicit valence for atom # 5 C, 5, is greater than permitted
[01:55:47] Explicit valence for atom # 4 C, 5, is greater than permitted
[01:55:47] ERROR: Could not sanitize molecule ending on line 1519380
[01:55:47] ERROR: Explicit valence for atom # 4 C, 5, is greater than permitted
[01:55:48] Explicit valence for atom # 4 C, 5, is greater than permitted
[01:55:48] ERROR: Could not sanitize molecule ending on line 1566578
[01:55:48] ERROR: Explicit valence for atom # 4 C, 5, is greater than permitted
[01:55:48] Explicit valence for atom # 4 C, 5, is greater than permitted
[01:55:48] ERROR: Could not sanitize molecule ending on line 1566728
[01:55:48] ERROR: Explicit valence for atom # 4 C, 5, is greater than permitted
[01:55:48] Explicit valence for atom # 4 C, 5, is greater than permitted
[01:55:48] ERROR: Could not sanitize molecule ending on line 1566874
[01:55:48] ERROR: Explicit valence for atom # 4 C, 5, is greater than permitted
[01:55:48] Explicit valence for atom # 5 C, 5, is greater than permitted
[01:55:48] ERROR: Could not sanitize molecule ending on line 1567496
[01:55:48] ERROR: Explicit valence for atom # 5 C, 5, is greater than permitted
[01:55:48] Explicit valence for atom # 5 C, 5, is greater than permitted
[01:55:48] ERROR: Could not sanitize molecule ending on line 1567593
[01:55:48] ERROR: Explicit valence for atom # 5 C, 5, is greater than permitted
[01:55:48] Explicit valence for atom # 5 C, 5, is greater than permitted
[01:55:48] ERROR: Could not sanitize molecule ending on line 1567692
[01:55:48] ERROR: Explicit valence for atom # 5 C, 5, is greater than permitted
[01:55:48] Explicit valence for atom # 5 C, 5, is greater than permitted
[01:55:48] ERROR: Could not sanitize molecule ending on line 1567789
[01:55:48] ERROR: Explicit valence for atom # 5 C, 5, is greater than permitted
[01:55:48] Explicit valence for atom # 3 C, 5, is greater than permitted
[01:55:48] ERROR: Could not sanitize molecule ending on line 1574234
[01:55:48] ERROR: Explicit valence for atom # 3 C, 5, is greater than permitted
[01:55:48] Explicit valence for atom # 5 C, 5, is greater than permitted
[01:55:48] ERROR: Could not sanitize molecule ending on line 1583228
[01:55:48] ERROR: Explicit valence for atom # 5 C, 5, is greater than permitted
[01:55:48] Explicit valence for atom # 5 C, 5, is greater than permitted
[01:55:48] ERROR: Could not sanitize molecule ending on line 1583319
[01:55:48] ERROR: Explicit valence for atom # 5 C, 5, is greater than permitted
[01:55:48] Explicit valence for atom # 5 C, 5, is greater than permitted
[01:55:48] ERROR: Could not sanitize molecule ending on line 1583456
[01:55:48] ERROR: Explicit valence for atom # 5 C, 5, is greater than permitted
[01:55:48] Explicit valence for atom # 6 C, 5, is greater than permitted
[01:55:48] ERROR: Could not sanitize molecule ending on line 1605871
[01:55:48] ERROR: Explicit valence for atom # 6 C, 5, is greater than permitted
[01:55:48] Explicit valence for atom # 6 C, 5, is greater than permitted
[01:55:48] ERROR: Could not sanitize molecule ending on line 1606014
[01:55:48] ERROR: Explicit valence for atom # 6 C, 5, is greater than permitted
[01:55:48] Explicit valence for atom # 3 C, 5, is greater than permitted
[01:55:48] ERROR: Could not sanitize molecule ending on line 1606062
[01:55:48] ERROR: Explicit valence for atom # 3 C, 5, is greater than permitted
[01:55:48] Explicit valence for atom # 6 C, 5, is greater than permitted
[01:55:48] ERROR: Could not sanitize molecule ending on line 1606247
[01:55:48] ERROR: Explicit valence for atom # 6 C, 5, is greater than permitted
[01:55:48] Explicit valence for atom # 6 C, 5, is greater than permitted
[01:55:48] ERROR: Could not sanitize molecule ending on line 1606384
[01:55:48] ERROR: Explicit valence for atom # 6 C, 5, is greater than permitted
[01:55:48] Explicit valence for atom # 3 C, 5, is greater than permitted
[01:55:48] ERROR: Could not sanitize molecule ending on line 1606430
[01:55:48] ERROR: Explicit valence for atom # 3 C, 5, is greater than permitted
[01:55:48] Explicit valence for atom # 3 C, 5, is greater than permitted
[01:55:48] ERROR: Could not sanitize molecule ending on line 1606474
[01:55:48] ERROR: Explicit valence for atom # 3 C, 5, is greater than permitted
[01:55:48] Explicit valence for atom # 6 C, 5, is greater than permitted
[01:55:48] ERROR: Could not sanitize molecule ending on line 1606652
[01:55:48] ERROR: Explicit valence for atom # 6 C, 5, is greater than permitted
[01:55:48] Explicit valence for atom # 6 C, 5, is greater than permitted
[01:55:48] ERROR: Could not sanitize molecule ending on line 1606783
[01:55:48] ERROR: Explicit valence for atom # 6 C, 5, is greater than permitted
[01:55:48] Explicit valence for atom # 3 C, 5, is greater than permitted
[01:55:48] ERROR: Could not sanitize molecule ending on line 1606827
[01:55:48] ERROR: Explicit valence for atom # 3 C, 5, is greater than permitted
[01:55:48] Explicit valence for atom # 3 C, 5, is greater than permitted
[01:55:48] ERROR: Could not sanitize molecule ending on line 1606869
[01:55:48] ERROR: Explicit valence for atom # 3 C, 5, is greater than permitted
[01:55:48] Explicit valence for atom # 5 C, 5, is greater than permitted
[01:55:48] ERROR: Could not sanitize molecule ending on line 1611494
[01:55:48] ERROR: Explicit valence for atom # 5 C, 5, is greater than permitted
[01:55:48] Explicit valence for atom # 5 C, 5, is greater than permitted
[01:55:48] ERROR: Could not sanitize molecule ending on line 1611589
[01:55:48] ERROR: Explicit valence for atom # 5 C, 5, is greater than permitted
[01:55:48] Explicit valence for atom # 5 C, 5, is greater than permitted
[01:55:48] ERROR: Could not sanitize molecule ending on line 1611734
[01:55:48] ERROR: Explicit valence for atom # 5 C, 5, is greater than permitted
[01:55:48] Explicit valence for atom # 5 C, 5, is greater than permitted
[01:55:48] ERROR: Could not sanitize molecule ending on line 1611965
[01:55:48] ERROR: Explicit valence for atom # 5 C, 5, is greater than permitted
[01:55:48] Explicit valence for atom # 5 C, 5, is greater than permitted
[01:55:48] ERROR: Could not sanitize molecule ending on line 1624207
[01:55:48] ERROR: Explicit valence for atom # 5 C, 5, is greater than permitted
[01:55:48] Explicit valence for atom # 5 C, 5, is greater than permitted
[01:55:48] ERROR: Could not sanitize molecule ending on line 1624344
[01:55:48] ERROR: Explicit valence for atom # 5 C, 5, is greater than permitted
[01:55:48] Explicit valence for atom # 5 C, 5, is greater than permitted
[01:55:48] ERROR: Could not sanitize molecule ending on line 1624434
[01:55:48] ERROR: Explicit valence for atom # 5 C, 5, is greater than permitted
[01:55:48] Explicit valence for atom # 6 C, 5, is greater than permitted
[01:55:48] ERROR: Could not sanitize molecule ending on line 1631381
[01:55:48] ERROR: Explicit valence for atom # 6 C, 5, is greater than permitted
[01:55:48] Explicit valence for atom # 6 C, 5, is greater than permitted
[01:55:48] ERROR: Could not sanitize molecule ending on line 1631567
[01:55:48] ERROR: Explicit valence for atom # 6 C, 5, is greater than permitted
[01:55:48] Explicit valence for atom # 3 C, 5, is greater than permitted
[01:55:48] ERROR: Could not sanitize molecule ending on line 1631614
[01:55:48] ERROR: Explicit valence for atom # 3 C, 5, is greater than permitted
[01:55:48] Explicit valence for atom # 6 C, 5, is greater than permitted
[01:55:48] ERROR: Could not sanitize molecule ending on line 1631832
[01:55:48] ERROR: Explicit valence for atom # 6 C, 5, is greater than permitted
[01:55:48] Explicit valence for atom # 5 C, 5, is greater than permitted
[01:55:48] ERROR: Could not sanitize molecule ending on line 1632175
[01:55:48] ERROR: Explicit valence for atom # 5 C, 5, is greater than permitted
[01:55:48] Explicit valence for atom # 5 C, 5, is greater than permitted
[01:55:48] ERROR: Could not sanitize molecule ending on line 1632274
[01:55:48] ERROR: Explicit valence for atom # 5 C, 5, is greater than permitted
[01:55:48] Explicit valence for atom # 3 C, 5, is greater than permitted
[01:55:48] ERROR: Could not sanitize molecule ending on line 1632514
[01:55:48] ERROR: Explicit valence for atom # 3 C, 5, is greater than permitted
[01:55:48] Explicit valence for atom # 4 C, 5, is greater than permitted
[01:55:48] ERROR: Could not sanitize molecule ending on line 1632783
[01:55:48] ERROR: Explicit valence for atom # 4 C, 5, is greater than permitted
[01:55:48] Explicit valence for atom # 6 C, 5, is greater than permitted
[01:55:48] ERROR: Could not sanitize molecule ending on line 1636822
[01:55:48] ERROR: Explicit valence for atom # 6 C, 5, is greater than permitted
[01:55:48] Explicit valence for atom # 6 C, 5, is greater than permitted
[01:55:48] ERROR: Could not sanitize molecule ending on line 1636953
[01:55:48] ERROR: Explicit valence for atom # 6 C, 5, is greater than permitted
[01:55:48] Explicit valence for atom # 6 C, 5, is greater than permitted
[01:55:48] ERROR: Could not sanitize molecule ending on line 1637077
[01:55:48] ERROR: Explicit valence for atom # 6 C, 5, is greater than permitted
[01:55:48] Explicit valence for atom # 2 C, 5, is greater than permitted
[01:55:48] ERROR: Could not sanitize molecule ending on line 1651307
[01:55:48] ERROR: Explicit valence for atom # 2 C, 5, is greater than permitted
[01:55:48] Explicit valence for atom # 2 C, 5, is greater than permitted
[01:55:48] ERROR: Could not sanitize molecule ending on line 1651351
[01:55:48] ERROR: Explicit valence for atom # 2 C, 5, is greater than permitted
[01:55:48] Explicit valence for atom # 6 C, 5, is greater than permitted
[01:55:48] ERROR: Could not sanitize molecule ending on line 1651487
[01:55:48] ERROR: Explicit valence for atom # 6 C, 5, is greater than permitted
[01:55:48] Explicit valence for atom # 6 C, 5, is greater than permitted
[01:55:48] ERROR: Could not sanitize molecule ending on line 1651572
[01:55:48] ERROR: Explicit valence for atom # 6 C, 5, is greater than permitted
[01:55:48] Explicit valence for atom # 6 C, 5, is greater than permitted
[01:55:48] ERROR: Could not sanitize molecule ending on line 1651841
[01:55:48] ERROR: Explicit valence for atom # 6 C, 5, is greater than permitted
[01:55:48] Explicit valence for atom # 6 C, 5, is greater than permitted
[01:55:48] ERROR: Could not sanitize molecule ending on line 1652057
[01:55:48] ERROR: Explicit valence for atom # 6 C, 5, is greater than permitted
[01:55:48] Explicit valence for atom # 5 C, 5, is greater than permitted
[01:55:48] ERROR: Could not sanitize molecule ending on line 1655884
[01:55:48] ERROR: Explicit valence for atom # 5 C, 5, is greater than permitted
[01:55:48] Explicit valence for atom # 5 C, 5, is greater than permitted
[01:55:48] ERROR: Could not sanitize molecule ending on line 1655931
[01:55:48] ERROR: Explicit valence for atom # 5 C, 5, is greater than permitted
[01:55:48] Explicit valence for atom # 5 C, 5, is greater than permitted
[01:55:48] ERROR: Could not sanitize molecule ending on line 1656068
[01:55:48] ERROR: Explicit valence for atom # 5 C, 5, is greater than permitted
[01:55:48] Explicit valence for atom # 4 C, 5, is greater than permitted
[01:55:48] ERROR: Could not sanitize molecule ending on line 1685534
[01:55:48] ERROR: Explicit valence for atom # 4 C, 5, is greater than permitted
[01:55:48] Explicit valence for atom # 4 C, 5, is greater than permitted
[01:55:48] ERROR: Could not sanitize molecule ending on line 1685686
[01:55:48] ERROR: Explicit valence for atom # 4 C, 5, is greater than permitted
[01:55:48] Explicit valence for atom # 5 C, 5, is greater than permitted
[01:55:48] ERROR: Could not sanitize molecule ending on line 1686689
[01:55:48] ERROR: Explicit valence for atom # 5 C, 5, is greater than permitted
[01:55:48] Explicit valence for atom # 5 C, 5, is greater than permitted
[01:55:48] ERROR: Could not sanitize molecule ending on line 1686843
[01:55:48] ERROR: Explicit valence for atom # 5 C, 5, is greater than permitted
[01:55:48] Explicit valence for atom # 3 C, 5, is greater than permitted
[01:55:48] ERROR: Could not sanitize molecule ending on line 1703987
[01:55:48] ERROR: Explicit valence for atom # 3 C, 5, is greater than permitted
[01:55:48] Explicit valence for atom # 3 C, 5, is greater than permitted
[01:55:48] ERROR: Could not sanitize molecule ending on line 1704020
[01:55:48] ERROR: Explicit valence for atom # 3 C, 5, is greater than permitted
[01:55:48] Explicit valence for atom # 3 C, 5, is greater than permitted
[01:55:48] ERROR: Could not sanitize molecule ending on line 1704202
[01:55:48] ERROR: Explicit valence for atom # 3 C, 5, is greater than permitted
[01:55:48] Explicit valence for atom # 4 C, 5, is greater than permitted
[01:55:48] ERROR: Could not sanitize molecule ending on line 1728123
[01:55:48] ERROR: Explicit valence for atom # 4 C, 5, is greater than permitted
[01:55:48] Explicit valence for atom # 5 C, 5, is greater than permitted
[01:55:48] ERROR: Could not sanitize molecule ending on line 1728778
[01:55:48] ERROR: Explicit valence for atom # 5 C, 5, is greater than permitted
[01:55:48] Explicit valence for atom # 5 C, 5, is greater than permitted
[01:55:48] ERROR: Could not sanitize molecule ending on line 1729183
[01:55:48] ERROR: Explicit valence for atom # 5 C, 5, is greater than permitted
[01:55:48] Explicit valence for atom # 5 C, 5, is greater than permitted
[01:55:48] ERROR: Could not sanitize molecule ending on line 1744344
[01:55:48] ERROR: Explicit valence for atom # 5 C, 5, is greater than permitted
[01:55:48] Explicit valence for atom # 5 C, 5, is greater than permitted
[01:55:48] ERROR: Could not sanitize molecule ending on line 1744433
[01:55:48] ERROR: Explicit valence for atom # 5 C, 5, is greater than permitted
[01:55:48] Explicit valence for atom # 5 C, 5, is greater than permitted
[01:55:48] ERROR: Could not sanitize molecule ending on line 1744563
[01:55:48] ERROR: Explicit valence for atom # 5 C, 5, is greater than permitted
[01:55:48] Explicit valence for atom # 5 C, 5, is greater than permitted
[01:55:48] ERROR: Could not sanitize molecule ending on line 1744684
[01:55:48] ERROR: Explicit valence for atom # 5 C, 5, is greater than permitted
[01:55:48] Explicit valence for atom # 3 C, 5, is greater than permitted
[01:55:48] ERROR: Could not sanitize molecule ending on line 1757107
[01:55:48] ERROR: Explicit valence for atom # 3 C, 5, is greater than permitted
[01:55:48] Explicit valence for atom # 6 C, 5, is greater than permitted
[01:55:48] ERROR: Could not sanitize molecule ending on line 1757306
[01:55:48] ERROR: Explicit valence for atom # 6 C, 5, is greater than permitted
[01:55:48] Explicit valence for atom # 6 C, 5, is greater than permitted
[01:55:48] ERROR: Could not sanitize molecule ending on line 1757427
[01:55:48] ERROR: Explicit valence for atom # 6 C, 5, is greater than permitted
[01:55:48] Explicit valence for atom # 6 C, 5, is greater than permitted
[01:55:48] ERROR: Could not sanitize molecule ending on line 1757591
[01:55:48] ERROR: Explicit valence for atom # 6 C, 5, is greater than permitted
[01:55:48] Explicit valence for atom # 6 C, 5, is greater than permitted
[01:55:48] ERROR: Could not sanitize molecule ending on line 1757752
[01:55:48] ERROR: Explicit valence for atom # 6 C, 5, is greater than permitted
[01:55:48] Explicit valence for atom # 3 C, 5, is greater than permitted
[01:55:48] ERROR: Could not sanitize molecule ending on line 1757792
[01:55:48] ERROR: Explicit valence for atom # 3 C, 5, is greater than permitted
[01:55:48] Explicit valence for atom # 3 C, 5, is greater than permitted
[01:55:48] ERROR: Could not sanitize molecule ending on line 1757830
[01:55:48] ERROR: Explicit valence for atom # 3 C, 5, is greater than permitted
[01:55:48] Explicit valence for atom # 6 C, 5, is greater than permitted
[01:55:48] ERROR: Could not sanitize molecule ending on line 1757983
[01:55:48] ERROR: Explicit valence for atom # 6 C, 5, is greater than permitted
[01:55:48] Explicit valence for atom # 6 C, 5, is greater than permitted
[01:55:48] ERROR: Could not sanitize molecule ending on line 1758135
[01:55:48] ERROR: Explicit valence for atom # 6 C, 5, is greater than permitted
[01:55:49] Explicit valence for atom # 5 C, 5, is greater than permitted
[01:55:49] ERROR: Could not sanitize molecule ending on line 1768668
[01:55:49] ERROR: Explicit valence for atom # 5 C, 5, is greater than permitted
[01:55:49] Explicit valence for atom # 5 C, 5, is greater than permitted
[01:55:49] ERROR: Could not sanitize molecule ending on line 1768833
[01:55:49] ERROR: Explicit valence for atom # 5 C, 5, is greater than permitted
[01:55:49] Explicit valence for atom # 5 C, 5, is greater than permitted
[01:55:49] ERROR: Could not sanitize molecule ending on line 1768996
[01:55:49] ERROR: Explicit valence for atom # 5 C, 5, is greater than permitted
[01:55:49] Explicit valence for atom # 5 C, 5, is greater than permitted
[01:55:49] ERROR: Could not sanitize molecule ending on line 1769075
[01:55:49] ERROR: Explicit valence for atom # 5 C, 5, is greater than permitted
[01:55:49] Explicit valence for atom # 5 C, 5, is greater than permitted
[01:55:49] ERROR: Could not sanitize molecule ending on line 1769227
[01:55:49] ERROR: Explicit valence for atom # 5 C, 5, is greater than permitted
[01:55:49] Explicit valence for atom # 3 C, 5, is greater than permitted
[01:55:49] ERROR: Could not sanitize molecule ending on line 1774642
[01:55:49] ERROR: Explicit valence for atom # 3 C, 5, is greater than permitted
[01:55:49] Explicit valence for atom # 3 C, 5, is greater than permitted
[01:55:49] ERROR: Could not sanitize molecule ending on line 1774938
[01:55:49] ERROR: Explicit valence for atom # 3 C, 5, is greater than permitted
[01:55:49] Explicit valence for atom # 3 C, 5, is greater than permitted
[01:55:49] ERROR: Could not sanitize molecule ending on line 1774977
[01:55:49] ERROR: Explicit valence for atom # 3 C, 5, is greater than permitted
[01:55:49] Explicit valence for atom # 4 C, 5, is greater than permitted
[01:55:49] ERROR: Could not sanitize molecule ending on line 1775020
[01:55:49] ERROR: Explicit valence for atom # 4 C, 5, is greater than permitted
[01:55:49] Explicit valence for atom # 4 C, 5, is greater than permitted
[01:55:49] ERROR: Could not sanitize molecule ending on line 1776371
[01:55:49] ERROR: Explicit valence for atom # 4 C, 5, is greater than permitted
[01:55:49] Explicit valence for atom # 4 C, 5, is greater than permitted
[01:55:49] ERROR: Could not sanitize molecule ending on line 1776836
[01:55:49] ERROR: Explicit valence for atom # 4 C, 5, is greater than permitted
[01:55:49] Explicit valence for atom # 4 C, 5, is greater than permitted
[01:55:49] ERROR: Could not sanitize molecule ending on line 1776877
[01:55:49] ERROR: Explicit valence for atom # 4 C, 5, is greater than permitted
[01:55:49] Explicit valence for atom # 4 C, 5, is greater than permitted
[01:55:49] ERROR: Could not sanitize molecule ending on line 1776916
[01:55:49] ERROR: Explicit valence for atom # 4 C, 5, is greater than permitted
[01:55:49] Explicit valence for atom # 5 C, 5, is greater than permitted
[01:55:49] ERROR: Could not sanitize molecule ending on line 1844018
[01:55:49] ERROR: Explicit valence for atom # 5 C, 5, is greater than permitted
[01:55:49] Explicit valence for atom # 5 C, 5, is greater than permitted
[01:55:49] ERROR: Could not sanitize molecule ending on line 1844150
[01:55:49] ERROR: Explicit valence for atom # 5 C, 5, is greater than permitted
[01:55:49] Explicit valence for atom # 5 C, 5, is greater than permitted
[01:55:49] ERROR: Could not sanitize molecule ending on line 1844322
[01:55:49] ERROR: Explicit valence for atom # 5 C, 5, is greater than permitted
[01:55:49] Explicit valence for atom # 5 C, 5, is greater than permitted
[01:55:49] ERROR: Could not sanitize molecule ending on line 1844443
[01:55:49] ERROR: Explicit valence for atom # 5 C, 5, is greater than permitted
[01:55:49] Explicit valence for atom # 5 C, 5, is greater than permitted
[01:55:49] ERROR: Could not sanitize molecule ending on line 1844528
[01:55:49] ERROR: Explicit valence for atom # 5 C, 5, is greater than permitted
[01:55:49] Explicit valence for atom # 5 C, 5, is greater than permitted
[01:55:49] ERROR: Could not sanitize molecule ending on line 1844652
[01:55:49] ERROR: Explicit valence for atom # 5 C, 5, is greater than permitted
[01:55:49] Explicit valence for atom # 4 C, 5, is greater than permitted
[01:55:49] ERROR: Could not sanitize molecule ending on line 1859442
[01:55:49] ERROR: Explicit valence for atom # 4 C, 5, is greater than permitted
[01:55:49] Explicit valence for atom # 4 C, 5, is greater than permitted
[01:55:49] ERROR: Could not sanitize molecule ending on line 1859574
[01:55:49] ERROR: Explicit valence for atom # 4 C, 5, is greater than permitted
[01:55:49] Explicit valence for atom # 4 C, 5, is greater than permitted
[01:55:49] ERROR: Could not sanitize molecule ending on line 1859830
[01:55:49] ERROR: Explicit valence for atom # 4 C, 5, is greater than permitted
[01:55:49] Explicit valence for atom # 4 C, 5, is greater than permitted
[01:55:49] ERROR: Could not sanitize molecule ending on line 1859994
[01:55:49] ERROR: Explicit valence for atom # 4 C, 5, is greater than permitted
[01:55:49] Explicit valence for atom # 5 C, 5, is greater than permitted
[01:55:49] ERROR: Could not sanitize molecule ending on line 1863485
[01:55:49] ERROR: Explicit valence for atom # 5 C, 5, is greater than permitted
[01:55:49] Explicit valence for atom # 5 C, 5, is greater than permitted
[01:55:49] ERROR: Could not sanitize molecule ending on line 1863617
[01:55:49] ERROR: Explicit valence for atom # 5 C, 5, is greater than permitted
[01:55:49] Explicit valence for atom # 5 C, 5, is greater than permitted
[01:55:49] ERROR: Could not sanitize molecule ending on line 1863790
[01:55:49] ERROR: Explicit valence for atom # 5 C, 5, is greater than permitted
[01:55:49] Explicit valence for atom # 5 C, 5, is greater than permitted
[01:55:49] ERROR: Could not sanitize molecule ending on line 1863911
[01:55:49] ERROR: Explicit valence for atom # 5 C, 5, is greater than permitted
[01:55:49] Explicit valence for atom # 5 C, 5, is greater than permitted
[01:55:49] ERROR: Could not sanitize molecule ending on line 1863996
[01:55:49] ERROR: Explicit valence for atom # 5 C, 5, is greater than permitted
[01:55:49] Explicit valence for atom # 5 C, 5, is greater than permitted
[01:55:49] ERROR: Could not sanitize molecule ending on line 1864160
[01:55:49] ERROR: Explicit valence for atom # 5 C, 5, is greater than permitted
[01:55:49] Explicit valence for atom # 5 C, 5, is greater than permitted
[01:55:49] ERROR: Could not sanitize molecule ending on line 1865552
[01:55:49] ERROR: Explicit valence for atom # 5 C, 5, is greater than permitted
[01:55:49] Explicit valence for atom # 5 C, 5, is greater than permitted
[01:55:49] ERROR: Could not sanitize molecule ending on line 1865686
[01:55:49] ERROR: Explicit valence for atom # 5 C, 5, is greater than permitted
[01:55:49] Explicit valence for atom # 5 C, 5, is greater than permitted
[01:55:49] ERROR: Could not sanitize molecule ending on line 1865858
[01:55:49] ERROR: Explicit valence for atom # 5 C, 5, is greater than permitted
[01:55:49] Explicit valence for atom # 5 C, 5, is greater than permitted
[01:55:49] ERROR: Could not sanitize molecule ending on line 1865979
[01:55:49] ERROR: Explicit valence for atom # 5 C, 5, is greater than permitted
[01:55:49] Explicit valence for atom # 5 C, 5, is greater than permitted
[01:55:49] ERROR: Could not sanitize molecule ending on line 1866107
[01:55:49] ERROR: Explicit valence for atom # 5 C, 5, is greater than permitted
[01:55:49] Explicit valence for atom # 5 C, 5, is greater than permitted
[01:55:49] ERROR: Could not sanitize molecule ending on line 1866229
[01:55:49] ERROR: Explicit valence for atom # 5 C, 5, is greater than permitted
[01:55:49] Explicit valence for atom # 4 C, 5, is greater than permitted
[01:55:49] ERROR: Could not sanitize molecule ending on line 1917509
[01:55:49] ERROR: Explicit valence for atom # 4 C, 5, is greater than permitted
[01:55:49] Explicit valence for atom # 5 C, 5, is greater than permitted
[01:55:49] ERROR: Could not sanitize molecule ending on line 1918006
[01:55:49] ERROR: Explicit valence for atom # 5 C, 5, is greater than permitted
[01:55:49] Explicit valence for atom # 4 C, 5, is greater than permitted
[01:55:49] ERROR: Could not sanitize molecule ending on line 1921029
[01:55:49] ERROR: Explicit valence for atom # 4 C, 5, is greater than permitted
[01:55:49] Explicit valence for atom # 5 C, 5, is greater than permitted
[01:55:49] ERROR: Could not sanitize molecule ending on line 1921605
[01:55:49] ERROR: Explicit valence for atom # 5 C, 5, is greater than permitted
[01:55:49] Explicit valence for atom # 5 C, 5, is greater than permitted
[01:55:49] ERROR: Could not sanitize molecule ending on line 1929925
[01:55:49] ERROR: Explicit valence for atom # 5 C, 5, is greater than permitted
[01:55:49] Explicit valence for atom # 5 C, 5, is greater than permitted
[01:55:49] ERROR: Could not sanitize molecule ending on line 1930077
[01:55:49] ERROR: Explicit valence for atom # 5 C, 5, is greater than permitted
[01:55:49] Explicit valence for atom # 5 C, 5, is greater than permitted
[01:55:49] ERROR: Could not sanitize molecule ending on line 1930461
[01:55:49] ERROR: Explicit valence for atom # 5 C, 5, is greater than permitted
[01:55:49] Explicit valence for atom # 6 C, 5, is greater than permitted
[01:55:49] ERROR: Could not sanitize molecule ending on line 1939654
[01:55:49] ERROR: Explicit valence for atom # 6 C, 5, is greater than permitted
[01:55:49] Explicit valence for atom # 2 C, 5, is greater than permitted
[01:55:49] ERROR: Could not sanitize molecule ending on line 1940049
[01:55:49] ERROR: Explicit valence for atom # 2 C, 5, is greater than permitted
[01:55:49] Explicit valence for atom # 2 C, 5, is greater than permitted
[01:55:49] ERROR: Could not sanitize molecule ending on line 1940085
[01:55:49] ERROR: Explicit valence for atom # 2 C, 5, is greater than permitted
[01:55:49] Explicit valence for atom # 2 C, 5, is greater than permitted
[01:55:49] ERROR: Could not sanitize molecule ending on line 1940203
[01:55:49] ERROR: Explicit valence for atom # 2 C, 5, is greater than permitted
[01:55:49] Explicit valence for atom # 2 C, 5, is greater than permitted
[01:55:49] ERROR: Could not sanitize molecule ending on line 1941117
[01:55:49] ERROR: Explicit valence for atom # 2 C, 5, is greater than permitted
[01:55:49] Explicit valence for atom # 2 C, 5, is greater than permitted
[01:55:49] ERROR: Could not sanitize molecule ending on line 1941158
[01:55:49] ERROR: Explicit valence for atom # 2 C, 5, is greater than permitted
[01:55:49] Explicit valence for atom # 2 C, 5, is greater than permitted
[01:55:49] ERROR: Could not sanitize molecule ending on line 1941435
[01:55:49] ERROR: Explicit valence for atom # 2 C, 5, is greater than permitted
[01:55:49] Explicit valence for atom # 2 C, 5, is greater than permitted
[01:55:49] ERROR: Could not sanitize molecule ending on line 1941471
[01:55:49] ERROR: Explicit valence for atom # 2 C, 5, is greater than permitted
[01:55:49] Explicit valence for atom # 2 C, 5, is greater than permitted
[01:55:49] ERROR: Could not sanitize molecule ending on line 1953320
[01:55:49] ERROR: Explicit valence for atom # 2 C, 5, is greater than permitted
[01:55:49] Explicit valence for atom # 2 C, 5, is greater than permitted
[01:55:49] ERROR: Could not sanitize molecule ending on line 1953355
[01:55:49] ERROR: Explicit valence for atom # 2 C, 5, is greater than permitted
[01:55:49] Explicit valence for atom # 2 C, 5, is greater than permitted
[01:55:49] ERROR: Could not sanitize molecule ending on line 1953734
[01:55:49] ERROR: Explicit valence for atom # 2 C, 5, is greater than permitted
[01:55:49] Explicit valence for atom # 2 C, 5, is greater than permitted
[01:55:49] ERROR: Could not sanitize molecule ending on line 1953995
[01:55:49] ERROR: Explicit valence for atom # 2 C, 5, is greater than permitted
[01:55:49] Explicit valence for atom # 2 C, 5, is greater than permitted
[01:55:49] ERROR: Could not sanitize molecule ending on line 1954034
[01:55:49] ERROR: Explicit valence for atom # 2 C, 5, is greater than permitted
[01:55:49] Explicit valence for atom # 6 C, 5, is greater than permitted
[01:55:49] ERROR: Could not sanitize molecule ending on line 1960466
[01:55:49] ERROR: Explicit valence for atom # 6 C, 5, is greater than permitted
[01:55:49] Explicit valence for atom # 6 C, 5, is greater than permitted
[01:55:49] ERROR: Could not sanitize molecule ending on line 1960632
[01:55:49] ERROR: Explicit valence for atom # 6 C, 5, is greater than permitted
[01:55:49] Explicit valence for atom # 6 C, 5, is greater than permitted
[01:55:49] ERROR: Could not sanitize molecule ending on line 1960715
[01:55:49] ERROR: Explicit valence for atom # 6 C, 5, is greater than permitted
[01:55:49] Explicit valence for atom # 6 C, 5, is greater than permitted
[01:55:49] ERROR: Could not sanitize molecule ending on line 1960836
[01:55:49] ERROR: Explicit valence for atom # 6 C, 5, is greater than permitted
[01:55:49] Explicit valence for atom # 5 C, 5, is greater than permitted
[01:55:49] ERROR: Could not sanitize molecule ending on line 1963691
[01:55:49] ERROR: Explicit valence for atom # 5 C, 5, is greater than permitted
[01:55:49] Explicit valence for atom # 3 C, 5, is greater than permitted
[01:55:49] ERROR: Could not sanitize molecule ending on line 1976699
[01:55:49] ERROR: Explicit valence for atom # 3 C, 5, is greater than permitted
[01:55:49] Explicit valence for atom # 3 C, 5, is greater than permitted
[01:55:49] ERROR: Could not sanitize molecule ending on line 1976735
[01:55:49] ERROR: Explicit valence for atom # 3 C, 5, is greater than permitted
[01:55:49] Explicit valence for atom # 3 C, 5, is greater than permitted
[01:55:49] ERROR: Could not sanitize molecule ending on line 1977007
[01:55:49] ERROR: Explicit valence for atom # 3 C, 5, is greater than permitted
[01:55:49] Explicit valence for atom # 3 C, 5, is greater than permitted
[01:55:49] ERROR: Could not sanitize molecule ending on line 1978208
[01:55:49] ERROR: Explicit valence for atom # 3 C, 5, is greater than permitted
[01:55:49] Explicit valence for atom # 3 C, 5, is greater than permitted
[01:55:49] ERROR: Could not sanitize molecule ending on line 1978249
[01:55:49] ERROR: Explicit valence for atom # 3 C, 5, is greater than permitted
[01:55:49] Explicit valence for atom # 3 C, 5, is greater than permitted
[01:55:49] ERROR: Could not sanitize molecule ending on line 1978608
[01:55:49] ERROR: Explicit valence for atom # 3 C, 5, is greater than permitted
[01:55:49] Explicit valence for atom # 3 C, 5, is greater than permitted
[01:55:49] ERROR: Could not sanitize molecule ending on line 1978644
[01:55:49] ERROR: Explicit valence for atom # 3 C, 5, is greater than permitted
[01:55:49] Explicit valence for atom # 3 C, 5, is greater than permitted
[01:55:49] ERROR: Could not sanitize molecule ending on line 1978878
[01:55:49] ERROR: Explicit valence for atom # 3 C, 5, is greater than permitted
[01:55:50] Explicit valence for atom # 5 C, 5, is greater than permitted
[01:55:50] ERROR: Could not sanitize molecule ending on line 1995630
[01:55:50] ERROR: Explicit valence for atom # 5 C, 5, is greater than permitted
[01:55:50] Explicit valence for atom # 4 C, 5, is greater than permitted
[01:55:50] ERROR: Could not sanitize molecule ending on line 2003468
[01:55:50] ERROR: Explicit valence for atom # 4 C, 5, is greater than permitted
[01:55:50] Explicit valence for atom # 4 C, 5, is greater than permitted
[01:55:50] ERROR: Could not sanitize molecule ending on line 2003724
[01:55:50] ERROR: Explicit valence for atom # 4 C, 5, is greater than permitted
[01:55:50] Explicit valence for atom # 5 C, 5, is greater than permitted
[01:55:50] ERROR: Could not sanitize molecule ending on line 2005613
[01:55:50] ERROR: Explicit valence for atom # 5 C, 5, is greater than permitted
[01:55:50] Explicit valence for atom # 5 C, 5, is greater than permitted
[01:55:50] ERROR: Could not sanitize molecule ending on line 2005654
[01:55:50] ERROR: Explicit valence for atom # 5 C, 5, is greater than permitted
[01:55:50] Explicit valence for atom # 5 C, 5, is greater than permitted
[01:55:50] ERROR: Could not sanitize molecule ending on line 2005775
[01:55:50] ERROR: Explicit valence for atom # 5 C, 5, is greater than permitted
[01:55:50] Explicit valence for atom # 5 C, 5, is greater than permitted
[01:55:50] ERROR: Could not sanitize molecule ending on line 2005860
[01:55:50] ERROR: Explicit valence for atom # 5 C, 5, is greater than permitted
[01:55:50] Explicit valence for atom # 6 C, 5, is greater than permitted
[01:55:50] ERROR: Could not sanitize molecule ending on line 2045229
[01:55:50] ERROR: Explicit valence for atom # 6 C, 5, is greater than permitted
[01:55:50] Explicit valence for atom # 6 C, 5, is greater than permitted
[01:55:50] ERROR: Could not sanitize molecule ending on line 2045406
[01:55:50] ERROR: Explicit valence for atom # 6 C, 5, is greater than permitted
[01:55:50] Explicit valence for atom # 6 C, 5, is greater than permitted
[01:55:50] ERROR: Could not sanitize molecule ending on line 2045534
[01:55:50] ERROR: Explicit valence for atom # 6 C, 5, is greater than permitted
[01:55:50] Explicit valence for atom # 3 C, 5, is greater than permitted
[01:55:50] ERROR: Could not sanitize molecule ending on line 2045577
[01:55:50] ERROR: Explicit valence for atom # 3 C, 5, is greater than permitted
[01:55:50] Explicit valence for atom # 3 C, 5, is greater than permitted
[01:55:50] ERROR: Could not sanitize molecule ending on line 2045618
[01:55:50] ERROR: Explicit valence for atom # 3 C, 5, is greater than permitted
[01:55:50] Explicit valence for atom # 6 C, 5, is greater than permitted
[01:55:50] ERROR: Could not sanitize molecule ending on line 2045741
[01:55:50] ERROR: Explicit valence for atom # 6 C, 5, is greater than permitted
[01:55:50] Explicit valence for atom # 6 C, 5, is greater than permitted
[01:55:50] ERROR: Could not sanitize molecule ending on line 2045905
[01:55:50] ERROR: Explicit valence for atom # 6 C, 5, is greater than permitted
[01:55:50] Explicit valence for atom # 5 C, 5, is greater than permitted
[01:55:50] ERROR: Could not sanitize molecule ending on line 2051207
[01:55:50] ERROR: Explicit valence for atom # 5 C, 5, is greater than permitted
[01:55:50] Explicit valence for atom # 5 C, 5, is greater than permitted
[01:55:50] ERROR: Could not sanitize molecule ending on line 2051386
[01:55:50] ERROR: Explicit valence for atom # 5 C, 5, is greater than permitted
[01:55:50] Explicit valence for atom # 5 C, 5, is greater than permitted
[01:55:50] ERROR: Could not sanitize molecule ending on line 2051516
[01:55:50] ERROR: Explicit valence for atom # 5 C, 5, is greater than permitted
[01:55:50] Explicit valence for atom # 5 C, 5, is greater than permitted
[01:55:50] ERROR: Could not sanitize molecule ending on line 2051644
[01:55:50] ERROR: Explicit valence for atom # 5 C, 5, is greater than permitted
[01:55:50] Explicit valence for atom # 5 C, 5, is greater than permitted
[01:55:50] ERROR: Could not sanitize molecule ending on line 2051766
[01:55:50] ERROR: Explicit valence for atom # 5 C, 5, is greater than permitted
[01:55:50] Explicit valence for atom # 4 C, 5, is greater than permitted
[01:55:50] ERROR: Could not sanitize molecule ending on line 2081590
[01:55:50] ERROR: Explicit valence for atom # 4 C, 5, is greater than permitted
[01:55:50] Explicit valence for atom # 4 C, 5, is greater than permitted
[01:55:50] ERROR: Could not sanitize molecule ending on line 2081731
[01:55:50] ERROR: Explicit valence for atom # 4 C, 5, is greater than permitted
[01:55:50] Explicit valence for atom # 4 C, 5, is greater than permitted
[01:55:50] ERROR: Could not sanitize molecule ending on line 2082005
[01:55:50] ERROR: Explicit valence for atom # 4 C, 5, is greater than permitted
[01:55:50] Explicit valence for atom # 4 C, 5, is greater than permitted
[01:55:50] ERROR: Could not sanitize molecule ending on line 2082138
[01:55:50] ERROR: Explicit valence for atom # 4 C, 5, is greater than permitted
[01:55:50] Explicit valence for atom # 5 C, 5, is greater than permitted
[01:55:50] ERROR: Could not sanitize molecule ending on line 2083936
[01:55:50] ERROR: Explicit valence for atom # 5 C, 5, is greater than permitted
[01:55:50] Explicit valence for atom # 5 C, 5, is greater than permitted
[01:55:50] ERROR: Could not sanitize molecule ending on line 2084077
[01:55:50] ERROR: Explicit valence for atom # 5 C, 5, is greater than permitted
[01:55:50] Explicit valence for atom # 5 C, 5, is greater than permitted
[01:55:50] ERROR: Could not sanitize molecule ending on line 2084217
[01:55:50] ERROR: Explicit valence for atom # 5 C, 5, is greater than permitted
[01:55:50] Explicit valence for atom # 5 C, 5, is greater than permitted
[01:55:50] ERROR: Could not sanitize molecule ending on line 2084304
[01:55:50] ERROR: Explicit valence for atom # 5 C, 5, is greater than permitted
[01:55:50] Explicit valence for atom # 5 C, 5, is greater than permitted
[01:55:50] ERROR: Could not sanitize molecule ending on line 2084395
[01:55:50] ERROR: Explicit valence for atom # 5 C, 5, is greater than permitted
[01:55:50] Explicit valence for atom # 5 C, 5, is greater than permitted
[01:55:50] ERROR: Could not sanitize molecule ending on line 2084528
[01:55:50] ERROR: Explicit valence for atom # 5 C, 5, is greater than permitted
[01:55:50] Explicit valence for atom # 5 C, 5, is greater than permitted
[01:55:50] ERROR: Could not sanitize molecule ending on line 2110113
[01:55:50] ERROR: Explicit valence for atom # 5 C, 5, is greater than permitted
[01:55:50] Explicit valence for atom # 5 C, 5, is greater than permitted
[01:55:50] ERROR: Could not sanitize molecule ending on line 2110291
[01:55:50] ERROR: Explicit valence for atom # 5 C, 5, is greater than permitted
[01:55:50] Explicit valence for atom # 3 C, 5, is greater than permitted
[01:55:50] ERROR: Could not sanitize molecule ending on line 2117366
[01:55:50] ERROR: Explicit valence for atom # 3 C, 5, is greater than permitted
[01:55:50] Explicit valence for atom # 6 C, 5, is greater than permitted
[01:55:50] ERROR: Could not sanitize molecule ending on line 2121182
[01:55:50] ERROR: Explicit valence for atom # 6 C, 5, is greater than permitted
[01:55:50] Explicit valence for atom # 6 C, 5, is greater than permitted
[01:55:50] ERROR: Could not sanitize molecule ending on line 2121310
[01:55:50] ERROR: Explicit valence for atom # 6 C, 5, is greater than permitted
[01:55:50] Explicit valence for atom # 3 C, 5, is greater than permitted
[01:55:50] ERROR: Could not sanitize molecule ending on line 2121353
[01:55:50] ERROR: Explicit valence for atom # 3 C, 5, is greater than permitted
[01:55:50] Explicit valence for atom # 5 C, 5, is greater than permitted
[01:55:50] ERROR: Could not sanitize molecule ending on line 2125736
[01:55:50] ERROR: Explicit valence for atom # 5 C, 5, is greater than permitted
[01:55:50] Explicit valence for atom # 4 C, 5, is greater than permitted
[01:55:50] ERROR: Could not sanitize molecule ending on line 2126568
[01:55:50] ERROR: Explicit valence for atom # 4 C, 5, is greater than permitted
[01:55:50] Explicit valence for atom # 4 C, 5, is greater than permitted
[01:55:50] ERROR: Could not sanitize molecule ending on line 2127101
[01:55:50] ERROR: Explicit valence for atom # 4 C, 5, is greater than permitted
[01:55:50] Explicit valence for atom # 4 C, 5, is greater than permitted
[01:55:50] ERROR: Could not sanitize molecule ending on line 2127143
[01:55:50] ERROR: Explicit valence for atom # 4 C, 5, is greater than permitted
[01:55:50] Explicit valence for atom # 4 C, 5, is greater than permitted
[01:55:50] ERROR: Could not sanitize molecule ending on line 2144034
[01:55:50] ERROR: Explicit valence for atom # 4 C, 5, is greater than permitted
[01:55:50] Explicit valence for atom # 5 C, 5, is greater than permitted
[01:55:50] ERROR: Could not sanitize molecule ending on line 2144788
[01:55:50] ERROR: Explicit valence for atom # 5 C, 5, is greater than permitted
[01:55:50] Explicit valence for atom # 5 C, 5, is greater than permitted
[01:55:50] ERROR: Could not sanitize molecule ending on line 2165929
[01:55:50] ERROR: Explicit valence for atom # 5 C, 5, is greater than permitted
[01:55:50] Explicit valence for atom # 5 C, 5, is greater than permitted
[01:55:50] ERROR: Could not sanitize molecule ending on line 2166107
[01:55:50] ERROR: Explicit valence for atom # 5 C, 5, is greater than permitted
[01:55:50] Explicit valence for atom # 2 C, 5, is greater than permitted
[01:55:50] ERROR: Could not sanitize molecule ending on line 2166241
[01:55:50] ERROR: Explicit valence for atom # 2 C, 5, is greater than permitted
[01:55:50] Explicit valence for atom # 5 C, 5, is greater than permitted
[01:55:50] ERROR: Could not sanitize molecule ending on line 2166416
[01:55:50] ERROR: Explicit valence for atom # 5 C, 5, is greater than permitted
[01:55:50] Explicit valence for atom # 5 C, 5, is greater than permitted
[01:55:50] ERROR: Could not sanitize molecule ending on line 2166540
[01:55:50] ERROR: Explicit valence for atom # 5 C, 5, is greater than permitted
[01:55:50] Explicit valence for atom # 5 C, 5, is greater than permitted
[01:55:50] ERROR: Could not sanitize molecule ending on line 2166664
[01:55:50] ERROR: Explicit valence for atom # 5 C, 5, is greater than permitted
[01:55:50] Explicit valence for atom # 3 C, 5, is greater than permitted
[01:55:50] ERROR: Could not sanitize molecule ending on line 2178046
[01:55:50] ERROR: Explicit valence for atom # 3 C, 5, is greater than permitted
[01:55:50] Explicit valence for atom # 1 C, 5, is greater than permitted
[01:55:50] ERROR: Could not sanitize molecule ending on line 2178226
[01:55:50] ERROR: Explicit valence for atom # 1 C, 5, is greater than permitted
[01:55:50] Explicit valence for atom # 6 C, 5, is greater than permitted
[01:55:50] ERROR: Could not sanitize molecule ending on line 2185169
[01:55:50] ERROR: Explicit valence for atom # 6 C, 5, is greater than permitted
[01:55:50] Explicit valence for atom # 6 C, 5, is greater than permitted
[01:55:50] ERROR: Could not sanitize molecule ending on line 2185297
[01:55:50] ERROR: Explicit valence for atom # 6 C, 5, is greater than permitted
[01:55:50] Explicit valence for atom # 3 C, 5, is greater than permitted
[01:55:50] ERROR: Could not sanitize molecule ending on line 2185340
[01:55:50] ERROR: Explicit valence for atom # 3 C, 5, is greater than permitted
[01:55:50] Explicit valence for atom # 3 C, 5, is greater than permitted
[01:55:50] ERROR: Could not sanitize molecule ending on line 2185381
[01:55:50] ERROR: Explicit valence for atom # 3 C, 5, is greater than permitted
[01:55:50] Explicit valence for atom # 6 C, 5, is greater than permitted
[01:55:50] ERROR: Could not sanitize molecule ending on line 2185547
[01:55:50] ERROR: Explicit valence for atom # 6 C, 5, is greater than permitted
[01:55:50] Explicit valence for atom # 6 C, 5, is greater than permitted
[01:55:50] ERROR: Could not sanitize molecule ending on line 2185669
[01:55:50] ERROR: Explicit valence for atom # 6 C, 5, is greater than permitted
[01:55:50] Explicit valence for atom # 3 C, 5, is greater than permitted
[01:55:50] ERROR: Could not sanitize molecule ending on line 2185710
[01:55:50] ERROR: Explicit valence for atom # 3 C, 5, is greater than permitted
[01:55:50] Explicit valence for atom # 3 C, 5, is greater than permitted
[01:55:50] ERROR: Could not sanitize molecule ending on line 2185749
[01:55:50] ERROR: Explicit valence for atom # 3 C, 5, is greater than permitted
[01:55:50] Explicit valence for atom # 5 C, 5, is greater than permitted
[01:55:50] ERROR: Could not sanitize molecule ending on line 2191772
[01:55:50] ERROR: Explicit valence for atom # 5 C, 5, is greater than permitted
[01:55:50] Explicit valence for atom # 5 C, 5, is greater than permitted
[01:55:50] ERROR: Could not sanitize molecule ending on line 2191899
[01:55:50] ERROR: Explicit valence for atom # 5 C, 5, is greater than permitted
[01:55:50] Explicit valence for atom # 5 C, 5, is greater than permitted
[01:55:50] ERROR: Could not sanitize molecule ending on line 2192070
[01:55:50] ERROR: Explicit valence for atom # 5 C, 5, is greater than permitted
[01:55:50] Explicit valence for atom # 5 C, 5, is greater than permitted
[01:55:50] ERROR: Could not sanitize molecule ending on line 2192191
[01:55:50] ERROR: Explicit valence for atom # 5 C, 5, is greater than permitted
[01:55:50] Explicit valence for atom # 4 C, 5, is greater than permitted
[01:55:50] ERROR: Could not sanitize molecule ending on line 2193619
[01:55:50] ERROR: Explicit valence for atom # 4 C, 5, is greater than permitted
[01:55:50] Explicit valence for atom # 1 C, 5, is greater than permitted
[01:55:50] ERROR: Could not sanitize molecule ending on line 2193982
[01:55:50] ERROR: Explicit valence for atom # 1 C, 5, is greater than permitted
[01:55:51] Explicit valence for atom # 4 C, 5, is greater than permitted
[01:55:51] ERROR: Could not sanitize molecule ending on line 2234406
[01:55:51] ERROR: Explicit valence for atom # 4 C, 5, is greater than permitted
[01:55:51] Explicit valence for atom # 4 C, 5, is greater than permitted
[01:55:51] ERROR: Could not sanitize molecule ending on line 2234727
[01:55:51] ERROR: Explicit valence for atom # 4 C, 5, is greater than permitted
[01:55:51] Explicit valence for atom # 5 C, 5, is greater than permitted
[01:55:51] ERROR: Could not sanitize molecule ending on line 2236741
[01:55:51] ERROR: Explicit valence for atom # 5 C, 5, is greater than permitted
[01:55:51] Explicit valence for atom # 5 C, 5, is greater than permitted
[01:55:51] ERROR: Could not sanitize molecule ending on line 2236836
[01:55:51] ERROR: Explicit valence for atom # 5 C, 5, is greater than permitted
[01:55:51] Explicit valence for atom # 5 C, 5, is greater than permitted
[01:55:51] ERROR: Could not sanitize molecule ending on line 2237023
[01:55:51] ERROR: Explicit valence for atom # 5 C, 5, is greater than permitted
[01:55:51] Explicit valence for atom # 5 C, 5, is greater than permitted
[01:55:51] ERROR: Could not sanitize molecule ending on line 2237110
[01:55:51] ERROR: Explicit valence for atom # 5 C, 5, is greater than permitted
[01:55:51] Explicit valence for atom # 5 C, 5, is greater than permitted
[01:55:51] ERROR: Could not sanitize molecule ending on line 2237201
[01:55:51] ERROR: Explicit valence for atom # 5 C, 5, is greater than permitted
[01:55:51] Explicit valence for atom # 5 C, 5, is greater than permitted
[01:55:51] ERROR: Could not sanitize molecule ending on line 2237380
[01:55:51] ERROR: Explicit valence for atom # 5 C, 5, is greater than permitted
[01:55:51] Explicit valence for atom # 5 C, 5, is greater than permitted
[01:55:51] ERROR: Could not sanitize molecule ending on line 2237463
[01:55:51] ERROR: Explicit valence for atom # 5 C, 5, is greater than permitted
[01:55:51] Explicit valence for atom # 4 C, 5, is greater than permitted
[01:55:51] ERROR: Could not sanitize molecule ending on line 2276115
[01:55:51] ERROR: Explicit valence for atom # 4 C, 5, is greater than permitted
[01:55:51] Explicit valence for atom # 4 C, 5, is greater than permitted
[01:55:51] ERROR: Could not sanitize molecule ending on line 2276254
[01:55:51] ERROR: Explicit valence for atom # 4 C, 5, is greater than permitted
[01:55:51] Explicit valence for atom # 4 C, 5, is greater than permitted
[01:55:51] ERROR: Could not sanitize molecule ending on line 2276430
[01:55:51] ERROR: Explicit valence for atom # 4 C, 5, is greater than permitted
[01:55:51] Explicit valence for atom # 4 C, 5, is greater than permitted
[01:55:51] ERROR: Could not sanitize molecule ending on line 2276561
[01:55:51] ERROR: Explicit valence for atom # 4 C, 5, is greater than permitted
[01:55:51] Explicit valence for atom # 4 C, 5, is greater than permitted
[01:55:51] ERROR: Could not sanitize molecule ending on line 2276729
[01:55:51] ERROR: Explicit valence for atom # 4 C, 5, is greater than permitted
[01:55:51] Explicit valence for atom # 5 C, 5, is greater than permitted
[01:55:51] ERROR: Could not sanitize molecule ending on line 2279995
[01:55:51] ERROR: Explicit valence for atom # 5 C, 5, is greater than permitted
[01:55:51] Explicit valence for atom # 5 C, 5, is greater than permitted
[01:55:51] ERROR: Could not sanitize molecule ending on line 2280086
[01:55:51] ERROR: Explicit valence for atom # 5 C, 5, is greater than permitted
[01:55:51] Explicit valence for atom # 5 C, 5, is greater than permitted
[01:55:51] ERROR: Could not sanitize molecule ending on line 2280265
[01:55:51] ERROR: Explicit valence for atom # 5 C, 5, is greater than permitted
[01:55:51] Explicit valence for atom # 5 C, 5, is greater than permitted
[01:55:51] ERROR: Could not sanitize molecule ending on line 2280396
[01:55:51] ERROR: Explicit valence for atom # 5 C, 5, is greater than permitted
[01:55:51] Explicit valence for atom # 5 C, 5, is greater than permitted
[01:55:51] ERROR: Could not sanitize molecule ending on line 2280523
[01:55:51] ERROR: Explicit valence for atom # 5 C, 5, is greater than permitted
[01:55:51] Explicit valence for atom # 4 C, 5, is greater than permitted
[01:55:51] ERROR: Could not sanitize molecule ending on line 2303531
[01:55:51] ERROR: Explicit valence for atom # 4 C, 5, is greater than permitted
[01:55:51] Explicit valence for atom # 4 C, 5, is greater than permitted
[01:55:51] ERROR: Could not sanitize molecule ending on line 2303690
[01:55:51] ERROR: Explicit valence for atom # 4 C, 5, is greater than permitted
[01:55:51] Explicit valence for atom # 5 C, 5, is greater than permitted
[01:55:51] ERROR: Could not sanitize molecule ending on line 2304732
[01:55:51] ERROR: Explicit valence for atom # 5 C, 5, is greater than permitted
[01:55:51] Explicit valence for atom # 5 C, 5, is greater than permitted
[01:55:51] ERROR: Could not sanitize molecule ending on line 2304835
[01:55:51] ERROR: Explicit valence for atom # 5 C, 5, is greater than permitted
[01:55:51] Explicit valence for atom # 5 C, 5, is greater than permitted
[01:55:51] ERROR: Could not sanitize molecule ending on line 2352646
[01:55:51] ERROR: Explicit valence for atom # 5 C, 5, is greater than permitted
[01:55:51] Explicit valence for atom # 5 C, 5, is greater than permitted
[01:55:51] ERROR: Could not sanitize molecule ending on line 2352749
[01:55:51] ERROR: Explicit valence for atom # 5 C, 5, is greater than permitted
[01:55:51] Explicit valence for atom # 5 C, 5, is greater than permitted
[01:55:51] ERROR: Could not sanitize molecule ending on line 2352852
[01:55:51] ERROR: Explicit valence for atom # 5 C, 5, is greater than permitted
[01:55:51] Explicit valence for atom # 5 C, 5, is greater than permitted
[01:55:51] ERROR: Could not sanitize molecule ending on line 2352994
[01:55:51] ERROR: Explicit valence for atom # 5 C, 5, is greater than permitted
[01:55:51] Explicit valence for atom # 3 C, 5, is greater than permitted
[01:55:51] ERROR: Could not sanitize molecule ending on line 2367871
[01:55:51] ERROR: Explicit valence for atom # 3 C, 5, is greater than permitted
[01:55:51] Explicit valence for atom # 3 C, 5, is greater than permitted
[01:55:51] ERROR: Could not sanitize molecule ending on line 2368027
[01:55:51] ERROR: Explicit valence for atom # 3 C, 5, is greater than permitted
[01:55:51] Explicit valence for atom # 3 C, 5, is greater than permitted
[01:55:51] ERROR: Could not sanitize molecule ending on line 2368558
[01:55:51] ERROR: Explicit valence for atom # 3 C, 5, is greater than permitted
[01:55:51] Explicit valence for atom # 3 C, 5, is greater than permitted
[01:55:51] ERROR: Could not sanitize molecule ending on line 2368815
[01:55:51] ERROR: Explicit valence for atom # 3 C, 5, is greater than permitted
[01:55:51] Explicit valence for atom # 6 C, 5, is greater than permitted
[01:55:51] ERROR: Could not sanitize molecule ending on line 2376558
[01:55:51] ERROR: Explicit valence for atom # 6 C, 5, is greater than permitted
[01:55:51] Explicit valence for atom # 6 C, 5, is greater than permitted
[01:55:51] ERROR: Could not sanitize molecule ending on line 2376710
[01:55:51] ERROR: Explicit valence for atom # 6 C, 5, is greater than permitted
[01:55:51] Explicit valence for atom # 3 C, 5, is greater than permitted
[01:55:51] ERROR: Could not sanitize molecule ending on line 2376761
[01:55:51] ERROR: Explicit valence for atom # 3 C, 5, is greater than permitted
[01:55:51] Explicit valence for atom # 6 C, 5, is greater than permitted
[01:55:51] ERROR: Could not sanitize molecule ending on line 2376952
[01:55:51] ERROR: Explicit valence for atom # 6 C, 5, is greater than permitted
[01:55:51] Explicit valence for atom # 6 C, 5, is greater than permitted
[01:55:51] ERROR: Could not sanitize molecule ending on line 2377092
[01:55:51] ERROR: Explicit valence for atom # 6 C, 5, is greater than permitted
[01:55:51] Explicit valence for atom # 3 C, 5, is greater than permitted
[01:55:51] ERROR: Could not sanitize molecule ending on line 2377139
[01:55:51] ERROR: Explicit valence for atom # 3 C, 5, is greater than permitted
[01:55:51] Explicit valence for atom # 3 C, 5, is greater than permitted
[01:55:51] ERROR: Could not sanitize molecule ending on line 2377184
[01:55:51] ERROR: Explicit valence for atom # 3 C, 5, is greater than permitted
[01:55:51] Explicit valence for atom # 6 C, 5, is greater than permitted
[01:55:51] ERROR: Could not sanitize molecule ending on line 2377276
[01:55:51] ERROR: Explicit valence for atom # 6 C, 5, is greater than permitted
[01:55:51] Explicit valence for atom # 5 C, 5, is greater than permitted
[01:55:51] ERROR: Could not sanitize molecule ending on line 2387081
[01:55:51] ERROR: Explicit valence for atom # 5 C, 5, is greater than permitted
[01:55:51] Explicit valence for atom # 5 C, 5, is greater than permitted
[01:55:51] ERROR: Could not sanitize molecule ending on line 2387235
[01:55:51] ERROR: Explicit valence for atom # 5 C, 5, is greater than permitted
[01:55:51] Explicit valence for atom # 5 C, 5, is greater than permitted
[01:55:51] ERROR: Could not sanitize molecule ending on line 2387430
[01:55:51] ERROR: Explicit valence for atom # 5 C, 5, is greater than permitted
[01:55:51] Explicit valence for atom # 4 C, 5, is greater than permitted
[01:55:51] ERROR: Could not sanitize molecule ending on line 2389360
[01:55:51] ERROR: Explicit valence for atom # 4 C, 5, is greater than permitted
[01:55:51] Explicit valence for atom # 4 C, 5, is greater than permitted
[01:55:51] ERROR: Could not sanitize molecule ending on line 2389568
[01:55:51] ERROR: Explicit valence for atom # 4 C, 5, is greater than permitted
[01:55:51] Explicit valence for atom # 4 C, 5, is greater than permitted
[01:55:51] ERROR: Could not sanitize molecule ending on line 2390289
[01:55:51] ERROR: Explicit valence for atom # 4 C, 5, is greater than permitted
[01:55:51] Explicit valence for atom # 4 C, 5, is greater than permitted
[01:55:51] ERROR: Could not sanitize molecule ending on line 2390339
[01:55:51] ERROR: Explicit valence for atom # 4 C, 5, is greater than permitted
[01:55:51] Explicit valence for atom # 4 C, 5, is greater than permitted
[01:55:51] ERROR: Could not sanitize molecule ending on line 2390590
[01:55:51] ERROR: Explicit valence for atom # 4 C, 5, is greater than permitted
[01:55:51] Explicit valence for atom # 4 C, 5, is greater than permitted
[01:55:51] ERROR: Could not sanitize molecule ending on line 2390636
[01:55:51] ERROR: Explicit valence for atom # 4 C, 5, is greater than permitted
[01:55:51] Explicit valence for atom # 2 C, 5, is greater than permitted
[01:55:51] ERROR: Could not sanitize molecule ending on line 2390689
[01:55:51] ERROR: Explicit valence for atom # 2 C, 5, is greater than permitted
[01:55:51] Explicit valence for atom # 4 C, 5, is greater than permitted
[01:55:51] ERROR: Could not sanitize molecule ending on line 2390788
[01:55:51] ERROR: Explicit valence for atom # 4 C, 5, is greater than permitted
[01:55:51] Explicit valence for atom # 4 C, 5, is greater than permitted
[01:55:51] ERROR: Could not sanitize molecule ending on line 2434320
[01:55:51] ERROR: Explicit valence for atom # 4 C, 5, is greater than permitted
[01:55:51] Explicit valence for atom # 4 C, 5, is greater than permitted
[01:55:51] ERROR: Could not sanitize molecule ending on line 2434584
[01:55:51] ERROR: Explicit valence for atom # 4 C, 5, is greater than permitted
[01:55:51] Explicit valence for atom # 5 C, 5, is greater than permitted
[01:55:51] ERROR: Could not sanitize molecule ending on line 2436418
[01:55:51] ERROR: Explicit valence for atom # 5 C, 5, is greater than permitted
[01:55:51] Explicit valence for atom # 5 C, 5, is greater than permitted
[01:55:51] ERROR: Could not sanitize molecule ending on line 2436521
[01:55:51] ERROR: Explicit valence for atom # 5 C, 5, is greater than permitted
[01:55:51] Explicit valence for atom # 5 C, 5, is greater than permitted
[01:55:51] ERROR: Could not sanitize molecule ending on line 2436624
[01:55:51] ERROR: Explicit valence for atom # 5 C, 5, is greater than permitted
[01:55:51] Explicit valence for atom # 4 C, 5, is greater than permitted
[01:55:51] ERROR: Could not sanitize molecule ending on line 2471723
[01:55:51] ERROR: Explicit valence for atom # 4 C, 5, is greater than permitted
[01:55:51] Explicit valence for atom # 4 C, 5, is greater than permitted
[01:55:51] ERROR: Could not sanitize molecule ending on line 2471951
[01:55:51] ERROR: Explicit valence for atom # 4 C, 5, is greater than permitted
[01:55:51] Explicit valence for atom # 5 C, 5, is greater than permitted
[01:55:51] ERROR: Could not sanitize molecule ending on line 2473745
[01:55:51] ERROR: Explicit valence for atom # 5 C, 5, is greater than permitted
[01:55:51] Explicit valence for atom # 5 C, 5, is greater than permitted
[01:55:51] ERROR: Could not sanitize molecule ending on line 2473932
[01:55:51] ERROR: Explicit valence for atom # 5 C, 5, is greater than permitted
[01:55:51] Explicit valence for atom # 5 C, 5, is greater than permitted
[01:55:51] ERROR: Could not sanitize molecule ending on line 2474019
[01:55:51] ERROR: Explicit valence for atom # 5 C, 5, is greater than permitted
[01:55:52] Explicit valence for atom # 5 C, 5, is greater than permitted
[01:55:52] ERROR: Could not sanitize molecule ending on line 2532423
[01:55:52] ERROR: Explicit valence for atom # 5 C, 5, is greater than permitted
[01:55:52] Explicit valence for atom # 5 C, 5, is greater than permitted
[01:55:52] ERROR: Could not sanitize molecule ending on line 2532594
[01:55:52] ERROR: Explicit valence for atom # 5 C, 5, is greater than permitted
[01:55:52] Explicit valence for atom # 5 C, 5, is greater than permitted
[01:55:52] ERROR: Could not sanitize molecule ending on line 2532716
[01:55:52] ERROR: Explicit valence for atom # 5 C, 5, is greater than permitted
[01:55:52] Explicit valence for atom # 5 C, 5, is greater than permitted
[01:55:52] ERROR: Could not sanitize molecule ending on line 2532838
[01:55:52] ERROR: Explicit valence for atom # 5 C, 5, is greater than permitted
[01:55:52] Explicit valence for atom # 5 C, 5, is greater than permitted
[01:55:52] ERROR: Could not sanitize molecule ending on line 2532992
[01:55:52] ERROR: Explicit valence for atom # 5 C, 5, is greater than permitted
[01:55:52] Explicit valence for atom # 4 C, 5, is greater than permitted
[01:55:52] ERROR: Could not sanitize molecule ending on line 2547022
[01:55:52] ERROR: Explicit valence for atom # 4 C, 5, is greater than permitted
[01:55:52] Explicit valence for atom # 4 C, 5, is greater than permitted
[01:55:52] ERROR: Could not sanitize molecule ending on line 2547267
[01:55:52] ERROR: Explicit valence for atom # 4 C, 5, is greater than permitted
[01:55:52] Explicit valence for atom # 4 C, 5, is greater than permitted
[01:55:52] ERROR: Could not sanitize molecule ending on line 2547569
[01:55:52] ERROR: Explicit valence for atom # 4 C, 5, is greater than permitted
[01:55:52] Explicit valence for atom # 4 C, 5, is greater than permitted
[01:55:52] ERROR: Could not sanitize molecule ending on line 2547616
[01:55:52] ERROR: Explicit valence for atom # 4 C, 5, is greater than permitted
[01:55:52] Explicit valence for atom # 4 C, 5, is greater than permitted
[01:55:52] ERROR: Could not sanitize molecule ending on line 2547954
[01:55:52] ERROR: Explicit valence for atom # 4 C, 5, is greater than permitted
[01:55:52] Explicit valence for atom # 4 C, 5, is greater than permitted
[01:55:52] ERROR: Could not sanitize molecule ending on line 2547997
[01:55:52] ERROR: Explicit valence for atom # 4 C, 5, is greater than permitted
[01:55:52] Explicit valence for atom # 3 C, 5, is greater than permitted
[01:55:52] ERROR: Could not sanitize molecule ending on line 2554947
[01:55:52] ERROR: Explicit valence for atom # 3 C, 5, is greater than permitted
[01:55:52] Explicit valence for atom # 3 C, 5, is greater than permitted
[01:55:52] ERROR: Could not sanitize molecule ending on line 2554991
[01:55:52] ERROR: Explicit valence for atom # 3 C, 5, is greater than permitted
[01:55:52] Explicit valence for atom # 3 C, 5, is greater than permitted
[01:55:52] ERROR: Could not sanitize molecule ending on line 2555170
[01:55:52] ERROR: Explicit valence for atom # 3 C, 5, is greater than permitted
[01:55:52] Explicit valence for atom # 3 C, 5, is greater than permitted
[01:55:52] ERROR: Could not sanitize molecule ending on line 2555423
[01:55:52] ERROR: Explicit valence for atom # 3 C, 5, is greater than permitted
[01:55:52] Explicit valence for atom # 3 C, 5, is greater than permitted
[01:55:52] ERROR: Could not sanitize molecule ending on line 2555518
[01:55:52] ERROR: Explicit valence for atom # 3 C, 5, is greater than permitted
[01:55:52] Explicit valence for atom # 3 C, 5, is greater than permitted
[01:55:52] ERROR: Could not sanitize molecule ending on line 2555696
[01:55:52] ERROR: Explicit valence for atom # 3 C, 5, is greater than permitted
[01:55:52] Explicit valence for atom # 3 C, 5, is greater than permitted
[01:55:52] ERROR: Could not sanitize molecule ending on line 2556002
[01:55:52] ERROR: Explicit valence for atom # 3 C, 5, is greater than permitted
[01:55:52] Explicit valence for atom # 3 C, 5, is greater than permitted
[01:55:52] ERROR: Could not sanitize molecule ending on line 2556051
[01:55:52] ERROR: Explicit valence for atom # 3 C, 5, is greater than permitted
[01:55:52] Explicit valence for atom # 3 C, 5, is greater than permitted
[01:55:52] ERROR: Could not sanitize molecule ending on line 2556098
[01:55:52] ERROR: Explicit valence for atom # 3 C, 5, is greater than permitted
[01:55:52] Explicit valence for atom # 3 C, 5, is greater than permitted
[01:55:52] ERROR: Could not sanitize molecule ending on line 2556528
[01:55:52] ERROR: Explicit valence for atom # 3 C, 5, is greater than permitted
[01:55:52] Explicit valence for atom # 3 C, 5, is greater than permitted
[01:55:52] ERROR: Could not sanitize molecule ending on line 2556573
[01:55:52] ERROR: Explicit valence for atom # 3 C, 5, is greater than permitted
[01:55:52] Explicit valence for atom # 3 C, 5, is greater than permitted
[01:55:52] ERROR: Could not sanitize molecule ending on line 2558034
[01:55:52] ERROR: Explicit valence for atom # 3 C, 5, is greater than permitted
[01:55:52] Explicit valence for atom # 3 C, 5, is greater than permitted
[01:55:52] ERROR: Could not sanitize molecule ending on line 2558084
[01:55:52] ERROR: Explicit valence for atom # 3 C, 5, is greater than permitted
[01:55:52] Explicit valence for atom # 3 C, 5, is greater than permitted
[01:55:52] ERROR: Could not sanitize molecule ending on line 2558428
[01:55:52] ERROR: Explicit valence for atom # 3 C, 5, is greater than permitted
[01:55:52] Explicit valence for atom # 3 C, 5, is greater than permitted
[01:55:52] ERROR: Could not sanitize molecule ending on line 2558477
[01:55:52] ERROR: Explicit valence for atom # 3 C, 5, is greater than permitted
[01:55:52] Explicit valence for atom # 3 C, 5, is greater than permitted
[01:55:52] ERROR: Could not sanitize molecule ending on line 2559170
[01:55:52] ERROR: Explicit valence for atom # 3 C, 5, is greater than permitted
[01:55:52] Explicit valence for atom # 3 C, 5, is greater than permitted
[01:55:52] ERROR: Could not sanitize molecule ending on line 2559214
[01:55:52] ERROR: Explicit valence for atom # 3 C, 5, is greater than permitted
[01:55:52] Explicit valence for atom # 3 C, 5, is greater than permitted
[01:55:52] ERROR: Could not sanitize molecule ending on line 2559428
[01:55:52] ERROR: Explicit valence for atom # 3 C, 5, is greater than permitted
[01:55:52] Explicit valence for atom # 3 C, 5, is greater than permitted
[01:55:52] ERROR: Could not sanitize molecule ending on line 2559468
[01:55:52] ERROR: Explicit valence for atom # 3 C, 5, is greater than permitted
[01:55:52] Explicit valence for atom # 3 C, 5, is greater than permitted
[01:55:52] ERROR: Could not sanitize molecule ending on line 2559658
[01:55:52] ERROR: Explicit valence for atom # 3 C, 5, is greater than permitted
[01:55:52] Explicit valence for atom # 3 C, 5, is greater than permitted
[01:55:52] ERROR: Could not sanitize molecule ending on line 2559831
[01:55:52] ERROR: Explicit valence for atom # 3 C, 5, is greater than permitted
[01:55:52] Explicit valence for atom # 5 C, 5, is greater than permitted
[01:55:52] ERROR: Could not sanitize molecule ending on line 2587519
[01:55:52] ERROR: Explicit valence for atom # 5 C, 5, is greater than permitted
[01:55:52] Explicit valence for atom # 5 C, 5, is greater than permitted
[01:55:52] ERROR: Could not sanitize molecule ending on line 2587568
[01:55:52] ERROR: Explicit valence for atom # 5 C, 5, is greater than permitted
[01:55:52] Explicit valence for atom # 5 C, 5, is greater than permitted
[01:55:52] ERROR: Could not sanitize molecule ending on line 2587761
[01:55:52] ERROR: Explicit valence for atom # 5 C, 5, is greater than permitted
[01:55:52] Explicit valence for atom # 5 C, 5, is greater than permitted
[01:55:52] ERROR: Could not sanitize molecule ending on line 2601552
[01:55:52] ERROR: Explicit valence for atom # 5 C, 5, is greater than permitted
[01:55:52] Explicit valence for atom # 5 C, 5, is greater than permitted
[01:55:52] ERROR: Could not sanitize molecule ending on line 2601649
[01:55:52] ERROR: Explicit valence for atom # 5 C, 5, is greater than permitted
[01:55:52] Explicit valence for atom # 5 C, 5, is greater than permitted
[01:55:52] ERROR: Could not sanitize molecule ending on line 2601746
[01:55:52] ERROR: Explicit valence for atom # 5 C, 5, is greater than permitted
[01:55:52] Explicit valence for atom # 2 C, 5, is greater than permitted
[01:55:52] ERROR: Could not sanitize molecule ending on line 2634359
[01:55:52] ERROR: Explicit valence for atom # 2 C, 5, is greater than permitted
[01:55:52] Explicit valence for atom # 5 C, 5, is greater than permitted
[01:55:52] ERROR: Could not sanitize molecule ending on line 2634464
[01:55:52] ERROR: Explicit valence for atom # 5 C, 5, is greater than permitted
[01:55:52] Explicit valence for atom # 5 C, 5, is greater than permitted
[01:55:52] ERROR: Could not sanitize molecule ending on line 2634561
[01:55:52] ERROR: Explicit valence for atom # 5 C, 5, is greater than permitted
[01:55:52] Explicit valence for atom # 5 C, 5, is greater than permitted
[01:55:52] ERROR: Could not sanitize molecule ending on line 2634707
[01:55:52] ERROR: Explicit valence for atom # 5 C, 5, is greater than permitted
[01:55:52] Explicit valence for atom # 5 C, 5, is greater than permitted
[01:55:52] ERROR: Could not sanitize molecule ending on line 2634800
[01:55:52] ERROR: Explicit valence for atom # 5 C, 5, is greater than permitted
[01:55:52] Explicit valence for atom # 5 C, 5, is greater than permitted
[01:55:52] ERROR: Could not sanitize molecule ending on line 2634889
[01:55:52] ERROR: Explicit valence for atom # 5 C, 5, is greater than permitted
[01:55:52] Explicit valence for atom # 5 C, 5, is greater than permitted
[01:55:52] ERROR: Could not sanitize molecule ending on line 2636125
[01:55:52] ERROR: Explicit valence for atom # 5 C, 5, is greater than permitted
[01:55:52] Explicit valence for atom # 5 C, 5, is greater than permitted
[01:55:52] ERROR: Could not sanitize molecule ending on line 2636247
[01:55:52] ERROR: Explicit valence for atom # 5 C, 5, is greater than permitted
[01:55:52] Explicit valence for atom # 5 C, 5, is greater than permitted
[01:55:52] ERROR: Could not sanitize molecule ending on line 2640883
[01:55:52] ERROR: Explicit valence for atom # 5 C, 5, is greater than permitted
[01:55:52] Explicit valence for atom # 5 C, 5, is greater than permitted
[01:55:52] ERROR: Could not sanitize molecule ending on line 2640974
[01:55:52] ERROR: Explicit valence for atom # 5 C, 5, is greater than permitted
[01:55:52] Explicit valence for atom # 5 C, 5, is greater than permitted
[01:55:52] ERROR: Could not sanitize molecule ending on line 2641062
[01:55:52] ERROR: Explicit valence for atom # 5 C, 5, is greater than permitted
[01:55:52] Explicit valence for atom # 5 C, 5, is greater than permitted
[01:55:52] ERROR: Could not sanitize molecule ending on line 2641149
[01:55:52] ERROR: Explicit valence for atom # 5 C, 5, is greater than permitted
[01:55:52] Explicit valence for atom # 5 C, 5, is greater than permitted
[01:55:52] ERROR: Could not sanitize molecule ending on line 2641273
[01:55:52] ERROR: Explicit valence for atom # 5 C, 5, is greater than permitted
[01:55:52] Explicit valence for atom # 4 C, 5, is greater than permitted
[01:55:52] ERROR: Could not sanitize molecule ending on line 2658934
[01:55:52] ERROR: Explicit valence for atom # 4 C, 5, is greater than permitted
[01:55:52] Explicit valence for atom # 4 C, 5, is greater than permitted
[01:55:52] ERROR: Could not sanitize molecule ending on line 2659036
[01:55:52] ERROR: Explicit valence for atom # 4 C, 5, is greater than permitted
[01:55:52] Explicit valence for atom # 4 C, 5, is greater than permitted
[01:55:52] ERROR: Could not sanitize molecule ending on line 2659133
[01:55:52] ERROR: Explicit valence for atom # 4 C, 5, is greater than permitted
[01:55:52] Explicit valence for atom # 4 C, 5, is greater than permitted
[01:55:52] ERROR: Could not sanitize molecule ending on line 2659279
[01:55:52] ERROR: Explicit valence for atom # 4 C, 5, is greater than permitted
[01:55:52] Explicit valence for atom # 5 C, 5, is greater than permitted
[01:55:52] ERROR: Could not sanitize molecule ending on line 2661121
[01:55:52] ERROR: Explicit valence for atom # 5 C, 5, is greater than permitted
[01:55:52] Explicit valence for atom # 5 C, 5, is greater than permitted
[01:55:52] ERROR: Could not sanitize molecule ending on line 2661269
[01:55:52] ERROR: Explicit valence for atom # 5 C, 5, is greater than permitted
[01:55:52] Explicit valence for atom # 5 C, 5, is greater than permitted
[01:55:52] ERROR: Could not sanitize molecule ending on line 2661415
[01:55:52] ERROR: Explicit valence for atom # 5 C, 5, is greater than permitted
[01:55:52] Explicit valence for atom # 5 C, 5, is greater than permitted
[01:55:52] ERROR: Could not sanitize molecule ending on line 2685163
[01:55:52] ERROR: Explicit valence for atom # 5 C, 5, is greater than permitted
[01:55:52] Explicit valence for atom # 5 C, 5, is greater than permitted
[01:55:52] ERROR: Could not sanitize molecule ending on line 2685302
[01:55:52] ERROR: Explicit valence for atom # 5 C, 5, is greater than permitted
[01:55:52] Explicit valence for atom # 5 C, 5, is greater than permitted
[01:55:52] ERROR: Could not sanitize molecule ending on line 2685395
[01:55:52] ERROR: Explicit valence for atom # 5 C, 5, is greater than permitted
[01:55:52] Explicit valence for atom # 5 C, 5, is greater than permitted
[01:55:52] ERROR: Could not sanitize molecule ending on line 2685482
[01:55:52] ERROR: Explicit valence for atom # 5 C, 5, is greater than permitted
[01:55:52] Explicit valence for atom # 5 C, 5, is greater than permitted
[01:55:52] ERROR: Could not sanitize molecule ending on line 2685569
[01:55:52] ERROR: Explicit valence for atom # 5 C, 5, is greater than permitted
[01:55:52] Explicit valence for atom # 7 C, 5, is greater than permitted
[01:55:52] ERROR: Could not sanitize molecule ending on line 2720934
[01:55:52] ERROR: Explicit valence for atom # 7 C, 5, is greater than permitted
[01:55:52] Explicit valence for atom # 6 C, 5, is greater than permitted
[01:55:52] ERROR: Could not sanitize molecule ending on line 2721104
[01:55:52] ERROR: Explicit valence for atom # 6 C, 5, is greater than permitted
[01:55:52] Explicit valence for atom # 3 C, 5, is greater than permitted
[01:55:52] ERROR: Could not sanitize molecule ending on line 2721280
[01:55:52] ERROR: Explicit valence for atom # 3 C, 5, is greater than permitted
[01:55:52] Explicit valence for atom # 6 C, 5, is greater than permitted
[01:55:52] ERROR: Could not sanitize molecule ending on line 2721409
[01:55:52] ERROR: Explicit valence for atom # 6 C, 5, is greater than permitted
[01:55:53] Explicit valence for atom # 2 C, 5, is greater than permitted
[01:55:53] ERROR: Could not sanitize molecule ending on line 2746027
[01:55:53] ERROR: Explicit valence for atom # 2 C, 5, is greater than permitted
[01:55:53] Explicit valence for atom # 2 C, 5, is greater than permitted
[01:55:53] ERROR: Could not sanitize molecule ending on line 2747077
[01:55:53] ERROR: Explicit valence for atom # 2 C, 5, is greater than permitted
[01:55:53] Explicit valence for atom # 2 C, 5, is greater than permitted
[01:55:53] ERROR: Could not sanitize molecule ending on line 2747243
[01:55:53] ERROR: Explicit valence for atom # 2 C, 5, is greater than permitted
[01:55:53] Explicit valence for atom # 5 C, 5, is greater than permitted
[01:55:53] ERROR: Could not sanitize molecule ending on line 2747586
[01:55:53] ERROR: Explicit valence for atom # 5 C, 5, is greater than permitted
[01:55:53] Explicit valence for atom # 2 C, 5, is greater than permitted
[01:55:53] ERROR: Could not sanitize molecule ending on line 2747727
[01:55:53] ERROR: Explicit valence for atom # 2 C, 5, is greater than permitted
[01:55:53] Explicit valence for atom # 2 C, 5, is greater than permitted
[01:55:53] ERROR: Could not sanitize molecule ending on line 2747771
[01:55:53] ERROR: Explicit valence for atom # 2 C, 5, is greater than permitted
[01:55:53] Explicit valence for atom # 5 C, 5, is greater than permitted
[01:55:53] ERROR: Could not sanitize molecule ending on line 2748040
[01:55:53] ERROR: Explicit valence for atom # 5 C, 5, is greater than permitted
[01:55:53] Explicit valence for atom # 2 C, 5, is greater than permitted
[01:55:53] ERROR: Could not sanitize molecule ending on line 2748121
[01:55:53] ERROR: Explicit valence for atom # 2 C, 5, is greater than permitted
[01:55:53] Explicit valence for atom # 2 C, 5, is greater than permitted
[01:55:53] ERROR: Could not sanitize molecule ending on line 2755840
[01:55:53] ERROR: Explicit valence for atom # 2 C, 5, is greater than permitted
[01:55:53] Explicit valence for atom # 2 C, 5, is greater than permitted
[01:55:53] ERROR: Could not sanitize molecule ending on line 2755886
[01:55:53] ERROR: Explicit valence for atom # 2 C, 5, is greater than permitted
[01:55:53] Explicit valence for atom # 2 C, 5, is greater than permitted
[01:55:53] ERROR: Could not sanitize molecule ending on line 2755930
[01:55:53] ERROR: Explicit valence for atom # 2 C, 5, is greater than permitted
[01:55:53] Explicit valence for atom # 2 C, 5, is greater than permitted
[01:55:53] ERROR: Could not sanitize molecule ending on line 2756239
[01:55:53] ERROR: Explicit valence for atom # 2 C, 5, is greater than permitted
[01:55:53] Explicit valence for atom # 2 C, 5, is greater than permitted
[01:55:53] ERROR: Could not sanitize molecule ending on line 2756281
[01:55:53] ERROR: Explicit valence for atom # 2 C, 5, is greater than permitted
[01:55:53] Explicit valence for atom # 2 C, 5, is greater than permitted
[01:55:53] ERROR: Could not sanitize molecule ending on line 2756321
[01:55:53] ERROR: Explicit valence for atom # 2 C, 5, is greater than permitted
[01:55:53] Explicit valence for atom # 2 C, 5, is greater than permitted
[01:55:53] ERROR: Could not sanitize molecule ending on line 2756630
[01:55:53] ERROR: Explicit valence for atom # 2 C, 5, is greater than permitted
[01:55:53] Explicit valence for atom # 2 C, 5, is greater than permitted
[01:55:53] ERROR: Could not sanitize molecule ending on line 2756671
[01:55:53] ERROR: Explicit valence for atom # 2 C, 5, is greater than permitted
[01:55:53] Explicit valence for atom # 2 C, 5, is greater than permitted
[01:55:53] ERROR: Could not sanitize molecule ending on line 2756791
[01:55:53] ERROR: Explicit valence for atom # 2 C, 5, is greater than permitted
[01:55:53] Explicit valence for atom # 2 C, 5, is greater than permitted
[01:55:53] ERROR: Could not sanitize molecule ending on line 2757070
[01:55:53] ERROR: Explicit valence for atom # 2 C, 5, is greater than permitted
[01:55:53] Explicit valence for atom # 2 C, 5, is greater than permitted
[01:55:53] ERROR: Could not sanitize molecule ending on line 2757107
[01:55:53] ERROR: Explicit valence for atom # 2 C, 5, is greater than permitted
[01:55:53] Explicit valence for atom # 2 C, 5, is greater than permitted
[01:55:53] ERROR: Could not sanitize molecule ending on line 2757372
[01:55:53] ERROR: Explicit valence for atom # 2 C, 5, is greater than permitted
[01:55:53] Explicit valence for atom # 2 C, 5, is greater than permitted
[01:55:53] ERROR: Could not sanitize molecule ending on line 2757413
[01:55:53] ERROR: Explicit valence for atom # 2 C, 5, is greater than permitted
[01:55:53] Explicit valence for atom # 2 C, 5, is greater than permitted
[01:55:53] ERROR: Could not sanitize molecule ending on line 2757971
[01:55:53] ERROR: Explicit valence for atom # 2 C, 5, is greater than permitted
[01:55:53] Explicit valence for atom # 2 C, 5, is greater than permitted
[01:55:53] ERROR: Could not sanitize molecule ending on line 2758012
[01:55:53] ERROR: Explicit valence for atom # 2 C, 5, is greater than permitted
[01:55:53] Explicit valence for atom # 2 C, 5, is greater than permitted
[01:55:53] ERROR: Could not sanitize molecule ending on line 2758054
[01:55:53] ERROR: Explicit valence for atom # 2 C, 5, is greater than permitted
[01:55:53] Explicit valence for atom # 2 C, 5, is greater than permitted
[01:55:53] ERROR: Could not sanitize molecule ending on line 2758093
[01:55:53] ERROR: Explicit valence for atom # 2 C, 5, is greater than permitted
[01:55:53] Explicit valence for atom # 2 C, 5, is greater than permitted
[01:55:53] ERROR: Could not sanitize molecule ending on line 2758291
[01:55:53] ERROR: Explicit valence for atom # 2 C, 5, is greater than permitted
[01:55:53] Explicit valence for atom # 2 C, 5, is greater than permitted
[01:55:53] ERROR: Could not sanitize molecule ending on line 2758760
[01:55:53] ERROR: Explicit valence for atom # 2 C, 5, is greater than permitted
[01:55:53] Explicit valence for atom # 2 C, 5, is greater than permitted
[01:55:53] ERROR: Could not sanitize molecule ending on line 2758800
[01:55:53] ERROR: Explicit valence for atom # 2 C, 5, is greater than permitted
[01:55:53] Explicit valence for atom # 2 C, 5, is greater than permitted
[01:55:53] ERROR: Could not sanitize molecule ending on line 2758837
[01:55:53] ERROR: Explicit valence for atom # 2 C, 5, is greater than permitted
[01:55:53] Explicit valence for atom # 6 C, 5, is greater than permitted
[01:55:53] ERROR: Could not sanitize molecule ending on line 2767105
[01:55:53] ERROR: Explicit valence for atom # 6 C, 5, is greater than permitted
[01:55:53] Explicit valence for atom # 6 C, 5, is greater than permitted
[01:55:53] ERROR: Could not sanitize molecule ending on line 2767252
[01:55:53] ERROR: Explicit valence for atom # 6 C, 5, is greater than permitted
[01:55:53] Explicit valence for atom # 6 C, 5, is greater than permitted
[01:55:53] ERROR: Could not sanitize molecule ending on line 2767395
[01:55:53] ERROR: Explicit valence for atom # 6 C, 5, is greater than permitted
[01:55:53] Explicit valence for atom # 2 C, 5, is greater than permitted
[01:55:53] ERROR: Could not sanitize molecule ending on line 2767442
[01:55:53] ERROR: Explicit valence for atom # 2 C, 5, is greater than permitted
[01:55:53] Explicit valence for atom # 6 C, 5, is greater than permitted
[01:55:53] ERROR: Could not sanitize molecule ending on line 2767579
[01:55:53] ERROR: Explicit valence for atom # 6 C, 5, is greater than permitted
[01:55:53] Explicit valence for atom # 6 C, 5, is greater than permitted
[01:55:53] ERROR: Could not sanitize molecule ending on line 2767670
[01:55:53] ERROR: Explicit valence for atom # 6 C, 5, is greater than permitted
[01:55:53] Explicit valence for atom # 6 C, 5, is greater than permitted
[01:55:53] ERROR: Could not sanitize molecule ending on line 2767849
[01:55:53] ERROR: Explicit valence for atom # 6 C, 5, is greater than permitted
[01:55:53] Explicit valence for atom # 6 C, 5, is greater than permitted
[01:55:53] ERROR: Could not sanitize molecule ending on line 2767936
[01:55:53] ERROR: Explicit valence for atom # 6 C, 5, is greater than permitted
[01:55:53] Explicit valence for atom # 6 C, 5, is greater than permitted
[01:55:53] ERROR: Could not sanitize molecule ending on line 2768060
[01:55:53] ERROR: Explicit valence for atom # 6 C, 5, is greater than permitted
[01:55:53] Explicit valence for atom # 6 C, 5, is greater than permitted
[01:55:53] ERROR: Could not sanitize molecule ending on line 2774799
[01:55:53] ERROR: Explicit valence for atom # 6 C, 5, is greater than permitted
[01:55:53] Explicit valence for atom # 6 C, 5, is greater than permitted
[01:55:53] ERROR: Could not sanitize molecule ending on line 2774932
[01:55:53] ERROR: Explicit valence for atom # 6 C, 5, is greater than permitted
[01:55:53] Explicit valence for atom # 6 C, 5, is greater than permitted
[01:55:53] ERROR: Could not sanitize molecule ending on line 2775053
[01:55:53] ERROR: Explicit valence for atom # 6 C, 5, is greater than permitted
[01:55:53] Explicit valence for atom # 4 C, 5, is greater than permitted
[01:55:53] ERROR: Could not sanitize molecule ending on line 2775651
[01:55:53] ERROR: Explicit valence for atom # 4 C, 5, is greater than permitted
[01:55:53] Explicit valence for atom # 4 C, 5, is greater than permitted
[01:55:53] ERROR: Could not sanitize molecule ending on line 2775776
[01:55:53] ERROR: Explicit valence for atom # 4 C, 5, is greater than permitted
[01:55:53] Explicit valence for atom # 5 C, 5, is greater than permitted
[01:55:53] ERROR: Could not sanitize molecule ending on line 2779318
[01:55:53] ERROR: Explicit valence for atom # 5 C, 5, is greater than permitted
[01:55:53] Explicit valence for atom # 5 C, 5, is greater than permitted
[01:55:53] ERROR: Could not sanitize molecule ending on line 2779452
[01:55:53] ERROR: Explicit valence for atom # 5 C, 5, is greater than permitted
[01:55:53] Explicit valence for atom # 6 C, 5, is greater than permitted
[01:55:53] ERROR: Could not sanitize molecule ending on line 2781359
[01:55:53] ERROR: Explicit valence for atom # 6 C, 5, is greater than permitted
[01:55:53] Explicit valence for atom # 6 C, 5, is greater than permitted
[01:55:53] ERROR: Could not sanitize molecule ending on line 2781451
[01:55:53] ERROR: Explicit valence for atom # 6 C, 5, is greater than permitted
[01:55:53] Explicit valence for atom # 6 C, 5, is greater than permitted
[01:55:53] ERROR: Could not sanitize molecule ending on line 2781578
[01:55:53] ERROR: Explicit valence for atom # 6 C, 5, is greater than permitted
[01:55:53] Explicit valence for atom # 6 C, 5, is greater than permitted
[01:55:53] ERROR: Could not sanitize molecule ending on line 2781667
[01:55:53] ERROR: Explicit valence for atom # 6 C, 5, is greater than permitted
[01:55:53] Explicit valence for atom # 6 C, 5, is greater than permitted
[01:55:53] ERROR: Could not sanitize molecule ending on line 2785419
[01:55:53] ERROR: Explicit valence for atom # 6 C, 5, is greater than permitted
[01:55:53] Explicit valence for atom # 6 C, 5, is greater than permitted
[01:55:53] ERROR: Could not sanitize molecule ending on line 2785546
[01:55:53] ERROR: Explicit valence for atom # 6 C, 5, is greater than permitted
[01:55:53] Explicit valence for atom # 6 C, 5, is greater than permitted
[01:55:53] ERROR: Could not sanitize molecule ending on line 2785676
[01:55:53] ERROR: Explicit valence for atom # 6 C, 5, is greater than permitted
[01:55:53] Explicit valence for atom # 6 C, 5, is greater than permitted
[01:55:53] ERROR: Could not sanitize molecule ending on line 2785797
[01:55:53] ERROR: Explicit valence for atom # 6 C, 5, is greater than permitted
[01:55:53] Explicit valence for atom # 6 C, 5, is greater than permitted
[01:55:53] ERROR: Could not sanitize molecule ending on line 2785918
[01:55:53] ERROR: Explicit valence for atom # 6 C, 5, is greater than permitted
[01:55:53] Explicit valence for atom # 1 C, 5, is greater than permitted
[01:55:53] ERROR: Could not sanitize molecule ending on line 2787983
[01:55:53] ERROR: Explicit valence for atom # 1 C, 5, is greater than permitted
[01:55:53] Explicit valence for atom # 1 C, 5, is greater than permitted
[01:55:53] ERROR: Could not sanitize molecule ending on line 2789101
[01:55:53] ERROR: Explicit valence for atom # 1 C, 5, is greater than permitted
[01:55:53] Explicit valence for atom # 1 C, 5, is greater than permitted
[01:55:53] ERROR: Could not sanitize molecule ending on line 2789454
[01:55:53] ERROR: Explicit valence for atom # 1 C, 5, is greater than permitted
[01:55:53] Explicit valence for atom # 1 C, 5, is greater than permitted
[01:55:53] ERROR: Could not sanitize molecule ending on line 2791600
[01:55:53] ERROR: Explicit valence for atom # 1 C, 5, is greater than permitted
[01:55:53] Explicit valence for atom # 1 C, 5, is greater than permitted
[01:55:53] ERROR: Could not sanitize molecule ending on line 2791649
[01:55:53] ERROR: Explicit valence for atom # 1 C, 5, is greater than permitted
[01:55:53] Explicit valence for atom # 1 C, 5, is greater than permitted
[01:55:53] ERROR: Could not sanitize molecule ending on line 2791696
[01:55:53] ERROR: Explicit valence for atom # 1 C, 5, is greater than permitted
[01:55:53] Explicit valence for atom # 1 C, 5, is greater than permitted
[01:55:53] ERROR: Could not sanitize molecule ending on line 2798648
[01:55:53] ERROR: Explicit valence for atom # 1 C, 5, is greater than permitted
[01:55:53] Explicit valence for atom # 1 C, 5, is greater than permitted
[01:55:53] ERROR: Could not sanitize molecule ending on line 2798692
[01:55:53] ERROR: Explicit valence for atom # 1 C, 5, is greater than permitted
[01:55:53] Explicit valence for atom # 1 C, 5, is greater than permitted
[01:55:53] ERROR: Could not sanitize molecule ending on line 2798775
[01:55:53] ERROR: Explicit valence for atom # 1 C, 5, is greater than permitted
[01:55:53] Explicit valence for atom # 1 C, 5, is greater than permitted
[01:55:53] ERROR: Could not sanitize molecule ending on line 2799385
[01:55:53] ERROR: Explicit valence for atom # 1 C, 5, is greater than permitted
[01:55:53] Explicit valence for atom # 1 C, 5, is greater than permitted
[01:55:53] ERROR: Could not sanitize molecule ending on line 2799720
[01:55:53] ERROR: Explicit valence for atom # 1 C, 5, is greater than permitted
[01:55:53] Explicit valence for atom # 1 C, 5, is greater than permitted
[01:55:53] ERROR: Could not sanitize molecule ending on line 2799813
[01:55:53] ERROR: Explicit valence for atom # 1 C, 5, is greater than permitted
[01:55:53] Explicit valence for atom # 1 C, 5, is greater than permitted
[01:55:53] ERROR: Could not sanitize molecule ending on line 2800306
[01:55:53] ERROR: Explicit valence for atom # 1 C, 5, is greater than permitted
[01:55:53] Explicit valence for atom # 1 C, 5, is greater than permitted
[01:55:53] ERROR: Could not sanitize molecule ending on line 2800353
[01:55:53] ERROR: Explicit valence for atom # 1 C, 5, is greater than permitted
[01:55:53] Explicit valence for atom # 1 C, 5, is greater than permitted
[01:55:53] ERROR: Could not sanitize molecule ending on line 2800403
[01:55:53] ERROR: Explicit valence for atom # 1 C, 5, is greater than permitted
[01:55:53] Explicit valence for atom # 1 C, 5, is greater than permitted
[01:55:53] ERROR: Could not sanitize molecule ending on line 2800977
[01:55:53] ERROR: Explicit valence for atom # 1 C, 5, is greater than permitted
[01:55:53] Explicit valence for atom # 1 C, 5, is greater than permitted
[01:55:53] ERROR: Could not sanitize molecule ending on line 2801021
[01:55:53] ERROR: Explicit valence for atom # 1 C, 5, is greater than permitted
[01:55:53] Explicit valence for atom # 1 C, 5, is greater than permitted
[01:55:53] ERROR: Could not sanitize molecule ending on line 2801572
[01:55:53] ERROR: Explicit valence for atom # 1 C, 5, is greater than permitted
[01:55:53] Explicit valence for atom # 1 C, 5, is greater than permitted
[01:55:53] ERROR: Could not sanitize molecule ending on line 2801616
[01:55:53] ERROR: Explicit valence for atom # 1 C, 5, is greater than permitted
[01:55:53] Explicit valence for atom # 1 C, 5, is greater than permitted
[01:55:53] ERROR: Could not sanitize molecule ending on line 2812881
[01:55:53] ERROR: Explicit valence for atom # 1 C, 5, is greater than permitted
[01:55:53] Explicit valence for atom # 1 C, 5, is greater than permitted
[01:55:53] ERROR: Could not sanitize molecule ending on line 2812972
[01:55:53] ERROR: Explicit valence for atom # 1 C, 5, is greater than permitted
[01:55:53] Explicit valence for atom # 1 C, 5, is greater than permitted
[01:55:53] ERROR: Could not sanitize molecule ending on line 2816405
[01:55:53] ERROR: Explicit valence for atom # 1 C, 5, is greater than permitted
[01:55:53] Explicit valence for atom # 5 C, 5, is greater than permitted
[01:55:53] ERROR: Could not sanitize molecule ending on line 2863363
[01:55:53] ERROR: Explicit valence for atom # 5 C, 5, is greater than permitted
[01:55:53] Explicit valence for atom # 5 C, 5, is greater than permitted
[01:55:53] ERROR: Could not sanitize molecule ending on line 2863510
[01:55:53] ERROR: Explicit valence for atom # 5 C, 5, is greater than permitted
[01:55:53] Explicit valence for atom # 5 C, 5, is greater than permitted
[01:55:53] ERROR: Could not sanitize molecule ending on line 2863604
[01:55:53] ERROR: Explicit valence for atom # 5 C, 5, is greater than permitted
[01:55:53] Explicit valence for atom # 5 C, 5, is greater than permitted
[01:55:53] ERROR: Could not sanitize molecule ending on line 2863741
[01:55:53] ERROR: Explicit valence for atom # 5 C, 5, is greater than permitted
[01:55:53] Explicit valence for atom # 5 C, 5, is greater than permitted
[01:55:53] ERROR: Could not sanitize molecule ending on line 2863878
[01:55:53] ERROR: Explicit valence for atom # 5 C, 5, is greater than permitted
[01:55:53] Explicit valence for atom # 6 C, 5, is greater than permitted
[01:55:53] ERROR: Could not sanitize molecule ending on line 2910682
[01:55:53] ERROR: Explicit valence for atom # 6 C, 5, is greater than permitted
[01:55:53] Explicit valence for atom # 6 C, 5, is greater than permitted
[01:55:53] ERROR: Could not sanitize molecule ending on line 2910852
[01:55:53] ERROR: Explicit valence for atom # 6 C, 5, is greater than permitted
[01:55:53] Explicit valence for atom # 6 C, 5, is greater than permitted
[01:55:53] ERROR: Could not sanitize molecule ending on line 2910935
[01:55:53] ERROR: Explicit valence for atom # 6 C, 5, is greater than permitted
[01:55:53] Explicit valence for atom # 6 C, 5, is greater than permitted
[01:55:53] ERROR: Could not sanitize molecule ending on line 2911056
[01:55:53] ERROR: Explicit valence for atom # 6 C, 5, is greater than permitted
[01:55:53] Explicit valence for atom # 1 C, 5, is greater than permitted
[01:55:53] ERROR: Could not sanitize molecule ending on line 2911099
[01:55:53] ERROR: Explicit valence for atom # 1 C, 5, is greater than permitted
[01:55:53] Explicit valence for atom # 1 C, 5, is greater than permitted
[01:55:53] ERROR: Could not sanitize molecule ending on line 2911218
[01:55:53] ERROR: Explicit valence for atom # 1 C, 5, is greater than permitted
[01:55:53] Explicit valence for atom # 6 C, 5, is greater than permitted
[01:55:53] ERROR: Could not sanitize molecule ending on line 2911413
[01:55:53] ERROR: Explicit valence for atom # 6 C, 5, is greater than permitted
[01:55:53] Explicit valence for atom # 6 C, 5, is greater than permitted
[01:55:53] ERROR: Could not sanitize molecule ending on line 2911528
[01:55:53] ERROR: Explicit valence for atom # 6 C, 5, is greater than permitted
[01:55:53] Explicit valence for atom # 1 C, 5, is greater than permitted
[01:55:53] ERROR: Could not sanitize molecule ending on line 2912725
[01:55:53] ERROR: Explicit valence for atom # 1 C, 5, is greater than permitted
[01:55:53] Explicit valence for atom # 5 C, 5, is greater than permitted
[01:55:53] ERROR: Could not sanitize molecule ending on line 2912922
[01:55:53] ERROR: Explicit valence for atom # 5 C, 5, is greater than permitted
[01:55:53] Explicit valence for atom # 5 C, 5, is greater than permitted
[01:55:53] ERROR: Could not sanitize molecule ending on line 2913167
[01:55:53] ERROR: Explicit valence for atom # 5 C, 5, is greater than permitted
[01:55:53] Explicit valence for atom # 1 C, 5, is greater than permitted
[01:55:53] ERROR: Could not sanitize molecule ending on line 2913218
[01:55:53] ERROR: Explicit valence for atom # 1 C, 5, is greater than permitted
[01:55:53] Explicit valence for atom # 5 C, 5, is greater than permitted
[01:55:53] ERROR: Could not sanitize molecule ending on line 2913363
[01:55:53] ERROR: Explicit valence for atom # 5 C, 5, is greater than permitted
[01:55:53] Explicit valence for atom # 1 C, 5, is greater than permitted
[01:55:53] ERROR: Could not sanitize molecule ending on line 2913502
[01:55:53] ERROR: Explicit valence for atom # 1 C, 5, is greater than permitted
[01:55:53] Explicit valence for atom # 1 C, 5, is greater than permitted
[01:55:53] ERROR: Could not sanitize molecule ending on line 2913591
[01:55:53] ERROR: Explicit valence for atom # 1 C, 5, is greater than permitted
[01:55:53] Explicit valence for atom # 1 C, 5, is greater than permitted
[01:55:53] ERROR: Could not sanitize molecule ending on line 2913884
[01:55:53] ERROR: Explicit valence for atom # 1 C, 5, is greater than permitted
[01:55:53] Explicit valence for atom # 1 C, 5, is greater than permitted
[01:55:53] ERROR: Could not sanitize molecule ending on line 2917795
[01:55:53] ERROR: Explicit valence for atom # 1 C, 5, is greater than permitted
[01:55:53] Explicit valence for atom # 1 C, 5, is greater than permitted
[01:55:53] ERROR: Could not sanitize molecule ending on line 2918024
[01:55:53] ERROR: Explicit valence for atom # 1 C, 5, is greater than permitted
[01:55:53] Explicit valence for atom # 1 C, 5, is greater than permitted
[01:55:53] ERROR: Could not sanitize molecule ending on line 2918412
[01:55:53] ERROR: Explicit valence for atom # 1 C, 5, is greater than permitted
[01:55:53] Explicit valence for atom # 1 C, 5, is greater than permitted
[01:55:53] ERROR: Could not sanitize molecule ending on line 2918459
[01:55:53] ERROR: Explicit valence for atom # 1 C, 5, is greater than permitted
[01:55:53] Explicit valence for atom # 1 C, 5, is greater than permitted
[01:55:53] ERROR: Could not sanitize molecule ending on line 2918506
[01:55:53] ERROR: Explicit valence for atom # 1 C, 5, is greater than permitted
[01:55:53] Explicit valence for atom # 6 C, 5, is greater than permitted
[01:55:53] ERROR: Could not sanitize molecule ending on line 2918870
[01:55:53] ERROR: Explicit valence for atom # 6 C, 5, is greater than permitted
[01:55:53] Explicit valence for atom # 6 C, 5, is greater than permitted
[01:55:53] ERROR: Could not sanitize molecule ending on line 2918953
[01:55:53] ERROR: Explicit valence for atom # 6 C, 5, is greater than permitted
[01:55:53] Explicit valence for atom # 1 C, 5, is greater than permitted
[01:55:53] ERROR: Could not sanitize molecule ending on line 2918996
[01:55:53] ERROR: Explicit valence for atom # 1 C, 5, is greater than permitted
[01:55:53] Explicit valence for atom # 6 C, 5, is greater than permitted
[01:55:53] ERROR: Could not sanitize molecule ending on line 2919195
[01:55:53] ERROR: Explicit valence for atom # 6 C, 5, is greater than permitted
[01:55:53] Explicit valence for atom # 1 C, 5, is greater than permitted
[01:55:53] ERROR: Could not sanitize molecule ending on line 2922456
[01:55:53] ERROR: Explicit valence for atom # 1 C, 5, is greater than permitted
[01:55:53] Explicit valence for atom # 1 C, 5, is greater than permitted
[01:55:53] ERROR: Could not sanitize molecule ending on line 2922922
[01:55:53] ERROR: Explicit valence for atom # 1 C, 5, is greater than permitted
[01:55:53] Explicit valence for atom # 1 C, 5, is greater than permitted
[01:55:53] ERROR: Could not sanitize molecule ending on line 2922969
[01:55:53] ERROR: Explicit valence for atom # 1 C, 5, is greater than permitted
[01:55:53] Explicit valence for atom # 1 C, 5, is greater than permitted
[01:55:53] ERROR: Could not sanitize molecule ending on line 2923013
[01:55:53] ERROR: Explicit valence for atom # 1 C, 5, is greater than permitted
[01:55:53] Explicit valence for atom # 1 C, 5, is greater than permitted
[01:55:53] ERROR: Could not sanitize molecule ending on line 2935613
[01:55:53] ERROR: Explicit valence for atom # 1 C, 5, is greater than permitted
[01:55:53] Explicit valence for atom # 1 C, 5, is greater than permitted
[01:55:53] ERROR: Could not sanitize molecule ending on line 2935654
[01:55:53] ERROR: Explicit valence for atom # 1 C, 5, is greater than permitted
[01:55:53] Explicit valence for atom # 1 C, 5, is greater than permitted
[01:55:53] ERROR: Could not sanitize molecule ending on line 2936465
[01:55:53] ERROR: Explicit valence for atom # 1 C, 5, is greater than permitted
[01:55:53] Explicit valence for atom # 1 C, 5, is greater than permitted
[01:55:53] ERROR: Could not sanitize molecule ending on line 2936968
[01:55:53] ERROR: Explicit valence for atom # 1 C, 5, is greater than permitted
[01:55:53] Explicit valence for atom # 1 C, 5, is greater than permitted
[01:55:53] ERROR: Could not sanitize molecule ending on line 2937014
[01:55:53] ERROR: Explicit valence for atom # 1 C, 5, is greater than permitted
[01:55:53] Explicit valence for atom # 1 C, 5, is greater than permitted
[01:55:53] ERROR: Could not sanitize molecule ending on line 2937058
[01:55:53] ERROR: Explicit valence for atom # 1 C, 5, is greater than permitted
[01:55:53] Explicit valence for atom # 1 C, 5, is greater than permitted
[01:55:53] ERROR: Could not sanitize molecule ending on line 2937665
[01:55:53] ERROR: Explicit valence for atom # 1 C, 5, is greater than permitted
[01:55:53] Explicit valence for atom # 1 C, 5, is greater than permitted
[01:55:53] ERROR: Could not sanitize molecule ending on line 2937712
[01:55:53] ERROR: Explicit valence for atom # 1 C, 5, is greater than permitted
[01:55:53] Explicit valence for atom # 1 C, 5, is greater than permitted
[01:55:53] ERROR: Could not sanitize molecule ending on line 2937758
[01:55:53] ERROR: Explicit valence for atom # 1 C, 5, is greater than permitted
[01:55:53] Explicit valence for atom # 1 C, 5, is greater than permitted
[01:55:53] ERROR: Could not sanitize molecule ending on line 2937802
[01:55:53] ERROR: Explicit valence for atom # 1 C, 5, is greater than permitted
[01:55:53] Explicit valence for atom # 1 C, 5, is greater than permitted
[01:55:53] ERROR: Could not sanitize molecule ending on line 2943350
[01:55:53] ERROR: Explicit valence for atom # 1 C, 5, is greater than permitted
[01:55:53] Explicit valence for atom # 1 C, 5, is greater than permitted
[01:55:53] ERROR: Could not sanitize molecule ending on line 2943393
[01:55:53] ERROR: Explicit valence for atom # 1 C, 5, is greater than permitted
[01:55:53] Explicit valence for atom # 1 C, 5, is greater than permitted
[01:55:53] ERROR: Could not sanitize molecule ending on line 2944103
[01:55:53] ERROR: Explicit valence for atom # 1 C, 5, is greater than permitted
[01:55:53] Explicit valence for atom # 1 C, 5, is greater than permitted
[01:55:53] ERROR: Could not sanitize molecule ending on line 2944144
[01:55:53] ERROR: Explicit valence for atom # 1 C, 5, is greater than permitted
[01:55:53] Explicit valence for atom # 1 C, 5, is greater than permitted
[01:55:53] ERROR: Could not sanitize molecule ending on line 2944186
[01:55:53] ERROR: Explicit valence for atom # 1 C, 5, is greater than permitted
[01:55:53] Explicit valence for atom # 1 C, 5, is greater than permitted
[01:55:53] ERROR: Could not sanitize molecule ending on line 2944225
[01:55:53] ERROR: Explicit valence for atom # 1 C, 5, is greater than permitted
[01:55:53] Explicit valence for atom # 4 C, 5, is greater than permitted
[01:55:53] ERROR: Could not sanitize molecule ending on line 2944602
[01:55:53] ERROR: Explicit valence for atom # 4 C, 5, is greater than permitted
[01:55:53] Explicit valence for atom # 4 C, 5, is greater than permitted
[01:55:53] ERROR: Could not sanitize molecule ending on line 2944643
[01:55:53] ERROR: Explicit valence for atom # 4 C, 5, is greater than permitted
[01:55:53] Explicit valence for atom # 4 C, 5, is greater than permitted
[01:55:53] ERROR: Could not sanitize molecule ending on line 2945022
[01:55:53] ERROR: Explicit valence for atom # 4 C, 5, is greater than permitted
[01:55:53] Explicit valence for atom # 1 C, 5, is greater than permitted
[01:55:53] ERROR: Could not sanitize molecule ending on line 2945065
[01:55:53] ERROR: Explicit valence for atom # 1 C, 5, is greater than permitted
[01:55:53] Explicit valence for atom # 1 C, 5, is greater than permitted
[01:55:53] ERROR: Could not sanitize molecule ending on line 2945106
[01:55:53] ERROR: Explicit valence for atom # 1 C, 5, is greater than permitted
[01:55:53] Explicit valence for atom # 4 C, 5, is greater than permitted
[01:55:53] ERROR: Could not sanitize molecule ending on line 2945336
[01:55:53] ERROR: Explicit valence for atom # 4 C, 5, is greater than permitted
[01:55:53] Explicit valence for atom # 4 C, 5, is greater than permitted
[01:55:53] ERROR: Could not sanitize molecule ending on line 2945576
[01:55:53] ERROR: Explicit valence for atom # 4 C, 5, is greater than permitted
[01:55:53] Explicit valence for atom # 4 C, 5, is greater than permitted
[01:55:53] ERROR: Could not sanitize molecule ending on line 2945613
[01:55:53] ERROR: Explicit valence for atom # 4 C, 5, is greater than permitted
[01:55:53] Explicit valence for atom # 4 C, 5, is greater than permitted
[01:55:53] ERROR: Could not sanitize molecule ending on line 2945826
[01:55:53] ERROR: Explicit valence for atom # 4 C, 5, is greater than permitted
[01:55:53] Explicit valence for atom # 4 C, 5, is greater than permitted
[01:55:53] ERROR: Could not sanitize molecule ending on line 2945999
[01:55:53] ERROR: Explicit valence for atom # 4 C, 5, is greater than permitted
[01:55:53] Explicit valence for atom # 1 C, 5, is greater than permitted
[01:55:53] ERROR: Could not sanitize molecule ending on line 2946042
[01:55:53] ERROR: Explicit valence for atom # 1 C, 5, is greater than permitted
[01:55:53] Explicit valence for atom # 1 C, 5, is greater than permitted
[01:55:53] ERROR: Could not sanitize molecule ending on line 2946083
[01:55:53] ERROR: Explicit valence for atom # 1 C, 5, is greater than permitted
[01:55:53] Explicit valence for atom # 4 C, 5, is greater than permitted
[01:55:53] ERROR: Could not sanitize molecule ending on line 2946242
[01:55:53] ERROR: Explicit valence for atom # 4 C, 5, is greater than permitted
[01:55:53] Explicit valence for atom # 1 C, 5, is greater than permitted
[01:55:53] ERROR: Could not sanitize molecule ending on line 2947513
[01:55:53] ERROR: Explicit valence for atom # 1 C, 5, is greater than permitted
[01:55:53] Explicit valence for atom # 5 C, 5, is greater than permitted
[01:55:53] ERROR: Could not sanitize molecule ending on line 2948086
[01:55:53] ERROR: Explicit valence for atom # 5 C, 5, is greater than permitted
[01:55:53] Explicit valence for atom # 1 C, 5, is greater than permitted
[01:55:53] ERROR: Could not sanitize molecule ending on line 2948371
[01:55:53] ERROR: Explicit valence for atom # 1 C, 5, is greater than permitted
[01:55:53] Explicit valence for atom # 1 C, 5, is greater than permitted
[01:55:53] ERROR: Could not sanitize molecule ending on line 2948418
[01:55:53] ERROR: Explicit valence for atom # 1 C, 5, is greater than permitted
[01:55:53] Explicit valence for atom # 1 C, 5, is greater than permitted
[01:55:53] ERROR: Could not sanitize molecule ending on line 2949567
[01:55:53] ERROR: Explicit valence for atom # 1 C, 5, is greater than permitted
[01:55:53] Explicit valence for atom # 1 C, 5, is greater than permitted
[01:55:53] ERROR: Could not sanitize molecule ending on line 2949660
[01:55:53] ERROR: Explicit valence for atom # 1 C, 5, is greater than permitted
[01:55:54] Explicit valence for atom # 5 C, 5, is greater than permitted
[01:55:54] ERROR: Could not sanitize molecule ending on line 2981813
[01:55:54] ERROR: Explicit valence for atom # 5 C, 5, is greater than permitted
[01:55:54] Explicit valence for atom # 5 C, 5, is greater than permitted
[01:55:54] ERROR: Could not sanitize molecule ending on line 2981991
[01:55:54] ERROR: Explicit valence for atom # 5 C, 5, is greater than permitted
[01:55:54] Explicit valence for atom # 6 C, 5, is greater than permitted
[01:55:54] ERROR: Could not sanitize molecule ending on line 2984074
[01:55:54] ERROR: Explicit valence for atom # 6 C, 5, is greater than permitted
[01:55:54] Explicit valence for atom # 6 C, 5, is greater than permitted
[01:55:54] ERROR: Could not sanitize molecule ending on line 2984118
[01:55:54] ERROR: Explicit valence for atom # 6 C, 5, is greater than permitted
[01:55:54] Explicit valence for atom # 6 C, 5, is greater than permitted
[01:55:54] ERROR: Could not sanitize molecule ending on line 2984248
[01:55:54] ERROR: Explicit valence for atom # 6 C, 5, is greater than permitted
[01:55:54] Explicit valence for atom # 6 C, 5, is greater than permitted
[01:55:54] ERROR: Could not sanitize molecule ending on line 2984337
[01:55:54] ERROR: Explicit valence for atom # 6 C, 5, is greater than permitted
[01:55:54] Explicit valence for atom # 6 C, 5, is greater than permitted
[01:55:54] ERROR: Could not sanitize molecule ending on line 3025380
[01:55:54] ERROR: Explicit valence for atom # 6 C, 5, is greater than permitted
[01:55:54] Explicit valence for atom # 6 C, 5, is greater than permitted
[01:55:54] ERROR: Could not sanitize molecule ending on line 3025477
[01:55:54] ERROR: Explicit valence for atom # 6 C, 5, is greater than permitted
[01:55:54] Explicit valence for atom # 6 C, 5, is greater than permitted
[01:55:54] ERROR: Could not sanitize molecule ending on line 3025622
[01:55:54] ERROR: Explicit valence for atom # 6 C, 5, is greater than permitted
[01:55:54] Explicit valence for atom # 4 C, 5, is greater than permitted
[01:55:54] ERROR: Could not sanitize molecule ending on line 3026770
[01:55:54] ERROR: Explicit valence for atom # 4 C, 5, is greater than permitted
[01:55:54] Explicit valence for atom # 4 C, 5, is greater than permitted
[01:55:54] ERROR: Could not sanitize molecule ending on line 3027000
[01:55:54] ERROR: Explicit valence for atom # 4 C, 5, is greater than permitted
[01:55:54] Explicit valence for atom # 4 C, 5, is greater than permitted
[01:55:54] ERROR: Could not sanitize molecule ending on line 3027137
[01:55:54] ERROR: Explicit valence for atom # 4 C, 5, is greater than permitted
[01:55:54] Explicit valence for atom # 5 C, 5, is greater than permitted
[01:55:54] ERROR: Could not sanitize molecule ending on line 3036899
[01:55:54] ERROR: Explicit valence for atom # 5 C, 5, is greater than permitted
[01:55:54] Explicit valence for atom # 5 C, 5, is greater than permitted
[01:55:54] ERROR: Could not sanitize molecule ending on line 3037095
[01:55:54] ERROR: Explicit valence for atom # 5 C, 5, is greater than permitted
[01:55:54] Explicit valence for atom # 5 C, 5, is greater than permitted
[01:55:54] ERROR: Could not sanitize molecule ending on line 3037241
[01:55:54] ERROR: Explicit valence for atom # 5 C, 5, is greater than permitted
[01:55:54] Explicit valence for atom # 5 C, 5, is greater than permitted
[01:55:54] ERROR: Could not sanitize molecule ending on line 3037384
[01:55:54] ERROR: Explicit valence for atom # 5 C, 5, is greater than permitted
[01:55:54] Explicit valence for atom # 5 C, 5, is greater than permitted
[01:55:54] ERROR: Could not sanitize molecule ending on line 3037563
[01:55:54] ERROR: Explicit valence for atom # 5 C, 5, is greater than permitted
[01:55:54] Explicit valence for atom # 6 C, 5, is greater than permitted
[01:55:54] ERROR: Could not sanitize molecule ending on line 3044273
[01:55:54] ERROR: Explicit valence for atom # 6 C, 5, is greater than permitted
[01:55:54] Explicit valence for atom # 6 C, 5, is greater than permitted
[01:55:54] ERROR: Could not sanitize molecule ending on line 3044370
[01:55:54] ERROR: Explicit valence for atom # 6 C, 5, is greater than permitted
[01:55:54] Explicit valence for atom # 6 C, 5, is greater than permitted
[01:55:54] ERROR: Could not sanitize molecule ending on line 3044516
[01:55:54] ERROR: Explicit valence for atom # 6 C, 5, is greater than permitted
[01:55:54] Explicit valence for atom # 6 C, 5, is greater than permitted
[01:55:54] ERROR: Could not sanitize molecule ending on line 3044613
[01:55:54] ERROR: Explicit valence for atom # 6 C, 5, is greater than permitted
[01:55:54] Explicit valence for atom # 6 C, 5, is greater than permitted
[01:55:54] ERROR: Could not sanitize molecule ending on line 3044891
[01:55:54] ERROR: Explicit valence for atom # 6 C, 5, is greater than permitted
[01:55:54] Explicit valence for atom # 6 C, 5, is greater than permitted
[01:55:54] ERROR: Could not sanitize molecule ending on line 3045161
[01:55:54] ERROR: Explicit valence for atom # 6 C, 5, is greater than permitted
[01:55:54] Explicit valence for atom # 5 C, 5, is greater than permitted
[01:55:54] ERROR: Could not sanitize molecule ending on line 3049758
[01:55:54] ERROR: Explicit valence for atom # 5 C, 5, is greater than permitted
[01:55:54] Explicit valence for atom # 5 C, 5, is greater than permitted
[01:55:54] ERROR: Could not sanitize molecule ending on line 3074299
[01:55:54] ERROR: Explicit valence for atom # 5 C, 5, is greater than permitted
[01:55:54] Explicit valence for atom # 5 C, 5, is greater than permitted
[01:55:54] ERROR: Could not sanitize molecule ending on line 3074432
[01:55:54] ERROR: Explicit valence for atom # 5 C, 5, is greater than permitted
[01:55:54] Explicit valence for atom # 3 C, 5, is greater than permitted
[01:55:54] ERROR: Could not sanitize molecule ending on line 3080472
[01:55:54] ERROR: Explicit valence for atom # 3 C, 5, is greater than permitted
[01:55:54] Explicit valence for atom # 3 C, 5, is greater than permitted
[01:55:54] ERROR: Could not sanitize molecule ending on line 3081067
[01:55:54] ERROR: Explicit valence for atom # 3 C, 5, is greater than permitted
[01:55:54] Explicit valence for atom # 5 C, 5, is greater than permitted
[01:55:54] ERROR: Could not sanitize molecule ending on line 3083869
[01:55:54] ERROR: Explicit valence for atom # 5 C, 5, is greater than permitted
[01:55:54] Explicit valence for atom # 4 C, 5, is greater than permitted
[01:55:54] ERROR: Could not sanitize molecule ending on line 3085275
[01:55:54] ERROR: Explicit valence for atom # 4 C, 5, is greater than permitted
[01:55:54] Explicit valence for atom # 4 C, 5, is greater than permitted
[01:55:54] ERROR: Could not sanitize molecule ending on line 3085416
[01:55:54] ERROR: Explicit valence for atom # 4 C, 5, is greater than permitted
[01:55:54] Explicit valence for atom # 4 C, 5, is greater than permitted
[01:55:54] ERROR: Could not sanitize molecule ending on line 3085839
[01:55:54] ERROR: Explicit valence for atom # 4 C, 5, is greater than permitted
[01:55:54] Explicit valence for atom # 4 C, 5, is greater than permitted
[01:55:54] ERROR: Could not sanitize molecule ending on line 3085882
[01:55:54] ERROR: Explicit valence for atom # 4 C, 5, is greater than permitted
[01:55:54] Explicit valence for atom # 4 C, 5, is greater than permitted
[01:55:54] ERROR: Could not sanitize molecule ending on line 3085963
[01:55:54] ERROR: Explicit valence for atom # 4 C, 5, is greater than permitted
[01:55:54] Explicit valence for atom # 4 C, 5, is greater than permitted
[01:55:54] ERROR: Could not sanitize molecule ending on line 3086202
[01:55:54] ERROR: Explicit valence for atom # 4 C, 5, is greater than permitted
[01:55:54] Explicit valence for atom # 4 C, 5, is greater than permitted
[01:55:54] ERROR: Could not sanitize molecule ending on line 3086331
[01:55:54] ERROR: Explicit valence for atom # 4 C, 5, is greater than permitted
[01:55:54] Explicit valence for atom # 4 C, 5, is greater than permitted
[01:55:54] ERROR: Could not sanitize molecule ending on line 3086412
[01:55:54] ERROR: Explicit valence for atom # 4 C, 5, is greater than permitted
[01:55:54] Explicit valence for atom # 4 C, 5, is greater than permitted
[01:55:54] ERROR: Could not sanitize molecule ending on line 3112754
[01:55:54] ERROR: Explicit valence for atom # 4 C, 5, is greater than permitted
[01:55:54] Explicit valence for atom # 5 C, 5, is greater than permitted
[01:55:54] ERROR: Could not sanitize molecule ending on line 3114054
[01:55:54] ERROR: Explicit valence for atom # 5 C, 5, is greater than permitted
[01:55:54] Explicit valence for atom # 5 C, 5, is greater than permitted
[01:55:54] ERROR: Could not sanitize molecule ending on line 3114247
[01:55:54] ERROR: Explicit valence for atom # 5 C, 5, is greater than permitted
[01:55:54] Explicit valence for atom # 5 C, 5, is greater than permitted
[01:55:54] ERROR: Could not sanitize molecule ending on line 3165497
[01:55:54] ERROR: Explicit valence for atom # 5 C, 5, is greater than permitted
[01:55:54] Explicit valence for atom # 5 C, 5, is greater than permitted
[01:55:54] ERROR: Could not sanitize molecule ending on line 3165594
[01:55:54] ERROR: Explicit valence for atom # 5 C, 5, is greater than permitted
[01:55:54] Explicit valence for atom # 5 C, 5, is greater than permitted
[01:55:54] ERROR: Could not sanitize molecule ending on line 3165693
[01:55:54] ERROR: Explicit valence for atom # 5 C, 5, is greater than permitted
[01:55:54] Explicit valence for atom # 5 C, 5, is greater than permitted
[01:55:54] ERROR: Could not sanitize molecule ending on line 3165782
[01:55:54] ERROR: Explicit valence for atom # 5 C, 5, is greater than permitted
[01:55:54] Explicit valence for atom # 4 C, 5, is greater than permitted
[01:55:54] ERROR: Could not sanitize molecule ending on line 3181639
[01:55:54] ERROR: Explicit valence for atom # 4 C, 5, is greater than permitted
[01:55:54] Explicit valence for atom # 4 C, 5, is greater than permitted
[01:55:54] ERROR: Could not sanitize molecule ending on line 3181838
[01:55:54] ERROR: Explicit valence for atom # 4 C, 5, is greater than permitted
[01:55:54] Explicit valence for atom # 5 C, 5, is greater than permitted
[01:55:54] ERROR: Could not sanitize molecule ending on line 3181984
[01:55:54] ERROR: Explicit valence for atom # 5 C, 5, is greater than permitted
[01:55:54] Explicit valence for atom # 5 C, 5, is greater than permitted
[01:55:54] ERROR: Could not sanitize molecule ending on line 3182134
[01:55:54] ERROR: Explicit valence for atom # 5 C, 5, is greater than permitted
[01:55:54] Explicit valence for atom # 4 C, 5, is greater than permitted
[01:55:54] ERROR: Could not sanitize molecule ending on line 3182223
[01:55:54] ERROR: Explicit valence for atom # 4 C, 5, is greater than permitted
[01:55:55] Explicit valence for atom # 6 C, 5, is greater than permitted
[01:55:55] ERROR: Could not sanitize molecule ending on line 3206738
[01:55:55] ERROR: Explicit valence for atom # 6 C, 5, is greater than permitted
[01:55:55] Explicit valence for atom # 6 C, 5, is greater than permitted
[01:55:55] ERROR: Could not sanitize molecule ending on line 3206871
[01:55:55] ERROR: Explicit valence for atom # 6 C, 5, is greater than permitted
[01:55:55] Explicit valence for atom # 4 C, 5, is greater than permitted
[01:55:55] ERROR: Could not sanitize molecule ending on line 3207127
[01:55:55] ERROR: Explicit valence for atom # 4 C, 5, is greater than permitted
[01:55:55] Explicit valence for atom # 4 C, 5, is greater than permitted
[01:55:55] ERROR: Could not sanitize molecule ending on line 3207174
[01:55:55] ERROR: Explicit valence for atom # 4 C, 5, is greater than permitted
[01:55:55] Explicit valence for atom # 4 C, 5, is greater than permitted
[01:55:55] ERROR: Could not sanitize molecule ending on line 3207307
[01:55:55] ERROR: Explicit valence for atom # 4 C, 5, is greater than permitted
[01:55:55] Explicit valence for atom # 4 C, 5, is greater than permitted
[01:55:55] ERROR: Could not sanitize molecule ending on line 3207461
[01:55:55] ERROR: Explicit valence for atom # 4 C, 5, is greater than permitted
[01:55:55] Explicit valence for atom # 4 C, 5, is greater than permitted
[01:55:55] ERROR: Could not sanitize molecule ending on line 3207582
[01:55:55] ERROR: Explicit valence for atom # 4 C, 5, is greater than permitted
[01:55:55] Explicit valence for atom # 2 C, 5, is greater than permitted
[01:55:55] ERROR: Could not sanitize molecule ending on line 3212112
[01:55:55] ERROR: Explicit valence for atom # 2 C, 5, is greater than permitted
[01:55:55] Explicit valence for atom # 2 C, 5, is greater than permitted
[01:55:55] ERROR: Could not sanitize molecule ending on line 3213941
[01:55:55] ERROR: Explicit valence for atom # 2 C, 5, is greater than permitted
[01:55:55] Explicit valence for atom # 2 C, 5, is greater than permitted
[01:55:55] ERROR: Could not sanitize molecule ending on line 3214420
[01:55:55] ERROR: Explicit valence for atom # 2 C, 5, is greater than permitted
[01:55:55] Explicit valence for atom # 5 C, 5, is greater than permitted
[01:55:55] ERROR: Could not sanitize molecule ending on line 3253874
[01:55:55] ERROR: Explicit valence for atom # 5 C, 5, is greater than permitted
[01:55:55] Explicit valence for atom # 4 C, 5, is greater than permitted
[01:55:55] ERROR: Could not sanitize molecule ending on line 3253971
[01:55:55] ERROR: Explicit valence for atom # 4 C, 5, is greater than permitted
[01:55:55] Explicit valence for atom # 5 C, 5, is greater than permitted
[01:55:55] ERROR: Could not sanitize molecule ending on line 3254116
[01:55:55] ERROR: Explicit valence for atom # 5 C, 5, is greater than permitted
[01:55:55] Explicit valence for atom # 5 C, 5, is greater than permitted
[01:55:55] ERROR: Could not sanitize molecule ending on line 3254253
[01:55:55] ERROR: Explicit valence for atom # 5 C, 5, is greater than permitted
[01:55:55] Explicit valence for atom # 1 C, 5, is greater than permitted
[01:55:55] ERROR: Could not sanitize molecule ending on line 3258211
[01:55:55] ERROR: Explicit valence for atom # 1 C, 5, is greater than permitted
[01:55:55] Explicit valence for atom # 3 C, 5, is greater than permitted
[01:55:55] ERROR: Could not sanitize molecule ending on line 3258419
[01:55:55] ERROR: Explicit valence for atom # 3 C, 5, is greater than permitted
[01:55:55] Explicit valence for atom # 3 C, 5, is greater than permitted
[01:55:55] ERROR: Could not sanitize molecule ending on line 3297837
[01:55:55] ERROR: Explicit valence for atom # 3 C, 5, is greater than permitted
[01:55:55] Explicit valence for atom # 3 C, 5, is greater than permitted
[01:55:55] ERROR: Could not sanitize molecule ending on line 3297878
[01:55:55] ERROR: Explicit valence for atom # 3 C, 5, is greater than permitted
[01:55:55] Explicit valence for atom # 3 C, 5, is greater than permitted
[01:55:55] ERROR: Could not sanitize molecule ending on line 3298417
[01:55:55] ERROR: Explicit valence for atom # 3 C, 5, is greater than permitted
[01:55:55] Explicit valence for atom # 3 C, 5, is greater than permitted
[01:55:55] ERROR: Could not sanitize molecule ending on line 3298454
[01:55:55] ERROR: Explicit valence for atom # 3 C, 5, is greater than permitted
[01:55:55] Explicit valence for atom # 1 C, 5, is greater than permitted
[01:55:55] ERROR: Could not sanitize molecule ending on line 3298861
[01:55:55] ERROR: Explicit valence for atom # 1 C, 5, is greater than permitted
[01:55:55] Explicit valence for atom # 1 C, 5, is greater than permitted
[01:55:55] ERROR: Could not sanitize molecule ending on line 3298904
[01:55:55] ERROR: Explicit valence for atom # 1 C, 5, is greater than permitted
[01:55:55] Explicit valence for atom # 3 C, 5, is greater than permitted
[01:55:55] ERROR: Could not sanitize molecule ending on line 3299155
[01:55:55] ERROR: Explicit valence for atom # 3 C, 5, is greater than permitted
[01:55:55] Explicit valence for atom # 3 C, 5, is greater than permitted
[01:55:55] ERROR: Could not sanitize molecule ending on line 3299202
[01:55:55] ERROR: Explicit valence for atom # 3 C, 5, is greater than permitted
[01:55:55] Explicit valence for atom # 3 C, 5, is greater than permitted
[01:55:55] ERROR: Could not sanitize molecule ending on line 3299690
[01:55:55] ERROR: Explicit valence for atom # 3 C, 5, is greater than permitted
[01:55:55] Explicit valence for atom # 3 C, 5, is greater than permitted
[01:55:55] ERROR: Could not sanitize molecule ending on line 3299910
[01:55:55] ERROR: Explicit valence for atom # 3 C, 5, is greater than permitted
[01:55:55] Explicit valence for atom # 3 C, 5, is greater than permitted
[01:55:55] ERROR: Could not sanitize molecule ending on line 3299951
[01:55:55] ERROR: Explicit valence for atom # 3 C, 5, is greater than permitted
[01:55:55] Explicit valence for atom # 3 C, 5, is greater than permitted
[01:55:55] ERROR: Could not sanitize molecule ending on line 3300072
[01:55:55] ERROR: Explicit valence for atom # 3 C, 5, is greater than permitted
[01:55:55] Explicit valence for atom # 3 C, 5, is greater than permitted
[01:55:55] ERROR: Could not sanitize molecule ending on line 3300247
[01:55:55] ERROR: Explicit valence for atom # 3 C, 5, is greater than permitted
[01:55:55] Explicit valence for atom # 3 C, 5, is greater than permitted
[01:55:55] ERROR: Could not sanitize molecule ending on line 3300422
[01:55:55] ERROR: Explicit valence for atom # 3 C, 5, is greater than permitted
[01:55:55] Explicit valence for atom # 3 C, 5, is greater than permitted
[01:55:55] ERROR: Could not sanitize molecule ending on line 3300543
[01:55:55] ERROR: Explicit valence for atom # 3 C, 5, is greater than permitted
[01:55:55] Explicit valence for atom # 3 C, 5, is greater than permitted
[01:55:55] ERROR: Could not sanitize molecule ending on line 3302759
[01:55:55] ERROR: Explicit valence for atom # 3 C, 5, is greater than permitted
[01:55:55] Explicit valence for atom # 3 C, 5, is greater than permitted
[01:55:55] ERROR: Could not sanitize molecule ending on line 3302800
[01:55:55] ERROR: Explicit valence for atom # 3 C, 5, is greater than permitted
[01:55:55] Explicit valence for atom # 3 C, 5, is greater than permitted
[01:55:55] ERROR: Could not sanitize molecule ending on line 3303102
[01:55:55] ERROR: Explicit valence for atom # 3 C, 5, is greater than permitted
[01:55:55] Explicit valence for atom # 3 C, 5, is greater than permitted
[01:55:55] ERROR: Could not sanitize molecule ending on line 3303142
[01:55:55] ERROR: Explicit valence for atom # 3 C, 5, is greater than permitted
[01:55:55] Explicit valence for atom # 3 C, 5, is greater than permitted
[01:55:55] ERROR: Could not sanitize molecule ending on line 3303422
[01:55:55] ERROR: Explicit valence for atom # 3 C, 5, is greater than permitted
[01:55:55] Explicit valence for atom # 3 C, 5, is greater than permitted
[01:55:55] ERROR: Could not sanitize molecule ending on line 3303459
[01:55:55] ERROR: Explicit valence for atom # 3 C, 5, is greater than permitted
[01:55:55] Explicit valence for atom # 3 C, 5, is greater than permitted
[01:55:55] ERROR: Could not sanitize molecule ending on line 3303593
[01:55:55] ERROR: Explicit valence for atom # 3 C, 5, is greater than permitted
[01:55:55] Explicit valence for atom # 3 C, 5, is greater than permitted
[01:55:55] ERROR: Could not sanitize molecule ending on line 3303768
[01:55:55] ERROR: Explicit valence for atom # 3 C, 5, is greater than permitted
[01:55:55] Explicit valence for atom # 3 C, 5, is greater than permitted
[01:55:55] ERROR: Could not sanitize molecule ending on line 3303890
[01:55:55] ERROR: Explicit valence for atom # 3 C, 5, is greater than permitted
[01:55:55] Explicit valence for atom # 3 C, 5, is greater than permitted
[01:55:55] ERROR: Could not sanitize molecule ending on line 3304024
[01:55:55] ERROR: Explicit valence for atom # 3 C, 5, is greater than permitted
[01:55:55] Explicit valence for atom # 3 C, 5, is greater than permitted
[01:55:55] ERROR: Could not sanitize molecule ending on line 3304196
[01:55:55] ERROR: Explicit valence for atom # 3 C, 5, is greater than permitted
[01:55:55] Explicit valence for atom # 3 C, 5, is greater than permitted
[01:55:55] ERROR: Could not sanitize molecule ending on line 3304318
[01:55:55] ERROR: Explicit valence for atom # 3 C, 5, is greater than permitted
[01:55:55] Explicit valence for atom # 3 C, 5, is greater than permitted
[01:55:55] ERROR: Could not sanitize molecule ending on line 3304473
[01:55:55] ERROR: Explicit valence for atom # 3 C, 5, is greater than permitted
[01:55:55] Explicit valence for atom # 3 C, 5, is greater than permitted
[01:55:55] ERROR: Could not sanitize molecule ending on line 3304520
[01:55:55] ERROR: Explicit valence for atom # 3 C, 5, is greater than permitted
[01:55:55] Explicit valence for atom # 3 C, 5, is greater than permitted
[01:55:55] ERROR: Could not sanitize molecule ending on line 3304654
[01:55:55] ERROR: Explicit valence for atom # 3 C, 5, is greater than permitted
[01:55:55] Explicit valence for atom # 2 C, 5, is greater than permitted
[01:55:55] ERROR: Could not sanitize molecule ending on line 3361853
[01:55:55] ERROR: Explicit valence for atom # 2 C, 5, is greater than permitted
[01:55:55] Explicit valence for atom # 2 C, 5, is greater than permitted
[01:55:55] ERROR: Could not sanitize molecule ending on line 3361938
[01:55:55] ERROR: Explicit valence for atom # 2 C, 5, is greater than permitted
[01:55:55] Explicit valence for atom # 2 C, 5, is greater than permitted
[01:55:55] ERROR: Could not sanitize molecule ending on line 3361980
[01:55:55] ERROR: Explicit valence for atom # 2 C, 5, is greater than permitted
[01:55:55] Explicit valence for atom # 2 C, 5, is greater than permitted
[01:55:55] ERROR: Could not sanitize molecule ending on line 3362020
[01:55:55] ERROR: Explicit valence for atom # 2 C, 5, is greater than permitted
[01:55:55] Explicit valence for atom # 2 C, 5, is greater than permitted
[01:55:55] ERROR: Could not sanitize molecule ending on line 3366831
[01:55:55] ERROR: Explicit valence for atom # 2 C, 5, is greater than permitted
[01:55:55] Explicit valence for atom # 2 C, 5, is greater than permitted
[01:55:55] ERROR: Could not sanitize molecule ending on line 3367701
[01:55:55] ERROR: Explicit valence for atom # 2 C, 5, is greater than permitted
[01:55:55] Explicit valence for atom # 2 C, 5, is greater than permitted
[01:55:55] ERROR: Could not sanitize molecule ending on line 3368656
[01:55:55] ERROR: Explicit valence for atom # 2 C, 5, is greater than permitted
[01:55:55] Explicit valence for atom # 2 C, 5, is greater than permitted
[01:55:55] ERROR: Could not sanitize molecule ending on line 3368700
[01:55:55] ERROR: Explicit valence for atom # 2 C, 5, is greater than permitted
[01:55:55] Explicit valence for atom # 2 C, 5, is greater than permitted
[01:55:55] ERROR: Could not sanitize molecule ending on line 3369409
[01:55:55] ERROR: Explicit valence for atom # 2 C, 5, is greater than permitted
[01:55:55] Explicit valence for atom # 3 C, 5, is greater than permitted
[01:55:55] ERROR: Could not sanitize molecule ending on line 3373295
[01:55:55] ERROR: Explicit valence for atom # 3 C, 5, is greater than permitted
[01:55:55] Explicit valence for atom # 2 C, 5, is greater than permitted
[01:55:55] ERROR: Could not sanitize molecule ending on line 3373481
[01:55:55] ERROR: Explicit valence for atom # 2 C, 5, is greater than permitted
[01:55:55] Explicit valence for atom # 2 C, 5, is greater than permitted
[01:55:55] ERROR: Could not sanitize molecule ending on line 3373525
[01:55:55] ERROR: Explicit valence for atom # 2 C, 5, is greater than permitted
[01:55:55] Explicit valence for atom # 3 C, 5, is greater than permitted
[01:55:55] ERROR: Could not sanitize molecule ending on line 3373925
[01:55:55] ERROR: Explicit valence for atom # 3 C, 5, is greater than permitted
[01:55:55] Explicit valence for atom # 5 C, 5, is greater than permitted
[01:55:55] ERROR: Could not sanitize molecule ending on line 3374049
[01:55:55] ERROR: Explicit valence for atom # 5 C, 5, is greater than permitted
[01:55:55] Explicit valence for atom # 2 C, 5, is greater than permitted
[01:55:55] ERROR: Could not sanitize molecule ending on line 3374257
[01:55:55] ERROR: Explicit valence for atom # 2 C, 5, is greater than permitted
[01:55:55] Explicit valence for atom # 2 C, 5, is greater than permitted
[01:55:55] ERROR: Could not sanitize molecule ending on line 3374306
[01:55:55] ERROR: Explicit valence for atom # 2 C, 5, is greater than permitted
[01:55:55] Explicit valence for atom # 2 C, 5, is greater than permitted
[01:55:55] ERROR: Could not sanitize molecule ending on line 3374353
[01:55:55] ERROR: Explicit valence for atom # 2 C, 5, is greater than permitted
[01:55:55] Explicit valence for atom # 2 C, 5, is greater than permitted
[01:55:55] ERROR: Could not sanitize molecule ending on line 3374929
[01:55:55] ERROR: Explicit valence for atom # 2 C, 5, is greater than permitted
[01:55:55] Explicit valence for atom # 2 C, 5, is greater than permitted
[01:55:55] ERROR: Could not sanitize molecule ending on line 3374972
[01:55:55] ERROR: Explicit valence for atom # 2 C, 5, is greater than permitted
[01:55:55] Explicit valence for atom # 2 C, 5, is greater than permitted
[01:55:55] ERROR: Could not sanitize molecule ending on line 3375465
[01:55:55] ERROR: Explicit valence for atom # 2 C, 5, is greater than permitted
[01:55:55] Explicit valence for atom # 2 C, 5, is greater than permitted
[01:55:55] ERROR: Could not sanitize molecule ending on line 3375507
[01:55:55] ERROR: Explicit valence for atom # 2 C, 5, is greater than permitted
[01:55:55] Explicit valence for atom # 2 C, 5, is greater than permitted
[01:55:55] ERROR: Could not sanitize molecule ending on line 3376700
[01:55:55] ERROR: Explicit valence for atom # 2 C, 5, is greater than permitted
[01:55:55] Explicit valence for atom # 2 C, 5, is greater than permitted
[01:55:55] ERROR: Could not sanitize molecule ending on line 3376836
[01:55:55] ERROR: Explicit valence for atom # 2 C, 5, is greater than permitted
[01:55:55] Explicit valence for atom # 2 C, 5, is greater than permitted
[01:55:55] ERROR: Could not sanitize molecule ending on line 3377063
[01:55:55] ERROR: Explicit valence for atom # 2 C, 5, is greater than permitted
[01:55:55] Explicit valence for atom # 2 C, 5, is greater than permitted
[01:55:55] ERROR: Could not sanitize molecule ending on line 3377187
[01:55:55] ERROR: Explicit valence for atom # 2 C, 5, is greater than permitted
[01:55:55] Explicit valence for atom # 2 C, 5, is greater than permitted
[01:55:55] ERROR: Could not sanitize molecule ending on line 3379026
[01:55:55] ERROR: Explicit valence for atom # 2 C, 5, is greater than permitted
[01:55:55] Explicit valence for atom # 2 C, 5, is greater than permitted
[01:55:55] ERROR: Could not sanitize molecule ending on line 3379473
[01:55:55] ERROR: Explicit valence for atom # 2 C, 5, is greater than permitted
[01:55:55] Explicit valence for atom # 2 C, 5, is greater than permitted
[01:55:55] ERROR: Could not sanitize molecule ending on line 3379664
[01:55:55] ERROR: Explicit valence for atom # 2 C, 5, is greater than permitted
[01:55:55] Explicit valence for atom # 2 C, 5, is greater than permitted
[01:55:55] ERROR: Could not sanitize molecule ending on line 3379883
[01:55:55] ERROR: Explicit valence for atom # 2 C, 5, is greater than permitted
[01:55:55] Explicit valence for atom # 2 C, 5, is greater than permitted
[01:55:55] ERROR: Could not sanitize molecule ending on line 3380557
[01:55:55] ERROR: Explicit valence for atom # 2 C, 5, is greater than permitted
[01:55:55] Explicit valence for atom # 2 C, 5, is greater than permitted
[01:55:55] ERROR: Could not sanitize molecule ending on line 3380699
[01:55:55] ERROR: Explicit valence for atom # 2 C, 5, is greater than permitted
[01:55:55] Explicit valence for atom # 2 C, 5, is greater than permitted
[01:55:55] ERROR: Could not sanitize molecule ending on line 3380829
[01:55:55] ERROR: Explicit valence for atom # 2 C, 5, is greater than permitted
[01:55:55] Explicit valence for atom # 2 C, 5, is greater than permitted
[01:55:55] ERROR: Could not sanitize molecule ending on line 3381887
[01:55:55] ERROR: Explicit valence for atom # 2 C, 5, is greater than permitted
[01:55:55] Explicit valence for atom # 2 C, 5, is greater than permitted
[01:55:55] ERROR: Could not sanitize molecule ending on line 3381934
[01:55:55] ERROR: Explicit valence for atom # 2 C, 5, is greater than permitted
[01:55:55] Explicit valence for atom # 2 C, 5, is greater than permitted
[01:55:55] ERROR: Could not sanitize molecule ending on line 3381981
[01:55:55] ERROR: Explicit valence for atom # 2 C, 5, is greater than permitted
[01:55:55] Explicit valence for atom # 2 C, 5, is greater than permitted
[01:55:55] ERROR: Could not sanitize molecule ending on line 3382542
[01:55:55] ERROR: Explicit valence for atom # 2 C, 5, is greater than permitted
[01:55:55] Explicit valence for atom # 2 C, 5, is greater than permitted
[01:55:55] ERROR: Could not sanitize molecule ending on line 3382627
[01:55:55] ERROR: Explicit valence for atom # 2 C, 5, is greater than permitted
[01:55:55] Explicit valence for atom # 4 C, 5, is greater than permitted
[01:55:55] ERROR: Could not sanitize molecule ending on line 3393324
[01:55:55] ERROR: Explicit valence for atom # 4 C, 5, is greater than permitted
[01:55:55] Explicit valence for atom # 4 C, 5, is greater than permitted
[01:55:55] ERROR: Could not sanitize molecule ending on line 3393448
[01:55:55] ERROR: Explicit valence for atom # 4 C, 5, is greater than permitted
[01:55:55] Explicit valence for atom # 2 C, 5, is greater than permitted
[01:55:55] ERROR: Could not sanitize molecule ending on line 3393989
[01:55:55] ERROR: Explicit valence for atom # 2 C, 5, is greater than permitted
[01:55:55] Explicit valence for atom # 2 C, 5, is greater than permitted
[01:55:55] ERROR: Could not sanitize molecule ending on line 3394033
[01:55:55] ERROR: Explicit valence for atom # 2 C, 5, is greater than permitted
[01:55:55] Explicit valence for atom # 2 C, 5, is greater than permitted
[01:55:55] ERROR: Could not sanitize molecule ending on line 3394075
[01:55:55] ERROR: Explicit valence for atom # 2 C, 5, is greater than permitted
[01:55:55] Explicit valence for atom # 2 C, 5, is greater than permitted
[01:55:55] ERROR: Could not sanitize molecule ending on line 3394117
[01:55:55] ERROR: Explicit valence for atom # 2 C, 5, is greater than permitted
[01:55:55] Explicit valence for atom # 2 C, 5, is greater than permitted
[01:55:55] ERROR: Could not sanitize molecule ending on line 3394157
[01:55:55] ERROR: Explicit valence for atom # 2 C, 5, is greater than permitted
[01:55:55] Explicit valence for atom # 4 C, 5, is greater than permitted
[01:55:55] ERROR: Could not sanitize molecule ending on line 3394932
[01:55:55] ERROR: Explicit valence for atom # 4 C, 5, is greater than permitted
[01:55:55] Explicit valence for atom # 2 C, 5, is greater than permitted
[01:55:55] ERROR: Could not sanitize molecule ending on line 3395163
[01:55:55] ERROR: Explicit valence for atom # 2 C, 5, is greater than permitted
[01:55:55] Explicit valence for atom # 2 C, 5, is greater than permitted
[01:55:55] ERROR: Could not sanitize molecule ending on line 3395205
[01:55:55] ERROR: Explicit valence for atom # 2 C, 5, is greater than permitted
[01:55:55] Explicit valence for atom # 2 C, 5, is greater than permitted
[01:55:55] ERROR: Could not sanitize molecule ending on line 3395668
[01:55:55] ERROR: Explicit valence for atom # 2 C, 5, is greater than permitted
[01:55:55] Explicit valence for atom # 2 C, 5, is greater than permitted
[01:55:55] ERROR: Could not sanitize molecule ending on line 3395715
[01:55:55] ERROR: Explicit valence for atom # 2 C, 5, is greater than permitted
[01:55:55] Explicit valence for atom # 2 C, 5, is greater than permitted
[01:55:55] ERROR: Could not sanitize molecule ending on line 3395762
[01:55:55] ERROR: Explicit valence for atom # 2 C, 5, is greater than permitted
[01:55:55] Explicit valence for atom # 2 C, 5, is greater than permitted
[01:55:55] ERROR: Could not sanitize molecule ending on line 3396137
[01:55:55] ERROR: Explicit valence for atom # 2 C, 5, is greater than permitted
[01:55:55] Explicit valence for atom # 4 C, 5, is greater than permitted
[01:55:55] ERROR: Could not sanitize molecule ending on line 3396351
[01:55:55] ERROR: Explicit valence for atom # 4 C, 5, is greater than permitted
[01:55:55] Explicit valence for atom # 2 C, 5, is greater than permitted
[01:55:55] ERROR: Could not sanitize molecule ending on line 3396810
[01:55:55] ERROR: Explicit valence for atom # 2 C, 5, is greater than permitted
[01:55:55] Explicit valence for atom # 2 C, 5, is greater than permitted
[01:55:55] ERROR: Could not sanitize molecule ending on line 3396854
[01:55:55] ERROR: Explicit valence for atom # 2 C, 5, is greater than permitted
[01:55:55] Explicit valence for atom # 4 C, 5, is greater than permitted
[01:55:55] ERROR: Could not sanitize molecule ending on line 3397116
[01:55:55] ERROR: Explicit valence for atom # 4 C, 5, is greater than permitted
[01:55:55] Explicit valence for atom # 5 C, 5, is greater than permitted
[01:55:55] ERROR: Could not sanitize molecule ending on line 3397284
[01:55:55] ERROR: Explicit valence for atom # 5 C, 5, is greater than permitted
[01:55:55] Explicit valence for atom # 2 C, 5, is greater than permitted
[01:55:55] ERROR: Could not sanitize molecule ending on line 3397632
[01:55:55] ERROR: Explicit valence for atom # 2 C, 5, is greater than permitted
[01:55:55] Explicit valence for atom # 2 C, 5, is greater than permitted
[01:55:55] ERROR: Could not sanitize molecule ending on line 3397679
[01:55:55] ERROR: Explicit valence for atom # 2 C, 5, is greater than permitted
[01:55:55] Explicit valence for atom # 2 C, 5, is greater than permitted
[01:55:55] ERROR: Could not sanitize molecule ending on line 3397729
[01:55:55] ERROR: Explicit valence for atom # 2 C, 5, is greater than permitted
[01:55:55] Explicit valence for atom # 2 C, 5, is greater than permitted
[01:55:55] ERROR: Could not sanitize molecule ending on line 3398068
[01:55:55] ERROR: Explicit valence for atom # 2 C, 5, is greater than permitted
[01:55:55] Explicit valence for atom # 2 C, 5, is greater than permitted
[01:55:55] ERROR: Could not sanitize molecule ending on line 3398113
[01:55:55] ERROR: Explicit valence for atom # 2 C, 5, is greater than permitted
[01:55:55] Explicit valence for atom # 2 C, 5, is greater than permitted
[01:55:55] ERROR: Could not sanitize molecule ending on line 3398156
[01:55:55] ERROR: Explicit valence for atom # 2 C, 5, is greater than permitted
[01:55:55] Explicit valence for atom # 2 C, 5, is greater than permitted
[01:55:55] ERROR: Could not sanitize molecule ending on line 3398483
[01:55:55] ERROR: Explicit valence for atom # 2 C, 5, is greater than permitted
[01:55:55] Explicit valence for atom # 2 C, 5, is greater than permitted
[01:55:55] ERROR: Could not sanitize molecule ending on line 3398527
[01:55:55] ERROR: Explicit valence for atom # 2 C, 5, is greater than permitted
[01:55:55] Explicit valence for atom # 2 C, 5, is greater than permitted
[01:55:55] ERROR: Could not sanitize molecule ending on line 3398830
[01:55:55] ERROR: Explicit valence for atom # 2 C, 5, is greater than permitted
[01:55:55] Explicit valence for atom # 2 C, 5, is greater than permitted
[01:55:55] ERROR: Could not sanitize molecule ending on line 3399200
[01:55:55] ERROR: Explicit valence for atom # 2 C, 5, is greater than permitted
[01:55:55] Explicit valence for atom # 2 C, 5, is greater than permitted
[01:55:55] ERROR: Could not sanitize molecule ending on line 3399244
[01:55:55] ERROR: Explicit valence for atom # 2 C, 5, is greater than permitted
[01:55:55] Explicit valence for atom # 2 C, 5, is greater than permitted
[01:55:55] ERROR: Could not sanitize molecule ending on line 3399289
[01:55:55] ERROR: Explicit valence for atom # 2 C, 5, is greater than permitted
[01:55:55] Explicit valence for atom # 2 C, 5, is greater than permitted
[01:55:55] ERROR: Could not sanitize molecule ending on line 3399331
[01:55:55] ERROR: Explicit valence for atom # 2 C, 5, is greater than permitted
[01:55:55] Explicit valence for atom # 2 C, 5, is greater than permitted
[01:55:55] ERROR: Could not sanitize molecule ending on line 3399896
[01:55:55] ERROR: Explicit valence for atom # 2 C, 5, is greater than permitted
[01:55:56] Explicit valence for atom # 4 C, 5, is greater than permitted
[01:55:56] ERROR: Could not sanitize molecule ending on line 3530675
[01:55:56] ERROR: Explicit valence for atom # 4 C, 5, is greater than permitted
[01:55:56] Explicit valence for atom # 4 C, 5, is greater than permitted
[01:55:56] ERROR: Could not sanitize molecule ending on line 3530764
[01:55:56] ERROR: Explicit valence for atom # 4 C, 5, is greater than permitted
[01:55:56] Explicit valence for atom # 5 C, 5, is greater than permitted
[01:55:56] ERROR: Could not sanitize molecule ending on line 3532822
[01:55:56] ERROR: Explicit valence for atom # 5 C, 5, is greater than permitted
[01:55:56] Explicit valence for atom # 5 C, 5, is greater than permitted
[01:55:56] ERROR: Could not sanitize molecule ending on line 3532960
[01:55:56] ERROR: Explicit valence for atom # 5 C, 5, is greater than permitted
[01:55:56] Explicit valence for atom # 5 C, 5, is greater than permitted
[01:55:56] ERROR: Could not sanitize molecule ending on line 3533376
[01:55:56] ERROR: Explicit valence for atom # 5 C, 5, is greater than permitted
[01:55:56] Explicit valence for atom # 5 C, 5, is greater than permitted
[01:55:56] ERROR: Could not sanitize molecule ending on line 3533510
[01:55:56] ERROR: Explicit valence for atom # 5 C, 5, is greater than permitted
[01:55:57] Explicit valence for atom # 5 C, 5, is greater than permitted
[01:55:57] ERROR: Could not sanitize molecule ending on line 3661607
[01:55:57] ERROR: Explicit valence for atom # 5 C, 5, is greater than permitted
[01:55:57] Explicit valence for atom # 5 C, 5, is greater than permitted
[01:55:57] ERROR: Could not sanitize molecule ending on line 3661701
[01:55:57] ERROR: Explicit valence for atom # 5 C, 5, is greater than permitted
[01:55:57] Explicit valence for atom # 5 C, 5, is greater than permitted
[01:55:57] ERROR: Could not sanitize molecule ending on line 3661838
[01:55:57] ERROR: Explicit valence for atom # 5 C, 5, is greater than permitted
[01:55:57] Explicit valence for atom # 5 C, 5, is greater than permitted
[01:55:57] ERROR: Could not sanitize molecule ending on line 3661983
[01:55:57] ERROR: Explicit valence for atom # 5 C, 5, is greater than permitted
[01:55:57] Explicit valence for atom # 5 C, 5, is greater than permitted
[01:55:57] ERROR: Could not sanitize molecule ending on line 3662166
[01:55:57] ERROR: Explicit valence for atom # 5 C, 5, is greater than permitted
[01:55:57] Explicit valence for atom # 1 C, 5, is greater than permitted
[01:55:57] ERROR: Could not sanitize molecule ending on line 3662263
[01:55:57] ERROR: Explicit valence for atom # 1 C, 5, is greater than permitted
[01:55:57] Explicit valence for atom # 4 C, 5, is greater than permitted
[01:55:57] ERROR: Could not sanitize molecule ending on line 3662417
[01:55:57] ERROR: Explicit valence for atom # 4 C, 5, is greater than permitted
[01:55:57] Explicit valence for atom # 2 C, 5, is greater than permitted
[01:55:57] ERROR: Could not sanitize molecule ending on line 3663874
[01:55:57] ERROR: Explicit valence for atom # 2 C, 5, is greater than permitted
[01:55:57] Explicit valence for atom # 2 C, 5, is greater than permitted
[01:55:57] ERROR: Could not sanitize molecule ending on line 3663924
[01:55:57] ERROR: Explicit valence for atom # 2 C, 5, is greater than permitted
[01:55:57] Explicit valence for atom # 4 C, 5, is greater than permitted
[01:55:57] ERROR: Could not sanitize molecule ending on line 3664079
[01:55:57] ERROR: Explicit valence for atom # 4 C, 5, is greater than permitted
[01:55:57] Explicit valence for atom # 4 C, 5, is greater than permitted
[01:55:57] ERROR: Could not sanitize molecule ending on line 3712084
[01:55:57] ERROR: Explicit valence for atom # 4 C, 5, is greater than permitted
[01:55:57] Explicit valence for atom # 4 C, 5, is greater than permitted
[01:55:57] ERROR: Could not sanitize molecule ending on line 3712290
[01:55:57] ERROR: Explicit valence for atom # 4 C, 5, is greater than permitted
[01:55:57] Explicit valence for atom # 4 C, 5, is greater than permitted
[01:55:57] ERROR: Could not sanitize molecule ending on line 3712387
[01:55:57] ERROR: Explicit valence for atom # 4 C, 5, is greater than permitted
[01:55:57] Explicit valence for atom # 4 C, 5, is greater than permitted
[01:55:57] ERROR: Could not sanitize molecule ending on line 3712539
[01:55:57] ERROR: Explicit valence for atom # 4 C, 5, is greater than permitted
[01:55:57] Explicit valence for atom # 4 C, 5, is greater than permitted
[01:55:57] ERROR: Could not sanitize molecule ending on line 3712687
[01:55:57] ERROR: Explicit valence for atom # 4 C, 5, is greater than permitted
[01:55:57] Explicit valence for atom # 5 C, 5, is greater than permitted
[01:55:57] ERROR: Could not sanitize molecule ending on line 3716156
[01:55:57] ERROR: Explicit valence for atom # 5 C, 5, is greater than permitted
[01:55:57] Explicit valence for atom # 5 C, 5, is greater than permitted
[01:55:57] ERROR: Could not sanitize molecule ending on line 3716259
[01:55:57] ERROR: Explicit valence for atom # 5 C, 5, is greater than permitted
[01:55:57] Explicit valence for atom # 5 C, 5, is greater than permitted
[01:55:57] ERROR: Could not sanitize molecule ending on line 3716407
[01:55:57] ERROR: Explicit valence for atom # 5 C, 5, is greater than permitted
[01:55:57] Explicit valence for atom # 5 C, 5, is greater than permitted
[01:55:57] ERROR: Could not sanitize molecule ending on line 3716559
[01:55:57] ERROR: Explicit valence for atom # 5 C, 5, is greater than permitted
[01:55:57] Explicit valence for atom # 5 C, 5, is greater than permitted
[01:55:57] ERROR: Could not sanitize molecule ending on line 3716656
[01:55:57] ERROR: Explicit valence for atom # 5 C, 5, is greater than permitted
[01:55:57] Explicit valence for atom # 6 C, 5, is greater than permitted
[01:55:57] ERROR: Could not sanitize molecule ending on line 3745722
[01:55:57] ERROR: Explicit valence for atom # 6 C, 5, is greater than permitted
[01:55:57] Explicit valence for atom # 5 C, 5, is greater than permitted
[01:55:57] ERROR: Could not sanitize molecule ending on line 3745827
[01:55:57] ERROR: Explicit valence for atom # 5 C, 5, is greater than permitted
[01:55:57] Explicit valence for atom # 5 C, 5, is greater than permitted
[01:55:57] ERROR: Could not sanitize molecule ending on line 3745973
[01:55:57] ERROR: Explicit valence for atom # 5 C, 5, is greater than permitted
[01:55:57] Explicit valence for atom # 5 C, 5, is greater than permitted
[01:55:57] ERROR: Could not sanitize molecule ending on line 3746070
[01:55:57] ERROR: Explicit valence for atom # 5 C, 5, is greater than permitted
[01:55:57] Explicit valence for atom # 5 C, 5, is greater than permitted
[01:55:57] ERROR: Could not sanitize molecule ending on line 3746120
[01:55:57] ERROR: Explicit valence for atom # 5 C, 5, is greater than permitted
[01:55:57] Explicit valence for atom # 5 C, 5, is greater than permitted
[01:55:57] ERROR: Could not sanitize molecule ending on line 3746345
[01:55:57] ERROR: Explicit valence for atom # 5 C, 5, is greater than permitted
[01:55:57] Explicit valence for atom # 5 C, 5, is greater than permitted
[01:55:57] ERROR: Could not sanitize molecule ending on line 3760188
[01:55:57] ERROR: Explicit valence for atom # 5 C, 5, is greater than permitted
[01:55:57] Explicit valence for atom # 5 C, 5, is greater than permitted
[01:55:57] ERROR: Could not sanitize molecule ending on line 3760285
[01:55:57] ERROR: Explicit valence for atom # 5 C, 5, is greater than permitted
[01:55:57] Explicit valence for atom # 5 C, 5, is greater than permitted
[01:55:57] ERROR: Could not sanitize molecule ending on line 3760382
[01:55:57] ERROR: Explicit valence for atom # 5 C, 5, is greater than permitted
[01:55:57] Explicit valence for atom # 3 C, 5, is greater than permitted
[01:55:57] ERROR: Could not sanitize molecule ending on line 3783853
[01:55:57] ERROR: Explicit valence for atom # 3 C, 5, is greater than permitted
[01:55:57] Explicit valence for atom # 3 C, 5, is greater than permitted
[01:55:57] ERROR: Could not sanitize molecule ending on line 3784102
[01:55:57] ERROR: Explicit valence for atom # 3 C, 5, is greater than permitted
[01:55:57] Explicit valence for atom # 5 C, 5, is greater than permitted
[01:55:57] ERROR: Could not sanitize molecule ending on line 3784762
[01:55:57] ERROR: Explicit valence for atom # 5 C, 5, is greater than permitted
[01:55:57] Explicit valence for atom # 3 C, 5, is greater than permitted
[01:55:57] ERROR: Could not sanitize molecule ending on line 3784966
[01:55:57] ERROR: Explicit valence for atom # 3 C, 5, is greater than permitted
[01:55:57] Explicit valence for atom # 3 C, 5, is greater than permitted
[01:55:57] ERROR: Could not sanitize molecule ending on line 3785013
[01:55:57] ERROR: Explicit valence for atom # 3 C, 5, is greater than permitted
[01:55:57] Explicit valence for atom # 3 C, 5, is greater than permitted
[01:55:57] ERROR: Could not sanitize molecule ending on line 3785261
[01:55:57] ERROR: Explicit valence for atom # 3 C, 5, is greater than permitted
[01:55:57] Explicit valence for atom # 3 C, 5, is greater than permitted
[01:55:57] ERROR: Could not sanitize molecule ending on line 3785394
[01:55:57] ERROR: Explicit valence for atom # 3 C, 5, is greater than permitted
[01:55:57] Explicit valence for atom # 2 C, 5, is greater than permitted
[01:55:57] ERROR: Could not sanitize molecule ending on line 3786034
[01:55:57] ERROR: Explicit valence for atom # 2 C, 5, is greater than permitted
[01:55:57] Explicit valence for atom # 2 C, 5, is greater than permitted
[01:55:57] ERROR: Could not sanitize molecule ending on line 3786084
[01:55:57] ERROR: Explicit valence for atom # 2 C, 5, is greater than permitted
[01:55:57] Explicit valence for atom # 3 C, 5, is greater than permitted
[01:55:57] ERROR: Could not sanitize molecule ending on line 3786447
[01:55:57] ERROR: Explicit valence for atom # 3 C, 5, is greater than permitted
[01:55:57] Explicit valence for atom # 3 C, 5, is greater than permitted
[01:55:57] ERROR: Could not sanitize molecule ending on line 3786494
[01:55:57] ERROR: Explicit valence for atom # 3 C, 5, is greater than permitted
[01:55:57] Explicit valence for atom # 3 C, 5, is greater than permitted
[01:55:57] ERROR: Could not sanitize molecule ending on line 3786881
[01:55:57] ERROR: Explicit valence for atom # 3 C, 5, is greater than permitted
[01:55:57] Explicit valence for atom # 3 C, 5, is greater than permitted
[01:55:57] ERROR: Could not sanitize molecule ending on line 3787014
[01:55:57] ERROR: Explicit valence for atom # 3 C, 5, is greater than permitted
[01:55:57] Explicit valence for atom # 3 C, 5, is greater than permitted
[01:55:57] ERROR: Could not sanitize molecule ending on line 3790718
[01:55:57] ERROR: Explicit valence for atom # 3 C, 5, is greater than permitted
[01:55:57] Explicit valence for atom # 3 C, 5, is greater than permitted
[01:55:57] ERROR: Could not sanitize molecule ending on line 3790765
[01:55:57] ERROR: Explicit valence for atom # 3 C, 5, is greater than permitted
[01:55:57] Explicit valence for atom # 3 C, 5, is greater than permitted
[01:55:57] ERROR: Could not sanitize molecule ending on line 3790953
[01:55:57] ERROR: Explicit valence for atom # 3 C, 5, is greater than permitted
[01:55:57] Explicit valence for atom # 3 C, 5, is greater than permitted
[01:55:57] ERROR: Could not sanitize molecule ending on line 3791136
[01:55:57] ERROR: Explicit valence for atom # 3 C, 5, is greater than permitted
[01:55:57] Explicit valence for atom # 6 C, 5, is greater than permitted
[01:55:57] ERROR: Could not sanitize molecule ending on line 3791235
[01:55:57] ERROR: Explicit valence for atom # 6 C, 5, is greater than permitted
[01:55:57] Explicit valence for atom # 6 C, 5, is greater than permitted
[01:55:57] ERROR: Could not sanitize molecule ending on line 3791428
[01:55:57] ERROR: Explicit valence for atom # 6 C, 5, is greater than permitted
[01:55:57] Explicit valence for atom # 3 C, 5, is greater than permitted
[01:55:57] ERROR: Could not sanitize molecule ending on line 3791476
[01:55:57] ERROR: Explicit valence for atom # 3 C, 5, is greater than permitted
[01:55:57] Explicit valence for atom # 3 C, 5, is greater than permitted
[01:55:57] ERROR: Could not sanitize molecule ending on line 3791522
[01:55:57] ERROR: Explicit valence for atom # 3 C, 5, is greater than permitted
[01:55:57] Explicit valence for atom # 6 C, 5, is greater than permitted
[01:55:57] ERROR: Could not sanitize molecule ending on line 3791611
[01:55:57] ERROR: Explicit valence for atom # 6 C, 5, is greater than permitted
[01:55:57] Explicit valence for atom # 6 C, 5, is greater than permitted
[01:55:57] ERROR: Could not sanitize molecule ending on line 3791747
[01:55:57] ERROR: Explicit valence for atom # 6 C, 5, is greater than permitted
[01:55:57] Explicit valence for atom # 3 C, 5, is greater than permitted
[01:55:57] ERROR: Could not sanitize molecule ending on line 3791938
[01:55:57] ERROR: Explicit valence for atom # 3 C, 5, is greater than permitted
[01:55:57] Explicit valence for atom # 6 C, 5, is greater than permitted
[01:55:57] ERROR: Could not sanitize molecule ending on line 3792029
[01:55:57] ERROR: Explicit valence for atom # 6 C, 5, is greater than permitted
[01:55:57] Explicit valence for atom # 6 C, 5, is greater than permitted
[01:55:57] ERROR: Could not sanitize molecule ending on line 3792206
[01:55:57] ERROR: Explicit valence for atom # 6 C, 5, is greater than permitted
[01:55:57] Explicit valence for atom # 3 C, 5, is greater than permitted
[01:55:57] ERROR: Could not sanitize molecule ending on line 3792250
[01:55:57] ERROR: Explicit valence for atom # 3 C, 5, is greater than permitted
[01:55:57] Explicit valence for atom # 3 C, 5, is greater than permitted
[01:55:57] ERROR: Could not sanitize molecule ending on line 3792292
[01:55:57] ERROR: Explicit valence for atom # 3 C, 5, is greater than permitted
[01:55:57] Explicit valence for atom # 5 C, 5, is greater than permitted
[01:55:57] ERROR: Could not sanitize molecule ending on line 3820516
[01:55:57] ERROR: Explicit valence for atom # 5 C, 5, is greater than permitted
[01:55:57] Explicit valence for atom # 5 C, 5, is greater than permitted
[01:55:57] ERROR: Could not sanitize molecule ending on line 3820711
[01:55:57] ERROR: Explicit valence for atom # 5 C, 5, is greater than permitted
[01:55:57] Explicit valence for atom # 5 C, 5, is greater than permitted
[01:55:57] ERROR: Could not sanitize molecule ending on line 3820802
[01:55:57] ERROR: Explicit valence for atom # 5 C, 5, is greater than permitted
[01:55:57] Explicit valence for atom # 5 C, 5, is greater than permitted
[01:55:57] ERROR: Could not sanitize molecule ending on line 3821033
[01:55:57] ERROR: Explicit valence for atom # 5 C, 5, is greater than permitted
[01:55:57] Explicit valence for atom # 5 C, 5, is greater than permitted
[01:55:57] ERROR: Could not sanitize molecule ending on line 3821212
[01:55:57] ERROR: Explicit valence for atom # 5 C, 5, is greater than permitted
[01:55:57] Explicit valence for atom # 1 C, 5, is greater than permitted
[01:55:57] ERROR: Could not sanitize molecule ending on line 3826473
[01:55:57] ERROR: Explicit valence for atom # 1 C, 5, is greater than permitted
[01:55:57] Explicit valence for atom # 4 C, 5, is greater than permitted
[01:55:57] ERROR: Could not sanitize molecule ending on line 3826628
[01:55:57] ERROR: Explicit valence for atom # 4 C, 5, is greater than permitted
[01:55:57] Explicit valence for atom # 4 C, 5, is greater than permitted
[01:55:57] ERROR: Could not sanitize molecule ending on line 3826869
[01:55:57] ERROR: Explicit valence for atom # 4 C, 5, is greater than permitted
[01:55:57] Explicit valence for atom # 3 C, 5, is greater than permitted
[01:55:57] ERROR: Could not sanitize molecule ending on line 3827057
[01:55:57] ERROR: Explicit valence for atom # 3 C, 5, is greater than permitted
[01:55:57] Explicit valence for atom # 4 C, 5, is greater than permitted
[01:55:57] ERROR: Could not sanitize molecule ending on line 3827108
[01:55:57] ERROR: Explicit valence for atom # 4 C, 5, is greater than permitted
[01:55:57] Explicit valence for atom # 4 C, 5, is greater than permitted
[01:55:57] ERROR: Could not sanitize molecule ending on line 3827354
[01:55:57] ERROR: Explicit valence for atom # 4 C, 5, is greater than permitted
[01:55:57] Explicit valence for atom # 2 C, 5, is greater than permitted
[01:55:57] ERROR: Could not sanitize molecule ending on line 3827501
[01:55:57] ERROR: Explicit valence for atom # 2 C, 5, is greater than permitted
[01:55:57] Explicit valence for atom # 4 C, 5, is greater than permitted
[01:55:57] ERROR: Could not sanitize molecule ending on line 3827656
[01:55:57] ERROR: Explicit valence for atom # 4 C, 5, is greater than permitted
[01:55:57] Explicit valence for atom # 4 C, 5, is greater than permitted
[01:55:57] ERROR: Could not sanitize molecule ending on line 3827703
[01:55:57] ERROR: Explicit valence for atom # 4 C, 5, is greater than permitted
[01:55:57] Explicit valence for atom # 4 C, 5, is greater than permitted
[01:55:57] ERROR: Could not sanitize molecule ending on line 3827987
[01:55:57] ERROR: Explicit valence for atom # 4 C, 5, is greater than permitted
[01:55:57] Explicit valence for atom # 4 C, 5, is greater than permitted
[01:55:57] ERROR: Could not sanitize molecule ending on line 3828162
[01:55:57] ERROR: Explicit valence for atom # 4 C, 5, is greater than permitted
[01:55:57] Explicit valence for atom # 4 C, 5, is greater than permitted
[01:55:57] ERROR: Could not sanitize molecule ending on line 3828800
[01:55:57] ERROR: Explicit valence for atom # 4 C, 5, is greater than permitted
[01:55:57] Explicit valence for atom # 4 C, 5, is greater than permitted
[01:55:57] ERROR: Could not sanitize molecule ending on line 3828847
[01:55:57] ERROR: Explicit valence for atom # 4 C, 5, is greater than permitted
[01:55:57] Explicit valence for atom # 4 C, 5, is greater than permitted
[01:55:57] ERROR: Could not sanitize molecule ending on line 3829125
[01:55:57] ERROR: Explicit valence for atom # 4 C, 5, is greater than permitted
[01:55:58] Explicit valence for atom # 5 C, 5, is greater than permitted
[01:55:58] ERROR: Could not sanitize molecule ending on line 3979496
[01:55:58] ERROR: Explicit valence for atom # 5 C, 5, is greater than permitted
[01:55:58] Explicit valence for atom # 5 C, 5, is greater than permitted
[01:55:58] ERROR: Could not sanitize molecule ending on line 3979593
[01:55:58] ERROR: Explicit valence for atom # 5 C, 5, is greater than permitted
[01:55:58] Explicit valence for atom # 5 C, 5, is greater than permitted
[01:55:58] ERROR: Could not sanitize molecule ending on line 3979690
[01:55:58] ERROR: Explicit valence for atom # 5 C, 5, is greater than permitted
[01:55:58] Explicit valence for atom # 5 C, 5, is greater than permitted
[01:55:58] ERROR: Could not sanitize molecule ending on line 3979789
[01:55:58] ERROR: Explicit valence for atom # 5 C, 5, is greater than permitted
[01:55:58] Explicit valence for atom # 5 C, 5, is greater than permitted
[01:55:58] ERROR: Could not sanitize molecule ending on line 3979886
[01:55:58] ERROR: Explicit valence for atom # 5 C, 5, is greater than permitted
[01:55:58] Explicit valence for atom # 5 C, 5, is greater than permitted
[01:55:58] ERROR: Could not sanitize molecule ending on line 3979980
[01:55:58] ERROR: Explicit valence for atom # 5 C, 5, is greater than permitted
[01:55:58] Explicit valence for atom # 5 C, 5, is greater than permitted
[01:55:58] ERROR: Could not sanitize molecule ending on line 3980113
[01:55:58] ERROR: Explicit valence for atom # 5 C, 5, is greater than permitted
[01:55:58] Explicit valence for atom # 4 C, 5, is greater than permitted
[01:55:58] ERROR: Could not sanitize molecule ending on line 4007168
[01:55:58] ERROR: Explicit valence for atom # 4 C, 5, is greater than permitted
[01:55:58] Explicit valence for atom # 4 C, 5, is greater than permitted
[01:55:58] ERROR: Could not sanitize molecule ending on line 4007364
[01:55:58] ERROR: Explicit valence for atom # 4 C, 5, is greater than permitted
[01:55:58] Explicit valence for atom # 4 C, 5, is greater than permitted
[01:55:58] ERROR: Could not sanitize molecule ending on line 4007510
[01:55:58] ERROR: Explicit valence for atom # 4 C, 5, is greater than permitted
[01:55:58] Explicit valence for atom # 5 C, 5, is greater than permitted
[01:55:58] ERROR: Could not sanitize molecule ending on line 4012371
[01:55:58] ERROR: Explicit valence for atom # 5 C, 5, is greater than permitted
[01:55:58] Explicit valence for atom # 5 C, 5, is greater than permitted
[01:55:58] ERROR: Could not sanitize molecule ending on line 4012468
[01:55:58] ERROR: Explicit valence for atom # 5 C, 5, is greater than permitted
[01:55:58] Explicit valence for atom # 5 C, 5, is greater than permitted
[01:55:58] ERROR: Could not sanitize molecule ending on line 4012565
[01:55:58] ERROR: Explicit valence for atom # 5 C, 5, is greater than permitted
[01:55:58] Explicit valence for atom # 5 C, 5, is greater than permitted
[01:55:58] ERROR: Could not sanitize molecule ending on line 4012711
[01:55:58] ERROR: Explicit valence for atom # 5 C, 5, is greater than permitted
[01:55:58] Explicit valence for atom # 5 C, 5, is greater than permitted
[01:55:58] ERROR: Could not sanitize molecule ending on line 4012844
[01:55:58] ERROR: Explicit valence for atom # 5 C, 5, is greater than permitted
[01:55:58] Explicit valence for atom # 5 C, 5, is greater than permitted
[01:55:58] ERROR: Could not sanitize molecule ending on line 4013674
[01:55:58] ERROR: Explicit valence for atom # 5 C, 5, is greater than permitted
[01:55:58] Explicit valence for atom # 5 C, 5, is greater than permitted
[01:55:58] ERROR: Could not sanitize molecule ending on line 4013820
[01:55:58] ERROR: Explicit valence for atom # 5 C, 5, is greater than permitted
[01:55:58] Explicit valence for atom # 5 C, 5, is greater than permitted
[01:55:58] ERROR: Could not sanitize molecule ending on line 4013966
[01:55:58] ERROR: Explicit valence for atom # 5 C, 5, is greater than permitted
[01:55:58] Explicit valence for atom # 5 C, 5, is greater than permitted
[01:55:58] ERROR: Could not sanitize molecule ending on line 4014016
[01:55:58] ERROR: Explicit valence for atom # 5 C, 5, is greater than permitted
[01:55:58] Explicit valence for atom # 5 C, 5, is greater than permitted
[01:55:58] ERROR: Could not sanitize molecule ending on line 4014164
[01:55:58] ERROR: Explicit valence for atom # 5 C, 5, is greater than permitted
[01:55:58] Explicit valence for atom # 5 C, 5, is greater than permitted
[01:55:58] ERROR: Could not sanitize molecule ending on line 4014297
[01:55:58] ERROR: Explicit valence for atom # 5 C, 5, is greater than permitted
[01:55:58] Explicit valence for atom # 5 C, 5, is greater than permitted
[01:55:58] ERROR: Could not sanitize molecule ending on line 4104730
[01:55:58] ERROR: Explicit valence for atom # 5 C, 5, is greater than permitted
[01:55:59] Explicit valence for atom # 5 C, 5, is greater than permitted
[01:55:59] ERROR: Could not sanitize molecule ending on line 4123883
[01:55:59] ERROR: Explicit valence for atom # 5 C, 5, is greater than permitted
[01:55:59] Explicit valence for atom # 4 C, 5, is greater than permitted
[01:55:59] ERROR: Could not sanitize molecule ending on line 4137396
[01:55:59] ERROR: Explicit valence for atom # 4 C, 5, is greater than permitted
[01:55:59] Explicit valence for atom # 4 C, 5, is greater than permitted
[01:55:59] ERROR: Could not sanitize molecule ending on line 4137531
[01:55:59] ERROR: Explicit valence for atom # 4 C, 5, is greater than permitted
[01:55:59] Explicit valence for atom # 5 C, 5, is greater than permitted
[01:55:59] ERROR: Could not sanitize molecule ending on line 4138834
[01:55:59] ERROR: Explicit valence for atom # 5 C, 5, is greater than permitted
[01:55:59] Explicit valence for atom # 5 C, 5, is greater than permitted
[01:55:59] ERROR: Could not sanitize molecule ending on line 4138969
[01:55:59] ERROR: Explicit valence for atom # 5 C, 5, is greater than permitted
[01:55:59] Explicit valence for atom # 4 C, 5, is greater than permitted
[01:55:59] ERROR: Could not sanitize molecule ending on line 4172088
[01:55:59] ERROR: Explicit valence for atom # 4 C, 5, is greater than permitted
[01:55:59] Explicit valence for atom # 4 C, 5, is greater than permitted
[01:55:59] ERROR: Could not sanitize molecule ending on line 4172227
[01:55:59] ERROR: Explicit valence for atom # 4 C, 5, is greater than permitted
[01:55:59] Explicit valence for atom # 4 C, 5, is greater than permitted
[01:55:59] ERROR: Could not sanitize molecule ending on line 4172403
[01:55:59] ERROR: Explicit valence for atom # 4 C, 5, is greater than permitted
[01:55:59] Explicit valence for atom # 4 C, 5, is greater than permitted
[01:55:59] ERROR: Could not sanitize molecule ending on line 4172534
[01:55:59] ERROR: Explicit valence for atom # 4 C, 5, is greater than permitted
[01:55:59] Explicit valence for atom # 5 C, 5, is greater than permitted
[01:55:59] ERROR: Could not sanitize molecule ending on line 4175552
[01:55:59] ERROR: Explicit valence for atom # 5 C, 5, is greater than permitted
[01:55:59] Explicit valence for atom # 5 C, 5, is greater than permitted
[01:55:59] ERROR: Could not sanitize molecule ending on line 4175738
[01:55:59] ERROR: Explicit valence for atom # 5 C, 5, is greater than permitted
[01:55:59] Explicit valence for atom # 5 C, 5, is greater than permitted
[01:55:59] ERROR: Could not sanitize molecule ending on line 4175916
[01:55:59] ERROR: Explicit valence for atom # 5 C, 5, is greater than permitted
[01:55:59] Explicit valence for atom # 5 C, 5, is greater than permitted
[01:55:59] ERROR: Could not sanitize molecule ending on line 4176090
[01:55:59] ERROR: Explicit valence for atom # 5 C, 5, is greater than permitted
[01:55:59] Explicit valence for atom # 4 C, 5, is greater than permitted
[01:55:59] ERROR: Could not sanitize molecule ending on line 4288723
[01:55:59] ERROR: Explicit valence for atom # 4 C, 5, is greater than permitted
[01:55:59] Explicit valence for atom # 4 C, 5, is greater than permitted
[01:55:59] ERROR: Could not sanitize molecule ending on line 4288886
[01:55:59] ERROR: Explicit valence for atom # 4 C, 5, is greater than permitted
[01:55:59] Explicit valence for atom # 4 C, 5, is greater than permitted
[01:55:59] ERROR: Could not sanitize molecule ending on line 4289045
[01:55:59] ERROR: Explicit valence for atom # 4 C, 5, is greater than permitted
[01:55:59] Explicit valence for atom # 4 C, 5, is greater than permitted
[01:55:59] ERROR: Could not sanitize molecule ending on line 4289200
[01:55:59] ERROR: Explicit valence for atom # 4 C, 5, is greater than permitted
[01:55:59] Explicit valence for atom # 4 C, 5, is greater than permitted
[01:55:59] ERROR: Could not sanitize molecule ending on line 4289347
[01:55:59] ERROR: Explicit valence for atom # 4 C, 5, is greater than permitted
[01:55:59] Explicit valence for atom # 5 C, 5, is greater than permitted
[01:55:59] ERROR: Could not sanitize molecule ending on line 4292787
[01:55:59] ERROR: Explicit valence for atom # 5 C, 5, is greater than permitted
[01:55:59] Explicit valence for atom # 5 C, 5, is greater than permitted
[01:55:59] ERROR: Could not sanitize molecule ending on line 4292898
[01:55:59] ERROR: Explicit valence for atom # 5 C, 5, is greater than permitted
[01:55:59] Explicit valence for atom # 5 C, 5, is greater than permitted
[01:55:59] ERROR: Could not sanitize molecule ending on line 4293001
[01:55:59] ERROR: Explicit valence for atom # 5 C, 5, is greater than permitted
[01:55:59] Explicit valence for atom # 5 C, 5, is greater than permitted
[01:55:59] ERROR: Could not sanitize molecule ending on line 4293104
[01:55:59] ERROR: Explicit valence for atom # 5 C, 5, is greater than permitted
[01:55:59] Explicit valence for atom # 5 C, 5, is greater than permitted
[01:55:59] ERROR: Could not sanitize molecule ending on line 4293251
[01:55:59] ERROR: Explicit valence for atom # 5 C, 5, is greater than permitted
[01:56:00] Explicit valence for atom # 5 C, 5, is greater than permitted
[01:56:00] ERROR: Could not sanitize molecule ending on line 4379159
[01:56:00] ERROR: Explicit valence for atom # 5 C, 5, is greater than permitted
[01:56:00] Explicit valence for atom # 5 C, 5, is greater than permitted
[01:56:00] ERROR: Could not sanitize molecule ending on line 4379343
[01:56:00] ERROR: Explicit valence for atom # 5 C, 5, is greater than permitted
[01:56:00] Explicit valence for atom # 5 C, 5, is greater than permitted
[01:56:00] ERROR: Could not sanitize molecule ending on line 4379433
[01:56:00] ERROR: Explicit valence for atom # 5 C, 5, is greater than permitted
[01:56:00] Explicit valence for atom # 5 C, 5, is greater than permitted
[01:56:00] ERROR: Could not sanitize molecule ending on line 4379563
[01:56:00] ERROR: Explicit valence for atom # 5 C, 5, is greater than permitted
[01:56:00] Explicit valence for atom # 5 C, 5, is greater than permitted
[01:56:00] ERROR: Could not sanitize molecule ending on line 4379693
[01:56:00] ERROR: Explicit valence for atom # 5 C, 5, is greater than permitted
[01:56:00] Explicit valence for atom # 5 C, 5, is greater than permitted
[01:56:00] ERROR: Could not sanitize molecule ending on line 4379817
[01:56:00] ERROR: Explicit valence for atom # 5 C, 5, is greater than permitted
[01:56:00] Explicit valence for atom # 5 C, 5, is greater than permitted
[01:56:00] ERROR: Could not sanitize molecule ending on line 4379948
[01:56:00] ERROR: Explicit valence for atom # 5 C, 5, is greater than permitted
[01:56:00] Explicit valence for atom # 5 C, 5, is greater than permitted
[01:56:00] ERROR: Could not sanitize molecule ending on line 4380116
[01:56:00] ERROR: Explicit valence for atom # 5 C, 5, is greater than permitted
[01:56:00] Explicit valence for atom # 5 C, 5, is greater than permitted
[01:56:00] ERROR: Could not sanitize molecule ending on line 4388271
[01:56:00] ERROR: Explicit valence for atom # 5 C, 5, is greater than permitted
[01:56:00] Explicit valence for atom # 5 C, 5, is greater than permitted
[01:56:00] ERROR: Could not sanitize molecule ending on line 4388482
[01:56:00] ERROR: Explicit valence for atom # 5 C, 5, is greater than permitted
[01:56:00] Explicit valence for atom # 5 C, 5, is greater than permitted
[01:56:00] ERROR: Could not sanitize molecule ending on line 4388628
[01:56:00] ERROR: Explicit valence for atom # 5 C, 5, is greater than permitted
[01:56:00] Explicit valence for atom # 5 C, 5, is greater than permitted
[01:56:00] ERROR: Could not sanitize molecule ending on line 4388774
[01:56:00] ERROR: Explicit valence for atom # 5 C, 5, is greater than permitted
[01:56:00] Explicit valence for atom # 5 C, 5, is greater than permitted
[01:56:00] ERROR: Could not sanitize molecule ending on line 4388908
[01:56:00] ERROR: Explicit valence for atom # 5 C, 5, is greater than permitted
[01:56:00] Explicit valence for atom # 4 C, 5, is greater than permitted
[01:56:00] ERROR: Could not sanitize molecule ending on line 4392031
[01:56:00] ERROR: Explicit valence for atom # 4 C, 5, is greater than permitted
[01:56:00] Explicit valence for atom # 4 C, 5, is greater than permitted
[01:56:00] ERROR: Could not sanitize molecule ending on line 4392438
[01:56:00] ERROR: Explicit valence for atom # 4 C, 5, is greater than permitted
[01:56:00] Explicit valence for atom # 4 C, 5, is greater than permitted
[01:56:00] ERROR: Could not sanitize molecule ending on line 4392797
[01:56:00] ERROR: Explicit valence for atom # 4 C, 5, is greater than permitted
[01:56:00] Explicit valence for atom # 4 C, 5, is greater than permitted
[01:56:00] ERROR: Could not sanitize molecule ending on line 4393678
[01:56:00] ERROR: Explicit valence for atom # 4 C, 5, is greater than permitted
[01:56:00] Explicit valence for atom # 2 C, 5, is greater than permitted
[01:56:00] ERROR: Could not sanitize molecule ending on line 4393877
[01:56:00] ERROR: Explicit valence for atom # 2 C, 5, is greater than permitted
[01:56:00] Explicit valence for atom # 2 C, 5, is greater than permitted
[01:56:00] ERROR: Could not sanitize molecule ending on line 4393923
[01:56:00] ERROR: Explicit valence for atom # 2 C, 5, is greater than permitted
[01:56:00] Explicit valence for atom # 4 C, 5, is greater than permitted
[01:56:00] ERROR: Could not sanitize molecule ending on line 4394087
[01:56:00] ERROR: Explicit valence for atom # 4 C, 5, is greater than permitted
[01:56:00] Explicit valence for atom # 4 C, 5, is greater than permitted
[01:56:00] ERROR: Could not sanitize molecule ending on line 4394137
[01:56:00] ERROR: Explicit valence for atom # 4 C, 5, is greater than permitted
[01:56:00] Explicit valence for atom # 4 C, 5, is greater than permitted
[01:56:00] ERROR: Could not sanitize molecule ending on line 4394388
[01:56:00] ERROR: Explicit valence for atom # 4 C, 5, is greater than permitted
[01:56:00] Explicit valence for atom # 4 C, 5, is greater than permitted
[01:56:00] ERROR: Could not sanitize molecule ending on line 4394784
[01:56:00] ERROR: Explicit valence for atom # 4 C, 5, is greater than permitted
[01:56:00] Explicit valence for atom # 5 C, 5, is greater than permitted
[01:56:00] ERROR: Could not sanitize molecule ending on line 4449588
[01:56:00] ERROR: Explicit valence for atom # 5 C, 5, is greater than permitted
[01:56:00] Explicit valence for atom # 5 C, 5, is greater than permitted
[01:56:00] ERROR: Could not sanitize molecule ending on line 4449725
[01:56:00] ERROR: Explicit valence for atom # 5 C, 5, is greater than permitted
[01:56:00] Explicit valence for atom # 5 C, 5, is greater than permitted
[01:56:00] ERROR: Could not sanitize molecule ending on line 4449855
[01:56:00] ERROR: Explicit valence for atom # 5 C, 5, is greater than permitted
[01:56:00] Explicit valence for atom # 5 C, 5, is greater than permitted
[01:56:00] ERROR: Could not sanitize molecule ending on line 4449942
[01:56:00] ERROR: Explicit valence for atom # 5 C, 5, is greater than permitted
[01:56:00] Explicit valence for atom # 5 C, 5, is greater than permitted
[01:56:00] ERROR: Could not sanitize molecule ending on line 4458557
[01:56:00] ERROR: Explicit valence for atom # 5 C, 5, is greater than permitted
[01:56:00] Explicit valence for atom # 5 C, 5, is greater than permitted
[01:56:00] ERROR: Could not sanitize molecule ending on line 4458660
[01:56:00] ERROR: Explicit valence for atom # 5 C, 5, is greater than permitted
[01:56:00] Explicit valence for atom # 5 C, 5, is greater than permitted
[01:56:00] ERROR: Could not sanitize molecule ending on line 4458763
[01:56:00] ERROR: Explicit valence for atom # 5 C, 5, is greater than permitted
[01:56:00] Explicit valence for atom # 5 C, 5, is greater than permitted
[01:56:00] ERROR: Could not sanitize molecule ending on line 4458905
[01:56:00] ERROR: Explicit valence for atom # 5 C, 5, is greater than permitted
[01:56:00] Explicit valence for atom # 5 C, 5, is greater than permitted
[01:56:00] ERROR: Could not sanitize molecule ending on line 4459000
[01:56:00] ERROR: Explicit valence for atom # 5 C, 5, is greater than permitted
[01:56:00] Explicit valence for atom # 3 C, 5, is greater than permitted
[01:56:00] ERROR: Could not sanitize molecule ending on line 4514593
[01:56:00] ERROR: Explicit valence for atom # 3 C, 5, is greater than permitted
[01:56:00] Explicit valence for atom # 6 C, 5, is greater than permitted
[01:56:00] ERROR: Could not sanitize molecule ending on line 4514800
[01:56:00] ERROR: Explicit valence for atom # 6 C, 5, is greater than permitted
[01:56:00] Explicit valence for atom # 6 C, 5, is greater than permitted
[01:56:00] ERROR: Could not sanitize molecule ending on line 4514999
[01:56:00] ERROR: Explicit valence for atom # 6 C, 5, is greater than permitted
[01:56:00] Explicit valence for atom # 6 C, 5, is greater than permitted
[01:56:00] ERROR: Could not sanitize molecule ending on line 4515153
[01:56:00] ERROR: Explicit valence for atom # 6 C, 5, is greater than permitted
[01:56:00] Explicit valence for atom # 6 C, 5, is greater than permitted
[01:56:00] ERROR: Could not sanitize molecule ending on line 4515246
[01:56:00] ERROR: Explicit valence for atom # 6 C, 5, is greater than permitted
[01:56:00] Explicit valence for atom # 6 C, 5, is greater than permitted
[01:56:00] ERROR: Could not sanitize molecule ending on line 4515343
[01:56:00] ERROR: Explicit valence for atom # 6 C, 5, is greater than permitted
[01:56:00] Explicit valence for atom # 6 C, 5, is greater than permitted
[01:56:00] ERROR: Could not sanitize molecule ending on line 4515525
[01:56:00] ERROR: Explicit valence for atom # 6 C, 5, is greater than permitted
[01:56:00] Explicit valence for atom # 6 C, 5, is greater than permitted
[01:56:00] ERROR: Could not sanitize molecule ending on line 4515659
[01:56:00] ERROR: Explicit valence for atom # 6 C, 5, is greater than permitted
[01:56:00] Explicit valence for atom # 6 C, 5, is greater than permitted
[01:56:00] ERROR: Could not sanitize molecule ending on line 4529330
[01:56:00] ERROR: Explicit valence for atom # 6 C, 5, is greater than permitted
[01:56:00] Explicit valence for atom # 6 C, 5, is greater than permitted
[01:56:00] ERROR: Could not sanitize molecule ending on line 4529463
[01:56:00] ERROR: Explicit valence for atom # 6 C, 5, is greater than permitted
[01:56:00] Explicit valence for atom # 6 C, 5, is greater than permitted
[01:56:00] ERROR: Could not sanitize molecule ending on line 4529597
[01:56:00] ERROR: Explicit valence for atom # 6 C, 5, is greater than permitted
[01:56:00] Explicit valence for atom # 2 C, 5, is greater than permitted
[01:56:00] ERROR: Could not sanitize molecule ending on line 4532211
[01:56:00] ERROR: Explicit valence for atom # 2 C, 5, is greater than permitted
[01:56:00] Explicit valence for atom # 2 C, 5, is greater than permitted
[01:56:00] ERROR: Could not sanitize molecule ending on line 4532424
[01:56:00] ERROR: Explicit valence for atom # 2 C, 5, is greater than permitted
[01:56:00] Explicit valence for atom # 2 C, 5, is greater than permitted
[01:56:00] ERROR: Could not sanitize molecule ending on line 4535302
[01:56:00] ERROR: Explicit valence for atom # 2 C, 5, is greater than permitted
[01:56:00] Explicit valence for atom # 2 C, 5, is greater than permitted
[01:56:00] ERROR: Could not sanitize molecule ending on line 4535346
[01:56:00] ERROR: Explicit valence for atom # 2 C, 5, is greater than permitted
[01:56:00] Explicit valence for atom # 2 C, 5, is greater than permitted
[01:56:00] ERROR: Could not sanitize molecule ending on line 4535605
[01:56:00] ERROR: Explicit valence for atom # 2 C, 5, is greater than permitted
[01:56:00] Explicit valence for atom # 2 C, 5, is greater than permitted
[01:56:00] ERROR: Could not sanitize molecule ending on line 4535645
[01:56:00] ERROR: Explicit valence for atom # 2 C, 5, is greater than permitted
[01:56:00] Explicit valence for atom # 2 C, 5, is greater than permitted
[01:56:00] ERROR: Could not sanitize molecule ending on line 4535740
[01:56:00] ERROR: Explicit valence for atom # 2 C, 5, is greater than permitted
[01:56:00] Explicit valence for atom # 2 C, 5, is greater than permitted
[01:56:00] ERROR: Could not sanitize molecule ending on line 4535915
[01:56:00] ERROR: Explicit valence for atom # 2 C, 5, is greater than permitted
[01:56:00] Explicit valence for atom # 3 C, 5, is greater than permitted
[01:56:00] ERROR: Could not sanitize molecule ending on line 4538338
[01:56:00] ERROR: Explicit valence for atom # 3 C, 5, is greater than permitted
[01:56:00] Explicit valence for atom # 2 C, 5, is greater than permitted
[01:56:00] ERROR: Could not sanitize molecule ending on line 4538648
[01:56:00] ERROR: Explicit valence for atom # 2 C, 5, is greater than permitted
[01:56:00] Explicit valence for atom # 2 C, 5, is greater than permitted
[01:56:00] ERROR: Could not sanitize molecule ending on line 4538698
[01:56:00] ERROR: Explicit valence for atom # 2 C, 5, is greater than permitted
[01:56:00] Explicit valence for atom # 2 C, 5, is greater than permitted
[01:56:00] ERROR: Could not sanitize molecule ending on line 4539007
[01:56:00] ERROR: Explicit valence for atom # 2 C, 5, is greater than permitted
[01:56:00] Explicit valence for atom # 2 C, 5, is greater than permitted
[01:56:00] ERROR: Could not sanitize molecule ending on line 4539582
[01:56:00] ERROR: Explicit valence for atom # 2 C, 5, is greater than permitted
[01:56:00] Explicit valence for atom # 2 C, 5, is greater than permitted
[01:56:00] ERROR: Could not sanitize molecule ending on line 4539904
[01:56:00] ERROR: Explicit valence for atom # 2 C, 5, is greater than permitted
[01:56:00] Explicit valence for atom # 2 C, 5, is greater than permitted
[01:56:00] ERROR: Could not sanitize molecule ending on line 4539948
[01:56:00] ERROR: Explicit valence for atom # 2 C, 5, is greater than permitted
[01:56:00] Explicit valence for atom # 2 C, 5, is greater than permitted
[01:56:00] ERROR: Could not sanitize molecule ending on line 4540431
[01:56:00] ERROR: Explicit valence for atom # 2 C, 5, is greater than permitted
[01:56:00] Explicit valence for atom # 2 C, 5, is greater than permitted
[01:56:00] ERROR: Could not sanitize molecule ending on line 4540471
[01:56:00] ERROR: Explicit valence for atom # 2 C, 5, is greater than permitted
[01:56:00] Explicit valence for atom # 2 C, 5, is greater than permitted
[01:56:00] ERROR: Could not sanitize molecule ending on line 4540699
[01:56:00] ERROR: Explicit valence for atom # 2 C, 5, is greater than permitted
[01:56:00] Explicit valence for atom # 2 C, 5, is greater than permitted
[01:56:00] ERROR: Could not sanitize molecule ending on line 4540966
[01:56:00] ERROR: Explicit valence for atom # 2 C, 5, is greater than permitted
[01:56:00] Explicit valence for atom # 2 C, 5, is greater than permitted
[01:56:00] ERROR: Could not sanitize molecule ending on line 4545381
[01:56:00] ERROR: Explicit valence for atom # 2 C, 5, is greater than permitted
[01:56:00] Explicit valence for atom # 2 C, 5, is greater than permitted
[01:56:00] ERROR: Could not sanitize molecule ending on line 4545427
[01:56:00] ERROR: Explicit valence for atom # 2 C, 5, is greater than permitted
[01:56:00] Explicit valence for atom # 2 C, 5, is greater than permitted
[01:56:00] ERROR: Could not sanitize molecule ending on line 4545791
[01:56:00] ERROR: Explicit valence for atom # 2 C, 5, is greater than permitted
[01:56:00] Explicit valence for atom # 2 C, 5, is greater than permitted
[01:56:00] ERROR: Could not sanitize molecule ending on line 4545841
[01:56:00] ERROR: Explicit valence for atom # 2 C, 5, is greater than permitted
[01:56:00] Explicit valence for atom # 2 C, 5, is greater than permitted
[01:56:00] ERROR: Could not sanitize molecule ending on line 4547587
[01:56:00] ERROR: Explicit valence for atom # 2 C, 5, is greater than permitted
[01:56:00] Explicit valence for atom # 2 C, 5, is greater than permitted
[01:56:00] ERROR: Could not sanitize molecule ending on line 4547690
[01:56:00] ERROR: Explicit valence for atom # 2 C, 5, is greater than permitted
[01:56:00] Explicit valence for atom # 2 C, 5, is greater than permitted
[01:56:00] ERROR: Could not sanitize molecule ending on line 4547883
[01:56:00] ERROR: Explicit valence for atom # 2 C, 5, is greater than permitted
[01:56:00] Explicit valence for atom # 6 C, 5, is greater than permitted
[01:56:00] ERROR: Could not sanitize molecule ending on line 4598992
[01:56:00] ERROR: Explicit valence for atom # 6 C, 5, is greater than permitted
[01:56:00] Explicit valence for atom # 6 C, 5, is greater than permitted
[01:56:00] ERROR: Could not sanitize molecule ending on line 4599083
[01:56:00] ERROR: Explicit valence for atom # 6 C, 5, is greater than permitted
[01:56:00] Explicit valence for atom # 1 C, 5, is greater than permitted
[01:56:00] ERROR: Could not sanitize molecule ending on line 4599130
[01:56:00] ERROR: Explicit valence for atom # 1 C, 5, is greater than permitted
[01:56:00] Explicit valence for atom # 6 C, 5, is greater than permitted
[01:56:00] ERROR: Could not sanitize molecule ending on line 4599374
[01:56:00] ERROR: Explicit valence for atom # 6 C, 5, is greater than permitted
[01:56:00] Explicit valence for atom # 6 C, 5, is greater than permitted
[01:56:00] ERROR: Could not sanitize molecule ending on line 4599519
[01:56:00] ERROR: Explicit valence for atom # 6 C, 5, is greater than permitted
[01:56:00] Explicit valence for atom # 6 C, 5, is greater than permitted
[01:56:00] ERROR: Could not sanitize molecule ending on line 4599618
[01:56:00] ERROR: Explicit valence for atom # 6 C, 5, is greater than permitted
[01:56:00] Explicit valence for atom # 2 C, 5, is greater than permitted
[01:56:00] ERROR: Could not sanitize molecule ending on line 4599669
[01:56:00] ERROR: Explicit valence for atom # 2 C, 5, is greater than permitted
[01:56:00] Explicit valence for atom # 6 C, 5, is greater than permitted
[01:56:00] ERROR: Could not sanitize molecule ending on line 4599908
[01:56:00] ERROR: Explicit valence for atom # 6 C, 5, is greater than permitted
[01:56:00] Explicit valence for atom # 6 C, 5, is greater than permitted
[01:56:00] ERROR: Could not sanitize molecule ending on line 4600041
[01:56:00] ERROR: Explicit valence for atom # 6 C, 5, is greater than permitted
[01:56:00] Explicit valence for atom # 6 C, 5, is greater than permitted
[01:56:00] ERROR: Could not sanitize molecule ending on line 4600174
[01:56:00] ERROR: Explicit valence for atom # 6 C, 5, is greater than permitted
[01:56:00] Explicit valence for atom # 2 C, 5, is greater than permitted
[01:56:00] ERROR: Could not sanitize molecule ending on line 4607092
[01:56:00] ERROR: Explicit valence for atom # 2 C, 5, is greater than permitted
[01:56:00] Explicit valence for atom # 2 C, 5, is greater than permitted
[01:56:00] ERROR: Could not sanitize molecule ending on line 4607380
[01:56:00] ERROR: Explicit valence for atom # 2 C, 5, is greater than permitted
[01:56:00] Explicit valence for atom # 3 C, 5, is greater than permitted
[01:56:00] ERROR: Could not sanitize molecule ending on line 4607526
[01:56:00] ERROR: Explicit valence for atom # 3 C, 5, is greater than permitted
[01:56:00] Explicit valence for atom # 2 C, 5, is greater than permitted
[01:56:00] ERROR: Could not sanitize molecule ending on line 4607989
[01:56:00] ERROR: Explicit valence for atom # 2 C, 5, is greater than permitted
[01:56:00] Explicit valence for atom # 2 C, 5, is greater than permitted
[01:56:00] ERROR: Could not sanitize molecule ending on line 4608036
[01:56:00] ERROR: Explicit valence for atom # 2 C, 5, is greater than permitted
[01:56:00] Explicit valence for atom # 2 C, 5, is greater than permitted
[01:56:00] ERROR: Could not sanitize molecule ending on line 4608599
[01:56:00] ERROR: Explicit valence for atom # 2 C, 5, is greater than permitted
[01:56:00] Explicit valence for atom # 2 C, 5, is greater than permitted
[01:56:00] ERROR: Could not sanitize molecule ending on line 4611198
[01:56:00] ERROR: Explicit valence for atom # 2 C, 5, is greater than permitted
[01:56:00] Explicit valence for atom # 2 C, 5, is greater than permitted
[01:56:00] ERROR: Could not sanitize molecule ending on line 4611423
[01:56:00] ERROR: Explicit valence for atom # 2 C, 5, is greater than permitted
[01:56:00] Explicit valence for atom # 4 C, 5, is greater than permitted
[01:56:00] ERROR: Could not sanitize molecule ending on line 4611520
[01:56:00] ERROR: Explicit valence for atom # 4 C, 5, is greater than permitted
[01:56:00] Explicit valence for atom # 4 C, 5, is greater than permitted
[01:56:00] ERROR: Could not sanitize molecule ending on line 4611709
[01:56:00] ERROR: Explicit valence for atom # 4 C, 5, is greater than permitted
[01:56:00] Explicit valence for atom # 1 C, 5, is greater than permitted
[01:56:00] ERROR: Could not sanitize molecule ending on line 4611756
[01:56:00] ERROR: Explicit valence for atom # 1 C, 5, is greater than permitted
[01:56:00] Explicit valence for atom # 5 C, 5, is greater than permitted
[01:56:00] ERROR: Could not sanitize molecule ending on line 4611997
[01:56:00] ERROR: Explicit valence for atom # 5 C, 5, is greater than permitted
[01:56:00] Explicit valence for atom # 5 C, 5, is greater than permitted
[01:56:00] ERROR: Could not sanitize molecule ending on line 4612251
[01:56:00] ERROR: Explicit valence for atom # 5 C, 5, is greater than permitted
[01:56:00] Explicit valence for atom # 2 C, 5, is greater than permitted
[01:56:00] ERROR: Could not sanitize molecule ending on line 4612302
[01:56:00] ERROR: Explicit valence for atom # 2 C, 5, is greater than permitted
[01:56:00] Explicit valence for atom # 2 C, 5, is greater than permitted
[01:56:00] ERROR: Could not sanitize molecule ending on line 4612349
[01:56:00] ERROR: Explicit valence for atom # 2 C, 5, is greater than permitted
[01:56:00] Explicit valence for atom # 5 C, 5, is greater than permitted
[01:56:00] ERROR: Could not sanitize molecule ending on line 4612586
[01:56:00] ERROR: Explicit valence for atom # 5 C, 5, is greater than permitted
[01:56:00] Explicit valence for atom # 2 C, 5, is greater than permitted
[01:56:00] ERROR: Could not sanitize molecule ending on line 4612813
[01:56:00] ERROR: Explicit valence for atom # 2 C, 5, is greater than permitted
[01:56:00] Explicit valence for atom # 2 C, 5, is greater than permitted
[01:56:00] ERROR: Could not sanitize molecule ending on line 4613021
[01:56:00] ERROR: Explicit valence for atom # 2 C, 5, is greater than permitted
[01:56:00] Explicit valence for atom # 2 C, 5, is greater than permitted
[01:56:00] ERROR: Could not sanitize molecule ending on line 4613448
[01:56:00] ERROR: Explicit valence for atom # 2 C, 5, is greater than permitted
[01:56:00] Explicit valence for atom # 2 C, 5, is greater than permitted
[01:56:00] ERROR: Could not sanitize molecule ending on line 4613491
[01:56:00] ERROR: Explicit valence for atom # 2 C, 5, is greater than permitted
[01:56:01] Explicit valence for atom # 6 C, 5, is greater than permitted
[01:56:01] ERROR: Could not sanitize molecule ending on line 4638504
[01:56:01] ERROR: Explicit valence for atom # 6 C, 5, is greater than permitted
[01:56:01] Explicit valence for atom # 6 C, 5, is greater than permitted
[01:56:01] ERROR: Could not sanitize molecule ending on line 4638702
[01:56:01] ERROR: Explicit valence for atom # 6 C, 5, is greater than permitted
[01:56:01] Explicit valence for atom # 6 C, 5, is greater than permitted
[01:56:01] ERROR: Could not sanitize molecule ending on line 4638799
[01:56:01] ERROR: Explicit valence for atom # 6 C, 5, is greater than permitted
[01:56:01] Explicit valence for atom # 6 C, 5, is greater than permitted
[01:56:01] ERROR: Could not sanitize molecule ending on line 4638896
[01:56:01] ERROR: Explicit valence for atom # 6 C, 5, is greater than permitted
[01:56:01] Explicit valence for atom # 6 C, 5, is greater than permitted
[01:56:01] ERROR: Could not sanitize molecule ending on line 4639078
[01:56:01] ERROR: Explicit valence for atom # 6 C, 5, is greater than permitted
[01:56:01] Explicit valence for atom # 6 C, 5, is greater than permitted
[01:56:01] ERROR: Could not sanitize molecule ending on line 4639224
[01:56:01] ERROR: Explicit valence for atom # 6 C, 5, is greater than permitted
[01:56:01] Explicit valence for atom # 6 C, 5, is greater than permitted
[01:56:01] ERROR: Could not sanitize molecule ending on line 4639406
[01:56:01] ERROR: Explicit valence for atom # 6 C, 5, is greater than permitted
[01:56:01] Explicit valence for atom # 6 C, 5, is greater than permitted
[01:56:01] ERROR: Could not sanitize molecule ending on line 4639539
[01:56:01] ERROR: Explicit valence for atom # 6 C, 5, is greater than permitted
[01:56:01] Explicit valence for atom # 5 C, 5, is greater than permitted
[01:56:01] ERROR: Could not sanitize molecule ending on line 4658943
[01:56:01] ERROR: Explicit valence for atom # 5 C, 5, is greater than permitted
[01:56:01] Explicit valence for atom # 5 C, 5, is greater than permitted
[01:56:01] ERROR: Could not sanitize molecule ending on line 4659077
[01:56:01] ERROR: Explicit valence for atom # 5 C, 5, is greater than permitted
[01:56:01] Explicit valence for atom # 1 C, 5, is greater than permitted
[01:56:01] ERROR: Could not sanitize molecule ending on line 4715953
[01:56:01] ERROR: Explicit valence for atom # 1 C, 5, is greater than permitted
[01:56:01] Explicit valence for atom # 3 C, 5, is greater than permitted
[01:56:01] ERROR: Could not sanitize molecule ending on line 4716113
[01:56:01] ERROR: Explicit valence for atom # 3 C, 5, is greater than permitted
[01:56:01] Explicit valence for atom # 3 C, 5, is greater than permitted
[01:56:01] ERROR: Could not sanitize molecule ending on line 4725748
[01:56:01] ERROR: Explicit valence for atom # 3 C, 5, is greater than permitted
[01:56:01] Explicit valence for atom # 1 C, 5, is greater than permitted
[01:56:01] ERROR: Could not sanitize molecule ending on line 4733108
[01:56:01] ERROR: Explicit valence for atom # 1 C, 5, is greater than permitted
[01:56:01] Explicit valence for atom # 4 C, 5, is greater than permitted
[01:56:01] ERROR: Could not sanitize molecule ending on line 4733316
[01:56:01] ERROR: Explicit valence for atom # 4 C, 5, is greater than permitted
[01:56:01] Explicit valence for atom # 4 C, 5, is greater than permitted
[01:56:01] ERROR: Could not sanitize molecule ending on line 4733714
[01:56:01] ERROR: Explicit valence for atom # 4 C, 5, is greater than permitted
[01:56:01] Explicit valence for atom # 6 C, 5, is greater than permitted
[01:56:01] ERROR: Could not sanitize molecule ending on line 4734045
[01:56:01] ERROR: Explicit valence for atom # 6 C, 5, is greater than permitted
[01:56:01] Explicit valence for atom # 4 C, 5, is greater than permitted
[01:56:01] ERROR: Could not sanitize molecule ending on line 4734302
[01:56:01] ERROR: Explicit valence for atom # 4 C, 5, is greater than permitted
[01:56:01] Explicit valence for atom # 4 C, 5, is greater than permitted
[01:56:01] ERROR: Could not sanitize molecule ending on line 4734349
[01:56:01] ERROR: Explicit valence for atom # 4 C, 5, is greater than permitted
[01:56:01] Explicit valence for atom # 4 C, 5, is greater than permitted
[01:56:01] ERROR: Could not sanitize molecule ending on line 4734605
[01:56:01] ERROR: Explicit valence for atom # 4 C, 5, is greater than permitted
[01:56:01] Explicit valence for atom # 4 C, 5, is greater than permitted
[01:56:01] ERROR: Could not sanitize molecule ending on line 4734841
[01:56:01] ERROR: Explicit valence for atom # 4 C, 5, is greater than permitted
[01:56:01] Explicit valence for atom # 4 C, 5, is greater than permitted
[01:56:01] ERROR: Could not sanitize molecule ending on line 4734884
[01:56:01] ERROR: Explicit valence for atom # 4 C, 5, is greater than permitted
[01:56:01] Explicit valence for atom # 4 C, 5, is greater than permitted
[01:56:01] ERROR: Could not sanitize molecule ending on line 4735017
[01:56:01] ERROR: Explicit valence for atom # 4 C, 5, is greater than permitted
[01:56:01] Explicit valence for atom # 2 C, 5, is greater than permitted
[01:56:01] ERROR: Could not sanitize molecule ending on line 4752459
[01:56:01] ERROR: Explicit valence for atom # 2 C, 5, is greater than permitted
[01:56:01] Explicit valence for atom # 3 C, 5, is greater than permitted
[01:56:01] ERROR: Could not sanitize molecule ending on line 4752825
[01:56:01] ERROR: Explicit valence for atom # 3 C, 5, is greater than permitted
[01:56:01] Explicit valence for atom # 3 C, 5, is greater than permitted
[01:56:01] ERROR: Could not sanitize molecule ending on line 4753323
[01:56:01] ERROR: Explicit valence for atom # 3 C, 5, is greater than permitted
[01:56:01] Explicit valence for atom # 3 C, 5, is greater than permitted
[01:56:01] ERROR: Could not sanitize molecule ending on line 4755030
[01:56:01] ERROR: Explicit valence for atom # 3 C, 5, is greater than permitted
[01:56:01] Explicit valence for atom # 3 C, 5, is greater than permitted
[01:56:01] ERROR: Could not sanitize molecule ending on line 4755074
[01:56:01] ERROR: Explicit valence for atom # 3 C, 5, is greater than permitted
[01:56:01] Explicit valence for atom # 3 C, 5, is greater than permitted
[01:56:01] ERROR: Could not sanitize molecule ending on line 4755299
[01:56:01] ERROR: Explicit valence for atom # 3 C, 5, is greater than permitted
[01:56:01] Explicit valence for atom # 3 C, 5, is greater than permitted
[01:56:01] ERROR: Could not sanitize molecule ending on line 4755552
[01:56:01] ERROR: Explicit valence for atom # 3 C, 5, is greater than permitted
[01:56:01] Explicit valence for atom # 3 C, 5, is greater than permitted
[01:56:01] ERROR: Could not sanitize molecule ending on line 4755723
[01:56:01] ERROR: Explicit valence for atom # 3 C, 5, is greater than permitted
[01:56:01] Explicit valence for atom # 3 C, 5, is greater than permitted
[01:56:01] ERROR: Could not sanitize molecule ending on line 4755763
[01:56:01] ERROR: Explicit valence for atom # 3 C, 5, is greater than permitted
[01:56:01] Explicit valence for atom # 3 C, 5, is greater than permitted
[01:56:01] ERROR: Could not sanitize molecule ending on line 4755944
[01:56:01] ERROR: Explicit valence for atom # 3 C, 5, is greater than permitted
[01:56:01] Explicit valence for atom # 3 C, 5, is greater than permitted
[01:56:01] ERROR: Could not sanitize molecule ending on line 4756170
[01:56:01] ERROR: Explicit valence for atom # 3 C, 5, is greater than permitted
[01:56:01] Explicit valence for atom # 3 C, 5, is greater than permitted
[01:56:01] ERROR: Could not sanitize molecule ending on line 4756300
[01:56:01] ERROR: Explicit valence for atom # 3 C, 5, is greater than permitted
[01:56:01] Explicit valence for atom # 2 C, 5, is greater than permitted
[01:56:01] ERROR: Could not sanitize molecule ending on line 4756500
[01:56:01] ERROR: Explicit valence for atom # 2 C, 5, is greater than permitted
[01:56:01] Explicit valence for atom # 2 C, 5, is greater than permitted
[01:56:01] ERROR: Could not sanitize molecule ending on line 4756550
[01:56:01] ERROR: Explicit valence for atom # 2 C, 5, is greater than permitted
[01:56:01] Explicit valence for atom # 3 C, 5, is greater than permitted
[01:56:01] ERROR: Could not sanitize molecule ending on line 4756766
[01:56:01] ERROR: Explicit valence for atom # 3 C, 5, is greater than permitted
[01:56:01] Explicit valence for atom # 3 C, 5, is greater than permitted
[01:56:01] ERROR: Could not sanitize molecule ending on line 4756869
[01:56:01] ERROR: Explicit valence for atom # 3 C, 5, is greater than permitted
[01:56:01] Explicit valence for atom # 3 C, 5, is greater than permitted
[01:56:01] ERROR: Could not sanitize molecule ending on line 4757261
[01:56:01] ERROR: Explicit valence for atom # 3 C, 5, is greater than permitted
[01:56:01] Explicit valence for atom # 3 C, 5, is greater than permitted
[01:56:01] ERROR: Could not sanitize molecule ending on line 4757356
[01:56:01] ERROR: Explicit valence for atom # 3 C, 5, is greater than permitted
[01:56:01] Explicit valence for atom # 3 C, 5, is greater than permitted
[01:56:01] ERROR: Could not sanitize molecule ending on line 4760534
[01:56:01] ERROR: Explicit valence for atom # 3 C, 5, is greater than permitted
[01:56:01] Explicit valence for atom # 3 C, 5, is greater than permitted
[01:56:01] ERROR: Could not sanitize molecule ending on line 4760629
[01:56:01] ERROR: Explicit valence for atom # 3 C, 5, is greater than permitted
[01:56:01] Explicit valence for atom # 3 C, 5, is greater than permitted
[01:56:01] ERROR: Could not sanitize molecule ending on line 4760793
[01:56:01] ERROR: Explicit valence for atom # 3 C, 5, is greater than permitted
[01:56:01] Explicit valence for atom # 3 C, 5, is greater than permitted
[01:56:01] ERROR: Could not sanitize molecule ending on line 4760843
[01:56:01] ERROR: Explicit valence for atom # 3 C, 5, is greater than permitted
[01:56:01] Explicit valence for atom # 3 C, 5, is greater than permitted
[01:56:01] ERROR: Could not sanitize molecule ending on line 4761094
[01:56:01] ERROR: Explicit valence for atom # 3 C, 5, is greater than permitted
[01:56:01] Explicit valence for atom # 3 C, 5, is greater than permitted
[01:56:01] ERROR: Could not sanitize molecule ending on line 4761294
[01:56:01] ERROR: Explicit valence for atom # 3 C, 5, is greater than permitted
[01:56:01] Explicit valence for atom # 3 C, 5, is greater than permitted
[01:56:01] ERROR: Could not sanitize molecule ending on line 4761343
[01:56:01] ERROR: Explicit valence for atom # 3 C, 5, is greater than permitted
[01:56:01] Explicit valence for atom # 3 C, 5, is greater than permitted
[01:56:01] ERROR: Could not sanitize molecule ending on line 4761770
[01:56:01] ERROR: Explicit valence for atom # 3 C, 5, is greater than permitted
[01:56:01] Explicit valence for atom # 3 C, 5, is greater than permitted
[01:56:01] ERROR: Could not sanitize molecule ending on line 4762186
[01:56:01] ERROR: Explicit valence for atom # 3 C, 5, is greater than permitted
[01:56:01] Explicit valence for atom # 3 C, 5, is greater than permitted
[01:56:01] ERROR: Could not sanitize molecule ending on line 4762231
[01:56:01] ERROR: Explicit valence for atom # 3 C, 5, is greater than permitted
[01:56:01] Explicit valence for atom # 3 C, 5, is greater than permitted
[01:56:01] ERROR: Could not sanitize molecule ending on line 4762554
[01:56:01] ERROR: Explicit valence for atom # 3 C, 5, is greater than permitted
[01:56:01] Explicit valence for atom # 3 C, 5, is greater than permitted
[01:56:01] ERROR: Could not sanitize molecule ending on line 4762598
[01:56:01] ERROR: Explicit valence for atom # 3 C, 5, is greater than permitted
[01:56:01] Explicit valence for atom # 3 C, 5, is greater than permitted
[01:56:01] ERROR: Could not sanitize molecule ending on line 4762686
[01:56:01] ERROR: Explicit valence for atom # 3 C, 5, is greater than permitted
[01:56:01] Explicit valence for atom # 3 C, 5, is greater than permitted
[01:56:01] ERROR: Could not sanitize molecule ending on line 4762900
[01:56:01] ERROR: Explicit valence for atom # 3 C, 5, is greater than permitted
[01:56:01] Explicit valence for atom # 3 C, 5, is greater than permitted
[01:56:01] ERROR: Could not sanitize molecule ending on line 4762940
[01:56:01] ERROR: Explicit valence for atom # 3 C, 5, is greater than permitted
[01:56:01] Explicit valence for atom # 3 C, 5, is greater than permitted
[01:56:01] ERROR: Could not sanitize molecule ending on line 4763197
[01:56:01] ERROR: Explicit valence for atom # 3 C, 5, is greater than permitted
[01:56:01] Explicit valence for atom # 3 C, 5, is greater than permitted
[01:56:01] ERROR: Could not sanitize molecule ending on line 4763237
[01:56:01] ERROR: Explicit valence for atom # 3 C, 5, is greater than permitted
[01:56:01] Explicit valence for atom # 3 C, 5, is greater than permitted
[01:56:01] ERROR: Could not sanitize molecule ending on line 4763427
[01:56:01] ERROR: Explicit valence for atom # 3 C, 5, is greater than permitted
[01:56:01] Explicit valence for atom # 3 C, 5, is greater than permitted
[01:56:01] ERROR: Could not sanitize molecule ending on line 4763648
[01:56:01] ERROR: Explicit valence for atom # 3 C, 5, is greater than permitted
[01:56:01] Explicit valence for atom # 3 C, 5, is greater than permitted
[01:56:01] ERROR: Could not sanitize molecule ending on line 4763822
[01:56:01] ERROR: Explicit valence for atom # 3 C, 5, is greater than permitted
[01:56:01] Explicit valence for atom # 3 C, 5, is greater than permitted
[01:56:01] ERROR: Could not sanitize molecule ending on line 4764039
[01:56:01] ERROR: Explicit valence for atom # 3 C, 5, is greater than permitted
[01:56:01] Explicit valence for atom # 3 C, 5, is greater than permitted
[01:56:01] ERROR: Could not sanitize molecule ending on line 4764089
[01:56:01] ERROR: Explicit valence for atom # 3 C, 5, is greater than permitted
[01:56:01] Explicit valence for atom # 3 C, 5, is greater than permitted
[01:56:01] ERROR: Could not sanitize molecule ending on line 4764139
[01:56:01] ERROR: Explicit valence for atom # 3 C, 5, is greater than permitted
[01:56:01] Explicit valence for atom # 3 C, 5, is greater than permitted
[01:56:01] ERROR: Could not sanitize molecule ending on line 4764429
[01:56:01] ERROR: Explicit valence for atom # 3 C, 5, is greater than permitted
[01:56:01] Explicit valence for atom # 3 C, 5, is greater than permitted
[01:56:01] ERROR: Could not sanitize molecule ending on line 4764617
[01:56:01] ERROR: Explicit valence for atom # 3 C, 5, is greater than permitted
[01:56:02] Explicit valence for atom # 5 C, 5, is greater than permitted
[01:56:02] ERROR: Could not sanitize molecule ending on line 4866070
[01:56:02] ERROR: Explicit valence for atom # 5 C, 5, is greater than permitted
[01:56:02] Explicit valence for atom # 5 C, 5, is greater than permitted
[01:56:02] ERROR: Could not sanitize molecule ending on line 4866119
[01:56:02] ERROR: Explicit valence for atom # 5 C, 5, is greater than permitted
[01:56:02] Explicit valence for atom # 5 C, 5, is greater than permitted
[01:56:02] ERROR: Could not sanitize molecule ending on line 4866265
[01:56:02] ERROR: Explicit valence for atom # 5 C, 5, is greater than permitted
[01:56:02] Explicit valence for atom # 5 C, 5, is greater than permitted
[01:56:02] ERROR: Could not sanitize molecule ending on line 4866362
[01:56:02] ERROR: Explicit valence for atom # 5 C, 5, is greater than permitted
[01:56:02] Explicit valence for atom # 5 C, 5, is greater than permitted
[01:56:02] ERROR: Could not sanitize molecule ending on line 4866508
[01:56:02] ERROR: Explicit valence for atom # 5 C, 5, is greater than permitted
[01:56:02] Explicit valence for atom # 5 C, 5, is greater than permitted
[01:56:02] ERROR: Could not sanitize molecule ending on line 4866650
[01:56:02] ERROR: Explicit valence for atom # 5 C, 5, is greater than permitted
[01:56:02] Explicit valence for atom # 4 C, 5, is greater than permitted
[01:56:02] ERROR: Could not sanitize molecule ending on line 4907363
[01:56:02] ERROR: Explicit valence for atom # 4 C, 5, is greater than permitted
[01:56:02] Explicit valence for atom # 4 C, 5, is greater than permitted
[01:56:02] ERROR: Could not sanitize molecule ending on line 4907565
[01:56:02] ERROR: Explicit valence for atom # 4 C, 5, is greater than permitted
[01:56:02] Explicit valence for atom # 4 C, 5, is greater than permitted
[01:56:02] ERROR: Could not sanitize molecule ending on line 4907662
[01:56:02] ERROR: Explicit valence for atom # 4 C, 5, is greater than permitted
[01:56:02] Explicit valence for atom # 4 C, 5, is greater than permitted
[01:56:02] ERROR: Could not sanitize molecule ending on line 4907857
[01:56:02] ERROR: Explicit valence for atom # 4 C, 5, is greater than permitted
[01:56:02] Explicit valence for atom # 5 C, 5, is greater than permitted
[01:56:02] ERROR: Could not sanitize molecule ending on line 4916074
[01:56:02] ERROR: Explicit valence for atom # 5 C, 5, is greater than permitted
[01:56:02] Explicit valence for atom # 5 C, 5, is greater than permitted
[01:56:02] ERROR: Could not sanitize molecule ending on line 4916171
[01:56:02] ERROR: Explicit valence for atom # 5 C, 5, is greater than permitted
[01:56:02] Explicit valence for atom # 5 C, 5, is greater than permitted
[01:56:02] ERROR: Could not sanitize molecule ending on line 4916268
[01:56:02] ERROR: Explicit valence for atom # 5 C, 5, is greater than permitted
[01:56:02] Explicit valence for atom # 5 C, 5, is greater than permitted
[01:56:02] ERROR: Could not sanitize molecule ending on line 4916401
[01:56:02] ERROR: Explicit valence for atom # 5 C, 5, is greater than permitted
[01:56:02] Explicit valence for atom # 5 C, 5, is greater than permitted
[01:56:02] ERROR: Could not sanitize molecule ending on line 4916498
[01:56:02] ERROR: Explicit valence for atom # 5 C, 5, is greater than permitted
[01:56:02] Explicit valence for atom # 5 C, 5, is greater than permitted
[01:56:02] ERROR: Could not sanitize molecule ending on line 4916631
[01:56:02] ERROR: Explicit valence for atom # 5 C, 5, is greater than permitted
[01:56:02] Explicit valence for atom # 5 C, 5, is greater than permitted
[01:56:02] ERROR: Could not sanitize molecule ending on line 5023004
[01:56:02] ERROR: Explicit valence for atom # 5 C, 5, is greater than permitted
[01:56:03] Explicit valence for atom # 5 C, 5, is greater than permitted
[01:56:03] ERROR: Could not sanitize molecule ending on line 5117047
[01:56:03] ERROR: Explicit valence for atom # 5 C, 5, is greater than permitted
[01:56:03] Explicit valence for atom # 5 C, 5, is greater than permitted
[01:56:03] ERROR: Could not sanitize molecule ending on line 5117158
[01:56:03] ERROR: Explicit valence for atom # 5 C, 5, is greater than permitted
[01:56:03] Explicit valence for atom # 5 C, 5, is greater than permitted
[01:56:03] ERROR: Could not sanitize molecule ending on line 5117261
[01:56:03] ERROR: Explicit valence for atom # 5 C, 5, is greater than permitted
[01:56:03] Explicit valence for atom # 5 C, 5, is greater than permitted
[01:56:03] ERROR: Could not sanitize molecule ending on line 5117364
[01:56:03] ERROR: Explicit valence for atom # 5 C, 5, is greater than permitted
[01:56:03] Explicit valence for atom # 5 C, 5, is greater than permitted
[01:56:03] ERROR: Could not sanitize molecule ending on line 5117467
[01:56:03] ERROR: Explicit valence for atom # 5 C, 5, is greater than permitted
[01:56:03] Explicit valence for atom # 5 C, 5, is greater than permitted
[01:56:03] ERROR: Could not sanitize molecule ending on line 5117614
[01:56:03] ERROR: Explicit valence for atom # 5 C, 5, is greater than permitted
[01:56:03] Explicit valence for atom # 5 C, 5, is greater than permitted
[01:56:03] ERROR: Could not sanitize molecule ending on line 5117709
[01:56:03] ERROR: Explicit valence for atom # 5 C, 5, is greater than permitted
[01:56:03] Explicit valence for atom # 1 C, 5, is greater than permitted
[01:56:03] ERROR: Could not sanitize molecule ending on line 5149110
[01:56:03] ERROR: Explicit valence for atom # 1 C, 5, is greater than permitted
[01:56:03] Explicit valence for atom # 3 C, 5, is greater than permitted
[01:56:03] ERROR: Could not sanitize molecule ending on line 5149221
[01:56:03] ERROR: Explicit valence for atom # 3 C, 5, is greater than permitted
[01:56:03] Explicit valence for atom # 3 C, 5, is greater than permitted
[01:56:03] ERROR: Could not sanitize molecule ending on line 5149479
[01:56:03] ERROR: Explicit valence for atom # 3 C, 5, is greater than permitted
[01:56:03] Explicit valence for atom # 2 C, 5, is greater than permitted
[01:56:03] ERROR: Could not sanitize molecule ending on line 5150124
[01:56:03] ERROR: Explicit valence for atom # 2 C, 5, is greater than permitted
[01:56:03] Explicit valence for atom # 3 C, 5, is greater than permitted
[01:56:03] ERROR: Could not sanitize molecule ending on line 5150340
[01:56:03] ERROR: Explicit valence for atom # 3 C, 5, is greater than permitted
[01:56:03] Explicit valence for atom # 3 C, 5, is greater than permitted
[01:56:03] ERROR: Could not sanitize molecule ending on line 5150798
[01:56:03] ERROR: Explicit valence for atom # 3 C, 5, is greater than permitted
[01:56:03] Explicit valence for atom # 3 C, 5, is greater than permitted
[01:56:03] ERROR: Could not sanitize molecule ending on line 5150844
[01:56:03] ERROR: Explicit valence for atom # 3 C, 5, is greater than permitted
[01:56:03] Explicit valence for atom # 6 C, 5, is greater than permitted
[01:56:03] ERROR: Could not sanitize molecule ending on line 5163699
[01:56:03] ERROR: Explicit valence for atom # 6 C, 5, is greater than permitted
[01:56:03] Explicit valence for atom # 6 C, 5, is greater than permitted
[01:56:03] ERROR: Could not sanitize molecule ending on line 5163851
[01:56:03] ERROR: Explicit valence for atom # 6 C, 5, is greater than permitted
[01:56:03] Explicit valence for atom # 3 C, 5, is greater than permitted
[01:56:03] ERROR: Could not sanitize molecule ending on line 5163902
[01:56:03] ERROR: Explicit valence for atom # 3 C, 5, is greater than permitted
[01:56:03] Explicit valence for atom # 6 C, 5, is greater than permitted
[01:56:03] ERROR: Could not sanitize molecule ending on line 5164093
[01:56:03] ERROR: Explicit valence for atom # 6 C, 5, is greater than permitted
[01:56:03] Explicit valence for atom # 6 C, 5, is greater than permitted
[01:56:03] ERROR: Could not sanitize molecule ending on line 5164288
[01:56:03] ERROR: Explicit valence for atom # 6 C, 5, is greater than permitted
[01:56:03] Explicit valence for atom # 6 C, 5, is greater than permitted
[01:56:03] ERROR: Could not sanitize molecule ending on line 5164428
[01:56:03] ERROR: Explicit valence for atom # 6 C, 5, is greater than permitted
[01:56:03] Explicit valence for atom # 3 C, 5, is greater than permitted
[01:56:03] ERROR: Could not sanitize molecule ending on line 5164475
[01:56:03] ERROR: Explicit valence for atom # 3 C, 5, is greater than permitted
[01:56:03] Explicit valence for atom # 3 C, 5, is greater than permitted
[01:56:03] ERROR: Could not sanitize molecule ending on line 5164520
[01:56:03] ERROR: Explicit valence for atom # 3 C, 5, is greater than permitted
[01:56:03] Explicit valence for atom # 6 C, 5, is greater than permitted
[01:56:03] ERROR: Could not sanitize molecule ending on line 5164708
[01:56:03] ERROR: Explicit valence for atom # 6 C, 5, is greater than permitted
[01:56:03] Explicit valence for atom # 6 C, 5, is greater than permitted
[01:56:03] ERROR: Could not sanitize molecule ending on line 5164848
[01:56:03] ERROR: Explicit valence for atom # 6 C, 5, is greater than permitted
[01:56:03] Explicit valence for atom # 3 C, 5, is greater than permitted
[01:56:03] ERROR: Could not sanitize molecule ending on line 5164895
[01:56:03] ERROR: Explicit valence for atom # 3 C, 5, is greater than permitted
[01:56:03] Explicit valence for atom # 5 C, 5, is greater than permitted
[01:56:03] ERROR: Could not sanitize molecule ending on line 5184018
[01:56:03] ERROR: Explicit valence for atom # 5 C, 5, is greater than permitted
[01:56:03] Explicit valence for atom # 5 C, 5, is greater than permitted
[01:56:03] ERROR: Could not sanitize molecule ending on line 5184172
[01:56:03] ERROR: Explicit valence for atom # 5 C, 5, is greater than permitted
[01:56:03] Explicit valence for atom # 5 C, 5, is greater than permitted
[01:56:03] ERROR: Could not sanitize molecule ending on line 5184318
[01:56:03] ERROR: Explicit valence for atom # 5 C, 5, is greater than permitted
[01:56:03] Explicit valence for atom # 5 C, 5, is greater than permitted
[01:56:03] ERROR: Could not sanitize molecule ending on line 5184513
[01:56:03] ERROR: Explicit valence for atom # 5 C, 5, is greater than permitted
[01:56:03] Explicit valence for atom # 5 C, 5, is greater than permitted
[01:56:03] ERROR: Could not sanitize molecule ending on line 5184708
[01:56:03] ERROR: Explicit valence for atom # 5 C, 5, is greater than permitted
[01:56:03] Explicit valence for atom # 5 C, 5, is greater than permitted
[01:56:03] ERROR: Could not sanitize molecule ending on line 5184801
[01:56:03] ERROR: Explicit valence for atom # 5 C, 5, is greater than permitted
[01:56:03] Explicit valence for atom # 1 C, 5, is greater than permitted
[01:56:03] ERROR: Could not sanitize molecule ending on line 5188330
[01:56:03] ERROR: Explicit valence for atom # 1 C, 5, is greater than permitted
[01:56:03] Explicit valence for atom # 4 C, 5, is greater than permitted
[01:56:03] ERROR: Could not sanitize molecule ending on line 5188493
[01:56:03] ERROR: Explicit valence for atom # 4 C, 5, is greater than permitted
[01:56:03] Explicit valence for atom # 4 C, 5, is greater than permitted
[01:56:03] ERROR: Could not sanitize molecule ending on line 5188852
[01:56:03] ERROR: Explicit valence for atom # 4 C, 5, is greater than permitted
[01:56:03] Explicit valence for atom # 2 C, 5, is greater than permitted
[01:56:03] ERROR: Could not sanitize molecule ending on line 5189821
[01:56:03] ERROR: Explicit valence for atom # 2 C, 5, is greater than permitted
[01:56:03] Explicit valence for atom # 4 C, 5, is greater than permitted
[01:56:03] ERROR: Could not sanitize molecule ending on line 5189985
[01:56:03] ERROR: Explicit valence for atom # 4 C, 5, is greater than permitted
[01:56:03] Explicit valence for atom # 4 C, 5, is greater than permitted
[01:56:03] ERROR: Could not sanitize molecule ending on line 5190035
[01:56:03] ERROR: Explicit valence for atom # 4 C, 5, is greater than permitted
[01:56:03] Explicit valence for atom # 4 C, 5, is greater than permitted
[01:56:03] ERROR: Could not sanitize molecule ending on line 5190338
[01:56:03] ERROR: Explicit valence for atom # 4 C, 5, is greater than permitted
[01:56:03] Explicit valence for atom # 4 C, 5, is greater than permitted
[01:56:03] ERROR: Could not sanitize molecule ending on line 5190587
[01:56:03] ERROR: Explicit valence for atom # 4 C, 5, is greater than permitted
[01:56:03] Explicit valence for atom # 4 C, 5, is greater than permitted
[01:56:03] ERROR: Could not sanitize molecule ending on line 5190633
[01:56:03] ERROR: Explicit valence for atom # 4 C, 5, is greater than permitted
[01:56:03] Explicit valence for atom # 4 C, 5, is greater than permitted
[01:56:03] ERROR: Could not sanitize molecule ending on line 5190728
[01:56:03] ERROR: Explicit valence for atom # 4 C, 5, is greater than permitted
[01:56:03] Explicit valence for atom # 4 C, 5, is greater than permitted
[01:56:03] ERROR: Could not sanitize molecule ending on line 5291825
[01:56:03] ERROR: Explicit valence for atom # 4 C, 5, is greater than permitted
[01:56:03] Explicit valence for atom # 4 C, 5, is greater than permitted
[01:56:03] ERROR: Could not sanitize molecule ending on line 5292089
[01:56:03] ERROR: Explicit valence for atom # 4 C, 5, is greater than permitted
[01:56:03] Explicit valence for atom # 4 C, 5, is greater than permitted
[01:56:03] ERROR: Could not sanitize molecule ending on line 5292244
[01:56:03] ERROR: Explicit valence for atom # 4 C, 5, is greater than permitted
[01:56:03] Explicit valence for atom # 4 C, 5, is greater than permitted
[01:56:03] ERROR: Could not sanitize molecule ending on line 5292399
[01:56:03] ERROR: Explicit valence for atom # 4 C, 5, is greater than permitted
[01:56:03] Explicit valence for atom # 5 C, 5, is greater than permitted
[01:56:03] ERROR: Could not sanitize molecule ending on line 5295991
[01:56:03] ERROR: Explicit valence for atom # 5 C, 5, is greater than permitted
[01:56:03] Explicit valence for atom # 5 C, 5, is greater than permitted
[01:56:03] ERROR: Could not sanitize molecule ending on line 5296094
[01:56:03] ERROR: Explicit valence for atom # 5 C, 5, is greater than permitted
[01:56:03] Explicit valence for atom # 5 C, 5, is greater than permitted
[01:56:03] ERROR: Could not sanitize molecule ending on line 5296197
[01:56:03] ERROR: Explicit valence for atom # 5 C, 5, is greater than permitted
[01:56:03] Explicit valence for atom # 5 C, 5, is greater than permitted
[01:56:03] ERROR: Could not sanitize molecule ending on line 5296352
[01:56:03] ERROR: Explicit valence for atom # 5 C, 5, is greater than permitted
[01:56:03] Explicit valence for atom # 5 C, 5, is greater than permitted
[01:56:03] ERROR: Could not sanitize molecule ending on line 5296455
[01:56:03] ERROR: Explicit valence for atom # 5 C, 5, is greater than permitted
[01:56:03] Explicit valence for atom # 5 C, 5, is greater than permitted
[01:56:03] ERROR: Could not sanitize molecule ending on line 5296602
[01:56:03] ERROR: Explicit valence for atom # 5 C, 5, is greater than permitted
[01:56:04] Explicit valence for atom # 6 C, 5, is greater than permitted
[01:56:04] ERROR: Could not sanitize molecule ending on line 5561976
[01:56:04] ERROR: Explicit valence for atom # 6 C, 5, is greater than permitted
[01:56:04] Explicit valence for atom # 3 C, 5, is greater than permitted
[01:56:04] ERROR: Could not sanitize molecule ending on line 5563705
[01:56:04] ERROR: Explicit valence for atom # 3 C, 5, is greater than permitted
[01:56:05] Explicit valence for atom # 7 C, 5, is greater than permitted
[01:56:05] ERROR: Could not sanitize molecule ending on line 5614853
[01:56:05] ERROR: Explicit valence for atom # 7 C, 5, is greater than permitted
[01:56:05] Explicit valence for atom # 7 C, 5, is greater than permitted
[01:56:05] ERROR: Could not sanitize molecule ending on line 5615453
[01:56:05] ERROR: Explicit valence for atom # 7 C, 5, is greater than permitted
[01:56:05] Explicit valence for atom # 4 C, 5, is greater than permitted
[01:56:05] ERROR: Could not sanitize molecule ending on line 5716869
[01:56:05] ERROR: Explicit valence for atom # 4 C, 5, is greater than permitted
[01:56:05] Explicit valence for atom # 5 C, 5, is greater than permitted
[01:56:05] ERROR: Could not sanitize molecule ending on line 5717377
[01:56:05] ERROR: Explicit valence for atom # 5 C, 5, is greater than permitted
[01:56:05] Explicit valence for atom # 2 C, 5, is greater than permitted
[01:56:05] ERROR: Could not sanitize molecule ending on line 5727312
[01:56:05] ERROR: Explicit valence for atom # 2 C, 5, is greater than permitted
[01:56:05] Explicit valence for atom # 5 C, 5, is greater than permitted
[01:56:05] ERROR: Could not sanitize molecule ending on line 5729263
[01:56:05] ERROR: Explicit valence for atom # 5 C, 5, is greater than permitted
[01:56:05] Explicit valence for atom # 4 C, 5, is greater than permitted
[01:56:05] ERROR: Could not sanitize molecule ending on line 5729540
[01:56:05] ERROR: Explicit valence for atom # 4 C, 5, is greater than permitted
[01:56:05] Explicit valence for atom # 5 C, 5, is greater than permitted
[01:56:05] ERROR: Could not sanitize molecule ending on line 5729584
[01:56:05] ERROR: Explicit valence for atom # 5 C, 5, is greater than permitted
2026-02-09 01:56:14.090083: I tensorflow/core/util/port.cc:153] oneDNN custom operations are on. You may see slightly different numerical results due to floating-point round-off errors from different computation orders. To turn them off, set the environment variable `TF_ENABLE_ONEDNN_OPTS=0`.
2026-02-09 01:56:18.955632: I tensorflow/core/platform/cpu_feature_guard.cc:210] This TensorFlow binary is optimized to use available CPU instructions in performance-critical operations.
To enable the following instructions: AVX2 AVX512F AVX512_VNNI FMA, in other operations, rebuild TensorFlow with the appropriate compiler flags.
2026-02-09 01:56:23.038841: I tensorflow/core/util/port.cc:153] oneDNN custom operations are on. You may see slightly different numerical results due to floating-point round-off errors from different computation orders. To turn them off, set the environment variable `TF_ENABLE_ONEDNN_OPTS=0`.
WARNING:tensorflow:From /home/scat9264/.local/lib/python3.9/site-packages/tensorflow/python/util/deprecation.py:588: calling function (from tensorflow.python.eager.polymorphic_function.polymorphic_function) with experimental_relax_shapes is deprecated and will be removed in a future version.
Instructions for updating:
experimental_relax_shapes is deprecated, use reduce_retracing instead
Skipped loading modules with pytorch-geometric dependency, missing a dependency. No module named 'dgl'
Skipped loading modules with pytorch-lightning dependency, missing a dependency. No module named 'lightning'
Skipped loading some Jax models, missing a dependency. No module named 'jax'
Some weights of RobertaModel were not initialized from the model checkpoint at HUBioDataLab/SELFormer and are newly initialized: ['pooler.dense.bias', 'pooler.dense.weight']
You should probably TRAIN this model on a down-stream task to be able to use it for predictions and inference.
Some weights of BertModel were not initialized from the model checkpoint at jonghyunlee/ChemBERT_ChEMBL_pretrained and are newly initialized: ['pooler.dense.bias', 'pooler.dense.weight']
You should probably TRAIN this model on a down-stream task to be able to use it for predictions and inference.
Some weights of RobertaModel were not initialized from the model checkpoint at DeepChem/ChemBERTa-77M-MTR and are newly initialized: ['pooler.dense.bias', 'pooler.dense.weight']
You should probably TRAIN this model on a down-stream task to be able to use it for predictions and inference.
================================================================================
PRETRAINED EMBEDDING EVALUATION - QM9 HOMO-LUMO gap
N = 10000, random sample, scaffold split, RF (200 trees, 3 seeds)
================================================================================

Loading QM9...
Loading QM9 (property: gap)...
  Extracting SMILES from SDF...
  Extracting 10000 molecules...
    Progress: 500/10000
    Progress: 1000/10000
    Progress: 1500/10000
    Progress: 2000/10000
    Progress: 2500/10000
    Progress: 3000/10000
    Progress: 3500/10000
    Progress: 4000/10000
    Progress: 4500/10000
    Progress: 5000/10000
    Progress: 5500/10000
    Progress: 6000/10000
    Progress: 6500/10000
    Progress: 7000/10000
    Progress: 7500/10000
    Progress: 8000/10000
    Progress: 8500/10000
    Progress: 9000/10000
    Progress: 9500/10000
    Progress: 10000/10000
  Loaded 9929 molecules
  Range: [1.314, 11.347], normalized to mean=0, std=1
Splitting 9929 molecules using scaffold split...
  Train: 7943 molecules
  Val:   993 molecules
  Test:  993 molecules
Train: 8936, Test: 993
Target: gap

[1/11] ecfp4...
  dim=2048, R²=0.8085 ± 0.0006 (12.9s embed, 154.8s total)

[2/11] pdv...
  dim=200, R²=0.8728 ± 0.0006 (59.4s embed, 133.9s total)

[3/11] molformer...
Loading MoLFormer-XL...
  Loaded on cpu
  dim=768, R²=0.7008 ± 0.0010 (120.8s embed, 1061.6s total)

[4/11] selformer...
Loading SELFormer...
  Loaded on cpu
  Warning: 36 molecules failed SELFIES conversion
  Warning: 13 molecules failed SELFIES conversion
  dim=768, R²=0.6513 ± 0.0023 (273.1s embed, 1263.0s total)

[5/11] chembert...
Loading ChemBERT (ChEMBL)...
  Loaded on cpu
  dim=256, R²=0.7031 ± 0.0016 (39.6s embed, 361.3s total)

[6/11] chemberta...
Loading ChemBERTa-77M-MTR...
  Loaded on cpu
  dim=384, R²=0.7303 ± 0.0006 (20.6s embed, 507.5s total)

[7/11] mhg_gnn...
Loading MHG-GNN from ../materials...
MHG-GNN model loaded successfully
Encoding 8936 molecules with MHG-GNN (280 batches of 32)...
  Batch 1/280 (molecules 0-31)... done
  Batch 2/280 (molecules 32-63)... done
  Batch 3/280 (molecules 64-95)... done
  Batch 4/280 (molecules 96-127)... done
  Batch 5/280 (molecules 128-159)... done
  Batch 6/280 (molecules 160-191)... done
  Batch 7/280 (molecules 192-223)... done
  Batch 8/280 (molecules 224-255)... done
  Batch 9/280 (molecules 256-287)... done
  Batch 10/280 (molecules 288-319)... done
  Batch 11/280 (molecules 320-351)... done
  Batch 12/280 (molecules 352-383)... done
  Batch 13/280 (molecules 384-415)... done
  Batch 14/280 (molecules 416-447)... done
  Batch 15/280 (molecules 448-479)... done
  Batch 16/280 (molecules 480-511)... done
  Batch 17/280 (molecules 512-543)... done
  Batch 18/280 (molecules 544-575)... done
  Batch 19/280 (molecules 576-607)... done
  Batch 20/280 (molecules 608-639)... done
  Batch 21/280 (molecules 640-671)... done
  Batch 22/280 (molecules 672-703)... done
  Batch 23/280 (molecules 704-735)... done
  Batch 24/280 (molecules 736-767)... done
  Batch 25/280 (molecules 768-799)... done
  Batch 26/280 (molecules 800-831)... done
  Batch 27/280 (molecules 832-863)... done
  Batch 28/280 (molecules 864-895)... done
  Batch 29/280 (molecules 896-927)... done
  Batch 30/280 (molecules 928-959)... done
  Batch 31/280 (molecules 960-991)... done
  Batch 32/280 (molecules 992-1023)... done
  Batch 33/280 (molecules 1024-1055)... done
  Batch 34/280 (molecules 1056-1087)... done
  Batch 35/280 (molecules 1088-1119)... done
  Batch 36/280 (molecules 1120-1151)... done
  Batch 37/280 (molecules 1152-1183)... done
  Batch 38/280 (molecules 1184-1215)... done
  Batch 39/280 (molecules 1216-1247)... done
  Batch 40/280 (molecules 1248-1279)... done
  Batch 41/280 (molecules 1280-1311)... done
  Batch 42/280 (molecules 1312-1343)... done
  Batch 43/280 (molecules 1344-1375)... done
  Batch 44/280 (molecules 1376-1407)... done
  Batch 45/280 (molecules 1408-1439)... done
  Batch 46/280 (molecules 1440-1471)... done
  Batch 47/280 (molecules 1472-1503)... done
  Batch 48/280 (molecules 1504-1535)... done
  Batch 49/280 (molecules 1536-1567)... done
  Batch 50/280 (molecules 1568-1599)... done
  Batch 51/280 (molecules 1600-1631)... done
  Batch 52/280 (molecules 1632-1663)... done
  Batch 53/280 (molecules 1664-1695)... done
  Batch 54/280 (molecules 1696-1727)... done
  Batch 55/280 (molecules 1728-1759)... done
  Batch 56/280 (molecules 1760-1791)... done
  Batch 57/280 (molecules 1792-1823)... done
  Batch 58/280 (molecules 1824-1855)... done
  Batch 59/280 (molecules 1856-1887)... done
  Batch 60/280 (molecules 1888-1919)... done
  Batch 61/280 (molecules 1920-1951)... done
  Batch 62/280 (molecules 1952-1983)... done
  Batch 63/280 (molecules 1984-2015)... done
  Batch 64/280 (molecules 2016-2047)... done
  Batch 65/280 (molecules 2048-2079)... done
  Batch 66/280 (molecules 2080-2111)... done
  Batch 67/280 (molecules 2112-2143)... done
  Batch 68/280 (molecules 2144-2175)... done
  Batch 69/280 (molecules 2176-2207)... done
  Batch 70/280 (molecules 2208-2239)... done
  Batch 71/280 (molecules 2240-2271)... done
  Batch 72/280 (molecules 2272-2303)... done
  Batch 73/280 (molecules 2304-2335)... done
  Batch 74/280 (molecules 2336-2367)... done
  Batch 75/280 (molecules 2368-2399)... done
  Batch 76/280 (molecules 2400-2431)... done
  Batch 77/280 (molecules 2432-2463)... done
  Batch 78/280 (molecules 2464-2495)... done
  Batch 79/280 (molecules 2496-2527)... done
  Batch 80/280 (molecules 2528-2559)... done
  Batch 81/280 (molecules 2560-2591)... done
  Batch 82/280 (molecules 2592-2623)... done
  Batch 83/280 (molecules 2624-2655)... done
  Batch 84/280 (molecules 2656-2687)... done
  Batch 85/280 (molecules 2688-2719)... done
  Batch 86/280 (molecules 2720-2751)... done
  Batch 87/280 (molecules 2752-2783)... done
  Batch 88/280 (molecules 2784-2815)... done
  Batch 89/280 (molecules 2816-2847)... done
  Batch 90/280 (molecules 2848-2879)... done
  Batch 91/280 (molecules 2880-2911)... done
  Batch 92/280 (molecules 2912-2943)... done
  Batch 93/280 (molecules 2944-2975)... done
  Batch 94/280 (molecules 2976-3007)... done
  Batch 95/280 (molecules 3008-3039)... done
  Batch 96/280 (molecules 3040-3071)... done
  Batch 97/280 (molecules 3072-3103)... done
  Batch 98/280 (molecules 3104-3135)... done
  Batch 99/280 (molecules 3136-3167)... done
  Batch 100/280 (molecules 3168-3199)... done
  Batch 101/280 (molecules 3200-3231)... done
  Batch 102/280 (molecules 3232-3263)... done
  Batch 103/280 (molecules 3264-3295)... done
  Batch 104/280 (molecules 3296-3327)... done
  Batch 105/280 (molecules 3328-3359)... done
  Batch 106/280 (molecules 3360-3391)... done
  Batch 107/280 (molecules 3392-3423)... done
  Batch 108/280 (molecules 3424-3455)... done
  Batch 109/280 (molecules 3456-3487)... done
  Batch 110/280 (molecules 3488-3519)... done
  Batch 111/280 (molecules 3520-3551)... done
  Batch 112/280 (molecules 3552-3583)... done
  Batch 113/280 (molecules 3584-3615)... done
  Batch 114/280 (molecules 3616-3647)... done
  Batch 115/280 (molecules 3648-3679)... done
  Batch 116/280 (molecules 3680-3711)... done
  Batch 117/280 (molecules 3712-3743)... done
  Batch 118/280 (molecules 3744-3775)... done
  Batch 119/280 (molecules 3776-3807)... done
  Batch 120/280 (molecules 3808-3839)... done
  Batch 121/280 (molecules 3840-3871)... done
  Batch 122/280 (molecules 3872-3903)... done
  Batch 123/280 (molecules 3904-3935)... done
  Batch 124/280 (molecules 3936-3967)... done
  Batch 125/280 (molecules 3968-3999)... done
  Batch 126/280 (molecules 4000-4031)... done
  Batch 127/280 (molecules 4032-4063)... done
  Batch 128/280 (molecules 4064-4095)... done
  Batch 129/280 (molecules 4096-4127)... done
  Batch 130/280 (molecules 4128-4159)... done
  Batch 131/280 (molecules 4160-4191)... done
  Batch 132/280 (molecules 4192-4223)... done
  Batch 133/280 (molecules 4224-4255)... done
  Batch 134/280 (molecules 4256-4287)... done
  Batch 135/280 (molecules 4288-4319)... done
  Batch 136/280 (molecules 4320-4351)... done
  Batch 137/280 (molecules 4352-4383)... done
  Batch 138/280 (molecules 4384-4415)... done
  Batch 139/280 (molecules 4416-4447)... done
  Batch 140/280 (molecules 4448-4479)... done
  Batch 141/280 (molecules 4480-4511)... done
  Batch 142/280 (molecules 4512-4543)... done
  Batch 143/280 (molecules 4544-4575)... done
  Batch 144/280 (molecules 4576-4607)... done
  Batch 145/280 (molecules 4608-4639)... done
  Batch 146/280 (molecules 4640-4671)... done
  Batch 147/280 (molecules 4672-4703)... done
  Batch 148/280 (molecules 4704-4735)... done
  Batch 149/280 (molecules 4736-4767)... done
  Batch 150/280 (molecules 4768-4799)... done
  Batch 151/280 (molecules 4800-4831)... done
  Batch 152/280 (molecules 4832-4863)... done
  Batch 153/280 (molecules 4864-4895)... done
  Batch 154/280 (molecules 4896-4927)... done
  Batch 155/280 (molecules 4928-4959)... done
  Batch 156/280 (molecules 4960-4991)... done
  Batch 157/280 (molecules 4992-5023)... done
  Batch 158/280 (molecules 5024-5055)... done
  Batch 159/280 (molecules 5056-5087)... done
  Batch 160/280 (molecules 5088-5119)... done
  Batch 161/280 (molecules 5120-5151)... done
  Batch 162/280 (molecules 5152-5183)... done
  Batch 163/280 (molecules 5184-5215)... done
  Batch 164/280 (molecules 5216-5247)... done
  Batch 165/280 (molecules 5248-5279)... done
  Batch 166/280 (molecules 5280-5311)... done
  Batch 167/280 (molecules 5312-5343)... done
  Batch 168/280 (molecules 5344-5375)... done
  Batch 169/280 (molecules 5376-5407)... done
  Batch 170/280 (molecules 5408-5439)... done
  Batch 171/280 (molecules 5440-5471)... done
  Batch 172/280 (molecules 5472-5503)... done
  Batch 173/280 (molecules 5504-5535)... done
  Batch 174/280 (molecules 5536-5567)... done
  Batch 175/280 (molecules 5568-5599)... done
  Batch 176/280 (molecules 5600-5631)... done
  Batch 177/280 (molecules 5632-5663)... done
  Batch 178/280 (molecules 5664-5695)... done
  Batch 179/280 (molecules 5696-5727)... done
  Batch 180/280 (molecules 5728-5759)... done
  Batch 181/280 (molecules 5760-5791)... done
  Batch 182/280 (molecules 5792-5823)... done
  Batch 183/280 (molecules 5824-5855)... done
  Batch 184/280 (molecules 5856-5887)... done
  Batch 185/280 (molecules 5888-5919)... done
  Batch 186/280 (molecules 5920-5951)... done
  Batch 187/280 (molecules 5952-5983)... done
  Batch 188/280 (molecules 5984-6015)... done
  Batch 189/280 (molecules 6016-6047)... done
  Batch 190/280 (molecules 6048-6079)... done
  Batch 191/280 (molecules 6080-6111)... done
  Batch 192/280 (molecules 6112-6143)... done
  Batch 193/280 (molecules 6144-6175)... done
  Batch 194/280 (molecules 6176-6207)... done
  Batch 195/280 (molecules 6208-6239)... done
  Batch 196/280 (molecules 6240-6271)... done
  Batch 197/280 (molecules 6272-6303)... done
  Batch 198/280 (molecules 6304-6335)... done
  Batch 199/280 (molecules 6336-6367)... done
  Batch 200/280 (molecules 6368-6399)... done
  Batch 201/280 (molecules 6400-6431)... done
  Batch 202/280 (molecules 6432-6463)... done
  Batch 203/280 (molecules 6464-6495)... done
  Batch 204/280 (molecules 6496-6527)... done
  Batch 205/280 (molecules 6528-6559)... done
  Batch 206/280 (molecules 6560-6591)... done
  Batch 207/280 (molecules 6592-6623)... done
  Batch 208/280 (molecules 6624-6655)... done
  Batch 209/280 (molecules 6656-6687)... done
  Batch 210/280 (molecules 6688-6719)... done
  Batch 211/280 (molecules 6720-6751)... done
  Batch 212/280 (molecules 6752-6783)... done
  Batch 213/280 (molecules 6784-6815)... done
  Batch 214/280 (molecules 6816-6847)... done
  Batch 215/280 (molecules 6848-6879)... done
  Batch 216/280 (molecules 6880-6911)... done
  Batch 217/280 (molecules 6912-6943)... done
  Batch 218/280 (molecules 6944-6975)... done
  Batch 219/280 (molecules 6976-7007)... done
  Batch 220/280 (molecules 7008-7039)... done
  Batch 221/280 (molecules 7040-7071)... done
  Batch 222/280 (molecules 7072-7103)... done
  Batch 223/280 (molecules 7104-7135)... done
  Batch 224/280 (molecules 7136-7167)... done
  Batch 225/280 (molecules 7168-7199)... done
  Batch 226/280 (molecules 7200-7231)... done
  Batch 227/280 (molecules 7232-7263)... done
  Batch 228/280 (molecules 7264-7295)... done
  Batch 229/280 (molecules 7296-7327)... done
  Batch 230/280 (molecules 7328-7359)... done
  Batch 231/280 (molecules 7360-7391)... done
  Batch 232/280 (molecules 7392-7423)... done
  Batch 233/280 (molecules 7424-7455)... done
  Batch 234/280 (molecules 7456-7487)... done
  Batch 235/280 (molecules 7488-7519)... done
  Batch 236/280 (molecules 7520-7551)... done
  Batch 237/280 (molecules 7552-7583)... done
  Batch 238/280 (molecules 7584-7615)... done
  Batch 239/280 (molecules 7616-7647)... done
  Batch 240/280 (molecules 7648-7679)... done
  Batch 241/280 (molecules 7680-7711)... done
  Batch 242/280 (molecules 7712-7743)... done
  Batch 243/280 (molecules 7744-7775)... done
  Batch 244/280 (molecules 7776-7807)... done
  Batch 245/280 (molecules 7808-7839)... done
  Batch 246/280 (molecules 7840-7871)... done
  Batch 247/280 (molecules 7872-7903)... done
  Batch 248/280 (molecules 7904-7935)... done
  Batch 249/280 (molecules 7936-7967)... done
  Batch 250/280 (molecules 7968-7999)... done
  Batch 251/280 (molecules 8000-8031)... done
  Batch 252/280 (molecules 8032-8063)... done
  Batch 253/280 (molecules 8064-8095)... done
  Batch 254/280 (molecules 8096-8127)... done
  Batch 255/280 (molecules 8128-8159)... done
  Batch 256/280 (molecules 8160-8191)... done
  Batch 257/280 (molecules 8192-8223)... done
  Batch 258/280 (molecules 8224-8255)... done
  Batch 259/280 (molecules 8256-8287)... done
  Batch 260/280 (molecules 8288-8319)... done
  Batch 261/280 (molecules 8320-8351)... done
  Batch 262/280 (molecules 8352-8383)... done
  Batch 263/280 (molecules 8384-8415)... done
  Batch 264/280 (molecules 8416-8447)... done
  Batch 265/280 (molecules 8448-8479)... done
  Batch 266/280 (molecules 8480-8511)... done
  Batch 267/280 (molecules 8512-8543)... done
  Batch 268/280 (molecules 8544-8575)... done
  Batch 269/280 (molecules 8576-8607)... done
  Batch 270/280 (molecules 8608-8639)... done
  Batch 271/280 (molecules 8640-8671)... done
  Batch 272/280 (molecules 8672-8703)... done
  Batch 273/280 (molecules 8704-8735)... done
  Batch 274/280 (molecules 8736-8767)... done
  Batch 275/280 (molecules 8768-8799)... done
  Batch 276/280 (molecules 8800-8831)... done
  Batch 277/280 (molecules 8832-8863)... done
  Batch 278/280 (molecules 8864-8895)... done
  Batch 279/280 (molecules 8896-8927)... done
  Batch 280/280 (molecules 8928-8935)... done
Encoding 993 molecules with MHG-GNN (32 batches of 32)...
  Batch 1/32 (molecules 0-31)... done
  Batch 2/32 (molecules 32-63)... done
  Batch 3/32 (molecules 64-95)... done
  Batch 4/32 (molecules 96-127)... done
  Batch 5/32 (molecules 128-159)... done
  Batch 6/32 (molecules 160-191)... done
  Batch 7/32 (molecules 192-223)... done
  Batch 8/32 (molecules 224-255)... done
  Batch 9/32 (molecules 256-287)... done
  Batch 10/32 (molecules 288-319)... done
  Batch 11/32 (molecules 320-351)... done
  Batch 12/32 (molecules 352-383)... done
  Batch 13/32 (molecules 384-415)... done
  Batch 14/32 (molecules 416-447)... done
  Batch 15/32 (molecules 448-479)... done
  Batch 16/32 (molecules 480-511)... done
  Batch 17/32 (molecules 512-543)... done
  Batch 18/32 (molecules 544-575)... done
  Batch 19/32 (molecules 576-607)... done
  Batch 20/32 (molecules 608-639)... done
  Batch 21/32 (molecules 640-671)... done
  Batch 22/32 (molecules 672-703)... done
  Batch 23/32 (molecules 704-735)... done
  Batch 24/32 (molecules 736-767)... done
  Batch 25/32 (molecules 768-799)... done
  Batch 26/32 (molecules 800-831)... done
  Batch 27/32 (molecules 832-863)... done
  Batch 28/32 (molecules 864-895)... done
  Batch 29/32 (molecules 896-927)... done
  Batch 30/32 (molecules 928-959)... done
  Batch 31/32 (molecules 960-991)... done
  Batch 32/32 (molecules 992-992)... done
Failed to find the pandas get_adjustment() function to patch
Failed to patch pandas - PandasTools will have limited functionality
Failed to patch pandas - unable to change molecule rendering
/home/scat9264/.local/lib/python3.9/site-packages/numpy/core/fromnumeric.py:59: FutureWarning: 'Series.swapaxes' is deprecated and will be removed in a future version. Please use 'Series.transpose' instead.
  return bound(*args, **kwds)
  dim=1024, R²=0.8683 ± 0.0006 (49.2s embed, 667.0s total)

[8/11] smited...
Loading SMI-TED (light)...
Random Seed: 12345
Using Rotation Embedding
Using Rotation Embedding
Using Rotation Embedding
Using Rotation Embedding
Using Rotation Embedding
Using Rotation Embedding
Using Rotation Embedding
Using Rotation Embedding
Using Rotation Embedding
Using Rotation Embedding
Using Rotation Embedding
Using Rotation Embedding
Vocab size: 2393
[INFERENCE MODE - smi-ted-Light]
  Loaded
  0%|          | 0/89 [00:00<?, ?it/s]  1%|          | 1/89 [00:00<00:53,  1.64it/s]  2%|▏         | 2/89 [00:01<00:49,  1.77it/s]  3%|▎         | 3/89 [00:01<00:47,  1.81it/s]  4%|▍         | 4/89 [00:02<00:46,  1.84it/s]  6%|▌         | 5/89 [00:02<00:45,  1.85it/s]  7%|▋         | 6/89 [00:03<00:45,  1.83it/s]  8%|▊         | 7/89 [00:03<00:43,  1.89it/s]  9%|▉         | 8/89 [00:04<00:42,  1.90it/s] 10%|█         | 9/89 [00:04<00:42,  1.89it/s] 11%|█         | 10/89 [00:05<00:41,  1.89it/s] 12%|█▏        | 11/89 [00:05<00:41,  1.88it/s] 13%|█▎        | 12/89 [00:06<00:40,  1.90it/s] 15%|█▍        | 13/89 [00:06<00:39,  1.91it/s] 16%|█▌        | 14/89 [00:07<00:39,  1.92it/s] 17%|█▋        | 15/89 [00:07<00:38,  1.93it/s] 18%|█▊        | 16/89 [00:08<00:37,  1.96it/s] 19%|█▉        | 17/89 [00:08<00:36,  1.96it/s] 20%|██        | 18/89 [00:09<00:36,  1.96it/s] 21%|██▏       | 19/89 [00:10<00:35,  1.96it/s] 22%|██▏       | 20/89 [00:10<00:35,  1.95it/s] 24%|██▎       | 21/89 [00:11<00:34,  1.95it/s] 25%|██▍       | 22/89 [00:11<00:34,  1.96it/s] 26%|██▌       | 23/89 [00:12<00:34,  1.93it/s] 27%|██▋       | 24/89 [00:12<00:33,  1.91it/s] 28%|██▊       | 25/89 [00:13<00:32,  1.97it/s] 29%|██▉       | 26/89 [00:13<00:32,  1.95it/s] 30%|███       | 27/89 [00:14<00:31,  1.97it/s] 31%|███▏      | 28/89 [00:14<00:30,  1.99it/s] 33%|███▎      | 29/89 [00:15<00:29,  2.00it/s] 34%|███▎      | 30/89 [00:15<00:29,  1.99it/s] 35%|███▍      | 31/89 [00:16<00:29,  1.98it/s] 36%|███▌      | 32/89 [00:16<00:28,  1.99it/s] 37%|███▋      | 33/89 [00:17<00:27,  2.03it/s] 38%|███▊      | 34/89 [00:17<00:27,  2.03it/s] 39%|███▉      | 35/89 [00:18<00:27,  1.95it/s] 40%|████      | 36/89 [00:18<00:27,  1.95it/s] 42%|████▏     | 37/89 [00:19<00:26,  1.93it/s] 43%|████▎     | 38/89 [00:19<00:26,  1.94it/s] 44%|████▍     | 39/89 [00:20<00:25,  1.92it/s] 45%|████▍     | 40/89 [00:20<00:25,  1.93it/s] 46%|████▌     | 41/89 [00:21<00:24,  1.97it/s] 47%|████▋     | 42/89 [00:21<00:24,  1.94it/s] 48%|████▊     | 43/89 [00:22<00:23,  1.97it/s] 49%|████▉     | 44/89 [00:22<00:23,  1.95it/s] 51%|█████     | 45/89 [00:23<00:23,  1.91it/s] 52%|█████▏    | 46/89 [00:23<00:22,  1.90it/s] 53%|█████▎    | 47/89 [00:24<00:22,  1.90it/s] 54%|█████▍    | 48/89 [00:24<00:21,  1.90it/s] 55%|█████▌    | 49/89 [00:25<00:20,  1.92it/s] 56%|█████▌    | 50/89 [00:25<00:20,  1.91it/s] 57%|█████▋    | 51/89 [00:26<00:19,  1.91it/s] 58%|█████▊    | 52/89 [00:26<00:19,  1.90it/s] 60%|█████▉    | 53/89 [00:27<00:19,  1.88it/s] 61%|██████    | 54/89 [00:28<00:18,  1.88it/s] 62%|██████▏   | 55/89 [00:28<00:18,  1.84it/s] 63%|██████▎   | 56/89 [00:29<00:17,  1.87it/s] 64%|██████▍   | 57/89 [00:29<00:17,  1.86it/s] 65%|██████▌   | 58/89 [00:30<00:16,  1.87it/s] 66%|██████▋   | 59/89 [00:30<00:15,  1.88it/s] 67%|██████▋   | 60/89 [00:31<00:15,  1.88it/s] 69%|██████▊   | 61/89 [00:31<00:14,  1.88it/s] 70%|██████▉   | 62/89 [00:32<00:14,  1.93it/s] 71%|███████   | 63/89 [00:32<00:13,  1.92it/s] 72%|███████▏  | 64/89 [00:33<00:13,  1.92it/s] 73%|███████▎  | 65/89 [00:33<00:12,  1.88it/s] 74%|███████▍  | 66/89 [00:34<00:12,  1.88it/s] 75%|███████▌  | 67/89 [00:34<00:11,  1.86it/s] 76%|███████▋  | 68/89 [00:35<00:11,  1.84it/s] 78%|███████▊  | 69/89 [00:36<00:10,  1.82it/s] 79%|███████▊  | 70/89 [00:36<00:10,  1.82it/s] 80%|███████▉  | 71/89 [00:37<00:09,  1.86it/s] 81%|████████  | 72/89 [00:37<00:09,  1.87it/s] 82%|████████▏ | 73/89 [00:38<00:08,  1.88it/s] 83%|████████▎ | 74/89 [00:38<00:07,  1.88it/s] 84%|████████▍ | 75/89 [00:39<00:07,  1.86it/s] 85%|████████▌ | 76/89 [00:39<00:06,  1.87it/s] 87%|████████▋ | 77/89 [00:40<00:06,  1.86it/s] 88%|████████▊ | 78/89 [00:40<00:05,  1.87it/s] 89%|████████▉ | 79/89 [00:41<00:05,  1.88it/s] 90%|████████▉ | 80/89 [00:41<00:04,  1.89it/s] 91%|█████████ | 81/89 [00:42<00:04,  1.89it/s] 92%|█████████▏| 82/89 [00:43<00:03,  1.87it/s] 93%|█████████▎| 83/89 [00:43<00:03,  1.86it/s] 94%|█████████▍| 84/89 [00:44<00:02,  1.85it/s] 96%|█████████▌| 85/89 [00:44<00:02,  1.86it/s] 97%|█████████▋| 86/89 [00:45<00:01,  1.85it/s] 98%|█████████▊| 87/89 [00:45<00:01,  1.84it/s] 99%|█████████▉| 88/89 [00:46<00:00,  1.84it/s]100%|██████████| 89/89 [00:46<00:00,  1.81it/s]100%|██████████| 89/89 [00:46<00:00,  1.90it/s]
  0%|          | 0/9 [00:00<?, ?it/s] 11%|█         | 1/9 [00:00<00:04,  1.71it/s] 22%|██▏       | 2/9 [00:01<00:04,  1.67it/s] 33%|███▎      | 3/9 [00:01<00:03,  1.68it/s] 44%|████▍     | 4/9 [00:02<00:02,  1.70it/s] 56%|█████▌    | 5/9 [00:02<00:02,  1.69it/s] 67%|██████▋   | 6/9 [00:03<00:01,  1.70it/s] 78%|███████▊  | 7/9 [00:04<00:01,  1.71it/s] 89%|████████▉ | 8/9 [00:04<00:00,  1.69it/s]100%|██████████| 9/9 [00:05<00:00,  1.70it/s]100%|██████████| 9/9 [00:05<00:00,  1.70it/s]
  dim=768, R²=0.7246 ± 0.0006 (76.1s embed, 1034.2s total)

[9/11] mol2vec...
Loading mol2vec model from ../model_300dim.pkl...
  dim=300, R²=0.7532 ± 0.0009 (7.9s embed, 416.6s total)

[10/11] unimol...
  ERROR: Embedding generation failed: No module named 'unimol_tools'

[11/11] schnet...
Creating SchNet (hidden=128, interactions=6)...
  Loaded on cpu
Generating 3D conformers for 8936 molecules...
  Warning: Failed on molecule 49 ([H]/N=C(\N([H])C([H])=O)C([H])...): Bad Conformer Id
  Warning: Failed on molecule 337 ([H]/N=C(\N([H])C([H])=O)C([H])...): Bad Conformer Id
  Warning: Failed on molecule 454 ([H]C(=O)N([H])/C(=N\C([H])([H]...): Bad Conformer Id
  Warning: Failed on molecule 484 ([H]C(=O)N([H])/C(=N\C([H])([H]...): Bad Conformer Id
  Warning: Failed on molecule 581 ([H]/N=C(\N([H])C([H])=O)C([H])...): Bad Conformer Id
  Warning: Failed on molecule 923 ([H]/N=C(\N([H])C([H])=O)C(C([H...): Bad Conformer Id
  Warning: Failed on molecule 1178 ([H]/N=C(\N([H])C([H])=O)C1(C([...): Bad Conformer Id
  Warning: Failed on molecule 1748 ([H]/N=C(\N([H])C(=O)[C@]1([H])...): Bad Conformer Id
  Warning: Failed on molecule 1913 ([H]/N=C(\N([H])C([H])=O)[C@@]1...): Bad Conformer Id
  Warning: Failed on molecule 2268 ([H]OC([H])([H])[C@]1([H])C([H]...): Bad Conformer Id
  Warning: Failed on molecule 2353 ([H]C(=O)C([H])([H])[C@]1([H])C...): Bad Conformer Id
  Warning: Failed on molecule 2358 ([H]OC([H])([H])[C@]1([H])[C@]2...): Bad Conformer Id
  Warning: Failed on molecule 2999 ([H]C1([H])O[C@]2([H])[C@@]1([H...): Bad Conformer Id
  Warning: Failed on molecule 3001 ([H]OC([H])([H])[C@@]1([H])[C@@...): Bad Conformer Id
  Warning: Failed on molecule 3023 ([H]C([H])(C#N)C([H])([H])[C@]1...): Bad Conformer Id
  Warning: Failed on molecule 3078 ([H]C(=O)[C@]1([H])[C@]2([H])O[...): Bad Conformer Id
  Warning: Failed on molecule 3090 ([H]OC([H])([H])[C@]1([H])O[C@]...): Bad Conformer Id
  Warning: Failed on molecule 3464 ([H]C(=O)[C@]12C([H])([H])[C@](...): Bad Conformer Id
  Warning: Failed on molecule 3465 ([H]C#C[C@]12C([H])([H])[C@]([H...): Bad Conformer Id
  Warning: Failed on molecule 3466 ([H]O[C@]12C([H])([H])[C@](O[H]...): Bad Conformer Id
  Warning: Failed on molecule 3467 ([H]O[C@]1([H])[C@]2([H])C([H])...): Bad Conformer Id
  Warning: Failed on molecule 3468 ([H]C([H])(C#N)C([H])([H])[C@]1...): Bad Conformer Id
  Warning: Failed on molecule 3469 ([H]O[C@]12C([H])([H])[C@](C([H...): Bad Conformer Id
  Warning: Failed on molecule 3470 ([H]C([H])([H])O[C@@]1([H])[C@@...): Bad Conformer Id
  Warning: Failed on molecule 3471 ([H]C([H])([H])O[C@]12C([H])([H...): Bad Conformer Id
  Warning: Failed on molecule 3472 ([H]O[C@@]1([H])[C@]2([H])C([H]...): Bad Conformer Id
  Warning: Failed on molecule 3473 ([H]C(=O)C#C[C@]1([H])[C@@]2([H...): Bad Conformer Id
  Warning: Failed on molecule 3474 ([H]C#C[C@@]1([H])[C@]2([H])C([...): Bad Conformer Id
  Warning: Failed on molecule 3475 ([H]OC([H])([H])[C@]12C([H])([H...): Bad Conformer Id
  Warning: Failed on molecule 3476 ([H]N(C([H])([H])C#N)[C@]1([H])...): Bad Conformer Id
  Warning: Failed on molecule 3477 ([H]C(=O)C([H])([H])[C@]1([H])[...): Bad Conformer Id
  Warning: Failed on molecule 3478 ([H]OC([H])([H])[C@@]1([H])[C@@...): Bad Conformer Id
  Warning: Failed on molecule 3479 ([H]C([H])([H])C#C[C@]12C([H])(...): Bad Conformer Id
  Warning: Failed on molecule 3480 ([H]O[C@]1(C([H])([H])OC([H])([...): Bad Conformer Id
  Warning: Failed on molecule 3482 ([H]OC([H])([H])[C@@]1([H])[C@@...): Bad Conformer Id
  Warning: Failed on molecule 3483 ([H]O[C@]1([H])[C@]2([H])[C@@](...): Bad Conformer Id
  Warning: Failed on molecule 3484 ([H]C#CC([H])([H])[C@]1([H])[C@...): Bad Conformer Id
  Warning: Failed on molecule 3485 ([H]O[C@]([H])(C([H])([H])[H])[...): Bad Conformer Id
  Warning: Failed on molecule 3486 ([H]C([H])([H])C#C[C@]1([H])[C@...): Bad Conformer Id
  Warning: Failed on molecule 3487 ([H]OC([H])([H])[C@]1([H])[C@@]...): Bad Conformer Id
  Warning: Failed on molecule 3488 ([H]C(=O)C([H])([H])[C@]12C([H]...): Bad Conformer Id
  Warning: Failed on molecule 3490 ([H]C(=O)O[C@]1([H])[C@]2([H])C...): Bad Conformer Id
  Warning: Failed on molecule 3491 ([H]OC([H])([H])[C@]1(C([H])([H...): Bad Conformer Id
  Warning: Failed on molecule 3492 ([H]C([H])([H])[C@@]1([H])[C@@]...): Bad Conformer Id
  Warning: Failed on molecule 3493 ([H]C([H])([H])C([H])([H])C([H]...): Bad Conformer Id
  Warning: Failed on molecule 3494 ([H]C1([H])[C@]2([H])C([H])([H]...): Bad Conformer Id
  Warning: Failed on molecule 3495 ([H]C1([H])[C@]2([H])C([H])([H]...): Bad Conformer Id
  Warning: Failed on molecule 3496 ([H]C#C[C@@]1([H])[C@]2([H])C([...): Bad Conformer Id
  Warning: Failed on molecule 3497 ([H]N([H])[C@]1(C#N)[C@]2([H])C...): Bad Conformer Id
  Warning: Failed on molecule 3498 ([H]C([H])([H])C([H])([H])C(=O)...): Bad Conformer Id
  Warning: Failed on molecule 3500 ([H]C([H])([H])C([H])([H])[C@@]...): Bad Conformer Id
  Warning: Failed on molecule 3501 ([H]C#C[C@]12C([H])([H])[C@]([H...): Bad Conformer Id
  Warning: Failed on molecule 3502 ([H][N-][C+]([H])O[C@]1([H])[C@...): Bad Conformer Id
  Warning: Failed on molecule 3503 ([H]O/N=C(\C([H])([H])[H])[C@]1...): Bad Conformer Id
  Warning: Failed on molecule 3504 ([H]ONC1[C@@]2(C([H])([H])[H])C...): Bad Conformer Id
  Warning: Failed on molecule 3505 ([H]C#C[C@]12C([H])([H])[C@]([H...): Bad Conformer Id
  Warning: Failed on molecule 3506 ([H]ONC1[C@]2([H])[C@@]([H])(C(...): Bad Conformer Id
  Warning: Failed on molecule 3507 ([H]O[C@]12C([H])([H])[C@](C([H...): Bad Conformer Id
  Warning: Failed on molecule 3508 ([H]O[C@]1([H])[C@]2([H])C([H])...): Bad Conformer Id
  Warning: Failed on molecule 3509 ([H]C([H])([H])[C@]1([H])[C@@]2...): Bad Conformer Id
  Warning: Failed on molecule 3510 ([H]O[C@]12C([H])([H])[C@](C(=O...): Bad Conformer Id
  Warning: Failed on molecule 3511 ([H]O[C@]12C([H])([H])[C@]([H])...): Bad Conformer Id
  Warning: Failed on molecule 3512 ([H]O[C@@]1(C([H])([H])[H])[C@@...): Bad Conformer Id
  Warning: Failed on molecule 3513 ([H]O[C@]1(C([H])([H])C([H])([H...): Bad Conformer Id
  Warning: Failed on molecule 3514 ([H]OC([H])([H])[C@]1([H])[C@]2...): Bad Conformer Id
  Warning: Failed on molecule 3515 ([H]C([H])([H])C([H])([H])[C@]1...): Bad Conformer Id
  Warning: Failed on molecule 3516 ([H]O[C@]12C([H])([H])[C@]([H])...): Bad Conformer Id
  Warning: Failed on molecule 3518 ([H]OC([H])([H])[C@]1([H])[C@@]...): Bad Conformer Id
  Warning: Failed on molecule 3519 ([H]O[C@]1([H])[C@]2(C([H])=O)C...): Bad Conformer Id
  Warning: Failed on molecule 3521 ([H]OC([H])([H])C([H])([H])[C@]...): Bad Conformer Id
  Warning: Failed on molecule 3525 ([H]C([H])([H])C([H])([H])C(=O)...): Bad Conformer Id
  Warning: Failed on molecule 3527 ([H]O[C@]1([H])[C@@]2([H])[N@@H...): Bad Conformer Id
  Warning: Failed on molecule 3532 ([H]C1([H])[N@H+]2[C@@]([H])(C(...): Bad Conformer Id
  Warning: Failed on molecule 3543 ([H]OC([H])([H])[C@@]1([H])[N@H...): Bad Conformer Id
  Warning: Failed on molecule 3551 ([H]C(=O)C([H])([H])[C@@]1([H])...): Bad Conformer Id
  Warning: Failed on molecule 3552 ([H]OC([H])([H])[C@]1([H])C([H]...): Bad Conformer Id
  Warning: Failed on molecule 4478 ([H]OC([H])([H])[C@@]1([H])[C@@...): Bad Conformer Id
  Warning: Failed on molecule 4737 ([H]C([H])(C#N)[C@]1([H])[C@]2(...): Bad Conformer Id
  Warning: Failed on molecule 4741 ([H]OC([H])([H])C([H])([H])[C@]...): Bad Conformer Id
  Warning: Failed on molecule 4742 ([H]C(=O)[C@@]1(C([H])([H])[H])...): Bad Conformer Id
  Warning: Failed on molecule 4743 ([H]C([H])([H])C([H])([H])[C@@]...): Bad Conformer Id
  Warning: Failed on molecule 4744 ([H]C([H])([H])[C@@]12[N@@H+](C...): Bad Conformer Id
  Warning: Failed on molecule 4745 ([H]C([H])([H])[C@@]12[N@H+]3[C...): Bad Conformer Id
  Warning: Failed on molecule 4746 ([H]C#C[C@@]12[N@@H+]3C([H])([H...): Bad Conformer Id
  Warning: Failed on molecule 4747 ([H]O[C@]12[C@]([H])([N@H+]3C([...): Bad Conformer Id
  Warning: Failed on molecule 4748 ([H]O[C@]1(C([H])([H])[H])[C@]2...): Bad Conformer Id
  Warning: Failed on molecule 4749 ([H]O[C@]([H])(C([H])([H])[H])[...): Bad Conformer Id
  Warning: Failed on molecule 4751 ([H]O[C@]1([H])[C@]2(C([H])([H]...): Bad Conformer Id
  Warning: Failed on molecule 4752 ([H]C(=O)[C@@]1([H])[N@H+]2[C@@...): Bad Conformer Id
  Warning: Failed on molecule 4754 ([H]C([H])([H])[C@@]12[N@@H+](C...): Bad Conformer Id
  Warning: Failed on molecule 4755 ([H]C([H])([H])[C@@]1([H])[C@]2...): Bad Conformer Id
  Warning: Failed on molecule 4756 ([H]C([H])([H])C1(C([H])([H])[H...): Bad Conformer Id
  Warning: Failed on molecule 4757 ([H]C#C[C@@]12[N@@H+]3[C@]([H])...): Bad Conformer Id
  Warning: Failed on molecule 4824 ([H]C([H])([H])[C@]1(C([H])([H]...): Bad Conformer Id
  Warning: Failed on molecule 4826 ([H]OC([H])([H])[C@@]1([H])[N@H...): Bad Conformer Id
  Warning: Failed on molecule 4833 ([H]C#CC([H])([H])C12C([H])([H]...): Bad Conformer Id
  Warning: Failed on molecule 4837 ([H]C#C[C@@]1([H])[N@H+]2C([H])...): Bad Conformer Id
  Warning: Failed on molecule 4841 ([H]C([H])([H])C12C([H])([H])[N...): Bad Conformer Id
  Warning: Failed on molecule 5175 ([H]OC([H])([H])C([H])([H])[C@]...): Bad Conformer Id
  Warning: Failed on molecule 5211 ([H]C1([H])[C@@]2([H])[C@]3(C#N...): Bad Conformer Id
  Warning: Failed on molecule 5212 ([H]OC([H])([H])[C@@]1([H])[C@@...): Bad Conformer Id
  Warning: Failed on molecule 5213 ([H]O[C@]1([H])[C@@]2([H])[C@]3...): Bad Conformer Id
  Warning: Failed on molecule 5214 ([H]C([H])([H])[C@]1([H])[C@@]2...): Bad Conformer Id
  Warning: Failed on molecule 5215 ([H]OC([H])([H])[C@@]12C([H])([...): Bad Conformer Id
  Warning: Failed on molecule 5216 ([H]O[C@@]12C([H])([H])[C@@]3([...): Bad Conformer Id
  Warning: Failed on molecule 5218 ([H]C#C[C@@]12[C@@]([H])(O[H])[...): Bad Conformer Id
  Warning: Failed on molecule 5219 ([H]O[C@]12C([H])([H])[C@]3(O[H...): Bad Conformer Id
  Warning: Failed on molecule 5220 ([H]C(=O)[C@@]12[C@@]([H])(C([H...): Bad Conformer Id
  Warning: Failed on molecule 5221 ([H]C(=O)[C@@]12C([H])([H])[C@@...): Bad Conformer Id
  Warning: Failed on molecule 5222 ([H]O[C@]1([H])[C@@]2([H])[C@]3...): Bad Conformer Id
  Warning: Failed on molecule 5223 ([H]O[C@@]12C([H])([H])[C@@]3([...): Bad Conformer Id
  Warning: Failed on molecule 5224 ([H]C#C[C@]12C([H])([H])[C@]3(C...): Bad Conformer Id
  Warning: Failed on molecule 5225 ([H]C([H])([H])[C@@]1([H])[C@@]...): Bad Conformer Id
  Warning: Failed on molecule 5226 ([H]C([H])([H])C([H])([H])[C@@]...): Bad Conformer Id
  Warning: Failed on molecule 5275 ([H]C#C[C@]12C(=O)[C@]([H])(C1(...): Bad Conformer Id
  Warning: Failed on molecule 5276 ([H]C([H])([H])OC([H])([H])[C@]...): Bad Conformer Id
  Warning: Failed on molecule 5277 ([H]OC([H])([H])C([H])([H])[C@]...): Bad Conformer Id
  Warning: Failed on molecule 5279 ([H][N-][C+]([H])O[C@]1([H])[C@...): Bad Conformer Id
  Warning: Failed on molecule 5280 ([H]O[C@]12C(=O)[C@](C#N)(C1([H...): Bad Conformer Id
  Warning: Failed on molecule 5281 ([H]C(=O)O[C@]1([H])[C@@]2([H])...): Bad Conformer Id
  Warning: Failed on molecule 5282 ([H]C(=O)[C@@]1(C([H])([H])[H])...): Bad Conformer Id
  Warning: Failed on molecule 5284 ([H]C([H])([H])OC([H])([H])[C@]...): Bad Conformer Id
  Warning: Failed on molecule 5285 ([H]O[C@]1([H])[C@@]2(C#N)C(=O)...): Bad Conformer Id
  Warning: Failed on molecule 5286 ([H]O[C@]1([H])[C@@]2([H])C(=O)...): Bad Conformer Id
  Warning: Failed on molecule 5413 ([H]C([H])([H])C([H])([H])[C@@]...): Bad Conformer Id
  Warning: Failed on molecule 5414 ([H]O[C@]12[C@@]([H])(C([H])([H...): Bad Conformer Id
  Warning: Failed on molecule 5417 ([H]O[C@]12[C@@]([H])(C([H])([H...): Bad Conformer Id
  Warning: Failed on molecule 5418 ([H]O[C@@]1([H])[C@@]2([H])[C@@...): Bad Conformer Id
  Warning: Failed on molecule 5419 ([H]O[C@@]1([H])[C@@]2([H])[C@@...): Bad Conformer Id
  Warning: Failed on molecule 5422 ([H]C([H])([H])C([H])([H])[C@]1...): Bad Conformer Id
  Warning: Failed on molecule 5423 ([H]O[C@]1([H])[C@]2([H])[C@]3(...): Bad Conformer Id
  Warning: Failed on molecule 5424 ([H]C([H])([H])C([H])([H])[C@@]...): Bad Conformer Id
  Warning: Failed on molecule 5464 ([H]O[C@]1([H])[C@]2([H])[C@]3(...): Bad Conformer Id
  Warning: Failed on molecule 5467 ([H]C([H])([H])[C@]12O[C@@]1([H...): Bad Conformer Id
  Warning: Failed on molecule 5469 ([H]OC([H])([H])[C@@]1([H])[C@@...): Bad Conformer Id
  Warning: Failed on molecule 5662 ([H]O[C@@]12C([H])([H])[C@@]3([...): Bad Conformer Id
  Warning: Failed on molecule 5663 ([H]O[C@@]1([H])[C@]2([H])[C@@]...): Bad Conformer Id
  Warning: Failed on molecule 5664 ([H]C1([H])[C@@]2([H])[C@]3([H]...): Bad Conformer Id
  Warning: Failed on molecule 5665 ([H]C([H])([H])C([H])([H])[C@@]...): Bad Conformer Id
  Warning: Failed on molecule 5666 ([H]O[C@]1([H])[C@@]2([H])[C@]3...): Bad Conformer Id
  Warning: Failed on molecule 5667 ([H]O[C@@]1([H])[C@]2([H])[C@@]...): Bad Conformer Id
  Warning: Failed on molecule 5668 ([H]OC([H])([H])[C@@]1([H])[C@]...): Bad Conformer Id
  Warning: Failed on molecule 5669 ([H][N-]C1O[C@@]2([H])[C@]3([H]...): Bad Conformer Id
  Warning: Failed on molecule 5670 ([H][N-]C1O[C@]2(C([H])([H])[H]...): Bad Conformer Id
  Warning: Failed on molecule 5671 ([H]C([H])([H])[C@]1([H])[C@]2(...): Bad Conformer Id
  Warning: Failed on molecule 5672 ([H]O[C@@]1([H])[C@@]2([H])[C@]...): Bad Conformer Id
  Warning: Failed on molecule 5997 ([H]OC([H])([H])[C@]1([H])C(=O)...): Bad Conformer Id
  Warning: Failed on molecule 5998 ([H]C([H])([H])C([H])([H])C([H]...): Bad Conformer Id
  Warning: Failed on molecule 5999 ([H]C([H])([H])[C@]1(C#N)C(=O)N...): Bad Conformer Id
  Warning: Failed on molecule 6000 ([H]C1([H])C(=O)N2[C@]1([H])[C@...): Bad Conformer Id
  Warning: Failed on molecule 6001 ([H]O[C@@]1(C([H])([H])[H])C(=O...): Bad Conformer Id
  Warning: Failed on molecule 6002 ([H]C([H])([H])C1(C([H])([H])[H...): Bad Conformer Id
  Warning: Failed on molecule 6003 ([H]O[C@@]1(C([H])([H])[H])C(=O...): Bad Conformer Id
  Warning: Failed on molecule 6004 ([H]C([H])([H])[C@]12N(C(=O)C1(...): Bad Conformer Id
  Warning: Failed on molecule 6267 ([H]N1[C@@]2([H])[C@@]3([H])[C@...): Bad Conformer Id
  Warning: Failed on molecule 6359 ([H]C([H])([H])[C@@]1([H])[C@@]...): Bad Conformer Id
  Warning: Failed on molecule 6367 ([H]C([H])([H])[C@@]1([H])C([H]...): Bad Conformer Id
  Warning: Failed on molecule 6783 ([H]C([H])([H])[C@]12O[C@]([H])...): Bad Conformer Id
  Warning: Failed on molecule 6841 ([H]O[C@@]1([H])C([H])([H])[C@@...): Bad Conformer Id
  Warning: Failed on molecule 6842 ([H]O[C@@]1([H])[C@@]2([H])[C@]...): Bad Conformer Id
  Warning: Failed on molecule 6843 ([H]C([H])([H])C([H])([H])[C@@]...): Bad Conformer Id
  Warning: Failed on molecule 6844 ([H]C1([H])C([H])([H])[C@]2([H]...): Bad Conformer Id
  Warning: Failed on molecule 6845 ([H]C([H])([H])[C@@]1([H])[C@@]...): Bad Conformer Id
  Warning: Failed on molecule 6881 ([H]C#C[C@]12C(=O)N3[C@@]1([H])...): Bad Conformer Id
  Warning: Failed on molecule 6882 ([H]C1([H])[C@]2([H])N3C(=O)[C@...): Bad Conformer Id
  Warning: Failed on molecule 6883 ([H]C([H])([H])C([H])([H])[C@@]...): Bad Conformer Id
  Warning: Failed on molecule 6884 ([H]O[C@]1([H])[C@]2(O[H])C(=O)...): Bad Conformer Id
  Warning: Failed on molecule 6885 ([H]C(=O)[C@]12N3C(=O)[C@]([H])...): Bad Conformer Id
  Warning: Failed on molecule 6980 ([H]O[C@]1([H])[C@]2([H])C([H])...): Bad Conformer Id
  Warning: Failed on molecule 6981 ([H]C([H])([H])O[C@@]1([H])[C@]...): Bad Conformer Id
  Warning: Failed on molecule 6982 ([H]C1([H])[C@@]2([H])[C@]3(C([...): Bad Conformer Id
  Warning: Failed on molecule 6983 ([H]O[C@]1([H])[C@]2([H])[C@]3(...): Bad Conformer Id
  Warning: Failed on molecule 7149 ([H]C1([H])OC(=O)N2[C@]([H])(C#...): Bad Conformer Id
  Warning: Failed on molecule 7150 ([H]C1([H])OC(=O)N2C([H])([H])[...): Bad Conformer Id
  Warning: Failed on molecule 7199 ([H]C(=O)[C@@]12N3C(=O)[C@]1([H...): Bad Conformer Id
  Warning: Failed on molecule 7200 ([H]C(=O)[C@]12C(=O)N3C([H])([H...): Bad Conformer Id
  Warning: Failed on molecule 7201 ([H]C([H])([H])[C@@]12[C@]3([H]...): Bad Conformer Id
  Warning: Failed on molecule 7256 ([H]C1([H])[N@H+]2[C@]3([H])[C@...): Bad Conformer Id
  Warning: Failed on molecule 7337 ([H]O[C@@]1([H])C([H])([H])[C@]...): Bad Conformer Id
  Warning: Failed on molecule 7338 ([H][C+]1[NH2+][C@@]23C([H])([H...): Bad Conformer Id
  Warning: Failed on molecule 7339 ([H][C+]1[NH2+][C@@]23C([H])([H...): Bad Conformer Id
  Warning: Failed on molecule 7359 ([H]C1([H])O[C@@]23C([H])([H])[...): Bad Conformer Id
  Warning: Failed on molecule 7360 ([H]C1([H])O[C@]23C([H])([H])C(...): Bad Conformer Id
  Warning: Failed on molecule 7422 ([H]C1([H])[N@H+]2[C@]3(C([H])(...): Bad Conformer Id
  Warning: Failed on molecule 7424 ([H]O[C@]12C([H])([H])O[C@]34C(...): Bad Conformer Id
  Warning: Failed on molecule 7426 ([H]C1([H])O[C@]23C([H])([H])[N...): Bad Conformer Id
  Warning: Failed on molecule 7466 ([H]C1([H])[N@@H+]2[C@@]3([H])[...): Bad Conformer Id
  Warning: Failed on molecule 7468 ([H]O[C@@]1([H])[C@@]2([H])[C@]...): Bad Conformer Id
  Warning: Failed on molecule 7529 ([H]C([H])([H])C([H])([H])[C@@]...): Bad Conformer Id
  Warning: Failed on molecule 7530 ([H][N-][C@H]1O[C@]23C([H])([H]...): Bad Conformer Id
  Warning: Failed on molecule 7531 ([H]C([H])([H])[C@@]1([H])O[C@]...): Bad Conformer Id
  Warning: Failed on molecule 7532 ([H]O[C@]12C([H])([H])[N@@H+]3[...): Bad Conformer Id
  Warning: Failed on molecule 7533 ([H]C1([H])[N@@H+]2[C@@]3([H])[...): Bad Conformer Id
  Warning: Failed on molecule 7534 ([H]O[C@]1([H])[C@@]2([H])[C@]3...): Bad Conformer Id
  Warning: Failed on molecule 7547 ([H]O[C@@]1([H])C([H])([H])[C@]...): Bad Conformer Id
  Warning: Failed on molecule 7548 ([H]O[C@]12C([H])([H])C([H])([H...): Bad Conformer Id
  Warning: Failed on molecule 7549 ([H]C1=C([H])[C@]2([H])C([H])([...): Bad Conformer Id
  Warning: Failed on molecule 7563 ([H]C([H])([H])C([H])([N@@H+]1[...): Bad Conformer Id
  Warning: Failed on molecule 7564 ([H]C([H])([H])[N@@H+]1[C@]2(C(...): Bad Conformer Id
  Warning: Failed on molecule 7565 ([H]C1=C([H])[C@@]2([H])N(C1=O)...): Bad Conformer Id
  Warning: Failed on molecule 7566 ([H]C1=C(C([H])([H])[H])[C@@]2(...): Bad Conformer Id
  Warning: Failed on molecule 7567 ([H]C1=C(C([H])([H])[H])C(=O)N2...): Bad Conformer Id
  Warning: Failed on molecule 7577 ([H]O[C@@]1([H])[C@@]2([H])C([H...): Bad Conformer Id
  Warning: Failed on molecule 7578 ([H]C1=C(C([H])([H])[H])[C@@]23...): Bad Conformer Id
  Warning: Failed on molecule 7579 ([H]C1=C([H])[C@]2([H])C([H])([...): Bad Conformer Id
  Warning: Failed on molecule 7612 ([H]C1=C([H])[C@]2([H])N([H])[C...): Bad Conformer Id
  Warning: Failed on molecule 7613 ([H]C1=C(C([H])([H])[H])[C@]2([...): Bad Conformer Id
  Warning: Failed on molecule 7688 ([H]C([H])([H])[C@]1([H])[C@]2(...): Bad Conformer Id
  Warning: Failed on molecule 7689 ([H]C(=O)[C@]1([H])[C@]2([H])C(...): Bad Conformer Id
  Warning: Failed on molecule 7740 ([H]C1([H])O[C@]12[C@]1([H])[C@...): Bad Conformer Id
  Warning: Failed on molecule 7741 ([H]O[C@]1([H])[C@]2([H])[C@@]3...): Bad Conformer Id
  Warning: Failed on molecule 7742 ([H]O[C@]1([H])[C@]2([H])O[C@@]...): Bad Conformer Id
  Warning: Failed on molecule 7743 ([H]C([H])([H])[N@@H+]1[C@@]2([...): Bad Conformer Id
  Warning: Failed on molecule 7804 ([H]C1([H])O[C@@]2([H])[C@]3([H...): Bad Conformer Id
  Warning: Failed on molecule 7805 ([H]C([H])([H])[C@@]1([H])C([H]...): Bad Conformer Id
  Warning: Failed on molecule 7959 ([H]C([H])([H])[N@H+]1[C@@]2([H...): Bad Conformer Id
  Warning: Failed on molecule 7979 ([H]N1C(=O)N2C(C([H])([H])[H])(...): Bad Conformer Id
  Warning: Failed on molecule 8039 ([H]O[C@]1([H])C(=O)N2[C@@]3([H...): Bad Conformer Id
  Warning: Failed on molecule 8040 ([H]C([H])([H])[C@@H]1C(=O)N2[C...): Bad Conformer Id
  Warning: Failed on molecule 8047 ([H]O[C@]12C([H])([H])[C@]3([H]...): Bad Conformer Id
  Warning: Failed on molecule 8048 ([H]O[C@]1([H])[C@@]2([H])[C@]3...): Bad Conformer Id
  Warning: Failed on molecule 8052 ([H]C([H])([H])[C@]1([H])[C@@]2...): Bad Conformer Id
  Warning: Failed on molecule 8055 ([H]C1=C(C([H])([H])[H])[C@@]23...): Bad Conformer Id
  Warning: Failed on molecule 8056 ([H]C1=C([H])[C@]([H])(C([H])([...): Bad Conformer Id
  Warning: Failed on molecule 8074 ([H]C1([H])C([H])([H])C1([H])[C...): Bad Conformer Id
  Warning: Failed on molecule 8125 ([H]O[C@]1([H])[C@@]2([H])C3(C(...): Bad Conformer Id
  Warning: Failed on molecule 8126 ([H]O[C@]1(C([H])([H])[H])C([H]...): Bad Conformer Id
  Warning: Failed on molecule 8137 ([H]C1=C([H])[C@]2([H])[N@H+]3[...): Bad Conformer Id
  Warning: Failed on molecule 8138 ([H]C1=C([H])[C@]2([H])[N@@H+]3...): Bad Conformer Id
  Warning: Failed on molecule 8143 ([H]O[C@@]1([H])[C@@]2([H])[C@]...): Bad Conformer Id
  Warning: Failed on molecule 8144 ([H]C1=C([H])[C@]2(C([H])([H])[...): Bad Conformer Id
  Warning: Failed on molecule 8267 ([H]N1[C@@]2([H])[C@]1([H])[C@]...): Bad Conformer Id
  Warning: Failed on molecule 8270 ([H]C1([H])C([H])([H])C([H])([H...): Bad Conformer Id
  Warning: Failed on molecule 8283 ([H]O[C@]12C([H])([H])[C@@]3(N(...): Bad Conformer Id
  Warning: Failed on molecule 8288 ([H]C1([H])[C@]2([H])C(=O)C(=O)...): Bad Conformer Id
  Warning: Failed on molecule 8296 ([H]C1([H])O[C@@]23C([H])([H])[...): Bad Conformer Id
  Warning: Failed on molecule 8368 ([H]C1=C([H])[C@]2([H])[N@H+]3[...): Bad Conformer Id
  Warning: Failed on molecule 8370 ([H]O[C@@]1(C([H])([H])[H])[C@]...): Bad Conformer Id
  Warning: Failed on molecule 8373 ([H]O[C@@]1([H])C([H])=C([H])[C...): Bad Conformer Id
  Warning: Failed on molecule 8386 ([H]OC([H])([H])[C@]12[N@@H+]3C...): Bad Conformer Id
  Warning: Failed on molecule 8391 ([H]C1=C([H])C([H])([H])[C@]2([...): Bad Conformer Id
  Warning: Failed on molecule 8397 ([H]C1([H])[C@]23[N@@H+]4[C@]([...): Bad Conformer Id
  Warning: Failed on molecule 8411 ([H]O[C@]12[C@]3([H])OC([H])([H...): Bad Conformer Id
  Warning: Failed on molecule 8413 ([H]C([H])([H])[C@@]12OC([H])([...): Bad Conformer Id
  Warning: Failed on molecule 8427 ([H]C1([H])O[C@]23C([H])([H])[C...): Bad Conformer Id
  Warning: Failed on molecule 8436 ([H]C1=NC([H])([H])[C@@]23N([H]...): Bad Conformer Id
  Warning: Failed on molecule 8440 ([H]C1=N[C@@]2([H])[C@@]3([H])O...): Bad Conformer Id
  Warning: Failed on molecule 8452 ([H]C1([H])OC(=O)[C@]23C([H])([...): Bad Conformer Id
  Warning: Failed on molecule 8457 ([H]C1([H])C([H])([H])[C@@]23O[...): Bad Conformer Id
  Warning: Failed on molecule 8465 ([H]N1C([H])([H])[C@@]23OC([H])...): Bad Conformer Id
  Warning: Failed on molecule 8485 ([H]C1=C2[C@@]([H])(C([H])([H])...): Bad Conformer Id
  Warning: Failed on molecule 8488 ([H]C1([H])[C@]2([H])O[C@]3(C([...): Bad Conformer Id
  Warning: Failed on molecule 8497 ([H]O[C@]12C([H])([H])C([H])([H...): Bad Conformer Id
  Warning: Failed on molecule 8505 ([H]C1([H])OC([H])([H])[C@]2(C(...): Bad Conformer Id
  Warning: Failed on molecule 8508 ([H]C([H])([H])[N@@H+]1C([H])([...): Bad Conformer Id
  Warning: Failed on molecule 8511 ([H]OC1=C([H])N[C@@H]2N1[C@]1([...): Bad Conformer Id
  Warning: Failed on molecule 8528 ([H]C1=C([H])[C@]23O[C@@]2(C1=O...): Bad Conformer Id
  Warning: Failed on molecule 8542 ([H]N1[C@@]23C([H])([H])C([H])(...): Bad Conformer Id
  Warning: Failed on molecule 8578 ([H]C1([H])O[C@@]23C(=O)C([H])(...): Bad Conformer Id
  Warning: Failed on molecule 8598 ([H]c1nc2c(n1[H])C1([H])C([H])(...): Bad Conformer Id
  Warning: Failed on molecule 8599 ([H]C1([H])O[C@]2([H])[C@@]3([H...): Bad Conformer Id
  Warning: Failed on molecule 8611 ([H][N-][C@@H]1O[C@]23C([H])([H...): Bad Conformer Id
  Warning: Failed on molecule 8620 ([H]N1C([H])([H])[C@@]12[C@@]1(...): Bad Conformer Id
  Warning: Failed on molecule 8625 ([H]C([H])([H])[N@@H+]1[C@]2([H...): Bad Conformer Id
  Warning: Failed on molecule 8628 ([H]N1C(=O)O[C@@]23C([H])([H])C...): Bad Conformer Id
  Warning: Failed on molecule 8666 ([H]C1([H])C([H])([H])[C@]23O[C...): Bad Conformer Id
  Warning: Failed on molecule 8680 ([H]O[C@]1([H])C([H])([H])C2(C1...): Bad Conformer Id
  Warning: Failed on molecule 8689 ([H]C1([H])O[C@@]2([H])[C@]3([H...): Bad Conformer Id
  Warning: Failed on molecule 8697 (O=C=O.[H]C1=C(N([H])[H])N2C([H...): Bad Conformer Id
  Warning: Failed on molecule 8734 ([H][C@]12O[C@@]1([H])[C@]1([H]...): Bad Conformer Id
  Warning: Failed on molecule 8739 ([H]C1([H])[N@@H+]2[C@]3([H])[C...): Bad Conformer Id
  Warning: Failed on molecule 8747 ([H]C1([H])O[C@@]2([H])[C@]3([H...): Bad Conformer Id
  Warning: Failed on molecule 8748 ([H]C1([H])C([H])([H])[C@@]23C(...): Bad Conformer Id
  Warning: Failed on molecule 8759 ([H]C1=C([H])[C@]2([H])C([H])([...): Bad Conformer Id
  Warning: Failed on molecule 8775 ([H]c1c2c(nn1[H])N1C([H])([H])C...): Bad Conformer Id
  Warning: Failed on molecule 8796 ([H]C1=C([H])[C@]23OC([H])([H])...): Bad Conformer Id
  Warning: Failed on molecule 8797 ([H]C1([H])C(=O)[C@]23C([H])([H...): Bad Conformer Id
  Warning: Failed on molecule 8819 ([H]C([H])([H])[C@]12N(C(=O)N3C...): Bad Conformer Id
  Warning: Failed on molecule 8821 ([H]C1([H])[C@]2([H])[C@@]3([H]...): Bad Conformer Id
  Warning: Failed on molecule 8824 ([H]C1=C2N3C([H])([H])[C@]3([H]...): Bad Conformer Id
  Warning: Failed on molecule 8828 ([H]C1([H])N2C(=O)O[C@]3([H])[C...): Bad Conformer Id
  Warning: Failed on molecule 8831 ([H]C1([H])OC([H])([H])[C@@]2([...): Bad Conformer Id
  Warning: Failed on molecule 8850 ([H]C([H])([H])C1(C([H])([H])[H...): Bad Conformer Id
  Warning: Failed on molecule 8855 ([H]C1([H])OC([H])([H])[C@@]23C...): Bad Conformer Id
  Warning: Failed on molecule 8867 ([H]C1([H])O[C@@]2([H])C([H])([...): Bad Conformer Id
  Warning: Failed on molecule 8901 ([H]C1=C([H])[C@]2([H])[N@H+]3C...): Bad Conformer Id
  Warning: Failed on molecule 8925 ([H]C1=C([H])[C@@]23C([H])([H])...): Bad Conformer Id
  Warning: Failed on molecule 8929 ([H]C1([H])N2C(=O)C(=O)[C@]3([H...): Bad Conformer Id
  Warning: Failed on molecule 8931 ([H]C1=C([H])[C@@]23C([H])([H])...): Bad Conformer Id
Generating 3D conformers for 993 molecules...
  Warning: Failed on molecule 7 ([H]C1([H])[C@]2([H])[N@H+]3[C@...): Bad Conformer Id
  Warning: Failed on molecule 21 ([H]C1([H])O[C@@]23[C@]14C([H])...): Bad Conformer Id
  Warning: Failed on molecule 33 ([H]C([H])([H])[C@@]1([H])C([H]...): Bad Conformer Id
  Warning: Failed on molecule 42 ([H]N1C([H])([H])[C@@]23OC([H])...): Bad Conformer Id
  Warning: Failed on molecule 52 ([H]N1[C@@]2([H])[C@]1([H])[C@]...): Bad Conformer Id
  Warning: Failed on molecule 69 ([H]C1=C2[C@@]([H])(OC1([H])[H]...): Bad Conformer Id
  Warning: Failed on molecule 75 ([H]O[C@@]12C([H])([H])N3C(=O)N...): Bad Conformer Id
  Warning: Failed on molecule 92 ([H]O[C@@]1([H])C([H])([H])[C@@...): Bad Conformer Id
  Warning: Failed on molecule 106 ([H]O[C@@]1([H])C([H])([H])[C@]...): Bad Conformer Id
  Warning: Failed on molecule 111 ([H]C1([H])[N@H+]2[C@@]3([H])C(...): Bad Conformer Id
  Warning: Failed on molecule 123 ([H][C+]1[NH2+][C@]23C([H])([H]...): Bad Conformer Id
  Warning: Failed on molecule 125 ([H]C1([H])O[C@@]23C([H])([H])[...): Bad Conformer Id
  Warning: Failed on molecule 140 ([H]C([H])([H])[C@]12N3C(=O)N4[...): Bad Conformer Id
  Warning: Failed on molecule 154 ([H]C1=C2NC([H])([H])[C@]3([H])...): Bad Conformer Id
  Warning: Failed on molecule 157 ([H]C([H])([H])[C@@]1([H])C([H]...): Bad Conformer Id
  Warning: Failed on molecule 183 ([H]C1([H])O[C@@]23C([H])([H])C...): Bad Conformer Id
  Warning: Failed on molecule 186 ([H]C1([H])C([H])([H])C12[C@]1(...): Bad Conformer Id
  Warning: Failed on molecule 262 ([H]C1([H])C([H])([H])C12[C@@]1...): Bad Conformer Id
  Warning: Failed on molecule 266 ([H]C1([H])O[C@@]23C([H])([H])[...): Bad Conformer Id
  Warning: Failed on molecule 281 ([H]O[C@@]1([H])C([H])([H])[C@]...): Bad Conformer Id
  Warning: Failed on molecule 315 ([H]C1([H])C([H])([H])[C@]23C(=...): Bad Conformer Id
  Warning: Failed on molecule 328 ([H]C1=C([H])[C@@]23C([H])([H])...): Bad Conformer Id
  Warning: Failed on molecule 334 ([H]C1([H])O[C@@]23C([H])([H])[...): Bad Conformer Id
  Warning: Failed on molecule 342 ([H]C([H])([H])O[C@]12C([H])([H...): Bad Conformer Id
  Warning: Failed on molecule 346 ([H]C1=C([H])C([H])([H])C2(C1([...): Bad Conformer Id
  Warning: Failed on molecule 391 ([H]C1([H])O[C@]2([H])[C@@]1([H...): Bad Conformer Id
  Warning: Failed on molecule 452 ([H]C1([H])O[C@@]2([H])[C@]13O[...): Bad Conformer Id
  Warning: Failed on molecule 475 ([H]C([H])([H])[N@@H+]1C([H])([...): Bad Conformer Id
  Warning: Failed on molecule 479 ([H]C1([H])C(=O)[C@]23C([H])([H...): Bad Conformer Id
  Warning: Failed on molecule 482 ([H]C1=C([H])[C@]23OC([H])([H])...): Bad Conformer Id
  Warning: Failed on molecule 483 ([H]C1=C2N([H])C([H])([H])[C@@]...): Bad Conformer Id
  Warning: Failed on molecule 491 ([H]C1([H])C([H])([H])[C@@]23OC...): Bad Conformer Id
  Warning: Failed on molecule 495 ([H]C1([H])C(=O)[C@@]23OC([H])(...): Bad Conformer Id
  Warning: Failed on molecule 500 ([H]C1([H])O[C@@]23C([H])([H])[...): Bad Conformer Id
  Warning: Failed on molecule 503 ([H]C1([H])C([H])([H])[C@@]23[N...): Bad Conformer Id
  Warning: Failed on molecule 512 ([H]C([H])([H])[C@@]12OC([H])([...): Bad Conformer Id
  Warning: Failed on molecule 517 ([H]N1[C@]2([H])[C@@]3([H])C([H...): Bad Conformer Id
  Warning: Failed on molecule 535 ([H]O[C@@]1([H])C([H])([H])[N@@...): Bad Conformer Id
  Warning: Failed on molecule 540 ([H]C([H])([H])C1(C23C([H])([H]...): Bad Conformer Id
  Warning: Failed on molecule 574 ([H]C1=C([H])[C@@]23O[C@]1([H])...): Bad Conformer Id
  Warning: Failed on molecule 585 ([H]C1([H])C([H])([H])C1([H])[C...): Bad Conformer Id
  Warning: Failed on molecule 601 ([H]C1([H])C([H])([H])[C@]23O[C...): Bad Conformer Id
  Warning: Failed on molecule 605 ([H]C1([H])[C@]2([H])O[C@@]3([H...): Bad Conformer Id
  Warning: Failed on molecule 612 ([H]C1([H])C(=O)[C@]2([H])[N@H+...): Bad Conformer Id
  Warning: Failed on molecule 620 ([H]C1([H])C([H])([H])[C@]23O[C...): Bad Conformer Id
  Warning: Failed on molecule 621 ([H][N-]C1O[C@]23C([H])([H])[N@...): Bad Conformer Id
  Warning: Failed on molecule 653 ([H][C-]1[C@@H]2C([H])([H])[C@@...): Bad Conformer Id
  Warning: Failed on molecule 664 ([H]N([H])[C@H]1[NH2+]C([H])([H...): Bad Conformer Id
  Warning: Failed on molecule 692 ([H]C1([H])[C@@]2([H])C([H])([H...): Bad Conformer Id
  Warning: Failed on molecule 717 ([H]N1[C@@]2([H])[C@]3([H])OC([...): Bad Conformer Id
  Warning: Failed on molecule 725 ([H]OC([H])([H])[C@@]1([H])N([H...): Bad Conformer Id
  Warning: Failed on molecule 731 ([H]C1([H])[N@@H+]2[C@]3([H])C(...): Bad Conformer Id
  Warning: Failed on molecule 743 ([H]C1([H])C([H])([H])[C@@]2([H...): Bad Conformer Id
  Warning: Failed on molecule 746 ([H]C1([H])[N@H+]2C([H])([H])[C...): Bad Conformer Id
  Warning: Failed on molecule 792 ([H]C1([H])[N@@H+]2[C@]3(C([H])...): Bad Conformer Id
  Warning: Failed on molecule 797 ([H]N1C([H])([H])[C@]23OC(=O)[C...): Bad Conformer Id
  Warning: Failed on molecule 805 ([H]C1=C([H])[C@@]2([H])[N@H+]3...): Bad Conformer Id
  Warning: Failed on molecule 813 ([H]C1([H])O[C@@]2([H])[C@@]3([...): Bad Conformer Id
  Warning: Failed on molecule 816 ([H]O[C@@]12C([H])([H])[C@@]3([...): Bad Conformer Id
  Warning: Failed on molecule 843 ([H]c1nnn2c1N1C([H])([H])C2([H]...): Bad Conformer Id
  Warning: Failed on molecule 847 ([H]C1([H])O[C@@]23C(=O)[C@@]([...): Bad Conformer Id
  Warning: Failed on molecule 850 ([H]C1([H])[C@@]2([H])[C@]3([H]...): Bad Conformer Id
  Warning: Failed on molecule 858 ([H]C1=C([H])[C@]2([H])O[C@]23C...): Bad Conformer Id
  Warning: Failed on molecule 860 ([H]C1([H])C([H])([H])C1([H])[C...): Bad Conformer Id
  Warning: Failed on molecule 866 ([H]C1=NC([H])([H])[C@]2([H])[C...): Bad Conformer Id
  Warning: Failed on molecule 886 ([H]C1([H])O[C@]2([H])C([H])([H...): Bad Conformer Id
  Warning: Failed on molecule 892 ([H]C1=C(C([H])([H])[H])[C@@]2(...): Bad Conformer Id
  Warning: Failed on molecule 907 ([H]N1[C@@]23C([H])([H])C(=O)[C...): Bad Conformer Id
  Warning: Failed on molecule 924 ([H]C1([H])[C@]2([H])C([H])([H]...): Bad Conformer Id
  Warning: Failed on molecule 946 ([H]C([H])([H])[N@H+]1C([H])([H...): Bad Conformer Id
  Warning: Failed on molecule 947 ([H]c1nc2c(o1)N1C([H])([H])C2([...): Bad Conformer Id
  Warning: Failed on molecule 953 ([H]C([H])([H])[C@@]1([H])C([H]...): Bad Conformer Id
  Warning: Failed on molecule 962 ([H]C(=O)N1C([H])([H])[C@]2([H]...): Bad Conformer Id
  Warning: Failed on molecule 983 ([H]O[C@@]1([H])C([H])([H])[C@]...): Bad Conformer Id
  dim=128, R²=0.5177 ± 0.0013 (762.9s embed, 928.2s total)

================================================================================
SUMMARY
================================================================================
Embedding               Dim    R² mean     R² std   Time (s) Note
----------------------------------------------------------------------
pdv                     200     0.8728     0.0006      133.9 (baseline)
mhg_gnn                1024     0.8683     0.0006      667.0 
ecfp4                  2048     0.8085     0.0006      154.8 (baseline)
mol2vec                 300     0.7532     0.0009      416.6 
chemberta               384     0.7303     0.0006      507.5 
smited                  768     0.7246     0.0006     1034.2 
chembert                256     0.7031     0.0016      361.3 
molformer               768     0.7008     0.0010     1061.6 
selformer               768     0.6513     0.0023     1263.0 
schnet                  128     0.5177     0.0013      928.2 

Failed:
  unimol: Embedding generation failed: No module named 'unimol_tools'

================================================================================
RECOMMENDATIONS FOR ANOVA
================================================================================

ECFP4 baseline R² = 0.8085

Pretrained embeddings ranked by R²:
  mhg_gnn              R²=0.8683 (Δ=+0.0598 vs ECFP4) → BETTER THAN ECFP4
  mol2vec              R²=0.7532 (Δ=-0.0553 vs ECFP4) → GOOD
  chemberta            R²=0.7303 (Δ=-0.0782 vs ECFP4) → GOOD
  smited               R²=0.7246 (Δ=-0.0839 vs ECFP4) → GOOD
  chembert             R²=0.7031 (Δ=-0.1053 vs ECFP4) → GOOD
  molformer            R²=0.7008 (Δ=-0.1076 vs ECFP4) → GOOD
  selformer            R²=0.6513 (Δ=-0.1571 vs ECFP4) → GOOD
  schnet               R²=0.5177 (Δ=-0.2907 vs ECFP4) → GOOD

Results saved to /data/stat-cadd/scat9264/KIRBy/tests/results/pretrained_embedding_results.csv
