split,record_index,canonical_smiles,y_clean_raw,epsilon_raw,noise_scale_raw,noise_pattern_raw,y_noisy_raw,y_written
train,0,COC1C(O)C1(C)OC,7.956609249e0,-1.201730669e-1,1.583112627e-1,7.915562987e-1,7.836436272e0,7.596220970e-1
train,1,Cc1[nH]cnc1C1CN1,6.264060974e0,1.949384511e-1,1.583112627e-1,7.915562987e-1,6.458999634e0,-3.195821643e-1
train,2,C1C2C3CC4C1C2CC34,9.679089546e0,-1.844648272e-2,1.583112627e-1,7.915562987e-1,9.660642624e0,2.188864946e0
train,3,CC#CC1NCC12CO2,7.349795341e0,-1.738450527e-1,1.583112627e-1,7.915562987e-1,7.175950050e0,2.421394736e-1
train,4,CC(C)C12CC=CC1N2,6.342973709e0,2.997695841e-2,1.583112627e-1,7.915562987e-1,6.372950554e0,-3.870005310e-1
train,5,CC1(c2cnoc2)CC1,6.582434177e0,-2.949497998e-1,1.583112627e-1,7.915562987e-1,6.287484169e0,-4.539623857e-1
train,6,C#CC1(COC)CC1,8.051848412e0,-5.632692948e-2,1.583112627e-1,7.915562987e-1,7.995521545e0,8.842634559e-1
train,7,C#CCC1C2CC(O)C12,8.364779472e0,1.570287049e-1,1.583112627e-1,7.915562987e-1,8.521808624e0,1.296602726e0
train,8,Cn1nccc1N1CC1,6.568828583e0,2.554281056e-1,4.749337733e-1,2.374668837e0,6.824256897e0,-3.340769559e-2
train,9,CCC1CCOC1OC,9.208333015e0,9.720117599e-2,1.583112627e-1,7.915562987e-1,9.305534363e0,1.910642028e0
train,10,CC1C=CC(=O)OC1C,5.904870510e0,-2.158789523e-2,1.583112627e-1,7.915562987e-1,5.883282661e0,-7.706491947e-1
train,11,[NH-]C1OCC23COC12C3,7.004210949e0,1.648547351e-1,1.583112627e-1,7.915562987e-1,7.169065475e0,2.367454916e-1
train,12,COC(C=O)C(F)(F)F,6.032763958e0,7.099851966e-2,1.583112627e-1,7.915562987e-1,6.103762627e0,-5.979058743e-1
train,13,CC#CC1CC1(O)C#N,6.925297737e0,-1.554221809e-1,1.583112627e-1,7.915562987e-1,6.769875526e0,-7.601481676e-2
train,14,[NH-]C1N=CC=NC(=O)O1,4.680358410e0,2.576158047e-1,1.583112627e-1,7.915562987e-1,4.937973976e0,-1.511286616e0
train,15,N#CC1CCC(=O)C1,6.046370029e0,1.718955040e-1,1.583112627e-1,7.915562987e-1,6.218265533e0,-5.081943274e-1
train,16,CCOc1cnoc1,6.119840622e0,3.348568678e-1,4.749337733e-1,2.374668837e0,6.454697609e0,-3.229527473e-1
train,17,C[NH2+]C(C)OC(C)(C)C,7.366122246e0,2.791045979e-2,1.583112627e-1,7.915562987e-1,7.394032478e0,4.130043089e-1
train,18,CC(O)C1(C)CC1CO,8.732133865e0,3.652593195e-1,1.583112627e-1,7.915562987e-1,9.097393036e0,1.747565866e0
train,19,CC1C2C(=O)C[NH+]12,5.929360867e0,1.871046126e-1,1.583112627e-1,7.915562987e-1,6.116465569e0,-5.879533291e-1
train,20,O=C1C2C3OCC1(O)C32,6.596040249e0,-1.606933922e-1,1.583112627e-1,7.915562987e-1,6.435347080e0,-3.381136358e-1
train,21,CC1CC2C3C1CC23C,4.688521862e0,-3.327424824e-2,4.749337733e-1,2.374668837e0,4.655247688e0,-1.732799172e0
train,22,CC12OC3CCC1C32O,7.894023418e0,3.550828621e-2,1.583112627e-1,7.915562987e-1,7.929531574e0,8.325611353e-1
train,23,Nc1cc(OC=O)c[nH]1,5.752487183e0,-6.025122106e-2,1.583112627e-1,7.915562987e-1,5.692235947e0,-9.203318954e-1
train,24,CC1=CC(=O)OCCC1,5.970178127e0,-2.289994210e-1,1.583112627e-1,7.915562987e-1,5.741178513e0,-8.819860220e-1
train,25,CCC(C(C)=O)C(C)O,6.193311214e0,-7.971817255e-2,1.583112627e-1,7.915562987e-1,6.113593102e0,-5.902038217e-1
train,26,CC12CC3(O)CC1OC32,8.381106377e0,-3.832728835e-3,1.583112627e-1,7.915562987e-1,8.377273560e0,1.183361292e0
train,27,C#CC1(C)CC1NC=O,6.985162735e0,6.763038691e-3,1.583112627e-1,7.915562987e-1,6.991925716e0,9.795872122e-2
train,28,O1C2C3C2C2C4C1C4C32,7.815110207e0,-4.327908158e-1,4.749337733e-1,2.374668837e0,7.382319450e0,4.038273096e-1
train,29,CCCC1(C=O)CN1,6.079023361e0,1.128541753e-1,1.583112627e-1,7.915562987e-1,6.191877365e0,-5.288690925e-1
train,30,COCC(C#N)NC=O,7.553880215e0,-3.859706968e-2,1.583112627e-1,7.915562987e-1,7.515283108e0,5.080026388e-1
train,31,CC(OC=O)C(O)CO,7.643678188e0,8.506418765e-2,1.583112627e-1,7.915562987e-1,7.728742599e0,6.752454638e-1
train,32,CC1C2OCC3C2[NH+]13,8.596076965e0,-5.130781978e-2,1.583112627e-1,7.915562987e-1,8.544769287e0,1.314592123e0
train,33,Cc1n[nH]c2occc12,6.147051811e0,8.248923719e-2,4.749337733e-1,2.374668837e0,6.229540825e0,-4.993602633e-1
train,34,C[NH2+]C1OC(CO)C1C,7.523947716e0,-3.222305775e-1,1.583112627e-1,7.915562987e-1,7.201717377e0,2.623278499e-1
train,35,CC12CC(C#N)=CC1N2,5.287172318e0,-1.020436808e-1,1.583112627e-1,7.915562987e-1,5.185128689e0,-1.317644000e0
train,36,COC(C(C)C)C1CO1,8.977036476e0,6.477445364e-2,1.583112627e-1,7.915562987e-1,9.041810989e0,1.704018116e0
train,37,CC1CC2OC([NH-])C12O,7.559322834e0,-1.815955639e-1,1.583112627e-1,7.915562987e-1,7.377727509e0,4.002295732e-1
train,38,CCCC1C=CNC1=O,5.825957775e0,2.663242817e-1,4.749337733e-1,2.374668837e0,6.092282295e0,-6.069005728e-1
train,39,CC12C3C(O)C1(O)C[NH+]32,7.804225445e0,5.061072707e-1,4.749337733e-1,2.374668837e0,8.310332298e0,1.130913734e0
train,40,N#CC1COC2C(O)C12,7.643678188e0,2.235999405e-1,1.583112627e-1,7.915562987e-1,7.867278099e0,7.837862968e-1
train,41,Cc1occc(=O)c1F,5.472209930e0,2.094520926e-1,1.583112627e-1,7.915562987e-1,5.681662083e0,-9.286163449e-1
train,42,N#CC1COCCN1,6.979720592e0,4.670578241e-1,4.749337733e-1,2.374668837e0,7.446778297e0,4.543299973e-1
train,43,N#CC12CC1OCCN2,7.104892731e0,2.108719200e-1,1.583112627e-1,7.915562987e-1,7.315764427e0,3.516822755e-1
train,44,O=CC12COC1C2O,5.932082176e0,1.118813396e0,4.749337733e-1,2.374668837e0,7.050895691e0,1.441609561e-1
train,45,C#CC(O)C1C(C)C1C,7.959330082e0,-5.490756035e-2,1.583112627e-1,7.915562987e-1,7.904422760e0,8.128886819e-1
train,46,CC(O)C(CO)C(C)O,8.089944839e0,2.148837596e-1,1.583112627e-1,7.915562987e-1,8.304828644e0,1.126601696e0
train,47,C#CCC(C)C(C)CO,8.489952087e0,9.588841349e-2,1.583112627e-1,7.915562987e-1,8.585840225e0,1.346770763e0
train,48,CC12OCC1C2C(N)=O,6.925297737e0,-9.427779913e-1,4.749337733e-1,2.374668837e0,5.982519627e0,-6.928982735e-1
train,49,NC1=NCCCC1=O,4.685800552e0,3.363184258e-2,1.583112627e-1,7.915562987e-1,4.719432354e0,-1.682511330e0
train,50,CC(C#CC#N)[NH+]1CC1,5.888543606e0,2.310218811e-1,1.583112627e-1,7.915562987e-1,6.119565487e0,-5.855245590e-1
train,51,O=C1CC2C3C(O)C2C13,6.141610146e0,-6.588972807e-1,4.749337733e-1,2.374668837e0,5.482712746e0,-1.084490657e0
train,52,N#CC12CC(CCN1)C2,7.142988205e0,1.174141392e-1,1.583112627e-1,7.915562987e-1,7.260402203e0,3.083066642e-1
train,53,NC1=CC(=O)C2C[NH+]2C1,5.325268269e0,-1.022710502e-1,1.583112627e-1,7.915562987e-1,5.222997189e0,-1.287974596e0
train,54,CNC(C=O)(C=O)CO,5.327989578e0,1.232796535e-1,1.583112627e-1,7.915562987e-1,5.451269150e0,-1.109126329e0
train,55,[NH-]C1OC2C=CC1O2,6.459982872e0,-3.026511893e-2,1.583112627e-1,7.915562987e-1,6.429717541e0,-3.425243199e-1
train,56,Cc1n[nH]c(=O)[nH]1,6.590597630e0,-5.497729406e-3,1.583112627e-1,7.915562987e-1,6.585099697e0,-2.207843512e-1
train,57,CC1(O)C=CC2(CN2)C1,6.563386440e0,-1.055777669e-1,1.583112627e-1,7.915562987e-1,6.457808495e0,-3.205154240e-1
train,58,CC1COC(=O)OC1,8.683153152e0,1.090170741e-1,4.749337733e-1,2.374668837e0,8.792170525e0,1.508427858e0
train,59,CCCCCC,1.076754570e1,1.931133866e-1,4.749337733e-1,2.374668837e0,1.096065903e1,3.207411289e0
train,60,C#CCNc1[nH]nn[nH+]1,5.480372906e0,7.352460921e-2,1.583112627e-1,7.915562987e-1,5.553897381e0,-1.028718352e0
train,61,C#CC1NC1CC(N)=O,6.922576904e0,-1.343739219e-2,1.583112627e-1,7.915562987e-1,6.909139633e0,3.309686109e-2
train,62,N#CC1(C2CCO2)CN1,7.401497364e0,-9.474129416e-3,1.583112627e-1,7.915562987e-1,7.392023087e0,4.114299715e-1
train,63,Cc1c[n+]2[nH]cnc2[nH]1,6.378348827e0,-2.754050493e-1,1.583112627e-1,7.915562987e-1,6.102943897e0,-5.985473394e-1
train,64,CC1(C)CCN(C=O)C1,7.249113560e0,1.415468752e-1,1.583112627e-1,7.915562987e-1,7.390660286e0,4.103622437e-1
train,65,OC1CC1CCC1CC1,9.083160400e0,4.263402522e-1,4.749337733e-1,2.374668837e0,9.509500504e0,2.070446968e0
train,66,CCCC12CCC1C2C,8.805603981e0,2.768940106e-2,1.583112627e-1,7.915562987e-1,8.833292961e0,1.540646791e0
train,67,CCC(C)(C#N)NC=O,7.404218197e0,2.236700803e-1,1.583112627e-1,7.915562987e-1,7.627888203e0,5.962273479e-1
train,68,C#CCn1cnnn1,7.211016655e0,-1.671759337e-1,1.583112627e-1,7.915562987e-1,7.043840885e0,1.386335939e-1
train,69,C#CCNC(C=O)CO,5.994668484e0,2.674031258e-1,1.583112627e-1,7.915562987e-1,6.262071609e0,-4.738728106e-1
train,70,N#CC12CCC(CC1)O2,7.934839725e0,1.177181229e-1,1.583112627e-1,7.915562987e-1,8.052557945e0,9.289507270e-1
train,71,OC12CC1CC1C[NH+]1C2,8.370222092e0,8.564062417e-2,1.583112627e-1,7.915562987e-1,8.455862999e0,1.244935155e0
train,72,CC1OCCC(=O)C1C,6.049090862e0,1.440697014e-1,4.749337733e-1,2.374668837e0,6.193160534e0,-5.278637409e-1
train,73,N#CC#CC1(C#N)CN1,5.823236465e0,-1.057696342e-1,1.583112627e-1,7.915562987e-1,5.717466831e0,-9.005637765e-1
train,74,O=C1C(=O)N2CC2C1O,4.046332836e0,-1.406558417e-2,1.583112627e-1,7.915562987e-1,4.032267094e0,-2.220896721e0
train,75,CC12CC3C[NH+]3C1C2O,7.766129494e0,-1.550913230e-2,1.583112627e-1,7.915562987e-1,7.750620365e0,6.923864484e-1
train,76,C[NH+]1CC1C(O)C(N)=O,6.702164173e0,6.657226384e-2,1.583112627e-1,7.915562987e-1,6.768736362e0,-7.690733671e-2
train,77,CC1C2CCC(=O)C[NH+]12,5.412344456e0,-6.827958673e-2,1.583112627e-1,7.915562987e-1,5.344064713e0,-1.193119645e0
train,78,CCC1C(O)C1C(C)C,8.250492096e0,-1.728256941e-1,1.583112627e-1,7.915562987e-1,8.077666283e0,9.486228228e-1
train,79,CCC1C(C)C1CCO,9.094044685e0,8.717052639e-2,1.583112627e-1,7.915562987e-1,9.181215286e0,1.813239574e0
train,80,CCCC1CC(=O)N1C,7.559322834e0,-2.136651427e-1,1.583112627e-1,7.915562987e-1,7.345657825e0,3.751033843e-1
train,81,N#CC1(CO)C[NH+]2CC21,7.387890816e0,-6.825984269e-2,1.583112627e-1,7.915562987e-1,7.319631100e0,3.547117710e-1
train,82,CC#CC(=O)NC(C)=O,5.472209930e0,-5.513280258e-2,1.583112627e-1,7.915562987e-1,5.417077065e0,-1.135915399e0
train,83,O=C1C2COCC1C2O,5.972899437e0,-3.489776701e-2,1.583112627e-1,7.915562987e-1,5.938001633e0,-7.277775407e-1
train,84,O=C1C(O)C2NC2C1O,5.937524319e0,-1.186398640e-1,1.583112627e-1,7.915562987e-1,5.818884373e0,-8.211044073e-1
train,85,CC#CC1C=CCCO1,7.006931782e0,1.947226673e-1,1.583112627e-1,7.915562987e-1,7.201654434e0,2.622785270e-1
train,86,COCC12CC(N1)C2=O,6.729375839e0,-1.475413293e-1,4.749337733e-1,2.374668837e0,6.581834316e0,-2.233427465e-1
train,87,NC(=O)OC12CCC1C2,8.364779472e0,-9.788578004e-2,1.583112627e-1,7.915562987e-1,8.266893387e0,1.096879840e0
train,88,C1=CC2(CO2)C2COC12,6.536174774e0,-5.087928474e-2,4.749337733e-1,2.374668837e0,6.485295296e0,-2.989798486e-1
train,89,CC1OC(=O)NCC1O,8.049127579e0,1.454925537e-1,1.583112627e-1,7.915562987e-1,8.194620132e0,1.040254712e0
train,90,O=CC(=O)C1CCC1,4.190553188e0,2.531321943e-1,1.583112627e-1,7.915562987e-1,4.443685532e0,-1.898555398e0
train,91,C1CC2C3C4CC(C14)[NH+]23,8.332126617e0,-1.004226431e-1,1.583112627e-1,7.915562987e-1,8.231703758e0,1.069309235e0
train,92,CCC1OC12C1CC2C1,9.491331100e0,-1.238713786e-2,1.583112627e-1,7.915562987e-1,9.478943825e0,2.046506166e0
train,93,C#Cc1cc[nH]c1C#C,4.979683399e0,3.748689219e-2,1.583112627e-1,7.915562987e-1,5.017170429e0,-1.449237227e0
train,94,OC1CC2CC1(O)C2O,8.419202805e0,3.731166199e-2,1.583112627e-1,7.915562987e-1,8.456514359e0,1.245445490e0
train,95,CC1OC2CC(=O)C1O2,5.866774559e0,-1.408551037e-1,1.583112627e-1,7.915562987e-1,5.725919247e0,-8.939414620e-1
train,96,Cc1cc(=O)cc(F)[nH]1,5.572891712e0,1.517816782e-1,4.749337733e-1,2.374668837e0,5.724673271e0,-8.949176669e-1
train,97,COCCCC1(C)CC1,9.080439568e0,-1.401852965e-1,1.583112627e-1,7.915562987e-1,8.940254211e0,1.624449611e0
train,98,C1CC2CC2C2(C1)CO2,8.917170525e0,-1.688234806e-1,1.583112627e-1,7.915562987e-1,8.748347282e0,1.474092960e0
train,99,O=CNC12CC1C1CC12,6.639578342e0,2.397759557e-1,4.749337733e-1,2.374668837e0,6.879354477e0,9.760566987e-3
train,100,COC1CCOC1C,8.468183517e0,-8.792455494e-2,1.583112627e-1,7.915562987e-1,8.380258560e0,1.185700059e0
train,101,CC1OCC12OCC2=O,5.801467419e0,3.486796618e-1,1.583112627e-1,7.915562987e-1,6.150146961e0,-5.615643859e-1
train,102,CCC1C(O)C12CCC2,8.345731735e0,-3.155679628e-2,1.583112627e-1,7.915562987e-1,8.314174652e0,1.133924127e0
train,103,CC1CN(C(N)=O)C1,7.853205681e0,-9.423694760e-2,1.583112627e-1,7.915562987e-1,7.758968830e0,6.989273429e-1
train,104,C#CCN(C)C(N)=O,7.583813190e0,2.554535270e-1,1.583112627e-1,7.915562987e-1,7.839266777e0,7.618398070e-1
train,105,C#CCC1OCC1O,8.070897102e0,-1.181252524e-1,1.583112627e-1,7.915562987e-1,7.952771664e0,8.507694602e-1
train,106,COc1cc(C=O)co1,4.533416748e0,-1.593933702e-1,1.583112627e-1,7.915562987e-1,4.374023438e0,-1.953134775e0
train,107,CC1COCC1NC=O,7.472246647e0,3.550325632e-1,1.583112627e-1,7.915562987e-1,7.827279091e0,7.524476051e-1
train,108,CC1(C)CCCC1CO,9.088603020e0,6.668007374e-1,4.749337733e-1,2.374668837e0,9.755403519e0,2.263108969e0
train,109,CC1(O)CC2(O)CC1C2,8.696758270e0,1.277015209e-1,1.583112627e-1,7.915562987e-1,8.824460030e0,1.533726335e0
train,110,C[NH+](C)C(C)(C#N)C=O,5.072202206e0,-2.919662930e-2,1.583112627e-1,7.915562987e-1,5.043005466e0,-1.428995848e0
train,111,CC1(C)OCC1NO,6.718491554e0,-1.183899678e-2,1.583112627e-1,7.915562987e-1,6.706652641e0,-1.255491525e-1
train,112,O=C1CC2(CCN1)CN2,7.270882130e0,6.408167630e-2,1.583112627e-1,7.915562987e-1,7.334963799e0,3.667247593e-1
train,113,N#CC1CC(O)C1N,7.480409622e0,1.741203815e-1,1.583112627e-1,7.915562987e-1,7.654530048e0,6.171008945e-1
train,114,[NH-]C1OC2C=CC1C2,6.451819897e0,3.084631562e-1,4.749337733e-1,2.374668837e0,6.760282993e0,-8.353044093e-2
train,115,CC1(O)C2C[NH+]2C12CC2,8.174300194e0,1.413514465e-1,1.583112627e-1,7.915562987e-1,8.315651894e0,1.135081530e0
train,116,CCCc1nnn(C)n1,6.966114998e0,-1.578903347e-1,4.749337733e-1,2.374668837e0,6.808224678e0,-4.596873745e-2
train,117,C[N+](=CN)C(C#N)C#N,3.654489040e0,-1.720417850e-2,1.583112627e-1,7.915562987e-1,3.637284756e0,-2.530360222e0
train,118,OCC(O)C#CC1CO1,7.216459274e0,1.814545095e-1,1.583112627e-1,7.915562987e-1,7.397913933e0,4.160453975e-1
train,119,CC1(C=O)CCO1,5.790582657e0,-3.246825933e-2,1.583112627e-1,7.915562987e-1,5.758114338e0,-8.687170148e-1
train,120,CC(C#N)c1cnno1,6.400117874e0,2.272041291e-1,1.583112627e-1,7.915562987e-1,6.627322197e0,-1.877035499e-1
train,121,O=CC12CC1C1COC12,5.983783722e0,8.382746577e-2,1.583112627e-1,7.915562987e-1,6.067611217e0,-6.262300611e-1
train,122,CC12CC3C4OC1C4C32,8.141646385e0,-5.103945732e-1,4.749337733e-1,2.374668837e0,7.631251812e0,5.988627076e-1
train,123,Nc1cnc([N+](=O)[O-])o1,4.117082596e0,2.871497571e-1,4.749337733e-1,2.374668837e0,4.404232502e0,-1.929466367e0
train,124,O=C(CO)N1CCC1,7.295372486e0,-1.012054607e-1,1.583112627e-1,7.915562987e-1,7.194167137e0,2.564123273e-1
train,125,C#CC#CC#CC=O,4.225928307e0,-2.117238194e-1,1.583112627e-1,7.915562987e-1,4.014204502e0,-2.235048532e0
train,126,C1=Cc2c[nH]cc2C1,5.455882549e0,-4.216634035e-1,4.749337733e-1,2.374668837e0,5.034219265e0,-1.435879707e0
train,127,CC(C)(C=O)CO[CH+][NH-],6.253176689e0,-3.120597685e-4,1.583112627e-1,7.915562987e-1,6.252864838e0,-4.810861945e-1
train,128,C[NH2+]C(C=O)OC(C)=O,4.742944717e0,-6.538636982e-2,1.583112627e-1,7.915562987e-1,4.677558422e0,-1.715318918e0
train,129,C[NH2+]C(OC=O)C(N)=O,5.243634224e0,6.174774468e-2,1.583112627e-1,7.915562987e-1,5.305381775e0,-1.223427296e0
train,130,C#CC1C(O)C(O)C1O,7.480409622e0,8.576297015e-2,1.583112627e-1,7.915562987e-1,7.566172600e0,5.478739142e-1
train,131,C[NH2+]C1CCC(OC)O1,7.502179146e0,1.721800119e-1,1.583112627e-1,7.915562987e-1,7.674359322e0,6.326368451e-1
train,132,CC1C2C3C(O)C3C12O,7.406939030e0,1.809487641e-1,4.749337733e-1,2.374668837e0,7.587887764e0,5.648875237e-1
train,133,C#CCC1OCC1(C)C,8.098108292e0,-9.021913260e-2,1.583112627e-1,7.915562987e-1,8.007888794e0,8.939530253e-1
train,134,CC12OC1CC21CCC1,8.743018150e0,3.293671906e-1,4.749337733e-1,2.374668837e0,9.072385788e0,1.727972984e0
train,135,C#CCn1cncn1,7.382448673e0,9.712913632e-1,4.749337733e-1,2.374668837e0,8.353739738e0,1.164922833e0
train,136,N#CC1CC(CO)C1O,7.864090443e0,-2.022322267e-1,1.583112627e-1,7.915562987e-1,7.661858082e0,6.228423119e-1
train,137,C#CCc1ccc(C)o1,6.204195976e0,1.388768107e-1,1.583112627e-1,7.915562987e-1,6.343072891e0,-4.104093015e-1
train,138,N#CC12CCC1CC2,8.274982452e0,-1.642958671e-1,1.583112627e-1,7.915562987e-1,8.110686302e0,9.744935632e-1
train,139,CC1C2OC3C(O2)C13,8.971593857e0,1.345553901e-2,1.583112627e-1,7.915562987e-1,8.985049248e0,1.659546018e0
train,140,[NH-]C1CCC2OC2CO1,7.455919266e0,9.830854088e-2,1.583112627e-1,7.915562987e-1,7.554227829e0,5.385153294e-1
train,141,C#CC[NH2+][CH+]OC,7.344352722e0,5.512552708e-2,1.583112627e-1,7.915562987e-1,7.399478436e0,4.172711670e-1
train,142,[NH-]C1OC2C3C2C2C3[NH+]12,7.474967480e0,-1.974477470e-1,1.583112627e-1,7.915562987e-1,7.277519703e0,3.217180073e-1
train,143,CCC1(O)C(C)C1C#N,7.978377819e0,4.148557484e-1,1.583112627e-1,7.915562987e-1,8.393233299e0,1.195865631e0
train,144,CC1=CC(C)(C)C2OC12,6.650462627e0,1.867259741e-1,1.583112627e-1,7.915562987e-1,6.837188721e0,-2.327577397e-2
train,145,c1nn[nH]c1C1COC1,6.805567265e0,-2.087876499e-1,1.583112627e-1,7.915562987e-1,6.596779823e0,-2.116331160e-1
train,146,C#CC(=O)CC1C[NH+]1C,4.506205559e0,-4.553291574e-2,1.583112627e-1,7.915562987e-1,4.460672855e0,-1.885246038e0
train,147,CN=CN1CCOC1=O,6.568828583e0,-1.025422662e-1,1.583112627e-1,7.915562987e-1,6.466286182e0,-3.138732612e-1
train,148,C[NH+]1CC1CCC1CO1,8.362058640e0,-2.046871930e-2,4.749337733e-1,2.374668837e0,8.341589928e0,1.155403614e0
train,149,CC1COC2(CO)CC12,8.658662796e0,3.406549245e-2,1.583112627e-1,7.915562987e-1,8.692728043e0,1.430516005e0
train,150,CCNC(N)=O,8.231444359e0,2.162027359e-1,1.583112627e-1,7.915562987e-1,8.447647095e0,1.238498092e0
train,151,C#CC#CC(=O)C1CC1,4.966077805e0,1.402445138e-1,1.583112627e-1,7.915562987e-1,5.106322289e0,-1.379387856e0
train,152,[NH-]C1NCCC(=O)C1=O,3.757892370e0,2.950250637e-3,4.749337733e-1,2.374668837e0,3.760842562e0,-2.433554411e0
train,153,CCC1OC2(C)C(O)C12,8.160694122e0,-2.900803089e-1,4.749337733e-1,2.374668837e0,7.870614052e0,7.863999605e-1
train,154,C1#CCCOCCCC1,7.624630451e0,7.285226882e-2,1.583112627e-1,7.915562987e-1,7.697482586e0,6.507536769e-1
train,155,C#CC#CCC(=O)CC,6.030043125e0,-1.578203887e-1,1.583112627e-1,7.915562987e-1,5.872222900e0,-7.793143392e-1
train,156,C#CC12CC3C(C1)[NH+]3C2,7.817831039e0,-3.544539511e-1,4.749337733e-1,2.374668837e0,7.463376999e0,4.673348665e-1
train,157,CC12C3C4C1C4(CO)C32,7.828715801e0,3.255656660e-1,1.583112627e-1,7.915562987e-1,8.154281616e0,1.008649945e0
train,158,C#CC1CC=CC12CN2,6.655904770e0,-2.250392288e-1,1.583112627e-1,7.915562987e-1,6.430865765e0,-3.416247070e-1
train,159,O=c1cc(O)occ1O,5.608266830e0,-1.700172946e-2,1.583112627e-1,7.915562987e-1,5.591265202e0,-9.994412065e-1
train,160,C[NH+]1C(C#N)C1C1CO1,7.085844994e0,1.319290251e-1,1.583112627e-1,7.915562987e-1,7.217773914e0,2.749079466e-1
train,161,CC(C(O)C=O)[NH+]1CC1,5.757929325e0,-1.870685965e-1,1.583112627e-1,7.915562987e-1,5.570860863e0,-1.015427709e0
train,162,OCC12[NH2+][CH+]NC1C2O,6.201474667e0,6.899713725e-2,1.583112627e-1,7.915562987e-1,6.270471573e0,-4.672915339e-1
train,163,CC1C(C)C1C(C)(C)C,8.781113625e0,-6.327102333e-2,1.583112627e-1,7.915562987e-1,8.717843056e0,1.450193286e0
train,164,CC1OC2C=CC1C2,6.628693581e0,-8.938187361e-1,4.749337733e-1,2.374668837e0,5.734874725e0,-8.869249225e-1
train,165,CC(C)(C)C1C2CC[NH+]21,8.030079842e0,1.363500655e-1,1.583112627e-1,7.915562987e-1,8.166429520e0,1.018167734e0
train,166,CC1(C2CO2)CCC1,9.458678246e0,-3.760727048e-1,4.749337733e-1,2.374668837e0,9.082605362e0,1.735979915e0
train,167,O=CC12CC3C1C1C2[NH+]31,5.717112064e0,-8.640930988e-3,1.583112627e-1,7.915562987e-1,5.708471298e0,-9.076116681e-1
train,168,OCC1COCC12CC2,8.699480057e0,-2.618456483e-1,1.583112627e-1,7.915562987e-1,8.437634468e0,1.230653405e0
train,169,CNC(=O)C(N)CC#N,7.240949631e0,-4.415200651e-2,1.583112627e-1,7.915562987e-1,7.196797848e0,2.584734559e-1
train,170,CCNC1C(=O)OC1C,6.517127037e0,7.093871385e-2,1.583112627e-1,7.915562987e-1,6.588065624e0,-2.184605896e-1
train,171,C#CC1(C)CN(C)C1=O,7.208295822e0,2.015297674e-2,1.583112627e-1,7.915562987e-1,7.228448868e0,2.832716405e-1
train,172,c1cn2c(n1)C1OC1C2,6.280387878e0,-3.097256720e-1,1.583112627e-1,7.915562987e-1,5.970662117e0,-7.021884918e-1
train,173,CC(=O)C1=CCC(=O)N1,4.457224846e0,-5.055309534e-1,4.749337733e-1,2.374668837e0,3.951694012e0,-2.284024715e0
train,174,CC12CCOC1C1CC12,8.770229340e0,-2.544202805e-1,1.583112627e-1,7.915562987e-1,8.515809059e0,1.291902184e0
train,175,[NH-]C1C=CC2CC(C2)O1,5.461325169e0,4.590228200e-2,1.583112627e-1,7.915562987e-1,5.507227421e0,-1.065283775e0
train,176,Cc1cc(N(C)C)c[nH]1,5.956572056e0,-9.557647258e-2,1.583112627e-1,7.915562987e-1,5.860995770e0,-7.881106734e-1
train,177,C#CCOC(=O)CO,7.679053307e0,-1.263765851e-3,1.583112627e-1,7.915562987e-1,7.677789688e0,6.353245378e-1
train,178,CC1(CO)CC2CC2C1,9.031458855e0,9.171622992e-2,1.583112627e-1,7.915562987e-1,9.123174667e0,1.767765522e0
train,179,CCC1(OC(C)=O)CC1,7.521226883e0,4.980305582e-2,1.583112627e-1,7.915562987e-1,7.571030140e0,5.516797304e-1
train,180,N#CC(C#N)C(O)C[NH3+],4.024563789e0,1.977839470e-1,1.583112627e-1,7.915562987e-1,4.222347736e0,-2.071970940e0
train,181,CC1C2NC2(C)C1(C)O,8.060012817e0,-2.596046925e-1,1.583112627e-1,7.915562987e-1,7.800408363e0,7.313947082e-1
train,182,CC(O)C1=NCCO1,7.450477123e0,9.660053998e-2,1.583112627e-1,7.915562987e-1,7.547077656e0,5.329132676e-1
train,183,CCN(C)c1c[nH]nn1,5.357921600e0,6.696204096e-2,1.583112627e-1,7.915562987e-1,5.424883842e0,-1.129798889e0
train,184,Cc1c(C=O)ccn1C,5.308941364e0,7.876076549e-2,1.583112627e-1,7.915562987e-1,5.387701988e0,-1.158930421e0
train,185,CC12CC1C1OCC12,8.421924591e0,-3.397974372e-2,1.583112627e-1,7.915562987e-1,8.387945175e0,1.191722393e0
train,186,CCC1OC1(C=O)C=O,5.322546959e0,1.782697067e-2,1.583112627e-1,7.915562987e-1,5.340373993e0,-1.196011305e0
train,187,[NH-]C1NC(=O)NCC1O,6.857269287e0,4.948619381e-2,1.583112627e-1,7.915562987e-1,6.906755447e0,3.122888319e-2
train,188,C#CC(O)c1nnon1,5.847726822e0,2.375025861e-2,1.583112627e-1,7.915562987e-1,5.871477127e0,-7.798986435e-1
train,189,COC(=O)C1C(C)C1C,7.553880215e0,-1.150053516e-1,1.583112627e-1,7.915562987e-1,7.438874722e0,4.481376410e-1
train,190,OC1C2CCOC1OC2,8.653220177e0,1.214505434e-1,1.583112627e-1,7.915562987e-1,8.774670601e0,1.494716883e0
train,191,CCO[CH+][NH2+]C(C)C,7.387890816e0,6.858940125e-1,4.749337733e-1,2.374668837e0,8.073784828e0,9.455817342e-1
train,192,CC#CC1CC1(C)C,7.627351284e0,2.346305996e-1,1.583112627e-1,7.915562987e-1,7.861981869e0,7.796368003e-1
train,193,CCNc1nc(N)no1,6.606924534e0,-2.118805647e-1,1.583112627e-1,7.915562987e-1,6.395043850e0,-3.696907163e-1
train,194,CC1[NH2+]C2OCC2C1=O,5.662689686e0,4.387118667e-2,1.583112627e-1,7.915562987e-1,5.706561089e0,-9.091083407e-1
train,195,CC1(O)C2NC13CNC23,7.102171898e0,-5.372403190e-2,1.583112627e-1,7.915562987e-1,7.048448086e0,1.422432810e-1
train,196,Cc1n[nH]c(CC#N)n1,7.183805943e0,-2.369894385e-1,4.749337733e-1,2.374668837e0,6.946816444e0,6.261616945e-2
train,197,C[NH2+]C(C=O)C(=O)C=O,3.458567381e0,-5.231973529e-2,1.583112627e-1,7.915562987e-1,3.406247616e0,-2.711374998e0
train,198,O=CC1OC12C1CC2C1,5.994668484e0,1.812463552e-1,1.583112627e-1,7.915562987e-1,6.175914764e0,-5.413756371e-1
train,199,CC12CC(C=O)=CC1O2,5.036827564e0,-5.042502657e-2,1.583112627e-1,7.915562987e-1,4.986402512e0,-1.473343492e0
train,200,CC1CC2(O)CCOC12,8.430087090e0,1.012423784e-1,4.749337733e-1,2.374668837e0,8.531329155e0,1.304062009e0
train,201,C1CC2(CO2)C1[NH+]1CC1,8.220560074e0,-6.697943062e-2,1.583112627e-1,7.915562987e-1,8.153580666e0,1.008100748e0
train,202,O=C1C(CO)C2OCC12,5.785140514e0,-1.561121643e-1,1.583112627e-1,7.915562987e-1,5.629028320e0,-9.698542356e-1
train,203,N#CC1(CCO)CNC1,7.300814629e0,-2.468639053e-2,1.583112627e-1,7.915562987e-1,7.276128292e0,3.206278682e-1
train,204,O=CNC1CC(CO)C1,7.605582714e0,1.920779943e-1,1.583112627e-1,7.915562987e-1,7.797660828e0,7.292420268e-1
train,205,CCNC(=O)C1CC1C,7.442313671e0,-1.939379275e-1,1.583112627e-1,7.915562987e-1,7.248375893e0,2.988842130e-1
train,206,O=CCn1ccnc1O,4.680358410e0,3.976655006e-1,4.749337733e-1,2.374668837e0,5.078023911e0,-1.401559353e0
train,207,C#CC(C)(O)C1COC1,7.499457359e0,1.294091344e-1,1.583112627e-1,7.915562987e-1,7.628866673e0,5.969939828e-1
train,208,O=C(CO)C1(O)COC1,6.206917286e0,-4.131769389e-2,1.583112627e-1,7.915562987e-1,6.165599823e0,-5.494572520e-1
train,209,COC(C=O)CC1CO1,5.793303967e0,1.079977006e-1,1.583112627e-1,7.915562987e-1,5.901301861e0,-7.565313578e-1
train,210,CC1C2C(=O)C1(C)C2C,6.694001198e0,-2.841852903e-1,1.583112627e-1,7.915562987e-1,6.409815788e0,-3.581171036e-1
train,211,CC1C(O)C1(O)C(N)=O,7.317142010e0,-3.390780836e-2,1.583112627e-1,7.915562987e-1,7.283234119e0,3.261951804e-1
train,212,N#CCN1CC(O)C1=O,6.990605354e0,3.079387546e-1,1.583112627e-1,7.915562987e-1,7.298543930e0,3.381902277e-1
train,213,CC1CC12CC=CCC2,7.308978081e0,-8.661250025e-2,1.583112627e-1,7.915562987e-1,7.222365379e0,2.785052955e-1
train,214,CCN(C)C(=O)N1CC1,7.464083195e0,5.530008674e-2,1.583112627e-1,7.915562987e-1,7.519383430e0,5.112152100e-1
train,215,CCOCC1CN1C=O,7.074960232e0,8.859999478e-2,1.583112627e-1,7.915562987e-1,7.163560390e0,2.324323356e-1
train,216,[NH-]C1NC23CCC2OC13,6.582434177e0,-1.579260379e-1,1.583112627e-1,7.915562987e-1,6.424508095e0,-3.466058671e-1
train,217,CC1C=C2COC2C1=O,5.798746109e0,-1.857416481e-1,1.583112627e-1,7.915562987e-1,5.613004684e0,-9.824085832e-1
train,218,CC12CC(C=O)C[NH+]1C2,5.782419682e0,3.005812503e-2,1.583112627e-1,7.915562987e-1,5.812477589e0,-8.261240721e-1
train,219,CCC1(OC)CC1,8.987920761e0,1.990162134e-1,1.583112627e-1,7.915562987e-1,9.186937332e0,1.817722678e0
train,220,COCCn1ccnc1,6.889922619e0,-5.869252682e-1,4.749337733e-1,2.374668837e0,6.302997589e0,-4.418078065e-1
train,221,O=Cc1nc[nH]c(=O)n1,4.405523300e0,-1.533830017e-1,1.583112627e-1,7.915562987e-1,4.252140522e0,-2.048628569e0
train,222,C1CC23COCC2OC13,8.391991615e0,-5.050963163e-1,4.749337733e-1,2.374668837e0,7.886895180e0,7.991560698e-1
train,223,CC1NCCNC1=O,7.045027256e0,-1.237421390e-2,1.583112627e-1,7.915562987e-1,7.032652855e0,1.298679262e-1
train,224,C1CC23COC(C2)OC13,8.987920761e0,4.406320453e-1,4.749337733e-1,2.374668837e0,9.428552628e0,2.007025242e0
train,225,COC1CCC=CC1=O,4.786482811e0,9.200660884e-2,1.583112627e-1,7.915562987e-1,4.878489494e0,-1.557891965e0
train,226,OC1CC12CC1CC2O1,8.617846489e0,1.845649481e-1,4.749337733e-1,2.374668837e0,8.802411079e0,1.516451240e0
train,227,CNC(=O)C1CC1(C)O,7.455919266e0,2.331377119e-1,1.583112627e-1,7.915562987e-1,7.689056873e0,6.441522241e-1
train,228,Nc1cc(F)oc(=O)n1,5.793303967e0,4.186151326e-1,4.749337733e-1,2.374668837e0,6.211919308e0,-5.131664872e-1
train,229,O=CC1OC12COC2,5.869495869e0,-3.578519076e-2,1.583112627e-1,7.915562987e-1,5.833710670e0,-8.094882369e-1
train,230,Cc1nc(C=O)[nH]c1C,4.764713764e0,5.687817559e-2,4.749337733e-1,2.374668837e0,4.821591854e0,-1.602470636e0
train,231,C1=CC2OC3CC2C1O3,6.666789532e0,1.345323920e-1,4.749337733e-1,2.374668837e0,6.801321983e0,-5.137691274e-2
train,232,Cc1cncnc1,5.711669922e0,1.501559615e-1,1.583112627e-1,7.915562987e-1,5.861825943e0,-7.874602675e-1
train,233,CC(O)C1(O[CH+][NH-])CC1,7.502179146e0,4.385710508e-2,1.583112627e-1,7.915562987e-1,7.546036243e0,5.320973396e-1
train,234,C#CC12COCC1C2,7.842320919e0,-8.949128911e-3,4.749337733e-1,2.374668837e0,7.833371639e0,7.572210431e-1
train,235,O=CNC1CC2CC21O,6.879037857e0,-1.668316871e-1,1.583112627e-1,7.915562987e-1,6.712206364e0,-1.211978793e-1
train,236,C#CCC12C=CCC1N2,6.759308338e0,3.597348928e-1,1.583112627e-1,7.915562987e-1,7.119043350e0,1.975537837e-1
train,237,CC12NC1CC(O)C2=O,5.428671360e0,-3.213598430e-1,4.749337733e-1,2.374668837e0,5.107311726e0,-1.378612638e0
train,238,N#CCC12NC1C1NC12,6.487194061e0,-1.248191893e-1,1.583112627e-1,7.915562987e-1,6.362374783e0,-3.952865303e-1
train,239,CC1C(O)C2CC1(C)O2,8.204232216e0,2.189627439e-1,1.583112627e-1,7.915562987e-1,8.423194885e0,1.219340086e0
train,240,CC1CC1OCC(N)=O,7.630072594e0,-2.967320085e-1,1.583112627e-1,7.915562987e-1,7.333340645e0,3.654530346e-1
train,241,CCc1cc(OC)c[nH]1,6.321204662e0,-9.138431400e-2,1.583112627e-1,7.915562987e-1,6.229820251e0,-4.991413355e-1
train,242,CC1CC(O)(C#N)CO1,7.630072594e0,-8.713655174e-2,1.583112627e-1,7.915562987e-1,7.542935848e0,5.296682119e-1
train,243,CC1(C#N)CNC(N)[NH2+]1,7.064075947e0,1.327282935e-1,1.583112627e-1,7.915562987e-1,7.196804047e0,2.584783137e-1
train,244,NC(=O)c1coc(=O)[nH]1,5.126625061e0,-7.079124451e-1,4.749337733e-1,2.374668837e0,4.418712616e0,-1.918121457e0
train,245,NC1[NH2+]CC(=O)C12CN2,5.352479935e0,2.593860775e-2,1.583112627e-1,7.915562987e-1,5.378418446e0,-1.166203976e0
train,246,Nc1c[nH]c2cc[nH]c12,5.513026714e0,2.045711726e-1,1.583112627e-1,7.915562987e-1,5.717597961e0,-9.004610777e-1
train,247,CC1C2OCC12CC#N,7.434150696e0,4.258224070e-1,4.749337733e-1,2.374668837e0,7.859972954e0,7.780628204e-1
train,248,CCC1C(=O)CC1C,5.967456818e0,1.784838587e-1,1.583112627e-1,7.915562987e-1,6.145940781e0,-5.648598671e-1
train,249,CCC12CC[NH+]1C2C=O,5.589218616e0,-5.487233400e-2,1.583112627e-1,7.915562987e-1,5.534346104e0,-1.044036627e0
train,250,NC(=O)CCOC1CC1,7.466804028e0,-1.609684825e-1,1.583112627e-1,7.915562987e-1,7.305835724e0,3.439032733e-1
train,251,O=CN1CC(CO)C1=O,5.896707535e0,1.267895103e-1,1.583112627e-1,7.915562987e-1,6.023497105e0,-6.607929468e-1
train,252,O=CC12C[NH+]1CC21CN1,5.230028629e0,4.342836514e-2,1.583112627e-1,7.915562987e-1,5.273457050e0,-1.248439908e0
train,253,CCOC1COC1(C)C,8.726691246e0,4.971233755e-2,1.583112627e-1,7.915562987e-1,8.776403427e0,1.496074557e0
train,254,COC1(C)CC(C#N)C1,7.918513298e0,1.853199005e-1,1.583112627e-1,7.915562987e-1,8.103833199e0,9.691242576e-1
train,255,CCCOc1cn[nH]c1,6.326647282e0,1.492801905e-1,1.583112627e-1,7.915562987e-1,6.475927353e0,-3.063195050e-1
train,256,OCc1ccccc1F,6.356579781e0,-1.382143795e-1,1.583112627e-1,7.915562987e-1,6.218365192e0,-5.081162453e-1
train,257,C#Cc1nc(N)n[nH]1,5.074923515e0,4.792559445e-1,4.749337733e-1,2.374668837e0,5.554179668e0,-1.028497219e0
train,258,Nc1cc(CCO)on1,6.362021923e0,-8.101628423e-1,4.749337733e-1,2.374668837e0,5.551858902e0,-1.030315518e0
train,259,CC1COCC(C=O)O1,5.676295280e0,1.673983634e-1,1.583112627e-1,7.915562987e-1,5.843693733e0,-8.016666174e-1
train,260,C#CCC1[NH2+]C2CC2O1,6.947066307e0,-8.473725319e-1,4.749337733e-1,2.374668837e0,6.099693775e0,-6.010937691e-1
train,261,[NH-][CH+]Oc1ccc(N)[nH]1,5.499421120e0,-6.083335355e-2,1.583112627e-1,7.915562987e-1,5.438587666e0,-1.119062066e0
train,262,CC1CC2CC(=O)C2C1,5.864053726e0,8.647509664e-2,1.583112627e-1,7.915562987e-1,5.950528622e0,-7.179628015e-1
train,263,C#CCNc1cnn[nH]1,6.277666569e0,7.708815485e-2,1.583112627e-1,7.915562987e-1,6.354754925e0,-4.012565911e-1
train,264,OC1C2CC2C2COC12,8.337568283e0,-9.478785843e-2,1.583112627e-1,7.915562987e-1,8.242780685e0,1.077987909e0
train,265,O=C1CC2C1C2C1CC1,6.247734070e0,2.008184642e-1,4.749337733e-1,2.374668837e0,6.448552608e0,-3.277672827e-1
train,266,O=CC1C[NH+]1C1CC1O,5.461325169e0,7.721956819e-2,1.583112627e-1,7.915562987e-1,5.538544655e0,-1.040747046e0
train,267,CC1OC2(C)C(=O)CC12,5.496700287e0,5.412654877e-1,4.749337733e-1,2.374668837e0,6.037965775e0,-6.494569182e-1
train,268,CC[NH+]1C(C=O)C2CC21,5.020500660e0,-5.828162190e-3,1.583112627e-1,7.915562987e-1,5.014672279e0,-1.451194525e0
train,269,[H]N=C(NC=O)OCCO,6.204195976e0,-5.593096465e-2,1.583112627e-1,7.915562987e-1,6.148264885e0,-5.630389452e-1
train,270,N#CC(O)CC1CCC1,8.307636261e0,-2.897681668e-2,1.583112627e-1,7.915562987e-1,8.278659821e0,1.106098771e0
train,271,CCc1nc(O)c(O)[nH]1,5.801467419e0,-5.328683853e-1,4.749337733e-1,2.374668837e0,5.268599033e0,-1.252246141e0
train,272,C#CC(=O)N1CC1C#C,5.834120750e0,2.853467166e-1,1.583112627e-1,7.915562987e-1,6.119467258e0,-5.856015086e-1
train,273,N1C2C3NC2C2OC2C13,7.638236046e0,-2.351078689e-1,1.583112627e-1,7.915562987e-1,7.403128147e0,4.201306701e-1
train,274,CCOC1CC(C=O)C1,6.193311214e0,4.704497755e-2,1.583112627e-1,7.915562987e-1,6.240355968e0,-4.908867478e-1
train,275,CC1(C(N)=O)C2COC21,7.142988205e0,-7.205011845e-1,4.749337733e-1,2.374668837e0,6.422487259e0,-3.481891453e-1
train,276,OCC(O)C1CC(O)C1,8.555259705e0,1.962710870e-3,1.583112627e-1,7.915562987e-1,8.557222366e0,1.324348927e0
train,277,Cc1occc1C1CO1,6.277666569e0,2.237930894e-1,1.583112627e-1,7.915562987e-1,6.501459599e0,-2.863153219e-1
train,278,CC(C)C(=O)OCC#N,7.679053307e0,-3.542377949e-1,1.583112627e-1,7.915562987e-1,7.324815750e0,3.587738872e-1
train,279,CC#CC(=O)C#CC#N,4.696685314e0,-2.453970611e-1,1.583112627e-1,7.915562987e-1,4.451288223e0,-1.892598867e0
train,280,O=CC(=O)C1CC(O)C1,4.212322235e0,-2.431567013e-1,1.583112627e-1,7.915562987e-1,3.969165564e0,-2.270335913e0
train,281,CNc1[cH-]c(=O)oc1[NH-],4.778319359e0,1.037567109e-1,1.583112627e-1,7.915562987e-1,4.882076263e0,-1.555081844e0
train,282,CN1C(=O)CNC1[NH-],6.647741318e0,2.469053306e-2,1.583112627e-1,7.915562987e-1,6.672431946e0,-1.523606330e-1
train,283,CC#CC(C)C(C)C#N,7.820552349e0,-6.541955471e-1,4.749337733e-1,2.374668837e0,7.166357040e0,2.346234620e-1
train,284,O=C1COC12C1CC2N1,5.162000179e0,-2.837829590e-1,1.583112627e-1,7.915562987e-1,4.878217220e0,-1.558105350e0
train,285,[NH-][CH+]OC1CNC1C=O,5.589218616e0,2.661728859e-1,1.583112627e-1,7.915562987e-1,5.855391502e0,-7.925015688e-1
train,286,CC1CCCC=C1C#N,6.087186813e0,-9.021446854e-2,1.583112627e-1,7.915562987e-1,5.996972561e0,-6.815745831e-1
train,287,CCC1OC(C)C2CC12,9.102209091e0,-5.196870565e-1,4.749337733e-1,2.374668837e0,8.582522392e0,1.344171286e0
train,288,CC(C)C(C#N)CC=O,6.125282764e0,6.734134257e-2,1.583112627e-1,7.915562987e-1,6.192624092e0,-5.282840729e-1
train,289,CC#CC(C)C(N)=O,7.322584152e0,-2.149850875e-2,1.583112627e-1,7.915562987e-1,7.301085472e0,3.401814997e-1
train,290,CC1OC2CCC1CC2,8.242328644e0,-4.613255337e-2,1.583112627e-1,7.915562987e-1,8.196196556e0,1.041489840e0
train,291,C1OC1C12CC3C1[NH+]3C2,8.411039352e0,-6.210866198e-2,1.583112627e-1,7.915562987e-1,8.348930359e0,1.161154747e0
train,292,N#CC(=O)c1cn[nH]c1,5.224586010e0,5.094223842e-2,1.583112627e-1,7.915562987e-1,5.275528431e0,-1.246816993e0
train,293,N#CC12CC1CC21CO1,7.670889378e0,1.847661436e-1,1.583112627e-1,7.915562987e-1,7.855655670e0,7.746802568e-1
train,294,CC1=CC(=O)COC1C,4.895328522e0,9.395721368e-3,1.583112627e-1,7.915562987e-1,4.904724121e0,-1.537337542e0
train,295,O=Cc1ccc(=O)oc1,4.936145306e0,-1.400111988e-2,1.583112627e-1,7.915562987e-1,4.922144413e0,-1.523688912e0
train,296,Cc1c(F)cn[nH]c1=O,4.966077805e0,7.782439888e-2,1.583112627e-1,7.915562987e-1,5.043902397e0,-1.428293109e0
train,297,CN1CC(C(N)=O)C1=O,7.047749043e0,2.426833361e-1,1.583112627e-1,7.915562987e-1,7.290432453e0,3.318350017e-1
train,298,C#CC12COC1(C)CN2,6.704885483e0,2.117564082e-1,1.583112627e-1,7.915562987e-1,6.916641712e0,3.897464648e-2
train,299,CC12CC1[NH+]1CC1CO2,8.138925552e0,7.356688380e-2,1.583112627e-1,7.915562987e-1,8.212491989e0,1.054257035e0
train,300,C[NH+]1C2C3(O)CC2(O)C13,7.570207596e0,1.248065531e-1,1.583112627e-1,7.915562987e-1,7.695014000e0,6.488195658e-1
train,301,[NH-]c1cc(CO)nn[nH+]1,4.470830441e0,-3.888352588e-2,1.583112627e-1,7.915562987e-1,4.431946754e0,-1.907752633e0
train,302,COC1C(C)C1CC#N,8.089944839e0,-5.804253742e-3,1.583112627e-1,7.915562987e-1,8.084140778e0,9.536954761e-1
train,303,COCC(=O)C1CC1C,6.283109188e0,-4.579942673e-2,1.583112627e-1,7.915562987e-1,6.237309933e0,-4.932732582e-1
train,304,C#CCC1=CC2OC2C1,6.568828583e0,-1.840199232e-1,1.583112627e-1,7.915562987e-1,6.384808540e0,-3.777099550e-1
train,305,N#Cc1ncon1,6.590597630e0,2.007383406e-1,1.583112627e-1,7.915562987e-1,6.791336060e0,-5.920075625e-2
train,306,N#CC12CC3CC1[NH+]3C2,7.314420223e0,-1.611762494e-1,1.583112627e-1,7.915562987e-1,7.153244019e0,2.243495882e-1
train,307,CC(=NC1CC1)NC=O,5.918476582e0,-1.414372176e-1,1.583112627e-1,7.915562987e-1,5.777039528e0,-8.538893461e-1
train,308,O=CC12C[NH+](CC1=O)C2,5.317104816e0,-3.304686248e-1,1.583112627e-1,7.915562987e-1,4.986636162e0,-1.473160505e0
train,309,CC(C)CC#CCC=O,5.948409081e0,-9.789846838e-2,4.749337733e-1,2.374668837e0,5.850510597e0,-7.963256836e-1
train,310,CC1C2CC3(C)OC1C23,8.547096252e0,-3.374518156e-1,1.583112627e-1,7.915562987e-1,8.209644318e0,1.052025914e0
train,311,CC1C2C(C=O)C3C2[NH+]13,6.163379192e0,6.990070939e-1,4.749337733e-1,2.374668837e0,6.862386227e0,-3.533843905e-3
train,312,O=CCCC1CCOC1,6.070860386e0,8.532350883e-3,1.583112627e-1,7.915562987e-1,6.079392910e0,-6.169992685e-1
train,313,O=COC1CC(=O)C1,6.008274078e0,-4.622830823e-2,1.583112627e-1,7.915562987e-1,5.962045670e0,-7.089393735e-1
train,314,O=CN1C(=O)NC2CC21,6.484473228e0,1.810998470e-2,1.583112627e-1,7.915562987e-1,6.502583027e0,-2.854351401e-1
train,315,Cn1nccc1CO,6.976998806e0,2.010173500e-1,1.583112627e-1,7.915562987e-1,7.178016186e0,2.437582612e-1
train,316,OCC1=CCOC12CC2,6.285830498e0,4.048790038e-1,4.749337733e-1,2.374668837e0,6.690709591e0,-1.380403340e-1
train,317,C1C2C[NH+]1CC1(CC1)O2,8.177021980e0,3.928893059e-2,1.583112627e-1,7.915562987e-1,8.216310501e0,1.057248831e0
train,318,O=C1C2CCCCC1O2,6.054533005e0,-4.438115656e-2,1.583112627e-1,7.915562987e-1,6.010151863e0,-6.712487340e-1
train,319,C[NH+]1CC(OCC=O)C1,5.194653511e0,-2.417983413e-1,1.583112627e-1,7.915562987e-1,4.952855110e0,-1.499627471e0
train,320,CCCN(C)C(=O)C#N,5.940245628e0,-2.474430054e-1,1.583112627e-1,7.915562987e-1,5.692802429e0,-9.198880792e-1
train,321,CC1COCC=C1C#N,6.043648720e0,1.531195939e-1,1.583112627e-1,7.915562987e-1,6.196768284e0,-5.250371099e-1
train,322,N#CCC1NC1C1CN1,7.749802589e0,-2.096486539e-1,1.583112627e-1,7.915562987e-1,7.540153980e0,5.274886489e-1
train,323,C#CC(=O)CC#N,5.725275517e0,6.310264766e-2,4.749337733e-1,2.374668837e0,5.788378239e0,-8.450056314e-1
train,324,CC1(C)C2C3OC3C21C,7.657283783e0,-2.084741294e-1,4.749337733e-1,2.374668837e0,7.448809624e0,4.559215307e-1
train,325,CC(O)C1C=CCOC1,6.849106312e0,1.324615926e-1,1.583112627e-1,7.915562987e-1,6.981567860e0,8.984346688e-2
train,326,OC12CC(C1)C1(CO1)C2,9.001525879e0,-2.419211715e-1,4.749337733e-1,2.374668837e0,8.759604454e0,1.482912779e0
train,327,C1OC1C1C2COC21,8.538932800e0,-1.388384849e-1,1.583112627e-1,7.915562987e-1,8.400094032e0,1.201240897e0
train,328,ONC1C=CN2CCC12,4.751108170e0,-1.986611634e-1,1.583112627e-1,7.915562987e-1,4.552446842e0,-1.813342333e0
train,329,CC1C2C3C(O)C2C13C,8.525327682e0,-2.205390856e-2,1.583112627e-1,7.915562987e-1,8.503273964e0,1.282081127e0
train,330,N#CC1CC=CCN1,6.789240837e0,1.973551661e-1,1.583112627e-1,7.915562987e-1,6.986596107e0,9.378303587e-2
train,331,CC#CCC1(C)COC1,7.953887463e0,-2.602488734e-2,1.583112627e-1,7.915562987e-1,7.927862644e0,8.312535286e-1
train,332,CC(C)c1n[nH]c(=O)[nH]1,6.571549892e0,-6.617489457e-2,1.583112627e-1,7.915562987e-1,6.505374908e0,-2.832477391e-1
train,333,O=C1NC2CC1C2,7.069517612e0,-6.437270436e-3,1.583112627e-1,7.915562987e-1,7.063080311e0,1.537074447e-1
train,334,OCC1(O)CC2OCC21,8.119877815e0,3.044222593e-1,1.583112627e-1,7.915562987e-1,8.424300194e0,1.220206141e0
train,335,N#CCC12C3C4C(C31)[NH+]42,6.887201786e0,-5.019931793e-1,1.583112627e-1,7.915562987e-1,6.385208607e0,-3.773965240e-1
train,336,CC12CC1CC2(N)C#N,7.611024857e0,-7.131920010e-2,1.583112627e-1,7.915562987e-1,7.539705753e0,5.271375179e-1
train,337,COC12CCC1NC2=O,6.830057621e0,6.369259208e-2,4.749337733e-1,2.374668837e0,6.893750191e0,2.103942819e-2
train,338,CCC(=NO)C1CCC1,6.794682980e0,-2.064409405e-1,1.583112627e-1,7.915562987e-1,6.588242054e0,-2.183223516e-1
train,339,C1CC1C12COC(C1)C2,8.781113625e0,-2.419899032e-2,1.583112627e-1,7.915562987e-1,8.756915092e0,1.480805755e0
train,340,[NH-]C1CC(C=O)O1,6.046370029e0,7.417307794e-2,1.583112627e-1,7.915562987e-1,6.120543003e0,-5.847586989e-1
train,341,CCC1CC(C#N)N1,7.219180584e0,-3.310932219e-1,1.583112627e-1,7.915562987e-1,6.888087273e0,1.660260186e-2
train,342,Nc1cc(F)ccc1F,5.616430283e0,-1.416462958e-1,1.583112627e-1,7.915562987e-1,5.474783897e0,-1.090702891e0
train,343,O=COC12CCOC1C2,6.669510841e0,2.169845700e-1,1.583112627e-1,7.915562987e-1,6.886495590e0,1.535553951e-2
train,344,C#CC1OC2CC1(O)C2,7.488573551e0,-3.040430248e-1,4.749337733e-1,2.374668837e0,7.184530735e0,2.488623261e-1
train,345,N#CC12NC3C1COC32,7.140267849e0,3.440555930e-2,4.749337733e-1,2.374668837e0,7.174673557e0,2.411393523e-1
train,346,CCC12OCC1C2C#N,7.719869614e0,6.346000731e-2,4.749337733e-1,2.374668837e0,7.783329487e0,7.180136442e-1
train,347,CC1CCC2(CO2)C1=O,5.556564808e0,1.911219507e-1,1.583112627e-1,7.915562987e-1,5.747686863e0,-8.768867850e-1
train,348,CC12C3OC4C[NH+]1C2C43,7.853205681e0,8.507630229e-2,1.583112627e-1,7.915562987e-1,7.938282013e0,8.394169807e-1
train,349,C#CC12C[NH+]1C(C)C2O,6.895365238e0,2.413483337e-2,1.583112627e-1,7.915562987e-1,6.919499874e0,4.121398181e-2
train,350,CNC1=N[CH+](C)N=CO1,4.941587925e0,4.354805350e-1,4.749337733e-1,2.374668837e0,5.377068520e0,-1.167261600e0
train,351,CCC1CC1C(O)C#N,8.247770309e0,-1.301640421e-1,1.583112627e-1,7.915562987e-1,8.117606163e0,9.799152017e-1
train,352,CC1=CC2CC1OC2[NH-],6.449098587e0,3.452638984e-1,4.749337733e-1,2.374668837e0,6.794362545e0,-5.682954192e-2
train,353,COCC12CCC1N2,9.148468018e0,-1.043179631e-1,1.583112627e-1,7.915562987e-1,9.044150352e0,1.705850959e0
train,354,CCC1NC2(C#N)CC12,6.642299175e0,-4.127704501e-1,1.583112627e-1,7.915562987e-1,6.229528904e0,-4.993695915e-1
train,355,C#CC(=O)C1OC1CO,5.347037315e0,-1.788910627e-1,1.583112627e-1,7.915562987e-1,5.168146133e0,-1.330949664e0
train,356,CCC(O)C(C)(C)CO,8.879075050e0,-3.482559025e-1,1.583112627e-1,7.915562987e-1,8.530818939e0,1.303662181e0
train,357,COCC1(C)C(C)C1O,8.587913513e0,2.786518633e-2,1.583112627e-1,7.915562987e-1,8.615778923e0,1.370227337e0
train,358,NC1[NH2+]CC23CCC12O3,6.645020485e0,1.363604665e-1,1.583112627e-1,7.915562987e-1,6.781381130e0,-6.700032204e-2
train,359,C[NH+]1C(C=O)C2CC21,5.020500660e0,4.072936252e-2,1.583112627e-1,7.915562987e-1,5.061230183e0,-1.414716959e0
train,360,N#CC12CC3[NH+]1CC32N,6.917134762e0,1.960889436e-2,1.583112627e-1,7.915562987e-1,6.936743736e0,5.472433195e-2
train,361,C[NH2+]C1OCC2CC21C,7.377007008e0,-7.274316549e-1,4.749337733e-1,2.374668837e0,6.649575233e0,-1.702685803e-1
train,362,Cn1cc(O)nc1C=O,4.364706516e0,8.311271667e-1,4.749337733e-1,2.374668837e0,5.195833683e0,-1.309256792e0
train,363,C#CC[NH+]1CCC(=O)C1,5.363364220e0,-8.983001113e-2,1.583112627e-1,7.915562987e-1,5.273534298e0,-1.248379350e0
train,364,N#CC[NH+]1CC(C#N)C1,7.238228798e0,3.484528661e-1,1.583112627e-1,7.915562987e-1,7.586681843e0,5.639426708e-1
train,365,O=C1CC23CC(C2O)C13,5.959293365e0,-2.035424709e-1,4.749337733e-1,2.374668837e0,5.755750656e0,-8.705689311e-1
train,366,O=CC1NC2[NH2+]CCC12,5.164721012e0,-2.024864033e-2,4.749337733e-1,2.374668837e0,5.144472599e0,-1.349497557e0
train,367,C#CC#CC#CCO,4.887165070e0,4.509195089e-1,4.749337733e-1,2.374668837e0,5.338084698e0,-1.197804928e0
train,368,OCC(O)c1cc[nH]n1,6.824615955e0,-3.041609377e-2,1.583112627e-1,7.915562987e-1,6.794199944e0,-5.695693940e-2
train,369,CCC(C)CCC1CO1,9.415139198e0,2.110684104e-2,1.583112627e-1,7.915562987e-1,9.436245918e0,2.013052940e0
train,370,CC[NH2+]C1COC(=O)N1,6.906250000e0,-1.541105509e-1,1.583112627e-1,7.915562987e-1,6.752139568e0,-8.991071582e-2
train,371,C#CC1(C)C(C)N1C=O,6.862711906e0,-1.344193071e-1,1.583112627e-1,7.915562987e-1,6.728292465e0,-1.085946187e-1
train,372,CC12C3NC1C2C3C#N,7.371564865e0,3.267438710e-2,1.583112627e-1,7.915562987e-1,7.404239178e0,4.210011363e-1
train,373,C1NC1C12CC3C[NH+]1C32,8.334847450e0,-1.388046741e-1,1.583112627e-1,7.915562987e-1,8.196043015e0,1.041369438e0
train,374,C#CCC(=O)OCC=O,6.253176689e0,-4.050140083e-2,1.583112627e-1,7.915562987e-1,6.212675095e0,-5.125743747e-1
train,375,C[NH+]1C(C=O)CC1CO,5.491257668e0,8.618692309e-2,1.583112627e-1,7.915562987e-1,5.577444553e0,-1.010269523e0
train,376,[NH-]C1OC2C3C(=O)C1C23,6.283109188e0,-5.882720649e-2,1.583112627e-1,7.915562987e-1,6.224281788e0,-5.034806728e-1
train,377,CC1C2CCC(=O)C12,6.073581219e0,-9.315197170e-2,1.583112627e-1,7.915562987e-1,5.980429173e0,-6.945360899e-1
train,378,CNC1COCOC1=O,6.302156925e0,2.261270210e-2,1.583112627e-1,7.915562987e-1,6.324769497e0,-4.247497916e-1
train,379,CC1C2(O)COC12CO,7.923955917e0,-1.208264709e0,4.749337733e-1,2.374668837e0,6.715691090e0,-1.184676439e-1
train,380,C1=C2CCOC2OCC1,6.903528214e0,1.743120328e-2,1.583112627e-1,7.915562987e-1,6.920959473e0,4.235755652e-2
train,381,O=CCCc1cn[nH]c1,5.866774559e0,-1.327752173e-1,1.583112627e-1,7.915562987e-1,5.733999252e0,-8.876108527e-1
train,382,CC1=CC2OCCC1O2,6.846384525e0,-1.425835341e-1,1.583112627e-1,7.915562987e-1,6.703801155e0,-1.277832538e-1
train,383,C#CCC(C)CCCO,8.536211014e0,1.795129664e-2,1.583112627e-1,7.915562987e-1,8.554162025e0,1.321951270e0
train,384,CC1(OC=O)CCC1O,7.423265934e0,1.468981430e-2,1.583112627e-1,7.915562987e-1,7.437955856e0,4.474177361e-1
train,385,COC(=O)NC1CC1C,8.174300194e0,3.552244604e-1,1.583112627e-1,7.915562987e-1,8.529524803e0,1.302648306e0
train,386,[NH-]C1OC2CCC1CO2,7.809667587e0,6.752479821e-2,1.583112627e-1,7.915562987e-1,7.877192497e0,7.915540934e-1
train,387,C[NH2+]C1NC(C)(C)CO1,7.602860928e0,-4.361854196e-1,4.749337733e-1,2.374668837e0,7.166675568e0,2.348730266e-1
train,388,C1=NCc2ncoc2N1,5.368806362e0,-2.679583728e-1,1.583112627e-1,7.915562987e-1,5.100848198e0,-1.383676767e0
train,389,COC1CC2C(=O)CC12,6.019158840e0,-2.318491638e-1,1.583112627e-1,7.915562987e-1,5.787309647e0,-8.458428383e-1
train,390,CCCC1(C)C[NH2+][CH+]O1,7.412381172e0,-1.204489768e-1,1.583112627e-1,7.915562987e-1,7.291932106e0,3.330099583e-1
train,391,C#CC12C(=O)NC1C2O,6.631414413e0,-3.880854324e-2,1.583112627e-1,7.915562987e-1,6.592606068e0,-2.149032056e-1
train,392,C#CC1CC1(O)CC=O,5.978341103e0,2.513231151e-2,1.583112627e-1,7.915562987e-1,6.003473282e0,-6.764813662e-1
train,393,C#Cc1c[nH]c(C#N)c1,5.425950050e0,-1.454060674e-1,1.583112627e-1,7.915562987e-1,5.280543804e0,-1.242887497e0
train,394,Oc1cnc2n1[CH+]C=[NH+]2,5.796025276e0,8.001402766e-2,1.583112627e-1,7.915562987e-1,5.876039505e0,-7.763240933e-1
train,395,O=C1C(O)C2C3OC1C32,5.521190166e0,1.595804244e-1,1.583112627e-1,7.915562987e-1,5.680770397e0,-9.293149710e-1
train,396,Nc1cnc(F)[nH]c1=O,4.808251858e0,-8.935661986e-3,1.583112627e-1,7.915562987e-1,4.799316406e0,-1.619923115e0
train,397,CCC1(C(C)C)CCC1,9.502216339e0,7.293383777e-2,1.583112627e-1,7.915562987e-1,9.575150490e0,2.121882915e0
train,398,OC1CNc2nnoc21,4.876280308e0,-1.613200158e-1,1.583112627e-1,7.915562987e-1,4.714960098e0,-1.686015248e0
train,399,CCn1nnc(C#N)n1,6.645020485e0,-1.915731579e-1,4.749337733e-1,2.374668837e0,6.453447342e0,-3.239323199e-1
train,400,COC(=O)C1C2CCC21,7.273603439e0,-5.966706946e-2,1.583112627e-1,7.915562987e-1,7.213936329e0,2.719012499e-1
train,401,C1c2nnoc2C2CC12,5.553843975e0,-7.977783680e-2,1.583112627e-1,7.915562987e-1,5.474066257e0,-1.091265082e0
train,402,CCn1nnc(N)c1N,6.166100025e0,9.633921832e-2,1.583112627e-1,7.915562987e-1,6.262439251e0,-4.735847712e-1
train,403,OC1C=CCCCOC1,6.898086548e0,8.292241096e-1,4.749337733e-1,2.374668837e0,7.727310658e0,6.741235852e-1
train,404,C#CC(=NO)C(C)C,5.692621708e0,2.661022916e-2,1.583112627e-1,7.915562987e-1,5.719232082e0,-8.991807699e-1
train,405,COc1noc(N)c1N,6.468146324e0,-5.637143850e-1,4.749337733e-1,2.374668837e0,5.904431820e0,-7.540791035e-1
train,406,CC(=O)CC1CC(C)C1,6.342973709e0,9.772929549e-2,1.583112627e-1,7.915562987e-1,6.440702915e0,-3.339174092e-1
train,407,C#Cc1n[nH]cc1C,6.098071575e0,-8.553694189e-2,1.583112627e-1,7.915562987e-1,6.012534618e0,-6.693819165e-1
train,408,CCC1C(O)C1CC,8.296751022e0,-1.029693633e-1,1.583112627e-1,7.915562987e-1,8.193781853e0,1.039597869e0
train,409,CC(O)CC(C=O)C=O,5.717112064e0,2.880067229e-1,1.583112627e-1,7.915562987e-1,6.005118847e0,-6.751920581e-1
train,410,CCc1onc(O)c1C,6.694001198e0,-2.732174993e-1,4.749337733e-1,2.374668837e0,6.420783520e0,-3.495240211e-1
train,411,CCOc1ncco1,6.688558578e0,4.573985189e-2,4.749337733e-1,2.374668837e0,6.734298229e0,-1.038891822e-1
train,412,C1NC1C12CC3CC1[NH+]32,8.421924591e0,2.470258474e-1,1.583112627e-1,7.915562987e-1,8.668950081e0,1.411886215e0
train,413,COC1(C(O)CO)CC1,8.000147820e0,1.638717204e-1,1.583112627e-1,7.915562987e-1,8.164019585e0,1.016279578e0
train,414,C#CC1(C(C)=O)CC1,6.217801571e0,-1.736642271e-1,1.583112627e-1,7.915562987e-1,6.044137478e0,-6.446214318e-1
train,415,CC1CC2OC1C2(C)C,8.811046600e0,7.776006311e-2,1.583112627e-1,7.915562987e-1,8.888806343e0,1.584140897e0
train,416,CC1COCC1(C)C#N,8.182463646e0,6.309520453e-2,1.583112627e-1,7.915562987e-1,8.245558739e0,1.080164433e0
train,417,COC1CC=CC(=O)C1,5.164721012e0,-4.168517888e-3,1.583112627e-1,7.915562987e-1,5.160552502e0,-1.336899161e0
train,418,O=CNCC1C[NH2+][CH+]O1,7.257276535e0,-1.484099627e-1,1.583112627e-1,7.915562987e-1,7.108866692e0,1.895805001e-1
train,419,Cc1nc2c(o1)CCN2,5.349758625e0,-2.845514379e-2,1.583112627e-1,7.915562987e-1,5.321303368e0,-1.210952878e0
train,420,CC1=CC(C)OCC1O,6.936182499e0,7.781175524e-2,1.583112627e-1,7.915562987e-1,7.013994217e0,1.152491122e-1
train,421,CC1(N)CCC1(N)C#N,7.170200348e0,-1.640421003e-1,1.583112627e-1,7.915562987e-1,7.006158352e0,1.091098115e-1
train,422,O=CC1CC2(CN2)C1O,5.932082176e0,-1.032894105e-1,1.583112627e-1,7.915562987e-1,5.828792572e0,-8.133414984e-1
train,423,CC1=CC2(CCC1)CO2,6.704885483e0,1.281463355e-1,1.583112627e-1,7.915562987e-1,6.833031654e0,-2.653278224e-2
train,424,CC(C)C(=O)CC=O,5.602824211e0,-9.052552283e-2,4.749337733e-1,2.374668837e0,5.512298584e0,-1.061310530e0
train,425,Nc1nc(N2CC2)co1,6.372906685e0,-3.659547269e-1,1.583112627e-1,7.915562987e-1,6.006951809e0,-6.737559438e-1
train,426,CCCC1CC1(O)CO,8.231444359e0,7.812716067e-2,1.583112627e-1,7.915562987e-1,8.309571266e0,1.130317450e0
train,427,CC1(O)C(=O)COC1[NH-],5.719833374e0,-1.333232164e0,4.749337733e-1,2.374668837e0,4.386601448e0,-1.943280101e0
train,428,N#CC(N)C12CC[NH+]1C2,7.257276535e0,5.699475878e-4,1.583112627e-1,7.915562987e-1,7.257846355e0,3.063041866e-1
train,429,CO[CH+]Nc1ccn[nH]1,5.162000179e0,-3.136281669e-2,1.583112627e-1,7.915562987e-1,5.130637169e0,-1.360337496e0
train,430,C1=CC23COC2C(C1)N3,6.125282764e0,-1.972281933e-1,1.583112627e-1,7.915562987e-1,5.928054810e0,-7.355707884e-1
train,431,CC1(O)CCC(O)C1,8.936218262e0,-6.285947561e-1,4.749337733e-1,2.374668837e0,8.307623863e0,1.128791690e0
train,432,N#CC12CC(CC1=O)N2,6.030043125e0,6.177801266e-2,1.583112627e-1,7.915562987e-1,6.091821194e0,-6.072618365e-1
train,433,C1C[NH+]2C([NH2+]1)OC1CC12,7.113056660e0,-2.544572577e-2,1.583112627e-1,7.915562987e-1,7.087610722e0,1.729267240e-1
train,434,CC1C2COC(=O)C1O2,6.653183937e0,2.057284303e-2,1.583112627e-1,7.915562987e-1,6.673756599e0,-1.513227820e-1
train,435,CC12COC3C[NH+]1C32C,8.432807922e0,3.292548656e-1,1.583112627e-1,7.915562987e-1,8.762063026e0,1.484839082e0
train,436,CC1C(O)C2C3OC3C12,8.397434235e0,4.362578988e-1,4.749337733e-1,2.374668837e0,8.833692551e0,1.540959835e0
train,437,Cc1coc(CN)n1,6.596040249e0,-5.800046325e-1,4.749337733e-1,2.374668837e0,6.016035557e0,-6.666389704e-1
train,438,CC#CC1(O)CC1CO,7.347074509e0,1.032131240e-1,1.583112627e-1,7.915562987e-1,7.450287819e0,4.570796788e-1
train,439,CC12CC1C(C#N)C2O,8.002868652e0,8.362793177e-2,1.583112627e-1,7.915562987e-1,8.086496353e0,9.555410743e-1
train,440,NC(=O)OCCC1CC1,8.800162315e0,2.613894045e-1,1.583112627e-1,7.915562987e-1,9.061552048e0,1.719484925e0
train,441,CC1=CCOCC1C#N,7.017816544e0,-3.210155293e-2,1.583112627e-1,7.915562987e-1,6.985714912e0,9.309263527e-2
train,442,C1CCCOCCC1,8.748460770e0,7.178445812e-3,1.583112627e-1,7.915562987e-1,8.755639076e0,1.479805946e0
train,443,C[NH+]1CC1(C#N)C1CN1,7.034143448e0,1.555142552e-1,1.583112627e-1,7.915562987e-1,7.189657688e0,2.528792322e-1
train,444,CCC1(NC=O)COC1,7.042306423e0,1.681860983e-1,1.583112627e-1,7.915562987e-1,7.210492611e0,2.692031264e-1
train,445,N#CCOC12C[NH+](C1)C2,7.254555702e0,-6.190382838e-1,4.749337733e-1,2.374668837e0,6.635517597e0,-1.812825650e-1
train,446,C#CC1OCC1CC#N,7.325304985e0,-2.197824419e-1,1.583112627e-1,7.915562987e-1,7.105522633e0,1.869604737e-1
train,447,CC12CC3C1C1C2C31C,8.786556244e0,7.120827213e-3,1.583112627e-1,7.915562987e-1,8.793677330e0,1.509608507e0
train,448,N#CC1CCOCOC1,8.313077927e0,3.656103015e-1,4.749337733e-1,2.374668837e0,8.678688049e0,1.419515848e0
train,449,N#CC1C2C3NC3C[NH+]12,7.039586067e0,-1.752793193e-1,1.583112627e-1,7.915562987e-1,6.864306927e0,-2.028999384e-3
train,450,CNc1c[cH-]c(=O)n1C,4.563349247e0,-9.488316178e-1,4.749337733e-1,2.374668837e0,3.614517689e0,-2.548197985e0
train,451,COC1COCC2NC21,8.269539833e0,4.134642705e-2,1.583112627e-1,7.915562987e-1,8.310886383e0,1.131347775e0
train,452,O=C1CC2OCC2O1,7.379727840e0,-1.334423274e-1,1.583112627e-1,7.915562987e-1,7.246285439e0,2.972463667e-1
train,453,O=C1C2C=CC1N2,6.391954422e0,-2.087520361e-1,1.583112627e-1,7.915562987e-1,6.183202267e0,-5.356659293e-1
train,454,CC1(O)COC(C)(C)C1,8.168857574e0,1.017169356e-1,1.583112627e-1,7.915562987e-1,8.270574570e0,1.099763989e0
train,455,CCC1CC2CC12,9.227380753e0,2.958674729e-1,1.583112627e-1,7.915562987e-1,9.523248672e0,2.081218481e0
train,456,CC(C)OC1C2CCC21,8.636894226e0,6.580626965e-2,1.583112627e-1,7.915562987e-1,8.702700615e0,1.438329339e0
train,457,C#CC(=O)c1cn[nH]c1,5.289893150e0,-2.071218789e-1,1.583112627e-1,7.915562987e-1,5.082771301e0,-1.397839785e0
train,458,NC(=O)COCC(N)=O,6.269503117e0,-1.323273629e-1,1.583112627e-1,7.915562987e-1,6.137175560e0,-5.717272758e-1
train,459,C#CC1CC1CC(C)O,7.885859489e0,2.165290862e-1,1.583112627e-1,7.915562987e-1,8.102388382e0,9.679922462e-1
train,460,O=CC12COC3C(C1)C32,5.532074928e0,5.486528203e-2,1.583112627e-1,7.915562987e-1,5.586940289e0,-1.002829671e0
train,461,OC1CCC2C(O)C12,8.302193642e0,-1.415697858e-2,1.583112627e-1,7.915562987e-1,8.288036346e0,1.113445163e0
train,462,CCC(C#N)C1(C)CO1,8.470904350e0,6.596430391e-2,1.583112627e-1,7.915562987e-1,8.536869049e0,1.308402419e0
train,463,CC1[NH+]2CC(O)C12C,7.779735088e0,1.555482000e-1,1.583112627e-1,7.915562987e-1,7.935283184e0,8.370674253e-1
train,464,CCC1=CC(C)C(=O)N1,5.817794323e0,1.105802894e0,4.749337733e-1,2.374668837e0,6.923597336e0,4.442429170e-2
train,465,CC1(CC(O)C#N)CN1,8.201511383e0,9.327949584e-2,1.583112627e-1,7.915562987e-1,8.294791222e0,1.118737459e0
train,466,O=CCOC1CC1,6.212359428e0,-1.744135022e-1,1.583112627e-1,7.915562987e-1,6.037945747e0,-6.494725943e-1
train,467,Cn1cc(N)c(N)n1,5.915755272e0,2.058091760e-1,1.583112627e-1,7.915562987e-1,6.121564388e0,-5.839584470e-1
train,468,C1C2[NH+]1CC21CC1,8.313077927e0,1.142906025e-1,1.583112627e-1,7.915562987e-1,8.427368164e0,1.222609878e0
train,469,C1=CC2[NH+]3C1C3C21CN1,5.779698372e0,2.604216151e-2,1.583112627e-1,7.915562987e-1,5.805740356e0,-8.314025998e-1
train,470,C#Cc1noc(N)n1,5.828679085e0,4.345909134e-2,1.583112627e-1,7.915562987e-1,5.872138023e0,-7.793808579e-1
train,471,CC(=O)C12CC1OC2C,6.089908123e0,-1.710491180e-1,4.749337733e-1,2.374668837e0,5.918859005e0,-7.427755594e-1
train,472,CC[NH+]1CC(C)(C#N)C1,7.088566303e0,8.897338808e-2,1.583112627e-1,7.915562987e-1,7.177539825e0,2.433850467e-1
train,473,NC(=O)Cn1nnnn1,6.528011322e0,6.011219230e-3,1.583112627e-1,7.915562987e-1,6.534022331e0,-2.608028352e-1
train,474,CC12CCC3[NH+]1CC32O,8.465462685e0,-6.471909117e-3,1.583112627e-1,7.915562987e-1,8.458991051e0,1.247385979e0
train,475,OC12CC1C1(CC1)C2,8.789278030e0,1.522900313e-1,1.583112627e-1,7.915562987e-1,8.941568375e0,1.625479221e0
train,476,O=C1CC2(C3CO3)CC12,6.315762520e0,4.733575881e-1,4.749337733e-1,2.374668837e0,6.789120197e0,-6.093685701e-2
train,477,CC1OC1(C)C=O,5.981062412e0,-1.454178691e-1,1.583112627e-1,7.915562987e-1,5.835644722e0,-8.079729080e-1
train,478,OCC1CC=CC=CC1,5.186490059e0,-1.228628159e-1,1.583112627e-1,7.915562987e-1,5.063627243e0,-1.412838936e0
train,479,OC1C=CC(C2CO2)C1,7.042306423e0,5.929568782e-2,1.583112627e-1,7.915562987e-1,7.101602077e0,1.838887632e-1
train,480,CC1Cc2ccoc2N1,5.782419682e0,7.602733094e-3,1.583112627e-1,7.915562987e-1,5.790022373e0,-8.437174559e-1
train,481,Cc1ccc(N)[nH]c1=O,4.775598526e0,-2.516036630e-1,1.583112627e-1,7.915562987e-1,4.523994923e0,-1.835633993e0
train,482,CC(C)C#CCC=O,5.953851223e0,1.787091792e-1,1.583112627e-1,7.915562987e-1,6.132560253e0,-5.753433108e-1
train,483,CC(=O)COCC1CN1,6.002831459e0,2.134868801e-1,1.583112627e-1,7.915562987e-1,6.216318130e0,-5.097200871e-1
train,484,OCC1C=CCCCO1,6.998768330e0,5.131520703e-2,1.583112627e-1,7.915562987e-1,7.050083637e0,1.435247213e-1
train,485,CCC(O)C(=O)C=O,4.280350685e0,-7.099870592e-2,1.583112627e-1,7.915562987e-1,4.209352016e0,-2.082152843e0
train,486,CCC(O)C1CCOC1,8.889959335e0,1.337433755e-1,1.583112627e-1,7.915562987e-1,9.023702621e0,1.689830422e0
train,487,C1CC23CC4OC2CC143,8.084503174e0,-2.169637084e-1,1.583112627e-1,7.915562987e-1,7.867539406e0,7.839910388e-1
train,488,O=C1CC2C=CC1CC2,5.801467419e0,2.688027024e-1,4.749337733e-1,2.374668837e0,6.070270061e0,-6.241468787e-1
train,489,CC1(O)CNC1=O,7.303536415e0,3.883289695e-1,1.583112627e-1,7.915562987e-1,7.691865444e0,6.463527083e-1
train,490,CC(O)C1OCCC1O,8.318520546e0,1.127904132e-1,1.583112627e-1,7.915562987e-1,8.431310654e0,1.225698709e0
train,491,OCCCc1nn[nH]n1,6.647741318e0,-2.850673497e-1,4.749337733e-1,2.374668837e0,6.362673759e0,-3.950522840e-1
train,492,CC1C=CCC2(CC2)C1,7.243670940e0,5.031446368e-2,1.583112627e-1,7.915562987e-1,7.293985367e0,3.346186578e-1
train,493,O=C1CC(CO)(CO)C1,6.049090862e0,1.718120873e-1,1.583112627e-1,7.915562987e-1,6.220902920e0,-5.061279535e-1
train,494,CC12OC1C1CC2C1,9.202890396e0,1.402725726e-1,4.749337733e-1,2.374668837e0,9.343162537e0,1.940123200e0
train,495,COC1(C)C2C=CC1O2,6.236849785e0,4.183811694e-2,1.583112627e-1,7.915562987e-1,6.278687954e0,-4.608541131e-1
train,496,CC12C([NH-])OC3C[NH+]1C32,6.952508926e0,-1.192606892e-2,1.583112627e-1,7.915562987e-1,6.940582752e0,5.773214996e-2
train,497,CCOC([NH-])C1CC1C,7.711706638e0,3.713592291e-1,1.583112627e-1,7.915562987e-1,8.083065987e0,9.528533816e-1
train,498,CCc1cc(N)ncn1,5.989225864e0,-2.026229203e-1,1.583112627e-1,7.915562987e-1,5.786602974e0,-8.463965058e-1
train,499,c1nc2n(n1)CCCC2,7.191968918e0,-1.204885960e0,4.749337733e-1,2.374668837e0,5.987082958e0,-6.893229485e-1
train,500,CC(O)(C#N)C1(O)CC1,7.962051392e0,4.330227524e-2,1.583112627e-1,7.915562987e-1,8.005353928e0,8.919669986e-1
train,501,CC12NC1C1NC12C,7.336189747e0,1.619161516e-1,1.583112627e-1,7.915562987e-1,7.498106003e0,4.945446253e-1
train,502,C1OC(C2CC2)C2CC12,9.115814209e0,1.244747043e-1,1.583112627e-1,7.915562987e-1,9.240288734e0,1.859522939e0
train,503,CCC1C(C#N)C1CC,8.443693161e0,-1.582000107e-1,1.583112627e-1,7.915562987e-1,8.285492897e0,1.111452341e0
train,504,CC1(C)COCC1(C)C,8.280425072e0,-2.981267869e-1,1.583112627e-1,7.915562987e-1,7.982298374e0,8.739032745e-1
train,505,C#CC(C)(O)C(C)O,8.079060555e0,8.437287807e-2,1.583112627e-1,7.915562987e-1,8.163433075e0,1.015820026e0
train,506,CC12CCCC1(C#N)C2,8.272260666e0,-7.132263482e-2,1.583112627e-1,7.915562987e-1,8.200938225e0,1.045204878e0
train,507,CCCC#CC(=O)NC,6.413723469e0,2.370971441e-1,4.749337733e-1,2.374668837e0,6.650820732e0,-1.692927480e-1
train,508,[NH-]C1CC2(CO2)C(=O)N1,6.541617393e0,4.014363289e-1,1.583112627e-1,7.915562987e-1,6.943053722e0,5.966812372e-2
train,509,CC1CC1(C#N)CC#N,8.419202805e0,-9.390166402e-2,1.583112627e-1,7.915562987e-1,8.325301170e0,1.142641664e0
train,510,CCc1ccnc(F)n1,5.866774559e0,-4.424618185e-2,1.583112627e-1,7.915562987e-1,5.822528362e0,-8.182494044e-1
train,511,COC1(C)C(C)C1(C)C,8.462740898e0,-3.745027818e-3,1.583112627e-1,7.915562987e-1,8.458995819e0,1.247389674e0
train,512,CN1C(=O)CC2(C)CC12,7.004210949e0,-2.350179292e-2,1.583112627e-1,7.915562987e-1,6.980709076e0,8.917061985e-2
train,513,CC1CC=CC(O)C1C,6.979720592e0,-1.828514338e-1,1.583112627e-1,7.915562987e-1,6.796869278e0,-5.486555025e-2
train,514,C#CCC12CC3C[NH+]1C32,7.937561512e0,3.258725405e-1,4.749337733e-1,2.374668837e0,8.263434410e0,1.094169855e0
train,515,[NH-][CH+]OC(=O)C1CCC1,6.732096672e0,1.135402396e-1,1.583112627e-1,7.915562987e-1,6.845636845e0,-1.665677503e-2
train,516,CC1OC1c1ncno1,6.547059536e0,-1.885239035e-2,1.583112627e-1,7.915562987e-1,6.528207302e0,-2.653588355e-1
train,517,CC#CC1=CC2OC2C1,5.292614460e0,-6.043235585e-2,1.583112627e-1,7.915562987e-1,5.232182026e0,-1.280778408e0
train,518,C#CC#CC(=O)CCO,5.028664112e0,7.508924603e-2,1.583112627e-1,7.915562987e-1,5.103753567e0,-1.381400466e0
train,519,CC1CCCC1(O)C=O,6.108956337e0,-5.289088488e-1,4.749337733e-1,2.374668837e0,5.580047607e0,-1.008230090e0
train,520,C#CC12COC3C1NC32,7.559322834e0,-7.154569030e-1,4.749337733e-1,2.374668837e0,6.843865871e0,-1.804430969e-2
train,521,CC1OC(=O)CC12CC2,7.551159859e0,-1.411560029e-1,1.583112627e-1,7.915562987e-1,7.410003662e0,4.255175292e-1
train,522,O=c1cc(CO)ocn1,5.619151115e0,1.464610174e-2,1.583112627e-1,7.915562987e-1,5.633797169e0,-9.661179185e-1
train,523,CC1(O)C=CC2NC21C,6.484473228e0,2.704442143e-1,1.583112627e-1,7.915562987e-1,6.754917622e0,-8.773414791e-2
train,524,CC1C([NH-])OC12COC2,7.660005569e0,1.872628182e-2,1.583112627e-1,7.915562987e-1,7.678731918e0,6.360627413e-1
train,525,CCC1(C)C(O)C1(C)O,7.981099606e0,-1.658412963e-1,1.583112627e-1,7.915562987e-1,7.815258503e0,7.430295944e-1
train,526,CCCC1C(O)C2NC12,8.424644470e0,1.651550382e-1,1.583112627e-1,7.915562987e-1,8.589799881e0,1.349873066e0
train,527,C#CC1OC(C)(C)C1C,7.472246647e0,-1.955362502e-3,1.583112627e-1,7.915562987e-1,7.470291138e0,4.727520049e-1
train,528,CCc1cn[nH]c1C#N,5.945687771e0,7.042399794e-2,1.583112627e-1,7.915562987e-1,6.016111851e0,-6.665791869e-1
train,529,CC1C2[NH+]1CC2(C)CO,7.782456875e0,9.889857471e-2,1.583112627e-1,7.915562987e-1,7.881355286e0,7.948155999e-1
train,530,O=CCCC1C(O)C1O,6.187869072e0,1.284669153e-2,1.583112627e-1,7.915562987e-1,6.200715542e0,-5.219445229e-1
train,531,[NH-]C1CCCO1,7.798782825e0,5.027207136e-1,1.583112627e-1,7.915562987e-1,8.301503181e0,1.123996258e0
train,532,OCCc1cc[nH]c1,6.805567265e0,2.638107538e-1,1.583112627e-1,7.915562987e-1,7.069377899e0,1.586415321e-1
train,533,CC12C3C4C[NH+]1C2C3O4,7.853205681e0,1.528917402e-1,1.583112627e-1,7.915562987e-1,8.006097794e0,8.925498128e-1
train,534,CCC(OC)C1COC1,8.566143990e0,-7.242310047e-2,1.583112627e-1,7.915562987e-1,8.493721008e0,1.274596453e0
train,535,CC1C2C3C(=O)C[NH+]3C12,5.488536358e0,1.439591050e-1,1.583112627e-1,7.915562987e-1,5.632495403e0,-9.671378732e-1
train,536,C#CC1C(C=O)C1CO,5.978341103e0,-3.932030499e-2,1.583112627e-1,7.915562987e-1,5.939020634e0,-7.269791961e-1
train,537,CC12CC3CC1C32O,8.231444359e0,5.075592175e-2,1.583112627e-1,7.915562987e-1,8.282199860e0,1.108872294e0
train,538,CC1CC(OC=O)CO1,7.251834393e0,-4.393923655e-2,1.583112627e-1,7.915562987e-1,7.207895279e0,2.671681643e-1
train,539,CN(C=O)C(=O)CO,6.285830498e0,2.109585553e-1,1.583112627e-1,7.915562987e-1,6.496788979e0,-2.899746895e-1
train,540,CC1(C2(C#N)CN2)CC1,7.983820438e0,-2.481944263e-1,1.583112627e-1,7.915562987e-1,7.735626221e0,6.806387305e-1
train,541,CC(=O)CCC(O)CO,6.386512280e0,-1.513042152e-1,1.583112627e-1,7.915562987e-1,6.235208035e0,-4.949200749e-1
train,542,CC1(C=O)CO1,6.035485268e0,-1.551418006e-2,1.583112627e-1,7.915562987e-1,6.019970894e0,-6.635556817e-1
train,543,[NH-]C1OCC(CO)C1=O,5.077644348e0,5.833919048e-1,4.749337733e-1,2.374668837e0,5.661036491e0,-9.447762370e-1
train,544,C#Cc1cn(C)nc1N,5.581055164e0,7.491904497e-2,1.583112627e-1,7.915562987e-1,5.655974388e0,-9.487423301e-1
train,545,CC(O)Cc1cc[nH]c1,6.797404289e0,-1.950857490e-1,1.583112627e-1,7.915562987e-1,6.602318764e0,-2.072934359e-1
train,546,CC1C([NH+]2CC2)C1(C)C,8.582470894e0,5.169710517e-2,1.583112627e-1,7.915562987e-1,8.634167671e0,1.384634614e0
train,547,C#CC1CC12OCC2O,7.366122246e0,7.043780386e-2,1.583112627e-1,7.915562987e-1,7.436560154e0,4.463241994e-1
train,548,CC1(O)CC2CC(C1)O2,8.476346970e0,1.368939877e-1,1.583112627e-1,7.915562987e-1,8.613241196e0,1.368239045e0
train,549,CC1C=CC(C2CO2)O1,6.729375839e0,2.848477662e-2,1.583112627e-1,7.915562987e-1,6.757860661e0,-8.542831242e-2
train,550,N#CC12NC1C1CNC12,6.438213825e0,5.442729592e-2,1.583112627e-1,7.915562987e-1,6.492640972e0,-2.932246029e-1
train,551,CC1NC([NH-])C(C)[NH2+]1,6.274945736e0,-2.250077277e-1,1.583112627e-1,7.915562987e-1,6.049938202e0,-6.400766373e-1
train,552,CC1(C)OC1CC(N)=O,7.357958317e0,-6.714882702e-2,1.583112627e-1,7.915562987e-1,7.290809631e0,3.321305215e-1
train,553,O=C1C2CCC1C2,6.274945736e0,-3.203694150e-2,1.583112627e-1,7.915562987e-1,6.242908955e0,-4.888865054e-1
train,554,CCC12C[NH+]1CC2(C)C,8.294030190e0,-3.872788846e-1,1.583112627e-1,7.915562987e-1,7.906751156e0,8.147129416e-1
train,555,CC#CC#CCC#N,6.089908123e0,-7.054882646e-1,4.749337733e-1,2.374668837e0,5.384419918e0,-1.161501884e0
train,556,CCCC(C)(C#N)OC,8.250492096e0,-1.326072402e-2,1.583112627e-1,7.915562987e-1,8.237231255e0,1.073639989e0
train,557,C1OCC2(CN2)C2OC12,8.587913513e0,-6.986967325e-1,4.749337733e-1,2.374668837e0,7.889216900e0,8.009750843e-1
train,558,COC(=O)CC(=O)OC,7.638236046e0,-2.465378866e-2,1.583112627e-1,7.915562987e-1,7.613582134e0,5.850186944e-1
train,559,O=C1NC2C[NH+]3CC12C3,6.242291927e0,2.425056696e-1,1.583112627e-1,7.915562987e-1,6.484797478e0,-2.993698716e-1
train,560,CC(C)(CO)O[CH+][NH-],7.749802589e0,-4.704653472e-2,1.583112627e-1,7.915562987e-1,7.702755928e0,6.548852324e-1
train,561,CC1COCC[NH+]2CC12,8.283145905e0,-6.084153652e-1,4.749337733e-1,2.374668837e0,7.674730301e0,6.329275370e-1
train,562,O=CC1CCC(=O)CO1,5.551122665e0,6.109003350e-2,1.583112627e-1,7.915562987e-1,5.612212658e0,-9.830291271e-1
train,563,CC(C)(C)c1ncco1,6.677673817e0,-5.391549692e-2,4.749337733e-1,2.374668837e0,6.623758316e0,-1.904958189e-1
train,564,CC1(C2COC2=O)CN1,7.224623203e0,1.136805490e-1,1.583112627e-1,7.915562987e-1,7.338303566e0,3.693414032e-1
train,565,C1OC2C3C1C2C31CC1,9.262756348e0,3.535878062e-1,4.749337733e-1,2.374668837e0,9.616344452e0,2.154157877e0
train,566,CC(C)C1CC(O)C1=O,5.981062412e0,-1.043199003e-1,1.583112627e-1,7.915562987e-1,5.876742363e0,-7.757734060e-1
train,567,CC1C2COC(=O)C12O,6.947066307e0,-1.924876496e-2,1.583112627e-1,7.915562987e-1,6.927817345e0,4.773061350e-2
train,568,C1=NC23CC2CC3CO1,6.519847870e0,1.146573722e-1,1.583112627e-1,7.915562987e-1,6.634505272e0,-1.820757091e-1
train,569,CC1=CC2(C#N)CC1N2,6.525290489e0,3.753499091e-1,1.583112627e-1,7.915562987e-1,6.900640488e0,2.643788978e-2
train,570,NC1=NONC=C1NO,4.348379135e0,-4.987691641e-1,4.749337733e-1,2.374668837e0,3.849609852e0,-2.364006281e0
train,571,CCC#Cc1cnoc1,5.744323254e0,5.693126917e-1,4.749337733e-1,2.374668837e0,6.313635826e0,-4.334729016e-1
train,572,O=COCC1C(O)C1O,7.254555702e0,5.992864817e-2,1.583112627e-1,7.915562987e-1,7.314484119e0,3.506791592e-1
train,573,CC1COC(C)(CO)C1,8.702200890e0,-2.755262852e-1,1.583112627e-1,7.915562987e-1,8.426674843e0,1.222066641e0
train,574,C#CC1COCC1C,8.206954002e0,-1.038398519e-1,1.583112627e-1,7.915562987e-1,8.103114128e0,9.685608745e-1
train,575,CC12CC(CC13CC3)O2,8.835536957e0,7.364128232e-1,4.749337733e-1,2.374668837e0,9.571949959e0,2.119375229e0
train,576,C#CCCC1(CO)CN1,8.209674835e0,-1.714546531e-1,1.583112627e-1,7.915562987e-1,8.038220406e0,9.177174568e-1
train,577,CC1OC1(C)C#CC=O,5.502141953e0,2.206756771e-1,1.583112627e-1,7.915562987e-1,5.722817421e0,-8.963716626e-1
train,578,CC1OC2CC2C1CO,8.005589485e0,5.773346405e-3,1.583112627e-1,7.915562987e-1,8.011363029e0,8.966750503e-1
train,579,OCC1(O)C2CCC1C2,8.538932800e0,1.434804052e-1,1.583112627e-1,7.915562987e-1,8.682413101e0,1.422434330e0
train,580,O=C1C=C2NCCC2C1,5.687179565e0,3.086530045e-2,1.583112627e-1,7.915562987e-1,5.718044758e0,-9.001110196e-1
train,581,CC1C2CCC3(CC3)C12,8.723970413e0,-1.646329612e-1,1.583112627e-1,7.915562987e-1,8.559337616e0,1.326006293e0
train,582,CC(=O)C(C)C#CCO,6.019158840e0,-5.334972218e-2,1.583112627e-1,7.915562987e-1,5.965809345e0,-7.059905529e-1
train,583,O=C1OC2CCC2C1=O,4.615050793e0,-1.926483512e-1,1.583112627e-1,7.915562987e-1,4.422402382e0,-1.915230513e0
train,584,COC1CCOC1C#N,7.708985806e0,2.918777168e-1,1.583112627e-1,7.915562987e-1,8.000863075e0,8.884484768e-1
train,585,C#CC12C[NH+]1CC2C=O,5.575613022e0,-2.880592830e-2,1.583112627e-1,7.915562987e-1,5.546807289e0,-1.034273386e0
train,586,[H]N=CNc1cc(C)[nH]n1,5.940245628e0,-1.849576682e-1,1.583112627e-1,7.915562987e-1,5.755288124e0,-8.709312677e-1
train,587,CC(C)c1ncccn1,5.670852661e0,-1.700863056e-2,1.583112627e-1,7.915562987e-1,5.653843880e0,-9.504115582e-1
train,588,OCC1C2CC2C2CC12,8.683153152e0,-8.622675389e-2,1.583112627e-1,7.915562987e-1,8.596926689e0,1.355456829e0
train,589,C#CC(C)C(F)(F)F,8.604239464e0,-2.565199882e-2,1.583112627e-1,7.915562987e-1,8.578587532e0,1.341088295e0
train,590,CC(O)C(CO)O[CH+][NH-],7.445035458e0,1.219480336e-1,1.583112627e-1,7.915562987e-1,7.566983700e0,5.485094190e-1
train,591,OC1C2C3CCC3C12,8.367501259e0,-1.611559987e-1,1.583112627e-1,7.915562987e-1,8.206345558e0,1.049441457e0
train,592,C1=NCC2CCOC2O1,7.412381172e0,-3.778229281e-2,1.583112627e-1,7.915562987e-1,7.374598980e0,3.977784216e-1
train,593,Cc1cncn1C,6.756587029e0,9.017184973e-1,4.749337733e-1,2.374668837e0,7.658305645e0,6.200590134e-1
train,594,CCC1C(C)[NH+]1CC,7.801504612e0,5.862644315e-2,1.583112627e-1,7.915562987e-1,7.860131264e0,7.781868577e-1
train,595,C#CC12CC3C(C1)C32O,7.341631889e0,1.463256478e-1,1.583112627e-1,7.915562987e-1,7.487957478e0,4.865933657e-1
train,596,O=C1C=Cc2nn[nH]c21,3.779661417e0,2.338969707e-2,1.583112627e-1,7.915562987e-1,3.803050995e0,-2.400484562e0
train,597,N#CC(O)c1c[nH]cn1,6.889922619e0,-7.028875351e-1,4.749337733e-1,2.374668837e0,6.187035084e0,-5.326629877e-1
train,598,CCC1CCC(C=O)O1,5.942966461e0,1.916410178e-1,1.583112627e-1,7.915562987e-1,6.134607315e0,-5.737394691e-1
train,599,COC1(C)CCOC1[NH-],7.401497364e0,7.441325113e-3,1.583112627e-1,7.915562987e-1,7.408938885e0,4.246833026e-1
train,600,c1n[nH]cc1C1CC1,6.707606792e0,-5.616647750e-2,4.749337733e-1,2.374668837e0,6.651440144e0,-1.688074470e-1
train,601,OC1COC1C1CCC1,8.166136742e0,9.336598217e-2,1.583112627e-1,7.915562987e-1,8.259502411e0,1.091089129e0
train,602,CCC1[NH+]2CC1(CO)C2,7.719869614e0,-3.388924003e-1,4.749337733e-1,2.374668837e0,7.380977154e0,4.027756453e-1
train,603,O=C1CC2COC(=O)N12,6.879037857e0,-8.443930745e-2,1.583112627e-1,7.915562987e-1,6.794598579e0,-5.664461479e-2
train,604,N#CC12COC(CN1)C2,7.129383087e0,5.995636433e-2,4.749337733e-1,2.374668837e0,7.189339638e0,2.526300550e-1
train,605,OCCC1C2CC(O)C12,8.772951126e0,7.002294809e-2,1.583112627e-1,7.915562987e-1,8.842973709e0,1.548231602e0
train,606,OCC1CCC(CO)C1,9.202890396e0,2.535457164e-2,4.749337733e-1,2.374668837e0,9.228244781e0,1.850086570e0
train,607,CC1(O)CC12CCCC2,8.726691246e0,7.414215803e-1,4.749337733e-1,2.374668837e0,9.468112946e0,2.038020372e0
train,608,O=C1CNCC2CN12,6.087186813e0,4.049168825e-1,4.749337733e-1,2.374668837e0,6.492103577e0,-2.936456501e-1
train,609,NC=[NH+]CC(CO)=NO,2.179631948e0,-3.285473585e-1,1.583112627e-1,7.915562987e-1,1.851084590e0,-3.929825544e0
train,610,CC(O)C#CCO[CH+][NH-],7.553880215e0,4.047546387e-1,1.583112627e-1,7.915562987e-1,7.958634853e0,8.553631902e-1
train,611,CC1COCC2NC12,8.381106377e0,-3.981702030e-1,1.583112627e-1,7.915562987e-1,7.982936382e0,8.744031191e-1
train,612,CCCC1(C)OC1C,9.336226463e0,-1.501198858e-1,1.583112627e-1,7.915562987e-1,9.186106682e0,1.817071915e0
train,613,[H]N=C(NC(C)C)C(N)=O,5.472209930e0,-1.807578951e-1,1.583112627e-1,7.915562987e-1,5.291451931e0,-1.234341145e0
train,614,CCC(CC)C(C)=O,6.261340141e0,-4.766794853e-3,1.583112627e-1,7.915562987e-1,6.256573200e0,-4.781807363e-1
train,615,C1=CC2(CC=CC2)CC1,7.001489162e0,6.905696541e-2,1.583112627e-1,7.915562987e-1,7.070546150e0,1.595568359e-1
train,616,C[NH2+][CH+]OC1CC(C)C1,7.401497364e0,2.514182031e-1,1.583112627e-1,7.915562987e-1,7.652915478e0,6.158359051e-1
train,617,O=CNC12COC(C1)C2,7.058633804e0,-2.637343407e-1,4.749337733e-1,2.374668837e0,6.794899464e0,-5.640887469e-2
train,618,N#Cc1coc(=O)cn1,4.549743652e0,3.252557665e-2,1.583112627e-1,7.915562987e-1,4.582269192e0,-1.789976835e0
train,619,CC(=O)C1(CO)CC1O,5.975620270e0,7.537049800e-2,1.583112627e-1,7.915562987e-1,6.050990582e0,-6.392521262e-1
train,620,O=C1CC2OC1CC2O,5.874938488e0,-3.422460705e-2,1.583112627e-1,7.915562987e-1,5.840713978e0,-8.040012121e-1
train,621,C1CC1C1OCC2NC21,8.506278992e0,5.515873432e-2,4.749337733e-1,2.374668837e0,8.561437607e0,1.327651620e0
train,622,CNC1C([NH-])OC1CO,6.849106312e0,1.364228129e-1,1.583112627e-1,7.915562987e-1,6.985528946e0,9.294693172e-2
train,623,Cn1cc(N)nc1CO,5.534795761e0,-2.255071998e-1,4.749337733e-1,2.374668837e0,5.309288502e0,-1.220366359e0
train,624,O=CC1CC([NH+]2CC2)C1,6.070860386e0,-7.493406534e-2,1.583112627e-1,7.915562987e-1,5.995926380e0,-6.823942661e-1
train,625,CC12NC1C1NC12,7.385169983e0,-1.702745408e-1,1.583112627e-1,7.915562987e-1,7.214895248e0,2.726525366e-1
train,626,CC1C2COCOC1C2,9.012411118e0,-3.259212077e-1,1.583112627e-1,7.915562987e-1,8.686490059e0,1.425628543e0
train,627,OCC1C2C3C1C1C2[NH+]31,8.060012817e0,1.295876503e-1,1.583112627e-1,7.915562987e-1,8.189599991e0,1.036321521e0
train,628,C#CC(CC)C1C[NH+]1C,7.447756290e0,2.667988464e-2,1.583112627e-1,7.915562987e-1,7.474436283e0,4.759996831e-1
train,629,CC1=C(C)C2OC2C1,6.495357990e0,-2.971807122e-1,1.583112627e-1,7.915562987e-1,6.198177338e0,-5.239331722e-1
train,630,O=CC1C2C3CC[NH+]2C13,5.733438969e0,-1.129398584e0,4.749337733e-1,2.374668837e0,4.604040146e0,-1.772919655e0
train,631,COC1CC1CC=O,6.136167526e0,2.245791722e-3,1.583112627e-1,7.915562987e-1,6.138413429e0,-5.707574487e-1
train,632,C#CC1NC(=O)C1(C)C,7.287209034e0,2.455174327e-1,1.583112627e-1,7.915562987e-1,7.532726288e0,5.216691494e-1
train,633,CC1C(CO)C2(C)CC12,8.626008987e0,9.205137938e-2,1.583112627e-1,7.915562987e-1,8.718060493e0,1.450363636e0
train,634,N#CC1[NH2+][CH+]OC12CC2,7.025979519e0,1.353833973e-1,1.583112627e-1,7.915562987e-1,7.161363125e0,2.307108045e-1
train,635,C[NH+]1C2CC3OC3(C)C21,8.332126617e0,-8.456366509e-2,1.583112627e-1,7.915562987e-1,8.247563362e0,1.081735015e0
train,636,Nc1nc2occc2o1,5.401460171e0,1.482274150e-3,1.583112627e-1,7.915562987e-1,5.402942657e0,-1.146989584e0
train,637,CCC12CC3CC1C32O,8.226001740e0,-1.748038828e-1,1.583112627e-1,7.915562987e-1,8.051198006e0,9.278852344e-1
train,638,CNC(=O)C1CC1O,6.914412975e0,-1.165773124e-1,1.583112627e-1,7.915562987e-1,6.797835827e0,-5.410826951e-2
train,639,CC1=CC2CC3C2C13C,6.421886921e0,3.184735179e-1,4.749337733e-1,2.374668837e0,6.740360260e0,-9.913965315e-2
train,640,NC(=O)C1(CO)CC1,7.240949631e0,-1.671656668e-1,1.583112627e-1,7.915562987e-1,7.073783875e0,1.620935500e-1
train,641,O=CC1C2CC(=O)C1N2,5.306220055e0,-1.413548589e-1,1.583112627e-1,7.915562987e-1,5.164865017e0,-1.333520412e0
train,642,COc1nc[nH]c1OC,5.945687771e0,4.548955858e-1,4.749337733e-1,2.374668837e0,6.400583267e0,-3.653506637e-1
train,643,O=CC(=O)CC1CN1,3.877622366e0,-7.880301774e-2,1.583112627e-1,7.915562987e-1,3.798819304e0,-2.403800011e0
train,644,COC(C)CC(N)C#N,7.738917828e0,3.932546973e-1,4.749337733e-1,2.374668837e0,8.132172585e0,9.913278222e-1
train,645,CC1(O)C(O)C2(C)NC12,8.334847450e0,-1.683876961e-1,1.583112627e-1,7.915562987e-1,8.166460037e0,1.018191576e0
train,646,C#CC(=O)NC(C)CC,6.313041210e0,1.633197665e-1,1.583112627e-1,7.915562987e-1,6.476360798e0,-3.059799075e-1
train,647,CC1(C#N)C(=O)C2C[NH+]21,5.823236465e0,1.821720600e-1,1.583112627e-1,7.915562987e-1,6.005408287e0,-6.749652624e-1
train,648,OC1CCC12C1CC2C1,8.702200890e0,-6.363757700e-2,1.583112627e-1,7.915562987e-1,8.638563156e0,1.388078451e0
train,649,CC1=C2CCC2(C)CC1,6.500800133e0,6.243834645e-2,4.749337733e-1,2.374668837e0,6.563238621e0,-2.379122376e-1
train,650,C#CC1OCC[NH+]2CC12,6.879037857e0,-6.808333397e-1,4.749337733e-1,2.374668837e0,6.198204517e0,-5.239118934e-1
train,651,CC(C)C(C#N)C1CN1,7.640957355e0,2.651003301e-1,1.583112627e-1,7.915562987e-1,7.906057835e0,8.141697645e-1
train,652,N#CC1C2C[NH+]1CCO2,6.838221550e0,-7.205393314e-1,4.749337733e-1,2.374668837e0,6.117682457e0,-5.869998932e-1
train,653,CCC1(CCC#N)CO1,8.579750061e0,1.152618900e-1,1.583112627e-1,7.915562987e-1,8.695012093e0,1.432305455e0
train,654,N#CC1C=CC(C=O)N1,5.461325169e0,-9.846291542e-1,4.749337733e-1,2.374668837e0,4.476696014e0,-1.872692108e0
train,655,CC1=CN(C)CCC1=O,4.797367573e0,-3.210828826e-2,1.583112627e-1,7.915562987e-1,4.765259266e0,-1.646606445e0
train,656,C#CC1CC2OCOC12,7.951167107e0,2.483711392e-1,1.583112627e-1,7.915562987e-1,8.199538231e0,1.044107914e0
train,657,[H]N=CNc1ncc(N)o1,5.123903751e0,-2.985345721e-1,4.749337733e-1,2.374668837e0,4.825369358e0,-1.599510908e0
train,658,Oc1nc2c([nH]1)CCO2,6.019158840e0,-1.772938371e-1,1.583112627e-1,7.915562987e-1,5.841865063e0,-8.030993342e-1
train,659,C1OC2CC1C1(CO1)C2,8.974315643e0,1.605810225e-1,1.583112627e-1,7.915562987e-1,9.134896278e0,1.776949167e0
train,660,C#CC12C(=O)C3CC1C32,6.479031086e0,1.012003064e0,4.749337733e-1,2.374668837e0,7.491034031e0,4.890038073e-1
train,661,CC#CC1([NH+]2CC2)CC1,7.540275097e0,2.391706705e-1,1.583112627e-1,7.915562987e-1,7.779445648e0,7.149707079e-1
train,662,COCC1(C#N)CCC1,8.261377335e0,5.558227748e-2,1.583112627e-1,7.915562987e-1,8.316959381e0,1.136105895e0
train,663,O=C1CCOCC1O,6.266781807e0,-5.879038572e-2,4.749337733e-1,2.374668837e0,6.207991600e0,-5.162438154e-1
train,664,N#CC(CN)NCCO,7.428708553e0,-5.865469575e-2,1.583112627e-1,7.915562987e-1,7.370053768e0,3.942172825e-1
train,665,O=C1CCC12CC2,5.962014675e0,9.594735503e-1,4.749337733e-1,2.374668837e0,6.921488285e0,4.277187586e-2
train,666,N#CCCC1CN1,7.940282345e0,3.107062280e-1,1.583112627e-1,7.915562987e-1,8.250988960e0,1.084418893e0
train,667,CC12COC3C1CCC32,8.193347931e0,-2.082666010e-1,1.583112627e-1,7.915562987e-1,7.985081196e0,8.760835528e-1
train,668,CNC(=O)N(C)CC=O,5.717112064e0,2.981550246e-2,1.583112627e-1,7.915562987e-1,5.746927738e0,-8.774815798e-1
train,669,O=CNC1CC1[NH+]1CC1,7.292651653e0,1.674414054e-2,1.583112627e-1,7.915562987e-1,7.309395790e0,3.466925323e-1
train,670,CC1C(C=O)COC1[NH-],6.141610146e0,2.216461301e-1,1.583112627e-1,7.915562987e-1,6.363256454e0,-3.945957422e-1
train,671,CC12NC1C1(CO)NC21,7.211016655e0,1.884546727e-1,1.583112627e-1,7.915562987e-1,7.399471283e0,4.172655344e-1
train,672,C1OC2C3CC1C1C2[NH+]31,8.707643509e0,-3.298253417e-1,4.749337733e-1,2.374668837e0,8.377818108e0,1.183787942e0
train,673,CCC12CC(C#N)C1N2,7.962051392e0,3.129476607e-1,1.583112627e-1,7.915562987e-1,8.274998665e0,1.103230238e0
train,674,C#CC(=O)NCC1CO1,6.323925972e0,1.810025275e-1,1.583112627e-1,7.915562987e-1,6.504928589e0,-2.835974097e-1
train,675,O=c1cncno1,4.337494850e0,-3.609292954e-2,1.583112627e-1,7.915562987e-1,4.301402092e0,-2.010032654e0
train,676,OC12CCC3C1CCC32,8.770229340e0,4.742002860e-2,1.583112627e-1,7.915562987e-1,8.817649841e0,1.528390646e0
train,677,O=CC1=CC(=O)C(=O)N1,3.368769646e0,4.323893040e-2,1.583112627e-1,7.915562987e-1,3.412008524e0,-2.706861496e0
train,678,CC1(C)[NH+]2CC1(CO)C2,7.815110207e0,4.316655993e-1,4.749337733e-1,2.374668837e0,8.246775627e0,1.081117868e0
train,679,CO[CH+][NH2+]CCCCO,7.374285698e0,-1.982841641e-2,1.583112627e-1,7.915562987e-1,7.354457378e0,3.819977343e-1
train,680,Nc1c[nH]c(O)c1N,6.111677170e0,7.568351924e-2,1.583112627e-1,7.915562987e-1,6.187360764e0,-5.324078202e-1
train,681,N#Cc1nccnc1N,4.547022343e0,-9.084604681e-2,1.583112627e-1,7.915562987e-1,4.456176281e0,-1.888769150e0
train,682,CC12CC(O[CH+][NH-])C1N2,7.404218197e0,8.145158738e-2,1.583112627e-1,7.915562987e-1,7.485669613e0,4.848008454e-1
train,683,CC1CC2(CC(O)C2)O1,8.522605896e0,4.229817688e-1,4.749337733e-1,2.374668837e0,8.945588112e0,1.628628612e0
train,684,CC12CC3C1C(C=O)[NH+]32,5.727996826e0,-8.313699067e-2,1.583112627e-1,7.915562987e-1,5.644859791e0,-9.574505091e-1
train,685,N#CCCCCC1CC1,8.718527794e0,-7.429225743e-2,1.583112627e-1,7.915562987e-1,8.644235611e0,1.392522812e0
train,686,CC(C)OC(C=O)C=O,5.382411957e0,-1.870234609e-1,1.583112627e-1,7.915562987e-1,5.195388317e0,-1.309605718e0
train,687,OCCOC1CCC1O,8.639615059e0,9.496959299e-2,1.583112627e-1,7.915562987e-1,8.734584808e0,1.463310242e0
train,688,CC1(O)CC12OC1CC12,8.019195557e0,4.466576129e-2,1.583112627e-1,7.915562987e-1,8.063860893e0,9.378064871e-1
train,689,ONC1CCC2CC1C2,6.936182499e0,-3.649781272e-2,1.583112627e-1,7.915562987e-1,6.899684906e0,2.568920329e-2
train,690,CN1C=CCCNC1=O,6.141610146e0,-7.450230420e-2,1.583112627e-1,7.915562987e-1,6.067107677e0,-6.266245842e-1
train,691,CC1NC(C)(C#N)C1O,7.330747128e0,2.482498586e-1,1.583112627e-1,7.915562987e-1,7.578997135e0,5.579218268e-1
train,692,CC(C)(O)CC1COC1,8.049127579e0,-9.869614616e-3,1.583112627e-1,7.915562987e-1,8.039258003e0,9.185304046e-1
train,693,CCNc1ncc(N)o1,6.182426929e0,-8.853778243e-2,4.749337733e-1,2.374668837e0,6.093889236e0,-6.056416035e-1
train,694,CC(=[NH2+])Nc1c[nH]nn1,4.408244610e0,2.857195213e-2,1.583112627e-1,7.915562987e-1,4.436816692e0,-1.903937101e0
train,695,C#CCn1ccnc1O,6.342973709e0,-4.577452317e-2,4.749337733e-1,2.374668837e0,6.297199249e0,-4.463507235e-1
train,696,C#CC1(C(C)O)NC1C,7.322584152e0,3.947507441e-1,1.583112627e-1,7.915562987e-1,7.717334747e0,6.663075686e-1
train,697,N#CC(=O)C1NC1C=O,4.323888779e0,-1.745728850e-1,1.583112627e-1,7.915562987e-1,4.149315834e0,-2.129190445e0
train,698,OC1C2CC2C2C(O)C12,7.662726402e0,2.126487643e-1,1.583112627e-1,7.915562987e-1,7.875375271e0,7.901303172e-1
train,699,CCC12CC3C4C(C41)[NH+]32,8.291309357e0,-1.357621551e-1,1.583112627e-1,7.915562987e-1,8.155547142e0,1.009641528e0
train,700,CC1=CCC2(CO2)C1O,7.137547016e0,-2.234261334e-1,1.583112627e-1,7.915562987e-1,6.914120674e0,3.699944541e-2
train,701,C#CCC(C)(O)C(C)O,8.283145905e0,-2.181077302e-1,1.583112627e-1,7.915562987e-1,8.065037727e0,9.387285113e-1
train,702,Cn1cc2c(n1)C=CC2,5.532074928e0,1.540120393e-1,1.583112627e-1,7.915562987e-1,5.686087132e0,-9.251493812e-1
train,703,COCC1OCC2OC12,9.140304565e0,3.225210682e-2,1.583112627e-1,7.915562987e-1,9.172556877e0,1.806455851e0
train,704,[NH-]c1[nH+]c(N)noc1=O,5.175605774e0,2.595053613e-1,1.583112627e-1,7.915562987e-1,5.435111046e0,-1.121785998e0
train,705,OC12COCCC1C2,8.557980537e0,-9.145937860e-2,1.583112627e-1,7.915562987e-1,8.466521263e0,1.253285766e0
train,706,O=CC(O)C1(O)CC1,5.934803009e0,-1.351787597e-1,1.583112627e-1,7.915562987e-1,5.799624443e0,-8.361943364e-1
train,707,CNC=Nc1nnon1,5.140230656e0,1.248769239e-1,1.583112627e-1,7.915562987e-1,5.265107632e0,-1.254981518e0
train,708,CNC(=O)c1conn1,5.646362305e0,-4.690710828e-2,1.583112627e-1,7.915562987e-1,5.599455357e0,-9.930242896e-1
train,709,Cc1cc2c([nH]1)COC2,6.315762520e0,1.020549145e-2,1.583112627e-1,7.915562987e-1,6.325967789e0,-4.238109589e-1
train,710,C#CCCC(C#C)C=O,5.978341103e0,8.699846268e-2,1.583112627e-1,7.915562987e-1,6.065339565e0,-6.280099154e-1
train,711,CCC12NC1C(O)C2O,7.940282345e0,-2.730845213e-1,1.583112627e-1,7.915562987e-1,7.667197704e0,6.270258427e-1
train,712,[NH-]c1[nH+]ncnc1N,4.729339123e0,-1.011300161e-1,1.583112627e-1,7.915562987e-1,4.628209114e0,-1.753983498e0
train,713,COC12C[NH+]3C1CC32C,8.917170525e0,-8.009982109e-2,1.583112627e-1,7.915562987e-1,8.837070465e0,1.543606400e0
train,714,CC12CC=CC1OCC2,7.094007969e0,2.401500046e-1,4.749337733e-1,2.374668837e0,7.334157944e0,3.660933673e-1
train,715,CC12CC3CC1CC32O,8.889959335e0,1.539944410e-1,1.583112627e-1,7.915562987e-1,9.043953896e0,1.705697060e0
train,716,CC12CC1C(=O)N2C=O,6.117119789e0,9.716043249e-3,1.583112627e-1,7.915562987e-1,6.126835823e0,-5.798283219e-1
train,717,N#CC1OC2C(O)CC12,7.379727840e0,-1.052145138e-1,1.583112627e-1,7.915562987e-1,7.274513245e0,3.193624914e-1
train,718,C1NC1C12OC3CC1C32,7.902186394e0,9.727086872e-2,1.583112627e-1,7.915562987e-1,7.999457359e0,8.873471022e-1
train,719,C#CC1COC1(C)CC,7.763408184e0,-8.559441566e-2,1.583112627e-1,7.915562987e-1,7.677813530e0,6.353431940e-1
train,720,N#CC12CC1[NH+]1CCC12,6.715770245e0,-1.758770496e-1,1.583112627e-1,7.915562987e-1,6.539893150e0,-2.562031150e-1
train,721,C[NH+]1CC12C1CC2(C)O1,8.628729820e0,-1.427225471e-1,4.749337733e-1,2.374668837e0,8.486007690e0,1.268553138e0
train,722,CC(=O)C(C)OC(N)=O,6.258618832e0,-3.150250912e-1,1.583112627e-1,7.915562987e-1,5.943593979e0,-7.233960032e-1
train,723,CC12CC3OC4C(C31)C42,8.381106377e0,-3.414724767e-2,1.583112627e-1,7.915562987e-1,8.346959114e0,1.159610391e0
train,724,O=CC#CC(=O)C1CN1,5.042269707e0,-1.501305699e-1,1.583112627e-1,7.915562987e-1,4.892138958e0,-1.547197819e0
train,725,O=CC1CC(CCO)C1,6.160657883e0,-1.028730273e-1,1.583112627e-1,7.915562987e-1,6.057785034e0,-6.339287758e-1
train,726,C[NH+]=C(N)OCC(=O)[O-],3.785103798e0,-9.994405508e-2,4.749337733e-1,2.374668837e0,3.685159683e0,-2.492851019e0
train,727,CC1CC2(O)C(CO)C12,7.869533062e0,-2.182733826e-2,1.583112627e-1,7.915562987e-1,7.847705841e0,7.684516907e-1
train,728,CNCc1ncon1,5.534795761e0,1.912891418e-1,1.583112627e-1,7.915562987e-1,5.726084709e0,-8.938118219e-1
train,729,CC1OC(C)C2CCC12,8.802883148e0,-1.817959100e-1,1.583112627e-1,7.915562987e-1,8.621087074e0,1.374386191e0
train,730,[H]N=C(C=O)NCCCO,4.636819839e0,-9.464782476e-2,1.583112627e-1,7.915562987e-1,4.542171955e0,-1.821392536e0
train,731,N#CC(O)(C=O)C1CO1,6.005552769e0,1.401227117e-1,1.583112627e-1,7.915562987e-1,6.145675659e0,-5.650675893e-1
train,732,C#CCC1C[NH+]1CC#N,7.322584152e0,-8.610508405e-3,1.583112627e-1,7.915562987e-1,7.313973427e0,3.502790630e-1
train,733,C#CC1CC2CCC12C,8.092665672e0,1.445514858e-1,1.583112627e-1,7.915562987e-1,8.237216949e0,1.073628783e0
train,734,CC1C=CC2C(C)C2C1,6.745702267e0,-9.181960672e-2,4.749337733e-1,2.374668837e0,6.653882504e0,-1.668938845e-1
train,735,COc1n[nH]cc1N,6.049090862e0,-3.042943478e-1,1.583112627e-1,7.915562987e-1,5.744796753e0,-8.791511655e-1
train,736,N#CC1C2CCC1CC2,9.162073135e0,-7.097160071e-2,1.583112627e-1,7.915562987e-1,9.091101646e0,1.742636681e0
train,737,C#CC1(C)CCC1C,8.258655548e0,3.343426585e-1,1.583112627e-1,7.915562987e-1,8.592998505e0,1.352379084e0
train,738,O=CC12CC[NH+]1C2CO,5.744323254e0,-2.152683213e-2,1.583112627e-1,7.915562987e-1,5.722796440e0,-8.963881135e-1
train,739,CC1CC2OC2C12CO2,8.914449692e0,-6.361501757e-3,1.583112627e-1,7.915562987e-1,8.908087730e0,1.599247575e0
train,740,CC12COC(C=O)C1O2,6.000110626e0,-1.018044502e-1,1.583112627e-1,7.915562987e-1,5.898306370e0,-7.588782907e-1
train,741,N#CCC1(CO)CC1,8.541653633e0,-1.926842481e-1,1.583112627e-1,7.915562987e-1,8.348969460e0,1.161185384e0
train,742,CCOCC(CO)CO,8.549818039e0,-1.130039394e-1,1.583112627e-1,7.915562987e-1,8.436814308e0,1.230010748e0
train,743,OC1C2CCOCC12,8.250492096e0,7.268989831e-2,1.583112627e-1,7.915562987e-1,8.323182106e0,1.140981317e0
train,744,CC(O)C1C(O)C1C=O,6.128004074e0,-1.386884004e-1,1.583112627e-1,7.915562987e-1,5.989315510e0,-6.875737906e-1
train,745,CCC1CC([NH-])OC1C,7.790619850e0,-4.969699308e-2,1.583112627e-1,7.915562987e-1,7.740922928e0,6.847886443e-1
train,746,COCC1COC1C#N,7.279046059e0,2.511952221e-1,1.583112627e-1,7.915562987e-1,7.530241489e0,5.197223425e-1
train,747,CC1CCC(=O)OC1C,7.409660339e0,-8.862508833e-2,4.749337733e-1,2.374668837e0,7.321035385e0,3.558120131e-1
train,748,CCOC1CCOC1,8.889959335e0,-5.253200978e-2,1.583112627e-1,7.915562987e-1,8.837427139e0,1.543885946e0
train,749,[H]N=CNC(=O)CC=O,5.953851223e0,-1.128936037e-1,1.583112627e-1,7.915562987e-1,5.840957642e0,-8.038102984e-1
train,750,CCC1C2C(C)OC12C,8.435529709e0,8.429547399e-2,4.749337733e-1,2.374668837e0,8.519824982e0,1.295048594e0
train,751,Cc1nn[nH]c1NC=O,5.575613022e0,6.018205360e-2,1.583112627e-1,7.915562987e-1,5.635795116e0,-9.645525813e-1
train,752,O=C1NCC12C1COC12,7.050469875e0,1.439550519e-2,1.583112627e-1,7.915562987e-1,7.064865589e0,1.551061869e-1
train,753,OCC#CCC1CO1,7.725312233e0,1.614816189e-1,1.583112627e-1,7.915562987e-1,7.886794090e0,7.990768552e-1
train,754,CC1(O)C2CNC21C#N,6.473588943e0,-5.568685755e-2,1.583112627e-1,7.915562987e-1,6.417901993e0,-3.517816663e-1
train,755,CC#Cc1cc(C)on1,5.929360867e0,9.844329357e-1,4.749337733e-1,2.374668837e0,6.913793564e0,3.674316034e-2
train,756,[H]N=C(C[NH+](C)C)NC=O,6.005552769e0,2.387865931e-1,1.583112627e-1,7.915562987e-1,6.244339466e0,-4.877656996e-1
train,757,C#CC1C(O)C2CC12,7.943003654e0,-3.197620064e-2,1.583112627e-1,7.915562987e-1,7.911027431e0,8.180633783e-1
train,758,O=C1OC2[NH2+]CC3C1C23,5.913033962e0,-1.766334288e-2,1.583112627e-1,7.915562987e-1,5.895370483e0,-7.611785531e-1
train,759,CC12C3CC1(O)C[NH+]32,7.937561512e0,5.911462903e-1,4.749337733e-1,2.374668837e0,8.528707504e0,1.302007914e0
train,760,C#CC(C)NC(C)C#N,7.306257248e0,-2.653425336e-1,1.583112627e-1,7.915562987e-1,7.040914536e0,1.363408417e-1
train,761,CC1CC12CCOC2=O,7.551159859e0,1.622662693e-2,1.583112627e-1,7.915562987e-1,7.567386627e0,5.488250852e-1
train,762,C1OC23C1OC1C2OC13,7.515784740e0,8.598885685e-2,1.583112627e-1,7.915562987e-1,7.601773739e0,5.757669806e-1
train,763,CCOC1CC1(O)C#N,7.289929867e0,-3.792777658e-2,1.583112627e-1,7.915562987e-1,7.252002239e0,3.017254174e-1
train,764,CC12CC1OC(N)[NH2+]2,7.385169983e0,-3.874083459e-1,4.749337733e-1,2.374668837e0,6.997761726e0,1.025311574e-1
train,765,OCCC1(O)CC2NC21,8.166136742e0,-2.138979137e-1,1.583112627e-1,7.915562987e-1,7.952239037e0,8.503521085e-1
train,766,C1CC2NC23CNC3[NH2+]1,6.601481915e0,-2.815364599e-1,1.583112627e-1,7.915562987e-1,6.319945335e0,-4.285294712e-1
train,767,CC12OC3C4CC4C1C32,7.975656986e0,-2.818483710e-1,1.583112627e-1,7.915562987e-1,7.693808556e0,6.478751302e-1
train,768,CC1OC(=O)NC12CC2,8.060012817e0,-2.696029246e-1,1.583112627e-1,7.915562987e-1,7.790410042e0,7.235611677e-1
train,769,OC1CC2CC12O,8.914449692e0,1.459897161e-1,1.583112627e-1,7.915562987e-1,9.060439110e0,1.718613029e0
train,770,O=C(C(O)CO)N1CC1,6.525290489e0,1.988725811e-1,1.583112627e-1,7.915562987e-1,6.724163055e0,-1.118299589e-1
train,771,CC1C2C=CC1OCC2,6.704885483e0,2.769031227e-1,1.583112627e-1,7.915562987e-1,6.981788635e0,9.001643956e-2
train,772,CC12CCOC1C2CO,8.666826248e0,-3.015234508e-2,1.583112627e-1,7.915562987e-1,8.636673927e0,1.386598229e0
train,773,CC1=CCC2NC2C=C1,5.132067680e0,-1.849521883e-2,1.583112627e-1,7.915562987e-1,5.113572598e0,-1.373707294e0
train,774,Nc1cccc(N)c1N,5.779698372e0,-8.129387349e-2,1.583112627e-1,7.915562987e-1,5.698404312e0,-9.154990315e-1
train,775,O=Cc1coc(=O)o1,5.148394108e0,3.483499289e-1,1.583112627e-1,7.915562987e-1,5.496744156e0,-1.073497295e0
train,776,CC1=CC2CC1(C)CO2,6.723933220e0,-5.010676384e-1,4.749337733e-1,2.374668837e0,6.222865582e0,-5.045902133e-1
train,777,CC1CCC(O)C(=O)O1,7.529390335e0,-6.702875495e-1,4.749337733e-1,2.374668837e0,6.859102726e0,-6.106425542e-3
train,778,Cc1nc(O)n(C)c1N,6.664068222e0,-6.109014750e-1,4.749337733e-1,2.374668837e0,6.053166866e0,-6.375470161e-1
train,779,COCC1CN(C=O)C1,7.262719154e0,-4.574719071e-2,1.583112627e-1,7.915562987e-1,7.216971874e0,2.742795646e-1
train,780,COCC(N)C(=O)OC,7.015095711e0,5.920986831e-2,1.583112627e-1,7.915562987e-1,7.074305534e0,1.625022739e-1
train,781,C#CCC(C)(C)CC,8.432807922e0,1.082443297e-1,1.583112627e-1,7.915562987e-1,8.541051865e0,1.311679602e0
train,782,C#CC1(C)OC1COC,7.785177231e0,1.381358057e-1,1.583112627e-1,7.915562987e-1,7.923313141e0,8.276890516e-1
train,783,c1nc(C2CCO2)co1,6.639578342e0,-5.106399581e-2,1.583112627e-1,7.915562987e-1,6.588514328e0,-2.181090415e-1
train,784,CC1(C)C(=O)CNC1=O,5.689900398e0,-3.201394975e-1,1.583112627e-1,7.915562987e-1,5.369760990e0,-1.172986984e0
train,785,CCC12OCC1(C)C2C,8.114435196e0,3.664236069e-1,4.749337733e-1,2.374668837e0,8.480858803e0,1.264519095e0
train,786,CC1(CO)OCC1C#N,7.679053307e0,-1.097978875e-1,1.583112627e-1,7.915562987e-1,7.569255352e0,5.502892137e-1
train,787,CC12C[NH+]3C(CO1)C32,8.658662796e0,-4.329727590e-2,1.583112627e-1,7.915562987e-1,8.615365982e0,1.369903803e0
train,788,CC1C2COCC1C2=O,6.119840622e0,4.943618923e-2,1.583112627e-1,7.915562987e-1,6.169276714e0,-5.465764403e-1
train,789,O=CNC1C(O)C2CC21,7.132104397e0,3.563402593e-1,1.583112627e-1,7.915562987e-1,7.488444805e0,4.869751930e-1
train,790,N#CC1(O)COC1,7.390612602e0,-9.413769096e-2,1.583112627e-1,7.915562987e-1,7.296474934e0,3.365691900e-1
train,791,OC12CC3CC3(O)C1C2,8.623288155e0,-3.070378602e-1,1.583112627e-1,7.915562987e-1,8.316249847e0,1.135550022e0
train,792,OCCc1ncccn1,5.676295280e0,-9.769228846e-2,1.583112627e-1,7.915562987e-1,5.578602791e0,-1.009361982e0
train,793,C1CC2(C[NH+]3CC3)OC12,8.903565407e0,1.122704148e-1,1.583112627e-1,7.915562987e-1,9.015835762e0,1.683666825e0
train,794,C1=CC23OCC24NC3C14,5.540238380e0,3.474560678e-1,4.749337733e-1,2.374668837e0,5.887694359e0,-7.671926618e-1
train,795,CCC1(O)C2OCOC21,8.247770309e0,2.146316022e-1,1.583112627e-1,7.915562987e-1,8.462402344e0,1.250058651e0
train,796,CC1CC(=O)OC(C)C1,7.390612602e0,-1.019375324e-1,4.749337733e-1,2.374668837e0,7.288675308e0,3.304582834e-1
train,797,CC1CC2OC(C)C12O,8.095387459e0,-2.186707407e-2,1.583112627e-1,7.915562987e-1,8.073520660e0,9.453747869e-1
train,798,CC1CC2=CCOCC21,6.974278450e0,1.295660734e-1,1.583112627e-1,7.915562987e-1,7.103844643e0,1.856457889e-1
train,799,CCC1CCC(=O)OC1,7.371564865e0,1.456103325e-1,4.749337733e-1,2.374668837e0,7.517175198e0,5.094850659e-1
train,800,Cc1[nH]ccc1C1CC1,6.413723469e0,1.208269894e-1,1.583112627e-1,7.915562987e-1,6.534550667e0,-2.603888810e-1
train,801,C#CCCC#CCCC,7.888580799e0,-4.311473370e-1,4.749337733e-1,2.374668837e0,7.457433701e0,4.626783729e-1
train,802,CC1C2(O)COCC12O,8.016474724e0,4.096748233e-1,4.749337733e-1,2.374668837e0,8.426149368e0,1.221654892e0
train,803,[NH-][CH+]OCCC1CO1,7.736196995e0,1.182665676e-1,1.583112627e-1,7.915562987e-1,7.854463577e0,7.737463117e-1
train,804,CC[NH+]1C2CCC(O)C21,7.684495449e0,-7.341176271e-2,1.583112627e-1,7.915562987e-1,7.611083508e0,5.830610394e-1
train,805,C1COC2CC(C2)O1,8.579750061e0,-1.026686048e-3,4.749337733e-1,2.374668837e0,8.578722954e0,1.341194391e0
train,806,COc1c[nH]nn1,6.079023361e0,-6.403199583e-2,1.583112627e-1,7.915562987e-1,6.014991283e0,-6.674571037e-1
train,807,CCC(CC)COC=O,7.790619850e0,4.512574375e-1,4.749337733e-1,2.374668837e0,8.241877556e0,1.077280283e0
train,808,C#Cc1ccc(C#C)o1,4.617772102e0,1.630504727e-1,1.583112627e-1,7.915562987e-1,4.780822754e0,-1.634412646e0
train,809,CC(=O)CC1=NCCO1,6.359301090e0,-1.258880794e-1,1.583112627e-1,7.915562987e-1,6.233413219e0,-4.963262975e-1
train,810,C1=NCCCC[NH2+][CH+]N1,5.357921600e0,1.609148234e-1,1.583112627e-1,7.915562987e-1,5.518836498e0,-1.056188226e0
train,811,Cc1ncccc(=O)n1,4.391917706e0,1.205652133e-1,1.583112627e-1,7.915562987e-1,4.512483120e0,-1.844653368e0
train,812,C#Cc1[nH]nnc1CC,5.673573971e0,1.215833724e-1,1.583112627e-1,7.915562987e-1,5.795157433e0,-8.396942019e-1
train,813,CC(C)C1NC1CC#N,8.092665672e0,-1.220110357e-1,1.583112627e-1,7.915562987e-1,7.970654488e0,8.647804260e-1
train,814,O=C1OCCC1C1CC1,7.311699390e0,-9.394575655e-2,1.583112627e-1,7.915562987e-1,7.217753410e0,2.748918831e-1
train,815,CC1(NC(=O)CO)CC1,7.447756290e0,9.861153364e-2,1.583112627e-1,7.915562987e-1,7.546367645e0,5.323569775e-1
train,816,Cc1nc(CCO)co1,6.495357990e0,-1.403558850e-1,4.749337733e-1,2.374668837e0,6.355001926e0,-4.010630548e-1
train,817,CCC(C)(O)C(=O)NC,7.303536415e0,-3.667674661e-1,4.749337733e-1,2.374668837e0,6.936769009e0,5.474413186e-2
train,818,O=CC12CCC(C1)OC2,6.062696934e0,1.246789172e-1,1.583112627e-1,7.915562987e-1,6.187376022e0,-5.323958397e-1
train,819,CC1=CC=CC(O)CC1,4.987847328e0,-2.537724078e-1,1.583112627e-1,7.915562987e-1,4.734075069e0,-1.671038866e0
train,820,CC1OCC(=O)NC1[NH-],6.498078823e0,1.145047545e-1,1.583112627e-1,7.915562987e-1,6.612583637e0,-1.992510408e-1
train,821,OC1C2OCC3OC2C31,8.073617935e0,1.418936402e-1,1.583112627e-1,7.915562987e-1,8.215511322e0,1.056622624e0
train,822,ONC1COC2CC12O,6.269503117e0,-1.544432640e-1,1.583112627e-1,7.915562987e-1,6.115059853e0,-5.890546441e-1
train,823,C#CC(=O)C[NH+](C)CC,4.492599487e0,-1.081741825e-1,4.749337733e-1,2.374668837e0,4.384425163e0,-1.944985151e0
train,824,CC(C)C1OCC1(C)O,8.323963165e0,1.921895444e-1,1.583112627e-1,7.915562987e-1,8.516152382e0,1.292171121e0
train,825,CC1C2CC(C)(O)C12C,8.557980537e0,-9.556750208e-2,1.583112627e-1,7.915562987e-1,8.462412834e0,1.250066876e0
train,826,CCC1(CNC=O)CC1,7.632793427e0,1.374082118e-1,1.583112627e-1,7.915562987e-1,7.770201683e0,7.077281475e-1
train,827,CC12CC1C(=O)C21CO1,5.910312653e0,6.446191669e-1,4.749337733e-1,2.374668837e0,6.554931641e0,-2.444206476e-1
train,828,CNC(C#N)C1CC1O,6.990605354e0,5.869762227e-2,1.583112627e-1,7.915562987e-1,7.049303055e0,1.429131478e-1
train,829,O=C1NCC2(CN2)C1=O,4.522532463e0,-1.433115304e-1,1.583112627e-1,7.915562987e-1,4.379220963e0,-1.949062586e0
train,830,C#CCNC(C=O)C=O,5.170163155e0,-2.475379407e-1,1.583112627e-1,7.915562987e-1,4.922625065e0,-1.523312330e0
train,831,C#CCCC1OC1(C)C,8.563423157e0,-2.080729157e-1,1.583112627e-1,7.915562987e-1,8.355350494e0,1.166184902e0
train,832,C#CC12CCC1CC2C,7.703543663e0,1.012292206e-1,1.583112627e-1,7.915562987e-1,7.804772854e0,7.348142266e-1
train,833,OC12CC3CC4C3C1C42,8.277703285e0,-1.570662297e-2,1.583112627e-1,7.915562987e-1,8.261996269e0,1.093043089e0
train,834,O=C1CC2(CN2)C1CO,5.836842060e0,-1.921035796e-1,1.583112627e-1,7.915562987e-1,5.644738674e0,-9.575453997e-1
train,835,CC1(O)CC12OCC2O,7.836878777e0,-2.333666533e-1,1.583112627e-1,7.915562987e-1,7.603512287e0,5.771291256e-1
train,836,CC1=CC2OC2C1C#N,6.576991558e0,1.055137441e-1,1.583112627e-1,7.915562987e-1,6.682505131e0,-1.444684267e-1
train,837,C#CC(C=O)C(O)C#N,5.893986225e0,-8.876404725e-3,1.583112627e-1,7.915562987e-1,5.885109901e0,-7.692175508e-1
train,838,CC1=CCCCC12CN2,6.547059536e0,-4.365808964e-1,4.749337733e-1,2.374668837e0,6.110478401e0,-5.926441550e-1
train,839,[NH-][CH+]OC(=O)C(=O)CO,4.753829479e0,1.386196762e-1,1.583112627e-1,7.915562987e-1,4.892449379e0,-1.546954632e0
train,840,Nc1c[nH]c([N+](=O)[O-])c1,3.779661417e0,2.538540661e-1,1.583112627e-1,7.915562987e-1,4.033515453e0,-2.219918489e0
train,841,CCC(C=O)(C=O)NC,5.153836727e0,-5.182575900e-3,1.583112627e-1,7.915562987e-1,5.148653984e0,-1.346221566e0
train,842,CNC(=O)C(=O)C1CO1,4.615050793e0,4.165558144e-2,1.583112627e-1,7.915562987e-1,4.656706333e0,-1.731656313e0
train,843,Cc1ncoc1NC=O,5.736160278e0,6.160694361e-1,4.749337733e-1,2.374668837e0,6.352229595e0,-4.032351673e-1
train,844,Cc1ccc(NC=O)[nH]1,5.208259583e0,-1.175695360e-1,1.583112627e-1,7.915562987e-1,5.090690136e0,-1.391635418e0
train,845,O=C1OCC=C2CCN12,6.157936573e0,2.544349730e-1,1.583112627e-1,7.915562987e-1,6.412371635e0,-3.561146259e-1
train,846,CCOc1ncc[nH]1,6.857269287e0,-2.476162165e-1,4.749337733e-1,2.374668837e0,6.609652996e0,-2.015471607e-1
train,847,CC1OC(C)(C)C1CO,8.299472809e0,6.145610474e-3,1.583112627e-1,7.915562987e-1,8.305618286e0,1.127220392e0
train,848,CNc1cc(C)n(C)n1,5.915755272e0,-6.029679254e-2,1.583112627e-1,7.915562987e-1,5.855458260e0,-7.924492359e-1
train,849,CC1(C)CC2C=CC1C2,6.884480476e0,-1.885116249e-1,1.583112627e-1,7.915562987e-1,6.695968628e0,-1.339199394e-1
train,850,CCC1C=CC2CC2C1,6.816452026e0,-1.920351088e-1,4.749337733e-1,2.374668837e0,6.624416828e0,-1.899798810e-1
train,851,Cn1c(N)nnc1N,6.745702267e0,1.959859580e-1,1.583112627e-1,7.915562987e-1,6.941688061e0,5.859814584e-2
train,852,O=C1C2C(O)C3C2C13O,6.421886921e0,7.448248863e-1,4.749337733e-1,2.374668837e0,7.166711807e0,2.349014282e-1
train,853,CC1CC2CC(=O)C12,5.874938488e0,2.409890741e-1,1.583112627e-1,7.915562987e-1,6.115927696e0,-5.883747339e-1
train,854,CNC(C#N)C1OC1C,7.469525814e0,7.186319679e-2,1.583112627e-1,7.915562987e-1,7.541388988e0,5.284562707e-1
train,855,CC12CNC(C1)C([NH-])O2,7.031421661e0,7.265223265e-1,4.749337733e-1,2.374668837e0,7.757944107e0,6.981245279e-1
train,856,O=CC[NH+]1CC2CCC21,5.382411957e0,2.670013905e-1,1.583112627e-1,7.915562987e-1,5.649413109e0,-9.538830519e-1
train,857,CC1=C(CO)CNC1=O,6.062696934e0,-6.905771047e-2,1.583112627e-1,7.915562987e-1,5.993638992e0,-6.841863990e-1
train,858,CC(C)C(=O)NCC#N,7.355237484e0,-8.204132318e-2,1.583112627e-1,7.915562987e-1,7.273196220e0,3.183306158e-1
train,859,COCC1OCC1OC,8.530769348e0,5.811874196e-2,1.583112627e-1,7.915562987e-1,8.588888168e0,1.349158764e0
train,860,N#CC[NH+]1CC2CCC21,6.903528214e0,-6.896963716e-2,1.583112627e-1,7.915562987e-1,6.834558487e0,-2.533652820e-2
train,861,C#Cc1[nH]cc(N)c1N,5.170163155e0,-8.509077877e-2,1.583112627e-1,7.915562987e-1,5.085072517e0,-1.396036744e0
train,862,C1=CC2(CN2)C[NH+]2CC12,6.049090862e0,4.259141907e-2,1.583112627e-1,7.915562987e-1,6.091682434e0,-6.073705554e-1
train,863,CC(C)(O)C1NC1(C)C,8.446413994e0,9.127266705e-2,1.583112627e-1,7.915562987e-1,8.537686348e0,1.309042692e0
train,864,CC12C3C[NH+]1C2C3NO,6.579712868e0,6.158148050e-1,4.749337733e-1,2.374668837e0,7.195527554e0,2.574782073e-1
train,865,[NH-]C1OC23CNC2C1C3,7.015095711e0,8.712173253e-2,1.583112627e-1,7.915562987e-1,7.102217674e0,1.843710840e-1
train,866,CC1CC(C#N)C1(C)O,8.168857574e0,-1.253936142e-1,1.583112627e-1,7.915562987e-1,8.043463707e0,9.218255281e-1
train,867,C#CC12CC[NH+]1C2C=O,5.368806362e0,-2.257883847e-1,1.583112627e-1,7.915562987e-1,5.143017769e0,-1.350637436e0
train,868,CCn1cncnc1=O,5.477651596e0,-1.191985607e-1,1.583112627e-1,7.915562987e-1,5.358452797e0,-1.181846738e0
train,869,O=C1C2CC3(COC13)N2,5.360642910e0,3.910321370e-2,1.583112627e-1,7.915562987e-1,5.399745941e0,-1.149494171e0
train,870,CCC(C)C(C=O)C=O,5.303499222e0,-2.512352765e-1,1.583112627e-1,7.915562987e-1,5.052263737e0,-1.421742082e0
train,871,CCC1C[NH+]1CCO,8.585191727e0,-3.384475410e-1,1.583112627e-1,7.915562987e-1,8.246744156e0,1.081093192e0
train,872,CC1OC([NH-])CC12CC2,7.774292946e0,1.166282073e-1,1.583112627e-1,7.915562987e-1,7.890921116e0,8.023102880e-1
train,873,CC(=O)OC1C(C)C1O,6.938903332e0,1.720211804e-1,1.583112627e-1,7.915562987e-1,7.110924721e0,1.911929399e-1
train,874,CC(O)C(O)C1OC1C,8.568865776e0,9.077378362e-2,1.583112627e-1,7.915562987e-1,8.659639359e0,1.404591441e0
train,875,CCC1(C)CC1(O)CC,8.694037437e0,-2.087385952e-1,1.583112627e-1,7.915562987e-1,8.485299110e0,1.267997980e0
train,876,O=CN1C2C3C=CC2C31,5.880380630e0,1.214521825e-1,1.583112627e-1,7.915562987e-1,6.001832962e0,-6.777665019e-1
train,877,C#CC1C2CC3C2C13O,7.665446758e0,1.380839050e-1,1.583112627e-1,7.915562987e-1,7.803530693e0,7.338410020e-1
train,878,COC(=O)C1(C)OC1C,7.287209034e0,-3.807246685e-4,1.583112627e-1,7.915562987e-1,7.286828518e0,3.290113509e-1
train,879,Cn1cnc(C=O)c1O,5.398738861e0,-7.035312653e-1,4.749337733e-1,2.374668837e0,4.695207596e0,-1.701491117e0
train,880,C1OC2(CC2)C2CC1O2,8.699480057e0,3.565553203e-2,1.583112627e-1,7.915562987e-1,8.735136032e0,1.463742137e0
train,881,CC12C[NH+](CC1=O)C2,5.591939926e0,-2.486613765e-2,1.583112627e-1,7.915562987e-1,5.567073822e0,-1.018394828e0
train,882,COC1(C)C(C)C1O,8.021917343e0,3.176870942e-1,1.583112627e-1,7.915562987e-1,8.339604378e0,1.153848052e0
train,883,CCC1OC(C)(C)C1C,8.528048515e0,1.567887515e-1,1.583112627e-1,7.915562987e-1,8.684837341e0,1.424333692e0
train,884,CC1=C(N)C2CN2C1=O,5.327989578e0,-1.408888847e-1,1.583112627e-1,7.915562987e-1,5.187100887e0,-1.316098809e0
train,885,COC1COC1[NH-],7.360680103e0,-2.183379084e-1,1.583112627e-1,7.915562987e-1,7.142342091e0,2.158080637e-1
train,886,CC1NC1(C)C(O)C#N,6.971556664e0,3.071064129e-2,1.583112627e-1,7.915562987e-1,7.002267361e0,1.060612649e-1
train,887,[H]N=CNC(=O)OC(C)C,6.898086548e0,-2.091257721e-1,1.583112627e-1,7.915562987e-1,6.688960552e0,-1.394106746e-1
train,888,CC1(O)CC=CCCC1,6.840942383e0,-3.401747942e-1,4.749337733e-1,2.374668837e0,6.500767708e0,-2.868573964e-1
train,889,Cc1nccn1C(N)=O,5.763371468e0,6.840530038e-1,4.749337733e-1,2.374668837e0,6.447424412e0,-3.286512196e-1
train,890,Cc1c(O)cnnc1F,5.327989578e0,4.058156013e-1,1.583112627e-1,7.915562987e-1,5.733805180e0,-8.877629042e-1
train,891,C#CC(=O)N(C)C(C)C,5.956572056e0,-5.468841642e-2,1.583112627e-1,7.915562987e-1,5.901883602e0,-7.560755610e-1
train,892,C1=C(C2CC2)C2CC1C2,6.141610146e0,-4.468413293e-1,1.583112627e-1,7.915562987e-1,5.694768906e0,-9.183473587e-1
train,893,CC1(C2(C#N)CO2)CC1,7.943003654e0,8.773656189e-2,1.583112627e-1,7.915562987e-1,8.030739784e0,9.118564725e-1
train,894,[NH-][CH+]OCC1CC(=O)O1,7.249113560e0,-1.620422751e-1,1.583112627e-1,7.915562987e-1,7.087071419e0,1.725041866e-1
train,895,CN(C=O)CC1(O)CC1,7.251834393e0,2.562358044e-2,1.583112627e-1,7.915562987e-1,7.277458191e0,3.216698170e-1
train,896,C#CCC1C(O)C2NC12,8.234165192e0,1.269041300e-1,1.583112627e-1,7.915562987e-1,8.361069679e0,1.170665860e0
train,897,C1C2C3COC4C1C2C34,8.519885063e0,-1.398755759e-1,1.583112627e-1,7.915562987e-1,8.380009651e0,1.185505033e0
train,898,CC1(O)C2CC1C1NC12,8.329405785e0,1.242551804e-1,1.583112627e-1,7.915562987e-1,8.453660965e0,1.243209958e0
train,899,COC(CO)C(C)(C)C,8.522605896e0,-5.455333367e-2,1.583112627e-1,7.915562987e-1,8.468052864e0,1.254485846e0
train,900,O=C(CO)C1(O)CC1,6.315762520e0,9.219247103e-2,1.583112627e-1,7.915562987e-1,6.407955170e0,-3.595748544e-1
train,901,O=c1[nH]c2c(o1)CCC2,6.536174774e0,5.694985390e-1,4.749337733e-1,2.374668837e0,7.105673313e0,1.870785356e-1
train,902,C#Cc1onc(N)c1N,5.028664112e0,-1.478270590e-1,4.749337733e-1,2.374668837e0,4.880836964e0,-1.556052804e0
train,903,OCC1CC(NO)CO1,6.775634766e0,4.980937019e-2,1.583112627e-1,7.915562987e-1,6.825444221e0,-3.247744218e-2
train,904,CC12CC3CC1(O)C32,8.231444359e0,2.407744229e-1,1.583112627e-1,7.915562987e-1,8.472218513e0,1.257749557e0
train,905,C[NH2+]C1OCC1[NH+](C)C,6.718491554e0,-2.584375739e-1,1.583112627e-1,7.915562987e-1,6.460053921e0,-3.187561631e-1
train,906,N#CCC(C#N)CN,7.513063908e0,-6.402857304e-1,4.749337733e-1,2.374668837e0,6.872777939e0,4.607932176e-3
train,907,N#CC1CC2CNC2[NH2+]1,6.753865719e0,7.302370667e-2,4.749337733e-1,2.374668837e0,6.826889515e0,-3.134507313e-2
train,908,CCc1noc(CN)n1,6.359301090e0,-8.696272969e-3,1.583112627e-1,7.915562987e-1,6.350605011e0,-4.045079947e-1
train,909,N#CC(O)CC#CCO,7.213738441e0,9.823526144e-1,4.749337733e-1,2.374668837e0,8.196090698e0,1.041406870e0
train,910,C1=CCOCCOC1,6.274945736e0,-1.911948025e-1,1.583112627e-1,7.915562987e-1,6.083750725e0,-6.135849953e-1
train,911,CC(C)(O)CNCC#N,7.336189747e0,1.345477849e-1,1.583112627e-1,7.915562987e-1,7.470737457e0,4.731017053e-1
train,912,C#CC(O)C1CC(C)C1,8.040965080e0,3.235363364e-1,1.583112627e-1,7.915562987e-1,8.364500999e0,1.173354149e0
train,913,OC1C2C3CC1(O)C2O3,8.049127579e0,-1.703004092e-1,1.583112627e-1,7.915562987e-1,7.878827095e0,7.928348184e-1
train,914,C1=CC23CC2CC(C1)O3,6.362021923e0,3.540133312e-2,1.583112627e-1,7.915562987e-1,6.397423267e0,-3.678264916e-1
train,915,CCC1CC1(C)CC#N,8.560701370e0,-6.555885822e-2,1.583112627e-1,7.915562987e-1,8.495142937e0,1.275710464e0
train,916,C1=CC23CC2OCC1O3,5.839563370e0,-1.745502949e-1,1.583112627e-1,7.915562987e-1,5.665013313e0,-9.416604638e-1
train,917,O=Cc1cn(C=O)cn1,4.892607212e0,1.540139169e-1,4.749337733e-1,2.374668837e0,5.046621323e0,-1.426162839e0
train,918,OCC1CC12C[NH+]1CC12,7.885859489e0,2.952427603e-2,1.583112627e-1,7.915562987e-1,7.915383816e0,8.214765191e-1
train,919,OC1CC2CC12[NH+]1CC1,7.910349369e0,-6.122994050e-2,1.583112627e-1,7.915562987e-1,7.849119663e0,7.695593834e-1
train,920,Nc1cc(O)[nH]c1O,6.008274078e0,-3.687420189e-1,1.583112627e-1,7.915562987e-1,5.639532089e0,-9.616246819e-1
train,921,N#Cc1cc[nH]n1,6.598761082e0,1.677890718e-1,1.583112627e-1,7.915562987e-1,6.766550064e0,-7.862026989e-2
train,922,OCCC1(O)C2COC21,7.975656986e0,4.712892696e-2,4.749337733e-1,2.374668837e0,8.022786140e0,9.056249261e-1
train,923,OC1C[NH+]2CC3CCC132,7.325304985e0,-3.283432126e-2,1.583112627e-1,7.915562987e-1,7.292470455e0,3.334317505e-1
train,924,N#CC1NCC1[NH+]1CC1,7.006931782e0,2.255938500e-1,1.583112627e-1,7.915562987e-1,7.232525826e0,2.864658833e-1
train,925,CC12C3CC4[CH-]C3C1C42,3.227270365e0,-1.308587044e-1,1.583112627e-1,7.915562987e-1,3.096411705e0,-2.954127550e0
train,926,[NH-][CH+]OC12CC[NH+](C1)C2,6.865432262e0,5.278142542e-2,1.583112627e-1,7.915562987e-1,6.918213844e0,4.020639136e-2
train,927,CCC1([NH+]2CC2)CC1O,8.255934715e0,-3.024339490e-2,1.583112627e-1,7.915562987e-1,8.225691795e0,1.064598918e0
train,928,ONC1CC2CC1(O)C2,6.922576904e0,-3.749682382e-2,1.583112627e-1,7.915562987e-1,6.885079861e0,1.424633339e-2
train,929,CC(=O)C1CCCC1O,6.198753357e0,-4.652588367e-1,4.749337733e-1,2.374668837e0,5.733494759e0,-8.880061507e-1
train,930,Cc1cc(C#N)c(N)[nH]1,5.662689686e0,1.820450574e-1,1.583112627e-1,7.915562987e-1,5.844734669e0,-8.008510470e-1
train,931,CC1(C(=O)NC=O)CO1,5.842284679e0,-2.224730551e-1,1.583112627e-1,7.915562987e-1,5.619811535e0,-9.770755172e-1
train,932,CCC1OCCC(=O)O1,7.401497364e0,-1.213444024e-1,1.583112627e-1,7.915562987e-1,7.280152798e0,3.237810135e-1
train,933,CC1(O)COC1CCO,8.438250542e0,2.547911704e-1,1.583112627e-1,7.915562987e-1,8.693041801e0,1.430761814e0
train,934,CC(=O)CC12CC[NH+]1C2,5.967456818e0,5.761126522e-3,1.583112627e-1,7.915562987e-1,5.973217964e0,-7.001860142e-1
train,935,CC1([NH+]2CC2)C2CCC21,8.427366257e0,-7.082560658e-1,4.749337733e-1,2.374668837e0,7.719110012e0,6.676985025e-1
train,936,C#CC12OC3C(C1=O)C32,5.880380630e0,2.609525621e-1,1.583112627e-1,7.915562987e-1,6.141333103e0,-5.684698820e-1
train,937,CCC12CC1CCC2C,9.064112663e0,1.735841930e-1,1.583112627e-1,7.915562987e-1,9.237696648e0,1.857491970e0
train,938,COCc1noc(C)n1,6.598761082e0,-7.560334355e-2,1.583112627e-1,7.915562987e-1,6.523157597e0,-2.693152130e-1
train,939,CCC1(C)CC1C=O,6.157936573e0,2.054521590e-1,1.583112627e-1,7.915562987e-1,6.363388538e0,-3.944922686e-1
train,940,CC1C(O)C2(O)C(C)C12,8.511721611e0,-1.556037664e-1,1.583112627e-1,7.915562987e-1,8.356118202e0,1.166786432e0
train,941,O=CC(O)C1=NCCO1,5.991947174e0,-3.621610999e-2,1.583112627e-1,7.915562987e-1,5.955730915e0,-7.138869166e-1
train,942,N#CC(O)CC1CO1,7.834157944e0,-8.979297429e-2,1.583112627e-1,7.915562987e-1,7.744364738e0,6.874852180e-1
train,943,C#CCC(OC)C1CC1,7.991984367e0,-1.834497973e-2,1.583112627e-1,7.915562987e-1,7.973639488e0,8.671191335e-1
train,944,OCC1C2OCC12O,7.825994968e0,4.824070334e-1,4.749337733e-1,2.374668837e0,8.308402061e0,1.129401445e0
train,945,COCC1(C)CN1,8.598798752e0,-1.315212399e-1,1.583112627e-1,7.915562987e-1,8.467277527e0,1.253878355e0
train,946,OCC1CC12C=CCO2,6.138888836e0,1.834602840e-2,4.749337733e-1,2.374668837e0,6.157234669e0,-5.560112000e-1
train,947,CCC1OC1C(C)(C)C,9.050506592e0,1.156916618e-1,1.583112627e-1,7.915562987e-1,9.166198730e0,1.801474333e0
train,948,CC1=CN(C=O)CC1C,5.605545521e0,-1.220061556e-1,1.583112627e-1,7.915562987e-1,5.483539581e0,-1.083842874e0
train,949,COCCc1ncc[nH]1,6.859990120e0,5.398740619e-2,4.749337733e-1,2.374668837e0,6.913977623e0,3.688736632e-2
train,950,CC#CC(C)(C#N)CO,7.616467476e0,4.208606854e-2,1.583112627e-1,7.915562987e-1,7.658553600e0,6.202532649e-1
train,951,CC12C([NH-])OC1C1NC12,7.360680103e0,7.006694376e-2,1.583112627e-1,7.915562987e-1,7.430747032e0,4.417697191e-1
train,952,O=CC12C3C4C[NH+]1C2C43,5.548401356e0,-3.273545299e-3,1.583112627e-1,7.915562987e-1,5.545127869e0,-1.035589218e0
train,953,C#CC1C2CC([NH-])OC12,7.170200348e0,-6.806079298e-2,1.583112627e-1,7.915562987e-1,7.102139473e0,1.843098104e-1
train,954,CNC(=O)OCC(N)=O,7.123940468e0,2.123038918e-1,1.583112627e-1,7.915562987e-1,7.336244583e0,3.677282333e-1
train,955,CC1(O)CC2C3CC1C32,8.827373505e0,1.253054738e-1,4.749337733e-1,2.374668837e0,8.952678680e0,1.634184003e0
train,956,[H]N=CN(C=NC)CC#C,5.967456818e0,-2.732703686e-1,4.749337733e-1,2.374668837e0,5.694186211e0,-9.188038707e-1
train,957,COCCCC(C)CO,8.909008026e0,-6.883818191e-3,4.749337733e-1,2.374668837e0,8.902124405e0,1.594575405e0
train,958,CC1C2C(O)C2C12CN2,8.500837326e0,1.886744797e-2,1.583112627e-1,7.915562987e-1,8.519704819e0,1.294954419e0
train,959,CCC1NC1(C)C#N,7.749802589e0,7.030926645e-2,1.583112627e-1,7.915562987e-1,7.820111752e0,7.468320727e-1
train,960,C#CC(O)C1NC1C,7.553880215e0,3.267312190e-3,1.583112627e-1,7.915562987e-1,7.557147503e0,5.408028960e-1
train,961,CC1C(O)C2CC12C,8.536211014e0,-8.865567297e-2,1.583112627e-1,7.915562987e-1,8.447555542e0,1.238426447e0
train,962,C#CC1CCC1[NH+]1CC1,7.635515213e0,1.341501474e-1,1.583112627e-1,7.915562987e-1,7.769665241e0,7.073078752e-1
train,963,C1C2C1C1CC2C2CC21,9.428745270e0,-9.144797921e-2,1.583112627e-1,7.915562987e-1,9.337297440e0,1.935528040e0
train,964,C#CC(=O)C(C)C(C)C,5.518469334e0,2.718414553e-2,1.583112627e-1,7.915562987e-1,5.545653343e0,-1.035177469e0
train,965,CCC1(CC)CC(O)C1,8.846421242e0,-9.188817441e-2,1.583112627e-1,7.915562987e-1,8.754532814e0,1.478939176e0
train,966,CC1(C)C2CC3C2[NH+]31,8.813768387e0,3.023808589e-3,4.749337733e-1,2.374668837e0,8.816792488e0,1.527718902e0
train,967,CC1=CC2NC3C1C23O,6.171542168e0,1.000865325e-1,1.583112627e-1,7.915562987e-1,6.271628857e0,-4.663848281e-1
train,968,C1CC2(O1)C1COC2C1,8.274982452e0,-4.365862161e-2,1.583112627e-1,7.915562987e-1,8.231324196e0,1.069011807e0
train,969,O=C1CC2OC(=O)C1O2,5.453161716e0,1.699800976e-2,1.583112627e-1,7.915562987e-1,5.470159531e0,-1.094326019e0
train,970,CC12CCCC1[NH+]1CC12,8.266819000e0,-1.716213673e-1,1.583112627e-1,7.915562987e-1,8.095197678e0,9.623584151e-1
train,971,OCC[NH+]1C2CCCC21,8.323963165e0,-1.578104049e-1,1.583112627e-1,7.915562987e-1,8.166152954e0,1.017951012e0
train,972,O=CC1(O)C2NC(=O)C21,5.279008865e0,2.525928058e-2,1.583112627e-1,7.915562987e-1,5.304268360e0,-1.224299669e0
train,973,CC1[NH+]2CC(O)C12C#N,6.876317024e0,-1.805374920e-1,1.583112627e-1,7.915562987e-1,6.695779324e0,-1.340682656e-1
train,974,COC1C=CC(O)CC1,6.966114998e0,-1.848604996e-3,1.583112627e-1,7.915562987e-1,6.964266300e0,7.628791034e-2
train,975,CC1(C)CCC2CC1C2,9.507658958e0,3.481542468e-1,1.583112627e-1,7.915562987e-1,9.855813026e0,2.341778517e0
train,976,CC(C)CC(C)C(C)O,8.884517670e0,-2.042129450e-2,1.583112627e-1,7.915562987e-1,8.864096642e0,1.564781070e0
train,977,CC1=CC2CC1C(=O)N2,5.948409081e0,6.839895248e-1,4.749337733e-1,2.374668837e0,6.632398605e0,-1.837262511e-1
train,978,CC1(C)C2COC=NC21,6.884480476e0,1.580579877e-1,4.749337733e-1,2.374668837e0,7.042538643e0,1.376133114e-1
train,979,C#CC1NCC(O)C1=O,5.417787075e0,-1.950855255e-1,4.749337733e-1,2.374668837e0,5.222701550e0,-1.288206220e0
train,980,CCNC(=O)C1CO1,7.208295822e0,1.318352818e-1,1.583112627e-1,7.915562987e-1,7.340131283e0,3.707734048e-1
train,981,CC1NC1C=O,6.040927887e0,1.603765339e-1,1.583112627e-1,7.915562987e-1,6.201304436e0,-5.214831233e-1
train,982,Cc1coc(=O)c(N)n1,4.446340084e0,6.048525125e-2,1.583112627e-1,7.915562987e-1,4.506825447e0,-1.849086165e0
train,983,CC(O)CCCCCO,9.088603020e0,2.159034014e-1,1.583112627e-1,7.915562987e-1,9.304506302e0,1.909836531e0
train,984,CC1CC1(C)C1CCO1,8.862749100e0,1.612373590e-1,1.583112627e-1,7.915562987e-1,9.023986816e0,1.690053105e0
train,985,CCCC(C)(C=O)OC,5.790582657e0,-1.443064660e-1,1.583112627e-1,7.915562987e-1,5.646275997e0,-9.563409090e-1
train,986,COCC#CCC(C)O,7.608303070e0,-5.451308563e-2,1.583112627e-1,7.915562987e-1,7.553790092e0,5.381724238e-1
train,987,CC(O)CC(C)(O)CO,8.013752937e0,-2.619957626e-1,1.583112627e-1,7.915562987e-1,7.751757145e0,6.932771206e-1
train,988,NC(=O)C1CC(O)C1=O,5.404181004e0,1.298041642e-1,1.583112627e-1,7.915562987e-1,5.533985138e0,-1.044319391e0
train,989,CC1(O)CC1(O)C1CO1,8.509000778e0,5.574918911e-2,1.583112627e-1,7.915562987e-1,8.564749718e0,1.330246568e0
train,990,CCCC1CC(O)C1O,8.261377335e0,1.598265395e-2,1.583112627e-1,7.915562987e-1,8.277359962e0,1.105080247e0
train,991,CCn1cnc(=O)cn1,4.955193520e0,-4.927200451e-2,1.583112627e-1,7.915562987e-1,4.905921459e0,-1.536399364e0
train,992,CC12C=CC(C1)C2=O,6.702164173e0,2.084426023e-2,1.583112627e-1,7.915562987e-1,6.723008633e0,-1.127344370e-1
train,993,N#Cc1ncco1,5.659968376e0,2.308917344e-1,4.749337733e-1,2.374668837e0,5.890860081e0,-7.647123933e-1
train,994,Cc1c(N)nn[nH+]c1[NH-],4.155179024e0,3.665766418e-1,1.583112627e-1,7.915562987e-1,4.521755695e0,-1.837388396e0
train,995,CN1N=COC([NH-])=C1[NH-],4.903491497e0,-1.675918698e-1,1.583112627e-1,7.915562987e-1,4.735899448e0,-1.669609547e0
train,996,CCC(O)CC(=O)CO,6.473588943e0,-1.123198792e-1,1.583112627e-1,7.915562987e-1,6.361268997e0,-3.961528838e-1
train,997,C#CC(=O)C[NH+]1CC1C,4.908934116e0,2.735233605e-1,1.583112627e-1,7.915562987e-1,5.182457447e0,-1.319736958e0
train,998,CC(N)C(N)(C#N)CO,7.447756290e0,4.948202968e-1,4.749337733e-1,2.374668837e0,7.942576408e0,8.427816033e-1
train,999,CC1CC2CC1CC2=O,6.070860386e0,-5.468206480e-2,1.583112627e-1,7.915562987e-1,6.016178131e0,-6.665272713e-1
train,1000,CC1OCC1NCC#N,7.240949631e0,3.319201469e-1,1.583112627e-1,7.915562987e-1,7.572869778e0,5.531210899e-1
train,1001,CC1CC(C2CN2)O1,8.560701370e0,-2.063296968e-3,1.583112627e-1,7.915562987e-1,8.558637619e0,1.325457811e0
train,1002,CN1C=CC(C)(O)C1=O,5.404181004e0,-2.627488673e-1,4.749337733e-1,2.374668837e0,5.141432285e0,-1.351879597e0
train,1003,CC1CC2(CN2)C1NO,6.283109188e0,-7.591842860e-2,1.583112627e-1,7.915562987e-1,6.207190990e0,-5.168710947e-1
train,1004,CC(=O)CCCC1CC1,6.372906685e0,-1.376366913e-1,1.583112627e-1,7.915562987e-1,6.235270023e0,-4.948714972e-1
train,1005,N#CC#CC1(O)COC1,5.812351704e0,3.987805545e-2,1.583112627e-1,7.915562987e-1,5.852229595e0,-7.949788570e-1
train,1006,CCC1COCC1=O,5.850448132e0,1.508632451e-1,4.749337733e-1,2.374668837e0,6.001311302e0,-6.781752110e-1
train,1007,CC1(C)NC1C(O)C#N,7.396054745e0,-1.872983277e-1,1.583112627e-1,7.915562987e-1,7.208756447e0,2.678428590e-1
train,1008,O=C1C2CCC1O2,6.405560493e0,1.533848494e-1,1.583112627e-1,7.915562987e-1,6.558945179e0,-2.412760854e-1
train,1009,CC12CC(C(N)=O)C1C2,7.439593315e0,2.044110000e-1,1.583112627e-1,7.915562987e-1,7.644004345e0,6.088541150e-1
train,1010,OC1CC2CC1O2,8.892680168e0,1.323383600e-1,1.583112627e-1,7.915562987e-1,9.025018692e0,1.690861464e0
train,1011,CC(C)C12C3C4C(C31)[NH+]42,7.657283783e0,-9.186490625e-2,1.583112627e-1,7.915562987e-1,7.565418720e0,5.472832918e-1
train,1012,CCC12CCC1C2(C)O,8.383827209e0,2.493379414e-1,1.583112627e-1,7.915562987e-1,8.633165359e0,1.383849382e0
train,1013,CC1C(O)C2(O)COC12,8.021917343e0,1.834984422e-1,1.583112627e-1,7.915562987e-1,8.205415726e0,1.048712850e0
train,1014,CC(C#N)C(O)C#N,8.386548996e0,7.352695614e-2,1.583112627e-1,7.915562987e-1,8.460076332e0,1.248236299e0
train,1015,N#CCC12CC1OCO2,7.526669502e0,-1.205233783e-1,1.583112627e-1,7.915562987e-1,7.406146049e0,4.224951565e-1
train,1016,CC12C3CC=CC1C2O3,6.459982872e0,-1.624519825e-1,1.583112627e-1,7.915562987e-1,6.297531128e0,-4.460907280e-1
train,1017,OC1CCC12CCCC2,8.566143990e0,-2.462643757e-2,1.583112627e-1,7.915562987e-1,8.541517258e0,1.312044263e0
train,1018,CC12C3CC1C3C1C[NH+]12,8.802883148e0,-5.082913637e-1,4.749337733e-1,2.374668837e0,8.294591904e0,1.118581295e0
train,1019,COC(C#N)CCCO,7.896743774e0,2.977415621e-1,1.583112627e-1,7.915562987e-1,8.194485664e0,1.040149331e0
train,1020,CNc1ccccc1O,5.450440407e0,4.814530537e-2,1.583112627e-1,7.915562987e-1,5.498585701e0,-1.072054386e0
train,1021,O=C1OCC2CC(O)C12,7.066796780e0,1.819227040e-1,1.583112627e-1,7.915562987e-1,7.248719692e0,2.991535664e-1
train,1022,C1CC2C3CCC1C23,9.194727898e0,-7.533146441e-2,1.583112627e-1,7.915562987e-1,9.119396210e0,1.764805079e0
train,1023,OC1CC2(O)C=CC1C2,6.900807381e0,3.358545154e-2,1.583112627e-1,7.915562987e-1,6.934392929e0,5.288250372e-2
train,1024,C#CC[NH+]1CC1C(N)=O,6.489915371e0,-1.208627969e-1,1.583112627e-1,7.915562987e-1,6.369052410e0,-3.900547028e-1
train,1025,N#CC1C2CC1C1CC21,8.318520546e0,-2.363176048e-1,4.749337733e-1,2.374668837e0,8.082202911e0,9.521772265e-1
train,1026,N#CC12CC[NH+]3CC1C32,7.287209034e0,1.863963604e-1,1.583112627e-1,7.915562987e-1,7.473605156e0,4.753485024e-1
train,1027,Cc1c(CO)nnn1C,6.617809296e0,-2.525721118e-2,1.583112627e-1,7.915562987e-1,6.592552185e0,-2.149454206e-1
train,1028,O=Cn1ccc(O)c1O,4.560628414e0,6.352850795e-2,1.583112627e-1,7.915562987e-1,4.624156952e0,-1.757158399e0
train,1029,CC1C(N)C2(C#N)C[NH+]12,6.748423576e0,2.186514735e-1,1.583112627e-1,7.915562987e-1,6.967074871e0,7.848839462e-2
train,1030,OCC12COCCC1N2,8.808325768e0,8.452302963e-2,1.583112627e-1,7.915562987e-1,8.892848969e0,1.587308168e0
train,1031,CC(CC1CCC1)=NO,6.903528214e0,8.403109759e-2,1.583112627e-1,7.915562987e-1,6.987559319e0,9.453769773e-2
train,1032,CC1OC(=O)C1(O)C=O,5.744323254e0,-3.507477790e-2,1.583112627e-1,7.915562987e-1,5.709248543e0,-9.070027471e-1
train,1033,CCCCC1(C)CC1O,9.061391830e0,9.314452857e-2,1.583112627e-1,7.915562987e-1,9.154536247e0,1.792336941e0
train,1034,CC1(C=O)CCCC1=O,5.466767311e0,-1.372680962e-1,1.583112627e-1,7.915562987e-1,5.329499245e0,-1.204531550e0
train,1035,CC#Cc1[nH]cnc1N,5.066760063e0,-5.064264536e-1,4.749337733e-1,2.374668837e0,4.560333729e0,-1.807163000e0
train,1036,CC1=CC(O)C(=O)C1=O,3.836805344e0,-6.270124763e-2,1.583112627e-1,7.915562987e-1,3.774104118e0,-2.423164129e0
train,1037,CC1C2CC3C1C23C#N,7.542996407e0,8.172494173e-2,1.583112627e-1,7.915562987e-1,7.624721527e0,5.937463045e-1
train,1038,CC(C=O)OCC#N,6.166100025e0,1.740877032e-1,1.583112627e-1,7.915562987e-1,6.340187550e0,-4.126699567e-1
train,1039,COC(=O)C1CO[CH+][NH2+]1,6.772913933e0,7.343123853e-2,1.583112627e-1,7.915562987e-1,6.846344948e0,-1.610198431e-2
train,1040,CC1CCC(C)C1C=O,6.038206577e0,3.915215135e-1,4.749337733e-1,2.374668837e0,6.429728031e0,-3.425160944e-1
train,1041,COC1C(O)C1[NH+]1CC1,8.051848412e0,9.546654671e-2,1.583112627e-1,7.915562987e-1,8.147315025e0,1.003191710e0
train,1042,CCC1COCC1CO,8.582470894e0,7.878475636e-2,1.583112627e-1,7.915562987e-1,8.661255836e0,1.405857921e0
train,1043,OC1[CH-]C2CC[NH+]3C1C23,5.665410519e0,1.006941944e-1,1.583112627e-1,7.915562987e-1,5.766104698e0,-8.624566197e-1
train,1044,C#CCC(O)C(N)=O,7.542996407e0,-1.242306605e-1,1.583112627e-1,7.915562987e-1,7.418765545e0,4.323823750e-1
train,1045,CC1CC(CO)OC=N1,7.357958317e0,-8.244529366e-3,1.583112627e-1,7.915562987e-1,7.349713802e0,3.782811761e-1
train,1046,CNC12COC1CC2=O,5.074923515e0,7.776700705e-2,1.583112627e-1,7.915562987e-1,5.152690411e0,-1.343059063e0
train,1047,CC1C(O)C2COC12,8.294030190e0,-6.747055054e-2,1.583112627e-1,7.915562987e-1,8.226559639e0,1.065278888e0
train,1048,C#CC(=NO)C(C)CC,5.681737423e0,1.233870745e0,4.749337733e-1,2.374668837e0,6.915608406e0,3.816506639e-2
train,1049,Cn1nc2c(n1)OCC2,5.828679085e0,-7.277616858e-2,1.583112627e-1,7.915562987e-1,5.755902767e0,-8.704497218e-1
train,1050,Cn1nccc1CC=O,5.477651596e0,8.615939319e-2,1.583112627e-1,7.915562987e-1,5.563810825e0,-1.020951390e0
train,1051,N#CC(N)C#CC1CN1,6.723933220e0,-2.757827640e-1,1.583112627e-1,7.915562987e-1,6.448150635e0,-3.280822337e-1
train,1052,OC12CC1C=CC21CC1,6.362021923e0,-1.119505167e-1,1.583112627e-1,7.915562987e-1,6.250071526e0,-4.832747281e-1
train,1053,CC(=O)C1NC1(C)C,6.005552769e0,-2.729806118e-2,1.583112627e-1,7.915562987e-1,5.978254795e0,-6.962397099e-1
train,1054,C#CC1(C)OC1CC,7.787898064e0,-1.063256860e-1,1.583112627e-1,7.915562987e-1,7.681572437e0,6.382882595e-1
train,1055,CC(=O)C(O)CCCO,6.481751919e0,1.255843639e-1,1.583112627e-1,7.915562987e-1,6.607336044e0,-2.033624500e-1
train,1056,CC1C2CCCC1C2O,8.884517670e0,-2.090450376e-1,1.583112627e-1,7.915562987e-1,8.675472260e0,1.416996241e0
train,1057,c1cc2cconc-2c1,3.567412615e0,6.724952906e-2,1.583112627e-1,7.915562987e-1,3.634662151e0,-2.532415152e0
train,1058,COCC1CC1(C)CO,8.756624222e0,2.589757321e-3,1.583112627e-1,7.915562987e-1,8.759214401e0,1.482607245e0
train,1059,C#CC1(C(N)=O)CC1O,6.721211910e0,2.165743560e-1,1.583112627e-1,7.915562987e-1,6.937786102e0,5.554101244e-2
train,1060,C#CCC1CC(=O)O1,7.619187832e0,1.426456571e-1,1.583112627e-1,7.915562987e-1,7.761833668e0,7.011719346e-1
train,1061,OC1C2C3C=CC(C3)C12,6.851827145e0,7.104981691e-3,1.583112627e-1,7.915562987e-1,6.858932018e0,-6.240172777e-3
train,1062,CC12CCC1C1CCC12,8.759345055e0,1.369713098e-1,1.583112627e-1,7.915562987e-1,8.896316528e0,1.590024948e0
train,1063,CCC(C)CC(O)C#N,8.498115540e0,-6.557556987e-2,1.583112627e-1,7.915562987e-1,8.432539940e0,1.226661801e0
train,1064,CC(=O)NC=O,6.021879673e0,-4.916267097e-2,1.583112627e-1,7.915562987e-1,5.972716808e0,-7.005786300e-1
train,1065,C1=CC2NC2C2CCC12,6.560665131e0,-8.928392082e-2,1.583112627e-1,7.915562987e-1,6.471381187e0,-3.098813891e-1
train,1066,CC12OC3[NH2+]CC1(O)C32,4.519811153e0,1.057684496e-1,1.583112627e-1,7.915562987e-1,4.625579834e0,-1.756043553e0
train,1067,CC12C(C=O)C3CC1C32,5.823236465e0,-1.016274840e-1,1.583112627e-1,7.915562987e-1,5.721609116e0,-8.973183632e-1
train,1068,Cc1cc(C2CO2)on1,6.378348827e0,-7.573136687e-1,4.749337733e-1,2.374668837e0,5.621035099e0,-9.761168361e-1
train,1069,CCOC12C3C4C1[NH+]4C32,7.537554264e0,2.392769456e-1,1.583112627e-1,7.915562987e-1,7.776831150e0,7.129222751e-1
train,1070,CC1OC2C(C)C(C)C12,8.291309357e0,-1.335922442e-2,1.583112627e-1,7.915562987e-1,8.277950287e0,1.105542779e0
train,1071,O=c1occ2n1CCC2,6.293993473e0,1.496320665e-1,1.583112627e-1,7.915562987e-1,6.443625450e0,-3.316276371e-1
train,1072,CC(C)C1CC=CCC1,7.298093796e0,-1.343562603e-1,1.583112627e-1,7.915562987e-1,7.163737297e0,2.325709313e-1
train,1073,O=C1OCC2(O)CC12O,6.933460712e0,2.409562171e-1,1.583112627e-1,7.915562987e-1,7.174417019e0,2.409383655e-1
train,1074,CC1CNC(=O)NC=N1,6.530732632e0,-7.718174905e-2,1.583112627e-1,7.915562987e-1,6.453550816e0,-3.238512576e-1
train,1075,O=Cn1cnc(O)n1,5.474930763e0,-1.872172654e-1,4.749337733e-1,2.374668837e0,5.287713528e0,-1.237270117e0
train,1076,CC1=CC2(C)CC1(C)O2,6.359301090e0,-5.165806785e-2,1.583112627e-1,7.915562987e-1,6.307642937e0,-4.381682277e-1
train,1077,CC(=O)CC(C)NC=O,5.771534920e0,-1.102968529e-1,1.583112627e-1,7.915562987e-1,5.661238194e0,-9.446182251e-1
train,1078,CC1C(O)C2C(=O)NC12,7.360680103e0,5.797113776e-1,4.749337733e-1,2.374668837e0,7.940391541e0,8.410697579e-1
train,1079,CC12NC1C(C=O)C2O,5.474930763e0,-2.349658757e-1,1.583112627e-1,7.915562987e-1,5.239964962e0,-1.274680495e0
train,1080,C1=Cc2n[nH]cc2CC1,5.518469334e0,1.922128350e-1,1.583112627e-1,7.915562987e-1,5.710682392e0,-9.058793187e-1
train,1081,N#CCOC(=O)N1CC1,7.583813190e0,-2.315197140e-1,1.583112627e-1,7.915562987e-1,7.352293491e0,3.803023398e-1
train,1082,OC1CC=C2CC(O)C21,6.770192623e0,-5.233670473e-1,4.749337733e-1,2.374668837e0,6.246825695e0,-4.858177900e-1
train,1083,CC1C2CC3(C)OC2C13,8.715806961e0,3.212310374e-2,1.583112627e-1,7.915562987e-1,8.747930527e0,1.473766446e0
train,1084,CC1C2C3C(C[NH+]23)[NH+]1C,7.711706638e0,9.076710045e-2,1.583112627e-1,7.915562987e-1,7.802473545e0,7.330127358e-1
train,1085,CCC(C)(C)C1CO1,9.219218254e0,1.673149019e-1,1.583112627e-1,7.915562987e-1,9.386532784e0,1.974103212e0
train,1086,CCC1(CC2CO2)CC1,9.189285278e0,-1.113630980e-1,1.583112627e-1,7.915562987e-1,9.077921867e0,1.732310534e0
train,1087,CC1(C)CC1NC=O,7.363400936e0,1.995069906e-2,1.583112627e-1,7.915562987e-1,7.383351803e0,4.046361446e-1
train,1088,CC1C2CC3CC3C12O,8.487231255e0,3.805005457e-3,1.583112627e-1,7.915562987e-1,8.491036415e0,1.272493124e0
train,1089,Nc1cc(=O)[nH]nc1O,4.805530548e0,-8.428449929e-2,1.583112627e-1,7.915562987e-1,4.721246243e0,-1.681090117e0
train,1090,CC1CCC2(C1)OC2C,9.064112663e0,-1.078358367e-1,1.583112627e-1,7.915562987e-1,8.956276894e0,1.637003183e0
train,1091,C#CCNc1c[nH]nn1,5.815073013e0,6.260144711e-2,1.583112627e-1,7.915562987e-1,5.877674580e0,-7.750430703e-1
train,1092,N#CC(O)CCC1CO1,7.812388420e0,-5.274291709e-2,1.583112627e-1,7.915562987e-1,7.759645462e0,6.994574666e-1
train,1093,N#Cc1[nH]nnc1N,5.096692562e0,6.794314831e-2,1.583112627e-1,7.915562987e-1,5.164635658e0,-1.333700061e0
train,1094,CC(C)C12OC3C1OC32,7.972936153e0,-1.052059755e-1,1.583112627e-1,7.915562987e-1,7.867730141e0,7.841404676e-1
train,1095,N#CCC1(N)C[NH+]2CC21,7.115777493e0,2.212259322e-1,1.583112627e-1,7.915562987e-1,7.337003231e0,3.683226109e-1
train,1096,CC(C#N)C(C)C(N)=O,7.257276535e0,-1.398879290e-2,1.583112627e-1,7.915562987e-1,7.243287563e0,2.948975563e-1
train,1097,CCC#CC1CC(C)C1,7.953887463e0,1.370751411e-1,1.583112627e-1,7.915562987e-1,8.090962410e0,9.590401649e-1
train,1098,Cc1cc[nH]c1CO,6.367464066e0,-2.910578251e-1,1.583112627e-1,7.915562987e-1,6.076406479e0,-6.193391085e-1
train,1099,CN=C(C=O)N1CCC1,4.215043545e0,-4.304331169e-2,1.583112627e-1,7.915562987e-1,4.172000408e0,-2.111417294e0
train,1100,[NH-]C1NC(C=O)C1O,5.809630871e0,-1.556594521e-1,1.583112627e-1,7.915562987e-1,5.653971195e0,-9.503118396e-1
train,1101,CNc1ncoc(=O)n1,5.760650635e0,1.075165644e-1,1.583112627e-1,7.915562987e-1,5.868167400e0,-7.824918032e-1
train,1102,C#Cc1coc(C#C)n1,5.167441845e0,3.752185404e-2,4.749337733e-1,2.374668837e0,5.204963684e0,-1.302103519e0
train,1103,OC1C=CCC2CC1O2,7.091287136e0,-8.217646927e-2,1.583112627e-1,7.915562987e-1,7.009110451e0,1.114227399e-1
train,1104,N#CC1C(O)C1CO,7.850484848e0,-2.040462792e-1,1.583112627e-1,7.915562987e-1,7.646438599e0,6.107613444e-1
train,1105,C1CC2(C1)CCC1CC12,9.338947296e0,3.310409933e-2,4.749337733e-1,2.374668837e0,9.372051239e0,1.962757111e0
train,1106,C#CC#CC(C#C)CC,6.223243713e0,-4.062345996e-2,1.583112627e-1,7.915562987e-1,6.182620049e0,-5.361220837e-1
train,1107,CC1C2CCCC1C2C,9.387928009e0,-1.647996753e-1,1.583112627e-1,7.915562987e-1,9.223128319e0,1.846077919e0
train,1108,C[NH2+][CH+]OCC#CC#N,5.638199329e0,5.784803629e-2,4.749337733e-1,2.374668837e0,5.696047306e0,-9.173457026e-1
train,1109,C#CC(O)C(C#N)NC,7.336189747e0,-5.166401863e-1,4.749337733e-1,2.374668837e0,6.819549561e0,-3.709583357e-2
train,1110,COC1C(C)C2(O)CC12,8.378385544e0,-8.157385141e-2,1.583112627e-1,7.915562987e-1,8.296812057e0,1.120320797e0
train,1111,OC1CCC2C3C[NH+]3C12,7.597418785e0,-4.612719640e-2,1.583112627e-1,7.915562987e-1,7.551291466e0,5.362147689e-1
train,1112,O=C1OC2C3C=CC2C13,5.692621708e0,4.732025266e-1,4.749337733e-1,2.374668837e0,6.165824413e0,-5.492812991e-1
train,1113,CC(C)N=C(N)NC=O,5.902149677e0,4.970976710e-2,1.583112627e-1,7.915562987e-1,5.951859474e0,-7.169201374e-1
train,1114,OC1CC1C(F)(F)F,8.944382668e0,1.786248535e-1,1.583112627e-1,7.915562987e-1,9.123007774e0,1.767634749e0
train,1115,CC(O)C1[NH2+][CH+]NC1[NH-],6.046370029e0,-2.323659807e-1,1.583112627e-1,7.915562987e-1,5.814003944e0,-8.249281645e-1
train,1116,CC1C(=O)CC1C#N,6.032763958e0,-1.304700878e-2,1.583112627e-1,7.915562987e-1,6.019716740e0,-6.637548208e-1
train,1117,[NH-]C1OCC2(O)CC12,7.542996407e0,-2.512263060e-1,4.749337733e-1,2.374668837e0,7.291769981e0,3.328829408e-1
train,1118,O=C1CC2(C3CC3)CN12,6.462704182e0,-9.807123244e-2,1.583112627e-1,7.915562987e-1,6.364633083e0,-3.935171664e-1
train,1119,CC(=O)C1=CCC2NC12,5.113019466e0,1.282794960e-2,1.583112627e-1,7.915562987e-1,5.125847340e0,-1.364090204e0
train,1120,CC1(C)CCC(CO)C1,9.276361465e0,-7.124204934e-2,4.749337733e-1,2.374668837e0,9.205119133e0,1.831967950e0
train,1121,COC1C2OCC3C1C32,8.424644470e0,2.251973609e-3,1.583112627e-1,7.915562987e-1,8.426896095e0,1.222239971e0
train,1122,CC1NC2(C#N)C(N)C12,6.389233112e0,8.705413342e-2,1.583112627e-1,7.915562987e-1,6.476287365e0,-3.060374558e-1
train,1123,OC12CCC3CC3C1C2,8.609682083e0,3.729575872e-1,4.749337733e-1,2.374668837e0,8.982639313e0,1.657657862e0
train,1124,C#CC(O)C(=O)C(C)=O,4.296678066e0,-7.743657380e-2,1.583112627e-1,7.915562987e-1,4.219241619e0,-2.074404478e0
train,1125,CC12OC1CC=C2C#N,5.738881111e0,-1.728998721e-1,1.583112627e-1,7.915562987e-1,5.565981388e0,-1.019250751e0
train,1126,NC1=CC(=O)CCC1O,5.314383507e0,-4.227467254e-2,1.583112627e-1,7.915562987e-1,5.272109032e0,-1.249495983e0
train,1127,CC1(CO)CC1CO,8.971593857e0,-1.129560843e-1,1.583112627e-1,7.915562987e-1,8.858637810e0,1.560504198e0
train,1128,CNC(=O)C1OC1CO,7.238228798e0,1.682672203e-1,1.583112627e-1,7.915562987e-1,7.406496048e0,4.227693677e-1
train,1129,CNc1cn[nH]c1C,5.885822773e0,-4.970943555e-2,1.583112627e-1,7.915562987e-1,5.836113453e0,-8.076056838e-1
train,1130,Cc1nc(F)nc(=O)o1,5.945687771e0,1.061871089e-2,1.583112627e-1,7.915562987e-1,5.956306458e0,-7.134359479e-1
train,1131,C[NH2+]C1NC([NH-])OCO1,6.813731194e0,-2.353912741e-1,1.583112627e-1,7.915562987e-1,6.578340054e0,-2.260804474e-1
train,1132,CNC1(C#N)COC1=O,6.473588943e0,-6.885575503e-2,1.583112627e-1,7.915562987e-1,6.404733181e0,-3.620992601e-1
train,1133,CC1CC1C1(C)CO1,9.069554329e0,1.456148475e-1,1.583112627e-1,7.915562987e-1,9.215168953e0,1.839841843e0
train,1134,C#CCC1(O)CC(=O)C1,5.972899437e0,-2.242929935e-1,1.583112627e-1,7.915562987e-1,5.748606682e0,-8.761661053e-1
train,1135,CNc1cnn(C=O)c1,4.568791389e0,-2.348057330e-1,1.583112627e-1,7.915562987e-1,4.333985806e0,-1.984503746e0
train,1136,C#CC12C[NH2+][CH+][NH+]1C2,6.533453465e0,4.686550424e-2,1.583112627e-1,7.915562987e-1,6.580318928e0,-2.245300263e-1
train,1137,N#CCNc1cocn1,5.962014675e0,2.104647607e-1,4.749337733e-1,2.374668837e0,6.172479630e0,-5.440669656e-1
train,1138,O=C1NCC2(CC2O)O1,8.351174355e0,-1.134094968e-1,1.583112627e-1,7.915562987e-1,8.237765312e0,1.074058414e0
train,1139,C#CC1COC2COC12,8.013752937e0,-2.080849558e-1,1.583112627e-1,7.915562987e-1,7.805667877e0,7.355154753e-1
train,1140,CC1=CC(C#N)[NH+](C)C1,6.223243713e0,-4.299525917e-2,4.749337733e-1,2.374668837e0,6.180248260e0,-5.379803777e-1
train,1141,CC1C2CC1(C)C1CC21,9.213775635e0,-2.149190307e-1,4.749337733e-1,2.374668837e0,8.998856544e0,1.670363784e0
train,1142,C#Cc1cncnc1C,5.404181004e0,4.021798074e-2,1.583112627e-1,7.915562987e-1,5.444398880e0,-1.114509106e0
train,1143,NC1[NH2+]CC(OC=O)O1,6.457261562e0,-1.883129627e-1,1.583112627e-1,7.915562987e-1,6.268948555e0,-4.684847891e-1
train,1144,CCCC1C2OC(C)C12,8.606961250e0,-3.155683875e-1,4.749337733e-1,2.374668837e0,8.291393280e0,1.116075277e0
train,1145,O=CC(O)C1CNC1=O,5.959293365e0,2.063400149e-1,1.583112627e-1,7.915562987e-1,6.165633202e0,-5.494310856e-1
train,1146,N#CCNc1[nH+]cno1,6.204195976e0,2.463766336e-1,1.583112627e-1,7.915562987e-1,6.450572491e0,-3.261847198e-1
train,1147,CC(O)C1=CCCCC1,7.039586067e0,3.245592490e-2,1.583112627e-1,7.915562987e-1,7.072041988e0,1.607288122e-1
train,1148,N#C[CH+]1C=COC([NH-])=N1,4.046332836e0,-8.190262318e-2,1.583112627e-1,7.915562987e-1,3.964430332e0,-2.274045944e0
train,1149,Nc1cocc1CO,6.255897522e0,1.288877148e-2,1.583112627e-1,7.915562987e-1,6.268786430e0,-4.686118364e-1
train,1150,CC1CCC1=O,6.016437531e0,-5.982742086e-2,1.583112627e-1,7.915562987e-1,5.956610203e0,-7.131980062e-1
train,1151,CC1C2CC(C)(C)C12,8.987920761e0,-3.925637528e-2,1.583112627e-1,7.915562987e-1,8.948664665e0,1.631039143e0
train,1152,CC1COCCC(=O)N1,7.200132847e0,1.522274017e-1,1.583112627e-1,7.915562987e-1,7.352360249e0,3.803546429e-1
train,1153,CCCC1OC1COC,9.221939087e0,2.774945693e-3,1.583112627e-1,7.915562987e-1,9.224714279e0,1.847320557e0
train,1154,N#CC(CO)O[CH+][NH-],7.763408184e0,1.326035708e-1,1.583112627e-1,7.915562987e-1,7.896011829e0,8.062988520e-1
train,1155,CC12OC1CNC2C=O,5.597382069e0,-9.645647556e-2,1.583112627e-1,7.915562987e-1,5.500925541e0,-1.070221186e0
train,1156,O=CC1NC1(C=O)CO,5.542959213e0,-5.077124573e-3,1.583112627e-1,7.915562987e-1,5.537881851e0,-1.041266322e0
train,1157,C[NH+]1C2CC1C21CC1O,7.420545101e0,-7.060301900e-1,4.749337733e-1,2.374668837e0,6.714514732e0,-1.193893030e-1
train,1158,Cn1nccc1CC#N,6.919855118e0,-1.468850225e-1,1.583112627e-1,7.915562987e-1,6.772970200e0,-7.359017432e-2
train,1159,NC(=O)C(O)CCC=O,6.182426929e0,1.004600376e-1,4.749337733e-1,2.374668837e0,6.282886982e0,-4.575642347e-1
train,1160,[NH-]C1OC(O)=CN=C1O,4.315725803e0,-2.007686645e-1,1.583112627e-1,7.915562987e-1,4.114957333e0,-2.156109810e0
train,1161,c1nnoc1OC1CC1,5.975620270e0,2.930497192e-2,1.583112627e-1,7.915562987e-1,6.004925251e0,-6.753437519e-1
train,1162,CCC1OCCCCO1,8.960708618e0,-3.551329970e-1,4.749337733e-1,2.374668837e0,8.605575562e0,1.362233043e0
train,1163,C[NH2+]C1CC2CC2(C)O1,7.211016655e0,-1.063151062e-1,1.583112627e-1,7.915562987e-1,7.104701519e0,1.863171458e-1
train,1164,CC(C)OCC1CO1,9.064112663e0,5.033293366e-2,1.583112627e-1,7.915562987e-1,9.114445686e0,1.760926485e0
train,1165,N#CC12C3CC1N2C3=O,6.710327625e0,-9.788759351e-1,4.749337733e-1,2.374668837e0,5.731451511e0,-8.896069527e-1
train,1166,CCC1CC1C#CCO,7.360680103e0,-3.120821416e-1,1.583112627e-1,7.915562987e-1,7.048597813e0,1.423605978e-1
train,1167,OC1CC1c1cnno1,5.608266830e0,2.644215897e-2,4.749337733e-1,2.374668837e0,5.634708881e0,-9.654036164e-1
train,1168,NC(=O)CC1(C=O)CC1,6.277666569e0,1.344055831e-1,1.583112627e-1,7.915562987e-1,6.412072182e0,-3.563492298e-1
train,1169,CC(CO)OC1CCC1,8.824651718e0,2.349344343e-1,1.583112627e-1,7.915562987e-1,9.059586525e0,1.717944980e0
train,1170,CC(C)C1C(C)C1C=O,6.111677170e0,-6.655558199e-2,1.583112627e-1,7.915562987e-1,6.045121670e0,-6.438503265e-1
train,1171,C#CC1O[CH+][NH2+]C1CO,6.971556664e0,1.660152227e-1,1.583112627e-1,7.915562987e-1,7.137571812e0,2.120705992e-1
train,1172,C1=CCCC2(CC1)CO2,7.001489162e0,4.517944530e-2,1.583112627e-1,7.915562987e-1,7.046668530e0,1.408490241e-1
train,1173,CC12CC3(O)CC[NH+]1C32,8.245050430e0,-2.787772007e-2,1.583112627e-1,7.915562987e-1,8.217172623e0,1.057924271e0
train,1174,N#CC12C(O)C3CC1C32,7.959330082e0,-4.507736862e-2,1.583112627e-1,7.915562987e-1,7.914252758e0,8.205903769e-1
train,1175,O=CNC1CNC1C=O,5.521190166e0,3.364613950e-1,1.583112627e-1,7.915562987e-1,5.857651711e0,-7.907307148e-1
train,1176,N#CC1CC2NC12C=O,5.981062412e0,3.238469064e-1,1.583112627e-1,7.915562987e-1,6.304909229e0,-4.403100610e-1
train,1177,C1=CC2CC3C1C[NH+]23,6.059975624e0,1.443619430e-1,1.583112627e-1,7.915562987e-1,6.204337597e0,-5.191066861e-1
train,1178,C#CC(O)(C#N)C#N,7.270882130e0,2.732827514e-2,4.749337733e-1,2.374668837e0,7.298210621e0,3.379290998e-1
train,1179,Cc1noc(N=CN)n1,5.360642910e0,1.901679486e-1,1.583112627e-1,7.915562987e-1,5.550810814e0,-1.031136751e0
train,1180,Nc1cc[nH]c(=O)c1F,4.982404709e0,-1.673489064e-2,1.583112627e-1,7.915562987e-1,4.965669632e0,-1.489587426e0
train,1181,COC1CNC(=O)NC1,8.128041267e0,-5.775609054e-3,1.583112627e-1,7.915562987e-1,8.122265816e0,9.835659862e-1
train,1182,COC1C(O)CC1NO,6.642299175e0,-1.350892037e-1,1.583112627e-1,7.915562987e-1,6.507209778e0,-2.818101346e-1
train,1183,CC(O)C1C(C)C1O,8.367501259e0,-1.781567484e-1,1.583112627e-1,7.915562987e-1,8.189344406e0,1.036121249e0
train,1184,CC1CC2(CCC2=O)O1,5.330710411e0,-2.776984274e-1,4.749337733e-1,2.374668837e0,5.053011894e0,-1.421155930e0
train,1185,COc1[nH]cnc1CO,6.574271202e0,-7.127757072e-1,4.749337733e-1,2.374668837e0,5.861495495e0,-7.877191305e-1
train,1186,C#CCC12C[NH+]1CC2=O,6.046370029e0,8.130864054e-2,1.583112627e-1,7.915562987e-1,6.127678871e0,-5.791678429e-1
train,1187,OC1CC2(O)CCC=C12,6.530732632e0,3.573011160e-1,4.749337733e-1,2.374668837e0,6.888033867e0,1.656075940e-2
train,1188,[NH-]C1OC2C(O)C2C1O,6.987883568e0,1.186550246e-3,1.583112627e-1,7.915562987e-1,6.989069939e0,9.572125226e-2
train,1189,NC1=NCC=CC(=O)N1,5.404181004e0,-1.070195794e0,4.749337733e-1,2.374668837e0,4.333985329e0,-1.984504223e0
train,1190,[NH-]C1C[NH+]2CC2CO1,7.102171898e0,8.212285638e-1,4.749337733e-1,2.374668837e0,7.923400402e0,8.277574182e-1
train,1191,Oc1nc(C2CC2)co1,6.579712868e0,-4.685271680e-1,1.583112627e-1,7.915562987e-1,6.111185551e0,-5.920901299e-1
train,1192,N#CC12C=CC(O)C1N2,6.250455379e0,-1.064964458e-1,1.583112627e-1,7.915562987e-1,6.143959045e0,-5.664125085e-1
train,1193,CC#Cc1cn[nH]c1O,6.225965023e0,6.346688420e-2,1.583112627e-1,7.915562987e-1,6.289432049e0,-4.524362385e-1
train,1194,CC12OC1C1NC12CO,7.189248085e0,1.001555473e-1,1.583112627e-1,7.915562987e-1,7.289403439e0,3.310287893e-1
train,1195,C#CCC#CCCC=O,6.021879673e0,-1.257374138e-1,1.583112627e-1,7.915562987e-1,5.896142483e0,-7.605736852e-1
train,1196,C#CC(O)C(O)CC#N,7.825994968e0,2.353487760e-1,1.583112627e-1,7.915562987e-1,8.061344147e0,9.358346462e-1
train,1197,N#CC1(N)C2COC21,7.298093796e0,-7.218078971e-1,4.749337733e-1,2.374668837e0,6.576285839e0,-2.276899070e-1
train,1198,COC1CCC(C)C1C,8.674989700e0,4.748254716e-1,4.749337733e-1,2.374668837e0,9.149815559e0,1.788638353e0
train,1199,C1CC(CCC2CC2)O1,8.985198975e0,2.257896960e-2,1.583112627e-1,7.915562987e-1,9.007778168e0,1.677353740e0
train,1200,OCC1C2CCCC1O2,8.190627098e0,1.142708808e-1,1.583112627e-1,7.915562987e-1,8.304898262e0,1.126656175e0
train,1201,CC1C2COC3C(O2)C13,8.155252457e0,3.728883862e-1,1.583112627e-1,7.915562987e-1,8.528141022e0,1.301564097e0
train,1202,CC#CC1(C)C(C)[NH+]1C,7.023258686e0,-1.809839904e-1,1.583112627e-1,7.915562987e-1,6.842274666e0,-1.929099858e-2
train,1203,c1noc(C2CO2)n1,6.655904770e0,7.506978512e-2,1.583112627e-1,7.915562987e-1,6.730974674e0,-1.064931452e-1
train,1204,CC(C)(C)C(=O)C1CC1,6.201474667e0,2.387508750e-2,1.583112627e-1,7.915562987e-1,6.225349903e0,-5.026438236e-1
train,1205,CC1OC23CC=CC12C3,6.348416328e0,-7.880318165e-2,1.583112627e-1,7.915562987e-1,6.269613266e0,-4.679640234e-1
train,1206,C#CC12OC1CNC2=O,6.424608231e0,1.157304868e-1,1.583112627e-1,7.915562987e-1,6.540338516e0,-2.558541894e-1
train,1207,CC(O)C1(O)CC1C#N,7.964772224e0,-2.106491243e-3,1.583112627e-1,7.915562987e-1,7.962665558e0,8.585211635e-1
train,1208,CC1CCC(=O)NC1=O,6.397397041e0,1.917086095e-1,1.583112627e-1,7.915562987e-1,6.589105606e0,-2.176457793e-1
train,1209,C#CC12CC1(C#N)CN2,6.367464066e0,2.185928375e-1,1.583112627e-1,7.915562987e-1,6.586056709e0,-2.200345546e-1
train,1210,CCc1nnon1,6.748423576e0,1.491927356e-1,1.583112627e-1,7.915562987e-1,6.897616386e0,2.406854369e-2
train,1211,OC12CCC1=CC1CC12,6.468146324e0,1.260616630e-1,1.583112627e-1,7.915562987e-1,6.594207764e0,-2.136483043e-1
train,1212,CNC=Nc1ncon1,5.714390755e0,1.040113792e-1,1.583112627e-1,7.915562987e-1,5.818402290e0,-8.214821219e-1
train,1213,C#CC(C)C#CC1CC1,7.363400936e0,3.495099768e-2,1.583112627e-1,7.915562987e-1,7.398352146e0,4.163887203e-1
train,1214,COC12CCC1CC2,8.707643509e0,-1.633686572e-1,1.583112627e-1,7.915562987e-1,8.544275284e0,1.314205050e0
train,1215,CC1CC12CCOC2[NH-],7.556602001e0,-6.713131070e-2,1.583112627e-1,7.915562987e-1,7.489470482e0,4.877787828e-1
train,1216,CC1COc2cn[nH]c21,5.986505032e0,2.159798145e-2,1.583112627e-1,7.915562987e-1,6.008102894e0,-6.728541255e-1
train,1217,C#CCC1NC1(C)CO,8.171579361e0,-3.863913938e-2,1.583112627e-1,7.915562987e-1,8.132940292e0,9.919292927e-1
train,1218,CCCC1C(=O)C2NC12,5.869495869e0,-2.142115831e-1,1.583112627e-1,7.915562987e-1,5.655284405e0,-9.492829442e-1
train,1219,CCCOC1C(C)C1C,8.517163277e0,2.017617412e-2,1.583112627e-1,7.915562987e-1,8.537339211e0,1.308770776e0
train,1220,CC(C)(C)C1(C)COC1,8.364779472e0,1.177467108e-1,1.583112627e-1,7.915562987e-1,8.482525826e0,1.265825152e0
train,1221,C#CC1(C)C2CC[NH+]21,7.469525814e0,1.280871630e-1,1.583112627e-1,7.915562987e-1,7.597612858e0,5.725069642e-1
train,1222,OCc1cc[nH]c1O,6.370185375e0,-4.489555955e-3,1.583112627e-1,7.915562987e-1,6.365695953e0,-3.926844299e-1
train,1223,OCC1OC1CC1CC1,9.205611229e0,-1.281579733e-1,1.583112627e-1,7.915562987e-1,9.077453613e0,1.731943607e0
train,1224,OC1CCC1OC1CC1,8.563423157e0,-1.522966027e-1,1.583112627e-1,7.915562987e-1,8.411126137e0,1.209884405e0
train,1225,CC1CN=COC(=O)C1,6.465425014e0,-5.240484476e-1,4.749337733e-1,2.374668837e0,5.941376686e0,-7.251332402e-1
train,1226,CC1CC2C3CC2C13,1.037842178e1,8.570348471e-2,1.583112627e-1,7.915562987e-1,1.046412563e1,2.818383694e0
train,1227,COc1cnc(N)o1,6.272224426e0,-2.791565657e-1,4.749337733e-1,2.374668837e0,5.993067741e0,-6.846339703e-1
train,1228,CNC1[NH2+]CC2(C)OC12,6.544338226e0,5.937643722e-2,1.583112627e-1,7.915562987e-1,6.603714466e0,-2.061999142e-1
train,1229,C#CC1=CCCC(=O)C1,5.662689686e0,-3.229179978e-1,4.749337733e-1,2.374668837e0,5.339771748e0,-1.196483135e0
train,1230,CCc1noc(C=O)n1,5.172884464e0,4.554442316e-2,1.583112627e-1,7.915562987e-1,5.218429089e0,-1.291553617e0
train,1231,C#Cc1cnc(C#N)[nH]1,4.990568161e0,-2.598744035e-1,4.749337733e-1,2.374668837e0,4.730693817e0,-1.673688054e0
train,1232,O=CC(=O)NC1CCC1,4.748386860e0,3.415265381e-1,1.583112627e-1,7.915562987e-1,5.089913368e0,-1.392244101e0
train,1233,CCC1C(=O)COC1C,5.790582657e0,5.998895168e-1,4.749337733e-1,2.374668837e0,6.390472412e0,-3.732723892e-1
train,1234,C1CC2(O1)C1CC3C1C32,8.688595772e0,-4.549793527e-2,1.583112627e-1,7.915562987e-1,8.643097878e0,1.391631365e0
train,1235,C#CC1CC2OC1C2=O,6.345695019e0,2.784114480e-1,1.583112627e-1,7.915562987e-1,6.624106407e0,-1.902230829e-1
train,1236,OC1CC2=CCOCC21,6.963393688e0,-7.781312615e-2,1.583112627e-1,7.915562987e-1,6.885580540e0,1.463860925e-2
train,1237,CCCC(=O)C(=O)OC,4.944308758e0,2.187540829e-1,1.583112627e-1,7.915562987e-1,5.163063049e0,-1.334932208e0
train,1238,OCC(O)C1OC2CC21,8.002868652e0,2.290810347e-1,4.749337733e-1,2.374668837e0,8.231949806e0,1.069501996e0
train,1239,CC12OCCC1C2C#N,7.436871529e0,1.500942260e-1,1.583112627e-1,7.915562987e-1,7.586965561e0,5.641649365e-1
train,1240,CNc1c[nH]c(O)c1C,5.967456818e0,1.836494915e-2,1.583112627e-1,7.915562987e-1,5.985821724e0,-6.903111339e-1
train,1241,CC12CC3C(C1=O)[NH+]3C2,5.910312653e0,-6.296665967e-2,1.583112627e-1,7.915562987e-1,5.847345829e0,-7.988052368e-1
train,1242,CC(O)C1OC2CC21C,8.084503174e0,6.274483204e-1,4.749337733e-1,2.374668837e0,8.711951256e0,1.445577145e0
train,1243,O=CCC12C3C4C1[NH+]4C32,5.230028629e0,1.486738175e-1,1.583112627e-1,7.915562987e-1,5.378702641e0,-1.165981293e0
train,1244,CC12CCCC3C1CC32,9.948482513e0,-1.084289551e-1,1.583112627e-1,7.915562987e-1,9.840053558e0,2.329431057e0
train,1245,CC(C)(O)C#N,8.566143990e0,3.564479947e-2,1.583112627e-1,7.915562987e-1,8.601788521e0,1.359266043e0
train,1246,CC1CCOC1[NH-],7.736196995e0,-2.391414493e-1,1.583112627e-1,7.915562987e-1,7.497055531e0,4.937215745e-1
train,1247,CC#CC1CC(O)C1,8.032800674e0,2.321333811e-2,1.583112627e-1,7.915562987e-1,8.056014061e0,9.316585660e-1
train,1248,O=C1CC(O)CC2OC12,5.864053726e0,-7.302705944e-2,1.583112627e-1,7.915562987e-1,5.791026592e0,-8.429306746e-1
train,1249,COCC1=CCOC1=O,6.231407166e0,-1.887715012e-1,4.749337733e-1,2.374668837e0,6.042635441e0,-6.457982659e-1
train,1250,CCC1OC2CC12OC,8.362058640e0,-5.416879058e-1,4.749337733e-1,2.374668837e0,7.820370674e0,7.470349073e-1
train,1251,Oc1ccn2c1C=CC2,4.585118771e0,-1.764486879e-1,1.583112627e-1,7.915562987e-1,4.408669949e0,-1.925989747e0
train,1252,CCc1cnnnn1,4.500762939e0,1.819655299e-3,1.583112627e-1,7.915562987e-1,4.502582550e0,-1.852410316e0
train,1253,CC1CC2C(C)C(=O)C12,5.820515633e0,5.845506210e-3,1.583112627e-1,7.915562987e-1,5.826361179e0,-8.152464628e-1
train,1254,CC1NC12CNC2C#N,7.104892731e0,1.383594871e-1,1.583112627e-1,7.915562987e-1,7.243252277e0,2.948699296e-1
train,1255,CC1C2CC13OC(=O)C23,6.982441425e0,-1.909038723e-1,4.749337733e-1,2.374668837e0,6.791537762e0,-5.904272571e-2
train,1256,C#CC(O)(C#N)CCC,7.635515213e0,2.788272500e-1,1.583112627e-1,7.915562987e-1,7.914342403e0,8.206605911e-1
train,1257,OC1COc2[nH]ccc21,6.459982872e0,-7.200509310e-2,4.749337733e-1,2.374668837e0,6.387977600e0,-3.752270341e-1
train,1258,O=C1Cn2nncc2N1,5.771534920e0,3.958950043e-1,4.749337733e-1,2.374668837e0,6.167429924e0,-5.480234027e-1
train,1259,CN1C(=O)CCC1[NH-],6.819173336e0,-8.720393181e-1,4.749337733e-1,2.374668837e0,5.947134018e0,-7.206224203e-1
train,1260,CNc1n[nH]c(C#N)n1,4.699406624e0,-3.529052436e-1,4.749337733e-1,2.374668837e0,4.346501350e0,-1.974698067e0
train,1261,CC1C=CC2(O)COC12,6.781077385e0,-6.382123381e-2,1.583112627e-1,7.915562987e-1,6.717256069e0,-1.172415018e-1
train,1262,Nc1nnoc(=O)n1,4.593281746e0,-5.645278841e-2,1.583112627e-1,7.915562987e-1,4.536828995e0,-1.825578690e0
train,1263,c1nonc1CC1CN1,5.929360867e0,1.074333936e-1,1.583112627e-1,7.915562987e-1,6.036794186e0,-6.503748298e-1
train,1264,C#CC1CC(C)C1=O,5.806910038e0,1.951066405e-1,1.583112627e-1,7.915562987e-1,6.002016544e0,-6.776226759e-1
train,1265,CC(=O)C1(C)CC(=O)N1,5.964735985e0,1.259070784e-1,1.583112627e-1,7.915562987e-1,6.090642929e0,-6.081849933e-1
train,1266,COC1(C)C[NH2+][CH+]O1,7.594697952e0,-1.833350658e-1,1.583112627e-1,7.915562987e-1,7.411362648e0,4.265822768e-1
train,1267,CC(C)C(C=O)O[CH+][NH-],5.785140514e0,1.298048347e-1,1.583112627e-1,7.915562987e-1,5.914945126e0,-7.458420396e-1
train,1268,C1=CC2CCCCC1C2,7.045027256e0,9.012607485e-2,1.583112627e-1,7.915562987e-1,7.135153294e0,2.101757228e-1
train,1269,O=COC1CCC(O)C1,7.638236046e0,1.510624774e-2,4.749337733e-1,2.374668837e0,7.653342247e0,6.161702871e-1
train,1270,C1C2CC3C2C1C31CC1,9.153910637e0,-3.092161007e-2,1.583112627e-1,7.915562987e-1,9.122988701e0,1.767619729e0
train,1271,C#CC12COC1(C)C2C,7.080402374e0,-7.301086783e-1,4.749337733e-1,2.374668837e0,6.350293636e0,-4.047519565e-1
train,1272,C#CCC1(O)CC1OC,7.575649738e0,1.313121468e-1,1.583112627e-1,7.915562987e-1,7.706962109e0,6.581807733e-1
train,1273,CC1CC2C3COC3C12,8.217838287e0,-1.535353363e-1,4.749337733e-1,2.374668837e0,8.064303398e0,9.381531477e-1
train,1274,CC1CCN1C(=O)CO,7.254555702e0,-1.653241962e-1,1.583112627e-1,7.915562987e-1,7.089231491e0,1.741965711e-1
train,1275,[H]N=C(C#N)N1CCC1[NH-],5.349758625e0,-2.641518600e-2,1.583112627e-1,7.915562987e-1,5.323343277e0,-1.209354639e0
train,1276,C1C[NH+]2C3COC(O1)C32,8.329405785e0,-6.201833114e-2,1.583112627e-1,7.915562987e-1,8.267387390e0,1.097266912e0
train,1277,CC1=CC(O)C(=O)CC1,6.005552769e0,-5.919531360e-2,4.749337733e-1,2.374668837e0,5.946357250e0,-7.212310433e-1
train,1278,CC12OC1COC2C#N,7.902186394e0,-1.332419515e-1,1.583112627e-1,7.915562987e-1,7.768944263e0,7.067430019e-1
train,1279,O=CC12CC1CCCO2,6.128004074e0,1.818096638e-1,1.583112627e-1,7.915562987e-1,6.309813499e0,-4.364676178e-1
train,1280,CC(O)C1CCN=CO1,7.401497364e0,4.328588396e-2,1.583112627e-1,7.915562987e-1,7.444783211e0,4.527668655e-1
train,1281,CC(=O)CC1OC1C#N,6.416444778e0,-7.074619085e-2,1.583112627e-1,7.915562987e-1,6.345698357e0,-4.083522856e-1
train,1282,OC1C=CC2(CC1)CO2,6.650462627e0,-2.887842618e-2,1.583112627e-1,7.915562987e-1,6.621584415e0,-1.921990365e-1
train,1283,CCC1CC(CCO)C1,9.306294441e0,-2.289479971e-2,1.583112627e-1,7.915562987e-1,9.283399582e0,1.893299699e0
train,1284,CC1OC2(C)C(CO)C12,8.264098167e0,-2.913438380e-1,4.749337733e-1,2.374668837e0,7.972754478e0,8.664257526e-1
train,1285,O=C1CCNC2COC12,5.521190166e0,8.926001936e-2,1.583112627e-1,7.915562987e-1,5.610450268e0,-9.844099283e-1
train,1286,CC(C1CC1)C1(C)CO1,9.227380753e0,6.298237480e-3,1.583112627e-1,7.915562987e-1,9.233678818e0,1.854344130e0
train,1287,CCCC1(C)CC2NC21,8.492672920e0,-4.595665634e-2,1.583112627e-1,7.915562987e-1,8.446716309e0,1.237768888e0
train,1288,CC1CC(C)C1C=O,5.994668484e0,-9.381897002e-2,1.583112627e-1,7.915562987e-1,5.900849342e0,-7.568858862e-1
train,1289,OC12C=CCC1CCC2,7.066796780e0,2.445095778e-1,1.583112627e-1,7.915562987e-1,7.311306477e0,3.481895328e-1
train,1290,CC[NH2+][CH+]OCCCO,7.458641052e0,2.150647789e-1,1.583112627e-1,7.915562987e-1,7.673706055e0,6.321250200e-1
train,1291,O=C1NC2CC3(CO3)C12,7.295372486e0,-8.337616324e-1,4.749337733e-1,2.374668837e0,6.461610794e0,-3.175363541e-1
train,1292,c1ccc2occc2c1,5.526632309e0,3.309717029e-2,1.583112627e-1,7.915562987e-1,5.559729576e0,-1.024148941e0
train,1293,CC1NC12CCC2(C)O,8.057291031e0,-1.613363624e-1,1.583112627e-1,7.915562987e-1,7.895954609e0,8.062539697e-1
train,1294,O=C1CC2C[NH+]3CC2C13,5.602824211e0,-1.933950782e-1,1.583112627e-1,7.915562987e-1,5.409429073e0,-1.141907573e0
train,1295,CCN1C=CC(=O)CC1,4.957914352e0,-3.516874313e-1,1.583112627e-1,7.915562987e-1,4.606226921e0,-1.771206260e0
train,1296,O=C1NC2C=CC1(O)C2,6.076302528e0,-1.228868961e0,4.749337733e-1,2.374668837e0,4.847433567e0,-1.582223892e0
train,1297,OC1CC2C3OC3C12,8.416481972e0,-6.702266932e-1,4.749337733e-1,2.374668837e0,7.746255398e0,6.889665723e-1
train,1298,O=[N+]([O-])c1ncno1,5.357921600e0,-5.561600253e-2,1.583112627e-1,7.915562987e-1,5.302305698e0,-1.225837350e0
train,1299,Cc1c(CO)cnn1C,6.748423576e0,-1.284549683e-1,1.583112627e-1,7.915562987e-1,6.619968414e0,-1.934651583e-1
train,1300,C1=CC2(CO2)C2CC1C2,6.528011322e0,1.563345343e-1,1.583112627e-1,7.915562987e-1,6.684345722e0,-1.430263370e-1
train,1301,C1=CC2(C3CO3)CC2C1,6.694001198e0,-5.014808103e-2,1.583112627e-1,7.915562987e-1,6.643853188e0,-1.747517288e-1
train,1302,C1C2CC3(CO3)C[NH+]12,8.457298279e0,-3.441527486e-1,4.749337733e-1,2.374668837e0,8.113145828e0,9.764205813e-1
train,1303,C(CC1CC1)C[NH+]1CC1,8.732133865e0,-8.553823084e-2,1.583112627e-1,7.915562987e-1,8.646595955e0,1.394372106e0
train,1304,[H]N=C(NCCO)C(C)=O,5.085808277e0,-2.748520672e-1,1.583112627e-1,7.915562987e-1,4.810956001e0,-1.610803604e0
train,1305,Cc1nc(C2CC2)no1,6.596040249e0,1.742272824e-1,1.583112627e-1,7.915562987e-1,6.770267487e0,-7.570771873e-2
train,1306,C1OC12C1OC2C2NC21,8.400155067e0,7.807439566e-2,1.583112627e-1,7.915562987e-1,8.478229523e0,1.262459040e0
train,1307,OC12CC3(O)C4C1C2C43,7.619187832e0,-3.635990918e-1,1.583112627e-1,7.915562987e-1,7.255588531e0,3.045352101e-1
train,1308,CC(C)C12CC1C1OC12,7.926676750e0,6.906645894e-1,4.749337733e-1,2.374668837e0,8.617341042e0,1.371451259e0
train,1309,O=C1CC=CC[NH+]2CC12,5.526632309e0,-7.760450989e-2,1.583112627e-1,7.915562987e-1,5.449028015e0,-1.110882282e0
train,1310,C#CC1(N)CC1(N)C#N,7.031421661e0,-1.897160709e-1,1.583112627e-1,7.915562987e-1,6.841705799e0,-1.973669976e-2
train,1311,NC(=O)C1C2C3CC2C31,7.205575466e0,6.729739904e-2,1.583112627e-1,7.915562987e-1,7.272872925e0,3.180773258e-1
train,1312,CC[NH+]1CC(C(=O)[O-])C1,4.786482811e0,-2.534761131e-1,1.583112627e-1,7.915562987e-1,4.533006668e0,-1.828573465e0
train,1313,Cc1nc(N)c(C#N)[nH]1,5.191932201e0,6.904948950e-1,4.749337733e-1,2.374668837e0,5.882427216e0,-7.713193893e-1
train,1314,C#CC12CCC(=O)N1C2,6.508963585e0,1.955224723e-1,1.583112627e-1,7.915562987e-1,6.704485893e0,-1.272467673e-1
train,1315,CCC1C2CC3OC3C12,8.906287193e0,-4.036780596e-1,4.749337733e-1,2.374668837e0,8.502609253e0,1.281560302e0
train,1316,C#CC1C2COC12C#N,6.664068222e0,4.335564375e-1,4.749337733e-1,2.374668837e0,7.097624779e0,1.807726026e-1
train,1317,CC1[NH+]2C3C(O)C2C13C,7.913071156e0,1.186947078e-1,1.583112627e-1,7.915562987e-1,8.031765938e0,9.126604795e-1
train,1318,O=CCCC1(O)CCC1,6.223243713e0,-2.621629834e-1,1.583112627e-1,7.915562987e-1,5.961080551e0,-7.096955180e-1
train,1319,CC1CC(=O)NCCO1,7.259997368e0,-7.703087479e-2,1.583112627e-1,7.915562987e-1,7.182966709e0,2.476369292e-1
train,1320,OCC1C2CCOCC12,8.386548996e0,9.112311900e-2,1.583112627e-1,7.915562987e-1,8.477672577e0,1.262022734e0
train,1321,CC12CC(COC1[NH-])C2,7.806946754e0,1.487311125e-1,1.583112627e-1,7.915562987e-1,7.955677986e0,8.530465364e-1
train,1322,CCC[NH+]1CC1(C)CO,8.119877815e0,-1.517549455e-1,1.583112627e-1,7.915562987e-1,7.968122959e0,8.627969623e-1
train,1323,OC1CC2CC3(CC3)C12,8.726691246e0,8.660965413e-2,1.583112627e-1,7.915562987e-1,8.813301086e0,1.524983406e0
train,1324,N#CC1NCC2C(O)C12,7.162036896e0,2.277456522e-1,1.583112627e-1,7.915562987e-1,7.389782429e0,4.096744657e-1
train,1325,C1C2CC3C1C23[NH+]1CC1,8.525327682e0,-2.363482118e-1,4.749337733e-1,2.374668837e0,8.288979530e0,1.114184141e0
train,1326,O=C1CC(C2CC2)O1,7.730754375e0,1.698846072e-1,1.583112627e-1,7.915562987e-1,7.900639057e0,8.099241853e-1
train,1327,C1C[NH+]2CCOC(C2)O1,7.485852242e0,1.879955828e-1,1.583112627e-1,7.915562987e-1,7.673847675e0,6.322360039e-1
train,1328,CC1NC12CC(=O)C2,5.883101463e0,1.633209586e-1,1.583112627e-1,7.915562987e-1,6.046422482e0,-6.428312063e-1
train,1329,CCC1OC2CC1C2C,8.952546120e0,1.002035141e0,4.749337733e-1,2.374668837e0,9.954581261e0,2.419162035e0
train,1330,NC(=O)C(O)CNC=O,7.126662254e0,1.030414253e-1,1.583112627e-1,7.915562987e-1,7.229703903e0,2.842549384e-1
train,1331,CCC1=CCCC(=O)C1,6.073581219e0,-7.388826013e-1,4.749337733e-1,2.374668837e0,5.334698677e0,-1.200457811e0
train,1332,CCC1C(O)C12CCO2,7.469525814e0,7.857837528e-2,1.583112627e-1,7.915562987e-1,7.548104286e0,5.337176323e-1
train,1333,NC(=O)CC1CO[CH+][NH2+]1,6.479031086e0,-1.743188053e-1,1.583112627e-1,7.915562987e-1,6.304712296e0,-4.404643476e-1
train,1334,C#CC#CC(=O)OCC,5.308941364e0,-1.135073826e-1,1.583112627e-1,7.915562987e-1,5.195434093e0,-1.309569836e0
train,1335,CC1C2C(O)C(=O)C[NH+]12,5.333431244e0,-1.384550631e-1,1.583112627e-1,7.915562987e-1,5.194976330e0,-1.309928536e0
train,1336,CC1(O)C2CC2C1(C)O,8.266819000e0,-3.017738461e-1,1.583112627e-1,7.915562987e-1,7.965044975e0,8.603854179e-1
train,1337,O=c1ccc(CO)c[nH]1,4.761992455e0,4.139166474e-1,1.583112627e-1,7.915562987e-1,5.175909042e0,-1.324867487e0
train,1338,O=CC12CC3NC3C1O2,5.774256229e0,1.338616908e-1,1.583112627e-1,7.915562987e-1,5.908117771e0,-7.511911988e-1
train,1339,C1=Nc2[nH]ccc2CO1,4.906212807e0,-1.663730741e-1,1.583112627e-1,7.915562987e-1,4.739839554e0,-1.666522503e0
train,1340,OCCC1OCC1NO,6.628693581e0,-1.179625094e-1,1.583112627e-1,7.915562987e-1,6.510731220e0,-2.790511250e-1
train,1341,CC(CNCC#N)=NO,6.816452026e0,-1.017306000e-1,1.583112627e-1,7.915562987e-1,6.714721203e0,-1.192275360e-1
train,1342,CC1OC(=O)C1C=O,6.114398479e0,2.725738660e-2,1.583112627e-1,7.915562987e-1,6.141655922e0,-5.682169795e-1
train,1343,C#CC1C=C(C)C2NC12,6.620530128e0,-3.691994548e-1,1.583112627e-1,7.915562987e-1,6.251330853e0,-4.822880626e-1
train,1344,[NH-]C1COCC(C=O)N1,5.162000179e0,4.370156303e-2,4.749337733e-1,2.374668837e0,5.205701828e0,-1.301525235e0
train,1345,CCC1COC([NH-])C1=O,5.061317921e0,-4.860342145e-1,4.749337733e-1,2.374668837e0,4.575283527e0,-1.795450091e0
train,1346,CC(=O)c1cc[nH]c1O,4.862674713e0,-4.280576482e-2,1.583112627e-1,7.915562987e-1,4.819869041e0,-1.603820443e0
train,1347,CC(O)C1C(C)C1C#N,8.079060555e0,8.643857203e-3,1.583112627e-1,7.915562987e-1,8.087704659e0,9.564877748e-1
train,1348,C#CC(CC(C)O)OC,8.068176270e0,1.757532805e-1,1.583112627e-1,7.915562987e-1,8.243929863e0,1.078888178e0
train,1349,C#CC1CCCOC1=O,6.960672855e0,4.732888341e-1,4.749337733e-1,2.374668837e0,7.433961868e0,4.442884922e-1
train,1350,[NH-]C1OCC12NC1CC12,6.541617393e0,4.090364277e-2,1.583112627e-1,7.915562987e-1,6.582520962e0,-2.228047550e-1
train,1351,C[NH2+]C1CCCOCO1,7.178363323e0,-6.094203889e-2,4.749337733e-1,2.374668837e0,7.117421150e0,1.962828189e-1
train,1352,CC12C3C[NH+]1C1C3C12,8.223280907e0,-6.239527836e-2,1.583112627e-1,7.915562987e-1,8.160885811e0,1.013824224e0
train,1353,CC(C)C1CN(C=O)C1,7.238228798e0,1.407260150e-1,1.583112627e-1,7.915562987e-1,7.378954887e0,4.011912048e-1
train,1354,OCC1(CC2CC2)CN1,8.130762100e0,-1.580920815e-1,1.583112627e-1,7.915562987e-1,7.972670078e0,8.663595915e-1
train,1355,CCC(C)(OC)C(C)C,8.694037437e0,1.607844532e-1,1.583112627e-1,7.915562987e-1,8.854822159e0,1.557514668e0
train,1356,N#CC12CC3CC1C3C2,8.653220177e0,1.636938602e-1,1.583112627e-1,7.915562987e-1,8.816913605e0,1.527813792e0
train,1357,CC1(CCO)CC(O)C1,8.909008026e0,6.969843991e-3,1.583112627e-1,7.915562987e-1,8.915977478e0,1.605429053e0
train,1358,COC1COC2CC2O1,8.081781387e0,-5.023180693e-2,1.583112627e-1,7.915562987e-1,8.031549454e0,9.124908447e-1
train,1359,CC1C2C3CC3CC12C,8.451856613e0,6.628815830e-2,1.583112627e-1,7.915562987e-1,8.518144608e0,1.293732047e0
train,1360,O=C1CCC2OC2CC1,6.155215263e0,-1.198540851e-1,1.583112627e-1,7.915562987e-1,6.035361290e0,-6.514974833e-1
train,1361,N#CC1OC1C(O)C=O,6.225965023e0,-1.166533213e-2,1.583112627e-1,7.915562987e-1,6.214299679e0,-5.113015175e-1
train,1362,C1=CC2(CCC2)C2OC12,6.549780846e0,1.206832156e-1,1.583112627e-1,7.915562987e-1,6.670464039e0,-1.539024711e-1
train,1363,C1CC2COCC12,8.944382668e0,-1.979477704e-1,1.583112627e-1,7.915562987e-1,8.746435165e0,1.472594857e0
train,1364,O=CC1CC(O)(C=O)C1,5.630035877e0,-4.872597754e-3,1.583112627e-1,7.915562987e-1,5.625163078e0,-9.728826284e-1
train,1365,CCC1(O)CNCC1=O,5.191932201e0,-4.079259634e-1,4.749337733e-1,2.374668837e0,4.784006119e0,-1.631918550e0
train,1366,CC1=COC([NH-])C(=O)N1,4.835463047e0,7.563148439e-2,4.749337733e-1,2.374668837e0,4.911094666e0,-1.532346249e0
train,1367,O=C1CCC1(O)C1CN1,5.540238380e0,1.590489745e-1,4.749337733e-1,2.374668837e0,5.699287415e0,-9.148071408e-1
train,1368,C#Cc1coc(CO)c1,5.766092300e0,-6.793916225e-2,1.583112627e-1,7.915562987e-1,5.698153019e0,-9.156959057e-1
train,1369,CC(C)CC1(C)CO1,9.254591942e0,5.139786005e-2,1.583112627e-1,7.915562987e-1,9.305990219e0,1.910999179e0
train,1370,CCC1C(C=O)C1CC,6.114398479e0,-1.176068932e-1,1.583112627e-1,7.915562987e-1,5.996791363e0,-6.817165613e-1
train,1371,CC12CC1(O)C(C=O)O2,5.638199329e0,-1.922570765e-1,4.749337733e-1,2.374668837e0,5.445942402e0,-1.113299727e0
train,1372,C1C2C[NH+]3C2C3C2NC12,7.668168545e0,-1.678910255e-1,1.583112627e-1,7.915562987e-1,7.500277519e0,4.962459803e-1
train,1373,CC1(C2CN2)OC2CC21,8.555259705e0,6.662157923e-2,1.583112627e-1,7.915562987e-1,8.621881485e0,1.375008583e0
train,1374,CC12C=CC3C(N1)C32O,6.130725384e0,4.078883678e-2,1.583112627e-1,7.915562987e-1,6.171514034e0,-5.448235273e-1
train,1375,CC1(O[CH+][NH-])COC1[NH-],7.249113560e0,-9.707447886e-2,1.583112627e-1,7.915562987e-1,7.152039051e0,2.234055102e-1
train,1376,C1=CC2([NH+]3CC3)CC1C2,6.402839184e0,-3.412548080e-2,1.583112627e-1,7.915562987e-1,6.368713856e0,-3.903199434e-1
train,1377,O=C([O-])C1=CC[NH2+]C1,3.994631290e0,1.734190285e-1,4.749337733e-1,2.374668837e0,4.168050289e0,-2.114512205e0
train,1378,C#CC[NH+]1C(C)C1CC,7.328026772e0,-1.878617108e-1,1.583112627e-1,7.915562987e-1,7.140164852e0,2.141022235e-1
train,1379,CC1=C2CCC2C(=O)C1,5.842284679e0,-1.765836626e-1,1.583112627e-1,7.915562987e-1,5.665700912e0,-9.411217570e-1
train,1380,NC(=O)c1ccccc1,5.749765873e0,2.816547751e-1,1.583112627e-1,7.915562987e-1,6.031420708e0,-6.545848846e-1
train,1381,OC12CC3C4C3C1C42,7.858648300e0,-1.259828061e-1,1.583112627e-1,7.915562987e-1,7.732665539e0,6.783190370e-1
train,1382,CC12CC(O)C1C1CC12,8.062733650e0,7.558260113e-2,1.583112627e-1,7.915562987e-1,8.138316154e0,9.961411953e-1
train,1383,CC([NH-])OCC1(O)CC1,7.551159859e0,1.851950288e-1,1.583112627e-1,7.915562987e-1,7.736354828e0,6.812095642e-1
train,1384,CC1(C#N)[NH+]2CCC21C,7.455919266e0,-7.946565002e-2,1.583112627e-1,7.915562987e-1,7.376453400e0,3.992313147e-1
train,1385,CC12CC(N)C1(C#N)N2,7.156594753e0,2.169736475e-1,1.583112627e-1,7.915562987e-1,7.373568535e0,3.969710767e-1
train,1386,C1CC2CC3CC3(C1)O2,8.626008987e0,-2.406225652e-1,1.583112627e-1,7.915562987e-1,8.385386467e0,1.189717650e0
train,1387,CCC1C(CC)C1OC,8.424644470e0,-8.832240850e-2,1.583112627e-1,7.915562987e-1,8.336321831e0,1.151276231e0
train,1388,COC1C(C#N)C1C=O,6.051812172e0,-8.833976090e-2,1.583112627e-1,7.915562987e-1,5.963472366e0,-7.078215480e-1
train,1389,CC1C(O)C(C)C1CO,8.416481972e0,1.471993327e-1,1.583112627e-1,7.915562987e-1,8.563681602e0,1.329409719e0
train,1390,CC(=O)C1OC1(C)C=O,5.572891712e0,-4.162691161e-2,1.583112627e-1,7.915562987e-1,5.531264782e0,-1.046450734e0
train,1391,O=CN1C=CC(O)C1,5.730718136e0,3.138410747e-1,1.583112627e-1,7.915562987e-1,6.044559002e0,-6.442912221e-1
train,1392,O=CCCC(=O)CO,6.035485268e0,-8.486144943e-4,1.583112627e-1,7.915562987e-1,6.034636497e0,-6.520653367e-1
train,1393,CC(C)C12C[NH+](C1)C2C,7.945724487e0,3.234177828e-1,4.749337733e-1,2.374668837e0,8.269142151e0,1.098641753e0
train,1394,NC(=O)c1[nH]nnc1N,4.797367573e0,-1.154881343e-1,1.583112627e-1,7.915562987e-1,4.681879520e0,-1.711933494e0
train,1395,N#CCCC1C2CCC12,8.250492096e0,1.695173830e-1,1.583112627e-1,7.915562987e-1,8.420009613e0,1.216844559e0
train,1396,OCC1C2(O)CCC12O,7.888580799e0,-2.434700280e-1,1.583112627e-1,7.915562987e-1,7.645110607e0,6.097208858e-1
train,1397,C#CC(C)(O)CCC,8.182463646e0,9.761054814e-2,4.749337733e-1,2.374668837e0,8.280074120e0,1.107206821e0
train,1398,O=C([O-])C1=CC2CC1[NH2+]2,4.430013657e0,6.310155392e-1,4.749337733e-1,2.374668837e0,5.061029434e0,-1.414874196e0
train,1399,CNC(=O)CN(C)C=O,6.966114998e0,1.069287509e-1,1.583112627e-1,7.915562987e-1,7.073043823e0,1.615137309e-1
train,1400,CC1(C=O)CC(C=O)N1,5.698064327e0,-2.560720444e-1,1.583112627e-1,7.915562987e-1,5.441992283e0,-1.116394639e0
train,1401,CC1C2OC1C1CCC12,8.876354218e0,-6.488665938e-1,4.749337733e-1,2.374668837e0,8.227487564e0,1.066005945e0
train,1402,CC(C)CC1(C)CCO1,8.568865776e0,1.877451502e-2,1.583112627e-1,7.915562987e-1,8.587640762e0,1.348181367e0
train,1403,O=C1C2C3CC4C1C4C32,5.978341103e0,-1.735277623e-1,1.583112627e-1,7.915562987e-1,5.804813385e0,-8.321288824e-1
train,1404,CC1C2C3OC3C12CO,7.673610687e0,-1.191015467e-1,4.749337733e-1,2.374668837e0,7.554509163e0,5.387358069e-1
train,1405,O=C1CC=C2CCC2C1,6.070860386e0,-2.471297383e-1,1.583112627e-1,7.915562987e-1,5.823730469e0,-8.173075914e-1
train,1406,Nc1ncc[nH]c1=O,4.628656864e0,8.912640624e-3,1.583112627e-1,7.915562987e-1,4.637569427e0,-1.746649861e0
train,1407,OCCC1CC=CCC1,7.292651653e0,-4.821568355e-2,1.583112627e-1,7.915562987e-1,7.244435787e0,2.957971990e-1
train,1408,CCC1C(C)CC2CC21,9.080439568e0,-1.196023170e-2,1.583112627e-1,7.915562987e-1,9.068479538e0,1.724912524e0
train,1409,CNc1onc(O)c1N,6.266781807e0,-1.041618109e0,4.749337733e-1,2.374668837e0,5.225163460e0,-1.286277294e0
train,1410,CCC1C2OC3C(O2)C13,8.794719696e0,1.709072143e-1,1.583112627e-1,7.915562987e-1,8.965626717e0,1.644328594e0
train,1411,c1cnc2cnnn2c1,4.617772102e0,-1.017706394e-1,1.583112627e-1,7.915562987e-1,4.516001701e0,-1.841896653e0
train,1412,C#CC#CCCC,6.296714783e0,2.203077078e-1,4.749337733e-1,2.374668837e0,6.517022610e0,-2.741219103e-1
train,1413,OC12CCC1=CC1NC12,6.375627518e0,-4.040795565e-1,4.749337733e-1,2.374668837e0,5.971548080e0,-7.014943361e-1
train,1414,[CH+]1[NH2+]CC23CC2[NH2+][CH+][NH+]13,6.103513718e0,4.277508259e-1,1.583112627e-1,7.915562987e-1,6.531264305e0,-2.629637122e-1
train,1415,CC#CC(C)C(C)CC,8.242328644e0,8.383560181e-2,1.583112627e-1,7.915562987e-1,8.326164246e0,1.143317819e0
train,1416,N#CC12CC3(O)C[NH+]1C32,7.496736526e0,-8.291003704e-1,4.749337733e-1,2.374668837e0,6.667635918e0,-1.561182588e-1
train,1417,C#CC(C)(O)C(C)C=O,6.002831459e0,8.537715673e-2,1.583112627e-1,7.915562987e-1,6.088208675e0,-6.100922227e-1
train,1418,NC(=O)C1NC1C(N)=O,6.378348827e0,-1.759360433e-1,1.583112627e-1,7.915562987e-1,6.202412605e0,-5.206148624e-1
train,1419,c1cnc(C2CC2)cn1,5.444998264e0,1.896829605e-1,4.749337733e-1,2.374668837e0,5.634681225e0,-9.654253125e-1
train,1420,COC(C)(C=O)C1CN1,5.668131351e0,3.333976269e-1,1.583112627e-1,7.915562987e-1,6.001528740e0,-6.780048609e-1
train,1421,CC1C=CC2CCC12O,6.974278450e0,-1.924754828e-1,1.583112627e-1,7.915562987e-1,6.781803131e0,-6.666968763e-2
train,1422,C[NH2+]Cc1noc([NH-])n1,4.272187710e0,-2.762139030e-2,1.583112627e-1,7.915562987e-1,4.244566441e0,-2.054562807e0
train,1423,C#CC1NC2COC12C,7.189248085e0,-3.150317371e-1,1.583112627e-1,7.915562987e-1,6.874216557e0,5.735070910e-3
train,1424,CCC1CC2CC1C2,1.030767345e1,1.339611132e-2,1.583112627e-1,7.915562987e-1,1.032106972e1,2.706301212e0
train,1425,N#CC#CC1OC2CC12,5.583776474e0,1.119595915e-1,4.749337733e-1,2.374668837e0,5.695735931e0,-9.175896645e-1
train,1426,C1=C2CCCC3C(C1)C23,6.405560493e0,-9.407493472e-2,1.583112627e-1,7.915562987e-1,6.311485767e0,-4.351574183e-1
train,1427,OC1COc2ncoc21,5.649083614e0,2.940080501e-2,1.583112627e-1,7.915562987e-1,5.678484440e0,-9.311060309e-1
train,1428,CCc1cn[nH]c1,7.047749043e0,1.012334302e-1,1.583112627e-1,7.915562987e-1,7.148982525e0,2.210107595e-1
train,1429,C#CC12CCC3C(C1)[NH+]32,7.393333435e0,-6.236313656e-2,1.583112627e-1,7.915562987e-1,7.330970287e0,3.635958731e-1
train,1430,CC1=CC(=O)C2OC2C1,5.121182919e0,1.657536328e-1,1.583112627e-1,7.915562987e-1,5.286936760e0,-1.237878680e0
train,1431,COc1cnn(C)c1O,6.253176689e0,1.223784965e-2,1.583112627e-1,7.915562987e-1,6.265414715e0,-4.712535143e-1
train,1432,CC(O)(C#N)C(O)CO,8.070897102e0,6.881354451e-1,4.749337733e-1,2.374668837e0,8.759032249e0,1.482464433e0
train,1433,CCc1cc(N)oc1O,6.068139076e0,1.510523558e-1,1.583112627e-1,7.915562987e-1,6.219191551e0,-5.074687600e-1
train,1434,OCC12CCC(O1)C2O,8.645057678e0,1.780279540e-2,1.583112627e-1,7.915562987e-1,8.662860870e0,1.407115459e0
train,1435,COC(CO)C1(O)CC1,8.566143990e0,-2.116137743e-1,1.583112627e-1,7.915562987e-1,8.354530334e0,1.165542364e0
train,1436,CCOC([NH-])C1(C)CC1,7.855927467e0,9.743332118e-2,1.583112627e-1,7.915562987e-1,7.953360558e0,8.512308598e-1
train,1437,CC1(O)C2C3C4C1C2[NH+]34,7.817831039e0,-6.489562243e-2,1.583112627e-1,7.915562987e-1,7.752935410e0,6.942002773e-1
train,1438,C#CCC1CCCO1,8.108993530e0,-1.032234281e-1,1.583112627e-1,7.915562987e-1,8.005769730e0,8.922927380e-1
train,1439,OCCCC1OCC1O,8.329405785e0,2.053137869e-1,1.583112627e-1,7.915562987e-1,8.534719467e0,1.306718230e0
train,1440,CCC#CCC(C)O,8.084503174e0,-2.068892121e-1,1.583112627e-1,7.915562987e-1,7.877614021e0,7.918843627e-1
train,1441,N#CC1C=CC2COC12,6.960672855e0,-1.865379512e-2,1.583112627e-1,7.915562987e-1,6.942018986e0,5.885742232e-2
train,1442,CC12C3[CH-]COC1C2C3,5.722554207e0,-1.387458146e-1,1.583112627e-1,7.915562987e-1,5.583808422e0,-1.005283475e0
train,1443,C[NH+]1CC1(C)C1(C)CC1,8.299472809e0,3.253906965e-1,4.749337733e-1,2.374668837e0,8.624863625e0,1.377345085e0
train,1444,C#CC(C)(C=O)C1CN1,5.657247066e0,2.781055868e-1,1.583112627e-1,7.915562987e-1,5.935352802e0,-7.298528552e-1
train,1445,O=C1C2CC2NC12CC2,5.455882549e0,2.939427495e-1,1.583112627e-1,7.915562987e-1,5.749825478e0,-8.752112389e-1
train,1446,CC1CC(O)C(=O)C1O,5.921197414e0,-5.128597468e-2,1.583112627e-1,7.915562987e-1,5.869911671e0,-7.811251879e-1
train,1447,C[NH+]1CCNC(=O)C1,6.974278450e0,1.767882109e-1,4.749337733e-1,2.374668837e0,7.151066780e0,2.226437479e-1
train,1448,CC1(C)C(=O)NC1C=O,5.730718136e0,-4.033249244e-2,1.583112627e-1,7.915562987e-1,5.690385818e0,-9.217814207e-1
train,1449,CC#CCC(=O)NC=O,5.940245628e0,-1.428675950e-1,1.583112627e-1,7.915562987e-1,5.797378063e0,-8.379543424e-1
train,1450,C1CC(C23C[NH+](C2)C3)C1,8.196069717e0,3.110338151e-1,4.749337733e-1,2.374668837e0,8.507103920e0,1.285081744e0
train,1451,CCOC(=O)C1CO1,7.153872967e0,1.861044616e-1,1.583112627e-1,7.915562987e-1,7.339977264e0,3.706527352e-1
train,1452,CC12CC3CC1(C)C32C,8.313077927e0,-9.011252970e-2,1.583112627e-1,7.915562987e-1,8.222965240e0,1.062462687e0
train,1453,CC1(C)OC1C#CC#N,6.062696934e0,9.706596285e-2,1.583112627e-1,7.915562987e-1,6.159762859e0,-5.540304184e-1
train,1454,CC12CNCC1(C#N)O2,6.557943821e0,1.733400375e-1,1.583112627e-1,7.915562987e-1,6.731283665e0,-1.062510535e-1
train,1455,CC1CC(N)C1(O)C#N,8.277703285e0,-1.018189117e-1,1.583112627e-1,7.915562987e-1,8.175884247e0,1.025575399e0
train,1456,CC12C[NH+]1[CH+][NH2+]C2CO,6.459982872e0,-9.101375192e-2,1.583112627e-1,7.915562987e-1,6.368968964e0,-3.901200593e-1
train,1457,CCOC(N)=NCC#N,7.515784740e0,-5.709727407e-1,4.749337733e-1,2.374668837e0,6.944811821e0,6.104557216e-2
train,1458,CCC1=CC2CC1C2C,6.440935135e0,-3.143394589e-1,4.749337733e-1,2.374668837e0,6.126595497e0,-5.800166130e-1
train,1459,CCOC1C2C3OC3C12,7.434150696e0,6.272852421e-1,4.749337733e-1,2.374668837e0,8.061435699e0,9.359063506e-1
train,1460,C#CC1(C)C2COC1C2,7.586534500e0,1.042308807e-1,4.749337733e-1,2.374668837e0,7.690765381e0,6.454908252e-1
train,1461,O=CCC(CO)[NH+]1CC1,5.975620270e0,-4.310153797e-2,1.583112627e-1,7.915562987e-1,5.932518959e0,-7.320731878e-1
train,1462,CC(CO)C(C)C1CO1,9.181120872e0,-1.454951316e-1,1.583112627e-1,7.915562987e-1,9.035625458e0,1.699171782e0
train,1463,c1cnc(C2CC2)cn1,5.444998264e0,-5.798362941e-2,4.749337733e-1,2.374668837e0,5.387014866e0,-1.159468770e0
train,1464,CC#CC1C2C(=O)C[NH+]12,5.771534920e0,-1.067175195e-1,1.583112627e-1,7.915562987e-1,5.664817333e0,-9.418140054e-1
train,1465,CCC(O)C1C2CC[NH+]21,8.231444359e0,1.500304788e-1,1.583112627e-1,7.915562987e-1,8.381474495e0,1.186652780e0
train,1466,O=CCNc1ncco1,5.200095654e0,1.085793748e-1,4.749337733e-1,2.374668837e0,5.308674812e0,-1.220847249e0
train,1467,N#CC#Cc1ncno1,5.113019466e0,1.924860477e-1,1.583112627e-1,7.915562987e-1,5.305505753e0,-1.223330140e0
train,1468,CC12C=CC(C)(O1)C2O,6.473588943e0,-1.179221943e-1,1.583112627e-1,7.915562987e-1,6.355666637e0,-4.005422890e-1
train,1469,CC1(OC=O)COC1,7.186526775e0,4.436196387e-1,1.583112627e-1,7.915562987e-1,7.630146503e0,5.979967117e-1
train,1470,OC12C3COCC1C2O3,7.836878777e0,-1.046068594e-2,1.583112627e-1,7.915562987e-1,7.826417923e0,7.517728806e-1
train,1471,CC#CC(C)CC,8.258655548e0,-1.616895348e-1,1.583112627e-1,7.915562987e-1,8.096965790e0,9.637437463e-1
train,1472,Cn1ncc(C2CN2)n1,6.024600506e0,-4.592736661e-1,4.749337733e-1,2.374668837e0,5.565326691e0,-1.019763708e0
train,1473,CC(C)OC(C=O)CO,5.809630871e0,7.595655322e-2,1.583112627e-1,7.915562987e-1,5.885587215e0,-7.688435912e-1
train,1474,CC(O)C(O)(C#N)C#N,7.398775578e0,-3.950488567e-1,4.749337733e-1,2.374668837e0,7.003726959e0,1.072048470e-1
train,1475,OCC1(O)C2CCC1O2,7.997426510e0,-9.774561971e-2,1.583112627e-1,7.915562987e-1,7.899681091e0,8.091736436e-1
train,1476,CC1=CC(=O)C(C)NC1,4.898049831e0,3.522278368e-1,4.749337733e-1,2.374668837e0,5.250277519e0,-1.266600728e0
train,1477,CC#CC1=CCC(=O)N1,4.998731613e0,-5.190198421e-1,4.749337733e-1,2.374668837e0,4.479711533e0,-1.870329499e0
train,1478,O=C1NC2CCC12O,6.976998806e0,5.573930740e-1,4.749337733e-1,2.374668837e0,7.534391880e0,5.229741335e-1
train,1479,O=c1ccnc[nH]1,5.349758625e0,-1.672749221e-1,1.583112627e-1,7.915562987e-1,5.182483673e0,-1.319716334e0
train,1480,CC#Cc1oncc1N,4.835463047e0,-4.225956202e-1,4.749337733e-1,2.374668837e0,4.412867546e0,-1.922701001e0
train,1481,CC1CC2CCCC2C1,9.929434776e0,3.817223758e-2,1.583112627e-1,7.915562987e-1,9.967606544e0,2.429367304e0
train,1482,CCCCC#N,9.632830620e0,1.567140594e-2,1.583112627e-1,7.915562987e-1,9.648502350e0,2.179353237e0
train,1483,COCc1cnc(C)[nH]1,6.517127037e0,9.820489883e-1,4.749337733e-1,2.374668837e0,7.499176025e0,4.953829646e-1
train,1484,O=C1NCC2(O)COC12,6.653183937e0,-7.714117318e-2,1.583112627e-1,7.915562987e-1,6.576042652e0,-2.278804332e-1
train,1485,OC12CC3CC(C1)C32,8.710365295e0,-2.432094812e-1,1.583112627e-1,7.915562987e-1,8.467155457e0,1.253782630e0
train,1486,CCC([NH2+]C)OC1CC1,7.382448673e0,3.373000324e-1,1.583112627e-1,7.915562987e-1,7.719748497e0,6.681987047e-1
train,1487,CC1=CC2(C)C3CC1[NH+]32,5.932082176e0,-7.835966349e-2,1.583112627e-1,7.915562987e-1,5.853722572e0,-7.938091159e-1
train,1488,Nc1c[nH]nc1[N+](=O)[O-],4.114361286e0,-7.311391085e-2,1.583112627e-1,7.915562987e-1,4.041247368e0,-2.213860750e0
train,1489,C#CC(CC)COC,8.528048515e0,5.357427523e-2,1.583112627e-1,7.915562987e-1,8.581623077e0,1.343466640e0
train,1490,Nc1nncc(O)c1F,5.491257668e0,7.034657151e-2,1.583112627e-1,7.915562987e-1,5.561604023e0,-1.022680402e0
train,1491,CC1COCC2C(C)[NH+]12,7.845042706e0,4.446266592e-2,4.749337733e-1,2.374668837e0,7.889505386e0,8.012011051e-1
train,1492,CN1C(=O)CC1C1CO1,7.613745689e0,-3.455980718e-1,4.749337733e-1,2.374668837e0,7.268147469e0,3.143749833e-1
train,1493,c1n[nH]nc1C1CC1,6.634135723e0,-8.919760585e-2,1.583112627e-1,7.915562987e-1,6.544938087e0,-2.522504628e-1
train,1494,CC(O)CC1(O)COC1,8.307636261e0,1.880706400e-1,1.583112627e-1,7.915562987e-1,8.495706558e0,1.276152134e0
train,1495,N#CC12C3C4CC1[NH+]4C32,6.952508926e0,2.810820639e-1,1.583112627e-1,7.915562987e-1,7.233591080e0,2.873004973e-1
train,1496,C1CC2CC3OC2CC13,8.898122787e0,-1.050488055e-1,4.749337733e-1,2.374668837e0,8.793073654e0,1.509135485e0
train,1497,CC1C2CC3C1C23CO,8.196069717e0,-1.492787153e-1,1.583112627e-1,7.915562987e-1,8.046791077e0,9.244324565e-1
train,1498,[NH-]C1C=CC(C2CN2)O1,5.610987663e0,2.924262881e-1,4.749337733e-1,2.374668837e0,5.903413773e0,-7.548767328e-1
train,1499,O=CC(CO)C1CCC1,6.147051811e0,8.826201409e-2,1.583112627e-1,7.915562987e-1,6.235313892e0,-4.948371351e-1
train,1500,CC([NH+]1CC1)C1(C)CC1,8.549818039e0,3.379326314e-2,1.583112627e-1,7.915562987e-1,8.583611488e0,1.345024467e0
train,1501,O=CC1=CC2CC1CO2,5.004173756e0,5.093935728e-1,4.749337733e-1,2.374668837e0,5.513567448e0,-1.060316443e0
train,1502,CCC1CC12CCCO2,8.408317566e0,2.571501136e-1,1.583112627e-1,7.915562987e-1,8.665467262e0,1.409157515e0
train,1503,CCOC12COC(C1)C2,8.655941963e0,-2.129360437e-1,4.749337733e-1,2.374668837e0,8.443005562e0,1.234861493e0
train,1504,C1OC2CC3(CC3)C2O1,8.789278030e0,4.026003927e-2,1.583112627e-1,7.915562987e-1,8.829538345e0,1.537705064e0
train,1505,CC1C[NH+]1C1CC1(C)C,8.446413994e0,2.273174971e-1,1.583112627e-1,7.915562987e-1,8.673731804e0,1.415632606e0
train,1506,CC1(C)C[NH+]2CC21CO,8.321241379e0,1.132874414e-1,1.583112627e-1,7.915562987e-1,8.434528351e0,1.228219748e0
train,1507,C#Cc1nc(C)c(C)[nH]1,5.281730175e0,8.197183609e-1,4.749337733e-1,2.374668837e0,6.101448536e0,-5.997189879e-1
train,1508,CC1(C)CCOC(=O)O1,8.762065887e0,5.229330063e-2,4.749337733e-1,2.374668837e0,8.814359665e0,1.525812864e0
train,1509,C#CC(CO)C(O)C=O,6.032763958e0,1.850751229e-2,1.583112627e-1,7.915562987e-1,6.051271439e0,-6.390320659e-1
train,1510,CCC1(O)CCCC1O,8.925334930e0,2.553242743e-1,4.749337733e-1,2.374668837e0,9.180659294e0,1.812803984e0
train,1511,CC1(O)C2CC1C1CC12,8.579750061e0,2.041871250e-1,4.749337733e-1,2.374668837e0,8.783937454e0,1.501977444e0
train,1512,N#CC#CC1NCC[NH2+]1,4.481715202e0,1.618761122e-1,1.583112627e-1,7.915562987e-1,4.643591404e0,-1.741931677e0
train,1513,CC1C=CC2C=CC1C2,6.285830498e0,-6.498416513e-2,4.749337733e-1,2.374668837e0,6.220846176e0,-5.061724186e-1
train,1514,CC(=O)NC1COC1,7.469525814e0,-2.441075295e-1,1.583112627e-1,7.915562987e-1,7.225418091e0,2.808970511e-1
train,1515,CCC1(CC#N)OC1C,8.307636261e0,-1.075838432e-1,1.583112627e-1,7.915562987e-1,8.200052261e0,1.044510722e0
train,1516,CCCc1ncnn1C,7.148430824e0,3.090078831e-1,4.749337733e-1,2.374668837e0,7.457438469e0,4.626820982e-1
train,1517,CNc1cc(OC)no1,6.430050850e0,4.885337353e-1,4.749337733e-1,2.374668837e0,6.918584824e0,4.049704969e-2
train,1518,CC(=O)n1cc(N)cn1,4.835463047e0,-5.034497008e-2,1.583112627e-1,7.915562987e-1,4.785118103e0,-1.631047368e0
train,1519,C#CC1CC2NC12C=O,5.896707535e0,-3.347648308e-2,1.583112627e-1,7.915562987e-1,5.863231182e0,-7.863592505e-1
train,1520,CC1(C)NC=CC1=O,5.175605774e0,-2.358376980e-1,4.749337733e-1,2.374668837e0,4.939767838e0,-1.509881139e0
train,1521,O=C1CC23CC12N[CH+][NH2+]3,5.839563370e0,-2.583321370e-2,1.583112627e-1,7.915562987e-1,5.813730240e0,-8.251426220e-1
train,1522,[NH-]C1C=NC(N)=C(O)O1,3.466730356e0,-1.636989117e-1,1.583112627e-1,7.915562987e-1,3.303031445e0,-2.792243481e0
train,1523,Cc1ccn(C)c1,6.680395126e0,3.352323174e-1,1.583112627e-1,7.915562987e-1,7.015627384e0,1.165286750e-1
train,1524,C1C2CC34CCC23C1C4,8.070897102e0,2.630491555e-1,1.583112627e-1,7.915562987e-1,8.333946228e0,1.149414897e0
train,1525,Cn1cc(O)c(O)c1,6.310320377e0,-5.864840373e-2,1.583112627e-1,7.915562987e-1,6.251671791e0,-4.820209444e-1
train,1526,CNCc1noc(C)n1,5.651804924e0,-3.018121123e-1,1.583112627e-1,7.915562987e-1,5.349992752e0,-1.188475132e0
train,1527,CCc1cc(O)n(C)n1,6.906250000e0,-2.916494012e-1,1.583112627e-1,7.915562987e-1,6.614600658e0,-1.976707280e-1
train,1528,CC#CC1[NH2+]C2CC2O1,5.711669922e0,-2.040722370e-1,4.749337733e-1,2.374668837e0,5.507597923e0,-1.064993501e0
train,1529,COC(=O)C1C2C[NH+]1C2,6.272224426e0,-1.978024244e-1,4.749337733e-1,2.374668837e0,6.074421883e0,-6.208940148e-1
train,1530,Cc1cn(C=O)c(C)n1,5.061317921e0,8.397418261e-2,4.749337733e-1,2.374668837e0,5.145292282e0,-1.348855376e0
train,1531,CC1(C)NC1CCO,8.587913513e0,-2.493745834e-1,1.583112627e-1,7.915562987e-1,8.338539124e0,1.153013349e0
train,1532,COC1C=CC2(CC2)O1,6.394675732e0,5.288100243e-1,4.749337733e-1,2.374668837e0,6.923485756e0,4.433687031e-2
train,1533,CC(C=O)CC#CC=O,5.474930763e0,1.447861195e-1,1.583112627e-1,7.915562987e-1,5.619716644e0,-9.771498442e-1
train,1534,CCN=C(N)C#N,5.959293365e0,-7.539166212e-1,4.749337733e-1,2.374668837e0,5.205376625e0,-1.301779985e0
train,1535,OC1C2OC3C2[NH+]2C1C32,7.847763538e0,-2.649362981e-1,1.583112627e-1,7.915562987e-1,7.582827091e0,5.609225035e-1
train,1536,CCC1C=CCC12CC2,7.091287136e0,2.415000275e-2,1.583112627e-1,7.915562987e-1,7.115437031e0,1.947282851e-1
train,1537,CC1C2C3CC4C1C2C34,8.800162315e0,-5.467309151e-3,1.583112627e-1,7.915562987e-1,8.794694901e0,1.510405779e0
train,1538,C[NH2+]C1NC(C)C1O,7.017816544e0,6.991624366e-3,1.583112627e-1,7.915562987e-1,7.024807930e0,1.237215176e-1
train,1539,NC(=O)C1(O)COC1,7.368843079e0,2.531522186e-3,1.583112627e-1,7.915562987e-1,7.371374607e0,3.952521682e-1
train,1540,N#CCOCCCCO,7.684495449e0,-2.800686657e-1,1.583112627e-1,7.915562987e-1,7.404426575e0,4.211479723e-1
train,1541,C1=C2CCCOC2OC1,6.903528214e0,-2.626988105e-2,1.583112627e-1,7.915562987e-1,6.877258301e0,8.118239231e-3
train,1542,CCOC1=NCCOC1,7.129383087e0,4.831383377e-2,1.583112627e-1,7.915562987e-1,7.177696705e0,2.435079515e-1
train,1543,CC1=CC(=O)NC=NC1,5.649083614e0,-3.172898889e-1,4.749337733e-1,2.374668837e0,5.331793785e0,-1.202733755e0
train,1544,CC1(C)C[NH+](CC#N)C1,7.066796780e0,2.870441675e-1,1.583112627e-1,7.915562987e-1,7.353840828e0,3.815146685e-1
train,1545,[CH+]1[NH2+]C2COCCC2O1,7.202853680e0,-3.253362477e-1,4.749337733e-1,2.374668837e0,6.877517223e0,8.321101777e-3
train,1546,[NH-][CH+]Oc1c[nH]nc1O,6.419166088e0,-1.188412532e-1,1.583112627e-1,7.915562987e-1,6.300324917e0,-4.439018071e-1
train,1547,CC(=O)C1(C(C)O)CC1,6.277666569e0,-2.562718093e-1,1.583112627e-1,7.915562987e-1,6.021394730e0,-6.624401212e-1
train,1548,CC1(O)CC(O)C2CC21,8.642336845e0,4.532653838e-2,1.583112627e-1,7.915562987e-1,8.687663078e0,1.426547647e0
train,1549,C[CH+]1NO[CH+]C(N)=C1[NH-],4.658589363e0,5.749768019e-2,1.583112627e-1,7.915562987e-1,4.716086864e0,-1.685132384e0
train,1550,CC(O)(CC=O)C1CO1,6.070860386e0,-6.141811982e-2,1.583112627e-1,7.915562987e-1,6.009442329e0,-6.718046665e-1
train,1551,CC1=CNC(=O)C1(C)C,5.785140514e0,-2.524502277e-1,4.749337733e-1,2.374668837e0,5.532690048e0,-1.045334101e0
train,1552,CC12CC3[CH-]C(=O)C1C32,4.359263897e0,9.484118223e-1,4.749337733e-1,2.374668837e0,5.307675838e0,-1.221629858e0
train,1553,C#CC1C2NC(=O)NC12,7.175642490e0,1.860555634e-2,1.583112627e-1,7.915562987e-1,7.194248199e0,2.564758360e-1
train,1554,CC1CC2OC2CO1,9.238265991e0,-1.069183946e-1,4.749337733e-1,2.374668837e0,9.131347656e0,1.774168968e0
train,1555,CC1C=C(C=O)C2OC12,5.121182919e0,6.873097271e-2,1.583112627e-1,7.915562987e-1,5.189913750e0,-1.313894987e0
train,1556,CC12CNC(=O)C(C1)O2,6.819173336e0,1.676337421e-1,1.583112627e-1,7.915562987e-1,6.986806870e0,9.394816309e-2
train,1557,O=CN1C=NCC(O)C1,6.087186813e0,2.472196147e-2,1.583112627e-1,7.915562987e-1,6.111908913e0,-5.915234089e-1
train,1558,NC1CC2(CC2)OC1=O,6.862711906e0,-1.347789466e-1,1.583112627e-1,7.915562987e-1,6.727932930e0,-1.088763103e-1
train,1559,O=C1CC2CC1(O)CO2,6.152494431e0,-6.281051785e-2,1.583112627e-1,7.915562987e-1,6.089684010e0,-6.089363098e-1
train,1560,CCNc1ncnn1C,6.669510841e0,-3.758281767e-1,4.749337733e-1,2.374668837e0,6.293682575e0,-4.491060078e-1
train,1561,O=C1C2OC2C2(O)CC12,5.545680046e0,2.206945717e-1,1.583112627e-1,7.915562987e-1,5.766374588e0,-8.622452021e-1
train,1562,COC1(C)CCC1,8.862749100e0,1.876065880e-1,1.583112627e-1,7.915562987e-1,9.050355911e0,1.710712910e0
train,1563,OC1C2CC13C=CC[NH+]23,5.910312653e0,8.839365095e-2,4.749337733e-1,2.374668837e0,5.998706341e0,-6.802161932e-1
train,1564,Nc1cn[nH]c(=O)n1,5.093971252e0,1.307426691e-1,1.583112627e-1,7.915562987e-1,5.224713802e0,-1.286629558e0
train,1565,CCC(=NO)C1(O)CC1,6.655904770e0,-1.208477169e-1,1.583112627e-1,7.915562987e-1,6.535057068e0,-2.599921227e-1
train,1566,CC1C2OC3C1C(O)C23,8.362058640e0,1.659269780e-1,1.583112627e-1,7.915562987e-1,8.527985573e0,1.301442266e0
train,1567,CC1C2C3(C)C[NH+]1C23C,8.269539833e0,2.216210514e-1,4.749337733e-1,2.374668837e0,8.491161346e0,1.272590995e0
train,1568,COC(C)CC#N,8.299472809e0,-2.561500967e-1,4.749337733e-1,2.374668837e0,8.043322563e0,9.217149615e-1
train,1569,[NH-]c1cnnc(N)[nH+]1,4.821857452e0,1.366413534e-1,1.583112627e-1,7.915562987e-1,4.958498955e0,-1.495205641e0
train,1570,C1C2[NH+]1CC13CCC21O3,8.299472809e0,-1.883639544e-1,1.583112627e-1,7.915562987e-1,8.111108780e0,9.748246074e-1
train,1571,CC1=CCC=C(C)C=C1,5.099413872e0,-5.188409612e-2,1.583112627e-1,7.915562987e-1,5.047529697e0,-1.425451159e0
train,1572,c1cc(C2CC2)ncn1,5.842284679e0,2.304175496e-2,1.583112627e-1,7.915562987e-1,5.865326405e0,-7.847176790e-1
train,1573,c1nc2occc2o1,5.480372906e0,-9.942026809e-3,1.583112627e-1,7.915562987e-1,5.470430851e0,-1.094113350e0
train,1574,CCCC1(C)CC1OC,8.639615059e0,-6.318914145e-2,1.583112627e-1,7.915562987e-1,8.576425552e0,1.339394450e0
train,1575,CC1(O)C(=O)C[NH2+]C1N,5.594660759e0,1.499825865e-1,1.583112627e-1,7.915562987e-1,5.744643211e0,-8.792714477e-1
train,1576,OCCC(O)CC1CO1,8.865469933e0,-2.466206700e-1,1.583112627e-1,7.915562987e-1,8.618848801e0,1.372632504e0
train,1577,CCC1(OC)CC1OC,8.933498383e0,3.057276011e-1,1.583112627e-1,7.915562987e-1,9.239226341e0,1.858690500e0
train,1578,CC1C2C(=O)C3C2C[NH+]13,6.000110626e0,-4.497901797e-1,1.583112627e-1,7.915562987e-1,5.550320625e0,-1.031520724e0
train,1579,CC1(C2CNC2=O)CC1,7.673610687e0,1.020476781e-2,1.583112627e-1,7.915562987e-1,7.683815479e0,6.400456429e-1
train,1580,CC#CC1CC(CO)O1,7.308978081e0,9.328473359e-2,1.583112627e-1,7.915562987e-1,7.402262688e0,4.194525778e-1
train,1581,C#CC1=CC(C)NC1=O,5.431392670e0,-1.265398227e-2,1.583112627e-1,7.915562987e-1,5.418738842e0,-1.134613395e0
train,1582,CNc1cc(C)no1,6.196032524e0,4.092892706e-1,4.749337733e-1,2.374668837e0,6.605321884e0,-2.049405277e-1
train,1583,CCCN(C=O)CCO,7.020537376e0,-1.294785291e-1,1.583112627e-1,7.915562987e-1,6.891058922e0,1.893085241e-2
train,1584,CC1[NH2+]C2C=CCC2O1,6.914412975e0,1.829593778e-1,1.583112627e-1,7.915562987e-1,7.097372532e0,1.805749685e-1
train,1585,CC(O)C12CCOC1C2,7.989262581e0,3.586032242e-2,1.583112627e-1,7.915562987e-1,8.025122643e0,9.074555039e-1
train,1586,CC#CCC(=O)CCC,6.209638119e0,-5.369172618e-2,1.583112627e-1,7.915562987e-1,6.155946255e0,-5.570206642e-1
train,1587,CC1CC12CCC2C#N,8.304915428e0,3.149236739e-1,1.583112627e-1,7.915562987e-1,8.619838715e0,1.373408079e0
train,1588,C#CC1C2OC(C)C12,7.548438072e0,3.635274172e-1,4.749337733e-1,2.374668837e0,7.911965370e0,8.187982440e-1
train,1589,CC1CCC=CC1CO,7.191968918e0,4.127046466e-2,1.583112627e-1,7.915562987e-1,7.233239174e0,2.870247662e-1
train,1590,N#CC1(O)C=CNC1=O,5.357921600e0,5.079904199e-1,4.749337733e-1,2.374668837e0,5.865911961e0,-7.842589021e-1
train,1591,C#CC(=O)C1CC1,5.605545521e0,2.473422587e-1,1.583112627e-1,7.915562987e-1,5.852887630e0,-7.944633365e-1
train,1592,CC1(COC=O)CC1,7.719869614e0,-1.699334979e-1,1.583112627e-1,7.915562987e-1,7.549936295e0,5.351529717e-1
train,1593,N#CC1CC(C#N)C1N,7.227344036e0,3.373952582e-2,1.583112627e-1,7.915562987e-1,7.261083603e0,3.088405430e-1
train,1594,CC(O)C(C=O)CC=O,5.962014675e0,-7.568702847e-2,1.583112627e-1,7.915562987e-1,5.886327744e0,-7.682633996e-1
train,1595,CC12OC([NH-])C1C2C=O,5.885822773e0,-1.797145233e-2,4.749337733e-1,2.374668837e0,5.867851257e0,-7.827395201e-1
train,1596,CC12CC3(CO3)C1CO2,8.343010902e0,-9.518292546e-2,1.583112627e-1,7.915562987e-1,8.247827530e0,1.081941962e0
train,1597,CC1=CCCC1C1CO1,7.020537376e0,-8.770237863e-2,1.583112627e-1,7.915562987e-1,6.932835102e0,5.166196451e-2
train,1598,O=CC1NC=CC1NO,4.462667465e0,2.021308839e-1,1.583112627e-1,7.915562987e-1,4.664798260e0,-1.725316405e0
train,1599,OCC12CC[NH2+]C1OC2,6.922576904e0,8.473592997e-2,1.583112627e-1,7.915562987e-1,7.007312775e0,1.100142822e-1
train,1600,N#CCNC1C[NH+]2CC12,6.957951069e0,-6.662458181e-2,1.583112627e-1,7.915562987e-1,6.891326427e0,1.914043911e-2
train,1601,CC(=O)C1OCC1C#N,5.937524319e0,2.597597241e-1,1.583112627e-1,7.915562987e-1,6.197284222e0,-5.246329308e-1
train,1602,CCC12CC(O1)C1NC12,8.258655548e0,-1.691443175e-1,1.583112627e-1,7.915562987e-1,8.089510918e0,9.579029083e-1
train,1603,C[NH+]1C(CO)C2(O)CC12,7.238228798e0,1.804006249e-1,1.583112627e-1,7.915562987e-1,7.418629646e0,4.322758913e-1
train,1604,CC(C(O)C#N)C1CN1,7.151152611e0,-3.398179710e-1,1.583112627e-1,7.915562987e-1,6.811334610e0,-4.353214428e-2
train,1605,O=C1CC2C=CC1CO2,5.755208015e0,1.737374514e-1,1.583112627e-1,7.915562987e-1,5.928945541e0,-7.348728776e-1
train,1606,CCOCC1(C)COC1,8.732133865e0,3.993261233e-2,1.583112627e-1,7.915562987e-1,8.772066116e0,1.492676377e0
train,1607,CC(O)C1(C)COC1=O,7.534832478e0,1.212520748e-1,1.583112627e-1,7.915562987e-1,7.656084538e0,6.183187962e-1
train,1608,O=CCC1CO[CH+][NH2+]1,6.068139076e0,9.514084458e-2,1.583112627e-1,7.915562987e-1,6.163280010e0,-5.512747765e-1
train,1609,Cn1ncnc1C(N)=O,6.182426929e0,-2.499818504e-1,4.749337733e-1,2.374668837e0,5.932445049e0,-7.321310639e-1
train,1610,OC1C2CC(O2)C2CC12,8.147089005e0,3.106507473e-3,1.583112627e-1,7.915562987e-1,8.150195122e0,1.005448222e0
train,1611,CC1NC1C1NC1C=O,6.005552769e0,3.615930304e-2,1.583112627e-1,7.915562987e-1,6.041712284e0,-6.465215683e-1
train,1612,CCOCCOC,9.145747185e0,1.341492087e-1,1.583112627e-1,7.915562987e-1,9.279896736e0,1.890555263e0
train,1613,CCCC1(C2CC2)CO1,9.382485390e0,-1.504769027e-1,1.583112627e-1,7.915562987e-1,9.232008934e0,1.853035808e0
train,1614,Nc1n[nH]cc1C=O,5.077644348e0,-1.475555301e-1,1.583112627e-1,7.915562987e-1,4.930088997e0,-1.517464399e0
train,1615,CC1CCC(C#N)N1,7.415102959e0,4.486242309e-3,1.583112627e-1,7.915562987e-1,7.419589043e0,4.330275655e-1
train,1616,CCC[NH+]1CC(=O)C1,5.624593258e0,-2.837660909e-1,1.583112627e-1,7.915562987e-1,5.340826988e0,-1.195656419e0
train,1617,CC(C#N)C1C[NH2+][CH+]O1,7.412381172e0,7.532346249e-2,1.583112627e-1,7.915562987e-1,7.487704754e0,4.863953590e-1
train,1618,CCC1C2CC1C2=O,6.838221550e0,-3.309443593e-1,1.583112627e-1,7.915562987e-1,6.507277012e0,-2.817574441e-1
train,1619,C#CC12OCC1OC2=O,6.348416328e0,1.658916622e-1,1.583112627e-1,7.915562987e-1,6.514307976e0,-2.762487829e-1
train,1620,C1COCC2CC2OC1,8.364779472e0,-1.913673431e-2,1.583112627e-1,7.915562987e-1,8.345643044e0,1.158579230e0
train,1621,C1C2OC1C1CC2O1,7.529390335e0,2.712843567e-2,1.583112627e-1,7.915562987e-1,7.556518555e0,5.403100848e-1
train,1622,Nc1[nH]cnc1[N+](=O)[O-],4.566070557e0,-2.006957084e-1,4.749337733e-1,2.374668837e0,4.365375042e0,-1.959910750e0
train,1623,CC(O)C(O)C1(O)CC1,8.258655548e0,6.015080959e-2,1.583112627e-1,7.915562987e-1,8.318806648e0,1.137553215e0
train,1624,O=CC1C2NC(=O)C12,5.466767311e0,-4.862005264e-2,1.583112627e-1,7.915562987e-1,5.418147087e0,-1.135077119e0
train,1625,CC1(O)C2COC21C,8.106271744e0,3.133983314e-1,4.749337733e-1,2.374668837e0,8.419670105e0,1.216578484e0
train,1626,O=CC1=CN2CC2CC1,5.140230656e0,4.562104344e-1,1.583112627e-1,7.915562987e-1,5.596441269e0,-9.953858256e-1
train,1627,NC=Nc1nc[nH]n1,5.757929325e0,3.272696137e-1,4.749337733e-1,2.374668837e0,6.085198879e0,-6.124503613e-1
train,1628,O=CC12C=CC(=O)C1N2,4.824578762e0,-1.129691303e-2,1.583112627e-1,7.915562987e-1,4.813282013e0,-1.608981252e0
train,1629,C#CC1C(C)C(O)C1C,8.274982452e0,-4.440126568e-2,1.583112627e-1,7.915562987e-1,8.230581284e0,1.068429828e0
train,1630,CC1(O)CC1(C)CO,8.745738983e0,-1.388498843e-1,1.583112627e-1,7.915562987e-1,8.606888771e0,1.363261938e0
train,1631,Cc1cc(NO)c([NH-])[nH]1,3.975583553e0,2.814881206e-1,1.583112627e-1,7.915562987e-1,4.257071495e0,-2.044765234e0
train,1632,CC1OC2C3C2C2C1C32,7.853205681e0,7.143418491e-2,1.583112627e-1,7.915562987e-1,7.924639702e0,8.287283778e-1
train,1633,COCC(C=O)C(C)O,5.926640034e0,3.067531884e-1,1.583112627e-1,7.915562987e-1,6.233393192e0,-4.963419735e-1
train,1634,C#CC1C2C[NH+]1C2CC,6.952508926e0,-5.914266109e-1,4.749337733e-1,2.374668837e0,6.361082077e0,-3.962993324e-1
train,1635,CCC(=O)C(C)O[CH+][NH-],6.209638119e0,-1.251012236e-1,1.583112627e-1,7.915562987e-1,6.084537029e0,-6.129689217e-1
train,1636,Cn1cc(O[CH+][NH-])nn1,6.114398479e0,-1.225015447e-1,1.583112627e-1,7.915562987e-1,5.991897106e0,-6.855511069e-1
train,1637,C#CCCC1OC1CC,8.590634346e0,2.724604607e-1,1.583112627e-1,7.915562987e-1,8.863094330e0,1.563995838e0
train,1638,[H]N=CN1CC(C)(O)C1=O,5.942966461e0,2.069901973e-1,1.583112627e-1,7.915562987e-1,6.149956703e0,-5.617133975e-1
train,1639,OC12C3CC1CC2C3,8.296751022e0,1.150664464e-1,1.583112627e-1,7.915562987e-1,8.411817551e0,1.210426092e0
train,1640,CNC(C#N)C(N)CO,7.597418785e0,-4.283056781e-2,1.583112627e-1,7.915562987e-1,7.554588318e0,5.387977958e-1
train,1641,OC1C2[NH2+]C3C4C1[NH+]2C34,5.118461609e0,-2.732873559e-1,1.583112627e-1,7.915562987e-1,4.845174313e0,-1.583994031e0
train,1642,[H]N=C(NC)c1ncno1,4.846347809e0,1.941759586e-1,1.583112627e-1,7.915562987e-1,5.040523529e0,-1.430940390e0
train,1643,CC#CC1C2CC(=O)N12,6.209638119e0,2.633604966e-2,1.583112627e-1,7.915562987e-1,6.235974312e0,-4.943197072e-1
train,1644,N#CC1NCC1(O)CO,7.216459274e0,-3.254590556e-2,1.583112627e-1,7.915562987e-1,7.183913231e0,2.483785301e-1
train,1645,CC1=C(C=O)C(=O)OC1,4.775598526e0,4.672420025e-2,4.749337733e-1,2.374668837e0,4.822322845e0,-1.601897836e0
train,1646,C#CCC(C=O)C1CO1,6.005552769e0,-1.074401662e-1,1.583112627e-1,7.915562987e-1,5.898112774e0,-7.590299845e-1
train,1647,O=C1CC2C3CC2C13O,6.138888836e0,2.208373100e-1,4.749337733e-1,2.374668837e0,6.359725952e0,-3.973618448e-1
train,1648,C[NH+]1C2C=CC1C1CC12,5.847726822e0,1.739981472e-1,4.749337733e-1,2.374668837e0,6.021725178e0,-6.621811986e-1
train,1649,CC1CC12C1CCC2C1,9.545754433e0,-7.867041230e-2,4.749337733e-1,2.374668837e0,9.467083931e0,2.037214041e0
train,1650,Nc1c[nH]cc1CO,6.449098587e0,-1.875371635e-1,1.583112627e-1,7.915562987e-1,6.261561394e0,-4.742725492e-1
train,1651,CC1[NH+](C)C12CCC2O,7.768850327e0,6.923830509e-2,1.583112627e-1,7.915562987e-1,7.838088512e0,7.609166503e-1
train,1652,[H]N=CN1C([NH-])C2OCC21,5.910312653e0,1.229862571e-1,1.583112627e-1,7.915562987e-1,6.033298969e0,-6.531133056e-1
train,1653,CC12OCOC1C1CC12,9.121256828e0,5.047672242e-2,1.583112627e-1,7.915562987e-1,9.171733856e0,1.805811048e0
train,1654,C#CC(C)c1ncn[nH]1,7.341631889e0,1.696976870e-1,4.749337733e-1,2.374668837e0,7.511329651e0,5.049051642e-1
train,1655,CC(C)(C#N)CC1CN1,7.997426510e0,-2.024760656e-2,1.583112627e-1,7.915562987e-1,7.977179050e0,8.698922992e-1
train,1656,N#CCC12CC1CO2,7.553880215e0,1.072781682e-1,4.749337733e-1,2.374668837e0,7.661158562e0,6.222942472e-1
train,1657,N#Cc1nc[nH]c1CO,6.117119789e0,-1.042200923e-1,4.749337733e-1,2.374668837e0,6.012899876e0,-6.690957546e-1
train,1658,O=CC12OC3CC1NC32,5.455882549e0,-1.705396026e-1,1.583112627e-1,7.915562987e-1,5.285343170e0,-1.239127278e0
train,1659,C1=CC2(OC1)C1COC12,5.845005512e0,-8.330754191e-2,1.583112627e-1,7.915562987e-1,5.761697769e0,-8.659093976e-1
train,1660,CCC(C)(C)NC(N)=O,8.166136742e0,2.514531314e-1,1.583112627e-1,7.915562987e-1,8.417590141e0,1.214948893e0
train,1661,C#CCCCCOC,8.424644470e0,6.259327382e-2,1.583112627e-1,7.915562987e-1,8.487237930e0,1.269517064e0
train,1662,CCC1(O)CC2NC21,8.035522461e0,1.344256103e-1,1.583112627e-1,7.915562987e-1,8.169947624e0,1.020924091e0
train,1663,O=CC#CC1CCCO1,5.553843975e0,8.960692212e-3,1.583112627e-1,7.915562987e-1,5.562804699e0,-1.021739602e0
train,1664,CC1CC(C)C2C(O)C12,7.986541748e0,-9.885023534e-2,1.583112627e-1,7.915562987e-1,7.887691498e0,7.997799516e-1
train,1665,O=CCOc1ccno1,5.314383507e0,2.485574782e-1,4.749337733e-1,2.374668837e0,5.562941074e0,-1.021632791e0
train,1666,CC12CCC(C1)C1OC12,9.205611229e0,-9.343415499e-1,4.749337733e-1,2.374668837e0,8.271269798e0,1.100308776e0
train,1667,OC12C3C4OC1C2(O)C43,7.591977119e0,1.296642236e-2,1.583112627e-1,7.915562987e-1,7.604943752e0,5.782506466e-1
train,1668,CCCc1cc(C)co1,6.394675732e0,1.779508591e-1,1.583112627e-1,7.915562987e-1,6.572626591e0,-2.305568755e-1
train,1669,CC(O)C1CC(NO)C1,6.770192623e0,1.912178844e-1,1.583112627e-1,7.915562987e-1,6.961410522e0,7.405044883e-2
train,1670,CC#CC12CCC1(C)C2,7.080402374e0,1.257540137e-1,1.583112627e-1,7.915562987e-1,7.206156254e0,2.658056617e-1
train,1671,OCCC12CC3C1C[NH+]32,8.332126617e0,-2.637459338e-1,1.583112627e-1,7.915562987e-1,8.068380356e0,9.413474202e-1
train,1672,C#CC1COC1C,7.858648300e0,-1.364727970e-2,1.583112627e-1,7.915562987e-1,7.845001221e0,7.663326859e-1
train,1673,CC(=O)C(=O)C(C)(C)C,4.182389736e0,-8.301958442e-2,1.583112627e-1,7.915562987e-1,4.099370003e0,-2.168322325e0
train,1674,CC1C(O)C1[NH+]1CC1C,8.264098167e0,-2.337082773e-1,1.583112627e-1,7.915562987e-1,8.030389786e0,9.115822911e-1
train,1675,CC12CC1C(C#N)O2,7.175642490e0,1.273730040e0,4.749337733e-1,2.374668837e0,8.449372292e0,1.239849806e0
train,1676,CCCc1n[nH]c(C)n1,7.110334873e0,-5.663840771e-1,4.749337733e-1,2.374668837e0,6.543951035e0,-2.530238032e-1
train,1677,C1=CC2=CC3OC3C2C1,5.167441845e0,-7.570767403e-2,1.583112627e-1,7.915562987e-1,5.091733932e0,-1.390817642e0
train,1678,CC1C(=O)CC(=O)C1C,5.420508385e0,5.769252777e-2,4.749337733e-1,2.374668837e0,5.478200912e0,-1.088025689e0
train,1679,CCc1nnoc1CO,6.027321815e0,3.737397492e-2,1.583112627e-1,7.915562987e-1,6.064695835e0,-6.285142303e-1
train,1680,O=COC12CCC(C1)C2,7.594697952e0,8.754026890e-2,1.583112627e-1,7.915562987e-1,7.682238102e0,6.388098001e-1
train,1681,c1nc2c([nH]1)C1CC2O1,6.141610146e0,-3.506002128e-1,1.583112627e-1,7.915562987e-1,5.791009903e0,-8.429437280e-1
train,1682,[NH-]C1OC2C3C(O)C2C13,7.553880215e0,-1.413671486e-2,1.583112627e-1,7.915562987e-1,7.539743423e0,5.271670222e-1
train,1683,O=C1CC=CC=CCO1,5.243634224e0,3.245564997e-1,1.583112627e-1,7.915562987e-1,5.568190575e0,-1.017519832e0
train,1684,[H]N=CNC(=O)O[CH+][NH-],6.579712868e0,-1.427616626e-1,1.583112627e-1,7.915562987e-1,6.436951160e0,-3.368568718e-1
train,1685,[NH-]C1=C([NH-])OC(CO)O1,6.370185375e0,-1.787094586e-2,1.583112627e-1,7.915562987e-1,6.352314472e0,-4.031686485e-1
train,1686,CC(C)n1cc(N)cn1,6.081744671e0,1.874565780e-1,1.583112627e-1,7.915562987e-1,6.269201279e0,-4.682867825e-1
train,1687,CC(C)C[NH+]1CC1C#N,7.306257248e0,-6.455731392e-2,1.583112627e-1,7.915562987e-1,7.241700172e0,2.936538756e-1
train,1688,CCc1cnno1,6.378348827e0,2.886778675e-2,1.583112627e-1,7.915562987e-1,6.407216549e0,-3.601535559e-1
train,1689,Cc1ccc(C=O)o1,4.966077805e0,1.034238487e-1,1.583112627e-1,7.915562987e-1,5.069501877e0,-1.408236146e0
train,1690,C#CC1C=CC(=O)CC1,5.093971252e0,8.740496635e-2,1.583112627e-1,7.915562987e-1,5.181376457e0,-1.320583820e0
train,1691,C1OC2CC2[NH+]2CC12,8.196069717e0,1.092339158e-1,1.583112627e-1,7.915562987e-1,8.305303574e0,1.126973748e0
train,1692,CCOCC(C)C1CO1,9.298130035e0,-6.421954185e-2,1.583112627e-1,7.915562987e-1,9.233910561e0,1.854525685e0
train,1693,CN(C=O)C1CC(O)C1,7.273603439e0,-1.630543917e-2,1.583112627e-1,7.915562987e-1,7.257297993e0,3.058745563e-1
train,1694,[NH-]C1OCC2C=CC1C2,6.647741318e0,6.758249998e-1,4.749337733e-1,2.374668837e0,7.323566437e0,3.577950597e-1
train,1695,Cc1nocc1N(C)C,5.722554207e0,-2.358972728e-1,4.749337733e-1,2.374668837e0,5.486657143e0,-1.081400275e0
train,1696,[H]N=CNc1cn[nH]c1O,5.915755272e0,2.540747821e-1,1.583112627e-1,7.915562987e-1,6.169829845e0,-5.461430550e-1
train,1697,Nc1ccn(C2CC2)n1,6.179705620e0,-1.085855216e-1,1.583112627e-1,7.915562987e-1,6.071120262e0,-6.234807968e-1
train,1698,O=C1COCC(CO)C1,5.749765873e0,2.121473253e-1,1.583112627e-1,7.915562987e-1,5.961913109e0,-7.090432048e-1
train,1699,C1COC2CC2O1,8.416481972e0,7.368478179e-2,1.583112627e-1,7.915562987e-1,8.490166664e0,1.271811724e0
train,1700,[NH-]C1OCOCC2OC12,7.083124161e0,1.194731146e-1,1.583112627e-1,7.915562987e-1,7.202597141e0,2.630171180e-1
train,1701,Nc1[nH]ncc1CCO,6.495357990e0,1.464604586e-1,1.583112627e-1,7.915562987e-1,6.641818523e0,-1.763458699e-1
train,1702,OC1COC2C=CC1C2,6.685837746e0,-1.831237972e-1,1.583112627e-1,7.915562987e-1,6.502714157e0,-2.853323817e-1
train,1703,CC(CO)C(=O)C(N)=O,4.783761501e0,2.966703773e-1,1.583112627e-1,7.915562987e-1,5.080431938e0,-1.399672627e0
train,1704,N#CCC(C#N)O[CH+][NH-],7.532111645e0,2.798342407e-1,1.583112627e-1,7.915562987e-1,7.811945915e0,7.404342294e-1
train,1705,C1CC2C(CO1)C1OC21,8.626008987e0,-2.701544166e-1,4.749337733e-1,2.374668837e0,8.355854988e0,1.166580200e0
train,1706,CCCOC1CC2NC21,8.367501259e0,-1.195298806e-1,1.583112627e-1,7.915562987e-1,8.247971535e0,1.082054853e0
train,1707,CC(O)C(CO)CC=O,6.223243713e0,-1.028740406e-1,1.583112627e-1,7.915562987e-1,6.120369911e0,-5.848942995e-1
train,1708,CCC1(C=O)OCC1O,5.804188728e0,1.023516729e-1,1.583112627e-1,7.915562987e-1,5.906540394e0,-7.524270415e-1
train,1709,NC1CCC(=O)NC1=O,6.098071575e0,2.115122974e-1,1.583112627e-1,7.915562987e-1,6.309583664e0,-4.366477132e-1
train,1710,c1onc2c1OCC2,5.896707535e0,1.679117978e-2,1.583112627e-1,7.915562987e-1,5.913498878e0,-7.469751835e-1
train,1711,CC1(CC#N)CC(O)C1,8.081781387e0,-2.460665256e-2,1.583112627e-1,7.915562987e-1,8.057174683e0,9.325678945e-1
train,1712,CC1CC1C1CC2OC21,9.077718735e0,-2.206014097e-2,1.583112627e-1,7.915562987e-1,9.055658340e0,1.714867353e0
train,1713,O=C1CCC=CNC1=O,4.778319359e0,-1.661701873e-2,1.583112627e-1,7.915562987e-1,4.761702538e0,-1.649393082e0
train,1714,C#CC1OCC1COC,7.377007008e0,6.746137887e-2,1.583112627e-1,7.915562987e-1,7.444468498e0,4.525203109e-1
train,1715,CC1(C#N)C([NH-])[NH+]2CC21,6.778356075e0,1.605892777e-1,1.583112627e-1,7.915562987e-1,6.938945293e0,5.644922331e-2
train,1716,CC(C)OC12CCC1C2,8.694037437e0,6.371966004e-2,1.583112627e-1,7.915562987e-1,8.757757187e0,1.481465459e0
train,1717,CC1C(=O)CC1CCO,6.013716221e0,-2.403409034e-2,1.583112627e-1,7.915562987e-1,5.989682198e0,-6.872864962e-1
train,1718,CC(C)(C=O)C1CC1,6.128004074e0,1.099587381e-1,1.583112627e-1,7.915562987e-1,6.237962723e0,-4.927618206e-1
train,1719,[NH-]C1=CC(N)CC(=O)O1,5.360642910e0,-1.574759930e-1,1.583112627e-1,7.915562987e-1,5.203166962e0,-1.303511262e0
train,1720,N#CC12C=CC3C(C1)[NH+]32,5.899428368e0,-2.348971665e-1,1.583112627e-1,7.915562987e-1,5.664531231e0,-9.420381784e-1
train,1721,O=C1C2CC1C1OC21,6.451819897e0,-1.062888652e-1,1.583112627e-1,7.915562987e-1,6.345530987e0,-4.084834158e-1
train,1722,CCC(C)c1cnn[nH]1,6.865432262e0,5.159673840e-2,1.583112627e-1,7.915562987e-1,6.917028904e0,3.927800804e-2
train,1723,O=CC12NC1CC2=O,5.453161716e0,-2.093904838e-2,1.583112627e-1,7.915562987e-1,5.432222843e0,-1.124048829e0
train,1724,Nc1cc(=O)cc(F)[nH]1,5.744323254e0,2.096378803e-1,4.749337733e-1,2.374668837e0,5.953961372e0,-7.152733207e-1
train,1725,CCc1[nH]ccc1OC,6.089908123e0,-1.693708748e-1,1.583112627e-1,7.915562987e-1,5.920537472e0,-7.414605021e-1
train,1726,CCC1(C#N)CC1(C)O,8.465462685e0,-2.895472199e-2,1.583112627e-1,7.915562987e-1,8.436508179e0,1.229770899e0
train,1727,C1=NCC2C3[NH2+][CH+]N1C23,5.904870510e0,8.231266737e-1,4.749337733e-1,2.374668837e0,6.727997303e0,-1.088258773e-1
train,1728,C1=CC2OC3CC(C1)C23,6.623250961e0,-8.271739483e-1,4.749337733e-1,2.374668837e0,5.796076775e0,-8.389738798e-1
train,1729,[H]N=C(C=O)NC=NCC,4.242255211e0,3.300226927e-1,4.749337733e-1,2.374668837e0,4.572278023e0,-1.797804832e0
train,1730,O=C1C2C=CC1C=C2,6.625972271e0,1.668477505e-1,4.749337733e-1,2.374668837e0,6.792819977e0,-5.803812668e-2
train,1731,CC(O)CC1OC1C=O,5.866774559e0,-1.691756099e-1,1.583112627e-1,7.915562987e-1,5.697598934e0,-9.161300659e-1
train,1732,CC1OC1C1CC2CC21,8.996084213e0,-1.451186836e-1,4.749337733e-1,2.374668837e0,8.850965500e0,1.554493070e0
train,1733,CC1OC2(C(C)C)CC12,8.549818039e0,-3.794474993e-3,4.749337733e-1,2.374668837e0,8.546023369e0,1.315574646e0
train,1734,OC1CC2CCC12O,8.204232216e0,2.265500873e-1,1.583112627e-1,7.915562987e-1,8.430782318e0,1.225284815e0
train,1735,C1OCC2C3CC1C2O3,8.838258743e0,1.308583170e-1,1.583112627e-1,7.915562987e-1,8.969117165e0,1.647063375e0
train,1736,CCC1C2CCC1C2=O,6.196032524e0,-2.393794060e-1,1.583112627e-1,7.915562987e-1,5.956653118e0,-7.131643295e-1
train,1737,Nc1coc(=O)c(F)n1,3.885786057e0,1.343571693e-1,1.583112627e-1,7.915562987e-1,4.020143032e0,-2.230395555e0
train,1738,N#CC12CCC1N2,7.896743774e0,-4.588028491e-1,1.583112627e-1,7.915562987e-1,7.437941074e0,4.474061430e-1
train,1739,COC1CC23C[NH+](C2)C13,6.917134762e0,-1.437097192e-1,1.583112627e-1,7.915562987e-1,6.773425102e0,-7.323376834e-2
train,1740,OC1C2CC3C(CO2)C13,8.291309357e0,-2.601516545e-1,4.749337733e-1,2.374668837e0,8.031157494e0,9.121837616e-1
train,1741,Cc1ccc(NC=O)o1,5.246355057e0,-1.219611093e-1,1.583112627e-1,7.915562987e-1,5.124393940e0,-1.365229011e0
train,1742,O=C1C[NH+]2CC12C1CO1,6.043648720e0,9.527832270e-2,4.749337733e-1,2.374668837e0,6.138926983e0,-5.703550577e-1
train,1743,O=C1C2OC3C1OC23,5.265403271e0,-3.457784057e-1,4.749337733e-1,2.374668837e0,4.919624805e0,-1.525663018e0
train,1744,O=C1CC(O)CNC1=O,4.895328522e0,-3.233422935e-1,1.583112627e-1,7.915562987e-1,4.571986198e0,-1.798033476e0
train,1745,CC12NC3C(OC1[NH-])C32,6.704885483e0,8.602012694e-2,1.583112627e-1,7.915562987e-1,6.790905476e0,-5.953811482e-2
train,1746,C#CC(=O)C(=O)N(C)C,4.527974606e0,-8.671038598e-2,1.583112627e-1,7.915562987e-1,4.441264153e0,-1.900452614e0
train,1747,CC1=CCC2(CC1)CC2,7.142988205e0,-2.314888388e-1,1.583112627e-1,7.915562987e-1,6.911499500e0,3.494578972e-2
train,1748,COc1cncc(=O)o1,4.334773540e0,2.703748643e-1,1.583112627e-1,7.915562987e-1,4.605148315e0,-1.772051334e0
train,1749,CC1CC1(C)CC1CC1,9.270918846e0,7.348877937e-2,1.583112627e-1,7.915562987e-1,9.344408035e0,1.941099048e0
train,1750,COC1(C)C=CC2NC21,6.432771206e0,-2.481179386e-1,1.583112627e-1,7.915562987e-1,6.184653282e0,-5.345290899e-1
train,1751,[NH-]C1OC=CN[CH+]1CO,4.530695915e0,4.579923749e-1,4.749337733e-1,2.374668837e0,4.988688469e0,-1.471552491e0
train,1752,CC1CCCC1(C)C=O,6.239571095e0,1.114534974e0,4.749337733e-1,2.374668837e0,7.354105949e0,3.817223907e-1
train,1753,CC#Cc1nc(N)n[nH]1,5.137509823e0,-8.687052727e-1,4.749337733e-1,2.374668837e0,4.268804550e0,-2.035572529e0
train,1754,OC12C3CC1C1C3OC12,8.141646385e0,-1.936966367e-2,4.749337733e-1,2.374668837e0,8.122276306e0,9.835742116e-1
train,1755,CC1C(O)C1C(N)C#N,7.989262581e0,3.753164783e-2,1.583112627e-1,7.915562987e-1,8.026794434e0,9.087653756e-1
train,1756,CC(C)C(O)C1NC1C,8.465462685e0,-1.073644236e-1,1.583112627e-1,7.915562987e-1,8.358098030e0,1.168337584e0
train,1757,O=CC12CNC1C(=O)N2,5.142951965e0,-1.402595043e-1,1.583112627e-1,7.915562987e-1,5.002692223e0,-1.460580707e0
train,1758,Cc1ncc(O)c(N)n1,5.521190166e0,-5.150122643e-1,1.583112627e-1,7.915562987e-1,5.006177902e0,-1.457849741e0
train,1759,C#CC(C)(C)C1CC1C,8.440972328e0,-6.426403765e-3,1.583112627e-1,7.915562987e-1,8.434545517e0,1.228233218e0
train,1760,CCNc1cnccn1,4.873559475e0,-1.064204611e-2,1.583112627e-1,7.915562987e-1,4.862917423e0,-1.570092559e0
train,1761,CC12CNC(=O)CC1O2,7.488573551e0,2.395014651e-2,1.583112627e-1,7.915562987e-1,7.512523651e0,5.058406591e-1
train,1762,CC[NH+]1CC1(C)CC=O,5.747044563e0,-1.220437288e-1,1.583112627e-1,7.915562987e-1,5.625000954e0,-9.730096459e-1
train,1763,OCC1=CC2C3OC1C23,6.157936573e0,-7.262399793e-2,1.583112627e-1,7.915562987e-1,6.085312366e0,-6.123614311e-1
train,1764,CCCC1CCOC1C,8.677710533e0,5.657965690e-2,1.583112627e-1,7.915562987e-1,8.734290123e0,1.463079333e0
train,1765,C1=C2C(CC23CC3)OC1,6.245012760e0,-8.690868318e-2,1.583112627e-1,7.915562987e-1,6.158103943e0,-5.553301573e-1
train,1766,OCC1C2C(O)CC12O,8.381106377e0,-1.586119831e-1,1.583112627e-1,7.915562987e-1,8.222494125e0,1.062093616e0
train,1767,CC1N=COC2C(C)C12,7.357958317e0,1.068715602e-1,1.583112627e-1,7.915562987e-1,7.464829922e0,4.684732258e-1
train,1768,CC12CCC(=O)N1CC2,6.968835831e0,3.287487328e-1,1.583112627e-1,7.915562987e-1,7.297584534e0,3.374385536e-1
train,1769,C#CC12CC(N1)C2(C)O,7.211016655e0,-7.575917244e-1,4.749337733e-1,2.374668837e0,6.453424931e0,-3.239498734e-1
train,1770,CC1(C(O)C2CC2)CO1,9.309015274e0,-2.915207446e-1,1.583112627e-1,7.915562987e-1,9.017494202e0,1.684966207e0
train,1771,N#CC1=CC2C3CC1[NH+]23,4.906212807e0,4.252530932e-1,1.583112627e-1,7.915562987e-1,5.331465721e0,-1.202990770e0
train,1772,OCC1C2CC3C[NH+]1C32,7.510342121e0,7.880127430e-2,1.583112627e-1,7.915562987e-1,7.589143276e0,5.658711791e-1
train,1773,O=CCc1nc(O)c[nH]1,4.157899380e0,-2.597523928e-1,4.749337733e-1,2.374668837e0,3.898147106e0,-2.325978041e0
train,1774,C#CC1COC2CC2O1,7.088566303e0,2.000942975e-1,1.583112627e-1,7.915562987e-1,7.288660526e0,3.304467201e-1
train,1775,NC(=O)NC1C[NH+]2CC12,7.926676750e0,3.356075287e-2,1.583112627e-1,7.915562987e-1,7.960237503e0,8.566188216e-1
train,1776,Oc1nocc1C1CO1,6.664068222e0,-9.349009395e-2,1.583112627e-1,7.915562987e-1,6.570578098e0,-2.321618497e-1
train,1777,CC1OCc2conc21,6.416444778e0,-1.323687583e-1,1.583112627e-1,7.915562987e-1,6.284076214e0,-4.566324651e-1
train,1778,N#CC1CC(O)CO1,7.913071156e0,4.868023098e-1,1.583112627e-1,7.915562987e-1,8.399873734e0,1.201068282e0
train,1779,CC1C(=O)C(O)C[NH+]1C,5.107577324e0,-2.869836986e-1,1.583112627e-1,7.915562987e-1,4.820593834e0,-1.603252530e0
train,1780,CCCC1COC1(C)C,8.631451607e0,1.450856924e-1,1.583112627e-1,7.915562987e-1,8.776536942e0,1.496179223e0
train,1781,CCn1cc(O)cc1O,6.288550854e0,-9.535386413e-2,1.583112627e-1,7.915562987e-1,6.193196774e0,-5.278353691e-1
train,1782,[NH-]C1OC(N)=C2CCN21,5.834120750e0,-6.210331917e-1,4.749337733e-1,2.374668837e0,5.213087559e0,-1.295738578e0
train,1783,C1C2C3C4C2C12C[NH+]4C32,7.959330082e0,1.985088587e-1,1.583112627e-1,7.915562987e-1,8.157838821e0,1.011436939e0
train,1784,Cc1nc(O)[nH]c1C=O,4.947029591e0,6.487953067e-1,4.749337733e-1,2.374668837e0,5.595824718e0,-9.958688617e-1
train,1785,O=c1ccoc(=O)[nH]1,6.125282764e0,-9.084182978e-1,4.749337733e-1,2.374668837e0,5.216864586e0,-1.292779326e0
train,1786,C1C2CC3(C12)C1CCC13,8.938940048e0,-2.326004356e-1,1.583112627e-1,7.915562987e-1,8.706339836e0,1.441180587e0
train,1787,CCC(C)CC(C)(C)C,9.915828705e0,5.999771133e-2,1.583112627e-1,7.915562987e-1,9.975826263e0,2.435807228e0
train,1788,CC1COC2C(O)CC12,8.264098167e0,5.698212385e-1,4.749337733e-1,2.374668837e0,8.833919525e0,1.541137695e0
train,1789,N#CC1CCC1C1CC1,8.479067802e0,-1.372883022e-1,1.583112627e-1,7.915562987e-1,8.341779709e0,1.155552387e0
train,1790,OCC1C2C3C2C2C1C32,8.100829124e0,-2.460664837e-3,1.583112627e-1,7.915562987e-1,8.098368645e0,9.648428559e-1
train,1791,NC1=NC2COC2CO1,7.474967480e0,4.419573583e-3,1.583112627e-1,7.915562987e-1,7.479387283e0,4.798787236e-1
train,1792,CC1C2(O)C3CC2C13O,8.144367218e0,2.721516043e-2,1.583112627e-1,7.915562987e-1,8.171582222e0,1.022204757e0
train,1793,COC12CCC1C2C,8.819210052e0,-2.142380364e-2,1.583112627e-1,7.915562987e-1,8.797786713e0,1.512828112e0
train,1794,OCC12CC1CCCO2,8.421924591e0,-5.944459233e-3,1.583112627e-1,7.915562987e-1,8.415980339e0,1.213687658e0
train,1795,CC1CNc2cccn21,6.288550854e0,7.382576168e-2,1.583112627e-1,7.915562987e-1,6.362376690e0,-3.952850401e-1
train,1796,CC1=CCCOC=NC1,6.492636681e0,-5.443270504e-2,4.749337733e-1,2.374668837e0,6.438203812e0,-3.358754218e-1
train,1797,CCCc1coc(C)c1,6.383790970e0,-1.399664432e-1,1.583112627e-1,7.915562987e-1,6.243824482e0,-4.881691933e-1
train,1798,C#CC(C)OC(C)C,8.051848412e0,-1.298598647e-1,4.749337733e-1,2.374668837e0,7.921988487e0,8.266512156e-1
train,1799,COC(C)[NH2+]C1CC1C,6.903528214e0,-2.197961695e-2,1.583112627e-1,7.915562987e-1,6.881548405e0,1.147948205e-2
train,1800,C1OC1C12C3CC1C2C3,8.811046600e0,-8.672860265e-2,1.583112627e-1,7.915562987e-1,8.724317551e0,1.455265999e0
train,1801,CC1CCC1CC1CO1,9.390648842e0,-9.819743037e-2,1.583112627e-1,7.915562987e-1,9.292451859e0,1.900392056e0
train,1802,FC(F)(F)C1CCN1,8.623288155e0,-6.250242144e-2,1.583112627e-1,7.915562987e-1,8.560785294e0,1.327140450e0
train,1803,CC(O)C1CC2(CC2)C1,8.843700409e0,-1.398945600e-1,1.583112627e-1,7.915562987e-1,8.703805923e0,1.439195395e0
train,1804,C#CC12OC1C=CC2C,6.487194061e0,-2.162200212e-1,1.583112627e-1,7.915562987e-1,6.270974159e0,-4.668977559e-1
train,1805,O=CC1CC(O)(CO)C1,6.103513718e0,-4.379510880e-2,1.583112627e-1,7.915562987e-1,6.059718609e0,-6.324138641e-1
train,1806,CC1OC(C)C2OCC12,8.759345055e0,-1.274755690e-2,1.583112627e-1,7.915562987e-1,8.746597290e0,1.472721815e0
train,1807,CCC1(C)COC1[NH2+]C,7.679053307e0,-2.413654327e-1,1.583112627e-1,7.915562987e-1,7.437687874e0,4.472077787e-1
train,1808,CCC1CN(C=O)C1=O,5.899428368e0,6.735111121e-3,1.583112627e-1,7.915562987e-1,5.906163692e0,-7.527222037e-1
train,1809,CC#CCC(CO)CO,8.057291031e0,-6.715174019e-2,1.583112627e-1,7.915562987e-1,7.990139484e0,8.800466657e-1
train,1810,CC12C[NH+]3C(C1C#N)C32,7.401497364e0,5.922627449e-1,4.749337733e-1,2.374668837e0,7.993760109e0,8.828833699e-1
train,1811,[NH-]C1OCC2CN2C1=O,5.790582657e0,-1.002249002e0,4.749337733e-1,2.374668837e0,4.788333893e0,-1.628527761e0
train,1812,CCn1cnn(C)c1=O,6.318483829e0,-1.990115345e-1,1.583112627e-1,7.915562987e-1,6.119472504e0,-5.855973959e-1
train,1813,CC1=C(CO)C2NC2C1,6.459982872e0,2.327043861e-1,1.583112627e-1,7.915562987e-1,6.692687035e0,-1.364910305e-1
train,1814,[NH-]C1NC2(CO)COC12,6.764750481e0,7.207359374e-2,1.583112627e-1,7.915562987e-1,6.836823940e0,-2.356157452e-2
train,1815,C1=CC23CCCC2C1O3,6.196032524e0,2.501661181e-1,1.583112627e-1,7.915562987e-1,6.446198463e0,-3.296117187e-1
train,1816,CC1NC1(C)C(O)C=O,5.412344456e0,6.662958115e-2,1.583112627e-1,7.915562987e-1,5.478973866e0,-1.087419987e0
train,1817,CCCc1c[nH]nc1C,7.028701305e0,-1.067130342e-1,1.583112627e-1,7.915562987e-1,6.921988487e0,4.316378012e-2
train,1818,C#CC1=CCCOC1=O,5.178326607e0,-1.314590871e-1,1.583112627e-1,7.915562987e-1,5.046867371e0,-1.425970078e0
train,1819,CCC(COC)C(C)O,8.525327682e0,2.931237221e-1,1.583112627e-1,7.915562987e-1,8.818450928e0,1.529018283e0
train,1820,CCCN1CC(O)C1=O,7.265439510e0,-5.302228965e-3,1.583112627e-1,7.915562987e-1,7.260137081e0,3.080989420e-1
train,1821,C#CC(CO)NC(C)=O,7.387890816e0,-2.930125035e-2,1.583112627e-1,7.915562987e-1,7.358589649e0,3.852353096e-1
train,1822,C#CC12CC1OC2C=O,5.591939926e0,-6.406555176e-1,4.749337733e-1,2.374668837e0,4.951284409e0,-1.500858068e0
train,1823,CC1CC2(C)CC12,9.077718735e0,-2.006258667e-1,1.583112627e-1,7.915562987e-1,8.877093315e0,1.574963808e0
train,1824,[CH+]1[NH2+]C(C2CN2)CO1,7.330747128e0,4.227630496e-1,4.749337733e-1,2.374668837e0,7.753509998e0,6.946504116e-1
train,1825,O=C1CC2CC(O)C12,5.923918724e0,-9.814566374e-2,1.583112627e-1,7.915562987e-1,5.825773239e0,-8.157070875e-1
train,1826,c1cnc(N2CC2)nn1,4.489878654e0,1.517658085e-1,1.583112627e-1,7.915562987e-1,4.641644478e0,-1.743457079e0
train,1827,N#Cc1cc(O)ncn1,5.624593258e0,4.678295180e-2,1.583112627e-1,7.915562987e-1,5.671376228e0,-9.366751909e-1
train,1828,O=C1CNC2C(O)C2N1,6.748423576e0,-1.236058325e-1,1.583112627e-1,7.915562987e-1,6.624817848e0,-1.896656901e-1
train,1829,CC(C#N)c1ccco1,6.337531567e0,6.722509861e-2,1.583112627e-1,7.915562987e-1,6.404756546e0,-3.620809615e-1
train,1830,CCOCC1OC2CC12,8.381106377e0,-1.119591370e-1,4.749337733e-1,2.374668837e0,8.269146919e0,1.098645449e0
train,1831,CC1=CC2CC3(O)C1C23,6.351137638e0,-2.536841631e-1,4.749337733e-1,2.374668837e0,6.097453594e0,-6.028489470e-1
train,1832,OC1C2OCC3C1C32O,8.280425072e0,2.457386106e-1,1.583112627e-1,7.915562987e-1,8.526164055e0,1.300015211e0
train,1833,CC1OCC1(C)CC#N,7.698101044e0,-1.259877980e-1,1.583112627e-1,7.915562987e-1,7.572113037e0,5.525282025e-1
train,1834,COC1C(O)C1(C)CO,8.065455437e0,6.281184615e-4,1.583112627e-1,7.915562987e-1,8.066083908e0,9.395481348e-1
train,1835,Cc1cccc(=O)o1,4.805530548e0,3.423437178e-1,1.583112627e-1,7.915562987e-1,5.147874355e0,-1.346832395e0
train,1836,CN1CC(CO)OC1=O,8.226001740e0,-1.523601171e-2,1.583112627e-1,7.915562987e-1,8.210765839e0,1.052904606e0
train,1837,N#CC1(C2(O)CC2)CO1,7.515784740e0,-2.561819181e-2,1.583112627e-1,7.915562987e-1,7.490166664e0,4.883242548e-1
train,1838,CC1CC12OC1C(O)C12,7.738917828e0,-3.338631094e-1,1.583112627e-1,7.915562987e-1,7.405054569e0,4.216399789e-1
train,1839,CC1C(C)C1C1CCO1,8.664105415e0,1.610269994e-1,1.583112627e-1,7.915562987e-1,8.825132370e0,1.534253120e0
train,1840,O=C1CCOCCC1O,6.255897522e0,-2.169028819e-1,1.583112627e-1,7.915562987e-1,6.038994789e0,-6.486507058e-1
train,1841,C1=CC2C3C[NH+]2C13,5.676295280e0,-1.111248210e-1,1.583112627e-1,7.915562987e-1,5.565170288e0,-1.019886255e0
train,1842,COC(C)C1(C=O)CC1,6.370185375e0,2.369547635e-1,1.583112627e-1,7.915562987e-1,6.607140064e0,-2.035160065e-1
train,1843,NC(C=O)=NCCC=O,4.914376259e0,-2.323303819e-1,4.749337733e-1,2.374668837e0,4.682045937e0,-1.711803079e0
train,1844,CC1C2CC1(O)C(=O)N2,7.216459274e0,9.559153765e-2,1.583112627e-1,7.915562987e-1,7.312050819e0,3.487727046e-1
train,1845,N#CC1(C#N)C2C[NH+]1C2,6.411002159e0,-6.003157496e-1,4.749337733e-1,2.374668837e0,5.810686588e0,-8.275272846e-1
train,1846,C#Cc1c(O)nnn1C,5.281730175e0,-1.877621114e-1,1.583112627e-1,7.915562987e-1,5.093967915e0,-1.389067411e0
train,1847,N#CCC1CC(C=O)C1,6.215080738e0,-1.587891281e-1,1.583112627e-1,7.915562987e-1,6.056291580e0,-6.350988746e-1
train,1848,OCC(O)CCC1CO1,8.691316605e0,1.169491485e-1,1.583112627e-1,7.915562987e-1,8.808265686e0,1.521038294e0
train,1849,CCC1(CC)OC1CO,8.985198975e0,-3.624961972e-1,1.583112627e-1,7.915562987e-1,8.622702599e0,1.375651956e0
train,1850,CC1OCC1(C#N)CO,7.643678188e0,-4.972940683e-2,1.583112627e-1,7.915562987e-1,7.593948841e0,5.696362853e-1
train,1851,Nc1ncc(CO)cn1,5.385133266e0,-2.996510863e-1,1.583112627e-1,7.915562987e-1,5.085482121e0,-1.395715833e0
train,1852,N#CC(CO)CCCO,8.168857574e0,-2.925749123e-1,1.583112627e-1,7.915562987e-1,7.876282692e0,7.908412814e-1
train,1853,O=C1C2CCC1(CO)O2,6.258618832e0,-3.063027561e-1,1.583112627e-1,7.915562987e-1,5.952316284e0,-7.165622115e-1
train,1854,CC1C2C3CC(=O)C2C13,6.068139076e0,1.406576037e-1,4.749337733e-1,2.374668837e0,6.208796501e0,-5.156131983e-1
train,1855,C#CC1C2CCOCC12,7.681774139e0,1.283046752e-1,1.583112627e-1,7.915562987e-1,7.810078621e0,7.389712334e-1
train,1856,CC1(CCO)CO1,9.175679207e0,-4.530359805e-2,1.583112627e-1,7.915562987e-1,9.130375862e0,1.773407578e0
train,1857,CC[NH+]1CC2CC21C=O,5.325268269e0,-4.525108635e-2,1.583112627e-1,7.915562987e-1,5.280017376e0,-1.243299961e0
train,1858,N#CC1C(O)C1O[CH+][NH-],7.216459274e0,2.366324216e-1,1.583112627e-1,7.915562987e-1,7.453091621e0,4.592764080e-1
train,1859,CC1=CC2C3C(O)C1C23,6.274945736e0,2.604629099e-1,4.749337733e-1,2.374668837e0,6.535408497e0,-2.597167790e-1
train,1860,OC12CC3C4OC1C4C32,7.967494011e0,2.103730291e-2,4.749337733e-1,2.374668837e0,7.988531113e0,8.787865043e-1
train,1861,N#CCCC1C2CC[NH+]12,7.474967480e0,2.978051081e-2,1.583112627e-1,7.915562987e-1,7.504747868e0,4.997484386e-1
train,1862,CC(=O)CC1(C#N)CO1,6.215080738e0,8.597404510e-2,1.583112627e-1,7.915562987e-1,6.301054955e0,-4.433298409e-1
train,1863,COC1CC1CC(C)C,8.884517670e0,1.034897640e-1,1.583112627e-1,7.915562987e-1,8.988007545e0,1.661863804e0
train,1864,C[CH+]1[CH-]C(O)=COC1[NH-],4.291235447e0,3.563775867e-2,4.749337733e-1,2.374668837e0,4.326873302e0,-1.990076303e0
train,1865,Cc1cc(CO)nn1C,6.933460712e0,5.174256489e-2,1.583112627e-1,7.915562987e-1,6.985203266e0,9.269176424e-2
train,1866,C#CC(=O)CCC#CC,5.077644348e0,5.482453108e-2,1.583112627e-1,7.915562987e-1,5.132468700e0,-1.358902454e0
train,1867,O1C2C3C4C1C1C4[NH+]1C23,8.220560074e0,5.922220647e-2,1.583112627e-1,7.915562987e-1,8.279782295e0,1.106978178e0
train,1868,O=COc1cnccn1,5.423229218e0,-2.565357089e-2,1.583112627e-1,7.915562987e-1,5.397575855e0,-1.151194334e0
train,1869,N#CC#CC1CC1O,5.880380630e0,-1.856776886e-2,1.583112627e-1,7.915562987e-1,5.861813068e0,-7.874703407e-1
train,1870,CCC12CC3C1COC32,8.794719696e0,-7.716680318e-2,1.583112627e-1,7.915562987e-1,8.717553139e0,1.449966073e0
train,1871,COC1=NCC(=O)CN1,5.673573971e0,-9.703826159e-2,1.583112627e-1,7.915562987e-1,5.576535702e0,-1.010981560e0
train,1872,Oc1n[nH]c2[nH]ncc12,6.147051811e0,-2.217318863e-3,1.583112627e-1,7.915562987e-1,6.144834518e0,-5.657265782e-1
train,1873,C1Cc2nonc2CN1,5.586497784e0,1.980431080e-1,1.583112627e-1,7.915562987e-1,5.784541130e0,-8.480119109e-1
train,1874,CCOc1ccnn1C,6.819173336e0,3.561436534e-1,1.583112627e-1,7.915562987e-1,7.175316811e0,2.416433394e-1
train,1875,N#CC[NH+]1CC2CC21,7.004210949e0,-2.567329444e-3,1.583112627e-1,7.915562987e-1,7.001643658e0,1.055726036e-1
train,1876,CC12CNC1C(C#N)N2,7.145709991e0,-6.889909506e-2,1.583112627e-1,7.915562987e-1,7.076810837e0,1.644651443e-1
train,1877,Cc1coc(NC=O)n1,5.594660759e0,-1.332586557e-1,4.749337733e-1,2.374668837e0,5.461401939e0,-1.101187468e0
train,1878,CC1CCOC12COC2,8.530769348e0,2.500310242e-1,4.749337733e-1,2.374668837e0,8.780800819e0,1.499519825e0
train,1879,CN1C=CC2NC2C1=O,5.526632309e0,-9.264034778e-2,1.583112627e-1,7.915562987e-1,5.433991909e0,-1.122662902e0
train,1880,O=CC1NC1CC1CC1,6.032763958e0,-4.702582657e-1,1.583112627e-1,7.915562987e-1,5.562505722e0,-1.021973848e0
train,1881,COC1CC12CCOC2,8.683153152e0,1.973860413e-1,1.583112627e-1,7.915562987e-1,8.880538940e0,1.577663422e0
train,1882,[NH-]C1OC2C(C(N)=O)C12,6.547059536e0,5.406664014e-1,4.749337733e-1,2.374668837e0,7.087726116e0,1.730171293e-1
train,1883,OCC1C2C[NH+]3CC1C23,7.379727840e0,2.116758823e-1,1.583112627e-1,7.915562987e-1,7.591403961e0,5.676423907e-1
train,1884,CCC1(O)C2CC3C2C31,8.440972328e0,9.956071526e-2,1.583112627e-1,7.915562987e-1,8.540533066e0,1.311273098e0
train,1885,N#CC1CC1C#CC=O,5.458603859e0,-9.520440549e-2,1.583112627e-1,7.915562987e-1,5.363399506e0,-1.177971125e0
train,1886,COC1CC2(C)CC12O,8.909008026e0,2.310353220e-1,1.583112627e-1,7.915562987e-1,9.140043259e0,1.780981779e0
train,1887,CNC1=NCCCC1=O,4.462667465e0,2.891217768e-1,1.583112627e-1,7.915562987e-1,4.751789093e0,-1.657160163e0
train,1888,CCC1CC2CC=CC12,7.055912018e0,-1.997801214e-1,1.583112627e-1,7.915562987e-1,6.856132030e0,-8.433927782e-3
train,1889,OC1CC12COC21CC1,7.972936153e0,5.178263038e-2,1.583112627e-1,7.915562987e-1,8.024719238e0,9.071394801e-1
train,1890,N#CC1(CO)C[NH2+][CH+]N1,6.846384525e0,6.177609414e-2,1.583112627e-1,7.915562987e-1,6.908160686e0,3.232986853e-2
train,1891,C#CC1(CC=O)OC1C,6.089908123e0,-5.950340256e-2,1.583112627e-1,7.915562987e-1,6.030404568e0,-6.553810239e-1
train,1892,N#CC12C3CC4C(C41)C32,7.148430824e0,6.880919635e-2,1.583112627e-1,7.915562987e-1,7.217239857e0,2.744895220e-1
train,1893,CC1CC(C)(C=O)C1C,6.108956337e0,1.881265342e-1,1.583112627e-1,7.915562987e-1,6.297082901e0,-4.464418888e-1
train,1894,O=C1C=CNCCCO1,5.295335770e0,-1.516541988e-1,1.583112627e-1,7.915562987e-1,5.143681526e0,-1.350117326e0
train,1895,C#CC1=C(C)C(=O)NC1,5.292614460e0,2.160810977e-1,1.583112627e-1,7.915562987e-1,5.508695602e0,-1.064133406e0
train,1896,CCC1C2OC3C[NH+]1C32,7.581092358e0,1.410700977e-1,4.749337733e-1,2.374668837e0,7.722162247e0,6.700898409e-1
train,1897,CCCC(O)C1CN1,8.623288155e0,-1.159949880e-2,1.583112627e-1,7.915562987e-1,8.611688614e0,1.367022634e0
train,1898,Cc1cccc(N)c1F,5.700785160e0,-2.743475139e-1,1.583112627e-1,7.915562987e-1,5.426437855e0,-1.128581405e0
train,1899,CC1(O)CCOCC1=O,5.491257668e0,-7.715669274e-2,1.583112627e-1,7.915562987e-1,5.414101124e0,-1.138247013e0
train,1900,O=C1NC2CC12,6.968835831e0,-1.207336709e-1,1.583112627e-1,7.915562987e-1,6.848102093e0,-1.472528279e-2
train,1901,CC(C)Nc1c[nH]cn1,5.899428368e0,2.379130721e-1,4.749337733e-1,2.374668837e0,6.137341499e0,-5.715972781e-1
train,1902,COc1cnoc1C#N,5.159278870e0,-5.497706681e-2,4.749337733e-1,2.374668837e0,5.104301929e0,-1.380970836e0
train,1903,NC(=O)C[NH+]1CC2CC21,7.083124161e0,6.880002469e-2,1.583112627e-1,7.915562987e-1,7.151924133e0,2.233154625e-1
train,1904,Oc1cnc(F)c(F)n1,5.145672798e0,8.437474817e-2,1.583112627e-1,7.915562987e-1,5.230047703e0,-1.282450557e0
train,1905,CC1[NH+]2C3CC1(C=O)C32,5.534795761e0,2.671088278e-1,4.749337733e-1,2.374668837e0,5.801904678e0,-8.344078064e-1
train,1906,COC1CC1(C)C(C)=O,6.185148239e0,1.242135987e-1,1.583112627e-1,7.915562987e-1,6.309361935e0,-4.368214309e-1
train,1907,NC(=O)C1CCC1O,7.162036896e0,-2.032591403e-1,1.583112627e-1,7.915562987e-1,6.958777905e0,7.198782265e-2
train,1908,C#CC1=NCC2CC2O1,6.114398479e0,2.671009004e-1,1.583112627e-1,7.915562987e-1,6.381499290e0,-3.803027272e-1
train,1909,C#CC1C(=O)N2CC12,6.220522881e0,-6.300330162e-2,1.583112627e-1,7.915562987e-1,6.157519341e0,-5.557882190e-1
train,1910,C#CC1C[NH+]1CC1CC1,7.162036896e0,-1.621109098e-1,1.583112627e-1,7.915562987e-1,6.999926090e0,1.042269096e-1
train,1911,C#CC(=O)CC(O)C=O,5.322546959e0,-2.471172363e-1,4.749337733e-1,2.374668837e0,5.075429916e0,-1.403591633e0
train,1912,CC1OC1C(C)(O)C=O,5.738881111e0,-1.696516573e-2,1.583112627e-1,7.915562987e-1,5.721915722e0,-8.970781565e-1
train,1913,O=CCN1C=NCC1=O,5.610987663e0,-1.109788716e-1,1.583112627e-1,7.915562987e-1,5.500008583e0,-1.070939660e0
train,1914,C[NH2+]C(C)OC1(C)CC1,7.428708553e0,-1.894723997e-2,1.583112627e-1,7.915562987e-1,7.409761429e0,4.253277481e-1
train,1915,C#CC(=O)C(C)(O)CO,5.368806362e0,1.235124469e-1,1.583112627e-1,7.915562987e-1,5.492318630e0,-1.076964617e0
train,1916,CCC1OCCC12CC2,8.957987785e0,-1.362975221e-2,1.583112627e-1,7.915562987e-1,8.944357872e0,1.627664804e0
train,1917,O=CC1CC1C1CCC1,6.217801571e0,1.031573713e-1,1.583112627e-1,7.915562987e-1,6.320959091e0,-4.277352095e-1
train,1918,CCC1(C#N)C[NH2+][CH+]N1,6.889922619e0,1.383737568e-2,1.583112627e-1,7.915562987e-1,6.903759956e0,2.888195403e-2
train,1919,CCC1C(C2CC2)[NH+]1C,7.834157944e0,6.062820554e-1,4.749337733e-1,2.374668837e0,8.440440178e0,1.232851624e0
train,1920,CC1=CC(O)CCOC1,6.696722031e0,1.341909077e-2,1.583112627e-1,7.915562987e-1,6.710141182e0,-1.228159219e-1
train,1921,[H]N=C(C(=O)C#C)N1CC1,4.655868053e0,-9.477264434e-2,1.583112627e-1,7.915562987e-1,4.561095238e0,-1.806566358e0
train,1922,[NH-]C1OC2(CO)CC12,7.589255333e0,-6.089636087e-1,4.749337733e-1,2.374668837e0,6.980291843e0,8.884372562e-2
train,1923,CCC1(C)C=CCCO1,7.232786179e0,-7.531845570e-2,1.583112627e-1,7.915562987e-1,7.157467842e0,2.276588976e-1
train,1924,CC12C3C4C3C1(C=O)[NH+]42,5.317104816e0,-6.623834372e-2,1.583112627e-1,7.915562987e-1,5.250866413e0,-1.266139388e0
train,1925,CCNc1nnoc1C,5.015058517e0,-2.740402222e-1,1.583112627e-1,7.915562987e-1,4.741018295e0,-1.665598989e0
train,1926,[NH-]c1ccnc(F)[nH+]1,5.137509823e0,1.049674302e-1,1.583112627e-1,7.915562987e-1,5.242477417e0,-1.272711992e0
train,1927,O=CC1(C2CN2)CC1O,5.638199329e0,-1.705315560e-1,1.583112627e-1,7.915562987e-1,5.467667580e0,-1.096278429e0
train,1928,NC1=NCCNC1=O,5.480372906e0,1.160294116e-1,1.583112627e-1,7.915562987e-1,5.596402168e0,-9.954164624e-1
train,1929,CC(C)OCCC(N)=O,7.496736526e0,-4.994341731e-2,1.583112627e-1,7.915562987e-1,7.446793079e0,4.543415904e-1
train,1930,C[NH+]1CC1c1ccco1,6.149773121e0,8.480153978e-3,1.583112627e-1,7.915562987e-1,6.158253193e0,-5.552132130e-1
train,1931,CC12[NH2+][CH+][NH+]3CC1(N)C32,6.032763958e0,4.303773865e-2,1.583112627e-1,7.915562987e-1,6.075801849e0,-6.198128462e-1
train,1932,[NH-]C1OC2(CO)CNC12,6.805567265e0,-2.755063772e-1,1.583112627e-1,7.915562987e-1,6.530060768e0,-2.639066577e-1
train,1933,C[CH+]1N=C([NH-])OC=C1F,4.421850204e0,1.548070163e-1,1.583112627e-1,7.915562987e-1,4.576657295e0,-1.794373751e0
train,1934,C#CC(C#N)(C#N)NC,6.694001198e0,5.893968940e-1,4.749337733e-1,2.374668837e0,7.283398151e0,3.263237178e-1
train,1935,COCc1cc(O)[nH]n1,6.919855118e0,-1.115826368e-1,1.583112627e-1,7.915562987e-1,6.808272362e0,-4.593137652e-2
train,1936,N#CC1CN(C=O)[CH+][NH2+]1,6.106235027e0,-1.074251831e-1,1.583112627e-1,7.915562987e-1,5.998809814e0,-6.801351309e-1
train,1937,COC1C(C)(O)C1(C)O,8.021917343e0,1.643160433e-1,1.583112627e-1,7.915562987e-1,8.186233521e0,1.033683896e0
train,1938,Cc1nc(C#N)nn1C,6.391954422e0,3.143811822e-1,4.749337733e-1,2.374668837e0,6.706335545e0,-1.257975996e-1
train,1939,C1CC2C3CCC2C3O1,8.672267914e0,-2.873918042e-2,1.583112627e-1,7.915562987e-1,8.643528938e0,1.391969085e0
train,1940,CC#CCOC1CC1O,7.211016655e0,-1.305215806e-2,1.583112627e-1,7.915562987e-1,7.197964668e0,2.593876421e-1
train,1941,CC1COC(C)C1C#N,8.095387459e0,2.794648707e-1,1.583112627e-1,7.915562987e-1,8.374852180e0,1.181464195e0
train,1942,N#CC1C2OC2C2C[NH+]12,7.349795341e0,-3.448573947e-1,1.583112627e-1,7.915562987e-1,7.004938126e0,1.081537753e-1
train,1943,CC1=C(C)CN(C=O)C1,6.699442863e0,-6.845070124e-1,4.749337733e-1,2.374668837e0,6.014935970e0,-6.675004959e-1
train,1944,O=CC1C(O)CC1O,6.144330502e0,6.607904285e-2,1.583112627e-1,7.915562987e-1,6.210409641e0,-5.143492818e-1
train,1945,OCC1CC(CO)C1O,8.264098167e0,-1.026602536e-1,1.583112627e-1,7.915562987e-1,8.161437988e0,1.014256835e0
train,1946,CC1OC12C=CC1CC12,6.487194061e0,2.114761621e-1,1.583112627e-1,7.915562987e-1,6.698670387e0,-1.318031400e-1
train,1947,[NH-]C1OC(C=O)C1O,5.962014675e0,-1.318615228e-1,1.583112627e-1,7.915562987e-1,5.830152988e0,-8.122755885e-1
train,1948,CCCC1(C)CCCO1,8.650499344e0,1.210270226e-1,1.583112627e-1,7.915562987e-1,8.771526337e0,1.492253423e0
train,1949,Cc1cc(=O)occ1F,4.693964005e0,-6.857798249e-2,1.583112627e-1,7.915562987e-1,4.625386238e0,-1.756195188e0
train,1950,CNc1c(N)noc1N,6.427329540e0,-5.965144634e-1,4.749337733e-1,2.374668837e0,5.830815315e0,-8.117566705e-1
train,1951,CCOc1conc1O,6.313041210e0,4.545830488e-1,4.749337733e-1,2.374668837e0,6.767624378e0,-7.777856290e-2
train,1952,CC1CC=C2CCC21C,6.669510841e0,2.068343163e-1,4.749337733e-1,2.374668837e0,6.876345158e0,7.402803283e-3
train,1953,C1=CC2C3C1C1C2[NH+]31,6.628693581e0,-4.535333067e-2,1.583112627e-1,7.915562987e-1,6.583340168e0,-2.221629173e-1
train,1954,CCC#CC1CC(O)C1,7.948446274e0,1.783078015e-1,1.583112627e-1,7.915562987e-1,8.126753807e0,9.870822430e-1
train,1955,CCC1C(=O)C(C)[NH+]1C,5.659968376e0,-1.280423254e-1,1.583112627e-1,7.915562987e-1,5.531926155e0,-1.045932651e0
train,1956,CCC1CCNCC1=O,5.695343018e0,-2.014363557e-1,1.583112627e-1,7.915562987e-1,5.493906498e0,-1.075720549e0
train,1957,O=C1CC[NH+](C2CC2)C1,5.338873863e0,-1.060422733e-1,1.583112627e-1,7.915562987e-1,5.232831478e0,-1.280269504e0
train,1958,C#CC1(C)COCCO1,7.597418785e0,-1.071617603e-1,1.583112627e-1,7.915562987e-1,7.490257263e0,4.883952141e-1
train,1959,COC1C(C)OC1C#N,7.472246647e0,6.350535434e-3,1.583112627e-1,7.915562987e-1,7.478597164e0,4.792596698e-1
train,1960,O=C1C[NH+]2CC(O)C1C2,5.483094215e0,1.726245433e-1,1.583112627e-1,7.915562987e-1,5.655718803e0,-9.489426017e-1
train,1961,CN1CC(OC=O)C1=O,7.077681541e0,-2.749851905e-2,1.583112627e-1,7.915562987e-1,7.050182819e0,1.436024308e-1
train,1962,CC1(C#N)CCOC=N1,7.300814629e0,-4.857798666e-2,1.583112627e-1,7.915562987e-1,7.252236843e0,3.019092083e-1
train,1963,CCn1ccnc1,6.906250000e0,-5.160964727e-1,4.749337733e-1,2.374668837e0,6.390153408e0,-3.735223114e-1
train,1964,CC1=CNC(=O)C([NH-])O1,4.819136620e0,5.068668723e-1,4.749337733e-1,2.374668837e0,5.326003551e0,-1.207270384e0
train,1965,NC(=O)C#CCC1CC1,6.367464066e0,2.551751435e-1,1.583112627e-1,7.915562987e-1,6.622639179e0,-1.913726479e-1
train,1966,[H]N=CN(C=N[H])C(=O)CO,6.261340141e0,-5.537730083e-2,1.583112627e-1,7.915562987e-1,6.205962658e0,-5.178334713e-1
train,1967,CCC1OC(C#N)C1N,7.006931782e0,-1.021917313e-1,1.583112627e-1,7.915562987e-1,6.904739857e0,2.964969352e-2
train,1968,O=CC1OC2C(C=O)C12,5.319826126e0,-3.736873567e-1,4.749337733e-1,2.374668837e0,4.946138859e0,-1.504889607e0
train,1969,CC[NH+]1C([NH-])C2OCC21,6.680395126e0,-6.579598784e-2,1.583112627e-1,7.915562987e-1,6.614599228e0,-1.976718456e-1
train,1970,c1onc2onnc12,5.123903751e0,-2.298329324e-1,1.583112627e-1,7.915562987e-1,4.894070625e0,-1.545684338e0
train,1971,Cn1nc(O)n(C)c1=O,6.791961670e0,9.454163164e-2,1.583112627e-1,7.915562987e-1,6.886503220e0,1.536151674e-2
train,1972,C#CC#CC1NC1CO,5.883101463e0,-8.964646608e-3,1.583112627e-1,7.915562987e-1,5.874136925e0,-7.778147459e-1
train,1973,CCn1c(C)ccc1N,6.206917286e0,-8.785746992e-2,1.583112627e-1,7.915562987e-1,6.119060040e0,-5.859205723e-1
train,1974,OCC(O)C1(O)CCC1,8.226001740e0,-1.247654185e-1,1.583112627e-1,7.915562987e-1,8.101236343e0,9.670896530e-1
train,1975,N#CCC1OC([NH-])C1O,7.708985806e0,-9.438670427e-2,1.583112627e-1,7.915562987e-1,7.614599228e0,5.858156085e-1
train,1976,[NH-]c1o[cH+]nc(N)c1N,4.258581638e0,2.878619134e-1,1.583112627e-1,7.915562987e-1,4.546443462e0,-1.818045855e0
train,1977,COCC12CC3C1C[NH+]32,8.299472809e0,1.102670729e-1,1.583112627e-1,7.915562987e-1,8.409739494e0,1.208798051e0
train,1978,CC1=CCC(=O)N2CC12,6.432771206e0,-1.228523701e-1,1.583112627e-1,7.915562987e-1,6.309918880e0,-4.363850653e-1
train,1979,N#CC12C=CC3C(C1)C32,6.473588943e0,-5.848629475e-1,4.749337733e-1,2.374668837e0,5.888726234e0,-7.663841844e-1
train,1980,CC1C2C3[NH+]2CC13O,7.839600563e0,6.416004300e-1,4.749337733e-1,2.374668837e0,8.481201172e0,1.264787316e0
train,1981,CC1[NH2+]CC2CC(=O)N21,6.372906685e0,1.706848592e-1,1.583112627e-1,7.915562987e-1,6.543591499e0,-2.533054948e-1
train,1982,CC1CC2(CCO2)C1O,8.236886978e0,-3.348961473e-1,4.749337733e-1,2.374668837e0,7.901990891e0,8.109833598e-1
train,1983,OC1CC2CCCC=C12,6.821894169e0,-1.124379933e-1,1.583112627e-1,7.915562987e-1,6.709455967e0,-1.233527809e-1
train,1984,CC1[NH2+]C(N)OC1C#N,6.715770245e0,-4.131628945e-2,1.583112627e-1,7.915562987e-1,6.674453735e0,-1.507765949e-1
train,1985,CC#CCCC(O)CC,8.234165192e0,-8.381715044e-3,4.749337733e-1,2.374668837e0,8.225783348e0,1.064670682e0
train,1986,CCC1(C)CC(C)C1,9.640994072e0,-8.388247341e-2,1.583112627e-1,7.915562987e-1,9.557111740e0,2.107749701e0
train,1987,Cc1nc(C)c(C=O)[nH]1,5.042269707e0,-1.411819220e0,4.749337733e-1,2.374668837e0,3.630450487e0,-2.535714865e0
train,1988,CC1(C#CCC=O)CN1,5.926640034e0,-1.305200905e-1,1.583112627e-1,7.915562987e-1,5.796120167e0,-8.389399052e-1
train,1989,[H]N=C(OC)n1cccn1,6.432771206e0,1.137565896e-1,1.583112627e-1,7.915562987e-1,6.546527863e0,-2.510049045e-1
train,1990,C1=CC2C3C1C2C1CC13,6.231407166e0,-1.215815544e-1,1.583112627e-1,7.915562987e-1,6.109825611e0,-5.931556225e-1
train,1991,[NH-]C1OC(F)=COC1=O,4.816415310e0,-3.770181537e-2,4.749337733e-1,2.374668837e0,4.778713703e0,-1.636065125e0
train,1992,CC#CC1(C)CO1,7.624630451e0,-2.839132585e-2,1.583112627e-1,7.915562987e-1,7.596239090e0,5.714306235e-1
train,1993,O=C1NCC12C1CC[NH+]12,7.118498325e0,-4.735690728e-2,1.583112627e-1,7.915562987e-1,7.071141243e0,1.600230932e-1
train,1994,C#CC12CC1(O)CCO2,7.091287136e0,-5.448620021e-2,1.583112627e-1,7.915562987e-1,7.036800861e0,1.331178248e-1
train,1995,CC1(C2OCC2O)CC1,8.326683998e0,-2.282743901e-2,1.583112627e-1,7.915562987e-1,8.303856850e0,1.125840306e0
train,1996,CCC1(O)CCC1(C)C,8.696758270e0,-4.582154751e-2,1.583112627e-1,7.915562987e-1,8.650937080e0,1.397773266e0
train,1997,OC1CC12C[NH2+][CH+]O2,7.066796780e0,1.985266060e-2,1.583112627e-1,7.915562987e-1,7.086649418e0,1.721735448e-1
train,1998,N#CC12CC3C(N1)C32O,6.824615955e0,-8.139497042e-2,1.583112627e-1,7.915562987e-1,6.743220806e0,-9.689845145e-2
train,1999,OC1CC2CC3CC2C13,8.985198975e0,2.772033587e-2,1.583112627e-1,7.915562987e-1,9.012919426e0,1.681381941e0
train,2000,CC1N2C(=O)C3C2C31C,6.617809296e0,1.313616931e-1,1.583112627e-1,7.915562987e-1,6.749170780e0,-9.223672003e-2
train,2001,CCCC1(O)CCOC1,8.628729820e0,-1.413920075e-1,1.583112627e-1,7.915562987e-1,8.487338066e0,1.269595504e0
train,2002,Nc1nc(N)c(CO)o1,5.711669922e0,-9.367913008e-1,4.749337733e-1,2.374668837e0,4.774878502e0,-1.639069915e0
train,2003,C#CC(C)(O)C1CC1,8.133483887e0,3.342201114e-1,1.583112627e-1,7.915562987e-1,8.467703819e0,1.254212260e0
train,2004,OC12C[NH+](CC3OC31)C2,7.760687351e0,-1.907223910e-1,1.583112627e-1,7.915562987e-1,7.569964886e0,5.508451462e-1
train,2005,CC1NC2(CO)COC12,7.322584152e0,-4.699411802e-3,1.583112627e-1,7.915562987e-1,7.317884922e0,3.533436656e-1
train,2006,C#CC#CC(CO)OC,6.021879673e0,-4.403137788e-2,1.583112627e-1,7.915562987e-1,5.977848530e0,-6.965579987e-1
train,2007,C1CC2CCC(O1)O2,8.892680168e0,-2.507814579e-2,1.583112627e-1,7.915562987e-1,8.867602348e0,1.567527771e0
train,2008,COc1nnn(C)c1C,5.921197414e0,-2.081429511e-1,1.583112627e-1,7.915562987e-1,5.713054657e0,-9.040206671e-1
train,2009,OC1C2(O)C3CC2C13O,8.019195557e0,2.528198063e-1,1.583112627e-1,7.915562987e-1,8.272015572e0,1.100893021e0
train,2010,O=C1CC2COC(=O)C12,5.880380630e0,-8.023379743e-2,1.583112627e-1,7.915562987e-1,5.800147057e0,-8.357849121e-1
train,2011,CC1N=COCC1C#N,7.308978081e0,8.113948628e-3,1.583112627e-1,7.915562987e-1,7.317091942e0,3.527223766e-1
train,2012,N#CC#Cc1cn[nH]c1,5.336152554e0,-8.980589360e-2,1.583112627e-1,7.915562987e-1,5.246346474e0,-1.269680738e0
train,2013,C[NH+]1Cc2nonc2C1,5.134788513e0,-1.056707203e-1,1.583112627e-1,7.915562987e-1,5.029117584e0,-1.439876795e0
train,2014,CC(O)COCC1CN1,8.718527794e0,1.251792312e-1,1.583112627e-1,7.915562987e-1,8.843707085e0,1.548806190e0
train,2015,N#CCCNCC1CO1,7.597418785e0,2.316729873e-1,1.583112627e-1,7.915562987e-1,7.829091549e0,7.538676262e-1
train,2016,CC1[NH2+]CC(CC#N)O1,7.455919266e0,1.200566888e-1,1.583112627e-1,7.915562987e-1,7.575975895e0,5.555546880e-1
train,2017,COC1(C2CO2)CC1O,8.348453522e0,2.981943786e-1,1.583112627e-1,7.915562987e-1,8.646647453e0,1.394412398e0
train,2018,CNc1oncc1CO,5.910312653e0,-1.082366228e0,4.749337733e-1,2.374668837e0,4.827946663e0,-1.597491622e0
train,2019,CCC1=CCCC12CN2,6.394675732e0,1.707131974e-2,1.583112627e-1,7.915562987e-1,6.411746979e0,-3.566040397e-1
train,2020,[H]N=CN1C(C)C(O)C1[NH-],5.967456818e0,-2.049724907e-1,1.583112627e-1,7.915562987e-1,5.762484550e0,-8.652929664e-1
train,2021,N#CC12CCC(N1)C2O,7.216459274e0,1.298576444e-1,1.583112627e-1,7.915562987e-1,7.346316814e0,3.756196797e-1
train,2022,CCC(=O)C(C)(C)O,6.280387878e0,3.693766147e-2,1.583112627e-1,7.915562987e-1,6.317325592e0,-4.305819869e-1
train,2023,CC1C(=O)C2NC12CO,5.899428368e0,2.961798906e-1,1.583112627e-1,7.915562987e-1,6.195608139e0,-5.259460807e-1
train,2024,C#CC1(O)CC1NC=O,7.036864281e0,1.618167311e-1,1.583112627e-1,7.915562987e-1,7.198680878e0,2.599487901e-1
train,2025,COC1CCC2(CC2)O1,8.805603981e0,-8.108390123e-2,1.583112627e-1,7.915562987e-1,8.724519730e0,1.455424309e0
train,2026,C[NH+]1C(CO)C1C1CC1,7.823273182e0,-7.501702309e-1,4.749337733e-1,2.374668837e0,7.073102951e0,1.615600586e-1
train,2027,C#CCC(O)C(C)=NO,6.843663692e0,1.214434624e0,4.749337733e-1,2.374668837e0,8.058097839e0,9.332911968e-1
train,2028,Nc1ocnc1CCO,5.956572056e0,-2.320790738e-1,4.749337733e-1,2.374668837e0,5.724493027e0,-8.950588703e-1
train,2029,C#Cc1c[nH]c(O)c1C,5.545680046e0,1.388484091e-1,1.583112627e-1,7.915562987e-1,5.684528351e0,-9.263706803e-1
train,2030,CC1CC12OCC2O,7.815110207e0,-2.026578933e-1,1.583112627e-1,7.915562987e-1,7.612452507e0,5.841336846e-1
train,2031,CC12OC1CC2C1CC1,8.941660881e0,-2.075825445e-2,1.583112627e-1,7.915562987e-1,8.920902252e0,1.609287620e0
train,2032,C#CCC(C)OC,8.372943878e0,-1.300882250e-1,1.583112627e-1,7.915562987e-1,8.242856026e0,1.078046918e0
train,2033,CC1[NH+]2CC3OC1(C)C32,7.608303070e0,2.545258403e-2,4.749337733e-1,2.374668837e0,7.633755684e0,6.008244157e-1
train,2034,CC12COC([NH-])C1(O)C2,7.083124161e0,-1.675317436e-1,4.749337733e-1,2.374668837e0,6.915592194e0,3.815236315e-2
train,2035,O=CNC(=O)C1CN1,5.959293365e0,2.984702885e-1,1.583112627e-1,7.915562987e-1,6.257763863e0,-4.772478640e-1
train,2036,O=C1OC2CC3C(O1)C23,8.547096252e0,7.147366554e-2,1.583112627e-1,7.915562987e-1,8.618570328e0,1.372414351e0
train,2037,CC1(C)OC(=O)N2CC21,7.899465561e0,-1.533201784e-1,1.583112627e-1,7.915562987e-1,7.746145248e0,6.888802648e-1
train,2038,CCC12C3CC1C1C3[NH+]12,8.389269829e0,-7.721888274e-2,1.583112627e-1,7.915562987e-1,8.312050819e0,1.132260203e0
train,2039,CC1CC2C1C2C1CC1,8.998806000e0,1.983530521e-1,1.583112627e-1,7.915562987e-1,9.197158813e0,1.825731158e0
train,2040,C#CC1CC(O)C12CC2,8.209674835e0,9.882953018e-3,1.583112627e-1,7.915562987e-1,8.219557762e0,1.059792995e0
train,2041,C[NH2+][CH+]OCC(C)C=O,5.983783722e0,4.480258562e-3,1.583112627e-1,7.915562987e-1,5.988264084e0,-6.883975863e-1
train,2042,CCC#CC(C)(O)CC,7.951167107e0,6.136610731e-2,1.583112627e-1,7.915562987e-1,8.012533188e0,8.975918293e-1
train,2043,OC12CCOC3C1CC32,8.571586609e0,3.950309157e-1,4.749337733e-1,2.374668837e0,8.966617584e0,1.645105004e0
train,2044,CCC12CC1NC(=O)O2,8.119877815e0,4.313524365e-1,4.749337733e-1,2.374668837e0,8.551230431e0,1.319654346e0
train,2045,C1OCC1[NH+]1CC1,8.470904350e0,8.604340255e-2,4.749337733e-1,2.374668837e0,8.556947708e0,1.324133754e0
train,2046,OC1(C2CCO2)COC1,8.489952087e0,1.503603160e-1,4.749337733e-1,2.374668837e0,8.640312195e0,1.389448762e0
train,2047,Cc1cnn2c1C=CC2,5.023221493e0,-7.815779001e-2,1.583112627e-1,7.915562987e-1,4.945063591e0,-1.505732059e0
train,2048,Cc1nc2c(o1)NCC2,5.597382069e0,-1.028811336e-1,1.583112627e-1,7.915562987e-1,5.494501114e0,-1.075254679e0
train,2049,CC1(C)CC2(C)CC12C,8.509000778e0,1.483150274e-1,1.583112627e-1,7.915562987e-1,8.657316208e0,1.402771235e0
train,2050,COC1CC12CC([NH-])O2,7.191968918e0,1.120414510e-1,1.583112627e-1,7.915562987e-1,7.304010391e0,3.424731493e-1
train,2051,CCc1nccc(F)n1,6.087186813e0,-1.929651387e-2,1.583112627e-1,7.915562987e-1,6.067890167e0,-6.260115504e-1
train,2052,N#CC12CCC1(CO)N2,7.488573551e0,6.843823195e-2,1.583112627e-1,7.915562987e-1,7.557011604e0,5.406963825e-1
train,2053,C#CC1OC2CCC=C12,6.590597630e0,3.190065548e-2,1.583112627e-1,7.915562987e-1,6.622498512e0,-1.914828569e-1
train,2054,C#CC1CC(CCO)O1,7.548438072e0,2.118054777e-1,1.583112627e-1,7.915562987e-1,7.760243416e0,6.999259591e-1
train,2055,CN1CCCN(C)C1=O,7.581092358e0,-1.866335273e-1,1.583112627e-1,7.915562987e-1,7.394458771e0,4.133383036e-1
train,2056,CCC[NH+]1C2C3OC3C21,7.153872967e0,4.124835134e-2,1.583112627e-1,7.915562987e-1,7.195121288e0,2.571598887e-1
train,2057,C#Cc1ncc(C)cn1,5.474930763e0,-1.863572374e-2,1.583112627e-1,7.915562987e-1,5.456295013e0,-1.105188608e0
train,2058,O=CNC1CC2OCC12,7.523947716e0,-1.429845244e-1,1.583112627e-1,7.915562987e-1,7.380963326e0,4.027647972e-1
train,2059,CC1=CCC2(CO2)C1C,7.129383087e0,1.202088371e-1,1.583112627e-1,7.915562987e-1,7.249591827e0,2.998368740e-1
train,2060,Cc1nc2c([nH]1)CC=C2,5.191932201e0,5.026654154e-2,1.583112627e-1,7.915562987e-1,5.242198944e0,-1.272930264e0
train,2061,CC1C(N)=CC(=O)N1C,5.845005512e0,-1.322677284e-1,1.583112627e-1,7.915562987e-1,5.712737560e0,-9.042690992e-1
train,2062,CCC(C=O)N(C)C=O,5.589218616e0,-6.915768981e-2,1.583112627e-1,7.915562987e-1,5.520061016e0,-1.055228829e0
train,2063,CC1(O)C2C[NH+]3C1C23C,8.147089005e0,-4.900587201e-1,4.749337733e-1,2.374668837e0,7.657030106e0,6.190596223e-1
train,2064,CC1Cn2nccc2O1,6.710327625e0,-5.224932358e-2,1.583112627e-1,7.915562987e-1,6.658078194e0,-1.636066139e-1
train,2065,CC1COCCC([NH-])O1,7.534832478e0,-1.460364461e-1,1.583112627e-1,7.915562987e-1,7.388795853e0,4.089014828e-1
train,2066,O=c1ccc(=O)onn1,4.206880093e0,-3.445957974e-2,1.583112627e-1,7.915562987e-1,4.172420502e0,-2.111088276e0
train,2067,C#CC1CNC(=O)N1,7.586534500e0,2.798660696e-1,1.583112627e-1,7.915562987e-1,7.866400719e0,7.830988765e-1
train,2068,CCC1=CC2(O)CC1C2,6.397397041e0,-1.766696274e-1,4.749337733e-1,2.374668837e0,6.220727444e0,-5.062654614e-1
train,2069,C1C[NH+]2C1C1C2C2C[NH+]21,7.442313671e0,-3.391973376e-1,1.583112627e-1,7.915562987e-1,7.103116512e0,1.850753129e-1
train,2070,COCC1CCC(C)C1,8.990641594e0,-1.476494074e-1,4.749337733e-1,2.374668837e0,8.842991829e0,1.548245788e0
train,2071,C1=CC2(OC1)C1CC2C1,6.421886921e0,1.505327076e-1,1.583112627e-1,7.915562987e-1,6.572419643e0,-2.307190150e-1
train,2072,C#CC1OC([NH-])C1(C)O,7.442313671e0,-1.904799836e-3,1.583112627e-1,7.915562987e-1,7.440408707e0,4.493395090e-1
train,2073,CC1C(C)(C)C1(O)C=O,5.760650635e0,-1.287860870e-1,1.583112627e-1,7.915562987e-1,5.631864548e0,-9.676321149e-1
train,2074,CC([NH-])OC(N)=O,7.200132847e0,-5.413575470e-2,1.583112627e-1,7.915562987e-1,7.145997047e0,2.186716646e-1
train,2075,Cc1occ(N)c1N,6.084465981e0,2.388283759e-1,1.583112627e-1,7.915562987e-1,6.323294163e0,-4.259057045e-1
train,2076,Nc1oncc1OC=O,5.842284679e0,-8.867274523e-1,4.749337733e-1,2.374668837e0,4.955557346e0,-1.497510314e0
train,2077,CC12CCC(C#N)(C1)O2,7.431428909e0,1.197761390e-2,1.583112627e-1,7.915562987e-1,7.443406582e0,4.516882896e-1
train,2078,COC(C)C(C)O,8.838258743e0,1.686358154e-1,1.583112627e-1,7.915562987e-1,9.006894112e0,1.676661134e0
train,2079,CC1=CC2CC(C=C1)O2,4.770155907e0,-1.368801892e-1,1.583112627e-1,7.915562987e-1,4.633275509e0,-1.750014067e0
train,2080,CC1C(=O)CC1C=O,6.040927887e0,-1.572659910e-1,1.583112627e-1,7.915562987e-1,5.883661747e0,-7.703521848e-1
train,2081,CC(O)CC1NC1CO,8.313077927e0,5.018737912e-2,1.583112627e-1,7.915562987e-1,8.363265038e0,1.172385812e0
train,2082,C#CC1CC2(C1)CC2C,8.201511383e0,-1.320445091e-1,1.583112627e-1,7.915562987e-1,8.069466591e0,9.421984553e-1
train,2083,Nc1noc(CC=O)n1,5.529353619e0,-3.969285786e-1,1.583112627e-1,7.915562987e-1,5.132424831e0,-1.358936906e0
train,2084,COC1CC(CO)CO1,9.083160400e0,6.962467730e-2,1.583112627e-1,7.915562987e-1,9.152785301e0,1.790965080e0
train,2085,CC(=O)C1CC(=O)N1,6.032763958e0,-5.334936455e-2,1.583112627e-1,7.915562987e-1,5.979414463e0,-6.953310966e-1
train,2086,CNC1CCNC1C#N,7.058633804e0,2.523840666e-1,1.583112627e-1,7.915562987e-1,7.311017990e0,3.479635119e-1
train,2087,N#CC1=CC2OC1C2O,5.483094215e0,-4.233283699e-1,1.583112627e-1,7.915562987e-1,5.059765816e0,-1.415864229e0
train,2088,CC12C3C4CC([NH+]41)C32O,7.670889378e0,-2.276740372e-1,1.583112627e-1,7.915562987e-1,7.443215370e0,4.515385032e-1
train,2089,C#CC12CCC(O)(C1)C2,8.079060555e0,-1.838293076e-1,1.583112627e-1,7.915562987e-1,7.895231247e0,8.056872487e-1
train,2090,CC(=O)C1([NH+]2CC2)CC1,6.030043125e0,-8.273085952e-2,1.583112627e-1,7.915562987e-1,5.947312355e0,-7.204827070e-1
train,2091,C1C[NH+]2C1C1C3NC3C12,7.115777493e0,3.233732879e-1,1.583112627e-1,7.915562987e-1,7.439150810e0,4.483539462e-1
train,2092,O=C1CCC2NC2C1=O,4.576955318e0,-1.720311046e-1,1.583112627e-1,7.915562987e-1,4.404924393e0,-1.928924322e0
train,2093,CC12C(=O)C3C=CC1[NH+]32,5.197374821e0,-9.781558812e-2,1.583112627e-1,7.915562987e-1,5.099559307e0,-1.384686589e0
train,2094,CCC12CC3(O)C[NH+]1C32,7.972936153e0,-1.005632639e0,4.749337733e-1,2.374668837e0,6.967303276e0,7.866734266e-2
train,2095,N#CCC1C[NH+]2CC12,7.613745689e0,-3.237175047e-1,1.583112627e-1,7.915562987e-1,7.290028095e0,3.315181732e-1
train,2096,O=CC1OC12C1CC2N1,5.679016113e0,-4.828113317e-2,1.583112627e-1,7.915562987e-1,5.630734921e0,-9.685171843e-1
train,2097,CCC(CO)C(C)C=O,6.217801571e0,-1.550044775e0,4.749337733e-1,2.374668837e0,4.667757034e0,-1.722998261e0
train,2098,CC1C(O)C2COCC12,8.473625183e0,1.337622404e-1,1.583112627e-1,7.915562987e-1,8.607387543e0,1.363652706e0
train,2099,O=CNC1C2CC1C2=O,6.476309776e0,-1.908143163e-1,1.583112627e-1,7.915562987e-1,6.285495281e0,-4.555206597e-1
train,2100,OC1(C2CO2)CC2OC21,8.394712448e0,3.575112820e-1,1.583112627e-1,7.915562987e-1,8.752223969e0,1.477130294e0
train,2101,CC1(C#N)CCC1O,8.332126617e0,-2.055058181e-1,1.583112627e-1,7.915562987e-1,8.126621246e0,9.869784117e-1
train,2102,CCC1(OC)C2COC21,8.348453522e0,4.362288117e-1,4.749337733e-1,2.374668837e0,8.784682274e0,1.502560973e0
train,2103,CC12CC1OCC21CC1,8.285867691e0,-6.214843988e-1,4.749337733e-1,2.374668837e0,7.664383411e0,6.248208880e-1
train,2104,CC1(O)C(=O)COC1=O,5.668131351e0,7.363317907e-2,1.583112627e-1,7.915562987e-1,5.741764545e0,-8.815268278e-1
train,2105,CC(CO)c1cocn1,6.628693581e0,-2.732684016e-1,4.749337733e-1,2.374668837e0,6.355425358e0,-4.007313251e-1
train,2106,COC1(C#N)CNC1,6.990605354e0,3.108970448e-2,1.583112627e-1,7.915562987e-1,7.021695137e0,1.212826893e-1
train,2107,COC(C)C1CC(=O)N1,7.660005569e0,-6.552591175e-2,1.583112627e-1,7.915562987e-1,7.594479561e0,5.700520873e-1
train,2108,CCCCC1CN1C=O,6.887201786e0,-3.332036734e-2,1.583112627e-1,7.915562987e-1,6.853881359e0,-1.019730046e-2
train,2109,CCCC#N,9.660041809e0,9.218917042e-2,1.583112627e-1,7.915562987e-1,9.752230644e0,2.260622978e0
train,2110,CC1(C)C2C3OC3(C)C21,8.740297318e0,3.705905676e-1,4.749337733e-1,2.374668837e0,9.110887527e0,1.758138657e0
train,2111,Cn1ccc(=O)cc1O,5.575613022e0,-3.071975708e-1,4.749337733e-1,2.374668837e0,5.268415451e0,-1.252389908e0
train,2112,C[NH+]1C(C)(C)C1(C)C=O,5.624593258e0,-3.121790886e-1,1.583112627e-1,7.915562987e-1,5.312414169e0,-1.217917442e0
train,2113,O=C1C[NH+]2C3C1C1C3C12,5.230028629e0,-1.440950632e-1,1.583112627e-1,7.915562987e-1,5.085933685e0,-1.395362139e0
train,2114,[H]N=CNc1ccon1,5.981062412e0,-2.201151848e-1,4.749337733e-1,2.374668837e0,5.760947227e0,-8.664974570e-1
train,2115,CC1C(O)C1(C)C=O,6.176984310e0,1.775101759e-2,1.583112627e-1,7.915562987e-1,6.194735527e0,-5.266298056e-1
train,2116,NC(=O)OCC1CCO1,8.343010902e0,-3.141866624e-2,1.583112627e-1,7.915562987e-1,8.311592102e0,1.131900787e0
train,2117,CC1NC2=CC(=O)CC21,5.616430283e0,-3.576835617e-2,1.583112627e-1,7.915562987e-1,5.580661774e0,-1.007748842e0
train,2118,COC(CO)CC(C)C,8.620567322e0,-5.389525294e-1,4.749337733e-1,2.374668837e0,8.081614494e0,9.517161846e-1
train,2119,[CH-]1CC23CC4C2C1C[NH+]43,4.465388775e0,-9.063083678e-2,1.583112627e-1,7.915562987e-1,4.374757767e0,-1.952559471e0
train,2120,N#CCc1ccon1,6.868154049e0,-1.936255023e-3,4.749337733e-1,2.374668837e0,6.866217613e0,-5.320006167e-4
train,2121,O=C1CC2C(O)CCC12,5.874938488e0,-1.880340874e-1,1.583112627e-1,7.915562987e-1,5.686904430e0,-9.245090485e-1
train,2122,O=C1C=CC2C3NC3C12,4.917097569e0,-1.236680523e-1,1.583112627e-1,7.915562987e-1,4.793429375e0,-1.624535561e0
train,2123,COC1(CO)CCC1O,8.261377335e0,-2.798247337e-1,1.583112627e-1,7.915562987e-1,7.981552601e0,8.733189702e-1
train,2124,C#CC1CCC(OC)O1,8.038243294e0,6.539222598e-2,1.583112627e-1,7.915562987e-1,8.103635788e0,9.689695835e-1
train,2125,CC12CC3C=CC1C2O3,6.443655968e0,-3.759365678e-1,1.583112627e-1,7.915562987e-1,6.067719460e0,-6.261452436e-1
train,2126,CCn1cc(N)nn1,5.864053726e0,5.958235636e-2,1.583112627e-1,7.915562987e-1,5.923635960e0,-7.390328646e-1
train,2127,OCCC12OC1C1NC12,7.581092358e0,1.534058806e-2,1.583112627e-1,7.915562987e-1,7.596433163e0,5.715827346e-1
train,2128,C#CC12C[NH+](C)C1CO2,6.356579781e0,2.296233773e-1,1.583112627e-1,7.915562987e-1,6.586203098e0,-2.199198604e-1
train,2129,C#CC1C2OCCOC12,7.262719154e0,1.812444776e-1,1.583112627e-1,7.915562987e-1,7.443963528e0,4.521246552e-1
train,2130,OCC1CC=CCOC1,7.170200348e0,1.347201765e-1,1.583112627e-1,7.915562987e-1,7.304920673e0,3.431863487e-1
train,2131,CC12CC1C1(C#N)OC21,6.552501678e0,5.386421680e-1,4.749337733e-1,2.374668837e0,7.091143608e0,1.756946892e-1
train,2132,O=C1OC2C[NH+]3CC3C12,6.726654530e0,-1.270512104e0,4.749337733e-1,2.374668837e0,5.456142426e0,-1.105308175e0
train,2133,CC(O)C1(C)C(C)C1O,7.790619850e0,1.569644213e-1,1.583112627e-1,7.915562987e-1,7.947584152e0,8.467050791e-1
train,2134,CN(C=O)C(=O)C1CN1,6.119840622e0,7.879365236e-2,1.583112627e-1,7.915562987e-1,6.198634148e0,-5.235752463e-1
train,2135,CCCCCC1COC1,8.721248627e0,1.327288523e-2,1.583112627e-1,7.915562987e-1,8.734521866e0,1.463260889e0
train,2136,CC1(C=O)CCC([NH-])O1,5.815073013e0,1.307914853e-1,1.583112627e-1,7.915562987e-1,5.945864677e0,-7.216169834e-1
train,2137,O=CC1=CCC2NC12,5.061317921e0,-5.978760868e-2,1.583112627e-1,7.915562987e-1,5.001530170e0,-1.461491227e0
train,2138,NC(=O)CC#CC1CO1,6.908970833e0,-5.839021504e-2,1.583112627e-1,7.915562987e-1,6.850580692e0,-1.278333180e-2
train,2139,C#CC1C2CC3CC1[NH+]32,7.216459274e0,-6.636396796e-2,1.583112627e-1,7.915562987e-1,7.150095463e0,2.218827307e-1
train,2140,CCC12CC3C1C[NH+]32,8.699480057e0,-3.223130703e-1,1.583112627e-1,7.915562987e-1,8.377166748e0,1.183277607e0
train,2141,CC1C2C([NH-])OC12C,7.548438072e0,3.270145133e-2,4.749337733e-1,2.374668837e0,7.581139565e0,5.596003532e-1
train,2142,CC1C2C=CC=CCC12,5.246355057e0,3.063439019e-2,1.583112627e-1,7.915562987e-1,5.276989460e0,-1.245672345e0
train,2143,CC(O)C1OC(=O)C1O,7.113056660e0,-2.052572966e-1,1.583112627e-1,7.915562987e-1,6.907799244e0,3.204668313e-2
train,2144,CC12CC1C1=CCCC12,6.541617393e0,-1.353446692e-1,1.583112627e-1,7.915562987e-1,6.406272888e0,-3.608929217e-1
train,2145,[NH-][CH+]OC1C=CCCO1,7.123940468e0,1.700310409e-2,1.583112627e-1,7.915562987e-1,7.140943527e0,2.147123069e-1
train,2146,CNC1=CC(=O)OCC1,5.605545521e0,-2.269504219e-1,1.583112627e-1,7.915562987e-1,5.378594875e0,-1.166065693e0
train,2147,O=C1NCC(O)C2OC12,6.865432262e0,5.715826154e-2,1.583112627e-1,7.915562987e-1,6.922590733e0,4.363562912e-2
train,2148,COC1C2NCC21OC,7.747081757e0,-8.003023267e-2,1.583112627e-1,7.915562987e-1,7.667051315e0,6.269111633e-1
train,2149,CC(C#N)c1cnco1,6.593318939e0,7.285388708e-1,4.749337733e-1,2.374668837e0,7.321857929e0,3.564564586e-1
train,2150,O=CCCC1NC1CO,6.176984310e0,-1.876455694e-1,1.583112627e-1,7.915562987e-1,5.989338875e0,-6.875554919e-1
train,2151,CCC12NC1CC2C=O,5.594660759e0,-3.070914745e-1,1.583112627e-1,7.915562987e-1,5.287569046e0,-1.237383366e0
train,2152,O=CC12CC[NH+]3CC1C32,5.711669922e0,-3.493706882e-2,1.583112627e-1,7.915562987e-1,5.676733017e0,-9.324782491e-1
train,2153,CC(O)C(C)C(O)C#N,8.223280907e0,-8.129128069e-2,1.583112627e-1,7.915562987e-1,8.141989708e0,9.990193844e-1
train,2154,NC1[NH2+]C2C(=O)CC2O1,5.298057079e0,7.134701312e-2,1.583112627e-1,7.915562987e-1,5.369404316e0,-1.173266411e0
train,2155,O=CC1C[NH2+][CH+]N1C=O,5.502141953e0,-3.968045861e-2,1.583112627e-1,7.915562987e-1,5.462461472e0,-1.100357294e0
train,2156,CC1C2CC3COC31C2,8.634172440e0,-7.742067426e-2,1.583112627e-1,7.915562987e-1,8.556752205e0,1.323980570e0
train,2157,C#CC(C)C(=O)C1CO1,5.760650635e0,7.250660658e-2,1.583112627e-1,7.915562987e-1,5.833157063e0,-8.099219799e-1
train,2158,[NH-]C1=C([NH-])OCC([NH-])N1,5.368806362e0,6.457690597e-1,4.749337733e-1,2.374668837e0,6.014575481e0,-6.677829027e-1
train,2159,c1ncc2conc2n1,4.644983292e0,1.228061616e-1,1.583112627e-1,7.915562987e-1,4.767789364e0,-1.644624114e0
train,2160,C#CC(CC)NC(N)=O,7.747081757e0,4.273077473e-2,1.583112627e-1,7.915562987e-1,7.789812565e0,7.230930328e-1
train,2161,OC12CC3CC1C32O,8.065455437e0,1.147725657e-1,1.583112627e-1,7.915562987e-1,8.180228233e0,1.028978825e0
train,2162,CC12C3CC(=O)N1C2C3,6.459982872e0,-1.476885378e-1,1.583112627e-1,7.915562987e-1,6.312294483e0,-4.345238209e-1
train,2163,C#CCC12CC1C1CC12,7.118498325e0,3.060231209e-1,4.749337733e-1,2.374668837e0,7.424521446e0,4.368920326e-1
train,2164,CC#CC1(C)CCC1,8.038243294e0,2.406984866e-1,1.583112627e-1,7.915562987e-1,8.278942108e0,1.106319904e0
train,2165,N#CC12C3CC[NH+]1CC32,6.996047020e0,-7.152333856e-2,1.583112627e-1,7.915562987e-1,6.924523830e0,4.515018687e-2
train,2166,CCC(=O)C1CC1OC,6.351137638e0,-2.696266770e-2,1.583112627e-1,7.915562987e-1,6.324174881e0,-4.252156615e-1
train,2167,C[NH2+]C1NC2CC2C1=O,5.009616375e0,1.468818784e-1,4.749337733e-1,2.374668837e0,5.156498432e0,-1.340075493e0
train,2168,O=C1CCCCC2CN12,6.791961670e0,2.109336406e-1,1.583112627e-1,7.915562987e-1,7.002895355e0,1.065532938e-1
train,2169,CC1(C)CC1(C=O)CO,6.079023361e0,-8.347284049e-2,1.583112627e-1,7.915562987e-1,5.995550632e0,-6.826886535e-1
train,2170,[NH-]C1C=COC(=O)O1,5.864053726e0,-2.883546352e-1,1.583112627e-1,7.915562987e-1,5.575698853e0,-1.011637211e0
train,2171,CNc1nc(N)c(O)o1,5.850448132e0,3.660295606e-1,4.749337733e-1,2.374668837e0,6.216477871e0,-5.095949173e-1
train,2172,CC1C=CC(C#N)CO1,7.151152611e0,8.820550283e-4,1.583112627e-1,7.915562987e-1,7.152034760e0,2.234021425e-1
train,2173,CCc1cc(O)c(C)[nH]1,5.978341103e0,-1.830340922e-2,1.583112627e-1,7.915562987e-1,5.960037708e0,-7.105125785e-1
train,2174,CC1C2C=CC1C2O,6.544338226e0,-8.766385317e-1,4.749337733e-1,2.374668837e0,5.667699814e0,-9.395556450e-1
train,2175,O=C1CNC12CC1CC12,5.591939926e0,2.592298687e-1,1.583112627e-1,7.915562987e-1,5.851169586e0,-7.958093882e-1
train,2176,Nc1c[nH]c(=O)c(F)n1,4.002794743e0,-5.437796563e-2,1.583112627e-1,7.915562987e-1,3.948416710e0,-2.286592245e0
train,2177,C#CC(O)C1COC1C,7.284487724e0,-1.445998996e-1,1.583112627e-1,7.915562987e-1,7.139887810e0,2.138851583e-1
train,2178,CCC1C(C)OC1[NH-],7.858648300e0,-1.828633994e-1,1.583112627e-1,7.915562987e-1,7.675785065e0,6.337538958e-1
train,2179,CC(=O)C1CCC1O,6.062696934e0,4.667335004e-2,1.583112627e-1,7.915562987e-1,6.109370232e0,-5.935124159e-1
train,2180,C[NH+](C)C(C)(C#N)CO,6.919855118e0,8.908309974e-3,1.583112627e-1,7.915562987e-1,6.928763390e0,4.847183079e-2
train,2181,NC1=CC(=O)CNC1,5.268124104e0,-3.220041394e-1,4.749337733e-1,2.374668837e0,4.946119785e0,-1.504904509e0
train,2182,CC1C(=O)CC2C(O)C12,6.209638119e0,1.790739149e-1,1.583112627e-1,7.915562987e-1,6.388711929e0,-3.746517003e-1
train,2183,O=C1C2C3[NH+]2CC13O,6.204195976e0,-2.655274868e-1,1.583112627e-1,7.915562987e-1,5.938668251e0,-7.272552848e-1
train,2184,CC#CC(C)C(C)O,8.040965080e0,-1.319710016e-1,1.583112627e-1,7.915562987e-1,7.908994198e0,8.164703250e-1
train,2185,[NH-]C1CC23CCC2(C3)O1,7.012373924e0,3.015027568e-2,1.583112627e-1,7.915562987e-1,7.042524338e0,1.376021057e-1
train,2186,OC12C=CC3CC1CC32,6.751144886e0,-1.107760146e-1,1.583112627e-1,7.915562987e-1,6.640368938e0,-1.774816066e-1
train,2187,N#CC1COCCOC1,8.236886978e0,2.733001299e-2,1.583112627e-1,7.915562987e-1,8.264217377e0,1.094783306e0
train,2188,C#CC(O)C1CC2C[NH+]21,7.140267849e0,1.911784410e-1,1.583112627e-1,7.915562987e-1,7.331446171e0,3.639687300e-1
train,2189,CCCNC(=O)C=O,4.819136620e0,7.015236467e-2,1.583112627e-1,7.915562987e-1,4.889288902e0,-1.549430847e0
train,2190,[NH-]c1n[cH+]ccc(N)n1,4.318447113e0,-2.202775329e-1,1.583112627e-1,7.915562987e-1,4.098169804e0,-2.169262648e0
train,2191,CCC1(OC)COC1[NH-],7.572928429e0,-1.174845845e-1,1.583112627e-1,7.915562987e-1,7.455443859e0,4.611193538e-1
train,2192,C#CC1COC1,7.910349369e0,1.554809362e-1,1.583112627e-1,7.915562987e-1,8.065830231e0,9.393494129e-1
train,2193,COCC(O)CC(C)O,8.928055763e0,8.841694146e-2,1.583112627e-1,7.915562987e-1,9.016472816e0,1.684165955e0
train,2194,O=Cc1ncoc1CO,5.330710411e0,-4.520864487e-1,4.749337733e-1,2.374668837e0,4.878623962e0,-1.557786703e0
train,2195,COC1C2CC(C)CC21,8.590634346e0,-5.568671227e-2,1.583112627e-1,7.915562987e-1,8.534947395e0,1.306896806e0
train,2196,C[NH2+]C1ON=COC1=O,5.420508385e0,-2.274335772e-1,1.583112627e-1,7.915562987e-1,5.193074703e0,-1.311418414e0
train,2197,CC1C(=O)CNC1C#N,6.010994911e0,-7.931693792e-1,4.749337733e-1,2.374668837e0,5.217825413e0,-1.292026520e0
train,2198,CCOc1ncon1,6.715770245e0,2.152529359e-2,1.583112627e-1,7.915562987e-1,6.737295628e0,-1.015407592e-1
train,2199,C#CCC1(CC)CC1,8.492672920e0,-1.791831106e-1,1.583112627e-1,7.915562987e-1,8.313489914e0,1.133387685e0
train,2200,CC(O)C1NC1(C)C=O,6.019158840e0,-2.461697608e-1,1.583112627e-1,7.915562987e-1,5.772989273e0,-8.570626378e-1
train,2201,CC(O)c1cc(N)co1,5.899428368e0,-9.925697744e-2,1.583112627e-1,7.915562987e-1,5.800171375e0,-8.357658386e-1
train,2202,CC[NH2+]C1ON=NO1,5.589218616e0,9.377293289e-3,1.583112627e-1,7.915562987e-1,5.598596096e0,-9.936975241e-1
train,2203,OCCc1cncnc1,5.711669922e0,-1.283373535e-1,1.583112627e-1,7.915562987e-1,5.583332539e0,-1.005656362e0
train,2204,CC1C2CC3(O)C1CC23,8.699480057e0,1.048527882e-1,1.583112627e-1,7.915562987e-1,8.804332733e0,1.517956853e0
train,2205,N#CC1=CCOCCC1,5.962014675e0,1.048987508e-1,1.583112627e-1,7.915562987e-1,6.066913605e0,-6.267766356e-1
train,2206,CC1=C(NO)COC[CH-]1,5.390575409e0,1.913653612e-1,1.583112627e-1,7.915562987e-1,5.581940651e0,-1.006746888e0
train,2207,CC(CCO)NC=O,7.657283783e0,1.062601507e-1,1.583112627e-1,7.915562987e-1,7.763544083e0,7.025120258e-1
train,2208,CC#CC(=O)C(C)=O,4.152457714e0,-4.888059944e-2,1.583112627e-1,7.915562987e-1,4.103577137e0,-2.165026188e0
train,2209,CC1OC12CC1NC1C2,8.500837326e0,2.030729689e-2,1.583112627e-1,7.915562987e-1,8.521144867e0,1.296082735e0
train,2210,CCCC1C2OCC12C,8.283145905e0,5.702418685e-1,4.749337733e-1,2.374668837e0,8.853387833e0,1.556390882e0
train,2211,C[NH2+]C1CC=CN1C=O,5.532074928e0,6.951527297e-2,1.583112627e-1,7.915562987e-1,5.601590157e0,-9.913517237e-1
train,2212,O=C1CNCCC12CN2,5.268124104e0,3.696653992e-2,1.583112627e-1,7.915562987e-1,5.305090427e0,-1.223655581e0
train,2213,O=CCc1cnccn1,5.132067680e0,-1.659118384e-1,1.583112627e-1,7.915562987e-1,4.966156006e0,-1.489206433e0
train,2214,O=CC1CCC1O,6.141610146e0,1.627147794e-1,1.583112627e-1,7.915562987e-1,6.304325104e0,-4.407677352e-1
train,2215,Cc1coc(C)c1O,6.076302528e0,9.384378046e-2,1.583112627e-1,7.915562987e-1,6.170146465e0,-5.458949804e-1
train,2216,CC1C(C)C(C)(O)C1C,8.383827209e0,-2.463727891e-1,1.583112627e-1,7.915562987e-1,8.137454033e0,9.954657555e-1
train,2217,COc1nc(N)c(N)[nH]1,6.283109188e0,6.043587923e-1,4.749337733e-1,2.374668837e0,6.887467861e0,1.611730084e-2
train,2218,Cc1c(C#N)c[nH]c1O,5.548401356e0,-5.225134492e-1,1.583112627e-1,7.915562987e-1,5.025887966e0,-1.442407131e0
train,2219,Cc1cc(O)c(C)n1C,5.964735985e0,-2.604525089e-1,1.583112627e-1,7.915562987e-1,5.704283714e0,-9.108926058e-1
train,2220,COC1CC2C(=O)OC12,7.458641052e0,-1.947271377e-1,1.583112627e-1,7.915562987e-1,7.263914108e0,3.110581934e-1
train,2221,CCC1(C=O)NC1CO,6.163379192e0,-1.008396670e-1,1.583112627e-1,7.915562987e-1,6.062539577e0,-6.302036643e-1
train,2222,C#CC1C=CC2(CC2)C1,6.680395126e0,-4.834748432e-2,1.583112627e-1,7.915562987e-1,6.632047653e0,-1.840012223e-1
train,2223,COC(C)CNC=O,7.711706638e0,1.283168793e-1,1.583112627e-1,7.915562987e-1,7.840023518e0,7.624326944e-1
train,2224,Cn1ncn(C=O)c1=O,5.243634224e0,-2.173772641e-2,1.583112627e-1,7.915562987e-1,5.221896648e0,-1.288836837e0
train,2225,[NH-]C1NC2COC12C=O,5.540238380e0,-4.982770979e-2,1.583112627e-1,7.915562987e-1,5.490410805e0,-1.078459382e0
train,2226,CCC1CC=CCC1,7.289929867e0,4.754428938e-2,1.583112627e-1,7.915562987e-1,7.337474346e0,3.686917424e-1
train,2227,O=c1cccc(F)o1,4.873559475e0,3.914596140e-2,1.583112627e-1,7.915562987e-1,4.912705421e0,-1.531084299e0
train,2228,CC12CC1C1(O)COC21,7.940282345e0,2.251392305e-1,1.583112627e-1,7.915562987e-1,8.165421486e0,1.017377853e0
train,2229,C#CC1CC2(CC2)C1O,7.915791988e0,-1.488425881e-1,1.583112627e-1,7.915562987e-1,7.766949177e0,7.051798701e-1
train,2230,CC1CC2C1N2C=O,6.645020485e0,3.241851553e-2,1.583112627e-1,7.915562987e-1,6.677439213e0,-1.484375000e-1
train,2231,CC1(CO)CC1OC=O,7.366122246e0,-1.812200807e-2,1.583112627e-1,7.915562987e-1,7.348000050e0,3.769384921e-1
train,2232,C#CC(C#C)(C#N)OC,7.050469875e0,5.641390756e-2,1.583112627e-1,7.915562987e-1,7.106884003e0,1.880270839e-1
train,2233,C#CC1NC(=O)C1O,7.265439510e0,-1.552766711e-1,1.583112627e-1,7.915562987e-1,7.110162735e0,1.905959398e-1
train,2234,C#CC1NC1CC#CC,7.379727840e0,-6.809090264e-3,1.583112627e-1,7.915562987e-1,7.372918606e0,3.964618742e-1
train,2235,CC1(COC(N)=O)CO1,8.626008987e0,1.397155821e-1,1.583112627e-1,7.915562987e-1,8.765724182e0,1.487707496e0
train,2236,CC(O)C(=O)CC1CO1,6.299435616e0,-2.315892875e-1,1.583112627e-1,7.915562987e-1,6.067846298e0,-6.260458827e-1
train,2237,CC1C(C)C1OCCO,8.364779472e0,6.407558452e-3,1.583112627e-1,7.915562987e-1,8.371187210e0,1.178592801e0
train,2238,C#CC1(O)CNC1=O,6.726654530e0,-9.175715037e-3,1.583112627e-1,7.915562987e-1,6.717478752e0,-1.170670316e-1
train,2239,CC12C3CC1(C#N)NC32,6.862711906e0,-1.265573949e-1,1.583112627e-1,7.915562987e-1,6.736154556e0,-1.024347693e-1
train,2240,CC12CNC1(C#N)C2,6.476309776e0,2.087355256e-1,1.583112627e-1,7.915562987e-1,6.685045242e0,-1.424782723e-1
train,2241,C1=CCC2(C1)CC=CC2,7.091287136e0,-1.374419928e-1,1.583112627e-1,7.915562987e-1,6.953845024e0,6.812297553e-2
train,2242,NC(=O)N1CCCC1,7.902186394e0,5.780910328e-2,1.583112627e-1,7.915562987e-1,7.959995270e0,8.564290404e-1
train,2243,C#CC(=O)c1ccc[nH]1,4.508926868e0,1.070765853e-1,1.583112627e-1,7.915562987e-1,4.616003513e0,-1.763546467e0
train,2244,O=C1CC(C#CCO)O1,7.491294384e0,-1.182335317e-1,1.583112627e-1,7.915562987e-1,7.373060703e0,3.965731859e-1
train,2245,Fc1ccccc1F,6.329368591e0,8.031059802e-2,1.583112627e-1,7.915562987e-1,6.409679413e0,-3.582239449e-1
train,2246,CC(=O)C1NC1C(C)=O,5.578333855e0,-6.303466856e-3,1.583112627e-1,7.915562987e-1,5.572030544e0,-1.014511347e0
train,2247,CC#CC1OCCC1C,7.864090443e0,-1.066667810e-1,1.583112627e-1,7.915562987e-1,7.757423878e0,6.977168918e-1
train,2248,CC(CC=O)C[NH+]1CC1,5.997389793e0,2.760069370e-1,1.583112627e-1,7.915562987e-1,6.273396492e0,-4.649999142e-1
train,2249,CC1(C)CN(C=O)C1[NH-],6.236849785e0,2.590020597e-1,1.583112627e-1,7.915562987e-1,6.495851994e0,-2.907088101e-1
train,2250,O=C1C2CC3OCC13O2,6.223243713e0,-1.791559607e-1,4.749337733e-1,2.374668837e0,6.044087887e0,-6.446602941e-1
train,2251,Cc1cnc2onnn12,4.772877216e0,-1.270950139e-1,1.583112627e-1,7.915562987e-1,4.645781994e0,-1.740215421e0
train,2252,CCC12NC1C(C)C2=O,5.872217178e0,-1.177322045e-1,1.583112627e-1,7.915562987e-1,5.754485130e0,-8.715604544e-1
train,2253,C1=CCC(=C2CCC2)C1,6.427329540e0,3.222009540e-1,1.583112627e-1,7.915562987e-1,6.749530315e0,-9.195502847e-2
train,2254,C[NH2+]C1[NH+](C)C2CC21O,6.054533005e0,-6.978353113e-2,1.583112627e-1,7.915562987e-1,5.984749317e0,-6.911513209e-1
train,2255,CCOC([NH-])CO,8.081781387e0,-2.020498514e-1,1.583112627e-1,7.915562987e-1,7.879731655e0,7.935435176e-1
train,2256,C[NH2+]C1OCC1C1CO1,7.526669502e0,-8.707480878e-2,1.583112627e-1,7.915562987e-1,7.439594746e0,4.487017691e-1
train,2257,CC1=CCC=CC2CC12,6.299435616e0,3.070567735e-2,1.583112627e-1,7.915562987e-1,6.330141068e0,-4.205412269e-1
train,2258,CC(C#N)C1CCCC1,9.461399078e0,-4.617487788e-1,4.749337733e-1,2.374668837e0,8.999650002e0,1.670985460e0
train,2259,CCC1C2C3COC3C12,8.432807922e0,8.676189929e-2,1.583112627e-1,7.915562987e-1,8.519569397e0,1.294848323e0
train,2260,CC1(O)C(O)C1(O)C#N,6.976998806e0,2.707080841e-1,1.583112627e-1,7.915562987e-1,7.247706890e0,2.983600497e-1
train,2261,CC#CC(C)C(C)OC,8.217838287e0,-1.992733330e-1,1.583112627e-1,7.915562987e-1,8.018565178e0,9.023178220e-1
train,2262,CC(OC=O)C1CO1,7.545717239e0,1.579683423e-1,1.583112627e-1,7.915562987e-1,7.703685760e0,6.556137800e-1
train,2263,C#CCC(C#N)[NH+]1CC1,7.469525814e0,2.433294654e-1,1.583112627e-1,7.915562987e-1,7.712855339e0,6.627980471e-1
train,2264,CN1C(=O)C2C1C[NH+]2C,6.323925972e0,-2.429583073e-1,1.583112627e-1,7.915562987e-1,6.080967903e0,-6.157652736e-1
train,2265,OCC1[NH2+]C2CC(C2)O1,7.298093796e0,6.548459083e-2,1.583112627e-1,7.915562987e-1,7.363578320e0,3.891438544e-1
train,2266,C1C2OC34CCC23OC14,7.747081757e0,1.781938411e-2,4.749337733e-1,2.374668837e0,7.764901161e0,7.035752535e-1
train,2267,C#CC1C([NH-])OC12CC2,7.461361885e0,-2.267794162e-1,1.583112627e-1,7.915562987e-1,7.234582424e0,2.880772054e-1
train,2268,C1OC2[NH2+]C3CC3NC12,6.775634766e0,9.576457739e-2,1.583112627e-1,7.915562987e-1,6.871399403e0,3.527866211e-3
train,2269,COC1C=CC2(C)OC12,6.525290489e0,8.400359005e-2,1.583112627e-1,7.915562987e-1,6.609293938e0,-2.018284649e-1
train,2270,CC12CC3C(N1)C3C2=O,5.763371468e0,9.792991728e-2,1.583112627e-1,7.915562987e-1,5.861301422e0,-7.878711820e-1
train,2271,CN(C=O)C(=O)C#N,5.398738861e0,1.528309938e-2,1.583112627e-1,7.915562987e-1,5.414021969e0,-1.138309002e0
train,2272,O=CNCC1CC2CC12,7.526669502e0,-8.654674888e-2,1.583112627e-1,7.915562987e-1,7.440122604e0,4.491153359e-1
train,2273,OC1C[NH+]2C3C=CC2C13,5.989225864e0,-4.599041045e-1,1.583112627e-1,7.915562987e-1,5.529321671e0,-1.047973156e0
train,2274,C#CC1CCC=C(C)C1,7.091287136e0,-2.778539658e-1,1.583112627e-1,7.915562987e-1,6.813433170e0,-4.188795015e-2
train,2275,OCC1(O)C2CC(O)C21,8.141646385e0,1.699093580e-1,1.583112627e-1,7.915562987e-1,8.311555862e0,1.131872296e0
train,2276,C1=CN2C3COC3C2N1,6.522569180e0,8.441693336e-2,1.583112627e-1,7.915562987e-1,6.606986046e0,-2.036366761e-1
train,2277,N#CCOCC1CO1,7.779735088e0,-1.466397941e-2,1.583112627e-1,7.915562987e-1,7.765070915e0,7.037082911e-1
train,2278,CC1C2CC(C)(C=O)C12,5.945687771e0,-1.800764203e-1,1.583112627e-1,7.915562987e-1,5.765611172e0,-8.628433347e-1
train,2279,C#CC1C(C)C1C(C)=O,5.989225864e0,-8.375248313e-2,1.583112627e-1,7.915562987e-1,5.905473232e0,-7.532631755e-1
train,2280,C1=CCc2onnc2C1,5.953851223e0,1.047068164e-1,1.583112627e-1,7.915562987e-1,6.058557987e0,-6.333231926e-1
train,2281,C#CC12CNC(=O)C1O2,6.525290489e0,8.914533257e-2,1.583112627e-1,7.915562987e-1,6.614435673e0,-1.977999806e-1
train,2282,N#CC12CC3C(=O)C1[NH+]32,6.206917286e0,5.083610862e-2,1.583112627e-1,7.915562987e-1,6.257753372e0,-4.772560894e-1
train,2283,C#Cc1c(N)coc1C,5.322546959e0,2.581081353e-2,1.583112627e-1,7.915562987e-1,5.348357677e0,-1.189756155e0
train,2284,CC(C)CC(C)O,9.058670044e0,-2.633590400e-1,1.583112627e-1,7.915562987e-1,8.795310974e0,1.510888457e0
train,2285,COC1C(C)C1(O)C=O,5.488536358e0,-9.059674293e-2,1.583112627e-1,7.915562987e-1,5.397939682e0,-1.150909305e0
train,2286,CC1(C)CC(C)(O)C1,8.756624222e0,-5.367572606e-2,1.583112627e-1,7.915562987e-1,8.702948570e0,1.438523650e0
train,2287,CC1C(O)C=CC12CC2,6.691279888e0,-7.257904857e-2,1.583112627e-1,7.915562987e-1,6.618700981e0,-1.944581717e-1
train,2288,O=Cc1cocn1,5.485815525e0,-8.423944712e-1,4.749337733e-1,2.374668837e0,4.643421173e0,-1.742065072e0
train,2289,O=C1CC2[NH+]3CC2(C3)O1,6.737539291e0,-2.901853248e-2,1.583112627e-1,7.915562987e-1,6.708520889e0,-1.240854040e-1
train,2290,CC1COC2CC(C2)O1,8.587913513e0,6.642880440e-1,4.749337733e-1,2.374668837e0,9.252201080e0,1.868856072e0
train,2291,C#CC[NH+]1CC2OCC21,7.050469875e0,-1.626999825e-1,1.583112627e-1,7.915562987e-1,6.887769699e0,1.635378785e-2
train,2292,CC#CC1C2OCC12C,7.466804028e0,-3.706355691e-1,4.749337733e-1,2.374668837e0,7.096168518e0,1.796316504e-1
train,2293,C#CCC1C2OCC12O,7.891301632e0,-5.636681914e-1,4.749337733e-1,2.374668837e0,7.327633381e0,3.609814644e-1
train,2294,CC(=O)c1ccoc1N,4.879001141e0,1.457130164e-2,1.583112627e-1,7.915562987e-1,4.893572330e0,-1.546074748e0
train,2295,CC1Cc2[nH]nnc2O1,5.725275517e0,9.430793673e-2,1.583112627e-1,7.915562987e-1,5.819583416e0,-8.205567598e-1
train,2296,CC12CC1[NH2+]C(N)C2=O,4.653147221e0,1.415179670e-1,4.749337733e-1,2.374668837e0,4.794665337e0,-1.623567224e0
train,2297,CC1C(CO)CN1C=O,7.181085110e0,7.763849199e-2,1.583112627e-1,7.915562987e-1,7.258723736e0,3.069916070e-1
train,2298,O=C1CCN1CCO,7.540275097e0,-3.395391256e-2,1.583112627e-1,7.915562987e-1,7.506320953e0,5.009809136e-1
train,2299,CC1CC2C(O)CC12,8.764787674e0,-1.046113893e-1,1.583112627e-1,7.915562987e-1,8.660176277e0,1.405012012e0
train,2300,CC12C3CC1(C#N)C2N3,7.036864281e0,2.344563156e-1,1.583112627e-1,7.915562987e-1,7.271320820e0,3.168612719e-1
train,2301,C#CC12OC3C=CC1C32,5.602824211e0,-2.084094733e-1,1.583112627e-1,7.915562987e-1,5.394414902e0,-1.153670907e0
train,2302,C#CC12CC1C1CCC12,6.996047020e0,-1.234703287e-1,1.583112627e-1,7.915562987e-1,6.872576714e0,4.450274631e-3
train,2303,CNc1cocc1OC,6.155215263e0,9.949301928e-2,1.583112627e-1,7.915562987e-1,6.254708290e0,-4.796418846e-1
train,2304,Cn1ccnc1C1CO1,6.288550854e0,1.074169576e-1,1.583112627e-1,7.915562987e-1,6.395967960e0,-3.689666986e-1
train,2305,Cc1cc2n(n1)C=CC2,5.412344456e0,-2.959801257e-1,1.583112627e-1,7.915562987e-1,5.116364479e0,-1.371519923e0
train,2306,O=C1C=CC2C3CC12C3,4.884443760e0,4.511803389e-2,1.583112627e-1,7.915562987e-1,4.929561615e0,-1.517877698e0
train,2307,C#CCNC1COC1[NH-],7.140267849e0,1.876522452e-1,1.583112627e-1,7.915562987e-1,7.327919960e0,3.612059951e-1
train,2308,C[NH+]1C2C1C1(C)C2[NH+]1C,6.968835831e0,-1.876173913e-1,4.749337733e-1,2.374668837e0,6.781218529e0,-6.712771207e-2
train,2309,CC1C2C3CC2(C)C13O,8.783835411e0,2.120345682e-1,1.583112627e-1,7.915562987e-1,8.995869637e0,1.668023586e0
train,2310,CC1=CCCCC(=O)N1,5.896707535e0,-2.851670384e-1,1.583112627e-1,7.915562987e-1,5.611540318e0,-9.835559130e-1
train,2311,O=C1CC2NC1C2O,5.934803009e0,4.981985390e-1,1.583112627e-1,7.915562987e-1,6.433001518e0,-3.399513662e-1
train,2312,C1C2C3OCC4C2C4C13,8.634172440e0,-1.252321899e-1,1.583112627e-1,7.915562987e-1,8.508940697e0,1.286520839e0
train,2313,CC12CC1C=CN2C=O,5.518469334e0,-1.494555622e-1,1.583112627e-1,7.915562987e-1,5.369013786e0,-1.173572421e0
train,2314,Nc1occc(=O)c1F,5.254518509e0,-6.813504151e-4,1.583112627e-1,7.915562987e-1,5.253837109e0,-1.263811827e0
train,2315,O=C1NC2CC3OC1C23,6.647741318e0,-1.004042268e0,4.749337733e-1,2.374668837e0,5.643699169e0,-9.583598375e-1
train,2316,O=CC(=O)OCC1CO1,4.922539711e0,-2.395692170e-1,1.583112627e-1,7.915562987e-1,4.682970524e0,-1.711078644e0
train,2317,O=C1CC2C=CC3C2N13,5.983783722e0,5.081259087e-2,1.583112627e-1,7.915562987e-1,6.034596443e0,-6.520967484e-1
train,2318,O=C1COC2CCC12,5.744323254e0,1.685640961e-1,1.583112627e-1,7.915562987e-1,5.912887573e0,-7.474541068e-1
train,2319,CCC1(O)CC(=O)C1O,5.964735985e0,1.089642383e-2,1.583112627e-1,7.915562987e-1,5.975632191e0,-6.982944608e-1
train,2320,CC1CC([NH-])OC1CO,7.714427471e0,1.612698436e-1,1.583112627e-1,7.915562987e-1,7.875697136e0,7.903825045e-1
train,2321,N#CC1(O)COCC1N,6.843663692e0,-1.008270308e-1,1.583112627e-1,7.915562987e-1,6.742836475e0,-9.719957411e-2
train,2322,C#CC1CN1C(=O)CO,6.873596191e0,1.402135938e-1,1.583112627e-1,7.915562987e-1,7.013809681e0,1.151045263e-1
train,2323,N#CC1CC2CN2C1=O,6.500800133e0,6.616767496e-2,1.583112627e-1,7.915562987e-1,6.566967964e0,-2.349903435e-1
train,2324,O=C1C2C(O)C3C2N13,6.677673817e0,5.256716013e-1,4.749337733e-1,2.374668837e0,7.203345299e0,2.636032999e-1
train,2325,CCC#CC(N)CC#N,7.382448673e0,-6.867741346e-1,4.749337733e-1,2.374668837e0,6.695674419e0,-1.341504455e-1
train,2326,O=CC12NC1C1OCC12,5.700785160e0,-1.270824969e-1,1.583112627e-1,7.915562987e-1,5.573702812e0,-1.013201118e0
train,2327,CC12CC(C#N)[NH+](C1)C2,7.308978081e0,-3.711775318e-2,1.583112627e-1,7.915562987e-1,7.271860123e0,3.172838092e-1
train,2328,CC1=CC2(C)CC1C2O,6.517127037e0,8.048739433e-1,4.749337733e-1,2.374668837e0,7.322000980e0,3.565685451e-1
train,2329,CC#CC(=O)C#CC,5.085808277e0,5.907768011e-1,4.749337733e-1,2.374668837e0,5.676585197e0,-9.325940609e-1
train,2330,CN1C=CCOCC1=O,5.782419682e0,-1.356988251e-1,1.583112627e-1,7.915562987e-1,5.646720886e0,-9.559923410e-1
train,2331,C#CC(O)CC(=O)CC,6.215080738e0,-3.025417216e-2,1.583112627e-1,7.915562987e-1,6.184826374e0,-5.343934894e-1
train,2332,C1CCC(C2CC2)C1,9.526706696e0,1.056971699e-1,1.583112627e-1,7.915562987e-1,9.632404327e0,2.166740417e0
train,2333,CC1CC2CC12[NH+]1CC1,8.364779472e0,1.249470711e-1,1.583112627e-1,7.915562987e-1,8.489727020e0,1.271467209e0
train,2334,C#CC12CC(C)=CC1O2,6.440935135e0,1.440964341e-1,1.583112627e-1,7.915562987e-1,6.585031509e0,-2.208377868e-1
train,2335,CCC(CO)OC(C)=O,7.483131409e0,9.528699331e-3,1.583112627e-1,7.915562987e-1,7.492660046e0,4.902777672e-1
train,2336,C#CC1(CO)CCC1C,8.068176270e0,5.949002877e-2,1.583112627e-1,7.915562987e-1,8.127666473e0,9.877973199e-1
train,2337,NC(=O)C#CC1CO1,6.236849785e0,2.767285407e-1,1.583112627e-1,7.915562987e-1,6.513578415e0,-2.768203914e-1
train,2338,O=C1NCC2OCC12O,7.178363323e0,-2.106271237e-1,1.583112627e-1,7.915562987e-1,6.967736244e0,7.900656760e-2
train,2339,CC1OC12CNC2C=O,5.744323254e0,2.049947977e-1,1.583112627e-1,7.915562987e-1,5.949317932e0,-7.189113498e-1
train,2340,CCc1ccoc1,6.593318939e0,-2.132125646e-1,1.583112627e-1,7.915562987e-1,6.380106449e0,-3.813939989e-1
train,2341,[NH-]c1nc([NH+]=CN)no1,1.883027911e0,4.671064205e-3,1.583112627e-1,7.915562987e-1,1.887699008e0,-3.901138783e0
train,2342,C1=NCCCCCO1,7.031421661e0,-9.805916250e-2,1.583112627e-1,7.915562987e-1,6.933362484e0,5.207516253e-2
train,2343,COCC#CC1CO1,7.344352722e0,2.680322528e-2,1.583112627e-1,7.915562987e-1,7.371155739e0,3.950806856e-1
train,2344,CCC(C#N)(CC)CC,9.523984909e0,4.826088846e-1,4.749337733e-1,2.374668837e0,1.000659370e1,2.459913254e0
train,2345,N#CCc1cc(N)on1,6.141610146e0,-1.070909977e0,4.749337733e-1,2.374668837e0,5.070700169e0,-1.407297373e0
train,2346,CC1(C)OC(=O)C1CO,7.567486763e0,5.492839962e-2,1.583112627e-1,7.915562987e-1,7.622415066e0,5.919392109e-1
train,2347,C#CC1OC1C(F)(F)F,7.651841640e0,8.246067911e-2,1.583112627e-1,7.915562987e-1,7.734302521e0,6.796016097e-1
train,2348,CC1CC2CC(O1)C2O,8.609682083e0,-4.025769979e-2,1.583112627e-1,7.915562987e-1,8.569424629e0,1.333909273e0
train,2349,Cc1cocnc1=O,5.684458733e0,1.484106034e-1,1.583112627e-1,7.915562987e-1,5.832869530e0,-8.101472259e-1
train,2350,CC(=O)NCCCC=O,6.160657883e0,-8.484309167e-2,1.583112627e-1,7.915562987e-1,6.075814724e0,-6.198027134e-1
train,2351,C[CH+]1N=NOC([NH-])=C1N,4.430013657e0,9.714204818e-2,1.583112627e-1,7.915562987e-1,4.527155876e0,-1.833157420e0
train,2352,CNCC(C#N)C(N)=O,6.647741318e0,-2.799043618e-2,1.583112627e-1,7.915562987e-1,6.619750977e0,-1.936355084e-1
train,2353,CCC(C(C)=O)C1CC1,6.204195976e0,5.357211456e-2,1.583112627e-1,7.915562987e-1,6.257768154e0,-4.772444963e-1
train,2354,CC1CC=CC2CC12,6.710327625e0,5.146780610e-1,4.749337733e-1,2.374668837e0,7.225005627e0,2.805739045e-1
train,2355,CCNc1n[nH]cc1N,6.030043125e0,-2.623994052e-1,1.583112627e-1,7.915562987e-1,5.767643929e0,-8.612506986e-1
train,2356,N#CC1(C=O)CN1,6.157936573e0,-1.632946432e-1,1.583112627e-1,7.915562987e-1,5.994641781e0,-6.834006906e-1
train,2357,CC1(C=O)COC(=O)N1,5.747044563e0,-1.172097474e-1,1.583112627e-1,7.915562987e-1,5.629834652e0,-9.692224860e-1
train,2358,CC1C2OCC12CCO,8.269539833e0,1.523333043e-1,4.749337733e-1,2.374668837e0,8.421873093e0,1.218304515e0
train,2359,O=C1OCC12OC1CC12,6.704885483e0,-1.801734120e-1,1.583112627e-1,7.915562987e-1,6.524712086e0,-2.680972815e-1
train,2360,O=C1OCOC12CNC2,6.421886921e0,-1.088097543e-1,1.583112627e-1,7.915562987e-1,6.313076973e0,-4.339107275e-1
train,2361,OCC1C2OC3C[NH+]1C32,7.270882130e0,9.288164973e-2,4.749337733e-1,2.374668837e0,7.363763809e0,3.892892003e-1
train,2362,[H]N=CNC(=O)C(C)C#C,6.402839184e0,-2.086026073e-1,1.583112627e-1,7.915562987e-1,6.194236755e0,-5.270205736e-1
train,2363,O=C1CC=CCOCO1,6.372906685e0,-2.899119630e-2,1.583112627e-1,7.915562987e-1,6.343915462e0,-4.097491801e-1
train,2364,N#CC(O)CCO[CH+][NH-],7.420545101e0,-2.977579646e-2,1.583112627e-1,7.915562987e-1,7.390769482e0,4.104478061e-1
train,2365,[NH-]C1OC(CCO)C1N,7.289929867e0,2.623837888e-1,1.583112627e-1,7.915562987e-1,7.552313805e0,5.370157361e-1
train,2366,C1OC(C2CO2)C2CC12,9.175679207e0,1.617239118e-1,1.583112627e-1,7.915562987e-1,9.337403297e0,1.935610890e0
train,2367,O=Cc1ccccc1,5.227307320e0,-3.261612058e-1,1.583112627e-1,7.915562987e-1,4.901145935e0,-1.540140986e0
train,2368,C1=CC2(C=CCC1)CN2,6.285830498e0,1.157361344e-1,1.583112627e-1,7.915562987e-1,6.401566505e0,-3.645803034e-1
train,2369,CC1CC2C(C1)C2(C)C,9.064112663e0,-4.776151106e-2,1.583112627e-1,7.915562987e-1,9.016350746e0,1.684070349e0
train,2370,CC(C=O)C1CC1C=O,5.981062412e0,1.867166758e-1,1.583112627e-1,7.915562987e-1,6.167778969e0,-5.477498770e-1
train,2371,CC1C2C(CO)[NH2+][CH+][NH+]12,6.242291927e0,-7.372505963e-2,1.583112627e-1,7.915562987e-1,6.168566704e0,-5.471327305e-1
train,2372,CC1CC2(C[NH2+][CH+]O2)C1,7.333467960e0,-2.283751667e-1,1.583112627e-1,7.915562987e-1,7.105093002e0,1.866238713e-1
train,2373,CCC12CC=C(C)C1N2,6.424608231e0,2.462214679e-1,1.583112627e-1,7.915562987e-1,6.670829773e0,-1.536159217e-1
train,2374,CC1C2C=CC1(C)CC2,7.004210949e0,1.449309587e-1,1.583112627e-1,7.915562987e-1,7.149141788e0,2.211355418e-1
train,2375,FC(F)(F)c1ccoc1,6.655904770e0,1.759907901e-1,1.583112627e-1,7.915562987e-1,6.831895351e0,-2.742306143e-2
train,2376,CC12NC(=O)C1(C)C2O,6.726654530e0,-1.455348544e-2,1.583112627e-1,7.915562987e-1,6.712100983e0,-1.212804466e-1
train,2377,CC(N)(C#N)CC1CN1,7.447756290e0,-3.911851719e-2,1.583112627e-1,7.915562987e-1,7.408638000e0,4.244475663e-1
train,2378,CC#CCCCC(C)C,8.269539833e0,-1.024325788e-1,1.583112627e-1,7.915562987e-1,8.167107582e0,1.018698931e0
train,2379,C1C2NC2C2[NH+]3CC12C3,7.782456875e0,4.764678702e-2,1.583112627e-1,7.915562987e-1,7.830103874e0,7.546607852e-1
train,2380,C#Cc1cc(O)[nH]c1N,5.344316006e0,1.162957326e-1,1.583112627e-1,7.915562987e-1,5.460611820e0,-1.101806521e0
train,2381,c1[nH]nc2c1C1NC1C2,6.729375839e0,-8.292002603e-3,1.583112627e-1,7.915562987e-1,6.721083641e0,-1.142426431e-1
train,2382,CCCOC,9.322620392e0,1.257119924e-1,1.583112627e-1,7.915562987e-1,9.448332787e0,2.022522688e0
train,2383,CC1[NH+]2C3C(=O)C1(O)C32,6.193311214e0,2.021075338e-1,1.583112627e-1,7.915562987e-1,6.395418644e0,-3.693970740e-1
train,2384,CCC(C#N)C1(C)CN1,7.553880215e0,-1.868355572e-1,1.583112627e-1,7.915562987e-1,7.367044449e0,3.918595314e-1
train,2385,c1cc2cncnn2n1,4.791924953e0,2.274923027e-2,1.583112627e-1,7.915562987e-1,4.814674377e0,-1.607890368e0
train,2386,O=CC(O)c1ncno1,5.997389793e0,1.527508646e-1,1.583112627e-1,7.915562987e-1,6.150140762e0,-5.615692139e-1
train,2387,O=CC12CCC1(C=O)C2,5.259960651e0,-9.810177237e-2,1.583112627e-1,7.915562987e-1,5.161859035e0,-1.335875511e0
train,2388,CC1NC1COCC#N,7.314420223e0,7.653266191e-2,1.583112627e-1,7.915562987e-1,7.390953064e0,4.105916321e-1
train,2389,CCC1CC=C(C)CO1,7.142988205e0,3.669064343e-1,1.583112627e-1,7.915562987e-1,7.509894848e0,5.037810206e-1
train,2390,C#CC1NC(=O)C12CN2,7.107614040e0,8.749783039e-1,4.749337733e-1,2.374668837e0,7.982592583e0,8.741337657e-1
train,2391,CC1=CC(=O)NC1,5.926640034e0,1.297302451e-2,1.583112627e-1,7.915562987e-1,5.939612865e0,-7.265151739e-1
train,2392,C#CC1(O)CC1C#N,7.306257248e0,8.375508711e-3,1.583112627e-1,7.915562987e-1,7.314632893e0,3.507957458e-1
train,2393,C[NH2+]C1OC=CN=C1N,4.465388775e0,2.902398817e-2,1.583112627e-1,7.915562987e-1,4.494412899e0,-1.858811140e0
train,2394,CCOc1c[nH]c(N)n1,6.092629433e0,-7.862427235e-1,4.749337733e-1,2.374668837e0,5.306386948e0,-1.222639680e0
train,2395,CC12C3CC1C2C3C#N,8.013752937e0,1.113994941e-1,1.583112627e-1,7.915562987e-1,8.125152588e0,9.858277440e-1
train,2396,CNC1=NCCC1=O,4.783761501e0,-1.872421503e-1,1.583112627e-1,7.915562987e-1,4.596519470e0,-1.778811932e0
train,2397,CC#Cc1c[nH]cc1C,5.923918724e0,-1.420456171e-1,1.583112627e-1,7.915562987e-1,5.781873226e0,-8.501021862e-1
train,2398,N#CC1CC(=O)CC1O,6.008274078e0,1.117516384e-1,1.583112627e-1,7.915562987e-1,6.120025635e0,-5.851640105e-1
train,2399,C#CCc1cn(C)cn1,6.791961670e0,3.727332875e-2,4.749337733e-1,2.374668837e0,6.829235077e0,-2.950735390e-2
train,2400,CC([NH-])OC1CC2CC21,7.801504612e0,1.761494875e-1,1.583112627e-1,7.915562987e-1,7.977653980e0,8.702644110e-1
train,2401,Nc1ncnc(=O)cn1,4.481715202e0,-8.034382015e-2,1.583112627e-1,7.915562987e-1,4.401371479e0,-1.931707978e0
train,2402,CC12C=CC(CO)C1O2,6.704885483e0,1.929236203e-1,1.583112627e-1,7.915562987e-1,6.897809029e0,2.421947569e-2
train,2403,OC12C=CC3OC1CC32,6.402839184e0,-1.569757462e-1,1.583112627e-1,7.915562987e-1,6.245863438e0,-4.865716994e-1
train,2404,CCC1=C(C=O)CCN1,4.810973167e0,-1.059281304e-1,1.583112627e-1,7.915562987e-1,4.705045223e0,-1.693783402e0
train,2405,OCC1(O)CCC12CC2,8.343010902e0,6.244556233e-2,1.583112627e-1,7.915562987e-1,8.405456543e0,1.205442309e0
train,2406,CCC(O)C(O)C1CC1,8.413760185e0,1.745105721e-2,1.583112627e-1,7.915562987e-1,8.431211472e0,1.225620985e0
train,2407,CCCN=C(C)NC=O,6.348416328e0,2.269646823e-1,4.749337733e-1,2.374668837e0,6.575380802e0,-2.283989936e-1
train,2408,[CH-]1C[NH+]2C3C1C1(CC1)C32,4.394639015e0,8.289301395e-1,4.749337733e-1,2.374668837e0,5.223568916e0,-1.287526608e0
train,2409,CC1=C(C)C2C3CC1[NH+]32,5.953851223e0,-3.869443014e-2,1.583112627e-1,7.915562987e-1,5.915156841e0,-7.456761599e-1
train,2410,CC(=O)CC1C2COC21,6.239571095e0,2.746808231e-1,4.749337733e-1,2.374668837e0,6.514251709e0,-2.762928605e-1
train,2411,CC1CC2(C)COC12,8.460020065e0,9.731473774e-2,1.583112627e-1,7.915562987e-1,8.557334900e0,1.324437141e0
train,2412,C#CC1CCC(O)C1,8.465462685e0,-1.115654230e0,4.749337733e-1,2.374668837e0,7.349808693e0,3.783555329e-1
train,2413,CCNC1C(C)OC1[NH-],6.952508926e0,-8.282171935e-2,1.583112627e-1,7.915562987e-1,6.869687080e0,2.186283236e-3
train,2414,C1OCC(C2CC2)O1,9.235544205e0,3.520092368e-1,1.583112627e-1,7.915562987e-1,9.587553024e0,2.131600142e0
train,2415,C[NH+]1CC2OCC21C,7.491294384e0,-8.239912987e-2,1.583112627e-1,7.915562987e-1,7.408895493e0,4.246492982e-1
train,2416,[NH-]C1C(=O)C2CC3C2[NH+]13,4.751108170e0,2.573419511e-1,1.583112627e-1,7.915562987e-1,5.008450031e0,-1.456069589e0
train,2417,[NH-]C1CCCCC(=O)O1,6.781077385e0,-1.262779087e-1,1.583112627e-1,7.915562987e-1,6.654799461e0,-1.661754698e-1
train,2418,CC(=O)C1[NH2+][CH+]OC1C,5.975620270e0,7.666103542e-2,1.583112627e-1,7.915562987e-1,6.052281380e0,-6.382408142e-1
train,2419,CNC(=O)CCNC=O,7.412381172e0,-3.702818751e-1,1.583112627e-1,7.915562987e-1,7.042099476e0,1.372692287e-1
train,2420,CCC1C2COCC12C,8.827373505e0,2.267084122e-1,4.749337733e-1,2.374668837e0,9.054081917e0,1.713632226e0
train,2421,C#CCC1(C#N)COC1,7.777014256e0,2.568684816e-1,1.583112627e-1,7.915562987e-1,8.033883095e0,9.143192172e-1
train,2422,[NH-]C(C#CC=O)OC=O,5.235470295e0,1.604753882e-1,1.583112627e-1,7.915562987e-1,5.395945549e0,-1.152471662e0
train,2423,C#CCCC1(C)CO1,8.536211014e0,1.816627830e-1,1.583112627e-1,7.915562987e-1,8.717873573e0,1.450217128e0
train,2424,CC1(C)C(NO)C2C[NH+]21,6.405560493e0,1.510648578e-1,1.583112627e-1,7.915562987e-1,6.556625366e0,-2.430936396e-1
train,2425,CC1(C)C2C3CC2C31,1.008181858e1,-2.479043007e-1,1.583112627e-1,7.915562987e-1,9.833913803e0,2.324620724e0
train,2426,C#Cc1ccco1,5.357921600e0,4.940736666e-2,1.583112627e-1,7.915562987e-1,5.407329082e0,-1.143552780e0
train,2427,O=C1NC23CCOC12C3,6.721211910e0,1.676013470e-1,1.583112627e-1,7.915562987e-1,6.888813019e0,1.717121527e-2
train,2428,COC1C2CCC1C2C,9.107650757e0,-2.278922498e-1,1.583112627e-1,7.915562987e-1,8.879758835e0,1.577052236e0
train,2429,OCC1[NH2+]C2CCC2O1,7.279046059e0,-1.725432277e-2,1.583112627e-1,7.915562987e-1,7.261791706e0,3.093953431e-1
train,2430,CCC1C2OC(C)C12C,8.413760185e0,1.023015231e-1,4.749337733e-1,2.374668837e0,8.516061783e0,1.292100191e0
train,2431,CCOC([NH-])C1COC1,7.447756290e0,-1.357251406e-1,1.583112627e-1,7.915562987e-1,7.312031269e0,3.487573862e-1
train,2432,CC1CC2COC12C#N,7.336189747e0,1.466891766e-1,1.583112627e-1,7.915562987e-1,7.482878685e0,4.826141894e-1
train,2433,OC12CC34OCC(C13)C24,8.068176270e0,-9.365900606e-2,1.583112627e-1,7.915562987e-1,7.974517345e0,8.678069115e-1
train,2434,O=CCNC(=O)NC=O,6.040927887e0,3.216620684e-1,1.583112627e-1,7.915562987e-1,6.362589836e0,-3.951180279e-1
train,2435,C#Cc1nn[nH]c1CO,6.166100025e0,2.386297658e-2,1.583112627e-1,7.915562987e-1,6.189962864e0,-5.303691030e-1
train,2436,C#CC1C2OCC12C=O,5.630035877e0,2.103845626e-1,4.749337733e-1,2.374668837e0,5.840420246e0,-8.042313457e-1
train,2437,c1cc2oncc2[nH]1,5.619151115e0,5.759591609e-2,1.583112627e-1,7.915562987e-1,5.676746845e0,-9.324674010e-1
train,2438,CCC1(C(C)=O)C[NH+]1C,5.869495869e0,-3.172867894e-1,1.583112627e-1,7.915562987e-1,5.552208900e0,-1.030041337e0
train,2439,OCC1C[NH+]1CC1CO1,7.831437111e0,1.812171340e-1,4.749337733e-1,2.374668837e0,8.012654305e0,8.976867199e-1
train,2440,CC12CC1OC1(CC1)C2,8.397434235e0,-7.711468637e-2,1.583112627e-1,7.915562987e-1,8.320319176e0,1.138738275e0
train,2441,O=CN1CC12CC1OC12,6.791961670e0,1.054756865e-1,1.583112627e-1,7.915562987e-1,6.897437572e0,2.392844483e-2
train,2442,COC(C(C)O)C1CN1,8.737575531e0,1.196203083e-1,1.583112627e-1,7.915562987e-1,8.857195854e0,1.559374452e0
train,2443,COCC(=O)CCO,6.391954422e0,-2.800875008e-1,1.583112627e-1,7.915562987e-1,6.111866951e0,-5.915562510e-1
train,2444,COC1C2C3COC3C12,8.228722572e0,2.529646643e-2,1.583112627e-1,7.915562987e-1,8.254018784e0,1.086792827e0
train,2445,COCC(C)(C)C(C)C,8.922613144e0,1.494776160e-1,1.583112627e-1,7.915562987e-1,9.072091103e0,1.727742195e0
train,2446,CC1=CCC(C)C(=O)C1,6.089908123e0,-3.265089393e-1,4.749337733e-1,2.374668837e0,5.763399124e0,-8.645763993e-1
train,2447,CC12CC(O)C(C)(C1)O2,8.827373505e0,-2.062281966e-2,1.583112627e-1,7.915562987e-1,8.806750298e0,1.519850969e0
train,2448,c1nocc1C1CC1,6.563386440e0,2.588092582e-3,1.583112627e-1,7.915562987e-1,6.565974712e0,-2.357685417e-1
train,2449,CC1C2C(C)C(C)(C)C12,8.868190765e0,1.231463701e-1,1.583112627e-1,7.915562987e-1,8.991336823e0,1.664472222e0
train,2450,CNc1ccnc(C)n1,5.714390755e0,-1.642693132e-1,1.583112627e-1,7.915562987e-1,5.550121307e0,-1.031676888e0
train,2451,CC12CC3C(O)C(C1)[NH+]32,7.630072594e0,-1.791937500e-1,1.583112627e-1,7.915562987e-1,7.450878620e0,4.575425386e-1
train,2452,Nc1coc(OC=O)c1,5.336152554e0,1.793453693e-1,1.583112627e-1,7.915562987e-1,5.515498161e0,-1.058803678e0
train,2453,C[NH+](C)CC(=O)CC=O,5.504863262e0,-5.500607193e-2,1.583112627e-1,7.915562987e-1,5.449857235e0,-1.110232592e0
train,2454,CCn1cc(N)c(O)c1,6.119840622e0,3.013643026e-1,1.583112627e-1,7.915562987e-1,6.421205044e0,-3.491937518e-1
train,2455,COc1cc(C)c(C)[nH]1,6.375627518e0,2.996342480e-1,1.583112627e-1,7.915562987e-1,6.675261974e0,-1.501433402e-1
train,2456,CC(C)C12CC(=O)C1N2,6.030043125e0,-9.038338810e-2,1.583112627e-1,7.915562987e-1,5.939659595e0,-7.264785767e-1
train,2457,O=C1C=C2NCCC2N1,5.850448132e0,5.771816373e-1,4.749337733e-1,2.374668837e0,6.427629948e0,-3.441599309e-1
train,2458,CC1(C)C(O)C1(C)C#N,7.994705200e0,-7.030183822e-2,1.583112627e-1,7.915562987e-1,7.924403191e0,8.285431266e-1
train,2459,[NH-]C1OC(=O)C2(O)CC12,6.625972271e0,-6.521626562e-2,1.583112627e-1,7.915562987e-1,6.560756207e0,-2.398571670e-1
train,2460,O=C1OCC12NC2CO,7.113056660e0,-6.772871315e-2,1.583112627e-1,7.915562987e-1,7.045328140e0,1.397988498e-1
train,2461,N#CCNc1ncon1,6.236849785e0,-1.654361337e-1,1.583112627e-1,7.915562987e-1,6.071413517e0,-6.232510209e-1
train,2462,CC1(O)COC2CC21C,7.763408184e0,4.158572555e-1,1.583112627e-1,7.915562987e-1,8.179265022e0,1.028224111e0
train,2463,NC(=O)CCC(O)C=O,5.760650635e0,-1.657190919e-1,1.583112627e-1,7.915562987e-1,5.594931602e0,-9.965686202e-1
train,2464,CC12CC(O)(C1)C21CC1,9.001525879e0,-2.114397734e-1,1.583112627e-1,7.915562987e-1,8.790085793e0,1.506794572e0
train,2465,N#CC1CC2C[NH+]3C1C23,7.496736526e0,9.498150647e-2,1.583112627e-1,7.915562987e-1,7.591718197e0,5.678886175e-1
train,2466,C#CC12OCC1C2O,6.590597630e0,2.667645216e-1,4.749337733e-1,2.374668837e0,6.857362270e0,-7.470050361e-3
train,2467,CC1(O)COCC1C=O,5.921197414e0,-1.470588744e-1,1.583112627e-1,7.915562987e-1,5.774138451e0,-8.561623096e-1
train,2468,CC(O)C1NC1C,8.609682083e0,-1.985605061e-2,1.583112627e-1,7.915562987e-1,8.589825630e0,1.349893212e0
train,2469,CC1CC2OC1CC2=O,5.847726822e0,-2.809405625e-1,1.583112627e-1,7.915562987e-1,5.566786289e0,-1.018620133e0
train,2470,C[NH+]1C2C3CC(C3)C21C,8.103550911e0,-1.446903497e-2,1.583112627e-1,7.915562987e-1,8.089081764e0,9.575666785e-1
train,2471,C[NH2+]C1NCC(C#N)O1,6.315762520e0,3.136735559e-1,4.749337733e-1,2.374668837e0,6.629436016e0,-1.860474050e-1
train,2472,CC1(O)C2CC3(C)C2C13,8.571586609e0,1.076043770e-2,1.583112627e-1,7.915562987e-1,8.582346916e0,1.344033718e0
train,2473,CC(=O)C1(C=O)CC1,6.057254314e0,-8.521378785e-2,1.583112627e-1,7.915562987e-1,5.972040653e0,-7.011083961e-1
train,2474,[NH-]C1OCC1C(=O)C=O,4.277629852e0,-7.436185330e-2,1.583112627e-1,7.915562987e-1,4.203268051e0,-2.086919546e0
train,2475,COC(C)C(C)NC=O,7.600140095e0,-2.579210997e-1,1.583112627e-1,7.915562987e-1,7.342218876e0,3.724090159e-1
train,2476,CCC12CC(C1=O)C2O,6.342973709e0,-3.990143165e-2,1.583112627e-1,7.915562987e-1,6.303072453e0,-4.417491555e-1
train,2477,COC1(C#N)CCC1,7.975656986e0,-2.138532549e-1,1.583112627e-1,7.915562987e-1,7.761803627e0,7.011483908e-1
train,2478,CC1=CC(C#N)OCC1,7.058633804e0,4.780952260e-2,1.583112627e-1,7.915562987e-1,7.106443405e0,1.876818836e-1
train,2479,Cc1[nH]ncc1[N+](=O)[O-],5.434113503e0,1.076968759e-1,1.583112627e-1,7.915562987e-1,5.541810513e0,-1.038188338e0
train,2480,C#CC12OCC1C2OC,6.421886921e0,8.437655568e-1,4.749337733e-1,2.374668837e0,7.265652657e0,3.124203384e-1
train,2481,C1OC2CC1OC21CC1,8.617846489e0,-3.741332144e-2,1.583112627e-1,7.915562987e-1,8.580432892e0,1.342534184e0
train,2482,CCOCC1CC(C)O1,8.846421242e0,-1.090768129e-1,1.583112627e-1,7.915562987e-1,8.737344742e0,1.465472579e0
train,2483,CCC1(C=O)CC([NH-])O1,5.872217178e0,2.606758289e-2,1.583112627e-1,7.915562987e-1,5.898284912e0,-7.588950992e-1
train,2484,N#CCC(=NO)C1CC1,6.514405727e0,-6.982295215e-2,1.583112627e-1,7.915562987e-1,6.444582939e0,-3.308774829e-1
train,2485,O=C1OC2CCC3C2N13,7.575649738e0,4.862394333e-1,1.583112627e-1,7.915562987e-1,8.061889648e0,9.362620115e-1
train,2486,COC1CC2C(C)C2O1,8.639615059e0,-1.150335744e-1,1.583112627e-1,7.915562987e-1,8.524581909e0,1.298775554e0
train,2487,N#CC1OC2CC=CC12,6.985162735e0,1.393171549e-1,1.583112627e-1,7.915562987e-1,7.124479771e0,2.018131614e-1
train,2488,CC(C)C1OCC1C,8.653220177e0,2.290285975e-1,1.583112627e-1,7.915562987e-1,8.882248878e0,1.579003215e0
train,2489,OCCC1[NH2+]C2CC2O1,7.118498325e0,6.480773687e-1,4.749337733e-1,2.374668837e0,7.766575813e0,7.048873305e-1
train,2490,ONC1C2C3CC1(O)C32,6.996047020e0,-3.717399016e-2,1.583112627e-1,7.915562987e-1,6.958872795e0,7.206217200e-2
train,2491,CC1C(C)C1CCC=O,6.160657883e0,1.394471675e-1,1.583112627e-1,7.915562987e-1,6.300105095e0,-4.440740347e-1
train,2492,[NH-]C1OCCNC1CO,6.734817982e0,-2.571561038e-1,4.749337733e-1,2.374668837e0,6.477662086e0,-3.049603701e-1
train,2493,OCC1(C2CC2)CCO1,8.707643509e0,7.119639963e-2,1.583112627e-1,7.915562987e-1,8.778840065e0,1.497983694e0
train,2494,CC1N2C(=O)C(O)C12C,6.057254314e0,-2.111006826e-1,1.583112627e-1,7.915562987e-1,5.846153736e0,-7.997392416e-1
train,2495,N#CCC1CN1,7.831437111e0,-2.117072977e-2,1.583112627e-1,7.915562987e-1,7.810266495e0,7.391184568e-1
train,2496,CC1OC1C1(O)CC1O,8.457298279e0,-6.989954412e-2,1.583112627e-1,7.915562987e-1,8.387398720e0,1.191294312e0
train,2497,C[NH+]1CC(OCCO)C1,7.981099606e0,-9.033733606e-2,1.583112627e-1,7.915562987e-1,7.890762329e0,8.021858931e-1
train,2498,[H]N=CNc1cnc(C)o1,6.370185375e0,-3.419009149e-1,4.749337733e-1,2.374668837e0,6.028284550e0,-6.570420265e-1
train,2499,CC1CC2C1=CC1CC12,6.459982872e0,-8.648621291e-2,1.583112627e-1,7.915562987e-1,6.373496532e0,-3.865727782e-1
train,2500,O=C1OC2CC=CC12,6.721211910e0,7.446023636e-3,1.583112627e-1,7.915562987e-1,6.728657722e0,-1.083084494e-1
train,2501,CC1=CC2OC2C1CO,6.530732632e0,3.111064136e-1,1.583112627e-1,7.915562987e-1,6.841838837e0,-1.963246614e-2
train,2502,CC(C)(O)c1ccon1,6.868154049e0,2.514507174e-1,4.749337733e-1,2.374668837e0,7.119604588e0,1.979935169e-1
train,2503,CC1CCCC2CC1O2,8.636894226e0,8.083961904e-2,1.583112627e-1,7.915562987e-1,8.717733383e0,1.450107336e0
train,2504,Oc1cccc(F)c1F,6.250455379e0,1.746779382e-1,1.583112627e-1,7.915562987e-1,6.425133228e0,-3.461160660e-1
train,2505,C[NH+]1CC1C1OC2CC21,7.962051392e0,-1.496169567e-1,1.583112627e-1,7.915562987e-1,7.812434196e0,7.408168316e-1
train,2506,COc1cc(O)no1,6.748423576e0,-9.555700235e-4,4.749337733e-1,2.374668837e0,6.747467995e0,-9.357083589e-2
train,2507,CC1C2[NH+]1CC21NC1C,7.845042706e0,-2.651470602e-1,1.583112627e-1,7.915562987e-1,7.579895496e0,5.586256385e-1
train,2508,c1n[nH]cc1OC1CC1,6.348416328e0,1.265860163e-2,4.749337733e-1,2.374668837e0,6.361074924e0,-3.963049352e-1
train,2509,COC1C2CC3C1[NH+]3C2,8.669547081e0,3.540633321e-1,4.749337733e-1,2.374668837e0,9.023610115e0,1.689757943e0
train,2510,O=COCC(O)CCO,7.747081757e0,8.643248677e-1,4.749337733e-1,2.374668837e0,8.611406326e0,1.366801381e0
train,2511,O=C1OC=NC2CC1C2,6.160657883e0,-1.205869988e-1,1.583112627e-1,7.915562987e-1,6.040071011e0,-6.478074789e-1
train,2512,COCC1C[NH+]1C1CC1,8.198790550e0,1.984836906e-1,1.583112627e-1,7.915562987e-1,8.397274017e0,1.199031472e0
train,2513,CC12CCC1(C)OC2,8.514442444e0,-2.708925903e-1,1.583112627e-1,7.915562987e-1,8.243550301e0,1.078590870e0
train,2514,[H]N=CNC(=O)C1(C)CC1,6.506242275e0,-1.067856923e-1,1.583112627e-1,7.915562987e-1,6.399456501e0,-3.662334681e-1
train,2515,CC1(O)COC1C=O,5.858611107e0,-3.858111426e-2,1.583112627e-1,7.915562987e-1,5.820030212e0,-8.202067018e-1
train,2516,Cc1onc(CO)c1C,6.451819897e0,-5.843184143e-2,4.749337733e-1,2.374668837e0,6.393388271e0,-3.709878623e-1
train,2517,C#CC(C)(O)C#CC#N,6.326647282e0,5.894902349e-2,1.583112627e-1,7.915562987e-1,6.385596275e0,-3.770927787e-1
train,2518,[NH-]C1C=C(C=O)C(=O)O1,4.144294262e0,1.839241944e-2,4.749337733e-1,2.374668837e0,4.162686825e0,-2.118714333e0
train,2519,CN1CCn2cccc21,6.065417767e0,4.959024489e-3,1.583112627e-1,7.915562987e-1,6.070376873e0,-6.240631938e-1
train,2520,CC(CC1COC1)=NO,6.900807381e0,-8.130944520e-2,1.583112627e-1,7.915562987e-1,6.819498062e0,-3.713618219e-2
train,2521,CCCCC1(C)COC1,8.568865776e0,9.168482572e-2,1.583112627e-1,7.915562987e-1,8.660551071e0,1.405305743e0
train,2522,CC(=O)C1(O)C2CCC21,5.850448132e0,1.713966280e-1,1.583112627e-1,7.915562987e-1,6.021844864e0,-6.620874405e-1
train,2523,O=CC1CC2(C=O)C[NH+]12,5.570170403e0,-2.649071626e-2,1.583112627e-1,7.915562987e-1,5.543679714e0,-1.036723852e0
train,2524,O=CC#CCOC=O,5.534795761e0,3.304697946e-2,1.583112627e-1,7.915562987e-1,5.567842960e0,-1.017792225e0
train,2525,CC12CC3CC(O1)C3O2,9.148468018e0,-7.190831006e-2,1.583112627e-1,7.915562987e-1,9.076560020e0,1.731243491e0
train,2526,CC1=CC(C)C2(C)NC12,6.647741318e0,1.641995460e-2,1.583112627e-1,7.915562987e-1,6.664161205e0,-1.588406563e-1
train,2527,CC1CC(O)C2CC1O2,8.492672920e0,-3.299150467e-1,1.583112627e-1,7.915562987e-1,8.162757874e0,1.015290976e0
train,2528,CC1(O)C([NH-])OC2CC21,7.349795341e0,-4.347341508e-2,1.583112627e-1,7.915562987e-1,7.306322098e0,3.442843258e-1
train,2529,CC(CC(N)=O)C1CO1,7.581092358e0,-3.194951266e-2,1.583112627e-1,7.915562987e-1,7.549142838e0,5.345313549e-1
train,2530,[NH-]c1nc(O)c[cH+]o1,4.947029591e0,-8.805332333e-2,1.583112627e-1,7.915562987e-1,4.858976364e0,-1.573180318e0
train,2531,C#CC1C2C(C#N)C[NH+]12,7.167478561e0,-3.607259691e-1,1.583112627e-1,7.915562987e-1,6.806752682e0,-4.712202772e-2
train,2532,CC(C)C1C2CC1C2=O,6.835499763e0,7.509536296e-2,1.583112627e-1,7.915562987e-1,6.910594940e0,3.423707560e-2
train,2533,C#CC#CCC(N)C#N,6.163379192e0,-2.342789024e-1,1.583112627e-1,7.915562987e-1,5.929100513e0,-7.347514629e-1
train,2534,Cc1cnc(N)nc1O,5.551122665e0,-1.023950651e-1,1.583112627e-1,7.915562987e-1,5.448727608e0,-1.111117601e0
train,2535,N#CC1(N)C2OC([NH-])C21,6.982441425e0,-7.378198951e-2,4.749337733e-1,2.374668837e0,6.908659458e0,3.272065148e-2
train,2536,COC1COCC2OC12,8.699480057e0,-2.164904773e-1,4.749337733e-1,2.374668837e0,8.482989311e0,1.266188264e0
train,2537,C#CC(C)C(C=O)CO,6.157936573e0,2.216254771e-1,1.583112627e-1,7.915562987e-1,6.379561901e0,-3.818206489e-1
train,2538,CC1C(O)C2(O)C(O)C12,7.847763538e0,3.754265979e-2,1.583112627e-1,7.915562987e-1,7.885306358e0,7.979112267e-1
train,2539,C#CC1CN(C(N)=O)C1,7.428708553e0,-5.125199258e-2,1.583112627e-1,7.915562987e-1,7.377456665e0,4.000173807e-1
train,2540,CC(O)c1ccc(N)o1,5.888543606e0,4.247014225e-2,1.583112627e-1,7.915562987e-1,5.931013584e0,-7.332525849e-1
train,2541,OC1CC(O)C2NC2C1,8.479067802e0,-1.107758060e-1,1.583112627e-1,7.915562987e-1,8.368291855e0,1.176324248e0
train,2542,O=CC12CCOC1CN2,5.646362305e0,-9.665312618e-2,1.583112627e-1,7.915562987e-1,5.549709320e0,-1.031999707e0
train,2543,O=C1N[CH+]C2C[NH+]3C1C23,5.145672798e0,1.976878196e-1,1.583112627e-1,7.915562987e-1,5.343360424e0,-1.193671465e0
train,2544,Cc1nc(N)nn1C,6.163379192e0,4.600244164e-1,4.749337733e-1,2.374668837e0,6.623403549e0,-1.907737702e-1
train,2545,O=CCOCC1CCC1,6.231407166e0,-3.111456931e-1,1.583112627e-1,7.915562987e-1,5.920261383e0,-7.416768074e-1
train,2546,OCCC1C2CCOC12,8.552538872e0,-1.950362325e-1,1.583112627e-1,7.915562987e-1,8.357502937e0,1.167871356e0
train,2547,CC1CC2C3C1CC23O,8.838258743e0,6.361224055e-1,4.749337733e-1,2.374668837e0,9.474381447e0,2.042931557e0
train,2548,c1ccn2ncnc2c1,5.251797676e0,1.477683634e-1,1.583112627e-1,7.915562987e-1,5.399566174e0,-1.149634957e0
train,2549,CC12C3C4CC1(C)[NH+]4C32,8.168857574e0,-9.880262613e-2,1.583112627e-1,7.915562987e-1,8.070055008e0,9.426594973e-1
train,2550,[NH-]C1CC2(C=O)CC2O1,6.122561455e0,9.183589369e-2,1.583112627e-1,7.915562987e-1,6.214397430e0,-5.112249255e-1
train,2551,c1nonc1N1CCC1,5.396018028e0,-2.013947666e-1,1.583112627e-1,7.915562987e-1,5.194623470e0,-1.310204983e0
train,2552,N#CC1=CCCC2CC12,5.853169441e0,8.644983172e-1,4.749337733e-1,2.374668837e0,6.717667580e0,-1.169190854e-1
train,2553,Cc1nc(O)c(C#N)[nH]1,5.474930763e0,-1.443030387e-1,4.749337733e-1,2.374668837e0,5.330627918e0,-1.203647256e0
train,2554,C1CC2CCC1CO2,8.228722572e0,1.365251690e-1,1.583112627e-1,7.915562987e-1,8.365247726e0,1.173939228e0
train,2555,CC1C2NC2C2C(C)[NH+]12,7.586534500e0,-1.018248275e-1,1.583112627e-1,7.915562987e-1,7.484709740e0,4.840488136e-1
train,2556,CC1OCCC1C(N)=O,7.341631889e0,2.058641016e-1,1.583112627e-1,7.915562987e-1,7.547495842e0,5.332409143e-1
train,2557,O=C1CC(O)C1C1CO1,5.850448132e0,1.308873892e-1,1.583112627e-1,7.915562987e-1,5.981335640e0,-6.938259006e-1
train,2558,O=C1OC2C1CC21CC1,7.581092358e0,2.362176329e-1,1.583112627e-1,7.915562987e-1,7.817309856e0,7.446368337e-1
train,2559,O=C1CNC12CCCC2,5.842284679e0,1.501756012e-1,1.583112627e-1,7.915562987e-1,5.992460251e0,-6.851099133e-1
train,2560,CC12CC(CC1CO)C2,9.265477180e0,1.338490844e-1,1.583112627e-1,7.915562987e-1,9.399326324e0,1.984126806e0
train,2561,C#CCC1CN1C(N)=O,7.627351284e0,-3.233710527e-1,1.583112627e-1,7.915562987e-1,7.303980350e0,3.424496055e-1
train,2562,CC1C(NO)C2C[NH+]1C2,6.579712868e0,1.513030082e-1,1.583112627e-1,7.915562987e-1,6.731015682e0,-1.064610109e-1
train,2563,CC1(C#N)CC1(C)C#N,8.174300194e0,1.436136514e-1,1.583112627e-1,7.915562987e-1,8.317914009e0,1.136853933e0
train,2564,c1nncnn1,3.687142849e0,2.715561092e-1,1.583112627e-1,7.915562987e-1,3.958698988e0,-2.278536320e0
train,2565,CC1=C(C)C2OCC1O2,6.587876320e0,1.574736387e-1,1.583112627e-1,7.915562987e-1,6.745349884e0,-9.523034841e-2
train,2566,O=COCCCC1CO1,7.714427471e0,8.803236485e-2,1.583112627e-1,7.915562987e-1,7.802459717e0,7.330019474e-1
train,2567,CCC(O)C#CCO,7.806946754e0,3.793354705e-2,1.583112627e-1,7.915562987e-1,7.844880104e0,7.662377357e-1
train,2568,CC1CCC(=O)C1NO,4.506205559e0,-1.083176211e-1,1.583112627e-1,7.915562987e-1,4.397887707e0,-1.934437513e0
train,2569,O=C1NCC=CC12CO2,6.454540730e0,-2.049770355e-1,4.749337733e-1,2.374668837e0,6.249563694e0,-4.836725891e-1
train,2570,C1=CC2C(C1)OC1CC12,6.957951069e0,-3.569549322e-2,1.583112627e-1,7.915562987e-1,6.922255516e0,4.337299243e-2
train,2571,CC12C3C[NH+]4C1C4(C)C32,8.196069717e0,-6.711111218e-2,1.583112627e-1,7.915562987e-1,8.128958702e0,9.888097644e-1
train,2572,Nc1[nH]ccc1NC=O,5.825957775e0,1.123469248e-1,1.583112627e-1,7.915562987e-1,5.938304901e0,-7.275399566e-1
train,2573,[NH-]C1OCC12CCCN2,6.873596191e0,-6.925997138e-1,4.749337733e-1,2.374668837e0,6.180996418e0,-5.373942256e-1
train,2574,C1OC2CC3(CN3)C2O1,8.299472809e0,5.868670940e-1,4.749337733e-1,2.374668837e0,8.886340141e0,1.582208633e0
train,2575,CC1C2C3OC3C12,7.763408184e0,-2.478086352e-1,4.749337733e-1,2.374668837e0,7.515599728e0,5.082507133e-1
train,2576,CCC1(O)C2C=CC1C2,6.511684418e0,-5.312386751e-1,4.749337733e-1,2.374668837e0,5.980445862e0,-6.945230365e-1
train,2577,C#CC1(COC)COC1,8.002868652e0,4.213641584e-2,1.583112627e-1,7.915562987e-1,8.045004845e0,9.230329990e-1
train,2578,CC12CCC(CO1)C2=O,5.605545521e0,-3.955294192e-2,1.583112627e-1,7.915562987e-1,5.565992355e0,-1.019242167e0
train,2579,C#CC(CO)C(C)(C)O,7.891301632e0,-1.637658626e-1,1.583112627e-1,7.915562987e-1,7.727535725e0,6.742998958e-1
train,2580,Cc1ccc(C(N)=O)o1,5.458603859e0,-1.370179653e-1,1.583112627e-1,7.915562987e-1,5.321585655e0,-1.210731745e0
train,2581,CNc1n[nH]c(NC)n1,6.519847870e0,1.198664680e-1,4.749337733e-1,2.374668837e0,6.639714241e0,-1.779945493e-1
train,2582,N#CC(N)C1(CO)CN1,7.379727840e0,-2.379076928e-2,1.583112627e-1,7.915562987e-1,7.355937004e0,3.831569850e-1
train,2583,O=C1CC2(O1)C1CCC12,7.570207596e0,-1.962208934e-2,1.583112627e-1,7.915562987e-1,7.550585270e0,5.356614590e-1
train,2584,CCC1OC2(C#N)CC12,6.966114998e0,-7.395088673e-2,4.749337733e-1,2.374668837e0,6.892164230e0,1.979684830e-2
train,2585,C#CC12CC(=O)C1N2,5.692621708e0,2.790761739e-2,1.583112627e-1,7.915562987e-1,5.720529556e0,-8.981642127e-1
train,2586,[CH+]1[NH2+]C2C(CC3OC32)O1,7.295372486e0,-8.780372888e-2,1.583112627e-1,7.915562987e-1,7.207568645e0,2.669122517e-1
train,2587,CCCC1CC1(C)O,8.827373505e0,9.685523063e-2,1.583112627e-1,7.915562987e-1,8.924228668e0,1.611893773e0
train,2588,O=C1CC2C(=O)C1C2O,5.529353619e0,4.461460747e-3,1.583112627e-1,7.915562987e-1,5.533814907e0,-1.044452786e0
train,2589,CC1CC2(CC2)C([NH-])O1,7.572928429e0,1.290602535e-1,1.583112627e-1,7.915562987e-1,7.701988697e0,6.542841196e-1
train,2590,CC(CCO)C1OC1C,9.080439568e0,2.435752600e-1,1.583112627e-1,7.915562987e-1,9.324014664e0,1.925121069e0
train,2591,Nc1nccnc1F,5.123903751e0,6.207781658e-2,1.583112627e-1,7.915562987e-1,5.185981750e0,-1.316975713e0
train,2592,CNC1=C[CH-]C(C)O1,5.621871948e0,-3.419404626e-1,4.749337733e-1,2.374668837e0,5.279931545e0,-1.243367195e0
train,2593,CC#CC1C(=O)CC1C,5.711669922e0,1.958617121e-1,1.583112627e-1,7.915562987e-1,5.907531738e0,-7.516503334e-1
train,2594,CC#CC#CC(C)=O,4.903491497e0,-1.974938810e-2,4.749337733e-1,2.374668837e0,4.883742332e0,-1.553776503e0
train,2595,C1=CC2C3CCOC1C23,6.492636681e0,-1.427082717e-1,1.583112627e-1,7.915562987e-1,6.349928379e0,-4.050381184e-1
train,2596,CC1OC(C2CC2)C1O,8.163415909e0,2.162800729e-1,1.583112627e-1,7.915562987e-1,8.379695892e0,1.185259223e0
train,2597,OC1CCc2cocc21,6.280387878e0,-3.017941713e-1,1.583112627e-1,7.915562987e-1,5.978593826e0,-6.959741116e-1
train,2598,OC12CCC1OC2,8.133483887e0,2.619671077e-2,1.583112627e-1,7.915562987e-1,8.159680367e0,1.012879848e0
train,2599,CCC1(O)CCC1C=O,5.951130390e0,1.892036498e-1,1.583112627e-1,7.915562987e-1,6.140334129e0,-5.692526102e-1
train,2600,C1CC23CC(C4OC42)[NH+]13,7.828715801e0,3.677655756e-1,1.583112627e-1,7.915562987e-1,8.196481705e0,1.041713238e0
train,2601,CNc1cc(C)c(N)o1,5.877659321e0,1.315002888e-2,1.583112627e-1,7.915562987e-1,5.890809536e0,-7.647519708e-1
train,2602,CCC1CC(C)N=CO1,7.385169983e0,1.717289351e-2,1.583112627e-1,7.915562987e-1,7.402342796e0,4.195153415e-1
train,2603,COCC(CO)OC,9.129420280e0,1.907826215e-1,1.583112627e-1,7.915562987e-1,9.320202827e0,1.922134519e0
train,2604,OC1CC23CCC2OC13,7.823273182e0,-4.119041935e-2,1.583112627e-1,7.915562987e-1,7.782082558e0,7.170366645e-1
train,2605,C#CC1(O)C2COC21,6.892644405e0,2.304614335e-1,4.749337733e-1,2.374668837e0,7.123106003e0,2.007368207e-1
train,2606,CC(O)C1OCC12CO2,8.394712448e0,1.861169338e-1,1.583112627e-1,7.915562987e-1,8.580829620e0,1.342844963e0
train,2607,CCCC(C)C#N,9.567523003e0,-5.777366757e-1,4.749337733e-1,2.374668837e0,8.989786148e0,1.663257241e0
train,2608,N#CC1C(=O)C[NH+]2CC12,5.491257668e0,6.802661717e-2,1.583112627e-1,7.915562987e-1,5.559284210e0,-1.024497867e0
train,2609,[NH-][CH+]OC(=O)CN,6.293993473e0,5.628714710e-2,1.583112627e-1,7.915562987e-1,6.350280762e0,-4.047620296e-1
train,2610,CNC(=O)NCCO,8.155252457e0,-7.274651527e-1,4.749337733e-1,2.374668837e0,7.427787304e0,4.394508004e-1
train,2611,CC1OCCC1C=O,6.065417767e0,-1.017724499e-1,1.583112627e-1,7.915562987e-1,5.963645458e0,-7.076859474e-1
train,2612,CC1OC2C[NH+]3C1C23C,8.492672920e0,6.206477061e-2,1.583112627e-1,7.915562987e-1,8.554738045e0,1.322402596e0
train,2613,CC#CC(C)COC,8.318520546e0,-2.421702147e-1,4.749337733e-1,2.374668837e0,8.076350212e0,9.475916624e-1
train,2614,C#CC1CC2C(C)C2O1,7.551159859e0,1.721391529e-1,1.583112627e-1,7.915562987e-1,7.723299026e0,6.709805131e-1
train,2615,CCC(O)C12CCC1C2,8.604239464e0,-1.007240415e-1,1.583112627e-1,7.915562987e-1,8.503515244e0,1.282270074e0
train,2616,COCCCNCC#N,7.357958317e0,-2.847460806e-1,1.583112627e-1,7.915562987e-1,7.073212147e0,1.616456211e-1
train,2617,CC1=CC(C)C(C)CC1,7.118498325e0,1.595914215e-1,1.583112627e-1,7.915562987e-1,7.278089523e0,3.221644759e-1
train,2618,CC1COC1C1CC1,8.781113625e0,1.166601405e-1,1.583112627e-1,7.915562987e-1,8.897773743e0,1.591166735e0
train,2619,CC(C)[NH+]1CC1CC=O,5.589218616e0,2.060035914e-1,1.583112627e-1,7.915562987e-1,5.795222282e0,-8.396433592e-1
train,2620,CO[CH+][NH2+]C1(C)CC1,6.824615955e0,-1.167044938e-1,1.583112627e-1,7.915562987e-1,6.707911491e0,-1.245628595e-1
train,2621,COC12CCCC1C2,9.034179688e0,-1.587227136e-1,1.583112627e-1,7.915562987e-1,8.875456810e0,1.573681712e0
train,2622,C#CC12CNC1CN2,6.865432262e0,4.639559612e-2,1.583112627e-1,7.915562987e-1,6.911828041e0,3.520319611e-2
train,2623,COC1(C(C)(C)O)CC1,8.696758270e0,-1.929849200e-2,1.583112627e-1,7.915562987e-1,8.677459717e0,1.418553472e0
train,2624,CC(C)(C)C12CCC1C2,8.699480057e0,-2.969251871e-1,1.583112627e-1,7.915562987e-1,8.402554512e0,1.203168631e0
train,2625,C#CC12CCC1(C#N)C2,6.601481915e0,-1.014986038e-1,1.583112627e-1,7.915562987e-1,6.499983311e0,-2.874719799e-1
train,2626,C[NH2+]C1NCC(=O)C1O,5.159278870e0,5.985369682e-1,4.749337733e-1,2.374668837e0,5.757815838e0,-8.689508438e-1
train,2627,C[NH+]1CCC(=O)C1CO,5.872217178e0,-1.398615986e-1,1.583112627e-1,7.915562987e-1,5.732355595e0,-8.888986707e-1
train,2628,CC1NC2[NH2+]CCC12O,6.421886921e0,2.503824234e-1,4.749337733e-1,2.374668837e0,6.672269344e0,-1.524880379e-1
train,2629,CCC(C)OCC(C)C,9.026016235e0,5.915135890e-2,1.583112627e-1,7.915562987e-1,9.085167885e0,1.737987638e0
train,2630,C#CC1=NC2CC2CO1,5.640920639e0,-1.228961051e-1,4.749337733e-1,2.374668837e0,5.518024445e0,-1.056824446e0
train,2631,CC12CCC=CC1OC2,6.865432262e0,6.580401659e-1,4.749337733e-1,2.374668837e0,7.523472309e0,5.144187808e-1
train,2632,OC1C=C2CC(O)C2C1,6.691279888e0,-2.070161514e-2,4.749337733e-1,2.374668837e0,6.670578480e0,-1.538127959e-1
train,2633,CC1C2CC(O2)C1(C)O,8.351174355e0,8.277254552e-2,1.583112627e-1,7.915562987e-1,8.433946609e0,1.227764010e0
train,2634,[NH-]C1NC=NCC1O,6.234128475e0,-1.503400803e-1,1.583112627e-1,7.915562987e-1,6.083788395e0,-6.135554314e-1
train,2635,CCc1nc(O)cn1C,6.035485268e0,-7.403443009e-2,4.749337733e-1,2.374668837e0,5.961451054e0,-7.094052434e-1
train,2636,C#CC1[CH-]C=C(NO)C1,5.243634224e0,2.282719016e-1,1.583112627e-1,7.915562987e-1,5.471906185e0,-1.092957497e0
train,2637,O=CC12CC3CC(O1)C32,5.586497784e0,-3.809487075e-2,1.583112627e-1,7.915562987e-1,5.548402786e0,-1.033023357e0
train,2638,CCCc1cc(N)on1,6.332089424e0,3.853575289e-1,4.749337733e-1,2.374668837e0,6.717446804e0,-1.170920581e-1
train,2639,CC1NC1c1cc[nH]c1,6.688558578e0,1.712848991e-1,1.583112627e-1,7.915562987e-1,6.859843254e0,-5.526230671e-3
train,2640,O=C1OCC1C1CO1,7.499457359e0,5.990687609e-1,4.749337733e-1,2.374668837e0,8.098526001e0,9.649661183e-1
train,2641,CC1NC12C1CC2C1=O,6.840942383e0,2.371965945e-1,4.749337733e-1,2.374668837e0,7.078138828e0,1.655056030e-1
train,2642,N#CC1CCN=CO1,7.240949631e0,5.040558800e-2,1.583112627e-1,7.915562987e-1,7.291355133e0,3.325579166e-1
train,2643,C1C2OC3C1C1C2CC31,8.794719696e0,-6.671565026e-2,1.583112627e-1,7.915562987e-1,8.728004456e0,1.458154559e0
train,2644,Nc1nc(O)nc(=O)[nH]1,6.247734070e0,-1.280221641e-1,1.583112627e-1,7.915562987e-1,6.119711876e0,-5.854098797e-1
train,2645,OC1C2OCC3OC3C12,8.136203766e0,-1.772125661e-1,1.583112627e-1,7.915562987e-1,7.958991051e0,8.556422591e-1
train,2646,CC1NC1C1(O)CC1C,7.894023418e0,-2.427596152e-1,1.583112627e-1,7.915562987e-1,7.651263714e0,6.145417690e-1
train,2647,CC12C[NH+]3CC(O)C1C32,7.703543663e0,-1.640916318e-1,1.583112627e-1,7.915562987e-1,7.539452076e0,5.269387364e-1
train,2648,C1=CC23NCC2OC3C1,5.929360867e0,-8.213685751e-1,4.749337733e-1,2.374668837e0,5.107992172e0,-1.378079534e0
train,2649,N#CC(N)C(N)C1CN1,7.213738441e0,2.645966709e-1,1.583112627e-1,7.915562987e-1,7.478334904e0,4.790542126e-1
train,2650,C1OC2C3NC3C2O1,8.005589485e0,5.598064139e-2,4.749337733e-1,2.374668837e0,8.061570168e0,9.360117316e-1
train,2651,CC1C(C=O)C1(C)C#N,5.942966461e0,-1.756630987e-1,1.583112627e-1,7.915562987e-1,5.767303467e0,-8.615174294e-1
train,2652,CC1(C2CO2)COC1,8.609682083e0,6.261290610e-2,1.583112627e-1,7.915562987e-1,8.672294617e0,1.414506674e0
train,2653,O=CC12OCC1OC2=O,5.518469334e0,-3.965800256e-2,1.583112627e-1,7.915562987e-1,5.478811264e0,-1.087547421e0
train,2654,CC(O)C1NC(=O)C1O,7.289929867e0,-1.074607521e-1,1.583112627e-1,7.915562987e-1,7.182468891e0,2.472469062e-1
train,2655,C1OCC23COCC12O3,8.903565407e0,2.439504117e-1,1.583112627e-1,7.915562987e-1,9.147516251e0,1.786836863e0
train,2656,OC1(C2CO2)CCC1,9.026016235e0,5.985462070e-1,4.749337733e-1,2.374668837e0,9.624562263e0,2.160596371e0
train,2657,CC1C=CC2C(=O)OC12,6.710327625e0,2.027399838e-2,1.583112627e-1,7.915562987e-1,6.730601788e0,-1.067852974e-1
train,2658,CCc1c[nH]nc1C#N,6.386512280e0,7.828372717e-2,1.583112627e-1,7.915562987e-1,6.464796066e0,-3.150407374e-1
train,2659,N#CC1C2C3CCC3C12,7.994705200e0,2.912879549e-2,1.583112627e-1,7.915562987e-1,8.023834229e0,9.064460993e-1
train,2660,C1=CC2C3C=CC1C23,6.364743233e0,6.087151822e-3,1.583112627e-1,7.915562987e-1,6.370830536e0,-3.886615634e-1
train,2661,OC1CC2[CH-]COC12,6.342973709e0,3.783152625e-2,4.749337733e-1,2.374668837e0,6.380805016e0,-3.808466792e-1
train,2662,COC1CCC(NO)C1,6.783798695e0,-5.869101286e-1,4.749337733e-1,2.374668837e0,6.196888447e0,-5.249429941e-1
train,2663,CCC1OCC1NO,6.666789532e0,2.864480950e-2,1.583112627e-1,7.915562987e-1,6.695434570e0,-1.343383640e-1
train,2664,O=CC1NC(=O)N2CC12,5.771534920e0,-6.454847753e-2,1.583112627e-1,7.915562987e-1,5.706986427e0,-9.087750912e-1
train,2665,COC(=O)C(=O)CCO,4.960635662e0,-1.584483236e-1,1.583112627e-1,7.915562987e-1,4.802187443e0,-1.617673755e0
train,2666,CCOCc1ncon1,6.299435616e0,3.239907324e-1,1.583112627e-1,7.915562987e-1,6.623426437e0,-1.907558292e-1
train,2667,CC1Cc2ocnc2O1,5.556564808e0,2.813766524e-2,1.583112627e-1,7.915562987e-1,5.584702492e0,-1.004583001e0
train,2668,COc1cc(N)[nH]c1N,6.111677170e0,1.713116765e-1,1.583112627e-1,7.915562987e-1,6.282989025e0,-4.574842751e-1
train,2669,CC1(C2CNC2=O)CN1,7.624630451e0,-8.288184181e-3,1.583112627e-1,7.915562987e-1,7.616342068e0,5.871810913e-1
train,2670,CC(=O)c1cnnnn1,3.975583553e0,1.120981425e-1,1.583112627e-1,7.915562987e-1,4.087681770e0,-2.177479982e0
train,2671,O=C1C[NH+]2CC3C(O1)C32,6.386512280e0,9.738619626e-2,1.583112627e-1,7.915562987e-1,6.483898640e0,-3.000741005e-1
train,2672,N#CC#CC(=O)C1CO1,4.898049831e0,-9.431015700e-2,1.583112627e-1,7.915562987e-1,4.803739548e0,-1.616457701e0
train,2673,CCCCC(C)CC#N,9.409697533e0,-1.674521118e-1,4.749337733e-1,2.374668837e0,9.242245674e0,1.861056089e0
train,2674,CC1CCCCOC=N1,7.083124161e0,6.686423719e-2,1.583112627e-1,7.915562987e-1,7.149988174e0,2.217986733e-1
train,2675,Cn1nnc(N)n1,5.937524319e0,4.597909451e-1,4.749337733e-1,2.374668837e0,6.397315025e0,-3.679112792e-1
train,2676,N#CC1=CC2CC[NH+]2C1,5.104856014e0,-4.682485596e-4,4.749337733e-1,2.374668837e0,5.104387760e0,-1.380903602e0
train,2677,CCCC(=O)N1CC1,6.898086548e0,-1.515467614e-1,1.583112627e-1,7.915562987e-1,6.746539593e0,-9.429822862e-2
train,2678,C[n+]1ccc([NH-])c(O)n1,4.693964005e0,1.475405991e-1,1.583112627e-1,7.915562987e-1,4.841504574e0,-1.586869240e0
train,2679,CC12COC1C(CO)N2,7.567486763e0,-5.586470291e-2,1.583112627e-1,7.915562987e-1,7.511621952e0,5.051341653e-1
train,2680,C1C2OC34CC(C3)[NH+]1C24,6.699442863e0,-1.566589177e-1,1.583112627e-1,7.915562987e-1,6.542783737e0,-2.539383769e-1
train,2681,c1cnccoccn1,4.430013657e0,2.779411376e-1,1.583112627e-1,7.915562987e-1,4.707954884e0,-1.691503763e0
train,2682,C#CC1(C)CC12CCO2,7.491294384e0,2.317139208e-1,1.583112627e-1,7.915562987e-1,7.723008156e0,6.707526445e-1
train,2683,C#CCC1CC1(C)CO,8.517163277e0,-1.735777110e-1,1.583112627e-1,7.915562987e-1,8.343585968e0,1.156967521e0
train,2684,COC(C)C(=O)C1CC1,6.130725384e0,5.574932322e-2,1.583112627e-1,7.915562987e-1,6.186474800e0,-5.331019759e-1
train,2685,CC1CCCCC(=O)O1,7.148430824e0,-2.654734850e-1,1.583112627e-1,7.915562987e-1,6.882957458e0,1.258345786e-2
train,2686,[NH-]C1OCC1NC1CC1,6.715770245e0,-2.510945201e-1,1.583112627e-1,7.915562987e-1,6.464675903e0,-3.151348829e-1
train,2687,C#Cc1oc(C)nc1N,4.919818878e0,-3.884116411e-1,4.749337733e-1,2.374668837e0,4.531407356e0,-1.829826474e0
train,2688,Cc1oc(=O)[nH]c1CO,6.190590382e0,8.634709120e-1,4.749337733e-1,2.374668837e0,7.054061413e0,1.466412544e-1
train,2689,C[NH+]1CC(O)C1CC#N,7.311699390e0,1.990316510e-1,1.583112627e-1,7.915562987e-1,7.510731220e0,5.044363141e-1
train,2690,OC12C3C[NH+]4C3C1(O)C42,7.458641052e0,-2.541105747e-1,1.583112627e-1,7.915562987e-1,7.204530716e0,2.645320594e-1
train,2691,O=C1OCOCC2NC12,6.778356075e0,8.698580414e-2,4.749337733e-1,2.374668837e0,6.865341663e0,-1.218296355e-3
train,2692,CC(=O)Nc1ncon1,6.288550854e0,-1.805236936e-1,1.583112627e-1,7.915562987e-1,6.108026981e0,-5.945648551e-1
train,2693,CC1[NH+](C)C12CC(O)C2,7.951167107e0,-1.276915669e-1,1.583112627e-1,7.915562987e-1,7.823475361e0,7.494674325e-1
train,2694,O=C1CCC2OCC1O2,5.806910038e0,1.162965447e-1,4.749337733e-1,2.374668837e0,5.923206806e0,-7.393690944e-1
train,2695,Cc1cc(=O)nc(N)o1,5.703506470e0,-3.688952029e-1,1.583112627e-1,7.915562987e-1,5.334611416e0,-1.200526237e0
train,2696,CC1=C(NO)C2NC2[CH-]1,5.151115417e0,2.061700635e-2,1.583112627e-1,7.915562987e-1,5.171732426e0,-1.328139901e0
train,2697,COc1c[nH]nc1C=O,5.194653511e0,-1.496122684e-2,1.583112627e-1,7.915562987e-1,5.179692268e0,-1.321903467e0
train,2698,C1C(C[NH+]2CC2)C2OC12,8.778392792e0,-2.680562139e-1,1.583112627e-1,7.915562987e-1,8.510336876e0,1.287614822e0
train,2699,COc1c[nH]c(CO)n1,6.016437531e0,1.067057848e-1,4.749337733e-1,2.374668837e0,6.123143196e0,-5.827214718e-1
train,2700,C#CC1(C(C)CO)CO1,7.692658901e0,-1.377585251e-2,1.583112627e-1,7.915562987e-1,7.678883076e0,6.361811757e-1
train,2701,Nc1no[cH+]cc1NO,4.707569599e0,-7.283544540e-2,1.583112627e-1,7.915562987e-1,4.634734154e0,-1.748871207e0
train,2702,Nc1nc(O)c[nH]1,6.206917286e0,-1.594357491e-1,4.749337733e-1,2.374668837e0,6.047481537e0,-6.420014501e-1
train,2703,C#CCn1nnnn1,6.802846432e0,-1.988443546e-2,1.583112627e-1,7.915562987e-1,6.782961845e0,-6.576184928e-2
train,2704,CCNc1cc(N)c[nH]1,5.959293365e0,-2.197574824e-1,1.583112627e-1,7.915562987e-1,5.739535809e0,-8.832730651e-1
train,2705,CC1CCC1C1CC1,9.379764557e0,2.072640359e-1,1.583112627e-1,7.915562987e-1,9.587028503e0,2.131189108e0
train,2706,CC(=NO)C1(O)CC1,6.617809296e0,-4.036844149e-2,1.583112627e-1,7.915562987e-1,6.577440739e0,-2.267850488e-1
train,2707,CNc1nc[nH]c(=O)n1,5.714390755e0,-7.614841312e-2,1.583112627e-1,7.915562987e-1,5.638242245e0,-9.626352787e-1
train,2708,N#CC#CC[NH+]1CC1,5.864053726e0,-1.986955255e-1,1.583112627e-1,7.915562987e-1,5.665358067e0,-9.413903356e-1
train,2709,C#CC1NC1CCC=O,6.168820858e0,-9.005336463e-2,1.583112627e-1,7.915562987e-1,6.078767300e0,-6.174893975e-1
train,2710,COC1CC2C3CC1[NH+]23,8.430087090e0,-1.855199188e-1,1.583112627e-1,7.915562987e-1,8.244566917e0,1.079387307e0
train,2711,CC1([NH+]2CC2)CC1CO,8.040965080e0,9.254713543e-3,1.583112627e-1,7.915562987e-1,8.050219536e0,9.271185994e-1
train,2712,CC1(C#N)CCC(O)C1,8.865469933e0,-3.789108396e-1,4.749337733e-1,2.374668837e0,8.486558914e0,1.268985033e0
train,2713,CCC(CO)CCC=O,6.231407166e0,-2.431095243e-1,4.749337733e-1,2.374668837e0,5.988297462e0,-6.883714199e-1
train,2714,CC1(C)CC2(C)CC12O,8.389269829e0,-4.842701927e-2,1.583112627e-1,7.915562987e-1,8.340843201e0,1.154818654e0
train,2715,CC1(O)C[NH2+]C2NCC21,6.859990120e0,-2.292529196e-1,4.749337733e-1,2.374668837e0,6.630737305e0,-1.850278676e-1
train,2716,CC1OC2C3NC2C13O,7.692658901e0,3.452715278e-1,4.749337733e-1,2.374668837e0,8.037930489e0,9.174903035e-1
train,2717,C#CC(CC)C(C)C=O,6.133446217e0,4.635608196e-1,4.749337733e-1,2.374668837e0,6.597006798e0,-2.114552855e-1
train,2718,C#CC1C2NC2C1(C)C,7.621908665e0,-3.622449338e-1,1.583112627e-1,7.915562987e-1,7.259663582e0,3.077279627e-1
train,2719,CC1(C#N)CC1O,8.457298279e0,-1.302064210e-1,1.583112627e-1,7.915562987e-1,8.327092171e0,1.144044876e0
train,2720,CC12CC(C=O)[NH+]1C2,5.877659321e0,8.013042808e-2,1.583112627e-1,7.915562987e-1,5.957789898e0,-7.122737169e-1
train,2721,CC12CC(=O)C1(CO)N2,5.948409081e0,-1.282401662e-2,1.583112627e-1,7.915562987e-1,5.935585022e0,-7.296709418e-1
train,2722,C[NH2+][CH+]OC(C)C#N,7.308978081e0,-8.637760580e-2,1.583112627e-1,7.915562987e-1,7.222600460e0,2.786894739e-1
train,2723,Nc1nc(N)c(C=O)o1,4.843626976e0,-5.538455248e-1,4.749337733e-1,2.374668837e0,4.289781570e0,-2.019137383e0
train,2724,O=CCC1OC1CO,6.098071575e0,1.078548282e-1,1.583112627e-1,7.915562987e-1,6.205926418e0,-5.178618431e-1
train,2725,CCC12CC1C1CC12O,7.526669502e0,6.714428216e-2,4.749337733e-1,2.374668837e0,7.593813896e0,5.695305467e-1
train,2726,CC12CC1C(O)C21CO1,8.375664711e0,-1.016621757e-2,1.583112627e-1,7.915562987e-1,8.365498543e0,1.174135804e0
train,2727,CCCCNC(=O)C=O,4.819136620e0,1.164789274e-1,4.749337733e-1,2.374668837e0,4.935615540e0,-1.513134480e0
train,2728,C#CCC(O)COCC,8.076338768e0,-5.672841892e-2,1.583112627e-1,7.915562987e-1,8.019610405e0,9.031367302e-1
train,2729,N#CC1C=CC2NC12,6.606924534e0,5.749179795e-2,1.583112627e-1,7.915562987e-1,6.664416313e0,-1.586407870e-1
train,2730,CC#CC(C)C[NH+]1CC1,8.084503174e0,1.501908991e-2,1.583112627e-1,7.915562987e-1,8.099522591e0,9.657469392e-1
train,2731,CC1C2C=CC3C1[NH+]23,5.812351704e0,4.969245940e-2,1.583112627e-1,7.915562987e-1,5.862044334e0,-7.872891426e-1
train,2732,CC1=CCCC(O)CC1,6.922576904e0,-7.413828373e-1,4.749337733e-1,2.374668837e0,6.181194305e0,-5.372391343e-1
train,2733,C#CCCc1cnn[nH]1,6.805567265e0,1.556821167e-1,1.583112627e-1,7.915562987e-1,6.961249352e0,7.392416894e-2
train,2734,CC12COC1C21CCC1,8.065455437e0,1.542647183e-1,1.583112627e-1,7.915562987e-1,8.219719887e0,1.059920073e0
train,2735,C#CC12CCC(O1)C2C,7.314420223e0,2.851759195e-1,1.583112627e-1,7.915562987e-1,7.599596024e0,5.740607977e-1
train,2736,CCC1CC2OC2CO1,9.202890396e0,-1.946474016e-1,4.749337733e-1,2.374668837e0,9.008242607e0,1.677717686e0
train,2737,C[n+]1nn[nH]c(=O)c1[NH-],5.281730175e0,-1.130157635e-1,1.583112627e-1,7.915562987e-1,5.168714523e0,-1.330504298e0
train,2738,O=C1CC(CO)CCO1,7.379727840e0,-1.356799155e-1,4.749337733e-1,2.374668837e0,7.244048119e0,2.954934537e-1
train,2739,CC1C=CCC(CO)O1,7.224623203e0,1.194305047e-1,1.583112627e-1,7.915562987e-1,7.344053745e0,3.738465905e-1
train,2740,C1=CC(C2CCO2)OC1,6.593318939e0,4.075582922e-1,1.583112627e-1,7.915562987e-1,7.000877380e0,1.049722359e-1
train,2741,O=C1CCCC=CCN1,6.342973709e0,1.807312071e-1,1.583112627e-1,7.915562987e-1,6.523705006e0,-2.688863277e-1
train,2742,CC1(C)C(=O)OC12CC2,7.640957355e0,8.881019056e-2,1.583112627e-1,7.915562987e-1,7.729767323e0,6.760483384e-1
train,2743,CC12COC3C1NC32,8.557980537e0,7.040016651e-1,4.749337733e-1,2.374668837e0,9.261981964e0,1.876519322e0
train,2744,C1=CC(C2CO2)CCC1,7.178363323e0,1.465587467e-1,1.583112627e-1,7.915562987e-1,7.324922085e0,3.588571846e-1
train,2745,CCC1CCC1(C)CC,9.600176811e0,6.569682807e-2,1.583112627e-1,7.915562987e-1,9.665873528e0,2.192963123e0
train,2746,NC(=[NH+]CCO)C(=O)[O-],5.371527672e0,-3.675317466e-1,1.583112627e-1,7.915562987e-1,5.003995895e0,-1.459559321e0
train,2747,CC1OC2C=CC1C2O,6.707606792e0,-5.041942000e-2,4.749337733e-1,2.374668837e0,6.657187462e0,-1.643044949e-1
train,2748,CC12CC(NO)C1C2,6.669510841e0,-2.405230701e-1,1.583112627e-1,7.915562987e-1,6.428987980e0,-3.430959284e-1
train,2749,CNC(C#N)C(C)CO,7.491294384e0,-3.157079220e-2,1.583112627e-1,7.915562987e-1,7.459723473e0,4.644723833e-1
train,2750,CC1C2C(=O)C3[NH+]1C23C,6.174263477e0,1.641309410e-1,1.583112627e-1,7.915562987e-1,6.338394642e0,-4.140746593e-1
train,2751,C1=CC(C2CC2)OC1,6.849106312e0,3.880928159e-1,4.749337733e-1,2.374668837e0,7.237199306e0,2.901274860e-1
train,2752,O=CNC(C=O)C1CN1,5.613708973e0,-4.888797924e-2,1.583112627e-1,7.915562987e-1,5.564820766e0,-1.020160079e0
train,2753,Nc1ccc(=O)[nH]c1,4.231370449e0,1.088947989e-3,1.583112627e-1,7.915562987e-1,4.232459545e0,-2.064048290e0
train,2754,O=CNc1nn[nH]n1,6.144330502e0,-2.493505329e-1,4.749337733e-1,2.374668837e0,5.894979954e0,-7.614845037e-1
train,2755,CC1CC(O)(C#N)C1=O,5.472209930e0,-7.401582599e-2,1.583112627e-1,7.915562987e-1,5.398194313e0,-1.150709867e0
train,2756,COC1(C)C(O)C1C#N,7.551159859e0,-1.357770562e-1,1.583112627e-1,7.915562987e-1,7.415382862e0,4.297320843e-1
train,2757,CC1NC(C#N)C1C#N,7.208295822e0,1.299093515e-1,1.583112627e-1,7.915562987e-1,7.338205338e0,3.692644536e-1
train,2758,C#CC12C3CC1(C)C[NH+]32,6.928018570e0,3.202317357e-1,4.749337733e-1,2.374668837e0,7.248250484e0,2.987859547e-1
train,2759,CC1[NH2+]C(CO)C(=O)O1,6.636857033e0,7.522976398e-2,1.583112627e-1,7.915562987e-1,6.712086678e0,-1.212916523e-1
train,2760,[NH-]c1[nH+]nnc(N)c1N,4.046332836e0,-3.022359684e-2,1.583112627e-1,7.915562987e-1,4.016109467e0,-2.233556032e0
train,2761,CC1C2CC(C)(C)C12O,8.522605896e0,5.791990459e-2,1.583112627e-1,7.915562987e-1,8.580525398e0,1.342606664e0
train,2762,N#CCCc1ccno1,6.625972271e0,-2.026716173e-1,4.749337733e-1,2.374668837e0,6.423300743e0,-3.475517929e-1
train,2763,N#CCC1=NCC([NH-])N1,6.250455379e0,4.296904206e-1,4.749337733e-1,2.374668837e0,6.680145741e0,-1.463169754e-1
train,2764,C#CC(N)c1ncco1,6.606924534e0,4.835662544e-1,4.749337733e-1,2.374668837e0,7.090490818e0,1.751832366e-1
train,2765,O=CC1C=CC2OC12,5.714390755e0,-4.008587077e-2,1.583112627e-1,7.915562987e-1,5.674304962e0,-9.343805909e-1
train,2766,OC1(CC2CC2)CC1,8.876354218e0,3.689382672e-1,1.583112627e-1,7.915562987e-1,9.245292664e0,1.863443375e0
train,2767,O=C1CC2(O)C=CCC12,5.934803009e0,5.527799204e-2,1.583112627e-1,7.915562987e-1,5.990080833e0,-6.869741678e-1
train,2768,CCC1OC1(C#N)CC,8.144367218e0,-2.743133903e-1,1.583112627e-1,7.915562987e-1,7.870053768e0,7.859610319e-1
train,2769,O=CC1OCC1(O)C=O,5.156557560e0,1.703350805e-2,1.583112627e-1,7.915562987e-1,5.173591137e0,-1.326683521e0
train,2770,CC(=O)CC1NC1C#N,6.389233112e0,-2.153083980e-1,1.583112627e-1,7.915562987e-1,6.173924923e0,-5.429345965e-1
train,2771,Cn1cc(N)nn1,5.864053726e0,5.440929532e-2,1.583112627e-1,7.915562987e-1,5.918463230e0,-7.430856228e-1
train,2772,C#CC12C[NH+]1C(C)(C)C2,6.922576904e0,1.216404811e-1,1.583112627e-1,7.915562987e-1,7.044217587e0,1.389287412e-1
train,2773,O=CCc1cnco1,5.616430283e0,-6.319189072e-1,4.749337733e-1,2.374668837e0,4.984511375e0,-1.474825144e0
train,2774,[NH-]c1nc(O)n[cH+]o1,5.194653511e0,2.343129218e-1,1.583112627e-1,7.915562987e-1,5.428966522e0,-1.126600146e0
train,2775,CC(O)C#CCC=O,6.002831459e0,7.879394293e-2,1.583112627e-1,7.915562987e-1,6.081625462e0,-6.152501106e-1
train,2776,O=CC1CCC=CCC1,5.986505032e0,-1.986863762e-1,4.749337733e-1,2.374668837e0,5.787818432e0,-8.454442024e-1
train,2777,CC(C)c1ccn(C)n1,7.006931782e0,1.342699956e-2,1.583112627e-1,7.915562987e-1,7.020358562e0,1.202354953e-1
train,2778,C1=CC2OC23C=CC1C3,5.907591820e0,-1.159380451e-1,1.583112627e-1,7.915562987e-1,5.791653633e0,-8.424393535e-1
train,2779,C#CC1(CCC)OC1C,7.766129494e0,-2.324992791e-2,1.583112627e-1,7.915562987e-1,7.742879391e0,6.863214970e-1
train,2780,CC(O)C1(O)C(C)C1C,8.440972328e0,1.005970910e-1,1.583112627e-1,7.915562987e-1,8.541569710e0,1.312085271e0
train,2781,CC(C)C1(C)NC1CO,8.533491135e0,2.431419119e-2,1.583112627e-1,7.915562987e-1,8.557805061e0,1.324805498e0
train,2782,CC12C(=O)[CH-]C3CC1C32,4.372869492e0,2.371702790e-1,4.749337733e-1,2.374668837e0,4.610039711e0,-1.768218994e0
train,2783,CC1C2COC12,8.566143990e0,-4.294459820e-1,4.749337733e-1,2.374668837e0,8.136697769e0,9.948732257e-1
train,2784,CCOCC1CCC1O,8.715806961e0,7.137771696e-2,1.583112627e-1,7.915562987e-1,8.787184715e0,1.504521608e0
train,2785,CCC12C=CC(C1)C2C,6.432771206e0,-3.687964976e-1,4.749337733e-1,2.374668837e0,6.063974857e0,-6.290791035e-1
train,2786,C#CC1=CCOC1=O,5.415065765e0,-8.602472544e-1,4.749337733e-1,2.374668837e0,4.554818630e0,-1.811484098e0
train,2787,C#Cc1nc(C)[nH]c1O,5.891264915e0,-5.137396511e-3,4.749337733e-1,2.374668837e0,5.886127472e0,-7.684203386e-1
train,2788,CC12CCC1(C)C2C=O,6.117119789e0,1.161360070e-1,1.583112627e-1,7.915562987e-1,6.233255863e0,-4.964495897e-1
train,2789,O=COCC(=O)N1CC1,6.677673817e0,-3.178726733e-1,1.583112627e-1,7.915562987e-1,6.359801292e0,-3.973028362e-1
train,2790,CC1C2CC3(CO3)C12O,8.538932800e0,-5.692635477e-2,1.583112627e-1,7.915562987e-1,8.482006073e0,1.265417933e0
train,2791,NC1=NC(CO)COC1,6.832778931e0,-1.389622092e-1,1.583112627e-1,7.915562987e-1,6.693816662e0,-1.356059760e-1
train,2792,N#CC12CC(O)C1C2,7.850484848e0,9.417813271e-3,1.583112627e-1,7.915562987e-1,7.859902859e0,7.780079246e-1
train,2793,c1cnc2cn[nH]c2c1,5.279008865e0,-1.925594956e-1,1.583112627e-1,7.915562987e-1,5.086449146e0,-1.394958258e0
train,2794,C#CC12CC1N[CH+][NH2+]2,6.729375839e0,5.964236334e-2,1.583112627e-1,7.915562987e-1,6.789018154e0,-6.101680547e-2
train,2795,O=CC1(O)C2C3C[NH+]2C31,5.469488621e0,-6.875313818e-2,1.583112627e-1,7.915562987e-1,5.400735378e0,-1.148718953e0
train,2796,C#CCOC,7.861369133e0,5.130197406e-1,4.749337733e-1,2.374668837e0,8.374388695e0,1.181101084e0
train,2797,C[NH2+]C1CCN1C(N)=O,6.593318939e0,1.925836056e-1,1.583112627e-1,7.915562987e-1,6.785902500e0,-6.345788389e-2
train,2798,OCc1cnc2n1CC2,6.625972271e0,3.757975763e-3,1.583112627e-1,7.915562987e-1,6.629730225e0,-1.858168989e-1
train,2799,[NH-]c1[nH]c(N)cc(=O)[nH+]1,5.630035877e0,6.171556711e-1,4.749337733e-1,2.374668837e0,6.247191429e0,-4.855312407e-1
train,2800,OC1CC2CC12C1CC1,8.601518631e0,3.978942633e-1,4.749337733e-1,2.374668837e0,8.999412537e0,1.670799375e0
train,2801,[NH-]C1CC2C(O1)C1C[NH+]21,7.328026772e0,-8.559256792e-2,1.583112627e-1,7.915562987e-1,7.242434025e0,2.942288220e-1
train,2802,CC1=CC([NH-])OC(=O)C1,5.866774559e0,-9.589400142e-2,1.583112627e-1,7.915562987e-1,5.770880699e0,-8.587146997e-1
train,2803,Oc1ccoc1N1CC1,5.839563370e0,-7.536816001e-1,4.749337733e-1,2.374668837e0,5.085881710e0,-1.395402789e0
train,2804,COCC1CCC([NH-])O1,7.812388420e0,1.820285320e-1,1.583112627e-1,7.915562987e-1,7.994417191e0,8.833981752e-1
train,2805,C1C2OC3C2C2OC1C32,8.296751022e0,1.225401238e-1,1.583112627e-1,7.915562987e-1,8.419291496e0,1.216281891e0
train,2806,NC(=O)NC=O,6.585155487e0,-1.441077981e-2,1.583112627e-1,7.915562987e-1,6.570744514e0,-2.320314646e-1
train,2807,COc1nn[nH]c1N,5.831399918e0,1.959039867e-1,1.583112627e-1,7.915562987e-1,6.027303696e0,-6.578105092e-1
train,2808,C1C[NH2+]C2OC3C(N1)C23,5.945687771e0,4.900055006e-2,1.583112627e-1,7.915562987e-1,5.994688511e0,-6.833640933e-1
train,2809,[NH3+]C1CC1(CO)C(=O)[O-],4.198717117e0,1.897596754e-2,1.583112627e-1,7.915562987e-1,4.217692852e0,-2.075617790e0
train,2810,CC1=CC(=O)N2C(C)C12,5.455882549e0,-1.466157585e-1,1.583112627e-1,7.915562987e-1,5.309266567e0,-1.220383525e0
train,2811,O=CC1(C=O)C[NH2+][CH+]N1,5.129346371e0,-2.660330757e-2,1.583112627e-1,7.915562987e-1,5.102743149e0,-1.382192135e0
train,2812,CCCC1OCC12CO2,8.840979576e0,-2.895900309e-1,1.583112627e-1,7.915562987e-1,8.551389694e0,1.319779158e0
train,2813,CNC(C#N)C1COC1,7.529390335e0,5.891835317e-2,1.583112627e-1,7.915562987e-1,7.588308811e0,5.652173758e-1
train,2814,CC(C)(C)C12CC1CO2,8.370222092e0,-1.813325882e-1,4.749337733e-1,2.374668837e0,8.188889503e0,1.035764813e0
train,2815,[NH-]C1NC(=O)CNC1=O,5.845005512e0,-5.296148658e-1,4.749337733e-1,2.374668837e0,5.315390587e0,-1.215585470e0
train,2816,Cc1nnn2c1NCC2,6.119840622e0,-1.173245022e-3,1.583112627e-1,7.915562987e-1,6.118667603e0,-5.862280130e-1
train,2817,NC(=O)N1C=CC2CC21,5.785140514e0,-1.524526626e-1,1.583112627e-1,7.915562987e-1,5.632688046e0,-9.669868946e-1
train,2818,CCC1(C=O)NC1C=O,5.575613022e0,-8.474023640e-2,1.583112627e-1,7.915562987e-1,5.490872860e0,-1.078097343e0
train,2819,CCC1C2C(O)C(O)C12,8.288588524e0,3.274492323e-1,1.583112627e-1,7.915562987e-1,8.616037369e0,1.370429754e0
train,2820,COC(C)COC=O,7.676331520e0,-2.303409129e-1,1.583112627e-1,7.915562987e-1,7.445990562e0,4.537128210e-1
train,2821,CCn1c(O)cnc1C,6.454540730e0,3.673910201e-1,4.749337733e-1,2.374668837e0,6.821931839e0,-3.522934765e-2
train,2822,CCC1COC([NH-])C1O,7.548438072e0,2.544601262e-1,1.583112627e-1,7.915562987e-1,7.802898407e0,7.333456278e-1
train,2823,[NH-]C1ONC=C[CH+]1C=O,3.861295700e0,-1.157963753e0,4.749337733e-1,2.374668837e0,2.703331947e0,-3.262100697e0
train,2824,CC12C3[NH2+][CH+][NH+]1[CH+][NH2+]C32,5.523910999e0,-1.431461573e-1,4.749337733e-1,2.374668837e0,5.380764961e0,-1.164365530e0
train,2825,CC1CN2C(=O)C=CC12,5.602824211e0,1.446945369e-1,1.583112627e-1,7.915562987e-1,5.747518539e0,-8.770186901e-1
train,2826,CC(=O)C1(O)COC1C,5.823236465e0,1.265194118e-1,1.583112627e-1,7.915562987e-1,5.949755669e0,-7.185684443e-1
train,2827,C#CCOC(=O)C(C)=O,4.933423996e0,-5.826707184e-2,1.583112627e-1,7.915562987e-1,4.875156879e0,-1.560503125e0
train,2828,CC1C2C(O)C3C2[NH+]13,8.157973289e0,3.787476718e-1,4.749337733e-1,2.374668837e0,8.536721230e0,1.308286548e0
train,2829,CC1NC1C1(C=O)CN1,6.059975624e0,6.011764705e-2,1.583112627e-1,7.915562987e-1,6.120093346e0,-5.851109624e-1
train,2830,Cn1ccc(=O)nc1F,5.741602421e0,-5.579384789e-2,1.583112627e-1,7.915562987e-1,5.685808659e0,-9.253675938e-1
train,2831,CC1NC1C(=O)C1CO1,5.635478020e0,3.477484286e-1,1.583112627e-1,7.915562987e-1,5.983226299e0,-6.923446059e-1
train,2832,C1CC23CC2COCC13,8.960708618e0,2.277261615e-1,1.583112627e-1,7.915562987e-1,9.188434601e0,1.818895817e0
train,2833,COC1(C#N)C[NH+](C)C1,6.694001198e0,-2.999769710e-2,1.583112627e-1,7.915562987e-1,6.664003372e0,-1.589643210e-1
train,2834,O=CC1CCC1[NH+]1CC1,6.024600506e0,4.502271712e-1,1.583112627e-1,7.915562987e-1,6.474827766e0,-3.071810305e-1
train,2835,COc1[nH]c(O)cc1O,6.182426929e0,-1.008972079e-1,1.583112627e-1,7.915562987e-1,6.081529617e0,-6.153252125e-1
train,2836,N#CC12CC3CC1CC32,8.334847450e0,-2.664761245e-1,1.583112627e-1,7.915562987e-1,8.068371773e0,9.413406849e-1
train,2837,[NH-][CH+]OCCCC=O,6.258618832e0,2.888233960e-1,1.583112627e-1,7.915562987e-1,6.547442436e0,-2.502883375e-1
train,2838,CC(O)C(C)(O)C(C)O,8.174300194e0,1.169495434e-1,1.583112627e-1,7.915562987e-1,8.291249275e0,1.115962386e0
train,2839,C1CC2CCC1O2,8.906287193e0,1.751767248e-1,1.583112627e-1,7.915562987e-1,9.081463814e0,1.735085607e0
train,2840,O=CNCC12C[NH+](C1)C2,6.821894169e0,3.948976398e-1,4.749337733e-1,2.374668837e0,7.216791630e0,2.741383314e-1
train,2841,COCCN(C)C(N)=O,7.923955917e0,-1.856002510e-1,1.583112627e-1,7.915562987e-1,7.738355637e0,6.827771664e-1
train,2842,O=C1C=CNCCCC1,4.903491497e0,-3.364379704e-1,1.583112627e-1,7.915562987e-1,4.567053318e0,-1.801898360e0
train,2843,C1=CCC2(C=CC1)CO2,6.873596191e0,-1.717653573e-1,1.583112627e-1,7.915562987e-1,6.701830864e0,-1.293269545e-1
train,2844,CO[CH+][NH2+]C(C)(C)CO,7.328026772e0,6.699133664e-2,1.583112627e-1,7.915562987e-1,7.395018101e0,4.137765467e-1
train,2845,[NH-][CH+]OC1CC2NC21,7.189248085e0,5.633319542e-2,1.583112627e-1,7.915562987e-1,7.245581150e0,2.966945767e-1
train,2846,C[NH+]1CC2(CO2)C1,8.079060555e0,3.346418217e-2,4.749337733e-1,2.374668837e0,8.112524986e0,9.759341478e-1
train,2847,C1=CC2OC1C1OC21,6.615087986e0,1.291310042e-1,1.583112627e-1,7.915562987e-1,6.744218826e0,-9.611652046e-2
train,2848,C[NH+]1C(C=O)C1(C)C=O,4.979683399e0,-1.168267280e-1,1.583112627e-1,7.915562987e-1,4.862856865e0,-1.570140004e0
train,2849,NC1[NH2+]CC2[NH2+][CH+]OC12,6.764750481e0,3.276206255e-1,4.749337733e-1,2.374668837e0,7.092370987e0,1.766563207e-1
train,2850,COC1=NCC([NH-])N1,6.596040249e0,4.733523726e-2,4.749337733e-1,2.374668837e0,6.643375397e0,-1.751260757e-1
train,2851,C1=CC2CC3CC1C2O3,6.840942383e0,-2.363638952e-3,1.583112627e-1,7.915562987e-1,6.838578701e0,-2.218674123e-2
train,2852,CCC1(CC)CCC1O,8.900844574e0,-3.983246088e-1,1.583112627e-1,7.915562987e-1,8.502519608e0,1.281490088e0
train,2853,N#CC1(O)C2OCOC21,6.933460712e0,-1.985435337e-1,1.583112627e-1,7.915562987e-1,6.734917164e0,-1.034042537e-1
train,2854,CC1OCOC(=O)C1N,6.658626080e0,-3.296210170e-1,1.583112627e-1,7.915562987e-1,6.329005241e0,-4.214311540e-1
train,2855,CC(C(=O)CO)[NH+]1CC1,6.182426929e0,2.436708659e-1,1.583112627e-1,7.915562987e-1,6.426097870e0,-3.453602791e-1
train,2856,O=C1CC2C(CO)[NH+]2C1,5.602824211e0,6.325114518e-2,1.583112627e-1,7.915562987e-1,5.666075230e0,-9.408285022e-1
train,2857,CC12CCC(C1)NC2=O,7.230065346e0,1.569040865e-1,1.583112627e-1,7.915562987e-1,7.386969566e0,4.074706137e-1
train,2858,CC1(O)C2CC1N2C=O,6.811009407e0,-3.679809570e-1,4.749337733e-1,2.374668837e0,6.443028450e0,-3.320953846e-1
train,2859,CC1OCC2(CO)OC12,8.846421242e0,1.814017445e-2,1.583112627e-1,7.915562987e-1,8.864561081e0,1.565145016e0
train,2860,OC1C2[CH-]C3C4C1C2C34,4.862674713e0,9.517652914e-3,1.583112627e-1,7.915562987e-1,4.872192383e0,-1.562825680e0
train,2861,CC(C)C1COC1(C)C,8.547096252e0,2.656107843e-1,1.583112627e-1,7.915562987e-1,8.812706947e0,1.524517894e0
train,2862,CCC1C2C3CC2C13O,8.838258743e0,-5.464905873e-2,1.583112627e-1,7.915562987e-1,8.783609390e0,1.501720309e0
train,2863,CNc1c[nH]c(CO)c1,5.752487183e0,-2.091707438e-1,1.583112627e-1,7.915562987e-1,5.543316364e0,-1.037008524e0
train,2864,C1C2OC3C2[NH+]2C1C32,8.021917343e0,1.450620126e-2,1.583112627e-1,7.915562987e-1,8.036423683e0,9.163097739e-1
train,2865,O=CC1C2C3C[NH+]1C32,5.591939926e0,8.863390684e-1,4.749337733e-1,2.374668837e0,6.478279114e0,-3.044769466e-1
train,2866,O=CC1=CNC(=O)C1=O,3.646325827e0,1.225946769e-1,1.583112627e-1,7.915562987e-1,3.768920422e0,-2.427225351e0
train,2867,NC(=O)C[NH+]1CC(=O)C1,5.627314568e0,-8.159612119e-2,1.583112627e-1,7.915562987e-1,5.545718670e0,-1.035126328e0
train,2868,C1C2C3C4CC3[NH+]4C12,8.751181602e0,-2.912756205e-1,4.749337733e-1,2.374668837e0,8.459905624e0,1.248102546e0
train,2869,CC1CCC(NO)C1C,6.791961670e0,-4.590263665e-1,4.749337733e-1,2.374668837e0,6.332935333e0,-4.183519781e-1
train,2870,CC(C)C1OC(=O)C1C,7.646399021e0,6.291333586e-2,1.583112627e-1,7.915562987e-1,7.709312439e0,6.600221992e-1
train,2871,C#CC1COC2(CC2)C1,7.736196995e0,1.035231948e-1,1.583112627e-1,7.915562987e-1,7.839720249e0,7.621951103e-1
train,2872,C#CCCNC(=O)C=O,4.759271145e0,4.410014749e-1,4.749337733e-1,2.374668837e0,5.200272560e0,-1.305778980e0
train,2873,C#CC(C)(C)O[CH+][NH-],7.684495449e0,-1.777758896e-1,1.583112627e-1,7.915562987e-1,7.506719589e0,5.012932420e-1
train,2874,C#CC1(O)CC1(O)C#C,7.091287136e0,2.246363163e-1,1.583112627e-1,7.915562987e-1,7.315923691e0,3.518070579e-1
train,2875,C#CCC1CC(C)(C)C1,8.487231255e0,2.625370622e-1,1.583112627e-1,7.915562987e-1,8.749768257e0,1.475206256e0
train,2876,[NH-]C1OC2CC(O)C12,7.548438072e0,-4.621665925e-2,1.583112627e-1,7.915562987e-1,7.502221584e0,4.977691174e-1
train,2877,C[NH+]1CC1(C=O)C1CN1,5.298057079e0,1.660353243e-1,1.583112627e-1,7.915562987e-1,5.464092255e0,-1.099079609e0
train,2878,CC12CC3COC1C2O3,8.220560074e0,2.932980470e-2,1.583112627e-1,7.915562987e-1,8.249890327e0,1.083558202e0
train,2879,OCCCCC(F)(F)F,9.349832535e0,1.859661378e-2,1.583112627e-1,7.915562987e-1,9.368429184e0,1.959919333e0
train,2880,CC(=O)C1(C)CCC1O,5.948409081e0,2.099453956e-1,1.583112627e-1,7.915562987e-1,6.158354282e0,-5.551339984e-1
train,2881,CCCC#CC(=O)CC,5.703506470e0,-2.250242420e-2,1.583112627e-1,7.915562987e-1,5.681004047e0,-9.291319251e-1
train,2882,COC1(C)COC12CC2,8.193347931e0,1.575738564e-2,1.583112627e-1,7.915562987e-1,8.209105492e0,1.051603794e0
train,2883,C#CC1(C)COC1[NH2+]C,7.382448673e0,-1.325678825e-1,1.583112627e-1,7.915562987e-1,7.249880791e0,3.000632823e-1
train,2884,N#CC1OC(=O)C1N,6.721211910e0,-1.613416076e-1,1.583112627e-1,7.915562987e-1,6.559870243e0,-2.405513227e-1
train,2885,CC1(C2COCO2)CO1,9.257313728e0,2.480606735e-1,4.749337733e-1,2.374668837e0,9.505373955e0,2.067213774e0
train,2886,[NH-]C1OC2C3CC1C2O3,7.518506050e0,-4.327223301e-1,1.583112627e-1,7.915562987e-1,7.085783958e0,1.714954674e-1
train,2887,[H]N=C(NC=O)OC,6.783798695e0,-5.247997865e-2,4.749337733e-1,2.374668837e0,6.731318951e0,-1.062234044e-1
train,2888,CCc1nn(C)cc1C,6.791961670e0,-1.545373723e-2,1.583112627e-1,7.915562987e-1,6.776507854e0,-7.081846893e-2
train,2889,O=CCNc1ccoc1,4.748386860e0,8.427674323e-2,1.583112627e-1,7.915562987e-1,4.832663536e0,-1.593796015e0
train,2890,CC#CC1(O)CCC1,7.635515213e0,-1.277514994e-1,1.583112627e-1,7.915562987e-1,7.507763863e0,5.021114349e-1
train,2891,CC1=CC2OC2C1(C)C,6.596040249e0,-1.527522653e-1,1.583112627e-1,7.915562987e-1,6.443287849e0,-3.318921626e-1
train,2892,CC(C=O)c1cnc[nH]1,4.756549835e0,8.278243244e-2,4.749337733e-1,2.374668837e0,4.839332104e0,-1.588571310e0
train,2893,CC12C=CCC3OC1C32,6.435492516e0,-1.255158335e-1,1.583112627e-1,7.915562987e-1,6.309976578e0,-4.363398552e-1
train,2894,C[NH+]1CC2OC2(CO)C1,7.189248085e0,9.349258244e-2,1.583112627e-1,7.915562987e-1,7.282740593e0,3.258085251e-1
train,2895,C#CC1CC2OC3C1C23,7.738917828e0,-6.460413337e-2,1.583112627e-1,7.915562987e-1,7.674313545e0,6.326010227e-1
train,2896,O=CC1C(C=O)N1C=O,5.523910999e0,-6.561850756e-2,1.583112627e-1,7.915562987e-1,5.458292484e0,-1.103623629e0
train,2897,CC1CC=CCC1,7.292651653e0,2.443247288e-1,1.583112627e-1,7.915562987e-1,7.536976337e0,5.249990225e-1
train,2898,C#CC1(O)C(O)C1(C)C,6.816452026e0,-2.306221426e-1,1.583112627e-1,7.915562987e-1,6.585829735e0,-2.202123851e-1
train,2899,O=C1C=C2CCCC2O1,6.125282764e0,-7.556516677e-2,1.583112627e-1,7.915562987e-1,6.049717426e0,-6.402496099e-1
train,2900,N#CCCOCC(N)=O,7.513063908e0,-1.882344335e-1,1.583112627e-1,7.915562987e-1,7.324829578e0,3.587847054e-1
train,2901,N#CCCCOC(N)=O,8.416481972e0,2.787458003e-1,4.749337733e-1,2.374668837e0,8.695227623e0,1.432474375e0
train,2902,CCC1NC1(C)C1CN1,8.283145905e0,-1.547112018e-1,1.583112627e-1,7.915562987e-1,8.128435135e0,9.883995652e-1
train,2903,CC1(C)OCC=CC1=O,4.810973167e0,2.202599049e-1,1.583112627e-1,7.915562987e-1,5.031232834e0,-1.438219547e0
train,2904,C#Cc1[nH]ncc1N,5.107577324e0,-1.239916906e-1,1.583112627e-1,7.915562987e-1,4.983585835e0,-1.475550294e0
train,2905,O=Cc1ccoc(=O)n1,4.269466400e0,9.529581666e-2,4.749337733e-1,2.374668837e0,4.364762306e0,-1.960390806e0
train,2906,C#CC(C)(CC)C1CC1,8.606961250e0,-1.475629061e-1,1.583112627e-1,7.915562987e-1,8.459398270e0,1.247704983e0
train,2907,CC(C)C1CCOC=N1,7.333467960e0,2.250960656e-2,1.583112627e-1,7.915562987e-1,7.355977535e0,3.831887543e-1
train,2908,[NH-]C1CC2OCC2O1,7.774292946e0,-3.084648959e-2,1.583112627e-1,7.915562987e-1,7.743446350e0,6.867656708e-1
train,2909,N#CC1(C2CO2)CCC1,8.446413994e0,2.495057583e-1,4.749337733e-1,2.374668837e0,8.695919991e0,1.433016777e0
train,2910,CC1C2CC3OC1C32,8.549818039e0,2.198018366e-3,1.583112627e-1,7.915562987e-1,8.552016258e0,1.320270061e0
train,2911,CCCC12COCC1C2,9.047785759e0,-8.313144445e-1,4.749337733e-1,2.374668837e0,8.216471672e0,1.057375073e0
train,2912,CC#CC1OCC2CC21,7.847763538e0,5.680631995e-1,4.749337733e-1,2.374668837e0,8.415826797e0,1.213567376e0
train,2913,O=C(CO)C1OC1CO,6.206917286e0,7.891663164e-2,1.583112627e-1,7.915562987e-1,6.285833836e0,-4.552553892e-1
train,2914,CC(O)C1COC1C,8.329405785e0,-1.376611292e-1,1.583112627e-1,7.915562987e-1,8.191744804e0,1.038001895e0
train,2915,CC1NC12CC1C(O)C12,7.970214844e0,-9.073822945e-2,1.583112627e-1,7.915562987e-1,7.879476547e0,7.933436632e-1
train,2916,CC(=O)N(C)CC1CO1,7.262719154e0,2.464936674e-1,1.583112627e-1,7.915562987e-1,7.509212971e0,5.032467842e-1
train,2917,Cc1cc(N)cc(N)c1,5.619151115e0,-2.278850973e-1,1.583112627e-1,7.915562987e-1,5.391265869e0,-1.156138182e0
train,2918,O=C1OC2CC1CCO2,7.398775578e0,-8.794143051e-2,4.749337733e-1,2.374668837e0,7.310833931e0,3.478192985e-1
train,2919,NC(=O)n1cncc1N,4.838184357e0,-5.226572752e-1,4.749337733e-1,2.374668837e0,4.315526962e0,-1.998966098e0
train,2920,C#CC12CC1(O)CO2,6.508963585e0,8.382074833e-1,4.749337733e-1,2.374668837e0,7.347170830e0,3.762888014e-1
train,2921,CC12CC3C1C1(C)C2[NH+]31,8.198790550e0,-1.781421602e-1,1.583112627e-1,7.915562987e-1,8.020648003e0,9.039496779e-1
train,2922,C1CC(CC2CCC2)C1,9.725349426e0,-3.252558708e-1,1.583112627e-1,7.915562987e-1,9.400093079e0,1.984727621e0
train,2923,CC1(C#N)CC(NO)C1,6.721211910e0,-6.268276833e-3,1.583112627e-1,7.915562987e-1,6.714943409e0,-1.190534383e-1
train,2924,CCOCC1C[NH+]1CC,8.084503174e0,-6.803167611e-2,1.583112627e-1,7.915562987e-1,8.016471863e0,9.006777406e-1
train,2925,c1onc2c1NCCN2,5.880380630e0,-1.707308888e-1,1.583112627e-1,7.915562987e-1,5.709649563e0,-9.066885114e-1
train,2926,C1=Cc2ocnc2CC1,4.791924953e0,-1.108828336e-1,1.583112627e-1,7.915562987e-1,4.681042194e0,-1.712589502e0
train,2927,C#CC(C=O)C1CN1,5.823236465e0,2.078057975e-1,1.583112627e-1,7.915562987e-1,6.031042099e0,-6.548815370e-1
train,2928,C#CC1(CC=O)CC1,5.953851223e0,-7.428605855e-2,1.583112627e-1,7.915562987e-1,5.879565239e0,-7.735617161e-1
train,2929,CC(C)(C)n1cccc1,6.740260601e0,1.404756606e-1,1.583112627e-1,7.915562987e-1,6.880736351e0,1.084324811e-2
train,2930,Nc1cc(C2CC2)[nH]n1,6.190590382e0,-9.126842022e-2,1.583112627e-1,7.915562987e-1,6.099321842e0,-6.013851762e-1
train,2931,C#CC1(CO)COC1=O,6.979720592e0,-1.788068563e-1,1.583112627e-1,7.915562987e-1,6.800913811e0,-5.169671029e-2
train,2932,[NH-]C1=CNC=NC(O)=C1,3.853132248e0,-1.173427701e-1,4.749337733e-1,2.374668837e0,3.735789537e0,-2.453183174e0
train,2933,Cc1nn(C)cc1O,6.291272163e0,-8.139465004e-2,1.583112627e-1,7.915562987e-1,6.209877491e0,-5.147662163e-1
train,2934,O=C1CNCC2CCC12,5.202816963e0,-4.310058895e-3,1.583112627e-1,7.915562987e-1,5.198506832e0,-1.307162404e0
train,2935,CCc1cc(O)c(C)o1,5.855890274e0,-2.275242098e-2,1.583112627e-1,7.915562987e-1,5.833137989e0,-8.099368811e-1
train,2936,C#CC#CCC(=O)C#N,4.514369011e0,3.345570564e-1,4.749337733e-1,2.374668837e0,4.848926067e0,-1.581054568e0
train,2937,N#CC1C2CCCC1O2,7.532111645e0,2.830273509e-1,1.583112627e-1,7.915562987e-1,7.815138817e0,7.429358363e-1
train,2938,Cc1c[nH]c(O[CH+][NH-])n1,5.910312653e0,3.148676753e-1,4.749337733e-1,2.374668837e0,6.225180149e0,-5.027768016e-1
train,2939,c1cc2c([nH]1)CCCO2,6.182426929e0,1.057941914e0,4.749337733e-1,2.374668837e0,7.240368843e0,2.926107943e-1
train,2940,CC1CC=CC(=O)OC1,6.005552769e0,-2.581845038e-3,1.583112627e-1,7.915562987e-1,6.002970695e0,-6.768751144e-1
train,2941,CC(O)(C#N)CC1CO1,8.669547081e0,-1.628766060e-1,1.583112627e-1,7.915562987e-1,8.506669998e0,1.284741879e0
train,2942,CCCNC(=O)N1CC1,7.673610687e0,6.189392507e-2,1.583112627e-1,7.915562987e-1,7.735504627e0,6.805434227e-1
train,2943,CC1(C#CC#N)CC1O,6.147051811e0,1.271072030e-1,1.583112627e-1,7.915562987e-1,6.274158955e0,-4.644025266e-1
train,2944,O=CC1C2COCC12O,5.942966461e0,8.433600664e-1,4.749337733e-1,2.374668837e0,6.786326408e0,-6.312575936e-2
train,2945,CCC12C(O)C3C1CC32,8.688595772e0,-3.649131954e-1,1.583112627e-1,7.915562987e-1,8.323682785e0,1.141373634e0
train,2946,O=C1CC2CCCCC12,6.049090862e0,1.424184293e-1,1.583112627e-1,7.915562987e-1,6.191509247e0,-5.291575193e-1
train,2947,O=C1COC12CC1NC12,5.480372906e0,-2.754891515e-1,1.583112627e-1,7.915562987e-1,5.204883575e0,-1.302166343e0
train,2948,CCC1CNC(=O)C1O,7.047749043e0,-1.065399766e0,4.749337733e-1,2.374668837e0,5.982349396e0,-6.930316687e-1
train,2949,Nc1cc(=O)cc(N)o1,5.708949089e0,5.266914889e-2,1.583112627e-1,7.915562987e-1,5.761618137e0,-8.659718037e-1
train,2950,C#CC1C(C)CN1C=O,7.118498325e0,-1.585018933e-1,1.583112627e-1,7.915562987e-1,6.959996223e0,7.294236124e-2
train,2951,CC1CC2(C)CC(O)C12,8.557980537e0,2.387361676e-1,1.583112627e-1,7.915562987e-1,8.796716690e0,1.511989713e0
train,2952,CCCC(=O)CCC=O,6.201474667e0,-1.627977192e-1,1.583112627e-1,7.915562987e-1,6.038676739e0,-6.488998532e-1
train,2953,CC(=O)C(O)C#CCO,6.000110626e0,2.673872281e-3,1.583112627e-1,7.915562987e-1,6.002784729e0,-6.770207882e-1
train,2954,C#CC12CCC1C2C,7.273603439e0,-1.444830908e-3,1.583112627e-1,7.915562987e-1,7.272158623e0,3.175176680e-1
train,2955,CC12OCC3CC1C32C,8.351174355e0,-6.726653874e-2,1.583112627e-1,7.915562987e-1,8.283907890e0,1.110210538e0
train,2956,CC(CO)C(C)(C)O,8.928055763e0,-1.276767999e-2,1.583112627e-1,7.915562987e-1,8.915287971e0,1.604888916e0
train,2957,O=CC12C[NH+]1CCC2O,5.673573971e0,6.338229030e-2,1.583112627e-1,7.915562987e-1,5.736956120e0,-8.852941990e-1
train,2958,CCCc1nc[nH]n1,7.298093796e0,9.398013353e-1,4.749337733e-1,2.374668837e0,8.237895012e0,1.074159980e0
train,2959,OC12C=CC(C1)C1OC12,6.859990120e0,1.633400656e-2,4.749337733e-1,2.374668837e0,6.876324177e0,7.386364974e-3
train,2960,C1CC2OC23COC3[NH2+]1,6.813731194e0,6.276047230e-2,1.583112627e-1,7.915562987e-1,6.876491547e0,7.517497055e-3
train,2961,Nc1n[nH]c(=O)nc1N,4.666752815e0,-1.223568991e-1,1.583112627e-1,7.915562987e-1,4.544395924e0,-1.819650173e0
train,2962,OC12CCCC(C1)C2,8.813768387e0,2.326589078e-1,1.583112627e-1,7.915562987e-1,9.046427727e0,1.707635283e0
train,2963,N#CC12CC1CO2,6.914412975e0,1.562992632e-1,4.749337733e-1,2.374668837e0,7.070712090e0,1.596868485e-1
train,2964,O=C1CCC2CC2C1,6.095350742e0,-9.830214083e-2,1.583112627e-1,7.915562987e-1,5.997048378e0,-6.815151572e-1
train,2965,O=CCc1ncncn1,5.401460171e0,-3.643713519e-2,1.583112627e-1,7.915562987e-1,5.365023136e0,-1.176699042e0
train,2966,Nc1c[nH]nc1CO,5.934803009e0,7.691822201e-2,1.583112627e-1,7.915562987e-1,6.011721134e0,-6.700192690e-1
train,2967,COCC1C2C[NH+]1C2,8.343010902e0,-2.060104609e-1,4.749337733e-1,2.374668837e0,8.137000084e0,9.951100945e-1
train,2968,O=C1CC2CC(N1)C2O,7.202853680e0,-3.791771531e-1,4.749337733e-1,2.374668837e0,6.823676586e0,-3.386235982e-2
train,2969,CC1C[NH+]2C(C)C12CO,8.272260666e0,2.212917954e-1,1.583112627e-1,7.915562987e-1,8.493552208e0,1.274464250e0
train,2970,O=C1CC2CNC(=O)C12,5.815073013e0,-4.929728061e-2,1.583112627e-1,7.915562987e-1,5.765775681e0,-8.627144098e-1
train,2971,O=C1NCC2NC12CO,6.996047020e0,1.829123050e-1,1.583112627e-1,7.915562987e-1,7.178959370e0,2.444972396e-1
train,2972,CC(C)C1OC1(C)C#N,8.130762100e0,3.862770498e-1,1.583112627e-1,7.915562987e-1,8.517039299e0,1.292865992e0
train,2973,CC1COCC12CCO2,8.353896141e0,-3.424467444e-1,1.583112627e-1,7.915562987e-1,8.011449814e0,8.967430592e-1
train,2974,CNC(=O)C1CN1,7.363400936e0,-1.003470123e-1,1.583112627e-1,7.915562987e-1,7.263053894e0,3.103842437e-1
train,2975,[H]N=C(C=O)N1CCC1=O,5.216422558e0,-1.957166642e-1,1.583112627e-1,7.915562987e-1,5.020705700e0,-1.446467400e0
train,2976,O=C1NCC(O)CO1,8.193347931e0,-8.470925689e-2,1.583112627e-1,7.915562987e-1,8.108638763e0,9.728893638e-1
train,2977,CC(O)C12COC(C1)C2,8.068176270e0,-2.173244208e-1,4.749337733e-1,2.374668837e0,7.850852013e0,7.709167004e-1
train,2978,COC12CC1COC2C,9.047785759e0,-4.417808652e-1,4.749337733e-1,2.374668837e0,8.606004715e0,1.362569332e0
train,2979,CC12C(O)COC1C2O,8.628729820e0,2.263572216e-1,1.583112627e-1,7.915562987e-1,8.855087280e0,1.557722449e0
train,2980,CCC12CCC1C2OC,8.808325768e0,-1.714547276e-1,1.583112627e-1,7.915562987e-1,8.636871338e0,1.386752963e0
train,2981,C#CCC#CC,7.894023418e0,1.774206199e-2,1.583112627e-1,7.915562987e-1,7.911765575e0,8.186416626e-1
train,2982,C#Cc1cc[nH]c1C,5.896707535e0,1.182144806e-1,1.583112627e-1,7.915562987e-1,6.014922142e0,-6.675112844e-1
train,2983,CC1OCC2CC(=O)C21,5.793303967e0,-4.604493976e-1,4.749337733e-1,2.374668837e0,5.332854748e0,-1.201902509e0
train,2984,C1=C2[CH+][NH2+][CH+]C2=CON1,4.073544502e0,-2.977905981e-2,1.583112627e-1,7.915562987e-1,4.043765545e0,-2.211887836e0
train,2985,N#CCNC=O,7.542996407e0,2.511718273e-1,1.583112627e-1,7.915562987e-1,7.794168472e0,7.265058160e-1
train,2986,C#CCC1OCC1C#N,7.385169983e0,-5.432688817e-2,1.583112627e-1,7.915562987e-1,7.330842972e0,3.634961247e-1
train,2987,O=COC12C[NH+]3CC1C32,6.394675732e0,-6.197884083e-1,4.749337733e-1,2.374668837e0,5.774887085e0,-8.555757403e-1
train,2988,O=CC(O)C12CC[NH+]1C2,5.575613022e0,-3.905427083e-2,1.583112627e-1,7.915562987e-1,5.536558628e0,-1.042303085e0
train,2989,OC1C2C3C=CC1(O)C32,6.440935135e0,9.743036628e-1,4.749337733e-1,2.374668837e0,7.415238857e0,4.296192527e-1
train,2990,C1CC23COC24CC3C14,8.043685913e0,3.484483659e-1,1.583112627e-1,7.915562987e-1,8.392134666e0,1.195004821e0
train,2991,CC1(C=O)COCCN1,5.379690647e0,-4.328143001e-1,4.749337733e-1,2.374668837e0,4.946876526e0,-1.504311681e0
train,2992,Cc1nc(F)c[nH]c1=O,4.348379135e0,-8.094125986e-2,1.583112627e-1,7.915562987e-1,4.267437935e0,-2.036643267e0
train,2993,C1=CC2OC2(C2CC2)C1,6.623250961e0,9.410451651e-1,4.749337733e-1,2.374668837e0,7.564296246e0,5.464038253e-1
train,2994,CC#CC1(C#N)CC1O,7.172921181e0,1.122366264e-2,1.583112627e-1,7.915562987e-1,7.184144974e0,2.485600859e-1
train,2995,C1NC12C1NC2C12CN2,8.223280907e0,-3.940899670e-2,1.583112627e-1,7.915562987e-1,8.183872223e0,1.031833887e0
train,2996,C1CCC2(CC1)CCC2,9.510379791e0,6.320856512e-2,1.583112627e-1,7.915562987e-1,9.573588371e0,2.120658875e0
train,2997,c1nnn2c1CNCC2,6.816452026e0,-8.452393115e-2,1.583112627e-1,7.915562987e-1,6.731927872e0,-1.057463288e-1
train,2998,Cc1c(C=O)c[nH]c1O,4.661310196e0,3.930989280e-2,1.583112627e-1,7.915562987e-1,4.700620174e0,-1.697250366e0
train,2999,C1C2OC1C1C3CC1C23,8.315798759e0,-2.425842881e-1,1.583112627e-1,7.915562987e-1,8.073214531e0,9.451349378e-1
train,3000,OC1CC2C3C1[NH2+][CH+][NH+]23,6.288550854e0,7.721508741e-1,4.749337733e-1,2.374668837e0,7.060701847e0,1.518439502e-1
train,3001,O=C1CC(C(F)(F)F)C1,6.111677170e0,-7.855036855e-2,1.583112627e-1,7.915562987e-1,6.033126831e0,-6.532481313e-1
train,3002,OC1C2[CH-]C3COC3C12,5.975620270e0,1.006728411e-1,1.583112627e-1,7.915562987e-1,6.076292992e0,-6.194280386e-1
train,3003,C[NH+]1C=C(C(=O)[O-])CC1,4.179668903e0,3.649275005e-1,1.583112627e-1,7.915562987e-1,4.544596195e0,-1.819493175e0
train,3004,CC1C(C)(C)C1(C)C=O,6.206917286e0,6.552542001e-2,1.583112627e-1,7.915562987e-1,6.272442818e0,-4.657470882e-1
train,3005,CCCCc1ccc[nH]1,6.590597630e0,-1.866848208e-2,1.583112627e-1,7.915562987e-1,6.571928978e0,-2.311034501e-1
train,3006,CCC1(C#N)CC([NH-])O1,7.630072594e0,1.290182620e-1,1.583112627e-1,7.915562987e-1,7.759090900e0,6.990230083e-1
train,3007,O=C1CC2CN12,6.470867634e0,-6.950407475e-2,1.583112627e-1,7.915562987e-1,6.401363373e0,-3.647394478e-1
train,3008,C#CCC12CC1CCO2,7.689937115e0,-9.943158180e-2,1.583112627e-1,7.915562987e-1,7.590505600e0,5.669385195e-1
train,3009,COc1nc[nH]c1C#N,5.412344456e0,6.513736248e-1,4.749337733e-1,2.374668837e0,6.063717842e0,-6.292805076e-1
train,3010,C#CC12CC(C=O)C1N2,5.455882549e0,1.481628120e-1,1.583112627e-1,7.915562987e-1,5.604045391e0,-9.894281030e-1
train,3011,O=CC12NC1CNC2=O,5.447719574e0,-2.866554633e-2,1.583112627e-1,7.915562987e-1,5.419054031e0,-1.134366512e0
train,3012,CC1CC(C)C2(O)CC12,8.821931839e0,7.972618192e-2,1.583112627e-1,7.915562987e-1,8.901658058e0,1.594210029e0
train,3013,N#CC1CCC(O)C1,8.732133865e0,3.880043328e-1,4.749337733e-1,2.374668837e0,9.120138168e0,1.765386462e0
train,3014,O=C1C=CC2C(O)C2O1,5.706227779e0,1.977040023e-1,1.583112627e-1,7.915562987e-1,5.903931618e0,-7.544710040e-1
train,3015,CC1OC(=O)C(C=O)O1,6.008274078e0,-1.685671210e-1,1.583112627e-1,7.915562987e-1,5.839706898e0,-8.047902584e-1
train,3016,OC1[CH-]C2CC3(O)C1C23,4.849069118e0,-3.024915755e-1,1.583112627e-1,7.915562987e-1,4.546577454e0,-1.817940950e0
train,3017,CC1CCC=C2CCC21,6.944345474e0,7.199234515e-2,1.583112627e-1,7.915562987e-1,7.016337872e0,1.170853376e-1
train,3018,C#CC(C)(O)C1CC1C,8.100829124e0,2.847812697e-2,1.583112627e-1,7.915562987e-1,8.129306793e0,9.890825152e-1
train,3019,CC1(C)CC1C1CCC1,9.115814209e0,-4.821560904e-2,1.583112627e-1,7.915562987e-1,9.067598343e0,1.724222183e0
train,3020,C#CC(C)CC(C)=O,6.261340141e0,7.886384726e-1,4.749337733e-1,2.374668837e0,7.049978733e0,1.434425265e-1
train,3021,[NH-]C1OC2C=CCC2O1,6.590597630e0,2.048907429e-1,1.583112627e-1,7.915562987e-1,6.795488358e0,-5.594748259e-2
train,3022,CC12CC(C1)C1(C)C[NH+]21,8.751181602e0,-2.759056389e-1,1.583112627e-1,7.915562987e-1,8.475275993e0,1.260145068e0
train,3023,CC1C2CC(=O)C1O2,5.763371468e0,-2.302760929e-1,1.583112627e-1,7.915562987e-1,5.533095360e0,-1.045016527e0
train,3024,O=CNC1=NCCNC1,5.477651596e0,9.943033755e-2,1.583112627e-1,7.915562987e-1,5.577082157e0,-1.010553479e0
train,3025,OC1C2C=CC3C1C23,6.356579781e0,-8.363950998e-3,4.749337733e-1,2.374668837e0,6.348216057e0,-4.063796997e-1
train,3026,OC1C(O)C23CC(C2)C13,7.638236046e0,2.684257925e-1,1.583112627e-1,7.915562987e-1,7.906661987e0,8.146430850e-1
train,3027,C1OCC(C2CC2)CO1,9.262756348e0,1.320417523e-1,4.749337733e-1,2.374668837e0,9.394798279e0,1.980579138e0
train,3028,C#CC1C2NC2C2C[NH+]12,7.447756290e0,-7.578318473e-4,1.583112627e-1,7.915562987e-1,7.446998596e0,4.545026124e-1
train,3029,CNC1CCOC1C#N,6.887201786e0,1.324868053e-1,1.583112627e-1,7.915562987e-1,7.019688606e0,1.197105944e-1
train,3030,CCn1nncc1N,6.400117874e0,3.163307905e-2,1.583112627e-1,7.915562987e-1,6.431750774e0,-3.409312963e-1
train,3031,C[NH2+]C1CC(C2CC2)O1,7.605582714e0,-2.166717350e-1,1.583112627e-1,7.915562987e-1,7.388910770e0,4.089915156e-1
train,3032,CCn1nnc(NC)n1,5.638199329e0,1.617767289e-2,4.749337733e-1,2.374668837e0,5.654376984e0,-9.499939084e-1
train,3033,CN=CNc1ccno1,5.586497784e0,-4.685955942e-1,4.749337733e-1,2.374668837e0,5.117902279e0,-1.370315075e0
train,3034,CNC1=CC=NC(N)O1,4.873559475e0,3.054036200e-2,1.583112627e-1,7.915562987e-1,4.904099941e0,-1.537826538e0
train,3035,CC1CCC=CC1(C)O,7.025979519e0,1.904271916e-2,1.583112627e-1,7.915562987e-1,7.045022011e0,1.395590007e-1
train,3036,N#CC1C2CC(C2)C1O,8.348453522e0,4.684695229e-2,1.583112627e-1,7.915562987e-1,8.395300865e0,1.197485566e0
train,3037,CC12CCOCCC1C2,8.715806961e0,-1.938769221e-1,1.583112627e-1,7.915562987e-1,8.521929741e0,1.296697617e0
train,3038,CC12NC1C1(C)NC21C,7.191968918e0,8.126137406e-2,1.583112627e-1,7.915562987e-1,7.273230076e0,3.183571398e-1
train,3039,CCC#CC(=O)CC,5.700785160e0,1.699095368e-1,1.583112627e-1,7.915562987e-1,5.870694637e0,-7.805117369e-1
train,3040,O=C1CCC(=O)C2NC12,5.812351704e0,-8.148214221e-2,1.583112627e-1,7.915562987e-1,5.730869770e0,-8.900627494e-1
train,3041,c1cnc2cc[nH]c2c1,5.268124104e0,-2.040427774e-1,1.583112627e-1,7.915562987e-1,5.064081192e0,-1.412483215e0
train,3042,CCCC1(C)CC1CO,9.085882187e0,1.805706322e-1,1.583112627e-1,7.915562987e-1,9.266452789e0,1.880022049e0
train,3043,O=C1C=CC2NC(=O)C12,5.009616375e0,9.577694535e-2,1.583112627e-1,7.915562987e-1,5.105393410e0,-1.380115628e0
train,3044,NC(=O)C1CO[CH+][NH2+]1,6.830057621e0,5.598149449e-2,1.583112627e-1,7.915562987e-1,6.886039257e0,1.499800850e-2
train,3045,O=C1CCC12C[NH2+][CH+]O2,5.499421120e0,-4.440223798e-2,1.583112627e-1,7.915562987e-1,5.455018997e0,-1.106188416e0
train,3046,[NH-]c1c(O)c[nH+]nc1N,4.430013657e0,-3.211727738e-1,1.583112627e-1,7.915562987e-1,4.108840942e0,-2.160902023e0
train,3047,COC12C3NC1C2C3O,7.959330082e0,-1.236248612e-1,1.583112627e-1,7.915562987e-1,7.835705280e0,7.590494156e-1
train,3048,CC(C)c1oncc1N,5.692621708e0,1.728450060e-1,4.749337733e-1,2.374668837e0,5.865466595e0,-7.846078277e-1
train,3049,CC(C)C1(C=O)CC1C,6.228686333e0,-3.817107901e-2,1.583112627e-1,7.915562987e-1,6.190515041e0,-5.299364924e-1
train,3050,c1occ2c1C1CC2O1,6.694001198e0,-6.083085760e-2,1.583112627e-1,7.915562987e-1,6.633170128e0,-1.831217706e-1
train,3051,[CH+]1[NH2+]C(CC2CO2)CO1,7.328026772e0,-8.631907403e-2,1.583112627e-1,7.915562987e-1,7.241707802e0,2.936598361e-1
train,3052,Cc1cc(=O)n(C)nn1,4.938866615e0,5.431720614e-1,4.749337733e-1,2.374668837e0,5.482038498e0,-1.085018992e0
train,3053,CC1C=C(C(=O)[O-])C[NH2+]1,4.108919144e0,-4.315496683e-1,4.749337733e-1,2.374668837e0,3.677369595e0,-2.498954296e0
train,3054,COCC(C)(O)C(C)=O,6.193311214e0,-1.821726710e-1,1.583112627e-1,7.915562987e-1,6.011138439e0,-6.704757810e-1
train,3055,CC(O)CC1CC(=O)O1,7.777014256e0,-5.418809503e-2,1.583112627e-1,7.915562987e-1,7.722826004e0,6.706098914e-1
train,3056,CC12CC(O1)C(C)(C)C2,8.849142075e0,8.991337963e-4,1.583112627e-1,7.915562987e-1,8.850041389e0,1.553768992e0
train,3057,CC1CCC1CC=O,6.198753357e0,1.548589915e-1,1.583112627e-1,7.915562987e-1,6.353612423e0,-4.021517336e-1
train,3058,CCC1C2CC2C2CC12,8.653220177e0,3.003466129e-1,1.583112627e-1,7.915562987e-1,8.953566551e0,1.634879708e0
train,3059,CN1CC(O)(CO)C1=O,7.088566303e0,2.896161750e-2,1.583112627e-1,7.915562987e-1,7.117527962e0,1.963665038e-1
train,3060,NC(=O)C(C=O)CCO,5.864053726e0,-5.204385892e-2,1.583112627e-1,7.915562987e-1,5.812009811e0,-8.264905810e-1
train,3061,N#CC1=NCCCO1,6.277666569e0,-1.465955516e-3,1.583112627e-1,7.915562987e-1,6.276200771e0,-4.628027678e-1
train,3062,CCC12CC1(O)C(C)O2,8.016474724e0,-3.380471766e-1,4.749337733e-1,2.374668837e0,7.678427696e0,6.358243823e-1
train,3063,COC(=O)C1CN1C=O,6.411002159e0,1.783268750e-1,1.583112627e-1,7.915562987e-1,6.589329243e0,-2.174705565e-1
train,3064,CC1C(NC=O)C1(C)O,7.115777493e0,-1.480597705e-1,1.583112627e-1,7.915562987e-1,6.967717648e0,7.899200171e-2
train,3065,CCC1=CCCC(O)C1,7.055912018e0,-1.420380473e-1,1.583112627e-1,7.915562987e-1,6.913874149e0,3.680629656e-2
train,3066,N#CC[NH+]1C2CC3C2C31,6.985162735e0,-5.645976216e-2,1.583112627e-1,7.915562987e-1,6.928702831e0,4.842438176e-2
train,3067,N#Cc1cc(N)c(O)[nH]1,5.259960651e0,-4.273216799e-2,1.583112627e-1,7.915562987e-1,5.217228413e0,-1.292494297e0
train,3068,CC1=CC(C)NCC1=O,4.914376259e0,-7.664538622e-1,4.749337733e-1,2.374668837e0,4.147922516e0,-2.130282164e0
train,3069,CC1(C)OC1C#CCO,7.186526775e0,-1.358084083e-1,1.583112627e-1,7.915562987e-1,7.050718307e0,1.440219730e-1
train,3070,O=C1C2OC3C2C2C3N12,5.820515633e0,1.338256150e-2,1.583112627e-1,7.915562987e-1,5.833898067e0,-8.093413711e-1
train,3071,CN1C(=O)CC1(C)C=O,5.657247066e0,-1.335531175e-1,1.583112627e-1,7.915562987e-1,5.523694038e0,-1.052382350e0
train,3072,N#CC(N)c1ncco1,6.514405727e0,-4.229348898e-1,4.749337733e-1,2.374668837e0,6.091470718e0,-6.075364351e-1
train,3073,C#CC1C(C)C1C(N)=O,6.870874882e0,1.253479719e-1,1.583112627e-1,7.915562987e-1,6.996222973e0,1.013255641e-1
train,3074,CC12CC(O)C=CC1O2,6.389233112e0,1.099514216e-1,1.583112627e-1,7.915562987e-1,6.499184608e0,-2.880977392e-1
train,3075,C#CC(C)(C)OCCC,8.076338768e0,-4.358397722e-1,4.749337733e-1,2.374668837e0,7.640499115e0,6.061078310e-1
train,3076,CC1C=CC(=O)C2C[NH+]12,4.887165070e0,-2.786224708e-2,1.583112627e-1,7.915562987e-1,4.859302998e0,-1.572924376e0
train,3077,CC1C[NH+]1C1COC1=O,6.419166088e0,7.112464309e-2,1.583112627e-1,7.915562987e-1,6.490290642e0,-2.950660586e-1
train,3078,CCc1c[nH]nc1NC,6.176984310e0,2.397265583e-1,1.583112627e-1,7.915562987e-1,6.416710854e0,-3.527148962e-1
train,3079,O=CNCc1ncco1,6.609645367e0,-6.496270299e-1,4.749337733e-1,2.374668837e0,5.960018158e0,-7.105278969e-1
train,3080,N#CC#CC1(C#N)CO1,6.100792408e0,-2.011692673e-1,1.583112627e-1,7.915562987e-1,5.899622917e0,-7.578467727e-1
train,3081,O=Cc1ccc(C=O)o1,4.606887817e0,-1.531366259e-1,1.583112627e-1,7.915562987e-1,4.453751087e0,-1.890669227e0
train,3082,C#CC1CC2(C)C(C)C12,8.051848412e0,2.549034953e-1,1.583112627e-1,7.915562987e-1,8.306752205e0,1.128108740e0
train,3083,O=CC[NH+]1C2CC3C2C31,5.466767311e0,-1.260108501e-1,1.583112627e-1,7.915562987e-1,5.340756416e0,-1.195711732e0
train,3084,CC12CC3CC3CC1O2,8.805603981e0,2.625454664e-1,1.583112627e-1,7.915562987e-1,9.068149567e0,1.724653959e0
train,3085,CC(O)COCC1CC1,8.634172440e0,1.002922580e-1,1.583112627e-1,7.915562987e-1,8.734464645e0,1.463216066e0
train,3086,CCCCC(O)CO,8.628729820e0,2.956484817e-2,1.583112627e-1,7.915562987e-1,8.658294678e0,1.403537869e0
train,3087,CCCC(=O)C1COC1,6.266781807e0,1.474154741e-2,1.583112627e-1,7.915562987e-1,6.281523228e0,-4.586327076e-1
train,3088,CCCC1(COC)CN1,8.577029228e0,1.379558891e-1,1.583112627e-1,7.915562987e-1,8.714984894e0,1.447953939e0
train,3089,CC1(C2COC2)CCC1,8.585191727e0,-9.229861945e-2,1.583112627e-1,7.915562987e-1,8.492893219e0,1.273947954e0
train,3090,C#CC(C#N)NC,6.982441425e0,9.270420671e-1,4.749337733e-1,2.374668837e0,7.909483433e0,8.168536425e-1
train,3091,O=CC1N=COC2CC12,5.861332417e0,-3.229029477e-2,1.583112627e-1,7.915562987e-1,5.829041958e0,-8.131461143e-1
train,3092,Cc1cnc(C2CO2)[nH]1,6.253176689e0,2.413674258e-2,1.583112627e-1,7.915562987e-1,6.277313232e0,-4.619311690e-1
train,3093,C#CC12C[NH+]3CCC1C32,7.107614040e0,-1.596909463e-1,1.583112627e-1,7.915562987e-1,6.947923183e0,6.348329037e-2
train,3094,O=COCC1CO1,7.646399021e0,2.676268816e-1,1.583112627e-1,7.915562987e-1,7.914025784e0,8.204125166e-1
train,3095,CC12CC(C=O)OC1C2,5.717112064e0,8.942207694e-2,1.583112627e-1,7.915562987e-1,5.806534290e0,-8.307805657e-1
train,3096,N#CC(O)CO[CH+][NH-],7.295372486e0,-1.189107820e-1,1.583112627e-1,7.915562987e-1,7.176461697e0,2.425403446e-1
train,3097,CC#CC1CC(=O)N1C,7.431428909e0,-2.118850648e-1,1.583112627e-1,7.915562987e-1,7.219543934e0,2.762947381e-1
train,3098,CCCNc1cnno1,5.692621708e0,-1.127363648e-2,1.583112627e-1,7.915562987e-1,5.681347847e0,-9.288625717e-1
train,3099,CC(C)[NH2+]C(C)OC=O,6.538896084e0,-5.708157644e-2,1.583112627e-1,7.915562987e-1,6.481814384e0,-3.017070889e-1
train,3100,O=C1COCCC2CN12,6.446377277e0,-1.887432039e-1,1.583112627e-1,7.915562987e-1,6.257634163e0,-4.773494899e-1
train,3101,C1OC2OC3C1C1C2C31,8.786556244e0,1.365228463e-2,1.583112627e-1,7.915562987e-1,8.800208092e0,1.514725208e0
train,3102,CC12OC3C(O)C1OC32,7.774292946e0,6.324676275e-1,4.749337733e-1,2.374668837e0,8.406760216e0,1.206463814e0
train,3103,Nc1nnn(CC=O)n1,5.287172318e0,-3.392631114e-1,4.749337733e-1,2.374668837e0,4.947909355e0,-1.503502369e0
train,3104,N#CC1C2C3CC3C[NH+]12,6.723933220e0,1.970607340e-1,1.583112627e-1,7.915562987e-1,6.920993805e0,4.238445684e-2
train,3105,CCCn1cc(O)cn1,6.296714783e0,-8.258008212e-2,1.583112627e-1,7.915562987e-1,6.214134693e0,-5.114308000e-1
train,3106,N#CC#CC(=O)CO,5.058596611e0,2.054401040e-1,1.583112627e-1,7.915562987e-1,5.264036655e0,-1.255820632e0
train,3107,CC1C2[NH+]1CC21CCC1,8.206954002e0,1.633182168e-2,1.583112627e-1,7.915562987e-1,8.223285675e0,1.062713742e0
train,3108,[H]N=CNc1cc(C)co1,5.368806362e0,6.356711965e-3,1.583112627e-1,7.915562987e-1,5.375163078e0,-1.168754458e0
train,3109,C#CC1CC2CC1C2O,8.084503174e0,5.959490687e-2,1.583112627e-1,7.915562987e-1,8.144098282e0,1.000671387e0
train,3110,CC1(CC=O)COC1=O,6.106235027e0,-2.667742968e-1,1.583112627e-1,7.915562987e-1,5.839460850e0,-8.049830198e-1
train,3111,N#CC1(CO)C[NH2+][CH+]O1,7.341631889e0,4.381507635e-2,1.583112627e-1,7.915562987e-1,7.385447025e0,4.062777162e-1
train,3112,CCOCC1C(C)C1O,8.511721611e0,-4.483003169e-2,1.583112627e-1,7.915562987e-1,8.466891289e0,1.253575683e0
train,3113,OC12C3NC1C1C([NH2+]3)C12,4.367427349e0,7.185220122e-1,4.749337733e-1,2.374668837e0,5.085949421e0,-1.395349741e0
train,3114,CC(=O)CC(C)(O)C#N,6.307599545e0,-3.070730865e-1,1.583112627e-1,7.915562987e-1,6.000526428e0,-6.787901521e-1
train,3115,CCC12OC1C[NH2+]C2N,6.737539291e0,-4.076518416e-1,1.583112627e-1,7.915562987e-1,6.329887390e0,-4.207399786e-1
train,3116,CC1OC2[NH2+]CCC12C,7.121219635e0,-3.985965997e-2,1.583112627e-1,7.915562987e-1,7.081359863e0,1.680292487e-1
train,3117,OC1C=CC2CC(C1)O2,6.397397041e0,1.582788080e-1,1.583112627e-1,7.915562987e-1,6.555675983e0,-2.438374609e-1
train,3118,CC1C[NH+]1C1CC1O,8.294030190e0,-2.271391451e-2,1.583112627e-1,7.915562987e-1,8.271316528e0,1.100345373e0
train,3119,CNc1occ(O)c1C,5.921197414e0,2.165730000e-1,1.583112627e-1,7.915562987e-1,6.137770653e0,-5.712610483e-1
train,3120,c1c[nH]c(C2CC2)n1,6.620530128e0,-1.165093407e-1,1.583112627e-1,7.915562987e-1,6.504020691e0,-2.843087316e-1
train,3121,[NH-]c1[nH]c(=O)[nH+]cc1O,5.164721012e0,-1.472975016e-1,1.583112627e-1,7.915562987e-1,5.017423630e0,-1.449038863e0
train,3122,[NH-][CH+]OC(=O)CC(N)=O,5.866774559e0,4.308015108e-3,1.583112627e-1,7.915562987e-1,5.871082783e0,-7.802076340e-1
train,3123,OC12COC3OCC1C32,8.615124702e0,2.082043886e-2,4.749337733e-1,2.374668837e0,8.635945320e0,1.386027455e0
train,3124,CC(CO)CC1(O)CC1,8.242328644e0,6.431967020e-2,1.583112627e-1,7.915562987e-1,8.306648254e0,1.128027320e0
train,3125,CC1(C#CCO)CN1,7.382448673e0,-1.231465191e-1,1.583112627e-1,7.915562987e-1,7.259302139e0,3.074447811e-1
train,3126,CCCC1(C#N)CC1,8.710365295e0,1.943374723e-1,1.583112627e-1,7.915562987e-1,8.904703140e0,1.596595764e0
train,3127,CC1(O)C(=O)N2CC21,6.030043125e0,-1.620232612e-1,1.583112627e-1,7.915562987e-1,5.868020058e0,-7.826072574e-1
train,3128,CNC1(C#N)C[NH+]2CC21,6.979720592e0,-1.135772839e-1,1.583112627e-1,7.915562987e-1,6.866143227e0,-5.902815610e-4
train,3129,CC1=CC2C3NC1C23O,6.223243713e0,2.360514700e-1,1.583112627e-1,7.915562987e-1,6.459295273e0,-3.193505406e-1
train,3130,CC12CC(C1)N2C(N)=O,7.458641052e0,2.846074700e-1,4.749337733e-1,2.374668837e0,7.743248463e0,6.866106391e-1
train,3131,CCOC(C)(C)C(C)O,8.661384583e0,-4.174578935e-2,1.583112627e-1,7.915562987e-1,8.619638443e0,1.373251200e0
train,3132,COC1C2CC1C1OC21,9.023295403e0,9.819193929e-2,4.749337733e-1,2.374668837e0,9.121487617e0,1.766443729e0
train,3133,COCC(C)(C=O)OC,5.815073013e0,-5.844724830e-3,1.583112627e-1,7.915562987e-1,5.809228420e0,-8.286697268e-1
train,3134,CCC1CC2OC(C)C12,8.383827209e0,-9.428222477e-2,1.583112627e-1,7.915562987e-1,8.289545059e0,1.114627123e0
train,3135,C[NH2+][CH+]OCCO,7.469525814e0,-6.071272492e-2,1.583112627e-1,7.915562987e-1,7.408813000e0,4.245846570e-1
train,3136,C#CC(O)C1CC1C#C,7.494016171e0,-1.350862384e-1,1.583112627e-1,7.915562987e-1,7.358930111e0,3.855020404e-1
train,3137,CCC1Cn2ncnc21,7.423265934e0,1.724060029e-1,1.583112627e-1,7.915562987e-1,7.595672131e0,5.709864497e-1
train,3138,CC(=O)NCC1CN1,7.488573551e0,-1.199360043e-1,1.583112627e-1,7.915562987e-1,7.368637562e0,3.931077123e-1
train,3139,CC#CC1CC(=O)O1,7.439593315e0,-1.748390496e-1,1.583112627e-1,7.915562987e-1,7.264754295e0,3.117164671e-1
train,3140,C#CC(C)C1CC1C,8.481788635e0,-7.672549039e-2,1.583112627e-1,7.915562987e-1,8.405062675e0,1.205133796e0
train,3141,CC1(C)C2CC3CC1[NH+]32,8.103550911e0,1.089590117e-1,1.583112627e-1,7.915562987e-1,8.212510109e0,1.054271221e0
train,3142,CCC1OC2(C)C(C)C12,8.353896141e0,3.020283580e-1,4.749337733e-1,2.374668837e0,8.655924797e0,1.401681066e0
train,3143,COc1ccnc(O)n1,5.981062412e0,-2.001000494e-1,1.583112627e-1,7.915562987e-1,5.780962467e0,-8.508157730e-1
train,3144,OC1C2CC3CC2OC31,8.296751022e0,3.973935265e-3,1.583112627e-1,7.915562987e-1,8.300724983e0,1.123386502e0
train,3145,OC1CCC2(O)CC12O,8.250492096e0,4.432299733e-2,1.583112627e-1,7.915562987e-1,8.294815063e0,1.118756175e0
train,3146,N#CC1OC([NH-])CC1N,7.115777493e0,-4.254853725e-2,1.583112627e-1,7.915562987e-1,7.073228836e0,1.616586894e-1
train,3147,C[NH2+]C1OCC2CC21O,7.096729279e0,-5.886231661e-1,4.749337733e-1,2.374668837e0,6.508106232e0,-2.811077535e-1
train,3148,CNC(C#N)C1(O)CC1,7.649120808e0,2.028441727e-1,1.583112627e-1,7.915562987e-1,7.851964951e0,7.717886567e-1
train,3149,C1=CC2(CCC1)CO2,6.843663692e0,-1.189836487e-1,1.583112627e-1,7.915562987e-1,6.724679947e0,-1.114249825e-1
train,3150,NC1[NH2+]C2CC(O1)C2=O,5.178326607e0,-8.790017366e-1,4.749337733e-1,2.374668837e0,4.299324989e0,-2.011660099e0
train,3151,CC12COCC1(O)CO2,8.157973289e0,-7.733070850e-2,1.583112627e-1,7.915562987e-1,8.080642700e0,9.509547949e-1
train,3152,CC(C=O)CC1CC1C,6.136167526e0,-2.327100746e-2,1.583112627e-1,7.915562987e-1,6.112896442e0,-5.907496810e-1
train,3153,CCC1C(C)C1C1CO1,9.091323853e0,1.304514706e-1,1.583112627e-1,7.915562987e-1,9.221775055e0,1.845017672e0
train,3154,CC12CC3(CO3)CC1N2,8.772951126e0,1.546059698e-1,1.583112627e-1,7.915562987e-1,8.927556992e0,1.614501476e0
train,3155,N#CC1OC12C=CCC2,6.650462627e0,6.036003828e-1,4.749337733e-1,2.374668837e0,7.254063129e0,3.033400774e-1
train,3156,CC1OC2C(C=O)CC12,5.904870510e0,1.655346900e-1,1.583112627e-1,7.915562987e-1,6.070405006e0,-6.240411997e-1
train,3157,CC1(C)COC1C1CN1,8.419202805e0,2.590771951e-2,1.583112627e-1,7.915562987e-1,8.445110321e0,1.236510634e0
train,3158,COCC(N)=O,7.450477123e0,2.308520675e-1,1.583112627e-1,7.915562987e-1,7.681329250e0,6.380977035e-1
train,3159,CC(O)c1ocnc1O,5.891264915e0,2.582834661e-1,4.749337733e-1,2.374668837e0,6.149548531e0,-5.620332360e-1
train,3160,CC1CC2(C)OC3C1C32,8.351174355e0,2.628338635e-1,1.583112627e-1,7.915562987e-1,8.614007950e0,1.368839741e0
train,3161,N#CC1CC2C=CC1C2,6.982441425e0,2.728411928e-2,1.583112627e-1,7.915562987e-1,7.009725571e0,1.119046807e-1
train,3162,OC1C2C=CC=CC1O2,4.644983292e0,-2.558453009e-3,1.583112627e-1,7.915562987e-1,4.642425060e0,-1.742845535e0
train,3163,C[NH2+]C1NC(C)[NH2+]C1C,6.095350742e0,-4.238421097e-2,1.583112627e-1,7.915562987e-1,6.052966595e0,-6.377039552e-1
train,3164,NC(=O)c1c[nH]cc1O,5.036827564e0,1.085908562e-1,1.583112627e-1,7.915562987e-1,5.145418644e0,-1.348756313e0
train,3165,Nc1nccnc1CO,4.998731613e0,1.519267410e-1,1.583112627e-1,7.915562987e-1,5.150658131e0,-1.344651341e0
train,3166,CC1(C)C(=O)CC2NC21,6.095350742e0,1.762084216e-1,1.583112627e-1,7.915562987e-1,6.271559238e0,-4.664393663e-1
train,3167,C#CC1(O)CC2NC21C,7.001489162e0,1.761530638e-1,1.583112627e-1,7.915562987e-1,7.177642345e0,2.434653640e-1
train,3168,CC1OC2CC(C)C2O1,9.026016235e0,1.148175001e-1,1.583112627e-1,7.915562987e-1,9.140833855e0,1.781601191e0
train,3169,Cn1ncc2[nH]ccc21,5.766092300e0,9.245818108e-2,1.583112627e-1,7.915562987e-1,5.858550549e0,-7.900264859e-1
train,3170,O=COC1OC2CC1C2,7.420545101e0,5.869705081e-1,4.749337733e-1,2.374668837e0,8.007515907e0,8.936608434e-1
train,3171,CC12C=CC3OC1CC32,6.625972271e0,1.673871279e-2,1.583112627e-1,7.915562987e-1,6.642711163e0,-1.756464988e-1
train,3172,N#CC1=CC2CC1C2O,5.469488621e0,-9.276757836e-1,4.749337733e-1,2.374668837e0,4.541812897e0,-1.821673870e0
train,3173,C1=Cc2n[nH]cc2C1,5.684458733e0,1.219405755e-1,1.583112627e-1,7.915562987e-1,5.806399345e0,-8.308863044e-1
train,3174,C#CC1C2COC(=O)C12,7.126662254e0,-4.392473698e-1,1.583112627e-1,7.915562987e-1,6.687415123e0,-1.406214982e-1
train,3175,O=CCNc1c[nH]nn1,4.849069118e0,2.731038928e-1,1.583112627e-1,7.915562987e-1,5.122172832e0,-1.366969228e0
train,3176,COC1CC(O)CO1,8.797441483e0,-1.572319716e-1,1.583112627e-1,7.915562987e-1,8.640209198e0,1.389368057e0
train,3177,C1CC23COC2(CO1)C3,7.967494011e0,4.150345623e-1,4.749337733e-1,2.374668837e0,8.382528305e0,1.187478423e0
train,3178,C[NH2+]C1C(O)C2C(C)[NH+]12,6.386512280e0,-7.471825182e-2,1.583112627e-1,7.915562987e-1,6.311793804e0,-4.349160790e-1
train,3179,CC1=CC2CC2OC1=O,5.725275517e0,1.652248576e-2,1.583112627e-1,7.915562987e-1,5.741797924e0,-8.815007210e-1
train,3180,O=C1C=CC2NC2C=C1,4.835463047e0,-1.580403596e-1,1.583112627e-1,7.915562987e-1,4.677422523e0,-1.715425491e0
train,3181,Nc1cc(N)cc(O)c1,6.024600506e0,-1.014198959e-1,1.583112627e-1,7.915562987e-1,5.923180580e0,-7.393896580e-1
train,3182,C1CC2CC3CC(O1)C23,8.372943878e0,3.878616393e-1,4.749337733e-1,2.374668837e0,8.760805130e0,1.483853459e0
train,3183,CNc1[nH]nc(C)c1N,6.430050850e0,1.024071947e-1,1.583112627e-1,7.915562987e-1,6.532457829e0,-2.620286047e-1
train,3184,O=CC1CCCC1C=O,5.855890274e0,-4.078028202e-1,4.749337733e-1,2.374668837e0,5.448087692e0,-1.111618996e0
train,3185,CC1C2C3C([NH+]13)C21CC1,8.683153152e0,-9.366174787e-2,1.583112627e-1,7.915562987e-1,8.589491844e0,1.349631667e0
train,3186,CC12C=CCC(C)(C1)C2,6.941624641e0,1.921162456e-1,1.583112627e-1,7.915562987e-1,7.133740902e0,2.090691328e-1
train,3187,CC12CC3CC(C)(O1)C32,8.544375420e0,1.219194755e-1,1.583112627e-1,7.915562987e-1,8.666295052e0,1.409806013e0
train,3188,CC12NC3C(C1C#N)C32,6.982441425e0,4.785495624e-2,1.583112627e-1,7.915562987e-1,7.030296326e0,1.280216128e-1
train,3189,O=C1NC=CCOCO1,6.157936573e0,6.892582774e-1,4.749337733e-1,2.374668837e0,6.847194672e0,-1.543623675e-2
train,3190,COCC12CC(C)[NH+]1C2,8.285867691e0,5.602285638e-2,1.583112627e-1,7.915562987e-1,8.341890335e0,1.155639052e0
train,3191,OC1C2C3CCC2(O)C13,8.751181602e0,-2.922813892e-1,1.583112627e-1,7.915562987e-1,8.458900452e0,1.247314930e0
train,3192,NC1[NH2+]C2CC1OC2=O,6.299435616e0,1.198610067e-1,1.583112627e-1,7.915562987e-1,6.419296741e0,-3.506888747e-1
train,3193,CC1C2CC3OC(C2)C31,8.509000778e0,4.211912677e-2,1.583112627e-1,7.915562987e-1,8.551119804e0,1.319567680e0
train,3194,OCc1ncncc1F,5.714390755e0,9.730003774e-2,1.583112627e-1,7.915562987e-1,5.811690807e0,-8.267405033e-1
train,3195,N#CC1NC2CC12CO,6.876317024e0,2.219455838e-1,1.583112627e-1,7.915562987e-1,7.098262787e0,1.812724769e-1
train,3196,CC1CC2(O)C3NC3C12,7.864090443e0,-6.966414303e-2,1.583112627e-1,7.915562987e-1,7.794426441e0,7.267079353e-1
train,3197,C#CC1(CCC)CC1C,7.967494011e0,1.201771572e-1,1.583112627e-1,7.915562987e-1,8.087671280e0,9.564616084e-1
train,3198,C1=CC2C3CC1OC23,6.530732632e0,-2.060137503e-2,1.583112627e-1,7.915562987e-1,6.510131359e0,-2.795211077e-1
train,3199,CC1(C)CC(O)C([NH-])O1,7.793340683e0,2.978646755e-1,1.583112627e-1,7.915562987e-1,8.091205597e0,9.592307210e-1
train,3200,Nc1occc1N1CC1,5.869495869e0,8.691724390e-2,4.749337733e-1,2.374668837e0,5.956413269e0,-7.133522630e-1
train,3201,N#CCNc1cnoc1,5.864053726e0,1.340000182e-1,4.749337733e-1,2.374668837e0,5.998053551e0,-6.807276607e-1
train,3202,[NH-]c1[nH+]c(=O)occ1O,5.483094215e0,-1.056661457e-2,1.583112627e-1,7.915562987e-1,5.472527504e0,-1.092470646e0
train,3203,O=CC12CC1CC21CC1,5.970178127e0,-1.886555851e-1,1.583112627e-1,7.915562987e-1,5.781522751e0,-8.503767848e-1
train,3204,CC12CC=CCC(C1)O2,7.240949631e0,1.451027095e-1,1.583112627e-1,7.915562987e-1,7.386052132e0,4.067518115e-1
train,3205,CCC1(C)NCC1NO,6.402839184e0,8.912582695e-2,1.583112627e-1,7.915562987e-1,6.491964817e0,-2.937543690e-1
train,3206,[NH-]C1=NC(F)OC(=O)O1,6.593318939e0,6.118349731e-2,1.583112627e-1,7.915562987e-1,6.654502392e0,-1.664082110e-1
train,3207,[NH-][CH+]OC1CC1OC=O,7.562044144e0,1.517047733e-1,1.583112627e-1,7.915562987e-1,7.713748932e0,6.634981632e-1
train,3208,C#CC(O)C1(CC)CC1,8.133483887e0,4.150380790e-1,1.583112627e-1,7.915562987e-1,8.548521996e0,1.317532301e0
train,3209,CCOCC1(CO)CO1,8.759345055e0,-1.986874789e-1,1.583112627e-1,7.915562987e-1,8.560657501e0,1.327040315e0
train,3210,Nc1cc(N)c(C=O)[nH]1,4.560628414e0,2.629628591e-2,1.583112627e-1,7.915562987e-1,4.586924553e0,-1.786329508e0
train,3211,CC1CN(C)C=C1C=O,4.726617813e0,2.824404277e-2,1.583112627e-1,7.915562987e-1,4.754861832e0,-1.654752731e0
train,3212,Cc1ncc(C#N)[nH]1,5.749765873e0,-2.063391805e-1,4.749337733e-1,2.374668837e0,5.543426514e0,-1.036922216e0
train,3213,CC1CC(C)C2CC1C2,9.700859070e0,9.662578255e-2,1.583112627e-1,7.915562987e-1,9.797484398e0,2.296078682e0
train,3214,CC1OC2(C#N)C(C)C12,6.966114998e0,4.106962085e-1,4.749337733e-1,2.374668837e0,7.376811028e0,3.995115161e-1
train,3215,CC1(C)CN(C=O)[CH+][NH2+]1,6.046370029e0,-3.982651606e-2,1.583112627e-1,7.915562987e-1,6.006543636e0,-6.740757823e-1
train,3216,CC(O)(CC#N)C1CO1,8.514442444e0,2.993063629e-1,1.583112627e-1,7.915562987e-1,8.813748360e0,1.525333881e0
train,3217,C#CC(C)(C=O)OCC,5.583776474e0,-1.280679226e0,4.749337733e-1,2.374668837e0,4.303097248e0,-2.008704662e0
train,3218,C#CC1CC1C(O)C#N,7.338910580e0,-2.116387188e-1,1.583112627e-1,7.915562987e-1,7.127271652e0,2.040005624e-1
train,3219,C#CCCOCCC#C,8.443693161e0,7.254191488e-2,1.583112627e-1,7.915562987e-1,8.516235352e0,1.292236209e0
train,3220,NC(=O)Cn1ccnn1,6.421886921e0,1.209999025e-1,1.583112627e-1,7.915562987e-1,6.542886734e0,-2.538576722e-1
train,3221,COC(CC=O)C1CC1,6.035485268e0,4.258064926e-1,1.583112627e-1,7.915562987e-1,6.461291790e0,-3.177863061e-1
train,3222,CC1CC=CC2CC12O,6.617809296e0,-1.116002917e0,4.749337733e-1,2.374668837e0,5.501806259e0,-1.069531202e0
train,3223,CC1C(O)CCC1C=O,6.136167526e0,-2.652415633e-1,4.749337733e-1,2.374668837e0,5.870925903e0,-7.803305387e-1
train,3224,C#CC1(O)COC([NH-])C1,7.333467960e0,6.563254446e-2,1.583112627e-1,7.915562987e-1,7.399100304e0,4.169749022e-1
train,3225,C#CC#CC1NC1CC,5.913033962e0,-2.592663467e-1,1.583112627e-1,7.915562987e-1,5.653767586e0,-9.504713416e-1
train,3226,CC1C2CC(=O)C(=O)N12,4.255860806e0,-1.226318479e-1,1.583112627e-1,7.915562987e-1,4.133228779e0,-2.141794443e0
train,3227,CC1C=CCNC(=O)O1,6.862711906e0,-2.050297409e-1,1.583112627e-1,7.915562987e-1,6.657681942e0,-1.639170796e-1
train,3228,CCC1(COC)CC1,9.004247665e0,3.216139600e-2,1.583112627e-1,7.915562987e-1,9.036409378e0,1.699785948e0
train,3229,O=CC1(C2CCO2)CC1,6.046370029e0,1.281112432e-1,1.583112627e-1,7.915562987e-1,6.174481392e0,-5.424986482e-1
train,3230,N#CC1NC(C#N)C1O,6.957951069e0,-3.811987489e-2,1.583112627e-1,7.915562987e-1,6.919831276e0,4.147363082e-2
train,3231,CCC1(CC)CCC1C,9.466840744e0,-1.886797994e-1,1.583112627e-1,7.915562987e-1,9.278161049e0,1.889195323e0
train,3232,CCc1onnc1OC,5.344316006e0,-5.186241865e-1,1.583112627e-1,7.915562987e-1,4.825691700e0,-1.599258423e0
train,3233,CC12C(O)[CH-]C3C[NH+]1C32,4.742944717e0,1.019065455e-1,1.583112627e-1,7.915562987e-1,4.844851494e0,-1.584246993e0
train,3234,CNC(=O)C#CCCO,6.427329540e0,-2.268038131e-2,1.583112627e-1,7.915562987e-1,6.404649258e0,-3.621650040e-1
train,3235,CC1C(O)CC2C[NH+]21,7.891301632e0,-2.045147270e-1,1.583112627e-1,7.915562987e-1,7.686787128e0,6.423739195e-1
train,3236,CC1(C(=O)CO)CCC1,6.408281326e0,1.044510901e-1,1.583112627e-1,7.915562987e-1,6.512732506e0,-2.774831355e-1
train,3237,CC1CC1,1.017161655e1,-1.697338670e-1,1.583112627e-1,7.915562987e-1,1.000188255e1,2.456222057e0
train,3238,O=CCOC1CC2NC21,5.763371468e0,-1.207629591e-1,1.583112627e-1,7.915562987e-1,5.642608643e0,-9.592142701e-1
train,3239,[NH-]C1OC23CC(C2)OC13,7.172921181e0,-1.361185759e-1,1.583112627e-1,7.915562987e-1,7.036802769e0,1.331193298e-1
train,3240,COC1CNCC(=O)O1,6.470867634e0,-5.358796120e-1,4.749337733e-1,2.374668837e0,5.934988022e0,-7.301386595e-1
train,3241,Cc1cnoc1C1CC1,6.166100025e0,1.234504133e-1,1.583112627e-1,7.915562987e-1,6.289550304e0,-4.523435831e-1
train,3242,[NH-]c1o[cH+]nc(O)c1N,4.217764854e0,-1.263819449e-2,1.583112627e-1,7.915562987e-1,4.205126762e0,-2.085463285e0
train,3243,CCOC1(C#N)COC1,7.572928429e0,3.465827703e-1,1.583112627e-1,7.915562987e-1,7.919511318e0,8.247103691e-1
train,3244,N#CC1C(C#N)C1C=O,5.994668484e0,2.905096114e-1,1.583112627e-1,7.915562987e-1,6.285178185e0,-4.557690918e-1
train,3245,CC12CC(CC=O)C1N2,6.171542168e0,-1.983506680e-1,1.583112627e-1,7.915562987e-1,5.973191261e0,-7.002069354e-1
train,3246,C1=CC2OC2COCC1,6.386512280e0,-1.714130640e-1,1.583112627e-1,7.915562987e-1,6.215099335e0,-5.106750131e-1
train,3247,CC1CC2(C)NC2CO1,8.372943878e0,-1.925559193e-1,1.583112627e-1,7.915562987e-1,8.180387497e0,1.029103637e0
train,3248,CC12NC1(C)C(O)C2=O,6.024600506e0,2.382367998e-1,1.583112627e-1,7.915562987e-1,6.262837410e0,-4.732728004e-1
train,3249,CC12OC1CCC2=O,5.787861824e0,-2.903296351e-1,4.749337733e-1,2.374668837e0,5.497532368e0,-1.072879672e0
train,3250,O=CNCc1ncno1,6.065417767e0,-1.904210597e-1,1.583112627e-1,7.915562987e-1,5.874996662e0,-7.771411538e-1
train,3251,COC(=O)N(C)CCO,8.030079842e0,-6.490792334e-2,1.583112627e-1,7.915562987e-1,7.965171814e0,8.604847789e-1
train,3252,C#CC1CCC1C(C)=O,6.215080738e0,-8.188223094e-2,1.583112627e-1,7.915562987e-1,6.133198738e0,-5.748430490e-1
train,3253,O=CC1(O)CC1C1CN1,5.493978977e0,-2.195842862e-1,1.583112627e-1,7.915562987e-1,5.274394512e0,-1.247705340e0
train,3254,COCC1C[NH+]1CC=O,5.953851223e0,-4.309304059e-2,1.583112627e-1,7.915562987e-1,5.910758018e0,-7.491225600e-1
train,3255,CC(=O)NC(C)CO,7.545717239e0,1.973500103e-1,1.583112627e-1,7.915562987e-1,7.743067265e0,6.864686608e-1
train,3256,OCC12CC1CC1NC12,8.449134827e0,1.581903249e-1,1.583112627e-1,7.915562987e-1,8.607325554e0,1.363604188e0
train,3257,Cc1cnc(C#N)[nH]1,5.548401356e0,-1.566644758e-1,4.749337733e-1,2.374668837e0,5.391736984e0,-1.155768991e0
train,3258,C[NH+](C)C1CC1(N)C#N,7.118498325e0,1.502678096e-1,1.583112627e-1,7.915562987e-1,7.268765926e0,3.148595393e-1
train,3259,OC12COC1CC1CC12,8.555259705e0,6.036401168e-2,1.583112627e-1,7.915562987e-1,8.615623474e0,1.370105505e0
train,3260,C#CCCC(F)(F)F,8.674989700e0,-4.718168974e-1,4.749337733e-1,2.374668837e0,8.203172684e0,1.046955466e0
train,3261,Cc1cncn1CCO,6.680395126e0,3.084782064e-1,4.749337733e-1,2.374668837e0,6.988873482e0,9.556733072e-2
train,3262,Cc1n[nH]cc1C(C)C,7.039586067e0,-3.314633388e-3,1.583112627e-1,7.915562987e-1,7.036271572e0,1.327031404e-1
train,3263,CC1CC2C(CO)C2C1,8.791998863e0,1.733002216e-1,1.583112627e-1,7.915562987e-1,8.965298653e0,1.644071579e0
train,3264,CC1C2CC3(C)C2C13C,8.778392792e0,-1.297311932e-1,1.583112627e-1,7.915562987e-1,8.648661613e0,1.395990491e0
train,3265,CCCC1(C=O)OC1C,5.956572056e0,5.293828622e-2,1.583112627e-1,7.915562987e-1,6.009510517e0,-6.717512608e-1
train,3266,CCC12OC1(C)C1NC12,8.544375420e0,1.459425986e-1,1.583112627e-1,7.915562987e-1,8.690318108e0,1.428627849e0
train,3267,CC(C)(O)C1(C#N)CC1,8.645057678e0,-2.294083126e-2,1.583112627e-1,7.915562987e-1,8.622117043e0,1.375193119e0
train,3268,Nc1c(O)c[nH]c1CO,6.108956337e0,2.082175016e-1,1.583112627e-1,7.915562987e-1,6.317173958e0,-4.307008088e-1
train,3269,COC12CCCC1(C)C2,8.949825287e0,4.279387370e-2,1.583112627e-1,7.915562987e-1,8.992619514e0,1.665477157e0
train,3270,COC([NH-])COCCO,7.915791988e0,-1.285580993e-1,1.583112627e-1,7.915562987e-1,7.787233829e0,7.210726142e-1
train,3271,CC1CC1[NH+]1CC1(C)C,8.332126617e0,8.141496032e-2,1.583112627e-1,7.915562987e-1,8.413541794e0,1.211777091e0
train,3272,[H]N=CN1CC(C)(C)C1=O,6.157936573e0,3.689594194e-2,1.583112627e-1,7.915562987e-1,6.194832325e0,-5.265539289e-1
train,3273,C#CC(N)c1ncc[nH]1,6.617809296e0,-2.685683966e-1,4.749337733e-1,2.374668837e0,6.349240780e0,-4.055768549e-1
train,3274,N#Cc1n[nH]cc1C=O,5.401460171e0,2.017104067e-2,1.583112627e-1,7.915562987e-1,5.421631336e0,-1.132347226e0
train,3275,CC1C=CC2OCC12C,6.821894169e0,1.110527813e-1,1.583112627e-1,7.915562987e-1,6.932947159e0,5.174975842e-2
train,3276,CC1CC(O)C1CO,8.468183517e0,3.749785423e-1,1.583112627e-1,7.915562987e-1,8.843162537e0,1.548379540e0
train,3277,CC1CC(=O)C(C)C1,6.035485268e0,6.540659070e-2,1.583112627e-1,7.915562987e-1,6.100892067e0,-6.001549363e-1
train,3278,CC12C3CC1C2(CO)C3,8.372943878e0,2.690932713e-2,1.583112627e-1,7.915562987e-1,8.399852753e0,1.201051831e0
train,3279,N#CC1CC2(CCO2)C1,7.850484848e0,-5.315958261e-1,4.749337733e-1,2.374668837e0,7.318889141e0,3.541304469e-1
train,3280,CNc1nn[nH]c1N,6.212359428e0,3.504248857e-1,1.583112627e-1,7.915562987e-1,6.562784195e0,-2.382682711e-1
train,3281,CCOc1cc(C)c[nH]1,6.604203224e0,1.070282757e-1,1.583112627e-1,7.915562987e-1,6.711231709e0,-1.219615117e-1
train,3282,C#CC1CCC2C[NH+]12,7.572928429e0,7.152861357e-2,1.583112627e-1,7.915562987e-1,7.644456863e0,6.092086434e-1
train,3283,OC1CC2C3C4C1C4[NH+]23,7.665446758e0,4.461925011e-3,1.583112627e-1,7.915562987e-1,7.669908524e0,6.291497350e-1
train,3284,CC1(NC=O)CCC1=O,5.847726822e0,-3.802802041e-2,1.583112627e-1,7.915562987e-1,5.809698582e0,-8.283013701e-1
train,3285,COc1coc(N)n1,6.076302528e0,2.467743605e-1,4.749337733e-1,2.374668837e0,6.323076725e0,-4.260760546e-1
train,3286,CC1(O)CC2C(O)C21,8.375664711e0,-7.803257555e-2,1.583112627e-1,7.915562987e-1,8.297632217e0,1.120963335e0
train,3287,CC1C2NCC(=O)OC12,6.645020485e0,1.507067680e-1,1.583112627e-1,7.915562987e-1,6.795727253e0,-5.576031283e-2
train,3288,OCC1C=CC2OCC12,6.854547501e0,2.673286498e-1,1.583112627e-1,7.915562987e-1,7.121876240e0,1.997733265e-1
train,3289,CCC1C(C)C1COC,8.860027313e0,2.005333640e-2,1.583112627e-1,7.915562987e-1,8.880080223e0,1.577304006e0
train,3290,N#Cc1nc(CO)c[nH]1,5.545680046e0,-1.974790394e-1,4.749337733e-1,2.374668837e0,5.348200798e0,-1.189879060e0
train,3291,CC#CC[NH+]1CC1CO,7.270882130e0,-1.939665377e-1,1.583112627e-1,7.915562987e-1,7.076915741e0,1.645473391e-1
train,3292,O=CCC(=O)N1CCC1,5.926640034e0,-3.188139200e-1,1.583112627e-1,7.915562987e-1,5.607826233e0,-9.864658117e-1
train,3293,C#CC1(O)CC2CCC21,7.708985806e0,1.491459906e-1,1.583112627e-1,7.915562987e-1,7.858131886e0,7.766203880e-1
train,3294,CC1CC2C(C(N)=O)[NH+]12,7.099450111e0,2.020431459e-1,1.583112627e-1,7.915562987e-1,7.301493168e0,3.405009210e-1
train,3295,C#CC(CCO)C1CO1,8.163415909e0,2.954552174e-1,1.583112627e-1,7.915562987e-1,8.458870888e0,1.247291803e0
train,3296,O=CCOc1cn[nH]c1,5.088529110e0,1.809050143e-1,1.583112627e-1,7.915562987e-1,5.269433975e0,-1.251591921e0
train,3297,C[NH2+]C1OC2C(C)C12N,6.658626080e0,3.687170744e-1,4.749337733e-1,2.374668837e0,7.027343273e0,1.257079244e-1
train,3298,N#CC(N)C[NH+]1CCC1,7.156594753e0,-1.310275942e-1,1.583112627e-1,7.915562987e-1,7.025567055e0,1.243162826e-1
train,3299,C#CC(CC#N)CC#N,7.896743774e0,-9.629260004e-2,1.583112627e-1,7.915562987e-1,7.800451279e0,7.314283252e-1
train,3300,O=C1NC2C(CO)NC12,6.808288574e0,8.986140788e-2,1.583112627e-1,7.915562987e-1,6.898149967e0,2.448659763e-2
train,3301,CC1(C)C2CC3(CO3)C21,9.026016235e0,-8.673714101e-2,1.583112627e-1,7.915562987e-1,8.939279556e0,1.623685956e0
train,3302,COC1CCC[NH+]2CC12,8.081781387e0,-3.029541485e-2,1.583112627e-1,7.915562987e-1,8.051486015e0,9.281108975e-1
train,3303,O=CC1CCNC(=O)N1,5.491257668e0,-5.213688314e-2,1.583112627e-1,7.915562987e-1,5.439120770e0,-1.118644476e0
train,3304,COCCC(O)C1CC1,8.770229340e0,-8.762597293e-2,1.583112627e-1,7.915562987e-1,8.682603836e0,1.422583818e0
train,3305,C#CC12CC3C[NH+]1C32,7.325304985e0,-3.481704295e-1,4.749337733e-1,2.374668837e0,6.977134705e0,8.637014776e-2
train,3306,O=C1C=CC23COC12C3,4.906212807e0,1.650606096e-1,1.583112627e-1,7.915562987e-1,5.071273327e0,-1.406848311e0
train,3307,Cc1cc(N)n(C)c1O,6.157936573e0,-1.282859445e-1,1.583112627e-1,7.915562987e-1,6.029650688e0,-6.559716463e-1
train,3308,CC1C([NH-])OC1CC=O,6.119840622e0,-2.334395498e-1,1.583112627e-1,7.915562987e-1,5.886401176e0,-7.682058811e-1
train,3309,CC1C2CC(O)C12C=O,6.114398479e0,1.621882431e-3,1.583112627e-1,7.915562987e-1,6.116020203e0,-5.883022547e-1
train,3310,C#CC1C2CCCC12O,7.627351284e0,2.103686711e-4,1.583112627e-1,7.915562987e-1,7.627561569e0,5.959714055e-1
train,3311,COCC12C=CC(C1)O2,6.454540730e0,-7.126588374e-2,1.583112627e-1,7.915562987e-1,6.383275032e0,-3.789114356e-1
train,3312,CC#CCOC,7.719869614e0,-7.075012475e-2,4.749337733e-1,2.374668837e0,7.649119377e0,6.128616929e-1
train,3313,CCC1CC(C)C1CO,9.080439568e0,-1.036977861e-2,1.583112627e-1,7.915562987e-1,9.070069313e0,1.726158142e0
train,3314,CC1(C)CC(C2CO2)C1,9.306294441e0,3.263440430e-1,4.749337733e-1,2.374668837e0,9.632638931e0,2.166924238e0
train,3315,COC(=O)C(O)C1CO1,7.148430824e0,1.157289594e-1,1.583112627e-1,7.915562987e-1,7.264159679e0,3.112505972e-1
train,3316,OC1C2CC3NC3C1O2,8.108993530e0,6.421495974e-2,1.583112627e-1,7.915562987e-1,8.173208237e0,1.023478746e0
train,3317,C#CC1C=CCNC1=O,6.674952984e0,-1.320134252e-1,1.583112627e-1,7.915562987e-1,6.542939663e0,-2.538162172e-1
train,3318,CCOc1cc(O)c[nH]1,6.457261562e0,5.388157815e-2,1.583112627e-1,7.915562987e-1,6.511143208e0,-2.787283361e-1
train,3319,Cc1n[nH]c2ncoc12,5.845005512e0,-2.051942945e-1,4.749337733e-1,2.374668837e0,5.639811039e0,-9.614061117e-1
train,3320,CC1(O)C(=O)C2NC21,5.785140514e0,-1.026252285e-1,1.583112627e-1,7.915562987e-1,5.682515144e0,-9.279479980e-1
train,3321,C#CC1CCCC1(C)C,8.375664711e0,5.520309210e-1,4.749337733e-1,2.374668837e0,8.927695274e0,1.614609838e0
train,3322,O=C(NC1CC1)C1CO1,7.020537376e0,-1.987468451e-2,1.583112627e-1,7.915562987e-1,7.000662804e0,1.048041135e-1
train,3323,C1NC1C12COCC1O2,8.476346970e0,-2.009930089e-2,1.583112627e-1,7.915562987e-1,8.456247330e0,1.245236278e0
train,3324,O=C1[CH+][NH+]2CCC2[CH-]1,3.942929745e0,-1.810216755e-1,1.583112627e-1,7.915562987e-1,3.761908054e0,-2.432719469e0
train,3325,O=CC1=CC(=O)C(=O)C1,3.219106913e0,1.503976285e-1,1.583112627e-1,7.915562987e-1,3.369504452e0,-2.740162849e0
train,3326,COC1CC(C(N)=O)C1,7.415102959e0,-8.324456401e-3,1.583112627e-1,7.915562987e-1,7.406778336e0,4.229905307e-1
train,3327,Cc1ncoc1CC#N,6.511684418e0,4.239366651e-1,4.749337733e-1,2.374668837e0,6.935621262e0,5.384488404e-2
train,3328,CC1C(=O)C2(C)C[NH+]1C2,5.542959213e0,7.652809471e-2,1.583112627e-1,7.915562987e-1,5.619487286e0,-9.773295522e-1
train,3329,C#CC1(C#N)NC2CC21,6.394675732e0,1.935455501e-1,1.583112627e-1,7.915562987e-1,6.588221073e0,-2.183388025e-1
train,3330,CCc1c(O)c[nH]c1C,6.228686333e0,-2.156634778e-1,1.583112627e-1,7.915562987e-1,6.013022900e0,-6.689993143e-1
train,3331,CC(=O)C1CCOC1C,6.228686333e0,1.501596421e-1,1.583112627e-1,7.915562987e-1,6.378846169e0,-3.823814094e-1
train,3332,N#CCC1COC2CC12,7.513063908e0,-2.236832529e-1,1.583112627e-1,7.915562987e-1,7.289380550e0,3.310108483e-1
train,3333,O=C1C2CC3C[NH+]2C13,6.065417767e0,1.058959141e-1,1.583112627e-1,7.915562987e-1,6.171313763e0,-5.449804068e-1
train,3334,COC1CC2OC[CH-]C12,6.364743233e0,-3.278143406e-1,4.749337733e-1,2.374668837e0,6.036929131e0,-6.502690911e-1
train,3335,CC1CC2(O)C(=O)NC12,7.137547016e0,1.029560808e-2,4.749337733e-1,2.374668837e0,7.147842407e0,2.201174796e-1
train,3336,C#CC(C)[NH+]1CC1CO,7.164757729e0,-1.483447850e-1,1.583112627e-1,7.915562987e-1,7.016412735e0,1.171439886e-1
train,3337,C1C2C3CC4(CO4)C1[NH+]23,8.451856613e0,-5.812005401e-1,4.749337733e-1,2.374668837e0,7.870656013e0,7.864328623e-1
train,3338,OCC1[NH+]2CCC12CO,8.261377335e0,1.471901387e-1,1.583112627e-1,7.915562987e-1,8.408567429e0,1.207879663e0
train,3339,CC1(O)C(O)C12CCO2,7.597418785e0,7.810238749e-2,1.583112627e-1,7.915562987e-1,7.675521374e0,6.335473061e-1
train,3340,CC12OC1C1(O)COC12,8.027358055e0,1.255789399e-1,1.583112627e-1,7.915562987e-1,8.152936935e0,1.007596374e0
train,3341,[NH-]C1NC2C(N)C12O,6.783798695e0,6.633289903e-2,1.583112627e-1,7.915562987e-1,6.850131512e0,-1.313525904e-2
train,3342,[NH-]C1=C(N)C=C(N)NO1,4.585118771e0,-2.385590822e-1,1.583112627e-1,7.915562987e-1,4.346559525e0,-1.974652410e0
train,3343,C#CCC1NC1COC,8.212396622e0,-3.994320706e-2,1.583112627e-1,7.915562987e-1,8.172453880e0,1.022887707e0
train,3344,CC1(C2CCC2=O)CN1,5.967456818e0,-9.796946049e-1,4.749337733e-1,2.374668837e0,4.987762451e0,-1.472277999e0
train,3345,CCC(CO)C(=O)NC,7.523947716e0,-3.003059328e-1,1.583112627e-1,7.915562987e-1,7.223641872e0,2.795054018e-1
train,3346,CC1C[NH+]1CCOC=O,6.840942383e0,-1.677376777e-1,1.583112627e-1,7.915562987e-1,6.673204899e0,-1.517550349e-1
train,3347,Cc1coc(=O)c(C)n1,4.585118771e0,3.105333820e-2,1.583112627e-1,7.915562987e-1,4.616172314e0,-1.763414264e0
train,3348,c1ccc2[nH]nnc2c1,5.404181004e0,-9.301989526e-2,1.583112627e-1,7.915562987e-1,5.311161041e0,-1.218899250e0
train,3349,NC(=O)C1(N)CNC1=O,6.563386440e0,3.250512853e-2,1.583112627e-1,7.915562987e-1,6.595891476e0,-2.123291343e-1
train,3350,N#CC12C3[CH-]CC1C2C3,4.854511261e0,-9.058586508e-2,1.583112627e-1,7.915562987e-1,4.763925552e0,-1.647651434e0
train,3351,C#CC1=CCC2CC1C2,5.510305405e0,6.920474023e-2,1.583112627e-1,7.915562987e-1,5.579510212e0,-1.008651137e0
train,3352,OC1C2(O)CCC1(O)C2,8.465462685e0,-5.434294343e-1,1.583112627e-1,7.915562987e-1,7.922033310e0,8.266863227e-1
train,3353,CC1(C2CN2)C=CCO1,6.751144886e0,2.247486115e-1,4.749337733e-1,2.374668837e0,6.975893497e0,8.539767563e-2
train,3354,CC1NC12C(=O)CC2O,5.738881111e0,1.057628021e-1,1.583112627e-1,7.915562987e-1,5.844644070e0,-8.009220362e-1
train,3355,C#CC1(C)[NH+]2CC1(O)C2,7.439593315e0,-3.062216192e-2,4.749337733e-1,2.374668837e0,7.408971310e0,4.247086942e-1
train,3356,CC(C)CC1CCC1,9.880454063e0,-4.492135048e-1,1.583112627e-1,7.915562987e-1,9.431240082e0,2.009130955e0
train,3357,CCC1CC(=O)C1(C)O,5.948409081e0,2.960645780e-2,1.583112627e-1,7.915562987e-1,5.978015423e0,-6.964272261e-1
train,3358,CC(O)C1(CC=O)CN1,5.970178127e0,2.885467000e-2,1.583112627e-1,7.915562987e-1,5.999032974e0,-6.799602509e-1
train,3359,CC1C(O)C2OCC12C,8.168857574e0,-2.124745846e-1,1.583112627e-1,7.915562987e-1,7.956382751e0,8.535987139e-1
train,3360,CC(C#N)C1(C)CN1,7.589255333e0,-7.585070282e-2,1.583112627e-1,7.915562987e-1,7.513404846e0,5.065310597e-1
train,3361,CC1CC=CC12CC2,6.734817982e0,-8.964938670e-2,1.583112627e-1,7.915562987e-1,6.645168781e0,-1.737209857e-1
train,3362,CC1C=CC2(C)OC12,6.691279888e0,4.736200720e-2,1.583112627e-1,7.915562987e-1,6.738641739e0,-1.004860923e-1
train,3363,C[NH+]1CC12COC2[NH-],7.083124161e0,-6.107892841e-2,4.749337733e-1,2.374668837e0,7.022045135e0,1.215569079e-1
train,3364,C#Cc1[nH]nc(N)c1C,5.246355057e0,-9.278289974e-2,1.583112627e-1,7.915562987e-1,5.153572083e0,-1.342368245e0
train,3365,OCC#CC1(O)COC1,7.170200348e0,8.416476846e-2,1.583112627e-1,7.915562987e-1,7.254364967e0,3.035765886e-1
train,3366,[NH-]C1NC2CN=COC12,6.767471313e0,1.735736057e-2,1.583112627e-1,7.915562987e-1,6.784828663e0,-6.429921836e-2
train,3367,OCC#CCC1CC1O,6.821894169e0,5.613104627e-2,1.583112627e-1,7.915562987e-1,6.878025055e0,8.718981408e-3
train,3368,CCC1CC(O)(C=O)C1,6.253176689e0,8.486972004e-2,1.583112627e-1,7.915562987e-1,6.338046551e0,-4.143473804e-1
train,3369,CC(=O)NCC(=O)CO,5.651804924e0,2.571580410e-1,1.583112627e-1,7.915562987e-1,5.908963203e0,-7.505288124e-1
train,3370,CC12COCC(=O)C1C2,5.787861824e0,2.149384841e-2,1.583112627e-1,7.915562987e-1,5.809355736e0,-8.285700083e-1
train,3371,CC1C(C)C2(O)CC12C,8.457298279e0,-3.155371919e-2,1.583112627e-1,7.915562987e-1,8.425745010e0,1.221338153e0
train,3372,CC1CC1(O)C[NH+]1CC1,8.577029228e0,1.095187962e-1,1.583112627e-1,7.915562987e-1,8.686548233e0,1.425674200e0
train,3373,O=CC12OCC1NC2=O,5.406902313e0,-8.505084366e-2,1.583112627e-1,7.915562987e-1,5.321851254e0,-1.210523605e0
train,3374,C1OC2CC3CC2C3O1,9.110372543e0,2.541031241e-1,4.749337733e-1,2.374668837e0,9.364475250e0,1.956821442e0
train,3375,N#CC1CNCC(=O)O1,6.397397041e0,-6.566736698e-1,4.749337733e-1,2.374668837e0,5.740723610e0,-8.823423982e-1
train,3376,C#CC(C#C)C(N)C#N,7.322584152e0,-3.189817369e-1,4.749337733e-1,2.374668837e0,7.003602505e0,1.071073338e-1
train,3377,CC1(O)CC(N)(C#N)C1,8.117156029e0,-7.443317771e-2,1.583112627e-1,7.915562987e-1,8.042722702e0,9.212449789e-1
train,3378,CCC(=O)CC1COC1,6.138888836e0,-1.715189517e-1,1.583112627e-1,7.915562987e-1,5.967370033e0,-7.047677636e-1
train,3379,CC#CC(O)C=O,5.804188728e0,-2.930022404e-2,1.583112627e-1,7.915562987e-1,5.774888515e0,-8.555746078e-1
train,3380,CC#CC(C)CC1CC1,8.245050430e0,9.415392578e-2,1.583112627e-1,7.915562987e-1,8.339204788e0,1.153534889e0
train,3381,CC1CC2CC3C2C13C,9.045064926e0,-2.066268027e-1,4.749337733e-1,2.374668837e0,8.838438034e0,1.544677973e0
train,3382,CC12COC(=O)C1(O)C2,7.050469875e0,-1.455282718e-1,1.583112627e-1,7.915562987e-1,6.904941559e0,2.980772406e-2
train,3383,COc1cc(N)on1,6.598761082e0,-8.420748711e-1,4.749337733e-1,2.374668837e0,5.756686211e0,-8.698359132e-1
train,3384,CCC(=O)C12CC[NH+]1C2,5.899428368e0,1.135447994e-1,1.583112627e-1,7.915562987e-1,6.012973309e0,-6.690381765e-1
train,3385,C#CC([NH-])OCCOC,6.280387878e0,6.478285044e-2,1.583112627e-1,7.915562987e-1,6.345170498e0,-4.087658823e-1
train,3386,CC1CN(CCO)C1=O,7.281766891e0,-2.776331604e-1,1.583112627e-1,7.915562987e-1,7.004133701e0,1.075235233e-1
train,3387,N#CCC1CNC1C#N,7.129383087e0,-6.721226126e-2,1.583112627e-1,7.915562987e-1,7.062170982e0,1.529950052e-1
train,3388,CC(=O)N1C(C)CC1[NH-],6.367464066e0,-8.967183530e-3,1.583112627e-1,7.915562987e-1,6.358496666e0,-3.983249962e-1
train,3389,C#CC1(C)C(O)C[NH+]1C,7.186526775e0,3.349816427e-2,1.583112627e-1,7.915562987e-1,7.220025063e0,2.766716778e-1
train,3390,CC1OC12C=CCOC2,6.694001198e0,4.729843512e-2,1.583112627e-1,7.915562987e-1,6.741299629e0,-9.840366989e-2
train,3391,CCc1cc[nH]c1O,6.348416328e0,-2.108856291e-1,1.583112627e-1,7.915562987e-1,6.137530804e0,-5.714489818e-1
train,3392,OCC1COC12CCC2,8.261377335e0,6.861916780e-1,4.749337733e-1,2.374668837e0,8.947568893e0,1.630180597e0
train,3393,CC1=CCOCC1O,6.987883568e0,-8.171977103e-2,1.583112627e-1,7.915562987e-1,6.906163692e0,3.076525033e-2
train,3394,O=CC(O)C1(CO)CO1,5.888543606e0,6.998092681e-2,1.583112627e-1,7.915562987e-1,5.958524704e0,-7.116979957e-1
train,3395,CC1C2C3CC3C12CO,7.488573551e0,-5.693477392e-1,4.749337733e-1,2.374668837e0,6.919225693e0,4.099916294e-2
train,3396,Nc1[nH]cc(O)c1C=O,4.332052708e0,-1.418779492e-1,1.583112627e-1,7.915562987e-1,4.190174580e0,-2.097177982e0
train,3397,CC1C2CC3C(C)C1C23,9.004247665e0,1.262306124e-1,1.583112627e-1,7.915562987e-1,9.130477905e0,1.773487449e0
train,3398,CC1CCC(C=O)=CN1,5.126625061e0,4.585020989e-2,1.583112627e-1,7.915562987e-1,5.172475338e0,-1.327557802e0
train,3399,CCC(O)(C=O)C(C)=O,5.464046478e0,3.701328039e-1,1.583112627e-1,7.915562987e-1,5.834179401e0,-8.091209531e-1
train,3400,CC(C)(C)NC(=O)C=O,4.696685314e0,4.699210078e-2,1.583112627e-1,7.915562987e-1,4.743677616e0,-1.663515449e0
train,3401,C#CCCc1cc[nH]c1,6.789240837e0,-1.821762999e-4,1.583112627e-1,7.915562987e-1,6.789058685e0,-6.098505110e-2
train,3402,O=C1OCC1C(F)(F)F,7.741639137e0,7.058906485e-4,1.583112627e-1,7.915562987e-1,7.742344856e0,6.859026551e-1
train,3403,C[NH+]1CCCCC(=O)C1,5.355200768e0,1.157564670e-1,1.583112627e-1,7.915562987e-1,5.470957279e0,-1.093700886e0
train,3404,C[NH2+]C1OC2CCOC21,7.205575466e0,7.012476772e-2,1.583112627e-1,7.915562987e-1,7.275700092e0,3.202923834e-1
train,3405,CC1C2C3C(C[NH+]2C)[NH+]13,7.534832478e0,2.836040854e-1,1.583112627e-1,7.915562987e-1,7.818436623e0,7.455196381e-1
train,3406,CC(C(N)=O)C1(C)CO1,7.466804028e0,-2.313129604e-2,1.583112627e-1,7.915562987e-1,7.443672657e0,4.518967569e-1
train,3407,C#CC(OC)C(C)=O,5.673573971e0,2.691724300e-1,1.583112627e-1,7.915562987e-1,5.942746162e0,-7.240602970e-1
train,3408,CC1C(=O)C2C3CC2[NH+]13,5.537517071e0,-2.084324956e-1,1.583112627e-1,7.915562987e-1,5.329084396e0,-1.204856515e0
train,3409,O=CC1CCC(NO)C1,6.027321815e0,4.646558166e-1,4.749337733e-1,2.374668837e0,6.491977692e0,-2.937442660e-1
train,3410,CC(CC#N)C(O)C=O,6.386512280e0,-4.291651398e-2,1.583112627e-1,7.915562987e-1,6.343595982e0,-4.099994898e-1
train,3411,CC#CC1(C)CO[CH+][NH2+]1,7.251834393e0,-9.954343736e-2,1.583112627e-1,7.915562987e-1,7.152290821e0,2.236027569e-1
train,3412,C1=CC2CCC1OCO2,6.587876320e0,8.922805637e-2,1.583112627e-1,7.915562987e-1,6.677104473e0,-1.486997753e-1
train,3413,CC1CCC(OC=O)O1,7.562044144e0,8.483449370e-2,1.583112627e-1,7.915562987e-1,7.646878719e0,6.111061573e-1
train,3414,N#CC#Cc1ncc[nH]1,4.704848766e0,-3.749335408e-1,4.749337733e-1,2.374668837e0,4.329915047e0,-1.987693191e0
train,3415,C#CC1(CC)NC1C=O,5.670852661e0,3.174063861e-1,1.583112627e-1,7.915562987e-1,5.988258839e0,-6.884016395e-1
train,3416,C#CCNc1nc[nH]n1,6.215080738e0,8.419643342e-2,4.749337733e-1,2.374668837e0,6.299277306e0,-4.447225928e-1
train,3417,Cc1nn(C)cnc1=O,5.104856014e0,1.935948879e-1,1.583112627e-1,7.915562987e-1,5.298450947e0,-1.228857517e0
train,3418,CC12C3C1C1(O)C2C31O,7.110334873e0,1.789426059e-2,1.583112627e-1,7.915562987e-1,7.128229141e0,2.047507465e-1
train,3419,CC(C)c1[nH]ccc1O,6.228686333e0,-1.693168096e-2,1.583112627e-1,7.915562987e-1,6.211754799e0,-5.132954121e-1
train,3420,OC12CC3C1C=CC32,6.179705620e0,2.492123470e-2,1.583112627e-1,7.915562987e-1,6.204627037e0,-5.188798904e-1
train,3421,c1ncn2c1C1NC1C2,6.479031086e0,1.291483492e-1,1.583112627e-1,7.915562987e-1,6.608179569e0,-2.027015686e-1
train,3422,CC1C(CO)C12CCO2,7.861369133e0,-9.225053340e-2,1.583112627e-1,7.915562987e-1,7.769118786e0,7.068797350e-1
train,3423,CCC1CC23CC(C2)[NH+]13,7.684495449e0,2.367484272e-1,4.749337733e-1,2.374668837e0,7.921243668e0,8.260676265e-1
train,3424,[NH-]C1NC(C=O)=CC1O,4.215043545e0,2.355655283e-2,1.583112627e-1,7.915562987e-1,4.238600254e0,-2.059237242e0
train,3425,C1OCC12C1C3NC3C12,7.504899979e0,1.731239259e-2,1.583112627e-1,7.915562987e-1,7.522212505e0,5.134317279e-1
train,3426,O=CC12C3CC4C3[NH+]1C42,5.847726822e0,-6.545224693e-3,1.583112627e-1,7.915562987e-1,5.841181755e0,-8.036347032e-1
train,3427,CNC1CNC([NH-])C1=O,4.699406624e0,4.916799366e-1,4.749337733e-1,2.374668837e0,5.191086769e0,-1.312976003e0
train,3428,N#CC1CCC12CC2O,7.902186394e0,1.095557585e-1,1.583112627e-1,7.915562987e-1,8.011742592e0,8.969724178e-1
train,3429,COc1nc(C)[nH]c1O,5.771534920e0,-1.961063147e-1,4.749337733e-1,2.374668837e0,5.575428486e0,-1.011849046e0
train,3430,C#CC([NH2+]C)OC(C)C,6.117119789e0,1.158853322e-1,1.583112627e-1,7.915562987e-1,6.233005047e0,-4.966460764e-1
train,3431,CC(C)C12CC1C([NH-])O2,7.605582714e0,-7.338996530e-1,4.749337733e-1,2.374668837e0,6.871683121e0,3.750155913e-3
train,3432,CC(=O)OC1(C)CC1,7.537554264e0,2.865046561e-1,1.583112627e-1,7.915562987e-1,7.824059010e0,7.499247193e-1
train,3433,CC(O)C1OCC1NO,6.525290489e0,-3.494036570e-2,1.583112627e-1,7.915562987e-1,6.490350246e0,-2.950193584e-1
train,3434,COC1CC2(C1)CC2C,8.849142075e0,1.366180927e-1,1.583112627e-1,7.915562987e-1,8.985759735e0,1.660102606e0
train,3435,CC1C2OC3C([NH-])[NH+]1C23,5.866774559e0,8.978580236e-1,4.749337733e-1,2.374668837e0,6.764632702e0,-8.012250066e-2
train,3436,OCC12C3CC1(O)C[NH+]32,7.668168545e0,-1.232050538e0,4.749337733e-1,2.374668837e0,6.436118126e0,-3.375095427e-1
train,3437,CC([NH-])OCC(=O)C=O,4.272187710e0,-4.722425342e-2,1.583112627e-1,7.915562987e-1,4.224963665e0,-2.069921255e0
train,3438,O=CCn1cnc(O)c1,4.438177109e0,6.212987304e-1,4.749337733e-1,2.374668837e0,5.059475899e0,-1.416091442e0
train,3439,CC12COC13C=CC2C3,6.307599545e0,-2.729867697e-1,1.583112627e-1,7.915562987e-1,6.034612656e0,-6.520840526e-1
train,3440,O=C1OCC2C[NH2+][CH+]N12,6.805567265e0,2.739902772e-2,4.749337733e-1,2.374668837e0,6.832966328e0,-2.658396587e-2
train,3441,CC(C)(CC=O)CCO,6.027321815e0,4.131557941e-1,4.749337733e-1,2.374668837e0,6.440477371e0,-3.340941370e-1
train,3442,CC12CC1CC(O)C2O,8.296751022e0,-4.546146840e-2,1.583112627e-1,7.915562987e-1,8.251289368e0,1.084654331e0
train,3443,N#CC12CC[NH2+]C1OC2,7.001489162e0,1.818722188e-1,1.583112627e-1,7.915562987e-1,7.183361530e0,2.479462773e-1
train,3444,O=C(CO)C1CO[CH+][NH2+]1,6.068139076e0,1.743958592e-1,1.583112627e-1,7.915562987e-1,6.242535114e0,-4.891794026e-1
train,3445,CC(O)C1CC(O)C1C,8.547096252e0,-2.190414667e-1,1.583112627e-1,7.915562987e-1,8.328054428e0,1.144798756e0
train,3446,CC1C2CC3C2C13C,9.123977661e0,-1.664226502e-1,1.583112627e-1,7.915562987e-1,8.957554817e0,1.638004422e0
train,3447,CCOC1C(=O)CC1C,5.474930763e0,-2.039217502e-1,1.583112627e-1,7.915562987e-1,5.271008968e0,-1.250357985e0
train,3448,N#CC1CC2CC2O1,7.472246647e0,-2.760982513e-1,1.583112627e-1,7.915562987e-1,7.196148396e0,2.579646111e-1
train,3449,CC1OC([NH-])C2COC12,7.542996407e0,6.311234832e-2,1.583112627e-1,7.915562987e-1,7.606108665e0,5.791633129e-1
train,3450,C[NH2+]C1CC=CCO1,6.734817982e0,-1.933460683e-1,1.583112627e-1,7.915562987e-1,6.541471958e0,-2.549661398e-1
train,3451,CC(=O)C1NCC(C)[NH2+]1,4.631378174e0,7.101783901e-2,1.583112627e-1,7.915562987e-1,4.702395916e0,-1.695859075e0
train,3452,CC1C=CC2NC2C1,6.753865719e0,1.533215344e-1,1.583112627e-1,7.915562987e-1,6.907187462e0,3.156736121e-2
train,3453,C#CC1(O)CCC1CC,7.899465561e0,1.292791516e-1,1.583112627e-1,7.915562987e-1,8.028744698e0,9.102933407e-1
train,3454,C1=C2COC2CCCC1,6.805567265e0,-2.399719357e-1,1.583112627e-1,7.915562987e-1,6.565595150e0,-2.360659242e-1
train,3455,CC12CCC3C(C1)C32O,8.291309357e0,-5.452436805e-1,4.749337733e-1,2.374668837e0,7.746065617e0,6.888178587e-1
train,3456,NC(=O)N1CC2OCC21,7.806946754e0,-9.744007140e-2,1.583112627e-1,7.915562987e-1,7.709506512e0,6.601742506e-1
train,3457,O=COCCOC1CC1,7.504899979e0,1.600621641e-1,1.583112627e-1,7.915562987e-1,7.664962292e0,6.252744198e-1
train,3458,COC(CCO)C(N)=O,7.208295822e0,-3.042044640e-1,1.583112627e-1,7.915562987e-1,6.904091358e0,2.914160304e-2
train,3459,CC1C2C(O)C(O)C12O,8.375664711e0,2.807503566e-2,1.583112627e-1,7.915562987e-1,8.403739929e0,1.204097390e0
train,3460,CCN1C(=O)CCC1[NH-],6.702164173e0,5.312588215e-1,4.749337733e-1,2.374668837e0,7.233423233e0,2.871689796e-1
train,3461,N#CC1CC2CC3C1C23,8.451856613e0,3.093805909e-1,4.749337733e-1,2.374668837e0,8.761237144e0,1.484192014e0
train,3462,CC1CC2C=CC1C2C,6.963393688e0,1.066379771e-1,1.583112627e-1,7.915562987e-1,7.070031643e0,1.591537297e-1
train,3463,[NH-]C1CNCCOCO1,6.666789532e0,-1.857673191e-2,1.583112627e-1,7.915562987e-1,6.648212910e0,-1.713359505e-1
train,3464,CCC1C2COCC1O2,8.408317566e0,-9.575373679e-2,1.583112627e-1,7.915562987e-1,8.312563896e0,1.132662177e0
train,3465,CCC1CC2CC2C1O,8.756624222e0,2.637647688e-1,1.583112627e-1,7.915562987e-1,9.020388603e0,1.687233925e0
train,3466,COC1CC=CC2CC21,6.704885483e0,-3.700923324e-1,4.749337733e-1,2.374668837e0,6.334793091e0,-4.168964326e-1
train,3467,CCCc1nc(N)no1,6.272224426e0,-7.501728088e-2,1.583112627e-1,7.915562987e-1,6.197206974e0,-5.246934295e-1
train,3468,CC(O)CCC1CC1,9.009689331e0,-3.130058944e-1,1.583112627e-1,7.915562987e-1,8.696683884e0,1.433615327e0
train,3469,[NH-]C1OC2C3CC3(O)C12,7.507621288e0,1.217235401e-1,1.583112627e-1,7.915562987e-1,7.629344940e0,5.973686576e-1
train,3470,Oc1noc2occc12,6.378348827e0,-1.566526294e-1,1.583112627e-1,7.915562987e-1,6.221696377e0,-5.055062771e-1
train,3471,[NH-]c1[nH]c(C=O)cc1O,3.444961309e0,3.608550131e-2,1.583112627e-1,7.915562987e-1,3.481046915e0,-2.652770758e0
train,3472,N#CCC1(CC=O)CO1,6.087186813e0,-3.602335602e-2,1.583112627e-1,7.915562987e-1,6.051163673e0,-6.391165257e-1
train,3473,CC1CC([NH+]2CC2C)C1,8.204232216e0,8.662489802e-2,1.583112627e-1,7.915562987e-1,8.290857315e0,1.115655303e0
train,3474,CC(C=O)C1CNC1=O,6.068139076e0,-1.411388218e-1,1.583112627e-1,7.915562987e-1,5.927000046e0,-7.363971472e-1
train,3475,COC(C)C#CCC#N,7.499457359e0,1.223293990e-1,1.583112627e-1,7.915562987e-1,7.621786594e0,5.914468169e-1
train,3476,CC#Cc1ccoc1N,5.526632309e0,-2.775138319e-1,1.583112627e-1,7.915562987e-1,5.249118328e0,-1.267508984e0
train,3477,CC1CC(C)C1C#N,8.996084213e0,-6.601974368e-2,1.583112627e-1,7.915562987e-1,8.930064201e0,1.616465926e0
train,3478,CC(=O)c1cncn1C,5.363364220e0,4.800080061e-1,4.749337733e-1,2.374668837e0,5.843372345e0,-8.019183874e-1
train,3479,C1CC2OC3CCC23O1,8.201511383e0,3.810794652e-2,1.583112627e-1,7.915562987e-1,8.239619255e0,1.075510979e0
train,3480,CC1(C)[NH2+][CH+]OC12CC2,7.072239399e0,-5.138248578e-2,1.583112627e-1,7.915562987e-1,7.020856857e0,1.206259057e-1
train,3481,[H]N=CNC(=O)N(C)C=N[H],6.356579781e0,-4.083064850e-3,1.583112627e-1,7.915562987e-1,6.352496624e0,-4.030259550e-1
train,3482,CC12CC1CCCO2,8.261377335e0,7.064252347e-2,1.583112627e-1,7.915562987e-1,8.332019806e0,1.147905588e0
train,3483,CNc1ncoc1C=O,4.601445198e0,-4.986150563e-1,4.749337733e-1,2.374668837e0,4.102829933e0,-2.165611506e0
train,3484,Cc1oc(=O)[nH]c1N,6.457261562e0,9.806197137e-3,4.749337733e-1,2.374668837e0,6.467067719e0,-3.132609129e-1
train,3485,CCC1CC12CC=CC2,7.178363323e0,3.763210475e-1,1.583112627e-1,7.915562987e-1,7.554684162e0,5.388728976e-1
train,3486,COC12CC3C(=O)C1C32,6.604203224e0,-4.937067628e-1,4.749337733e-1,2.374668837e0,6.110496521e0,-5.926299691e-1
train,3487,COC(C#N)CO,8.092665672e0,-4.060226306e-2,1.583112627e-1,7.915562987e-1,8.052062988e0,9.285629392e-1
train,3488,CC12C=CC(C1)OC2=O,6.068139076e0,-6.783456802e-1,4.749337733e-1,2.374668837e0,5.389793396e0,-1.157291770e0
train,3489,N#CC12C[NH+]3C1C(O)C32,7.591977119e0,1.762124598e-1,1.583112627e-1,7.915562987e-1,7.768189430e0,7.061516047e-1
train,3490,CC(C)C1(O)CC(O)C1,8.688595772e0,-3.550674766e-2,1.583112627e-1,7.915562987e-1,8.653088570e0,1.399458885e0
train,3491,CCOC1(C)CCC1,8.851863861e0,1.037548855e-1,1.583112627e-1,7.915562987e-1,8.955618858e0,1.636487603e0
train,3492,Nc1ncc(O)c(N)n1,5.110298157e0,5.113675445e-2,1.583112627e-1,7.915562987e-1,5.161435127e0,-1.336207628e0
train,3493,[H]N=CN1C(=O)CC=C1C,5.559286118e0,1.078674316e0,4.749337733e-1,2.374668837e0,6.637960434e0,-1.793686301e-1
train,3494,CC12C[NH+]1CC21CO1,8.519885063e0,-1.428346187e-1,1.583112627e-1,7.915562987e-1,8.377050400e0,1.183186531e0
train,3495,CCOCC1CC(=O)O1,7.657283783e0,-7.253594697e-2,1.583112627e-1,7.915562987e-1,7.584747791e0,5.624273419e-1
train,3496,CC1OC2C(CO)C12C,8.266819000e0,-6.046701670e-1,4.749337733e-1,2.374668837e0,7.662148952e0,6.230701804e-1
train,3497,C#CC(=O)CC1(O)CC1,4.898049831e0,6.990451366e-4,1.583112627e-1,7.915562987e-1,4.898748875e0,-1.542019010e0
train,3498,CC1=C(C)CC(C)CC1,6.922576904e0,6.085464731e-2,1.583112627e-1,7.915562987e-1,6.983431339e0,9.130348265e-2
train,3499,OCC1C[NH+]2CC12CO,8.264098167e0,-1.257985551e-2,1.583112627e-1,7.915562987e-1,8.251518250e0,1.084833622e0
train,3500,CN1C(=O)C2CN2C1=O,6.432771206e0,1.202057973e-1,1.583112627e-1,7.915562987e-1,6.552977085e0,-2.459520251e-1
train,3501,CC12NC3C(NC31)C2O,7.771572113e0,1.034879833e-1,1.583112627e-1,7.915562987e-1,7.875060081e0,7.898833752e-1
train,3502,CCC12COC([NH-])C1O2,7.276324272e0,1.045211032e-1,1.583112627e-1,7.915562987e-1,7.380845547e0,4.026725292e-1
train,3503,CC1C2N[CH+][NH2+]C12C#N,6.653183937e0,3.247054219e-1,1.583112627e-1,7.915562987e-1,6.977889538e0,8.696155250e-2
train,3504,O=CC12NC1C1CC2C1,6.008274078e0,2.296614945e-1,1.583112627e-1,7.915562987e-1,6.237935543e0,-4.927830994e-1
train,3505,CC1(C)CC2C(C=O)C21,5.913033962e0,-2.576163709e-1,1.583112627e-1,7.915562987e-1,5.655417442e0,-9.491786957e-1
train,3506,C1=CCC2(COC2)OC1,7.085844994e0,1.230012402e-1,1.583112627e-1,7.915562987e-1,7.208846092e0,2.679131031e-1
train,3507,Cc1nn(C)nnc1=O,4.476273060e0,-1.256882101e-1,1.583112627e-1,7.915562987e-1,4.350584984e0,-1.971498609e0
train,3508,Cc1nn(C)c(O)c1C,6.838221550e0,1.189651489e-1,1.583112627e-1,7.915562987e-1,6.957186699e0,7.074113190e-2
train,3509,CC#Cc1cnc(N)o1,5.148394108e0,1.054627180e0,4.749337733e-1,2.374668837e0,6.203021049e0,-5.201382041e-1
train,3510,CC1COC(C(C)C)[NH2+]1,7.347074509e0,-2.081325799e-1,1.583112627e-1,7.915562987e-1,7.138941765e0,2.131439447e-1
train,3511,C#CC12C3NC1C3[NH+]2C,6.576991558e0,-2.288550287e-1,1.583112627e-1,7.915562987e-1,6.348136425e0,-4.064421058e-1
train,3512,CC1=C(C)C(C)NC1=O,6.073581219e0,-3.197041452e-1,1.583112627e-1,7.915562987e-1,5.753877163e0,-8.720367551e-1
train,3513,CC1C2C3CCC(O3)C12,9.015131950e0,-8.894519508e-2,1.583112627e-1,7.915562987e-1,8.926186562e0,1.613427758e0
train,3514,CC1C(=O)NC1C=O,5.834120750e0,2.331643552e-1,1.583112627e-1,7.915562987e-1,6.067285061e0,-6.264855862e-1
train,3515,Cn1ncnc1NC=O,6.236849785e0,3.957882822e-1,4.749337733e-1,2.374668837e0,6.632637978e0,-1.835387051e-1
train,3516,CCC1C=C(C)NC1=O,5.823236465e0,-6.557413936e-1,4.749337733e-1,2.374668837e0,5.167495251e0,-1.331459641e0
train,3517,NC(=O)C1COC1C=O,6.032763958e0,-5.074846372e-2,1.583112627e-1,7.915562987e-1,5.982015610e0,-6.932931542e-1
train,3518,CC1(C=O)C2C[NH+]1C2,5.760650635e0,6.205783486e-1,4.749337733e-1,2.374668837e0,6.381228924e0,-3.805145323e-1
train,3519,O=CCC1(O)CC(=O)C1,5.842284679e0,-2.919057310e-1,1.583112627e-1,7.915562987e-1,5.550378799e0,-1.031475186e0
train,3520,Cc1cc(C#N)n[nH]1,6.400117874e0,1.486020088e-1,1.583112627e-1,7.915562987e-1,6.548719883e0,-2.492874861e-1
train,3521,CC1CC2CC2C(C)O1,8.808325768e0,-2.861921676e-3,1.583112627e-1,7.915562987e-1,8.805463791e0,1.518843055e0
train,3522,O=CC1C=CC2CC1C2,5.635478020e0,-1.349366605e-1,1.583112627e-1,7.915562987e-1,5.500541210e0,-1.070522308e0
train,3523,CCC1OC2CC1(C)C2,8.707643509e0,-9.001006931e-2,4.749337733e-1,2.374668837e0,8.617633820e0,1.371680617e0
train,3524,CCOC(C=O)C=O,5.355200768e0,-1.193317294e0,4.749337733e-1,2.374668837e0,4.161883354e0,-2.119343996e0
train,3525,C#CC[NH+](CC)CC=O,5.390575409e0,-3.049781322e-1,1.583112627e-1,7.915562987e-1,5.085597038e0,-1.395625830e0
train,3526,COCC1CCC1,9.281804085e0,-4.197103437e-3,1.583112627e-1,7.915562987e-1,9.277606964e0,1.888761282e0
train,3527,CC1=CC(C)OC(=O)C1,7.153872967e0,8.049856126e-2,1.583112627e-1,7.915562987e-1,7.234371662e0,2.879120708e-1
train,3528,[NH-]C1OCC2C[NH+]3C2C13,6.898086548e0,2.235390395e-1,1.583112627e-1,7.915562987e-1,7.121625423e0,1.995768100e-1
train,3529,OC1CC12CCCC2,9.017853737e0,-3.455356061e-1,4.749337733e-1,2.374668837e0,8.672318459e0,1.414525270e0
train,3530,O=CNC(=O)N1CC1,6.293993473e0,-2.408508956e-2,1.583112627e-1,7.915562987e-1,6.269908428e0,-4.677327573e-1
train,3531,CNC(=O)CC#CC#N,5.757929325e0,1.958313137e-1,1.583112627e-1,7.915562987e-1,5.953760624e0,-7.154305577e-1
train,3532,CC(O)CCCNC=O,7.711706638e0,1.024188995e-1,1.583112627e-1,7.915562987e-1,7.814125538e0,7.421419621e-1
train,3533,COC1OCCC1(C)C,9.132141113e0,3.298308849e-1,1.583112627e-1,7.915562987e-1,9.461972237e0,2.033209085e0
train,3534,OC1COC2CC2OC1,8.653220177e0,9.981989861e-2,1.583112627e-1,7.915562987e-1,8.753040314e0,1.477769852e0
train,3535,C1CC2CC2C2(CC2)O1,8.593356133e0,6.755269319e-2,1.583112627e-1,7.915562987e-1,8.660908699e0,1.405585885e0
train,3536,CCC1CC12CCC2=O,5.937524319e0,-7.089028507e-2,4.749337733e-1,2.374668837e0,5.866633892e0,-7.836933136e-1
train,3537,OC1C2C=CCCC12O,6.544338226e0,3.290793598e-1,4.749337733e-1,2.374668837e0,6.873417377e0,5.108924117e-3
train,3538,O=C1CCC2CCCN12,7.317142010e0,-2.741711140e-1,1.583112627e-1,7.915562987e-1,7.042970657e0,1.379517913e-1
train,3539,O=CC1CCOC(=O)C1,6.008274078e0,1.203228068e-2,4.749337733e-1,2.374668837e0,6.020306587e0,-6.632926464e-1
train,3540,CNC1(C#N)CC1(C)N,7.251834393e0,8.941267431e-2,1.583112627e-1,7.915562987e-1,7.341247082e0,3.716476262e-1
train,3541,C#CC(C)C(CC)CO,8.413760185e0,-1.326936334e-1,1.583112627e-1,7.915562987e-1,8.281066895e0,1.107984662e0
train,3542,CC1OCC2CC1O2,8.729413033e0,-2.484551668e-1,1.583112627e-1,7.915562987e-1,8.480957985e0,1.264596820e0
train,3543,CC1(O)CC2CCC21C,8.620567322e0,1.369646043e-1,1.583112627e-1,7.915562987e-1,8.757532120e0,1.481289148e0
train,3544,N#CC(O)C#CC(N)=O,6.253176689e0,-5.747564882e-2,1.583112627e-1,7.915562987e-1,6.195701122e0,-5.258732438e-1
train,3545,CC(=O)COC(C)C#N,5.975620270e0,-2.182990760e-1,1.583112627e-1,7.915562987e-1,5.757321358e0,-8.693382740e-1
train,3546,C1=CC2CC2([NH+]2CC2)C1,6.313041210e0,1.382843703e-1,1.583112627e-1,7.915562987e-1,6.451325417e0,-3.255948126e-1
train,3547,CCCNc1nn[nH]n1,5.602824211e0,2.338951826e-1,4.749337733e-1,2.374668837e0,5.836719513e0,-8.071308136e-1
train,3548,CC1OC2CCC1C2=O,5.654525757e0,-9.023164213e-2,1.583112627e-1,7.915562987e-1,5.564294338e0,-1.020572543e0
train,3549,CC12CC1CC2C#N,8.182463646e0,4.775715619e-2,1.583112627e-1,7.915562987e-1,8.230220795e0,1.068147302e0
train,3550,N#CC12CC3OC3C1C2,7.953887463e0,3.687762618e-1,4.749337733e-1,2.374668837e0,8.322663307e0,1.140574932e0
train,3551,CC1=CC2(C)OC2C1C,6.571549892e0,1.892984807e-1,1.583112627e-1,7.915562987e-1,6.760848522e0,-8.308736235e-2
train,3552,O=CC#CC1C[NH+]2CC12,5.132067680e0,6.113654748e-2,1.583112627e-1,7.915562987e-1,5.193204403e0,-1.311316848e0
train,3553,CC1[NH2+]C(N)C(O)C1O,6.974278450e0,4.051751196e-1,4.749337733e-1,2.374668837e0,7.379453659e0,4.015820026e-1
train,3554,N#CC1CC12NCC2O,7.085844994e0,-4.408472776e-1,1.583112627e-1,7.915562987e-1,6.644997597e0,-1.738551110e-1
train,3555,[NH-]C1CCN1C(=O)C=O,4.604166508e0,-7.622295618e-2,1.583112627e-1,7.915562987e-1,4.527943611e0,-1.832540274e0
train,3556,C#CC1(O)CCC1(C)O,7.521226883e0,3.100507706e-2,1.583112627e-1,7.915562987e-1,7.552231789e0,5.369514823e-1
train,3557,C[NH2+]C1OCC1C(N)=O,7.055912018e0,-6.732844282e-3,1.583112627e-1,7.915562987e-1,7.049179077e0,1.428160071e-1
train,3558,C[NH+]1C2C3C2C(C)(C)C31,7.613745689e0,-4.405226186e-2,1.583112627e-1,7.915562987e-1,7.569693565e0,5.506325960e-1
train,3559,O=C1CC2CCCC1C2,5.978341103e0,-3.111365736e-1,1.583112627e-1,7.915562987e-1,5.667204380e0,-9.399437904e-1
train,3560,CC12C=CC3CC1[NH+]32,5.893986225e0,-1.266726553e-1,1.583112627e-1,7.915562987e-1,5.767313480e0,-8.615095615e-1
train,3561,O=CC12C3C[NH+]1C1C3C12,5.259960651e0,2.419060171e-1,1.583112627e-1,7.915562987e-1,5.501866817e0,-1.069483757e0
train,3562,[NH-]C1CCC2(CCC2)O1,7.687216282e0,-2.687314153e-1,1.583112627e-1,7.915562987e-1,7.418484688e0,4.321623147e-1
train,3563,C[NH+]1CCC(N)C1C#N,6.993326187e0,-3.575393260e-1,4.749337733e-1,2.374668837e0,6.635787010e0,-1.810714751e-1
train,3564,CC12C(O)C1CC1OC12,8.201511383e0,-8.647342920e-1,4.749337733e-1,2.374668837e0,7.336777210e0,3.681455255e-1
train,3565,C#CC(=O)C#CCO,5.208259583e0,-1.281315684e-1,4.749337733e-1,2.374668837e0,5.080128193e0,-1.399910569e0
train,3566,C1CC2CC2C2CC2C1,8.767508507e0,-7.838947326e-2,1.583112627e-1,7.915562987e-1,8.689119339e0,1.427688599e0
train,3567,O=C1C2NC2C2C(O)C12,5.436834812e0,-3.402034938e-2,1.583112627e-1,7.915562987e-1,5.402814388e0,-1.147090077e0
train,3568,C#CCC1CCC1O,8.514442444e0,1.782307960e-2,1.583112627e-1,7.915562987e-1,8.532265663e0,1.304795742e0
train,3569,CC(=O)C1(C)CCC1=O,5.382411957e0,-6.573474407e-2,1.583112627e-1,7.915562987e-1,5.316677094e0,-1.214577556e0
train,3570,CC1(C2COCO2)CC1,9.178400040e0,-1.364097185e-2,1.583112627e-1,7.915562987e-1,9.164758682e0,1.800346017e0
train,3571,OC1CC=C2CCC=C21,5.300777912e0,1.104895592e0,4.749337733e-1,2.374668837e0,6.405673504e0,-3.613625169e-1
train,3572,[NH-]C1CC2(C=CCC2)O1,6.917134762e0,-7.571520805e-1,4.749337733e-1,2.374668837e0,6.159982681e0,-5.538582206e-1
train,3573,Oc1cc2n(c1)CC=C2,4.440898418e0,1.493340731e-1,1.583112627e-1,7.915562987e-1,4.590232372e0,-1.783737779e0
train,3574,CC1[NH2+]C2C3C1C1C3[NH+]21,4.269466400e0,-5.359369516e-1,4.749337733e-1,2.374668837e0,3.733529568e0,-2.454953671e0
train,3575,C#CC#CC(=O)CC#N,4.993289471e0,4.682659172e-3,1.583112627e-1,7.915562987e-1,4.997972012e0,-1.464278936e0
train,3576,C#CCC1(C)CC(=O)C1,6.010994911e0,-1.287287474e-1,1.583112627e-1,7.915562987e-1,5.882266045e0,-7.714456916e-1
train,3577,CC1CC(=O)CC(=O)C1,5.708949089e0,8.077608049e-2,1.583112627e-1,7.915562987e-1,5.789725304e0,-8.439502120e-1
train,3578,N#CCc1[nH]ccc1O,6.198753357e0,-7.264176011e-2,1.583112627e-1,7.915562987e-1,6.126111507e0,-5.803958178e-1
train,3579,COCC12CC(=O)N1C2,6.430050850e0,-1.927221566e-1,1.583112627e-1,7.915562987e-1,6.237328529e0,-4.932586849e-1
train,3580,Cc1n[n+]2cc[nH]c2o1,5.828679085e0,1.021429300e-1,1.583112627e-1,7.915562987e-1,5.930821896e0,-7.334027886e-1
train,3581,CC1(C)C[NH2+]C2OCC21,7.221901417e0,-6.338148564e-2,1.583112627e-1,7.915562987e-1,7.158519745e0,2.284830511e-1
train,3582,CCC12OC(C)C1C2C,8.383827209e0,-5.417159796e-1,4.749337733e-1,2.374668837e0,7.842111111e0,7.640683055e-1
train,3583,N#CC1OCOC12CC2,7.480409622e0,1.217191368e-1,1.583112627e-1,7.915562987e-1,7.602128983e0,5.760453343e-1
train,3584,O=CC12C[NH+]3C4C(C41)C32,5.398738861e0,2.596856654e-1,1.583112627e-1,7.915562987e-1,5.658424377e0,-9.468228221e-1
train,3585,N#CC(N)C1CC(=O)O1,7.401497364e0,-2.153691351e-1,1.583112627e-1,7.915562987e-1,7.186128139e0,2.501138747e-1
train,3586,CC1[NH+](C)CC12CO2,7.782456875e0,4.855743349e-1,4.749337733e-1,2.374668837e0,8.268031120e0,1.097771287e0
train,3587,N#CC1(O)C2C3OC3C21,7.363400936e0,-1.345563531e-1,4.749337733e-1,2.374668837e0,7.228844643e0,2.835817337e-1
train,3588,CC1OC2(CC2)C12CO2,8.408317566e0,2.222156823e-1,4.749337733e-1,2.374668837e0,8.630533218e0,1.381787062e0
train,3589,O=C1CC(CO)(CO)N1,7.314420223e0,-2.551347576e-2,1.583112627e-1,7.915562987e-1,7.288906574e0,3.306394815e-1
train,3590,OC1C(O)C2OCC12,7.763408184e0,5.019492283e-2,1.583112627e-1,7.915562987e-1,7.813602924e0,7.417324781e-1
train,3591,O=COC1CCC1=O,5.738881111e0,-9.688892402e-3,1.583112627e-1,7.915562987e-1,5.729192257e0,-8.913770914e-1
train,3592,CC(O)Cn1ccnn1,7.006931782e0,-1.081010327e-1,1.583112627e-1,7.915562987e-1,6.898830891e0,2.502009273e-2
train,3593,C#CC1CC2NC12,7.679053307e0,1.592649221e-1,1.583112627e-1,7.915562987e-1,7.838318348e0,7.610967159e-1
train,3594,CC([NH-])Oc1cnc[nH]1,5.542959213e0,1.512613297e-1,4.749337733e-1,2.374668837e0,5.694220543e0,-9.187769890e-1
train,3595,CC1C2CCCC12C#N,8.326683998e0,2.286088839e-2,1.583112627e-1,7.915562987e-1,8.349544525e0,1.161635995e0
train,3596,CCC(C)OC(=O)NC,8.609682083e0,-2.603132129e-1,1.583112627e-1,7.915562987e-1,8.349369049e0,1.161498547e0
train,3597,CC1(C#N)CC(O)C1O,8.125319481e0,-1.329865605e-1,1.583112627e-1,7.915562987e-1,7.992332935e0,8.817651868e-1
train,3598,C#CC1(C)OCC(=O)O1,7.483131409e0,1.536563388e-3,1.583112627e-1,7.915562987e-1,7.484667778e0,4.840159416e-1
train,3599,C#CC1C2COC12CO,7.553880215e0,-1.376511455e-1,4.749337733e-1,2.374668837e0,7.416229248e0,4.303952157e-1
train,3600,CCC(C#CCO)C=O,5.937524319e0,1.840234846e-1,1.583112627e-1,7.915562987e-1,6.121547699e0,-5.839715004e-1
train,3601,CCC1OCCC1OC,8.794719696e0,2.784798741e-1,1.583112627e-1,7.915562987e-1,9.073199272e0,1.728610396e0
train,3602,CC1CC1c1cnn[nH]1,6.666789532e0,-7.278086245e-2,1.583112627e-1,7.915562987e-1,6.594008446e0,-2.138044685e-1
train,3603,CCCc1cn(C)nn1,6.764750481e0,-7.566263527e-2,1.583112627e-1,7.915562987e-1,6.689087868e0,-1.393109262e-1
train,3604,NC(=O)N1CCC(O)C1,7.581092358e0,1.661490947e-1,1.583112627e-1,7.915562987e-1,7.747241497e0,6.897391677e-1
train,3605,Nc1onnc1CCO,5.646362305e0,-2.460566461e-1,1.583112627e-1,7.915562987e-1,5.400305748e0,-1.149055481e0
train,3606,C#CC1CCC12CC2O,8.016474724e0,1.488557458e-1,1.583112627e-1,7.915562987e-1,8.165330887e0,1.017306924e0
train,3607,CNC(=O)CC1CN1,7.472246647e0,1.904239953e-1,1.583112627e-1,7.915562987e-1,7.662670612e0,6.234788895e-1
train,3608,CC#CC#CC1COC1,6.027321815e0,1.805105805e-1,1.583112627e-1,7.915562987e-1,6.207832336e0,-5.163685679e-1
train,3609,CC1=C(C)C2C3CC1C32,6.334810734e0,-2.834838033e-1,4.749337733e-1,2.374668837e0,6.051326752e0,-6.389887333e-1
train,3610,CC1=CC2(C)NC2C1O,6.541617393e0,-1.803714782e-1,1.583112627e-1,7.915562987e-1,6.361246109e0,-3.961708248e-1
train,3611,OCC1COCCCO1,8.849142075e0,1.107108034e-2,1.583112627e-1,7.915562987e-1,8.860213280e0,1.561738491e0
train,3612,C#CC(C)(C#N)C=O,5.937524319e0,3.613092601e-1,1.583112627e-1,7.915562987e-1,6.298833370e0,-4.450704157e-1
train,3613,OCC1C2CC(O)C1O2,8.400155067e0,1.750556678e-1,1.583112627e-1,7.915562987e-1,8.575210571e0,1.338442564e0
train,3614,Cc1ccn2c1CCC2,6.598761082e0,1.461411826e-2,1.583112627e-1,7.915562987e-1,6.613375187e0,-1.986308694e-1
train,3615,CCC1OC12C[NH+](C)C2,8.081781387e0,-2.501773536e-1,4.749337733e-1,2.374668837e0,7.831604004e0,7.558361292e-1
train,3616,N#CC1(O)C(=O)C2NC21,5.469488621e0,-4.063016176e-2,1.583112627e-1,7.915562987e-1,5.428858280e0,-1.126685023e0
train,3617,C1OC1C1C2CCC1O2,8.881796837e0,6.560428999e-3,1.583112627e-1,7.915562987e-1,8.888357162e0,1.583788872e0
train,3618,CC#CC1(N)CC1C#N,7.292651653e0,1.790709198e-1,1.583112627e-1,7.915562987e-1,7.471722603e0,4.738735557e-1
train,3619,CC1C(O)C12OC1CC12,7.937561512e0,9.585348517e-2,1.583112627e-1,7.915562987e-1,8.033414841e0,9.139523506e-1
train,3620,CC1C2C(O)C1C1NC12,7.904907227e0,-4.799988270e-1,1.583112627e-1,7.915562987e-1,7.424908638e0,4.371953905e-1
train,3621,COCC1NC2COC12,8.076338768e0,-1.695038378e-1,1.583112627e-1,7.915562987e-1,7.906835079e0,8.147786856e-1
train,3622,COCC1(C)C[NH+]2CC21,8.457298279e0,3.761863112e-1,1.583112627e-1,7.915562987e-1,8.833484650e0,1.540796995e0
train,3623,CC12CC=CC1(C#N)O2,6.479031086e0,-1.117483377e-1,1.583112627e-1,7.915562987e-1,6.367282867e0,-3.914411068e-1
train,3624,N#CC[NH+]1CC2OC2C1,7.009653091e0,3.054682612e-1,1.583112627e-1,7.915562987e-1,7.315121174e0,3.511782885e-1
train,3625,CN(C=O)CC(C)(C)O,7.366122246e0,-9.490406513e-2,1.583112627e-1,7.915562987e-1,7.271218300e0,3.167809546e-1
train,3626,COC(=O)C1C=CCN1,6.337531567e0,-1.755546331e-1,4.749337733e-1,2.374668837e0,6.161976814e0,-5.522958040e-1
train,3627,CC#CC1[NH2+]C(C)CO1,5.907591820e0,-6.190580875e-2,1.583112627e-1,7.915562987e-1,5.845685959e0,-8.001057506e-1
train,3628,COC12CC1C1C(C)C12,7.575649738e0,-1.406768262e-1,4.749337733e-1,2.374668837e0,7.434972763e0,4.450805187e-1
train,3629,C#CC(CC1CC1)=NO,5.619151115e0,-2.048810124e-1,1.583112627e-1,7.915562987e-1,5.414269924e0,-1.138114810e0
train,3630,COC1CC2CC1O2,8.925334930e0,1.777660698e-1,1.583112627e-1,7.915562987e-1,9.103100777e0,1.752037883e0
train,3631,C1CC1[NH+]1CC12COC2,8.098108292e0,6.393416226e-2,1.583112627e-1,7.915562987e-1,8.162042618e0,1.014730573e0
train,3632,OCC1CC2C(CO)C12,8.636894226e0,1.920651495e-1,1.583112627e-1,7.915562987e-1,8.828959465e0,1.537251592e0
train,3633,N#CCC1NC2CC12O,7.227344036e0,9.018048644e-2,1.583112627e-1,7.915562987e-1,7.317524433e0,3.530612290e-1
train,3634,Cc1[nH]c(CO)nc1O,5.880380630e0,2.385213599e-2,4.749337733e-1,2.374668837e0,5.904232979e0,-7.542348504e-1
train,3635,C1CC2C3CCC2C13,9.970252037e0,-1.543791592e-1,1.583112627e-1,7.915562987e-1,9.815873146e0,2.310486078e0
train,3636,O=COc1nc(O)c[nH]1,5.172884464e0,-3.831101209e-2,4.749337733e-1,2.374668837e0,5.134573460e0,-1.357253432e0
train,3637,C#Cc1c(N)noc1N,5.877659321e0,-1.435149089e-2,4.749337733e-1,2.374668837e0,5.863307953e0,-7.862991095e-1
train,3638,N#CC1N[CH+][NH2+]C1C=O,5.749765873e0,-7.163394988e-2,1.583112627e-1,7.915562987e-1,5.678132057e0,-9.313821197e-1
train,3639,CCC1(O)CC1(C)CO,8.650499344e0,2.354918867e-1,1.583112627e-1,7.915562987e-1,8.885991096e0,1.581935167e0
train,3640,CC(C1CC1)C(C)(C)O,8.985198975e0,1.287849844e-1,1.583112627e-1,7.915562987e-1,9.113984108e0,1.760564804e0
train,3641,O=CCCC1CCC1,6.225965023e0,3.485542834e-1,1.583112627e-1,7.915562987e-1,6.574519157e0,-2.290740758e-1
train,3642,OC1C(O)C12CCC2,7.575649738e0,5.507805198e-2,1.583112627e-1,7.915562987e-1,7.630727768e0,5.984520912e-1
train,3643,CC#CC1CC(C#N)O1,6.827336788e0,2.258269787e-1,1.583112627e-1,7.915562987e-1,7.053163528e0,1.459377706e-1
train,3644,CC1CC(=O)CC2OC12,6.122561455e0,5.564047024e-2,1.583112627e-1,7.915562987e-1,6.178202152e0,-5.395834446e-1
train,3645,CC12CC1OC2CO,8.304915428e0,7.463886142e-1,4.749337733e-1,2.374668837e0,9.051303864e0,1.711455584e0
train,3646,C#CC(C#C)(CO)CO,7.934839725e0,-2.024735808e-1,1.583112627e-1,7.915562987e-1,7.732366085e0,6.780844331e-1
train,3647,CCNC1=CC(=O)OC1,5.932082176e0,-9.083248377e-1,4.749337733e-1,2.374668837e0,5.023757458e0,-1.444076419e0
train,3648,CCC(O)C1CC1C=O,6.076302528e0,-3.101437390e-1,1.583112627e-1,7.915562987e-1,5.766158581e0,-8.624144197e-1
train,3649,C1=COC([NH2+]C2CC2)O1,6.081744671e0,-2.601251006e-1,1.583112627e-1,7.915562987e-1,5.821619511e0,-8.189615011e-1
train,3650,CC(C)N1CCC1=O,7.491294384e0,-6.805382669e-2,1.583112627e-1,7.915562987e-1,7.423240662e0,4.358885586e-1
train,3651,CC1(C2CC2)NCC1=O,5.817794323e0,6.667931080e-1,4.749337733e-1,2.374668837e0,6.484587669e0,-2.995342612e-1
train,3652,CCC1C2CCC1(O)C2,8.846421242e0,1.779156774e-1,1.583112627e-1,7.915562987e-1,9.024336815e0,1.690327287e0
train,3653,CC(C1CC1)C1CCO1,8.838258743e0,1.329032183e-1,1.583112627e-1,7.915562987e-1,8.971161842e0,1.648665309e0
train,3654,CC12CC3C4CC4[NH+]1C32,8.647777557e0,-9.514615685e-2,1.583112627e-1,7.915562987e-1,8.552631378e0,1.320752025e0
train,3655,CCc1cccoc1=O,4.832742214e0,1.955678612e-1,1.583112627e-1,7.915562987e-1,5.028310299e0,-1.440509319e0
train,3656,COC(C)[NH2+]C1CC1,6.982441425e0,-8.476864547e-2,1.583112627e-1,7.915562987e-1,6.897672653e0,2.411262877e-2
train,3657,CC12CC(O1)C(O)C2=O,5.306220055e0,8.296190947e-2,1.583112627e-1,7.915562987e-1,5.389182091e0,-1.157770753e0
train,3658,NC1=NCCN1C=O,5.719833374e0,-8.638532832e-3,4.749337733e-1,2.374668837e0,5.711194992e0,-9.054777026e-1
train,3659,C#CC#CC#CC,5.091249943e0,1.778050363e-1,4.749337733e-1,2.374668837e0,5.269054890e0,-1.251888871e0
train,3660,O=C1NCC[NH+]2CC12,6.781077385e0,7.350542396e-2,1.583112627e-1,7.915562987e-1,6.854582787e0,-9.647740982e-3
train,3661,O=C1CNC12CC2CO,5.874938488e0,-1.011788249e-1,1.583112627e-1,7.915562987e-1,5.773759842e0,-8.564589620e-1
train,3662,O=C1OC2OC1C1OC21,7.121219635e0,2.011473291e-2,1.583112627e-1,7.915562987e-1,7.141334534e0,2.150186449e-1
train,3663,O=C1C[NH+]2C3C=CC1C32,5.134788513e0,-1.148735732e-1,1.583112627e-1,7.915562987e-1,5.019915104e0,-1.447086811e0
train,3664,OC(CC1CO1)C1CC1,8.840979576e0,-2.953517735e-1,1.583112627e-1,7.915562987e-1,8.545627594e0,1.315264583e0
train,3665,CC1=CCC2(CO)OC12,6.634135723e0,6.756874919e-2,1.583112627e-1,7.915562987e-1,6.701704502e0,-1.294259578e-1
train,3666,CNC(=O)C1CCC1=O,5.651804924e0,-1.399581879e-1,1.583112627e-1,7.915562987e-1,5.511846542e0,-1.061664701e0
train,3667,CC1CC2(C#N)C[NH+]1C2,7.322584152e0,2.000939101e-1,1.583112627e-1,7.915562987e-1,7.522677898e0,5.137963891e-1
train,3668,CC12OCC1C1CC12,8.596076965e0,8.406779915e-2,1.583112627e-1,7.915562987e-1,8.680144310e0,1.420656800e0
train,3669,OC1C2[NH2+]C3OCC3C12,6.530732632e0,-1.669706404e-1,1.583112627e-1,7.915562987e-1,6.363761902e0,-3.941997290e-1
train,3670,CCC1(C)C(=O)NC1C,7.562044144e0,1.177229956e-1,1.583112627e-1,7.915562987e-1,7.679767132e0,6.368738413e-1
train,3671,Cc1cc2nn[nH]c2[nH]1,5.703506470e0,1.933439970e-1,1.583112627e-1,7.915562987e-1,5.896850586e0,-7.600188851e-1
train,3672,CC(C)C1C2COC21C,8.351174355e0,-6.258388758e-1,4.749337733e-1,2.374668837e0,7.725335598e0,6.725761294e-1
train,3673,C#CC(O)(CO)C(C)O,7.474967480e0,2.547625601e-1,1.583112627e-1,7.915562987e-1,7.729730129e0,6.760191917e-1
train,3674,CC1CC1CCCCO,9.319899559e0,1.125588119e-1,1.583112627e-1,7.915562987e-1,9.432457924e0,2.010085106e0
train,3675,C#CC(C)OCCC,7.970214844e0,-1.033312827e-1,1.583112627e-1,7.915562987e-1,7.866883755e0,7.834773660e-1
train,3676,CC(C#N)C1CC(=O)O1,7.815110207e0,-2.630560696e-1,1.583112627e-1,7.915562987e-1,7.552053928e0,5.368121266e-1
train,3677,C#CC1NC1(C)C(C)C,7.542996407e0,-2.592042685e-1,1.583112627e-1,7.915562987e-1,7.283792019e0,3.266322911e-1
train,3678,CN=C(N)NC(=O)OC,6.498078823e0,1.935582012e-1,1.583112627e-1,7.915562987e-1,6.691637039e0,-1.373136938e-1
train,3679,C#CC1C2C(C)[NH2+][CH+][NH+]12,6.225965023e0,5.216053873e-2,1.583112627e-1,7.915562987e-1,6.278125763e0,-4.612945616e-1
train,3680,[CH+]1[NH2+]C23CC(CC2O1)C3,6.996047020e0,-4.103716314e-1,1.583112627e-1,7.915562987e-1,6.585675240e0,-2.203334272e-1
train,3681,CC1CC(O)C(C=O)C1,6.288550854e0,1.657150239e-1,4.749337733e-1,2.374668837e0,6.454266071e0,-3.232908547e-1
train,3682,Cc1onnc1N(C)C,5.545680046e0,-1.852796972e-1,1.583112627e-1,7.915562987e-1,5.360400200e0,-1.180320978e0
train,3683,CCC1CC(C)CC1C,1.007093334e1,-5.815006495e-1,4.749337733e-1,2.374668837e0,9.489432335e0,2.054723740e0
train,3684,CC1(C2NCC2=O)CO1,5.929360867e0,1.491601914e-1,1.583112627e-1,7.915562987e-1,6.078521252e0,-6.176822186e-1
train,3685,[NH-]C1N=CON=CC1=O,4.691242695e0,1.174562573e-1,4.749337733e-1,2.374668837e0,4.808699131e0,-1.612571836e0
train,3686,C[CH+]1C(O)C=COC1[NH-],4.612329483e0,1.666424423e-1,1.583112627e-1,7.915562987e-1,4.778972149e0,-1.635862589e0
train,3687,CC1C2CC2C2C(O)C12,8.114435196e0,1.647237316e-2,1.583112627e-1,7.915562987e-1,8.130908012e0,9.903370142e-1
train,3688,C#CC1(O)CC1,7.548438072e0,1.737623662e-1,1.583112627e-1,7.915562987e-1,7.722200394e0,6.701197624e-1
train,3689,Oc1n[nH]c2[nH]nnc12,5.861332417e0,-3.987224698e-1,1.583112627e-1,7.915562987e-1,5.462609768e0,-1.100241065e0
train,3690,COC(C#N)C(O)C#N,8.266819000e0,1.078771800e-1,1.583112627e-1,7.915562987e-1,8.374695778e0,1.181341648e0
train,3691,CCC(C)=O,6.397397041e0,3.278684020e-1,1.583112627e-1,7.915562987e-1,6.725265503e0,-1.109662056e-1
train,3692,CNc1cc[nH+]nc1,4.541580200e0,-2.391789109e-1,1.583112627e-1,7.915562987e-1,4.302401066e0,-2.009250164e0
train,3693,CC1OC([NH-])C1CCO,7.812388420e0,2.165859938e-1,1.583112627e-1,7.915562987e-1,8.028974533e0,9.104734063e-1
train,3694,C#CC(=O)COC,5.668131351e0,-1.575138271e-1,1.583112627e-1,7.915562987e-1,5.510617733e0,-1.062627435e0
train,3695,CC12C=CCC1C(=O)O2,7.006931782e0,-3.491381183e-2,1.583112627e-1,7.915562987e-1,6.972017765e0,8.236108720e-2
train,3696,[H]N=CN1CC(=O)NC1=O,6.470867634e0,-1.451627910e-1,1.583112627e-1,7.915562987e-1,6.325705051e0,-4.240168035e-1
train,3697,C1COC([NH2+]C2CC2)C1,6.911692142e0,-1.768616289e-1,1.583112627e-1,7.915562987e-1,6.734830379e0,-1.034722477e-1
train,3698,CCC1C2CC3C2[NH+]13,8.909008026e0,-7.021746039e-1,4.749337733e-1,2.374668837e0,8.206833839e0,1.049823999e0
train,3699,N#CC1CC(CC=O)N1,5.619151115e0,-2.715710402e-1,1.583112627e-1,7.915562987e-1,5.347579956e0,-1.190365553e0
train,3700,CC[NH+]1C(C)C1(C)CO,8.076338768e0,-9.165982902e-2,1.583112627e-1,7.915562987e-1,7.984678745e0,8.757682443e-1
train,3701,CC1CC(C(O)CO)O1,8.277703285e0,-1.763744950e-1,1.583112627e-1,7.915562987e-1,8.101328850e0,9.671621323e-1
train,3702,CCC(C)=NO,6.971556664e0,-6.739122421e-2,1.583112627e-1,7.915562987e-1,6.904165268e0,2.919951081e-2
train,3703,CC1COCC2NC12C,8.343010902e0,2.608480155e-1,1.583112627e-1,7.915562987e-1,8.603858948e0,1.360888124e0
train,3704,OC1C2CCCCOC12,8.283145905e0,-4.219368696e-1,4.749337733e-1,2.374668837e0,7.861208916e0,7.790311575e-1
train,3705,CC1[NH2+]C2CC(O1)C2O,6.800125122e0,-1.940089464e-1,1.583112627e-1,7.915562987e-1,6.606116295e0,-2.043181211e-1
train,3706,O=C1C=CC=CCCO1,4.887165070e0,-1.303374767e-2,1.583112627e-1,7.915562987e-1,4.874131203e0,-1.561306715e0
train,3707,C#CC1C2CCC12OC,7.616467476e0,-1.546332389e-1,1.583112627e-1,7.915562987e-1,7.461834431e0,4.661262929e-1
train,3708,COCCC(C)(C)C=O,6.217801571e0,7.390668616e-3,1.583112627e-1,7.915562987e-1,6.225192070e0,-5.027674437e-1
train,3709,CC12CC1CNC2=O,7.349795341e0,5.289731547e-2,1.583112627e-1,7.915562987e-1,7.402692795e0,4.197895527e-1
train,3710,OCC1=CC2NC1C2O,6.264060974e0,7.091298699e-2,1.583112627e-1,7.915562987e-1,6.334973812e0,-4.167548418e-1
train,3711,CC(C)(O)C(O)C1CC1,8.911728859e0,-1.573767364e-1,1.583112627e-1,7.915562987e-1,8.754352570e0,1.478798032e0
train,3712,C#CC1CC1(CC)CC,7.853205681e0,4.538110923e-3,1.583112627e-1,7.915562987e-1,7.857743740e0,7.763162851e-1
train,3713,CC1[NH2+][CH+]OC12CCC2,7.289929867e0,-5.147536751e-3,1.583112627e-1,7.915562987e-1,7.284782410e0,3.274082541e-1
train,3714,CC1CC2(C1)CC2(C)O,8.609682083e0,6.682178471e-3,1.583112627e-1,7.915562987e-1,8.616364479e0,1.370686054e0
train,3715,CC#CCC1(C)NC1C,8.087224007e0,1.198420003e-1,1.583112627e-1,7.915562987e-1,8.207065582e0,1.050005555e0
train,3716,Cn1ncc(O)c1N,6.206917286e0,1.186306588e-2,1.583112627e-1,7.915562987e-1,6.218780518e0,-5.077908039e-1
train,3717,CC1CC1C(C)(C)C,9.159352303e0,3.710351139e-2,1.583112627e-1,7.915562987e-1,9.196455956e0,1.825180411e0
train,3718,CCC1(CCOC)CO1,9.300851822e0,-3.799333796e-2,1.583112627e-1,7.915562987e-1,9.262858391e0,1.877205968e0
train,3719,CCC1=CCCC2NC12,6.742980957e0,-2.900101840e-1,1.583112627e-1,7.915562987e-1,6.452970982e0,-3.243055344e-1
train,3720,NC(=O)N1CC2C(O)C21,7.333467960e0,-1.180112734e-1,1.583112627e-1,7.915562987e-1,7.215456486e0,2.730922699e-1
train,3721,CC(CO)C(=O)CCO,6.261340141e0,-3.336722776e-2,4.749337733e-1,2.374668837e0,6.227972984e0,-5.005886555e-1
train,3722,C1#CCCCCCCC1,7.801504612e0,1.113612652e0,4.749337733e-1,2.374668837e0,8.915117264e0,1.604755163e0
train,3723,CC1=CC2CC3C(O2)C13,6.617809296e0,3.914747387e-2,1.583112627e-1,7.915562987e-1,6.656956673e0,-1.644853204e-1
train,3724,CC(O)C1CC(=O)C1O,5.556564808e0,1.579257287e-2,1.583112627e-1,7.915562987e-1,5.572357178e0,-1.014255404e0
train,3725,N#CC1CC2OCC=C12,6.277666569e0,1.645296663e-1,1.583112627e-1,7.915562987e-1,6.442196369e0,-3.327473104e-1
train,3726,C#CC1CC2(CN2)CO1,7.728034019e0,1.808283478e-2,1.583112627e-1,7.915562987e-1,7.746116638e0,6.888578534e-1
train,3727,CC(C)OC1(CO)CC1,8.623288155e0,5.778231099e-2,1.583112627e-1,7.915562987e-1,8.681070328e0,1.421382308e0
train,3728,CC1C(O)CC12C[NH+]2C,7.904907227e0,2.577049732e-1,1.583112627e-1,7.915562987e-1,8.162611961e0,1.015176654e0
train,3729,O=C1OCCC12CO2,6.838221550e0,1.324276440e-3,1.583112627e-1,7.915562987e-1,6.839545727e0,-2.142908797e-2
train,3730,CNc1c[nH]c(C#N)n1,4.628656864e0,-5.182966590e-1,4.749337733e-1,2.374668837e0,4.110360146e0,-2.159711599e0
train,3731,CC1[NH+]2CC1(C#N)C2,7.423265934e0,-7.609447092e-2,4.749337733e-1,2.374668837e0,7.347171307e0,3.762891889e-1
train,3732,CCC1CC1(O)C1CN1,8.027358055e0,3.226679862e-1,1.583112627e-1,7.915562987e-1,8.350026131e0,1.162013292e0
train,3733,[NH-]C1OCCCC2NC21,7.053191185e0,2.257882059e-1,1.583112627e-1,7.915562987e-1,7.278979301e0,3.228615820e-1
train,3734,CC(O)C1OC(=O)C1N,6.930739880e0,2.438247651e-1,1.583112627e-1,7.915562987e-1,7.174564838e0,2.410541773e-1
train,3735,Nc1cc[nH]c1O,6.508963585e0,-1.288125757e-2,1.583112627e-1,7.915562987e-1,6.496082306e0,-2.905283570e-1
train,3736,CN1C(=O)C2CC21C#N,6.408281326e0,-1.382879540e-2,1.583112627e-1,7.915562987e-1,6.394452572e0,-3.701539934e-1
train,3737,CCC1C2COCC1C2,9.015131950e0,6.247789599e-3,1.583112627e-1,7.915562987e-1,9.021379471e0,1.688010216e0
train,3738,C#CCC1(C)CCC1O,8.245050430e0,1.258659065e-1,1.583112627e-1,7.915562987e-1,8.370916367e0,1.178380609e0
train,3739,O=C1C[NH+]2C1C1C(O)C12,5.406902313e0,-1.856704205e-1,1.583112627e-1,7.915562987e-1,5.221231937e0,-1.289357662e0
train,3740,O=Cc1nccc(=O)[nH]1,4.220486164e0,5.573352799e-2,1.583112627e-1,7.915562987e-1,4.276219845e0,-2.029762745e0
train,3741,CC1OC1CCCC=O,6.220522881e0,-4.444532469e-2,1.583112627e-1,7.915562987e-1,6.176077366e0,-5.412482023e-1
train,3742,O=CC1C=CC2COC12,6.168820858e0,3.967706859e-2,1.583112627e-1,7.915562987e-1,6.208498001e0,-5.158470273e-1
train,3743,CCC1(C#N)CCOC1,8.323963165e0,1.598884538e-2,1.583112627e-1,7.915562987e-1,8.339952469e0,1.154120684e0
train,3744,CC1=NCC2[NH2+]CCN12,5.820515633e0,3.766863421e-2,1.583112627e-1,7.915562987e-1,5.858184338e0,-7.903134227e-1
train,3745,CC(C)C1C2CCOC21,8.563423157e0,-2.765646577e-1,1.583112627e-1,7.915562987e-1,8.286858559e0,1.112522364e0
train,3746,CNC1(C)COC1C#N,6.476309776e0,3.371752426e-2,1.583112627e-1,7.915562987e-1,6.510027409e0,-2.796025574e-1
train,3747,N#CC#Cc1cnno1,4.881722450e0,-2.270716429e-2,1.583112627e-1,7.915562987e-1,4.859015465e0,-1.573149681e0
train,3748,OC1C=CC2C3C[NH+]2C13,6.133446217e0,-2.580714822e-1,1.583112627e-1,7.915562987e-1,5.875374794e0,-7.768449187e-1
train,3749,Oc1ncc(F)nc1O,5.004173756e0,9.172677994e-3,1.583112627e-1,7.915562987e-1,5.013346672e0,-1.452233076e0
train,3750,Cc1[nH]cnc1CC#N,6.661347389e0,5.747005343e-2,4.749337733e-1,2.374668837e0,6.718817234e0,-1.160183474e-1
train,3751,OCCC12CC1CC2O,8.707643509e0,-1.484878212e-1,1.583112627e-1,7.915562987e-1,8.559155464e0,1.325863481e0
train,3752,C#CC1C(C#C)C2CC12,7.782456875e0,-1.576583646e-2,1.583112627e-1,7.915562987e-1,7.766691208e0,7.049777508e-1
train,3753,CC12CCC3C[NH+]3C1C2,8.138925552e0,2.444779873e-1,1.583112627e-1,7.915562987e-1,8.383403778e0,1.188164353e0
train,3754,CC(C)C1(C#N)CN1,8.000147820e0,3.619026020e-2,1.583112627e-1,7.915562987e-1,8.036337852e0,9.162424803e-1
train,3755,OCC1COC2CC12,8.155252457e0,2.633706331e-1,1.583112627e-1,7.915562987e-1,8.418622971e0,1.215758085e0
train,3756,O=C1C=CC(CO)OC1,4.868116856e0,1.950386018e-1,1.583112627e-1,7.915562987e-1,5.063155651e0,-1.413208365e0
train,3757,CCC(=NC)NC(N)=O,6.609645367e0,1.928036511e-1,1.583112627e-1,7.915562987e-1,6.802449226e0,-5.049373209e-2
train,3758,[NH-]C1CC(CCO)O1,7.866811275e0,2.086343169e-1,1.583112627e-1,7.915562987e-1,8.075445175e0,9.468826056e-1
train,3759,CC1(O)C2CC3C1C32O,8.353896141e0,-5.342396442e-3,1.583112627e-1,7.915562987e-1,8.348553658e0,1.160859704e0
train,3760,C#CC(C)COC(C)[NH-],7.964772224e0,1.966463774e-1,1.583112627e-1,7.915562987e-1,8.161418915e0,1.014241934e0
train,3761,C#Cc1c(O)noc1N,5.904870510e0,4.711041600e-2,4.749337733e-1,2.374668837e0,5.951981068e0,-7.168248296e-1
train,3762,CC#CC(C)NCC#N,7.107614040e0,9.995849431e-2,1.583112627e-1,7.915562987e-1,7.207572460e0,2.669152319e-1
train,3763,CC12CC(O)CC(C1)O2,8.310358047e0,2.118814439e-1,1.583112627e-1,7.915562987e-1,8.522239685e0,1.296940446e0
train,3764,CCC#CC1NC1C#N,7.039586067e0,-2.451585978e-1,1.583112627e-1,7.915562987e-1,6.794427395e0,-5.677873269e-2
train,3765,CC1COC1(C)C1CN1,8.498115540e0,-6.272661686e-2,1.583112627e-1,7.915562987e-1,8.435388565e0,1.228893757e0
train,3766,CC1CC2CC(=O)C12O,5.913033962e0,-1.213482469e-1,1.583112627e-1,7.915562987e-1,5.791685581e0,-8.424143195e-1
train,3767,O=Cc1cc(CO)n[nH]1,5.227307320e0,1.957126334e-2,1.583112627e-1,7.915562987e-1,5.246878624e0,-1.269263744e0
train,3768,N#CC1=C2COC2CC1,5.548401356e0,3.718504310e-1,1.583112627e-1,7.915562987e-1,5.920251846e0,-7.416843176e-1
train,3769,NC(=O)C12CC=CC1N2,6.351137638e0,1.232477203e-1,1.583112627e-1,7.915562987e-1,6.474385262e0,-3.075277209e-1
train,3770,N#CC12NC1CC2C=O,5.698064327e0,-1.988486350e-1,1.583112627e-1,7.915562987e-1,5.499215603e0,-1.071560860e0
train,3771,CC(C)c1cc(O)c[nH]1,6.274945736e0,-4.147689417e-2,1.583112627e-1,7.915562987e-1,6.233469009e0,-4.962825775e-1
train,3772,Cc1cc(O)nc(N)n1,5.727996826e0,3.694307804e-2,1.583112627e-1,7.915562987e-1,5.764939785e0,-8.633693457e-1
train,3773,C1CC2CC(CO1)C2,8.854584694e0,-1.902104020e-1,1.583112627e-1,7.915562987e-1,8.664374352e0,1.408301234e0
train,3774,Nc1coc(O)cc1=O,5.153836727e0,-8.881282061e-2,1.583112627e-1,7.915562987e-1,5.065023899e0,-1.411744595e0
train,3775,O=CC12CC(CO1)C2O,5.469488621e0,6.074494720e-1,4.749337733e-1,2.374668837e0,6.076938152e0,-6.189225316e-1
train,3776,Cc1nc(CO)oc1C,6.364743233e0,1.141458750e-1,4.749337733e-1,2.374668837e0,6.478888988e0,-3.039990962e-1
train,3777,COC([NH-])C(C=O)OC,6.054533005e0,1.977501810e-1,1.583112627e-1,7.915562987e-1,6.252283096e0,-4.815419912e-1
train,3778,N#CCNc1c[nH]cn1,6.076302528e0,-1.716369018e-2,4.749337733e-1,2.374668837e0,6.059138775e0,-6.328681111e-1
train,3779,N#CC1COCC([NH-])N1,6.936182499e0,-3.400580287e-1,4.749337733e-1,2.374668837e0,6.596124649e0,-2.121464461e-1
train,3780,CC12NC1C1NC2C1=O,6.269503117e0,8.330787718e-2,1.583112627e-1,7.915562987e-1,6.352810860e0,-4.027797282e-1
train,3781,c1ncc2nnoc2n1,5.077644348e0,-4.490321130e-2,1.583112627e-1,7.915562987e-1,5.032741070e0,-1.437037826e0
train,3782,OC1C[NH+]2C1C2C1CO1,7.896743774e0,-1.213125605e-2,1.583112627e-1,7.915562987e-1,7.884612560e0,7.973676324e-1
train,3783,C#CC1OCCC1C=O,6.062696934e0,1.338977367e-1,1.583112627e-1,7.915562987e-1,6.196594715e0,-5.251731277e-1
train,3784,C1=CC2C=CC(CC1)O2,6.547059536e0,-8.165479451e-2,1.583112627e-1,7.915562987e-1,6.465404510e0,-3.145640194e-1
train,3785,O1C2OC3C1C1OC3C21,8.299472809e0,-2.524401844e-1,1.583112627e-1,7.915562987e-1,8.047032356e0,9.246215224e-1
train,3786,CC(=O)C1CCC(=O)N1,5.823236465e0,-6.034253836e-1,4.749337733e-1,2.374668837e0,5.219810963e0,-1.290470958e0
train,3787,ONC1COC1,6.672231674e0,-4.954648763e-2,1.583112627e-1,7.915562987e-1,6.622684956e0,-1.913367808e-1
train,3788,COc1cn[nH]c1N,6.160657883e0,-1.707194448e-1,1.583112627e-1,7.915562987e-1,5.989938259e0,-6.870858669e-1
train,3789,CCCOC1NCC[NH2+]1,7.526669502e0,1.830803156e-1,1.583112627e-1,7.915562987e-1,7.709749699e0,6.603648067e-1
train,3790,[H]N=CN(C=N[H])C(C=O)=N[H],4.933423996e0,-5.938291550e-2,1.583112627e-1,7.915562987e-1,4.874041080e0,-1.561377287e0
train,3791,Cc1[nH]c(N)nc1C#N,5.632756710e0,2.344483584e-1,4.749337733e-1,2.374668837e0,5.867205143e0,-7.832457423e-1
train,3792,CC1(C)CCC(=O)CO1,5.733438969e0,1.143926308e-1,1.583112627e-1,7.915562987e-1,5.847831726e0,-7.984245420e-1
train,3793,Nc1c(F)cn[nH]c1=O,4.742944717e0,-1.349918544e-1,1.583112627e-1,7.915562987e-1,4.607953072e0,-1.769853950e0
train,3794,O=C1COCCC12CC2,5.760650635e0,-2.179576904e-1,1.583112627e-1,7.915562987e-1,5.542693138e0,-1.037496805e0
train,3795,[NH-]C1OC2C1OC21CC1,6.881759644e0,7.123125345e-2,1.583112627e-1,7.915562987e-1,6.952991009e0,6.745386124e-2
train,3796,CN(C=O)CCO,7.341631889e0,2.319701910e-1,1.583112627e-1,7.915562987e-1,7.573602200e0,5.536949635e-1
train,3797,N#CCC1(O)COC1[NH-],7.605582714e0,8.052282780e-2,1.583112627e-1,7.915562987e-1,7.686105728e0,6.418400407e-1
train,3798,CNc1ocnc1C#N,5.684458733e0,-7.806792855e-1,4.749337733e-1,2.374668837e0,4.903779507e0,-1.538077593e0
train,3799,CC(C=O)C(C)(C)C#N,5.975620270e0,-6.190063059e-2,1.583112627e-1,7.915562987e-1,5.913719654e0,-7.468022108e-1
train,3800,C1OCC2C3OC1OC23,8.364779472e0,-6.005398631e-1,4.749337733e-1,2.374668837e0,7.764239788e0,7.030571103e-1
train,3801,CCc1cocc1NC,6.049090862e0,1.306340396e-1,1.583112627e-1,7.915562987e-1,6.179724693e0,-5.383905768e-1
train,3802,CC(O)C(=O)C(=O)C=O,3.684421539e0,4.401415214e-2,4.749337733e-1,2.374668837e0,3.728435755e0,-2.458944559e0
train,3803,CCC(C)CC(C)CO,9.270918846e0,-5.370465294e-2,1.583112627e-1,7.915562987e-1,9.217214584e0,1.841444612e0
train,3804,CC(O)CC1(C)NC1C,8.285867691e0,-1.377402693e-1,1.583112627e-1,7.915562987e-1,8.148127556e0,1.003828287e0
train,3805,CC1(C#CC#N)COC1,6.136167526e0,1.034840420e-1,1.583112627e-1,7.915562987e-1,6.239651680e0,-4.914385378e-1
train,3806,CC1CC(C(C)C=O)C1,6.119840622e0,-3.861225769e-2,1.583112627e-1,7.915562987e-1,6.081228256e0,-6.155613065e-1
train,3807,CC1C(=O)CC1NC=O,5.831399918e0,-1.274766922e-1,1.583112627e-1,7.915562987e-1,5.703923225e0,-9.111750722e-1
train,3808,c1[nH]nc2c1C1OC1C2,6.816452026e0,-7.205034792e-2,1.583112627e-1,7.915562987e-1,6.744401455e0,-9.597343206e-2
train,3809,C#CC1CC2(C#C)CC12,7.132104397e0,2.194087058e-1,1.583112627e-1,7.915562987e-1,7.351512909e0,3.796907663e-1
train,3810,CC1=NC(C)C(C)CO1,7.289929867e0,1.280518174e-1,1.583112627e-1,7.915562987e-1,7.417981625e0,4.317681789e-1
train,3811,CCC1C2OCC12O,7.820552349e0,2.219792008e-1,4.749337733e-1,2.374668837e0,8.042531967e0,9.210954905e-1
train,3812,OCC1=CCOCC1,7.123940468e0,1.622248590e-1,1.583112627e-1,7.915562987e-1,7.286165237e0,3.284916878e-1
train,3813,CC(C)c1nc[nH]n1,7.328026772e0,3.381427526e-1,4.749337733e-1,2.374668837e0,7.666169643e0,6.262203455e-1
train,3814,CC1C[NH+]2CC2C1=O,5.858611107e0,7.823375612e-2,1.583112627e-1,7.915562987e-1,5.936844826e0,-7.286838889e-1
train,3815,COCCCCC=O,6.231407166e0,-2.023254782e-1,1.583112627e-1,7.915562987e-1,6.029081821e0,-6.564173698e-1
train,3816,CC1C2COC12C,8.460020065e0,-9.933459759e-1,4.749337733e-1,2.374668837e0,7.466673851e0,4.699179232e-1
train,3817,CC(O)CCCC(C)O,8.925334930e0,-1.689914800e-2,1.583112627e-1,7.915562987e-1,8.908435822e0,1.599520326e0
train,3818,C#CC12C=CC(=O)C1O2,4.576955318e0,-1.441412866e-1,1.583112627e-1,7.915562987e-1,4.432814121e0,-1.907073021e0
train,3819,CC[NH+]1C2COCC21C,8.307636261e0,1.262097061e-1,1.583112627e-1,7.915562987e-1,8.433845520e0,1.227684736e0
train,3820,CCCC(O)CC(C)O,8.778392792e0,8.035241812e-2,1.583112627e-1,7.915562987e-1,8.858745575e0,1.560588598e0
train,3821,COC(C)(C#N)CN,7.379727840e0,2.212870121e-1,1.583112627e-1,7.915562987e-1,7.601015091e0,5.751726031e-1
train,3822,CC1C(C)C1C[NH+]1CC1,8.402875900e0,8.430103958e-2,1.583112627e-1,7.915562987e-1,8.487176895e0,1.269469261e0
train,3823,Cc1cc(O)n(C)n1,6.957951069e0,6.097955629e-2,1.583112627e-1,7.915562987e-1,7.018930435e0,1.191165745e-1
train,3824,CC12CCOC(C1)C2,8.577029228e0,-1.038809046e-1,1.583112627e-1,7.915562987e-1,8.473148346e0,1.258478045e0
train,3825,C[NH+]1C2C3COC(C3)C21,8.340289116e0,2.432592213e-1,1.583112627e-1,7.915562987e-1,8.583548546e0,1.344975233e0
train,3826,CC(C)(O)COC=O,7.771572113e0,-3.435547948e-1,1.583112627e-1,7.915562987e-1,7.428017139e0,4.396308661e-1
train,3827,CC1NC(=O)CC1CO,7.428708553e0,-8.729271889e-1,4.749337733e-1,2.374668837e0,6.555781364e0,-2.437548935e-1
train,3828,CCC(C)C#CC(C)O,7.825994968e0,7.745703459e-1,4.749337733e-1,2.374668837e0,8.600564957e0,1.358307362e0
train,3829,OCC1(CO)C2CCC21,8.095387459e0,-1.470298320e-1,1.583112627e-1,7.915562987e-1,7.948357582e0,8.473110795e-1
train,3830,[NH-]C1OC=C(O)OC1=O,4.361985207e0,1.755537689e-1,4.749337733e-1,2.374668837e0,4.537539005e0,-1.825022459e0
train,3831,CC1CCC1C(=O)C=O,4.163341999e0,-3.724064529e-1,1.583112627e-1,7.915562987e-1,3.790935516e0,-2.409976959e0
train,3832,CC1C(O)C2C3CC3[NH+]12,7.178363323e0,-2.988725603e-1,1.583112627e-1,7.915562987e-1,6.879490852e0,9.867415763e-3
train,3833,CCc1noc(OC)n1,7.064075947e0,4.991928488e-2,1.583112627e-1,7.915562987e-1,7.113995075e0,1.935985237e-1
train,3834,NC1[NH2+]C2CCCC2O1,7.594697952e0,-3.901695833e-2,1.583112627e-1,7.915562987e-1,7.555681229e0,5.396540761e-1
train,3835,CC12CC1[NH2+]C(CO)N2,6.402839184e0,5.561332405e-2,1.583112627e-1,7.915562987e-1,6.458452702e0,-3.200106919e-1
train,3836,N#CC1C2CNC12CO,7.211016655e0,1.483945549e-1,1.583112627e-1,7.915562987e-1,7.359411240e0,3.858790100e-1
train,3837,C1=CC2C3CC(C1)CC23,6.647741318e0,9.463683516e-2,1.583112627e-1,7.915562987e-1,6.742378235e0,-9.755859524e-2
train,3838,CC(=O)c1ccc[nH]1,5.104856014e0,5.199437216e-2,1.583112627e-1,7.915562987e-1,5.156850338e0,-1.339799762e0
train,3839,N#CC1=CCCC12CC2,5.591939926e0,2.440074533e-1,1.583112627e-1,7.915562987e-1,5.835947514e0,-8.077356815e-1
train,3840,Cc1n[nH]cc1O,6.451819897e0,5.988200381e-2,1.583112627e-1,7.915562987e-1,6.511702061e0,-2.782904804e-1
train,3841,C#Cc1cc([NH-])[nH+]cn1,4.405523300e0,2.447123230e-1,1.583112627e-1,7.915562987e-1,4.650235653e0,-1.736726046e0
train,3842,C#CC(=O)C#C,5.175605774e0,-1.066232100e-2,4.749337733e-1,2.374668837e0,5.164943218e0,-1.333459139e0
train,3843,Nc1cnn(C=O)c1N,4.996010303e0,-2.600558400e-1,1.583112627e-1,7.915562987e-1,4.735954285e0,-1.669566512e0
train,3844,O=C1C2CC3C1C23CO,6.596040249e0,3.170435429e-1,4.749337733e-1,2.374668837e0,6.913084030e0,3.618724644e-2
train,3845,CCC1CC12CCOC2,9.148468018e0,-2.432461455e-2,1.583112627e-1,7.915562987e-1,9.124143600e0,1.768524647e0
train,3846,C#CC1[NH+]2C3CC2C13O,7.401497364e0,-1.712940633e-3,1.583112627e-1,7.915562987e-1,7.399784565e0,4.175110161e-1
train,3847,C#CC1([NH+]2CC2)CCC1,7.499457359e0,-1.157319173e-1,1.583112627e-1,7.915562987e-1,7.383725643e0,4.049290419e-1
train,3848,COC1(C)CCOC1,8.903565407e0,-2.615734376e-2,1.583112627e-1,7.915562987e-1,8.877408028e0,1.575210452e0
train,3849,CCCNc1ccno1,6.081744671e0,-6.598029137e-1,4.749337733e-1,2.374668837e0,5.421941757e0,-1.132104039e0
train,3850,COC(C)C12COC1C2,8.209674835e0,-3.758387566e-1,4.749337733e-1,2.374668837e0,7.833836079e0,7.575849295e-1
train,3851,C#Cc1nc(C#N)no1,5.638199329e0,-1.359834075e-1,1.583112627e-1,7.915562987e-1,5.502215862e0,-1.069210291e0
train,3852,O=c1ccncc(O)c1,4.000073910e0,-2.024186105e-1,1.583112627e-1,7.915562987e-1,3.797655344e0,-2.404711962e0
train,3853,O=CCC1CC2CC2C1,6.190590382e0,-1.130007729e-1,1.583112627e-1,7.915562987e-1,6.077589512e0,-6.184121966e-1
train,3854,C[NH+]1CC1C1CC1,8.495394707e0,4.035856426e-1,4.749337733e-1,2.374668837e0,8.898980141e0,1.592111945e0
train,3855,COc1[nH]cc(N)c1N,6.182426929e0,2.252599746e-1,1.583112627e-1,7.915562987e-1,6.407686710e0,-3.597851992e-1
train,3856,CC12CC1(C)C(=O)N2,6.862711906e0,-7.060527802e-2,1.583112627e-1,7.915562987e-1,6.792106628e0,-5.859702453e-2
train,3857,[NH-]C1OCC12C1C[NH+]2C1,6.764750481e0,-6.536025405e-1,4.749337733e-1,2.374668837e0,6.111147881e0,-5.921196342e-1
train,3858,CC1CC(C(=O)C=O)C1,4.217764854e0,-2.149629742e-1,1.583112627e-1,7.915562987e-1,4.002801895e0,-2.243982315e0
train,3859,C#CC(C)C#CC(C)O,7.760687351e0,3.156945407e-1,1.583112627e-1,7.915562987e-1,8.076381683e0,9.476163387e-1
train,3860,N#CC(CO)CC1CO1,8.313077927e0,3.312149048e-1,1.583112627e-1,7.915562987e-1,8.644292831e0,1.392567635e0
train,3861,CCC(OC)C(O)C#N,7.382448673e0,3.736656308e-1,1.583112627e-1,7.915562987e-1,7.756114483e0,6.966910362e-1
train,3862,Cc1nc(C)[nH]c(=O)n1,5.521190166e0,-1.133806035e-1,1.583112627e-1,7.915562987e-1,5.407809734e0,-1.143176198e0
train,3863,CN1C=CC(=O)C1=O,4.027285099e0,1.236015484e-1,1.583112627e-1,7.915562987e-1,4.150886536e0,-2.127959728e0
train,3864,COc1c(C)ccn1C,6.476309776e0,7.804947346e-2,1.583112627e-1,7.915562987e-1,6.554359436e0,-2.448689640e-1
train,3865,C1=CC2C3CC2C3OC1,6.674952984e0,1.214251369e-1,1.583112627e-1,7.915562987e-1,6.796378136e0,-5.525035411e-2
train,3866,CC1CC(O)(CO)C1=O,5.355200768e0,6.670598686e-2,1.583112627e-1,7.915562987e-1,5.421906948e0,-1.132131219e0
train,3867,CC1OCC2(C)OC12,9.317178726e0,-1.898010075e-1,1.583112627e-1,7.915562987e-1,9.127377510e0,1.771058321e0
train,3868,C[NH+]=C(N)c1nnc[nH]1,4.802809238e0,-1.971070915e-1,1.583112627e-1,7.915562987e-1,4.605701923e0,-1.771617651e0
train,3869,O=C1NC2C3NC3C12,6.976998806e0,-1.319780797e-1,4.749337733e-1,2.374668837e0,6.845020771e0,-1.713946089e-2
train,3870,O=CNC1CNC1=O,7.466804028e0,-8.580324054e-2,1.583112627e-1,7.915562987e-1,7.381000996e0,4.027943015e-1
train,3871,CC1(C#N)CCOC1,8.334847450e0,1.044028327e-1,1.583112627e-1,7.915562987e-1,8.439249992e0,1.231919050e0
train,3872,CCC1(C)C(C)C1C,8.966151237e0,-2.675893903e-2,1.583112627e-1,7.915562987e-1,8.939392090e0,1.623774171e0
train,3873,CC1=C(C)C2(C)CC1O2,6.310320377e0,-5.878985394e-3,1.583112627e-1,7.915562987e-1,6.304441452e0,-4.406765699e-1
train,3874,CCCC1COC1[NH-],7.874975204e0,-4.579794034e-2,1.583112627e-1,7.915562987e-1,7.829177380e0,7.539348602e-1
train,3875,CC(=O)CCCCCO,6.378348827e0,7.497338951e-2,1.583112627e-1,7.915562987e-1,6.453322411e0,-3.240301907e-1
train,3876,OC1C2CC13CC=CC23,6.966114998e0,9.400492534e-3,1.583112627e-1,7.915562987e-1,6.975515366e0,8.510141820e-2
train,3877,OCC1C(O)C2CC12O,8.138925552e0,6.026531383e-2,1.583112627e-1,7.915562987e-1,8.199191093e0,1.043835998e0
train,3878,CCOC(C)C(O)C#N,8.057291031e0,9.334404022e-3,1.583112627e-1,7.915562987e-1,8.066625595e0,9.399725795e-1
train,3879,CC12CC1CCC2C#N,8.596076965e0,3.385473508e-3,1.583112627e-1,7.915562987e-1,8.599462509e0,1.357443571e0
train,3880,NC(=O)C1=CNC(=O)C1,5.216422558e0,6.557383537e-1,4.749337733e-1,2.374668837e0,5.872160912e0,-7.793629169e-1
train,3881,C#CCN(C=O)CC=O,5.733438969e0,1.539931893e-1,4.749337733e-1,2.374668837e0,5.887432098e0,-7.673981786e-1
train,3882,CC1C2CNC12C#N,6.574271202e0,1.465296000e-1,1.583112627e-1,7.915562987e-1,6.720800877e0,-1.144641861e-1
train,3883,CC(=O)n1cnc(O)c1,4.704848766e0,7.814717479e-3,4.749337733e-1,2.374668837e0,4.712663651e0,-1.687814474e0
train,3884,C#CC1C(=O)C2OCC12,5.284451008e0,-3.609616756e-1,4.749337733e-1,2.374668837e0,4.923489571e0,-1.522634983e0
train,3885,CCOC(C)(C#N)CC,8.215117455e0,-6.937114894e-2,1.583112627e-1,7.915562987e-1,8.145746231e0,1.001962543e0
train,3886,[NH-]C1=CC(N)C(O)CO1,5.382411957e0,-2.570809424e-1,1.583112627e-1,7.915562987e-1,5.125330925e0,-1.364494801e0
train,3887,CCOC(C)C1CC1O,8.040965080e0,-7.529614493e-3,1.583112627e-1,7.915562987e-1,8.033435822e0,9.139688015e-1
train,3888,CC(C)C12C=CCC1O2,6.748423576e0,-1.366100907e-1,1.583112627e-1,7.915562987e-1,6.611813545e0,-1.998543888e-1
train,3889,N#CC1(OC2CC2)CC1,7.589255333e0,1.238139123e-1,1.583112627e-1,7.915562987e-1,7.713069439e0,6.629657745e-1
train,3890,C#CC(O[CH+][NH-])C(N)=O,6.955230236e0,9.235033067e-4,1.583112627e-1,7.915562987e-1,6.956153870e0,6.993192434e-2
train,3891,C#CC#CC1(C)OC1C,5.915755272e0,5.024664104e-2,1.583112627e-1,7.915562987e-1,5.966001987e0,-7.058396339e-1
train,3892,[NH-]C1CC(=O)CCO1,6.114398479e0,2.126563154e-2,4.749337733e-1,2.374668837e0,6.135663986e0,-5.729115605e-1
train,3893,CCC1CC(C)(C)C1=O,5.864053726e0,2.701103687e-1,1.583112627e-1,7.915562987e-1,6.134163857e0,-5.740869045e-1
train,3894,CC1C2C=CC1(CO)C2,6.571549892e0,-7.788704038e-1,4.749337733e-1,2.374668837e0,5.792679310e0,-8.416357636e-1
train,3895,O=C1OC2C1CC1NC12,7.513063908e0,-5.158387870e-2,1.583112627e-1,7.915562987e-1,7.461480141e0,4.658487141e-1
train,3896,COC1CC1(C)O,8.579750061e0,1.414118707e-1,1.583112627e-1,7.915562987e-1,8.721161842e0,1.452793479e0
train,3897,CC12C=CC(O1)C([NH-])O2,6.462704182e0,-3.025715649e-1,1.583112627e-1,7.915562987e-1,6.160132408e0,-5.537408590e-1
train,3898,OC1(c2ccn[nH]2)CC1,6.669510841e0,-2.330769449e-1,1.583112627e-1,7.915562987e-1,6.436433792e0,-3.372622132e-1
train,3899,CCC(N)=O,7.600140095e0,5.350294709e-1,4.749337733e-1,2.374668837e0,8.135169983e0,9.936762452e-1
train,3900,C#CC1(O)CCC(O)C1,8.136203766e0,1.606481075e-1,4.749337733e-1,2.374668837e0,8.296852112e0,1.120352149e0
train,3901,CC12CC3COC1C2C3,8.089944839e0,9.239897132e-3,1.583112627e-1,7.915562987e-1,8.099184990e0,9.654824734e-1
train,3902,N#CC1CC2CCC1C2,9.162073135e0,-2.448237091e-1,1.583112627e-1,7.915562987e-1,8.917249680e0,1.606425881e0
train,3903,[H]N=C(C=O)NCC(C)O,4.623214245e0,1.822398156e-1,1.583112627e-1,7.915562987e-1,4.805454254e0,-1.615114212e0
train,3904,C#CC1(C(C)OC)CN1,7.706264496e0,1.399592459e-1,1.583112627e-1,7.915562987e-1,7.846223831e0,7.672905326e-1
train,3905,CC1O[CH+][NH2+]C1C1CN1,6.895365238e0,5.777644366e-2,4.749337733e-1,2.374668837e0,6.953141689e0,6.757192314e-2
train,3906,ONC1C2OC2C12CN2,6.236849785e0,9.798271209e-2,1.583112627e-1,7.915562987e-1,6.334832668e0,-4.168654382e-1
train,3907,COC12CC=CC1OC2,6.840942383e0,-3.015347123e-1,1.583112627e-1,7.915562987e-1,6.539407730e0,-2.565834224e-1
train,3908,O=C1C=CCCCCC1,5.706227779e0,1.223357208e-2,1.583112627e-1,7.915562987e-1,5.718461514e0,-8.997845054e-1
train,3909,CC12C[NH+]3CC[NH+]1CC32,7.461361885e0,1.299206316e-1,4.749337733e-1,2.374668837e0,7.591282368e0,5.675471425e-1
train,3910,[H]N=CN1C(=O)C2OCC21,5.763371468e0,-7.407968398e-3,1.583112627e-1,7.915562987e-1,5.755963326e0,-8.704022765e-1
train,3911,OCC(O)C1C2COC21,8.280425072e0,3.393691406e-2,4.749337733e-1,2.374668837e0,8.314361572e0,1.134070635e0
train,3912,CC1OC(C)(C)C1C#N,7.684495449e0,5.030190572e-2,1.583112627e-1,7.915562987e-1,7.734797478e0,6.799893975e-1
train,3913,CC1(CO)C2C=CC1O2,6.269503117e0,1.616572589e-1,1.583112627e-1,7.915562987e-1,6.431160450e0,-3.413938284e-1
train,3914,CCCC(C)(CC)CC,9.907666206e0,-1.857891232e-1,1.583112627e-1,7.915562987e-1,9.721877098e0,2.236841440e0
train,3915,OC12C[NH+](C1)C2C1CN1,8.174300194e0,1.574945897e-1,1.583112627e-1,7.915562987e-1,8.331794739e0,1.147729278e0
train,3916,CC#CC1COC([NH-])N1,7.102171898e0,-9.076068550e-2,4.749337733e-1,2.374668837e0,7.011411190e0,1.132253408e-1
train,3917,COc1oc(N)cc1C,6.084465981e0,1.650182009e-1,1.583112627e-1,7.915562987e-1,6.249484062e0,-4.837349951e-1
train,3918,CC(=O)C1C=CCCO1,5.779698372e0,1.160633639e-1,1.583112627e-1,7.915562987e-1,5.895761967e0,-7.608718276e-1
train,3919,COC1C2OCCC12O,7.869533062e0,1.104726642e-1,1.583112627e-1,7.915562987e-1,7.980005741e0,8.721070290e-1
train,3920,CCN=C(C=O)NCC,4.185111046e0,-2.204170637e-2,1.583112627e-1,7.915562987e-1,4.163069248e0,-2.118414879e0
train,3921,COC1OC(=O)C=C1C,6.065417767e0,7.721538842e-2,4.749337733e-1,2.374668837e0,6.142632961e0,-5.674514771e-1
train,3922,C#CCOC1C2COC21,7.211016655e0,-6.115472317e-1,4.749337733e-1,2.374668837e0,6.599469185e0,-2.095260471e-1
train,3923,CCC12C3C4C3[NH+]1C42,7.597418785e0,2.019575089e-1,1.583112627e-1,7.915562987e-1,7.799376488e0,7.305862308e-1
train,3924,N#CC(O)c1ccn[nH]1,6.566107273e0,2.375791371e-1,1.583112627e-1,7.915562987e-1,6.803686619e0,-4.952424765e-2
train,3925,CCC1NC1C#CC#N,6.089908123e0,-4.596756026e-2,1.583112627e-1,7.915562987e-1,6.043940544e0,-6.447757483e-1
train,3926,c1cncc(C2CO2)c1,6.114398479e0,7.570265979e-2,1.583112627e-1,7.915562987e-1,6.190101147e0,-5.302607417e-1
train,3927,C#CC1C2C3C(C)C2C13,8.157973289e0,6.964553893e-2,1.583112627e-1,7.915562987e-1,8.227619171e0,1.066109061e0
train,3928,CC1=C(C)C2(CC2)OC1,6.231407166e0,4.409167171e-1,4.749337733e-1,2.374668837e0,6.672323704e0,-1.524454355e-1
train,3929,NC(=O)C[NH+]1CCC1,7.175642490e0,-1.969878823e-1,1.583112627e-1,7.915562987e-1,6.978654385e0,8.756079525e-2
train,3930,N#CC1CC12CO[CH+][NH2+]2,6.691279888e0,1.051400602e-1,1.583112627e-1,7.915562987e-1,6.796420097e0,-5.521747842e-2
train,3931,N#CCC1(C#N)CCO1,7.646399021e0,-1.536976397e-1,1.583112627e-1,7.915562987e-1,7.492701530e0,4.903102815e-1
train,3932,CC1=CCOCCC1,6.783798695e0,1.532333065e-2,1.583112627e-1,7.915562987e-1,6.799121857e0,-5.310068280e-2
train,3933,O=CC1=CCCOC1=O,4.677637100e0,-2.142433636e-2,1.583112627e-1,7.915562987e-1,4.656212807e0,-1.732043028e0
train,3934,[NH-]C1OC2CC(O)C12O,7.181085110e0,9.760852158e-2,1.583112627e-1,7.915562987e-1,7.278693676e0,3.226378262e-1
train,3935,C#CC#CC1C[NH+]1CC,5.570170403e0,2.149825729e-2,1.583112627e-1,7.915562987e-1,5.591668606e0,-9.991251230e-1
train,3936,N#CC(O)C(=O)O[CH+][NH-],6.699442863e0,2.079865634e-1,1.583112627e-1,7.915562987e-1,6.907429218e0,3.175677359e-2
train,3937,COC12C3C4CC3C1C42,8.688595772e0,8.555516601e-2,1.583112627e-1,7.915562987e-1,8.774150848e0,1.494309664e0
train,3938,CC(C#N)C12C[NH+](C1)C2,7.379727840e0,8.938204050e-1,4.749337733e-1,2.374668837e0,8.273548126e0,1.102093816e0
train,3939,COCC1(O)CC1OC,8.503558159e0,-9.864939749e-2,1.583112627e-1,7.915562987e-1,8.404909134e0,1.205013514e0
train,3940,CC[NH2+]CC(C)C(=O)[O-],4.100755692e0,-1.630369872e-1,1.583112627e-1,7.915562987e-1,3.937718630e0,-2.294974089e0
train,3941,N#CCc1onnc1N,5.099413872e0,-1.817095131e-1,1.583112627e-1,7.915562987e-1,4.917704582e0,-1.527167439e0
train,3942,CC#CCCC(O)C#N,7.129383087e0,8.333095908e-2,1.583112627e-1,7.915562987e-1,7.212714195e0,2.709437311e-1
train,3943,C#CCCc1cc[nH]n1,7.162036896e0,-1.403446496e-2,1.583112627e-1,7.915562987e-1,7.148002625e0,2.202430218e-1
train,3944,O=Cc1oc(=O)oc1O,5.238191605e0,-5.937619880e-2,1.583112627e-1,7.915562987e-1,5.178815365e0,-1.322590470e0
train,3945,O=C1OCC2(CO)CN12,7.845042706e0,-8.053743839e-2,1.583112627e-1,7.915562987e-1,7.764505386e0,7.032651901e-1
train,3946,O=C1CC[NH+]2C3CC12C3,5.458603859e0,-3.476969525e-2,1.583112627e-1,7.915562987e-1,5.423834324e0,-1.130621195e0
train,3947,[NH-]C1CCC=CCCO1,6.900807381e0,5.858875066e-2,4.749337733e-1,2.374668837e0,6.959396362e0,7.247237861e-2
train,3948,COc1c(N)noc1C,6.506242275e0,-2.641401887e-1,4.749337733e-1,2.374668837e0,6.242102146e0,-4.895186126e-1
train,3949,O=C1C=CC2OCC2N1,5.624593258e0,1.191356406e-1,1.583112627e-1,7.915562987e-1,5.743729115e0,-8.799876571e-1
train,3950,CC1N=COC2CCC12,7.472246647e0,7.624966651e-2,1.583112627e-1,7.915562987e-1,7.548496246e0,5.340247154e-1
train,3951,C#CC1(C#N)CC1C#N,6.933460712e0,8.004019409e-2,1.583112627e-1,7.915562987e-1,7.013500690e0,1.148624420e-1
train,3952,CC1C2COC([NH-])OC12,8.095387459e0,1.069233939e-1,1.583112627e-1,7.915562987e-1,8.202310562e0,1.046280026e0
train,3953,O=C1NC2CC1(O)C2,7.197411537e0,-2.757639252e-2,1.583112627e-1,7.915562987e-1,7.169835091e0,2.373484820e-1
train,3954,NC1=NCCOC1C=O,5.017779827e0,-7.811487466e-2,1.583112627e-1,7.915562987e-1,4.939664841e0,-1.509961843e0
train,3955,C1C2C3OC4C2C4C13,9.121256828e0,9.170142934e-3,1.583112627e-1,7.915562987e-1,9.130427361e0,1.773447871e0
train,3956,c1cc2[nH]cnc2o[cH+]1,4.541580200e0,1.038363576e-1,1.583112627e-1,7.915562987e-1,4.645416737e0,-1.740501523e0
train,3957,Cc1cc2n(n1)CC2,7.191968918e0,2.094292641e-1,4.749337733e-1,2.374668837e0,7.401398182e0,4.187752604e-1
train,3958,COCC1COC(=O)N1,8.500837326e0,3.596472144e-1,1.583112627e-1,7.915562987e-1,8.860484123e0,1.561950803e0
train,3959,CC1(C)OC2CC(=O)C21,5.896707535e0,-1.055421680e-1,1.583112627e-1,7.915562987e-1,5.791165352e0,-8.428219557e-1
train,3960,CC1C2NC(C#N)[NH2+]C12,5.284451008e0,5.575043336e-2,1.583112627e-1,7.915562987e-1,5.340201378e0,-1.196146488e0
train,3961,C1CC2NC2C2OC2C1,8.514442444e0,4.344917536e-1,4.749337733e-1,2.374668837e0,8.948934555e0,1.631250501e0
train,3962,C#CCOCC1CO1,7.858648300e0,1.412919629e-2,1.583112627e-1,7.915562987e-1,7.872777462e0,7.880949974e-1
train,3963,OC12C[NH+](C1)C2C1CC1,8.389269829e0,-4.481577873e-2,1.583112627e-1,7.915562987e-1,8.344453812e0,1.157647491e0
train,3964,C#CC1(O)C2CC1(C)N2,7.728034019e0,8.012665063e-2,4.749337733e-1,2.374668837e0,7.808160782e0,7.374686599e-1
train,3965,COc1cc[nH]c1C,6.103513718e0,-1.094433218e-1,1.583112627e-1,7.915562987e-1,5.994070530e0,-6.838482618e-1
train,3966,C#CC(O)C12CCC1N2,8.128041267e0,-4.691462591e-2,1.583112627e-1,7.915562987e-1,8.081126213e0,9.513336420e-1
train,3967,COC1CC1C(C)O,8.832816124e0,2.824338078e-1,1.583112627e-1,7.915562987e-1,9.115249634e0,1.761556268e0
train,3968,[NH-][CH+]OC1(C(N)=O)CC1,6.979720592e0,1.310731769e-1,1.583112627e-1,7.915562987e-1,7.110793591e0,1.910902113e-1
train,3969,CCC12CC3C1C3(O)C2,8.713085175e0,-1.654613763e-2,1.583112627e-1,7.915562987e-1,8.696538925e0,1.433501720e0
train,3970,Cc1c(N)cn(C)c1C,6.108956337e0,-1.046841070e-1,1.583112627e-1,7.915562987e-1,6.004272461e0,-6.758552194e-1
train,3971,COCC1CC(=O)C1C,6.027321815e0,-2.909872495e-2,1.583112627e-1,7.915562987e-1,5.998223305e0,-6.805946231e-1
train,3972,[NH-]c1cc[nH+]c(=O)o1,5.434113503e0,6.039156020e-2,1.583112627e-1,7.915562987e-1,5.494504929e0,-1.075251698e0
train,3973,CC1CCN(C)C(=O)O1,8.011032104e0,-2.922566235e-1,1.583112627e-1,7.915562987e-1,7.718775272e0,6.674361825e-1
train,3974,CC(=O)C1OC2CNC21,6.054533005e0,8.280903101e-3,1.583112627e-1,7.915562987e-1,6.062813759e0,-6.299888492e-1
train,3975,C1C2CC34CCC3(C4)[NH+]12,7.703543663e0,-2.063278854e-1,4.749337733e-1,2.374668837e0,7.497215748e0,4.938471019e-1
train,3976,C#CC12C(O)C3CC1C32,7.472246647e0,1.202979907e-1,1.583112627e-1,7.915562987e-1,7.592544556e0,5.685360432e-1
train,3977,[H]N=C(NC=O)C(=O)C#C,4.038169384e0,-5.980933905e-1,4.749337733e-1,2.374668837e0,3.440075874e0,-2.684870958e0
train,3978,CC(=O)NCC(O)C=O,5.458603859e0,3.236029148e-1,1.583112627e-1,7.915562987e-1,5.782206535e0,-8.498410583e-1
train,3979,OCCOC1CC(O)C1,9.034179688e0,1.293662237e-3,1.583112627e-1,7.915562987e-1,9.035473824e0,1.699052930e0
train,3980,CNC(C#N)=NCC#N,5.537517071e0,9.691588581e-2,4.749337733e-1,2.374668837e0,5.634432793e0,-9.656199217e-1
train,3981,CCC(CC)C1OC1C,8.947103500e0,3.068512864e-2,1.583112627e-1,7.915562987e-1,8.977788925e0,1.653857589e0
train,3982,Cc1occc1CO,6.383790970e0,-1.579301655e-1,1.583112627e-1,7.915562987e-1,6.225860596e0,-5.022436976e-1
train,3983,CC1(O)CC(=O)C1CO,5.953851223e0,1.531449854e-1,1.583112627e-1,7.915562987e-1,6.106996059e0,-5.953725576e-1
train,3984,CCC1(C=O)OC1(C)C,5.885822773e0,2.444756776e-1,1.583112627e-1,7.915562987e-1,6.130298615e0,-5.771152973e-1
train,3985,CCC1CC2CCC=C12,6.713048935e0,1.449491978e-1,4.749337733e-1,2.374668837e0,6.857997894e0,-6.972047035e-3
train,3986,O=C1CC(O)CC1NO,4.522532463e0,9.923134744e-2,1.583112627e-1,7.915562987e-1,4.621763706e0,-1.759033442e0
train,3987,[H]N=CNc1nc(O)co1,5.276288033e0,-2.276797034e-2,4.749337733e-1,2.374668837e0,5.253520012e0,-1.264060259e0
train,3988,O=Cc1c[nH]nc1CO,5.493978977e0,-6.521765888e-2,1.583112627e-1,7.915562987e-1,5.428761482e0,-1.126760840e0
train,3989,CC1C[NH+]2CC2C1O,7.749802589e0,1.822086722e-1,1.583112627e-1,7.915562987e-1,7.932011127e0,8.345038295e-1
train,3990,O=CN1C=NCCC1=O,5.953851223e0,6.534043700e-2,1.583112627e-1,7.915562987e-1,6.019191742e0,-6.641661525e-1
train,3991,CCC12NC1CNC2=O,6.966114998e0,-1.180625558e-1,1.583112627e-1,7.915562987e-1,6.848052502e0,-1.476413757e-2
train,3992,CC1C2C3C4[NH+]3C1C24O,7.396054745e0,-1.549691260e-1,1.583112627e-1,7.915562987e-1,7.241085529e0,2.931722999e-1
train,3993,COC(C(N)=O)C1CO1,7.083124161e0,2.100255042e-1,1.583112627e-1,7.915562987e-1,7.293149471e0,3.339637518e-1
train,3994,Cn1ccc(O)c1[NH-],3.964698792e0,-2.703202702e-2,1.583112627e-1,7.915562987e-1,3.937666655e0,-2.295014858e0
train,3995,CC1CC1N(C=O)C=O,5.831399918e0,-6.646503508e-2,1.583112627e-1,7.915562987e-1,5.764935017e0,-8.633731008e-1
train,3996,C1CC2CCC(CC2)O1,8.272260666e0,9.770611525e-1,4.749337733e-1,2.374668837e0,9.249321938e0,1.866600275e0
train,3997,NC=[NH+]C1=CC(=O)O[CH+]1,1.929287314e0,-1.399563104e-1,1.583112627e-1,7.915562987e-1,1.789330959e0,-3.978208780e0
train,3998,C[NH+]1CC12C1C[NH+]3C1C32,8.138925552e0,-9.808881581e-2,1.583112627e-1,7.915562987e-1,8.040836334e0,9.197670221e-1
train,3999,CCn1nccc1CO,6.775634766e0,-1.009712517e-1,1.583112627e-1,7.915562987e-1,6.674663544e0,-1.506122053e-1
val,0,CCC1CC=CC1OC,7.036864281e0,-1.511780173e-1,1.583112627e-1,7.915562987e-1,6.885686398e0,1.472154725e-2
val,1,CC1OC(C)(C#N)C1=O,5.921197414e0,-8.345894516e-2,1.583112627e-1,7.915562987e-1,5.837738514e0,-8.063324690e-1
val,2,CC12OCC3[CH-]CC1C32,5.409623623e0,3.400077671e-2,1.583112627e-1,7.915562987e-1,5.443624496e0,-1.115115881e0
val,3,OCCC12CCC1O2,8.821931839e0,-7.553368062e-2,1.583112627e-1,7.915562987e-1,8.746397972e0,1.472565651e0
val,4,C1=NC2CC(O1)C1CC21,7.314420223e0,8.785554767e-2,1.583112627e-1,7.915562987e-1,7.402275562e0,4.194626808e-1
val,5,OCC1C2C=CCC21,6.677673817e0,-2.084376365e-1,4.749337733e-1,2.374668837e0,6.469236374e0,-3.115618229e-1
val,6,O=C1CC2C(CO)C12,6.209638119e0,5.884015188e-2,1.583112627e-1,7.915562987e-1,6.268478394e0,-4.688531756e-1
val,7,CC12C3OC4C3C1(O)C42,8.351174355e0,2.316881716e-1,4.749337733e-1,2.374668837e0,8.582862854e0,1.344437957e0
val,8,O=C1CC2(CCCC2)O1,7.738917828e0,1.535932720e-2,1.583112627e-1,7.915562987e-1,7.754277229e0,6.952515244e-1
val,9,CC1(C)C2C=CC(=O)C21,5.006895065e0,-9.775256738e-3,1.583112627e-1,7.915562987e-1,4.997119904e0,-1.464946628e0
val,10,CCC(N)C#N,8.108993530e0,-3.807561994e-1,1.583112627e-1,7.915562987e-1,7.728237152e0,6.748494506e-1
val,11,NC1=C(C=O)CCC1O,4.949750900e0,9.496480227e-2,1.583112627e-1,7.915562987e-1,5.044715881e0,-1.427655697e0
val,12,OC12CC1N1NC=CC12,6.209638119e0,1.096589118e-1,1.583112627e-1,7.915562987e-1,6.319296837e0,-4.290375710e-1
val,13,CC12OC(C3CC31)C2O,8.636894226e0,1.037873864e0,4.749337733e-1,2.374668837e0,9.674768448e0,2.199932337e0
val,14,CC(C#N)OC(C)CO,7.760687351e0,-7.899679542e-1,4.749337733e-1,2.374668837e0,6.970719337e0,8.134378493e-2
val,15,CC1C=CC(O)C1C#N,7.066796780e0,8.258095384e-2,1.583112627e-1,7.915562987e-1,7.149377823e0,2.213204652e-1
val,16,CNC1=CC(NO)CC1,5.134788513e0,5.245081186e-1,1.583112627e-1,7.915562987e-1,5.659296513e0,-9.461395144e-1
val,17,CC(C)C(=O)CCC=O,6.174263477e0,-5.268561840e-2,4.749337733e-1,2.374668837e0,6.121577740e0,-5.839479566e-1
val,18,C1=CC23COC2C1CO3,6.576991558e0,3.452969342e-2,1.583112627e-1,7.915562987e-1,6.611521244e0,-2.000834048e-1
val,19,CC1COC(C)O1,9.314456940e0,2.766270004e-2,1.583112627e-1,7.915562987e-1,9.342119217e0,1.939305782e0
val,20,COCCC(C)(C)C#N,8.307636261e0,-1.516482979e-1,4.749337733e-1,2.374668837e0,8.155987740e0,1.009986639e0
val,21,O=CN1CCCCCC1,7.270882130e0,3.807127103e-2,1.583112627e-1,7.915562987e-1,7.308953285e0,3.463458419e-1
val,22,CC1(CO)CC2NC2C1,8.304915428e0,-6.154373288e-2,1.583112627e-1,7.915562987e-1,8.243371964e0,1.078451157e0
val,23,CC12CC1(C=O)O[CH+][NH2+]2,5.902149677e0,2.464670539e-1,1.583112627e-1,7.915562987e-1,6.148616791e0,-5.627632141e-1
val,24,COC1CCC(=O)O1,7.567486763e0,-5.605335906e-2,1.583112627e-1,7.915562987e-1,7.511433601e0,5.049866438e-1
val,25,C#CC1C2C(=O)C(C)C12,6.027321815e0,-1.246544123e-1,1.583112627e-1,7.915562987e-1,5.902667522e0,-7.554613948e-1
val,26,CC#CC1=CCCC1O,5.613708973e0,-5.866329744e-2,1.583112627e-1,7.915562987e-1,5.555045605e0,-1.027818799e0
val,27,CC1C2CC=CC12CO,6.680395126e0,-1.206675917e-1,4.749337733e-1,2.374668837e0,6.559727669e0,-2.406630218e-1
val,28,CC1OCC12C=CCC2,6.976998806e0,4.933273792e-1,1.583112627e-1,7.915562987e-1,7.470326424e0,4.727796614e-1
val,29,CC1OC2CCCC12,8.781113625e0,-2.163243443e-1,1.583112627e-1,7.915562987e-1,8.564788818e0,1.330277205e0
val,30,O=C1CC=CC2NC2C1,6.079023361e0,3.996945024e-1,1.583112627e-1,7.915562987e-1,6.478717804e0,-3.041332364e-1
val,31,CCC1CC=CC1(C)C,7.194690704e0,-1.647915095e-1,1.583112627e-1,7.915562987e-1,7.029899120e0,1.277104020e-1
val,32,CC1(C)CC(=O)C=C1N,5.594660759e0,-2.514247410e-2,1.583112627e-1,7.915562987e-1,5.569518089e0,-1.016479731e0
val,33,CCc1nonc1CO,6.770192623e0,6.533018500e-2,1.583112627e-1,7.915562987e-1,6.835522652e0,-2.458111756e-2
val,34,CC1(C#N)COCO1,8.103550911e0,6.226494908e-2,1.583112627e-1,7.915562987e-1,8.165816307e0,1.017687201e0
val,35,O=C1OC2C[NH+]3CC2C13,6.557943821e0,8.525989950e-2,1.583112627e-1,7.915562987e-1,6.643203735e0,-1.752605736e-1
val,36,CCC1=C(CC)CCC1,6.797404289e0,-1.550541520e-1,1.583112627e-1,7.915562987e-1,6.642350197e0,-1.759293079e-1
val,37,CC(C#N)C(=O)CO,6.329368591e0,6.612822413e-3,1.583112627e-1,7.915562987e-1,6.335981369e0,-4.159654379e-1
val,38,OC1C2CC3COC1C32,8.489952087e0,-3.846234083e-1,4.749337733e-1,2.374668837e0,8.105328560e0,9.702958465e-1
val,39,C1C2C3C1C1C2C2C3[NH+]12,8.473625183e0,-3.978167772e-1,4.749337733e-1,2.374668837e0,8.075808525e0,9.471672773e-1
val,40,CC#CC1CC=CC1,7.205575466e0,1.427956820e-1,1.583112627e-1,7.915562987e-1,7.348371029e0,3.772291541e-1
val,41,CC1C=CC(OC=O)C1,7.047749043e0,-4.431844875e-2,1.583112627e-1,7.915562987e-1,7.003430367e0,1.069724709e-1
val,42,CC1CC=CC1OC=O,7.004210949e0,1.737473905e-1,1.583112627e-1,7.915562987e-1,7.177958488e0,2.437130511e-1
val,43,N#CC12CCC(O)C1N2,7.357958317e0,2.840839028e-1,1.583112627e-1,7.915562987e-1,7.642042160e0,6.073167920e-1
val,44,c1cnc2c(n1)COC2,5.216422558e0,4.174799919e-1,1.583112627e-1,7.915562987e-1,5.633902550e0,-9.660353661e-1
val,45,CC1C2C3OC([NH-])[NH+]1C32,7.240949631e0,1.651764512e-1,1.583112627e-1,7.915562987e-1,7.406126022e0,4.224794507e-1
val,46,COC1(C)CC=CC1O,7.175642490e0,-1.052260101e-1,1.583112627e-1,7.915562987e-1,7.070416451e0,1.594552249e-1
val,47,Cc1cc(C2CN2)n[nH]1,6.337531567e0,3.840889037e-2,1.583112627e-1,7.915562987e-1,6.375940323e0,-3.846580982e-1
val,48,C1=CC23CC2(C1)[NH+]1CC13,5.793303967e0,-3.386690049e-3,1.583112627e-1,7.915562987e-1,5.789917469e0,-8.437996507e-1
val,49,C#CCCC1OCCO1,8.544375420e0,4.587680474e-2,1.583112627e-1,7.915562987e-1,8.590251923e0,1.350227237e0
val,50,CC12CC1C(=O)C(=O)O2,4.742944717e0,-1.949598938e-1,4.749337733e-1,2.374668837e0,4.547984600e0,-1.816838384e0
val,51,CC1C(NO)C2(C)OC12,6.775634766e0,-7.627689745e-3,1.583112627e-1,7.915562987e-1,6.768007278e0,-7.747856528e-2
val,52,Nc1ncc(N)c(=O)o1,4.372869492e0,2.569664717e-1,1.583112627e-1,7.915562987e-1,4.629836082e0,-1.752708793e0
val,53,CC12C(=O)C(O)C1C2O,5.804188728e0,-2.169874161e-1,1.583112627e-1,7.915562987e-1,5.587201118e0,-1.002625346e0
val,54,CCc1c[nH]c(=O)n1C,6.152494431e0,1.130451784e-1,1.583112627e-1,7.915562987e-1,6.265539646e0,-4.711556435e-1
val,55,N#CCOCC(=O)C#N,5.782419682e0,-1.189886313e-2,4.749337733e-1,2.374668837e0,5.770520687e0,-8.589967489e-1
val,56,CCC#CCCC,8.130762100e0,-2.188315839e-1,1.583112627e-1,7.915562987e-1,7.911930561e0,8.187709451e-1
val,57,CCC1(O)CC2OC21,8.555259705e0,-1.439429969e-1,1.583112627e-1,7.915562987e-1,8.411316872e0,1.210033894e0
val,58,CC#CC#CC(C)C#N,6.065417767e0,-5.681595206e-1,4.749337733e-1,2.374668837e0,5.497258186e0,-1.073094487e0
val,59,CC(C=O)C12CCC1O2,5.913033962e0,-1.325235888e-2,1.583112627e-1,7.915562987e-1,5.899781704e0,-7.577223778e-1
val,60,O=CC12C(=O)CC1C2O,5.717112064e0,2.002340741e-3,1.583112627e-1,7.915562987e-1,5.719114304e0,-8.992730379e-1
val,61,COC1C2[NH2+][CH+]OC21,6.887201786e0,1.344530582e-1,1.583112627e-1,7.915562987e-1,7.021655083e0,1.212513000e-1
val,62,Cn1cc2c(n1)CCN2,5.687179565e0,-5.536003411e-2,1.583112627e-1,7.915562987e-1,5.631819725e0,-9.676672220e-1
val,63,CC12COC(CC1O)O2,8.536211014e0,5.916035175e-2,1.583112627e-1,7.915562987e-1,8.595371246e0,1.354238153e0
val,64,C#CCOCCOCC,7.423265934e0,-1.862992942e-1,1.583112627e-1,7.915562987e-1,7.236966610e0,2.899451852e-1
val,65,CNC1=NC([NH-])=CNO1,4.892607212e0,3.263878822e-2,1.583112627e-1,7.915562987e-1,4.925246239e0,-1.521258712e0
val,66,CC1OCc2[nH]cnc21,6.517127037e0,1.248763353e-1,4.749337733e-1,2.374668837e0,6.642003536e0,-1.762009114e-1
val,67,CC12NC(C3NC31)C2O,7.673610687e0,-2.628169358e-1,4.749337733e-1,2.374668837e0,7.410793781e0,4.261365831e-1
val,68,O=C1OC23COC(C2)C13,6.805567265e0,-2.922474742e-1,4.749337733e-1,2.374668837e0,6.513319969e0,-2.770228684e-1
val,69,O=C1NC2CC2CO1,7.888580799e0,1.196728572e-1,1.583112627e-1,7.915562987e-1,8.008254051e0,8.942391872e-1
val,70,CCOC1CCC2OC12,8.960708618e0,3.120307997e-2,1.583112627e-1,7.915562987e-1,8.991911888e0,1.664922714e0
val,71,CCC1OC(C)OC1[NH-],7.907628536e0,3.519583121e-2,1.583112627e-1,7.915562987e-1,7.942824364e0,8.429758549e-1
val,72,O=C1C[NH+]2CC3NC3C12,5.684458733e0,-2.190148532e-1,1.583112627e-1,7.915562987e-1,5.465444088e0,-1.098020434e0
val,73,CC(O)C(N)(C#N)C#N,7.461361885e0,2.498385496e-2,1.583112627e-1,7.915562987e-1,7.486345768e0,4.853306115e-1
val,74,C#CC1C=CC(C)C1=O,5.858611107e0,2.562538683e-1,1.583112627e-1,7.915562987e-1,6.114864826e0,-5.892074704e-1
val,75,CC12CC(C#N)C1O2,8.040965080e0,-1.413168292e-2,1.583112627e-1,7.915562987e-1,8.026833534e0,9.087960124e-1
val,76,C1C2C3C1C1(CO1)C23,9.374322891e0,-5.190891027e-1,4.749337733e-1,2.374668837e0,8.855234146e0,1.557837486e0
val,77,CCCCC(C=O)OC,5.801467419e0,2.272437513e-2,1.583112627e-1,7.915562987e-1,5.824191570e0,-8.169463277e-1
val,78,C#CC1NC(CO)C1=O,5.624593258e0,-1.042227633e-2,1.583112627e-1,7.915562987e-1,5.614171028e0,-9.814947844e-1
val,79,N#CC12CCCC1OC2,7.825994968e0,-1.442326754e-1,1.583112627e-1,7.915562987e-1,7.681762218e0,6.384369731e-1
val,80,COCC(O)C(=O)C=O,4.378312111e0,8.470422029e-2,1.583112627e-1,7.915562987e-1,4.463016510e0,-1.883409858e0
val,81,CC1C=CC2C(C)C12O,6.555222511e0,6.288539767e-1,4.749337733e-1,2.374668837e0,7.184076309e0,2.485062927e-1
val,82,COCC1C(C)C2OC12,9.006968498e0,-7.831781358e-2,1.583112627e-1,7.915562987e-1,8.928650856e0,1.615358472e0
val,83,C#CC1CC2(COC2)C1,7.929397583e0,2.931811661e-2,1.583112627e-1,7.915562987e-1,7.958715916e0,8.554266691e-1
val,84,OC1C=CCCCCC1,6.919855118e0,8.433434367e-2,1.583112627e-1,7.915562987e-1,7.004189491e0,1.075672284e-1
val,85,C#CC1C=C(C)CC1C,6.982441425e0,1.974119097e-1,1.583112627e-1,7.915562987e-1,7.179853439e0,2.451977283e-1
val,86,C1C2CC34COC3(C4)C12,7.396054745e0,6.497969478e-2,1.583112627e-1,7.915562987e-1,7.461034298e0,4.654994011e-1
val,87,C#CC1=CC(CC)CC1,5.668131351e0,1.754451245e-1,1.583112627e-1,7.915562987e-1,5.843576431e0,-8.017585278e-1
val,88,CC12C(=O)C3C4C(C31)[NH+]42,5.727996826e0,-1.196772456e-1,1.583112627e-1,7.915562987e-1,5.608319759e0,-9.860791564e-1
val,89,OCCCC1CC2OC12,8.979757309e0,-2.273673564e-1,1.583112627e-1,7.915562987e-1,8.752389908e0,1.477260232e0
val,90,CC12CC3C1COCC32,8.922613144e0,7.609578967e-1,4.749337733e-1,2.374668837e0,9.683570862e0,2.206828833e0
val,91,CCOC1C(O)C2OC12,8.525327682e0,-3.136541843e-1,1.583112627e-1,7.915562987e-1,8.211673737e0,1.053615928e0
val,92,[CH+]1[NH2+]C2C3NC2C3O1,6.857269287e0,-1.043027639e-1,1.583112627e-1,7.915562987e-1,6.752966404e0,-8.926290274e-2
val,93,O=CC1=CCC2CC12,5.213701248e0,2.565395534e-1,4.749337733e-1,2.374668837e0,5.470240593e0,-1.094262481e0
val,94,C#CCn1nn[nH]c1=O,6.182426929e0,-1.440025717e-1,1.583112627e-1,7.915562987e-1,6.038424492e0,-6.490975022e-1
val,95,CCC(C)c1cnon1,6.963393688e0,-7.883258164e-2,1.583112627e-1,7.915562987e-1,6.884561062e0,1.383986045e-2
val,96,CC1C2N=CNC=NC12,5.532074928e0,3.289793804e-2,1.583112627e-1,7.915562987e-1,5.564972878e0,-1.020040870e0
val,97,CCC(=O)C1C=CCC1,5.834120750e0,7.657098770e-2,1.583112627e-1,7.915562987e-1,5.910691738e0,-7.491745353e-1
val,98,CC1C=CC(O)C2CC12,7.110334873e0,1.087062713e-2,1.583112627e-1,7.915562987e-1,7.121205330e0,1.992476732e-1
val,99,CC(C)C#CC(C)(C)C,8.234165192e0,5.045121908e-1,4.749337733e-1,2.374668837e0,8.738677025e0,1.466516376e0
val,100,C1=CC2(CC1)C[NH+]1CC12,6.699442863e0,-2.550912499e-1,1.583112627e-1,7.915562987e-1,6.444351673e0,-3.310586512e-1
val,101,CC1CC2NC(=O)OC12,8.359337807e0,-2.686109245e-1,1.583112627e-1,7.915562987e-1,8.090726852e0,9.588556290e-1
val,102,OC1N=Nc2[nH+]nnn21,4.966077805e0,-4.954724759e-2,1.583112627e-1,7.915562987e-1,4.916530609e0,-1.528087258e0
val,103,CC1C(=O)C=CC1O,5.142951965e0,-1.599243730e-1,1.583112627e-1,7.915562987e-1,4.983027458e0,-1.475987792e0
val,104,CC12C(O)C3C(O)C1[NH+]32,8.190627098e0,6.391371787e-2,1.583112627e-1,7.915562987e-1,8.254540443e0,1.087201476e0
val,105,CC1=CC2CC(=O)N2C1,6.808288574e0,-2.454563975e-2,1.583112627e-1,7.915562987e-1,6.783742905e0,-6.514989585e-2
val,106,CC1C2CC(=O)OC12,7.616467476e0,3.152682483e-1,1.583112627e-1,7.915562987e-1,7.931735516e0,8.342878819e-1
val,107,CC1CC=C(C=O)C1=O,4.397359848e0,1.316790581e-1,1.583112627e-1,7.915562987e-1,4.529038906e0,-1.831682205e0
val,108,N#Cc1nonc1CO,6.040927887e0,-4.353051260e-2,1.583112627e-1,7.915562987e-1,5.997397423e0,-6.812416911e-1
val,109,CC1=CC(=O)C2(C)CN12,5.197374821e0,-5.271630287e-1,4.749337733e-1,2.374668837e0,4.670211792e0,-1.721074939e0
val,110,CC1=CCC(C)(CO)C1,7.072239399e0,-9.108661860e-2,1.583112627e-1,7.915562987e-1,6.981153011e0,8.951844275e-2
val,111,CC(CO)C(C)CC=O,6.220522881e0,3.411409259e-2,1.583112627e-1,7.915562987e-1,6.254636765e0,-4.796979129e-1
val,112,CC1=CCc2cn[nH]c21,5.295335770e0,4.304375127e-2,1.583112627e-1,7.915562987e-1,5.338379383e0,-1.197574019e0
val,113,CC12CC(O)(C=O)C1O2,5.815073013e0,1.074399352e-1,1.583112627e-1,7.915562987e-1,5.922513008e0,-7.399126887e-1
val,114,OCC[NH2+]C1COCO1,7.020537376e0,-4.162882268e-2,1.583112627e-1,7.915562987e-1,6.978908539e0,8.775992692e-2
val,115,FC(F)(F)C12CCC1O2,9.189285278e0,7.218621671e-2,1.583112627e-1,7.915562987e-1,9.261471748e0,1.876119494e0
val,116,OC1CCC12COC2,8.258655548e0,1.832577772e-2,1.583112627e-1,7.915562987e-1,8.276981354e0,1.104783654e0
val,117,CC(O)CC1C=CCC1,7.129383087e0,1.034049690e-1,1.583112627e-1,7.915562987e-1,7.232788086e0,2.866713703e-1
val,118,C1CC2C3C(O1)C1C2C31,9.064112663e0,8.837782592e-2,1.583112627e-1,7.915562987e-1,9.152490616e0,1.790734172e0
val,119,C[CH+]1NOC(=O)OC1[NH-],5.869495869e0,1.555801928e-2,1.583112627e-1,7.915562987e-1,5.885054111e0,-7.692613006e-1
val,120,Cn1ccc(=O)[nH]c1=O,5.540238380e0,-1.328663826e-1,4.749337733e-1,2.374668837e0,5.407371998e0,-1.143519163e0
val,121,CCC1(C)CCC2OC21,9.113092422e0,1.057774648e-1,1.583112627e-1,7.915562987e-1,9.218870163e0,1.842741728e0
val,122,COC1(C)C=CC(=O)C1,5.151115417e0,-1.317362189e-1,1.583112627e-1,7.915562987e-1,5.019379139e0,-1.447506785e0
val,123,CCC1C=CC(C)O1,6.734817982e0,-8.837645873e-3,1.583112627e-1,7.915562987e-1,6.725980282e0,-1.104061902e-1
val,124,O=CC1(O)C=CCC1,5.717112064e0,-1.131470036e-2,1.583112627e-1,7.915562987e-1,5.705797195e0,-9.097068310e-1
val,125,CC12CC3CC(CO1)C32,8.555259705e0,-2.885548770e-1,4.749337733e-1,2.374668837e0,8.266704559e0,1.096731901e0
val,126,N#CCN=C(N)C#N,6.100792408e0,-2.420320511e-1,1.583112627e-1,7.915562987e-1,5.858760357e0,-7.898620963e-1
val,127,CC1(C#N)COC(=O)C1,7.542996407e0,3.630381450e-2,1.583112627e-1,7.915562987e-1,7.579300404e0,5.581594110e-1
val,128,CC1=CC2(C)CC2(C)C1,6.585155487e0,-9.735112190e-1,4.749337733e-1,2.374668837e0,5.611644268e0,-9.834744334e-1
val,129,CC(C)(C)C12CCC1O2,8.783835411e0,9.787993878e-2,1.583112627e-1,7.915562987e-1,8.881715775e0,1.578585505e0
val,130,O=C1C=CC2CC12CO,5.121182919e0,-5.363085307e-3,1.583112627e-1,7.915562987e-1,5.115819931e0,-1.371946573e0
val,131,C1Cc2[nH]nnc2CO1,6.628693581e0,-5.114158988e-2,1.583112627e-1,7.915562987e-1,6.577551842e0,-2.266980112e-1
val,132,CC1=Nc2[nH+]cnn2[CH+]1,5.782419682e0,-2.268796265e-1,1.583112627e-1,7.915562987e-1,5.555540085e0,-1.027431369e0
val,133,CCC1C2C=CC(O)C21,6.405560493e0,-8.643015623e-1,4.749337733e-1,2.374668837e0,5.541258812e0,-1.038620591e0
val,134,CC1CC(=O)C(=O)O1,4.696685314e0,1.369658671e-2,1.583112627e-1,7.915562987e-1,4.710381985e0,-1.689602137e0
val,135,OCC1C(O)CC2OC21,9.004247665e0,3.645331413e-2,1.583112627e-1,7.915562987e-1,9.040700912e0,1.703148365e0
val,136,O=CC(O)C1CC2OC21,5.967456818e0,-4.023416638e-1,1.583112627e-1,7.915562987e-1,5.565114975e0,-1.019929528e0
val,137,N#CC(N)C1C=CCC1,6.756587029e0,8.234804869e-2,1.583112627e-1,7.915562987e-1,6.838934898e0,-2.190766484e-2
val,138,CC1C(C=O)C2OC12,5.825957775e0,5.438468605e-2,1.583112627e-1,7.915562987e-1,5.880342484e0,-7.729527950e-1
val,139,C#CC(C)CC#CC=O,5.575613022e0,-1.097522676e-1,1.583112627e-1,7.915562987e-1,5.465860844e0,-1.097693920e0
val,140,COC(=O)C1OCC1=O,6.049090862e0,3.554220498e-1,1.583112627e-1,7.915562987e-1,6.404512882e0,-3.622718453e-1
val,141,CC1=CC(O)C(=O)C1,6.024600506e0,1.233182326e-1,1.583112627e-1,7.915562987e-1,6.147918701e0,-5.633101463e-1
val,142,CCC1C(OC)C2OC12,8.615124702e0,-3.345797360e-1,1.583112627e-1,7.915562987e-1,8.280545235e0,1.107575893e0
val,143,COCCC(C)=NO,6.938903332e0,-6.305824220e-2,4.749337733e-1,2.374668837e0,6.875844955e0,7.010900881e-3
val,144,CCc1[nH]c(=O)[nH]c1O,6.234128475e0,1.935242414e-1,1.583112627e-1,7.915562987e-1,6.427652836e0,-3.441419899e-1
val,145,CC1=CC2(O)CC2(C)C1,6.574271202e0,-9.485909343e-1,4.749337733e-1,2.374668837e0,5.625680447e0,-9.724772573e-1
val,146,OCC1C2CC3C(C2)C13,9.153910637e0,-4.434932768e-2,1.583112627e-1,7.915562987e-1,9.109560966e0,1.757099271e0
val,147,CCC12CCCC1(C)O2,9.006968498e0,-1.966497302e-1,1.583112627e-1,7.915562987e-1,8.810318947e0,1.522647023e0
val,148,CC1=CCC(C)C1(C)C,7.069517612e0,-3.442922235e-2,1.583112627e-1,7.915562987e-1,7.035088539e0,1.317762434e-1
val,149,CCC1CC=C(C)C1O,7.066796780e0,-4.492670298e-2,1.583112627e-1,7.915562987e-1,7.021870136e0,1.214197949e-1
val,150,CCOC12CC1C1NC12,7.790619850e0,-2.609314620e-1,4.749337733e-1,2.374668837e0,7.529688358e0,5.192890167e-1
val,151,O=CC1(C=O)OCCO1,5.102134705e0,-4.379578829e-1,1.583112627e-1,7.915562987e-1,4.664176941e0,-1.725803137e0
val,152,COCC12CC1C(=O)O2,7.499457359e0,9.652337432e-2,4.749337733e-1,2.374668837e0,7.595980644e0,5.712281466e-1
val,153,O=C1CC2CC1C2O,6.119840622e0,-2.338538170e-1,1.583112627e-1,7.915562987e-1,5.885986805e0,-7.685305476e-1
val,154,CC(O)C(O)C(=O)C#N,4.835463047e0,4.452410638e-1,4.749337733e-1,2.374668837e0,5.280704021e0,-1.242761970e0
val,155,OCC1C=CC2C(O)C12,6.182426929e0,6.360617876e-1,4.749337733e-1,2.374668837e0,6.818488598e0,-3.792708367e-2
val,156,CC(C)C12CC(O)C1O2,8.813768387e0,-1.408887655e-1,1.583112627e-1,7.915562987e-1,8.672879219e0,1.414964676e0
val,157,C#CCC1CCC=C1C,6.955230236e0,1.954289973e-1,1.583112627e-1,7.915562987e-1,7.150659084e0,2.223243117e-1
val,158,CC1(CO)C2C=CCC21,6.650462627e0,-2.855733968e-2,4.749337733e-1,2.374668837e0,6.621905327e0,-1.919476092e-1
val,159,C1C2OC3C(O2)C2C1C32,9.015131950e0,-1.096742302e-1,1.583112627e-1,7.915562987e-1,8.905457497e0,1.597186804e0
val,160,CC1(CCO)C=CCC1,7.145709991e0,-1.503847633e-2,1.583112627e-1,7.915562987e-1,7.130671501e0,2.066642940e-1
val,161,O=C1CCNC1=O,4.693964005e0,-1.860990822e-1,1.583112627e-1,7.915562987e-1,4.507864952e0,-1.848271728e0
val,162,CC12CC1C=CNC2=O,5.736160278e0,-2.826612815e-2,1.583112627e-1,7.915562987e-1,5.707894325e0,-9.080637693e-1
val,163,C1CC2C(O1)C1CC[NH+]21,7.763408184e0,-1.561624408e-1,1.583112627e-1,7.915562987e-1,7.607245922e0,5.800543427e-1
val,164,Cc1coc(N2CC2)n1,6.293993473e0,9.379726648e-2,1.583112627e-1,7.915562987e-1,6.387790680e0,-3.753734827e-1
val,165,OCC1OC2COC12,8.193347931e0,-6.357227564e-1,4.749337733e-1,2.374668837e0,7.557625294e0,5.411772132e-1
val,166,CC#CCC(O)CC,7.994705200e0,-3.158804029e-2,1.583112627e-1,7.915562987e-1,7.963117123e0,8.588749766e-1
val,167,CC12OC1CC2(N)C#N,7.379727840e0,-1.832548231e-1,1.583112627e-1,7.915562987e-1,7.196473122e0,2.582190335e-1
val,168,CC1=CC(C)OC1,6.786519527e0,2.133081704e-1,1.583112627e-1,7.915562987e-1,6.999827862e0,1.041499525e-1
val,169,N#CC1OCC([NH-])O1,7.777014256e0,-9.479642659e-2,1.583112627e-1,7.915562987e-1,7.682217598e0,6.387937069e-1
val,170,CC#CCCNC(C)=O,7.347074509e0,1.339461803e-1,1.583112627e-1,7.915562987e-1,7.481020927e0,4.811586738e-1
val,171,C#CC[NH+]1C2C=CCC21,6.332089424e0,-1.189799786e0,4.749337733e-1,2.374668837e0,5.142289639e0,-1.351207852e0
val,172,CC1C=CCC1NC=O,7.074960232e0,2.842319012e-2,1.583112627e-1,7.915562987e-1,7.103383541e0,1.852845252e-1
val,173,CC1C2(O)C=CCC12C,6.620530128e0,7.821595669e-1,4.749337733e-1,2.374668837e0,7.402689934e0,4.197873175e-1
val,174,C#CC(C)(C)C#CC,7.787898064e0,4.863434434e-1,4.749337733e-1,2.374668837e0,8.274241447e0,1.102636933e0
val,175,[CH-]1C2CC3C2C2OC1C32,4.672194958e0,6.431512535e-2,4.749337733e-1,2.374668837e0,4.736510277e0,-1.669130921e0
val,176,CC1=CCCC1C(N)=O,6.751144886e0,2.210025303e-2,1.583112627e-1,7.915562987e-1,6.773245335e0,-7.337461412e-2
val,177,CCC1CC2OC12CC,9.047785759e0,1.282361746e-1,1.583112627e-1,7.915562987e-1,9.176021576e0,1.809170365e0
val,178,C#CC#Cc1cnon1,4.974241257e0,-2.270401716e-1,1.583112627e-1,7.915562987e-1,4.747200966e0,-1.660754919e0
val,179,N#CC1C2C=CC[NH+]1C2,6.152494431e0,-2.506574392e-1,1.583112627e-1,7.915562987e-1,5.901836872e0,-7.561122179e-1
val,180,O=CNC1CCC2OC12,7.591977119e0,-9.272293746e-2,1.583112627e-1,7.915562987e-1,7.499254227e0,4.954442382e-1
val,181,[NH-]C1NC2C3OC1C23O,6.185148239e0,-5.015358701e-2,4.749337733e-1,2.374668837e0,6.134994507e0,-5.734361410e-1
val,182,O=C1NC2CCCOC12,6.922576904e0,-3.340735659e-2,1.583112627e-1,7.915562987e-1,6.889169693e0,1.745066606e-2
val,183,C1=CC2OC1C1COC21,6.775634766e0,-3.263086677e-1,4.749337733e-1,2.374668837e0,6.449326038e0,-3.271613121e-1
val,184,CCC1CCCC2OC12,9.251871109e0,-1.767254770e-1,1.583112627e-1,7.915562987e-1,9.075145721e0,1.730135441e0
val,185,CC12CC(=O)C(C)(C1)C2,6.198753357e0,-3.829611465e-2,1.583112627e-1,7.915562987e-1,6.160457134e0,-5.534864664e-1
val,186,c1nc2n(n1)C1CC2C1,6.811009407e0,-1.492583305e-1,1.583112627e-1,7.915562987e-1,6.661751270e0,-1.607288122e-1
val,187,COC1C=CC2(O)CC12,6.476309776e0,5.581326485e-1,4.749337733e-1,2.374668837e0,7.034442425e0,1.312700212e-1
val,188,C#CC1CC=CC1,7.216459274e0,-1.369040012e-1,1.583112627e-1,7.915562987e-1,7.079555511e0,1.666155607e-1
val,189,CC#CC1(O)CC2OC21,7.491294384e0,2.811750025e-2,1.583112627e-1,7.915562987e-1,7.519412041e0,5.112376213e-1
val,190,COC(=O)C1CC=CC1,7.006931782e0,8.385180682e-2,1.583112627e-1,7.915562987e-1,7.090783596e0,1.754126251e-1
val,191,C#CC1=C(C)CC2CC12,5.404181004e0,2.006269693e-1,4.749337733e-1,2.374668837e0,5.604807854e0,-9.888306856e-1
val,192,CC12C[NH+]3CC(CC31)O2,8.070897102e0,5.369265378e-2,1.583112627e-1,7.915562987e-1,8.124589920e0,9.853869081e-1
val,193,Oc1ncoc1N1CC1,5.692621708e0,1.887236238e-1,1.583112627e-1,7.915562987e-1,5.881345272e0,-7.721670866e-1
val,194,C1CC([NH2+]C2COC2)O1,6.846384525e0,-1.777568609e-1,1.583112627e-1,7.915562987e-1,6.668627739e0,-1.553411782e-1
val,195,C#CC1=CC2CC2(C)C1,5.401460171e0,4.551248252e-1,4.749337733e-1,2.374668837e0,5.856585026e0,-7.915664315e-1
val,196,COC1CC([NH-])OC1=O,6.574271202e0,1.060433537e-1,1.583112627e-1,7.915562987e-1,6.680314541e0,-1.461847275e-1
val,197,Nc1n[nH]c(N2CC2)n1,6.313041210e0,9.733584523e-2,1.583112627e-1,7.915562987e-1,6.410377026e0,-3.576773703e-1
val,198,C1=CC2C3COC1C[NH+]23,5.804188728e0,-2.854305506e-1,4.749337733e-1,2.374668837e0,5.518758297e0,-1.056249499e0
val,199,CC1(O)C=CCC1(C)C,7.006931782e0,-1.944698393e-1,1.583112627e-1,7.915562987e-1,6.812461853e0,-4.264896363e-2
val,200,C#CC1=CCC(C)C1O,5.703506470e0,-9.071352333e-2,1.583112627e-1,7.915562987e-1,5.612792969e0,-9.825744629e-1
val,201,O=CCC12COC1CO2,5.978341103e0,-6.984270811e-1,4.749337733e-1,2.374668837e0,5.279913902e0,-1.243381023e0
val,202,CC(C)C(C)C(O)C=O,6.302156925e0,-1.802529395e-1,1.583112627e-1,7.915562987e-1,6.121903896e0,-5.836924314e-1
val,203,C#CCC1CCC2OC12,8.492672920e0,5.008306354e-2,1.583112627e-1,7.915562987e-1,8.542756081e0,1.313014865e0
val,204,CC(O)C1=CCOC1,6.549780846e0,1.222859100e-1,1.583112627e-1,7.915562987e-1,6.672066689e0,-1.526468098e-1
val,205,C1=CC2NC3[NH2+]CC1C23,6.128004074e0,5.182195082e-2,1.583112627e-1,7.915562987e-1,6.179826260e0,-5.383110046e-1
val,206,O=CN1C2CC3C(C2)C31,7.189248085e0,-2.923319302e-2,1.583112627e-1,7.915562987e-1,7.160015106e0,2.296546400e-1
val,207,O=C1CC2C(CCO)C12,6.239571095e0,1.361999512e-1,1.583112627e-1,7.915562987e-1,6.375771046e0,-3.847907186e-1
val,208,CCOC1C2[NH2+][CH+]OC21,6.865432262e0,2.391407043e-1,1.583112627e-1,7.915562987e-1,7.104572773e0,1.862162650e-1
val,209,C#CC12CC=CCC1C2,7.036864281e0,1.153514311e-1,1.583112627e-1,7.915562987e-1,7.152215481e0,2.235437334e-1
val,210,CC12CC(CO1)C2=O,5.643641472e0,2.974524498e-1,1.583112627e-1,7.915562987e-1,5.941093922e0,-7.253547907e-1
val,211,[H]N=CNC(=O)CCC=O,6.201474667e0,-1.515718400e-1,1.583112627e-1,7.915562987e-1,6.049902916e0,-6.401042938e-1
val,212,N#CC1CC=CC1CO,7.186526775e0,3.110536002e-2,1.583112627e-1,7.915562987e-1,7.217632294e0,2.747969925e-1
val,213,CC(C)C1=CCCC1=O,5.306220055e0,-1.958186924e-2,1.583112627e-1,7.915562987e-1,5.286638260e0,-1.238112569e0
val,214,CC1C2OC2C1(C)CO,8.631451607e0,-7.369866222e-2,1.583112627e-1,7.915562987e-1,8.557752609e0,1.324764371e0
val,215,CC1CC2OC(=O)NC12,8.519885063e0,-3.184362948e-1,1.583112627e-1,7.915562987e-1,8.201448441e0,1.045604587e0
val,216,O=C([O-])C1C[NH+]2CCC12,4.824578762e0,-1.435096562e-1,1.583112627e-1,7.915562987e-1,4.681068897e0,-1.712568521e0
val,217,O=C1CC23CC(C2)C3N1,7.374285698e0,-7.814191282e-2,1.583112627e-1,7.915562987e-1,7.296144009e0,3.363099396e-1
val,218,CC12CC3CC1C2(O)C3,8.544375420e0,-2.028963715e-1,1.583112627e-1,7.915562987e-1,8.341479301e0,1.155316949e0
val,219,O=C1OC2CC3OCC132,7.129383087e0,2.478909865e-2,1.583112627e-1,7.915562987e-1,7.154172421e0,2.250769734e-1
val,220,CC12CCC(C#N)C1O2,8.394712448e0,-1.833559573e-1,1.583112627e-1,7.915562987e-1,8.211356163e0,1.053367138e0
val,221,C#CC1=CC(O)C(=O)C1,5.540238380e0,1.678186953e-1,1.583112627e-1,7.915562987e-1,5.708056927e0,-9.079363346e-1
val,222,O=CC1CCC(=O)NC1,5.689900398e0,-2.391276062e-1,1.583112627e-1,7.915562987e-1,5.450772762e0,-1.109515309e0
val,223,CC12OC1C1(C#N)OC21,6.925297737e0,-1.898964681e-2,1.583112627e-1,7.915562987e-1,6.906308174e0,3.087845072e-2
val,224,CC12C=CCCC1CC2,7.238228798e0,-3.975299299e-1,4.749337733e-1,2.374668837e0,6.840698719e0,-2.052573301e-2
val,225,O=C1OC2CC3C1CC23,7.355237484e0,2.011507750e-1,1.583112627e-1,7.915562987e-1,7.556388378e0,5.402081013e-1
val,226,COC12CC1OC2=O,7.012373924e0,-1.674516797e-1,4.749337733e-1,2.374668837e0,6.844922066e0,-1.721679419e-2
val,227,CN(C)c1noc(=O)[nH]1,6.843663692e0,-7.630249858e-1,4.749337733e-1,2.374668837e0,6.080638885e0,-6.160230637e-1
val,228,CCC(O)(CC)CO,8.220560074e0,-1.872432232e-1,1.583112627e-1,7.915562987e-1,8.033316612e0,9.138754010e-1
val,229,CC12NC1C1C(CO)C12,7.581092358e0,2.171363980e-1,4.749337733e-1,2.374668837e0,7.798228741e0,7.296870351e-1
val,230,O=CN1C=CC=CC=C1,3.834084272e0,7.072832584e-1,4.749337733e-1,2.374668837e0,4.541367531e0,-1.822022796e0
val,231,OCC1=CC(O)C(O)C1,6.936182499e0,2.130188644e-1,1.583112627e-1,7.915562987e-1,7.149201393e0,2.211822420e-1
val,232,ONC1C2C(O)C3C1[NH+]23,6.386512280e0,1.926783174e-1,1.583112627e-1,7.915562987e-1,6.579190731e0,-2.254139632e-1
val,233,CCC12OC1CC2C=O,5.858611107e0,-2.192919105e-1,1.583112627e-1,7.915562987e-1,5.639319420e0,-9.617913365e-1
val,234,C#CC1=CCC(CC)C1,5.695343018e0,-3.176185861e-2,1.583112627e-1,7.915562987e-1,5.663581371e0,-9.427824020e-1
val,235,OC12COCC(C1)OC2,8.160694122e0,-2.269357294e-1,1.583112627e-1,7.915562987e-1,7.933758259e0,8.358727098e-1
val,236,COC1CC(O)C=C1C,6.786519527e0,1.031666249e-1,1.583112627e-1,7.915562987e-1,6.889686108e0,1.785526983e-2
val,237,CC1=CC2C(C1)C2(C)O,6.372906685e0,-3.397113085e-1,4.749337733e-1,2.374668837e0,6.033195496e0,-6.531943679e-1
val,238,CC(=O)C(C)C(O)C#N,6.239571095e0,2.150647640e-1,1.583112627e-1,7.915562987e-1,6.454635620e0,-3.230013251e-1
val,239,CC1C=CC2C(O)C12,6.247734070e0,3.696199358e-1,4.749337733e-1,2.374668837e0,6.617353916e0,-1.955135763e-1
val,240,Cc1ncc(O)c(=O)o1,4.859953403e0,5.626637116e-2,1.583112627e-1,7.915562987e-1,4.916219711e0,-1.528330803e0
val,241,CC1CNC(=O)C(C)C1,7.213738441e0,-5.711540952e-2,1.583112627e-1,7.915562987e-1,7.156622887e0,2.269968837e-1
val,242,C1C2CN1c1nn[nH]c12,6.171542168e0,-7.227823138e-2,1.583112627e-1,7.915562987e-1,6.099264145e0,-6.014304161e-1
val,243,[NH-]C1CC(=O)OCCO1,7.053191185e0,-1.405761205e-2,1.583112627e-1,7.915562987e-1,7.039133549e0,1.349454671e-1
val,244,CC[NH2+]C1C=CC(C)O1,5.581055164e0,-2.599064112e-1,1.583112627e-1,7.915562987e-1,5.321148872e0,-1.211073995e0
val,245,[H]N=C(C#C)N1CC(=O)C1,5.347037315e0,2.829044871e-2,1.583112627e-1,7.915562987e-1,5.375327587e0,-1.168625593e0
val,246,CC(C)OC1CC=CC1,7.287209034e0,-1.556004211e-2,1.583112627e-1,7.915562987e-1,7.271648884e0,3.171183169e-1
val,247,C#CC(C)NC(=O)OC,7.907628536e0,-7.418184727e-2,1.583112627e-1,7.915562987e-1,7.833446503e0,7.572796941e-1
val,248,CCC1OCCC([NH-])O1,7.553880215e0,2.912321687e-1,4.749337733e-1,2.374668837e0,7.845112324e0,7.664197087e-1
val,249,C1OC23CC2(O1)C1NC13,7.072239399e0,-8.438066840e-1,4.749337733e-1,2.374668837e0,6.228432655e0,-5.002285242e-1
val,250,CC12CC(O)CC1(C)N2,8.223280907e0,-1.286501139e-1,1.583112627e-1,7.915562987e-1,8.094631195e0,9.619145989e-1
val,251,OC1CCC(O)C12CN2,8.245050430e0,-3.361394629e-2,1.583112627e-1,7.915562987e-1,8.211436272e0,1.053429961e0
val,252,Nc1nc(C2CN2)co1,6.223243713e0,-9.159230590e-1,4.749337733e-1,2.374668837e0,5.307320595e0,-1.221908212e0
val,253,CC1(O)CC2(C)OC12C,8.481788635e0,2.382565290e-2,1.583112627e-1,7.915562987e-1,8.505614281e0,1.283914685e0
val,254,O=C1C(O)C2CC1(O)C2,5.926640034e0,-2.187746167e-1,1.583112627e-1,7.915562987e-1,5.707865238e0,-9.080865383e-1
val,255,ONC1CCC2NC12,6.552501678e0,3.538853303e-2,1.583112627e-1,7.915562987e-1,6.587890148e0,-2.185980678e-1
val,256,C#CCOC(C)C#C,7.472246647e0,-1.024424434e0,4.749337733e-1,2.374668837e0,6.447822094e0,-3.283396363e-1
val,257,N#CC(N)C1OCCO1,8.019195557e0,1.085050851e-1,1.583112627e-1,7.915562987e-1,8.127700806e0,9.878242016e-1
val,258,C#CC([NH-])OC=O,6.049090862e0,8.151198179e-2,1.583112627e-1,7.915562987e-1,6.130602837e0,-5.768769383e-1
val,259,C#CC1=CC(O)C(O)C1,5.643641472e0,-4.465702921e-2,1.583112627e-1,7.915562987e-1,5.598984241e0,-9.933934212e-1
val,260,C#CC1C=CCC1=O,5.869495869e0,2.734244466e-1,1.583112627e-1,7.915562987e-1,6.142920494e0,-5.672262311e-1
val,261,CC12C=CCC1C2O,6.332089424e0,2.008422911e-1,4.749337733e-1,2.374668837e0,6.532931805e0,-2.616572380e-1
val,262,CC1=CC(C)C2(O)CC12,6.658626080e0,2.751051188e-1,4.749337733e-1,2.374668837e0,6.933731079e0,5.236395076e-2
val,263,C#CC1OC(CO)C1=O,5.668131351e0,-6.868132204e-2,1.583112627e-1,7.915562987e-1,5.599450111e0,-9.930284023e-1
val,264,OCC1[CH-]C2CC3C2[NH+]13,4.530695915e0,5.353751034e-2,1.583112627e-1,7.915562987e-1,4.584233284e0,-1.788438082e0
val,265,C[NH+]1C2C3CCC2(O)C31,7.251834393e0,-1.249701083e-1,4.749337733e-1,2.374668837e0,7.126864433e0,2.036815137e-1
val,266,[NH-]C1C=C(N)C(CO)O1,5.741602421e0,-2.552355826e-1,1.583112627e-1,7.915562987e-1,5.486366749e0,-1.081627846e0
val,267,[NH-]C1OCC=CCC1=O,5.181047916e0,1.417452395e-1,1.583112627e-1,7.915562987e-1,5.322793007e0,-1.209785819e0
val,268,O=C1CCC(O)CN1,7.273603439e0,4.108709097e-1,1.583112627e-1,7.915562987e-1,7.684474468e0,6.405619383e-1
val,269,COC1CC(=O)C(=O)O1,4.699406624e0,1.591245383e-1,1.583112627e-1,7.915562987e-1,4.858530998e0,-1.573529243e0
val,270,CC1C2C(=O)OC12CO,7.434150696e0,5.374399424e-1,4.749337733e-1,2.374668837e0,7.971590519e0,8.655138016e-1
val,271,COCC(O)C(N)C#N,8.040965080e0,-1.532289758e-2,1.583112627e-1,7.915562987e-1,8.025642395e0,9.078627229e-1
val,272,C#CCC(=O)C(C)(C)C,6.201474667e0,-7.451875508e-2,1.583112627e-1,7.915562987e-1,6.126955986e0,-5.797342062e-1
val,273,C#CC1(O)CC2OC2C1,7.937561512e0,1.387495846e-1,1.583112627e-1,7.915562987e-1,8.076311111e0,9.475610256e-1
val,274,OC1CC=CCC=CC1,6.258618832e0,-1.892904788e-1,1.583112627e-1,7.915562987e-1,6.069328308e0,-6.248847842e-1
val,275,CC12CCC(NO)C1O2,6.620530128e0,9.509016760e-3,1.583112627e-1,7.915562987e-1,6.630039215e0,-1.855748147e-1
val,276,c1cnc2n[nH]cc2c1,4.791924953e0,6.356947124e-2,1.583112627e-1,7.915562987e-1,4.855494499e0,-1.575908303e0
val,277,c1[nH]nc2c1NCC2,5.825957775e0,-7.581759244e-2,1.583112627e-1,7.915562987e-1,5.750140190e0,-8.749646544e-1
val,278,CC(=O)CN=C(N)CO,5.572891712e0,-7.568657864e-3,1.583112627e-1,7.915562987e-1,5.565322876e0,-1.019766688e0
val,279,O=COC1C=CCC1=O,5.741602421e0,-1.007026583e-1,1.583112627e-1,7.915562987e-1,5.640899658e0,-9.605532289e-1
val,280,[NH-]C1CC2(C[NH+]3CC32)O1,7.366122246e0,4.816407859e-1,4.749337733e-1,2.374668837e0,7.847763062e0,7.684965134e-1
val,281,CC1=CC=CCOC1=O,4.993289471e0,-7.290752232e-2,1.583112627e-1,7.915562987e-1,4.920382023e0,-1.525069714e0
val,282,CCC1CC=CC1C=O,5.692621708e0,1.164046209e-2,1.583112627e-1,7.915562987e-1,5.704262257e0,-9.109094143e-1
val,283,CC12CC1C1(C)NC21,7.722591400e0,-4.268921018e-1,4.749337733e-1,2.374668837e0,7.295699120e0,3.359613717e-1
val,284,O=C1NCC2=C1CCN2,5.491257668e0,5.753859878e-2,1.583112627e-1,7.915562987e-1,5.548796177e0,-1.032715082e0
val,285,O=CC1OC2CC1C2=O,5.319826126e0,-2.427645773e-2,1.583112627e-1,7.915562987e-1,5.295549870e0,-1.231130481e0
val,286,CCC1C(=O)OCC1O,7.496736526e0,2.701048180e-2,1.583112627e-1,7.915562987e-1,7.523746967e0,5.146340132e-1
val,287,CC1=CC2C(O)C2C1C,6.291272163e0,-3.173043951e-2,4.749337733e-1,2.374668837e0,6.259541512e0,-4.758551121e-1
val,288,CCOCC(C)(O)CO,8.702200890e0,-1.088898331e-1,1.583112627e-1,7.915562987e-1,8.593311310e0,1.352624178e0
val,289,CC1C(C)C2OC2C1C,8.990641594e0,-7.783207297e-2,1.583112627e-1,7.915562987e-1,8.912809372e0,1.602946877e0
val,290,CC(O)C1C2CC(=O)C21,6.285830498e0,7.625187188e-2,1.583112627e-1,7.915562987e-1,6.362082481e0,-3.955155313e-1
val,291,[NH-]c1nc(N)c(F)n[nH+]1,4.264024258e0,1.692028940e-1,1.583112627e-1,7.915562987e-1,4.433227062e0,-1.906749487e0
val,292,CCC(C#CCO)CC,7.515784740e0,1.748891622e-1,1.583112627e-1,7.915562987e-1,7.690673828e0,6.454190612e-1
val,293,O=C1CC2NC2CN1,7.330747128e0,7.860499620e-2,1.583112627e-1,7.915562987e-1,7.409352303e0,4.250071943e-1
val,294,CCNC(C#N)CC,7.472246647e0,5.402596667e-3,1.583112627e-1,7.915562987e-1,7.477649212e0,4.785169661e-1
val,295,CCC1(O)C(O)C2OC21,8.190627098e0,-1.352062821e-1,1.583112627e-1,7.915562987e-1,8.055420876e0,9.311938286e-1
val,296,CCC1=CC(=O)CC1,5.273566723e0,1.046041250e-1,1.583112627e-1,7.915562987e-1,5.378170967e0,-1.166397810e0
val,297,CC1=CC(O)CC1,7.028701305e0,2.975935340e-1,1.583112627e-1,7.915562987e-1,7.326294899e0,3.599327803e-1
val,298,O=CC1=CNCCOC1,5.259960651e0,3.738268092e-2,1.583112627e-1,7.915562987e-1,5.297343254e0,-1.229725361e0
val,299,CC1(O)CC=CC1C=O,5.752487183e0,6.338233501e-2,1.583112627e-1,7.915562987e-1,5.815869331e0,-8.234666586e-1
val,300,CC1OC(C#N)C1=O,6.024600506e0,1.904442906e-1,1.583112627e-1,7.915562987e-1,6.215044975e0,-5.107175708e-1
val,301,CC(=O)OCC(C)=NO,7.042306423e0,1.603756994e-1,1.583112627e-1,7.915562987e-1,7.202682018e0,2.630836368e-1
val,302,[NH-]c1cc[nH+]c(N)c1F,5.017779827e0,4.963948578e-2,1.583112627e-1,7.915562987e-1,5.067419529e0,-1.409867644e0
val,303,COC1C=CCC2OC12,7.224623203e0,-2.156424336e-2,1.583112627e-1,7.915562987e-1,7.203059196e0,2.633791566e-1
val,304,COC1(C)C=CCC1=O,5.877659321e0,3.700343892e-2,1.583112627e-1,7.915562987e-1,5.914662838e0,-7.460632324e-1
val,305,CN=C(C#N)N(C)C=O,5.485815525e0,-8.521042764e-2,1.583112627e-1,7.915562987e-1,5.400605202e0,-1.148820877e0
val,306,C#CCCC(O)C#C,7.752523899e0,-7.602616400e-2,1.583112627e-1,7.915562987e-1,7.676497936e0,6.343124509e-1
val,307,C#CC1(O)CC=C(C)C1,7.137547016e0,1.105128974e-1,1.583112627e-1,7.915562987e-1,7.248059750e0,2.986365259e-1
val,308,CCC1=CC2C(O)C2C1,6.348416328e0,-4.849863052e-2,4.749337733e-1,2.374668837e0,6.299917698e0,-4.442208707e-1
val,309,O=C1OC2(CO)CC12,7.589255333e0,-1.983824670e-1,4.749337733e-1,2.374668837e0,7.390872955e0,4.105288684e-1
val,310,OCC1=CCC(CO)C1,7.072239399e0,-5.767539516e-2,1.583112627e-1,7.915562987e-1,7.014564037e0,1.156955585e-1
val,311,CC1C(=O)C2CC12,6.176984310e0,-1.256030649e-1,1.583112627e-1,7.915562987e-1,6.051381111e0,-6.389461756e-1
val,312,CC1NC(CC#N)C1=O,5.888543606e0,-8.346545696e-2,1.583112627e-1,7.915562987e-1,5.805078030e0,-8.319215178e-1
val,313,CCOC1COCOC1,8.846421242e0,3.075343184e-2,4.749337733e-1,2.374668837e0,8.877174377e0,1.575027347e0
val,314,CC(O)C1(C)OCCO1,8.767508507e0,-1.669466048e-1,1.583112627e-1,7.915562987e-1,8.600562096e0,1.358305097e0
val,315,CC12CC1C1C2N1C=O,6.307599545e0,7.620900869e-1,4.749337733e-1,2.374668837e0,7.069689751e0,1.588858664e-1
val,316,O=C1CC(O)C(O)CN1,7.262719154e0,1.083457991e-1,1.583112627e-1,7.915562987e-1,7.371065140e0,3.950096965e-1
val,317,CC1C(=O)C=CC1(C)O,5.208259583e0,1.850310266e-1,1.583112627e-1,7.915562987e-1,5.393290520e0,-1.154551864e0
val,318,C[NH+]1CC2CC(=O)C21C,4.955193520e0,-1.167204455e-1,1.583112627e-1,7.915562987e-1,4.838472843e0,-1.589244604e0
val,319,C1CC1C12C[NH+]3C1CC32,8.557980537e0,-1.167421043e-1,1.583112627e-1,7.915562987e-1,8.441238403e0,1.233476996e0
val,320,CC1(C)OC2CCCC21,8.666826248e0,-6.825860590e-2,1.583112627e-1,7.915562987e-1,8.598567963e0,1.356742740e0
val,321,C[CH+]1C=NC([NH-])OC1F,4.582397461e0,-9.330539405e-2,1.583112627e-1,7.915562987e-1,4.489091873e0,-1.862980127e0
val,322,C#CC12C(=O)OC1C2O,6.465425014e0,-6.691709757e-1,4.749337733e-1,2.374668837e0,5.796254158e0,-8.388349414e-1
val,323,CC1C(O)CC2COC21,8.128041267e0,3.055709004e-1,1.583112627e-1,7.915562987e-1,8.433611870e0,1.227501750e0
val,324,CC(C#N)(C#N)OC=O,7.096729279e0,-2.370714843e-1,1.583112627e-1,7.915562987e-1,6.859657764e0,-5.671559833e-3
val,325,CC(=NO)C(C)CC=O,6.209638119e0,4.858865589e-2,1.583112627e-1,7.915562987e-1,6.258226871e0,-4.768851101e-1
val,326,CC(O)C(C)C=O,6.239571095e0,1.248859838e-1,1.583112627e-1,7.915562987e-1,6.364457130e0,-3.936550319e-1
val,327,C#CC1C=CC2(C)CC12,6.718491554e0,-3.173532486e-1,4.749337733e-1,2.374668837e0,6.401138306e0,-3.649157882e-1
val,328,O=C1C=CC2C3CC1C23,4.895328522e0,1.080024615e-2,1.583112627e-1,7.915562987e-1,4.906128883e0,-1.536236882e0
val,329,N#CC1CCOC([NH-])O1,7.134825230e0,3.207410872e-2,4.749337733e-1,2.374668837e0,7.166899204e0,2.350482494e-1
val,330,CCC1(C#N)CC=CC1,7.200132847e0,-1.917039454e-1,1.583112627e-1,7.915562987e-1,7.008429050e0,1.108888760e-1
val,331,Oc1coc(N2CC2)n1,5.951130390e0,-1.163003892e-1,1.583112627e-1,7.915562987e-1,5.834829807e0,-8.086113930e-1
val,332,CCCC12CC3CC1[NH+]32,8.925334930e0,-1.761513390e-2,1.583112627e-1,7.915562987e-1,8.907719612e0,1.598959208e0
val,333,CC1=CCCC1=O,5.387854576e0,-7.375255972e-2,1.583112627e-1,7.915562987e-1,5.314102173e0,-1.216594934e0
val,334,OC1C2CC3C1[NH+]23,8.402875900e0,-2.386204340e-2,1.583112627e-1,7.915562987e-1,8.379014015e0,1.184724927e0
val,335,CC1=CCC(C=O)C1,6.021879673e0,-1.155743524e-1,1.583112627e-1,7.915562987e-1,5.906305313e0,-7.526112199e-1
val,336,CC(=O)C1OCOC1C,5.907591820e0,-2.018162459e-1,1.583112627e-1,7.915562987e-1,5.705775738e0,-9.097236395e-1
val,337,CC#CCC12CCC1O2,8.128041267e0,-2.283486724e-1,1.583112627e-1,7.915562987e-1,7.899692535e0,8.091826439e-1
val,338,ONC1C2CC3C(C2)C31,6.797404289e0,3.678255901e-2,1.583112627e-1,7.915562987e-1,6.834187031e0,-2.562755905e-2
val,339,CC1C2CC3(CN3)C1O2,8.479067802e0,6.246429682e-1,4.749337733e-1,2.374668837e0,9.103711128e0,1.752516031e0
val,340,OCC#CC1CC2OC12,7.450477123e0,-1.785285920e-1,1.583112627e-1,7.915562987e-1,7.271948338e0,3.173529208e-1
val,341,CC12C(O)C[NH+]1CC2O,7.118498325e0,-2.867121398e-1,1.583112627e-1,7.915562987e-1,6.831786156e0,-2.750861458e-2
val,342,CC1(O)COC(=O)C1=O,4.530695915e0,-7.650996000e-2,1.583112627e-1,7.915562987e-1,4.454185963e0,-1.890328526e0
val,343,CC#CC(O)(CC)CC,7.934839725e0,-9.294877201e-2,4.749337733e-1,2.374668837e0,7.841890812e0,7.638956904e-1
val,344,CC1C(=O)CC2COC21,6.005552769e0,1.212537885e-1,1.583112627e-1,7.915562987e-1,6.126806736e0,-5.798511505e-1
val,345,c1n[nH]c(C[NH+]2CC2)n1,7.279046059e0,-1.695615500e-1,1.583112627e-1,7.915562987e-1,7.109484673e0,1.900646836e-1
val,346,CC1(C=O)CCC(=O)O1,5.997389793e0,1.615924388e-1,1.583112627e-1,7.915562987e-1,6.158982277e0,-5.546420217e-1
val,347,CC12CC(NO)CC1N2,6.677673817e0,7.072253525e-2,1.583112627e-1,7.915562987e-1,6.748396397e0,-9.284344316e-2
val,348,CCC1=C(C)C2CC2C1,6.541617393e0,-2.174243778e-1,4.749337733e-1,2.374668837e0,6.324193001e0,-4.252014756e-1
val,349,CC(=O)NC1CC=CC1,7.015095711e0,2.809588909e-1,1.583112627e-1,7.915562987e-1,7.296054840e0,3.362400532e-1
val,350,C#CCC(=O)C(=O)NC,4.835463047e0,1.695791036e-1,1.583112627e-1,7.915562987e-1,5.005042076e0,-1.458739638e0
val,351,CC1=CC2(CN2)C2NC12,6.108956337e0,1.223721951e-1,1.583112627e-1,7.915562987e-1,6.231328487e0,-4.979596436e-1
val,352,CC1C2CC3(C)C1[NH+]23,8.909008026e0,3.429315388e-1,1.583112627e-1,7.915562987e-1,9.251939774e0,1.868651390e0
val,353,CC#CC(C)C#CC=O,5.450440407e0,-2.503787279e-1,4.749337733e-1,2.374668837e0,5.200061798e0,-1.305944085e0
val,354,CC1(C#CC2CC2)CC1,7.567486763e0,-1.722476929e-1,1.583112627e-1,7.915562987e-1,7.395238876e0,4.139495194e-1
val,355,C[CH+]1C([NH-])N=NOC1N,3.719796658e0,3.232944012e-1,1.583112627e-1,7.915562987e-1,4.043090820e0,-2.212416410e0
val,356,C1C([NH+]2CC2)C1[NH+]1CC1,8.465462685e0,-2.756652832e-1,1.583112627e-1,7.915562987e-1,8.189797401e0,1.036476135e0
val,357,[H]N=CN(C)c1cnon1,5.170163155e0,4.352023080e-2,1.583112627e-1,7.915562987e-1,5.213683605e0,-1.295271635e0
val,358,CC1C=CC2(O)CC12,6.685837746e0,-1.634291857e-1,4.749337733e-1,2.374668837e0,6.522408485e0,-2.699021399e-1
val,359,COC(=O)c1cnon1,6.174263477e0,-4.860997945e-2,1.583112627e-1,7.915562987e-1,6.125653267e0,-5.807548761e-1
val,360,O=C1CC2C1C21CCC1,6.234128475e0,7.634105533e-2,1.583112627e-1,7.915562987e-1,6.310469627e0,-4.359535575e-1
val,361,C#CCC(C)(CO)CO,8.089944839e0,-1.761786640e-1,1.583112627e-1,7.915562987e-1,7.913766384e0,8.202093244e-1
val,362,C1C2C3OC2C2OC3C12,7.227344036e0,-4.507501796e-2,1.583112627e-1,7.915562987e-1,7.182269096e0,2.470903695e-1
val,363,CCC1(C)OCC(C)O1,8.990641594e0,-2.085561156e-1,1.583112627e-1,7.915562987e-1,8.782085419e0,1.500526309e0
val,364,C#CC1C=CC(=O)C1O,5.178326607e0,-8.594395965e-2,1.583112627e-1,7.915562987e-1,5.092382431e0,-1.390309572e0
val,365,CCOCCC(=O)C=O,4.283071995e0,2.154234499e-1,4.749337733e-1,2.374668837e0,4.498495579e0,-1.855612516e0
val,366,CC12CCNC(=O)C1C2,7.186526775e0,6.508592516e-2,1.583112627e-1,7.915562987e-1,7.251612663e0,3.014201820e-1
val,367,CC1C[NH+]2C(C#N)CC12,6.821894169e0,-4.991626367e-3,1.583112627e-1,7.915562987e-1,6.816902637e0,-3.916966543e-2
val,368,CC1=CCC2C1C2(C)O,6.479031086e0,2.354685068e-1,4.749337733e-1,2.374668837e0,6.714499474e0,-1.194012538e-1
val,369,O=C1CC=CC=CC1O,5.491257668e0,-4.074669629e-2,1.583112627e-1,7.915562987e-1,5.450510979e0,-1.109720349e0
val,370,CC(C)C1=CCC2CC12,6.715770245e0,-2.513209581e-1,4.749337733e-1,2.374668837e0,6.464449406e0,-3.153123558e-1
val,371,C1#CCC=CC=CC=C1,3.904833794e0,-1.223857142e-2,1.583112627e-1,7.915562987e-1,3.892595291e0,-2.330327749e0
val,372,O=C1NCC2(CC2O)N1,7.970214844e0,1.818829030e-2,1.583112627e-1,7.915562987e-1,7.988403320e0,8.786864281e-1
val,373,C1=CC2C=CC(C1)O2,6.323925972e0,-2.409258634e-1,1.583112627e-1,7.915562987e-1,6.083000183e0,-6.141729951e-1
val,374,N#CC12C3OC4C3C1C42,7.665446758e0,-1.519499421e-1,4.749337733e-1,2.374668837e0,7.513496876e0,5.066031814e-1
val,375,CC12CC1C1(CCC1)C2,8.993363380e0,2.396433055e-2,1.583112627e-1,7.915562987e-1,9.017327309e0,1.684835434e0
val,376,CC1(C)C(=O)C2(C)CC12,6.108956337e0,-1.548496783e-1,1.583112627e-1,7.915562987e-1,5.954106808e0,-7.151593566e-1
val,377,C#CCCC(=O)C(C)=O,4.261302948e0,1.021666825e-1,1.583112627e-1,7.915562987e-1,4.363469601e0,-1.961403608e0
val,378,OCC#CC1OCCO1,7.436871529e0,-1.917779893e-1,1.583112627e-1,7.915562987e-1,7.245093346e0,2.963123620e-1
val,379,CC12OCC1OC2C=O,5.842284679e0,4.525863528e-1,4.749337733e-1,2.374668837e0,6.294870853e0,-4.481750131e-1
val,380,O=C1CC2(C3CO3)OC12,5.847726822e0,-6.781020761e-2,1.583112627e-1,7.915562987e-1,5.779916763e0,-8.516350389e-1
val,381,OC12CC(C1)C1CC2O1,8.596076965e0,5.198180676e-2,1.583112627e-1,7.915562987e-1,8.648058891e0,1.395518303e0
val,382,CC1(C)CC(N)C(=O)O1,6.895365238e0,2.634294890e-2,1.583112627e-1,7.915562987e-1,6.921708107e0,4.294410348e-2
val,383,CC(=O)NCC(N)C#N,6.794682980e0,2.622530758e-1,1.583112627e-1,7.915562987e-1,7.056936264e0,1.488936692e-1
val,384,Cn1cc(O)n(C)c1=O,6.220522881e0,-9.860132635e-2,1.583112627e-1,7.915562987e-1,6.121921539e0,-5.836786032e-1
val,385,O=C1OC2C(O)CCC12,7.597418785e0,-8.295704424e-2,1.583112627e-1,7.915562987e-1,7.514461517e0,5.073589683e-1
val,386,C1CC2COC(C1)C2,8.593356133e0,-2.232336700e-1,1.583112627e-1,7.915562987e-1,8.370122910e0,1.177758932e0
val,387,C#CC12NC1C1C(O)C12,7.398775578e0,6.988301277e-1,4.749337733e-1,2.374668837e0,8.097605705e0,9.642450809e-1
val,388,O=C1CCC2CC1O2,5.706227779e0,2.267125547e-1,4.749337733e-1,2.374668837e0,5.932940483e0,-7.317429185e-1
val,389,C1CC1c1nnon1,5.962014675e0,-1.657010019e-1,1.583112627e-1,7.915562987e-1,5.796313763e0,-8.387882113e-1
val,390,CC1C=C(CO)C(C)O1,6.811009407e0,-2.259500325e-2,1.583112627e-1,7.915562987e-1,6.788414478e0,-6.148977950e-2
val,391,OCCC1COCO1,9.066833496e0,1.055697948e-1,1.583112627e-1,7.915562987e-1,9.172403336e0,1.806335568e0
val,392,CC1C2CC3(C=O)C1[NH+]23,5.932082176e0,2.250735881e-3,1.583112627e-1,7.915562987e-1,5.934332848e0,-7.306519747e-1
val,393,Cn1nnc(C2CC2)n1,6.476309776e0,1.326504052e-1,4.749337733e-1,2.374668837e0,6.608960152e0,-2.020899951e-1
val,394,C#CCC1=CCOC1C,6.590597630e0,1.198798195e-1,1.583112627e-1,7.915562987e-1,6.710477352e0,-1.225525364e-1
val,395,OCCC1C2[NH2+][CH+]OC12,6.966114998e0,1.641019620e-2,1.583112627e-1,7.915562987e-1,6.982525349e0,9.059365094e-2
val,396,CC1(C)CC2OC21C,8.857306480e0,-3.592779860e-2,1.583112627e-1,7.915562987e-1,8.821378708e0,1.531312108e0
val,397,N#CC1[NH2+]C2CC3C1[NH+]23,5.281730175e0,2.855679691e-1,1.583112627e-1,7.915562987e-1,5.567297935e0,-1.018219233e0
val,398,O=C1CC(O)C2OCC12,5.869495869e0,-2.574608922e-1,1.583112627e-1,7.915562987e-1,5.612034798e0,-9.831684828e-1
val,399,CC12CC3CC1C1C3[NH+]12,8.713085175e0,3.477060795e-1,4.749337733e-1,2.374668837e0,9.060791016e0,1.718888640e0
val,400,[CH-]1C2CCC34C[NH+](C13)C24,3.961977959e0,4.437232018e-1,4.749337733e-1,2.374668837e0,4.405701160e0,-1.928315759e0
val,401,N#CC1=NCCOCO1,5.953851223e0,2.129214257e-1,1.583112627e-1,7.915562987e-1,6.166772842e0,-5.485382080e-1
val,402,CCC(=NO)C(C)=NO,5.319826126e0,-1.021559685e-1,1.583112627e-1,7.915562987e-1,5.217669964e0,-1.292148352e0
val,403,O=C1NC2CC3C2N13,7.257276535e0,-5.224924907e-2,1.583112627e-1,7.915562987e-1,7.205027103e0,2.649209797e-1
val,404,CC#CC1NCC1=O,5.651804924e0,1.456617266e-1,1.583112627e-1,7.915562987e-1,5.797466755e0,-8.378848433e-1
val,405,OC1C=CC(O)C1O,6.808288574e0,9.416870773e-2,1.583112627e-1,7.915562987e-1,6.902457237e0,2.786128968e-2
val,406,[NH-]C1OC2C3OC2C13O,6.827336788e0,2.080151290e-1,1.583112627e-1,7.915562987e-1,7.035351753e0,1.319824755e-1
val,407,O=C1NCC(CO)C1=O,4.598724365e0,-2.068454586e-2,1.583112627e-1,7.915562987e-1,4.578039646e0,-1.793290734e0
val,408,CC(=O)C1CC2OC21,6.084465981e0,-1.694696844e-1,1.583112627e-1,7.915562987e-1,5.914996147e0,-7.458020449e-1
val,409,CCC12OC1CC2OC,8.688595772e0,3.990415111e-2,1.583112627e-1,7.915562987e-1,8.728500366e0,1.458543181e0
val,410,C#CC(C)(CC)CCO,8.634172440e0,-6.118747592e-2,1.583112627e-1,7.915562987e-1,8.572984695e0,1.336698532e0
val,411,CC#CC1=CCOC1,5.556564808e0,1.139120981e-1,1.583112627e-1,7.915562987e-1,5.670476913e0,-9.373798370e-1
val,412,CCC#CC1CC=CC1,7.181085110e0,-1.625343114e-1,1.583112627e-1,7.915562987e-1,7.018550873e0,1.188191921e-1
val,413,CC1C(=O)CN1C(N)=O,5.899428368e0,-2.723884881e-1,1.583112627e-1,7.915562987e-1,5.627039909e0,-9.714121819e-1
val,414,CC1C(C=O)C2(C)OC12,5.785140514e0,1.500045061e-1,1.583112627e-1,7.915562987e-1,5.935144901e0,-7.300157547e-1
val,415,C#CC1(C)C2C=CCC21,6.269503117e0,-2.191664875e-1,4.749337733e-1,2.374668837e0,6.050336838e0,-6.397643089e-1
val,416,N#CC12NCC1OC2=O,6.296714783e0,-2.447087765e-1,1.583112627e-1,7.915562987e-1,6.052005768e0,-6.384567618e-1
val,417,C#CC1C[NH+]1CC1CN1,7.115777493e0,7.963962853e-2,1.583112627e-1,7.915562987e-1,7.195416927e0,2.573915124e-1
val,418,O=C1OC2CCCC1O2,7.273603439e0,-1.038236544e-1,1.583112627e-1,7.915562987e-1,7.169779778e0,2.373051345e-1
val,419,CCC1OC2CC1CO2,9.053228378e0,6.245860457e-2,1.583112627e-1,7.915562987e-1,9.115687370e0,1.761899233e0
val,420,CC1C=C(C=O)C(O)C1,5.132067680e0,-8.912321180e-2,1.583112627e-1,7.915562987e-1,5.042944431e0,-1.429043651e0
val,421,CCC12CC1(O)CC2=O,6.198753357e0,1.408884488e-2,1.583112627e-1,7.915562987e-1,6.212841988e0,-5.124436021e-1
val,422,CC12CC3C(C1)C3C2O,8.797441483e0,-1.703410298e-1,1.583112627e-1,7.915562987e-1,8.627099991e0,1.379097223e0
val,423,C#CC1C=CC(C#N)O1,6.990605354e0,-1.513749361e-1,1.583112627e-1,7.915562987e-1,6.839230537e0,-2.167603560e-2
val,424,CC12NC1CC21CN1,7.989262581e0,1.199290343e-2,4.749337733e-1,2.374668837e0,8.001255035e0,8.887555599e-1
val,425,C[NH2+][CH+]OC(C)CCO,7.412381172e0,-2.370239794e-1,1.583112627e-1,7.915562987e-1,7.175357342e0,2.416750938e-1
val,426,OC1CCCC2OC12,9.246428490e0,-6.751968712e-2,1.583112627e-1,7.915562987e-1,9.178908348e0,1.811432123e0
val,427,O=COC1CCC(=O)O1,7.436871529e0,-8.560354263e-2,1.583112627e-1,7.915562987e-1,7.351267815e0,3.794987500e-1
val,428,N#CC1(C#N)NCC1=O,5.899428368e0,1.494029164e-1,1.583112627e-1,7.915562987e-1,6.048831463e0,-6.409437656e-1
val,429,N#CC12NC1C1CC12N,6.413723469e0,6.544926167e-1,4.749337733e-1,2.374668837e0,7.068216324e0,1.577314436e-1
val,430,NC1=CC(=O)C(C=O)C1,5.455882549e0,2.387611121e-1,1.583112627e-1,7.915562987e-1,5.694643497e0,-9.184455872e-1
val,431,CC12NC3[NH2+]CC1C32O,4.391917706e0,2.353258878e-1,1.583112627e-1,7.915562987e-1,4.627243519e0,-1.754740119e0
val,432,C#CC12CC(C)=CC1C2,6.538896084e0,-8.688732982e-3,4.749337733e-1,2.374668837e0,6.530207157e0,-2.637919784e-1
val,433,CC1(O)COC([NH-])OC1,8.002868652e0,-6.292702258e-2,4.749337733e-1,2.374668837e0,7.939941406e0,8.407170773e-1
val,434,C#CC1C(C)C2OC12,7.932118893e0,-4.904760420e-2,1.583112627e-1,7.915562987e-1,7.883071423e0,7.961601615e-1
val,435,CC1(C)C(=O)C2CC1C2,6.106235027e0,-1.433829498e-2,1.583112627e-1,7.915562987e-1,6.091896534e0,-6.072028279e-1
val,436,[NH-]C1COC(=O)CCO1,7.249113560e0,-1.474041864e-2,1.583112627e-1,7.915562987e-1,7.234373093e0,2.879132032e-1
val,437,CC12CCC(C1)OCO2,8.955266953e0,2.407879084e-1,1.583112627e-1,7.915562987e-1,9.196054459e0,1.824865937e0
val,438,[NH-]C1N[CH+][NH2+]C12CC2O,5.630035877e0,-5.570816994e-1,4.749337733e-1,2.374668837e0,5.072954178e0,-1.405531406e0
val,439,CC1(C)C2C3NC3C21,7.434150696e0,8.441337943e-2,4.749337733e-1,2.374668837e0,7.518564224e0,5.105733871e-1
val,440,CC(O)COCCC=O,6.206917286e0,1.307903677e-1,1.583112627e-1,7.915562987e-1,6.337707520e0,-4.146130085e-1
val,441,CCC12NC1CCC2O,8.185184479e0,-6.299941335e-3,1.583112627e-1,7.915562987e-1,8.178884506e0,1.027925968e0
val,442,CCC12CC1CC(=O)O2,7.570207596e0,-2.330377549e-1,1.583112627e-1,7.915562987e-1,7.337169647e0,3.684529960e-1
val,443,N#CC1C(O)CC2OC21,8.462740898e0,-1.533561051e-1,1.583112627e-1,7.915562987e-1,8.309384346e0,1.130170941e0
val,444,O=CC1C2C=CCC12O,5.692621708e0,7.949801087e-1,4.749337733e-1,2.374668837e0,6.487601757e0,-2.971727550e-1
val,445,O=C1C=CCOCCO1,5.159278870e0,9.501425922e-2,1.583112627e-1,7.915562987e-1,5.254292965e0,-1.263454676e0
val,446,Oc1n[nH]cc1C1CN1,6.337531567e0,3.013178706e-1,1.583112627e-1,7.915562987e-1,6.638849258e0,-1.786722541e-1
val,447,COC(C)c1cnon1,6.304878235e0,-1.994926035e-1,1.583112627e-1,7.915562987e-1,6.105385780e0,-5.966342092e-1
val,448,CC1(O)CC2(CO)OC12,8.884517670e0,1.081621721e-1,1.583112627e-1,7.915562987e-1,8.992679596e0,1.665524244e0
val,449,CCC1C2CC3(C)C1[NH+]23,8.756624222e0,-3.855992854e-2,1.583112627e-1,7.915562987e-1,8.718064308e0,1.450366616e0
val,450,COC1CC(O)C2OC12,8.938940048e0,-1.536070406e-1,1.583112627e-1,7.915562987e-1,8.785332680e0,1.503070593e0
val,451,C#Cc1nonc1CO,5.817794323e0,-2.070685476e-2,1.583112627e-1,7.915562987e-1,5.797087669e0,-8.381818533e-1
val,452,COCC1=C(C)CCC1,6.824615955e0,5.309018493e-2,1.583112627e-1,7.915562987e-1,6.877706051e0,8.469046094e-3
val,453,CCC(=NO)C(C)(C)O,6.938903332e0,-3.066536784e-1,1.583112627e-1,7.915562987e-1,6.632249832e0,-1.838428229e-1
val,454,CC1CNC(=O)CC1C,7.303536415e0,1.498204023e-1,1.583112627e-1,7.915562987e-1,7.453356743e0,4.594841301e-1
val,455,O=Cn1cnoc1=O,5.981062412e0,1.913670748e-1,4.749337733e-1,2.374668837e0,6.172429562e0,-5.441062450e-1
val,456,O=CC12COC1C1C[NH+]12,5.499421120e0,1.133308649e0,4.749337733e-1,2.374668837e0,6.632729530e0,-1.834669858e-1
val,457,C1=CC2C3C=CC2C1C3,6.264060974e0,-6.429596990e-2,4.749337733e-1,2.374668837e0,6.199765205e0,-5.226891041e-1
val,458,N#CC1C=CC(=O)C1,5.219143867e0,-1.665589958e-2,1.583112627e-1,7.915562987e-1,5.202487946e0,-1.304043293e0
val,459,C#CC1CCC(=O)O1,7.532111645e0,3.131392598e-2,1.583112627e-1,7.915562987e-1,7.563425541e0,5.457216501e-1
val,460,CC#CC(CC)NC=O,7.344352722e0,4.719877616e-2,1.583112627e-1,7.915562987e-1,7.391551495e0,4.110604823e-1
val,461,CC12CCCC1(C=O)N2,5.962014675e0,1.675744206e-1,1.583112627e-1,7.915562987e-1,6.129589081e0,-5.776711702e-1
val,462,N#CC(O)C(CO)CO,7.613745689e0,-3.906418979e-1,1.583112627e-1,7.915562987e-1,7.223104000e0,2.790839970e-1
val,463,CC1C=CC(=O)C1O,5.265403271e0,-3.855347261e-2,1.583112627e-1,7.915562987e-1,5.226850033e0,-1.284955859e0
val,464,COC1OCC=C1C,7.104892731e0,9.914441407e-2,1.583112627e-1,7.915562987e-1,7.204037189e0,2.641454041e-1
val,465,C1OC2CC1C2[NH+]1CC1,8.696758270e0,-1.993309259e-1,1.583112627e-1,7.915562987e-1,8.497426987e0,1.277500033e0
val,466,CCC1CC=CC1(C)O,7.227344036e0,-1.618718505e-1,1.583112627e-1,7.915562987e-1,7.065472126e0,1.555813998e-1
val,467,C1CCC2(CC1)CCO2,8.489952087e0,1.180183068e-1,1.583112627e-1,7.915562987e-1,8.607970238e0,1.364109278e0
val,468,O=CC1CCC2COC12,6.010994911e0,-2.228708751e-2,1.583112627e-1,7.915562987e-1,5.988708019e0,-6.880497336e-1
val,469,c1occ2c1CC1CN21,6.299435616e0,-2.211346105e-2,1.583112627e-1,7.915562987e-1,6.277322292e0,-4.619240761e-1
val,470,CC1C2CC(=O)C1C2C,6.149773121e0,3.291992247e-1,1.583112627e-1,7.915562987e-1,6.478972435e0,-3.039337397e-1
val,471,CC1OC1CC1OC1C,9.311736107e0,2.645927370e-1,4.749337733e-1,2.374668837e0,9.576329231e0,2.122806311e0
val,472,CCCOC(C)C(C)C,8.979757309e0,2.309122123e-2,1.583112627e-1,7.915562987e-1,9.002848625e0,1.673491597e0
val,473,CC1C[NH+](C)CC([NH-])O1,6.824615955e0,1.052190363e-1,1.583112627e-1,7.915562987e-1,6.929834843e0,4.931129888e-2
val,474,O=CC1=CC(O)C(O)C1,5.200095654e0,7.900498062e-2,1.583112627e-1,7.915562987e-1,5.279100418e0,-1.244018435e0
val,475,CC1(O)C=CC2C(O)C21,6.375627518e0,9.517115951e-1,4.749337733e-1,2.374668837e0,7.327339172e0,3.607509434e-1
val,476,N#Cc1cncc([NH-])[nH+]1,3.749728680e0,-2.480725646e-1,1.583112627e-1,7.915562987e-1,3.501656055e0,-2.636623621e0
val,477,CCC1(C)C(O)C2OC21,8.707643509e0,-5.924137682e-2,1.583112627e-1,7.915562987e-1,8.648402214e0,1.395787239e0
val,478,CC1CC(O)C=C1C=O,5.178326607e0,-1.456136256e-1,1.583112627e-1,7.915562987e-1,5.032712936e0,-1.437059879e0
val,479,CC1=CCCC(=O)NC1,6.838221550e0,2.133588195e-1,1.583112627e-1,7.915562987e-1,7.051580429e0,1.446974427e-1
val,480,C1C2C3OC4C[NH+](C13)C42,8.013752937e0,-4.427078366e-2,1.583112627e-1,7.915562987e-1,7.969481945e0,8.638617396e-1
val,481,OC1C2CC2C12CCC2,8.642336845e0,-3.503321484e-2,1.583112627e-1,7.915562987e-1,8.607303619e0,1.363587022e0
val,482,C[NH+](CC#N)CCC#N,7.181085110e0,2.208526284e-1,1.583112627e-1,7.915562987e-1,7.401937962e0,4.191981554e-1
val,483,CCC12CCCC1OC2,8.628729820e0,-1.467973888e-1,1.583112627e-1,7.915562987e-1,8.481932640e0,1.265360475e0
val,484,O=c1nc(CO)nn[nH]1,4.514369011e0,1.746435314e-1,4.749337733e-1,2.374668837e0,4.689012527e0,-1.706344843e0
val,485,CC1C(O)C(C)C2NC12,8.506278992e0,-8.778890222e-2,1.583112627e-1,7.915562987e-1,8.418490410e0,1.215654254e0
val,486,C1=CC23CC2(C1)OCO3,6.525290489e0,2.213457823e-1,1.583112627e-1,7.915562987e-1,6.746636391e0,-9.422238916e-2
val,487,CC1C(CC#N)C2OC12,8.296751022e0,1.465330273e-1,1.583112627e-1,7.915562987e-1,8.443284035e0,1.235079765e0
val,488,C1OC1C1CCC2OC21,9.439629555e0,-2.547444105e-1,1.583112627e-1,7.915562987e-1,9.184885025e0,1.816114783e0
val,489,C#CCNc1[nH+]cco1,6.016437531e0,-2.030013204e-1,4.749337733e-1,2.374668837e0,5.813436031e0,-8.253731132e-1
val,490,O=C1CC2NC2C2OC12,5.858611107e0,-3.269763291e-1,1.583112627e-1,7.915562987e-1,5.531634808e0,-1.046160817e0
val,491,N#CC1=CCC(O)C1N,5.806910038e0,-7.265184820e-2,1.583112627e-1,7.915562987e-1,5.734258175e0,-8.874080181e-1
val,492,C#CC(=O)CO[CH+][NH2+]C,4.802809238e0,7.813841850e-2,1.583112627e-1,7.915562987e-1,4.880947590e0,-1.555966139e0
val,493,OC12CC3COC(C1)C32,8.283145905e0,2.619832754e-1,4.749337733e-1,2.374668837e0,8.545128822e0,1.314873815e0
val,494,CC1CC12OCCC2=O,5.804188728e0,1.803347617e-1,1.583112627e-1,7.915562987e-1,5.984523296e0,-6.913284063e-1
val,495,COC(=O)N1CC(=O)C1,5.983783722e0,-9.056585841e-3,1.583112627e-1,7.915562987e-1,5.974727154e0,-6.990035772e-1
val,496,CC1(C=O)OCOC1[NH-],6.049090862e0,7.979546487e-2,1.583112627e-1,7.915562987e-1,6.128886223e0,-5.782218575e-1
val,497,CCC12OC1CC2C#N,7.989262581e0,-4.301331565e-2,1.583112627e-1,7.915562987e-1,7.946249485e0,8.456593752e-1
val,498,Cc1cc(NO)cc[nH+]1,4.669473648e0,8.259878308e-2,1.583112627e-1,7.915562987e-1,4.752072334e0,-1.656938314e0
val,499,CC12OC1CC2(O)CO,8.081781387e0,-3.590179086e-1,1.583112627e-1,7.915562987e-1,7.722763538e0,6.705609560e-1
test,0,CC1(C2CC2)CC=CC1,7.213738441e0,0.000000000e0,0.000000000e0,1.276346207e0,7.213738441e0,2.717461884e-1
test,1,CCC1(C2CO2)CN1,8.462740898e0,0.000000000e0,0.000000000e0,1.276346207e0,8.462740898e0,1.250323892e0
test,2,C[NH+]1C2C(O)C(NO)C21,6.283109188e0,0.000000000e0,0.000000000e0,1.276346207e0,6.283109188e0,-4.573901296e-1
test,3,CC1Oc2nc[nH]c2O1,5.627314568e0,0.000000000e0,0.000000000e0,1.276346207e0,5.627314568e0,-9.711969495e-1
test,4,CC(=O)N1CC1C1CO1,6.892644405e0,0.000000000e0,0.000000000e0,1.276346207e0,6.892644405e0,2.017305978e-2
test,5,CC(C)CCCCO,9.317178726e0,0.000000000e0,0.000000000e0,1.276346207e0,9.317178726e0,1.919765234e0
test,6,CC1=CC2C3OCC1C23,6.217801571e0,0.000000000e0,0.000000000e0,1.276346207e0,6.217801571e0,-5.085577965e-1
test,7,[NH-]C1=C(F)N=C(O)NO1,4.484436512e0,0.000000000e0,0.000000000e0,1.276346207e0,4.484436512e0,-1.866627574e0
test,8,C[NH+]1C2C(O)C(C=O)C21,5.249076366e0,0.000000000e0,0.000000000e0,1.276346207e0,5.249076366e0,-1.267541885e0
test,9,CC1(C)C2C3C[NH+]3C21C,7.662726402e0,0.000000000e0,0.000000000e0,1.276346207e0,7.662726402e0,6.235226393e-1
test,10,N#CC1(O)CC2(CO2)C1,7.638236046e0,0.000000000e0,0.000000000e0,1.276346207e0,7.638236046e0,6.043347120e-1
test,11,C1OC1C1OC1C1CO1,8.879075050e0,0.000000000e0,0.000000000e0,1.276346207e0,8.879075050e0,1.576516509e0
test,12,N#CCNC12CC(C1)C2,7.273603439e0,0.000000000e0,0.000000000e0,1.276346207e0,7.273603439e0,3.186496794e-1
test,13,CC(C)C1OC12CCC2,8.985198975e0,0.000000000e0,0.000000000e0,1.276346207e0,8.985198975e0,1.659663320e0
test,14,C1[NH+]2C3C4C5OC13C2C54,8.321241379e0,0.000000000e0,0.000000000e0,1.276346207e0,8.321241379e0,1.139460802e0
test,15,OCc1cc(F)ccn1,6.547059536e0,0.000000000e0,0.000000000e0,1.276346207e0,6.547059536e0,-2.505883574e-1
test,16,[NH-]C1=C(N)N=CNO1,4.873559475e0,0.000000000e0,0.000000000e0,1.276346207e0,4.873559475e0,-1.561754584e0
test,17,CC12CC(O1)C2O,9.055949211e0,0.000000000e0,0.000000000e0,1.276346207e0,9.055949211e0,1.715095162e0
test,18,CCC1C2C3CC3(C)[NH+]12,8.372943878e0,0.000000000e0,0.000000000e0,1.276346207e0,8.372943878e0,1.179969072e0
test,19,N#CC1C(N)C12COC2,7.159315586e0,0.000000000e0,0.000000000e0,1.276346207e0,7.159315586e0,2.291065753e-1
test,20,CCC1C2CC1(O)C2C,9.017853737e0,0.000000000e0,0.000000000e0,1.276346207e0,9.017853737e0,1.685247898e0
test,21,CC1C=CC=CC([NH-])O1,4.680358410e0,0.000000000e0,0.000000000e0,1.276346207e0,4.680358410e0,-1.713125229e0
test,22,COc1n[nH]nc1N,5.798746109e0,0.000000000e0,0.000000000e0,1.276346207e0,5.798746109e0,-8.368825316e-1
test,23,CC12OC(C1O)C2C=O,5.665410519e0,0.000000000e0,0.000000000e0,1.276346207e0,5.665410519e0,-9.413492680e-1
test,24,CNc1ncccc1N,5.221864700e0,0.000000000e0,0.000000000e0,1.276346207e0,5.221864700e0,-1.288861871e0
test,25,Cc1nccncc1=O,4.299399376e0,0.000000000e0,0.000000000e0,1.276346207e0,4.299399376e0,-2.011601925e0
test,26,CC(C)C1CCOCC1,8.879075050e0,0.000000000e0,0.000000000e0,1.276346207e0,8.879075050e0,1.576516509e0
test,27,OC12CC1CC21COC1,8.182463646e0,0.000000000e0,0.000000000e0,1.276346207e0,8.182463646e0,1.030730247e0
test,28,C1CC2(COC2)C2OC12,8.707643509e0,0.000000000e0,0.000000000e0,1.276346207e0,8.707643509e0,1.442202091e0
test,29,OC12COC1C2C1CC1,8.125319481e0,0.000000000e0,0.000000000e0,1.276346207e0,8.125319481e0,9.859585166e-1
test,30,CCC12CC3(C)C(O1)C23,8.152531624e0,0.000000000e0,0.000000000e0,1.276346207e0,8.152531624e0,1.007278919e0
test,31,C#CC1OC1(C)C1CN1,7.036864281e0,0.000000000e0,0.000000000e0,1.276346207e0,7.036864281e0,1.331675202e-1
test,32,ONC1C2CC1O[CH+][NH2+]2,6.506242275e0,0.000000000e0,0.000000000e0,1.276346207e0,6.506242275e0,-2.825681567e-1
test,33,CC1C2OC3C2C13C#N,7.257276535e0,0.000000000e0,0.000000000e0,1.276346207e0,7.257276535e0,3.058577478e-1
test,34,[H]N=C(N(C)C)C(F)(F)F,6.386512280e0,0.000000000e0,0.000000000e0,1.276346207e0,6.386512280e0,-3.763751090e-1
test,35,COC12C=CCOC1C2,6.615087986e0,0.000000000e0,0.000000000e0,1.276346207e0,6.615087986e0,-1.972889006e-1
test,36,CC1OCCCCC1=O,5.828679085e0,0.000000000e0,0.000000000e0,1.276346207e0,5.828679085e0,-8.134304285e-1
test,37,C1=CC2(CCC1)COC2,7.069517612e0,0.000000000e0,0.000000000e0,1.276346207e0,7.069517612e0,1.587509960e-1
test,38,C#CC(C)(C)COC=O,7.556602001e0,0.000000000e0,0.000000000e0,1.276346207e0,7.556602001e0,5.403754711e-1
test,39,O=CNC1CC12COC2,7.045027256e0,0.000000000e0,0.000000000e0,1.276346207e0,7.045027256e0,1.395631135e-1
test,40,CC1=CCC=CC2NC12,6.255897522e0,0.000000000e0,0.000000000e0,1.276346207e0,6.255897522e0,-4.787101150e-1
test,41,CCC(=O)CCOC,6.402839184e0,0.000000000e0,0.000000000e0,1.276346207e0,6.402839184e0,-3.635831773e-1
test,42,Nc1c(F)ccnc1F,5.638199329e0,0.000000000e0,0.000000000e0,1.276346207e0,5.638199329e0,-9.626688957e-1
test,43,Cc1nnc2occn12,6.013716221e0,0.000000000e0,0.000000000e0,1.276346207e0,6.013716221e0,-6.684561372e-1
test,44,[NH-]C1=C(F)C=NNO1,4.620493412e0,0.000000000e0,0.000000000e0,1.276346207e0,4.620493412e0,-1.760028720e0
test,45,OC12CC1CC2C1CC1,8.261377335e0,0.000000000e0,0.000000000e0,1.276346207e0,8.261377335e0,1.092558146e0
test,46,OCC1(O)CCOCC1,8.051848412e0,0.000000000e0,0.000000000e0,1.276346207e0,8.051848412e0,9.283948541e-1
test,47,CC(=O)C12C3CC1C2O3,5.899428368e0,0.000000000e0,0.000000000e0,1.276346207e0,5.899428368e0,-7.579992414e-1
test,48,Cc1cncc(F)c1F,6.345695019e0,0.000000000e0,0.000000000e0,1.276346207e0,6.345695019e0,-4.083549082e-1
test,49,CCC12CCC(N1)C2=O,6.196032524e0,0.000000000e0,0.000000000e0,1.276346207e0,6.196032524e0,-5.256136060e-1
test,50,N#CC1OCOCC1=O,5.464046478e0,0.000000000e0,0.000000000e0,1.276346207e0,5.464046478e0,-1.099115491e0
test,51,c1cncc(C2CN2)c1,6.010994911e0,0.000000000e0,0.000000000e0,1.276346207e0,6.010994911e0,-6.705882549e-1
test,52,CC1(C2(C)CC2)CC1,8.884517670e0,0.000000000e0,0.000000000e0,1.276346207e0,8.884517670e0,1.580780745e0
test,53,O=C1CC2CC(=O)C2N1,5.436834812e0,0.000000000e0,0.000000000e0,1.276346207e0,5.436834812e0,-1.120435476e0
test,54,CC1C2CC(C2=O)[NH+]1C,5.447719574e0,0.000000000e0,0.000000000e0,1.276346207e0,5.447719574e0,-1.111907363e0
test,55,CC1C2C3CC(C[NH+]12)O3,7.823273182e0,0.000000000e0,0.000000000e0,1.276346207e0,7.823273182e0,7.493090034e-1
test,56,OCCCc1cn[nH]n1,7.017816544e0,0.000000000e0,0.000000000e0,1.276346207e0,7.017816544e0,1.182438582e-1
test,57,OC1(C2CC2)COC1,8.506278992e0,0.000000000e0,0.000000000e0,1.276346207e0,8.506278992e0,1.284435511e0
test,58,CC1C=CCC1C1CC1,7.175642490e0,0.000000000e0,0.000000000e0,1.276346207e0,7.175642490e0,2.418985069e-1
test,59,O=C1NCC12COC2,7.363400936e0,0.000000000e0,0.000000000e0,1.276346207e0,7.363400936e0,3.890048862e-1
test,60,CC1CC(C)C(O)CO1,8.743018150e0,0.000000000e0,0.000000000e0,1.276346207e0,8.743018150e0,1.469917655e0
test,61,CNC(C#N)C#CC#N,5.722554207e0,0.000000000e0,0.000000000e0,1.276346207e0,5.722554207e0,-8.965778947e-1
test,62,NC=Nc1n[nH]nc1O,5.020500660e0,0.000000000e0,0.000000000e0,1.276346207e0,5.020500660e0,-1.446628094e0
test,63,CCC1=CCN=COC1,6.272224426e0,0.000000000e0,0.000000000e0,1.276346207e0,6.272224426e0,-4.659182131e-1
test,64,O=C1C2CC1C21CC1O,6.870874882e0,0.000000000e0,0.000000000e0,1.276346207e0,6.870874882e0,3.116910812e-3
test,65,CC1(O)CCCC(O)C1,8.653220177e0,0.000000000e0,0.000000000e0,1.276346207e0,8.653220177e0,1.399562001e0
test,66,CC1C2C1[NH+]1C2C1(C)C,7.445035458e0,0.000000000e0,0.000000000e0,1.276346207e0,7.445035458e0,4.529645145e-1
test,67,C1OC2C3C4C[NH+](C13)C42,8.511721611e0,0.000000000e0,0.000000000e0,1.276346207e0,8.511721611e0,1.288699746e0
test,68,C#CC1(C2CO2)CO1,7.660005569e0,0.000000000e0,0.000000000e0,1.276346207e0,7.660005569e0,6.213908792e-1
test,69,CC1(c2ncn[nH]2)CN1,7.058633804e0,0.000000000e0,0.000000000e0,1.276346207e0,7.058633804e0,1.502236724e-1
test,70,C1C2CC3(COC3)C12,8.596076965e0,0.000000000e0,0.000000000e0,1.276346207e0,8.596076965e0,1.354791045e0
test,71,O=CC1C2C=CC3C2[NH+]13,5.496700287e0,0.000000000e0,0.000000000e0,1.276346207e0,5.496700287e0,-1.073531628e0
test,72,CC1=CCN=COC1,6.334810734e0,0.000000000e0,0.000000000e0,1.276346207e0,6.334810734e0,-4.168826044e-1
test,73,O=Cc1ncnnn1,3.945650816e0,0.000000000e0,0.000000000e0,1.276346207e0,3.945650816e0,-2.288759470e0
test,74,C#CC12NC3C(=O)C1C32,5.932082176e0,0.000000000e0,0.000000000e0,1.276346207e0,5.932082176e0,-7.324153781e-1
test,75,C[NH+]1CCN(C=O)CC1,6.938903332e0,0.000000000e0,0.000000000e0,1.276346207e0,6.938903332e0,5.641634762e-2
test,76,CC12CC3C4C1C[NH+]4C32,8.163415909e0,0.000000000e0,0.000000000e0,1.276346207e0,8.163415909e0,1.015806556e0
test,77,CC(C)c1nccnn1,4.440898418e0,0.000000000e0,0.000000000e0,1.276346207e0,4.440898418e0,-1.900739074e0
test,78,C#CC(C)(OC)C(C)C,8.114435196e0,0.000000000e0,0.000000000e0,1.276346207e0,8.114435196e0,9.774307609e-1
test,79,OCC1C(O)C12COC2,7.932118893e0,0.000000000e0,0.000000000e0,1.276346207e0,7.932118893e0,8.345882297e-1
test,80,COC1CC2(CO2)C1O,8.438250542e0,0.000000000e0,0.000000000e0,1.276346207e0,8.438250542e0,1.231136084e0
test,81,C#CCC(=O)NC(C)=O,6.084465981e0,0.000000000e0,0.000000000e0,1.276346207e0,6.084465981e0,-6.130245924e-1
test,82,CCCC1CC12COC2,8.470904350e0,0.000000000e0,0.000000000e0,1.276346207e0,8.470904350e0,1.256719947e0
test,83,O=CCC(CO)CC=O,5.657247066e0,0.000000000e0,0.000000000e0,1.276346207e0,5.657247066e0,-9.477452040e-1
test,84,CCOC(C)CO,9.088603020e0,0.000000000e0,0.000000000e0,1.276346207e0,9.088603020e0,1.740679026e0
test,85,O=CNC1C2CC1C2,7.521226883e0,0.000000000e0,0.000000000e0,1.276346207e0,7.521226883e0,5.126595497e-1
test,86,CC(C)([NH3+])CC(=O)[O-],3.997352600e0,0.000000000e0,0.000000000e0,1.276346207e0,3.997352600e0,-2.248251677e0
test,87,CCC(=O)C(C)CO,6.274945736e0,0.000000000e0,0.000000000e0,1.276346207e0,6.274945736e0,-4.637860954e-1
test,88,OC12C=CCC3C(C1)C32,6.968835831e0,0.000000000e0,0.000000000e0,1.276346207e0,6.968835831e0,7.986808568e-2
test,89,NC(=O)C1(O)C2CC1C2,6.930739880e0,0.000000000e0,0.000000000e0,1.276346207e0,6.930739880e0,5.002038553e-2
test,90,C1=CC23C=CC1[NH+]2CC3,5.194653511e0,0.000000000e0,0.000000000e0,1.276346207e0,5.194653511e0,-1.310181499e0
test,91,O=COC12CC(C1)C2,7.591977119e0,0.000000000e0,0.000000000e0,1.276346207e0,7.591977119e0,5.680914521e-1
test,92,CNC1=CC=CC(F)O1,4.566070557e0,0.000000000e0,0.000000000e0,1.276346207e0,4.566070557e0,-1.802668333e0
test,93,CCC1C2OC3C1C23,8.272260666e0,0.000000000e0,0.000000000e0,1.276346207e0,8.272260666e0,1.101085067e0
test,94,C#CC1OC1C1OC1C,7.548438072e0,0.000000000e0,0.000000000e0,1.276346207e0,7.548438072e0,5.339791775e-1
test,95,O=CN1C2CC1C21CC1,6.775634766e0,0.000000000e0,0.000000000e0,1.276346207e0,6.775634766e0,-7.150252163e-2
test,96,CC1COCC(C)C1C,8.492672920e0,0.000000000e0,0.000000000e0,1.276346207e0,8.492672920e0,1.273775339e0
test,97,COC1C2C(C)C1C2O,8.653220177e0,0.000000000e0,0.000000000e0,1.276346207e0,8.653220177e0,1.399562001e0
test,98,CCC#CCCC(C)=O,6.117119789e0,0.000000000e0,0.000000000e0,1.276346207e0,6.117119789e0,-5.874407291e-1
test,99,CNC(=O)OCCC=O,6.193311214e0,0.000000000e0,0.000000000e0,1.276346207e0,6.193311214e0,-5.277457237e-1
test,100,Cc1cc[nH]c1C1CC1,6.307599545e0,0.000000000e0,0.000000000e0,1.276346207e0,6.307599545e0,-4.382022321e-1
test,101,N#CCOC([NH-])CCO,7.279046059e0,0.000000000e0,0.000000000e0,1.276346207e0,7.279046059e0,3.229138851e-1
test,102,O=C1CC2NC2CCN1,7.279046059e0,0.000000000e0,0.000000000e0,1.276346207e0,7.279046059e0,3.229138851e-1
test,103,CC1NCC2NC12C#N,6.625972271e0,0.000000000e0,0.000000000e0,1.276346207e0,6.625972271e0,-1.887612045e-1
test,104,OC1CC2(C3CC3)NC12,8.236886978e0,0.000000000e0,0.000000000e0,1.276346207e0,8.236886978e0,1.073370218e0
test,105,CC12CCC1[NH+]2CC=O,6.065417767e0,0.000000000e0,0.000000000e0,1.276346207e0,6.065417767e0,-6.279486418e-1
test,106,COc1ccc(F)nc1,5.425950050e0,0.000000000e0,0.000000000e0,1.276346207e0,5.425950050e0,-1.128963590e0
test,107,CC12CC(=O)C3CC1C32,6.089908123e0,0.000000000e0,0.000000000e0,1.276346207e0,6.089908123e0,-6.087607145e-1
test,108,O=C1C=CC2C3OC3C12,5.053154469e0,0.000000000e0,0.000000000e0,1.276346207e0,5.053154469e0,-1.421044230e0
test,109,C#CC(O)(C=O)CO,5.540238380e0,0.000000000e0,0.000000000e0,1.276346207e0,5.540238380e0,-1.039420009e0
test,110,CC1=CC(C)CNC1=O,5.779698372e0,0.000000000e0,0.000000000e0,1.276346207e0,5.779698372e0,-8.518061638e-1
test,111,CC1(CO)CCC12CO2,8.821931839e0,0.000000000e0,0.000000000e0,1.276346207e0,8.821931839e0,1.531745553e0
test,112,CCC12C[NH+]1C1CC12,7.945724487e0,0.000000000e0,0.000000000e0,1.276346207e0,7.945724487e0,8.452480435e-1
test,113,O=C1C=CCCN1,5.657247066e0,0.000000000e0,0.000000000e0,1.276346207e0,5.657247066e0,-9.477452040e-1
test,114,CC1=NC(=O)OC([NH-])O1,6.136167526e0,0.000000000e0,0.000000000e0,1.276346207e0,6.136167526e0,-5.725170970e-1
test,115,O=C1NC23COC(C2)C13,6.789240837e0,0.000000000e0,0.000000000e0,1.276346207e0,6.789240837e0,-6.084233895e-2
test,116,Cn1nc(N)ncc1=O,3.825920820e0,0.000000000e0,0.000000000e0,1.276346207e0,3.825920820e0,-2.382566452e0
test,117,O=C1CC(C2CCC2)C1,6.059975624e0,0.000000000e0,0.000000000e0,1.276346207e0,6.059975624e0,-6.322124600e-1
test,118,[NH-]c1n[cH+][nH]ccc1=O,4.808251858e0,0.000000000e0,0.000000000e0,1.276346207e0,4.808251858e0,-1.612922311e0
test,119,C#CC12CC(C1)C2C#N,7.668168545e0,0.000000000e0,0.000000000e0,1.276346207e0,7.668168545e0,6.277864575e-1
test,120,C[NH+]1C2CC3C1C2[NH+]3C,7.828715801e0,0.000000000e0,0.000000000e0,1.276346207e0,7.828715801e0,7.535732388e-1
test,121,CCC(C)N(C)C(N)=O,7.874975204e0,0.000000000e0,0.000000000e0,1.276346207e0,7.874975204e0,7.898169160e-1
test,122,C#CC(O)CCOC,7.711706638e0,0.000000000e0,0.000000000e0,1.276346207e0,7.711706638e0,6.618980169e-1
test,123,N#CC1C2CCCCC12,8.291309357e0,0.000000000e0,0.000000000e0,1.276346207e0,8.291309357e0,1.116009474e0
test,124,CC12CC3C4C[NH+](C41)C32,8.166136742e0,0.000000000e0,0.000000000e0,1.276346207e0,8.166136742e0,1.017938256e0
test,125,CC1C2CC1C2(C)O,8.960708618e0,0.000000000e0,0.000000000e0,1.276346207e0,8.960708618e0,1.640475392e0
test,126,CC(C)(C)C(C)(O)C=O,6.054533005e0,0.000000000e0,0.000000000e0,1.276346207e0,6.054533005e0,-6.364766955e-1
test,127,O=CCOC1C2CC1C2,6.231407166e0,0.000000000e0,0.000000000e0,1.276346207e0,6.231407166e0,-4.978980124e-1
test,128,C#Cc1nc(=O)cno1,4.838184357e0,0.000000000e0,0.000000000e0,1.276346207e0,4.838184357e0,-1.589470625e0
test,129,N#CCC12C[NH+]1C1CC12,7.265439510e0,0.000000000e0,0.000000000e0,1.276346207e0,7.265439510e0,3.122533262e-1
test,130,O=C1CCC(=O)OCO1,7.145709991e0,0.000000000e0,0.000000000e0,1.276346207e0,7.145709991e0,2.184467614e-1
test,131,C#CC1CCCOC1[NH-],7.371564865e0,0.000000000e0,0.000000000e0,1.276346207e0,7.371564865e0,3.954012096e-1
test,132,Cc1n[nH]nc1C(C)C,6.813731194e0,0.000000000e0,0.000000000e0,1.276346207e0,6.813731194e0,-4.165445268e-2
test,133,OC12CCC3(CO3)C1C2,8.944382668e0,0.000000000e0,0.000000000e0,1.276346207e0,8.944382668e0,1.627684236e0
test,134,O=Cc1ccc(=O)on1,4.530695915e0,0.000000000e0,0.000000000e0,1.276346207e0,4.530695915e0,-1.830383897e0
test,135,[NH-]C1=C(O)C(N)=NNO1,3.844968557e0,0.000000000e0,0.000000000e0,1.276346207e0,3.844968557e0,-2.367642641e0
test,136,CC1C(O)C1(O)C1CC1,7.640957355e0,0.000000000e0,0.000000000e0,1.276346207e0,7.640957355e0,6.064668298e-1
test,137,CCC1CC2(CO2)C1C,8.922613144e0,0.000000000e0,0.000000000e0,1.276346207e0,8.922613144e0,1.610628009e0
test,138,O=CCC12CC3C(O1)C32,5.866774559e0,0.000000000e0,0.000000000e0,1.276346207e0,5.866774559e0,-7.835830450e-1
test,139,OC1CNc2[nH]cnc21,6.147051811e0,0.000000000e0,0.000000000e0,1.276346207e0,6.147051811e0,-5.639893413e-1
test,140,CC1CCC(NO)CC1,6.857269287e0,0.000000000e0,0.000000000e0,1.276346207e0,6.857269287e0,-7.542901672e-3
test,141,O=C1OC2C(O1)C1OC21,8.914449692e0,0.000000000e0,0.000000000e0,1.276346207e0,8.914449692e0,1.604232073e0
test,142,Oc1ncc(F)cc1F,5.436834812e0,0.000000000e0,0.000000000e0,1.276346207e0,5.436834812e0,-1.120435476e0
test,143,CC1OC2C3C4CC13C42,8.808325768e0,0.000000000e0,0.000000000e0,1.276346207e0,8.808325768e0,1.521085382e0
test,144,COC1C2CC1C2C,9.371601105e0,0.000000000e0,0.000000000e0,1.276346207e0,9.371601105e0,1.962404490e0
test,145,c1n[nH]c2c1NCC2,5.779698372e0,0.000000000e0,0.000000000e0,1.276346207e0,5.779698372e0,-8.518061638e-1
test,146,CCOC([NH-])CC=O,6.065417767e0,0.000000000e0,0.000000000e0,1.276346207e0,6.065417767e0,-6.279486418e-1
test,147,CC1C2(CO2)CC12CO2,8.563423157e0,0.000000000e0,0.000000000e0,1.276346207e0,8.563423157e0,1.329207182e0
test,148,CC12CC(C1)C2(C)O,8.903565407e0,0.000000000e0,0.000000000e0,1.276346207e0,8.903565407e0,1.595704436e0
test,149,CCNc1n[nH]nc1O,5.640920639e0,0.000000000e0,0.000000000e0,1.276346207e0,5.640920639e0,-9.605367780e-1
test,150,OCC1(C2CCO2)CO1,8.674989700e0,0.000000000e0,0.000000000e0,1.276346207e0,8.674989700e0,1.416618228e0
test,151,CC12CC(C1)C2C=O,5.932082176e0,0.000000000e0,0.000000000e0,1.276346207e0,5.932082176e0,-7.324153781e-1
test,152,CC1CCC(C)C(O)C1,9.017853737e0,0.000000000e0,0.000000000e0,1.276346207e0,9.017853737e0,1.685247898e0
test,153,C#CCC(C#N)CC#N,7.820552349e0,0.000000000e0,0.000000000e0,1.276346207e0,7.820552349e0,7.471772432e-1
test,154,CCC1OC1C1CO1,9.224658966e0,0.000000000e0,0.000000000e0,1.276346207e0,9.224658966e0,1.847277164e0
test,155,O=CC1C=CCCC=C1,5.423229218e0,0.000000000e0,0.000000000e0,1.276346207e0,5.423229218e0,-1.131095290e0
test,156,OC1CCn2nncc21,6.870874882e0,0.000000000e0,0.000000000e0,1.276346207e0,6.870874882e0,3.116910812e-3
test,157,C[NH+]1CC2OC3C1C23O,7.200132847e0,0.000000000e0,0.000000000e0,1.276346207e0,7.200132847e0,2.610863745e-1
test,158,Nc1n[nH]nc(N)c1=O,4.024563789e0,0.000000000e0,0.000000000e0,1.276346207e0,4.024563789e0,-2.226932049e0
test,159,CCOC1C2CC1C2,9.360716820e0,0.000000000e0,0.000000000e0,1.276346207e0,9.360716820e0,1.953876734e0
test,160,OC1C2C3C4CC2[NH+]4C13,8.068176270e0,0.000000000e0,0.000000000e0,1.276346207e0,8.068176270e0,9.411875010e-1
test,161,CNc1[nH]nc[n+]1C=O,4.761992455e0,0.000000000e0,0.000000000e0,1.276346207e0,4.761992455e0,-1.649165988e0
test,162,CC12NC1COC2CO,8.215117455e0,0.000000000e0,0.000000000e0,1.276346207e0,8.215117455e0,1.056314111e0
test,163,C#CCc1n[nH]nc1C,6.868154049e0,0.000000000e0,0.000000000e0,1.276346207e0,6.868154049e0,9.851724608e-4
test,164,CC(O)C1C2CC1(C)C2,9.088603020e0,0.000000000e0,0.000000000e0,1.276346207e0,9.088603020e0,1.740679026e0
test,165,CC(O)C1OC12CCC2,8.699480057e0,0.000000000e0,0.000000000e0,1.276346207e0,8.699480057e0,1.435806036e0
test,166,OCC#Cc1cn[nH]n1,5.918476582e0,0.000000000e0,0.000000000e0,1.276346207e0,5.918476582e0,-7.430751920e-1
test,167,N#CC(CCO)O[CH+][NH-],7.551159859e0,0.000000000e0,0.000000000e0,1.276346207e0,7.551159859e0,5.361116529e-1
test,168,CCC1OCC12CC2O,8.419202805e0,0.000000000e0,0.000000000e0,1.276346207e0,8.419202805e0,1.216212392e0
test,169,[NH-]C1OC2CC3CC12N3,7.107614040e0,0.000000000e0,0.000000000e0,1.276346207e0,7.107614040e0,1.885990649e-1
test,170,CC1=CC2COC3C1C23,6.296714783e0,0.000000000e0,0.000000000e0,1.276346207e0,6.296714783e0,-4.467303157e-1
test,171,CC1COC([NH-])C(C)C1,7.496736526e0,0.000000000e0,0.000000000e0,1.276346207e0,7.496736526e0,4.934716523e-1
test,172,CC1C2CC1(O)C2C,9.028738022e0,0.000000000e0,0.000000000e0,1.276346207e0,9.028738022e0,1.693775535e0
test,173,C1CC2C3CC4C(C13)C24,9.458678246e0,0.000000000e0,0.000000000e0,1.276346207e0,9.458678246e0,2.030628443e0
test,174,OCCCC12CC(C1)C2,9.330784798e0,0.000000000e0,0.000000000e0,1.276346207e0,9.330784798e0,1.930425406e0
test,175,CC1OC1C1(C)CN1,8.666826248e0,0.000000000e0,0.000000000e0,1.276346207e0,8.666826248e0,1.410222292e0
test,176,O=C1CC2C3C1CC23O,6.111677170e0,0.000000000e0,0.000000000e0,1.276346207e0,6.111677170e0,-5.917049646e-1
test,177,C#CC1(CC)C2CC1C2,8.117156029e0,0.000000000e0,0.000000000e0,1.276346207e0,8.117156029e0,9.795625210e-1
test,178,OCCCC1C2CC1C2,9.328063011e0,0.000000000e0,0.000000000e0,1.276346207e0,9.328063011e0,1.928292990e0
test,179,OCC1CCC(O)CO1,8.838258743e0,0.000000000e0,0.000000000e0,1.276346207e0,8.838258743e0,1.544537425e0
test,180,[H]N=CN(C)c1cn[nH]n1,5.485815525e0,0.000000000e0,0.000000000e0,1.276346207e0,5.485815525e0,-1.082059741e0
test,181,CNc1nc(O)nn[nH+]1,4.179668903e0,0.000000000e0,0.000000000e0,1.276346207e0,4.179668903e0,-2.105409145e0
test,182,CCC1C2OC1C2=O,6.691279888e0,0.000000000e0,0.000000000e0,1.276346207e0,6.691279888e0,-1.375935078e-1
test,183,C#CC1C2CC1C2CC,8.122598648e0,0.000000000e0,0.000000000e0,1.276346207e0,8.122598648e0,9.838267565e-1
test,184,CC12C3[CH-]C4C(C41)[NH+]2C3,4.922539711e0,0.000000000e0,0.000000000e0,1.276346207e0,4.922539711e0,-1.523379207e0
test,185,CC1[NH+]2C3(C)CC3C12C,7.657283783e0,0.000000000e0,0.000000000e0,1.276346207e0,7.657283783e0,6.192584038e-1
test,186,N#CCn1ncc(N)n1,5.776977062e0,0.000000000e0,0.000000000e0,1.276346207e0,5.776977062e0,-8.539382815e-1
test,187,O=CC1(O)C2C3C[NH+]3C21,5.208259583e0,0.000000000e0,0.000000000e0,1.276346207e0,5.208259583e0,-1.299521327e0
test,188,CC1C2C(C)C1C2(C)O,8.879075050e0,0.000000000e0,0.000000000e0,1.276346207e0,8.879075050e0,1.576516509e0
test,189,CC12C3CC1C(O3)C2O,8.089944839e0,0.000000000e0,0.000000000e0,1.276346207e0,8.089944839e0,9.582428932e-1
test,190,CCC1Cc2cncn21,6.955230236e0,0.000000000e0,0.000000000e0,1.276346207e0,6.955230236e0,6.920827180e-2
test,191,CC1CC2CC2CC1C,8.993363380e0,0.000000000e0,0.000000000e0,1.276346207e0,8.993363380e0,1.666059971e0
test,192,CC(C)C12CC(C1)C2C,9.722628593e0,0.000000000e0,0.000000000e0,1.276346207e0,9.722628593e0,2.237430096e0
test,193,Cc1nc(F)ccc1N,5.145672798e0,0.000000000e0,0.000000000e0,1.276346207e0,5.145672798e0,-1.348557234e0
test,194,CC12COC3CC1OC32,8.699480057e0,0.000000000e0,0.000000000e0,1.276346207e0,8.699480057e0,1.435806036e0
test,195,Cc1ccc(F)nc1F,5.959293365e0,0.000000000e0,0.000000000e0,1.276346207e0,5.959293365e0,-7.110957503e-1
test,196,CC(=O)C1C2CC1C2,6.084465981e0,0.000000000e0,0.000000000e0,1.276346207e0,6.084465981e0,-6.130245924e-1
test,197,CC1C2[NH+]1C1C(O)C21O,7.564764977e0,0.000000000e0,0.000000000e0,1.276346207e0,7.564764977e0,5.467711091e-1
test,198,O=CC(C=O)NCCO,4.802809238e0,0.000000000e0,0.000000000e0,1.276346207e0,4.802809238e0,-1.617186546e0
test,199,CC1(O)C2CC3C(O2)C31,8.775671959e0,0.000000000e0,0.000000000e0,1.276346207e0,8.775671959e0,1.495501518e0
test,200,O=C1CN=COCC1=O,4.149736404e0,0.000000000e0,0.000000000e0,1.276346207e0,4.149736404e0,-2.128860950e0
test,201,CC12C3CC1C2OC3=O,7.330747128e0,0.000000000e0,0.000000000e0,1.276346207e0,7.330747128e0,3.634210229e-1
test,202,[NH-]C1=C[CH-]C(=O)C=NN1,4.367427349e0,0.000000000e0,0.000000000e0,1.276346207e0,4.367427349e0,-1.958302736e0
test,203,C#CCN=C(N)OC,7.559322834e0,0.000000000e0,0.000000000e0,1.276346207e0,7.559322834e0,5.425072312e-1
test,204,[CH-]1C[NH+]2C3C1C1NC1C32,5.314383507e0,0.000000000e0,0.000000000e0,1.276346207e0,5.314383507e0,-1.216374516e0
test,205,COC1C(O)C12COC2,7.986541748e0,0.000000000e0,0.000000000e0,1.276346207e0,7.986541748e0,8.772279024e-1
test,206,CC12C[NH+]3C4C(O1)C4C32,7.439593315e0,0.000000000e0,0.000000000e0,1.276346207e0,7.439593315e0,4.487006664e-1
test,207,CC1OC1C1(C#N)CN1,7.812388420e0,0.000000000e0,0.000000000e0,1.276346207e0,7.812388420e0,7.407809496e-1
test,208,Oc1ccc(O)c(F)n1,5.216422558e0,0.000000000e0,0.000000000e0,1.276346207e0,5.216422558e0,-1.293125749e0
test,209,CC#Cc1ccncc1,5.458603859e0,0.000000000e0,0.000000000e0,1.276346207e0,5.458603859e0,-1.103379726e0
test,210,CCCc1cccnc1,6.204195976e0,0.000000000e0,0.000000000e0,1.276346207e0,6.204195976e0,-5.192176104e-1
test,211,CCCOC12CC(C1)C2,9.211053848e0,0.000000000e0,0.000000000e0,1.276346207e0,9.211053848e0,1.836617708e0
test,212,c1nc(C2CCC2)no1,7.118498325e0,0.000000000e0,0.000000000e0,1.276346207e0,7.118498325e0,1.971267611e-1
test,213,CC#CC(C)(O)CC=O,5.972899437e0,0.000000000e0,0.000000000e0,1.276346207e0,5.972899437e0,-7.004355788e-1
test,214,[NH-]C1CC2CCCC2O1,7.728034019e0,0.000000000e0,0.000000000e0,1.276346207e0,7.728034019e0,6.746903062e-1
test,215,CC12CC(CO)(O1)C2O,8.726691246e0,0.000000000e0,0.000000000e0,1.276346207e0,8.726691246e0,1.457125664e0
test,216,C#CC1(C)OC12CCC2,7.616467476e0,0.000000000e0,0.000000000e0,1.276346207e0,7.616467476e0,5.872793198e-1
test,217,CC1(C)CC(C2CO2)O1,8.857306480e0,0.000000000e0,0.000000000e0,1.276346207e0,8.857306480e0,1.559461117e0
test,218,C1OC2C3CC12C1NC31,8.057291031e0,0.000000000e0,0.000000000e0,1.276346207e0,8.057291031e0,9.326590300e-1
test,219,COC12CC3OC1C32C,7.970214844e0,0.000000000e0,0.000000000e0,1.276346207e0,7.970214844e0,8.644359708e-1
test,220,C[NH+]=C(N)C#CC(=O)[O-],3.398702145e0,0.000000000e0,0.000000000e0,1.276346207e0,3.398702145e0,-2.717286825e0
test,221,CC1C2C=CC(O)C[NH+]12,6.013716221e0,0.000000000e0,0.000000000e0,1.276346207e0,6.013716221e0,-6.684561372e-1
test,222,CC(C)(O)C1C2CC1C2,8.718527794e0,0.000000000e0,0.000000000e0,1.276346207e0,8.718527794e0,1.450729728e0
test,223,CC(=O)C(C)CNC=O,6.220522881e0,0.000000000e0,0.000000000e0,1.276346207e0,6.220522881e0,-5.064257383e-1
test,224,N#Cc1n[nH]nc1CO,6.315762520e0,0.000000000e0,0.000000000e0,1.276346207e0,6.315762520e0,-4.318066537e-1
test,225,C1OCC23C4C5C([NH+]42)C153,7.257276535e0,0.000000000e0,0.000000000e0,1.276346207e0,7.257276535e0,3.058577478e-1
test,226,c1n[nH]c(C2CN2)n1,7.028701305e0,0.000000000e0,0.000000000e0,1.276346207e0,7.028701305e0,1.267719269e-1
test,227,CC1C2(C)CC1(O)C2C,8.898122787e0,0.000000000e0,0.000000000e0,1.276346207e0,8.898122787e0,1.591440201e0
test,228,C#CC1C2C=CC3C2[NH+]13,6.193311214e0,0.000000000e0,0.000000000e0,1.276346207e0,6.193311214e0,-5.277457237e-1
test,229,CCC#CC12CC(C1)C2,7.847763538e0,0.000000000e0,0.000000000e0,1.276346207e0,7.847763538e0,7.684968710e-1
test,230,C[NH2+]C1ONN=C[CH+]1C,4.321168423e0,0.000000000e0,0.000000000e0,1.276346207e0,4.321168423e0,-1.994546056e0
test,231,CCCC12CC(O1)C2=O,6.634135723e0,0.000000000e0,0.000000000e0,1.276346207e0,6.634135723e0,-1.823652387e-1
test,232,OC1(C23CCC2N3)CC1,8.250492096e0,0.000000000e0,0.000000000e0,1.276346207e0,8.250492096e0,1.084029675e0
test,233,OC1C2CCC2C2CC12,8.566143990e0,0.000000000e0,0.000000000e0,1.276346207e0,8.566143990e0,1.331339002e0
test,234,[NH-]C1C=NC(=O)N=CN1,4.914376259e0,0.000000000e0,0.000000000e0,1.276346207e0,4.914376259e0,-1.529775143e0
test,235,CC1=NC(C)C=CCO1,6.544338226e0,0.000000000e0,0.000000000e0,1.276346207e0,6.544338226e0,-2.527204454e-1
test,236,CN(C)c1ncnnn1,4.525253296e0,0.000000000e0,0.000000000e0,1.276346207e0,4.525253296e0,-1.834648132e0
test,237,O=CC1=CC2C[NH+]2CC1,4.704848766e0,0.000000000e0,0.000000000e0,1.276346207e0,4.704848766e0,-1.693937302e0
test,238,CCCC1(C2CN2)CO1,8.906287193e0,0.000000000e0,0.000000000e0,1.276346207e0,8.906287193e0,1.597836852e0
test,239,CC1=CC(=O)CC2CN12,5.091249943e0,0.000000000e0,0.000000000e0,1.276346207e0,5.091249943e0,-1.391196847e0
test,240,O=C1COC1C1CC1,6.002831459e0,0.000000000e0,0.000000000e0,1.276346207e0,6.002831459e0,-6.769841909e-1
test,241,CC1(C2(C#N)CC2)CC1,8.079060555e0,0.000000000e0,0.000000000e0,1.276346207e0,8.079060555e0,9.497151971e-1
test,242,CCC1C(=O)CC12CC2,5.915755272e0,0.000000000e0,0.000000000e0,1.276346207e0,5.915755272e0,-7.452073097e-1
test,243,Cc1nc(F)ccc1O,5.431392670e0,0.000000000e0,0.000000000e0,1.276346207e0,5.431392670e0,-1.124699354e0
test,244,O=CC1CCCCO1,6.163379192e0,0.000000000e0,0.000000000e0,1.276346207e0,6.163379192e0,-5.511970520e-1
test,245,CC1(c2ncco2)CO1,6.353858471e0,0.000000000e0,0.000000000e0,1.276346207e0,6.353858471e0,-4.019589424e-1
test,246,CC1C2CC1C2NO,7.352516651e0,0.000000000e0,0.000000000e0,1.276346207e0,7.352516651e0,3.804771900e-1
test,247,CC1=NCC=CCO1,6.813731194e0,0.000000000e0,0.000000000e0,1.276346207e0,6.813731194e0,-4.165445268e-2
test,248,CC1C2C3C(O)C3(C)[NH+]12,8.098108292e0,0.000000000e0,0.000000000e0,1.276346207e0,8.098108292e0,9.646388888e-1
test,249,O=C1OC2C=CC1OC2,5.891264915e0,0.000000000e0,0.000000000e0,1.276346207e0,5.891264915e0,-7.643951774e-1
test,250,CC(O)C(=O)CC(N)=O,5.687179565e0,0.000000000e0,0.000000000e0,1.276346207e0,5.687179565e0,-9.242935181e-1
test,251,C[NH+]1C2C(O)C1C2C=O,5.630035877e0,0.000000000e0,0.000000000e0,1.276346207e0,5.630035877e0,-9.690648317e-1
test,252,CC1OCCCC1O,8.781113625e0,0.000000000e0,0.000000000e0,1.276346207e0,8.781113625e0,1.499764919e0
test,253,CC(C)C1C2OC1C2=O,6.688558578e0,0.000000000e0,0.000000000e0,1.276346207e0,6.688558578e0,-1.397256255e-1
test,254,O=CC1COC1C1CO1,5.951130390e0,0.000000000e0,0.000000000e0,1.276346207e0,5.951130390e0,-7.174913287e-1
test,255,O=CC(=O)C1C2CC1C2,4.106198311e0,0.000000000e0,0.000000000e0,1.276346207e0,4.106198311e0,-2.162972450e0
test,256,C#Cc1cnccc1C,5.453161716e0,0.000000000e0,0.000000000e0,1.276346207e0,5.453161716e0,-1.107643485e0
test,257,O=CC1=CCC2CC1O2,4.955193520e0,0.000000000e0,0.000000000e0,1.276346207e0,4.955193520e0,-1.497795343e0
test,258,CC1(O)C2C3C2[NH+]2C3C21,7.744359970e0,0.000000000e0,0.000000000e0,1.276346207e0,7.744359970e0,6.874815226e-1
test,259,CC1[NH+](C)C12CCOC2,8.144367218e0,0.000000000e0,0.000000000e0,1.276346207e0,8.144367218e0,1.000882149e0
test,260,CC1(C2CC3CC32)CC1,8.941660881e0,0.000000000e0,0.000000000e0,1.276346207e0,8.941660881e0,1.625551701e0
test,261,C#CC12CC1C1C2[NH+]1C,7.406939030e0,0.000000000e0,0.000000000e0,1.276346207e0,7.406939030e0,4.231164455e-1
test,262,CC1(C=O)CCC12CO2,6.089908123e0,0.000000000e0,0.000000000e0,1.276346207e0,6.089908123e0,-6.087607145e-1
test,263,Cc1ncnnn1,4.389196396e0,0.000000000e0,0.000000000e0,1.276346207e0,4.389196396e0,-1.941246986e0
test,264,CC(=O)C(CO)C(C)C,6.122561455e0,0.000000000e0,0.000000000e0,1.276346207e0,6.122561455e0,-5.831772685e-1
test,265,C1=CC2CCC2=CCC1,6.715770245e0,0.000000000e0,0.000000000e0,1.276346207e0,6.715770245e0,-1.184056252e-1
test,266,CC1OC12CCC2CO,8.930777550e0,0.000000000e0,0.000000000e0,1.276346207e0,8.930777550e0,1.617024779e0
test,267,C1=NCC2CC3C(O1)C23,7.295372486e0,0.000000000e0,0.000000000e0,1.276346207e0,7.295372486e0,3.357054591e-1
test,268,CC1=CC(O)CNC1=O,5.730718136e0,0.000000000e0,0.000000000e0,1.276346207e0,5.730718136e0,-8.901816010e-1
test,269,Nc1ccnc(O)c1O,5.790582657e0,0.000000000e0,0.000000000e0,1.276346207e0,5.790582657e0,-8.432784677e-1
test,270,CC1CC1C1(O)CC1O,8.440972328e0,0.000000000e0,0.000000000e0,1.276346207e0,8.440972328e0,1.233268499e0
test,271,Nc1ccnc(=O)[nH]1,5.055875301e0,0.000000000e0,0.000000000e0,1.276346207e0,5.055875301e0,-1.418912411e0
test,272,CCC12CC(O)C1[NH+]2C,8.024637222e0,0.000000000e0,0.000000000e0,1.276346207e0,8.024637222e0,9.070752263e-1
test,273,C#CC12OC(C1O)C2O,6.851827145e0,0.000000000e0,0.000000000e0,1.276346207e0,6.851827145e0,-1.180675160e-2
test,274,CC1C(=O)N2CC(O)C12,6.476309776e0,0.000000000e0,0.000000000e0,1.276346207e0,6.476309776e0,-3.060199022e-1
test,275,OC1C=CC2CC1O2,6.476309776e0,0.000000000e0,0.000000000e0,1.276346207e0,6.476309776e0,-3.060199022e-1
test,276,C1OCc2nnoc2O1,5.806910038e0,0.000000000e0,0.000000000e0,1.276346207e0,5.806910038e0,-8.304861784e-1
test,277,C1=C2NCC3C[NH+]([CH+]1)C23,5.053154469e0,0.000000000e0,0.000000000e0,1.276346207e0,5.053154469e0,-1.421044230e0
test,278,O=C1COC(=O)C2NC12,5.855890274e0,0.000000000e0,0.000000000e0,1.276346207e0,5.855890274e0,-7.921108007e-1
test,279,C[NH+]1CC2OC3CCC321,7.325304985e0,0.000000000e0,0.000000000e0,1.276346207e0,7.325304985e0,3.591571748e-1
test,280,Cc1cc(C2CO2)n[nH]1,6.710327625e0,0.000000000e0,0.000000000e0,1.276346207e0,6.710327625e0,-1.226698458e-1
test,281,CC1C(C)C12COC2,8.386548996e0,0.000000000e0,0.000000000e0,1.276346207e0,8.386548996e0,1.190628529e0
test,282,CCC(=O)C(C)CC,6.269503117e0,0.000000000e0,0.000000000e0,1.276346207e0,6.269503117e0,-4.680503011e-1
test,283,[NH-]C1CC=CC(=O)N1,5.526632309e0,0.000000000e0,0.000000000e0,1.276346207e0,5.526632309e0,-1.050080299e0
test,284,c1cc2c([nH]1)COCC2,6.538896084e0,0.000000000e0,0.000000000e0,1.276346207e0,6.538896084e0,-2.569842935e-1
test,285,CC(C)n1nccn1,7.039586067e0,0.000000000e0,0.000000000e0,1.276346207e0,7.039586067e0,1.353000104e-1
test,286,[NH-]C1OCC(=O)CO1,5.673573971e0,0.000000000e0,0.000000000e0,1.276346207e0,5.673573971e0,-9.349533319e-1
test,287,C#CCOCC(C)=NO,6.748423576e0,0.000000000e0,0.000000000e0,1.276346207e0,6.748423576e0,-9.282214940e-2
test,288,C[NH+]1CC1C1CC2OC21,8.239607811e0,0.000000000e0,0.000000000e0,1.276346207e0,8.239607811e0,1.075501919e0
test,289,CCC1CCC([NH-])OC1,7.523947716e0,0.000000000e0,0.000000000e0,1.276346207e0,7.523947716e0,5.147912502e-1
test,290,C[n+]1c([NH-])[nH]cnc1=O,5.689900398e0,0.000000000e0,0.000000000e0,1.276346207e0,5.689900398e0,-9.221617579e-1
test,291,C#Cc1ccnc(N)c1,4.827299595e0,0.000000000e0,0.000000000e0,1.276346207e0,4.827299595e0,-1.597998619e0
test,292,CC12CC(CO)(O1)C2=O,6.590597630e0,0.000000000e0,0.000000000e0,1.276346207e0,6.590597630e0,-2.164767981e-1
test,293,CC12CC3CC(C1)C2C3,9.567523003e0,0.000000000e0,0.000000000e0,1.276346207e0,9.567523003e0,2.115906715e0
test,294,C#CC1C2CC1C2(C)O,7.611024857e0,0.000000000e0,0.000000000e0,1.276346207e0,7.611024857e0,5.830151439e-1
test,295,CC1C(O)C12CC(=O)C2,6.040927887e0,0.000000000e0,0.000000000e0,1.276346207e0,6.040927887e0,-6.471361518e-1
test,296,C1NC12COC21CC1,7.970214844e0,0.000000000e0,0.000000000e0,1.276346207e0,7.970214844e0,8.644359708e-1
test,297,CC1C2C(O)C1C2(C)C,8.925334930e0,0.000000000e0,0.000000000e0,1.276346207e0,8.925334930e0,1.612760544e0
test,298,O=CC1C=CCN=CO1,5.790582657e0,0.000000000e0,0.000000000e0,1.276346207e0,5.790582657e0,-8.432784677e-1
test,299,COCC[NH+]1C2CCC21,8.759345055e0,0.000000000e0,0.000000000e0,1.276346207e0,8.759345055e0,1.482709527e0
test,300,CC1=CCC([NH+]2CC2)C1,7.055912018e0,0.000000000e0,0.000000000e0,1.276346207e0,7.055912018e0,1.480911821e-1
test,301,COc1n[nH]nc1CO,6.220522881e0,0.000000000e0,0.000000000e0,1.276346207e0,6.220522881e0,-5.064257383e-1
test,302,CC1(C23CCC2N3)CO1,9.115814209e0,0.000000000e0,0.000000000e0,1.276346207e0,9.115814209e0,1.761998653e0
test,303,N#CC1[NH2+]C2CC3C2[NH+]13,5.469488621e0,0.000000000e0,0.000000000e0,1.276346207e0,5.469488621e0,-1.094851613e0
test,304,C1=Nc2[nH]ncc2CO1,5.219143867e0,0.000000000e0,0.000000000e0,1.276346207e0,5.219143867e0,-1.290993571e0
test,305,C#CCC#CC(O)CO,7.483131409e0,0.000000000e0,0.000000000e0,1.276346207e0,7.483131409e0,4.828121960e-1
test,306,CCC1CC2CC(=O)N12,6.375627518e0,0.000000000e0,0.000000000e0,1.276346207e0,6.375627518e0,-3.849031627e-1
test,307,CCC1C=CC2CC2O1,6.702164173e0,0.000000000e0,0.000000000e0,1.276346207e0,6.702164173e0,-1.290658116e-1
test,308,C1CC2OC3(CC3)C2O1,8.495394707e0,0.000000000e0,0.000000000e0,1.276346207e0,8.495394707e0,1.275907755e0
test,309,CC1C2(O)CC1(O)C2,8.541653633e0,0.000000000e0,0.000000000e0,1.276346207e0,8.541653633e0,1.312151074e0
test,310,CC1(C)C2C3C2[NH+]2C3C21,8.081781387e0,0.000000000e0,0.000000000e0,1.276346207e0,8.081781387e0,9.518469572e-1
test,311,O=CN1C2C3C2C2C3C21,6.976998806e0,0.000000000e0,0.000000000e0,1.276346207e0,6.976998806e0,8.626367152e-2
test,312,Cc1[nH]cnc1C1CC1,6.381070137e0,0.000000000e0,0.000000000e0,1.276346207e0,6.381070137e0,-3.806389570e-1
test,313,OCC12CC(C1)C2,9.202890396e0,0.000000000e0,0.000000000e0,1.276346207e0,9.202890396e0,1.830221772e0
test,314,CCC1=CC2CCC1O2,6.846384525e0,0.000000000e0,0.000000000e0,1.276346207e0,6.846384525e0,-1.607097499e-2
test,315,O=[N+]([O-])c1cccnc1,4.963356972e0,0.000000000e0,0.000000000e0,1.276346207e0,4.963356972e0,-1.491399407e0
test,316,CC1NC1C1COCO1,8.555259705e0,0.000000000e0,0.000000000e0,1.276346207e0,8.555259705e0,1.322811246e0
test,317,COc1cnncn1,4.938866615e0,0.000000000e0,0.000000000e0,1.276346207e0,4.938866615e0,-1.510587335e0
test,318,Nc1cnc(O)nn1,4.383754253e0,0.000000000e0,0.000000000e0,1.276346207e0,4.383754253e0,-1.945510864e0
test,319,CN(C)C(=O)N(C)C,7.529390335e0,0.000000000e0,0.000000000e0,1.276346207e0,7.529390335e0,5.190554857e-1
test,320,[NH-]C1C=CN=C(N)O1,4.960635662e0,0.000000000e0,0.000000000e0,1.276346207e0,4.960635662e0,-1.493531466e0
test,321,CNC(C)(C#N)COC,7.308978081e0,0.000000000e0,0.000000000e0,1.276346207e0,7.308978081e0,3.463652730e-1
test,322,Cn1nc(O)c(O)n1,5.828679085e0,0.000000000e0,0.000000000e0,1.276346207e0,5.828679085e0,-8.134304285e-1
test,323,OC1C2CC3CC1C3C2,8.715806961e0,0.000000000e0,0.000000000e0,1.276346207e0,8.715806961e0,1.448598027e0
test,324,OCCC12COCC1N2,8.794719696e0,0.000000000e0,0.000000000e0,1.276346207e0,8.794719696e0,1.510425091e0
test,325,O=C1CC=C2C3NC3C12,5.796025276e0,0.000000000e0,0.000000000e0,1.276346207e0,5.796025276e0,-8.390142322e-1
test,326,O=C1C2OCC3OC1C32,4.990568161e0,0.000000000e0,0.000000000e0,1.276346207e0,4.990568161e0,-1.470079780e0
test,327,CNC(=O)CC([NH-])OC,6.704885483e0,0.000000000e0,0.000000000e0,1.276346207e0,6.704885483e0,-1.269336939e-1
test,328,CC1CCCC2(O)CC12,8.873632431e0,0.000000000e0,0.000000000e0,1.276346207e0,8.873632431e0,1.572252274e0
test,329,CC1NC1C12CC[NH+]1C2,8.174300194e0,0.000000000e0,0.000000000e0,1.276346207e0,8.174300194e0,1.024334311e0
test,330,CC1=CC(O)C=CCC1,6.220522881e0,0.000000000e0,0.000000000e0,1.276346207e0,6.220522881e0,-5.064257383e-1
test,331,CC1Cn2c1cnc2O,6.816452026e0,0.000000000e0,0.000000000e0,1.276346207e0,6.816452026e0,-3.952271119e-2
test,332,CC1C2C=CC3C(C2)C13,6.683116436e0,0.000000000e0,0.000000000e0,1.276346207e0,6.683116436e0,-1.439894736e-1
test,333,O=C1C2CC[NH+]3C1CC23,5.608266830e0,0.000000000e0,0.000000000e0,1.276346207e0,5.608266830e0,-9.861206412e-1
test,334,[NH-]C1OCC2NC21,7.232786179e0,0.000000000e0,0.000000000e0,1.276346207e0,7.232786179e0,2.866698503e-1
test,335,C1=CC2CC3CC1CC23,6.903528214e0,0.000000000e0,0.000000000e0,1.276346207e0,6.903528214e0,2.870038524e-2
test,336,CC(CCCO)C(N)=O,7.534832478e0,0.000000000e0,0.000000000e0,1.276346207e0,7.534832478e0,5.233193636e-1
test,337,[NH-]C1OC2C3CC[NH+]3C12,6.342973709e0,0.000000000e0,0.000000000e0,1.276346207e0,6.342973709e0,-4.104870260e-1
test,338,CC12CC3(O)C(CC13)O2,8.419202805e0,0.000000000e0,0.000000000e0,1.276346207e0,8.419202805e0,1.216212392e0
test,339,C[NH+]1C2CC(N)C21C#N,6.791961670e0,0.000000000e0,0.000000000e0,1.276346207e0,6.791961670e0,-5.871059746e-2
test,340,CC1CC2(COC2)C1=O,5.703506470e0,0.000000000e0,0.000000000e0,1.276346207e0,5.703506470e0,-9.115015864e-1
test,341,CC1C2C=CCC1C2=O,5.880380630e0,0.000000000e0,0.000000000e0,1.276346207e0,5.880380630e0,-7.729228735e-1
test,342,CCn1ncc(C)n1,6.800125122e0,0.000000000e0,0.000000000e0,1.276346207e0,6.800125122e0,-5.231463537e-2
test,343,Cc1nc(=O)nnn1C,4.593281746e0,0.000000000e0,0.000000000e0,1.276346207e0,4.593281746e0,-1.781348705e0
test,344,CC1OC1CC1CCO1,8.811046600e0,0.000000000e0,0.000000000e0,1.276346207e0,8.811046600e0,1.523217082e0
test,345,NC(=O)N(C=O)CC=O,5.453161716e0,0.000000000e0,0.000000000e0,1.276346207e0,5.453161716e0,-1.107643485e0
test,346,Cc1cnccc1CO,6.258618832e0,0.000000000e0,0.000000000e0,1.276346207e0,6.258618832e0,-4.765779972e-1
test,347,CC12CC1N1C=CNC12,6.111677170e0,0.000000000e0,0.000000000e0,1.276346207e0,6.111677170e0,-5.917049646e-1
test,348,CC(=O)C(C)C(C)(C)C,6.149773121e0,0.000000000e0,0.000000000e0,1.276346207e0,6.149773121e0,-5.618572831e-1
test,349,O=C1C=C2NCC2CC1,5.409623623e0,0.000000000e0,0.000000000e0,1.276346207e0,5.409623623e0,-1.141755104e0
test,350,CC1C(=O)C2(C)OC12,5.787861824e0,0.000000000e0,0.000000000e0,1.276346207e0,5.787861824e0,-8.454102278e-1
test,351,C#CC(CC#N)OCC,7.926676750e0,0.000000000e0,0.000000000e0,1.276346207e0,7.926676750e0,8.303244114e-1
test,352,CCC1C2OC3C1C23C,8.198790550e0,0.000000000e0,0.000000000e0,1.276346207e0,8.198790550e0,1.043522120e0
test,353,Nc1cnoc(=O)c1N,4.329331398e0,0.000000000e0,0.000000000e0,1.276346207e0,4.329331398e0,-1.988150477e0
test,354,CC1CCCCC1C#N,9.238265991e0,0.000000000e0,0.000000000e0,1.276346207e0,9.238265991e0,1.857938051e0
test,355,Fc1ccccn1,6.198753357e0,0.000000000e0,0.000000000e0,1.276346207e0,6.198753357e0,-5.234818459e-1
test,356,CC1(NC=O)C2CC1C2,7.589255333e0,0.000000000e0,0.000000000e0,1.276346207e0,7.589255333e0,5.659589767e-1
test,357,O=c1ncc(F)c[nH]1,4.547022343e0,0.000000000e0,0.000000000e0,1.276346207e0,4.547022343e0,-1.817592382e0
test,358,Cc1cnc(N)nn1,4.522532463e0,0.000000000e0,0.000000000e0,1.276346207e0,4.522532463e0,-1.836779833e0
test,359,Cc1c[nH]c(C2CC2)c1,6.334810734e0,0.000000000e0,0.000000000e0,1.276346207e0,6.334810734e0,-4.168826044e-1
test,360,CCNc1cncnn1,4.549743652e0,0.000000000e0,0.000000000e0,1.276346207e0,4.549743652e0,-1.815460205e0
test,361,CCc1ccncc1C,6.212359428e0,0.000000000e0,0.000000000e0,1.276346207e0,6.212359428e0,-5.128216743e-1
test,362,N#CC#CC(C#N)CO,6.405560493e0,0.000000000e0,0.000000000e0,1.276346207e0,6.405560493e0,-3.614510596e-1
test,363,C#CC12C3CC3C1[NH+]2C,6.487194061e0,0.000000000e0,0.000000000e0,1.276346207e0,6.487194061e0,-2.974921763e-1
test,364,CC1([NH+]2CC2)CCC1=O,5.858611107e0,0.000000000e0,0.000000000e0,1.276346207e0,5.858611107e0,-7.899790406e-1
test,365,c1cc2n(c1)C1CC2C1,6.383790970e0,0.000000000e0,0.000000000e0,1.276346207e0,6.383790970e0,-3.785072267e-1
test,366,O=C1C2C[NH+]2C1C1CN1,5.774256229e0,0.000000000e0,0.000000000e0,1.276346207e0,5.774256229e0,-8.560700417e-1
test,367,CO[CH+][NH2+]CC#CC#N,5.967456818e0,0.000000000e0,0.000000000e0,1.276346207e0,5.967456818e0,-7.046998143e-1
test,368,O=C1CCC2NC2C1,6.084465981e0,0.000000000e0,0.000000000e0,1.276346207e0,6.084465981e0,-6.130245924e-1
test,369,CC1(C2OC2C#N)CO1,7.542996407e0,0.000000000e0,0.000000000e0,1.276346207e0,7.542996407e0,5.297156572e-1
test,370,C1CC2(C1)CC1(CO1)C2,9.069554329e0,0.000000000e0,0.000000000e0,1.276346207e0,9.069554329e0,1.725754619e0
test,371,CC(C=O)C(C#N)CO,6.054533005e0,0.000000000e0,0.000000000e0,1.276346207e0,6.054533005e0,-6.364766955e-1
test,372,[NH-]C1CC(N)=CC(=O)N1,5.444998264e0,0.000000000e0,0.000000000e0,1.276346207e0,5.444998264e0,-1.114039540e0
test,373,C[NH+]1C2C(O)C1(C)C2O,7.624630451e0,0.000000000e0,0.000000000e0,1.276346207e0,7.624630451e0,5.936748981e-1
test,374,Cc1cc(N)cc(F)n1,6.130725384e0,0.000000000e0,0.000000000e0,1.276346207e0,6.130725384e0,-5.767809153e-1
test,375,COc1cnc(=O)[nH]c1,4.359263897e0,0.000000000e0,0.000000000e0,1.276346207e0,4.359263897e0,-1.964698792e0
test,376,CNc1ccn2c1CC2,5.874938488e0,0.000000000e0,0.000000000e0,1.276346207e0,5.874938488e0,-7.771867514e-1
test,377,Oc1cccnc1F,5.749765873e0,0.000000000e0,0.000000000e0,1.276346207e0,5.749765873e0,-8.752579093e-1
test,378,Nc1concc1=O,4.381032944e0,0.000000000e0,0.000000000e0,1.276346207e0,4.381032944e0,-1.947642922e0
test,379,C#CC1CCCCO1,7.815110207e0,0.000000000e0,0.000000000e0,1.276346207e0,7.815110207e0,7.429134250e-1
test,380,O=C1CC2C3CC1(O)C23,6.138888836e0,0.000000000e0,0.000000000e0,1.276346207e0,6.138888836e0,-5.703849792e-1
test,381,c1cncnccoc1,4.884443760e0,0.000000000e0,0.000000000e0,1.276346207e0,4.884443760e0,-1.553226948e0
test,382,O=CC1Cn2cccc21,4.830020905e0,0.000000000e0,0.000000000e0,1.276346207e0,4.830020905e0,-1.595866561e0
test,383,N#CC12CCCCC1C2,8.462740898e0,0.000000000e0,0.000000000e0,1.276346207e0,8.462740898e0,1.250323892e0
test,384,COC(C)CC(O)C=O,6.049090862e0,0.000000000e0,0.000000000e0,1.276346207e0,6.049090862e0,-6.407405138e-1
test,385,Cc1ccn(C)c(=O)n1,5.015058517e0,0.000000000e0,0.000000000e0,1.276346207e0,5.015058517e0,-1.450891852e0
test,386,NC=Nc1nccnn1,4.457224846e0,0.000000000e0,0.000000000e0,1.276346207e0,4.457224846e0,-1.887947559e0
test,387,CC1(C2(C)CO2)CO1,9.216496468e0,0.000000000e0,0.000000000e0,1.276346207e0,9.216496468e0,1.840881944e0
test,388,COCC(O)C(=O)CO,6.264060974e0,0.000000000e0,0.000000000e0,1.276346207e0,6.264060974e0,-4.723141491e-1
test,389,C1=CC2CCOCC2C1,6.968835831e0,0.000000000e0,0.000000000e0,1.276346207e0,6.968835831e0,7.986808568e-2
test,390,COC1CCCC2CC21,8.721248627e0,0.000000000e0,0.000000000e0,1.276346207e0,8.721248627e0,1.452861547e0
test,391,C1=NC2CCC=C2CO1,6.751144886e0,0.000000000e0,0.000000000e0,1.276346207e0,6.751144886e0,-9.069003910e-2
test,392,Cc1cnoc(=O)c1F,5.085808277e0,0.000000000e0,0.000000000e0,1.276346207e0,5.085808277e0,-1.395460367e0
test,393,C1CC2OC3C(CC23)O1,8.136203766e0,0.000000000e0,0.000000000e0,1.276346207e0,8.136203766e0,9.944862127e-1
test,394,O=CC(O)c1cn[nH]n1,5.923918724e0,0.000000000e0,0.000000000e0,1.276346207e0,5.923918724e0,-7.388113141e-1
test,395,CCC1C2OC2C12CO2,8.819210052e0,0.000000000e0,0.000000000e0,1.276346207e0,8.819210052e0,1.529613018e0
test,396,C#CCC(C)(O)C(C)=O,6.187869072e0,0.000000000e0,0.000000000e0,1.276346207e0,6.187869072e0,-5.320095420e-1
test,397,OCC1CCCCCO1,8.960708618e0,0.000000000e0,0.000000000e0,1.276346207e0,8.960708618e0,1.640475392e0
test,398,O=CNCC1C2CC1C2,7.695379734e0,0.000000000e0,0.000000000e0,1.276346207e0,7.695379734e0,6.491060853e-1
test,399,Cc1ccc(C)c(F)n1,5.951130390e0,0.000000000e0,0.000000000e0,1.276346207e0,5.951130390e0,-7.174913287e-1
test,400,CC1OCCCC1CO,8.590634346e0,0.000000000e0,0.000000000e0,1.276346207e0,8.590634346e0,1.350526810e0
test,401,C[NH+]1CC23COCC12C3,7.687216282e0,0.000000000e0,0.000000000e0,1.276346207e0,7.687216282e0,6.427101493e-1
test,402,CC1CC(=O)C2C1[NH+]2C,5.608266830e0,0.000000000e0,0.000000000e0,1.276346207e0,5.608266830e0,-9.861206412e-1
test,403,O=C1C=CC=CC=CN1,4.538859367e0,0.000000000e0,0.000000000e0,1.276346207e0,4.538859367e0,-1.823987961e0
test,404,CC1=CC2(CN2)COC1,6.438213825e0,0.000000000e0,0.000000000e0,1.276346207e0,6.438213825e0,-3.358675838e-1
test,405,COC1C2OC3C2C13C,8.250492096e0,0.000000000e0,0.000000000e0,1.276346207e0,8.250492096e0,1.084029675e0
test,406,CC12CC(=O)CCC1N2,6.016437531e0,0.000000000e0,0.000000000e0,1.276346207e0,6.016437531e0,-6.663240194e-1
test,407,O=c1[nH]c2cn[nH]c2[nH]1,5.923918724e0,0.000000000e0,0.000000000e0,1.276346207e0,5.923918724e0,-7.388113141e-1
test,408,O=C1CC2(COC2)O1,7.289929867e0,0.000000000e0,0.000000000e0,1.276346207e0,7.289929867e0,3.314412236e-1
test,409,O=C1C=CCC2CC2C1,5.113019466e0,0.000000000e0,0.000000000e0,1.276346207e0,5.113019466e0,-1.374140739e0
test,410,CCC(=O)CCOC=O,6.375627518e0,0.000000000e0,0.000000000e0,1.276346207e0,6.375627518e0,-3.849031627e-1
test,411,CC(=O)C(C)(CO)CO,6.296714783e0,0.000000000e0,0.000000000e0,1.276346207e0,6.296714783e0,-4.467303157e-1
test,412,N#CCC1C(=O)C2OC12,5.815073013e0,0.000000000e0,0.000000000e0,1.276346207e0,5.815073013e0,-8.240906000e-1
test,413,CC12C(O)C3C4C1C2[NH+]34,7.923955917e0,0.000000000e0,0.000000000e0,1.276346207e0,7.923955917e0,8.281926513e-1
test,414,Cc1nc(=O)nc(O)o1,5.942966461e0,0.000000000e0,0.000000000e0,1.276346207e0,5.942966461e0,-7.238876820e-1
test,415,Oc1ccccn1,5.804188728e0,0.000000000e0,0.000000000e0,1.276346207e0,5.804188728e0,-8.326182961e-1
test,416,Nc1nc(=O)nc(O)o1,6.411002159e0,0.000000000e0,0.000000000e0,1.276346207e0,6.411002159e0,-3.571875989e-1
test,417,C#CC(C)(C)C(C)=O,6.212359428e0,0.000000000e0,0.000000000e0,1.276346207e0,6.212359428e0,-5.128216743e-1
test,418,CC1(C2COC2[NH-])CC1,7.861369133e0,0.000000000e0,0.000000000e0,1.276346207e0,7.861369133e0,7.791566849e-1
test,419,OCC1(O)CC1C1CC1,8.013752937e0,0.000000000e0,0.000000000e0,1.276346207e0,8.013752937e0,8.985475302e-1
test,420,CC12CCCCC1C2O,8.304915428e0,0.000000000e0,0.000000000e0,1.276346207e0,8.304915428e0,1.126669645e0
test,421,CC12CC3C(C1)C3O2,8.549818039e0,0.000000000e0,0.000000000e0,1.276346207e0,8.549818039e0,1.318547726e0
test,422,CC12OC3C(C1O)C32C,7.869533062e0,0.000000000e0,0.000000000e0,1.276346207e0,7.869533062e0,7.855530381e-1
test,423,O=CCC1OCC12CC2,6.046370029e0,0.000000000e0,0.000000000e0,1.276346207e0,6.046370029e0,-6.428722739e-1
test,424,C[NH+]1CC1C(=O)N1CC1,6.027321815e0,0.000000000e0,0.000000000e0,1.276346207e0,6.027321815e0,-6.577963233e-1
test,425,NC(=O)CC#CC=O,5.570170403e0,0.000000000e0,0.000000000e0,1.276346207e0,5.570170403e0,-1.015968680e0
test,426,CC1=C(NO)CC(=O)[CH-]1,4.756549835e0,0.000000000e0,0.000000000e0,1.276346207e0,4.756549835e0,-1.653430223e0
test,427,[NH-][CH+]Oc1n[nH]nc1N,5.624593258e0,0.000000000e0,0.000000000e0,1.276346207e0,5.624593258e0,-9.733290672e-1
test,428,Oc1cnc2n1[CH+]N=[NH+]2,5.513026714e0,0.000000000e0,0.000000000e0,1.276346207e0,5.513026714e0,-1.060740113e0
test,429,C#CC1CC=CC2C[NH+]12,6.313041210e0,0.000000000e0,0.000000000e0,1.276346207e0,6.313041210e0,-4.339387715e-1
test,430,Cc1n[nH]c(=O)c(F)n1,4.873559475e0,0.000000000e0,0.000000000e0,1.276346207e0,4.873559475e0,-1.561754584e0
test,431,[NH-]C1=NC(F)=CC(N)O1,5.061317921e0,0.000000000e0,0.000000000e0,1.276346207e0,5.061317921e0,-1.414648175e0
test,432,C#CC#CC(O)C(C)=O,5.534795761e0,0.000000000e0,0.000000000e0,1.276346207e0,5.534795761e0,-1.043684244e0
test,433,Cc1ccnc(F)c1,6.261340141e0,0.000000000e0,0.000000000e0,1.276346207e0,6.261340141e0,-4.744459093e-1
test,434,C#CCCOCCOC,8.408317566e0,0.000000000e0,0.000000000e0,1.276346207e0,8.408317566e0,1.207683921e0
test,435,C1OC2CC3(COC23)O1,7.567486763e0,0.000000000e0,0.000000000e0,1.276346207e0,7.567486763e0,5.489035845e-1
test,436,C[NH2+][CH+]Oc1cn[nH]n1,6.179705620e0,0.000000000e0,0.000000000e0,1.276346207e0,6.179705620e0,-5.384055376e-1
test,437,N#CC1CCC12CO2,8.106271744e0,0.000000000e0,0.000000000e0,1.276346207e0,8.106271744e0,9.710348248e-1
test,438,COC1CCCC(O)C1,8.794719696e0,0.000000000e0,0.000000000e0,1.276346207e0,8.794719696e0,1.510425091e0
test,439,[H]N=C(C#N)NC(C)CC,5.687179565e0,0.000000000e0,0.000000000e0,1.276346207e0,5.687179565e0,-9.242935181e-1
test,440,COC(=O)CCNC=O,7.295372486e0,0.000000000e0,0.000000000e0,1.276346207e0,7.295372486e0,3.357054591e-1
test,441,O=C1Cn2cccc2O1,5.156557560e0,0.000000000e0,0.000000000e0,1.276346207e0,5.156557560e0,-1.340029120e0
test,442,CC12CC3C1CC3(C)O2,8.982478142e0,0.000000000e0,0.000000000e0,1.276346207e0,8.982478142e0,1.657531500e0
test,443,CC1=CC2(C)C[NH+]3C1C32,6.310320377e0,0.000000000e0,0.000000000e0,1.276346207e0,6.310320377e0,-4.360705018e-1
test,444,O=CC12C3OC1C2C3O,5.910312653e0,0.000000000e0,0.000000000e0,1.276346207e0,5.910312653e0,-7.494715452e-1
test,445,CC12CC3(CC3)C1O2,9.017853737e0,0.000000000e0,0.000000000e0,1.276346207e0,9.017853737e0,1.685247898e0
test,446,CC(=O)C(C#N)O[CH+][NH-],6.054533005e0,0.000000000e0,0.000000000e0,1.276346207e0,6.054533005e0,-6.364766955e-1
test,447,OCC12C3OC1C2C3O,7.796061993e0,0.000000000e0,0.000000000e0,1.276346207e0,7.796061993e0,7.279893756e-1
test,448,CC1(C2CC2)CC1C=O,6.114398479e0,0.000000000e0,0.000000000e0,1.276346207e0,6.114398479e0,-5.895728469e-1
test,449,C1CC23C1C1C2C2C3[NH+]12,8.021917343e0,0.000000000e0,0.000000000e0,1.276346207e0,8.021917343e0,9.049442410e-1
test,450,CCc1ccc(F)nc1,5.972899437e0,0.000000000e0,0.000000000e0,1.276346207e0,5.972899437e0,-7.004355788e-1
test,451,CCC12OC3(C)CC1C32,8.498115540e0,0.000000000e0,0.000000000e0,1.276346207e0,8.498115540e0,1.278039575e0
test,452,COC1OCC2NC21C,8.427366257e0,0.000000000e0,0.000000000e0,1.276346207e0,8.427366257e0,1.222608328e0
test,453,C1CC23C4CC12C1C4C13,7.774292946e0,0.000000000e0,0.000000000e0,1.276346207e0,7.774292946e0,7.109336257e-1
test,454,C[NH+]1C2CC(C)(CO)C21,7.828715801e0,0.000000000e0,0.000000000e0,1.276346207e0,7.828715801e0,7.535732388e-1
test,455,CCCC(=O)C(C)C=O,5.447719574e0,0.000000000e0,0.000000000e0,1.276346207e0,5.447719574e0,-1.111907363e0
test,456,[NH-][CH+]OC1CC12COC2,7.170200348e0,0.000000000e0,0.000000000e0,1.276346207e0,7.170200348e0,2.376346588e-1
test,457,O=c1ccnc2n1CC2,5.491257668e0,0.000000000e0,0.000000000e0,1.276346207e0,5.491257668e0,-1.077795863e0
test,458,CC1(C)C2(O)CC1(O)C2,8.449134827e0,0.000000000e0,0.000000000e0,1.276346207e0,8.449134827e0,1.239663720e0
test,459,OCC12OC3CC1C2C3,8.781113625e0,0.000000000e0,0.000000000e0,1.276346207e0,8.781113625e0,1.499764919e0
test,460,CC(C)CCC#CC#N,6.688558578e0,0.000000000e0,0.000000000e0,1.276346207e0,6.688558578e0,-1.397256255e-1
test,461,C#CC(O[CH+][NH-])C(C)=O,5.994668484e0,0.000000000e0,0.000000000e0,1.276346207e0,5.994668484e0,-6.833797693e-1
test,462,OCC#CC(CO)CO,7.510342121e0,0.000000000e0,0.000000000e0,1.276346207e0,7.510342121e0,5.041314363e-1
test,463,CC12OC3CC1C2CO3,8.492672920e0,0.000000000e0,0.000000000e0,1.276346207e0,8.492672920e0,1.273775339e0
test,464,[NH-]C1OCC12C1CC[NH+]12,6.957951069e0,0.000000000e0,0.000000000e0,1.276346207e0,6.957951069e0,7.134000957e-2
test,465,ONC1CCCCC1O,6.832778931e0,0.000000000e0,0.000000000e0,1.276346207e0,6.832778931e0,-2.673078887e-2
test,466,CC12C(O)C1[NH+]1CC12,7.605582714e0,0.000000000e0,0.000000000e0,1.276346207e0,7.605582714e0,5.787512660e-1
test,467,CC1=CC(O)C[NH+]2CC12,6.302156925e0,0.000000000e0,0.000000000e0,1.276346207e0,6.302156925e0,-4.424664676e-1
test,468,CC(OC=O)C(N)=O,7.107614040e0,0.000000000e0,0.000000000e0,1.276346207e0,7.107614040e0,1.885990649e-1
test,469,OCC1C=CCCC=C1,6.783798695e0,0.000000000e0,0.000000000e0,1.276346207e0,6.783798695e0,-6.510619074e-2
test,470,N#CCC1OCC12CC2,7.981099606e0,0.000000000e0,0.000000000e0,1.276346207e0,7.981099606e0,8.729640245e-1
test,471,CC1=CC([NH-])OCC=C1,4.756549835e0,0.000000000e0,0.000000000e0,1.276346207e0,4.756549835e0,-1.653430223e0
test,472,CC1=CC2NC3C1OC23,6.266781807e0,0.000000000e0,0.000000000e0,1.276346207e0,6.266781807e0,-4.701824188e-1
test,473,Cc1nc(=O)c(F)no1,5.232749462e0,0.000000000e0,0.000000000e0,1.276346207e0,5.232749462e0,-1.280333757e0
test,474,Oc1cncc(O)c1,5.575613022e0,0.000000000e0,0.000000000e0,1.276346207e0,5.575613022e0,-1.011704445e0
test,475,N#CC12C=CCC[NH+]1C2,6.337531567e0,0.000000000e0,0.000000000e0,1.276346207e0,6.337531567e0,-4.147508740e-1
test,476,COCC(N)(C#N)C#N,7.015095711e0,0.000000000e0,0.000000000e0,1.276346207e0,7.015095711e0,1.161121204e-1
test,477,CC1(CCC2CO2)CO1,9.592013359e0,0.000000000e0,0.000000000e0,1.276346207e0,9.592013359e0,2.135094643e0
test,478,CCC(C)C(C)CC=O,6.236849785e0,0.000000000e0,0.000000000e0,1.276346207e0,6.236849785e0,-4.936337769e-1
test,479,CC12COC(C=O)C1N2,6.000110626e0,0.000000000e0,0.000000000e0,1.276346207e0,6.000110626e0,-6.791159511e-1
test,480,CCc1cncc(N)c1,5.379690647e0,0.000000000e0,0.000000000e0,1.276346207e0,5.379690647e0,-1.165207148e0
test,481,CC12CC3(O)C1C3(C)O2,7.687216282e0,0.000000000e0,0.000000000e0,1.276346207e0,7.687216282e0,6.427101493e-1
test,482,CC12C(CO)C3OC1C32,7.853205681e0,0.000000000e0,0.000000000e0,1.276346207e0,7.853205681e0,7.727607489e-1
test,483,CC1CC2(C3CN3)OC12,8.571586609e0,0.000000000e0,0.000000000e0,1.276346207e0,8.571586609e0,1.335603237e0
test,484,CC1C2C3C2[NH+]2C3C12C,7.991984367e0,0.000000000e0,0.000000000e0,1.276346207e0,7.991984367e0,8.814920783e-1
test,485,CCC12OC1CC2=O,5.877659321e0,0.000000000e0,0.000000000e0,1.276346207e0,5.877659321e0,-7.750549912e-1
test,486,Cn1ccc(F)nc1=O,5.230028629e0,0.000000000e0,0.000000000e0,1.276346207e0,5.230028629e0,-1.282465458e0
test,487,CC1=CC=CCOC1,5.113019466e0,0.000000000e0,0.000000000e0,1.276346207e0,5.113019466e0,-1.374140739e0
test,488,CC[NH+]1C2CC1(C#N)C2,6.669510841e0,0.000000000e0,0.000000000e0,1.276346207e0,6.669510841e0,-1.546492875e-1
test,489,COCCC(O)C(C)C,8.577029228e0,0.000000000e0,0.000000000e0,1.276346207e0,8.577029228e0,1.339867353e0
test,490,CC1OCC2NC1C2O,8.601518631e0,0.000000000e0,0.000000000e0,1.276346207e0,8.601518631e0,1.359054565e0
test,491,CC1OC1C1(CO)CO1,9.072276115e0,0.000000000e0,0.000000000e0,1.276346207e0,9.072276115e0,1.727887154e0
test,492,O=CCC12CC(O)(C1)C2,6.138888836e0,0.000000000e0,0.000000000e0,1.276346207e0,6.138888836e0,-5.703849792e-1
test,493,CC12CC3C(=O)OC1C32,7.347074509e0,0.000000000e0,0.000000000e0,1.276346207e0,7.347074509e0,3.762133420e-1
test,494,O=C1NCC(C2CN2)N1,8.190627098e0,0.000000000e0,0.000000000e0,1.276346207e0,8.190627098e0,1.037126184e0
test,495,CCOc1nccnn1,4.522532463e0,0.000000000e0,0.000000000e0,1.276346207e0,4.522532463e0,-1.836779833e0
test,496,CNc1cncc(O)c1,5.240912914e0,0.000000000e0,0.000000000e0,1.276346207e0,5.240912914e0,-1.273937821e0
test,497,CC1CCC(CO)OC1,8.955266953e0,0.000000000e0,0.000000000e0,1.276346207e0,8.955266953e0,1.636211872e0
test,498,C#CC1C=CCOC=N1,6.225965023e0,0.000000000e0,0.000000000e0,1.276346207e0,6.225965023e0,-5.021618605e-1
test,499,Nc1cc2n(n1)CCC2,6.291272163e0,0.000000000e0,0.000000000e0,1.276346207e0,6.291272163e0,-4.509945214e-1
