split,record_index,canonical_smiles,y_clean_raw,epsilon_raw,noise_scale_raw,noise_pattern_raw,y_noisy_raw,y_written
train,0,COC1C(O)C1(C)OC,7.956609249e0,-5.913024545e-1,3.829038739e-1,1.276346207e0,7.365306854e0,3.904981613e-1
train,1,Cc1[nH]cnc1C1CN1,6.264060974e0,-3.216522634e-1,3.829038739e-1,1.276346207e0,5.942408562e0,-7.243247628e-1
train,2,C1C2C3CC4C1C2CC34,9.679089546e0,6.974068284e-1,3.829038739e-1,1.276346207e0,1.037649632e1,2.749727249e0
train,3,CC#CC1NCC12CO2,7.349795341e0,-7.794430852e-2,3.829038739e-1,1.276346207e0,7.271851063e0,3.172767162e-1
train,4,CC(C)C12CC=CC1N2,6.342973709e0,2.266001105e-1,3.829038739e-1,1.276346207e0,6.569573879e0,-2.329486459e-1
train,5,CC1(c2cnoc2)CC1,6.582434177e0,-3.241659701e-1,3.829038739e-1,1.276346207e0,6.258268356e0,-4.768525958e-1
train,6,C#CC1(COC)CC1,8.051848412e0,1.779215187e-1,3.829038739e-1,1.276346207e0,8.229769707e0,1.067793965e0
train,7,C#CCC1C2CC(O)C12,8.364779472e0,5.155771971e-1,3.829038739e-1,1.276346207e0,8.880356789e0,1.577520728e0
train,8,Cn1nccc1N1CC1,6.568828583e0,1.096304804e-1,3.829038739e-1,1.276346207e0,6.678459167e0,-1.476383805e-1
train,9,CCC1CCOC1OC,9.208333015e0,2.023450136e-1,3.829038739e-1,1.276346207e0,9.410677910e0,1.993020654e0
train,10,CC1C=CC(=O)OC1C,5.904870510e0,4.296793044e-1,3.829038739e-1,1.276346207e0,6.334549904e0,-4.170869589e-1
train,11,[NH-]C1OCC23COC12C3,7.004210949e0,-1.631301083e-2,3.829038739e-1,1.276346207e0,6.987897873e0,9.480295330e-2
train,12,COC(C=O)C(F)(F)F,6.032763958e0,-3.092009425e-1,3.829038739e-1,1.276346207e0,5.723563194e0,-8.957873583e-1
train,13,CC#CC1CC1(O)C#N,6.925297737e0,6.952843070e-2,3.829038739e-1,1.276346207e0,6.994826317e0,1.002313048e-1
train,14,[NH-]C1N=CC=NC(=O)O1,4.680358410e0,-3.007600904e-1,3.829038739e-1,1.276346207e0,4.379598141e0,-1.948767066e0
train,15,N#CC1CCC(=O)C1,6.046370029e0,-1.300951540e-1,3.829038739e-1,1.276346207e0,5.916275024e0,-7.448000908e-1
train,16,CCOc1cnoc1,6.119840622e0,-3.434169590e-1,3.829038739e-1,1.276346207e0,5.776423454e0,-8.543720245e-1
train,17,C[NH2+]C(C)OC(C)(C)C,7.366122246e0,-3.951185644e-1,3.829038739e-1,1.276346207e0,6.971003532e0,8.156645298e-2
train,18,CC(O)C1(C)CC1CO,8.732133865e0,-2.779096067e-1,3.829038739e-1,1.276346207e0,8.454224586e0,1.243651509e0
train,19,CC1C2C(=O)C[NH+]12,5.929360867e0,3.857450485e-1,3.829038739e-1,1.276346207e0,6.315105915e0,-4.323211014e-1
train,20,O=C1C2C3OCC1(O)C32,6.596040249e0,-9.529349208e-2,3.829038739e-1,1.276346207e0,6.500746727e0,-2.868738472e-1
train,21,CC1CC2C3C1CC23C,4.688521862e0,-1.036081742e-2,3.829038739e-1,1.276346207e0,4.678161144e0,-1.714846730e0
train,22,CC12OC3CCC1C32O,7.894023418e0,1.602375656e-1,3.829038739e-1,1.276346207e0,8.054261208e0,9.302852154e-1
train,23,Nc1cc(OC=O)c[nH]1,5.752487183e0,2.215743810e-1,3.829038739e-1,1.276346207e0,5.974061489e0,-6.995251179e-1
train,24,CC1=CC(=O)OCCC1,5.970178127e0,1.434937567e-1,3.829038739e-1,1.276346207e0,6.113671780e0,-5.901421905e-1
train,25,CCC(C(C)=O)C(C)O,6.193311214e0,-3.141983151e-1,3.829038739e-1,1.276346207e0,5.879112720e0,-7.739163041e-1
train,26,CC12CC3(O)CC1OC32,8.381106377e0,-6.591412425e-1,3.829038739e-1,1.276346207e0,7.721965313e0,6.699355841e-1
train,27,C#CC1(C)CC1NC=O,6.985162735e0,3.846156299e-1,3.829038739e-1,1.276346207e0,7.369778156e0,3.940013647e-1
train,28,O1C2C3C2C2C4C1C4C32,7.815110207e0,-4.798033535e-1,3.829038739e-1,1.276346207e0,7.335306644e0,3.669933677e-1
train,29,CCCC1(C=O)CN1,6.079023361e0,2.241399372e-3,3.829038739e-1,1.276346207e0,6.081264973e0,-6.155325174e-1
train,30,COCC(C#N)NC=O,7.553880215e0,-3.101767302e-1,3.829038739e-1,1.276346207e0,7.243703365e0,2.952233553e-1
train,31,CC(OC=O)C(O)CO,7.643678188e0,1.784721613e-1,3.829038739e-1,1.276346207e0,7.822150230e0,7.484291792e-1
train,32,CC1C2OCC3C2[NH+]13,8.596076965e0,-6.913551688e-1,3.829038739e-1,1.276346207e0,7.904721737e0,8.131229281e-1
train,33,Cc1n[nH]c2occc12,6.147051811e0,-1.972270310e-1,3.829038739e-1,1.276346207e0,5.949824810e0,-7.185142636e-1
train,34,C[NH2+]C1OC(CO)C1C,7.523947716e0,1.669218838e-1,3.829038739e-1,1.276346207e0,7.690869808e0,6.455726027e-1
train,35,CC12CC(C#N)=CC1N2,5.287172318e0,4.841397330e-2,3.829038739e-1,1.276346207e0,5.335586071e0,-1.199762583e0
train,36,COC(C(C)C)C1CO1,8.977036476e0,3.018851392e-2,3.829038739e-1,1.276346207e0,9.007225037e0,1.676920414e0
train,37,CC1CC2OC([NH-])C12O,7.559322834e0,2.272522002e-1,3.829038739e-1,1.276346207e0,7.786574841e0,7.205563188e-1
train,38,CCCC1C=CNC1=O,5.825957775e0,-1.662859321e-1,3.829038739e-1,1.276346207e0,5.659671783e0,-9.458454847e-1
train,39,CC12C3C(O)C1(O)C[NH+]32,7.804225445e0,6.081482023e-2,3.829038739e-1,1.276346207e0,7.865040302e0,7.820330262e-1
train,40,N#CC1COC2C(O)C12,7.643678188e0,-3.365273774e-2,3.829038739e-1,1.276346207e0,7.610025406e0,5.822320580e-1
train,41,Cc1occc(=O)c1F,5.472209930e0,4.490496516e-1,3.829038739e-1,1.276346207e0,5.921259403e0,-7.408948541e-1
train,42,N#CC1COCCN1,6.979720592e0,2.471288852e-2,3.829038739e-1,1.276346207e0,7.004433632e0,1.077585146e-1
train,43,N#CC12CC1OCCN2,7.104892731e0,-1.058766022e-1,3.829038739e-1,1.276346207e0,6.999016285e0,1.035140902e-1
train,44,O=CC12COC1C2O,5.932082176e0,-6.136484146e-1,3.829038739e-1,1.276346207e0,5.318433762e0,-1.213201165e0
train,45,C#CC(O)C1C(C)C1C,7.959330082e0,-3.026669621e-1,3.829038739e-1,1.276346207e0,7.656662941e0,6.187719703e-1
train,46,CC(O)C(CO)C(C)O,8.089944839e0,5.052661523e-2,3.829038739e-1,1.276346207e0,8.140471458e0,9.978298545e-1
train,47,C#CCC(C)C(C)CO,8.489952087e0,-5.894528031e-1,3.829038739e-1,1.276346207e0,7.900499344e0,8.098147511e-1
train,48,CC12OCC1C2C(N)=O,6.925297737e0,-6.413620710e-1,3.829038739e-1,1.276346207e0,6.283935547e0,-4.567426741e-1
train,49,NC1=NCCCC1=O,4.685800552e0,-3.322217762e-1,3.829038739e-1,1.276346207e0,4.353578568e0,-1.969153166e0
train,50,CC(C#CC#N)[NH+]1CC1,5.888543606e0,-1.646481603e-1,3.829038739e-1,1.276346207e0,5.723895550e0,-8.955270052e-1
train,51,O=C1CC2C3C(O)C2C13,6.141610146e0,1.195507869e-1,3.829038739e-1,1.276346207e0,6.261160851e0,-4.745863676e-1
train,52,N#CC12CC(CCN1)C2,7.142988205e0,-3.309783638e-1,3.829038739e-1,1.276346207e0,6.812009811e0,-4.300313070e-2
train,53,NC1=CC(=O)C2C[NH+]2C1,5.325268269e0,5.287377238e-1,3.829038739e-1,1.276346207e0,5.854005814e0,-7.935872078e-1
train,54,CNC(C=O)(C=O)CO,5.327989578e0,-3.329145312e-1,3.829038739e-1,1.276346207e0,4.995075226e0,-1.466548562e0
train,55,[NH-]C1OC2C=CC1O2,6.459982872e0,8.055791259e-2,3.829038739e-1,1.276346207e0,6.540540695e0,-2.556957603e-1
train,56,Cc1n[nH]c(=O)[nH]1,6.590597630e0,7.726473212e-1,3.829038739e-1,1.276346207e0,7.363245010e0,3.888827264e-1
train,57,CC1(O)C=CC2(CN2)C1,6.563386440e0,-3.985389471e-1,3.829038739e-1,1.276346207e0,6.164847374e0,-5.500467420e-1
train,58,CC1COC(=O)OC1,8.683153152e0,-2.337500453e-1,3.829038739e-1,1.276346207e0,8.449402809e0,1.239873648e0
train,59,CCCCCC,1.076754570e1,8.777228594e-1,3.829038739e-1,1.276346207e0,1.164526844e1,3.743794203e0
train,60,C#CCNc1[nH]nn[nH+]1,5.480372906e0,-5.739924908e-1,3.829038739e-1,1.276346207e0,4.906380653e0,-1.536039591e0
train,61,C#CC1NC1CC(N)=O,6.922576904e0,-4.483254254e-1,3.829038739e-1,1.276346207e0,6.474251270e0,-3.076327145e-1
train,62,N#CC1(C2CCO2)CN1,7.401497364e0,-5.179650187e-1,3.829038739e-1,1.276346207e0,6.883532524e0,1.303401496e-2
train,63,Cc1c[n+]2[nH]cnc2[nH]1,6.378348827e0,-2.996549010e-1,3.829038739e-1,1.276346207e0,6.078693867e0,-6.175469756e-1
train,64,CC1(C)CCN(C=O)C1,7.249113560e0,7.228912115e-1,3.829038739e-1,1.276346207e0,7.972004890e0,8.658384085e-1
train,65,OC1CC1CCC1CC1,9.083160400e0,-1.521143019e-1,3.829038739e-1,1.276346207e0,8.931046486e0,1.617235422e0
train,66,CCCC12CCC1C2C,8.805603981e0,2.865200341e-1,3.829038739e-1,1.276346207e0,9.092123985e0,1.743437648e0
train,67,CCC(C)(C#N)NC=O,7.404218197e0,3.927170038e-1,3.829038739e-1,1.276346207e0,7.796935081e0,7.286734581e-1
train,68,C#CCn1cnnn1,7.211016655e0,1.066190600e-1,3.829038739e-1,1.276346207e0,7.317635536e0,3.531482816e-1
train,69,C#CCNC(C=O)CO,5.994668484e0,-8.971865475e-2,3.829038739e-1,1.276346207e0,5.904949665e0,-7.536733747e-1
train,70,N#CC12CCC(CC1)O2,7.934839725e0,-7.780745625e-2,3.829038739e-1,1.276346207e0,7.857032299e0,7.757588625e-1
train,71,OC12CC1CC1C[NH+]1C2,8.370222092e0,2.501161695e-1,3.829038739e-1,1.276346207e0,8.620338440e0,1.373799682e0
train,72,CC1OCCC(=O)C1C,6.049090862e0,-1.091268137e-1,3.829038739e-1,1.276346207e0,5.939963818e0,-7.262402177e-1
train,73,N#CC#CC1(C#N)CN1,5.823236465e0,-3.669489622e-1,3.829038739e-1,1.276346207e0,5.456287384e0,-1.105194569e0
train,74,O=C1C(=O)N2CC2C1O,4.046332836e0,9.371275082e-3,3.829038739e-1,1.276346207e0,4.055704117e0,-2.202533960e0
train,75,CC12CC3C[NH+]3C1C2O,7.766129494e0,-1.806212962e-1,3.829038739e-1,1.276346207e0,7.585508347e0,5.630232692e-1
train,76,C[NH+]1CC1C(O)C(N)=O,6.702164173e0,3.350363374e-1,3.829038739e-1,1.276346207e0,7.037200451e0,1.334308982e-1
train,77,CC1C2CCC(=O)C[NH+]12,5.412344456e0,2.640243173e-1,3.829038739e-1,1.276346207e0,5.676368713e0,-9.327636361e-1
train,78,CCC1C(O)C1C(C)C,8.250492096e0,-1.138853133e-1,3.829038739e-1,1.276346207e0,8.136607170e0,9.948022366e-1
train,79,CCC1C(C)C1CCO,9.094044685e0,-1.711063683e-1,3.829038739e-1,1.276346207e0,8.922938347e0,1.610882878e0
train,80,CCCC1CC(=O)N1C,7.559322834e0,1.533375680e-1,3.829038739e-1,1.276346207e0,7.712660313e0,6.626452208e-1
train,81,N#CC1(CO)C[NH+]2CC21,7.387890816e0,-6.906216145e-1,3.829038739e-1,1.276346207e0,6.697269440e0,-1.329007745e-1
train,82,CC#CC(=O)NC(C)=O,5.472209930e0,1.864496246e-2,3.829038739e-1,1.276346207e0,5.490854740e0,-1.078111529e0
train,83,O=C1C2COCC1C2O,5.972899437e0,3.177119792e-1,3.829038739e-1,1.276346207e0,6.290611267e0,-4.515123367e-1
train,84,O=C1C(O)C2NC2C1O,5.937524319e0,-4.274273813e-1,3.829038739e-1,1.276346207e0,5.510097027e0,-1.063035488e0
train,85,CC#CC1C=CCCO1,7.006931782e0,7.745890021e-1,3.829038739e-1,1.276346207e0,7.781520844e0,7.165966034e-1
train,86,COCC12CC(N1)C2=O,6.729375839e0,1.798323840e-1,3.829038739e-1,1.276346207e0,6.909208298e0,3.315066174e-2
train,87,NC(=O)OC12CCC1C2,8.364779472e0,-4.796833992e-1,3.829038739e-1,1.276346207e0,7.885096073e0,7.977464795e-1
train,88,C1=CC2(CO2)C2COC12,6.536174774e0,-4.141627252e-1,3.829038739e-1,1.276346207e0,6.122012138e0,-5.836076140e-1
train,89,CC1OC(=O)NCC1O,8.049127579e0,4.137453139e-1,3.829038739e-1,1.276346207e0,8.462872505e0,1.250427008e0
train,90,O=CC(=O)C1CCC1,4.190553188e0,-3.130665421e-1,3.829038739e-1,1.276346207e0,3.877486706e0,-2.342164993e0
train,91,C1CC2C3C4CC(C14)[NH+]23,8.332126617e0,2.385740727e-1,3.829038739e-1,1.276346207e0,8.570700645e0,1.334909081e0
train,92,CCC1OC12C1CC2C1,9.491331100e0,6.967182159e-1,3.829038739e-1,1.276346207e0,1.018804932e1,2.602081299e0
train,93,C#Cc1cc[nH]c1C#C,4.979683399e0,-1.543968171e-1,3.829038739e-1,1.276346207e0,4.825286388e0,-1.599575996e0
train,94,OC1CC2CC1(O)C2O,8.419202805e0,-3.445862532e-1,3.829038739e-1,1.276346207e0,8.074616432e0,9.462332726e-1
train,95,CC1OC2CC(=O)C1O2,5.866774559e0,-3.252249062e-1,3.829038739e-1,1.276346207e0,5.541549683e0,-1.038392663e0
train,96,Cc1cc(=O)cc(F)[nH]1,5.572891712e0,6.241807342e-2,3.829038739e-1,1.276346207e0,5.635309696e0,-9.649328589e-1
train,97,COCCCC1(C)CC1,9.080439568e0,-2.199761122e-1,3.829038739e-1,1.276346207e0,8.860463142e0,1.561934352e0
train,98,C1CC2CC2C2(C1)CO2,8.917170525e0,6.076409668e-2,3.829038739e-1,1.276346207e0,8.977934837e0,1.653971910e0
train,99,O=CNC12CC1C1CC12,6.639578342e0,4.194566607e-1,3.829038739e-1,1.276346207e0,7.059034824e0,1.505378634e-1
train,100,COC1CCOC1C,8.468183517e0,-2.235160954e-2,3.829038739e-1,1.276346207e0,8.445832253e0,1.237076163e0
train,101,CC1OCC12OCC2=O,5.801467419e0,5.157092810e-1,3.829038739e-1,1.276346207e0,6.317176819e0,-4.306985736e-1
train,102,CCC1C(O)C12CCC2,8.345731735e0,-1.314442307e-1,3.829038739e-1,1.276346207e0,8.214287758e0,1.055664062e0
train,103,CC1CN(C(N)=O)C1,7.853205681e0,-1.577149704e-2,3.829038739e-1,1.276346207e0,7.837434292e0,7.604040504e-1
train,104,C#CCN(C)C(N)=O,7.583813190e0,8.589808643e-2,3.829038739e-1,1.276346207e0,7.669711113e0,6.289950609e-1
train,105,C#CCC1OCC1O,8.070897102e0,1.775237918e-1,3.829038739e-1,1.276346207e0,8.248420715e0,1.082406759e0
train,106,COc1cc(C=O)co1,4.533416748e0,3.723872602e-1,3.829038739e-1,1.276346207e0,4.905804157e0,-1.536491275e0
train,107,CC1COCC1NC=O,7.472246647e0,-3.946890533e-1,3.829038739e-1,1.276346207e0,7.077557564e0,1.650501937e-1
train,108,CC1(C)CCCC1CO,9.088603020e0,6.062612403e-3,3.829038739e-1,1.276346207e0,9.094665527e0,1.745428920e0
train,109,CC1(O)CC2(O)CC1C2,8.696758270e0,7.506453395e-1,3.829038739e-1,1.276346207e0,9.447403908e0,2.021795034e0
train,110,C[NH+](C)C(C)(C#N)C=O,5.072202206e0,-5.270370841e-1,3.829038739e-1,1.276346207e0,4.545165062e0,-1.819047451e0
train,111,CC1(C)OCC1NO,6.718491554e0,1.977165788e-1,3.829038739e-1,1.276346207e0,6.916208267e0,3.863504902e-2
train,112,O=C1CC2(CCN1)CN2,7.270882130e0,-5.232336372e-2,3.829038739e-1,1.276346207e0,7.218558788e0,2.755228877e-1
train,113,N#CC1CC(O)C1N,7.480409622e0,-1.061324924e-1,3.829038739e-1,1.276346207e0,7.374277115e0,3.975262344e-1
train,114,[NH-]C1OC2C=CC1C2,6.451819897e0,-7.697516084e-1,3.829038739e-1,1.276346207e0,5.682068348e0,-9.282980561e-1
train,115,CC1(O)C2C[NH+]2C12CC2,8.174300194e0,1.632629335e-1,3.829038739e-1,1.276346207e0,8.337563515e0,1.152248979e0
train,116,CCCc1nnn(C)n1,6.966114998e0,-7.727988809e-2,3.829038739e-1,1.276346207e0,6.888834953e0,1.718840189e-2
train,117,C[N+](=CN)C(C#N)C#N,3.654489040e0,4.553557932e-1,3.829038739e-1,1.276346207e0,4.109844685e0,-2.160115480e0
train,118,OCC(O)C#CC1CO1,7.216459274e0,-5.028672218e-1,3.829038739e-1,1.276346207e0,6.713592052e0,-1.201122105e-1
train,119,CC1(C=O)CCO1,5.790582657e0,-1.960587949e-1,3.829038739e-1,1.276346207e0,5.594523907e0,-9.968880415e-1
train,120,CC(C#N)c1cnno1,6.400117874e0,1.026770920e-1,3.829038739e-1,1.276346207e0,6.502794743e0,-2.852692604e-1
train,121,O=CC12CC1C1COC12,5.983783722e0,-4.216718674e-1,3.829038739e-1,1.276346207e0,5.562111855e0,-1.022282481e0
train,122,CC12CC3C4OC1C4C32,8.141646385e0,6.955079734e-2,3.829038739e-1,1.276346207e0,8.211196899e0,1.053242326e0
train,123,Nc1cnc([N+](=O)[O-])o1,4.117082596e0,-3.376535475e-1,3.829038739e-1,1.276346207e0,3.779428959e0,-2.418992043e0
train,124,O=C(CO)N1CCC1,7.295372486e0,-1.653141528e-1,3.829038739e-1,1.276346207e0,7.130058289e0,2.061838508e-1
train,125,C#CC#CC#CC=O,4.225928307e0,-2.392098457e-1,3.829038739e-1,1.276346207e0,3.986718416e0,-2.256583452e0
train,126,C1=Cc2c[nH]cc2C1,5.455882549e0,5.602576733e-1,3.829038739e-1,1.276346207e0,6.016139984e0,-6.665571332e-1
train,127,CC(C)(C=O)CO[CH+][NH-],6.253176689e0,2.980435491e-1,3.829038739e-1,1.276346207e0,6.551220417e0,-2.473283410e-1
train,128,C[NH2+]C(C=O)OC(C)=O,4.742944717e0,-4.087155163e-1,3.829038739e-1,1.276346207e0,4.334228992e0,-1.984313250e0
train,129,C[NH2+]C(OC=O)C(N)=O,5.243634224e0,-3.001332581e-1,3.829038739e-1,1.276346207e0,4.943500996e0,-1.506956339e0
train,130,C#CC1C(O)C(O)C1O,7.480409622e0,1.095679104e-1,3.829038739e-1,1.276346207e0,7.589977741e0,5.665249825e-1
train,131,C[NH2+]C1CCC(OC)O1,7.502179146e0,2.208429277e-1,3.829038739e-1,1.276346207e0,7.723021984e0,6.707634330e-1
train,132,CC1C2C3C(O)C3C12O,7.406939030e0,-5.621618032e-1,3.829038739e-1,1.276346207e0,6.844777107e0,-1.733036712e-2
train,133,C#CCC1OCC1(C)C,8.098108292e0,8.710730821e-2,3.829038739e-1,1.276346207e0,8.185215950e0,1.032886624e0
train,134,CC12OC1CC21CCC1,8.743018150e0,-2.813375294e-1,3.829038739e-1,1.276346207e0,8.461680412e0,1.249493003e0
train,135,C#CCn1cncn1,7.382448673e0,-2.031951584e-2,3.829038739e-1,1.276346207e0,7.362129211e0,3.880085051e-1
train,136,N#CC1CC(CO)C1O,7.864090443e0,1.566001177e-1,3.829038739e-1,1.276346207e0,8.020690918e0,9.039833546e-1
train,137,C#CCc1ccc(C)o1,6.204195976e0,-1.324283183e-1,3.829038739e-1,1.276346207e0,6.071767807e0,-6.229734421e-1
train,138,N#CC12CCC1CC2,8.274982452e0,-4.089172781e-1,3.829038739e-1,1.276346207e0,7.866065025e0,7.828359008e-1
train,139,CC1C2OC3C(O2)C13,8.971593857e0,1.374580264e-1,3.829038739e-1,1.276346207e0,9.109051704e0,1.756700277e0
train,140,[NH-]C1CCC2OC2CO1,7.455919266e0,4.583731890e-1,3.829038739e-1,1.276346207e0,7.914292336e0,8.206213713e-1
train,141,C#CC[NH2+][CH+]OC,7.344352722e0,2.182461619e-1,3.829038739e-1,1.276346207e0,7.562598705e0,5.450738072e-1
train,142,[NH-]C1OC2C3C2C2C3[NH+]12,7.474967480e0,2.953960598e-1,3.829038739e-1,1.276346207e0,7.770363331e0,7.078548074e-1
train,143,CCC1(O)C(C)C1C#N,7.978377819e0,-5.682215095e-1,3.829038739e-1,1.276346207e0,7.410156250e0,4.256370962e-1
train,144,CC1=CC(C)(C)C2OC12,6.650462627e0,1.822063625e-1,3.829038739e-1,1.276346207e0,6.832668781e0,-2.681708895e-2
train,145,c1nn[nH]c1C1COC1,6.805567265e0,1.422744393e-1,3.829038739e-1,1.276346207e0,6.947841644e0,6.341940165e-2
train,146,C#CC(=O)CC1C[NH+]1C,4.506205559e0,-4.575278759e-1,3.829038739e-1,1.276346207e0,4.048677444e0,-2.208039284e0
train,147,CN=CN1CCOC1=O,6.568828583e0,-7.287038118e-2,3.829038739e-1,1.276346207e0,6.495958328e0,-2.906254828e-1
train,148,C[NH+]1CC1CCC1CO1,8.362058640e0,-2.807629704e-1,3.829038739e-1,1.276346207e0,8.081295967e0,9.514666200e-1
train,149,CC1COC2(CO)CC12,8.658662796e0,9.182414412e-2,3.829038739e-1,1.276346207e0,8.750487328e0,1.475769639e0
train,150,CCNC(N)=O,8.231444359e0,-8.904708177e-2,3.829038739e-1,1.276346207e0,8.142396927e0,9.993384480e-1
train,151,C#CC#CC(=O)C1CC1,4.966077805e0,-6.205034629e-2,3.829038739e-1,1.276346207e0,4.904027462e0,-1.537883282e0
train,152,[NH-]C1NCCC(=O)C1=O,3.757892370e0,-3.474117517e-1,3.829038739e-1,1.276346207e0,3.410480499e0,-2.708058596e0
train,153,CCC1OC2(C)C(O)C12,8.160694122e0,-2.049825490e-1,3.829038739e-1,1.276346207e0,7.955711365e0,8.530726433e-1
train,154,C1#CCCOCCCC1,7.624630451e0,-6.433813572e-1,3.829038739e-1,1.276346207e0,6.981248856e0,8.959352970e-2
train,155,C#CC#CCC(=O)CC,6.030043125e0,1.745583564e-1,3.829038739e-1,1.276346207e0,6.204601288e0,-5.189000964e-1
train,156,C#CC12CC3C(C1)[NH+]3C2,7.817831039e0,-2.410028577e-1,3.829038739e-1,1.276346207e0,7.576828003e0,5.562223196e-1
train,157,CC12C3C4C1C4(CO)C32,7.828715801e0,2.572291195e-1,3.829038739e-1,1.276346207e0,8.085945129e0,9.551091790e-1
train,158,C#CC1CC=CC12CN2,6.655904770e0,-2.869377099e-2,3.829038739e-1,1.276346207e0,6.627211094e0,-1.877906024e-1
train,159,O=c1cc(O)occ1O,5.608266830e0,3.371979296e-2,3.829038739e-1,1.276346207e0,5.641986847e0,-9.597014189e-1
train,160,C[NH+]1C(C#N)C1C1CO1,7.085844994e0,-6.301226020e-1,3.829038739e-1,1.276346207e0,6.455722332e0,-3.221499026e-1
train,161,CC(C(O)C=O)[NH+]1CC1,5.757929325e0,4.355247691e-2,3.829038739e-1,1.276346207e0,5.801481724e0,-8.347392082e-1
train,162,OCC12[NH2+][CH+]NC1C2O,6.201474667e0,-1.726273000e-1,3.829038739e-1,1.276346207e0,6.028847218e0,-6.566011906e-1
train,163,CC1C(C)C1C(C)(C)C,8.781113625e0,4.347741976e-2,3.829038739e-1,1.276346207e0,8.824590683e0,1.533828735e0
train,164,CC1OC2C=CC1C2,6.628693581e0,-1.349082291e-1,3.829038739e-1,1.276346207e0,6.493785381e0,-2.923279703e-1
train,165,CC(C)(C)C1C2CC[NH+]21,8.030079842e0,7.507990599e-1,3.829038739e-1,1.276346207e0,8.780879021e0,1.499581099e0
train,166,CC1(C2CO2)CCC1,9.458678246e0,-5.226874948e-1,3.829038739e-1,1.276346207e0,8.935990334e0,1.621108890e0
train,167,O=CC12CC3C1C1C2[NH+]31,5.717112064e0,-3.017149568e-1,3.829038739e-1,1.276346207e0,5.415397167e0,-1.137231588e0
train,168,OCC1COCC12CC2,8.699480057e0,2.090721875e-1,3.829038739e-1,1.276346207e0,8.908552170e0,1.599611402e0
train,169,CNC(=O)C(N)CC#N,7.240949631e0,-6.255180389e-2,3.829038739e-1,1.276346207e0,7.178397655e0,2.440571338e-1
train,170,CCNC1C(=O)OC1C,6.517127037e0,2.898382843e-1,3.829038739e-1,1.276346207e0,6.806965351e0,-4.695540294e-2
train,171,C#CC1(C)CN(C)C1=O,7.208295822e0,2.641871870e-1,3.829038739e-1,1.276346207e0,7.472483158e0,4.744694233e-1
train,172,c1cn2c(n1)C1OC1C2,6.280387878e0,-3.079000711e-1,3.829038739e-1,1.276346207e0,5.972487926e0,-7.007579803e-1
train,173,CC(=O)C1=CCC(=O)N1,4.457224846e0,1.320278198e-1,3.829038739e-1,1.276346207e0,4.589252472e0,-1.784505606e0
train,174,CC12CCOC1C1CC12,8.770229340e0,-7.779978216e-2,3.829038739e-1,1.276346207e0,8.692429543e0,1.430282116e0
train,175,[NH-]C1C=CC2CC(C2)O1,5.461325169e0,-8.018153906e-2,3.829038739e-1,1.276346207e0,5.381143570e0,-1.164068818e0
train,176,Cc1cc(N(C)C)c[nH]1,5.956572056e0,6.030065566e-2,3.829038739e-1,1.276346207e0,6.016872883e0,-6.659829021e-1
train,177,C#CCOC(=O)CO,7.679053307e0,-4.594380260e-1,3.829038739e-1,1.276346207e0,7.219615459e0,2.763507664e-1
train,178,CC1(CO)CC2CC2C1,9.031458855e0,-2.578156590e-1,3.829038739e-1,1.276346207e0,8.773643494e0,1.493912220e0
train,179,CCC1(OC(C)=O)CC1,7.521226883e0,-6.244535446e-1,3.829038739e-1,1.276346207e0,6.896773338e0,2.340802550e-2
train,180,N#CC(C#N)C(O)C[NH3+],4.024563789e0,-3.756753802e-1,3.829038739e-1,1.276346207e0,3.648888350e0,-2.521269083e0
train,181,CC1C2NC2(C)C1(C)O,8.060012817e0,1.935496330e-1,3.829038739e-1,1.276346207e0,8.253562927e0,1.086435676e0
train,182,CC(O)C1=NCCO1,7.450477123e0,-1.177560091e-1,3.829038739e-1,1.276346207e0,7.332721233e0,3.649677336e-1
train,183,CCN(C)c1c[nH]nn1,5.357921600e0,-2.696449757e-1,3.829038739e-1,1.276346207e0,5.088276863e0,-1.393526196e0
train,184,Cc1c(C=O)ccn1C,5.308941364e0,-7.350419462e-2,3.829038739e-1,1.276346207e0,5.235437393e0,-1.278227806e0
train,185,CC12CC1C1OCC12,8.421924591e0,-1.619652212e-1,3.829038739e-1,1.276346207e0,8.259959221e0,1.091446996e0
train,186,CCC1OC1(C=O)C=O,5.322546959e0,3.130337894e-1,3.829038739e-1,1.276346207e0,5.635580540e0,-9.647206664e-1
train,187,[NH-]C1NC(=O)NCC1O,6.857269287e0,5.690297112e-2,3.829038739e-1,1.276346207e0,6.914172173e0,3.703979403e-2
train,188,C#CC(O)c1nnon1,5.847726822e0,2.531032860e-1,3.829038739e-1,1.276346207e0,6.100830078e0,-6.002035141e-1
train,189,COC(=O)C1C(C)C1C,7.553880215e0,-2.353173643e-1,3.829038739e-1,1.276346207e0,7.318562984e0,3.538749218e-1
train,190,OC1C2CCOC1OC2,8.653220177e0,7.010327280e-2,3.829038739e-1,1.276346207e0,8.723323822e0,1.454487324e0
train,191,CCO[CH+][NH2+]C(C)C,7.387890816e0,1.804147661e-1,3.829038739e-1,1.276346207e0,7.568305492e0,5.495450497e-1
train,192,CC#CC1CC1(C)C,7.627351284e0,-4.555955529e-1,3.829038739e-1,1.276346207e0,7.171755791e0,2.388533205e-1
train,193,CCNc1nc(N)no1,6.606924534e0,-3.400512934e-1,3.829038739e-1,1.276346207e0,6.266873360e0,-4.701106846e-1
train,194,CC1[NH2+]C2OCC2C1=O,5.662689686e0,4.977739155e-1,3.829038739e-1,1.276346207e0,6.160463810e0,-5.534812212e-1
train,195,CC1(O)C2NC13CNC23,7.102171898e0,3.149155974e-1,3.829038739e-1,1.276346207e0,7.417087555e0,4.310676754e-1
train,196,Cc1n[nH]c(CC#N)n1,7.183805943e0,7.600314915e-2,3.829038739e-1,1.276346207e0,7.259809017e0,3.078419268e-1
train,197,C[NH2+]C(C=O)C(=O)C=O,3.458567381e0,2.172479639e-3,3.829038739e-1,1.276346207e0,3.460739851e0,-2.668681145e0
train,198,O=CC1OC12C1CC2C1,5.994668484e0,2.865646183e-1,3.829038739e-1,1.276346207e0,6.281233311e0,-4.588598609e-1
train,199,CC12CC(C=O)=CC1O2,5.036827564e0,4.480936527e-1,3.829038739e-1,1.276346207e0,5.484921455e0,-1.082760215e0
train,200,CC1CC2(O)CCOC12,8.430087090e0,-1.423512492e-2,3.829038739e-1,1.276346207e0,8.415851593e0,1.213586807e0
train,201,C1CC2(CO2)C1[NH+]1CC1,8.220560074e0,3.900612518e-2,3.829038739e-1,1.276346207e0,8.259566307e0,1.091139197e0
train,202,O=C1C(CO)C2OCC12,5.785140514e0,1.980799139e-1,3.829038739e-1,1.276346207e0,5.983220577e0,-6.923490763e-1
train,203,N#CC1(CCO)CNC1,7.300814629e0,2.429798990e-1,3.829038739e-1,1.276346207e0,7.543794632e0,5.303410888e-1
train,204,O=CNC1CC(CO)C1,7.605582714e0,4.655923843e-1,3.829038739e-1,1.276346207e0,8.071174622e0,9.435366988e-1
train,205,CCNC(=O)C1CC1C,7.442313671e0,-3.620360047e-2,3.829038739e-1,1.276346207e0,7.406110287e0,4.224671125e-1
train,206,O=CCn1ccnc1O,4.680358410e0,-5.771443844e-1,3.829038739e-1,1.276346207e0,4.103214264e0,-2.165310383e0
train,207,C#CC(C)(O)C1COC1,7.499457359e0,3.508728743e-1,3.829038739e-1,1.276346207e0,7.850330353e0,7.705079913e-1
train,208,O=C(CO)C1(O)COC1,6.206917286e0,2.980551422e-1,3.829038739e-1,1.276346207e0,6.504972458e0,-2.835630476e-1
train,209,COC(C=O)CC1CO1,5.793303967e0,7.329265475e-1,3.829038739e-1,1.276346207e0,6.526230335e0,-2.669077516e-1
train,210,CC1C2C(=O)C1(C)C2C,6.694001198e0,6.146233082e-1,3.829038739e-1,1.276346207e0,7.308624268e0,3.460880518e-1
train,211,CC1C(O)C1(O)C(N)=O,7.317142010e0,4.053073823e-1,3.829038739e-1,1.276346207e0,7.722449303e0,6.703147888e-1
train,212,N#CCN1CC(O)C1=O,6.990605354e0,-1.082910001e-1,3.829038739e-1,1.276346207e0,6.882314205e0,1.207947731e-2
train,213,CC1CC12CC=CCC2,7.308978081e0,-2.936390936e-1,3.829038739e-1,1.276346207e0,7.015338898e0,1.163026541e-1
train,214,CCN(C)C(=O)N1CC1,7.464083195e0,-2.535131574e-1,3.829038739e-1,1.276346207e0,7.210569859e0,2.692636549e-1
train,215,CCOCC1CN1C=O,7.074960232e0,-1.026134342e-1,3.829038739e-1,1.276346207e0,6.972346783e0,8.261886984e-2
train,216,[NH-]C1NC23CCC2OC13,6.582434177e0,2.488778383e-1,3.829038739e-1,1.276346207e0,6.831312180e0,-2.787997015e-2
train,217,CC1C=C2COC2C1=O,5.798746109e0,1.115939915e-1,3.829038739e-1,1.276346207e0,5.910340309e0,-7.494498491e-1
train,218,CC12CC(C=O)C[NH+]1C2,5.782419682e0,9.953442961e-2,3.829038739e-1,1.276346207e0,5.881954193e0,-7.716900110e-1
train,219,CCC1(OC)CC1,8.987920761e0,-5.920749903e-1,3.829038739e-1,1.276346207e0,8.395845413e0,1.197912216e0
train,220,COCCn1ccnc1,6.889922619e0,6.402994692e-2,3.829038739e-1,1.276346207e0,6.953952789e0,6.820740551e-2
train,221,O=Cc1nc[nH]c(=O)n1,4.405523300e0,1.512082061e-3,3.829038739e-1,1.276346207e0,4.407035351e0,-1.927270412e0
train,222,C1CC23COCC2OC13,8.391991615e0,-4.907425344e-1,3.829038739e-1,1.276346207e0,7.901248932e0,8.104020357e-1
train,223,CC1NCCNC1=O,7.045027256e0,4.068317115e-1,3.829038739e-1,1.276346207e0,7.451858997e0,4.583106637e-1
train,224,C1CC23COC(C2)OC13,8.987920761e0,-4.065755010e-1,3.829038739e-1,1.276346207e0,8.581345558e0,1.343249202e0
train,225,COC1CCC=CC1=O,4.786482811e0,4.157250822e-1,3.829038739e-1,1.276346207e0,5.202208042e0,-1.304262638e0
train,226,OC1CC12CC1CC2O1,8.617846489e0,-8.512625843e-2,3.829038739e-1,1.276346207e0,8.532720566e0,1.305152178e0
train,227,CNC(=O)C1CC1(C)O,7.455919266e0,5.764800906e-1,3.829038739e-1,1.276346207e0,8.032399178e0,9.131566286e-1
train,228,Nc1cc(F)oc(=O)n1,5.793303967e0,-3.538992628e-2,3.829038739e-1,1.276346207e0,5.757914066e0,-8.688738942e-1
train,229,O=CC1OC12COC2,5.869495869e0,-5.547598600e-1,3.829038739e-1,1.276346207e0,5.314735889e0,-1.216098428e0
train,230,Cc1nc(C=O)[nH]c1C,4.764713764e0,-5.036065578e-1,3.829038739e-1,1.276346207e0,4.261107445e0,-2.041603088e0
train,231,C1=CC2OC3CC2C1O3,6.666789532e0,5.775138736e-1,3.829038739e-1,1.276346207e0,7.244303226e0,2.956933379e-1
train,232,Cc1cncnc1,5.711669922e0,9.260364622e-2,3.829038739e-1,1.276346207e0,5.804273605e0,-8.325517774e-1
train,233,CC(O)C1(O[CH+][NH-])CC1,7.502179146e0,3.670828342e-1,3.829038739e-1,1.276346207e0,7.869261742e0,7.853404880e-1
train,234,C#CC12COCC1C2,7.842320919e0,2.337278575e-1,3.829038739e-1,1.276346207e0,8.076048851e0,9.473555684e-1
train,235,O=CNC1CC2CC21O,6.879037857e0,-1.049337909e-1,3.829038739e-1,1.276346207e0,6.774104118e0,-7.270176709e-2
train,236,C#CCC12C=CCC1N2,6.759308338e0,-4.504010379e-1,3.829038739e-1,1.276346207e0,6.308907509e0,-4.371774495e-1
train,237,CC12NC1CC(O)C2=O,5.428671360e0,-3.959157765e-1,3.829038739e-1,1.276346207e0,5.032755375e0,-1.437026620e0
train,238,N#CCC12NC1C1NC12,6.487194061e0,1.129431129e-1,3.829038739e-1,1.276346207e0,6.600137234e0,-2.090026289e-1
train,239,CC1C(O)C2CC1(C)O2,8.204232216e0,3.947458863e-1,3.829038739e-1,1.276346207e0,8.598978043e0,1.357064009e0
train,240,CC1CC1OCC(N)=O,7.630072594e0,3.255345300e-2,3.829038739e-1,1.276346207e0,7.662626266e0,6.234441996e-1
train,241,CCc1cc(OC)c[nH]1,6.321204662e0,-1.016926467e-1,3.829038739e-1,1.276346207e0,6.219511986e0,-5.072177052e-1
train,242,CC1CC(O)(C#N)CO1,7.630072594e0,2.692823410e-1,3.829038739e-1,1.276346207e0,7.899354935e0,8.089181185e-1
train,243,CC1(C#N)CNC(N)[NH2+]1,7.064075947e0,2.418929040e-1,3.829038739e-1,1.276346207e0,7.305968761e0,3.440074921e-1
train,244,NC(=O)c1coc(=O)[nH]1,5.126625061e0,-3.552403450e-1,3.829038739e-1,1.276346207e0,4.771384716e0,-1.641807199e0
train,245,NC1[NH2+]CC(=O)C12CN2,5.352479935e0,2.753625214e-1,3.829038739e-1,1.276346207e0,5.627842426e0,-9.707834125e-1
train,246,Nc1c[nH]c2cc[nH]c12,5.513026714e0,-2.694737315e-1,3.829038739e-1,1.276346207e0,5.243553162e0,-1.271869183e0
train,247,CC1C2OCC12CC#N,7.434150696e0,3.995906711e-1,3.829038739e-1,1.276346207e0,7.833741188e0,7.575105429e-1
train,248,CCC1C(=O)CC1C,5.967456818e0,-4.603195935e-2,3.829038739e-1,1.276346207e0,5.921424866e0,-7.407652736e-1
train,249,CCC12CC[NH+]1C2C=O,5.589218616e0,4.827998579e-1,3.829038739e-1,1.276346207e0,6.072018623e0,-6.227769256e-1
train,250,NC(=O)CCOC1CC1,7.466804028e0,-2.410184592e-1,3.829038739e-1,1.276346207e0,7.225785732e0,2.811850905e-1
train,251,O=CN1CC(CO)C1=O,5.896707535e0,-1.058032513e-1,3.829038739e-1,1.276346207e0,5.790904045e0,-8.430266976e-1
train,252,O=CC12C[NH+]1CC21CN1,5.230028629e0,-3.074588776e-1,3.829038739e-1,1.276346207e0,4.922569752e0,-1.523355722e0
train,253,CCOC1COC1(C)C,8.726691246e0,6.400026083e-1,3.829038739e-1,1.276346207e0,9.366693497e0,1.958559394e0
train,254,COC1(C)CC(C#N)C1,7.918513298e0,-4.748089314e-1,3.829038739e-1,1.276346207e0,7.443704605e0,4.519217908e-1
train,255,CCCOc1cn[nH]c1,6.326647282e0,4.607561231e-1,3.829038739e-1,1.276346207e0,6.787403584e0,-6.228180230e-2
train,256,OCc1ccccc1F,6.356579781e0,4.937442243e-1,3.829038739e-1,1.276346207e0,6.850324154e0,-1.298432611e-2
train,257,C#Cc1nc(N)n[nH]1,5.074923515e0,4.058215320e-1,3.829038739e-1,1.276346207e0,5.480744839e0,-1.086032510e0
train,258,Nc1cc(CCO)on1,6.362021923e0,-2.382861078e-1,3.829038739e-1,1.276346207e0,6.123735905e0,-5.822570920e-1
train,259,CC1COCC(C=O)O1,5.676295280e0,1.470414400e-1,3.829038739e-1,1.276346207e0,5.823336601e0,-8.176161647e-1
train,260,C#CCC1[NH2+]C2CC2O1,6.947066307e0,1.850336939e-1,3.829038739e-1,1.276346207e0,7.132100105e0,2.077835947e-1
train,261,[NH-][CH+]Oc1ccc(N)[nH]1,5.499421120e0,-4.089236259e-1,3.829038739e-1,1.276346207e0,5.090497494e0,-1.391786456e0
train,262,CC1CC2CC(=O)C2C1,5.864053726e0,-3.660769165e-1,3.829038739e-1,1.276346207e0,5.497976780e0,-1.072531462e0
train,263,C#CCNc1cnn[nH]1,6.277666569e0,2.154442817e-1,3.829038739e-1,1.276346207e0,6.493110657e0,-2.928566039e-1
train,264,OC1C2CC2C2COC12,8.337568283e0,1.580927968e-1,3.829038739e-1,1.276346207e0,8.495660782e0,1.276116252e0
train,265,O=C1CC2C1C2C1CC1,6.247734070e0,3.904985785e-1,3.829038739e-1,1.276346207e0,6.638232708e0,-1.791553050e-1
train,266,O=CC1C[NH+]1C1CC1O,5.461325169e0,-7.098731399e-2,3.829038739e-1,1.276346207e0,5.390337944e0,-1.156865120e0
train,267,CC1OC2(C)C(=O)CC12,5.496700287e0,-4.138779640e-1,3.829038739e-1,1.276346207e0,5.082822323e0,-1.397799850e0
train,268,CC[NH+]1C(C=O)C2CC21,5.020500660e0,6.938112378e-1,3.829038739e-1,1.276346207e0,5.714312077e0,-9.030355215e-1
train,269,[H]N=C(NC=O)OCCO,6.204195976e0,1.020104647e0,3.829038739e-1,1.276346207e0,7.224300385e0,2.800213397e-1
train,270,N#CC(O)CC1CCC1,8.307636261e0,-8.608785272e-1,3.829038739e-1,1.276346207e0,7.446757793e0,4.543139338e-1
train,271,CCc1nc(O)c(O)[nH]1,5.801467419e0,1.158399787e-2,3.829038739e-1,1.276346207e0,5.813051224e0,-8.256746531e-1
train,272,C#CC(=O)N1CC1C#C,5.834120750e0,3.325462043e-1,3.829038739e-1,1.276346207e0,6.166666985e0,-5.486211181e-1
train,273,N1C2C3NC2C2OC2C13,7.638236046e0,4.243547022e-1,3.829038739e-1,1.276346207e0,8.062590599e0,9.368112087e-1
train,274,CCOC1CC(C=O)C1,6.193311214e0,3.634192050e-1,3.829038739e-1,1.276346207e0,6.556730270e0,-2.430114448e-1
train,275,CC1(C(N)=O)C2COC21,7.142988205e0,6.025288105e-1,3.829038739e-1,1.276346207e0,7.745516777e0,6.883878708e-1
train,276,OCC(O)C1CC(O)C1,8.555259705e0,3.852598369e-2,3.829038739e-1,1.276346207e0,8.593785286e0,1.352995515e0
train,277,Cc1occc1C1CO1,6.277666569e0,-4.204008579e-1,3.829038739e-1,1.276346207e0,5.857265472e0,-7.910333276e-1
train,278,CC(C)C(=O)OCC#N,7.679053307e0,8.321085013e-3,3.829038739e-1,1.276346207e0,7.687374592e0,6.428341866e-1
train,279,CC#CC(=O)C#CC#N,4.696685314e0,4.069923460e-1,3.829038739e-1,1.276346207e0,5.103677750e0,-1.381459832e0
train,280,O=CC(=O)C1CC(O)C1,4.212322235e0,-2.389638871e-1,3.829038739e-1,1.276346207e0,3.973358393e0,-2.267050743e0
train,281,CNc1[cH-]c(=O)oc1[NH-],4.778319359e0,3.436733186e-1,3.829038739e-1,1.276346207e0,5.121992588e0,-1.367110372e0
train,282,CN1C(=O)CNC1[NH-],6.647741318e0,-2.012880594e-1,3.829038739e-1,1.276346207e0,6.446453094e0,-3.294122219e-1
train,283,CC#CC(C)C(C)C#N,7.820552349e0,7.769565564e-3,3.829038739e-1,1.276346207e0,7.828321934e0,7.532646656e-1
train,284,O=C1COC12C1CC2N1,5.162000179e0,5.331138968e-1,3.829038739e-1,1.276346207e0,5.695114136e0,-9.180768728e-1
train,285,[NH-][CH+]OC1CNC1C=O,5.589218616e0,-5.786696672e-1,3.829038739e-1,1.276346207e0,5.010549068e0,-1.454424977e0
train,286,CC1CCCC=C1C#N,6.087186813e0,-3.735195398e-1,3.829038739e-1,1.276346207e0,5.713667393e0,-9.035406113e-1
train,287,CCC1OC(C)C2CC12,9.102209091e0,-5.780911446e-2,3.829038739e-1,1.276346207e0,9.044400215e0,1.706046700e0
train,288,CC(C)C(C#N)CC=O,6.125282764e0,6.112011671e-1,3.829038739e-1,1.276346207e0,6.736484051e0,-1.021766141e-1
train,289,CC#CC(C)C(N)=O,7.322584152e0,-3.135079741e-1,3.829038739e-1,1.276346207e0,7.009076118e0,1.113958433e-1
train,290,CC1OC2CCC1CC2,8.242328644e0,1.726342142e-1,3.829038739e-1,1.276346207e0,8.414962769e0,1.212890387e0
train,291,C1OC1C12CC3C1[NH+]3C2,8.411039352e0,3.731568754e-1,3.829038739e-1,1.276346207e0,8.784195900e0,1.502179861e0
train,292,N#CC(=O)c1cn[nH]c1,5.224586010e0,-7.827389240e-1,3.829038739e-1,1.276346207e0,4.441846848e0,-1.899996042e0
train,293,N#CC12CC1CC21CO1,7.670889378e0,8.285396099e-1,3.829038739e-1,1.276346207e0,8.499428749e0,1.279068351e0
train,294,CC1=CC(=O)COC1C,4.895328522e0,1.774789765e-2,3.829038739e-1,1.276346207e0,4.913076401e0,-1.530793548e0
train,295,O=Cc1ccc(=O)oc1,4.936145306e0,-5.001640916e-1,3.829038739e-1,1.276346207e0,4.435981274e0,-1.904591680e0
train,296,Cc1c(F)cn[nH]c1=O,4.966077805e0,-2.681474090e-1,3.829038739e-1,1.276346207e0,4.697930336e0,-1.699357867e0
train,297,CN1CC(C(N)=O)C1=O,7.047749043e0,4.196094871e-1,3.829038739e-1,1.276346207e0,7.467358589e0,4.704543948e-1
train,298,C#CC12COC1(C)CN2,6.704885483e0,-1.844239086e-1,3.829038739e-1,1.276346207e0,6.520461559e0,-2.714275122e-1
train,299,CC12CC1[NH+]1CC1CO2,8.138925552e0,1.003726602e0,3.829038739e-1,1.276346207e0,9.142652512e0,1.783026099e0
train,300,C[NH+]1C2C3(O)CC2(O)C13,7.570207596e0,8.630635589e-2,3.829038739e-1,1.276346207e0,7.656514168e0,6.186554432e-1
train,301,[NH-]c1cc(CO)nn[nH+]1,4.470830441e0,5.451009870e-1,3.829038739e-1,1.276346207e0,5.015931606e0,-1.450207829e0
train,302,COC1C(C)C1CC#N,8.089944839e0,3.823334575e-1,3.829038739e-1,1.276346207e0,8.472278595e0,1.257796645e0
train,303,COCC(=O)C1CC1C,6.283109188e0,1.040080264e-1,3.829038739e-1,1.276346207e0,6.387117386e0,-3.759010136e-1
train,304,C#CCC1=CC2OC2C1,6.568828583e0,-6.567500830e-1,3.829038739e-1,1.276346207e0,5.912078381e0,-7.480881214e-1
train,305,N#Cc1ncon1,6.590597630e0,-4.343561530e-1,3.829038739e-1,1.276346207e0,6.156241417e0,-5.567894578e-1
train,306,N#CC12CC3CC1[NH+]3C2,7.314420223e0,3.542785048e-1,3.829038739e-1,1.276346207e0,7.668698788e0,6.282019019e-1
train,307,CC(=NC1CC1)NC=O,5.918476582e0,-7.040703893e-1,3.829038739e-1,1.276346207e0,5.214406013e0,-1.294705629e0
train,308,O=CC12C[NH+](CC1=O)C2,5.317104816e0,-2.498052120e-1,3.829038739e-1,1.276346207e0,5.067299843e0,-1.409961462e0
train,309,CC(C)CC#CCC=O,5.948409081e0,3.552236259e-1,3.829038739e-1,1.276346207e0,6.303632736e0,-4.413101971e-1
train,310,CC1C2CC3(C)OC1C23,8.547096252e0,-1.469029672e-2,3.829038739e-1,1.276346207e0,8.532405853e0,1.304905534e0
train,311,CC1C2C(C=O)C3C2[NH+]13,6.163379192e0,-5.047757626e-1,3.829038739e-1,1.276346207e0,5.658603668e0,-9.466823339e-1
train,312,O=CCCC1CCOC1,6.070860386e0,1.827034205e-1,3.829038739e-1,1.276346207e0,6.253563881e0,-4.805384874e-1
train,313,O=COC1CC(=O)C1,6.008274078e0,1.919911504e-1,3.829038739e-1,1.276346207e0,6.200265408e0,-5.222972035e-1
train,314,O=CN1C(=O)NC2CC21,6.484473228e0,5.676788092e-1,3.829038739e-1,1.276346207e0,7.052152157e0,1.451453716e-1
train,315,Cn1nccc1CO,6.976998806e0,-3.606721461e-1,3.829038739e-1,1.276346207e0,6.616326809e0,-1.963182986e-1
train,316,OCC1=CCOC12CC2,6.285830498e0,-2.285982668e-1,3.829038739e-1,1.276346207e0,6.057232380e0,-6.343617439e-1
train,317,C1C2C[NH+]1CC1(CC1)O2,8.177021980e0,5.876021981e-1,3.829038739e-1,1.276346207e0,8.764624596e0,1.486845970e0
train,318,O=C1C2CCCCC1O2,6.054533005e0,6.689350605e-1,3.829038739e-1,1.276346207e0,6.723467827e0,-1.123746634e-1
train,319,C[NH+]1CC(OCC=O)C1,5.194653511e0,-3.533328176e-1,3.829038739e-1,1.276346207e0,4.841320515e0,-1.587013483e0
train,320,CCCN(C)C(=O)C#N,5.940245628e0,2.292438149e-1,3.829038739e-1,1.276346207e0,6.169489384e0,-5.464097857e-1
train,321,CC1COCC=C1C#N,6.043648720e0,-4.895751178e-2,3.829038739e-1,1.276346207e0,5.994691372e0,-6.833618879e-1
train,322,N#CCC1NC1C1CN1,7.749802589e0,-4.890039563e-1,3.829038739e-1,1.276346207e0,7.260798454e0,3.086171448e-1
train,323,C#CC(=O)CC#N,5.725275517e0,9.186216444e-2,3.829038739e-1,1.276346207e0,5.817137718e0,-8.224729300e-1
train,324,CC1(C)C2C3OC3C21C,7.657283783e0,2.295425236e-1,3.829038739e-1,1.276346207e0,7.886826515e0,7.991022468e-1
train,325,CC(O)C1C=CCOC1,6.849106312e0,4.214580655e-1,3.829038739e-1,1.276346207e0,7.270564556e0,3.162687421e-1
train,326,OC12CC(C1)C1(CO1)C2,9.001525879e0,-3.685822487e-1,3.829038739e-1,1.276346207e0,8.632944107e0,1.383676052e0
train,327,C1OC1C1C2COC21,8.538932800e0,2.921321690e-1,3.829038739e-1,1.276346207e0,8.831065178e0,1.538901329e0
train,328,ONC1C=CN2CCC12,4.751108170e0,-4.644627273e-1,3.829038739e-1,1.276346207e0,4.286645412e0,-2.021594286e0
train,329,CC1C2C3C(O)C2C13C,8.525327682e0,1.406533271e-1,3.829038739e-1,1.276346207e0,8.665981293e0,1.409560204e0
train,330,N#CC1CC=CCN1,6.789240837e0,-5.667000413e-1,3.829038739e-1,1.276346207e0,6.222540855e0,-5.048446655e-1
train,331,CC#CCC1(C)COC1,7.953887463e0,-2.599604726e-1,3.829038739e-1,1.276346207e0,7.693926811e0,6.479677558e-1
train,332,CC(C)c1n[nH]c(=O)[nH]1,6.571549892e0,6.576648355e-1,3.829038739e-1,1.276346207e0,7.229214668e0,2.838716209e-1
train,333,O=C1NC2CC1C2,7.069517612e0,-5.122741461e-1,3.829038739e-1,1.276346207e0,6.557243347e0,-2.426094562e-1
train,334,OCC1(O)CC2OCC21,8.119877815e0,3.406093121e-1,3.829038739e-1,1.276346207e0,8.460487366e0,1.248558283e0
train,335,N#CCC12C3C4C(C31)[NH+]42,6.887201786e0,-4.529285431e-1,3.829038739e-1,1.276346207e0,6.434273243e0,-3.389549851e-1
train,336,CC12CC1CC2(N)C#N,7.611024857e0,-7.478213310e-1,3.829038739e-1,1.276346207e0,6.863203526e0,-2.893500496e-3
train,337,COC12CCC1NC2=O,6.830057621e0,-2.635774016e-1,3.829038739e-1,1.276346207e0,6.566480160e0,-2.353725284e-1
train,338,CCC(=NO)C1CCC1,6.794682980e0,-1.933303922e-1,3.829038739e-1,1.276346207e0,6.601352692e0,-2.080503404e-1
train,339,C1CC1C12COC(C1)C2,8.781113625e0,-2.325432450e-1,3.829038739e-1,1.276346207e0,8.548570633e0,1.317570448e0
train,340,[NH-]C1CC(C=O)O1,6.046370029e0,-2.931451797e-1,3.829038739e-1,1.276346207e0,5.753224850e0,-8.725478649e-1
train,341,CCC1CC(C#N)N1,7.219180584e0,4.366438389e-1,3.829038739e-1,1.276346207e0,7.655824661e0,6.181151867e-1
train,342,Nc1cc(F)ccc1F,5.616430283e0,5.190276727e-2,3.829038739e-1,1.276346207e0,5.668333054e0,-9.390594959e-1
train,343,O=COC12CCOC1C2,6.669510841e0,9.222754240e-1,3.829038739e-1,1.276346207e0,7.591786385e0,5.679420233e-1
train,344,C#CC1OC2CC1(O)C2,7.488573551e0,-3.378145695e-1,3.829038739e-1,1.276346207e0,7.150758743e0,2.224023938e-1
train,345,N#CC12NC3C1COC32,7.140267849e0,-4.472383261e-1,3.829038739e-1,1.276346207e0,6.693029404e0,-1.362227798e-1
train,346,CCC12OCC1C2C#N,7.719869614e0,-3.198115230e-1,3.829038739e-1,1.276346207e0,7.400058270e0,4.177254438e-1
train,347,CC1CCC2(CO2)C1=O,5.556564808e0,1.385475993e-1,3.829038739e-1,1.276346207e0,5.695112228e0,-9.180783629e-1
train,348,CC12C3OC4C[NH+]1C2C43,7.853205681e0,-1.491196901e-1,3.829038739e-1,1.276346207e0,7.704085827e0,6.559272408e-1
train,349,C#CC12C[NH+]1C(C)C2O,6.895365238e0,-2.806845009e-1,3.829038739e-1,1.276346207e0,6.614680767e0,-1.976079643e-1
train,350,CNC1=N[CH+](C)N=CO1,4.941587925e0,-2.805193961e-1,3.829038739e-1,1.276346207e0,4.661068439e0,-1.728238702e0
train,351,CCC1CC1C(O)C#N,8.247770309e0,-8.271318674e-2,3.829038739e-1,1.276346207e0,8.165057182e0,1.017092466e0
train,352,CC1=CC2CC1OC2[NH-],6.449098587e0,1.309390664e-1,3.829038739e-1,1.276346207e0,6.580037594e0,-2.247504443e-1
train,353,COCC12CCC1N2,9.148468018e0,1.332172006e-2,3.829038739e-1,1.276346207e0,9.161789894e0,1.798020005e0
train,354,CCC1NC2(C#N)CC12,6.642299175e0,-1.126039326e-1,3.829038739e-1,1.276346207e0,6.529695034e0,-2.641932070e-1
train,355,C#CC(=O)C1OC1CO,5.347037315e0,-6.408079714e-2,3.829038739e-1,1.276346207e0,5.282956600e0,-1.240997076e0
train,356,CCC(O)C(C)(C)CO,8.879075050e0,-6.202724576e-1,3.829038739e-1,1.276346207e0,8.258802414e0,1.090540648e0
train,357,COCC1(C)C(C)C1O,8.587913513e0,-5.038067698e-1,3.829038739e-1,1.276346207e0,8.084106445e0,9.536685944e-1
train,358,NC1[NH2+]CC23CCC12O3,6.645020485e0,1.948056221e-1,3.829038739e-1,1.276346207e0,6.839826107e0,-2.120941319e-2
train,359,C[NH+]1C(C=O)C2CC21,5.020500660e0,-2.989025712e-1,3.829038739e-1,1.276346207e0,4.721598148e0,-1.680814385e0
train,360,N#CC12CC3[NH+]1CC32N,6.917134762e0,3.411850035e-1,3.829038739e-1,1.276346207e0,7.258319855e0,3.066751659e-1
train,361,C[NH2+]C1OCC2CC21C,7.377007008e0,-2.051835507e-1,3.829038739e-1,1.276346207e0,7.171823502e0,2.389063686e-1
train,362,Cn1cc(O)nc1C=O,4.364706516e0,-5.499338508e-1,3.829038739e-1,1.276346207e0,3.814772606e0,-2.391300917e0
train,363,C#CC[NH+]1CCC(=O)C1,5.363364220e0,-1.943893135e-1,3.829038739e-1,1.276346207e0,5.168974876e0,-1.330300331e0
train,364,N#CC[NH+]1CC(C#N)C1,7.238228798e0,-5.106065273e-1,3.829038739e-1,1.276346207e0,6.727622032e0,-1.091198996e-1
train,365,O=C1CC23CC(C2O)C13,5.959293365e0,5.783006549e-1,3.829038739e-1,1.276346207e0,6.537593842e0,-2.580046058e-1
train,366,O=CC1NC2[NH2+]CCC12,5.164721012e0,9.510551393e-2,3.829038739e-1,1.276346207e0,5.259826660e0,-1.259119153e0
train,367,C#CC#CC#CCO,4.887165070e0,-2.984225154e-1,3.829038739e-1,1.276346207e0,4.588742733e0,-1.784904957e0
train,368,OCC(O)c1cc[nH]n1,6.824615955e0,-3.714250922e-1,3.829038739e-1,1.276346207e0,6.453190804e0,-3.241333067e-1
train,369,CCC(C)CCC1CO1,9.415139198e0,-2.575798929e-1,3.829038739e-1,1.276346207e0,9.157559395e0,1.794705510e0
train,370,CC[NH2+]C1COC(=O)N1,6.906250000e0,-6.937994957e-1,3.829038739e-1,1.276346207e0,6.212450504e0,-5.127503276e-1
train,371,C#CC1(C)C(C)N1C=O,6.862711906e0,-2.105275691e-1,3.829038739e-1,1.276346207e0,6.652184486e0,-1.682242602e-1
train,372,CC12C3NC1C2C3C#N,7.371564865e0,5.125535131e-1,3.829038739e-1,1.276346207e0,7.884118557e0,7.969806194e-1
train,373,C1NC1C12CC3C[NH+]1C32,8.334847450e0,-6.189901233e-1,3.829038739e-1,1.276346207e0,7.715857506e0,6.651501656e-1
train,374,C#CCC(=O)OCC=O,6.253176689e0,-1.093912753e-3,3.829038739e-1,1.276346207e0,6.252082825e0,-4.816989005e-1
train,375,C[NH+]1C(C=O)CC1CO,5.491257668e0,-1.804526299e-1,3.829038739e-1,1.276346207e0,5.310804844e0,-1.219178319e0
train,376,[NH-]C1OC2C3C(=O)C1C23,6.283109188e0,-1.189101934e-1,3.829038739e-1,1.276346207e0,6.164198875e0,-5.505548716e-1
train,377,CC1C2CCC(=O)C12,6.073581219e0,3.504340947e-1,3.829038739e-1,1.276346207e0,6.424015522e0,-3.469917774e-1
train,378,CNC1COCOC1=O,6.302156925e0,-1.501433253e-1,3.829038739e-1,1.276346207e0,6.152013779e0,-5.601017475e-1
train,379,CC1C2(O)COC12CO,7.923955917e0,2.084839940e-1,3.829038739e-1,1.276346207e0,8.132439613e0,9.915370345e-1
train,380,C1=C2CCOC2OCC1,6.903528214e0,4.387073517e-1,3.829038739e-1,1.276346207e0,7.342235565e0,3.724220693e-1
train,381,O=CCCc1cn[nH]c1,5.866774559e0,-2.683191001e-1,3.829038739e-1,1.276346207e0,5.598455429e0,-9.938077331e-1
train,382,CC1=CC2OCCC1O2,6.846384525e0,-1.871334761e-1,3.829038739e-1,1.276346207e0,6.659251213e0,-1.626875699e-1
train,383,C#CCC(C)CCCO,8.536211014e0,1.530284155e-2,3.829038739e-1,1.276346207e0,8.551513672e0,1.319876313e0
train,384,CC1(OC=O)CCC1O,7.423265934e0,1.631588787e-1,3.829038739e-1,1.276346207e0,7.586424828e0,5.637413263e-1
train,385,COC(=O)NC1CC1C,8.174300194e0,-2.624983490e-1,3.829038739e-1,1.276346207e0,7.911801815e0,8.186700940e-1
train,386,[NH-]C1OC2CCC1CO2,7.809667587e0,-6.232717540e-3,3.829038739e-1,1.276346207e0,7.803434849e0,7.337659001e-1
train,387,C[NH2+]C1NC(C)(C)CO1,7.602860928e0,-6.304763556e-1,3.829038739e-1,1.276346207e0,6.972384453e0,8.264838159e-2
train,388,C1=NCc2ncoc2N1,5.368806362e0,-2.710747123e-1,3.829038739e-1,1.276346207e0,5.097731590e0,-1.386118531e0
train,389,COC1CC2C(=O)CC12,6.019158840e0,-3.072232008e-1,3.829038739e-1,1.276346207e0,5.711935520e0,-9.048975110e-1
train,390,CCCC1(C)C[NH2+][CH+]O1,7.412381172e0,-5.003711581e-1,3.829038739e-1,1.276346207e0,6.912010193e0,3.534591198e-2
train,391,C#CC12C(=O)NC1C2O,6.631414413e0,-4.636969566e-1,3.829038739e-1,1.276346207e0,6.167717457e0,-5.477980971e-1
train,392,C#CC1CC1(O)CC=O,5.978341103e0,-2.518452406e-1,3.829038739e-1,1.276346207e0,5.726495743e0,-8.934897780e-1
train,393,C#Cc1c[nH]c(C#N)c1,5.425950050e0,-8.940074444e-1,3.829038739e-1,1.276346207e0,4.531942368e0,-1.829407334e0
train,394,Oc1cnc2n1[CH+]C=[NH+]2,5.796025276e0,-1.874525696e-1,3.829038739e-1,1.276346207e0,5.608572483e0,-9.858811498e-1
train,395,O=C1C(O)C2C3OC1C32,5.521190166e0,1.283716857e-1,3.829038739e-1,1.276346207e0,5.649561882e0,-9.537664652e-1
train,396,Nc1cnc(F)[nH]c1=O,4.808251858e0,3.861899674e-1,3.829038739e-1,1.276346207e0,5.194441795e0,-1.310347319e0
train,397,CCC1(C(C)C)CCC1,9.502216339e0,-8.829018474e-2,3.829038739e-1,1.276346207e0,9.413926125e0,1.995565653e0
train,398,OC1CNc2nnoc21,4.876280308e0,-7.529944181e-2,3.829038739e-1,1.276346207e0,4.800981045e0,-1.618618846e0
train,399,CCn1nnc(C#N)n1,6.645020485e0,1.048043147e-1,3.829038739e-1,1.276346207e0,6.749825001e0,-9.172414988e-2
train,400,COC(=O)C1C2CCC21,7.273603439e0,-1.098349616e-1,3.829038739e-1,1.276346207e0,7.163768291e0,2.325952202e-1
train,401,C1c2nnoc2C2CC12,5.553843975e0,-1.870463789e-1,3.829038739e-1,1.276346207e0,5.366797447e0,-1.175308824e0
train,402,CCn1nnc(N)c1N,6.166100025e0,1.576090753e-1,3.829038739e-1,1.276346207e0,6.323709011e0,-4.255806804e-1
train,403,OC1C=CCCCOC1,6.898086548e0,-1.226683855e-1,3.829038739e-1,1.276346207e0,6.775418282e0,-7.167213410e-2
train,404,C#CC(=NO)C(C)C,5.692621708e0,-4.217235744e-1,3.829038739e-1,1.276346207e0,5.270898342e0,-1.250444651e0
train,405,COc1noc(N)c1N,6.468146324e0,3.611116707e-1,3.829038739e-1,1.276346207e0,6.829257965e0,-2.948942035e-2
train,406,CC(=O)CC1CC(C)C1,6.342973709e0,4.845634103e-1,3.829038739e-1,1.276346207e0,6.827537060e0,-3.083772771e-2
train,407,C#Cc1n[nH]cc1C,6.098071575e0,-1.141585484e-1,3.829038739e-1,1.276346207e0,5.983912945e0,-6.918066144e-1
train,408,CCC1C(O)C1CC,8.296751022e0,-7.031801343e-1,3.829038739e-1,1.276346207e0,7.593570709e0,5.693399906e-1
train,409,CC(O)CC(C=O)C=O,5.717112064e0,-4.461606443e-1,3.829038739e-1,1.276346207e0,5.270951271e0,-1.250403166e0
train,410,CCc1onc(O)c1C,6.694001198e0,1.403464377e-1,3.829038739e-1,1.276346207e0,6.834347725e0,-2.550165728e-2
train,411,CCOc1ncco1,6.688558578e0,-1.625981927e-1,3.829038739e-1,1.276346207e0,6.525960445e0,-2.671192288e-1
train,412,C1NC1C12CC3CC1[NH+]32,8.421924591e0,-2.401301116e-1,3.829038739e-1,1.276346207e0,8.181794167e0,1.030205727e0
train,413,COC1(C(O)CO)CC1,8.000147820e0,4.819663167e-1,3.829038739e-1,1.276346207e0,8.482113838e0,1.265502334e0
train,414,C#CC1(C(C)=O)CC1,6.217801571e0,3.592190742e-1,3.829038739e-1,1.276346207e0,6.577020645e0,-2.271141857e-1
train,415,CC1CC2OC1C2(C)C,8.811046600e0,2.380298376e-1,3.829038739e-1,1.276346207e0,9.049076080e0,1.709710121e0
train,416,CC1COCC1(C)C#N,8.182463646e0,2.251826972e-1,3.829038739e-1,1.276346207e0,8.407646179e0,1.207157969e0
train,417,COC1CC=CC(=O)C1,5.164721012e0,8.688393235e-2,3.829038739e-1,1.276346207e0,5.251605034e0,-1.265560627e0
train,418,O=CNCC1C[NH2+][CH+]O1,7.257276535e0,1.764455289e-1,3.829038739e-1,1.276346207e0,7.433722019e0,4.441005588e-1
train,419,Cc1nc2c(o1)CCN2,5.349758625e0,-8.269335330e-2,3.829038739e-1,1.276346207e0,5.267065048e0,-1.253447890e0
train,420,CC1=CC(C)OCC1O,6.936182499e0,4.212537408e-1,3.829038739e-1,1.276346207e0,7.357436180e0,3.843315840e-1
train,421,CC1(N)CCC1(N)C#N,7.170200348e0,4.153669178e-1,3.829038739e-1,1.276346207e0,7.585567474e0,5.630695820e-1
train,422,O=CC1CC2(CN2)C1O,5.932082176e0,1.769432575e-1,3.829038739e-1,1.276346207e0,6.109025478e0,-5.937825441e-1
train,423,CC1=CC2(CCC1)CO2,6.704885483e0,-3.033453524e-1,3.829038739e-1,1.276346207e0,6.401540279e0,-3.646008670e-1
train,424,CC(C)C(=O)CC=O,5.602824211e0,1.903095394e-1,3.829038739e-1,1.276346207e0,5.793133736e0,-8.412797451e-1
train,425,Nc1nc(N2CC2)co1,6.372906685e0,-4.825802445e-1,3.829038739e-1,1.276346207e0,5.890326500e0,-7.651304007e-1
train,426,CCCC1CC1(O)CO,8.231444359e0,-5.436440706e-1,3.829038739e-1,1.276346207e0,7.687800407e0,6.431677938e-1
train,427,CC1(O)C(=O)COC1[NH-],5.719833374e0,2.278280854e-1,3.829038739e-1,1.276346207e0,5.947661400e0,-7.202092409e-1
train,428,N#CC(N)C12CC[NH+]1C2,7.257276535e0,-2.205682546e-2,3.829038739e-1,1.276346207e0,7.235219479e0,2.885763347e-1
train,429,CO[CH+]Nc1ccn[nH]1,5.162000179e0,-5.127127767e-1,3.829038739e-1,1.276346207e0,4.649287224e0,-1.737469077e0
train,430,C1=CC23COC2C(C1)N3,6.125282764e0,-1.499297172e-1,3.829038739e-1,1.276346207e0,5.975353241e0,-6.985130310e-1
train,431,CC1(O)CCC(O)C1,8.936218262e0,4.476178885e-1,3.829038739e-1,1.276346207e0,9.383835793e0,1.971990228e0
train,432,N#CC12CC(CC1=O)N2,6.030043125e0,-1.155945361e-1,3.829038739e-1,1.276346207e0,5.914448738e0,-7.462309599e-1
train,433,C1C[NH+]2C([NH2+]1)OC1CC12,7.113056660e0,-2.588522732e-1,3.829038739e-1,1.276346207e0,6.854204178e0,-9.944376536e-3
train,434,CC1C2COC(=O)C1O2,6.653183937e0,-2.322668135e-1,3.829038739e-1,1.276346207e0,6.420917034e0,-3.494194150e-1
train,435,CC12COC3C[NH+]1C32C,8.432807922e0,3.151067495e-1,3.829038739e-1,1.276346207e0,8.747914314e0,1.473753691e0
train,436,CC1C(O)C2C3OC3C12,8.397434235e0,2.638606429e-1,3.829038739e-1,1.276346207e0,8.661294937e0,1.405888557e0
train,437,Cc1coc(CN)n1,6.596040249e0,5.281695127e-1,3.829038739e-1,1.276346207e0,7.124209881e0,2.016016990e-1
train,438,CC#CC1(O)CC1CO,7.347074509e0,1.368141919e-2,3.829038739e-1,1.276346207e0,7.360755920e0,3.869325519e-1
train,439,CC12CC1C(C#N)C2O,8.002868652e0,1.560646594e-1,3.829038739e-1,1.276346207e0,8.158933640e0,1.012294769e0
train,440,NC(=O)OCCC1CC1,8.800162315e0,-3.790709972e-1,3.829038739e-1,1.276346207e0,8.421091080e0,1.217691779e0
train,441,CC1=CCOCC1C#N,7.017816544e0,-3.941632509e-1,3.829038739e-1,1.276346207e0,6.623653412e0,-1.905779988e-1
train,442,C1CCCOCCC1,8.748460770e0,-1.816818267e-1,3.829038739e-1,1.276346207e0,8.566779137e0,1.331836581e0
train,443,C[NH+]1CC1(C#N)C1CN1,7.034143448e0,7.611451149e-1,3.829038739e-1,1.276346207e0,7.795288563e0,7.273834348e-1
train,444,CCC1(NC=O)COC1,7.042306423e0,9.285648167e-2,3.829038739e-1,1.276346207e0,7.135162830e0,2.101832032e-1
train,445,N#CCOC12C[NH+](C1)C2,7.254555702e0,2.397204787e-1,3.829038739e-1,1.276346207e0,7.494276047e0,4.915438890e-1
train,446,C#CC1OCC1CC#N,7.325304985e0,1.581276581e-2,3.829038739e-1,1.276346207e0,7.341117859e0,3.715463877e-1
train,447,CC12CC3C1C1C2C31C,8.786556244e0,-2.396948077e-2,3.829038739e-1,1.276346207e0,8.762586594e0,1.485249281e0
train,448,N#CC1CCOCOC1,8.313077927e0,1.199136674e-1,3.829038739e-1,1.276346207e0,8.432991982e0,1.227015972e0
train,449,N#CC1C2C3NC3C[NH+]12,7.039586067e0,1.253115535e-1,3.829038739e-1,1.276346207e0,7.164897442e0,2.334798872e-1
train,450,CNc1c[cH-]c(=O)n1C,4.563349247e0,-4.341666400e-2,3.829038739e-1,1.276346207e0,4.519932747e0,-1.838816762e0
train,451,COC1COCC2NC21,8.269539833e0,-5.005947351e-1,3.829038739e-1,1.276346207e0,7.768945217e0,7.067437172e-1
train,452,O=C1CC2OCC2O1,7.379727840e0,1.140543967e-1,3.829038739e-1,1.276346207e0,7.493782043e0,4.911568463e-1
train,453,O=C1C2C=CC1N2,6.391954422e0,-4.225281179e-1,3.829038739e-1,1.276346207e0,5.969426155e0,-7.031568289e-1
train,454,CC1(O)COC(C)(C)C1,8.168857574e0,2.138534784e-1,3.829038739e-1,1.276346207e0,8.382711411e0,1.187621832e0
train,455,CCC1CC2CC12,9.227380753e0,1.905194223e-1,3.829038739e-1,1.276346207e0,9.417900085e0,1.998679161e0
train,456,CC(C)OC1C2CCC21,8.636894226e0,-6.033433080e-1,3.829038739e-1,1.276346207e0,8.033551216e0,9.140592217e-1
train,457,C#CC(=O)c1cn[nH]c1,5.289893150e0,2.377962917e-1,3.829038739e-1,1.276346207e0,5.527689457e0,-1.049252033e0
train,458,NC(=O)COCC(N)=O,6.269503117e0,2.959894389e-2,3.829038739e-1,1.276346207e0,6.299101830e0,-4.448601007e-1
train,459,C#CC1CC1CC(C)O,7.885859489e0,-1.096061394e-1,3.829038739e-1,1.276346207e0,7.776253223e0,7.124694586e-1
train,460,O=CC12COC3C(C1)C32,5.532074928e0,-3.901196420e-1,3.829038739e-1,1.276346207e0,5.141955376e0,-1.351469755e0
train,461,OC1CCC2C(O)C12,8.302193642e0,2.386461012e-3,3.829038739e-1,1.276346207e0,8.304579735e0,1.126406670e0
train,462,CCC(C#N)C1(C)CO1,8.470904350e0,6.880939603e-1,3.829038739e-1,1.276346207e0,9.158998489e0,1.795832992e0
train,463,CC1[NH+]2CC(O)C12C,7.779735088e0,2.345295809e-2,3.829038739e-1,1.276346207e0,7.803187847e0,7.335724235e-1
train,464,CCC1=CC(C)C(=O)N1,5.817794323e0,1.477264166e-1,3.829038739e-1,1.276346207e0,5.965520859e0,-7.062165737e-1
train,465,CC1(CC(O)C#N)CN1,8.201511383e0,-8.687771112e-2,3.829038739e-1,1.276346207e0,8.114633560e0,9.775862098e-1
train,466,O=CCOC1CC1,6.212359428e0,2.858307064e-1,3.829038739e-1,1.276346207e0,6.498189926e0,-2.888770700e-1
train,467,Cn1cc(N)c(N)n1,5.915755272e0,-6.505142450e-1,3.829038739e-1,1.276346207e0,5.265241146e0,-1.254876971e0
train,468,C1C2[NH+]1CC21CC1,8.313077927e0,-1.643132716e-1,3.829038739e-1,1.276346207e0,8.148764610e0,1.004327416e0
train,469,C1=CC2[NH+]3C1C3C21CN1,5.779698372e0,-2.845261991e-1,3.829038739e-1,1.276346207e0,5.495172024e0,-1.074728966e0
train,470,C#Cc1noc(N)n1,5.828679085e0,1.209408045e-1,3.829038739e-1,1.276346207e0,5.949619770e0,-7.186748981e-1
train,471,CC(=O)C12CC1OC2C,6.089908123e0,2.762811482e-1,3.829038739e-1,1.276346207e0,6.366189480e0,-3.922977746e-1
train,472,CC[NH+]1CC(C)(C#N)C1,7.088566303e0,-2.069174945e-1,3.829038739e-1,1.276346207e0,6.881649017e0,1.155831106e-2
train,473,NC(=O)Cn1nnnn1,6.528011322e0,-1.270406842e-1,3.829038739e-1,1.276346207e0,6.400970459e0,-3.650473058e-1
train,474,CC12CCC3[NH+]1CC32O,8.465462685e0,-1.306649595e-1,3.829038739e-1,1.276346207e0,8.334797859e0,1.150082111e0
train,475,OC12CC1C1(CC1)C2,8.789278030e0,-1.916325837e-1,3.829038739e-1,1.276346207e0,8.597645760e0,1.356020212e0
train,476,O=C1CC2(C3CO3)CC12,6.315762520e0,-8.109346032e-2,3.829038739e-1,1.276346207e0,6.234669209e0,-4.953422248e-1
train,477,CC1OC1(C)C=O,5.981062412e0,5.261265039e-1,3.829038739e-1,1.276346207e0,6.507188797e0,-2.818265557e-1
train,478,OCC1CC=CC=CC1,5.186490059e0,-7.523234189e-2,3.829038739e-1,1.276346207e0,5.111257553e0,-1.375521183e0
train,479,OC1C=CC(C2CO2)C1,7.042306423e0,-1.226757616e-1,3.829038739e-1,1.276346207e0,6.919630527e0,4.131634533e-2
train,480,CC1Cc2ccoc2N1,5.782419682e0,-2.356840521e-1,3.829038739e-1,1.276346207e0,5.546735764e0,-1.034329414e0
train,481,Cc1ccc(N)[nH]c1=O,4.775598526e0,-5.347773433e-1,3.829038739e-1,1.276346207e0,4.240821362e0,-2.057497025e0
train,482,CC(C)C#CCC=O,5.953851223e0,2.858457863e-1,3.829038739e-1,1.276346207e0,6.239696980e0,-4.914030433e-1
train,483,CC(=O)COCC1CN1,6.002831459e0,4.675544202e-1,3.829038739e-1,1.276346207e0,6.470386028e0,-3.106610775e-1
train,484,OCC1C=CCCCO1,6.998768330e0,6.710210443e-1,3.829038739e-1,1.276346207e0,7.669789314e0,6.290563345e-1
train,485,CCC(O)C(=O)C=O,4.280350685e0,-1.079871207e-1,3.829038739e-1,1.276346207e0,4.172363758e0,-2.111132622e0
train,486,CCC(O)C1CCOC1,8.889959335e0,-2.730826437e-1,3.829038739e-1,1.276346207e0,8.616876602e0,1.371087313e0
train,487,C1CC23CC4OC2CC143,8.084503174e0,9.682070613e-1,3.829038739e-1,1.276346207e0,9.052710533e0,1.712557673e0
train,488,O=C1CC2C=CC1CC2,5.801467419e0,-5.761609674e-1,3.829038739e-1,1.276346207e0,5.225306511e0,-1.286165237e0
train,489,CC1(O)CNC1=O,7.303536415e0,3.265854716e-1,3.829038739e-1,1.276346207e0,7.630121708e0,5.979772806e-1
train,490,CC(O)C1OCCC1O,8.318520546e0,-6.825479865e-1,3.829038739e-1,1.276346207e0,7.635972500e0,6.025612950e-1
train,491,OCCCc1nn[nH]n1,6.647741318e0,-1.105315164e-1,3.829038739e-1,1.276346207e0,6.537209988e0,-2.583053410e-1
train,492,CC1C=CCC2(CC2)C1,7.243670940e0,3.407707214e-1,3.829038739e-1,1.276346207e0,7.584441662e0,5.621874928e-1
train,493,O=C1CC(CO)(CO)C1,6.049090862e0,-5.887977481e-1,3.829038739e-1,1.276346207e0,5.460293293e0,-1.102056026e0
train,494,CC12OC1C1CC2C1,9.202890396e0,8.677892685e-1,3.829038739e-1,1.276346207e0,1.007067966e1,2.510123730e0
train,495,COC1(C)C2C=CC1O2,6.236849785e0,1.348515749e-1,3.829038739e-1,1.276346207e0,6.371701241e0,-3.879793584e-1
train,496,CC12C([NH-])OC3C[NH+]1C32,6.952508926e0,2.699886858e-1,3.829038739e-1,1.276346207e0,7.222497463e0,2.786087990e-1
train,497,CCOC([NH-])C1CC1C,7.711706638e0,-6.887757033e-2,3.829038739e-1,1.276346207e0,7.642828941e0,6.079332232e-1
train,498,CCc1cc(N)ncn1,5.989225864e0,3.845443726e-1,3.829038739e-1,1.276346207e0,6.373770237e0,-3.863583207e-1
train,499,c1nc2n(n1)CCCC2,7.191968918e0,3.597139120e-1,3.829038739e-1,1.276346207e0,7.551682949e0,5.365214944e-1
train,500,CC(O)(C#N)C1(O)CC1,7.962051392e0,-3.856623471e-1,3.829038739e-1,1.276346207e0,7.576388836e0,5.558782220e-1
train,501,CC12NC1C1NC12C,7.336189747e0,-2.874475420e-1,3.829038739e-1,1.276346207e0,7.048742294e0,1.424737871e-1
train,502,C1OC(C2CC2)C2CC12,9.115814209e0,-6.025246382e-1,3.829038739e-1,1.276346207e0,8.513289452e0,1.289928079e0
train,503,CCC1C(C#N)C1CC,8.443693161e0,-5.033850074e-1,3.829038739e-1,1.276346207e0,7.940308094e0,8.410043716e-1
train,504,CC1(C)COCC1(C)C,8.280425072e0,8.186198473e-1,3.829038739e-1,1.276346207e0,9.099044800e0,1.748860002e0
train,505,C#CC(C)(O)C(C)O,8.079060555e0,3.170098960e-1,3.829038739e-1,1.276346207e0,8.396070480e0,1.198088527e0
train,506,CC12CCCC1(C#N)C2,8.272260666e0,-2.092876732e-1,3.829038739e-1,1.276346207e0,8.062973022e0,9.371108413e-1
train,507,CCCC#CC(=O)NC,6.413723469e0,-1.616690904e-1,3.829038739e-1,1.276346207e0,6.252054214e0,-4.817213118e-1
train,508,[NH-]C1CC2(CO2)C(=O)N1,6.541617393e0,2.261569798e-1,3.829038739e-1,1.276346207e0,6.767774582e0,-7.766088098e-2
train,509,CC1CC1(C#N)CC#N,8.419202805e0,1.806213707e-1,3.829038739e-1,1.276346207e0,8.599823952e0,1.357726812e0
train,510,CCc1ccnc(F)n1,5.866774559e0,-2.351688296e-1,3.829038739e-1,1.276346207e0,5.631605625e0,-9.678349495e-1
train,511,COC1(C)C(C)C1(C)C,8.462740898e0,-4.003323913e-1,3.829038739e-1,1.276346207e0,8.062408447e0,9.366685152e-1
train,512,CN1C(=O)CC2(C)CC12,7.004210949e0,-2.358383834e-1,3.829038739e-1,1.276346207e0,6.768372536e0,-7.719238847e-2
train,513,CC1CC=CC(O)C1C,6.979720592e0,-2.213514894e-1,3.829038739e-1,1.276346207e0,6.758368969e0,-8.503005654e-2
train,514,C#CCC12CC3C[NH+]1C32,7.937561512e0,7.135493215e-3,3.829038739e-1,1.276346207e0,7.944696903e0,8.444429636e-1
train,515,[NH-][CH+]OC(=O)C1CCC1,6.732096672e0,-1.015162021e-1,3.829038739e-1,1.276346207e0,6.630580425e0,-1.851507723e-1
train,516,CC1OC1c1ncno1,6.547059536e0,2.382717580e-1,3.829038739e-1,1.276346207e0,6.785331249e0,-6.390544772e-2
train,517,CC#CC1=CC2OC2C1,5.292614460e0,6.661950946e-1,3.829038739e-1,1.276346207e0,5.958809376e0,-7.114749551e-1
train,518,C#CC#CC(=O)CCO,5.028664112e0,6.119156480e-1,3.829038739e-1,1.276346207e0,5.640579700e0,-9.608039260e-1
train,519,CC1CCCC1(O)C=O,6.108956337e0,3.648359179e-1,3.829038739e-1,1.276346207e0,6.473792076e0,-3.079924881e-1
train,520,C#CC12COC3C1NC32,7.559322834e0,-5.945303440e-1,3.829038739e-1,1.276346207e0,6.964792252e0,7.669998705e-2
train,521,CC1OC(=O)CC12CC2,7.551159859e0,3.440444171e-1,3.829038739e-1,1.276346207e0,7.895204067e0,8.056659698e-1
train,522,O=c1cc(CO)ocn1,5.619151115e0,-9.329169989e-3,3.829038739e-1,1.276346207e0,5.609821796e0,-9.849023223e-1
train,523,CC1(O)C=CC2NC21C,6.484473228e0,5.407287478e-1,3.829038739e-1,1.276346207e0,7.025201797e0,1.240301132e-1
train,524,CC1C([NH-])OC12COC2,7.660005569e0,-6.741455793e-1,3.829038739e-1,1.276346207e0,6.985859871e0,9.320620447e-2
train,525,CCC1(C)C(O)C1(C)O,7.981099606e0,-4.606485963e-1,3.829038739e-1,1.276346207e0,7.520451069e0,5.120517015e-1
train,526,CCCC1C(O)C2NC12,8.424644470e0,1.368819624e-1,3.829038739e-1,1.276346207e0,8.561526299e0,1.327721000e0
train,527,C#CC1OC(C)(C)C1C,7.472246647e0,2.777354717e-1,3.829038739e-1,1.276346207e0,7.749981880e0,6.918861866e-1
train,528,CCc1cn[nH]c1C#N,5.945687771e0,1.420582086e-1,3.829038739e-1,1.276346207e0,6.087746143e0,-6.104546189e-1
train,529,CC1C2[NH+]1CC2(C)CO,7.782456875e0,2.776800394e-1,3.829038739e-1,1.276346207e0,8.060136795e0,9.348886609e-1
train,530,O=CCCC1C(O)C1O,6.187869072e0,2.832611501e-1,3.829038739e-1,1.276346207e0,6.471130371e0,-3.100778759e-1
train,531,[NH-]C1CCCO1,7.798782825e0,3.061196506e-1,3.829038739e-1,1.276346207e0,8.104902267e0,9.699618816e-1
train,532,OCCc1cc[nH]c1,6.805567265e0,2.775408924e-1,3.829038739e-1,1.276346207e0,7.083107948e0,1.693988442e-1
train,533,CC12C3C4C[NH+]1C2C3O4,7.853205681e0,-1.153413206e-1,3.829038739e-1,1.276346207e0,7.737864494e0,6.823923588e-1
train,534,CCC(OC)C1COC1,8.566143990e0,2.437625527e-1,3.829038739e-1,1.276346207e0,8.809906960e0,1.522324204e0
train,535,CC1C2C3C(=O)C[NH+]3C12,5.488536358e0,-7.836330533e-1,3.829038739e-1,1.276346207e0,4.704903126e0,-1.693894744e0
train,536,C#CC1C(C=O)C1CO,5.978341103e0,-2.202434242e-1,3.829038739e-1,1.276346207e0,5.758097649e0,-8.687300682e-1
train,537,CC12CC3CC1C32O,8.231444359e0,-3.080314696e-1,3.829038739e-1,1.276346207e0,7.923412800e0,8.277671337e-1
train,538,CC1CC(OC=O)CO1,7.251834393e0,7.159324735e-2,3.829038739e-1,1.276346207e0,7.323427677e0,3.576863408e-1
train,539,CN(C=O)C(=O)CO,6.285830498e0,-6.326630712e-2,3.829038739e-1,1.276346207e0,6.222564220e0,-5.048263669e-1
train,540,CC1(C2(C#N)CN2)CC1,7.983820438e0,-2.467857003e-1,3.829038739e-1,1.276346207e0,7.737034798e0,6.817423105e-1
train,541,CC(=O)CCC(O)CO,6.386512280e0,1.062642708e-1,3.829038739e-1,1.276346207e0,6.492776394e0,-2.931185067e-1
train,542,CC1(C=O)CO1,6.035485268e0,-3.967720270e-2,3.829038739e-1,1.276346207e0,5.995808125e0,-6.824868917e-1
train,543,[NH-]C1OCC(CO)C1=O,5.077644348e0,-2.321621925e-1,3.829038739e-1,1.276346207e0,4.845482349e0,-1.583752632e0
train,544,C#Cc1cn(C)nc1N,5.581055164e0,-1.009099364e0,3.829038739e-1,1.276346207e0,4.571955681e0,-1.798057437e0
train,545,CC(O)Cc1cc[nH]c1,6.797404289e0,1.624101847e-1,3.829038739e-1,1.276346207e0,6.959814548e0,7.280002534e-2
train,546,CC1C([NH+]2CC2)C1(C)C,8.582470894e0,2.097630501e-1,3.829038739e-1,1.276346207e0,8.792234421e0,1.508477926e0
train,547,C#CC1CC12OCC2O,7.366122246e0,-2.824613750e-1,3.829038739e-1,1.276346207e0,7.083661079e0,1.698322296e-1
train,548,CC1(O)CC2CC(C1)O2,8.476346970e0,-4.426727593e-1,3.829038739e-1,1.276346207e0,8.033674240e0,9.141556025e-1
train,549,CC1C=CC(C2CO2)O1,6.729375839e0,3.424090743e-1,3.829038739e-1,1.276346207e0,7.071784973e0,1.605274379e-1
train,550,N#CC12NC1C1CNC12,6.438213825e0,-2.648671390e-3,3.829038739e-1,1.276346207e0,6.435564995e0,-3.379429281e-1
train,551,CC1NC([NH-])C(C)[NH2+]1,6.274945736e0,5.091614649e-2,3.829038739e-1,1.276346207e0,6.325861931e0,-4.238938987e-1
train,552,CC1(C)OC1CC(N)=O,7.357958317e0,1.435834467e-1,3.829038739e-1,1.276346207e0,7.501541615e0,4.972363710e-1
train,553,O=C1C2CCC1C2,6.274945736e0,-7.034506649e-2,3.829038739e-1,1.276346207e0,6.204600811e0,-5.189004540e-1
train,554,CCC12C[NH+]1CC2(C)C,8.294030190e0,1.782792807e-1,3.829038739e-1,1.276346207e0,8.472309113e0,1.257820487e0
train,555,CC#CC#CCC#N,6.089908123e0,1.409936696e-1,3.829038739e-1,1.276346207e0,6.230901718e0,-4.982940257e-1
train,556,CCCC(C)(C#N)OC,8.250492096e0,-1.899266392e-1,3.829038739e-1,1.276346207e0,8.060564995e0,9.352241755e-1
train,557,C1OCC2(CN2)C2OC12,8.587913513e0,3.298047483e-1,3.829038739e-1,1.276346207e0,8.917717934e0,1.606792688e0
train,558,COC(=O)CC(=O)OC,7.638236046e0,2.076828182e-1,3.829038739e-1,1.276346207e0,7.845918655e0,7.670514584e-1
train,559,O=C1NC2C[NH+]3CC12C3,6.242291927e0,6.234521866e-1,3.829038739e-1,1.276346207e0,6.865744114e0,-9.029813227e-4
train,560,CC(C)(CO)O[CH+][NH-],7.749802589e0,-1.216047630e-1,3.829038739e-1,1.276346207e0,7.628197670e0,5.964698195e-1
train,561,CC1COCC[NH+]2CC12,8.283145905e0,1.526933461e-1,3.829038739e-1,1.276346207e0,8.435839653e0,1.229247093e0
train,562,O=CC1CCC(=O)CO1,5.551122665e0,2.179783210e-2,3.829038739e-1,1.276346207e0,5.572920322e0,-1.013814211e0
train,563,CC(C)(C)c1ncco1,6.677673817e0,1.217941269e-1,3.829038739e-1,1.276346207e0,6.799468040e0,-5.282945186e-2
train,564,CC1(C2COC2=O)CN1,7.224623203e0,-2.605569363e-1,3.829038739e-1,1.276346207e0,6.964066505e0,7.613137364e-2
train,565,C1OC2C3C1C2C31CC1,9.262756348e0,8.739399165e-2,3.829038739e-1,1.276346207e0,9.350150108e0,1.945597887e0
train,566,CC(C)C1CC(O)C1=O,5.981062412e0,3.191387653e-2,3.829038739e-1,1.276346207e0,6.012976170e0,-6.690359712e-1
train,567,CC1C2COC(=O)C12O,6.947066307e0,1.832594424e-1,3.829038739e-1,1.276346207e0,7.130325794e0,2.063934356e-1
train,568,C1=NC23CC2CC3CO1,6.519847870e0,-3.716093898e-1,3.829038739e-1,1.276346207e0,6.148238659e0,-5.630595088e-1
train,569,CC1=CC2(C#N)CC1N2,6.525290489e0,-4.792756215e-2,3.829038739e-1,1.276346207e0,6.477363110e0,-3.051946163e-1
train,570,NC1=NONC=C1NO,4.348379135e0,-2.625209093e-1,3.829038739e-1,1.276346207e0,4.085858345e0,-2.178908587e0
train,571,CCC#Cc1cnoc1,5.744323254e0,1.661655866e-2,3.829038739e-1,1.276346207e0,5.760939598e0,-8.665034175e-1
train,572,O=COCC1C(O)C1O,7.254555702e0,-7.899742126e-1,3.829038739e-1,1.276346207e0,6.464581490e0,-3.152088523e-1
train,573,CC1COC(C)(CO)C1,8.702200890e0,5.962510034e-2,3.829038739e-1,1.276346207e0,8.761825562e0,1.484652996e0
train,574,C#CC1COCC1C,8.206954002e0,-3.127321005e-1,3.829038739e-1,1.276346207e0,7.894221783e0,8.048963547e-1
train,575,CC12CC(CC13CC3)O2,8.835536957e0,5.727489293e-2,3.829038739e-1,1.276346207e0,8.892811775e0,1.587279081e0
train,576,C#CCCC1(CO)CN1,8.209674835e0,-1.543698460e-1,3.829038739e-1,1.276346207e0,8.055304527e0,9.311026335e-1
train,577,CC1OC1(C)C#CC=O,5.502141953e0,6.861308813e-1,3.829038739e-1,1.276346207e0,6.188272953e0,-5.316931009e-1
train,578,CC1OC2CC2C1CO,8.005589485e0,2.108433992e-1,3.829038739e-1,1.276346207e0,8.216432571e0,1.057344437e0
train,579,OCC1(O)C2CCC1C2,8.538932800e0,-2.990897894e-1,3.829038739e-1,1.276346207e0,8.239843369e0,1.075686574e0
train,580,O=C1C=C2NCCC2C1,5.687179565e0,1.332147121e-1,3.829038739e-1,1.276346207e0,5.820394516e0,-8.199212551e-1
train,581,CC1C2CCC3(CC3)C12,8.723970413e0,1.859084815e-1,3.829038739e-1,1.276346207e0,8.909878731e0,1.600650787e0
train,582,CC(=O)C(C)C#CCO,6.019158840e0,-1.415957063e-1,3.829038739e-1,1.276346207e0,5.877563000e0,-7.751304507e-1
train,583,O=C1OC2CCC2C1=O,4.615050793e0,8.620773256e-2,3.829038739e-1,1.276346207e0,4.701258659e0,-1.696750164e0
train,584,COC1CCOC1C#N,7.708985806e0,1.383531243e-1,3.829038739e-1,1.276346207e0,7.847339153e0,7.681643963e-1
train,585,C#CC12C[NH+]1CC2C=O,5.575613022e0,-6.675406098e-1,3.829038739e-1,1.276346207e0,4.908072472e0,-1.534714103e0
train,586,[H]N=CNc1cc(C)[nH]n1,5.940245628e0,-3.055647910e-1,3.829038739e-1,1.276346207e0,5.634680748e0,-9.654256701e-1
train,587,CC(C)c1ncccn1,5.670852661e0,4.052465260e-1,3.829038739e-1,1.276346207e0,6.076099396e0,-6.195796728e-1
train,588,OCC1C2CC2C2CC12,8.683153152e0,9.919458628e-2,3.829038739e-1,1.276346207e0,8.782347679e0,1.500731826e0
train,589,C#CC(C)C(F)(F)F,8.604239464e0,4.067698717e-1,3.829038739e-1,1.276346207e0,9.011009216e0,1.679885268e0
train,590,CC(O)C(CO)O[CH+][NH-],7.445035458e0,-3.287754357e-1,3.829038739e-1,1.276346207e0,7.116260052e0,1.953731030e-1
train,591,OC1C2C3CCC3C12,8.367501259e0,-3.667520881e-1,3.829038739e-1,1.276346207e0,8.000749588e0,8.883595467e-1
train,592,C1=NCC2CCOC2O1,7.412381172e0,2.812146842e-1,3.829038739e-1,1.276346207e0,7.693595886e0,6.477084756e-1
train,593,Cc1cncn1C,6.756587029e0,-3.304344714e-1,3.829038739e-1,1.276346207e0,6.426152706e0,-3.453173339e-1
train,594,CCC1C(C)[NH+]1CC,7.801504612e0,3.560763896e-1,3.829038739e-1,1.276346207e0,8.157581329e0,1.011235237e0
train,595,C#CC12CC3C(C1)C32O,7.341631889e0,-1.819683313e-1,3.829038739e-1,1.276346207e0,7.159663677e0,2.293792963e-1
train,596,O=C1C=Cc2nn[nH]c21,3.779661417e0,1.394962966e-1,3.829038739e-1,1.276346207e0,3.919157743e0,-2.309516430e0
train,597,N#CC(O)c1c[nH]cn1,6.889922619e0,4.085597694e-1,3.829038739e-1,1.276346207e0,7.298482418e0,3.381420374e-1
train,598,CCC1CCC(C=O)O1,5.942966461e0,-2.444198281e-1,3.829038739e-1,1.276346207e0,5.698546410e0,-9.153876901e-1
train,599,COC1(C)CCOC1[NH-],7.401497364e0,-5.805724263e-1,3.829038739e-1,1.276346207e0,6.820924759e0,-3.601838276e-2
train,600,c1n[nH]cc1C1CC1,6.707606792e0,-3.081424832e-1,3.829038739e-1,1.276346207e0,6.399464130e0,-3.662274778e-1
train,601,OC1COC1C1CCC1,8.166136742e0,1.195195317e-1,3.829038739e-1,1.276346207e0,8.285655975e0,1.111580133e0
train,602,CCC1[NH+]2CC1(CO)C2,7.719869614e0,5.319970101e-2,3.829038739e-1,1.276346207e0,7.773069382e0,7.099749446e-1
train,603,O=C1CC2COC(=O)N12,6.879037857e0,-2.074176222e-1,3.829038739e-1,1.276346207e0,6.671620369e0,-1.529964954e-1
train,604,N#CC12COC(CN1)C2,7.129383087e0,-5.602681264e-2,3.829038739e-1,1.276346207e0,7.073356152e0,1.617584378e-1
train,605,OCCC1C2CC(O)C12,8.772951126e0,4.613340795e-1,3.829038739e-1,1.276346207e0,9.234285355e0,1.854819298e0
train,606,OCC1CCC(CO)C1,9.202890396e0,-5.550187230e-1,3.829038739e-1,1.276346207e0,8.647871971e0,1.395371795e0
train,607,CC1(O)CC12CCCC2,8.726691246e0,-2.585631609e-1,3.829038739e-1,1.276346207e0,8.468128204e0,1.254544854e0
train,608,O=C1CNCC2CN12,6.087186813e0,5.816687346e-1,3.829038739e-1,1.276346207e0,6.668855667e0,-1.551626027e-1
train,609,NC=[NH+]CC(CO)=NO,2.179631948e0,1.251458079e-1,3.829038739e-1,1.276346207e0,2.304777861e0,-3.574362516e0
train,610,CC(O)C#CCO[CH+][NH-],7.553880215e0,-9.938357770e-2,3.829038739e-1,1.276346207e0,7.454496861e0,4.603773952e-1
train,611,CC1COCC2NC12,8.381106377e0,-5.492881536e-1,3.829038739e-1,1.276346207e0,7.831818104e0,7.560038567e-1
train,612,CCCC1(C)OC1C,9.336226463e0,4.991179705e-1,3.829038739e-1,1.276346207e0,9.835344315e0,2.325741529e0
train,613,[H]N=C(NC(C)C)C(N)=O,5.472209930e0,-2.370171808e-2,3.829038739e-1,1.276346207e0,5.448508263e0,-1.111289501e0
train,614,CCC(CC)C(C)=O,6.261340141e0,-5.766189098e-1,3.829038739e-1,1.276346207e0,5.684720993e0,-9.262197614e-1
train,615,C1=CC2(CC=CC2)CC1,7.001489162e0,-3.509674966e-1,3.829038739e-1,1.276346207e0,6.650521755e0,-1.695269942e-1
train,616,C[NH2+][CH+]OC1CC(C)C1,7.401497364e0,3.698972464e-1,3.829038739e-1,1.276346207e0,7.771394730e0,7.086628675e-1
train,617,O=CNC12COC(C1)C2,7.058633804e0,2.839632034e-1,3.829038739e-1,1.276346207e0,7.342597008e0,3.727052808e-1
train,618,N#Cc1coc(=O)cn1,4.549743652e0,3.241942227e-1,3.829038739e-1,1.276346207e0,4.873938084e0,-1.561457992e0
train,619,CC(=O)C1(CO)CC1O,5.975620270e0,-3.111106157e-1,3.829038739e-1,1.276346207e0,5.664509773e0,-9.420549870e-1
train,620,O=C1CC2OC1CC2O,5.874938488e0,4.102795720e-1,3.829038739e-1,1.276346207e0,6.285218239e0,-4.557377100e-1
train,621,C1CC1C1OCC2NC21,8.506278992e0,-4.577208161e-1,3.829038739e-1,1.276346207e0,8.048558235e0,9.258170128e-1
train,622,CNC1C([NH-])OC1CO,6.849106312e0,6.506779194e-1,3.829038739e-1,1.276346207e0,7.499784470e0,4.958596826e-1
train,623,Cn1cc(N)nc1CO,5.534795761e0,-2.340015322e-1,3.829038739e-1,1.276346207e0,5.300794125e0,-1.227021575e0
train,624,O=CC1CC([NH+]2CC2)C1,6.070860386e0,2.541688681e-1,3.829038739e-1,1.276346207e0,6.325029373e0,-4.245461822e-1
train,625,CC12NC1C1NC12,7.385169983e0,-4.919437468e-1,3.829038739e-1,1.276346207e0,6.893226147e0,2.062884532e-2
train,626,CC1C2COCOC1C2,9.012411118e0,1.487769783e-1,3.829038739e-1,1.276346207e0,9.161188126e0,1.797548532e0
train,627,OCC1C2C3C1C1C2[NH+]31,8.060012817e0,-1.501218230e-1,3.829038739e-1,1.276346207e0,7.909891129e0,8.171730638e-1
train,628,C#CC(CC)C1C[NH+]1C,7.447756290e0,-1.313007176e-1,3.829038739e-1,1.276346207e0,7.316455364e0,3.522236049e-1
train,629,CC1=C(C)C2OC2C1,6.495357990e0,1.798652261e-1,3.829038739e-1,1.276346207e0,6.675223351e0,-1.501736045e-1
train,630,O=CC1C2C3CC[NH+]2C13,5.733438969e0,-6.579502486e-3,3.829038739e-1,1.276346207e0,5.726859570e0,-8.932046890e-1
train,631,COC1CC1CC=O,6.136167526e0,4.042317271e-1,3.829038739e-1,1.276346207e0,6.540399075e0,-2.558067441e-1
train,632,C#CC1NC(=O)C1(C)C,7.287209034e0,2.338113785e-1,3.829038739e-1,1.276346207e0,7.521020412e0,5.124977827e-1
train,633,CC1C(CO)C2(C)CC12,8.626008987e0,2.460938543e-1,3.829038739e-1,1.276346207e0,8.872102737e0,1.571053743e0
train,634,N#CC1[NH2+][CH+]OC12CC2,7.025979519e0,-4.035296142e-1,3.829038739e-1,1.276346207e0,6.622449875e0,-1.915209591e-1
train,635,C[NH+]1C2CC3OC3(C)C21,8.332126617e0,-4.990826547e-2,3.829038739e-1,1.276346207e0,8.282217979e0,1.108886480e0
train,636,Nc1nc2occc2o1,5.401460171e0,-4.840747416e-1,3.829038739e-1,1.276346207e0,4.917385578e0,-1.527417421e0
train,637,CCC12CC3CC1C32O,8.226001740e0,-1.002836600e-2,3.829038739e-1,1.276346207e0,8.215972900e0,1.056984305e0
train,638,CNC(=O)C1CC1O,6.914412975e0,-7.255326509e-1,3.829038739e-1,1.276346207e0,6.188880444e0,-5.312171578e-1
train,639,CC1=CC2CC3C2C13C,6.421886921e0,-1.731952429e-1,3.829038739e-1,1.276346207e0,6.248691559e0,-4.843558967e-1
train,640,NC(=O)C1(CO)CC1,7.240949631e0,2.369473875e-1,3.829038739e-1,1.276346207e0,7.477897167e0,4.787112474e-1
train,641,O=CC1C2CC(=O)C1N2,5.306220055e0,-3.184362352e-1,3.829038739e-1,1.276346207e0,4.987783909e0,-1.472261190e0
train,642,COc1nc[nH]c1OC,5.945687771e0,2.197568119e-1,3.829038739e-1,1.276346207e0,6.165444374e0,-5.495790243e-1
train,643,O=CC(=O)CC1CN1,3.877622366e0,4.711088538e-1,3.829038739e-1,1.276346207e0,4.348731041e0,-1.972951055e0
train,644,COC(C)CC(N)C#N,7.738917828e0,-7.957408428e-1,3.829038739e-1,1.276346207e0,6.943177223e0,5.976488814e-2
train,645,CC1(O)C(O)C2(C)NC12,8.334847450e0,4.897560924e-2,3.829038739e-1,1.276346207e0,8.383823395e0,1.188493013e0
train,646,C#CC(=O)NC(C)CC,6.313041210e0,8.468814194e-2,3.829038739e-1,1.276346207e0,6.397729397e0,-3.675866425e-1
train,647,CC1(C#N)C(=O)C2C[NH+]21,5.823236465e0,1.741250977e-2,3.829038739e-1,1.276346207e0,5.840649128e0,-8.040519953e-1
train,648,OC1CCC12C1CC2C1,8.702200890e0,-7.759520411e-2,3.829038739e-1,1.276346207e0,8.624606133e0,1.377143264e0
train,649,CC1=C2CCC2(C)CC1,6.500800133e0,-6.404414177e-1,3.829038739e-1,1.276346207e0,5.860358715e0,-7.886098027e-1
train,650,C#CC1OCC[NH+]2CC12,6.879037857e0,-1.270388067e-1,3.829038739e-1,1.276346207e0,6.751998901e0,-9.002092481e-2
train,651,CC(C)C(C#N)C1CN1,7.640957355e0,-4.567168951e-1,3.829038739e-1,1.276346207e0,7.184240341e0,2.486348152e-1
train,652,N#CC1C2C[NH+]1CCO2,6.838221550e0,1.964109838e-1,3.829038739e-1,1.276346207e0,7.034632683e0,1.314190924e-1
train,653,CCC1(CCC#N)CO1,8.579750061e0,5.506257340e-2,3.829038739e-1,1.276346207e0,8.634812355e0,1.385139704e0
train,654,N#CC1C=CC(C=O)N1,5.461325169e0,-6.613962054e-1,3.829038739e-1,1.276346207e0,4.799929142e0,-1.619443059e0
train,655,CC1=CN(C)CCC1=O,4.797367573e0,-2.903914452e-1,3.829038739e-1,1.276346207e0,4.506976128e0,-1.848968029e0
train,656,C#CC1CC2OCOC12,7.951167107e0,4.092844725e-1,3.829038739e-1,1.276346207e0,8.360451698e0,1.170181632e0
train,657,[H]N=CNc1ncc(N)o1,5.123903751e0,1.541755348e-1,3.829038739e-1,1.276346207e0,5.278079510e0,-1.244818211e0
train,658,Oc1nc2c([nH]1)CCO2,6.019158840e0,4.553471506e-1,3.829038739e-1,1.276346207e0,6.474505901e0,-3.074332178e-1
train,659,C1OC2CC1C1(CO1)C2,8.974315643e0,1.447534771e-3,3.829038739e-1,1.276346207e0,8.975763321e0,1.652270555e0
train,660,C#CC12C(=O)C3CC1C32,6.479031086e0,2.470636964e-1,3.829038739e-1,1.276346207e0,6.726094723e0,-1.103165224e-1
train,661,CC#CC1([NH+]2CC2)CC1,7.540275097e0,-3.363810480e-1,3.829038739e-1,1.276346207e0,7.203894138e0,2.640333176e-1
train,662,COCC1(C#N)CCC1,8.261377335e0,7.031407952e-1,3.829038739e-1,1.276346207e0,8.964518547e0,1.643460393e0
train,663,O=C1CCOCC1O,6.266781807e0,-1.484006345e-1,3.829038739e-1,1.276346207e0,6.118381023e0,-5.864525437e-1
train,664,N#CC(CN)NCCO,7.428708553e0,-3.909788281e-2,3.829038739e-1,1.276346207e0,7.389610767e0,4.095399678e-1
train,665,O=C1CCC12CC2,5.962014675e0,-6.292266846e-1,3.829038739e-1,1.276346207e0,5.332787991e0,-1.201954842e0
train,666,N#CCCC1CN1,7.940282345e0,1.697695851e-1,3.829038739e-1,1.276346207e0,8.110052109e0,9.739966989e-1
train,667,CC12COC3C1CCC32,8.193347931e0,-2.599000931e-1,3.829038739e-1,1.276346207e0,7.933447838e0,8.356294632e-1
train,668,CNC(=O)N(C)CC=O,5.717112064e0,-1.284856051e-1,3.829038739e-1,1.276346207e0,5.588626385e0,-1.001508713e0
train,669,O=CNC1CC1[NH+]1CC1,7.292651653e0,-1.587053388e-1,3.829038739e-1,1.276346207e0,7.133946419e0,2.092301548e-1
train,670,CC1C(C=O)COC1[NH-],6.141610146e0,1.390083600e-2,3.829038739e-1,1.276346207e0,6.155510902e0,-5.573617816e-1
train,671,CC12NC1C1(CO)NC21,7.211016655e0,9.853000939e-2,3.829038739e-1,1.276346207e0,7.309546471e0,3.468105793e-1
train,672,C1OC2C3CC1C1C2[NH+]31,8.707643509e0,7.294878960e-1,3.829038739e-1,1.276346207e0,9.437131882e0,2.013746977e0
train,673,CCC12CC(C#N)C1N2,7.962051392e0,5.927509815e-2,3.829038739e-1,1.276346207e0,8.021326065e0,9.044809341e-1
train,674,C#CC(=O)NCC1CO1,6.323925972e0,-1.625794172e-1,3.829038739e-1,1.276346207e0,6.161346436e0,-5.527896881e-1
train,675,O=c1cncno1,4.337494850e0,5.722809583e-2,3.829038739e-1,1.276346207e0,4.394722939e0,-1.936917067e0
train,676,OC12CCC3C1CCC32,8.770229340e0,4.089242816e-1,3.829038739e-1,1.276346207e0,9.179153442e0,1.811624169e0
train,677,O=CC1=CC(=O)C(=O)N1,3.368769646e0,5.170683265e-1,3.829038739e-1,1.276346207e0,3.885838032e0,-2.335621834e0
train,678,CC1(C)[NH+]2CC1(CO)C2,7.815110207e0,1.955648363e-1,3.829038739e-1,1.276346207e0,8.010675430e0,8.961363435e-1
train,679,CO[CH+][NH2+]CCCCO,7.374285698e0,-4.137317464e-2,3.829038739e-1,1.276346207e0,7.332912445e0,3.651175499e-1
train,680,Nc1c[nH]c(O)c1N,6.111677170e0,2.996986173e-2,3.829038739e-1,1.276346207e0,6.141646862e0,-5.682240725e-1
train,681,N#Cc1nccnc1N,4.547022343e0,5.957913995e-1,3.829038739e-1,1.276346207e0,5.142813683e0,-1.350797296e0
train,682,CC12CC(O[CH+][NH-])C1N2,7.404218197e0,1.056121945e0,3.829038739e-1,1.276346207e0,8.460340500e0,1.248443246e0
train,683,CC1CC2(CC(O)C2)O1,8.522605896e0,-1.409249306e-1,3.829038739e-1,1.276346207e0,8.381681442e0,1.186814904e0
train,684,CC12CC3C1C(C=O)[NH+]32,5.727996826e0,1.534704566e-1,3.829038739e-1,1.276346207e0,5.881467342e0,-7.720714808e-1
train,685,N#CCCCCC1CC1,8.718527794e0,7.360860109e-1,3.829038739e-1,1.276346207e0,9.454613686e0,2.027443886e0
train,686,CC(C)OC(C=O)C=O,5.382411957e0,7.025504112e-2,3.829038739e-1,1.276346207e0,5.452667236e0,-1.108030915e0
train,687,OCCOC1CCC1O,8.639615059e0,4.817219451e-2,3.829038739e-1,1.276346207e0,8.687787056e0,1.426644802e0
train,688,CC1(O)CC12OC1CC12,8.019195557e0,3.005615994e-2,3.829038739e-1,1.276346207e0,8.049251556e0,9.263602495e-1
train,689,ONC1CCC2CC1C2,6.936182499e0,8.419442177e-2,3.829038739e-1,1.276346207e0,7.020377159e0,1.202500686e-1
train,690,CN1C=CCCNC1=O,6.141610146e0,-3.573831916e-1,3.829038739e-1,1.276346207e0,5.784226894e0,-8.482581377e-1
train,691,CC1NC(C)(C#N)C1O,7.330747128e0,4.485302567e-1,3.829038739e-1,1.276346207e0,7.779277325e0,7.148388028e-1
train,692,CC(C)(O)CC1COC1,8.049127579e0,5.656981468e-1,3.829038739e-1,1.276346207e0,8.614826202e0,1.369480848e0
train,693,CCNc1ncc(N)o1,6.182426929e0,-2.275344729e-1,3.829038739e-1,1.276346207e0,5.954892635e0,-7.145436406e-1
train,694,CC(=[NH2+])Nc1c[nH]nn1,4.408244610e0,-1.576671749e-1,3.829038739e-1,1.276346207e0,4.250577450e0,-2.049853086e0
train,695,C#CCn1ccnc1O,6.342973709e0,2.029682845e-1,3.829038739e-1,1.276346207e0,6.545941830e0,-2.514640391e-1
train,696,C#CC1(C(C)O)NC1C,7.322584152e0,3.460519910e-1,3.829038739e-1,1.276346207e0,7.668636322e0,6.281529665e-1
train,697,N#CC(=O)C1NC1C=O,4.323888779e0,8.629849553e-2,3.829038739e-1,1.276346207e0,4.410187244e0,-1.924800873e0
train,698,OC1C2CC2C2C(O)C12,7.662726402e0,9.806769341e-2,3.829038739e-1,1.276346207e0,7.760794163e0,7.003574967e-1
train,699,CCC12CC3C4C(C41)[NH+]32,8.291309357e0,-6.467557549e-1,3.829038739e-1,1.276346207e0,7.644553661e0,6.092845201e-1
train,700,CC1=CCC2(CO2)C1O,7.137547016e0,-7.792954147e-2,3.829038739e-1,1.276346207e0,7.059617519e0,1.509943902e-1
train,701,C#CCC(C)(O)C(C)O,8.283145905e0,-2.617344558e-1,3.829038739e-1,1.276346207e0,8.021411896e0,9.045482278e-1
train,702,Cn1cc2c(n1)C=CC2,5.532074928e0,-4.694424570e-2,3.829038739e-1,1.276346207e0,5.485130787e0,-1.082596183e0
train,703,COCC1OCC2OC12,9.140304565e0,2.170835882e-1,3.829038739e-1,1.276346207e0,9.357388496e0,1.951269031e0
train,704,[NH-]c1[nH+]c(N)noc1=O,5.175605774e0,-1.359308660e-1,3.829038739e-1,1.276346207e0,5.039674759e0,-1.431605339e0
train,705,OC12COCCC1C2,8.557980537e0,2.847086787e-1,3.829038739e-1,1.276346207e0,8.842689514e0,1.548008919e0
train,706,O=CC(O)C1(O)CC1,5.934803009e0,-3.899578750e-1,3.829038739e-1,1.276346207e0,5.544845104e0,-1.035810709e0
train,707,CNC=Nc1nnon1,5.140230656e0,-5.671607852e-1,3.829038739e-1,1.276346207e0,4.573070049e0,-1.797184348e0
train,708,CNC(=O)c1conn1,5.646362305e0,6.142556667e-2,3.829038739e-1,1.276346207e0,5.707787991e0,-9.081470370e-1
train,709,Cc1cc2c([nH]1)COC2,6.315762520e0,5.623494983e-1,3.829038739e-1,1.276346207e0,6.878111839e0,8.786976337e-3
train,710,C#CCCC(C#C)C=O,5.978341103e0,5.772250295e-1,3.829038739e-1,1.276346207e0,6.555566311e0,-2.439233959e-1
train,711,CCC12NC1C(O)C2O,7.940282345e0,-6.612097025e-1,3.829038739e-1,1.276346207e0,7.279072762e0,3.229348063e-1
train,712,[NH-]c1[nH+]ncnc1N,4.729339123e0,-3.215120733e-1,3.829038739e-1,1.276346207e0,4.407826900e0,-1.926650286e0
train,713,COC12C[NH+]3C1CC32C,8.917170525e0,-1.957150400e-1,3.829038739e-1,1.276346207e0,8.721455574e0,1.453023672e0
train,714,CC12CC=CC1OCC2,7.094007969e0,-3.317399919e-1,3.829038739e-1,1.276346207e0,6.762268066e0,-8.197516203e-2
train,715,CC12CC3CC1CC32O,8.889959335e0,1.537309885e-1,3.829038739e-1,1.276346207e0,9.043690681e0,1.705490828e0
train,716,CC12CC1C(=O)N2C=O,6.117119789e0,4.378538430e-1,3.829038739e-1,1.276346207e0,6.554973602e0,-2.443877757e-1
train,717,N#CC1OC2C(O)CC12,7.379727840e0,3.314192221e-2,3.829038739e-1,1.276346207e0,7.412869930e0,4.277632236e-1
train,718,C1NC1C12OC3CC1C32,7.902186394e0,-3.041385710e-1,3.829038739e-1,1.276346207e0,7.598047733e0,5.728477240e-1
train,719,C#CC1COC1(C)CC,7.763408184e0,1.824209467e-2,3.829038739e-1,1.276346207e0,7.781650066e0,7.166978121e-1
train,720,N#CC12CC1[NH+]1CCC12,6.715770245e0,2.800082266e-1,3.829038739e-1,1.276346207e0,6.995778561e0,1.009773761e-1
train,721,C[NH+]1CC12C1CC2(C)O1,8.628729820e0,-3.088778257e-1,3.829038739e-1,1.276346207e0,8.319851875e0,1.138372183e0
train,722,CC(=O)C(C)OC(N)=O,6.258618832e0,7.371360809e-2,3.829038739e-1,1.276346207e0,6.332332611e0,-4.188241959e-1
train,723,CC12CC3OC4C(C31)C42,8.381106377e0,-2.430104017e-1,3.829038739e-1,1.276346207e0,8.138095856e0,9.959686399e-1
train,724,O=CC#CC(=O)C1CN1,5.042269707e0,3.551876247e-1,3.829038739e-1,1.276346207e0,5.397457123e0,-1.151287436e0
train,725,O=CC1CC(CCO)C1,6.160657883e0,-1.786457002e-1,3.829038739e-1,1.276346207e0,5.982012272e0,-6.932957768e-1
train,726,C[NH+]=C(N)OCC(=O)[O-],3.785103798e0,-5.482301116e-1,3.829038739e-1,1.276346207e0,3.236873627e0,-2.844077349e0
train,727,CC1CC2(O)C(CO)C12,7.869533062e0,-3.199341595e-1,3.829038739e-1,1.276346207e0,7.549598694e0,5.348885059e-1
train,728,CNCc1ncon1,5.534795761e0,-6.994633675e-1,3.829038739e-1,1.276346207e0,4.835332394e0,-1.591705084e0
train,729,CC1OC(C)C2CCC12,8.802883148e0,-5.507665873e-1,3.829038739e-1,1.276346207e0,8.252116203e0,1.085302114e0
train,730,[H]N=C(C=O)NCCCO,4.636819839e0,6.320922375e-1,3.829038739e-1,1.276346207e0,5.268912315e0,-1.252000570e0
train,731,N#CC(O)(C=O)C1CO1,6.005552769e0,3.598638251e-2,3.829038739e-1,1.276346207e0,6.041539192e0,-6.466571689e-1
train,732,C#CCC1C[NH+]1CC#N,7.322584152e0,-2.614023983e-1,3.829038739e-1,1.276346207e0,7.061181545e0,1.522197872e-1
train,733,C#CC1CC2CCC12C,8.092665672e0,8.605866432e-1,3.829038739e-1,1.276346207e0,8.953252792e0,1.634633780e0
train,734,CC1C=CC2C(C)C2C1,6.745702267e0,5.220807791e-1,3.829038739e-1,1.276346207e0,7.267783165e0,3.140895665e-1
train,735,COc1n[nH]cc1N,6.049090862e0,-7.668057922e-3,3.829038739e-1,1.276346207e0,6.041422844e0,-6.467483640e-1
train,736,N#CC1C2CCC1CC2,9.162073135e0,-5.680131316e-1,3.829038739e-1,1.276346207e0,8.594059944e0,1.353210807e0
train,737,C#CC1(C)CCC1C,8.258655548e0,1.644326448e-1,3.829038739e-1,1.276346207e0,8.423088074e0,1.219256401e0
train,738,O=CC12CC[NH+]1C2CO,5.744323254e0,-6.327375025e-2,3.829038739e-1,1.276346207e0,5.681049347e0,-9.290964603e-1
train,739,CC1CC2OC2C12CO2,8.914449692e0,-3.388110399e-1,3.829038739e-1,1.276346207e0,8.575638771e0,1.338778019e0
train,740,CC12COC(C=O)C1O2,6.000110626e0,1.003748477e-1,3.829038739e-1,1.276346207e0,6.100485325e0,-6.004736423e-1
train,741,N#CCC1(CO)CC1,8.541653633e0,7.915223241e-1,3.829038739e-1,1.276346207e0,9.333175659e0,1.932298660e0
train,742,CCOCC(CO)CO,8.549818039e0,1.008159388e-2,3.829038739e-1,1.276346207e0,8.559899330e0,1.326446295e0
train,743,OC1C2CCOCC12,8.250492096e0,1.847258657e-1,3.829038739e-1,1.276346207e0,8.435217857e0,1.228760004e0
train,744,CC(O)C1C(O)C1C=O,6.128004074e0,-2.636892721e-2,3.829038739e-1,1.276346207e0,6.101634979e0,-5.995728970e-1
train,745,CCC1CC([NH-])OC1C,7.790619850e0,1.059541628e-1,3.829038739e-1,1.276346207e0,7.896574020e0,8.067392707e-1
train,746,COCC1COC1C#N,7.279046059e0,-2.375539988e-1,3.829038739e-1,1.276346207e0,7.041491985e0,1.367932707e-1
train,747,CC1CCC(=O)OC1C,7.409660339e0,-3.503505886e-1,3.829038739e-1,1.276346207e0,7.059309959e0,1.507534236e-1
train,748,CCOC1CCOC1,8.889959335e0,1.502427012e-1,3.829038739e-1,1.276346207e0,9.040202141e0,1.702757597e0
train,749,[H]N=CNC(=O)CC=O,5.953851223e0,1.570781507e-2,3.829038739e-1,1.276346207e0,5.969559193e0,-7.030525804e-1
train,750,CCC1C2C(C)OC12C,8.435529709e0,-4.741359651e-1,3.829038739e-1,1.276346207e0,7.961393833e0,8.575248122e-1
train,751,Cc1nn[nH]c1NC=O,5.575613022e0,4.077576846e-2,3.829038739e-1,1.276346207e0,5.616388798e0,-9.797571898e-1
train,752,O=C1NCC12C1COC12,7.050469875e0,-7.043042183e-1,3.829038739e-1,1.276346207e0,6.346165657e0,-4.079861641e-1
train,753,OCC#CCC1CO1,7.725312233e0,-5.678622127e-1,3.829038739e-1,1.276346207e0,7.157450199e0,2.276450694e-1
train,754,CC1(O)C2CNC21C#N,6.473588943e0,4.172604680e-1,3.829038739e-1,1.276346207e0,6.890849590e0,1.876684465e-2
train,755,CC#Cc1cc(C)on1,5.929360867e0,-1.156367958e-1,3.829038739e-1,1.276346207e0,5.813724041e0,-8.251475096e-1
train,756,[H]N=C(C[NH+](C)C)NC=O,6.005552769e0,-3.861073852e-1,3.829038739e-1,1.276346207e0,5.619445324e0,-9.773623943e-1
train,757,C#CC1C(O)C2CC12,7.943003654e0,-2.350685000e-1,3.829038739e-1,1.276346207e0,7.707935333e0,6.589432359e-1
train,758,O=C1OC2[NH2+]CC3C1C23,5.913033962e0,1.289361506e-3,3.829038739e-1,1.276346207e0,5.914323330e0,-7.463291883e-1
train,759,CC12C3CC1(O)C[NH+]32,7.937561512e0,-2.199956328e-1,3.829038739e-1,1.276346207e0,7.717566013e0,6.664887667e-1
train,760,C#CC(C)NC(C)C#N,7.306257248e0,7.859980464e-1,3.829038739e-1,1.276346207e0,8.092255592e0,9.600533247e-1
train,761,CC1CC12CCOC2=O,7.551159859e0,4.950034022e-1,3.829038739e-1,1.276346207e0,8.046163559e0,9.239408374e-1
train,762,C1OC23C1OC1C2OC13,7.515784740e0,3.742981851e-1,3.829038739e-1,1.276346207e0,7.890082836e0,8.016535640e-1
train,763,CCOC1CC1(O)C#N,7.289929867e0,-6.293925643e-1,3.829038739e-1,1.276346207e0,6.660537243e0,-1.616799831e-1
train,764,CC12CC1OC(N)[NH2+]2,7.385169983e0,-5.228015780e-1,3.829038739e-1,1.276346207e0,6.862368584e0,-3.547666827e-3
train,765,OCCC1(O)CC2NC21,8.166136742e0,-3.721241951e-1,3.829038739e-1,1.276346207e0,7.794012547e0,7.263836861e-1
train,766,C1CC2NC23CNC3[NH2+]1,6.601481915e0,-6.698809266e-1,3.829038739e-1,1.276346207e0,5.931601048e0,-7.327923179e-1
train,767,CC12OC3C4CC4C1C32,7.975656986e0,-5.124644041e-1,3.829038739e-1,1.276346207e0,7.463192463e0,4.671902955e-1
train,768,CC1OC(=O)NC12CC2,8.060012817e0,-2.461491823e-1,3.829038739e-1,1.276346207e0,7.813863754e0,7.419368625e-1
train,769,OC1CC2CC12O,8.914449692e0,-5.791359544e-1,3.829038739e-1,1.276346207e0,8.335313797e0,1.150486350e0
train,770,O=C(C(O)CO)N1CC1,6.525290489e0,2.423767000e-1,3.829038739e-1,1.276346207e0,6.767667294e0,-7.774493843e-2
train,771,CC1C2C=CC1OCC2,6.704885483e0,3.657974303e-1,3.829038739e-1,1.276346207e0,7.070683002e0,1.596640646e-1
train,772,CC12CCOC1C2CO,8.666826248e0,-5.599163175e-1,3.829038739e-1,1.276346207e0,8.106909752e0,9.715347290e-1
train,773,CC1=CCC2NC2C=C1,5.132067680e0,-4.315222055e-2,3.829038739e-1,1.276346207e0,5.088915348e0,-1.393025994e0
train,774,Nc1cccc(N)c1N,5.779698372e0,2.818804383e-1,3.829038739e-1,1.276346207e0,6.061578751e0,-6.309564114e-1
train,775,O=Cc1coc(=O)o1,5.148394108e0,4.408333302e-1,3.829038739e-1,1.276346207e0,5.589227676e0,-1.001037598e0
train,776,CC1=CC2CC1(C)CO2,6.723933220e0,-2.829452455e-1,3.829038739e-1,1.276346207e0,6.440988064e0,-3.336940110e-1
train,777,CC1CCC(O)C(=O)O1,7.529390335e0,-5.525671244e-1,3.829038739e-1,1.276346207e0,6.976823330e0,8.612618595e-2
train,778,Cc1nc(O)n(C)c1N,6.664068222e0,-1.271161586e-1,3.829038739e-1,1.276346207e0,6.536952019e0,-2.585074604e-1
train,779,COCC1CN(C=O)C1,7.262719154e0,4.777234197e-1,3.829038739e-1,1.276346207e0,7.740442753e0,6.844124198e-1
train,780,COCC(N)C(=O)OC,7.015095711e0,-2.476562560e-1,3.829038739e-1,1.276346207e0,6.767439365e0,-7.792351395e-2
train,781,C#CCC(C)(C)CC,8.432807922e0,3.790254295e-1,3.829038739e-1,1.276346207e0,8.811833382e0,1.523833513e0
train,782,C#CC1(C)OC1COC,7.785177231e0,3.069252968e-1,3.829038739e-1,1.276346207e0,8.092102051e0,9.599330425e-1
train,783,c1nc(C2CCO2)co1,6.639578342e0,5.159409046e-1,3.829038739e-1,1.276346207e0,7.155519485e0,2.261323780e-1
train,784,CC1(C)C(=O)CNC1=O,5.689900398e0,-6.171096563e-1,3.829038739e-1,1.276346207e0,5.072790623e0,-1.405659556e0
train,785,CCC12OCC1(C)C2C,8.114435196e0,2.596519887e-1,3.829038739e-1,1.276346207e0,8.374087334e0,1.180864930e0
train,786,CC1(CO)OCC1C#N,7.679053307e0,3.017253578e-1,3.829038739e-1,1.276346207e0,7.980778694e0,8.727126122e-1
train,787,CC12C[NH+]3C(CO1)C32,8.658662796e0,-4.486238658e-1,3.829038739e-1,1.276346207e0,8.210039139e0,1.052335262e0
train,788,CC1C2COCC1C2=O,6.119840622e0,-1.560882926e-1,3.829038739e-1,1.276346207e0,5.963752270e0,-7.076022625e-1
train,789,O=CNC1C(O)C2CC21,7.132104397e0,-3.478169441e-1,3.829038739e-1,1.276346207e0,6.784287453e0,-6.472325325e-2
train,790,N#CC1(O)COC1,7.390612602e0,-8.051403761e-1,3.829038739e-1,1.276346207e0,6.585472107e0,-2.204925716e-1
train,791,OC12CC3CC3(O)C1C2,8.623288155e0,5.752699971e-1,3.829038739e-1,1.276346207e0,9.198557854e0,1.826827288e0
train,792,OCCc1ncccn1,5.676295280e0,-1.042166874e-1,3.829038739e-1,1.276346207e0,5.572078705e0,-1.014473557e0
train,793,C1CC2(C[NH+]3CC3)OC12,8.903565407e0,5.181086808e-2,3.829038739e-1,1.276346207e0,8.955376625e0,1.636297822e0
train,794,C1=CC23OCC24NC3C14,5.540238380e0,-4.217680395e-1,3.829038739e-1,1.276346207e0,5.118470192e0,-1.369870186e0
train,795,CCC1(O)C2OCOC21,8.247770309e0,-7.292113304e-1,3.829038739e-1,1.276346207e0,7.518558979e0,5.105692744e-1
train,796,CC1CC(=O)OC(C)C1,7.390612602e0,5.025611520e-1,3.829038739e-1,1.276346207e0,7.893173695e0,8.040751815e-1
train,797,CC1CC2OC(C)C12O,8.095387459e0,-6.114820838e-1,3.829038739e-1,1.276346207e0,7.483905315e0,4.834185541e-1
train,798,CC1CC2=CCOCC21,6.974278450e0,2.668201625e-1,3.829038739e-1,1.276346207e0,7.241098404e0,2.931824028e-1
train,799,CCC1CCC(=O)OC1,7.371564865e0,-2.865172327e-1,3.829038739e-1,1.276346207e0,7.085047722e0,1.709186435e-1
train,800,Cc1[nH]ccc1C1CC1,6.413723469e0,1.359436512e-1,3.829038739e-1,1.276346207e0,6.549667358e0,-2.485451400e-1
train,801,C#CCCC#CCCC,7.888580799e0,3.470201790e-1,3.829038739e-1,1.276346207e0,8.235601425e0,1.072363019e0
train,802,CC1C2(O)COCC12O,8.016474724e0,-2.185759097e-1,3.829038739e-1,1.276346207e0,7.797898769e0,7.294284701e-1
train,803,[NH-][CH+]OCCC1CO1,7.736196995e0,2.801530063e-1,3.829038739e-1,1.276346207e0,8.016349792e0,9.005821347e-1
train,804,CC[NH+]1C2CCC(O)C21,7.684495449e0,2.208973616e-1,3.829038739e-1,1.276346207e0,7.905392647e0,8.136485815e-1
train,805,C1COC2CC(C2)O1,8.579750061e0,6.885591894e-2,3.829038739e-1,1.276346207e0,8.648606300e0,1.395947099e0
train,806,COc1c[nH]nn1,6.079023361e0,3.552964628e-1,3.829038739e-1,1.276346207e0,6.434319973e0,-3.389183879e-1
train,807,CCC(CC)COC=O,7.790619850e0,-4.691418409e-1,3.829038739e-1,1.276346207e0,7.321477890e0,3.561587036e-1
train,808,C#Cc1ccc(C#C)o1,4.617772102e0,-6.019813418e-1,3.829038739e-1,1.276346207e0,4.015790939e0,-2.233805418e0
train,809,CC(=O)CC1=NCCO1,6.359301090e0,7.208925486e-1,3.829038739e-1,1.276346207e0,7.080193520e0,1.671154350e-1
train,810,C1=NCCCC[NH2+][CH+]N1,5.357921600e0,-6.827464700e-1,3.829038739e-1,1.276346207e0,4.675175190e0,-1.717186213e0
train,811,Cc1ncccc(=O)n1,4.391917706e0,-6.921547055e-1,3.829038739e-1,1.276346207e0,3.699763060e0,-2.481409311e0
train,812,C#Cc1[nH]nnc1CC,5.673573971e0,1.795952767e-1,3.829038739e-1,1.276346207e0,5.853169441e0,-7.942425013e-1
train,813,CC(C)C1NC1CC#N,8.092665672e0,-5.900081396e-1,3.829038739e-1,1.276346207e0,7.502657413e0,4.981105924e-1
train,814,O=C1OCCC1C1CC1,7.311699390e0,-1.396272779e-1,3.829038739e-1,1.276346207e0,7.172071934e0,2.391010225e-1
train,815,CC1(NC(=O)CO)CC1,7.447756290e0,1.880155355e-1,3.829038739e-1,1.276346207e0,7.635771751e0,6.024039984e-1
train,816,Cc1nc(CCO)co1,6.495357990e0,7.867155075e-1,3.829038739e-1,1.276346207e0,7.282073498e0,3.252858520e-1
train,817,CCC(C)(O)C(=O)NC,7.303536415e0,-5.067841411e-1,3.829038739e-1,1.276346207e0,6.796752453e0,-5.495708063e-2
train,818,O=CC12CCC(C1)OC2,6.062696934e0,-3.673885018e-2,3.829038739e-1,1.276346207e0,6.025958061e0,-6.588647962e-1
train,819,CC1=CC=CC(O)CC1,4.987847328e0,-3.259811103e-1,3.829038739e-1,1.276346207e0,4.661866188e0,-1.727613688e0
train,820,CC1OCC(=O)NC1[NH-],6.498078823e0,-2.117306292e-1,3.829038739e-1,1.276346207e0,6.286348343e0,-4.548522830e-1
train,821,OC1C2OCC3OC2C31,8.073617935e0,5.029726624e-1,3.829038739e-1,1.276346207e0,8.576590538e0,1.339523673e0
train,822,ONC1COC2CC12O,6.269503117e0,1.633740664e-1,3.829038739e-1,1.276346207e0,6.432877064e0,-3.400488794e-1
train,823,C#CC(=O)C[NH+](C)CC,4.492599487e0,-5.938299894e-1,3.829038739e-1,1.276346207e0,3.898769379e0,-2.325490475e0
train,824,CC(C)C1OCC1(C)O,8.323963165e0,-2.139161676e-1,3.829038739e-1,1.276346207e0,8.110047340e0,9.739929438e-1
train,825,CC1C2CC(C)(O)C12C,8.557980537e0,-2.505122721e-1,3.829038739e-1,1.276346207e0,8.307468414e0,1.128669858e0
train,826,CCC1(CNC=O)CC1,7.632793427e0,-3.121728003e-1,3.829038739e-1,1.276346207e0,7.320620537e0,3.554869890e-1
train,827,CC12CC1C(=O)C21CO1,5.910312653e0,5.936235785e-1,3.829038739e-1,1.276346207e0,6.503936291e0,-2.843748629e-1
train,828,CNC(C#N)C1CC1O,6.990605354e0,2.199707776e-1,3.829038739e-1,1.276346207e0,7.210576057e0,2.692685127e-1
train,829,O=C1NCC2(CN2)C1=O,4.522532463e0,-6.249402761e-1,3.829038739e-1,1.276346207e0,3.897592068e0,-2.326412916e0
train,830,C#CCNC(C=O)C=O,5.170163155e0,5.774165317e-2,3.829038739e-1,1.276346207e0,5.227904797e0,-1.284129500e0
train,831,C#CCCC1OC1(C)C,8.563423157e0,-6.341891289e-1,3.829038739e-1,1.276346207e0,7.929234028e0,8.323280215e-1
train,832,C#CC12CCC1CC2C,7.703543663e0,6.192277074e-1,3.829038739e-1,1.276346207e0,8.322771072e0,1.140659332e0
train,833,OC12CC3CC4C3C1C42,8.277703285e0,7.922350764e-1,3.829038739e-1,1.276346207e0,9.069938660e0,1.726055741e0
train,834,O=C1CC2(CN2)C1CO,5.836842060e0,-1.726728827e-1,3.829038739e-1,1.276346207e0,5.664169312e0,-9.423217177e-1
train,835,CC1(O)CC12OCC2O,7.836878777e0,9.130126834e-1,3.829038739e-1,1.276346207e0,8.749891281e0,1.475302696e0
train,836,CC1=CC2OC2C1C#N,6.576991558e0,-3.315519989e-1,3.829038739e-1,1.276346207e0,6.245439529e0,-4.869038165e-1
train,837,C#CC(C=O)C(O)C#N,5.893986225e0,2.903302014e-1,3.829038739e-1,1.276346207e0,6.184316635e0,-5.347928405e-1
train,838,CC1=CCCCC12CN2,6.547059536e0,-3.957161605e-1,3.829038739e-1,1.276346207e0,6.151343346e0,-5.606269836e-1
train,839,[NH-][CH+]OC(=O)C(=O)CO,4.753829479e0,3.622531891e-1,3.829038739e-1,1.276346207e0,5.116082668e0,-1.371740699e0
train,840,Nc1c[nH]c([N+](=O)[O-])c1,3.779661417e0,-3.453188539e-1,3.829038739e-1,1.276346207e0,3.434342623e0,-2.689363003e0
train,841,CCC(C=O)(C=O)NC,5.153836727e0,6.896755658e-3,3.829038739e-1,1.276346207e0,5.160733700e0,-1.336757183e0
train,842,CNC(=O)C(=O)C1CO1,4.615050793e0,3.875434399e-1,3.829038739e-1,1.276346207e0,5.002593994e0,-1.460657716e0
train,843,Cc1ncoc1NC=O,5.736160278e0,-2.068076655e-2,3.829038739e-1,1.276346207e0,5.715479374e0,-9.021209478e-1
train,844,Cc1ccc(NC=O)[nH]1,5.208259583e0,-2.851620615e-1,3.829038739e-1,1.276346207e0,4.923097610e0,-1.522942066e0
train,845,O=C1OCC=C2CCN12,6.157936573e0,3.449655473e-1,3.829038739e-1,1.276346207e0,6.502902031e0,-2.851851881e-1
train,846,CCOc1ncc[nH]1,6.857269287e0,3.155861795e-1,3.829038739e-1,1.276346207e0,7.172855377e0,2.397148311e-1
train,847,CC1OC(C)(C)C1CO,8.299472809e0,-9.840933979e-2,3.829038739e-1,1.276346207e0,8.201063156e0,1.045302749e0
train,848,CNc1cc(C)n(C)n1,5.915755272e0,1.095849127e-1,3.829038739e-1,1.276346207e0,6.025340080e0,-6.593489647e-1
train,849,CC1(C)CC2C=CC1C2,6.884480476e0,1.924777627e-1,3.829038739e-1,1.276346207e0,7.076958179e0,1.645805836e-1
train,850,CCC1C=CC2CC2C1,6.816452026e0,1.245116219e-1,3.829038739e-1,1.276346207e0,6.940963745e0,5.803065374e-2
train,851,Cn1c(N)nnc1N,6.745702267e0,-2.693026662e-1,3.829038739e-1,1.276346207e0,6.476399422e0,-3.059496582e-1
train,852,O=C1C2C(O)C3C2C13O,6.421886921e0,2.168979729e-3,3.829038739e-1,1.276346207e0,6.424056053e0,-3.469600379e-1
train,853,CC1CC2CC(=O)C12,5.874938488e0,-4.883878529e-1,3.829038739e-1,1.276346207e0,5.386550426e0,-1.159832597e0
train,854,CNC(C#N)C1OC1C,7.469525814e0,2.830057144e-1,3.829038739e-1,1.276346207e0,7.752531528e0,6.938838363e-1
train,855,CC12CNC(C1)C([NH-])O2,7.031421661e0,1.619189829e-1,3.829038739e-1,1.276346207e0,7.193340778e0,2.557649016e-1
train,856,O=CC[NH+]1CC2CCC21,5.382411957e0,1.425482929e-1,3.829038739e-1,1.276346207e0,5.524960041e0,-1.051390409e0
train,857,CC1=C(CO)CNC1=O,6.062696934e0,-4.397073388e-1,3.829038739e-1,1.276346207e0,5.622989655e0,-9.745854735e-1
train,858,CC(C)C(=O)NCC#N,7.355237484e0,-1.038076162e0,3.829038739e-1,1.276346207e0,6.317161560e0,-4.307105243e-1
train,859,COCC1OCC1OC,8.530769348e0,-2.655018270e-1,3.829038739e-1,1.276346207e0,8.265267372e0,1.095605850e0
train,860,N#CC[NH+]1CC2CCC21,6.903528214e0,-5.816004872e-1,3.829038739e-1,1.276346207e0,6.321927547e0,-4.269764423e-1
train,861,C#Cc1[nH]cc(N)c1N,5.170163155e0,-3.261022866e-1,3.829038739e-1,1.276346207e0,4.844060898e0,-1.584866405e0
train,862,C1=CC2(CN2)C[NH+]2CC12,6.049090862e0,1.030187964e0,3.829038739e-1,1.276346207e0,7.079278946e0,1.663988829e-1
train,863,CC(C)(O)C1NC1(C)C,8.446413994e0,4.229945242e-1,3.829038739e-1,1.276346207e0,8.869408607e0,1.568943024e0
train,864,CC12C3C[NH+]1C2C3NO,6.579712868e0,1.170153767e-1,3.829038739e-1,1.276346207e0,6.696728230e0,-1.333248019e-1
train,865,[NH-]C1OC23CNC2C1C3,7.015095711e0,3.756504059e-1,3.829038739e-1,1.276346207e0,7.390746117e0,4.104294777e-1
train,866,CC1CC(C#N)C1(C)O,8.168857574e0,2.826185524e-1,3.829038739e-1,1.276346207e0,8.451476097e0,1.241498113e0
train,867,C#CC12CC[NH+]1C2C=O,5.368806362e0,-5.087772608e-1,3.829038739e-1,1.276346207e0,4.860029221e0,-1.572355390e0
train,868,CCn1cncnc1=O,5.477651596e0,-6.952289343e-1,3.829038739e-1,1.276346207e0,4.782422543e0,-1.633159280e0
train,869,O=C1C2CC3(COC13)N2,5.360642910e0,3.628343940e-1,3.829038739e-1,1.276346207e0,5.723477364e0,-8.958546519e-1
train,870,CCC(C)C(C=O)C=O,5.303499222e0,2.791050971e-1,3.829038739e-1,1.276346207e0,5.582604408e0,-1.006226778e0
train,871,CCC1C[NH+]1CCO,8.585191727e0,-2.926228344e-1,3.829038739e-1,1.276346207e0,8.292569160e0,1.116996527e0
train,872,CC1OC([NH-])CC12CC2,7.774292946e0,-3.927529454e-1,3.829038739e-1,1.276346207e0,7.381539822e0,4.032164812e-1
train,873,CC(=O)OC1C(C)C1O,6.938903332e0,-2.820994258e-1,3.829038739e-1,1.276346207e0,6.656804085e0,-1.646048725e-1
train,874,CC(O)C(O)C1OC1C,8.568865776e0,2.727884054e-1,3.829038739e-1,1.276346207e0,8.841653824e0,1.547197461e0
train,875,CCC1(C)CC1(O)CC,8.694037437e0,2.108499706e-1,3.829038739e-1,1.276346207e0,8.904887199e0,1.596740007e0
train,876,O=CN1C2C3C=CC2C31,5.880380630e0,-2.512474656e-1,3.829038739e-1,1.276346207e0,5.629133224e0,-9.697721004e-1
train,877,C#CC1C2CC3C2C13O,7.665446758e0,1.067494527e-1,3.829038739e-1,1.276346207e0,7.772196293e0,7.092909217e-1
train,878,COC(=O)C1(C)OC1C,7.287209034e0,2.425058372e-2,3.829038739e-1,1.276346207e0,7.311459541e0,3.483094573e-1
train,879,Cn1cnc(C=O)c1O,5.398738861e0,3.826607764e-2,3.829038739e-1,1.276346207e0,5.437005043e0,-1.120302081e0
train,880,C1OC2(CC2)C2CC1O2,8.699480057e0,3.765724227e-2,3.829038739e-1,1.276346207e0,8.737136841e0,1.465309739e0
train,881,CC12C[NH+](CC1=O)C2,5.591939926e0,-7.641571760e-1,3.829038739e-1,1.276346207e0,4.827782631e0,-1.597620249e0
train,882,COC1(C)C(C)C1O,8.021917343e0,-5.338751152e-2,3.829038739e-1,1.276346207e0,7.968529701e0,8.631156683e-1
train,883,CCC1OC(C)(C)C1C,8.528048515e0,-1.708650142e-1,3.829038739e-1,1.276346207e0,8.357183456e0,1.167621017e0
train,884,CC1=C(N)C2CN2C1=O,5.327989578e0,-6.457312405e-2,3.829038739e-1,1.276346207e0,5.263416290e0,-1.256306648e0
train,885,COC1COC1[NH-],7.360680103e0,-9.458835721e-1,3.829038739e-1,1.276346207e0,6.414796352e0,-3.542148769e-1
train,886,CC1NC1(C)C(O)C#N,6.971556664e0,5.368388295e-1,3.829038739e-1,1.276346207e0,7.508395672e0,5.026064515e-1
train,887,[H]N=CNC(=O)OC(C)C,6.898086548e0,3.786911964e-1,3.829038739e-1,1.276346207e0,7.276777744e0,3.211367130e-1
train,888,CC1(O)CC=CCCC1,6.840942383e0,4.909238964e-2,3.829038739e-1,1.276346207e0,6.890034676e0,1.812836900e-2
train,889,Cc1nccn1C(N)=O,5.763371468e0,-2.954186499e-1,3.829038739e-1,1.276346207e0,5.467952728e0,-1.096054912e0
train,890,Cc1c(O)cnnc1F,5.327989578e0,-4.596451223e-1,3.829038739e-1,1.276346207e0,4.868344307e0,-1.565840602e0
train,891,C#CC(=O)N(C)C(C)C,5.956572056e0,2.459340356e-2,3.829038739e-1,1.276346207e0,5.981165409e0,-6.939592957e-1
train,892,C1=C(C2CC2)C2CC1C2,6.141610146e0,4.583143592e-1,3.829038739e-1,1.276346207e0,6.599924564e0,-2.091692537e-1
train,893,CC1(C2(C#N)CO2)CC1,7.943003654e0,7.962640375e-2,3.829038739e-1,1.276346207e0,8.022629738e0,9.055023789e-1
train,894,[NH-][CH+]OCC1CC(=O)O1,7.249113560e0,-2.200116403e-2,3.829038739e-1,1.276346207e0,7.227112293e0,2.822244465e-1
train,895,CN(C=O)CC1(O)CC1,7.251834393e0,1.162004918e-1,3.829038739e-1,1.276346207e0,7.368034840e0,3.926354945e-1
train,896,C#CCC1C(O)C2NC12,8.234165192e0,-6.319063157e-2,3.829038739e-1,1.276346207e0,8.170974731e0,1.021728754e0
train,897,C1C2C3COC4C1C2C34,8.519885063e0,2.597053647e-1,3.829038739e-1,1.276346207e0,8.779590607e0,1.498571754e0
train,898,CC1(O)C2CC1C1NC12,8.329405785e0,4.703671038e-1,3.829038739e-1,1.276346207e0,8.799773216e0,1.514384508e0
train,899,COC(CO)C(C)(C)C,8.522605896e0,-4.984795153e-1,3.829038739e-1,1.276346207e0,8.024126053e0,9.066746831e-1
train,900,O=C(CO)C1(O)CC1,6.315762520e0,-6.616899371e-1,3.829038739e-1,1.276346207e0,5.654072762e0,-9.502322674e-1
train,901,O=c1[nH]c2c(o1)CCC2,6.536174774e0,-1.516513377e-1,3.829038739e-1,1.276346207e0,6.384523392e0,-3.779333830e-1
train,902,C#Cc1onc(N)c1N,5.028664112e0,1.418857574e-1,3.829038739e-1,1.276346207e0,5.170549870e0,-1.329066396e0
train,903,OCC1CC(NO)CO1,6.775634766e0,-4.878045321e-1,3.829038739e-1,1.276346207e0,6.287830353e0,-4.536911547e-1
train,904,CC12CC3CC1(O)C32,8.231444359e0,4.171562195e-1,3.829038739e-1,1.276346207e0,8.648600578e0,1.395942688e0
train,905,C[NH2+]C1OCC1[NH+](C)C,6.718491554e0,-8.466166258e-1,3.829038739e-1,1.276346207e0,5.871874809e0,-7.795870900e-1
train,906,N#CCC(C#N)CN,7.513063908e0,-1.321954280e-1,3.829038739e-1,1.276346207e0,7.380868435e0,4.026904404e-1
train,907,N#CC1CC2CNC2[NH2+]1,6.753865719e0,4.062125683e-1,3.829038739e-1,1.276346207e0,7.160078049e0,2.297039628e-1
train,908,CCc1noc(CN)n1,6.359301090e0,4.273756966e-2,3.829038739e-1,1.276346207e0,6.402038574e0,-3.642104566e-1
train,909,N#CC(O)CC#CCO,7.213738441e0,1.029521823e-1,3.829038739e-1,1.276346207e0,7.316690445e0,3.524078131e-1
train,910,C1=CCOCCOC1,6.274945736e0,-7.557264566e-1,3.829038739e-1,1.276346207e0,5.519219398e0,-1.055888176e0
train,911,CC(C)(O)CNCC#N,7.336189747e0,-5.656040157e-4,3.829038739e-1,1.276346207e0,7.335624218e0,3.672421873e-1
train,912,C#CC(O)C1CC(C)C1,8.040965080e0,7.043037415e-1,3.829038739e-1,1.276346207e0,8.745268822e0,1.471680999e0
train,913,OC1C2C3CC1(O)C2O3,8.049127579e0,-6.034195423e-1,3.829038739e-1,1.276346207e0,7.445708275e0,4.534916580e-1
train,914,C1=CC23CC2CC(C1)O3,6.362021923e0,-2.452637255e-1,3.829038739e-1,1.276346207e0,6.116758347e0,-5.877239108e-1
train,915,CCC1CC1(C)CC#N,8.560701370e0,5.587976798e-2,3.829038739e-1,1.276346207e0,8.616580963e0,1.370855689e0
train,916,C1=CC23CC2OCC1O3,5.839563370e0,5.929770470e-1,3.829038739e-1,1.276346207e0,6.432540417e0,-3.403126299e-1
train,917,O=Cc1cn(C=O)cn1,4.892607212e0,-7.715983391e-1,3.829038739e-1,1.276346207e0,4.121008873e0,-2.151368618e0
train,918,OCC1CC12C[NH+]1CC12,7.885859489e0,-3.449741602e-1,3.829038739e-1,1.276346207e0,7.540885448e0,5.280617476e-1
train,919,OC1CC2CC12[NH+]1CC1,7.910349369e0,5.309514403e-1,3.829038739e-1,1.276346207e0,8.441300392e0,1.233525515e0
train,920,Nc1cc(O)[nH]c1O,6.008274078e0,2.933145165e-1,3.829038739e-1,1.276346207e0,6.301588535e0,-4.429117739e-1
train,921,N#Cc1cc[nH]n1,6.598761082e0,2.715859935e-2,3.829038739e-1,1.276346207e0,6.625919819e0,-1.888023019e-1
train,922,OCCC1(O)C2COC21,7.975656986e0,-9.130936861e-2,3.829038739e-1,1.276346207e0,7.884347439e0,7.971599102e-1
train,923,OC1C[NH+]2CC3CCC132,7.325304985e0,4.925949275e-1,3.829038739e-1,1.276346207e0,7.817899704e0,7.450989485e-1
train,924,N#CC1NCC1[NH+]1CC1,7.006931782e0,-6.382117420e-2,3.829038739e-1,1.276346207e0,6.943110466e0,5.971258506e-2
train,925,CC12C3CC4[CH-]C3C1C42,3.227270365e0,-4.886075854e-1,3.829038739e-1,1.276346207e0,2.738662720e0,-3.234419346e0
train,926,[NH-][CH+]OC12CC[NH+](C1)C2,6.865432262e0,3.907297924e-2,3.829038739e-1,1.276346207e0,6.904505253e0,2.946588397e-2
train,927,CCC1([NH+]2CC2)CC1O,8.255934715e0,5.232872367e-1,3.829038739e-1,1.276346207e0,8.779221535e0,1.498282552e0
train,928,ONC1CC2CC1(O)C2,6.922576904e0,4.478567094e-2,3.829038739e-1,1.276346207e0,6.967362404e0,7.871367037e-2
train,929,CC(=O)C1CCCC1O,6.198753357e0,4.571258724e-1,3.829038739e-1,1.276346207e0,6.655879021e0,-1.653296500e-1
train,930,Cc1cc(C#N)c(N)[nH]1,5.662689686e0,3.958654702e-1,3.829038739e-1,1.276346207e0,6.058555126e0,-6.333253980e-1
train,931,CC1(C(=O)NC=O)CO1,5.842284679e0,1.789318174e-1,3.829038739e-1,1.276346207e0,6.021216393e0,-6.625798345e-1
train,932,CCC1OCCC(=O)O1,7.401497364e0,-3.108670712e-1,3.829038739e-1,1.276346207e0,7.090630531e0,1.752927005e-1
train,933,CC1(O)COC1CCO,8.438250542e0,7.316190749e-2,3.829038739e-1,1.276346207e0,8.511412621e0,1.288457632e0
train,934,CC(=O)CC12CC[NH+]1C2,5.967456818e0,7.070775628e-1,3.829038739e-1,1.276346207e0,6.674534321e0,-1.507134587e-1
train,935,CC1([NH+]2CC2)C2CCC21,8.427366257e0,-2.948922664e-2,3.829038739e-1,1.276346207e0,8.397876740e0,1.199503660e0
train,936,C#CC12OC3C(C1=O)C32,5.880380630e0,-1.868578196e-1,3.829038739e-1,1.276346207e0,5.693522930e0,-9.193235636e-1
train,937,CCC12CC1CCC2C,9.064112663e0,-5.468308330e-1,3.829038739e-1,1.276346207e0,8.517281532e0,1.293055892e0
train,938,COCc1noc(C)n1,6.598761082e0,-7.520657778e-1,3.829038739e-1,1.276346207e0,5.846695423e0,-7.993147969e-1
train,939,CCC1(C)CC1C=O,6.157936573e0,-3.624285758e-1,3.829038739e-1,1.276346207e0,5.795507908e0,-8.394196033e-1
train,940,CC1C(O)C2(O)C(C)C12,8.511721611e0,-1.521494240e-1,3.829038739e-1,1.276346207e0,8.359572411e0,1.169492722e0
train,941,O=CC(O)C1=NCCO1,5.991947174e0,6.176839471e-1,3.829038739e-1,1.276346207e0,6.609631062e0,-2.015643418e-1
train,942,N#CC(O)CC1CO1,7.834157944e0,-5.365475640e-2,3.829038739e-1,1.276346207e0,7.780503273e0,7.157993317e-1
train,943,C#CCC(OC)C1CC1,7.991984367e0,-1.099755988e-1,3.829038739e-1,1.276346207e0,7.882008553e0,7.953274250e-1
train,944,OCC1C2OCC12O,7.825994968e0,-1.059366688e-1,3.829038739e-1,1.276346207e0,7.720058441e0,6.684415340e-1
train,945,COCC1(C)CN1,8.598798752e0,-4.207594991e-1,3.829038739e-1,1.276346207e0,8.178039551e0,1.027263999e0
train,946,OCC1CC12C=CCO2,6.138888836e0,-1.071474105e-1,3.829038739e-1,1.276346207e0,6.031741619e0,-6.543334723e-1
train,947,CCC1OC1C(C)(C)C,9.050506592e0,4.251242280e-1,3.829038739e-1,1.276346207e0,9.475630760e0,2.043910503e0
train,948,CC1=CN(C=O)CC1C,5.605545521e0,1.575996727e-1,3.829038739e-1,1.276346207e0,5.763144970e0,-8.647755384e-1
train,949,COCCc1ncc[nH]1,6.859990120e0,2.834900282e-2,3.829038739e-1,1.276346207e0,6.888339043e0,1.679986157e-2
train,950,CC#CC(C)(C#N)CO,7.616467476e0,-2.320778370e-1,3.829038739e-1,1.276346207e0,7.384389877e0,4.054494500e-1
train,951,CC12C([NH-])OC1C1NC12,7.360680103e0,-5.167543888e-1,3.829038739e-1,1.276346207e0,6.843925476e0,-1.799760945e-2
train,952,O=CC12C3C4C[NH+]1C2C43,5.548401356e0,-9.863378406e-1,3.829038739e-1,1.276346207e0,4.562063694e0,-1.805807590e0
train,953,C#CC1C2CC([NH-])OC12,7.170200348e0,2.767361104e-1,3.829038739e-1,1.276346207e0,7.446936607e0,4.544540346e-1
train,954,CNC(=O)OCC(N)=O,7.123940468e0,2.316679806e-2,3.829038739e-1,1.276346207e0,7.147107124e0,2.195414007e-1
train,955,CC1(O)CC2C3CC1C32,8.827373505e0,-6.066257358e-1,3.829038739e-1,1.276346207e0,8.220747948e0,1.060725451e0
train,956,[H]N=CN(C=NC)CC#C,5.967456818e0,-3.752241284e-2,3.829038739e-1,1.276346207e0,5.929934502e0,-7.340980768e-1
train,957,COCCCC(C)CO,8.909008026e0,1.691640466e-1,3.829038739e-1,1.276346207e0,9.078171730e0,1.732506275e0
train,958,CC1C2C(O)C2C12CN2,8.500837326e0,2.221918553e-1,3.829038739e-1,1.276346207e0,8.723029137e0,1.454256535e0
train,959,CCC1NC1(C)C#N,7.749802589e0,2.726346552e-1,3.829038739e-1,1.276346207e0,8.022437096e0,9.053514600e-1
train,960,C#CC(O)C1NC1C,7.553880215e0,5.417003483e-2,3.829038739e-1,1.276346207e0,7.608050346e0,5.806846023e-1
train,961,CC1C(O)C2CC12C,8.536211014e0,-4.596108794e-1,3.829038739e-1,1.276346207e0,8.076600075e0,9.477874637e-1
train,962,C#CC1CCC1[NH+]1CC1,7.635515213e0,6.126899645e-2,3.829038739e-1,1.276346207e0,7.696784019e0,6.502063274e-1
train,963,C1C2C1C1CC2C2CC21,9.428745270e0,3.382506073e-1,3.829038739e-1,1.276346207e0,9.766995430e0,2.272191048e0
train,964,C#CC(=O)C(C)C(C)C,5.518469334e0,-1.614371181e0,3.829038739e-1,1.276346207e0,3.904098034e0,-2.321315527e0
train,965,CCC1(CC)CC(O)C1,8.846421242e0,4.604538437e-3,3.829038739e-1,1.276346207e0,8.851025581e0,1.554540157e0
train,966,CC1(C)C2CC3C2[NH+]31,8.813768387e0,8.258155733e-2,3.829038739e-1,1.276346207e0,8.896349907e0,1.590051174e0
train,967,CC1=CC2NC3C1C23O,6.171542168e0,-4.106227681e-2,3.829038739e-1,1.276346207e0,6.130479813e0,-5.769733191e-1
train,968,C1CC2(O1)C1COC2C1,8.274982452e0,-9.278795682e-3,3.829038739e-1,1.276346207e0,8.265703201e0,1.095947385e0
train,969,O=C1CC2OC(=O)C1O2,5.453161716e0,-6.552905440e-1,3.829038739e-1,1.276346207e0,4.797871113e0,-1.621055484e0
train,970,CC12CCCC1[NH+]1CC12,8.266819000e0,1.302000787e-2,3.829038739e-1,1.276346207e0,8.279838562e0,1.107022285e0
train,971,OCC[NH+]1C2CCCC21,8.323963165e0,2.677309811e-1,3.829038739e-1,1.276346207e0,8.591693878e0,1.351356983e0
train,972,O=CC1(O)C2NC(=O)C21,5.279008865e0,6.352095604e-1,3.829038739e-1,1.276346207e0,5.914218426e0,-7.464113832e-1
train,973,CC1[NH+]2CC(O)C12C#N,6.876317024e0,4.432857931e-1,3.829038739e-1,1.276346207e0,7.319602966e0,3.546897173e-1
train,974,COC1C=CC(O)CC1,6.966114998e0,-1.505319178e-1,3.829038739e-1,1.276346207e0,6.815583229e0,-4.020340368e-2
train,975,CC1(C)CCC2CC1C2,9.507658958e0,3.707170486e-1,3.829038739e-1,1.276346207e0,9.878376007e0,2.359456301e0
train,976,CC(C)CC(C)C(C)O,8.884517670e0,1.617374718e-1,3.829038739e-1,1.276346207e0,9.046255112e0,1.707499981e0
train,977,CC1=CC2CC1C(=O)N2,5.948409081e0,3.702109158e-1,3.829038739e-1,1.276346207e0,6.318620205e0,-4.295676947e-1
train,978,CC1(C)C2COC=NC21,6.884480476e0,1.588493884e-1,3.829038739e-1,1.276346207e0,7.043329716e0,1.382331103e-1
train,979,C#CC1NCC(O)C1=O,5.417787075e0,4.389278889e-1,3.829038739e-1,1.276346207e0,5.856715202e0,-7.914644480e-1
train,980,CCNC(=O)C1CO1,7.208295822e0,1.008832157e-1,3.829038739e-1,1.276346207e0,7.309178829e0,3.465225399e-1
train,981,CC1NC1C=O,6.040927887e0,-7.349999249e-2,3.829038739e-1,1.276346207e0,5.967427731e0,-7.047225833e-1
train,982,Cc1coc(=O)c(N)n1,4.446340084e0,6.268427968e-1,3.829038739e-1,1.276346207e0,5.073183060e0,-1.405351996e0
train,983,CC(O)CCCCCO,9.088603020e0,-1.576276869e-1,3.829038739e-1,1.276346207e0,8.930974960e0,1.617179394e0
train,984,CC1CC1(C)C1CCO1,8.862749100e0,6.530798078e-1,3.829038739e-1,1.276346207e0,9.515829086e0,2.075405359e0
train,985,CCCC(C)(C=O)OC,5.790582657e0,-7.648670673e-2,3.829038739e-1,1.276346207e0,5.714096069e0,-9.032047391e-1
train,986,COCC#CCC(C)O,7.608303070e0,-6.268349290e-2,3.829038739e-1,1.276346207e0,7.545619488e0,5.317708254e-1
train,987,CC(O)CC(C)(O)CO,8.013752937e0,8.363695443e-2,3.829038739e-1,1.276346207e0,8.097390175e0,9.640762210e-1
train,988,NC(=O)C1CC(O)C1=O,5.404181004e0,-1.925024092e-1,3.829038739e-1,1.276346207e0,5.211678505e0,-1.296842575e0
train,989,CC1(O)CC1(O)C1CO1,8.509000778e0,3.079412282e-1,3.829038739e-1,1.276346207e0,8.816942215e0,1.527836204e0
train,990,CCCC1CC(O)C1O,8.261377335e0,6.802749038e-1,3.829038739e-1,1.276346207e0,8.941652298e0,1.625545025e0
train,991,CCn1cnc(=O)cn1,4.955193520e0,-2.106530517e-1,3.829038739e-1,1.276346207e0,4.744540691e0,-1.662839174e0
train,992,CC12C=CC(C1)C2=O,6.702164173e0,-1.339700520e-1,3.829038739e-1,1.276346207e0,6.568193913e0,-2.340298295e-1
train,993,N#Cc1ncco1,5.659968376e0,-5.585063696e-1,3.829038739e-1,1.276346207e0,5.101461887e0,-1.383195877e0
train,994,Cc1c(N)nn[nH+]c1[NH-],4.155179024e0,1.443060637e-1,3.829038739e-1,1.276346207e0,4.299485207e0,-2.011534691e0
train,995,CN1N=COC([NH-])=C1[NH-],4.903491497e0,1.487570852e-1,3.829038739e-1,1.276346207e0,5.052248478e0,-1.421754003e0
train,996,CCC(O)CC(=O)CO,6.473588943e0,-6.290287524e-2,3.829038739e-1,1.276346207e0,6.410686016e0,-3.574352860e-1
train,997,C#CC(=O)C[NH+]1CC1C,4.908934116e0,-1.091090217e-1,3.829038739e-1,1.276346207e0,4.799825191e0,-1.619524479e0
train,998,CC(N)C(N)(C#N)CO,7.447756290e0,3.706937134e-1,3.829038739e-1,1.276346207e0,7.818449974e0,7.455300689e-1
train,999,CC1CC2CC1CC2=O,6.070860386e0,3.936963379e-1,3.829038739e-1,1.276346207e0,6.464556694e0,-3.152282834e-1
train,1000,CC1OCC1NCC#N,7.240949631e0,5.737007260e-1,3.829038739e-1,1.276346207e0,7.814650536e0,7.425532937e-1
train,1001,CC1CC(C2CN2)O1,8.560701370e0,-9.267467260e-1,3.829038739e-1,1.276346207e0,7.633954525e0,6.009802222e-1
train,1002,CN1C=CC(C)(O)C1=O,5.404181004e0,1.123399064e-1,3.829038739e-1,1.276346207e0,5.516520977e0,-1.058002353e0
train,1003,CC1CC2(CN2)C1NO,6.283109188e0,-8.122654259e-2,3.829038739e-1,1.276346207e0,6.201882839e0,-5.210299492e-1
train,1004,CC(=O)CCCC1CC1,6.372906685e0,3.636073470e-1,3.829038739e-1,1.276346207e0,6.736514091e0,-1.021530777e-1
train,1005,N#CC#CC1(O)COC1,5.812351704e0,-2.861762643e-1,3.829038739e-1,1.276346207e0,5.526175499e0,-1.050438166e0
train,1006,CCC1COCC1=O,5.850448132e0,-4.474106431e-1,3.829038739e-1,1.276346207e0,5.403037548e0,-1.146915197e0
train,1007,CC1(C)NC1C(O)C#N,7.396054745e0,-1.418035626e-1,3.829038739e-1,1.276346207e0,7.254251003e0,3.034872711e-1
train,1008,O=C1C2CCC1O2,6.405560493e0,2.447627112e-2,3.829038739e-1,1.276346207e0,6.430036545e0,-3.422743976e-1
train,1009,CC12CC(C(N)=O)C1C2,7.439593315e0,-2.674770355e-1,3.829038739e-1,1.276346207e0,7.172116280e0,2.391357571e-1
train,1010,OC1CC2CC1O2,8.892680168e0,1.682292856e-2,3.829038739e-1,1.276346207e0,8.909502983e0,1.600356460e0
train,1011,CC(C)C12C3C4C(C31)[NH+]42,7.657283783e0,5.490218997e-1,3.829038739e-1,1.276346207e0,8.206305504e0,1.049409986e0
train,1012,CCC12CCC1C2(C)O,8.383827209e0,-3.656178713e-1,3.829038739e-1,1.276346207e0,8.018209457e0,9.020391107e-1
train,1013,CC1C(O)C2(O)COC12,8.021917343e0,-2.843719348e-2,3.829038739e-1,1.276346207e0,7.993480206e0,8.826640844e-1
train,1014,CC(C#N)C(O)C#N,8.386548996e0,-6.168757081e-1,3.829038739e-1,1.276346207e0,7.769673347e0,7.073141932e-1
train,1015,N#CCC12CC1OCO2,7.526669502e0,2.524703741e-1,3.829038739e-1,1.276346207e0,7.779139996e0,7.147312164e-1
train,1016,CC12C3CC=CC1C2O3,6.459982872e0,-7.003439069e-1,3.829038739e-1,1.276346207e0,5.759638786e0,-8.675225973e-1
train,1017,OC1CCC12CCCC2,8.566143990e0,4.936881363e-1,3.829038739e-1,1.276346207e0,9.059832573e0,1.718137741e0
train,1018,CC12C3CC1C3C1C[NH+]12,8.802883148e0,-2.641594410e-1,3.829038739e-1,1.276346207e0,8.538723946e0,1.309855700e0
train,1019,COC(C#N)CCCO,7.896743774e0,2.500979304e-1,3.829038739e-1,1.276346207e0,8.146842003e0,1.002821088e0
train,1020,CNc1ccccc1O,5.450440407e0,-3.424017429e-1,3.829038739e-1,1.276346207e0,5.108038902e0,-1.378042936e0
train,1021,O=C1OCC2CC(O)C12,7.066796780e0,-9.600353986e-2,3.829038739e-1,1.276346207e0,6.970793247e0,8.140169084e-2
train,1022,C1CC2C3CCC1C23,9.194727898e0,1.387992948e-1,3.829038739e-1,1.276346207e0,9.333527565e0,1.932574391e0
train,1023,OC1CC2(O)C=CC1C2,6.900807381e0,-7.128462940e-2,3.829038739e-1,1.276346207e0,6.829522610e0,-2.928207442e-2
train,1024,C#CC[NH+]1CC1C(N)=O,6.489915371e0,2.455251515e-1,3.829038739e-1,1.276346207e0,6.735440731e0,-1.029940471e-1
train,1025,N#CC1C2CC1C1CC21,8.318520546e0,2.734985054e-1,3.829038739e-1,1.276346207e0,8.592019081e0,1.351611733e0
train,1026,N#CC12CC[NH+]3CC1C32,7.287209034e0,-4.356243089e-2,3.829038739e-1,1.276346207e0,7.243646622e0,2.951788902e-1
train,1027,Cc1c(CO)nnn1C,6.617809296e0,-3.111946210e-2,3.829038739e-1,1.276346207e0,6.586689949e0,-2.195384055e-1
train,1028,O=Cn1ccc(O)c1O,4.560628414e0,2.875627279e-1,3.829038739e-1,1.276346207e0,4.848191261e0,-1.581630230e0
train,1029,CC1C(N)C2(C#N)C[NH+]12,6.748423576e0,-2.175945342e-1,3.829038739e-1,1.276346207e0,6.530828953e0,-2.633047998e-1
train,1030,OCC12COCCC1N2,8.808325768e0,-2.803826332e-1,3.829038739e-1,1.276346207e0,8.527942657e0,1.301408648e0
train,1031,CC(CC1CCC1)=NO,6.903528214e0,1.237346604e-1,3.829038739e-1,1.276346207e0,7.027262688e0,1.256447881e-1
train,1032,CC1OC(=O)C1(O)C=O,5.744323254e0,-7.181024551e-2,3.829038739e-1,1.276346207e0,5.672513008e0,-9.357845783e-1
train,1033,CCCCC1(C)CC1O,9.061391830e0,-4.682722092e-1,3.829038739e-1,1.276346207e0,8.593119621e0,1.352473974e0
train,1034,CC1(C=O)CCCC1=O,5.466767311e0,7.368955761e-2,3.829038739e-1,1.276346207e0,5.540456772e0,-1.039248943e0
train,1035,CC#Cc1[nH]cnc1N,5.066760063e0,3.218130171e-1,3.829038739e-1,1.276346207e0,5.388573170e0,-1.158247828e0
train,1036,CC1=CC(O)C(=O)C1=O,3.836805344e0,-1.906588376e-1,3.829038739e-1,1.276346207e0,3.646146536e0,-2.523417234e0
train,1037,CC1C2CC3C1C23C#N,7.542996407e0,-1.382420957e-1,3.829038739e-1,1.276346207e0,7.404754162e0,4.214046299e-1
train,1038,CC(C=O)OCC#N,6.166100025e0,-4.406057671e-2,3.829038739e-1,1.276346207e0,6.122039318e0,-5.835863352e-1
train,1039,COC(=O)C1CO[CH+][NH2+]1,6.772913933e0,-5.159865618e-1,3.829038739e-1,1.276346207e0,6.256927490e0,-4.779031575e-1
train,1040,CC1CCC(C)C1C=O,6.038206577e0,-8.060531020e-1,3.829038739e-1,1.276346207e0,5.232153416e0,-1.280800819e0
train,1041,COC1C(O)C1[NH+]1CC1,8.051848412e0,-1.073062122e-1,3.829038739e-1,1.276346207e0,7.944542408e0,8.443219066e-1
train,1042,CCC1COCC1CO,8.582470894e0,-2.221197784e-1,3.829038739e-1,1.276346207e0,8.360351562e0,1.170103192e0
train,1043,OC1[CH-]C2CC[NH+]3C1C23,5.665410519e0,-3.043906987e-1,3.829038739e-1,1.276346207e0,5.361019611e0,-1.179835677e0
train,1044,C#CCC(O)C(N)=O,7.542996407e0,-4.017471969e-1,3.829038739e-1,1.276346207e0,7.141249180e0,2.149517685e-1
train,1045,CC1CC(CO)OC=N1,7.357958317e0,-1.627204418e-1,3.829038739e-1,1.276346207e0,7.195238113e0,2.572514415e-1
train,1046,CNC12COC1CC2=O,5.074923515e0,-1.831393987e-1,3.829038739e-1,1.276346207e0,4.891784191e0,-1.547475815e0
train,1047,CC1C(O)C2COC12,8.294030190e0,1.290669441e-1,3.829038739e-1,1.276346207e0,8.423097610e0,1.219263911e0
train,1048,C#CC(=NO)C(C)CC,5.681737423e0,2.173189223e-1,3.829038739e-1,1.276346207e0,5.899056435e0,-7.582906485e-1
train,1049,Cn1nc2c(n1)OCC2,5.828679085e0,-3.924475312e-1,3.829038739e-1,1.276346207e0,5.436231613e0,-1.120908022e0
train,1050,Cn1nccc1CC=O,5.477651596e0,9.686609358e-2,3.829038739e-1,1.276346207e0,5.574517727e0,-1.012562633e0
train,1051,N#CC(N)C#CC1CN1,6.723933220e0,1.482651085e-1,3.829038739e-1,1.276346207e0,6.872198105e0,4.153639544e-3
train,1052,OC12CC1C=CC21CC1,6.362021923e0,2.933169007e-1,3.829038739e-1,1.276346207e0,6.655338764e0,-1.657529324e-1
train,1053,CC(=O)C1NC1(C)C,6.005552769e0,3.126047850e-1,3.829038739e-1,1.276346207e0,6.318157673e0,-4.299300909e-1
train,1054,C#CC1(C)OC1CC,7.787898064e0,6.347734332e-1,3.829038739e-1,1.276346207e0,8.422671318e0,1.218929887e0
train,1055,CC(=O)C(O)CCCO,6.481751919e0,2.836625092e-2,3.829038739e-1,1.276346207e0,6.510118008e0,-2.795315683e-1
train,1056,CC1C2CCCC1C2O,8.884517670e0,-4.569061100e-1,3.829038739e-1,1.276346207e0,8.427611351e0,1.222800374e0
train,1057,c1cc2cconc-2c1,3.567412615e0,-3.733924925e-1,3.829038739e-1,1.276346207e0,3.194020033e0,-2.877652645e0
train,1058,COCC1CC1(C)CO,8.756624222e0,-7.431677580e-1,3.829038739e-1,1.276346207e0,8.013456345e0,8.983151317e-1
train,1059,C#CC1(C(N)=O)CC1O,6.721211910e0,-2.066183388e-1,3.829038739e-1,1.276346207e0,6.514593601e0,-2.760249972e-1
train,1060,C#CCC1CC(=O)O1,7.619187832e0,7.424501330e-2,3.829038739e-1,1.276346207e0,7.693432808e0,6.475806832e-1
train,1061,OC1C2C3C=CC(C3)C12,6.851827145e0,-3.410976147e-3,3.829038739e-1,1.276346207e0,6.848416328e0,-1.447908394e-2
train,1062,CC12CCC1C1CCC12,8.759345055e0,-5.295801535e-2,3.829038739e-1,1.276346207e0,8.706386566e0,1.441217303e0
train,1063,CCC(C)CC(O)C#N,8.498115540e0,1.149708554e-1,3.829038739e-1,1.276346207e0,8.613086700e0,1.368117929e0
train,1064,CC(=O)NC=O,6.021879673e0,-1.292615235e-1,3.829038739e-1,1.276346207e0,5.892618179e0,-7.633349299e-1
train,1065,C1=CC2NC2C2CCC12,6.560665131e0,3.225626349e-1,3.829038739e-1,1.276346207e0,6.883227825e0,1.279528625e-2
train,1066,CC12OC3[NH2+]CC1(O)C32,4.519811153e0,2.656971216e-1,3.829038739e-1,1.276346207e0,4.785508156e0,-1.630741715e0
train,1067,CC12C(C=O)C3CC1C32,5.823236465e0,2.022834271e-1,3.829038739e-1,1.276346207e0,6.025519848e0,-6.592081189e-1
train,1068,Cc1cc(C2CO2)on1,6.378348827e0,-2.555131614e-1,3.829038739e-1,1.276346207e0,6.122835636e0,-5.829624534e-1
train,1069,CCOC12C3C4C1[NH+]4C32,7.537554264e0,4.143157005e-1,3.829038739e-1,1.276346207e0,7.951869965e0,8.500629663e-1
train,1070,CC1OC2C(C)C(C)C12,8.291309357e0,-4.356896579e-1,3.829038739e-1,1.276346207e0,7.855619907e0,7.746522427e-1
train,1071,O=c1occ2n1CCC2,6.293993473e0,1.404951233e-2,3.829038739e-1,1.276346207e0,6.308043003e0,-4.378547966e-1
train,1072,CC(C)C1CC=CCC1,7.298093796e0,-8.472108245e-1,3.829038739e-1,1.276346207e0,6.450882912e0,-3.259415329e-1
train,1073,O=C1OCC2(O)CC12O,6.933460712e0,-3.275474608e-1,3.829038739e-1,1.276346207e0,6.605913162e0,-2.044772655e-1
train,1074,CC1CNC(=O)NC=N1,6.530732632e0,-2.814165354e-1,3.829038739e-1,1.276346207e0,6.249316216e0,-4.838664830e-1
train,1075,O=Cn1cnc(O)n1,5.474930763e0,-9.720258117e-1,3.829038739e-1,1.276346207e0,4.502904892e0,-1.852157831e0
train,1076,CC1=CC2(C)CC1(C)O2,6.359301090e0,-5.606021285e-1,3.829038739e-1,1.276346207e0,5.798698902e0,-8.369194865e-1
train,1077,CC(=O)CC(C)NC=O,5.771534920e0,1.852173656e-1,3.829038739e-1,1.276346207e0,5.956752300e0,-7.130866647e-1
train,1078,CC1C(O)C2C(=O)NC12,7.360680103e0,2.090916783e-1,3.829038739e-1,1.276346207e0,7.569771767e0,5.506938100e-1
train,1079,CC12NC1C(C=O)C2O,5.474930763e0,-3.665521145e-1,3.829038739e-1,1.276346207e0,5.108378410e0,-1.377776980e0
train,1080,C1=Cc2n[nH]cc2CC1,5.518469334e0,6.136322618e-1,3.829038739e-1,1.276346207e0,6.132101536e0,-5.757027268e-1
train,1081,N#CCOC(=O)N1CC1,7.583813190e0,1.686793268e-1,3.829038739e-1,1.276346207e0,7.752492428e0,6.938531995e-1
train,1082,OC1CC=C2CC(O)C21,6.770192623e0,-4.339582324e-1,3.829038739e-1,1.276346207e0,6.336234570e0,-4.157670438e-1
train,1083,CC1C2CC3(C)OC2C13,8.715806961e0,-8.415221423e-2,3.829038739e-1,1.276346207e0,8.631654739e0,1.382665753e0
train,1084,CC1C2C3C(C[NH+]23)[NH+]1C,7.711706638e0,-1.096600145e-1,3.829038739e-1,1.276346207e0,7.602046490e0,5.759806633e-1
train,1085,CCC(C)(C)C1CO1,9.219218254e0,-1.592411846e-1,3.829038739e-1,1.276346207e0,9.059977531e0,1.718251348e0
train,1086,CCC1(CC2CO2)CC1,9.189285278e0,3.136703372e-1,3.829038739e-1,1.276346207e0,9.502955437e0,2.065319061e0
train,1087,CC1(C)CC1NC=O,7.363400936e0,-2.462443560e-1,3.829038739e-1,1.276346207e0,7.117156506e0,1.960754693e-1
train,1088,CC1C2CC3CC3C12O,8.487231255e0,2.049077898e-1,3.829038739e-1,1.276346207e0,8.692138672e0,1.430054188e0
train,1089,Nc1cc(=O)[nH]nc1O,4.805530548e0,3.761055171e-1,3.829038739e-1,1.276346207e0,5.181635857e0,-1.320380688e0
train,1090,CC1CCC2(C1)OC2C,9.064112663e0,6.725329161e-2,3.829038739e-1,1.276346207e0,9.131365776e0,1.774183154e0
train,1091,C#CCNc1c[nH]nn1,5.815073013e0,1.704628170e-1,3.829038739e-1,1.276346207e0,5.985535622e0,-6.905352473e-1
train,1092,N#CC(O)CCC1CO1,7.812388420e0,2.929378450e-1,3.829038739e-1,1.276346207e0,8.105326653e0,9.702943563e-1
train,1093,N#Cc1[nH]nnc1N,5.096692562e0,-1.045667380e-2,3.829038739e-1,1.276346207e0,5.086236000e0,-1.395125270e0
train,1094,CC(C)C12OC3C1OC32,7.972936153e0,-4.393607378e-3,3.829038739e-1,1.276346207e0,7.968542576e0,8.631257415e-1
train,1095,N#CCC1(N)C[NH+]2CC21,7.115777493e0,3.612346714e-3,3.829038739e-1,1.276346207e0,7.119390011e0,1.978253871e-1
train,1096,CC(C#N)C(C)C(N)=O,7.257276535e0,2.436043620e-1,3.829038739e-1,1.276346207e0,7.500880718e0,4.967185557e-1
train,1097,CCC#CC1CC(C)C1,7.953887463e0,4.476249516e-1,3.829038739e-1,1.276346207e0,8.401512146e0,1.202351928e0
train,1098,Cc1cc[nH]c1CO,6.367464066e0,4.190436304e-1,3.829038739e-1,1.276346207e0,6.786507607e0,-6.298378855e-2
train,1099,CN=C(C=O)N1CCC1,4.215043545e0,5.240015984e-1,3.829038739e-1,1.276346207e0,4.739045143e0,-1.667144895e0
train,1100,[NH-]C1NC(C=O)C1O,5.809630871e0,5.468798876e-1,3.829038739e-1,1.276346207e0,6.356510639e0,-3.998810053e-1
train,1101,CNc1ncoc(=O)n1,5.760650635e0,-5.536311865e-1,3.829038739e-1,1.276346207e0,5.207019329e0,-1.300493002e0
train,1102,C#Cc1coc(C#C)n1,5.167441845e0,2.402531952e-1,3.829038739e-1,1.276346207e0,5.407694817e0,-1.143266320e0
train,1103,OC1C=CCC2CC1O2,7.091287136e0,3.915794566e-2,3.829038739e-1,1.276346207e0,7.130445004e0,2.064868361e-1
train,1104,N#CC1C(O)C1CO,7.850484848e0,-4.404021427e-2,3.829038739e-1,1.276346207e0,7.806444645e0,7.361240387e-1
train,1105,C1CC2(C1)CCC1CC12,9.338947296e0,2.397791594e-1,3.829038739e-1,1.276346207e0,9.578726768e0,2.124684811e0
train,1106,C#CC#CC(C#C)CC,6.223243713e0,3.622516096e-1,3.829038739e-1,1.276346207e0,6.585495472e0,-2.204742730e-1
train,1107,CC1C2CCCC1C2C,9.387928009e0,2.383168042e-1,3.829038739e-1,1.276346207e0,9.626244545e0,2.161914349e0
train,1108,C[NH2+][CH+]OCC#CC#N,5.638199329e0,-1.083864197e-1,3.829038739e-1,1.276346207e0,5.529812813e0,-1.047588348e0
train,1109,C#CC(O)C(C#N)NC,7.336189747e0,1.473408490e-1,3.829038739e-1,1.276346207e0,7.483530521e0,4.831249118e-1
train,1110,COC1C(C)C2(O)CC12,8.378385544e0,-1.787386462e-2,3.829038739e-1,1.276346207e0,8.360511780e0,1.170228720e0
train,1111,OC1CCC2C3C[NH+]3C12,7.597418785e0,2.920597792e-1,3.829038739e-1,1.276346207e0,7.889478683e0,8.011801839e-1
train,1112,O=C1OC2C3C=CC2C13,5.692621708e0,-1.440909207e-1,3.829038739e-1,1.276346207e0,5.548530579e0,-1.032923222e0
train,1113,CC(C)N=C(N)NC=O,5.902149677e0,-3.816019893e-1,3.829038739e-1,1.276346207e0,5.520547867e0,-1.054847360e0
train,1114,OC1CC1C(F)(F)F,8.944382668e0,-3.518165052e-1,3.829038739e-1,1.276346207e0,8.592566490e0,1.352040648e0
train,1115,CC(O)C1[NH2+][CH+]NC1[NH-],6.046370029e0,-6.413028240e-1,3.829038739e-1,1.276346207e0,5.405067444e0,-1.145324826e0
train,1116,CC1C(=O)CC1C#N,6.032763958e0,2.493647188e-1,3.829038739e-1,1.276346207e0,6.282128811e0,-4.581582248e-1
train,1117,[NH-]C1OCC2(O)CC12,7.542996407e0,5.480780452e-2,3.829038739e-1,1.276346207e0,7.597804070e0,5.726568103e-1
train,1118,O=C1CC2(C3CC3)CN12,6.462704182e0,-4.955826104e-1,3.829038739e-1,1.276346207e0,5.967121601e0,-7.049624324e-1
train,1119,CC(=O)C1=CCC2NC12,5.113019466e0,-3.851432502e-1,3.829038739e-1,1.276346207e0,4.727876186e0,-1.675895691e0
train,1120,CC1(C)CCC(CO)C1,9.276361465e0,6.753919274e-2,3.829038739e-1,1.276346207e0,9.343900681e0,1.940701604e0
train,1121,COC1C2OCC3C1C32,8.424644470e0,4.963552058e-1,3.829038739e-1,1.276346207e0,8.920999527e0,1.609363794e0
train,1122,CC1NC2(C#N)C(N)C12,6.389233112e0,1.340881735e-1,3.829038739e-1,1.276346207e0,6.523321152e0,-2.691870630e-1
train,1123,OC12CCC3CC3C1C2,8.609682083e0,-4.694037437e-1,3.829038739e-1,1.276346207e0,8.140277863e0,9.976782203e-1
train,1124,C#CC(O)C(=O)C(C)=O,4.296678066e0,1.497289985e-1,3.829038739e-1,1.276346207e0,4.446406841e0,-1.896423340e0
train,1125,CC12OC1CC=C2C#N,5.738881111e0,7.144732028e-2,3.829038739e-1,1.276346207e0,5.810328484e0,-8.278078437e-1
train,1126,NC1=CC(=O)CCC1O,5.314383507e0,-2.200804651e-2,3.829038739e-1,1.276346207e0,5.292375565e0,-1.233617425e0
train,1127,CC1(CO)CC1CO,8.971593857e0,-5.655743554e-2,3.829038739e-1,1.276346207e0,8.915036201e0,1.604691625e0
train,1128,CNC(=O)C1OC1CO,7.238228798e0,-5.042447448e-1,3.829038739e-1,1.276346207e0,6.733983994e0,-1.041353792e-1
train,1129,CNc1cn[nH]c1C,5.885822773e0,3.827247322e-1,3.829038739e-1,1.276346207e0,6.268547535e0,-4.687989950e-1
train,1130,Cc1nc(F)nc(=O)o1,5.945687771e0,-7.777721435e-2,3.829038739e-1,1.276346207e0,5.867910385e0,-7.826931477e-1
train,1131,C[NH2+]C1NC([NH-])OCO1,6.813731194e0,1.687310934e-1,3.829038739e-1,1.276346207e0,6.982462406e0,9.054433554e-2
train,1132,CNC1(C#N)COC1=O,6.473588943e0,-4.532274604e-1,3.829038739e-1,1.276346207e0,6.020361423e0,-6.632496715e-1
train,1133,CC1CC1C1(C)CO1,9.069554329e0,9.556111693e-1,3.829038739e-1,1.276346207e0,1.002516556e1,2.474463940e0
train,1134,C#CCC1(O)CC(=O)C1,5.972899437e0,-1.332966536e-1,3.829038739e-1,1.276346207e0,5.839602947e0,-8.048716784e-1
train,1135,CNc1cnn(C=O)c1,4.568791389e0,2.522434890e-1,3.829038739e-1,1.276346207e0,4.821034908e0,-1.602906942e0
train,1136,C#CC12C[NH2+][CH+][NH+]1C2,6.533453465e0,-6.105241552e-2,3.829038739e-1,1.276346207e0,6.472401142e0,-3.090822697e-1
train,1137,N#CCNc1cocn1,5.962014675e0,1.029061824e-1,3.829038739e-1,1.276346207e0,6.064920902e0,-6.283379197e-1
train,1138,O=C1NCC2(CC2O)O1,8.351174355e0,2.487772554e-1,3.829038739e-1,1.276346207e0,8.599951744e0,1.357826948e0
train,1139,C#CC1COC2COC12,8.013752937e0,-5.424451232e-1,3.829038739e-1,1.276346207e0,7.471307755e0,4.735485315e-1
train,1140,CC1=CC(C#N)[NH+](C)C1,6.223243713e0,-3.426464796e-1,3.829038739e-1,1.276346207e0,5.880597115e0,-7.727532983e-1
train,1141,CC1C2CC1(C)C1CC21,9.213775635e0,3.024980724e-1,3.829038739e-1,1.276346207e0,9.516273499e0,2.075753450e0
train,1142,C#Cc1cncnc1C,5.404181004e0,-6.349369287e-1,3.829038739e-1,1.276346207e0,4.769244194e0,-1.643484354e0
train,1143,NC1[NH2+]CC(OC=O)O1,6.457261562e0,7.756051421e-1,3.829038739e-1,1.276346207e0,7.232866764e0,2.867330015e-1
train,1144,CCCC1C2OC(C)C12,8.606961250e0,-2.574168332e-2,3.829038739e-1,1.276346207e0,8.581219673e0,1.343150616e0
train,1145,O=CC(O)C1CNC1=O,5.959293365e0,2.135447711e-1,3.829038739e-1,1.276346207e0,6.172838211e0,-5.437860489e-1
train,1146,N#CCNc1[nH+]cno1,6.204195976e0,7.155871391e-2,3.829038739e-1,1.276346207e0,6.275754929e0,-4.631520808e-1
train,1147,CC(O)C1=CCCCC1,7.039586067e0,5.006753206e-1,3.829038739e-1,1.276346207e0,7.540261269e0,5.275727510e-1
train,1148,N#C[CH+]1C=COC([NH-])=N1,4.046332836e0,8.342584968e-1,3.829038739e-1,1.276346207e0,4.880591393e0,-1.556245208e0
train,1149,Nc1cocc1CO,6.255897522e0,5.218977928e-1,3.829038739e-1,1.276346207e0,6.777795315e0,-6.980975717e-2
train,1150,CC1CCC1=O,6.016437531e0,4.739774466e-1,3.829038739e-1,1.276346207e0,6.490415096e0,-2.949685454e-1
train,1151,CC1C2CC(C)(C)C12,8.987920761e0,3.816339746e-2,3.829038739e-1,1.276346207e0,9.026083946e0,1.691696167e0
train,1152,CC1COCCC(=O)N1,7.200132847e0,2.215593606e-1,3.829038739e-1,1.276346207e0,7.421692371e0,4.346754849e-1
train,1153,CCCC1OC1COC,9.221939087e0,-3.489486873e-1,3.829038739e-1,1.276346207e0,8.872990608e0,1.571749449e0
train,1154,N#CC(CO)O[CH+][NH-],7.763408184e0,3.111506104e-1,3.829038739e-1,1.276346207e0,8.074559212e0,9.461884499e-1
train,1155,CC12OC1CNC2C=O,5.597382069e0,1.146063879e-1,3.829038739e-1,1.276346207e0,5.711988449e0,-9.048560262e-1
train,1156,O=CC1NC1(C=O)CO,5.542959213e0,5.644841194e-1,3.829038739e-1,1.276346207e0,6.107443333e0,-5.950221419e-1
train,1157,C[NH+]1C2CC1C21CC1O,7.420545101e0,-2.932747267e-2,3.829038739e-1,1.276346207e0,7.391217709e0,4.107989669e-1
train,1158,Cn1nccc1CC#N,6.919855118e0,1.168303713e-1,3.829038739e-1,1.276346207e0,7.036685467e0,1.330274194e-1
train,1159,NC(=O)C(O)CCC=O,6.182426929e0,-3.953689337e-1,3.829038739e-1,1.276346207e0,5.787057877e0,-8.460400701e-1
train,1160,[NH-]C1OC(O)=CN=C1O,4.315725803e0,5.017654300e-1,3.829038739e-1,1.276346207e0,4.817491055e0,-1.605683565e0
train,1161,c1nnoc1OC1CC1,5.975620270e0,-9.112417698e-1,3.829038739e-1,1.276346207e0,5.064378738e0,-1.412250161e0
train,1162,CCC1OCCCCO1,8.960708618e0,2.128170431e-1,3.829038739e-1,1.276346207e0,9.173525810e0,1.807214975e0
train,1163,C[NH2+]C1CC2CC2(C)O1,7.211016655e0,7.165837884e-1,3.829038739e-1,1.276346207e0,7.927600384e0,8.310480714e-1
train,1164,CC(C)OCC1CO1,9.064112663e0,6.565285921e-1,3.829038739e-1,1.276346207e0,9.720641136e0,2.235872984e0
train,1165,N#CC12C3CC1N2C3=O,6.710327625e0,-3.232925534e-1,3.829038739e-1,1.276346207e0,6.387034893e0,-3.759656549e-1
train,1166,CCC1CC1C#CCO,7.360680103e0,1.027486175e-1,3.829038739e-1,1.276346207e0,7.463428497e0,4.673752189e-1
train,1167,OC1CC1c1cnno1,5.608266830e0,-1.444595307e-1,3.829038739e-1,1.276346207e0,5.463807106e0,-1.099303007e0
train,1168,NC(=O)CC1(C=O)CC1,6.277666569e0,-2.885375619e-1,3.829038739e-1,1.276346207e0,5.989129066e0,-6.877198815e-1
train,1169,CC(CO)OC1CCC1,8.824651718e0,1.845244765e-1,3.829038739e-1,1.276346207e0,9.009176254e0,1.678449154e0
train,1170,CC(C)C1C(C)C1C=O,6.111677170e0,2.945425734e-2,3.829038739e-1,1.276346207e0,6.141131401e0,-5.686279535e-1
train,1171,C#CC1O[CH+][NH2+]C1CO,6.971556664e0,7.615818828e-2,3.829038739e-1,1.276346207e0,7.047714710e0,1.416686922e-1
train,1172,C1=CCCC2(CC1)CO2,7.001489162e0,-3.873065412e-1,3.829038739e-1,1.276346207e0,6.614182472e0,-1.979983598e-1
train,1173,CC12CC3(O)CC[NH+]1C32,8.245050430e0,2.591983676e-1,3.829038739e-1,1.276346207e0,8.504248619e0,1.282844663e0
train,1174,N#CC12C(O)C3CC1C32,7.959330082e0,-4.756372571e-1,3.829038739e-1,1.276346207e0,7.483692646e0,4.832519293e-1
train,1175,O=CNC1CNC1C=O,5.521190166e0,-1.995647699e-1,3.829038739e-1,1.276346207e0,5.321625233e0,-1.210700750e0
train,1176,N#CC1CC2NC12C=O,5.981062412e0,-1.749122739e-1,3.829038739e-1,1.276346207e0,5.806149960e0,-8.310816884e-1
train,1177,C1=CC2CC3C1C[NH+]23,6.059975624e0,5.333681107e-1,3.829038739e-1,1.276346207e0,6.593343735e0,-2.143252492e-1
train,1178,C#CC(O)(C#N)C#N,7.270882130e0,2.969371974e-1,3.829038739e-1,1.276346207e0,7.567819118e0,5.491639376e-1
train,1179,Cc1noc(N=CN)n1,5.360642910e0,2.638852596e-1,3.829038739e-1,1.276346207e0,5.624527931e0,-9.733802676e-1
train,1180,Nc1cc[nH]c(=O)c1F,4.982404709e0,3.816565499e-2,3.829038739e-1,1.276346207e0,5.020570278e0,-1.446573496e0
train,1181,COC1CNC(=O)NC1,8.128041267e0,-4.411520362e-1,3.829038739e-1,1.276346207e0,7.686889172e0,6.424538493e-1
train,1182,COC1C(O)CC1NO,6.642299175e0,-8.948435634e-2,3.829038739e-1,1.276346207e0,6.552814960e0,-2.460790426e-1
train,1183,CC(O)C1C(C)C1O,8.367501259e0,-1.173679382e-1,3.829038739e-1,1.276346207e0,8.250133514e0,1.083748698e0
train,1184,CC1CC2(CCC2=O)O1,5.330710411e0,5.181258544e-2,3.829038739e-1,1.276346207e0,5.382523060e0,-1.162988067e0
train,1185,COc1[nH]cnc1CO,6.574271202e0,-4.492152482e-3,3.829038739e-1,1.276346207e0,6.569778919e0,-2.327879965e-1
train,1186,C#CCC12C[NH+]1CC2=O,6.046370029e0,1.061449200e-1,3.829038739e-1,1.276346207e0,6.152514935e0,-5.597090721e-1
train,1187,OC1CC2(O)CCC=C12,6.530732632e0,-2.829627097e-1,3.829038739e-1,1.276346207e0,6.247769833e0,-4.850780666e-1
train,1188,[NH-]C1OC2C(O)C2C1O,6.987883568e0,8.883990645e-1,3.829038739e-1,1.276346207e0,7.876282692e0,7.908412814e-1
train,1189,NC1=NCC=CC(=O)N1,5.404181004e0,1.328811795e-1,3.829038739e-1,1.276346207e0,5.537062168e0,-1.041908622e0
train,1190,[NH-]C1C[NH+]2CC2CO1,7.102171898e0,8.206537962e-1,3.829038739e-1,1.276346207e0,7.922825813e0,8.273072243e-1
train,1191,Oc1nc(C2CC2)co1,6.579712868e0,1.072711498e-1,3.829038739e-1,1.276346207e0,6.686984062e0,-1.409592330e-1
train,1192,N#CC12C=CC(O)C1N2,6.250455379e0,1.091225222e-1,3.829038739e-1,1.276346207e0,6.359578133e0,-3.974776566e-1
train,1193,CC#Cc1cn[nH]c1O,6.225965023e0,-3.126749396e-1,3.829038739e-1,1.276346207e0,5.913290024e0,-7.471387982e-1
train,1194,CC12OC1C1NC12CO,7.189248085e0,7.204847336e-1,3.829038739e-1,1.276346207e0,7.909732819e0,8.170490265e-1
train,1195,C#CCC#CCCC=O,6.021879673e0,-5.919249058e-1,3.829038739e-1,1.276346207e0,5.429954529e0,-1.125826120e0
train,1196,C#CC(O)C(O)CC#N,7.825994968e0,-6.080272794e-1,3.829038739e-1,1.276346207e0,7.217967510e0,2.750596106e-1
train,1197,N#CC1(N)C2COC21,7.298093796e0,1.785396785e-1,3.829038739e-1,1.276346207e0,7.476633549e0,4.777212143e-1
train,1198,COC1CCC(C)C1C,8.674989700e0,2.494657934e-1,3.829038739e-1,1.276346207e0,8.924455643e0,1.612071633e0
train,1199,C1CC(CCC2CC2)O1,8.985198975e0,-1.030844525e-1,3.829038739e-1,1.276346207e0,8.882114410e0,1.578897834e0
train,1200,OCC1C2CCCC1O2,8.190627098e0,-3.594845831e-1,3.829038739e-1,1.276346207e0,7.831142426e0,7.554744482e-1
train,1201,CC1C2COC3C(O2)C13,8.155252457e0,-2.121671438e-1,3.829038739e-1,1.276346207e0,7.943085194e0,8.431802392e-1
train,1202,CC#CC1(C)C(C)[NH+]1C,7.023258686e0,-4.835688770e-1,3.829038739e-1,1.276346207e0,6.539690018e0,-2.563622594e-1
train,1203,c1noc(C2CO2)n1,6.655904770e0,5.556860566e-1,3.829038739e-1,1.276346207e0,7.211590767e0,2.700635195e-1
train,1204,CC(C)(C)C(=O)C1CC1,6.201474667e0,-4.838325083e-1,3.829038739e-1,1.276346207e0,5.717642307e0,-9.004263282e-1
train,1205,CC1OC23CC=CC12C3,6.348416328e0,-5.232164264e-1,3.829038739e-1,1.276346207e0,5.825200081e0,-8.161561489e-1
train,1206,C#CC12OC1CNC2=O,6.424608231e0,6.206798553e-1,3.829038739e-1,1.276346207e0,7.045288086e0,1.397674680e-1
train,1207,CC(O)C1(O)CC1C#N,7.964772224e0,1.461575925e-1,3.829038739e-1,1.276346207e0,8.110929489e0,9.746841192e-1
train,1208,CC1CCC(=O)NC1=O,6.397397041e0,2.360099852e-1,3.829038739e-1,1.276346207e0,6.633407116e0,-1.829361022e-1
train,1209,C#CC12CC1(C#N)CN2,6.367464066e0,-4.401854873e-1,3.829038739e-1,1.276346207e0,5.927278519e0,-7.361789942e-1
train,1210,CCc1nnon1,6.748423576e0,-2.322854549e-1,3.829038739e-1,1.276346207e0,6.516138077e0,-2.748149037e-1
train,1211,OC12CCC1=CC1CC12,6.468146324e0,-2.069222182e-1,3.829038739e-1,1.276346207e0,6.261224270e0,-4.745366871e-1
train,1212,CNC=Nc1ncon1,5.714390755e0,-7.569757104e-1,3.829038739e-1,1.276346207e0,4.957415104e0,-1.496054769e0
train,1213,C#CC(C)C#CC1CC1,7.363400936e0,8.131460547e-1,3.829038739e-1,1.276346207e0,8.176547050e0,1.026094675e0
train,1214,COC12CCC1CC2,8.707643509e0,1.465561101e-3,3.829038739e-1,1.276346207e0,8.709109306e0,1.443350434e0
train,1215,CC1CC12CCOC2[NH-],7.556602001e0,-1.420551836e-1,3.829038739e-1,1.276346207e0,7.414546967e0,4.290771484e-1
train,1216,CC1COc2cn[nH]c21,5.986505032e0,-6.667115092e-1,3.829038739e-1,1.276346207e0,5.319793701e0,-1.212135673e0
train,1217,C#CCC1NC1(C)CO,8.171579361e0,-2.869290113e-1,3.829038739e-1,1.276346207e0,7.884650230e0,7.973971367e-1
train,1218,CCCC1C(=O)C2NC12,5.869495869e0,-9.065869451e-1,3.829038739e-1,1.276346207e0,4.962908745e0,-1.491750598e0
train,1219,CCCOC1C(C)C1C,8.517163277e0,1.013734657e-2,3.829038739e-1,1.276346207e0,8.527300835e0,1.300905824e0
train,1220,CC(C)(C)C1(C)COC1,8.364779472e0,-8.639084175e-3,3.829038739e-1,1.276346207e0,8.356140137e0,1.166803598e0
train,1221,C#CC1(C)C2CC[NH+]21,7.469525814e0,4.966227412e-1,3.829038739e-1,1.276346207e0,7.966148376e0,8.612499237e-1
train,1222,OCc1cc[nH]c1O,6.370185375e0,-1.671260297e-1,3.829038739e-1,1.276346207e0,6.203059196e0,-5.201082826e-1
train,1223,OCC1OC1CC1CC1,9.205611229e0,-2.684623897e-1,3.829038739e-1,1.276346207e0,8.937149048e0,1.622016788e0
train,1224,OC1CCC1OC1CC1,8.563423157e0,-7.096790671e-1,3.829038739e-1,1.276346207e0,7.853744030e0,7.731825113e-1
train,1225,CC1CN=COC(=O)C1,6.465425014e0,3.695473075e-2,3.829038739e-1,1.276346207e0,6.502379894e0,-2.855942845e-1
train,1226,CC1CC2C3CC2C13,1.037842178e1,-4.638139904e-1,3.829038739e-1,1.276346207e0,9.914608002e0,2.387843609e0
train,1227,COc1cnc(N)o1,6.272224426e0,-1.170403063e-1,3.829038739e-1,1.276346207e0,6.155184269e0,-5.576176643e-1
train,1228,CNC1[NH2+]CC2(C)OC12,6.544338226e0,-7.787006497e-1,3.829038739e-1,1.276346207e0,5.765637398e0,-8.628227711e-1
train,1229,C#CC1=CCCC(=O)C1,5.662689686e0,1.025474548e0,3.829038739e-1,1.276346207e0,6.688164234e0,-1.400345862e-1
train,1230,CCc1noc(C=O)n1,5.172884464e0,-4.258707166e-1,3.829038739e-1,1.276346207e0,4.747013569e0,-1.660901785e0
train,1231,C#Cc1cnc(C#N)[nH]1,4.990568161e0,-3.573205471e-1,3.829038739e-1,1.276346207e0,4.633247375e0,-1.750036120e0
train,1232,O=CC(=O)NC1CCC1,4.748386860e0,2.333300114e-1,3.829038739e-1,1.276346207e0,4.981717110e0,-1.477014422e0
train,1233,CCC1C(=O)COC1C,5.790582657e0,2.191488594e-1,3.829038739e-1,1.276346207e0,6.009731293e0,-6.715782881e-1
train,1234,C1CC2(O1)C1CC3C1C32,8.688595772e0,2.670538723e-1,3.829038739e-1,1.276346207e0,8.955649376e0,1.636511564e0
train,1235,C#CC1CC2OC1C2=O,6.345695019e0,-2.789412141e-1,3.829038739e-1,1.276346207e0,6.066753864e0,-6.269018054e-1
train,1236,OC1CC2=CCOCC21,6.963393688e0,1.349040270e-1,3.829038739e-1,1.276346207e0,7.098297596e0,1.812997460e-1
train,1237,CCCC(=O)C(=O)OC,4.944308758e0,7.276821136e-2,3.829038739e-1,1.276346207e0,5.017076969e0,-1.449310422e0
train,1238,OCC(O)C1OC2CC21,8.002868652e0,5.257083178e-1,3.829038739e-1,1.276346207e0,8.528576851e0,1.301905632e0
train,1239,CC12OCCC1C2C#N,7.436871529e0,5.281355977e-1,3.829038739e-1,1.276346207e0,7.965007305e0,8.603559136e-1
train,1240,CNc1c[nH]c(O)c1C,5.967456818e0,8.393130451e-2,3.829038739e-1,1.276346207e0,6.051388264e0,-6.389405727e-1
train,1241,CC12CC3C(C1=O)[NH+]3C2,5.910312653e0,-8.505603671e-2,3.829038739e-1,1.276346207e0,5.825256824e0,-8.161116838e-1
train,1242,CC(O)C1OC2CC21C,8.084503174e0,2.342017144e-1,3.829038739e-1,1.276346207e0,8.318704605e0,1.137473345e0
train,1243,O=CCC12C3C4C1[NH+]4C32,5.230028629e0,6.163886786e-1,3.829038739e-1,1.276346207e0,5.846417427e0,-7.995326519e-1
train,1244,CC12CCCC3C1CC32,9.948482513e0,-6.091766953e-1,3.829038739e-1,1.276346207e0,9.339305878e0,1.937101603e0
train,1245,CC(C)(O)C#N,8.566143990e0,-6.000834052e-3,3.829038739e-1,1.276346207e0,8.560143471e0,1.326637626e0
train,1246,CC1CCOC1[NH-],7.736196995e0,4.541101158e-1,3.829038739e-1,1.276346207e0,8.190306664e0,1.036875129e0
train,1247,CC#CC1CC(O)C1,8.032800674e0,7.666136324e-2,3.829038739e-1,1.276346207e0,8.109461784e0,9.735341668e-1
train,1248,O=C1CC(O)CC2OC12,5.864053726e0,-1.520446688e-1,3.829038739e-1,1.276346207e0,5.712008953e0,-9.048399925e-1
train,1249,COCC1=CCOC1=O,6.231407166e0,-3.935489655e-1,3.829038739e-1,1.276346207e0,5.837858200e0,-8.062386513e-1
train,1250,CCC1OC2CC12OC,8.362058640e0,2.968386710e-1,3.829038739e-1,1.276346207e0,8.658897400e0,1.404010057e0
train,1251,Oc1ccn2c1C=CC2,4.585118771e0,-1.157477275e-1,3.829038739e-1,1.276346207e0,4.469370842e0,-1.878431320e0
train,1252,CCc1cnnnn1,4.500762939e0,-3.854198754e-1,3.829038739e-1,1.276346207e0,4.115343094e0,-2.155807734e0
train,1253,CC1CC2C(C)C(=O)C12,5.820515633e0,-3.749035597e-1,3.829038739e-1,1.276346207e0,5.445611954e0,-1.113558650e0
train,1254,CC1NC12CNC2C#N,7.104892731e0,-2.518931031e-1,3.829038739e-1,1.276346207e0,6.852999687e0,-1.088807918e-2
train,1255,CC1C2CC13OC(=O)C23,6.982441425e0,5.000508428e-1,3.829038739e-1,1.276346207e0,7.482492447e0,4.823115766e-1
train,1256,C#CC(O)(C#N)CCC,7.635515213e0,2.567805350e-1,3.829038739e-1,1.276346207e0,7.892295837e0,8.033874035e-1
train,1257,OC1COc2[nH]ccc21,6.459982872e0,-5.184262991e-1,3.829038739e-1,1.276346207e0,5.941556454e0,-7.249923944e-1
train,1258,O=C1Cn2nncc2N1,5.771534920e0,-1.642644107e-1,3.829038739e-1,1.276346207e0,5.607270718e0,-9.869010448e-1
train,1259,CN1C(=O)CCC1[NH-],6.819173336e0,-6.418914348e-2,3.829038739e-1,1.276346207e0,6.754984379e0,-8.768184483e-2
train,1260,CNc1n[nH]c(C#N)n1,4.699406624e0,-2.767147422e-1,3.829038739e-1,1.276346207e0,4.422691822e0,-1.915003777e0
train,1261,CC1C=CC2(O)COC12,6.781077385e0,-5.235190988e-1,3.829038739e-1,1.276346207e0,6.257558346e0,-4.774088860e-1
train,1262,Nc1nnoc(=O)n1,4.593281746e0,-6.745812297e-1,3.829038739e-1,1.276346207e0,3.918700457e0,-2.309874773e0
train,1263,c1nonc1CC1CN1,5.929360867e0,2.579336464e-1,3.829038739e-1,1.276346207e0,6.187294483e0,-5.324597359e-1
train,1264,C#CC1CC(C)C1=O,5.806910038e0,-6.212218106e-2,3.829038739e-1,1.276346207e0,5.744787693e0,-8.791582584e-1
train,1265,CC(=O)C1(C)CC(=O)N1,5.964735985e0,3.666802645e-1,3.829038739e-1,1.276346207e0,6.331416130e0,-4.195422530e-1
train,1266,COC1(C)C[NH2+][CH+]O1,7.594697952e0,-1.153861433e-1,3.829038739e-1,1.276346207e0,7.479311943e0,4.798197150e-1
train,1267,CC(C)C(C=O)O[CH+][NH-],5.785140514e0,-8.221716285e-1,3.829038739e-1,1.276346207e0,4.962968826e0,-1.491703510e0
train,1268,C1=CC2CCCCC1C2,7.045027256e0,2.588236332e-1,3.829038739e-1,1.276346207e0,7.303851128e0,3.423483670e-1
train,1269,O=COC1CCC(O)C1,7.638236046e0,-5.762013197e-1,3.829038739e-1,1.276346207e0,7.062034607e0,1.528881490e-1
train,1270,C1C2CC3C2C1C31CC1,9.153910637e0,-2.934082150e-1,3.829038739e-1,1.276346207e0,8.860502243e0,1.561964989e0
train,1271,C#CC12COC1(C)C2C,7.080402374e0,2.979536057e-1,3.829038739e-1,1.276346207e0,7.378355980e0,4.007219672e-1
train,1272,C#CCC1(O)CC1OC,7.575649738e0,-1.642119884e-1,3.829038739e-1,1.276346207e0,7.411437988e0,4.266413152e-1
train,1273,CC1CC2C3COC3C12,8.217838287e0,3.524162173e-1,3.829038739e-1,1.276346207e0,8.570254326e0,1.334559321e0
train,1274,CC1CCN1C(=O)CO,7.254555702e0,9.695445895e-1,3.829038739e-1,1.276346207e0,8.224100113e0,1.063351870e0
train,1275,[H]N=C(C#N)N1CCC1[NH-],5.349758625e0,8.876740932e-2,3.829038739e-1,1.276346207e0,5.438526154e0,-1.119110346e0
train,1276,C1C[NH+]2C3COC(O1)C32,8.329405785e0,-5.577654243e-1,3.829038739e-1,1.276346207e0,7.771640301e0,7.088552713e-1
train,1277,CC1=CC(O)C(=O)CC1,6.005552769e0,3.199240267e-1,3.829038739e-1,1.276346207e0,6.325476646e0,-4.241957664e-1
train,1278,CC12OC1COC2C#N,7.902186394e0,1.088075489e-1,3.829038739e-1,1.276346207e0,8.010993958e0,8.963859081e-1
train,1279,O=CC12CC1CCCO2,6.128004074e0,-2.383622974e-1,3.829038739e-1,1.276346207e0,5.889641762e0,-7.656669021e-1
train,1280,CC(O)C1CCN=CO1,7.401497364e0,-5.491935015e-1,3.829038739e-1,1.276346207e0,6.852303982e0,-1.143315621e-2
train,1281,CC(=O)CC1OC1C#N,6.416444778e0,2.053228468e-1,3.829038739e-1,1.276346207e0,6.621767521e0,-1.920555830e-1
train,1282,OC1C=CC2(CC1)CO2,6.650462627e0,1.612426937e-1,3.829038739e-1,1.276346207e0,6.811705112e0,-4.324185848e-2
train,1283,CCC1CC(CCO)C1,9.306294441e0,-2.240678370e-1,3.829038739e-1,1.276346207e0,9.082226753e0,1.735683322e0
train,1284,CC1OC2(C)C(CO)C12,8.264098167e0,6.840224862e-1,3.829038739e-1,1.276346207e0,8.948121071e0,1.630613208e0
train,1285,O=C1CCNC2COC12,5.521190166e0,3.034558296e-1,3.829038739e-1,1.276346207e0,5.824645996e0,-8.165902495e-1
train,1286,CC(C1CC1)C1(C)CO1,9.227380753e0,-3.759967387e-1,3.829038739e-1,1.276346207e0,8.851384163e0,1.554821014e0
train,1287,CCCC1(C)CC2NC21,8.492672920e0,-6.438121200e-1,3.829038739e-1,1.276346207e0,7.848860741e0,7.693565488e-1
train,1288,CC1CC(C)C1C=O,5.994668484e0,2.586224675e-1,3.829038739e-1,1.276346207e0,6.253291130e0,-4.807521999e-1
train,1289,OC12C=CCC1CCC2,7.066796780e0,-5.822487473e-1,3.829038739e-1,1.276346207e0,6.484548092e0,-2.995652854e-1
train,1290,CC[NH2+][CH+]OCCCO,7.458641052e0,-4.005106986e-1,3.829038739e-1,1.276346207e0,7.058130264e0,1.498291492e-1
train,1291,O=C1NC2CC3(CO3)C12,7.295372486e0,3.137967288e-1,3.829038739e-1,1.276346207e0,7.609169006e0,5.815610886e-1
train,1292,c1ccc2occc2c1,5.526632309e0,-2.263211012e-1,3.829038739e-1,1.276346207e0,5.300311089e0,-1.227400064e0
train,1293,CC1NC12CCC2(C)O,8.057291031e0,-2.750185430e-1,3.829038739e-1,1.276346207e0,7.782272339e0,7.171853781e-1
train,1294,O=C1CC2C[NH+]3CC2C13,5.602824211e0,-6.792740226e-1,3.829038739e-1,1.276346207e0,4.923550129e0,-1.522587538e0
train,1295,CCN1C=CC(=O)CC1,4.957914352e0,5.636787415e-1,3.829038739e-1,1.276346207e0,5.521593094e0,-1.054028392e0
train,1296,O=C1NC2C=CC1(O)C2,6.076302528e0,7.007174492e-1,3.829038739e-1,1.276346207e0,6.777019978e0,-7.041722536e-2
train,1297,OC1CC2C3OC3C12,8.416481972e0,-2.670272887e-1,3.829038739e-1,1.276346207e0,8.149455070e0,1.004868388e0
train,1298,O=[N+]([O-])c1ncno1,5.357921600e0,3.783793449e-1,3.829038739e-1,1.276346207e0,5.736300945e0,-8.858075142e-1
train,1299,Cc1c(CO)cnn1C,6.748423576e0,5.721877217e-1,3.829038739e-1,1.276346207e0,7.320611477e0,3.554798961e-1
train,1300,C1=CC2(CO2)C2CC1C2,6.528011322e0,-1.328326166e-1,3.829038739e-1,1.276346207e0,6.395178795e0,-3.695850074e-1
train,1301,C1=CC2(C3CO3)CC2C1,6.694001198e0,7.273215055e-2,3.829038739e-1,1.276346207e0,6.766733170e0,-7.847680897e-2
train,1302,C1C2CC3(CO3)C[NH+]12,8.457298279e0,-6.292446852e-1,3.829038739e-1,1.276346207e0,7.828053474e0,7.530543208e-1
train,1303,C(CC1CC1)C[NH+]1CC1,8.732133865e0,6.792485118e-1,3.829038739e-1,1.276346207e0,9.411382675e0,1.993572831e0
train,1304,[H]N=C(NCCO)C(C)=O,5.085808277e0,2.536385059e-1,3.829038739e-1,1.276346207e0,5.339447021e0,-1.196737528e0
train,1305,Cc1nc(C2CC2)no1,6.596040249e0,2.588483393e-1,3.829038739e-1,1.276346207e0,6.854888439e0,-9.408266284e-3
train,1306,C1OC12C1OC2C2NC21,8.400155067e0,1.652276665e-1,3.829038739e-1,1.276346207e0,8.565382957e0,1.330742717e0
train,1307,OC12CC3(O)C4C1C2C43,7.619187832e0,-3.937036097e-1,3.829038739e-1,1.276346207e0,7.225484371e0,2.809489965e-1
train,1308,CC(C)C12CC1C1OC12,7.926676750e0,5.715912580e-2,3.829038739e-1,1.276346207e0,7.983835697e0,8.751077056e-1
train,1309,O=C1CC=CC[NH+]2CC12,5.526632309e0,9.643670917e-2,3.829038739e-1,1.276346207e0,5.623068810e0,-9.745234847e-1
train,1310,C#CC1(N)CC1(N)C#N,7.031421661e0,-6.951993704e-1,3.829038739e-1,1.276346207e0,6.336222172e0,-4.157767594e-1
train,1311,NC(=O)C1C2C3CC2C31,7.205575466e0,-1.826878488e-1,3.829038739e-1,1.276346207e0,7.022887707e0,1.222170517e-1
train,1312,CC[NH+]1CC(C(=O)[O-])C1,4.786482811e0,-5.159057975e-1,3.829038739e-1,1.276346207e0,4.270576954e0,-2.034183741e0
train,1313,Cc1nc(N)c(C#N)[nH]1,5.191932201e0,-2.000172883e-1,3.829038739e-1,1.276346207e0,4.991914749e0,-1.469024777e0
train,1314,C#CC12CCC(=O)N1C2,6.508963585e0,-1.568511426e-1,3.829038739e-1,1.276346207e0,6.352112293e0,-4.033270478e-1
train,1315,CCC1C2CC3OC3C12,8.906287193e0,-1.293427199e-1,3.829038739e-1,1.276346207e0,8.776944160e0,1.496498227e0
train,1316,C#CC1C2COC12C#N,6.664068222e0,-3.945487738e-1,3.829038739e-1,1.276346207e0,6.269519329e0,-4.680376053e-1
train,1317,CC1[NH+]2C3C(O)C2C13C,7.913071156e0,-7.854031920e-1,3.829038739e-1,1.276346207e0,7.127667904e0,2.043110132e-1
train,1318,O=CCCC1(O)CCC1,6.223243713e0,3.958499432e-1,3.829038739e-1,1.276346207e0,6.619093895e0,-1.941503286e-1
train,1319,CC1CC(=O)NCCO1,7.259997368e0,2.699557543e-1,3.829038739e-1,1.276346207e0,7.529953003e0,5.194963217e-1
train,1320,OCC1C2CCOCC12,8.386548996e0,-4.402391613e-2,3.829038739e-1,1.276346207e0,8.342525482e0,1.156136632e0
train,1321,CC12CC(COC1[NH-])C2,7.806946754e0,6.206980348e-1,3.829038739e-1,1.276346207e0,8.427644730e0,1.222826481e0
train,1322,CCC[NH+]1CC1(C)CO,8.119877815e0,7.839053124e-2,3.829038739e-1,1.276346207e0,8.198267937e0,1.043112636e0
train,1323,OC1CC2CC3(CC3)C12,8.726691246e0,5.293290615e-1,3.829038739e-1,1.276346207e0,9.256020546e0,1.871848583e0
train,1324,N#CC1NCC2C(O)C12,7.162036896e0,-1.495481282e-1,3.829038739e-1,1.276346207e0,7.012488842e0,1.140696704e-1
train,1325,C1C2CC3C1C23[NH+]1CC1,8.525327682e0,1.079526782e0,3.829038739e-1,1.276346207e0,9.604854584e0,2.145155668e0
train,1326,O=C1CC(C2CC2)O1,7.730754375e0,4.906015992e-1,3.829038739e-1,1.276346207e0,8.221356392e0,1.061202168e0
train,1327,C1C[NH+]2CCOC(C2)O1,7.485852242e0,3.847033679e-1,3.829038739e-1,1.276346207e0,7.870555401e0,7.863540649e-1
train,1328,CC1NC12CC(=O)C2,5.883101463e0,-5.114019290e-2,3.829038739e-1,1.276346207e0,5.831961155e0,-8.108589649e-1
train,1329,CCC1OC2CC1C2C,8.952546120e0,2.630856931e-1,3.829038739e-1,1.276346207e0,9.215631485e0,1.840204239e0
train,1330,NC(=O)C(O)CNC=O,7.126662254e0,3.778792918e-1,3.829038739e-1,1.276346207e0,7.504541397e0,4.995866716e-1
train,1331,CCC1=CCCC(=O)C1,6.073581219e0,7.086513638e-1,3.829038739e-1,1.276346207e0,6.782232761e0,-6.633307785e-2
train,1332,CCC1C(O)C12CCO2,7.469525814e0,-7.347785234e-1,3.829038739e-1,1.276346207e0,6.734747410e0,-1.035372540e-1
train,1333,NC(=O)CC1CO[CH+][NH2+]1,6.479031086e0,-3.903884888e-1,3.829038739e-1,1.276346207e0,6.088642597e0,-6.097522378e-1
train,1334,C#CC#CC(=O)OCC,5.308941364e0,-2.895463109e-1,3.829038739e-1,1.276346207e0,5.019394875e0,-1.447494388e0
train,1335,CC1C2C(O)C(=O)C[NH+]12,5.333431244e0,3.422743455e-2,3.829038739e-1,1.276346207e0,5.367658615e0,-1.174634099e0
train,1336,CC1(O)C2CC2C1(C)O,8.266819000e0,-5.737699270e-1,3.829038739e-1,1.276346207e0,7.693048954e0,6.472799778e-1
train,1337,O=c1ccc(CO)c[nH]1,4.761992455e0,3.513527289e-2,3.829038739e-1,1.276346207e0,4.797127724e0,-1.621637940e0
train,1338,O=CC12CC3NC3C1O2,5.774256229e0,-4.883844033e-2,3.829038739e-1,1.276346207e0,5.725417614e0,-8.943344355e-1
train,1339,C1=Nc2[nH]ccc2CO1,4.906212807e0,-8.145236224e-2,3.829038739e-1,1.276346207e0,4.824760437e0,-1.599988103e0
train,1340,OCCC1OCC1NO,6.628693581e0,9.850506485e-2,3.829038739e-1,1.276346207e0,6.727198601e0,-1.094516516e-1
train,1341,CC(CNCC#N)=NO,6.816452026e0,-3.829450607e-1,3.829038739e-1,1.276346207e0,6.433506966e0,-3.395553529e-1
train,1342,CC1OC(=O)C1C=O,6.114398479e0,3.604860902e-1,3.829038739e-1,1.276346207e0,6.474884510e0,-3.071365654e-1
train,1343,C#CC1C=C(C)C2NC12,6.620530128e0,-3.337399364e-1,3.829038739e-1,1.276346207e0,6.286790371e0,-4.545059502e-1
train,1344,[NH-]C1COCC(C=O)N1,5.162000179e0,-3.591386378e-1,3.829038739e-1,1.276346207e0,4.802861691e0,-1.617145419e0
train,1345,CCC1COC([NH-])C1=O,5.061317921e0,-2.116846889e-1,3.829038739e-1,1.276346207e0,4.849633217e0,-1.580500484e0
train,1346,CC(=O)c1cc[nH]c1O,4.862674713e0,4.387535900e-2,3.829038739e-1,1.276346207e0,4.906549931e0,-1.535907030e0
train,1347,CC(O)C1C(C)C1C#N,8.079060555e0,4.063814282e-1,3.829038739e-1,1.276346207e0,8.485442162e0,1.268110037e0
train,1348,C#CC(CC(C)O)OC,8.068176270e0,-1.482133716e-1,3.829038739e-1,1.276346207e0,7.919962883e0,8.250641823e-1
train,1349,C#CC1CCCOC1=O,6.960672855e0,-4.010323286e-1,3.829038739e-1,1.276346207e0,6.559640408e0,-2.407313883e-1
train,1350,[NH-]C1OCC12NC1CC12,6.541617393e0,-4.120434821e-1,3.829038739e-1,1.276346207e0,6.129573822e0,-5.776831508e-1
train,1351,C[NH2+]C1CCCOCO1,7.178363323e0,-1.591318548e-1,3.829038739e-1,1.276346207e0,7.019231319e0,1.193523183e-1
train,1352,CC12C3C[NH+]1C1C3C12,8.223280907e0,-4.202974141e-1,3.829038739e-1,1.276346207e0,7.802983284e0,7.334121466e-1
train,1353,CC(C)C1CN(C=O)C1,7.238228798e0,-2.138306350e-1,3.829038739e-1,1.276346207e0,7.024398327e0,1.234005988e-1
train,1354,OCC1(CC2CC2)CN1,8.130762100e0,3.812187165e-2,3.829038739e-1,1.276346207e0,8.168884277e0,1.020090938e0
train,1355,CCC(C)(OC)C(C)C,8.694037437e0,3.457255960e-1,3.829038739e-1,1.276346207e0,9.039763451e0,1.702413797e0
train,1356,N#CC12CC3CC1C3C2,8.653220177e0,-1.546054780e-1,3.829038739e-1,1.276346207e0,8.498614311e0,1.278430343e0
train,1357,CC1(CCO)CC(O)C1,8.909008026e0,-2.481928766e-1,3.829038739e-1,1.276346207e0,8.660815239e0,1.405512691e0
train,1358,COC1COC2CC2O1,8.081781387e0,4.656214118e-1,3.829038739e-1,1.276346207e0,8.547402382e0,1.316655159e0
train,1359,CC1C2C3CC3CC12C,8.451856613e0,-1.161511391e-1,3.829038739e-1,1.276346207e0,8.335705757e0,1.150793552e0
train,1360,O=C1CCC2OC2CC1,6.155215263e0,1.419945955e-1,3.829038739e-1,1.276346207e0,6.297209740e0,-4.463425279e-1
train,1361,N#CC1OC1C(O)C=O,6.225965023e0,-5.164827704e-1,3.829038739e-1,1.276346207e0,5.709482193e0,-9.068196416e-1
train,1362,C1=CC2(CCC2)C2OC12,6.549780846e0,7.206420302e-1,3.829038739e-1,1.276346207e0,7.270422935e0,3.161577880e-1
train,1363,C1CC2COCC12,8.944382668e0,1.915978938e-1,3.829038739e-1,1.276346207e0,9.135980606e0,1.777798772e0
train,1364,O=CC1CC(O)(C=O)C1,5.630035877e0,8.379042894e-2,3.829038739e-1,1.276346207e0,5.713826180e0,-9.034162164e-1
train,1365,CCC1(O)CNCC1=O,5.191932201e0,1.673018634e-1,3.829038739e-1,1.276346207e0,5.359233856e0,-1.181234837e0
train,1366,CC1=COC([NH-])C(=O)N1,4.835463047e0,-5.093083903e-2,3.829038739e-1,1.276346207e0,4.784532070e0,-1.631506443e0
train,1367,O=C1CCC1(O)C1CN1,5.540238380e0,4.274139404e-1,3.829038739e-1,1.276346207e0,5.967652321e0,-7.045466304e-1
train,1368,C#Cc1coc(CO)c1,5.766092300e0,1.478022784e-1,3.829038739e-1,1.276346207e0,5.913894653e0,-7.466650605e-1
train,1369,CC(C)CC1(C)CO1,9.254591942e0,-2.136509717e-1,3.829038739e-1,1.276346207e0,9.040941238e0,1.703336596e0
train,1370,CCC1C(C=O)C1CC,6.114398479e0,3.760621846e-1,3.829038739e-1,1.276346207e0,6.490460873e0,-2.949326932e-1
train,1371,CC12CC1(O)C(C=O)O2,5.638199329e0,7.081530243e-2,3.829038739e-1,1.276346207e0,5.709014416e0,-9.071861506e-1
train,1372,C1C2C[NH+]3C2C3C2NC12,7.668168545e0,-7.087176442e-1,3.829038739e-1,1.276346207e0,6.959450722e0,7.251496613e-2
train,1373,CC1(C2CN2)OC2CC21,8.555259705e0,-2.703236938e-1,3.829038739e-1,1.276346207e0,8.284935951e0,1.111016035e0
train,1374,CC12C=CC3C(N1)C32O,6.130725384e0,-2.512708902e-1,3.829038739e-1,1.276346207e0,5.879454613e0,-7.736484408e-1
train,1375,CC1(O[CH+][NH-])COC1[NH-],7.249113560e0,4.389975965e-1,3.829038739e-1,1.276346207e0,7.688111305e0,6.434113979e-1
train,1376,C1=CC2([NH+]3CC3)CC1C2,6.402839184e0,5.629679561e-1,3.829038739e-1,1.276346207e0,6.965806961e0,7.749500126e-2
train,1377,O=C([O-])C1=CC[NH2+]C1,3.994631290e0,2.909457982e-1,3.829038739e-1,1.276346207e0,4.285577297e0,-2.022431374e0
train,1378,C#CC[NH+]1C(C)C1CC,7.328026772e0,-2.507364452e-1,3.829038739e-1,1.276346207e0,7.077290535e0,1.648409814e-1
train,1379,CC1=C2CCC2C(=O)C1,5.842284679e0,-3.329019547e-1,3.829038739e-1,1.276346207e0,5.509382725e0,-1.063595057e0
train,1380,NC(=O)c1ccccc1,5.749765873e0,3.531123102e-1,3.829038739e-1,1.276346207e0,6.102878094e0,-5.985988975e-1
train,1381,OC12CC3C4C3C1C42,7.858648300e0,5.703530312e-1,3.829038739e-1,1.276346207e0,8.429000854e0,1.223888993e0
train,1382,CC12CC(O)C1C1CC12,8.062733650e0,-3.849356472e-1,3.829038739e-1,1.276346207e0,7.677797794e0,6.353308558e-1
train,1383,CC([NH-])OCC1(O)CC1,7.551159859e0,1.700325161e-1,3.829038739e-1,1.276346207e0,7.721192360e0,6.693299413e-1
train,1384,CC1(C#N)[NH+]2CCC21C,7.455919266e0,-4.117384851e-1,3.829038739e-1,1.276346207e0,7.044180870e0,1.388999820e-1
train,1385,CC12CC(N)C1(C#N)N2,7.156594753e0,-3.343660533e-1,3.829038739e-1,1.276346207e0,6.822228909e0,-3.499659896e-2
train,1386,C1CC2CC3CC3(C1)O2,8.626008987e0,6.065329909e-1,3.829038739e-1,1.276346207e0,9.232542038e0,1.853453398e0
train,1387,CCC1C(CC)C1OC,8.424644470e0,6.088405252e-1,3.829038739e-1,1.276346207e0,9.033485413e0,1.697495103e0
train,1388,COC1C(C#N)C1C=O,6.051812172e0,7.371919230e-3,3.829038739e-1,1.276346207e0,6.059184074e0,-6.328326464e-1
train,1389,CC1C(O)C(C)C1CO,8.416481972e0,-8.218941689e-1,3.829038739e-1,1.276346207e0,7.594587803e0,5.701369047e-1
train,1390,CC(=O)C1OC1(C)C=O,5.572891712e0,1.340465844e-1,3.829038739e-1,1.276346207e0,5.706938267e0,-9.088128209e-1
train,1391,O=CN1C=CC(O)C1,5.730718136e0,4.385901615e-2,3.829038739e-1,1.276346207e0,5.774577141e0,-8.558185697e-1
train,1392,O=CCCC(=O)CO,6.035485268e0,3.843153715e-1,3.829038739e-1,1.276346207e0,6.419800758e0,-3.502939939e-1
train,1393,CC(C)C12C[NH+](C1)C2C,7.945724487e0,-6.225147843e-1,3.829038739e-1,1.276346207e0,7.323209763e0,3.575156033e-1
train,1394,NC(=O)c1[nH]nnc1N,4.797367573e0,1.625108346e-2,3.829038739e-1,1.276346207e0,4.813618660e0,-1.608717442e0
train,1395,N#CCCC1C2CCC12,8.250492096e0,-6.489266157e-1,3.829038739e-1,1.276346207e0,7.601565361e0,5.756037235e-1
train,1396,OCC1C2(O)CCC12O,7.888580799e0,-3.482148349e-1,3.829038739e-1,1.276346207e0,7.540366173e0,5.276549459e-1
train,1397,C#CC(C)(O)CCC,8.182463646e0,2.377004325e-1,3.829038739e-1,1.276346207e0,8.420164108e0,1.216965556e0
train,1398,O=C([O-])C1=CC2CC1[NH2+]2,4.430013657e0,8.666496873e-1,3.829038739e-1,1.276346207e0,5.296663284e0,-1.230258107e0
train,1399,CNC(=O)CN(C)C=O,6.966114998e0,-2.896206677e-1,3.829038739e-1,1.276346207e0,6.676494122e0,-1.491779685e-1
train,1400,CC1(C=O)CC(C=O)N1,5.698064327e0,-6.976467371e-2,3.829038739e-1,1.276346207e0,5.628299713e0,-9.704251289e-1
train,1401,CC1C2OC1C1CCC12,8.876354218e0,1.645425260e-1,3.829038739e-1,1.276346207e0,9.040896416e0,1.703301549e0
train,1402,CC(C)CC1(C)CCO1,8.568865776e0,-4.805544615e-1,3.829038739e-1,1.276346207e0,8.088311195e0,9.569629431e-1
train,1403,O=C1C2C3CC4C1C4C32,5.978341103e0,1.729020625e-1,3.829038739e-1,1.276346207e0,6.151243210e0,-5.607054830e-1
train,1404,CC1C2C3OC3C12CO,7.673610687e0,-1.862360090e-1,3.829038739e-1,1.276346207e0,7.487374783e0,4.861368239e-1
train,1405,O=C1CC=C2CCC2C1,6.070860386e0,4.860851467e-1,3.829038739e-1,1.276346207e0,6.556945324e0,-2.428429574e-1
train,1406,Nc1ncc[nH]c1=O,4.628656864e0,-2.537342906e-1,3.829038739e-1,1.276346207e0,4.374922752e0,-1.952430248e0
train,1407,OCCC1CC=CCC1,7.292651653e0,-4.855312109e-1,3.829038739e-1,1.276346207e0,6.807120323e0,-4.683398455e-2
train,1408,CCC1C(C)CC2CC21,9.080439568e0,-2.764038146e-1,3.829038739e-1,1.276346207e0,8.804036140e0,1.517724514e0
train,1409,CNc1onc(O)c1N,6.266781807e0,-4.260520637e-1,3.829038739e-1,1.276346207e0,5.840729713e0,-8.039888740e-1
train,1410,CCC1C2OC3C(O2)C13,8.794719696e0,2.329231054e-1,3.829038739e-1,1.276346207e0,9.027643204e0,1.692917824e0
train,1411,c1cnc2cnnn2c1,4.617772102e0,-1.053719997e0,3.829038739e-1,1.276346207e0,3.564052105e0,-2.587737083e0
train,1412,C#CC#CCCC,6.296714783e0,-6.442204118e-1,3.829038739e-1,1.276346207e0,5.652494431e0,-9.514688849e-1
train,1413,OC12CCC1=CC1NC12,6.375627518e0,3.520694077e-1,3.829038739e-1,1.276346207e0,6.727696896e0,-1.090612411e-1
train,1414,[CH+]1[NH2+]CC23CC2[NH2+][CH+][NH+]13,6.103513718e0,1.692688167e-1,3.829038739e-1,1.276346207e0,6.272782326e0,-4.654811025e-1
train,1415,CC#CC(C)C(C)CC,8.242328644e0,1.574692279e-1,3.829038739e-1,1.276346207e0,8.399797440e0,1.201008558e0
train,1416,N#CC12CC3(O)C[NH+]1C32,7.496736526e0,3.265011311e-1,3.829038739e-1,1.276346207e0,7.823237419e0,7.492809892e-1
train,1417,C#CC(C)(O)C(C)C=O,6.002831459e0,-9.797199816e-2,3.829038739e-1,1.276346207e0,5.904859543e0,-7.537439466e-1
train,1418,NC(=O)C1NC1C(N)=O,6.378348827e0,-9.406518340e-1,3.829038739e-1,1.276346207e0,5.437696934e0,-1.119760036e0
train,1419,c1cnc(C2CC2)cn1,5.444998264e0,-5.099340677e-1,3.829038739e-1,1.276346207e0,4.935064316e0,-1.513566375e0
train,1420,COC(C)(C=O)C1CN1,5.668131351e0,2.444822192e-1,3.829038739e-1,1.276346207e0,5.912613392e0,-7.476689219e-1
train,1421,CC1C=CC2CCC12O,6.974278450e0,2.632093728e-1,3.829038739e-1,1.276346207e0,7.237487793e0,2.903535068e-1
train,1422,C[NH2+]Cc1noc([NH-])n1,4.272187710e0,1.541016549e-1,3.829038739e-1,1.276346207e0,4.426289558e0,-1.912184954e0
train,1423,C#CC1NC2COC12C,7.189248085e0,-2.121162415e-1,3.829038739e-1,1.276346207e0,6.977131844e0,8.636790514e-2
train,1424,CCC1CC2CC1C2,1.030767345e1,1.448250413e-1,3.829038739e-1,1.276346207e0,1.045249844e1,2.809273958e0
train,1425,N#CC#CC1OC2CC12,5.583776474e0,-4.681887478e-2,3.829038739e-1,1.276346207e0,5.536957741e0,-1.041990399e0
train,1426,C1=C2CCCC3C(C1)C23,6.405560493e0,-5.886378288e-1,3.829038739e-1,1.276346207e0,5.816922665e0,-8.226414323e-1
train,1427,OC1COc2ncoc21,5.649083614e0,6.625058055e-1,3.829038739e-1,1.276346207e0,6.311589241e0,-4.350763559e-1
train,1428,CCc1cn[nH]c1,7.047749043e0,-4.768290371e-2,3.829038739e-1,1.276346207e0,7.000066280e0,1.043367460e-1
train,1429,C#CC12CCC3C(C1)[NH+]32,7.393333435e0,-5.888220668e-1,3.829038739e-1,1.276346207e0,6.804511547e0,-4.887792841e-2
train,1430,CC1=CC(=O)C2OC2C1,5.121182919e0,-1.269908845e-1,3.829038739e-1,1.276346207e0,4.994192123e0,-1.467240453e0
train,1431,COc1cnn(C)c1O,6.253176689e0,6.311002970e-1,3.829038739e-1,1.276346207e0,6.884276867e0,1.361719798e-2
train,1432,CC(O)(C#N)C(O)CO,8.070897102e0,-8.522915840e-1,3.829038739e-1,1.276346207e0,7.218605518e0,2.755594850e-1
train,1433,CCc1cc(N)oc1O,6.068139076e0,1.805283576e-1,3.829038739e-1,1.276346207e0,6.248667240e0,-4.843749702e-1
train,1434,OCC12CCC(O1)C2O,8.645057678e0,2.030301988e-1,3.829038739e-1,1.276346207e0,8.848088264e0,1.552238703e0
train,1435,COC(CO)C1(O)CC1,8.566143990e0,3.567834496e-1,3.829038739e-1,1.276346207e0,8.922927856e0,1.610874653e0
train,1436,CCOC([NH-])C1(C)CC1,7.855927467e0,-1.763025485e-2,3.829038739e-1,1.276346207e0,7.838297367e0,7.610802650e-1
train,1437,CC1(O)C2C3C4C1C2[NH+]34,7.817831039e0,3.315010071e-1,3.829038739e-1,1.276346207e0,8.149332047e0,1.004772067e0
train,1438,C#CCC1CCCO1,8.108993530e0,-3.953405321e-1,3.829038739e-1,1.276346207e0,7.713653088e0,6.634230614e-1
train,1439,OCCCC1OCC1O,8.329405785e0,-4.143480062e-1,3.829038739e-1,1.276346207e0,7.915057659e0,8.212209940e-1
train,1440,CCC#CCC(C)O,8.084503174e0,4.242129624e-1,3.829038739e-1,1.276346207e0,8.508716583e0,1.286345243e0
train,1441,N#CC1C=CC2COC12,6.960672855e0,-1.535635889e-1,3.829038739e-1,1.276346207e0,6.807109356e0,-4.684257880e-2
train,1442,CC12C3[CH-]COC1C2C3,5.722554207e0,-3.818643391e-1,3.829038739e-1,1.276346207e0,5.340689659e0,-1.195763946e0
train,1443,C[NH+]1CC1(C)C1(C)CC1,8.299472809e0,4.137744606e-1,3.829038739e-1,1.276346207e0,8.713247299e0,1.446592569e0
train,1444,C#CC(C)(C=O)C1CN1,5.657247066e0,-4.700502455e-1,3.829038739e-1,1.276346207e0,5.187196732e0,-1.316023707e0
train,1445,O=C1C2CC2NC12CC2,5.455882549e0,-6.209331751e-1,3.829038739e-1,1.276346207e0,4.834949493e0,-1.592005014e0
train,1446,CC1CC(O)C(=O)C1O,5.921197414e0,6.532391310e-1,3.829038739e-1,1.276346207e0,6.574436665e0,-2.291387022e-1
train,1447,C[NH+]1CCNC(=O)C1,6.974278450e0,-2.570959032e-1,3.829038739e-1,1.276346207e0,6.717182636e0,-1.172990352e-1
train,1448,CC1(C)C(=O)NC1C=O,5.730718136e0,2.063204907e-2,3.829038739e-1,1.276346207e0,5.751350403e0,-8.740164638e-1
train,1449,CC#CCC(=O)NC=O,5.940245628e0,1.823064871e-2,3.829038739e-1,1.276346207e0,5.958476067e0,-7.117360830e-1
train,1450,C1CC(C23C[NH+](C2)C3)C1,8.196069717e0,5.224254131e-1,3.829038739e-1,1.276346207e0,8.718495369e0,1.450704336e0
train,1451,CCOC(=O)C1CO1,7.153872967e0,-3.851582110e-1,3.829038739e-1,1.276346207e0,6.768714905e0,-7.692414522e-2
train,1452,CC12CC3CC1(C)C32C,8.313077927e0,-1.629080176e-1,3.829038739e-1,1.276346207e0,8.150170326e0,1.005428791e0
train,1453,CC1(C)OC1C#CC#N,6.062696934e0,3.251364082e-2,3.829038739e-1,1.276346207e0,6.095210552e0,-6.046063304e-1
train,1454,CC12CNCC1(C#N)O2,6.557943821e0,8.917561918e-2,3.829038739e-1,1.276346207e0,6.647119522e0,-1.721926033e-1
train,1455,CC1CC(N)C1(O)C#N,8.277703285e0,1.703086793e-1,3.829038739e-1,1.276346207e0,8.448012352e0,1.238784313e0
train,1456,CC12C[NH+]1[CH+][NH2+]C2CO,6.459982872e0,1.275808364e-1,3.829038739e-1,1.276346207e0,6.587563515e0,-2.188539803e-1
train,1457,CCOC(N)=NCC#N,7.515784740e0,1.102018058e-1,3.829038739e-1,1.276346207e0,7.625986576e0,5.947374105e-1
train,1458,CCC1=CC2CC1C2C,6.440935135e0,5.758762956e-1,3.829038739e-1,1.276346207e0,7.016811371e0,1.174563169e-1
train,1459,CCOC1C2C3OC3C12,7.434150696e0,1.765171736e-1,3.829038739e-1,1.276346207e0,7.610667706e0,5.827353001e-1
train,1460,C#CC1(C)C2COC1C2,7.586534500e0,-1.864812523e-1,3.829038739e-1,1.276346207e0,7.400053024e0,4.177213311e-1
train,1461,O=CCC(CO)[NH+]1CC1,5.975620270e0,-4.561900496e-1,3.829038739e-1,1.276346207e0,5.519430161e0,-1.055723071e0
train,1462,CC(CO)C(C)C1CO1,9.181120872e0,-1.844554245e-1,3.829038739e-1,1.276346207e0,8.996665001e0,1.668646812e0
train,1463,c1cnc(C2CC2)cn1,5.444998264e0,-2.577593327e-1,3.829038739e-1,1.276346207e0,5.187238693e0,-1.315990925e0
train,1464,CC#CC1C2C(=O)C[NH+]12,5.771534920e0,3.038484044e-2,3.829038739e-1,1.276346207e0,5.801919937e0,-8.343958855e-1
train,1465,CCC(O)C1C2CC[NH+]21,8.231444359e0,-4.217225313e-2,3.829038739e-1,1.276346207e0,8.189271927e0,1.036064386e0
train,1466,O=CCNc1ncco1,5.200095654e0,-5.553769693e-2,3.829038739e-1,1.276346207e0,5.144557953e0,-1.349430680e0
train,1467,N#CC#Cc1ncno1,5.113019466e0,-8.965238929e-1,3.829038739e-1,1.276346207e0,4.216495514e0,-2.076555967e0
train,1468,CC12C=CC(C)(O1)C2O,6.473588943e0,-2.472514063e-1,3.829038739e-1,1.276346207e0,6.226337433e0,-5.018700957e-1
train,1469,CC1(OC=O)COC1,7.186526775e0,-1.695641577e-1,3.829038739e-1,1.276346207e0,7.016962528e0,1.175747439e-1
train,1470,OC12C3COCC1C2O3,7.836878777e0,6.942684054e-1,3.829038739e-1,1.276346207e0,8.531147003e0,1.303919196e0
train,1471,CC#CC(C)CC,8.258655548e0,2.323459834e-1,3.829038739e-1,1.276346207e0,8.491001129e0,1.272465467e0
train,1472,Cn1ncc(C2CN2)n1,6.024600506e0,-1.939916611e-1,3.829038739e-1,1.276346207e0,5.830608845e0,-8.119184375e-1
train,1473,CC(C)OC(C=O)CO,5.809630871e0,1.442555040e-1,3.829038739e-1,1.276346207e0,5.953886509e0,-7.153319716e-1
train,1474,CC(O)C(O)(C#N)C#N,7.398775578e0,8.272343129e-2,3.829038739e-1,1.276346207e0,7.481499195e0,4.815333784e-1
train,1475,OCC1(O)C2CCC1O2,7.997426510e0,4.414358139e-1,3.829038739e-1,1.276346207e0,8.438861847e0,1.231614947e0
train,1476,CC1=CC(=O)C(C)NC1,4.898049831e0,7.737425715e-2,3.829038739e-1,1.276346207e0,4.975424290e0,-1.481944799e0
train,1477,CC#CC1=CCC(=O)N1,4.998731613e0,-2.531611621e-1,3.829038739e-1,1.276346207e0,4.745570660e0,-1.662032247e0
train,1478,O=C1NC2CCC12O,6.976998806e0,2.837570012e-1,3.829038739e-1,1.276346207e0,7.260756016e0,3.085838854e-1
train,1479,O=c1ccnc[nH]1,5.349758625e0,1.266113296e-2,3.829038739e-1,1.276346207e0,5.362419605e0,-1.178738832e0
train,1480,CC#Cc1oncc1N,4.835463047e0,3.988610208e-1,3.829038739e-1,1.276346207e0,5.234323978e0,-1.279100180e0
train,1481,CC1CC2CCCC2C1,9.929434776e0,-2.997691929e-1,3.829038739e-1,1.276346207e0,9.629665375e0,2.164594650e0
train,1482,CCCCC#N,9.632830620e0,-1.454914659e-1,3.829038739e-1,1.276346207e0,9.487339020e0,2.053083658e0
train,1483,COCc1cnc(C)[nH]1,6.517127037e0,4.730482996e-1,3.829038739e-1,1.276346207e0,6.990175247e0,9.658724815e-2
train,1484,O=C1NCC2(O)COC12,6.653183937e0,2.815232575e-1,3.829038739e-1,1.276346207e0,6.934707165e0,5.312870070e-2
train,1485,OC12CC3CC(C1)C32,8.710365295e0,-6.568759680e-2,3.829038739e-1,1.276346207e0,8.644678116e0,1.392869473e0
train,1486,CCC([NH2+]C)OC1CC1,7.382448673e0,-2.479042262e-1,3.829038739e-1,1.276346207e0,7.134544373e0,2.096986473e-1
train,1487,CC1=CC2(C)C3CC1[NH+]32,5.932082176e0,-3.736236393e-1,3.829038739e-1,1.276346207e0,5.558458328e0,-1.025144935e0
train,1488,Nc1c[nH]nc1[N+](=O)[O-],4.114361286e0,-1.115867049e-1,3.829038739e-1,1.276346207e0,4.002774715e0,-2.244003534e0
train,1489,C#CC(CC)COC,8.528048515e0,4.842801988e-1,3.829038739e-1,1.276346207e0,9.012329102e0,1.680919409e0
train,1490,Nc1nncc(O)c1F,5.491257668e0,-3.523539603e-1,3.829038739e-1,1.276346207e0,5.138903618e0,-1.353860855e0
train,1491,CC1COCC2C(C)[NH+]12,7.845042706e0,-2.875352800e-1,3.829038739e-1,1.276346207e0,7.557507515e0,5.410849452e-1
train,1492,CN1C(=O)CC1C1CO1,7.613745689e0,3.033676147e-1,3.829038739e-1,1.276346207e0,7.917113304e0,8.228315711e-1
train,1493,c1n[nH]nc1C1CC1,6.634135723e0,-1.176121086e-1,3.829038739e-1,1.276346207e0,6.516523838e0,-2.745126784e-1
train,1494,CC(O)CC1(O)COC1,8.307636261e0,2.440529913e-1,3.829038739e-1,1.276346207e0,8.551689148e0,1.320013762e0
train,1495,N#CC12C3C4CC1[NH+]4C32,6.952508926e0,-1.798694730e-1,3.829038739e-1,1.276346207e0,6.772639275e0,-7.384945452e-2
train,1496,C1CC2CC3OC2CC13,8.898122787e0,-1.871162909e-3,3.829038739e-1,1.276346207e0,8.896251678e0,1.589974165e0
train,1497,CC1C2CC3C1C23CO,8.196069717e0,2.315397263e-1,3.829038739e-1,1.276346207e0,8.427609444e0,1.222798824e0
train,1498,[NH-]C1C=CC(C2CN2)O1,5.610987663e0,4.782628119e-1,3.829038739e-1,1.276346207e0,6.089250565e0,-6.092759371e-1
train,1499,O=CC(CO)C1CCC1,6.147051811e0,-4.656300247e-1,3.829038739e-1,1.276346207e0,5.681421757e0,-9.288046956e-1
train,1500,CC([NH+]1CC1)C1(C)CC1,8.549818039e0,-1.667245626e-1,3.829038739e-1,1.276346207e0,8.383093834e0,1.187921405e0
train,1501,O=CC1=CC2CC1CO2,5.004173756e0,-4.877035618e-1,3.829038739e-1,1.276346207e0,4.516469955e0,-1.841529727e0
train,1502,CCC1CC12CCCO2,8.408317566e0,-7.785130292e-2,3.829038739e-1,1.276346207e0,8.330466270e0,1.146688461e0
train,1503,CCOC12COC(C1)C2,8.655941963e0,-1.173032746e-1,3.829038739e-1,1.276346207e0,8.538639069e0,1.309789181e0
train,1504,C1OC2CC3(CC3)C2O1,8.789278030e0,-4.754139781e-1,3.829038739e-1,1.276346207e0,8.313863754e0,1.133680582e0
train,1505,CC1C[NH+]1C1CC1(C)C,8.446413994e0,-3.059630394e-1,3.829038739e-1,1.276346207e0,8.140451431e0,9.978141785e-1
train,1506,CC1(C)C[NH+]2CC21CO,8.321241379e0,-3.534329236e-1,3.829038739e-1,1.276346207e0,7.967808247e0,8.625504375e-1
train,1507,C#Cc1nc(C)c(C)[nH]1,5.281730175e0,4.222245514e-1,3.829038739e-1,1.276346207e0,5.703954697e0,-9.111503959e-1
train,1508,CC1(C)CCOC(=O)O1,8.762065887e0,6.043592691e-1,3.829038739e-1,1.276346207e0,9.366425514e0,1.958349466e0
train,1509,C#CC(CO)C(O)C=O,6.032763958e0,3.727342933e-2,3.829038739e-1,1.276346207e0,6.070037365e0,-6.243292093e-1
train,1510,CCC1(O)CCCC1O,8.925334930e0,5.803780556e-1,3.829038739e-1,1.276346207e0,9.505712509e0,2.067479134e0
train,1511,CC1(O)C2CC1C1CC12,8.579750061e0,-1.052912712e0,3.829038739e-1,1.276346207e0,7.526837349e0,5.170552731e-1
train,1512,N#CC#CC1NCC[NH2+]1,4.481715202e0,3.918933272e-1,3.829038739e-1,1.276346207e0,4.873608589e0,-1.561716080e0
train,1513,CC1C=CC2C=CC1C2,6.285830498e0,6.109746695e-1,3.829038739e-1,1.276346207e0,6.896805286e0,2.343305759e-2
train,1514,CC(=O)NC1COC1,7.469525814e0,-8.794967830e-2,3.829038739e-1,1.276346207e0,7.381576061e0,4.032448530e-1
train,1515,CCC1(CC#N)OC1C,8.307636261e0,7.191550136e-1,3.829038739e-1,1.276346207e0,9.026791573e0,1.692250490e0
train,1516,CCCc1ncnn1C,7.148430824e0,-3.866597414e-1,3.829038739e-1,1.276346207e0,6.761771202e0,-8.236445487e-2
train,1517,CNc1cc(OC)no1,6.430050850e0,4.333157539e-1,3.829038739e-1,1.276346207e0,6.863366604e0,-2.765730722e-3
train,1518,CC(=O)n1cc(N)cn1,4.835463047e0,-1.371965650e-2,3.829038739e-1,1.276346207e0,4.821743488e0,-1.602351785e0
train,1519,C#CC1CC2NC12C=O,5.896707535e0,1.194485500e-1,3.829038739e-1,1.276346207e0,6.016156197e0,-6.665444374e-1
train,1520,CC1(C)NC=CC1=O,5.175605774e0,-4.081565738e-1,3.829038739e-1,1.276346207e0,4.767449379e0,-1.644890547e0
train,1521,O=C1CC23CC12N[CH+][NH2+]3,5.839563370e0,-1.476903260e-1,3.829038739e-1,1.276346207e0,5.691873074e0,-9.206162095e-1
train,1522,[NH-]C1C=NC(N)=C(O)O1,3.466730356e0,-4.612799585e-1,3.829038739e-1,1.276346207e0,3.005450487e0,-3.025394440e0
train,1523,Cc1ccn(C)c1,6.680395126e0,-5.691514164e-2,3.829038739e-1,1.276346207e0,6.623479843e0,-1.907139868e-1
train,1524,C1C2CC34CCC23C1C4,8.070897102e0,2.340033203e-1,3.829038739e-1,1.276346207e0,8.304900169e0,1.126657724e0
train,1525,Cn1cc(O)c(O)c1,6.310320377e0,-3.061433882e-2,3.829038739e-1,1.276346207e0,6.279706001e0,-4.600564837e-1
train,1526,CNCc1noc(C)n1,5.651804924e0,5.964020733e-3,3.829038739e-1,1.276346207e0,5.657768726e0,-9.473364949e-1
train,1527,CCc1cc(O)n(C)n1,6.906250000e0,-1.042743802e0,3.829038739e-1,1.276346207e0,5.863506317e0,-7.861437201e-1
train,1528,CC#CC1[NH2+]C2CC2O1,5.711669922e0,5.561031699e-1,3.829038739e-1,1.276346207e0,6.267773151e0,-4.694057107e-1
train,1529,COC(=O)C1C2C[NH+]1C2,6.272224426e0,6.773946285e-1,3.829038739e-1,1.276346207e0,6.949619293e0,6.481216848e-2
train,1530,Cc1cn(C=O)c(C)n1,5.061317921e0,-3.476751149e-1,3.829038739e-1,1.276346207e0,4.713642597e0,-1.687047482e0
train,1531,CC1(C)NC1CCO,8.587913513e0,2.130073607e-1,3.829038739e-1,1.276346207e0,8.800920486e0,1.515283346e0
train,1532,COC1C=CC2(CC2)O1,6.394675732e0,3.979005665e-2,3.829038739e-1,1.276346207e0,6.434465885e0,-3.388040662e-1
train,1533,CC(C=O)CC#CC=O,5.474930763e0,2.198725939e-1,3.829038739e-1,1.276346207e0,5.694803238e0,-9.183204174e-1
train,1534,CCN=C(N)C#N,5.959293365e0,-4.095017016e-1,3.829038739e-1,1.276346207e0,5.549791813e0,-1.031935096e0
train,1535,OC1C2OC3C2[NH+]2C1C32,7.847763538e0,-3.650784194e-1,3.829038739e-1,1.276346207e0,7.482685089e0,4.824625254e-1
train,1536,CCC1C=CCC12CC2,7.091287136e0,2.947284281e-1,3.829038739e-1,1.276346207e0,7.386015415e0,4.067230523e-1
train,1537,CC1C2C3CC4C1C2C34,8.800162315e0,4.478259385e-1,3.829038739e-1,1.276346207e0,9.247988701e0,1.865555763e0
train,1538,C[NH2+]C1NC(C)C1O,7.017816544e0,5.553008616e-2,3.829038739e-1,1.276346207e0,7.073346615e0,1.617509723e-1
train,1539,NC(=O)C1(O)COC1,7.368843079e0,-1.895147711e-1,3.829038739e-1,1.276346207e0,7.179328442e0,2.447863966e-1
train,1540,N#CCOCCCCO,7.684495449e0,-1.634508744e-2,3.829038739e-1,1.276346207e0,7.668150425e0,6.277722716e-1
train,1541,C1=C2CCCOC2OC1,6.903528214e0,1.872262061e-1,3.829038739e-1,1.276346207e0,7.090754509e0,1.753898412e-1
train,1542,CCOC1=NCCOC1,7.129383087e0,-7.322942019e-1,3.829038739e-1,1.276346207e0,6.397089005e0,-3.680883646e-1
train,1543,CC1=CC(=O)NC=NC1,5.649083614e0,3.604700267e-1,3.829038739e-1,1.276346207e0,6.009553432e0,-6.717176437e-1
train,1544,CC1(C)C[NH+](CC#N)C1,7.066796780e0,-4.010403156e-2,3.829038739e-1,1.276346207e0,7.026692867e0,1.251983494e-1
train,1545,[CH+]1[NH2+]C2COCCC2O1,7.202853680e0,-2.689522803e-1,3.829038739e-1,1.276346207e0,6.933901310e0,5.249732360e-2
train,1546,[NH-][CH+]Oc1c[nH]nc1O,6.419166088e0,-6.551469862e-2,3.829038739e-1,1.276346207e0,6.353651524e0,-4.021210968e-1
train,1547,CC(=O)C1(C(C)O)CC1,6.277666569e0,-3.405596614e-1,3.829038739e-1,1.276346207e0,5.937107086e0,-7.284784317e-1
train,1548,CC1(O)CC(O)C2CC21,8.642336845e0,-1.377620548e-1,3.829038739e-1,1.276346207e0,8.504574776e0,1.283100247e0
train,1549,C[CH+]1NO[CH+]C(N)=C1[NH-],4.658589363e0,3.488552868e-1,3.829038739e-1,1.276346207e0,5.007444859e0,-1.456857085e0
train,1550,CC(O)(CC=O)C1CO1,6.070860386e0,1.595674306e-1,3.829038739e-1,1.276346207e0,6.230427742e0,-4.986653626e-1
train,1551,CC1=CNC(=O)C1(C)C,5.785140514e0,-1.761365831e-1,3.829038739e-1,1.276346207e0,5.609004021e0,-9.855430722e-1
train,1552,CC12CC3[CH-]C(=O)C1C32,4.359263897e0,-7.843917608e-2,3.829038739e-1,1.276346207e0,4.280824661e0,-2.026154995e0
train,1553,C#CC1C2NC(=O)NC12,7.175642490e0,1.542577386e0,3.829038739e-1,1.276346207e0,8.718219757e0,1.450488448e0
train,1554,CC1CC2OC2CO1,9.238265991e0,-2.648700178e-1,3.829038739e-1,1.276346207e0,8.973396301e0,1.650416017e0
train,1555,CC1C=C(C=O)C2OC12,5.121182919e0,4.476833045e-1,3.829038739e-1,1.276346207e0,5.568866253e0,-1.016990542e0
train,1556,CC12CNC(=O)C(C1)O2,6.819173336e0,3.076747991e-2,3.829038739e-1,1.276346207e0,6.849940777e0,-1.328469720e-2
train,1557,O=CN1C=NCC(O)C1,6.087186813e0,2.788231373e-1,3.829038739e-1,1.276346207e0,6.366009712e0,-3.924385905e-1
train,1558,NC1CC2(CC2)OC1=O,6.862711906e0,-3.944502771e-2,3.829038739e-1,1.276346207e0,6.823266983e0,-3.418327868e-2
train,1559,O=C1CC2CC1(O)CO2,6.152494431e0,-8.948099613e-2,3.829038739e-1,1.276346207e0,6.063013554e0,-6.298322678e-1
train,1560,CCNc1ncnn1C,6.669510841e0,-1.370968968e-1,3.829038739e-1,1.276346207e0,6.532413960e0,-2.620629668e-1
train,1561,O=C1C2OC2C2(O)CC12,5.545680046e0,8.136194199e-2,3.829038739e-1,1.276346207e0,5.627041817e0,-9.714106917e-1
train,1562,COC1(C)CCC1,8.862749100e0,4.137145281e-1,3.829038739e-1,1.276346207e0,9.276463509e0,1.887865424e0
train,1563,OC1C2CC13C=CC[NH+]23,5.910312653e0,1.242062226e-1,3.829038739e-1,1.276346207e0,6.034518719e0,-6.521576047e-1
train,1564,Nc1cn[nH]c(=O)n1,5.093971252e0,9.197759628e-2,3.829038739e-1,1.276346207e0,5.185948849e0,-1.317001462e0
train,1565,CCC(=NO)C1(O)CC1,6.655904770e0,-5.945397615e-1,3.829038739e-1,1.276346207e0,6.061365128e0,-6.311237812e-1
train,1566,CC1C2OC3C1C(O)C23,8.362058640e0,-2.824490368e-1,3.829038739e-1,1.276346207e0,8.079609871e0,9.501456022e-1
train,1567,CC1C2C3(C)C[NH+]1C23C,8.269539833e0,2.594564855e-1,3.829038739e-1,1.276346207e0,8.528996468e0,1.302234292e0
train,1568,COC(C)CC#N,8.299472809e0,2.318299413e-1,3.829038739e-1,1.276346207e0,8.531302452e0,1.304041028e0
train,1569,[NH-]c1cnnc(N)[nH+]1,4.821857452e0,-3.313399851e-1,3.829038739e-1,1.276346207e0,4.490517616e0,-1.861863136e0
train,1570,C1C2[NH+]1CC13CCC21O3,8.299472809e0,-5.413181782e-1,3.829038739e-1,1.276346207e0,7.758154869e0,6.982896328e-1
train,1571,CC1=CCC=C(C)C=C1,5.099413872e0,2.832126571e-3,3.829038739e-1,1.276346207e0,5.102245808e0,-1.382581711e0
train,1572,c1cc(C2CC2)ncn1,5.842284679e0,-3.748683333e-1,3.829038739e-1,1.276346207e0,5.467416286e0,-1.096475244e0
train,1573,c1nc2occc2o1,5.480372906e0,-1.030659229e-1,3.829038739e-1,1.276346207e0,5.377306938e0,-1.167074800e0
train,1574,CCCC1(C)CC1OC,8.639615059e0,3.515393436e-1,3.829038739e-1,1.276346207e0,8.991154671e0,1.664329529e0
train,1575,CC1(O)C(=O)C[NH2+]C1N,5.594660759e0,2.884884179e-1,3.829038739e-1,1.276346207e0,5.883149147e0,-7.707538009e-1
train,1576,OCCC(O)CC1CO1,8.865469933e0,3.561417758e-1,3.829038739e-1,1.276346207e0,9.221611977e0,1.844889879e0
train,1577,CCC1(OC)CC1OC,8.933498383e0,2.044786140e-2,3.829038739e-1,1.276346207e0,8.953946114e0,1.635177016e0
train,1578,CC1C2C(=O)C3C2C[NH+]13,6.000110626e0,-4.603918791e-1,3.829038739e-1,1.276346207e0,5.539718628e0,-1.039827228e0
train,1579,CC1(C2CNC2=O)CC1,7.673610687e0,2.438175529e-1,3.829038739e-1,1.276346207e0,7.917428017e0,8.230781555e-1
train,1580,CC#CC1CC(CO)O1,7.308978081e0,2.040416300e-1,3.829038739e-1,1.276346207e0,7.513019562e0,5.062292218e-1
train,1581,C#CC1=CC(C)NC1=O,5.431392670e0,-5.039793849e-1,3.829038739e-1,1.276346207e0,4.927413464e0,-1.519560695e0
train,1582,CNc1cc(C)no1,6.196032524e0,-4.627529159e-2,3.829038739e-1,1.276346207e0,6.149757385e0,-5.618695617e-1
train,1583,CCCN(C=O)CCO,7.020537376e0,1.134492457e-1,3.829038739e-1,1.276346207e0,7.133986473e0,2.092615366e-1
train,1584,CC1[NH2+]C2C=CCC2O1,6.914412975e0,-1.583014131e-1,3.829038739e-1,1.276346207e0,6.756111622e0,-8.679866046e-2
train,1585,CC(O)C12CCOC1C2,7.989262581e0,7.373516560e-1,3.829038739e-1,1.276346207e0,8.726613998e0,1.457065225e0
train,1586,CC#CCC(=O)CCC,6.209638119e0,1.025977582e-1,3.829038739e-1,1.276346207e0,6.312235832e0,-4.345697761e-1
train,1587,CC1CC12CCC2C#N,8.304915428e0,4.665899575e-1,3.829038739e-1,1.276346207e0,8.771505356e0,1.492236972e0
train,1588,C#CC1C2OC(C)C12,7.548438072e0,-2.859448195e-1,3.829038739e-1,1.276346207e0,7.262493134e0,3.099448979e-1
train,1589,CC1CCC=CC1CO,7.191968918e0,-5.665072799e-1,3.829038739e-1,1.276346207e0,6.625461578e0,-1.891613305e-1
train,1590,N#CC1(O)C=CNC1=O,5.357921600e0,2.905845456e-2,3.829038739e-1,1.276346207e0,5.386980057e0,-1.159496069e0
train,1591,C#CC(=O)C1CC1,5.605545521e0,6.693001986e-1,3.829038739e-1,1.276346207e0,6.274845600e0,-4.638645351e-1
train,1592,CC1(COC=O)CC1,7.719869614e0,5.804012418e-1,3.829038739e-1,1.276346207e0,8.300271034e0,1.123030782e0
train,1593,N#CC1CC(C#N)C1N,7.227344036e0,-4.329030216e-1,3.829038739e-1,1.276346207e0,6.794441223e0,-5.676789954e-2
train,1594,CC(O)C(C=O)CC=O,5.962014675e0,-5.736284256e-1,3.829038739e-1,1.276346207e0,5.388386250e0,-1.158394337e0
train,1595,CC12OC([NH-])C1C2C=O,5.885822773e0,1.204417422e-1,3.829038739e-1,1.276346207e0,6.006264687e0,-6.742942929e-1
train,1596,CC12CC3(CO3)C1CO2,8.343010902e0,-6.711380929e-2,3.829038739e-1,1.276346207e0,8.275897026e0,1.103934050e0
train,1597,CC1=CCCC1C1CO1,7.020537376e0,1.718072779e-2,3.829038739e-1,1.276346207e0,7.037718296e0,1.338366270e-1
train,1598,O=CC1NC=CC1NO,4.462667465e0,1.207936704e-1,3.829038739e-1,1.276346207e0,4.583461285e0,-1.789042950e0
train,1599,OCC12CC[NH2+]C1OC2,6.922576904e0,-5.994495004e-2,3.829038739e-1,1.276346207e0,6.862631798e0,-3.341441974e-3
train,1600,N#CCNC1C[NH+]2CC12,6.957951069e0,-4.651007354e-1,3.829038739e-1,1.276346207e0,6.492850304e0,-2.930606008e-1
train,1601,CC(=O)C1OCC1C#N,5.937524319e0,2.735936344e-1,3.829038739e-1,1.276346207e0,6.211117744e0,-5.137945414e-1
train,1602,CCC12CC(O1)C1NC12,8.258655548e0,-7.939673066e-1,3.829038739e-1,1.276346207e0,7.464688301e0,4.683622718e-1
train,1603,C[NH+]1C(CO)C2(O)CC12,7.238228798e0,-7.100695372e-1,3.829038739e-1,1.276346207e0,6.528159142e0,-2.653965652e-1
train,1604,CC(C(O)C#N)C1CN1,7.151152611e0,1.541301161e-1,3.829038739e-1,1.276346207e0,7.305282593e0,3.434698880e-1
train,1605,O=C1CC2C=CC1CO2,5.755208015e0,-6.610898674e-2,3.829038739e-1,1.276346207e0,5.689098835e0,-9.227897525e-1
train,1606,CCOCC1(C)COC1,8.732133865e0,2.920288034e-2,3.829038739e-1,1.276346207e0,8.761336327e0,1.484269738e0
train,1607,CC(O)C1(C)COC1=O,7.534832478e0,-7.087917328e-1,3.829038739e-1,1.276346207e0,6.826040745e0,-3.201007098e-2
train,1608,O=CCC1CO[CH+][NH2+]1,6.068139076e0,-4.148891866e-1,3.829038739e-1,1.276346207e0,5.653249741e0,-9.508770704e-1
train,1609,Cn1ncnc1C(N)=O,6.182426929e0,4.307798743e-1,3.829038739e-1,1.276346207e0,6.613206863e0,-1.987627447e-1
train,1610,OC1C2CC(O2)C2CC12,8.147089005e0,-5.810775608e-2,3.829038739e-1,1.276346207e0,8.088981628e0,9.574882388e-1
train,1611,CC1NC1C1NC1C=O,6.005552769e0,2.309722304e-1,3.829038739e-1,1.276346207e0,6.236525059e0,-4.938881993e-1
train,1612,CCOCCOC,9.145747185e0,-2.849039137e-1,3.829038739e-1,1.276346207e0,8.860843658e0,1.562232494e0
train,1613,CCCC1(C2CC2)CO1,9.382485390e0,-4.181924760e-1,3.829038739e-1,1.276346207e0,8.964292526e0,1.643283367e0
train,1614,Nc1n[nH]cc1C=O,5.077644348e0,-3.896568716e-1,3.829038739e-1,1.276346207e0,4.687987328e0,-1.707148075e0
train,1615,CC1CCC(C#N)N1,7.415102959e0,-4.701339826e-2,3.829038739e-1,1.276346207e0,7.368089676e0,3.926784396e-1
train,1616,CCC[NH+]1CC(=O)C1,5.624593258e0,1.933512092e-2,3.829038739e-1,1.276346207e0,5.643928528e0,-9.581801295e-1
train,1617,CC(C#N)C1C[NH2+][CH+]O1,7.412381172e0,2.974009514e-2,3.829038739e-1,1.276346207e0,7.442121506e0,4.506814480e-1
train,1618,CCC1C2CC1C2=O,6.838221550e0,3.452947140e-1,3.829038739e-1,1.276346207e0,7.183516502e0,2.480676919e-1
train,1619,C#CC12OCC1OC2=O,6.348416328e0,-8.785750866e-1,3.829038739e-1,1.276346207e0,5.469841003e0,-1.094575524e0
train,1620,C1COCC2CC2OC1,8.364779472e0,8.414723277e-1,3.829038739e-1,1.276346207e0,9.206252098e0,1.832855582e0
train,1621,C1C2OC1C1CC2O1,7.529390335e0,-8.727433532e-2,3.829038739e-1,1.276346207e0,7.442115784e0,4.506769776e-1
train,1622,Nc1[nH]cnc1[N+](=O)[O-],4.566070557e0,9.362947941e-2,3.829038739e-1,1.276346207e0,4.659699917e0,-1.729310870e0
train,1623,CC(O)C(O)C1(O)CC1,8.258655548e0,5.773775578e-1,3.829038739e-1,1.276346207e0,8.836032867e0,1.542793512e0
train,1624,O=CC1C2NC(=O)C12,5.466767311e0,-6.752175689e-1,3.829038739e-1,1.276346207e0,4.791549683e0,-1.626008272e0
train,1625,CC1(O)C2COC21C,8.106271744e0,-1.768199056e-1,3.829038739e-1,1.276346207e0,7.929451942e0,8.324987292e-1
train,1626,O=CC1=CN2CC2CC1,5.140230656e0,-1.919907629e-1,3.829038739e-1,1.276346207e0,4.948239803e0,-1.503243566e0
train,1627,NC=Nc1nc[nH]n1,5.757929325e0,-3.707827628e-1,3.829038739e-1,1.276346207e0,5.387146473e0,-1.159365654e0
train,1628,O=CC12C=CC(=O)C1N2,4.824578762e0,-2.123213112e-1,3.829038739e-1,1.276346207e0,4.612257481e0,-1.766481400e0
train,1629,C#CC1C(C)C(O)C1C,8.274982452e0,-5.159457326e-1,3.829038739e-1,1.276346207e0,7.759036541e0,6.989803910e-1
train,1630,CC1(O)CC1(C)CO,8.745738983e0,6.581386179e-2,3.829038739e-1,1.276346207e0,8.811553001e0,1.523613811e0
train,1631,Cc1cc(NO)c([NH-])[nH]1,3.975583553e0,9.564742446e-2,3.829038739e-1,1.276346207e0,4.071230888e0,-2.190368891e0
train,1632,CC1OC2C3C2C2C1C32,7.853205681e0,5.670788288e-1,3.829038739e-1,1.276346207e0,8.420284271e0,1.217059731e0
train,1633,COCC(C=O)C(C)O,5.926640034e0,-9.175920486e-2,3.829038739e-1,1.276346207e0,5.834880829e0,-8.085713983e-1
train,1634,C#CC1C2C[NH+]1C2CC,6.952508926e0,6.616085768e-1,3.829038739e-1,1.276346207e0,7.614117622e0,5.854382515e-1
train,1635,CCC(=O)C(C)O[CH+][NH-],6.209638119e0,-5.462408066e-1,3.829038739e-1,1.276346207e0,5.663397312e0,-9.429265857e-1
train,1636,Cn1cc(O[CH+][NH-])nn1,6.114398479e0,-2.339641750e-1,3.829038739e-1,1.276346207e0,5.880434513e0,-7.728806734e-1
train,1637,C#CCCC1OC1CC,8.590634346e0,-3.934045732e-1,3.829038739e-1,1.276346207e0,8.197229385e0,1.042299032e0
train,1638,[H]N=CN1CC(C)(O)C1=O,5.942966461e0,-5.292741656e-1,3.829038739e-1,1.276346207e0,5.413692474e0,-1.138567209e0
train,1639,OC12C3CC1CC2C3,8.296751022e0,4.146983922e-1,3.829038739e-1,1.276346207e0,8.711449623e0,1.445184112e0
train,1640,CNC(C#N)C(N)CO,7.597418785e0,-7.153031826e-1,3.829038739e-1,1.276346207e0,6.882115364e0,1.192368753e-2
train,1641,OC1C2[NH2+]C3C4C1[NH+]2C34,5.118461609e0,3.340204433e-2,3.829038739e-1,1.276346207e0,5.151863575e0,-1.343706846e0
train,1642,[H]N=C(NC)c1ncno1,4.846347809e0,5.447981358e-1,3.829038739e-1,1.276346207e0,5.391145706e0,-1.156232357e0
train,1643,CC#CC1C2CC(=O)N12,6.209638119e0,4.295351505e-1,3.829038739e-1,1.276346207e0,6.639173508e0,-1.784182042e-1
train,1644,N#CC1NCC1(O)CO,7.216459274e0,-9.533636272e-2,3.829038739e-1,1.276346207e0,7.121122837e0,1.991830319e-1
train,1645,CC1=C(C=O)C(=O)OC1,4.775598526e0,1.838200837e-1,3.829038739e-1,1.276346207e0,4.959418774e0,-1.494484901e0
train,1646,C#CCC(C=O)C1CO1,6.005552769e0,7.103849053e-1,3.829038739e-1,1.276346207e0,6.715937614e0,-1.182744876e-1
train,1647,O=C1CC2C3CC2C13O,6.138888836e0,2.082796991e-1,3.829038739e-1,1.276346207e0,6.347168446e0,-4.072005153e-1
train,1648,C[NH+]1C2C=CC1C1CC12,5.847726822e0,-5.928823948e-1,3.829038739e-1,1.276346207e0,5.254844666e0,-1.263022423e0
train,1649,CC1CC12C1CCC2C1,9.545754433e0,-6.135937572e-1,3.829038739e-1,1.276346207e0,8.932160378e0,1.618108153e0
train,1650,Nc1c[nH]cc1CO,6.449098587e0,-2.483843118e-1,3.829038739e-1,1.276346207e0,6.200714111e0,-5.219456553e-1
train,1651,CC1[NH+](C)C12CCC2O,7.768850327e0,2.221098542e-1,3.829038739e-1,1.276346207e0,7.990960121e0,8.806896210e-1
train,1652,[H]N=CN1C([NH-])C2OCC21,5.910312653e0,-4.718927741e-1,3.829038739e-1,1.276346207e0,5.438419819e0,-1.119193673e0
train,1653,CC12OCOC1C1CC12,9.121256828e0,5.240266025e-2,3.829038739e-1,1.276346207e0,9.173659325e0,1.807319641e0
train,1654,C#CC(C)c1ncn[nH]1,7.341631889e0,5.972796082e-1,3.829038739e-1,1.276346207e0,7.938911438e0,8.399101496e-1
train,1655,CC(C)(C#N)CC1CN1,7.997426510e0,-7.532059401e-2,3.829038739e-1,1.276346207e0,7.922105789e0,8.267431259e-1
train,1656,N#CCC12CC1CO2,7.553880215e0,-1.399558634e-1,3.829038739e-1,1.276346207e0,7.413924217e0,4.285892546e-1
train,1657,N#Cc1nc[nH]c1CO,6.117119789e0,2.527454495e-1,3.829038739e-1,1.276346207e0,6.369865417e0,-3.894177079e-1
train,1658,O=CC12OC3CC1NC32,5.455882549e0,1.691375077e-1,3.829038739e-1,1.276346207e0,5.625020027e0,-9.729946852e-1
train,1659,C1=CC2(OC1)C1COC12,5.845005512e0,4.730441794e-2,3.829038739e-1,1.276346207e0,5.892310143e0,-7.635762691e-1
train,1660,CCC(C)(C)NC(N)=O,8.166136742e0,-6.524114311e-2,3.829038739e-1,1.276346207e0,8.100895882e0,9.668229222e-1
train,1661,C#CCCCCOC,8.424644470e0,3.338486850e-1,3.829038739e-1,1.276346207e0,8.758493423e0,1.482042313e0
train,1662,CCC1(O)CC2NC21,8.035522461e0,-2.273044437e-1,3.829038739e-1,1.276346207e0,7.808218002e0,7.375134826e-1
train,1663,O=CC#CC1CCCO1,5.553843975e0,-2.875910699e-1,3.829038739e-1,1.276346207e0,5.266252995e0,-1.254084229e0
train,1664,CC1CC(C)C2C(O)C12,7.986541748e0,-9.862972051e-2,3.829038739e-1,1.276346207e0,7.887911797e0,7.999525666e-1
train,1665,O=CCOc1ccno1,5.314383507e0,-1.814488135e-2,3.829038739e-1,1.276346207e0,5.296238422e0,-1.230590940e0
train,1666,CC12CCC(C1)C1OC12,9.205611229e0,1.672067493e-1,3.829038739e-1,1.276346207e0,9.372817993e0,1.963357925e0
train,1667,OC12C3C4OC1C2(O)C43,7.591977119e0,-3.532524407e-1,3.829038739e-1,1.276346207e0,7.238724709e0,2.913226187e-1
train,1668,CCCc1cc(C)co1,6.394675732e0,-7.424537092e-2,3.829038739e-1,1.276346207e0,6.320430279e0,-4.281495214e-1
train,1669,CC(O)C1CC(NO)C1,6.770192623e0,-2.018241882e-1,3.829038739e-1,1.276346207e0,6.568368435e0,-2.338930815e-1
train,1670,CC#CC12CCC1(C)C2,7.080402374e0,5.099831223e-1,3.829038739e-1,1.276346207e0,7.590385437e0,5.668444037e-1
train,1671,OCCC12CC3C1C[NH+]32,8.332126617e0,1.998111755e-1,3.829038739e-1,1.276346207e0,8.531937599e0,1.304538727e0
train,1672,C#CC1COC1C,7.858648300e0,4.323836267e-1,3.829038739e-1,1.276346207e0,8.291031837e0,1.115792036e0
train,1673,CC(=O)C(=O)C(C)(C)C,4.182389736e0,5.307305455e-1,3.829038739e-1,1.276346207e0,4.713120461e0,-1.687456608e0
train,1674,CC1C(O)C1[NH+]1CC1C,8.264098167e0,-4.954534173e-1,3.829038739e-1,1.276346207e0,7.768644810e0,7.065083385e-1
train,1675,CC12CC1C(C#N)O2,7.175642490e0,-2.145419568e-1,3.829038739e-1,1.276346207e0,6.961100578e0,7.380761206e-2
train,1676,CCCc1n[nH]c(C)n1,7.110334873e0,6.511859894e-1,3.829038739e-1,1.276346207e0,7.761520863e0,7.009268403e-1
train,1677,C1=CC2=CC3OC3C2C1,5.167441845e0,-6.050916910e-1,3.829038739e-1,1.276346207e0,4.562350273e0,-1.805583119e0
train,1678,CC1C(=O)CC(=O)C1C,5.420508385e0,-2.357893884e-1,3.829038739e-1,1.276346207e0,5.184719086e0,-1.317964911e0
train,1679,CCc1nnoc1CO,6.027321815e0,-3.471833169e-1,3.829038739e-1,1.276346207e0,5.680138588e0,-9.298099875e-1
train,1680,O=COC12CCC(C1)C2,7.594697952e0,-1.194633730e-2,3.829038739e-1,1.276346207e0,7.582751751e0,5.608634949e-1
train,1681,c1nc2c([nH]1)C1CC2O1,6.141610146e0,-1.754236221e-1,3.829038739e-1,1.276346207e0,5.966186523e0,-7.056950331e-1
train,1682,[NH-]C1OC2C3C(O)C2C13,7.553880215e0,-1.617308408e-1,3.829038739e-1,1.276346207e0,7.392149448e0,4.115289748e-1
train,1683,O=C1CC=CC=CCO1,5.243634224e0,5.178457499e-1,3.829038739e-1,1.276346207e0,5.761479855e0,-8.660801649e-1
train,1684,[H]N=CNC(=O)O[CH+][NH-],6.579712868e0,5.584461093e-1,3.829038739e-1,1.276346207e0,7.138158798e0,2.125304937e-1
train,1685,[NH-]C1=C([NH-])OC(CO)O1,6.370185375e0,1.660623103e-1,3.829038739e-1,1.276346207e0,6.536247730e0,-2.590592504e-1
train,1686,CC(C)n1cc(N)cn1,6.081744671e0,2.433599681e-1,3.829038739e-1,1.276346207e0,6.325104713e0,-4.244871438e-1
train,1687,CC(C)C[NH+]1CC1C#N,7.306257248e0,8.021675050e-2,3.829038739e-1,1.276346207e0,7.386474133e0,4.070824385e-1
train,1688,CCc1cnno1,6.378348827e0,-3.734447360e-1,3.829038739e-1,1.276346207e0,6.004904270e0,-6.753602028e-1
train,1689,Cc1ccc(C=O)o1,4.966077805e0,2.577706873e-1,3.829038739e-1,1.276346207e0,5.223848343e0,-1.287307739e0
train,1690,C#CC1C=CC(=O)CC1,5.093971252e0,-6.126060709e-2,3.829038739e-1,1.276346207e0,5.032710552e0,-1.437061787e0
train,1691,C1OC2CC2[NH+]2CC12,8.196069717e0,2.961403430e-1,3.829038739e-1,1.276346207e0,8.492210388e0,1.273412943e0
train,1692,CCOCC(C)C1CO1,9.298130035e0,6.137086153e-1,3.829038739e-1,1.276346207e0,9.911838531e0,2.385673761e0
train,1693,CN(C=O)C1CC(O)C1,7.273603439e0,3.792432845e-1,3.829038739e-1,1.276346207e0,7.652846813e0,6.157820821e-1
train,1694,[NH-]C1OCC2C=CC1C2,6.647741318e0,9.922513366e-1,3.829038739e-1,1.276346207e0,7.639992714e0,6.057110429e-1
train,1695,Cc1nocc1N(C)C,5.722554207e0,1.659779400e-1,3.829038739e-1,1.276346207e0,5.888532162e0,-7.665362954e-1
train,1696,[H]N=CNc1cn[nH]c1O,5.915755272e0,-2.174861282e-1,3.829038739e-1,1.276346207e0,5.698269367e0,-9.156047702e-1
train,1697,Nc1ccn(C2CC2)n1,6.179705620e0,-2.070234418e-1,3.829038739e-1,1.276346207e0,5.972681999e0,-7.006059289e-1
train,1698,O=C1COCC(CO)C1,5.749765873e0,-2.895255685e-1,3.829038739e-1,1.276346207e0,5.460240364e0,-1.102097511e0
train,1699,C1COC2CC2O1,8.416481972e0,-6.144066453e-1,3.829038739e-1,1.276346207e0,7.802075386e0,7.327008247e-1
train,1700,[NH-]C1OCOCC2OC12,7.083124161e0,-7.341124117e-2,3.829038739e-1,1.276346207e0,7.009712696e0,1.118945926e-1
train,1701,Nc1[nH]ncc1CCO,6.495357990e0,1.693564206e-1,3.829038739e-1,1.276346207e0,6.664714336e0,-1.584072858e-1
train,1702,OC1COC2C=CC1C2,6.685837746e0,1.965295896e-2,3.829038739e-1,1.276346207e0,6.705490589e0,-1.264595985e-1
train,1703,CC(CO)C(=O)C(N)=O,4.783761501e0,-4.659126326e-2,3.829038739e-1,1.276346207e0,4.737170219e0,-1.668613911e0
train,1704,N#CCC(C#N)O[CH+][NH-],7.532111645e0,2.499919981e-1,3.829038739e-1,1.276346207e0,7.782103539e0,7.170531154e-1
train,1705,C1CC2C(CO1)C1OC21,8.626008987e0,-1.917532831e-1,3.829038739e-1,1.276346207e0,8.434255600e0,1.228006005e0
train,1706,CCCOC1CC2NC21,8.367501259e0,-2.476306707e-1,3.829038739e-1,1.276346207e0,8.119870186e0,9.816890359e-1
train,1707,CC(O)C(CO)CC=O,6.223243713e0,-7.346336544e-2,3.829038739e-1,1.276346207e0,6.149780273e0,-5.618516803e-1
train,1708,CCC1(C=O)OCC1O,5.804188728e0,1.217904985e-1,3.829038739e-1,1.276346207e0,5.925979137e0,-7.371970415e-1
train,1709,NC1CCC(=O)NC1=O,6.098071575e0,5.642479658e-1,3.829038739e-1,1.276346207e0,6.662319660e0,-1.602834910e-1
train,1710,c1onc2c1OCC2,5.896707535e0,2.252193689e-1,3.829038739e-1,1.276346207e0,6.121926785e0,-5.836744905e-1
train,1711,CC1(CC#N)CC(O)C1,8.081781387e0,-3.088564277e-1,3.829038739e-1,1.276346207e0,7.772924900e0,7.098617554e-1
train,1712,CC1CC1C1CC2OC21,9.077718735e0,8.672328293e-2,3.829038739e-1,1.276346207e0,9.164442062e0,1.800097942e0
train,1713,O=C1CCC=CNC1=O,4.778319359e0,-7.819704711e-2,3.829038739e-1,1.276346207e0,4.700122356e0,-1.697640419e0
train,1714,C#CC1OCC1COC,7.377007008e0,-1.045695394e-1,3.829038739e-1,1.276346207e0,7.272437572e0,3.177362382e-1
train,1715,CC1(C#N)C([NH-])[NH+]2CC21,6.778356075e0,-4.760290384e-1,3.829038739e-1,1.276346207e0,6.302327156e0,-4.423331022e-1
train,1716,CC(C)OC12CCC1C2,8.694037437e0,6.268984079e-1,3.829038739e-1,1.276346207e0,9.320936203e0,1.922709227e0
train,1717,CC1C(=O)CC1CCO,6.013716221e0,3.108396754e-2,3.829038739e-1,1.276346207e0,6.044800282e0,-6.441021562e-1
train,1718,CC(C)(C=O)C1CC1,6.128004074e0,-5.242289305e-1,3.829038739e-1,1.276346207e0,5.603775024e0,-9.896398783e-1
train,1719,[NH-]C1=CC(N)CC(=O)O1,5.360642910e0,3.824176192e-1,3.829038739e-1,1.276346207e0,5.743060589e0,-8.805114031e-1
train,1720,N#CC12C=CC3C(C1)[NH+]32,5.899428368e0,-4.310409725e-1,3.829038739e-1,1.276346207e0,5.468387604e0,-1.095714211e0
train,1721,O=C1C2CC1C1OC21,6.451819897e0,-4.225520790e-1,3.829038739e-1,1.276346207e0,6.029267788e0,-6.562716961e-1
train,1722,CCC(C)c1cnn[nH]1,6.865432262e0,5.310706496e-1,3.829038739e-1,1.276346207e0,7.396502972e0,4.149399102e-1
train,1723,O=CC12NC1CC2=O,5.453161716e0,5.179070234e-1,3.829038739e-1,1.276346207e0,5.971068859e0,-7.018697858e-1
train,1724,Nc1cc(=O)cc(F)[nH]1,5.744323254e0,2.984117530e-2,3.829038739e-1,1.276346207e0,5.774164200e0,-8.561421037e-1
train,1725,CCc1[nH]ccc1OC,6.089908123e0,4.234733582e-1,3.829038739e-1,1.276346207e0,6.513381481e0,-2.769746780e-1
train,1726,CCC1(C#N)CC1(C)O,8.465462685e0,6.629616618e-1,3.829038739e-1,1.276346207e0,9.128424644e0,1.771878839e0
train,1727,C1=NCC2C3[NH2+][CH+]N1C23,5.904870510e0,3.489678800e-1,3.829038739e-1,1.276346207e0,6.253838539e0,-4.803233147e-1
train,1728,C1=CC2OC3CC(C1)C23,6.623250961e0,-4.361003637e-1,3.829038739e-1,1.276346207e0,6.187150478e0,-5.325725675e-1
train,1729,[H]N=C(C=O)NC=NCC,4.242255211e0,-3.757757246e-1,3.829038739e-1,1.276346207e0,3.866479397e0,-2.350789309e0
train,1730,O=C1C2C=CC1C=C2,6.625972271e0,6.893812418e-1,3.829038739e-1,1.276346207e0,7.315353394e0,3.513602316e-1
train,1731,CC(O)CC1OC1C=O,5.866774559e0,1.424318086e-2,3.829038739e-1,1.276346207e0,5.881017685e0,-7.724237442e-1
train,1732,CC1OC1C1CC2CC21,8.996084213e0,8.045649529e-1,3.829038739e-1,1.276346207e0,9.800649643e0,2.298558712e0
train,1733,CC1OC2(C(C)C)CC12,8.549818039e0,4.742412865e-1,3.829038739e-1,1.276346207e0,9.024059296e0,1.690109849e0
train,1734,OC1CC2CCC12O,8.204232216e0,-1.085882559e-1,3.829038739e-1,1.276346207e0,8.095643997e0,9.627081156e-1
train,1735,C1OCC2C3CC1C2O3,8.838258743e0,8.247556090e-1,3.829038739e-1,1.276346207e0,9.663014412e0,2.190723181e0
train,1736,CCC1C2CCC1C2=O,6.196032524e0,3.162364960e-1,3.829038739e-1,1.276346207e0,6.512269020e0,-2.778462768e-1
train,1737,Nc1coc(=O)c(F)n1,3.885786057e0,-1.303514123e0,3.829038739e-1,1.276346207e0,2.582272053e0,-3.356949568e0
train,1738,N#CC12CCC1N2,7.896743774e0,-1.397529691e-1,3.829038739e-1,1.276346207e0,7.756990910e0,6.973776817e-1
train,1739,COC1CC23C[NH+](C2)C13,6.917134762e0,-1.388772577e-1,3.829038739e-1,1.276346207e0,6.778257370e0,-6.944774836e-2
train,1740,OC1C2CC3C(CO2)C13,8.291309357e0,6.080174074e-2,3.829038739e-1,1.276346207e0,8.352110863e0,1.163646698e0
train,1741,Cc1ccc(NC=O)o1,5.246355057e0,4.411348701e-1,3.829038739e-1,1.276346207e0,5.687489986e0,-9.240502715e-1
train,1742,O=C1C[NH+]2CC12C1CO1,6.043648720e0,-6.603144407e-1,3.829038739e-1,1.276346207e0,5.383334160e0,-1.162352562e0
train,1743,O=C1C2OC3C1OC23,5.265403271e0,3.788990080e-1,3.829038739e-1,1.276346207e0,5.644302368e0,-9.578872323e-1
train,1744,O=C1CC(O)CNC1=O,4.895328522e0,-7.889756560e-2,3.829038739e-1,1.276346207e0,4.816431046e0,-1.606513977e0
train,1745,CC12NC3C(OC1[NH-])C32,6.704885483e0,-9.649626166e-2,3.829038739e-1,1.276346207e0,6.608389378e0,-2.025371790e-1
train,1746,C#CC(=O)C(=O)N(C)C,4.527974606e0,-5.318304151e-2,3.829038739e-1,1.276346207e0,4.474791527e0,-1.874184251e0
train,1747,CC1=CCC2(CC1)CC2,7.142988205e0,4.478225708e-1,3.829038739e-1,1.276346207e0,7.590810776e0,5.671776533e-1
train,1748,COc1cncc(=O)o1,4.334773540e0,1.325309426e-1,3.829038739e-1,1.276346207e0,4.467304707e0,-1.880050063e0
train,1749,CC1CC1(C)CC1CC1,9.270918846e0,3.264548779e-1,3.829038739e-1,1.276346207e0,9.597373962e0,2.139294624e0
train,1750,COC1(C)C=CC2NC21,6.432771206e0,-3.386456072e-1,3.829038739e-1,1.276346207e0,6.094125748e0,-6.054562926e-1
train,1751,[NH-]C1OC=CN[CH+]1CO,4.530695915e0,-2.629933655e-1,3.829038739e-1,1.276346207e0,4.267702579e0,-2.036435843e0
train,1752,CC1CCCC1(C)C=O,6.239571095e0,-4.120426178e-1,3.829038739e-1,1.276346207e0,5.827528477e0,-8.143318892e-1
train,1753,CC#Cc1nc(N)n[nH]1,5.137509823e0,-1.376819611e-1,3.829038739e-1,1.276346207e0,4.999827862e0,-1.462824941e0
train,1754,OC12C3CC1C1C3OC12,8.141646385e0,5.664620399e-1,3.829038739e-1,1.276346207e0,8.708108902e0,1.442566633e0
train,1755,CC1C(O)C1C(N)C#N,7.989262581e0,7.444286346e-1,3.829038739e-1,1.276346207e0,8.733691216e0,1.462610126e0
train,1756,CC(C)C(O)C1NC1C,8.465462685e0,-3.100552857e-1,3.829038739e-1,1.276346207e0,8.155406952e0,1.009531617e0
train,1757,O=CC12CNC1C(=O)N2,5.142951965e0,-2.085561603e-1,3.829038739e-1,1.276346207e0,4.934395790e0,-1.514090180e0
train,1758,Cc1ncc(O)c(N)n1,5.521190166e0,2.508405745e-1,3.829038739e-1,1.276346207e0,5.772030830e0,-8.578135967e-1
train,1759,C#CC(C)(C)C1CC1C,8.440972328e0,-3.217337728e-1,3.829038739e-1,1.276346207e0,8.119238853e0,9.811943769e-1
train,1760,CCNc1cnccn1,4.873559475e0,3.483590204e-3,3.829038739e-1,1.276346207e0,4.877043247e0,-1.559025168e0
train,1761,CC12CNC(=O)CC1O2,7.488573551e0,-1.792222708e-1,3.829038739e-1,1.276346207e0,7.309351444e0,3.466577828e-1
train,1762,CC[NH+]1CC1(C)CC=O,5.747044563e0,-7.038875669e-2,3.829038739e-1,1.276346207e0,5.676655769e0,-9.325387478e-1
train,1763,OCC1=CC2C3OC1C23,6.157936573e0,2.729393542e-1,3.829038739e-1,1.276346207e0,6.430875778e0,-3.416168690e-1
train,1764,CCCC1CCOC1C,8.677710533e0,-4.138709307e-1,3.829038739e-1,1.276346207e0,8.263839722e0,1.094487309e0
train,1765,C1=C2C(CC23CC3)OC1,6.245012760e0,3.508604467e-1,3.829038739e-1,1.276346207e0,6.595873356e0,-2.123433352e-1
train,1766,OCC1C2C(O)CC12O,8.381106377e0,-7.289968133e-1,3.829038739e-1,1.276346207e0,7.652109623e0,6.152045131e-1
train,1767,CC1N=COC2C(C)C12,7.357958317e0,3.895495236e-1,3.829038739e-1,1.276346207e0,7.747508049e0,6.899479628e-1
train,1768,CC12CCC(=O)N1CC2,6.968835831e0,3.720804304e-2,3.829038739e-1,1.276346207e0,7.006043911e0,1.090201437e-1
train,1769,C#CC12CC(N1)C2(C)O,7.211016655e0,3.389147669e-2,3.829038739e-1,1.276346207e0,7.244908333e0,2.961674333e-1
train,1770,CC1(C(O)C2CC2)CO1,9.309015274e0,-1.998278797e-1,3.829038739e-1,1.276346207e0,9.109187126e0,1.756806374e0
train,1771,N#CC1=CC2C3CC1[NH+]23,4.906212807e0,-1.593994051e-1,3.829038739e-1,1.276346207e0,4.746813297e0,-1.661058664e0
train,1772,OCC1C2CC3C[NH+]1C32,7.510342121e0,-2.299996167e-1,3.829038739e-1,1.276346207e0,7.280342579e0,3.239296973e-1
train,1773,O=CCc1nc(O)c[nH]1,4.157899380e0,-1.121566534e0,3.829038739e-1,1.276346207e0,3.036332846e0,-3.001198530e0
train,1774,C#CC1COC2CC2O1,7.088566303e0,-3.306942284e-1,3.829038739e-1,1.276346207e0,6.757872105e0,-8.541934192e-2
train,1775,NC(=O)NC1C[NH+]2CC12,7.926676750e0,4.576431811e-1,3.829038739e-1,1.276346207e0,8.384320259e0,1.188882351e0
train,1776,Oc1nocc1C1CO1,6.664068222e0,-1.366921216e-1,3.829038739e-1,1.276346207e0,6.527376175e0,-2.660100162e-1
train,1777,CC1OCc2conc21,6.416444778e0,-2.202776819e-1,3.829038739e-1,1.276346207e0,6.196166992e0,-5.255082250e-1
train,1778,N#CC1CC(O)CO1,7.913071156e0,3.099576533e-1,3.829038739e-1,1.276346207e0,8.223029137e0,1.062512755e0
train,1779,CC1C(=O)C(O)C[NH+]1C,5.107577324e0,1.261966079e-1,3.829038739e-1,1.276346207e0,5.233773708e0,-1.279531240e0
train,1780,CCCC1COC1(C)C,8.631451607e0,3.827841580e-1,3.829038739e-1,1.276346207e0,9.014235497e0,1.682412982e0
train,1781,CCn1cc(O)cc1O,6.288550854e0,3.892916739e-1,3.829038739e-1,1.276346207e0,6.677842617e0,-1.481214464e-1
train,1782,[NH-]C1OC(N)=C2CCN21,5.834120750e0,4.337636232e-1,3.829038739e-1,1.276346207e0,6.267884254e0,-4.693186581e-1
train,1783,C1C2C3C4C2C12C[NH+]4C32,7.959330082e0,1.228163689e-1,3.829038739e-1,1.276346207e0,8.082146645e0,9.521331191e-1
train,1784,Cc1nc(O)[nH]c1C=O,4.947029591e0,7.116627097e-1,3.829038739e-1,1.276346207e0,5.658692360e0,-9.466128349e-1
train,1785,O=c1ccoc(=O)[nH]1,6.125282764e0,-2.167822123e-1,3.829038739e-1,1.276346207e0,5.908500671e0,-7.508912086e-1
train,1786,C1C2CC3(C12)C1CCC13,8.938940048e0,-5.374377370e-1,3.829038739e-1,1.276346207e0,8.401502609e0,1.202344537e0
train,1787,CCC(C)CC(C)(C)C,9.915828705e0,2.808570266e-1,3.829038739e-1,1.276346207e0,1.019668579e1,2.608847857e0
train,1788,CC1COC2C(O)CC12,8.264098167e0,-3.723019958e-1,3.829038739e-1,1.276346207e0,7.891796112e0,8.029958606e-1
train,1789,N#CC1CCC1C1CC1,8.479067802e0,3.367742002e-1,3.829038739e-1,1.276346207e0,8.815841675e0,1.526973963e0
train,1790,OCC1C2C3C2C2C1C32,8.100829124e0,-2.905077934e-1,3.829038739e-1,1.276346207e0,7.810321331e0,7.391613722e-1
train,1791,NC1=NC2COC2CO1,7.474967480e0,-2.492610067e-1,3.829038739e-1,1.276346207e0,7.225706577e0,2.811230719e-1
train,1792,CC1C2(O)C3CC2C13O,8.144367218e0,-3.324823081e-1,3.829038739e-1,1.276346207e0,7.811884880e0,7.403864264e-1
train,1793,COC12CCC1C2C,8.819210052e0,2.955945432e-1,3.829038739e-1,1.276346207e0,9.114804268e0,1.761207342e0
train,1794,OCC12CC1CCCO2,8.421924591e0,-5.422374606e-2,3.829038739e-1,1.276346207e0,8.367700577e0,1.175861001e0
train,1795,CC1CNc2cccn21,6.288550854e0,3.750568330e-1,3.829038739e-1,1.276346207e0,6.663607597e0,-1.592743993e-1
train,1796,CC1=CCCOC=NC1,6.492636681e0,4.097383320e-1,3.829038739e-1,1.276346207e0,6.902375221e0,2.779703029e-2
train,1797,CCCc1coc(C)c1,6.383790970e0,2.129523084e-3,3.829038739e-1,1.276346207e0,6.385920525e0,-3.768387437e-1
train,1798,C#CC(C)OC(C)C,8.051848412e0,-5.642144009e-2,3.829038739e-1,1.276346207e0,7.995427132e0,8.841894865e-1
train,1799,COC(C)[NH2+]C1CC1C,6.903528214e0,2.365964204e-1,3.829038739e-1,1.276346207e0,7.140124798e0,2.140708417e-1
train,1800,C1OC1C12C3CC1C2C3,8.811046600e0,-3.331119716e-1,3.829038739e-1,1.276346207e0,8.477934837e0,1.262228251e0
train,1801,CC1CCC1CC1CO1,9.390648842e0,8.547914214e-3,3.829038739e-1,1.276346207e0,9.399196625e0,1.984025240e0
train,1802,FC(F)(F)C1CCN1,8.623288155e0,4.564063624e-2,3.829038739e-1,1.276346207e0,8.668929100e0,1.411869764e0
train,1803,CC(O)C1CC2(CC2)C1,8.843700409e0,-2.380178720e-1,3.829038739e-1,1.276346207e0,8.605682373e0,1.362316728e0
train,1804,C#CC12OC1C=CC2C,6.487194061e0,2.231821269e-1,3.829038739e-1,1.276346207e0,6.710376263e0,-1.226317436e-1
train,1805,O=CC1CC(O)(CO)C1,6.103513718e0,-8.368527293e-1,3.829038739e-1,1.276346207e0,5.266661167e0,-1.253764391e0
train,1806,CC1OC(C)C2OCC12,8.759345055e0,9.950765967e-2,3.829038739e-1,1.276346207e0,8.858852386e0,1.560672283e0
train,1807,CCC1(C)COC1[NH2+]C,7.679053307e0,2.283978611e-1,3.829038739e-1,1.276346207e0,7.907451153e0,8.152613640e-1
train,1808,CCC1CN(C=O)C1=O,5.899428368e0,-2.573405504e-1,3.829038739e-1,1.276346207e0,5.642087936e0,-9.596222043e-1
train,1809,CC#CCC(CO)CO,8.057291031e0,8.168539405e-2,3.829038739e-1,1.276346207e0,8.138976097e0,9.966582656e-1
train,1810,CC12C[NH+]3C(C1C#N)C32,7.401497364e0,-6.255733967e-1,3.829038739e-1,1.276346207e0,6.775923729e0,-7.127612084e-2
train,1811,[NH-]C1OCC2CN2C1=O,5.790582657e0,5.706742406e-1,3.829038739e-1,1.276346207e0,6.361257076e0,-3.961622417e-1
train,1812,CCn1cnn(C)c1=O,6.318483829e0,-3.509980440e-1,3.829038739e-1,1.276346207e0,5.967485905e0,-7.046769857e-1
train,1813,CC1=C(CO)C2NC2C1,6.459982872e0,2.861385643e-1,3.829038739e-1,1.276346207e0,6.746121407e0,-9.462586790e-2
train,1814,[NH-]C1NC2(CO)COC12,6.764750481e0,-3.393099010e-1,3.829038739e-1,1.276346207e0,6.425440788e0,-3.458751142e-1
train,1815,C1=CC23CCCC2C1O3,6.196032524e0,1.764729172e-1,3.829038739e-1,1.276346207e0,6.372505665e0,-3.873490989e-1
train,1816,CC1NC1(C)C(O)C=O,5.412344456e0,4.659278691e-1,3.829038739e-1,1.276346207e0,5.878272533e0,-7.745745778e-1
train,1817,CCCc1c[nH]nc1C,7.028701305e0,2.792771459e-1,3.829038739e-1,1.276346207e0,7.307978630e0,3.455822170e-1
train,1818,C#CC1=CCCOC1=O,5.178326607e0,1.071103454e0,3.829038739e-1,1.276346207e0,6.249430180e0,-4.837771952e-1
train,1819,CCC(COC)C(C)O,8.525327682e0,-7.287179232e-1,3.829038739e-1,1.276346207e0,7.796609879e0,7.284186482e-1
train,1820,CCCN1CC(O)C1=O,7.265439510e0,2.690926790e-1,3.829038739e-1,1.276346207e0,7.534532070e0,5.230839849e-1
train,1821,C#CC(CO)NC(C)=O,7.387890816e0,-1.754914671e-1,3.829038739e-1,1.276346207e0,7.212399483e0,2.706971467e-1
train,1822,C#CC12CC1OC2C=O,5.591939926e0,2.476268858e-1,3.829038739e-1,1.276346207e0,5.839566708e0,-8.049001098e-1
train,1823,CC1CC2(C)CC12,9.077718735e0,4.093129560e-2,3.829038739e-1,1.276346207e0,9.118650436e0,1.764220834e0
train,1824,[CH+]1[NH2+]C(C2CN2)CO1,7.330747128e0,4.641527236e-1,3.829038739e-1,1.276346207e0,7.794899940e0,7.270789146e-1
train,1825,O=C1CC2CC(O)C12,5.923918724e0,2.742496133e-1,3.829038739e-1,1.276346207e0,6.198168278e0,-5.239402652e-1
train,1826,c1cnc(N2CC2)nn1,4.489878654e0,-2.335897833e-1,3.829038739e-1,1.276346207e0,4.256289005e0,-2.045378208e0
train,1827,N#Cc1cc(O)ncn1,5.624593258e0,-2.338012606e-1,3.829038739e-1,1.276346207e0,5.390791893e0,-1.156509519e0
train,1828,O=C1CNC2C(O)C2N1,6.748423576e0,-6.770279258e-2,3.829038739e-1,1.276346207e0,6.680720806e0,-1.458664238e-1
train,1829,CC(C#N)c1ccco1,6.337531567e0,2.798347473e-1,3.829038739e-1,1.276346207e0,6.617366314e0,-1.955038607e-1
train,1830,CCOCC1OC2CC12,8.381106377e0,-2.410867661e-1,3.829038739e-1,1.276346207e0,8.140019417e0,9.974756837e-1
train,1831,CC1=CC2CC3(O)C1C23,6.351137638e0,3.613928258e-1,3.829038739e-1,1.276346207e0,6.712530613e0,-1.209438369e-1
train,1832,OC1C2OCC3C1C32O,8.280425072e0,-4.871801138e-1,3.829038739e-1,1.276346207e0,7.793244839e0,7.257821560e-1
train,1833,CC1OCC1(C)CC#N,7.698101044e0,-6.766774654e-1,3.829038739e-1,1.276346207e0,7.021423340e0,1.210697368e-1
train,1834,COC1C(O)C1(C)CO,8.065455437e0,4.899119139e-1,3.829038739e-1,1.276346207e0,8.555367470e0,1.322895646e0
train,1835,Cc1cccc(=O)o1,4.805530548e0,6.288117170e-1,3.829038739e-1,1.276346207e0,5.434342384e0,-1.122388244e0
train,1836,CN1CC(CO)OC1=O,8.226001740e0,-7.090687007e-2,3.829038739e-1,1.276346207e0,8.155095100e0,1.009287357e0
train,1837,N#CC1(C2(O)CC2)CO1,7.515784740e0,1.918321699e-1,3.829038739e-1,1.276346207e0,7.707616806e0,6.586936712e-1
train,1838,CC1CC12OC1C(O)C12,7.738917828e0,4.962805212e-1,3.829038739e-1,1.276346207e0,8.235198021e0,1.072046995e0
train,1839,CC1C(C)C1C1CCO1,8.664105415e0,-6.686983109e-1,3.829038739e-1,1.276346207e0,7.995407104e0,8.841737509e-1
train,1840,O=C1CCOCCC1O,6.255897522e0,-4.710934162e-1,3.829038739e-1,1.276346207e0,5.784804344e0,-8.478056788e-1
train,1841,C1=CC2C3C[NH+]2C13,5.676295280e0,4.999023676e-1,3.829038739e-1,1.276346207e0,6.176197529e0,-5.411540866e-1
train,1842,COC(C)C1(C=O)CC1,6.370185375e0,-9.129106253e-2,3.829038739e-1,1.276346207e0,6.278894424e0,-4.606923461e-1
train,1843,NC(C=O)=NCCC=O,4.914376259e0,-3.447608948e-1,3.829038739e-1,1.276346207e0,4.569615364e0,-1.799890995e0
train,1844,CC1C2CC1(O)C(=O)N2,7.216459274e0,-4.012559950e-1,3.829038739e-1,1.276346207e0,6.815203190e0,-4.050115868e-2
train,1845,N#CC1(C#N)C2C[NH+]1C2,6.411002159e0,1.311632246e-1,3.829038739e-1,1.276346207e0,6.542165279e0,-2.544229329e-1
train,1846,C#Cc1c(O)nnn1C,5.281730175e0,-2.644316852e-1,3.829038739e-1,1.276346207e0,5.017298698e0,-1.449136734e0
train,1847,N#CCC1CC(C=O)C1,6.215080738e0,-5.530430675e-1,3.829038739e-1,1.276346207e0,5.662037849e0,-9.439917207e-1
train,1848,OCC(O)CCC1CO1,8.691316605e0,2.342891991e-1,3.829038739e-1,1.276346207e0,8.925605774e0,1.612972736e0
train,1849,CCC1(CC)OC1CO,8.985198975e0,-2.068085372e-1,3.829038739e-1,1.276346207e0,8.778390884e0,1.497631788e0
train,1850,CC1OCC1(C#N)CO,7.643678188e0,-3.763633966e-1,3.829038739e-1,1.276346207e0,7.267314911e0,3.137226999e-1
train,1851,Nc1ncc(CO)cn1,5.385133266e0,7.407321036e-2,3.829038739e-1,1.276346207e0,5.459206581e0,-1.102907419e0
train,1852,N#CC(CO)CCCO,8.168857574e0,-6.098749861e-2,3.829038739e-1,1.276346207e0,8.107870102e0,9.722871184e-1
train,1853,O=C1C2CCC1(CO)O2,6.258618832e0,-4.796633422e-1,3.829038739e-1,1.276346207e0,5.778955460e0,-8.523882627e-1
train,1854,CC1C2C3CC(=O)C2C13,6.068139076e0,-6.891803741e-1,3.829038739e-1,1.276346207e0,5.378958702e0,-1.165780663e0
train,1855,C#CC1C2CCOCC12,7.681774139e0,1.045389995e-1,3.829038739e-1,1.276346207e0,7.786313057e0,7.203512192e-1
train,1856,CC1(CCO)CO1,9.175679207e0,3.010031581e-1,3.829038739e-1,1.276346207e0,9.476682663e0,2.044734478e0
train,1857,CC[NH+]1CC2CC21C=O,5.325268269e0,4.874875769e-2,3.829038739e-1,1.276346207e0,5.374017239e0,-1.169652224e0
train,1858,N#CC1C(O)C1O[CH+][NH-],7.216459274e0,6.422431469e-1,3.829038739e-1,1.276346207e0,7.858702660e0,7.770675421e-1
train,1859,CC1=CC2C3C(O)C1C23,6.274945736e0,-5.911067724e-1,3.829038739e-1,1.276346207e0,5.683838844e0,-9.269109368e-1
train,1860,OC12CC3C4OC1C4C32,7.967494011e0,-6.308287382e-1,3.829038739e-1,1.276346207e0,7.336665154e0,3.680577278e-1
train,1861,N#CCCC1C2CC[NH+]12,7.474967480e0,-3.393103480e-1,3.829038739e-1,1.276346207e0,7.135657310e0,2.105706185e-1
train,1862,CC(=O)CC1(C#N)CO1,6.215080738e0,-1.504720841e-2,3.829038739e-1,1.276346207e0,6.200033665e0,-5.224787593e-1
train,1863,COC1CC1CC(C)C,8.884517670e0,2.918080688e-1,3.829038739e-1,1.276346207e0,9.176325798e0,1.809408784e0
train,1864,C[CH+]1[CH-]C(O)=COC1[NH-],4.291235447e0,-1.484607756e-1,3.829038739e-1,1.276346207e0,4.142774582e0,-2.134315491e0
train,1865,Cc1cc(CO)nn1C,6.933460712e0,1.657383591e-1,3.829038739e-1,1.276346207e0,7.099199295e0,1.820062250e-1
train,1866,C#CC(=O)CCC#CC,5.077644348e0,3.746812791e-2,3.829038739e-1,1.276346207e0,5.115112305e0,-1.372501016e0
train,1867,O1C2C3C4C1C1C4[NH+]1C23,8.220560074e0,-6.036552191e-1,3.829038739e-1,1.276346207e0,7.616904736e0,5.876219273e-1
train,1868,O=COc1cnccn1,5.423229218e0,-2.074925005e-1,3.829038739e-1,1.276346207e0,5.215736866e0,-1.293662906e0
train,1869,N#CC#CC1CC1O,5.880380630e0,-4.667752385e-1,3.829038739e-1,1.276346207e0,5.413605213e0,-1.138635516e0
train,1870,CCC12CC3C1COC32,8.794719696e0,-4.358415604e-1,3.829038739e-1,1.276346207e0,8.358878136e0,1.168948770e0
train,1871,COC1=NCC(=O)CN1,5.673573971e0,-1.244707629e-1,3.829038739e-1,1.276346207e0,5.549103260e0,-1.032474518e0
train,1872,Oc1n[nH]c2[nH]ncc12,6.147051811e0,-4.627774656e-1,3.829038739e-1,1.276346207e0,5.684274197e0,-9.265698195e-1
train,1873,C1Cc2nonc2CN1,5.586497784e0,-5.411144495e-1,3.829038739e-1,1.276346207e0,5.045383453e0,-1.427132726e0
train,1874,CCOc1ccnn1C,6.819173336e0,-4.033340216e-1,3.829038739e-1,1.276346207e0,6.415839195e0,-3.533978462e-1
train,1875,N#CC[NH+]1CC2CC21,7.004210949e0,4.807669818e-1,3.829038739e-1,1.276346207e0,7.484977722e0,4.842587709e-1
train,1876,CC12CNC1C(C#N)N2,7.145709991e0,6.609215587e-2,3.829038739e-1,1.276346207e0,7.211802006e0,2.702290416e-1
train,1877,Cc1coc(NC=O)n1,5.594660759e0,3.376111686e-1,3.829038739e-1,1.276346207e0,5.932271957e0,-7.322666645e-1
train,1878,CC1CCOC12COC2,8.530769348e0,-1.810109764e-1,3.829038739e-1,1.276346207e0,8.349758148e0,1.161803365e0
train,1879,CN1C=CC2NC2C1=O,5.526632309e0,3.767631948e-1,3.829038739e-1,1.276346207e0,5.903395653e0,-7.548909187e-1
train,1880,O=CC1NC1CC1CC1,6.032763958e0,6.971797347e-2,3.829038739e-1,1.276346207e0,6.102481842e0,-5.989093781e-1
train,1881,COC1CC12CCOC2,8.683153152e0,4.297238588e-1,3.829038739e-1,1.276346207e0,9.112876892e0,1.759697318e0
train,1882,[NH-]C1OC2C(C(N)=O)C12,6.547059536e0,1.611842215e-1,3.829038739e-1,1.276346207e0,6.708243847e0,-1.243024617e-1
train,1883,OCC1C2C[NH+]3CC1C23,7.379727840e0,-1.171027422e-1,3.829038739e-1,1.276346207e0,7.262625217e0,3.100483716e-1
train,1884,CCC1(O)C2CC3C2C31,8.440972328e0,-3.472326696e-2,3.829038739e-1,1.276346207e0,8.406249046e0,1.206063271e0
train,1885,N#CC1CC1C#CC=O,5.458603859e0,2.723932266e-1,3.829038739e-1,1.276346207e0,5.730997086e0,-8.899630308e-1
train,1886,COC1CC2(C)CC12O,8.909008026e0,-3.057760000e-1,3.829038739e-1,1.276346207e0,8.603232384e0,1.360397220e0
train,1887,CNC1=NCCCC1=O,4.462667465e0,1.711675674e-1,3.829038739e-1,1.276346207e0,4.633834839e0,-1.749575853e0
train,1888,CCC1CC2CC=CC12,7.055912018e0,7.042348385e-1,3.829038739e-1,1.276346207e0,7.760147095e0,6.998504996e-1
train,1889,OC1CC12COC21CC1,7.972936153e0,2.669741213e-1,3.829038739e-1,1.276346207e0,8.239910126e0,1.075738788e0
train,1890,N#CC1(CO)C[NH2+][CH+]N1,6.846384525e0,6.102959514e-1,3.829038739e-1,1.276346207e0,7.456680298e0,4.620880783e-1
train,1891,C#CC1(CC=O)OC1C,6.089908123e0,3.368864357e-1,3.829038739e-1,1.276346207e0,6.426794529e0,-3.448144794e-1
train,1892,N#CC12C3CC4C(C41)C32,7.148430824e0,1.505911071e-2,3.829038739e-1,1.276346207e0,7.163489819e0,2.323770374e-1
train,1893,CC1CC(C)(C=O)C1C,6.108956337e0,5.660919547e-1,3.829038739e-1,1.276346207e0,6.675048351e0,-1.503107101e-1
train,1894,O=C1C=CNCCCO1,5.295335770e0,-1.320520639e-1,3.829038739e-1,1.276346207e0,5.163283825e0,-1.334759235e0
train,1895,C#CC1=C(C)C(=O)NC1,5.292614460e0,-1.821424812e-1,3.829038739e-1,1.276346207e0,5.110472202e0,-1.376136422e0
train,1896,CCC1C2OC3C[NH+]1C32,7.581092358e0,4.747197032e-1,3.829038739e-1,1.276346207e0,8.055811882e0,9.315001369e-1
train,1897,CCCC(O)C1CN1,8.623288155e0,3.357936442e-1,3.829038739e-1,1.276346207e0,8.959081650e0,1.639200687e0
train,1898,Cc1cccc(N)c1F,5.700785160e0,-4.248968065e-1,3.829038739e-1,1.276346207e0,5.275888443e0,-1.246534944e0
train,1899,CC1(O)CCOCC1=O,5.491257668e0,3.781887591e-1,3.829038739e-1,1.276346207e0,5.869446278e0,-7.814897895e-1
train,1900,O=C1NC2CC12,6.968835831e0,3.791149557e-1,3.829038739e-1,1.276346207e0,7.347950935e0,3.769000173e-1
train,1901,CC(C)Nc1c[nH]cn1,5.899428368e0,7.545277476e-1,3.829038739e-1,1.276346207e0,6.653955936e0,-1.668363512e-1
train,1902,COc1cnoc1C#N,5.159278870e0,-2.962980866e-1,3.829038739e-1,1.276346207e0,4.862980843e0,-1.570042849e0
train,1903,NC(=O)C[NH+]1CC2CC21,7.083124161e0,3.493053317e-1,3.829038739e-1,1.276346207e0,7.432429314e0,4.430877566e-1
train,1904,Oc1cnc(F)c(F)n1,5.145672798e0,-2.739025839e-2,3.829038739e-1,1.276346207e0,5.118282318e0,-1.370017290e0
train,1905,CC1[NH+]2C3CC1(C=O)C32,5.534795761e0,-3.339160681e-1,3.829038739e-1,1.276346207e0,5.200879574e0,-1.305303454e0
train,1906,COC1CC1(C)C(C)=O,6.185148239e0,6.057838202e-1,3.829038739e-1,1.276346207e0,6.790932178e0,-5.951719359e-2
train,1907,NC(=O)C1CCC1O,7.162036896e0,3.629370630e-1,3.829038739e-1,1.276346207e0,7.524973869e0,5.155952573e-1
train,1908,C#CC1=NCC2CC2O1,6.114398479e0,-1.332786381e-1,3.829038739e-1,1.276346207e0,5.981119633e0,-6.939951181e-1
train,1909,C#CC1C(=O)N2CC12,6.220522881e0,-1.154772639e-1,3.829038739e-1,1.276346207e0,6.105045795e0,-5.969005823e-1
train,1910,C#CC1C[NH+]1CC1CC1,7.162036896e0,-8.233229071e-2,3.829038739e-1,1.276346207e0,7.079704762e0,1.667324901e-1
train,1911,C#CC(=O)CC(O)C=O,5.322546959e0,8.560247421e-1,3.829038739e-1,1.276346207e0,6.178571701e0,-5.392939448e-1
train,1912,CC1OC1C(C)(O)C=O,5.738881111e0,4.827625453e-1,3.829038739e-1,1.276346207e0,6.221643448e0,-5.055477619e-1
train,1913,O=CCN1C=NCC1=O,5.610987663e0,-3.784210980e-1,3.829038739e-1,1.276346207e0,5.232566357e0,-1.280477285e0
train,1914,C[NH2+]C(C)OC1(C)CC1,7.428708553e0,1.097804010e-1,3.829038739e-1,1.276346207e0,7.538488865e0,5.261840820e-1
train,1915,C#CC(=O)C(C)(O)CO,5.368806362e0,-1.760877967e-1,3.829038739e-1,1.276346207e0,5.192718506e0,-1.311697483e0
train,1916,CCC1OCCC12CC2,8.957987785e0,8.281401396e-1,3.829038739e-1,1.276346207e0,9.786128044e0,2.287181139e0
train,1917,O=CC1CC1C1CCC1,6.217801571e0,2.365962565e-1,3.829038739e-1,1.276346207e0,6.454397678e0,-3.231877387e-1
train,1918,CCC1(C#N)C[NH2+][CH+]N1,6.889922619e0,1.781790107e-1,3.829038739e-1,1.276346207e0,7.068101406e0,1.576414108e-1
train,1919,CCC1C(C2CC2)[NH+]1C,7.834157944e0,5.326936245e-1,3.829038739e-1,1.276346207e0,8.366851807e0,1.175196052e0
train,1920,CC1=CC(O)CCOC1,6.696722031e0,-1.854048818e-1,3.829038739e-1,1.276346207e0,6.511317253e0,-2.785919607e-1
train,1921,[H]N=C(C(=O)C#C)N1CC1,4.655868053e0,1.485435665e-1,3.829038739e-1,1.276346207e0,4.804411411e0,-1.615931273e0
train,1922,[NH-]C1OC2(CO)CC12,7.589255333e0,-6.111150384e-1,3.829038739e-1,1.276346207e0,6.978140354e0,8.715806156e-2
train,1923,CCC1(C)C=CCCO1,7.232786179e0,-2.773691714e-1,3.829038739e-1,1.276346207e0,6.955417156e0,6.935472041e-2
train,1924,CC12C3C4C3C1(C=O)[NH+]42,5.317104816e0,9.145016968e-2,3.829038739e-1,1.276346207e0,5.408555031e0,-1.142592311e0
train,1925,CCNc1nnoc1C,5.015058517e0,-6.152693033e-1,3.829038739e-1,1.276346207e0,4.399789333e0,-1.932947516e0
train,1926,[NH-]c1ccnc(F)[nH+]1,5.137509823e0,6.200003028e-1,3.829038739e-1,1.276346207e0,5.757510185e0,-8.691903353e-1
train,1927,O=CC1(C2CN2)CC1O,5.638199329e0,-6.378286481e-1,3.829038739e-1,1.276346207e0,5.000370502e0,-1.462399721e0
train,1928,NC1=NCCNC1=O,5.480372906e0,3.517487347e-1,3.829038739e-1,1.276346207e0,5.832121849e0,-8.107330203e-1
train,1929,CC(C)OCCC(N)=O,7.496736526e0,-5.847494677e-2,3.829038739e-1,1.276346207e0,7.438261509e0,4.476571977e-1
train,1930,C[NH+]1CC1c1ccco1,6.149773121e0,2.640371919e-1,3.829038739e-1,1.276346207e0,6.413810253e0,-3.549874723e-1
train,1931,CC12[NH2+][CH+][NH+]3CC1(N)C32,6.032763958e0,-1.775133461e-1,3.829038739e-1,1.276346207e0,5.855250835e0,-7.926117778e-1
train,1932,[NH-]C1OC2(CO)CNC12,6.805567265e0,-1.194721758e-1,3.829038739e-1,1.276346207e0,6.686095238e0,-1.416556239e-1
train,1933,C[CH+]1N=C([NH-])OC=C1F,4.421850204e0,2.510767989e-2,3.829038739e-1,1.276346207e0,4.446958065e0,-1.895991445e0
train,1934,C#CC(C#N)(C#N)NC,6.694001198e0,-6.921302527e-2,3.829038739e-1,1.276346207e0,6.624788284e0,-1.896888465e-1
train,1935,COCc1cc(O)[nH]n1,6.919855118e0,3.731698990e-1,3.829038739e-1,1.276346207e0,7.293025017e0,3.338662386e-1
train,1936,N#CC1CN(C=O)[CH+][NH2+]1,6.106235027e0,8.213845640e-2,3.829038739e-1,1.276346207e0,6.188373566e0,-5.316143036e-1
train,1937,COC1C(C)(O)C1(C)O,8.021917343e0,1.942194551e-1,3.829038739e-1,1.276346207e0,8.216136932e0,1.057112813e0
train,1938,Cc1nc(C#N)nn1C,6.391954422e0,-2.090402544e-1,3.829038739e-1,1.276346207e0,6.182914257e0,-5.358915925e-1
train,1939,C1CC2C3CCC2C3O1,8.672267914e0,9.721820243e-3,3.829038739e-1,1.276346207e0,8.681989670e0,1.422102571e0
train,1940,CC#CCOC1CC1O,7.211016655e0,-5.913290977e-1,3.829038739e-1,1.276346207e0,6.619687557e0,-1.936852038e-1
train,1941,CC1COC(C)C1C#N,8.095387459e0,-2.231059782e-2,3.829038739e-1,1.276346207e0,8.073077202e0,9.450272918e-1
train,1942,N#CC1C2OC2C2C[NH+]12,7.349795341e0,3.633722067e-1,3.829038739e-1,1.276346207e0,7.713167667e0,6.630427241e-1
train,1943,CC1=C(C)CN(C=O)C1,6.699442863e0,3.042058945e-1,3.829038739e-1,1.276346207e0,7.003648758e0,1.071435735e-1
train,1944,O=CC1C(O)CC1O,6.144330502e0,-7.283198237e-1,3.829038739e-1,1.276346207e0,5.416010857e0,-1.136750817e0
train,1945,OCC1CC(CO)C1O,8.264098167e0,-3.007806465e-2,3.829038739e-1,1.276346207e0,8.234020233e0,1.071124196e0
train,1946,CC1OC12C=CC1CC12,6.487194061e0,1.263163835e-1,3.829038739e-1,1.276346207e0,6.613510609e0,-1.985247582e-1
train,1947,[NH-]C1OC(C=O)C1O,5.962014675e0,9.995765090e-1,3.829038739e-1,1.276346207e0,6.961591244e0,7.419203967e-2
train,1948,CCCC1(C)CCCO1,8.650499344e0,1.794567257e-1,3.829038739e-1,1.276346207e0,8.829956055e0,1.538032413e0
train,1949,Cc1cc(=O)occ1F,4.693964005e0,-2.259322852e-1,3.829038739e-1,1.276346207e0,4.468031883e0,-1.879480362e0
train,1950,CNc1c(N)noc1N,6.427329540e0,2.280992270e-1,3.829038739e-1,1.276346207e0,6.655428886e0,-1.656823158e-1
train,1951,CCOc1conc1O,6.313041210e0,2.662732303e-1,3.829038739e-1,1.276346207e0,6.579314232e0,-2.253171951e-1
train,1952,CC1CC=C2CCC21C,6.669510841e0,-7.314173132e-2,3.829038739e-1,1.276346207e0,6.596369267e0,-2.119547874e-1
train,1953,C1=CC2C3C1C1C2[NH+]31,6.628693581e0,3.009856045e-1,3.829038739e-1,1.276346207e0,6.929679394e0,4.918950796e-2
train,1954,CCC#CC1CC(O)C1,7.948446274e0,3.563900292e-1,3.829038739e-1,1.276346207e0,8.304836273e0,1.126607656e0
train,1955,CCC1C(=O)C(C)[NH+]1C,5.659968376e0,-4.505791515e-2,3.829038739e-1,1.276346207e0,5.614910603e0,-9.809153080e-1
train,1956,CCC1CCNCC1=O,5.695343018e0,6.372504234e-1,3.829038739e-1,1.276346207e0,6.332593441e0,-4.186198413e-1
train,1957,O=C1CC[NH+](C2CC2)C1,5.338873863e0,4.058761299e-1,3.829038739e-1,1.276346207e0,5.744750023e0,-8.791877627e-1
train,1958,C#CC1(C)COCCO1,7.597418785e0,1.905889809e-2,3.829038739e-1,1.276346207e0,7.616477489e0,5.872871876e-1
train,1959,COC1C(C)OC1C#N,7.472246647e0,3.906050920e-1,3.829038739e-1,1.276346207e0,7.862851620e0,7.803182006e-1
train,1960,O=C1C[NH+]2CC(O)C1C2,5.483094215e0,-4.553343654e-1,3.829038739e-1,1.276346207e0,5.027760029e0,-1.440940380e0
train,1961,CN1CC(OC=O)C1=O,7.077681541e0,-3.905704916e-1,3.829038739e-1,1.276346207e0,6.687110901e0,-1.408598572e-1
train,1962,CC1(C#N)CCOC=N1,7.300814629e0,-2.735519409e-1,3.829038739e-1,1.276346207e0,7.027262688e0,1.256447881e-1
train,1963,CCn1ccnc1,6.906250000e0,2.216999233e-1,3.829038739e-1,1.276346207e0,7.127949715e0,2.045318186e-1
train,1964,CC1=CNC(=O)C([NH-])O1,4.819136620e0,-4.056000113e-1,3.829038739e-1,1.276346207e0,4.413536549e0,-1.922176838e0
train,1965,NC(=O)C#CCC1CC1,6.367464066e0,-2.844077349e-1,3.829038739e-1,1.276346207e0,6.083056450e0,-6.141289473e-1
train,1966,[H]N=CN(C=N[H])C(=O)CO,6.261340141e0,5.894922018e-1,3.829038739e-1,1.276346207e0,6.850832462e0,-1.258607302e-2
train,1967,CCC1OC(C#N)C1N,7.006931782e0,6.461839676e-1,3.829038739e-1,1.276346207e0,7.653115749e0,6.159927845e-1
train,1968,O=CC1OC2C(C=O)C12,5.319826126e0,-5.623271465e-1,3.829038739e-1,1.276346207e0,4.757498741e0,-1.652686715e0
train,1969,CC[NH+]1C([NH-])C2OCC21,6.680395126e0,-2.859122753e-1,3.829038739e-1,1.276346207e0,6.394482613e0,-3.701304495e-1
train,1970,c1onc2onnc12,5.123903751e0,9.562256932e-1,3.829038739e-1,1.276346207e0,6.080129623e0,-6.164220572e-1
train,1971,Cn1nc(O)n(C)c1=O,6.791961670e0,2.998579741e-1,3.829038739e-1,1.276346207e0,7.091819763e0,1.762244552e-1
train,1972,C#CC#CC1NC1CO,5.883101463e0,-4.820832908e-1,3.829038739e-1,1.276346207e0,5.401018143e0,-1.148497343e0
train,1973,CCn1c(C)ccc1N,6.206917286e0,8.395913839e-1,3.829038739e-1,1.276346207e0,7.046508789e0,1.407238692e-1
train,1974,OCC(O)C1(O)CCC1,8.226001740e0,-7.992706448e-2,3.829038739e-1,1.276346207e0,8.146074295e0,1.002219677e0
train,1975,N#CCC1OC([NH-])C1O,7.708985806e0,-2.364838868e-1,3.829038739e-1,1.276346207e0,7.472501755e0,4.744839966e-1
train,1976,[NH-]c1o[cH+]nc(N)c1N,4.258581638e0,3.391622305e-1,3.829038739e-1,1.276346207e0,4.597743988e0,-1.777852535e0
train,1977,COCC12CC3C1C[NH+]32,8.299472809e0,8.810406923e-1,3.829038739e-1,1.276346207e0,9.180513382e0,1.812689662e0
train,1978,CC1=CCC(=O)N2CC12,6.432771206e0,-3.754398227e-1,3.829038739e-1,1.276346207e0,6.057331562e0,-6.342840791e-1
train,1979,N#CC12C=CC3C(C1)C32,6.473588943e0,2.053582668e-1,3.829038739e-1,1.276346207e0,6.678947449e0,-1.472558230e-1
train,1980,CC1C2C3[NH+]2CC13O,7.839600563e0,-3.073237538e-1,3.829038739e-1,1.276346207e0,7.532276630e0,5.213168859e-1
train,1981,CC1[NH2+]CC2CC(=O)N21,6.372906685e0,2.817542255e-1,3.829038739e-1,1.276346207e0,6.654660702e0,-1.662841886e-1
train,1982,CC1CC2(CCO2)C1O,8.236886978e0,-5.270098895e-2,3.829038739e-1,1.276346207e0,8.184185982e0,1.032079697e0
train,1983,OC1CC2CCCC=C12,6.821894169e0,2.865273654e-1,3.829038739e-1,1.276346207e0,7.108421326e0,1.892315596e-1
train,1984,CC1[NH2+]C(N)OC1C#N,6.715770245e0,2.944270670e-1,3.829038739e-1,1.276346207e0,7.010197163e0,1.122741699e-1
train,1985,CC#CCCC(O)CC,8.234165192e0,-3.424271047e-1,3.829038739e-1,1.276346207e0,7.891737938e0,8.029502630e-1
train,1986,CCC1(C)CC(C)C1,9.640994072e0,-1.698737405e-2,3.829038739e-1,1.276346207e0,9.624006271e0,2.160160780e0
train,1987,Cc1nc(C)c(C=O)[nH]1,5.042269707e0,-6.512299180e-1,3.829038739e-1,1.276346207e0,4.391039848e0,-1.939802647e0
train,1988,CC1(C#CCC=O)CN1,5.926640034e0,1.009142876e0,3.829038739e-1,1.276346207e0,6.935782909e0,5.397153646e-2
train,1989,[H]N=C(OC)n1cccn1,6.432771206e0,-3.877980411e-1,3.829038739e-1,1.276346207e0,6.044973373e0,-6.439665556e-1
train,1990,C1=CC2C3C1C2C1CC13,6.231407166e0,1.012922302e-1,3.829038739e-1,1.276346207e0,6.332699299e0,-4.185369015e-1
train,1991,[NH-]C1OC(F)=COC1=O,4.816415310e0,9.034371972e-1,3.829038739e-1,1.276346207e0,5.719852448e0,-8.986946940e-1
train,1992,CC#CC1(C)CO1,7.624630451e0,-5.333714485e-1,3.829038739e-1,1.276346207e0,7.091259003e0,1.757850945e-1
train,1993,O=C1NCC12C1CC[NH+]12,7.118498325e0,1.861591935e-1,3.829038739e-1,1.276346207e0,7.304657459e0,3.429801166e-1
train,1994,C#CC12CC1(O)CCO2,7.091287136e0,5.262708291e-2,3.829038739e-1,1.276346207e0,7.143914223e0,2.170398086e-1
train,1995,CC1(C2OCC2O)CC1,8.326683998e0,2.701654732e-1,3.829038739e-1,1.276346207e0,8.596849442e0,1.355396271e0
train,1996,CCC1(O)CCC1(C)C,8.696758270e0,-4.047817588e-1,3.829038739e-1,1.276346207e0,8.291976929e0,1.116532564e0
train,1997,OC1CC12C[NH2+][CH+]O2,7.066796780e0,2.252792567e-1,3.829038739e-1,1.276346207e0,7.292076111e0,3.331227899e-1
train,1998,N#CC12CC3C(N1)C32O,6.824615955e0,-6.784033775e-1,3.829038739e-1,1.276346207e0,6.146212578e0,-5.646468997e-1
train,1999,OC1CC2CC3CC2C13,8.985198975e0,-5.423668027e-2,3.829038739e-1,1.276346207e0,8.930962563e0,1.617169738e0
train,2000,CC1N2C(=O)C3C2C31C,6.617809296e0,8.384908438e-1,3.829038739e-1,1.276346207e0,7.456300259e0,4.617903233e-1
train,2001,CCCC1(O)CCOC1,8.628729820e0,4.846257567e-1,3.829038739e-1,1.276346207e0,9.113355637e0,1.760072351e0
train,2002,Nc1nc(N)c(CO)o1,5.711669922e0,1.009584963e-2,3.829038739e-1,1.276346207e0,5.721765995e0,-8.971954584e-1
train,2003,C#CC(C)(O)C1CC1,8.133483887e0,-4.153089821e-1,3.829038739e-1,1.276346207e0,7.718174934e0,6.669658422e-1
train,2004,OC12C[NH+](CC3OC31)C2,7.760687351e0,-1.764040440e-2,3.829038739e-1,1.276346207e0,7.743046761e0,6.864526272e-1
train,2005,CC1NC2(CO)COC12,7.322584152e0,4.240033627e-1,3.829038739e-1,1.276346207e0,7.746587753e0,6.892269254e-1
train,2006,C#CC#CC(CO)OC,6.021879673e0,2.434485704e-1,3.829038739e-1,1.276346207e0,6.265328407e0,-4.713211358e-1
train,2007,C1CC2CCC(O1)O2,8.892680168e0,-2.328287661e-1,3.829038739e-1,1.276346207e0,8.659851074e0,1.404757261e0
train,2008,COc1nnn(C)c1C,5.921197414e0,-2.149917930e-1,3.829038739e-1,1.276346207e0,5.706205845e0,-9.093866348e-1
train,2009,OC1C2(O)C3CC2C13O,8.019195557e0,-5.132493749e-2,3.829038739e-1,1.276346207e0,7.967870712e0,8.625993729e-1
train,2010,O=C1CC2COC(=O)C12,5.880380630e0,7.063982636e-2,3.829038739e-1,1.276346207e0,5.951020241e0,-7.175776362e-1
train,2011,CC1N=COCC1C#N,7.308978081e0,4.350805581e-1,3.829038739e-1,1.276346207e0,7.744058609e0,6.872453690e-1
train,2012,N#CC#Cc1cn[nH]c1,5.336152554e0,2.620158195e-1,3.829038739e-1,1.276346207e0,5.598168373e0,-9.940326214e-1
train,2013,C[NH+]1Cc2nonc2C1,5.134788513e0,-2.698420882e-1,3.829038739e-1,1.276346207e0,4.864946365e0,-1.568502903e0
train,2014,CC(O)COCC1CN1,8.718527794e0,-3.878778219e-2,3.829038739e-1,1.276346207e0,8.679739952e0,1.420339942e0
train,2015,N#CCCNCC1CO1,7.597418785e0,-4.771327078e-1,3.829038739e-1,1.276346207e0,7.120285988e0,1.985273808e-1
train,2016,CC1[NH2+]CC(CC#N)O1,7.455919266e0,2.849079967e-1,3.829038739e-1,1.276346207e0,7.740827084e0,6.847135425e-1
train,2017,COC1(C2CO2)CC1O,8.348453522e0,2.718042135e-1,3.829038739e-1,1.276346207e0,8.620257378e0,1.373736143e0
train,2018,CNc1oncc1CO,5.910312653e0,-2.368250340e-1,3.829038739e-1,1.276346207e0,5.673487663e0,-9.350209236e-1
train,2019,CCC1=CCCC12CN2,6.394675732e0,7.352676988e-1,3.829038739e-1,1.276346207e0,7.129943371e0,2.060938179e-1
train,2020,[H]N=CN1C(C)C(O)C1[NH-],5.967456818e0,1.250692755e-1,3.829038739e-1,1.276346207e0,6.092525959e0,-6.067097187e-1
train,2021,N#CC12CCC(N1)C2O,7.216459274e0,1.362529546e-1,3.829038739e-1,1.276346207e0,7.352712154e0,3.806303740e-1
train,2022,CCC(=O)C(C)(C)O,6.280387878e0,1.849716157e-1,3.829038739e-1,1.276346207e0,6.465359688e0,-3.145991564e-1
train,2023,CC1C(=O)C2NC12CO,5.899428368e0,8.174825311e-1,3.829038739e-1,1.276346207e0,6.716910839e0,-1.175119802e-1
train,2024,C#CC1(O)CC1NC=O,7.036864281e0,5.503922105e-1,3.829038739e-1,1.276346207e0,7.587256432e0,5.643928647e-1
train,2025,COC1CCC2(CC2)O1,8.805603981e0,1.996496320e-1,3.829038739e-1,1.276346207e0,9.005253792e0,1.675375938e0
train,2026,C[NH+]1C(CO)C1C1CC1,7.823273182e0,4.895229638e-1,3.829038739e-1,1.276346207e0,8.312796593e0,1.132844448e0
train,2027,C#CCC(O)C(C)=NO,6.843663692e0,1.049626112e0,3.829038739e-1,1.276346207e0,7.893289566e0,8.041659594e-1
train,2028,Nc1ocnc1CCO,5.956572056e0,-6.680152416e-1,3.829038739e-1,1.276346207e0,5.288557053e0,-1.236609221e0
train,2029,C#Cc1c[nH]c(O)c1C,5.545680046e0,-3.476035893e-1,3.829038739e-1,1.276346207e0,5.198076248e0,-1.307499766e0
train,2030,CC1CC12OCC2O,7.815110207e0,1.725431234e-1,3.829038739e-1,1.276346207e0,7.987653255e0,8.780987263e-1
train,2031,CC12OC1CC2C1CC1,8.941660881e0,-1.020530313e-1,3.829038739e-1,1.276346207e0,8.839608192e0,1.545594692e0
train,2032,C#CCC(C)OC,8.372943878e0,-4.575926065e-1,3.829038739e-1,1.276346207e0,7.915351391e0,8.214511275e-1
train,2033,CC1[NH+]2CC3OC1(C)C32,7.608303070e0,2.610661089e-1,3.829038739e-1,1.276346207e0,7.869369030e0,7.854245305e-1
train,2034,CC12COC([NH-])C1(O)C2,7.083124161e0,1.707722098e-1,3.829038739e-1,1.276346207e0,7.253896236e0,3.032093346e-1
train,2035,O=CNC(=O)C1CN1,5.959293365e0,1.641039848e-1,3.829038739e-1,1.276346207e0,6.123397350e0,-5.825223327e-1
train,2036,O=C1OC2CC3C(O1)C23,8.547096252e0,5.500845313e-1,3.829038739e-1,1.276346207e0,9.097180367e0,1.747399330e0
train,2037,CC1(C)OC(=O)N2CC21,7.899465561e0,1.178947836e-1,3.829038739e-1,1.276346207e0,8.017360687e0,9.013741612e-1
train,2038,CCC12C3CC1C1C3[NH+]12,8.389269829e0,1.997571439e-1,3.829038739e-1,1.276346207e0,8.589027405e0,1.349267840e0
train,2039,CC1CC2C1C2C1CC1,8.998806000e0,-4.796979427e-1,3.829038739e-1,1.276346207e0,8.519107819e0,1.294486761e0
train,2040,C#CC1CC(O)C12CC2,8.209674835e0,-1.345604360e-1,3.829038739e-1,1.276346207e0,8.075114250e0,9.466233253e-1
train,2041,C[NH2+][CH+]OCC(C)C=O,5.983783722e0,-8.452006578e-1,3.829038739e-1,1.276346207e0,5.138583183e0,-1.354111910e0
train,2042,CCC#CC(C)(O)CC,7.951167107e0,-4.762163851e-3,3.829038739e-1,1.276346207e0,7.946404934e0,8.457812071e-1
train,2043,OC12CCOC3C1CC32,8.571586609e0,1.876087338e-1,3.829038739e-1,1.276346207e0,8.759195328e0,1.482592225e0
train,2044,CCC12CC1NC(=O)O2,8.119877815e0,1.056044623e-1,3.829038739e-1,1.276346207e0,8.225481987e0,1.064434528e0
train,2045,C1OCC1[NH+]1CC1,8.470904350e0,1.732569933e-1,3.829038739e-1,1.276346207e0,8.644161224e0,1.392464519e0
train,2046,OC1(C2CCO2)COC1,8.489952087e0,6.833970547e-2,3.829038739e-1,1.276346207e0,8.558291435e0,1.325186610e0
train,2047,Cc1cnn2c1C=CC2,5.023221493e0,-5.701200962e-1,3.829038739e-1,1.276346207e0,4.453101158e0,-1.891178370e0
train,2048,Cc1nc2c(o1)NCC2,5.597382069e0,2.808185294e-2,3.829038739e-1,1.276346207e0,5.625463963e0,-9.726468921e-1
train,2049,CC1(C)CC2(C)CC12C,8.509000778e0,-4.145522714e-1,3.829038739e-1,1.276346207e0,8.094448090e0,9.617711306e-1
train,2050,COC1CC12CC([NH-])O2,7.191968918e0,-3.000640869e-1,3.829038739e-1,1.276346207e0,6.891904831e0,1.959361136e-2
train,2051,CCc1nccc(F)n1,6.087186813e0,1.384618282e-1,3.829038739e-1,1.276346207e0,6.225648880e0,-5.024095774e-1
train,2052,N#CC12CCC1(CO)N2,7.488573551e0,6.340226531e-2,3.829038739e-1,1.276346207e0,7.551975727e0,5.367508531e-1
train,2053,C#CC1OC2CCC=C12,6.590597630e0,-1.672688872e-2,3.829038739e-1,1.276346207e0,6.573870659e0,-2.295821607e-1
train,2054,C#CC1CC(CCO)O1,7.548438072e0,3.480591476e-1,3.829038739e-1,1.276346207e0,7.896497250e0,8.066791296e-1
train,2055,CN1CCCN(C)C1=O,7.581092358e0,-7.561986446e-1,3.829038739e-1,1.276346207e0,6.824893951e0,-3.290857002e-2
train,2056,CCC[NH+]1C2C3OC3C21,7.153872967e0,4.241104051e-2,3.829038739e-1,1.276346207e0,7.196283817e0,2.580707371e-1
train,2057,C#Cc1ncc(C)cn1,5.474930763e0,-3.740889132e-1,3.829038739e-1,1.276346207e0,5.100841999e0,-1.383681655e0
train,2058,O=CNC1CC2OCC12,7.523947716e0,6.867759824e-1,3.829038739e-1,1.276346207e0,8.210723877e0,1.052871704e0
train,2059,CC1=CCC2(CO2)C1C,7.129383087e0,7.756999135e-1,3.829038739e-1,1.276346207e0,7.905083179e0,8.134061098e-1
train,2060,Cc1nc2c([nH]1)CC=C2,5.191932201e0,-6.214308739e-1,3.829038739e-1,1.276346207e0,4.570501328e0,-1.799196839e0
train,2061,CC1C(N)=CC(=O)N1C,5.845005512e0,8.003327847e-1,3.829038739e-1,1.276346207e0,6.645338058e0,-1.735883504e-1
train,2062,CCC(C=O)N(C)C=O,5.589218616e0,-5.301833153e-3,3.829038739e-1,1.276346207e0,5.583916664e0,-1.005198717e0
train,2063,CC1(O)C2C[NH+]3C1C23C,8.147089005e0,3.269631863e-1,3.829038739e-1,1.276346207e0,8.474052429e0,1.259186387e0
train,2064,CC1Cn2nccc2O1,6.710327625e0,9.197577834e-2,3.829038739e-1,1.276346207e0,6.802303314e0,-5.060805008e-2
train,2065,CC1COCCC([NH-])O1,7.534832478e0,5.953042582e-2,3.829038739e-1,1.276346207e0,7.594362736e0,5.699605346e-1
train,2066,O=c1ccc(=O)onn1,4.206880093e0,-1.749227047e-1,3.829038739e-1,1.276346207e0,4.031957626e0,-2.221139193e0
train,2067,C#CC1CNC(=O)N1,7.586534500e0,9.764483571e-2,3.829038739e-1,1.276346207e0,7.684179306e0,6.403307319e-1
train,2068,CCC1=CC2(O)CC1C2,6.397397041e0,6.267869473e-2,3.829038739e-1,1.276346207e0,6.460075855e0,-3.187389672e-1
train,2069,C1C[NH+]2C1C1C2C2C[NH+]21,7.442313671e0,-2.952444255e-1,3.829038739e-1,1.276346207e0,7.147069454e0,2.195118815e-1
train,2070,COCC1CCC(C)C1,8.990641594e0,-3.695351779e-1,3.829038739e-1,1.276346207e0,8.621106148e0,1.374401093e0
train,2071,C1=CC2(OC1)C1CC2C1,6.421886921e0,4.570291042e-1,3.829038739e-1,1.276346207e0,6.878915787e0,9.416858666e-3
train,2072,C#CC1OC([NH-])C1(C)O,7.442313671e0,3.002775013e-1,3.829038739e-1,1.276346207e0,7.742591381e0,6.860958338e-1
train,2073,CC1C(C)(C)C1(O)C=O,5.760650635e0,1.321148574e-1,3.829038739e-1,1.276346207e0,5.892765522e0,-7.632194757e-1
train,2074,CC([NH-])OC(N)=O,7.200132847e0,1.290355325e-1,3.829038739e-1,1.276346207e0,7.329168320e0,3.621840477e-1
train,2075,Cc1occ(N)c1N,6.084465981e0,-2.616214752e-1,3.829038739e-1,1.276346207e0,5.822844505e0,-8.180017471e-1
train,2076,Nc1oncc1OC=O,5.842284679e0,-1.905319989e-1,3.829038739e-1,1.276346207e0,5.651752472e0,-9.520501494e-1
train,2077,CC12CCC(C#N)(C1)O2,7.431428909e0,-1.780014485e-1,3.829038739e-1,1.276346207e0,7.253427505e0,3.028420806e-1
train,2078,COC(C)C(C)O,8.838258743e0,-5.350532755e-2,3.829038739e-1,1.276346207e0,8.784753799e0,1.502617002e0
train,2079,CC1=CC2CC(C=C1)O2,4.770155907e0,-2.625274360e-1,3.829038739e-1,1.276346207e0,4.507628441e0,-1.848456979e0
train,2080,CC1C(=O)CC1C=O,6.040927887e0,-4.775603712e-1,3.829038739e-1,1.276346207e0,5.563367367e0,-1.021298766e0
train,2081,CC(O)CC1NC1CO,8.313077927e0,-5.555378199e-1,3.829038739e-1,1.276346207e0,7.757540226e0,6.978080869e-1
train,2082,C#CC1CC2(C1)CC2C,8.201511383e0,3.079398572e-1,3.829038739e-1,1.276346207e0,8.509450912e0,1.286920667e0
train,2083,Nc1noc(CC=O)n1,5.529353619e0,2.395527810e-1,3.829038739e-1,1.276346207e0,5.768906593e0,-8.602613807e-1
train,2084,COC1CC(CO)CO1,9.083160400e0,-7.499114275e-1,3.829038739e-1,1.276346207e0,8.333249092e0,1.148868680e0
train,2085,CC(=O)C1CC(=O)N1,6.032763958e0,-2.622777037e-2,3.829038739e-1,1.276346207e0,6.006536007e0,-6.740817428e-1
train,2086,CNC1CCNC1C#N,7.058633804e0,-4.284963608e-1,3.829038739e-1,1.276346207e0,6.630137444e0,-1.854978502e-1
train,2087,N#CC1=CC2OC1C2O,5.483094215e0,-2.597942352e-1,3.829038739e-1,1.276346207e0,5.223299980e0,-1.287737370e0
train,2088,CC12C3C4CC([NH+]41)C32O,7.670889378e0,-3.878104687e-1,3.829038739e-1,1.276346207e0,7.283079147e0,3.260737658e-1
train,2089,C#CC12CCC(O)(C1)C2,8.079060555e0,7.196738124e-1,3.829038739e-1,1.276346207e0,8.798734665e0,1.513570786e0
train,2090,CC(=O)C1([NH+]2CC2)CC1,6.030043125e0,-2.566435635e-1,3.829038739e-1,1.276346207e0,5.773399353e0,-8.567413688e-1
train,2091,C1C[NH+]2C1C1C3NC3C12,7.115777493e0,4.763730168e-1,3.829038739e-1,1.276346207e0,7.592150688e0,5.682274699e-1
train,2092,O=C1CCC2NC2C1=O,4.576955318e0,-2.258335948e-1,3.829038739e-1,1.276346207e0,4.351121902e0,-1.971077919e0
train,2093,CC12C(=O)C3C=CC1[NH+]32,5.197374821e0,-2.357837409e-1,3.829038739e-1,1.276346207e0,4.961591244e0,-1.492782831e0
train,2094,CCC12CC3(O)C[NH+]1C32,7.972936153e0,-3.203970194e-1,3.829038739e-1,1.276346207e0,7.652539253e0,6.155411005e-1
train,2095,N#CCC1C[NH+]2CC12,7.613745689e0,-9.540074319e-2,3.829038739e-1,1.276346207e0,7.518344879e0,5.104015470e-1
train,2096,O=CC1OC12C1CC2N1,5.679016113e0,4.399567544e-1,3.829038739e-1,1.276346207e0,6.118972778e0,-5.859889388e-1
train,2097,CCC(CO)C(C)C=O,6.217801571e0,-2.403016686e-1,3.829038739e-1,1.276346207e0,5.977499962e0,-6.968311071e-1
train,2098,CC1C(O)C2COCC12,8.473625183e0,-5.925249308e-2,3.829038739e-1,1.276346207e0,8.414372444e0,1.212427855e0
train,2099,O=CNC1C2CC1C2=O,6.476309776e0,6.515048146e-1,3.829038739e-1,1.276346207e0,7.127814770e0,2.044260800e-1
train,2100,OC1(C2CO2)CC2OC21,8.394712448e0,5.123533607e-1,3.829038739e-1,1.276346207e0,8.907065392e0,1.598446608e0
train,2101,CC1(C#N)CCC1O,8.332126617e0,-1.378189623e-1,3.829038739e-1,1.276346207e0,8.194307327e0,1.040009618e0
train,2102,CCC1(OC)C2COC21,8.348453522e0,1.373360455e-1,3.829038739e-1,1.276346207e0,8.485789299e0,1.268382072e0
train,2103,CC12CC1OCC21CC1,8.285867691e0,1.665407047e-2,3.829038739e-1,1.276346207e0,8.302521706e0,1.124794245e0
train,2104,CC1(O)C(=O)COC1=O,5.668131351e0,-1.427438855e-1,3.829038739e-1,1.276346207e0,5.525387287e0,-1.051055670e0
train,2105,CC(CO)c1cocn1,6.628693581e0,-2.395731658e-1,3.829038739e-1,1.276346207e0,6.389120579e0,-3.743315339e-1
train,2106,COC1(C#N)CNC1,6.990605354e0,-2.904610336e-2,3.829038739e-1,1.276346207e0,6.961559296e0,7.416701317e-2
train,2107,COC(C)C1CC(=O)N1,7.660005569e0,-7.801041007e-1,3.829038739e-1,1.276346207e0,6.879901409e0,1.018908154e-2
train,2108,CCCCC1CN1C=O,6.887201786e0,2.152384073e-1,3.829038739e-1,1.276346207e0,7.102440357e0,1.845455468e-1
train,2109,CCCC#N,9.660041809e0,-5.289816856e-1,3.829038739e-1,1.276346207e0,9.131059647e0,1.773943305e0
train,2110,CC1(C)C2C3OC3(C)C21,8.740297318e0,1.702483892e-1,3.829038739e-1,1.276346207e0,8.910545349e0,1.601173043e0
train,2111,Cn1ccc(=O)cc1O,5.575613022e0,-2.927707732e-1,3.829038739e-1,1.276346207e0,5.282842159e0,-1.241086721e0
train,2112,C[NH+]1C(C)(C)C1(C)C=O,5.624593258e0,3.672335148e-1,3.829038739e-1,1.276346207e0,5.991827011e0,-6.856060624e-1
train,2113,O=C1C[NH+]2C3C1C1C3C12,5.230028629e0,6.464485526e-1,3.829038739e-1,1.276346207e0,5.876477242e0,-7.759811282e-1
train,2114,[H]N=CNc1ccon1,5.981062412e0,-1.960239410e-1,3.829038739e-1,1.276346207e0,5.785038471e0,-8.476222754e-1
train,2115,CC1C(O)C1(C)C=O,6.176984310e0,-3.836932778e-1,3.829038739e-1,1.276346207e0,5.793291092e0,-8.411564231e-1
train,2116,NC(=O)OCC1CCO1,8.343010902e0,-4.181580245e-1,3.829038739e-1,1.276346207e0,7.924852848e0,8.288953900e-1
train,2117,CC1NC2=CC(=O)CC21,5.616430283e0,1.681857109e-1,3.829038739e-1,1.276346207e0,5.784615993e0,-8.479532599e-1
train,2118,COC(CO)CC(C)C,8.620567322e0,-3.927218020e-1,3.829038739e-1,1.276346207e0,8.227845192e0,1.066286087e0
train,2119,[CH-]1CC23CC4C2C1C[NH+]43,4.465388775e0,-4.369533956e-1,3.829038739e-1,1.276346207e0,4.028435230e0,-2.223898888e0
train,2120,N#CCc1ccon1,6.868154049e0,-8.553765416e-1,3.829038739e-1,1.276346207e0,6.012777328e0,-6.691917181e-1
train,2121,O=C1CC2C(O)CCC12,5.874938488e0,-8.942489326e-2,3.829038739e-1,1.276346207e0,5.785513401e0,-8.472501636e-1
train,2122,O=C1C=CC2C3NC3C12,4.917097569e0,6.237809658e-1,3.829038739e-1,1.276346207e0,5.540878296e0,-1.038918734e0
train,2123,COC1(CO)CCC1O,8.261377335e0,8.980005980e-2,3.829038739e-1,1.276346207e0,8.351177216e0,1.162915230e0
train,2124,C#CC1CCC(OC)O1,8.038243294e0,-4.672535062e-1,3.829038739e-1,1.276346207e0,7.570989609e0,5.516480207e-1
train,2125,CC12CC3C=CC1C2O3,6.443655968e0,3.778690398e-1,3.829038739e-1,1.276346207e0,6.821525097e0,-3.554802388e-2
train,2126,CCn1cc(N)nn1,5.864053726e0,2.559791505e-1,3.829038739e-1,1.276346207e0,6.120032787e0,-5.851584077e-1
train,2127,OCCC12OC1C1NC12,7.581092358e0,2.151221335e-1,3.829038739e-1,1.276346207e0,7.796214581e0,7.281089425e-1
train,2128,C#CC12C[NH+](C)C1CO2,6.356579781e0,1.229228601e-1,3.829038739e-1,1.276346207e0,6.479502678e0,-3.035182953e-1
train,2129,C#CC1C2OCCOC12,7.262719154e0,2.963809371e-1,3.829038739e-1,1.276346207e0,7.559100151e0,5.423327684e-1
train,2130,OCC1CC=CCOC1,7.170200348e0,1.905346215e-1,3.829038739e-1,1.276346207e0,7.360734940e0,3.869161010e-1
train,2131,CC12CC1C1(C#N)OC21,6.552501678e0,2.049034983e-1,3.829038739e-1,1.276346207e0,6.757405281e0,-8.578509837e-2
train,2132,O=C1OC2C[NH+]3CC3C12,6.726654530e0,-3.645618856e-1,3.829038739e-1,1.276346207e0,6.362092495e0,-3.955076933e-1
train,2133,CC(O)C1(C)C(C)C1O,7.790619850e0,-2.725352645e-1,3.829038739e-1,1.276346207e0,7.518084526e0,5.101975203e-1
train,2134,CN(C=O)C(=O)C1CN1,6.119840622e0,-5.030322447e-2,3.829038739e-1,1.276346207e0,6.069537163e0,-6.247211099e-1
train,2135,CCCCCC1COC1,8.721248627e0,-9.542936087e-1,3.829038739e-1,1.276346207e0,7.766954899e0,7.051843405e-1
train,2136,CC1(C=O)CCC([NH-])O1,5.815073013e0,1.898338348e-1,3.829038739e-1,1.276346207e0,6.004906654e0,-6.753582954e-1
train,2137,O=CC1=CCC2NC12,5.061317921e0,-1.919940263e-1,3.829038739e-1,1.276346207e0,4.869323730e0,-1.565073252e0
train,2138,NC(=O)CC#CC1CO1,6.908970833e0,-1.623345613e-1,3.829038739e-1,1.276346207e0,6.746636391e0,-9.422238916e-2
train,2139,C#CC1C2CC3CC1[NH+]32,7.216459274e0,3.201343715e-1,3.829038739e-1,1.276346207e0,7.536593437e0,5.246990323e-1
train,2140,CCC12CC3C1C[NH+]32,8.699480057e0,4.577895701e-1,3.829038739e-1,1.276346207e0,9.157269478e0,1.794478297e0
train,2141,CC1C2C([NH-])OC12C,7.548438072e0,3.695772588e-1,3.829038739e-1,1.276346207e0,7.918015480e0,8.235384226e-1
train,2142,CC1C2C=CC=CCC12,5.246355057e0,-9.477036446e-2,3.829038739e-1,1.276346207e0,5.151584625e0,-1.343925357e0
train,2143,CC(O)C1OC(=O)C1O,7.113056660e0,3.030351549e-2,3.829038739e-1,1.276346207e0,7.143360138e0,2.166056782e-1
train,2144,CC12CC1C1=CCCC12,6.541617393e0,-2.877893746e-1,3.829038739e-1,1.276346207e0,6.253828049e0,-4.803315401e-1
train,2145,[NH-][CH+]OC1C=CCCO1,7.123940468e0,5.102757215e-1,3.829038739e-1,1.276346207e0,7.634216309e0,6.011853218e-1
train,2146,CNC1=CC(=O)OCC1,5.605545521e0,-2.530749328e-2,3.829038739e-1,1.276346207e0,5.580237865e0,-1.008080959e0
train,2147,O=C1NCC(O)C2OC12,6.865432262e0,3.482068777e-1,3.829038739e-1,1.276346207e0,7.213639259e0,2.716684937e-1
train,2148,COC1C2NCC21OC,7.747081757e0,5.193525553e-2,3.829038739e-1,1.276346207e0,7.799016953e0,7.303045392e-1
train,2149,CC(C#N)c1cnco1,6.593318939e0,4.594566301e-2,3.829038739e-1,1.276346207e0,6.639264584e0,-1.783468425e-1
train,2150,O=CCCC1NC1CO,6.176984310e0,2.728618085e-1,3.829038739e-1,1.276346207e0,6.449846268e0,-3.267537057e-1
train,2151,CCC12NC1CC2C=O,5.594660759e0,-2.202466130e-1,3.829038739e-1,1.276346207e0,5.374413967e0,-1.169341445e0
train,2152,O=CC12CC[NH+]3CC1C32,5.711669922e0,3.037807941e-1,3.829038739e-1,1.276346207e0,6.015450478e0,-6.670973897e-1
train,2153,CC(O)C(C)C(O)C#N,8.223280907e0,-1.101399302e0,3.829038739e-1,1.276346207e0,7.121881485e0,1.997774243e-1
train,2154,NC1[NH2+]C2C(=O)CC2O1,5.298057079e0,-1.906003654e-1,3.829038739e-1,1.276346207e0,5.107456684e0,-1.378499031e0
train,2155,O=CC1C[NH2+][CH+]N1C=O,5.502141953e0,-3.643389940e-1,3.829038739e-1,1.276346207e0,5.137803078e0,-1.354723096e0
train,2156,CC1C2CC3COC31C2,8.634172440e0,8.646121621e-1,3.829038739e-1,1.276346207e0,9.498785019e0,2.062051535e0
train,2157,C#CC(C)C(=O)C1CO1,5.760650635e0,-1.225711226e0,3.829038739e-1,1.276346207e0,4.534939289e0,-1.827059269e0
train,2158,[NH-]C1=C([NH-])OCC([NH-])N1,5.368806362e0,-5.139564872e-1,3.829038739e-1,1.276346207e0,4.854849815e0,-1.576413393e0
train,2159,c1ncc2conc2n1,4.644983292e0,5.093804002e-1,3.829038739e-1,1.276346207e0,5.154363632e0,-1.341748118e0
train,2160,C#CC(CC)NC(N)=O,7.747081757e0,2.289277166e-1,3.829038739e-1,1.276346207e0,7.976009369e0,8.689758778e-1
train,2161,OC12CC3CC1C32O,8.065455437e0,2.696205676e-1,3.829038739e-1,1.276346207e0,8.335076332e0,1.150300384e0
train,2162,CC12C3CC(=O)N1C2C3,6.459982872e0,3.580791950e-1,3.829038739e-1,1.276346207e0,6.818061829e0,-3.826145455e-2
train,2163,C#CCC12CC1C1CC12,7.118498325e0,-5.058519170e-2,3.829038739e-1,1.276346207e0,7.067913055e0,1.574938446e-1
train,2164,CC#CC1(C)CCC1,8.038243294e0,-8.702439070e-1,3.829038739e-1,1.276346207e0,7.167999268e0,2.359101325e-1
train,2165,N#CC12C3CC[NH+]1CC32,6.996047020e0,-1.814975291e-1,3.829038739e-1,1.276346207e0,6.814549446e0,-4.101336002e-2
train,2166,CCC(=O)C1CC1OC,6.351137638e0,-8.778809756e-2,3.829038739e-1,1.276346207e0,6.263349533e0,-4.728715718e-1
train,2167,C[NH2+]C1NC2CC2C1=O,5.009616375e0,-3.198147118e-1,3.829038739e-1,1.276346207e0,4.689801693e0,-1.705726504e0
train,2168,O=C1CCCCC2CN12,6.791961670e0,3.518419266e-1,3.829038739e-1,1.276346207e0,7.143803596e0,2.169531286e-1
train,2169,CC1(C)CC1(C=O)CO,6.079023361e0,-5.276910067e-1,3.829038739e-1,1.276346207e0,5.551332474e0,-1.030727983e0
train,2170,[NH-]C1C=COC(=O)O1,5.864053726e0,-1.298746169e-1,3.829038739e-1,1.276346207e0,5.734179020e0,-8.874700069e-1
train,2171,CNc1nc(N)c(O)o1,5.850448132e0,-2.569472790e-1,3.829038739e-1,1.276346207e0,5.593501091e0,-9.976894259e-1
train,2172,CC1C=CC(C#N)CO1,7.151152611e0,-9.995504469e-2,3.829038739e-1,1.276346207e0,7.051197529e0,1.443974376e-1
train,2173,CCc1cc(O)c(C)[nH]1,5.978341103e0,3.309540749e-1,3.829038739e-1,1.276346207e0,6.309295177e0,-4.368737340e-1
train,2174,CC1C2C=CC1C2O,6.544338226e0,-3.470956907e-2,3.829038739e-1,1.276346207e0,6.509628773e0,-2.799148858e-1
train,2175,O=C1CNC12CC1CC12,5.591939926e0,-2.099435180e-1,3.829038739e-1,1.276346207e0,5.381996632e0,-1.163400531e0
train,2176,Nc1c[nH]c(=O)c(F)n1,4.002794743e0,-4.157423601e-2,3.829038739e-1,1.276346207e0,3.961220503e0,-2.276560783e0
train,2177,C#CC(O)C1COC1C,7.284487724e0,-1.297378540e-1,3.829038739e-1,1.276346207e0,7.154749870e0,2.255294025e-1
train,2178,CCC1C(C)OC1[NH-],7.858648300e0,6.171715856e-1,3.829038739e-1,1.276346207e0,8.475819588e0,1.260570884e0
train,2179,CC(=O)C1CCC1O,6.062696934e0,4.780449271e-1,3.829038739e-1,1.276346207e0,6.540741920e0,-2.555381060e-1
train,2180,C[NH+](C)C(C)(C#N)CO,6.919855118e0,-5.122668147e-1,3.829038739e-1,1.276346207e0,6.407588482e0,-3.598621488e-1
train,2181,NC1=CC(=O)CNC1,5.268124104e0,-1.673327088e-1,3.829038739e-1,1.276346207e0,5.100791454e0,-1.383721232e0
train,2182,CC1C(=O)CC2C(O)C12,6.209638119e0,-1.538662016e-1,3.829038739e-1,1.276346207e0,6.055771828e0,-6.355060935e-1
train,2183,O=C1C2C3[NH+]2CC13O,6.204195976e0,-2.402532846e-1,3.829038739e-1,1.276346207e0,5.963942528e0,-7.074531913e-1
train,2184,CC#CC(C)C(C)O,8.040965080e0,4.147433043e-1,3.829038739e-1,1.276346207e0,8.455708504e0,1.244814157e0
train,2185,[NH-]C1CC23CCC2(C3)O1,7.012373924e0,2.293336205e-2,3.829038739e-1,1.276346207e0,7.035307407e0,1.319477260e-1
train,2186,OC12C=CC3CC1CC32,6.751144886e0,-1.769083291e-1,3.829038739e-1,1.276346207e0,6.574236393e0,-2.292956114e-1
train,2187,N#CC1COCCOC1,8.236886978e0,-3.930903599e-2,3.829038739e-1,1.276346207e0,8.197577477e0,1.042571664e0
train,2188,C#CC(O)C1CC2C[NH+]21,7.140267849e0,-7.665809989e-2,3.829038739e-1,1.276346207e0,7.063609600e0,1.541221440e-1
train,2189,CCCNC(=O)C=O,4.819136620e0,2.022111565e-1,3.829038739e-1,1.276346207e0,5.021348000e0,-1.445964217e0
train,2190,[NH-]c1n[cH+]ccc(N)n1,4.318447113e0,-2.490918189e-1,3.829038739e-1,1.276346207e0,4.069355488e0,-2.191838264e0
train,2191,CCC1(OC)COC1[NH-],7.572928429e0,1.967899054e-1,3.829038739e-1,1.276346207e0,7.769718170e0,7.073493600e-1
train,2192,C#CC1COC1,7.910349369e0,7.221511006e-1,3.829038739e-1,1.276346207e0,8.632500648e0,1.383328557e0
train,2193,COCC(O)CC(C)O,8.928055763e0,-2.882462740e-1,3.829038739e-1,1.276346207e0,8.639809608e0,1.389055014e0
train,2194,O=Cc1ncoc1CO,5.330710411e0,-2.452459633e-1,3.829038739e-1,1.276346207e0,5.085464478e0,-1.395729661e0
train,2195,COC1C2CC(C)CC21,8.590634346e0,4.723877013e-1,3.829038739e-1,1.276346207e0,9.063021660e0,1.720636368e0
train,2196,C[NH2+]C1ON=COC1=O,5.420508385e0,2.666752636e-1,3.829038739e-1,1.276346207e0,5.687183857e0,-9.242901206e-1
train,2197,CC1C(=O)CNC1C#N,6.010994911e0,-1.719339490e-1,3.829038739e-1,1.276346207e0,5.839060783e0,-8.052964807e-1
train,2198,CCOc1ncon1,6.715770245e0,3.140579760e-1,3.829038739e-1,1.276346207e0,7.029828072e0,1.276547313e-1
train,2199,C#CCC1(CC)CC1,8.492672920e0,2.398193032e-1,3.829038739e-1,1.276346207e0,8.732492447e0,1.461670876e0
train,2200,CC(O)C1NC1(C)C=O,6.019158840e0,2.932367325e-1,3.829038739e-1,1.276346207e0,6.312395573e0,-4.344446063e-1
train,2201,CC(O)c1cc(N)co1,5.899428368e0,-1.605259180e-1,3.829038739e-1,1.276346207e0,5.738902569e0,-8.837691545e-1
train,2202,CC[NH2+]C1ON=NO1,5.589218616e0,-1.752273552e-2,3.829038739e-1,1.276346207e0,5.571695805e0,-1.014773607e0
train,2203,OCCc1cncnc1,5.711669922e0,-4.921927303e-2,3.829038739e-1,1.276346207e0,5.662450790e0,-9.436681867e-1
train,2204,CC1C2CC3(O)C1CC23,8.699480057e0,2.516750991e-1,3.829038739e-1,1.276346207e0,8.951154709e0,1.632990003e0
train,2205,N#CC1=CCOCCC1,5.962014675e0,1.120623797e-1,3.829038739e-1,1.276346207e0,6.074077129e0,-6.211641431e-1
train,2206,CC1=C(NO)COC[CH-]1,5.390575409e0,1.624378264e-1,3.829038739e-1,1.276346207e0,5.553013325e0,-1.029411077e0
train,2207,CC(CCO)NC=O,7.657283783e0,-2.242473215e-1,3.829038739e-1,1.276346207e0,7.433036327e0,4.435633421e-1
train,2208,CC#CC(=O)C(C)=O,4.152457714e0,-1.600044072e-1,3.829038739e-1,1.276346207e0,3.992453337e0,-2.252090216e0
train,2209,CC1OC12CC1NC1C2,8.500837326e0,-5.908862352e-1,3.829038739e-1,1.276346207e0,7.909951210e0,8.172201514e-1
train,2210,CCCC1C2OCC12C,8.283145905e0,-1.210339069e-1,3.829038739e-1,1.276346207e0,8.162112236e0,1.014785171e0
train,2211,C[NH2+]C1CC=CN1C=O,5.532074928e0,3.108791709e-1,3.829038739e-1,1.276346207e0,5.842954159e0,-8.022460341e-1
train,2212,O=C1CNCCC12CN2,5.268124104e0,2.960577309e-1,3.829038739e-1,1.276346207e0,5.564181805e0,-1.020660639e0
train,2213,O=CCc1cnccn1,5.132067680e0,-1.532889903e-1,3.829038739e-1,1.276346207e0,4.978778839e0,-1.479316592e0
train,2214,O=CC1CCC1O,6.141610146e0,9.752023220e-2,3.829038739e-1,1.276346207e0,6.239130497e0,-4.918468893e-1
train,2215,Cc1coc(C)c1O,6.076302528e0,-5.256679058e-1,3.829038739e-1,1.276346207e0,5.550634384e0,-1.031274915e0
train,2216,CC1C(C)C(C)(O)C1C,8.383827209e0,-4.667947292e-1,3.829038739e-1,1.276346207e0,7.917032242e0,8.227680326e-1
train,2217,COc1nc(N)c(N)[nH]1,6.283109188e0,-7.126764953e-2,3.829038739e-1,1.276346207e0,6.211841583e0,-5.132274032e-1
train,2218,Cc1c(C#N)c[nH]c1O,5.548401356e0,-1.121097356e-1,3.829038739e-1,1.276346207e0,5.436291695e0,-1.120860934e0
train,2219,Cc1cc(O)c(C)n1C,5.964735985e0,2.076254189e-1,3.829038739e-1,1.276346207e0,6.172361374e0,-5.441596508e-1
train,2220,COC1CC2C(=O)OC12,7.458641052e0,-3.098835349e-1,3.829038739e-1,1.276346207e0,7.148757458e0,2.208344191e-1
train,2221,CCC1(C=O)NC1CO,6.163379192e0,-5.943386555e-1,3.829038739e-1,1.276346207e0,5.569040298e0,-1.016854167e0
train,2222,C#CC1C=CC2(CC2)C1,6.680395126e0,-1.553199068e-2,3.829038739e-1,1.276346207e0,6.664863110e0,-1.582907289e-1
train,2223,COC(C)CNC=O,7.711706638e0,-2.303119898e-1,3.829038739e-1,1.276346207e0,7.481394768e0,4.814515710e-1
train,2224,Cn1ncn(C=O)c1=O,5.243634224e0,6.184933782e-1,3.829038739e-1,1.276346207e0,5.862127781e0,-7.872237563e-1
train,2225,[NH-]C1NC2COC12C=O,5.540238380e0,6.583310962e-1,3.829038739e-1,1.276346207e0,6.198569298e0,-5.236260891e-1
train,2226,CCC1CC=CCC1,7.289929867e0,1.099447310e-1,3.829038739e-1,1.276346207e0,7.399874687e0,4.175816178e-1
train,2227,O=c1cccc(F)o1,4.873559475e0,2.862778306e-1,3.829038739e-1,1.276346207e0,5.159837246e0,-1.337459564e0
train,2228,CC12CC1C1(O)COC21,7.940282345e0,2.828940451e-1,3.829038739e-1,1.276346207e0,8.223176003e0,1.062627792e0
train,2229,C#CC1CC2(CC2)C1O,7.915791988e0,4.969764352e-1,3.829038739e-1,1.276346207e0,8.412768364e0,1.211171031e0
train,2230,CC1CC2C1N2C=O,6.645020485e0,2.661171556e-1,3.829038739e-1,1.276346207e0,6.911137581e0,3.466222808e-2
train,2231,CC1(CO)CC1OC=O,7.366122246e0,-1.919016838e-1,3.829038739e-1,1.276346207e0,7.174220562e0,2.407844365e-1
train,2232,C#CC(C#C)(C#N)OC,7.050469875e0,1.247432351e0,3.829038739e-1,1.276346207e0,8.297902107e0,1.121174812e0
train,2233,C#CC1NC(=O)C1O,7.265439510e0,3.562506139e-1,3.829038739e-1,1.276346207e0,7.621690273e0,5.913713574e-1
train,2234,C#CC1NC1CC#CC,7.379727840e0,-5.749169365e-2,3.829038739e-1,1.276346207e0,7.322236061e0,3.567527235e-1
train,2235,CC1(COC(N)=O)CO1,8.626008987e0,-1.964474916e-1,3.829038739e-1,1.276346207e0,8.429561615e0,1.224328399e0
train,2236,CC(O)C(=O)CC1CO1,6.299435616e0,-2.884890698e-2,3.829038739e-1,1.276346207e0,6.270586491e0,-4.672015011e-1
train,2237,CC1C(C)C1OCCO,8.364779472e0,9.185774624e-2,3.829038739e-1,1.276346207e0,8.456637383e0,1.245541930e0
train,2238,C#CC1(O)CNC1=O,6.726654530e0,-4.792900681e-1,3.829038739e-1,1.276346207e0,6.247364521e0,-4.853956103e-1
train,2239,CC12C3CC1(C#N)NC32,6.862711906e0,8.075067997e-1,3.829038739e-1,1.276346207e0,7.670218468e0,6.293925643e-1
train,2240,CC12CNC1(C#N)C2,6.476309776e0,1.261599660e-1,3.829038739e-1,1.276346207e0,6.602469921e0,-2.071750015e-1
train,2241,C1=CCC2(C1)CC=CC2,7.091287136e0,5.369455814e-1,3.829038739e-1,1.276346207e0,7.628232956e0,5.964974165e-1
train,2242,NC(=O)N1CCCC1,7.902186394e0,-5.389710069e-1,3.829038739e-1,1.276346207e0,7.363215446e0,3.888595700e-1
train,2243,C#CC(=O)c1ccc[nH]1,4.508926868e0,2.635821700e-1,3.829038739e-1,1.276346207e0,4.772509098e0,-1.640926361e0
train,2244,O=C1CC(C#CCO)O1,7.491294384e0,7.939295843e-3,3.829038739e-1,1.276346207e0,7.499233723e0,4.954281747e-1
train,2245,Fc1ccccc1F,6.329368591e0,-7.277949452e-1,3.829038739e-1,1.276346207e0,5.601573467e0,-9.913647771e-1
train,2246,CC(=O)C1NC1C(C)=O,5.578333855e0,4.344905019e-1,3.829038739e-1,1.276346207e0,6.012824535e0,-6.691547632e-1
train,2247,CC#CC1OCCC1C,7.864090443e0,-2.912402749e-1,3.829038739e-1,1.276346207e0,7.572850227e0,5.531057715e-1
train,2248,CC(CC=O)C[NH+]1CC1,5.997389793e0,-7.278869748e-1,3.829038739e-1,1.276346207e0,5.269502640e0,-1.251538157e0
train,2249,CC1(C)CN(C=O)C1[NH-],6.236849785e0,-4.443529248e-1,3.829038739e-1,1.276346207e0,5.792496681e0,-8.417788744e-1
train,2250,O=C1C2CC3OCC13O2,6.223243713e0,-3.758685589e-1,3.829038739e-1,1.276346207e0,5.847374916e0,-7.987824678e-1
train,2251,Cc1cnc2onnn12,4.772877216e0,2.961220453e-3,3.829038739e-1,1.276346207e0,4.775838375e0,-1.638317823e0
train,2252,CCC12NC1C(C)C2=O,5.872217178e0,2.192443460e-1,3.829038739e-1,1.276346207e0,6.091461658e0,-6.075435281e-1
train,2253,C1=CCC(=C2CCC2)C1,6.427329540e0,4.597428441e-1,3.829038739e-1,1.276346207e0,6.887072563e0,1.580759138e-2
train,2254,C[NH2+]C1[NH+](C)C2CC21O,6.054533005e0,2.584491968e-1,3.829038739e-1,1.276346207e0,6.312982082e0,-4.339850843e-1
train,2255,CCOC([NH-])CO,8.081781387e0,2.363159806e-1,3.829038739e-1,1.276346207e0,8.318097115e0,1.136997342e0
train,2256,C[NH2+]C1OCC1C1CO1,7.526669502e0,1.654890031e-1,3.829038739e-1,1.276346207e0,7.692158699e0,6.465824842e-1
train,2257,CC1=CCC=CC2CC12,6.299435616e0,-4.164336920e-1,3.829038739e-1,1.276346207e0,5.883001804e0,-7.708692551e-1
train,2258,CC(C#N)C1CCCC1,9.461399078e0,6.700256467e-1,3.829038739e-1,1.276346207e0,1.013142490e1,2.557716846e0
train,2259,CCC1C2C3COC3C12,8.432807922e0,2.428116500e-1,3.829038739e-1,1.276346207e0,8.675619125e0,1.417111397e0
train,2260,CC1(O)C(O)C1(O)C#N,6.976998806e0,1.218692586e-1,3.829038739e-1,1.276346207e0,7.098867893e0,1.817465723e-1
train,2261,CC#CC(C)C(C)OC,8.217838287e0,-3.954464495e-1,3.829038739e-1,1.276346207e0,7.822391987e0,7.486186028e-1
train,2262,CC(OC=O)C1CO1,7.545717239e0,4.088220000e-1,3.829038739e-1,1.276346207e0,7.954539299e0,8.521543741e-1
train,2263,C#CCC(C#N)[NH+]1CC1,7.469525814e0,2.797209322e-1,3.829038739e-1,1.276346207e0,7.749246597e0,6.913101077e-1
train,2264,CN1C(=O)C2C1C[NH+]2C,6.323925972e0,-2.066173106e-1,3.829038739e-1,1.276346207e0,6.117308617e0,-5.872927904e-1
train,2265,OCC1[NH2+]C2CC(C2)O1,7.298093796e0,1.707980335e-1,3.829038739e-1,1.276346207e0,7.468891621e0,4.716555178e-1
train,2266,C1C2OC34CCC23OC14,7.747081757e0,1.379196942e-1,3.829038739e-1,1.276346207e0,7.885001659e0,7.976725101e-1
train,2267,C#CC1C([NH-])OC12CC2,7.461361885e0,2.841199040e-1,3.829038739e-1,1.276346207e0,7.745481968e0,6.883605719e-1
train,2268,C1OC2[NH2+]C3CC3NC12,6.775634766e0,4.376307726e-1,3.829038739e-1,1.276346207e0,7.213265419e0,2.713755965e-1
train,2269,COC1C=CC2(C)OC12,6.525290489e0,-5.832372308e-1,3.829038739e-1,1.276346207e0,5.942053318e0,-7.246031165e-1
train,2270,CC12CC3C(N1)C3C2=O,5.763371468e0,6.030468345e-1,3.829038739e-1,1.276346207e0,6.366418362e0,-3.921184242e-1
train,2271,CN(C=O)C(=O)C#N,5.398738861e0,1.539447457e-1,3.829038739e-1,1.276346207e0,5.552683830e0,-1.029669166e0
train,2272,O=CNCC1CC2CC12,7.526669502e0,4.606659412e-1,3.829038739e-1,1.276346207e0,7.987335205e0,8.778495193e-1
train,2273,OC1C[NH+]2C3C=CC2C13,5.989225864e0,-4.198996723e-1,3.829038739e-1,1.276346207e0,5.569326401e0,-1.016629934e0
train,2274,C#CC1CCC=C(C)C1,7.091287136e0,6.317974329e-1,3.829038739e-1,1.276346207e0,7.723084450e0,6.708124280e-1
train,2275,OCC1(O)C2CC(O)C21,8.141646385e0,-3.891897202e-2,3.829038739e-1,1.276346207e0,8.102727890e0,9.682582617e-1
train,2276,C1=CN2C3COC3C2N1,6.522569180e0,4.423139989e-1,3.829038739e-1,1.276346207e0,6.964883327e0,7.677134871e-2
train,2277,N#CCOCC1CO1,7.779735088e0,-8.269402981e-1,3.829038739e-1,1.276346207e0,6.952795029e0,6.730031967e-2
train,2278,CC1C2CC(C)(C=O)C12,5.945687771e0,9.188714623e-1,3.829038739e-1,1.276346207e0,6.864559174e0,-1.831367263e-3
train,2279,C#CC1C(C)C1C(C)=O,5.989225864e0,-9.306876659e-1,3.829038739e-1,1.276346207e0,5.058538437e0,-1.416825891e0
train,2280,C1=CCc2onnc2C1,5.953851223e0,1.012189165e-1,3.829038739e-1,1.276346207e0,6.055069923e0,-6.360560060e-1
train,2281,C#CC12CNC(=O)C1O2,6.525290489e0,-3.213027120e-2,3.829038739e-1,1.276346207e0,6.493160248e0,-2.928177714e-1
train,2282,N#CC12CC3C(=O)C1[NH+]32,6.206917286e0,-7.623060048e-2,3.829038739e-1,1.276346207e0,6.130686760e0,-5.768111944e-1
train,2283,C#Cc1c(N)coc1C,5.322546959e0,1.993582994e-1,3.829038739e-1,1.276346207e0,5.521905422e0,-1.053783655e0
train,2284,CC(C)CC(C)O,9.058670044e0,1.252191663e-1,3.829038739e-1,1.276346207e0,9.183889389e0,1.815334678e0
train,2285,COC1C(C)C1(O)C=O,5.488536358e0,-6.467977762e-1,3.829038739e-1,1.276346207e0,4.841738701e0,-1.586685777e0
train,2286,CC1(C)CC(C)(O)C1,8.756624222e0,-1.711454615e-2,3.829038739e-1,1.276346207e0,8.739509583e0,1.467168689e0
train,2287,CC1C(O)C=CC12CC2,6.691279888e0,2.812061273e-2,3.829038739e-1,1.276346207e0,6.719400406e0,-1.155614406e-1
train,2288,O=Cc1cocn1,5.485815525e0,6.594083905e-1,3.829038739e-1,1.276346207e0,6.145224094e0,-5.654213428e-1
train,2289,O=C1CC2[NH+]3CC2(C3)O1,6.737539291e0,-1.801598817e-1,3.829038739e-1,1.276346207e0,6.557379246e0,-2.425029874e-1
train,2290,CC1COC2CC(C2)O1,8.587913513e0,-5.999309421e-1,3.829038739e-1,1.276346207e0,7.987982750e0,8.783568740e-1
train,2291,C#CC[NH+]1CC2OCC21,7.050469875e0,-1.106295705e0,3.829038739e-1,1.276346207e0,5.944174290e0,-7.229413390e-1
train,2292,CC#CC1C2OCC12C,7.466804028e0,-4.135185778e-1,3.829038739e-1,1.276346207e0,7.053285599e0,1.460334212e-1
train,2293,C#CCC1C2OCC12O,7.891301632e0,4.746278524e-1,3.829038739e-1,1.276346207e0,8.365929604e0,1.174473524e0
train,2294,CC(=O)c1ccoc1N,4.879001141e0,-2.571000904e-2,3.829038739e-1,1.276346207e0,4.853291035e0,-1.577634692e0
train,2295,CC1Cc2[nH]nnc2O1,5.725275517e0,3.791508675e-1,3.829038739e-1,1.276346207e0,6.104426384e0,-5.973858833e-1
train,2296,CC12CC1[NH2+]C(N)C2=O,4.653147221e0,1.532775611e-1,3.829038739e-1,1.276346207e0,4.806424618e0,-1.614353895e0
train,2297,CC1C(CO)CN1C=O,7.181085110e0,-2.953388095e-1,3.829038739e-1,1.276346207e0,6.885746479e0,1.476862002e-2
train,2298,O=C1CCN1CCO,7.540275097e0,4.613687396e-1,3.829038739e-1,1.276346207e0,8.001644135e0,8.890604377e-1
train,2299,CC1CC2C(O)CC12,8.764787674e0,5.150142312e-1,3.829038739e-1,1.276346207e0,9.279802322e0,1.890481234e0
train,2300,CC12C3CC1(C#N)C2N3,7.036864281e0,5.320801586e-2,3.829038739e-1,1.276346207e0,7.090072155e0,1.748552173e-1
train,2301,C#CC12OC3C=CC1C32,5.602824211e0,9.026054144e-1,3.829038739e-1,1.276346207e0,6.505429745e0,-2.832047641e-1
train,2302,C#CC12CC1C1CCC12,6.996047020e0,4.506201446e-1,3.829038739e-1,1.276346207e0,7.446667194e0,4.542429447e-1
train,2303,CNc1cocc1OC,6.155215263e0,-1.351969689e-1,3.829038739e-1,1.276346207e0,6.020018101e0,-6.635186672e-1
train,2304,Cn1ccnc1C1CO1,6.288550854e0,-3.107213378e-1,3.829038739e-1,1.276346207e0,5.977829456e0,-6.965729594e-1
train,2305,Cc1cc2n(n1)C=CC2,5.412344456e0,1.653890163e-1,3.829038739e-1,1.276346207e0,5.577733517e0,-1.010043144e0
train,2306,O=C1C=CC2C3CC12C3,4.884443760e0,-8.978540427e-4,3.829038739e-1,1.276346207e0,4.883545876e0,-1.553930402e0
train,2307,C#CCNC1COC1[NH-],7.140267849e0,1.386261173e-2,3.829038739e-1,1.276346207e0,7.154130459e0,2.250441015e-1
train,2308,C[NH+]1C2C1C1(C)C2[NH+]1C,6.968835831e0,-5.249946713e-1,3.829038739e-1,1.276346207e0,6.443840981e0,-3.314587772e-1
train,2309,CC1C2C3CC2(C)C13O,8.783835411e0,-1.997715235e-1,3.829038739e-1,1.276346207e0,8.584063530e0,1.345378637e0
train,2310,CC1=CCCCC(=O)N1,5.896707535e0,-4.563837349e-1,3.829038739e-1,1.276346207e0,5.440323830e0,-1.117701888e0
train,2311,O=C1CC2NC1C2O,5.934803009e0,-9.580433965e-1,3.829038739e-1,1.276346207e0,4.976759434e0,-1.480898738e0
train,2312,C1C2C3OCC4C2C4C13,8.634172440e0,1.007503495e-1,3.829038739e-1,1.276346207e0,8.734922409e0,1.463574767e0
train,2313,CC12CC1C=CN2C=O,5.518469334e0,-3.637486696e-1,3.829038739e-1,1.276346207e0,5.154720783e0,-1.341468215e0
train,2314,Nc1occc(=O)c1F,5.254518509e0,2.593654394e-1,3.829038739e-1,1.276346207e0,5.513884068e0,-1.060068369e0
train,2315,O=C1NC2CC3OC1C23,6.647741318e0,2.271546721e-1,3.829038739e-1,1.276346207e0,6.874896049e0,6.267445162e-3
train,2316,O=CC(=O)OCC1CO1,4.922539711e0,-1.981879473e-1,3.829038739e-1,1.276346207e0,4.724351883e0,-1.678656936e0
train,2317,O=C1CC2C=CC3C2N13,5.983783722e0,2.809281349e-1,3.829038739e-1,1.276346207e0,6.264711857e0,-4.718042016e-1
train,2318,O=C1COC2CCC12,5.744323254e0,-2.580228150e-1,3.829038739e-1,1.276346207e0,5.486300468e0,-1.081679702e0
train,2319,CCC1(O)CC(=O)C1O,5.964735985e0,8.353555202e-1,3.829038739e-1,1.276346207e0,6.800091743e0,-5.234078690e-2
train,2320,CC1CC([NH-])OC1CO,7.714427471e0,4.053978026e-1,3.829038739e-1,1.276346207e0,8.119825363e0,9.816539288e-1
train,2321,N#CC1(O)COCC1N,6.843663692e0,-1.494729519e-1,3.829038739e-1,1.276346207e0,6.694190979e0,-1.353127062e-1
train,2322,C#CC1CN1C(=O)CO,6.873596191e0,-3.188678324e-1,3.829038739e-1,1.276346207e0,6.554728508e0,-2.445798069e-1
train,2323,N#CC1CC2CN2C1=O,6.500800133e0,2.968583703e-1,3.829038739e-1,1.276346207e0,6.797658443e0,-5.424724892e-2
train,2324,O=C1C2C(O)C3C2N13,6.677673817e0,5.885864049e-2,3.829038739e-1,1.276346207e0,6.736532688e0,-1.021385118e-1
train,2325,CCC#CC(N)CC#N,7.382448673e0,-9.218657762e-2,3.829038739e-1,1.276346207e0,7.290262222e0,3.317016363e-1
train,2326,O=CC12NC1C1OCC12,5.700785160e0,-3.975042105e-1,3.829038739e-1,1.276346207e0,5.303280830e0,-1.225073338e0
train,2327,CC12CC(C#N)[NH+](C1)C2,7.308978081e0,3.489430845e-1,3.829038739e-1,1.276346207e0,7.657921314e0,6.197578907e-1
train,2328,CC1=CC2(C)CC1C2O,6.517127037e0,1.070942357e-2,3.829038739e-1,1.276346207e0,6.527836323e0,-2.656494975e-1
train,2329,CC#CC(=O)C#CC,5.085808277e0,-7.204209268e-2,3.829038739e-1,1.276346207e0,5.013766289e0,-1.451904297e0
train,2330,CN1C=CCOCC1=O,5.782419682e0,-1.312387176e-2,3.829038739e-1,1.276346207e0,5.769295692e0,-8.599565625e-1
train,2331,C#CC(O)CC(=O)CC,6.215080738e0,-4.693528116e-1,3.829038739e-1,1.276346207e0,5.745728016e0,-8.784215450e-1
train,2332,C1CCC(C2CC2)C1,9.526706696e0,4.619977772e-1,3.829038739e-1,1.276346207e0,9.988704681e0,2.445897341e0
train,2333,CC1CC2CC12[NH+]1CC1,8.364779472e0,-3.588864505e-1,3.829038739e-1,1.276346207e0,8.005892754e0,8.923891783e-1
train,2334,C#CC12CC(C)=CC1O2,6.440935135e0,-2.760843933e-1,3.829038739e-1,1.276346207e0,6.164850712e0,-5.500441790e-1
train,2335,CCC(CO)OC(C)=O,7.483131409e0,-5.338709354e-1,3.829038739e-1,1.276346207e0,6.949260712e0,6.453122199e-2
train,2336,C#CC1(CO)CCC1C,8.068176270e0,-4.307427108e-1,3.829038739e-1,1.276346207e0,7.637433529e0,6.037060022e-1
train,2337,NC(=O)C#CC1CO1,6.236849785e0,5.918096006e-2,3.829038739e-1,1.276346207e0,6.296030521e0,-4.472664297e-1
train,2338,O=C1NCC2OCC12O,7.178363323e0,-1.028472558e-1,3.829038739e-1,1.276346207e0,7.075516224e0,1.634508371e-1
train,2339,CC1OC12CNC2C=O,5.744323254e0,1.481511593e-1,3.829038739e-1,1.276346207e0,5.892474174e0,-7.634477615e-1
train,2340,CCc1ccoc1,6.593318939e0,-2.490460426e-1,3.829038739e-1,1.276346207e0,6.344273090e0,-4.094689786e-1
train,2341,[NH-]c1nc([NH+]=CN)no1,1.883027911e0,2.307161223e-3,3.829038739e-1,1.276346207e0,1.885335088e0,-3.902991056e0
train,2342,C1=NCCCCCO1,7.031421661e0,-5.751345754e-1,3.829038739e-1,1.276346207e0,6.456286907e0,-3.217075467e-1
train,2343,COCC#CC1CO1,7.344352722e0,1.476596743e-1,3.829038739e-1,1.276346207e0,7.492012501e0,4.897704422e-1
train,2344,CCC(C#N)(CC)CC,9.523984909e0,2.190772444e-1,3.829038739e-1,1.276346207e0,9.743062019e0,2.253439426e0
train,2345,N#CCc1cc(N)on1,6.141610146e0,2.911019027e-1,3.829038739e-1,1.276346207e0,6.432712078e0,-3.401781321e-1
train,2346,CC1(C)OC(=O)C1CO,7.567486763e0,4.503874853e-2,3.829038739e-1,1.276346207e0,7.612525463e0,5.841908455e-1
train,2347,C#CC1OC1C(F)(F)F,7.651841640e0,-1.773855388e-1,3.829038739e-1,1.276346207e0,7.474456310e0,4.760153890e-1
train,2348,CC1CC2CC(O1)C2O,8.609682083e0,-4.407348335e-1,3.829038739e-1,1.276346207e0,8.168947220e0,1.020140290e0
train,2349,Cc1cocnc1=O,5.684458733e0,1.484949589e-1,3.829038739e-1,1.276346207e0,5.832953453e0,-8.100814819e-1
train,2350,CC(=O)NCCCC=O,6.160657883e0,4.466214776e-1,3.829038739e-1,1.276346207e0,6.607279301e0,-2.034069151e-1
train,2351,C[CH+]1N=NOC([NH-])=C1N,4.430013657e0,4.608831108e-1,3.829038739e-1,1.276346207e0,4.890896797e0,-1.548171043e0
train,2352,CNCC(C#N)C(N)=O,6.647741318e0,5.091589093e-1,3.829038739e-1,1.276346207e0,7.156900406e0,2.272143215e-1
train,2353,CCC(C(C)=O)C1CC1,6.204195976e0,4.196981490e-1,3.829038739e-1,1.276346207e0,6.623894215e0,-1.903893352e-1
train,2354,CC1CC=CC2CC12,6.710327625e0,1.369318515e-1,3.829038739e-1,1.276346207e0,6.847259521e0,-1.538542751e-2
train,2355,CCNc1n[nH]cc1N,6.030043125e0,-4.777701497e-1,3.829038739e-1,1.276346207e0,5.552272797e0,-1.029991269e0
train,2356,N#CC1(C=O)CN1,6.157936573e0,4.150371253e-1,3.829038739e-1,1.276346207e0,6.572973728e0,-2.302848995e-1
train,2357,CC1(C=O)COC(=O)N1,5.747044563e0,6.876790430e-3,3.829038739e-1,1.276346207e0,5.753921509e0,-8.720020056e-1
train,2358,CC1C2OCC12CCO,8.269539833e0,-1.829935461e-1,3.829038739e-1,1.276346207e0,8.086545944e0,9.555799365e-1
train,2359,O=C1OCC12OC1CC12,6.704885483e0,-1.586187631e-1,3.829038739e-1,1.276346207e0,6.546266556e0,-2.512096465e-1
train,2360,O=C1OCOC12CNC2,6.421886921e0,-1.984356642e-1,3.829038739e-1,1.276346207e0,6.223451138e0,-5.041314363e-1
train,2361,OCC1C2OC3C[NH+]1C32,7.270882130e0,5.530128479e-1,3.829038739e-1,1.276346207e0,7.823894978e0,7.497961521e-1
train,2362,[H]N=CNC(=O)C(C)C#C,6.402839184e0,1.769490838e-1,3.829038739e-1,1.276346207e0,6.579788208e0,-2.249458432e-1
train,2363,O=C1CC=CCOCO1,6.372906685e0,-1.657575965e-1,3.829038739e-1,1.276346207e0,6.207149029e0,-5.169039369e-1
train,2364,N#CC(O)CCO[CH+][NH-],7.420545101e0,4.080403745e-1,3.829038739e-1,1.276346207e0,7.828585625e0,7.534712553e-1
train,2365,[NH-]C1OC(CCO)C1N,7.289929867e0,-1.109399647e-1,3.829038739e-1,1.276346207e0,7.178989887e0,2.445211411e-1
train,2366,C1OC(C2CO2)C2CC12,9.175679207e0,1.461791061e-2,3.829038739e-1,1.276346207e0,9.190297127e0,1.820355058e0
train,2367,O=Cc1ccccc1,5.227307320e0,-1.010126323e-1,3.829038739e-1,1.276346207e0,5.126294613e0,-1.363739848e0
train,2368,C1=CC2(C=CCC1)CN2,6.285830498e0,1.659959853e-1,3.829038739e-1,1.276346207e0,6.451826572e0,-3.252021670e-1
train,2369,CC1CC2C(C1)C2(C)C,9.064112663e0,-7.335383445e-2,3.829038739e-1,1.276346207e0,8.990758896e0,1.664019346e0
train,2370,CC(C=O)C1CC1C=O,5.981062412e0,-4.651562274e-1,3.829038739e-1,1.276346207e0,5.515906334e0,-1.058483958e0
train,2371,CC1C2C(CO)[NH2+][CH+][NH+]12,6.242291927e0,-3.269132972e-1,3.829038739e-1,1.276346207e0,5.915378571e0,-7.455024719e-1
train,2372,CC1CC2(C[NH2+][CH+]O2)C1,7.333467960e0,2.420894951e-1,3.829038739e-1,1.276346207e0,7.575557232e0,5.552266836e-1
train,2373,CCC12CC=C(C)C1N2,6.424608231e0,-9.425544739e-1,3.829038739e-1,1.276346207e0,5.482053757e0,-1.085006952e0
train,2374,CC1C2C=CC1(C)CC2,7.004210949e0,-1.674653292e-1,3.829038739e-1,1.276346207e0,6.836745739e0,-2.362284437e-2
train,2375,FC(F)(F)c1ccoc1,6.655904770e0,-9.489369392e-2,3.829038739e-1,1.276346207e0,6.561011314e0,-2.396572977e-1
train,2376,CC12NC(=O)C1(C)C2O,6.726654530e0,-7.930154800e-1,3.829038739e-1,1.276346207e0,5.933639050e0,-7.311955690e-1
train,2377,CC(N)(C#N)CC1CN1,7.447756290e0,-2.975787222e-1,3.829038739e-1,1.276346207e0,7.150177479e0,2.219469845e-1
train,2378,CC#CCCCC(C)C,8.269539833e0,-3.872365057e-1,3.829038739e-1,1.276346207e0,7.882303238e0,7.955583334e-1
train,2379,C1C2NC2C2[NH+]3CC12C3,7.782456875e0,2.279539555e-1,3.829038739e-1,1.276346207e0,8.010411263e0,8.959293365e-1
train,2380,C#Cc1cc(O)[nH]c1N,5.344316006e0,1.511516050e-2,3.829038739e-1,1.276346207e0,5.359431267e0,-1.181080222e0
train,2381,c1[nH]nc2c1C1NC1C2,6.729375839e0,-4.067142606e-1,3.829038739e-1,1.276346207e0,6.322661400e0,-4.264014661e-1
train,2382,CCCOC,9.322620392e0,5.967362598e-2,3.829038739e-1,1.276346207e0,9.382293701e0,1.970782042e0
train,2383,CC1[NH+]2C3C(=O)C1(O)C32,6.193311214e0,-3.401718438e-1,3.829038739e-1,1.276346207e0,5.853139400e0,-7.942660451e-1
train,2384,CCC(C#N)C1(C)CN1,7.553880215e0,5.957848430e-1,3.829038739e-1,1.276346207e0,8.149664879e0,1.005032778e0
train,2385,c1cc2cncnn2n1,4.791924953e0,-3.133846223e-1,3.829038739e-1,1.276346207e0,4.478540421e0,-1.871247053e0
train,2386,O=CC(O)c1ncno1,5.997389793e0,1.465206146e-1,3.829038739e-1,1.276346207e0,6.143910408e0,-5.664505959e-1
train,2387,O=CC12CCC1(C=O)C2,5.259960651e0,-2.958689034e-1,3.829038739e-1,1.276346207e0,4.964091778e0,-1.490823746e0
train,2388,CC1NC1COCC#N,7.314420223e0,-6.501585245e-1,3.829038739e-1,1.276346207e0,6.664261818e0,-1.587618291e-1
train,2389,CCC1CC=C(C)CO1,7.142988205e0,2.962023318e-1,3.829038739e-1,1.276346207e0,7.439190388e0,4.483849704e-1
train,2390,C#CC1NC(=O)C12CN2,7.107614040e0,-1.691864133e-1,3.829038739e-1,1.276346207e0,6.938427448e0,5.604349822e-2
train,2391,CC1=CC(=O)NC1,5.926640034e0,-7.948607951e-2,3.829038739e-1,1.276346207e0,5.847154140e0,-7.989554405e-1
train,2392,C#CC1(O)CC1C#N,7.306257248e0,9.312781692e-1,3.829038739e-1,1.276346207e0,8.237535477e0,1.073878288e0
train,2393,C[NH2+]C1OC=CN=C1N,4.465388775e0,1.838434488e-1,3.829038739e-1,1.276346207e0,4.649232388e0,-1.737512112e0
train,2394,CCOc1c[nH]c(N)n1,6.092629433e0,-1.577543654e-2,3.829038739e-1,1.276346207e0,6.076854229e0,-6.189882755e-1
train,2395,CC12C3CC1C2C3C#N,8.013752937e0,-3.437130153e-1,3.829038739e-1,1.276346207e0,7.670040131e0,6.292528510e-1
train,2396,CNC1=NCCC1=O,4.783761501e0,-1.199427322e-1,3.829038739e-1,1.276346207e0,4.663818836e0,-1.726083755e0
train,2397,CC#Cc1c[nH]cc1C,5.923918724e0,1.675970554e-1,3.829038739e-1,1.276346207e0,6.091515541e0,-6.075013280e-1
train,2398,N#CC1CC(=O)CC1O,6.008274078e0,-4.226159155e-1,3.829038739e-1,1.276346207e0,5.585658073e0,-1.003834367e0
train,2399,C#CCc1cn(C)cn1,6.791961670e0,1.722203493e-1,3.829038739e-1,1.276346207e0,6.964181900e0,7.622178644e-2
train,2400,CC([NH-])OC1CC2CC21,7.801504612e0,-3.231452405e-1,3.829038739e-1,1.276346207e0,7.478359222e0,4.790732563e-1
train,2401,Nc1ncnc(=O)cn1,4.481715202e0,-4.064775407e-1,3.829038739e-1,1.276346207e0,4.075237751e0,-2.187229633e0
train,2402,CC12C=CC(CO)C1O2,6.704885483e0,-1.340890974e-1,3.829038739e-1,1.276346207e0,6.570796490e0,-2.319907397e-1
train,2403,OC12C=CC3OC1CC32,6.402839184e0,-2.436987609e-1,3.829038739e-1,1.276346207e0,6.159140587e0,-5.545179844e-1
train,2404,CCC1=C(C=O)CCN1,4.810973167e0,1.082525492e0,3.829038739e-1,1.276346207e0,5.893498421e0,-7.626452446e-1
train,2405,OCC1(O)CCC12CC2,8.343010902e0,2.444397062e-1,3.829038739e-1,1.276346207e0,8.587450981e0,1.348032713e0
train,2406,CCC(O)C(O)C1CC1,8.413760185e0,-3.179275095e-1,3.829038739e-1,1.276346207e0,8.095832825e0,9.628560543e-1
train,2407,CCCN=C(C)NC=O,6.348416328e0,1.602101326e-1,3.829038739e-1,1.276346207e0,6.508626461e0,-2.807001770e-1
train,2408,[CH-]1C[NH+]2C3C1C1(CC1)C32,4.394639015e0,-1.464265585e-1,3.829038739e-1,1.276346207e0,4.248212337e0,-2.051706314e0
train,2409,CC1=C(C)C2C3CC1[NH+]32,5.953851223e0,1.387314945e-1,3.829038739e-1,1.276346207e0,6.092582703e0,-6.066652536e-1
train,2410,CC(=O)CC1C2COC21,6.239571095e0,3.220276535e-1,3.829038739e-1,1.276346207e0,6.561598778e0,-2.391970307e-1
train,2411,CC1CC2(C)COC12,8.460020065e0,-7.130830735e-2,3.829038739e-1,1.276346207e0,8.388711929e0,1.192323208e0
train,2412,C#CC1CCC(O)C1,8.465462685e0,3.848325312e-1,3.829038739e-1,1.276346207e0,8.850295067e0,1.553967714e0
train,2413,CCNC1C(C)OC1[NH-],6.952508926e0,5.557740927e-1,3.829038739e-1,1.276346207e0,7.508283138e0,5.025182962e-1
train,2414,C1OCC(C2CC2)O1,9.235544205e0,-2.301276475e-1,3.829038739e-1,1.276346207e0,9.005416870e0,1.675503731e0
train,2415,C[NH+]1CC2OCC21C,7.491294384e0,-1.796955317e-1,3.829038739e-1,1.276346207e0,7.311598778e0,3.484185338e-1
train,2416,[NH-]C1C(=O)C2CC3C2[NH+]13,4.751108170e0,-2.686874270e-1,3.829038739e-1,1.276346207e0,4.482420921e0,-1.868206739e0
train,2417,[NH-]C1CCCCC(=O)O1,6.781077385e0,3.912089393e-2,3.829038739e-1,1.276346207e0,6.820198059e0,-3.658774123e-2
train,2418,CC(=O)C1[NH2+][CH+]OC1C,5.975620270e0,3.866648376e-1,3.829038739e-1,1.276346207e0,6.362285137e0,-3.953567743e-1
train,2419,CNC(=O)CCNC=O,7.412381172e0,4.921174645e-1,3.829038739e-1,1.276346207e0,7.904498577e0,8.129481077e-1
train,2420,CCC1C2COCC12C,8.827373505e0,-1.081849635e-1,3.829038739e-1,1.276346207e0,8.719188690e0,1.451247573e0
train,2421,C#CCC1(C#N)COC1,7.777014256e0,-4.832736850e-1,3.829038739e-1,1.276346207e0,7.293740749e0,3.344269991e-1
train,2422,[NH-]C(C#CC=O)OC=O,5.235470295e0,-1.209462062e-1,3.829038739e-1,1.276346207e0,5.114523888e0,-1.372961998e0
train,2423,C#CCCC1(C)CO1,8.536211014e0,5.403120518e-1,3.829038739e-1,1.276346207e0,9.076522827e0,1.731214404e0
train,2424,CC1(C)C(NO)C2C[NH+]21,6.405560493e0,-2.978538871e-1,3.829038739e-1,1.276346207e0,6.107706547e0,-5.948159099e-1
train,2425,CC1(C)C2C3CC2C31,1.008181858e1,2.824696600e-1,3.829038739e-1,1.276346207e0,1.036428833e1,2.740162373e0
train,2426,C#Cc1ccco1,5.357921600e0,6.273194551e-1,3.829038739e-1,1.276346207e0,5.985240936e0,-6.907661557e-1
train,2427,O=C1NC23CCOC12C3,6.721211910e0,-9.714044631e-2,3.829038739e-1,1.276346207e0,6.624071598e0,-1.902503669e-1
train,2428,COC1C2CCC1C2C,9.107650757e0,-1.332023293e-1,3.829038739e-1,1.276346207e0,8.974448204e0,1.651240230e0
train,2429,OCC1[NH2+]C2CCC2O1,7.279046059e0,-2.003387213e-1,3.829038739e-1,1.276346207e0,7.078707218e0,1.659509391e-1
train,2430,CCC1C2OC(C)C12C,8.413760185e0,7.289712317e-3,3.829038739e-1,1.276346207e0,8.421050072e0,1.217659712e0
train,2431,CCOC([NH-])C1COC1,7.447756290e0,5.881634355e-1,3.829038739e-1,1.276346207e0,8.035920143e0,9.159152508e-1
train,2432,CC1CC2COC12C#N,7.336189747e0,4.043926001e-1,3.829038739e-1,1.276346207e0,7.740582466e0,6.845218539e-1
train,2433,OC12CC34OCC(C13)C24,8.068176270e0,-6.015807986e-1,3.829038739e-1,1.276346207e0,7.466595650e0,4.698566496e-1
train,2434,O=CCNC(=O)NC=O,6.040927887e0,-1.222920977e-2,3.829038739e-1,1.276346207e0,6.028698444e0,-6.567177176e-1
train,2435,C#Cc1nn[nH]c1CO,6.166100025e0,-5.820541382e-1,3.829038739e-1,1.276346207e0,5.584045887e0,-1.005097389e0
train,2436,C#CC1C2OCC12C=O,5.630035877e0,-3.832364082e-1,3.829038739e-1,1.276346207e0,5.246799469e0,-1.269325733e0
train,2437,c1cc2oncc2[nH]1,5.619151115e0,6.881947629e-3,3.829038739e-1,1.276346207e0,5.626032829e0,-9.722011685e-1
train,2438,CCC1(C(C)=O)C[NH+]1C,5.869495869e0,1.016519815e-1,3.829038739e-1,1.276346207e0,5.971148014e0,-7.018077970e-1
train,2439,OCC1C[NH+]1CC1CO1,7.831437111e0,2.631592453e-1,3.829038739e-1,1.276346207e0,8.094595909e0,9.618869424e-1
train,2440,CC12CC1OC1(CC1)C2,8.397434235e0,1.664268970e-1,3.829038739e-1,1.276346207e0,8.563860893e0,1.329550147e0
train,2441,O=CN1CC12CC1OC12,6.791961670e0,-4.834592342e-1,3.829038739e-1,1.276346207e0,6.308502197e0,-4.374950230e-1
train,2442,COC(C(C)O)C1CN1,8.737575531e0,1.243682355e-1,3.829038739e-1,1.276346207e0,8.861944199e0,1.563094735e0
train,2443,COCC(=O)CCO,6.391954422e0,9.492937475e-3,3.829038739e-1,1.276346207e0,6.401447296e0,-3.646737039e-1
train,2444,COC1C2C3COC3C12,8.228722572e0,-2.465693504e-1,3.829038739e-1,1.276346207e0,7.982153416e0,8.737896681e-1
train,2445,COCC(C)(C)C(C)C,8.922613144e0,1.704443246e-1,3.829038739e-1,1.276346207e0,9.093057632e0,1.744169116e0
train,2446,CC1=CCC(C)C(=O)C1,6.089908123e0,-3.086507022e-1,3.829038739e-1,1.276346207e0,5.781257629e0,-8.505845070e-1
train,2447,CC12CC(O)C(C)(C1)O2,8.827373505e0,4.704330266e-1,3.829038739e-1,1.276346207e0,9.297806740e0,1.904587507e0
train,2448,c1nocc1C1CC1,6.563386440e0,-1.151671186e-1,3.829038739e-1,1.276346207e0,6.448219299e0,-3.280284405e-1
train,2449,CC1C2C(C)C(C)(C)C12,8.868190765e0,-6.831748486e-1,3.829038739e-1,1.276346207e0,8.185015678e0,1.032729745e0
train,2450,CNc1ccnc(C)n1,5.714390755e0,-8.907148987e-2,3.829038739e-1,1.276346207e0,5.625319481e0,-9.727600813e-1
train,2451,CC12CC3C(O)C(C1)[NH+]32,7.630072594e0,3.037738502e-1,3.829038739e-1,1.276346207e0,7.933846474e0,8.359417915e-1
train,2452,Nc1coc(OC=O)c1,5.336152554e0,3.003657758e-1,3.829038739e-1,1.276346207e0,5.636518478e0,-9.639858007e-1
train,2453,C[NH+](C)CC(=O)CC=O,5.504863262e0,5.641867518e-1,3.829038739e-1,1.276346207e0,6.069049835e0,-6.251029372e-1
train,2454,CCn1cc(N)c(O)c1,6.119840622e0,-8.897310495e-2,3.829038739e-1,1.276346207e0,6.030867577e0,-6.550182700e-1
train,2455,COc1cc(C)c(C)[nH]1,6.375627518e0,2.180084735e-1,3.829038739e-1,1.276346207e0,6.593636036e0,-2.140962481e-1
train,2456,CC(C)C12CC(=O)C1N2,6.030043125e0,4.094610512e-1,3.829038739e-1,1.276346207e0,6.439504147e0,-3.348566294e-1
train,2457,O=C1C=C2NCCC2N1,5.850448132e0,-2.141521424e-1,3.829038739e-1,1.276346207e0,5.636295795e0,-9.641602635e-1
train,2458,CC1(C)C(O)C1(C)C#N,7.994705200e0,-1.672311574e-1,3.829038739e-1,1.276346207e0,7.827474117e0,7.526003718e-1
train,2459,[NH-]C1OC(=O)C2(O)CC12,6.625972271e0,-2.697159946e-1,3.829038739e-1,1.276346207e0,6.356256485e0,-4.000801444e-1
train,2460,O=C1OCC12NC2CO,7.113056660e0,3.759701848e-1,3.829038739e-1,1.276346207e0,7.489027023e0,4.874313474e-1
train,2461,N#CCNc1ncon1,6.236849785e0,-4.699396789e-1,3.829038739e-1,1.276346207e0,5.766910076e0,-8.618256450e-1
train,2462,CC1(O)COC2CC21C,7.763408184e0,4.870316684e-1,3.829038739e-1,1.276346207e0,8.250439644e0,1.083988547e0
train,2463,NC(=O)CCC(O)C=O,5.760650635e0,-4.652924538e-1,3.829038739e-1,1.276346207e0,5.295358181e0,-1.231280684e0
train,2464,CC12CC(O)(C1)C21CC1,9.001525879e0,2.765108831e-2,3.829038739e-1,1.276346207e0,9.029176712e0,1.694119215e0
train,2465,N#CC1CC2C[NH+]3C1C23,7.496736526e0,6.689299364e-3,3.829038739e-1,1.276346207e0,7.503425598e0,4.987124503e-1
train,2466,C#CC12OCC1C2O,6.590597630e0,-8.218409121e-2,3.829038739e-1,1.276346207e0,6.508413315e0,-2.808671594e-1
train,2467,CC1(O)COCC1C=O,5.921197414e0,4.344696403e-1,3.829038739e-1,1.276346207e0,6.355667114e0,-4.005419016e-1
train,2468,CC(O)C1NC1C,8.609682083e0,-1.883612573e-1,3.829038739e-1,1.276346207e0,8.421320915e0,1.217871904e0
train,2469,CC1CC2OC1CC2=O,5.847726822e0,-4.390713274e-1,3.829038739e-1,1.276346207e0,5.408655643e0,-1.142513514e0
train,2470,C[NH+]1C2C3CC(C3)C21C,8.103550911e0,-1.728568673e-1,3.829038739e-1,1.276346207e0,7.930694103e0,8.334719539e-1
train,2471,C[NH2+]C1NCC(C#N)O1,6.315762520e0,-2.431676686e-1,3.829038739e-1,1.276346207e0,6.072594643e0,-6.223255992e-1
train,2472,CC1(O)C2CC3(C)C2C13,8.571586609e0,6.349236369e-1,3.829038739e-1,1.276346207e0,9.206510544e0,1.833058119e0
train,2473,CC(=O)C1(C=O)CC1,6.057254314e0,3.164527416e-1,3.829038739e-1,1.276346207e0,6.373706818e0,-3.864080310e-1
train,2474,[NH-]C1OCC1C(=O)C=O,4.277629852e0,2.438755184e-1,3.829038739e-1,1.276346207e0,4.521505356e0,-1.837584615e0
train,2475,COC(C)C(C)NC=O,7.600140095e0,5.145031214e-2,3.829038739e-1,1.276346207e0,7.651590347e0,6.147976518e-1
train,2476,CCC12CC(C1=O)C2O,6.342973709e0,-4.100603163e-1,3.829038739e-1,1.276346207e0,5.932913303e0,-7.317641973e-1
train,2477,COC1(C#N)CCC1,7.975656986e0,-8.798194528e-1,3.829038739e-1,1.276346207e0,7.095837593e0,1.793723702e-1
train,2478,CC1=CC(C#N)OCC1,7.058633804e0,-4.093470424e-2,3.829038739e-1,1.276346207e0,7.017699242e0,1.181519553e-1
train,2479,Cc1[nH]ncc1[N+](=O)[O-],5.434113503e0,2.033339888e-1,3.829038739e-1,1.276346207e0,5.637447357e0,-9.632580280e-1
train,2480,C#CC12OCC1C2OC,6.421886921e0,1.243520081e-1,3.829038739e-1,1.276346207e0,6.546238899e0,-2.512313128e-1
train,2481,C1OC2CC1OC21CC1,8.617846489e0,-8.065474778e-2,3.829038739e-1,1.276346207e0,8.537191391e0,1.308654904e0
train,2482,CCOCC1CC(C)O1,8.846421242e0,1.011683196e-1,3.829038739e-1,1.276346207e0,8.947589874e0,1.630197048e0
train,2483,CCC1(C=O)CC([NH-])O1,5.872217178e0,1.810897142e-1,3.829038739e-1,1.276346207e0,6.053307056e0,-6.374372244e-1
train,2484,N#CCC(=NO)C1CC1,6.514405727e0,3.131862357e-2,3.829038739e-1,1.276346207e0,6.545724392e0,-2.516344190e-1
train,2485,O=C1OC2CCC3C2N13,7.575649738e0,4.122605324e-1,3.829038739e-1,1.276346207e0,7.987910271e0,8.783001304e-1
train,2486,COC1CC2C(C)C2O1,8.639615059e0,3.300048709e-1,3.829038739e-1,1.276346207e0,8.969619751e0,1.647457123e0
train,2487,N#CC1OC2CC=CC12,6.985162735e0,5.244995654e-2,3.829038739e-1,1.276346207e0,7.037612915e0,1.337540597e-1
train,2488,CC(C)C1OCC1C,8.653220177e0,-5.870835111e-2,3.829038739e-1,1.276346207e0,8.594511986e0,1.353564978e0
train,2489,OCCC1[NH2+]C2CC2O1,7.118498325e0,3.696653843e-1,3.829038739e-1,1.276346207e0,7.488163948e0,4.867551327e-1
train,2490,ONC1C2C3CC1(O)C32,6.996047020e0,5.887129307e-1,3.829038739e-1,1.276346207e0,7.584759712e0,5.624366999e-1
train,2491,CC1C(C)C1CCC=O,6.160657883e0,-2.928923070e-1,3.829038739e-1,1.276346207e0,5.867765427e0,-7.828067541e-1
train,2492,[NH-]C1OCCNC1CO,6.734817982e0,4.020476341e-1,3.829038739e-1,1.276346207e0,7.136865616e0,2.115173042e-1
train,2493,OCC1(C2CC2)CCO1,8.707643509e0,-3.164786696e-1,3.829038739e-1,1.276346207e0,8.391164780e0,1.194244981e0
train,2494,CC1N2C(=O)C(O)C12C,6.057254314e0,-2.097622305e-1,3.829038739e-1,1.276346207e0,5.847492218e0,-7.986905575e-1
train,2495,N#CCC1CN1,7.831437111e0,-2.517389357e-1,3.829038739e-1,1.276346207e0,7.579698086e0,5.584709644e-1
train,2496,CC1OC1C1(O)CC1O,8.457298279e0,-8.497599512e-2,3.829038739e-1,1.276346207e0,8.372322083e0,1.179481983e0
train,2497,C[NH+]1CC(OCCO)C1,7.981099606e0,-6.388077512e-3,3.829038739e-1,1.276346207e0,7.974711418e0,8.679589629e-1
train,2498,[H]N=CNc1cnc(C)o1,6.370185375e0,6.499161720e-1,3.829038739e-1,1.276346207e0,7.020101547e0,1.200341284e-1
train,2499,CC1CC2C1=CC1CC12,6.459982872e0,1.119017750e-1,3.829038739e-1,1.276346207e0,6.571884632e0,-2.311381996e-1
train,2500,O=C1OC2CC=CC12,6.721211910e0,6.376283616e-2,3.829038739e-1,1.276346207e0,6.784974575e0,-6.418489665e-2
train,2501,CC1=CC2OC2C1CO,6.530732632e0,-4.589117765e-1,3.829038739e-1,1.276346207e0,6.071820736e0,-6.229319572e-1
train,2502,CC(C)(O)c1ccon1,6.868154049e0,-2.581091225e-1,3.829038739e-1,1.276346207e0,6.610044956e0,-2.012400627e-1
train,2503,CC1CCCC2CC1O2,8.636894226e0,-1.133314446e-1,3.829038739e-1,1.276346207e0,8.523562431e0,1.297976851e0
train,2504,Oc1cccc(F)c1F,6.250455379e0,-8.056031466e-1,3.829038739e-1,1.276346207e0,5.444852352e0,-1.114153862e0
train,2505,C[NH+]1CC1C1OC2CC21,7.962051392e0,2.350104004e-1,3.829038739e-1,1.276346207e0,8.197061539e0,1.042167544e0
train,2506,COc1cc(O)no1,6.748423576e0,7.946722209e-2,3.829038739e-1,1.276346207e0,6.827890873e0,-3.056051955e-2
train,2507,CC1C2[NH+]1CC21NC1C,7.845042706e0,-2.175140530e-1,3.829038739e-1,1.276346207e0,7.627528667e0,5.959456563e-1
train,2508,c1n[nH]cc1OC1CC1,6.348416328e0,-3.578082919e-1,3.829038739e-1,1.276346207e0,5.990608215e0,-6.865609884e-1
train,2509,COC1C2CC3C1[NH+]3C2,8.669547081e0,-1.289317757e-1,3.829038739e-1,1.276346207e0,8.540615082e0,1.311337352e0
train,2510,O=COCC(O)CCO,7.747081757e0,-2.562097907e-1,3.829038739e-1,1.276346207e0,7.490871906e0,4.888767898e-1
train,2511,O=C1OC=NC2CC1C2,6.160657883e0,-5.810266137e-1,3.829038739e-1,1.276346207e0,5.579631329e0,-1.008556247e0
train,2512,COCC1C[NH+]1C1CC1,8.198790550e0,1.713082194e-1,3.829038739e-1,1.276346207e0,8.370099068e0,1.177740216e0
train,2513,CC12CCC1(C)OC2,8.514442444e0,-3.237370774e-2,3.829038739e-1,1.276346207e0,8.482069016e0,1.265467286e0
train,2514,[H]N=CNC(=O)C1(C)CC1,6.506242275e0,8.355325460e-1,3.829038739e-1,1.276346207e0,7.341774940e0,3.720611930e-1
train,2515,CC1(O)COC1C=O,5.858611107e0,2.486272305e-1,3.829038739e-1,1.276346207e0,6.107238293e0,-5.951827765e-1
train,2516,Cc1onc(CO)c1C,6.451819897e0,-1.130273819e0,3.829038739e-1,1.276346207e0,5.321546078e0,-1.210762739e0
train,2517,C#CC(C)(O)C#CC#N,6.326647282e0,-5.167888403e-1,3.829038739e-1,1.276346207e0,5.809858322e0,-8.281762600e-1
train,2518,[NH-]C1C=C(C=O)C(=O)O1,4.144294262e0,3.116892874e-1,3.829038739e-1,1.276346207e0,4.455983639e0,-1.888920069e0
train,2519,CN1CCn2cccc21,6.065417767e0,1.843480766e-1,3.829038739e-1,1.276346207e0,6.249765873e0,-4.835141897e-1
train,2520,CC(CC1COC1)=NO,6.900807381e0,-1.907984018e-1,3.829038739e-1,1.276346207e0,6.710009098e0,-1.229194105e-1
train,2521,CCCCC1(C)COC1,8.568865776e0,2.070501149e-1,3.829038739e-1,1.276346207e0,8.775916100e0,1.495692730e0
train,2522,CC(=O)C1(O)C2CCC21,5.850448132e0,5.287607908e-1,3.829038739e-1,1.276346207e0,6.379209042e0,-3.820970953e-1
train,2523,O=CC1CC2(C=O)C[NH+]12,5.570170403e0,1.096064225e-2,3.829038739e-1,1.276346207e0,5.581130981e0,-1.007381201e0
train,2524,O=CC#CCOC=O,5.534795761e0,9.738927335e-2,3.829038739e-1,1.276346207e0,5.632184982e0,-9.673810601e-1
train,2525,CC12CC3CC(O1)C3O2,9.148468018e0,-3.393012881e-1,3.829038739e-1,1.276346207e0,8.809166908e0,1.521744370e0
train,2526,CC1=CC(C)C2(C)NC12,6.647741318e0,-2.957304120e-1,3.829038739e-1,1.276346207e0,6.352010727e0,-4.034066200e-1
train,2527,CC1CC(O)C2CC1O2,8.492672920e0,-3.913385272e-1,3.829038739e-1,1.276346207e0,8.101334572e0,9.671666026e-1
train,2528,CC1(O)C([NH-])OC2CC21,7.349795341e0,1.957369000e-1,3.829038739e-1,1.276346207e0,7.545532227e0,5.317024589e-1
train,2529,CC(CC(N)=O)C1CO1,7.581092358e0,1.194645166e-1,3.829038739e-1,1.276346207e0,7.700556755e0,6.531622410e-1
train,2530,[NH-]c1nc(O)c[cH+]o1,4.947029591e0,-5.712860823e-1,3.829038739e-1,1.276346207e0,4.375743389e0,-1.951787233e0
train,2531,C#CC1C2C(C#N)C[NH+]12,7.167478561e0,2.256927639e-1,3.829038739e-1,1.276346207e0,7.393171310e0,4.123296142e-1
train,2532,CC(C)C1C2CC1C2=O,6.835499763e0,6.478046179e-1,3.829038739e-1,1.276346207e0,7.483304501e0,4.829478264e-1
train,2533,C#CC#CCC(N)C#N,6.163379192e0,-5.856036544e-1,3.829038739e-1,1.276346207e0,5.577775478e0,-1.010010242e0
train,2534,Cc1cnc(N)nc1O,5.551122665e0,-7.007841468e-1,3.829038739e-1,1.276346207e0,4.850338459e0,-1.579947948e0
train,2535,N#CC1(N)C2OC([NH-])C21,6.982441425e0,1.837849170e-1,3.829038739e-1,1.276346207e0,7.166226387e0,2.345211059e-1
train,2536,COC1COCC2OC12,8.699480057e0,-2.889379561e-1,3.829038739e-1,1.276346207e0,8.410542488e0,1.209427118e0
train,2537,C#CC(C)C(C=O)CO,6.157936573e0,-8.293992281e-2,3.829038739e-1,1.276346207e0,6.074996471e0,-6.204438210e-1
train,2538,CC1C(O)C2(O)C(O)C12,7.847763538e0,-1.058187246e0,3.829038739e-1,1.276346207e0,6.789576530e0,-6.057932600e-2
train,2539,C#CC1CN(C(N)=O)C1,7.428708553e0,1.533468664e-1,3.829038739e-1,1.276346207e0,7.582055569e0,5.603180528e-1
train,2540,CC(O)c1ccc(N)o1,5.888543606e0,2.414624989e-1,3.829038739e-1,1.276346207e0,6.130006313e0,-5.773442984e-1
train,2541,OC1CC(O)C2NC2C1,8.479067802e0,-1.383964159e-2,3.829038739e-1,1.276346207e0,8.465228081e0,1.252272606e0
train,2542,O=CC12CCOC1CN2,5.646362305e0,-7.440084815e-1,3.829038739e-1,1.276346207e0,4.902353764e0,-1.539194703e0
train,2543,O=C1N[CH+]C2C[NH+]3C1C23,5.145672798e0,-5.391107872e-2,3.829038739e-1,1.276346207e0,5.091761589e0,-1.390795946e0
train,2544,Cc1nc(N)nn1C,6.163379192e0,3.374992907e-1,3.829038739e-1,1.276346207e0,6.500878334e0,-2.867707312e-1
train,2545,O=CCOCC1CCC1,6.231407166e0,-2.045312524e-1,3.829038739e-1,1.276346207e0,6.026875973e0,-6.581456065e-1
train,2546,OCCC1C2CCOC12,8.552538872e0,3.629992008e-1,3.829038739e-1,1.276346207e0,8.915537834e0,1.605084658e0
train,2547,CC1CC2C3C1CC23O,8.838258743e0,4.403068125e-1,3.829038739e-1,1.276346207e0,9.278565407e0,1.889512181e0
train,2548,c1ccn2ncnc2c1,5.251797676e0,-9.753083587e-1,3.829038739e-1,1.276346207e0,4.276489258e0,-2.029551506e0
train,2549,CC12C3C4CC1(C)[NH+]4C32,8.168857574e0,-6.773653030e-1,3.829038739e-1,1.276346207e0,7.491492271e0,4.893628359e-1
train,2550,[NH-]C1CC2(C=O)CC2O1,6.122561455e0,3.027147055e-1,3.829038739e-1,1.276346207e0,6.425276279e0,-3.460040092e-1
train,2551,c1nonc1N1CCC1,5.396018028e0,-1.061219811e0,3.829038739e-1,1.276346207e0,4.334798336e0,-1.983867168e0
train,2552,N#CC1=CCCC2CC12,5.853169441e0,2.900009155e-1,3.829038739e-1,1.276346207e0,6.143170357e0,-5.670304298e-1
train,2553,Cc1nc(O)c(C#N)[nH]1,5.474930763e0,2.067662776e-1,3.829038739e-1,1.276346207e0,5.681696892e0,-9.285891056e-1
train,2554,C1CC2CCC1CO2,8.228722572e0,5.267626792e-2,3.829038739e-1,1.276346207e0,8.281398773e0,1.108244658e0
train,2555,CC1C2NC2C2C(C)[NH+]12,7.586534500e0,-7.956076413e-2,3.829038739e-1,1.276346207e0,7.506973743e0,5.014923811e-1
train,2556,CC1OCCC1C(N)=O,7.341631889e0,-4.647309482e-1,3.829038739e-1,1.276346207e0,6.876901150e0,7.838415913e-3
train,2557,O=C1CC(O)C1C1CO1,5.850448132e0,7.689055800e-2,3.829038739e-1,1.276346207e0,5.927338600e0,-7.361319065e-1
train,2558,O=C1OC2C1CC21CC1,7.581092358e0,-8.715304136e-1,3.829038739e-1,1.276346207e0,6.709561825e0,-1.232698411e-1
train,2559,O=C1CNC12CCCC2,5.842284679e0,-3.689733446e-1,3.829038739e-1,1.276346207e0,5.473311424e0,-1.091856480e0
train,2560,CC12CC(CC1CO)C2,9.265477180e0,-4.846916795e-1,3.829038739e-1,1.276346207e0,8.780785561e0,1.499507904e0
train,2561,C#CCC1CN1C(N)=O,7.627351284e0,1.876504272e-1,3.829038739e-1,1.276346207e0,7.815001488e0,7.428282499e-1
train,2562,CC1C(NO)C2C[NH+]1C2,6.579712868e0,6.191518903e-2,3.829038739e-1,1.276346207e0,6.641628265e0,-1.764949262e-1
train,2563,CC1(C#N)CC1(C)C#N,8.174300194e0,-1.201548502e-1,3.829038739e-1,1.276346207e0,8.054145813e0,9.301947951e-1
train,2564,c1nncnn1,3.687142849e0,3.967751861e-1,3.829038739e-1,1.276346207e0,4.083918095e0,-2.180428743e0
train,2565,CC1=C(C)C2OCC1O2,6.587876320e0,1.139433980e-1,3.829038739e-1,1.276346207e0,6.701819897e0,-1.293355525e-1
train,2566,O=COCCCC1CO1,7.714427471e0,2.146342024e-2,3.829038739e-1,1.276346207e0,7.735890865e0,6.808460355e-1
train,2567,CCC(O)C#CCO,7.806946754e0,-2.154857665e-1,3.829038739e-1,1.276346207e0,7.591461182e0,5.676872134e-1
train,2568,CC1CCC(=O)C1NO,4.506205559e0,4.401777685e-1,3.829038739e-1,1.276346207e0,4.946383476e0,-1.504697919e0
train,2569,O=C1NCC=CC12CO2,6.454540730e0,3.808665276e-1,3.829038739e-1,1.276346207e0,6.835407257e0,-2.467152663e-2
train,2570,C1=CC2C(C1)OC1CC12,6.957951069e0,-7.188399434e-1,3.829038739e-1,1.276346207e0,6.239110947e0,-4.918622077e-1
train,2571,CC12C3C[NH+]4C1C4(C)C32,8.196069717e0,-2.853174321e-2,3.829038739e-1,1.276346207e0,8.167537689e0,1.019035935e0
train,2572,Nc1[nH]ccc1NC=O,5.825957775e0,2.254468501e-1,3.829038739e-1,1.276346207e0,6.051404476e0,-6.389278769e-1
train,2573,[NH-]C1OCC12CCCN2,6.873596191e0,-3.529352546e-1,3.829038739e-1,1.276346207e0,6.520660877e0,-2.712713480e-1
train,2574,C1OC2CC3(CN3)C2O1,8.299472809e0,5.996470153e-2,3.829038739e-1,1.276346207e0,8.359437943e0,1.169387341e0
train,2575,CC1C2C3OC3C12,7.763408184e0,-9.094259888e-2,3.829038739e-1,1.276346207e0,7.672465801e0,6.311533451e-1
train,2576,CCC1(O)C2C=CC1C2,6.511684418e0,-9.646148980e-2,3.829038739e-1,1.276346207e0,6.415223122e0,-3.538805246e-1
train,2577,C#CC1(COC)COC1,8.002868652e0,7.608515620e-1,3.829038739e-1,1.276346207e0,8.763720512e0,1.486137629e0
train,2578,CC12CCC(CO1)C2=O,5.605545521e0,1.642428525e-2,3.829038739e-1,1.276346207e0,5.621969700e0,-9.753845930e-1
train,2579,C#CC(CO)C(C)(C)O,7.891301632e0,2.926740944e-1,3.829038739e-1,1.276346207e0,8.183976173e0,1.031915307e0
train,2580,Cc1ccc(C(N)=O)o1,5.458603859e0,4.352189600e-1,3.829038739e-1,1.276346207e0,5.893822670e0,-7.623912096e-1
train,2581,CNc1n[nH]c(NC)n1,6.519847870e0,-5.474686250e-2,3.829038739e-1,1.276346207e0,6.465101242e0,-3.148016334e-1
train,2582,N#CC(N)C1(CO)CN1,7.379727840e0,1.118909568e-1,3.829038739e-1,1.276346207e0,7.491618633e0,4.894618392e-1
train,2583,O=C1CC2(O1)C1CCC12,7.570207596e0,7.090361714e-1,3.829038739e-1,1.276346207e0,8.279243469e0,1.106556058e0
train,2584,CCC1OC2(C#N)CC12,6.966114998e0,1.063621759e0,3.829038739e-1,1.276346207e0,8.029736519e0,9.110704660e-1
train,2585,C#CC12CC(=O)C1N2,5.692621708e0,3.894166052e-1,3.829038739e-1,1.276346207e0,6.082038403e0,-6.149265766e-1
train,2586,[CH+]1[NH2+]C2C(CC3OC32)O1,7.295372486e0,1.478025168e-1,3.829038739e-1,1.276346207e0,7.443174839e0,4.515067339e-1
train,2587,CCCC1CC1(C)O,8.827373505e0,3.095733225e-1,3.829038739e-1,1.276346207e0,9.136946678e0,1.778555632e0
train,2588,O=C1CC2C(=O)C1C2O,5.529353619e0,2.359874733e-2,3.829038739e-1,1.276346207e0,5.552952290e0,-1.029458880e0
train,2589,CC1CC2(CC2)C([NH-])O1,7.572928429e0,2.089225352e-1,3.829038739e-1,1.276346207e0,7.781850815e0,7.168551087e-1
train,2590,CC(CCO)C1OC1C,9.080439568e0,6.187928915e-1,3.829038739e-1,1.276346207e0,9.699232101e0,2.219099283e0
train,2591,Nc1nccnc1F,5.123903751e0,5.846745968e-1,3.829038739e-1,1.276346207e0,5.708578110e0,-9.075279832e-1
train,2592,CNC1=C[CH-]C(C)O1,5.621871948e0,1.217172109e-2,3.829038739e-1,1.276346207e0,5.634043694e0,-9.659247994e-1
train,2593,CC#CC1C(=O)CC1C,5.711669922e0,-1.506964266e-1,3.829038739e-1,1.276346207e0,5.560973644e0,-1.023174286e0
train,2594,CC#CC#CC(C)=O,4.903491497e0,3.171328604e-1,3.829038739e-1,1.276346207e0,5.220624447e0,-1.289833546e0
train,2595,C1=CC2C3CCOC1C23,6.492636681e0,-4.643629491e-1,3.829038739e-1,1.276346207e0,6.028273582e0,-6.570506096e-1
train,2596,CC1OC(C2CC2)C1O,8.163415909e0,-1.103033200e-1,3.829038739e-1,1.276346207e0,8.053112984e0,9.293856025e-1
train,2597,OC1CCc2cocc21,6.280387878e0,-7.978156209e-2,3.829038739e-1,1.276346207e0,6.200606346e0,-5.220300555e-1
train,2598,OC12CCC1OC2,8.133483887e0,3.049350679e-1,3.829038739e-1,1.276346207e0,8.438419342e0,1.231268287e0
train,2599,CCC1(O)CCC1C=O,5.951130390e0,9.776731580e-2,3.829038739e-1,1.276346207e0,6.048897743e0,-6.408918500e-1
train,2600,C1CC23CC(C4OC42)[NH+]13,7.828715801e0,7.406665087e-1,3.829038739e-1,1.276346207e0,8.569382668e0,1.333876371e0
train,2601,CNc1cc(C)c(N)o1,5.877659321e0,1.485399604e-1,3.829038739e-1,1.276346207e0,6.026199341e0,-6.586757898e-1
train,2602,CCC1CC(C)N=CO1,7.385169983e0,-3.821806312e-1,3.829038739e-1,1.276346207e0,7.002989292e0,1.066268906e-1
train,2603,COCC(CO)OC,9.129420280e0,4.997990429e-1,3.829038739e-1,1.276346207e0,9.629219055e0,2.164244890e0
train,2604,OC1CC23CCC2OC13,7.823273182e0,-1.492010057e-1,3.829038739e-1,1.276346207e0,7.674072266e0,6.324119568e-1
train,2605,C#CC1(O)C2COC21,6.892644405e0,-1.723658890e-1,3.829038739e-1,1.276346207e0,6.720278740e0,-1.148732752e-1
train,2606,CC(O)C1OCC12CO2,8.394712448e0,7.160394192e-1,3.829038739e-1,1.276346207e0,9.110752106e0,1.758032560e0
train,2607,CCCC(C)C#N,9.567523003e0,-1.468699891e-2,3.829038739e-1,1.276346207e0,9.552836418e0,2.104400158e0
train,2608,N#CC1C(=O)C[NH+]2CC12,5.491257668e0,-4.736255389e-3,3.829038739e-1,1.276346207e0,5.486521244e0,-1.081506729e0
train,2609,[NH-][CH+]OC(=O)CN,6.293993473e0,2.252761573e-1,3.829038739e-1,1.276346207e0,6.519269466e0,-2.723615170e-1
train,2610,CNC(=O)NCCO,8.155252457e0,-5.249139071e-1,3.829038739e-1,1.276346207e0,7.630338669e0,5.981472731e-1
train,2611,CC1OCCC1C=O,6.065417767e0,-4.983566403e-1,3.829038739e-1,1.276346207e0,5.567060947e0,-1.018404961e0
train,2612,CC1OC2C[NH+]3C1C23C,8.492672920e0,-2.232952416e-1,3.829038739e-1,1.276346207e0,8.269377708e0,1.098826289e0
train,2613,CC#CC(C)COC,8.318520546e0,-9.787674546e-1,3.829038739e-1,1.276346207e0,7.339753151e0,3.704771399e-1
train,2614,C#CC1CC2C(C)C2O1,7.551159859e0,-6.066785455e-1,3.829038739e-1,1.276346207e0,6.944481373e0,6.078667194e-2
train,2615,CCC(O)C12CCC1C2,8.604239464e0,1.907379776e-1,3.829038739e-1,1.276346207e0,8.794977188e0,1.510626912e0
train,2616,COCCCNCC#N,7.357958317e0,1.212450638e-1,3.829038739e-1,1.276346207e0,7.479203224e0,4.797345102e-1
train,2617,CC1=CC(C)C(C)CC1,7.118498325e0,2.022510320e-1,3.829038739e-1,1.276346207e0,7.320749283e0,3.555878401e-1
train,2618,CC1COC1C1CC1,8.781113625e0,6.870563328e-2,3.829038739e-1,1.276346207e0,8.849819183e0,1.553594947e0
train,2619,CC(C)[NH+]1CC1CC=O,5.589218616e0,5.358384848e-1,3.829038739e-1,1.276346207e0,6.125057220e0,-5.812218785e-1
train,2620,CO[CH+][NH2+]C1(C)CC1,6.824615955e0,1.322709620e-1,3.829038739e-1,1.276346207e0,6.956886768e0,7.050614059e-2
train,2621,COC12CCCC1C2,9.034179688e0,8.814490587e-2,3.829038739e-1,1.276346207e0,9.122324944e0,1.767099738e0
train,2622,C#CC12CNC1CN2,6.865432262e0,-2.955134213e-2,3.829038739e-1,1.276346207e0,6.835880756e0,-2.430054732e-2
train,2623,COC1(C(C)(C)O)CC1,8.696758270e0,-3.095203936e-1,3.829038739e-1,1.276346207e0,8.387237549e0,1.191167951e0
train,2624,CC(C)(C)C12CCC1C2,8.699480057e0,-4.414177835e-1,3.829038739e-1,1.276346207e0,8.258062363e0,1.089960814e0
train,2625,C#CC12CCC1(C#N)C2,6.601481915e0,3.186845183e-1,3.829038739e-1,1.276346207e0,6.920166492e0,4.173626751e-2
train,2626,C[NH2+]C1NCC(=O)C1O,5.159278870e0,-3.283179104e-1,3.829038739e-1,1.276346207e0,4.830960751e0,-1.595130205e0
train,2627,C[NH+]1CCC(=O)C1CO,5.872217178e0,-4.769695699e-1,3.829038739e-1,1.276346207e0,5.395247459e0,-1.153018594e0
train,2628,CC1NC2[NH2+]CCC12O,6.421886921e0,-4.330143034e-1,3.829038739e-1,1.276346207e0,5.988872528e0,-6.879208684e-1
train,2629,CCC(C)OCC(C)C,9.026016235e0,-2.125284523e-1,3.829038739e-1,1.276346207e0,8.813488007e0,1.525129914e0
train,2630,C#CC1=NC2CC2CO1,5.640920639e0,-5.087521076e-1,3.829038739e-1,1.276346207e0,5.132168770e0,-1.359137535e0
train,2631,CC12CCC=CC1OC2,6.865432262e0,3.331807256e-1,3.829038739e-1,1.276346207e0,7.198613167e0,2.598957419e-1
train,2632,OC1C=C2CC(O)C2C1,6.691279888e0,-3.066331446e-1,3.829038739e-1,1.276346207e0,6.384646893e0,-3.778366148e-1
train,2633,CC1C2CC(O2)C1(C)O,8.351174355e0,6.527938694e-2,3.829038739e-1,1.276346207e0,8.416453362e0,1.214058280e0
train,2634,[NH-]C1NC=NCC1O,6.234128475e0,3.665577471e-1,3.829038739e-1,1.276346207e0,6.600686073e0,-2.085726261e-1
train,2635,CCc1nc(O)cn1C,6.035485268e0,2.578845024e-1,3.829038739e-1,1.276346207e0,6.293369770e0,-4.493511021e-1
train,2636,C#CC1[CH-]C=C(NO)C1,5.243634224e0,5.525966361e-2,3.829038739e-1,1.276346207e0,5.298893929e0,-1.228510380e0
train,2637,O=CC12CC3CC(O1)C32,5.586497784e0,4.895951748e-1,3.829038739e-1,1.276346207e0,6.076092720e0,-6.195849180e-1
train,2638,CCCc1cc(N)on1,6.332089424e0,2.164501399e-1,3.829038739e-1,1.276346207e0,6.548539639e0,-2.494287044e-1
train,2639,CC1NC1c1cc[nH]c1,6.688558578e0,-1.024933457e-1,3.829038739e-1,1.276346207e0,6.586065292e0,-2.200278193e-1
train,2640,O=C1OCC1C1CO1,7.499457359e0,-1.553490609e-1,3.829038739e-1,1.276346207e0,7.344108105e0,3.738892078e-1
train,2641,CC1NC12C1CC2C1=O,6.840942383e0,-2.059327662e-1,3.829038739e-1,1.276346207e0,6.635009766e0,-1.816804409e-1
train,2642,N#CC1CCN=CO1,7.240949631e0,9.010177851e-1,3.829038739e-1,1.276346207e0,8.141967773e0,9.990022182e-1
train,2643,C1C2OC3C1C1C2CC31,8.794719696e0,-4.360271096e-1,3.829038739e-1,1.276346207e0,8.358692169e0,1.168803096e0
train,2644,Nc1nc(O)nc(=O)[nH]1,6.247734070e0,-2.880471647e-1,3.829038739e-1,1.276346207e0,5.959686756e0,-7.107875347e-1
train,2645,OC1C2OCC3OC3C12,8.136203766e0,-6.758742929e-1,3.829038739e-1,1.276346207e0,7.460329533e0,4.649472237e-1
train,2646,CC1NC1C1(O)CC1C,7.894023418e0,8.887517452e-2,3.829038739e-1,1.276346207e0,7.982898712e0,8.743736148e-1
train,2647,CC12C[NH+]3CC(O)C1C32,7.703543663e0,1.268359721e-1,3.829038739e-1,1.276346207e0,7.830379486e0,7.548767328e-1
train,2648,C1=CC23NCC2OC3C1,5.929360867e0,-1.285936534e-1,3.829038739e-1,1.276346207e0,5.800767422e0,-8.352988362e-1
train,2649,N#CC(N)C(N)C1CN1,7.213738441e0,-8.642553352e-3,3.829038739e-1,1.276346207e0,7.205095768e0,2.649747729e-1
train,2650,C1OC2C3NC3C2O1,8.005589485e0,7.422689199e-1,3.829038739e-1,1.276346207e0,8.747858047e0,1.473709583e0
train,2651,CC1C(C=O)C1(C)C#N,5.942966461e0,1.437515300e-2,3.829038739e-1,1.276346207e0,5.957341671e0,-7.126249075e-1
train,2652,CC1(C2CO2)COC1,8.609682083e0,3.619301319e-1,3.829038739e-1,1.276346207e0,8.971611977e0,1.649018049e0
train,2653,O=CC12OCC1OC2=O,5.518469334e0,-4.680279791e-1,3.829038739e-1,1.276346207e0,5.050441265e0,-1.423169971e0
train,2654,CC(O)C1NC(=O)C1O,7.289929867e0,-4.836071730e-1,3.829038739e-1,1.276346207e0,6.806322575e0,-4.745901003e-2
train,2655,C1OCC23COCC12O3,8.903565407e0,3.333786502e-2,3.829038739e-1,1.276346207e0,8.936903000e0,1.621824026e0
train,2656,OC1(C2CO2)CCC1,9.026016235e0,-7.885149866e-2,3.829038739e-1,1.276346207e0,8.947164536e0,1.629863739e0
train,2657,CC1C=CC2C(=O)OC12,6.710327625e0,-1.783667207e-1,3.829038739e-1,1.276346207e0,6.531960964e0,-2.624178827e-1
train,2658,CCc1c[nH]nc1C#N,6.386512280e0,1.109512895e-2,3.829038739e-1,1.276346207e0,6.397607327e0,-3.676822782e-1
train,2659,N#CC1C2C3CCC3C12,7.994705200e0,6.097776890e-1,3.829038739e-1,1.276346207e0,8.604482651e0,1.361376762e0
train,2660,C1=CC2C3C=CC1C23,6.364743233e0,3.516210914e-1,3.829038739e-1,1.276346207e0,6.716364384e0,-1.179401204e-1
train,2661,OC1CC2[CH-]COC12,6.342973709e0,4.307734370e-1,3.829038739e-1,1.276346207e0,6.773746967e0,-7.298158854e-2
train,2662,COC1CCC(NO)C1,6.783798695e0,2.349094748e-1,3.829038739e-1,1.276346207e0,7.018708229e0,1.189424843e-1
train,2663,CCC1OCC1NO,6.666789532e0,-5.484479666e-1,3.829038739e-1,1.276346207e0,6.118341446e0,-5.864835978e-1
train,2664,O=CC1NC(=O)N2CC12,5.771534920e0,-8.271490932e-1,3.829038739e-1,1.276346207e0,4.944386005e0,-1.506262898e0
train,2665,COC(=O)C(=O)CCO,4.960635662e0,-5.853227377e-1,3.829038739e-1,1.276346207e0,4.375312805e0,-1.952124596e0
train,2666,CCOCc1ncon1,6.299435616e0,-1.247457340e-1,3.829038739e-1,1.276346207e0,6.174689770e0,-5.423353910e-1
train,2667,CC1Cc2ocnc2O1,5.556564808e0,-2.834679782e-1,3.829038739e-1,1.276346207e0,5.273097038e0,-1.248721957e0
train,2668,COc1cc(N)[nH]c1N,6.111677170e0,1.244641691e-1,3.829038739e-1,1.276346207e0,6.236141205e0,-4.941889346e-1
train,2669,CC1(C2CNC2=O)CN1,7.624630451e0,-2.127484828e-1,3.829038739e-1,1.276346207e0,7.411881924e0,4.269891381e-1
train,2670,CC(=O)c1cnnnn1,3.975583553e0,-2.373894006e-1,3.829038739e-1,1.276346207e0,3.738194227e0,-2.451298952e0
train,2671,O=C1C[NH+]2CC3C(O1)C32,6.386512280e0,-1.174451634e-1,3.829038739e-1,1.276346207e0,6.269067287e0,-4.683917761e-1
train,2672,N#CC#CC(=O)C1CO1,4.898049831e0,5.640254617e-1,3.829038739e-1,1.276346207e0,5.462075233e0,-1.100659966e0
train,2673,CCCCC(C)CC#N,9.409697533e0,9.363777190e-2,3.829038739e-1,1.276346207e0,9.503334999e0,2.065616369e0
train,2674,CC1CCCCOC=N1,7.083124161e0,-4.773341417e-1,3.829038739e-1,1.276346207e0,6.605790138e0,-2.045736611e-1
train,2675,Cn1nnc(N)n1,5.937524319e0,1.444967389e-1,3.829038739e-1,1.276346207e0,6.082021236e0,-6.149399877e-1
train,2676,N#CC1=CC2CC[NH+]2C1,5.104856014e0,2.238545120e-1,3.829038739e-1,1.276346207e0,5.328710556e0,-1.205149412e0
train,2677,CCCC(=O)N1CC1,6.898086548e0,2.906724513e-1,3.829038739e-1,1.276346207e0,7.188758850e0,2.521750033e-1
train,2678,C[n+]1ccc([NH-])c(O)n1,4.693964005e0,-9.615147859e-2,3.829038739e-1,1.276346207e0,4.597812653e0,-1.777798772e0
train,2679,CC12COC1C(CO)N2,7.567486763e0,8.844781667e-2,3.829038739e-1,1.276346207e0,7.655934811e0,6.182014942e-1
train,2680,C1C2OC34CC(C3)[NH+]1C24,6.699442863e0,-4.328544438e-2,3.829038739e-1,1.276346207e0,6.656157494e0,-1.651114672e-1
train,2681,c1cnccoccn1,4.430013657e0,5.599093437e-1,3.829038739e-1,1.276346207e0,4.989923000e0,-1.470585227e0
train,2682,C#CC1(C)CC12CCO2,7.491294384e0,-1.403471380e-1,3.829038739e-1,1.276346207e0,7.350947380e0,3.792476952e-1
train,2683,C#CCC1CC1(C)CO,8.517163277e0,-9.174419194e-2,3.829038739e-1,1.276346207e0,8.425418854e0,1.221082568e0
train,2684,COC(C)C(=O)C1CC1,6.130725384e0,3.688701391e-1,3.829038739e-1,1.276346207e0,6.499595642e0,-2.877756953e-1
train,2685,CC1CCCCC(=O)O1,7.148430824e0,2.360385656e-1,3.829038739e-1,1.276346207e0,7.384469509e0,4.055118561e-1
train,2686,[NH-]C1OCC1NC1CC1,6.715770245e0,1.102977991e-1,3.829038739e-1,1.276346207e0,6.826067924e0,-3.198877722e-2
train,2687,C#Cc1oc(C)nc1N,4.919818878e0,9.256853163e-2,3.829038739e-1,1.276346207e0,5.012387276e0,-1.452984810e0
train,2688,Cc1oc(=O)[nH]c1CO,6.190590382e0,9.490250051e-2,3.829038739e-1,1.276346207e0,6.285492897e0,-4.555225074e-1
train,2689,C[NH+]1CC(O)C1CC#N,7.311699390e0,3.037126660e-1,3.829038739e-1,1.276346207e0,7.615412235e0,5.864525437e-1
train,2690,OC12C3C[NH+]4C3C1(O)C42,7.458641052e0,-6.308090687e-2,3.829038739e-1,1.276346207e0,7.395560265e0,4.142013192e-1
train,2691,O=C1OCOCC2NC12,6.778356075e0,-1.832561381e-2,3.829038739e-1,1.276346207e0,6.760030270e0,-8.372844756e-2
train,2692,CC(=O)Nc1ncon1,6.288550854e0,-3.072509468e-1,3.829038739e-1,1.276346207e0,5.981299877e0,-6.938539147e-1
train,2693,CC1[NH+](C)C12CC(O)C2,7.951167107e0,2.194551677e-1,3.829038739e-1,1.276346207e0,8.170621872e0,1.021452308e0
train,2694,O=C1CCC2OCC1O2,5.806910038e0,-1.447579414e-1,3.829038739e-1,1.276346207e0,5.662152290e0,-9.439020753e-1
train,2695,Cc1cc(=O)nc(N)o1,5.703506470e0,5.244747996e-1,3.829038739e-1,1.276346207e0,6.227981091e0,-5.005822778e-1
train,2696,CC1=C(NO)C2NC2[CH-]1,5.151115417e0,-2.067481279e-1,3.829038739e-1,1.276346207e0,4.944367409e0,-1.506277442e0
train,2697,COc1c[nH]nc1C=O,5.194653511e0,-3.559174538e-1,3.829038739e-1,1.276346207e0,4.838736057e0,-1.589038372e0
train,2698,C1C(C[NH+]2CC2)C2OC12,8.778392792e0,4.480809346e-2,3.829038739e-1,1.276346207e0,8.823201180e0,1.532739997e0
train,2699,COc1c[nH]c(CO)n1,6.016437531e0,1.672303379e-1,3.829038739e-1,1.276346207e0,6.183667660e0,-5.353013277e-1
train,2700,C#CC1(C(C)CO)CO1,7.692658901e0,-2.162345797e-1,3.829038739e-1,1.276346207e0,7.476424217e0,4.775572121e-1
train,2701,Nc1no[cH+]cc1NO,4.707569599e0,3.788360655e-1,3.829038739e-1,1.276346207e0,5.086405754e0,-1.394992232e0
train,2702,Nc1nc(O)c[nH]1,6.206917286e0,2.059877813e-1,3.829038739e-1,1.276346207e0,6.412905216e0,-3.556965590e-1
train,2703,C#CCn1nnnn1,6.802846432e0,-2.374991179e-1,3.829038739e-1,1.276346207e0,6.565347195e0,-2.362601906e-1
train,2704,CCNc1cc(N)c[nH]1,5.959293365e0,6.038904190e-1,3.829038739e-1,1.276346207e0,6.563183784e0,-2.379551977e-1
train,2705,CC1CCC1C1CC1,9.379764557e0,7.067987323e-2,3.829038739e-1,1.276346207e0,9.450444221e0,2.024177074e0
train,2706,CC(=NO)C1(O)CC1,6.617809296e0,-1.086155027e-1,3.829038739e-1,1.276346207e0,6.509193897e0,-2.802555859e-1
train,2707,CNc1nc[nH]c(=O)n1,5.714390755e0,-1.326498389e-1,3.829038739e-1,1.276346207e0,5.581740856e0,-1.006903410e0
train,2708,N#CC#CC[NH+]1CC1,5.864053726e0,2.339872867e-1,3.829038739e-1,1.276346207e0,6.098041058e0,-6.023886800e-1
train,2709,C#CC1NC1CCC=O,6.168820858e0,-4.129671752e-1,3.829038739e-1,1.276346207e0,5.755853653e0,-8.704882264e-1
train,2710,COC1CC2C3CC1[NH+]23,8.430087090e0,-3.921939731e-1,3.829038739e-1,1.276346207e0,8.037893295e0,9.174611568e-1
train,2711,CC1([NH+]2CC2)CC1CO,8.040965080e0,1.690466255e-1,3.829038739e-1,1.276346207e0,8.210011482e0,1.052313566e0
train,2712,CC1(C#N)CCC(O)C1,8.865469933e0,1.464596540e-1,3.829038739e-1,1.276346207e0,9.011929512e0,1.680606365e0
train,2713,CCC(CO)CCC=O,6.231407166e0,-6.298055649e-1,3.829038739e-1,1.276346207e0,5.601601601e0,-9.913427830e-1
train,2714,CC1(C)CC2(C)CC12O,8.389269829e0,-3.139628097e-2,3.829038739e-1,1.276346207e0,8.357873917e0,1.168161988e0
train,2715,CC1(O)C[NH2+]C2NCC21,6.859990120e0,8.988169581e-2,3.829038739e-1,1.276346207e0,6.949872017e0,6.501017511e-2
train,2716,CC1OC2C3NC2C13O,7.692658901e0,-5.762109756e-1,3.829038739e-1,1.276346207e0,7.116447926e0,1.955203116e-1
train,2717,C#CC(CC)C(C)C=O,6.133446217e0,-1.950896531e-1,3.829038739e-1,1.276346207e0,5.938356400e0,-7.274996042e-1
train,2718,C#CC1C2NC2C1(C)C,7.621908665e0,5.817694068e-1,3.829038739e-1,1.276346207e0,8.203678131e0,1.047351480e0
train,2719,CC1(C#N)CC1O,8.457298279e0,-3.248706758e-1,3.829038739e-1,1.276346207e0,8.132427216e0,9.915273190e-1
train,2720,CC12CC(C=O)[NH+]1C2,5.877659321e0,-2.011167258e-1,3.829038739e-1,1.276346207e0,5.676542759e0,-9.326273203e-1
train,2721,CC12CC(=O)C1(CO)N2,5.948409081e0,-3.324247003e-1,3.829038739e-1,1.276346207e0,5.615984440e0,-9.800739884e-1
train,2722,C[NH2+][CH+]OC(C)C#N,7.308978081e0,3.444201648e-1,3.829038739e-1,1.276346207e0,7.653398037e0,6.162139773e-1
train,2723,Nc1nc(N)c(C=O)o1,4.843626976e0,4.026787281e-1,3.829038739e-1,1.276346207e0,5.246305466e0,-1.269712806e0
train,2724,O=CCC1OC1CO,6.098071575e0,-1.748613119e-1,3.829038739e-1,1.276346207e0,5.923210144e0,-7.393665314e-1
train,2725,CCC12CC1C1CC12O,7.526669502e0,-3.715289533e-1,3.829038739e-1,1.276346207e0,7.155140400e0,2.258353680e-1
train,2726,CC12CC1C(O)C21CO1,8.375664711e0,-2.071226984e-1,3.829038739e-1,1.276346207e0,8.168541908e0,1.019822717e0
train,2727,CCCCNC(=O)C=O,4.819136620e0,4.599254578e-2,3.829038739e-1,1.276346207e0,4.865128994e0,-1.568359733e0
train,2728,C#CCC(O)COCC,8.076338768e0,-9.292804450e-2,3.829038739e-1,1.276346207e0,7.983410835e0,8.747748733e-1
train,2729,N#CC1C=CC2NC12,6.606924534e0,-8.931431174e-1,3.829038739e-1,1.276346207e0,5.713781357e0,-9.034513235e-1
train,2730,CC#CC(C)C[NH+]1CC1,8.084503174e0,-4.710260034e-1,3.829038739e-1,1.276346207e0,7.613477230e0,5.849364996e-1
train,2731,CC1C2C=CC3C1[NH+]23,5.812351704e0,1.654576510e-1,3.829038739e-1,1.276346207e0,5.977809429e0,-6.965886354e-1
train,2732,CC1=CCCC(O)CC1,6.922576904e0,1.042251661e-1,3.829038739e-1,1.276346207e0,7.026802063e0,1.252838969e-1
train,2733,C#CCCc1cnn[nH]1,6.805567265e0,4.860223532e-1,3.829038739e-1,1.276346207e0,7.291589737e0,3.327417076e-1
train,2734,CC12COC1C21CCC1,8.065455437e0,5.731176138e-1,3.829038739e-1,1.276346207e0,8.638572693e0,1.388085961e0
train,2735,C#CC12CCC(O1)C2C,7.314420223e0,-6.262213588e-1,3.829038739e-1,1.276346207e0,6.688199043e0,-1.400073171e-1
train,2736,CCC1CC2OC2CO1,9.202890396e0,-7.311277986e-1,3.829038739e-1,1.276346207e0,8.471762657e0,1.257392406e0
train,2737,C[n+]1nn[nH]c(=O)c1[NH-],5.281730175e0,-4.137204289e-1,3.829038739e-1,1.276346207e0,4.868009567e0,-1.566102862e0
train,2738,O=C1CC(CO)CCO1,7.379727840e0,3.115553558e-1,3.829038739e-1,1.276346207e0,7.691283226e0,6.458965540e-1
train,2739,CC1C=CCC(CO)O1,7.224623203e0,1.905110478e-1,3.829038739e-1,1.276346207e0,7.415134430e0,4.295374155e-1
train,2740,C1=CC(C2CCO2)OC1,6.593318939e0,-1.153296083e-1,3.829038739e-1,1.276346207e0,6.477989197e0,-3.047040999e-1
train,2741,O=C1CCCC=CCN1,6.342973709e0,3.253063858e-1,3.829038739e-1,1.276346207e0,6.668280125e0,-1.556135416e-1
train,2742,CC1(C)C(=O)OC12CC2,7.640957355e0,5.020247400e-2,3.829038739e-1,1.276346207e0,7.691159725e0,6.457997561e-1
train,2743,CC12COC3C1NC32,8.557980537e0,-1.631023735e-2,3.829038739e-1,1.276346207e0,8.541669846e0,1.312163711e0
train,2744,C1=CC(C2CO2)CCC1,7.178363323e0,-1.830866933e-1,3.829038739e-1,1.276346207e0,6.995276451e0,1.005839780e-1
train,2745,CCC1CCC1(C)CC,9.600176811e0,-3.593783081e-1,3.829038739e-1,1.276346207e0,9.240798950e0,1.859922647e0
train,2746,NC(=[NH+]CCO)C(=O)[O-],5.371527672e0,-1.332891732e-1,3.829038739e-1,1.276346207e0,5.238238335e0,-1.276033282e0
train,2747,CC1OC2C=CC1C2O,6.707606792e0,-9.923826903e-2,3.829038739e-1,1.276346207e0,6.608368397e0,-2.025536150e-1
train,2748,CC12CC(NO)C1C2,6.669510841e0,-4.005391896e-1,3.829038739e-1,1.276346207e0,6.268971443e0,-4.684668779e-1
train,2749,CNC(C#N)C(C)CO,7.491294384e0,-6.449775696e-1,3.829038739e-1,1.276346207e0,6.846316814e0,-1.612402685e-2
train,2750,CC1C2C(=O)C3[NH+]1C23C,6.174263477e0,-4.686031640e-1,3.829038739e-1,1.276346207e0,5.705660343e0,-9.098140597e-1
train,2751,C1=CC(C2CC2)OC1,6.849106312e0,-1.700834632e-1,3.829038739e-1,1.276346207e0,6.679022789e0,-1.471967995e-1
train,2752,O=CNC(C=O)C1CN1,5.613708973e0,-1.789273620e-1,3.829038739e-1,1.276346207e0,5.434781551e0,-1.122044206e0
train,2753,Nc1ccc(=O)[nH]c1,4.231370449e0,4.363668859e-1,3.829038739e-1,1.276346207e0,4.667737484e0,-1.723013520e0
train,2754,O=CNc1nn[nH]n1,6.144330502e0,2.312464267e-1,3.829038739e-1,1.276346207e0,6.375576973e0,-3.849427700e-1
train,2755,CC1CC(O)(C#N)C1=O,5.472209930e0,-1.181933880e-1,3.829038739e-1,1.276346207e0,5.354016304e0,-1.185322762e0
train,2756,COC1(C)C(O)C1C#N,7.551159859e0,-1.013635278e0,3.829038739e-1,1.276346207e0,6.537524700e0,-2.580587566e-1
train,2757,CC1NC(C#N)C1C#N,7.208295822e0,2.039580978e-2,3.829038739e-1,1.276346207e0,7.228691578e0,2.834618092e-1
train,2758,C#CC12C3CC1(C)C[NH+]32,6.928018570e0,-4.308770597e-1,3.829038739e-1,1.276346207e0,6.497141361e0,-2.896986008e-1
train,2759,CC1[NH2+]C(CO)C(=O)O1,6.636857033e0,3.000866435e-2,3.829038739e-1,1.276346207e0,6.666865826e0,-1.567216218e-1
train,2760,[NH-]c1[nH+]nnc(N)c1N,4.046332836e0,-2.568684220e-1,3.829038739e-1,1.276346207e0,3.789464474e0,-2.411129475e0
train,2761,CC1C2CC(C)(C)C12O,8.522605896e0,9.568932652e-1,3.829038739e-1,1.276346207e0,9.479498863e0,2.046941042e0
train,2762,N#CCCc1ccno1,6.625972271e0,-2.887421548e-1,3.829038739e-1,1.276346207e0,6.337230206e0,-4.149869978e-1
train,2763,N#CCC1=NCC([NH-])N1,6.250455379e0,1.603856869e-2,3.829038739e-1,1.276346207e0,6.266493797e0,-4.704080820e-1
train,2764,C#CC(N)c1ncco1,6.606924534e0,-3.480466008e-1,3.829038739e-1,1.276346207e0,6.258877754e0,-4.763751626e-1
train,2765,O=CC1C=CC2OC12,5.714390755e0,-3.817170858e-1,3.829038739e-1,1.276346207e0,5.332673550e0,-1.202044487e0
train,2766,OC1(CC2CC2)CC1,8.876354218e0,2.985001802e-1,3.829038739e-1,1.276346207e0,9.174854279e0,1.808255792e0
train,2767,O=C1CC2(O)C=CCC12,5.934803009e0,5.555800200e-1,3.829038739e-1,1.276346207e0,6.490383148e0,-2.949935794e-1
train,2768,CCC1OC1(C#N)CC,8.144367218e0,3.358912887e-3,3.829038739e-1,1.276346207e0,8.147726059e0,1.003513813e0
train,2769,O=CC1OCC1(O)C=O,5.156557560e0,-2.695257366e-1,3.829038739e-1,1.276346207e0,4.887032032e0,-1.551199079e0
train,2770,CC(=O)CC1NC1C#N,6.389233112e0,-1.716998965e-1,3.829038739e-1,1.276346207e0,6.217533112e0,-5.087681413e-1
train,2771,Cn1cc(N)nn1,5.864053726e0,-4.467139542e-1,3.829038739e-1,1.276346207e0,5.417339802e0,-1.135709524e0
train,2772,C#CC12C[NH+]1C(C)(C)C2,6.922576904e0,-6.863937378e-1,3.829038739e-1,1.276346207e0,6.236183167e0,-4.941560626e-1
train,2773,O=CCc1cnco1,5.616430283e0,6.471725553e-2,3.829038739e-1,1.276346207e0,5.681147575e0,-9.290195107e-1
train,2774,[NH-]c1nc(O)n[cH+]o1,5.194653511e0,-5.710422993e-1,3.829038739e-1,1.276346207e0,4.623611450e0,-1.757585764e0
train,2775,CC(O)C#CCC=O,6.002831459e0,-5.598931313e-1,3.829038739e-1,1.276346207e0,5.442938328e0,-1.115653396e0
train,2776,O=CC1CCC=CCC1,5.986505032e0,-4.072054625e-1,3.829038739e-1,1.276346207e0,5.579299450e0,-1.008816242e0
train,2777,CC(C)c1ccn(C)n1,7.006931782e0,1.051217243e-1,3.829038739e-1,1.276346207e0,7.112053394e0,1.920772493e-1
train,2778,C1=CC2OC23C=CC1C3,5.907591820e0,4.959369600e-1,3.829038739e-1,1.276346207e0,6.403528690e0,-3.630429506e-1
train,2779,C#CC1(CCC)OC1C,7.766129494e0,-2.610681355e-1,3.829038739e-1,1.276346207e0,7.505061150e0,4.999938905e-1
train,2780,CC(O)C1(O)C(C)C1C,8.440972328e0,-3.221996725e-1,3.829038739e-1,1.276346207e0,8.118772507e0,9.808290005e-1
train,2781,CC(C)C1(C)NC1CO,8.533491135e0,2.688089199e-2,3.829038739e-1,1.276346207e0,8.560372353e0,1.326816916e0
train,2782,CC12C(=O)[CH-]C3CC1C32,4.372869492e0,-1.971886158e-1,3.829038739e-1,1.276346207e0,4.175681114e0,-2.108533621e0
train,2783,CC1C2COC12,8.566143990e0,-6.351180077e-1,3.829038739e-1,1.276346207e0,7.931025982e0,8.337319493e-1
train,2784,CCOCC1CCC1O,8.715806961e0,1.580557376e-1,3.829038739e-1,1.276346207e0,8.873862267e0,1.572432399e0
train,2785,CCC12C=CC(C1)C2C,6.432771206e0,-2.436427400e-2,3.829038739e-1,1.276346207e0,6.408406734e0,-3.592210710e-1
train,2786,C#CC1=CCOC1=O,5.415065765e0,1.269250274e0,3.829038739e-1,1.276346207e0,6.684316158e0,-1.430495083e-1
train,2787,C#Cc1nc(C)[nH]c1O,5.891264915e0,1.091812849e0,3.829038739e-1,1.276346207e0,6.983078003e0,9.102664888e-2
train,2788,CC12CCC1(C)C2C=O,6.117119789e0,-2.833910584e-1,3.829038739e-1,1.276346207e0,5.833728790e0,-8.094739914e-1
train,2789,O=COCC(=O)N1CC1,6.677673817e0,5.927628279e-1,3.829038739e-1,1.276346207e0,7.270436764e0,3.161686361e-1
train,2790,CC1C2CC3(CO3)C12O,8.538932800e0,2.475332916e-1,3.829038739e-1,1.276346207e0,8.786465645e0,1.503958225e0
train,2791,NC1=NC(CO)COC1,6.832778931e0,-1.324549168e-1,3.829038739e-1,1.276346207e0,6.700324059e0,-1.305075139e-1
train,2792,N#CC12CC(O)C1C2,7.850484848e0,4.939426482e-1,3.829038739e-1,1.276346207e0,8.344427109e0,1.157626510e0
train,2793,c1cnc2cn[nH]c2c1,5.279008865e0,-8.191065192e-1,3.829038739e-1,1.276346207e0,4.459902287e0,-1.885849833e0
train,2794,C#CC12CC1N[CH+][NH2+]2,6.729375839e0,2.779582143e-1,3.829038739e-1,1.276346207e0,7.007334232e0,1.100310981e-1
train,2795,O=CC1(O)C2C3C[NH+]2C31,5.469488621e0,1.745289862e-1,3.829038739e-1,1.276346207e0,5.644017696e0,-9.581102729e-1
train,2796,C#CCOC,7.861369133e0,3.929075003e-1,3.829038739e-1,1.276346207e0,8.254276276e0,1.086994529e0
train,2797,C[NH2+]C1CCN1C(N)=O,6.593318939e0,-3.033792973e-1,3.829038739e-1,1.276346207e0,6.289939880e0,-4.520383775e-1
train,2798,OCc1cnc2n1CC2,6.625972271e0,8.209177107e-2,3.829038739e-1,1.276346207e0,6.708064079e0,-1.244433075e-1
train,2799,[NH-]c1[nH]c(N)cc(=O)[nH+]1,5.630035877e0,-1.195595711e-1,3.829038739e-1,1.276346207e0,5.510476112e0,-1.062738419e0
train,2800,OC1CC2CC12C1CC1,8.601518631e0,3.219942153e-1,3.829038739e-1,1.276346207e0,8.923512459e0,1.611332655e0
train,2801,[NH-]C1CC2C(O1)C1C[NH+]21,7.328026772e0,-2.191043049e-1,3.829038739e-1,1.276346207e0,7.108922482e0,1.896242201e-1
train,2802,CC1=CC([NH-])OC(=O)C1,5.866774559e0,-1.836601198e-1,3.829038739e-1,1.276346207e0,5.683114529e0,-9.274783731e-1
train,2803,Oc1ccoc1N1CC1,5.839563370e0,-1.879153997e-1,3.829038739e-1,1.276346207e0,5.651648045e0,-9.521319866e-1
train,2804,COCC1CCC([NH-])O1,7.812388420e0,6.790289283e-1,3.829038739e-1,1.276346207e0,8.491416931e0,1.272791266e0
train,2805,C1C2OC3C2C2OC1C32,8.296751022e0,1.305288374e-1,3.829038739e-1,1.276346207e0,8.427279472e0,1.222540379e0
train,2806,NC(=O)NC=O,6.585155487e0,-2.465206683e-1,3.829038739e-1,1.276346207e0,6.338634968e0,-4.138863683e-1
train,2807,COc1nn[nH]c1N,5.831399918e0,1.191137433e-1,3.829038739e-1,1.276346207e0,5.950513840e0,-7.179744244e-1
train,2808,C1C[NH2+]C2OC3C(N1)C23,5.945687771e0,4.796118736e-1,3.829038739e-1,1.276346207e0,6.425299644e0,-3.459856808e-1
train,2809,[NH3+]C1CC1(CO)C(=O)[O-],4.198717117e0,9.882152081e-2,3.829038739e-1,1.276346207e0,4.297538757e0,-2.013059616e0
train,2810,CC1=CC(=O)N2C(C)C12,5.455882549e0,6.521140933e-1,3.829038739e-1,1.276346207e0,6.107996464e0,-5.945887566e-1
train,2811,O=CC1(C=O)C[NH2+][CH+]N1,5.129346371e0,4.048162699e-1,3.829038739e-1,1.276346207e0,5.534162521e0,-1.044180393e0
train,2812,CCCC1OCC12CO2,8.840979576e0,-3.283714950e-1,3.829038739e-1,1.276346207e0,8.512608528e0,1.289394617e0
train,2813,CNC(C#N)C1COC1,7.529390335e0,5.582014918e-1,3.829038739e-1,1.276346207e0,8.087592125e0,9.563995600e-1
train,2814,CC(C)(C)C12CC1CO2,8.370222092e0,9.604125470e-2,3.829038739e-1,1.276346207e0,8.466263771e0,1.253084064e0
train,2815,[NH-]C1NC(=O)CNC1=O,5.845005512e0,2.803642675e-2,3.829038739e-1,1.276346207e0,5.873042107e0,-7.786725163e-1
train,2816,Cc1nnn2c1NCC2,6.119840622e0,2.286998332e-1,3.829038739e-1,1.276346207e0,6.348540306e0,-4.061256647e-1
train,2817,NC(=O)N1C=CC2CC21,5.785140514e0,3.493161798e-1,3.829038739e-1,1.276346207e0,6.134456635e0,-5.738575459e-1
train,2818,CCC1(C=O)NC1C=O,5.575613022e0,-4.438132644e-1,3.829038739e-1,1.276346207e0,5.131799698e0,-1.359426618e0
train,2819,CCC1C2C(O)C(O)C12,8.288588524e0,8.093202859e-2,3.829038739e-1,1.276346207e0,8.369520187e0,1.177286625e0
train,2820,COC(C)COC=O,7.676331520e0,1.601556093e-1,3.829038739e-1,1.276346207e0,7.836487293e0,7.596620917e-1
train,2821,CCn1c(O)cnc1C,6.454540730e0,-1.139503419e-1,3.829038739e-1,1.276346207e0,6.340590477e0,-4.123542607e-1
train,2822,CCC1COC([NH-])C1O,7.548438072e0,3.682961762e-1,3.829038739e-1,1.276346207e0,7.916734219e0,8.225345612e-1
train,2823,[NH-]C1ONC=C[CH+]1C=O,3.861295700e0,-5.846866965e-1,3.829038739e-1,1.276346207e0,3.276608944e0,-2.812945366e0
train,2824,CC12C3[NH2+][CH+][NH+]1[CH+][NH2+]C32,5.523910999e0,6.441161036e-1,3.829038739e-1,1.276346207e0,6.168026924e0,-5.475556254e-1
train,2825,CC1CN2C(=O)C=CC12,5.602824211e0,-2.450558245e-1,3.829038739e-1,1.276346207e0,5.357768536e0,-1.182382941e0
train,2826,CC(=O)C1(O)COC1C,5.823236465e0,3.255035579e-1,3.829038739e-1,1.276346207e0,6.148739815e0,-5.626668334e-1
train,2827,C#CCOC(=O)C(C)=O,4.933423996e0,2.364268452e-1,3.829038739e-1,1.276346207e0,5.169850826e0,-1.329614043e0
train,2828,CC1C2C(O)C3C2[NH+]13,8.157973289e0,-7.975363731e-1,3.829038739e-1,1.276346207e0,7.360436916e0,3.866825998e-1
train,2829,CC1NC1C1(C=O)CN1,6.059975624e0,-2.929525971e-1,3.829038739e-1,1.276346207e0,5.767023087e0,-8.617370725e-1
train,2830,Cn1ccc(=O)nc1F,5.741602421e0,6.645285487e-1,3.829038739e-1,1.276346207e0,6.406130791e0,-3.610042334e-1
train,2831,CC1NC1C(=O)C1CO1,5.635478020e0,-1.849558651e-1,3.829038739e-1,1.276346207e0,5.450521946e0,-1.109711766e0
train,2832,C1CC23CC2COCC13,8.960708618e0,-3.547387719e-1,3.829038739e-1,1.276346207e0,8.605969429e0,1.362541676e0
train,2833,COC1(C#N)C[NH+](C)C1,6.694001198e0,-9.010037780e-2,3.829038739e-1,1.276346207e0,6.603900909e0,-2.060538381e-1
train,2834,O=CC1CCC1[NH+]1CC1,6.024600506e0,-3.255510926e-1,3.829038739e-1,1.276346207e0,5.699049473e0,-9.149935842e-1
train,2835,COc1[nH]c(O)cc1O,6.182426929e0,-2.830944955e-1,3.829038739e-1,1.276346207e0,5.899332523e0,-7.580743432e-1
train,2836,N#CC12CC3CC1CC32,8.334847450e0,5.610128045e-1,3.829038739e-1,1.276346207e0,8.895860672e0,1.589667797e0
train,2837,[NH-][CH+]OCCCC=O,6.258618832e0,-1.558419503e-2,3.829038739e-1,1.276346207e0,6.243034840e0,-4.887878597e-1
train,2838,CC(O)C(C)(O)C(C)O,8.174300194e0,6.569871902e-1,3.829038739e-1,1.276346207e0,8.831287384e0,1.539075494e0
train,2839,C1CC2CCC1O2,8.906287193e0,7.674741000e-2,3.829038739e-1,1.276346207e0,8.983034134e0,1.657967091e0
train,2840,O=CNCC12C[NH+](C1)C2,6.821894169e0,7.247678190e-2,3.829038739e-1,1.276346207e0,6.894371033e0,2.152585052e-2
train,2841,COCCN(C)C(N)=O,7.923955917e0,7.483220845e-2,3.829038739e-1,1.276346207e0,7.998788357e0,8.868229389e-1
train,2842,O=C1C=CNCCCC1,4.903491497e0,-7.887016982e-2,3.829038739e-1,1.276346207e0,4.824621201e0,-1.600097179e0
train,2843,C1=CCC2(C=CC1)CO2,6.873596191e0,3.795875609e-1,3.829038739e-1,1.276346207e0,7.253183842e0,3.026511669e-1
train,2844,CO[CH+][NH2+]C(C)(C)CO,7.328026772e0,-4.812397361e-1,3.829038739e-1,1.276346207e0,6.846786976e0,-1.575566083e-2
train,2845,[NH-][CH+]OC1CC2NC21,7.189248085e0,3.142864406e-1,3.829038739e-1,1.276346207e0,7.503534317e0,4.987976253e-1
train,2846,C[NH+]1CC2(CO2)C1,8.079060555e0,2.753248513e-1,3.829038739e-1,1.276346207e0,8.354385376e0,1.165428758e0
train,2847,C1=CC2OC1C1OC21,6.615087986e0,-8.806788921e-1,3.829038739e-1,1.276346207e0,5.734409332e0,-8.872895837e-1
train,2848,C[NH+]1C(C=O)C1(C)C=O,4.979683399e0,9.044978023e-2,3.829038739e-1,1.276346207e0,5.070133209e0,-1.407741547e0
train,2849,NC1[NH2+]CC2[NH2+][CH+]OC12,6.764750481e0,-5.406178832e-1,3.829038739e-1,1.276346207e0,6.224132538e0,-5.035976171e-1
train,2850,COC1=NCC([NH-])N1,6.596040249e0,7.035555840e-1,3.829038739e-1,1.276346207e0,7.299595833e0,3.390143812e-1
train,2851,C1=CC2CC3CC1C2O3,6.840942383e0,-7.748644799e-2,3.829038739e-1,1.276346207e0,6.763455868e0,-8.104453981e-2
train,2852,CCC1(CC)CCC1O,8.900844574e0,-2.842135429e-1,3.829038739e-1,1.276346207e0,8.616630554e0,1.370894551e0
train,2853,N#CC1(O)C2OCOC21,6.933460712e0,-5.698633790e-1,3.829038739e-1,1.276346207e0,6.363597393e0,-3.943286240e-1
train,2854,CC1OCOC(=O)C1N,6.658626080e0,1.257771533e-2,3.829038739e-1,1.276346207e0,6.671203613e0,-1.533230245e-1
train,2855,CC(C(=O)CO)[NH+]1CC1,6.182426929e0,2.143971324e-1,3.829038739e-1,1.276346207e0,6.396823883e0,-3.682960868e-1
train,2856,O=C1CC2C(CO)[NH+]2C1,5.602824211e0,2.313940600e-2,3.829038739e-1,1.276346207e0,5.625963688e0,-9.722553492e-1
train,2857,CC12CCC(C1)NC2=O,7.230065346e0,-4.239949211e-2,3.829038739e-1,1.276346207e0,7.187665939e0,2.513187230e-1
train,2858,CC1(O)C2CC1N2C=O,6.811009407e0,2.630149126e-1,3.829038739e-1,1.276346207e0,7.074024200e0,1.622818559e-1
train,2859,CC1OCC2(CO)OC12,8.846421242e0,-6.406424046e-1,3.829038739e-1,1.276346207e0,8.205779076e0,1.048997521e0
train,2860,OC1C2[CH-]C3C4C1C2C34,4.862674713e0,1.152812243e-1,3.829038739e-1,1.276346207e0,4.977955818e0,-1.479961395e0
train,2861,CC(C)C1COC1(C)C,8.547096252e0,-5.185887814e-1,3.829038739e-1,1.276346207e0,8.028507233e0,9.101073146e-1
train,2862,CCC1C2C3CC2C13O,8.838258743e0,-1.625661850e-1,3.829038739e-1,1.276346207e0,8.675692558e0,1.417168856e0
train,2863,CNc1c[nH]c(CO)c1,5.752487183e0,-8.095958233e-1,3.829038739e-1,1.276346207e0,4.942891121e0,-1.507434130e0
train,2864,C1C2OC3C2[NH+]2C1C32,8.021917343e0,5.810129046e-1,3.829038739e-1,1.276346207e0,8.602930069e0,1.360160351e0
train,2865,O=CC1C2C3C[NH+]1C32,5.591939926e0,-1.571678370e-1,3.829038739e-1,1.276346207e0,5.434772015e0,-1.122051597e0
train,2866,O=CC1=CNC(=O)C1=O,3.646325827e0,-1.816439033e-1,3.829038739e-1,1.276346207e0,3.464681864e0,-2.665592432e0
train,2867,NC(=O)C[NH+]1CC(=O)C1,5.627314568e0,1.794365346e-1,3.829038739e-1,1.276346207e0,5.806751251e0,-8.306105733e-1
train,2868,C1C2C3C4CC3[NH+]4C12,8.751181602e0,-6.338244677e-1,3.829038739e-1,1.276346207e0,8.117357254e0,9.797201753e-1
train,2869,CC1CCC(NO)C1C,6.791961670e0,-6.720482111e-1,3.829038739e-1,1.276346207e0,6.119913578e0,-5.852518082e-1
train,2870,CC(C)C1OC(=O)C1C,7.646399021e0,-7.624121904e-1,3.829038739e-1,1.276346207e0,6.883986950e0,1.339005120e-2
train,2871,C#CC1COC2(CC2)C1,7.736196995e0,3.322940767e-1,3.829038739e-1,1.276346207e0,8.068490982e0,9.414340854e-1
train,2872,C#CCCNC(=O)C=O,4.759271145e0,5.458914638e-1,3.829038739e-1,1.276346207e0,5.305162430e0,-1.223599076e0
train,2873,C#CC(C)(C)O[CH+][NH-],7.684495449e0,-3.672604561e-1,3.829038739e-1,1.276346207e0,7.317234993e0,3.528344631e-1
train,2874,C#CC1(O)CC1(O)C#C,7.091287136e0,4.221042693e-1,3.829038739e-1,1.276346207e0,7.513391495e0,5.065206289e-1
train,2875,C#CCC1CC(C)(C)C1,8.487231255e0,1.600012034e-1,3.829038739e-1,1.276346207e0,8.647232056e0,1.394870400e0
train,2876,[NH-]C1OC2CC(O)C12,7.548438072e0,1.564777195e-1,3.829038739e-1,1.276346207e0,7.704916000e0,6.565776467e-1
train,2877,C[NH+]1CC1(C=O)C1CN1,5.298057079e0,-1.676726788e-1,3.829038739e-1,1.276346207e0,5.130384445e0,-1.360535502e0
train,2878,CC12CC3COC1C2O3,8.220560074e0,-2.494362444e-1,3.829038739e-1,1.276346207e0,7.971123695e0,8.651480079e-1
train,2879,OCCCCC(F)(F)F,9.349832535e0,1.815992892e-1,3.829038739e-1,1.276346207e0,9.531432152e0,2.087630033e0
train,2880,CC(=O)C1(C)CCC1O,5.948409081e0,-1.637149304e-1,3.829038739e-1,1.276346207e0,5.784694195e0,-8.478919864e-1
train,2881,CCCC#CC(=O)CC,5.703506470e0,-1.865110546e-2,3.829038739e-1,1.276346207e0,5.684855461e0,-9.261143804e-1
train,2882,COC1(C)COC12CC2,8.193347931e0,-3.926796317e-1,3.829038739e-1,1.276346207e0,7.800668240e0,7.315983176e-1
train,2883,C#CC1(C)COC1[NH2+]C,7.382448673e0,3.935743272e-1,3.829038739e-1,1.276346207e0,7.776022911e0,7.122890353e-1
train,2884,N#CC1OC(=O)C1N,6.721211910e0,-1.659080535e-1,3.829038739e-1,1.276346207e0,6.555304050e0,-2.441288680e-1
train,2885,CC1(C2COCO2)CO1,9.257313728e0,3.636668921e-1,3.829038739e-1,1.276346207e0,9.620980263e0,2.157789946e0
train,2886,[NH-]C1OC2C3CC1C2O3,7.518506050e0,3.479003608e-1,3.829038739e-1,1.276346207e0,7.866406441e0,7.831034064e-1
train,2887,[H]N=C(NC=O)OC,6.783798695e0,4.239398539e-1,3.829038739e-1,1.276346207e0,7.207738400e0,2.670452297e-1
train,2888,CCc1nn(C)cc1C,6.791961670e0,-5.583500266e-1,3.829038739e-1,1.276346207e0,6.233611584e0,-4.961708784e-1
train,2889,O=CCNc1ccoc1,4.748386860e0,1.583321244e-1,3.829038739e-1,1.276346207e0,4.906719208e0,-1.535774350e0
train,2890,CC#CC1(O)CCC1,7.635515213e0,4.733248055e-1,3.829038739e-1,1.276346207e0,8.108839989e0,9.730470181e-1
train,2891,CC1=CC2OC2C1(C)C,6.596040249e0,2.034319490e-1,3.829038739e-1,1.276346207e0,6.799472332e0,-5.282608792e-2
train,2892,CC(C=O)c1cnc[nH]1,4.756549835e0,3.180201054e-1,3.829038739e-1,1.276346207e0,5.074569702e0,-1.404265642e0
train,2893,CC12C=CCC3OC1C32,6.435492516e0,-1.552233379e-2,3.829038739e-1,1.276346207e0,6.419970036e0,-3.501613736e-1
train,2894,C[NH+]1CC2OC2(CO)C1,7.189248085e0,-8.529830724e-2,3.829038739e-1,1.276346207e0,7.103949547e0,1.857279837e-1
train,2895,C#CC1CC2OC3C1C23,7.738917828e0,8.035333753e-1,3.829038739e-1,1.276346207e0,8.542450905e0,1.312775731e0
train,2896,O=CC1C(C=O)N1C=O,5.523910999e0,9.030693769e-2,3.829038739e-1,1.276346207e0,5.614217758e0,-9.814581275e-1
train,2897,CC1CC=CCC1,7.292651653e0,1.937147379e-1,3.829038739e-1,1.276346207e0,7.486366272e0,4.853466749e-1
train,2898,C#CC1(O)C(O)C1(C)C,6.816452026e0,4.450027347e-1,3.829038739e-1,1.276346207e0,7.261454582e0,3.091312051e-1
train,2899,O=C1C=C2CCCC2O1,6.125282764e0,5.100316927e-2,3.829038739e-1,1.276346207e0,6.176285744e0,-5.410849452e-1
train,2900,N#CCCOCC(N)=O,7.513063908e0,5.153388977e-1,3.829038739e-1,1.276346207e0,8.028402328e0,9.100251198e-1
train,2901,N#CCCCOC(N)=O,8.416481972e0,2.087797225e-1,3.829038739e-1,1.276346207e0,8.625261307e0,1.377656579e0
train,2902,CCC1NC1(C)C1CN1,8.283145905e0,5.553597119e-3,3.829038739e-1,1.276346207e0,8.288699150e0,1.113964438e0
train,2903,CC1(C)OCC=CC1=O,4.810973167e0,1.801888645e-1,3.829038739e-1,1.276346207e0,4.991161823e0,-1.469614625e0
train,2904,C#Cc1[nH]ncc1N,5.107577324e0,3.371262923e-2,3.829038739e-1,1.276346207e0,5.141290188e0,-1.351990938e0
train,2905,O=Cc1ccoc(=O)n1,4.269466400e0,-2.283313274e-1,3.829038739e-1,1.276346207e0,4.041134834e0,-2.213948965e0
train,2906,C#CC(C)(CC)C1CC1,8.606961250e0,1.456201822e-1,3.829038739e-1,1.276346207e0,8.752581596e0,1.477410436e0
train,2907,CC(C)C1CCOC=N1,7.333467960e0,4.264511466e-1,3.829038739e-1,1.276346207e0,7.759919167e0,6.996719241e-1
train,2908,[NH-]C1CC2OCC2O1,7.774292946e0,5.922142267e-1,3.829038739e-1,1.276346207e0,8.366507530e0,1.174926281e0
train,2909,N#CC1(C2CO2)CCC1,8.446413994e0,-4.961369634e-1,3.829038739e-1,1.276346207e0,7.950276852e0,8.488147855e-1
train,2910,CC1C2CC3OC1C32,8.549818039e0,1.662552059e-1,3.829038739e-1,1.276346207e0,8.716073036e0,1.448806524e0
train,2911,CCCC12COCC1C2,9.047785759e0,1.447076052e-1,3.829038739e-1,1.276346207e0,9.192493439e0,1.822075844e0
train,2912,CC#CC1OCC2CC21,7.847763538e0,3.598577380e-1,3.829038739e-1,1.276346207e0,8.207621574e0,1.050441146e0
train,2913,O=C(CO)C1OC1CO,6.206917286e0,-3.449414968e-1,3.829038739e-1,1.276346207e0,5.861975670e0,-7.873429656e-1
train,2914,CC(O)C1COC1C,8.329405785e0,-5.153170824e-1,3.829038739e-1,1.276346207e0,7.814088821e0,7.421131730e-1
train,2915,CC1NC12CC1C(O)C12,7.970214844e0,-2.248074859e-1,3.829038739e-1,1.276346207e0,7.745407581e0,6.883022785e-1
train,2916,CC(=O)N(C)CC1CO1,7.262719154e0,2.507190108e-1,3.829038739e-1,1.276346207e0,7.513438225e0,5.065572262e-1
train,2917,Cc1cc(N)cc(N)c1,5.619151115e0,2.777183801e-2,3.829038739e-1,1.276346207e0,5.646923065e0,-9.558339715e-1
train,2918,O=C1OC2CC1CCO2,7.398775578e0,1.250199676e-1,3.829038739e-1,1.276346207e0,7.523795605e0,5.146721005e-1
train,2919,NC(=O)n1cncc1N,4.838184357e0,1.056677699e-1,3.829038739e-1,1.276346207e0,4.943851948e0,-1.506681323e0
train,2920,C#CC12CC1(O)CO2,6.508963585e0,2.884759009e-1,3.829038739e-1,1.276346207e0,6.797439575e0,-5.441872776e-2
train,2921,CC12CC3C1C1(C)C2[NH+]31,8.198790550e0,-6.752398014e-1,3.829038739e-1,1.276346207e0,7.523550987e0,5.144804120e-1
train,2922,C1CC(CC2CCC2)C1,9.725349426e0,1.723810285e-1,3.829038739e-1,1.276346207e0,9.897730827e0,2.374620438e0
train,2923,CC1(C#N)CC(NO)C1,6.721211910e0,6.005704403e-2,3.829038739e-1,1.276346207e0,6.781269073e0,-6.708811224e-2
train,2924,CCOCC1C[NH+]1CC,8.084503174e0,-5.047329664e-1,3.829038739e-1,1.276346207e0,7.579770088e0,5.585274100e-1
train,2925,c1onc2c1NCCN2,5.880380630e0,-1.195647568e-1,3.829038739e-1,1.276346207e0,5.760816097e0,-8.666002154e-1
train,2926,C1=Cc2ocnc2CC1,4.791924953e0,2.246928960e-1,3.829038739e-1,1.276346207e0,5.016617775e0,-1.449670196e0
train,2927,C#CC(C=O)C1CN1,5.823236465e0,7.493112683e-1,3.829038739e-1,1.276346207e0,6.572547913e0,-2.306185216e-1
train,2928,C#CC1(CC=O)CC1,5.953851223e0,-2.128294557e-1,3.829038739e-1,1.276346207e0,5.741021633e0,-8.821089268e-1
train,2929,CC(C)(C)n1cccc1,6.740260601e0,5.624257326e-1,3.829038739e-1,1.276346207e0,7.302686214e0,3.414356709e-1
train,2930,Nc1cc(C2CC2)[nH]n1,6.190590382e0,-3.953214735e-3,3.829038739e-1,1.276346207e0,6.186637402e0,-5.329745412e-1
train,2931,C#CC1(CO)COC1=O,6.979720592e0,-3.066071309e-2,3.829038739e-1,1.276346207e0,6.949059963e0,6.437394023e-2
train,2932,[NH-]C1=CNC=NC(O)=C1,3.853132248e0,-3.746467829e-1,3.829038739e-1,1.276346207e0,3.478485584e0,-2.654777527e0
train,2933,Cc1nn(C)cc1O,6.291272163e0,-1.641500741e-1,3.829038739e-1,1.276346207e0,6.127121925e0,-5.796042085e-1
train,2934,O=C1CNCC2CCC12,5.202816963e0,-2.441769391e-1,3.829038739e-1,1.276346207e0,4.958640099e0,-1.495095015e0
train,2935,CCc1cc(O)c(C)o1,5.855890274e0,1.449710429e-1,3.829038739e-1,1.276346207e0,6.000861168e0,-6.785278916e-1
train,2936,C#CC#CCC(=O)C#N,4.514369011e0,3.915753663e-1,3.829038739e-1,1.276346207e0,4.905944347e0,-1.536381483e0
train,2937,N#CC1C2CCCC1O2,7.532111645e0,1.650129259e-1,3.829038739e-1,1.276346207e0,7.697124481e0,6.504731178e-1
train,2938,Cc1c[nH]c(O[CH+][NH-])n1,5.910312653e0,3.872728646e-1,3.829038739e-1,1.276346207e0,6.297585487e0,-4.460481405e-1
train,2939,c1cc2c([nH]1)CCCO2,6.182426929e0,-6.056872010e-1,3.829038739e-1,1.276346207e0,5.576739788e0,-1.010821700e0
train,2940,CC1CC=CC(=O)OC1,6.005552769e0,-5.063420162e-2,3.829038739e-1,1.276346207e0,5.954918385e0,-7.145234942e-1
train,2941,CC(O)(C#N)CC1CO1,8.669547081e0,-4.415115714e-1,3.829038739e-1,1.276346207e0,8.228035927e0,1.066435575e0
train,2942,CCCNC(=O)N1CC1,7.673610687e0,5.368296504e-1,3.829038739e-1,1.276346207e0,8.210440636e0,1.052649856e0
train,2943,CC1(C#CC#N)CC1O,6.147051811e0,-4.846524596e-1,3.829038739e-1,1.276346207e0,5.662399292e0,-9.437085390e-1
train,2944,O=CC1C2COCC12O,5.942966461e0,-4.701330364e-1,3.829038739e-1,1.276346207e0,5.472833633e0,-1.092230797e0
train,2945,CCC12C(O)C3C1CC32,8.688595772e0,-3.018917739e-1,3.829038739e-1,1.276346207e0,8.386704445e0,1.190750360e0
train,2946,O=C1CC2CCCCC12,6.049090862e0,-4.546387792e-1,3.829038739e-1,1.276346207e0,5.594451904e0,-9.969444275e-1
train,2947,O=C1COC12CC1NC12,5.480372906e0,6.115209460e-1,3.829038739e-1,1.276346207e0,6.091893673e0,-6.072050929e-1
train,2948,CCC1CNC(=O)C1O,7.047749043e0,5.537183285e-1,3.829038739e-1,1.276346207e0,7.601467133e0,5.755267739e-1
train,2949,Nc1cc(=O)cc(N)o1,5.708949089e0,3.378632069e-1,3.829038739e-1,1.276346207e0,6.046812057e0,-6.425259709e-1
train,2950,C#CC1C(C)CN1C=O,7.118498325e0,-1.572584063e-1,3.829038739e-1,1.276346207e0,6.961239815e0,7.391670346e-2
train,2951,CC1CC2(C)CC(O)C12,8.557980537e0,9.426628947e-1,3.829038739e-1,1.276346207e0,9.500643730e0,2.063507795e0
train,2952,CCCC(=O)CCC=O,6.201474667e0,3.609516025e-1,3.829038739e-1,1.276346207e0,6.562426090e0,-2.385488451e-1
train,2953,CC(=O)C(O)C#CCO,6.000110626e0,2.069901377e-1,3.829038739e-1,1.276346207e0,6.207100868e0,-5.169416666e-1
train,2954,C#CC12CCC1C2C,7.273603439e0,-3.294764757e-1,3.829038739e-1,1.276346207e0,6.944127083e0,6.050908938e-2
train,2955,CC12OCC3CC1C32C,8.351174355e0,3.214446008e-1,3.829038739e-1,1.276346207e0,8.672618866e0,1.414760709e0
train,2956,CC(CO)C(C)(C)O,8.928055763e0,-3.760485649e-1,3.829038739e-1,1.276346207e0,8.552007675e0,1.320263386e0
train,2957,O=CC12C[NH+]1CCC2O,5.673573971e0,-2.065156996e-1,3.829038739e-1,1.276346207e0,5.467058182e0,-1.096755862e0
train,2958,CCCc1nc[nH]n1,7.298093796e0,-4.342222810e-1,3.829038739e-1,1.276346207e0,6.863871574e0,-2.370092552e-3
train,2959,OC12C=CC(C1)C1OC12,6.859990120e0,-1.091113389e-1,3.829038739e-1,1.276346207e0,6.750878811e0,-9.089850634e-2
train,2960,C1CC2OC23COC3[NH2+]1,6.813731194e0,1.736600511e-2,3.829038739e-1,1.276346207e0,6.831097126e0,-2.804846130e-2
train,2961,Nc1n[nH]c(=O)nc1N,4.666752815e0,-5.721971393e-1,3.829038739e-1,1.276346207e0,4.094555855e0,-2.172094107e0
train,2962,OC12CCCC(C1)C2,8.813768387e0,-4.659960419e-2,3.829038739e-1,1.276346207e0,8.767168999e0,1.488839507e0
train,2963,N#CC12CC1CO2,6.914412975e0,9.357813746e-3,3.829038739e-1,1.276346207e0,6.923770905e0,4.456027970e-2
train,2964,O=C1CCC2CC2C1,6.095350742e0,3.040207028e-1,3.829038739e-1,1.276346207e0,6.399371624e0,-3.662999570e-1
train,2965,O=CCc1ncncn1,5.401460171e0,-9.313306957e-2,3.829038739e-1,1.276346207e0,5.308327198e0,-1.221119523e0
train,2966,Nc1c[nH]nc1CO,5.934803009e0,-8.859562688e-3,3.829038739e-1,1.276346207e0,5.925943375e0,-7.372250557e-1
train,2967,COCC1C2C[NH+]1C2,8.343010902e0,2.744189799e-1,3.829038739e-1,1.276346207e0,8.617429733e0,1.371520638e0
train,2968,O=C1CC2CC(N1)C2O,7.202853680e0,5.116607994e-2,3.829038739e-1,1.276346207e0,7.254019737e0,3.033061028e-1
train,2969,CC1C[NH+]2C(C)C12CO,8.272260666e0,2.485751063e-1,3.829038739e-1,1.276346207e0,8.520835876e0,1.295840621e0
train,2970,O=C1CC2CNC(=O)C12,5.815073013e0,-4.705685657e-3,3.829038739e-1,1.276346207e0,5.810367107e0,-8.277776241e-1
train,2971,O=C1NCC2NC12CO,6.996047020e0,-4.521730840e-1,3.829038739e-1,1.276346207e0,6.543873787e0,-2.530843318e-1
train,2972,CC(C)C1OC1(C)C#N,8.130762100e0,-4.743881226e-1,3.829038739e-1,1.276346207e0,7.656373978e0,6.185455918e-1
train,2973,CC1COCC12CCO2,8.353896141e0,9.708559141e-3,3.829038739e-1,1.276346207e0,8.363604546e0,1.172651887e0
train,2974,CNC(=O)C1CN1,7.363400936e0,2.524573803e-1,3.829038739e-1,1.276346207e0,7.615858078e0,5.868018866e-1
train,2975,[H]N=C(C=O)N1CCC1=O,5.216422558e0,5.298339725e-1,3.829038739e-1,1.276346207e0,5.746256351e0,-8.780075908e-1
train,2976,O=C1NCC(O)CO1,8.193347931e0,-1.202039421e-1,3.829038739e-1,1.276346207e0,8.073143959e0,9.450796247e-1
train,2977,CC(O)C12COC(C1)C2,8.068176270e0,-5.628413521e-3,3.829038739e-1,1.276346207e0,8.062547684e0,9.367775917e-1
train,2978,COC12CC1COC2C,9.047785759e0,-2.185538411e-1,3.829038739e-1,1.276346207e0,8.829232216e0,1.537465215e0
train,2979,CC12C(O)COC1C2O,8.628729820e0,2.583885789e-1,3.829038739e-1,1.276346207e0,8.887118340e0,1.582818270e0
train,2980,CCC12CCC1C2OC,8.808325768e0,-1.344641894e-1,3.829038739e-1,1.276346207e0,8.673861504e0,1.415734291e0
train,2981,C#CCC#CC,7.894023418e0,8.019326925e-1,3.829038739e-1,1.276346207e0,8.695956230e0,1.433045268e0
train,2982,C#Cc1cc[nH]c1C,5.896707535e0,-8.591645360e-1,3.829038739e-1,1.276346207e0,5.037542820e0,-1.433275700e0
train,2983,CC1OCC2CC(=O)C21,5.793303967e0,-5.421018228e-2,3.829038739e-1,1.276346207e0,5.739093781e0,-8.836193681e-1
train,2984,C1=C2[CH+][NH2+][CH+]C2=CON1,4.073544502e0,-2.005419135e-1,3.829038739e-1,1.276346207e0,3.873002529e0,-2.345678329e0
train,2985,N#CCNC=O,7.542996407e0,4.073824883e-1,3.829038739e-1,1.276346207e0,7.950378895e0,8.488947153e-1
train,2986,C#CCC1OCC1C#N,7.385169983e0,-2.972484529e-1,3.829038739e-1,1.276346207e0,7.087921619e0,1.731702983e-1
train,2987,O=COC12C[NH+]3CC1C32,6.394675732e0,-1.661418974e-1,3.829038739e-1,1.276346207e0,6.228533745e0,-5.001493096e-1
train,2988,O=CC(O)C12CC[NH+]1C2,5.575613022e0,7.468804121e-1,3.829038739e-1,1.276346207e0,6.322493553e0,-4.265329838e-1
train,2989,OC1C2C3C=CC1(O)C32,6.440935135e0,-2.194837183e-1,3.829038739e-1,1.276346207e0,6.221451283e0,-5.056983232e-1
train,2990,C1CC23COC24CC3C14,8.043685913e0,-2.558352947e-1,3.829038739e-1,1.276346207e0,7.787850380e0,7.215557098e-1
train,2991,CC1(C=O)COCCN1,5.379690647e0,3.035337627e-1,3.829038739e-1,1.276346207e0,5.683224201e0,-9.273924828e-1
train,2992,Cc1nc(F)c[nH]c1=O,4.348379135e0,7.550150752e-1,3.829038739e-1,1.276346207e0,5.103394032e0,-1.381682158e0
train,2993,C1=CC2OC2(C2CC2)C1,6.623250961e0,-1.005286127e-1,3.829038739e-1,1.276346207e0,6.522722244e0,-2.696563005e-1
train,2994,CC#CC1(C#N)CC1O,7.172921181e0,2.260157913e-1,3.829038739e-1,1.276346207e0,7.398936749e0,4.168467522e-1
train,2995,C1NC12C1NC2C12CN2,8.223280907e0,-4.440936744e-1,3.829038739e-1,1.276346207e0,7.779187202e0,7.147681713e-1
train,2996,C1CCC2(CC1)CCC2,9.510379791e0,-5.115094185e-1,3.829038739e-1,1.276346207e0,8.998870850e0,1.670374990e0
train,2997,c1nnn2c1CNCC2,6.816452026e0,-1.165619045e-1,3.829038739e-1,1.276346207e0,6.699890137e0,-1.308474839e-1
train,2998,Cc1c(C=O)c[nH]c1O,4.661310196e0,-8.283734322e-2,3.829038739e-1,1.276346207e0,4.578473091e0,-1.792951107e0
train,2999,C1C2OC1C1C3CC1C23,8.315798759e0,-3.140762914e-3,3.829038739e-1,1.276346207e0,8.312658310e0,1.132736087e0
train,3000,OC1CC2C3C1[NH2+][CH+][NH+]23,6.288550854e0,-3.692032695e-1,3.829038739e-1,1.276346207e0,5.919347763e0,-7.423926592e-1
train,3001,O=C1CC(C(F)(F)F)C1,6.111677170e0,1.169355959e-1,3.829038739e-1,1.276346207e0,6.228612900e0,-5.000872612e-1
train,3002,OC1C2[CH-]C3COC3C12,5.975620270e0,-1.566733979e-2,3.829038739e-1,1.276346207e0,5.959952831e0,-7.105790973e-1
train,3003,C[NH+]1C=C(C(=O)[O-])CC1,4.179668903e0,-3.946551383e-1,3.829038739e-1,1.276346207e0,3.785013676e0,-2.414616585e0
train,3004,CC1C(C)(C)C1(C)C=O,6.206917286e0,-4.010527432e-1,3.829038739e-1,1.276346207e0,5.805864334e0,-8.313054442e-1
train,3005,CCCCc1ccc[nH]1,6.590597630e0,5.516633764e-2,3.829038739e-1,1.276346207e0,6.645763874e0,-1.732547283e-1
train,3006,CCC1(C#N)CC([NH-])O1,7.630072594e0,-2.746948302e-1,3.829038739e-1,1.276346207e0,7.355377674e0,3.827187717e-1
train,3007,O=C1CC2CN12,6.470867634e0,3.898178339e-1,3.829038739e-1,1.276346207e0,6.860685349e0,-4.866460338e-3
train,3008,C#CCC12CC1CCO2,7.689937115e0,-2.973544300e-1,3.829038739e-1,1.276346207e0,7.392582893e0,4.118685722e-1
train,3009,COc1nc[nH]c1C#N,5.412344456e0,1.675397605e-1,3.829038739e-1,1.276346207e0,5.579884052e0,-1.008358240e0
train,3010,C#CC12CC(C=O)C1N2,5.455882549e0,6.193193197e-1,3.829038739e-1,1.276346207e0,6.075201988e0,-6.202828288e-1
train,3011,O=CC12NC1CNC2=O,5.447719574e0,-1.792533696e-1,3.829038739e-1,1.276346207e0,5.268465996e0,-1.252350330e0
train,3012,CC1CC(C)C2(O)CC12,8.821931839e0,3.138980567e-1,3.829038739e-1,1.276346207e0,9.135829926e0,1.777680755e0
train,3013,N#CC1CCC(O)C1,8.732133865e0,-1.505727917e-1,3.829038739e-1,1.276346207e0,8.581561089e0,1.343418002e0
train,3014,O=C1C=CC2C(O)C2O1,5.706227779e0,-2.085326314e-1,3.829038739e-1,1.276346207e0,5.497694969e0,-1.072752237e0
train,3015,CC1OC(=O)C(C=O)O1,6.008274078e0,5.513352752e-1,3.829038739e-1,1.276346207e0,6.559609413e0,-2.407556772e-1
train,3016,OC1[CH-]C2CC3(O)C1C23,4.849069118e0,4.904975891e-1,3.829038739e-1,1.276346207e0,5.339566708e0,-1.196643829e0
train,3017,CC1CCC=C2CCC21,6.944345474e0,4.393797815e-1,3.829038739e-1,1.276346207e0,7.383725166e0,4.049286544e-1
train,3018,C#CC(C)(O)C1CC1C,8.100829124e0,-4.426992238e-1,3.829038739e-1,1.276346207e0,7.658129692e0,6.199211478e-1
train,3019,CC1(C)CC1C1CCC1,9.115814209e0,-1.881356984e-1,3.829038739e-1,1.276346207e0,8.927678108e0,1.614596367e0
train,3020,C#CC(C)CC(C)=O,6.261340141e0,-2.433524430e-1,3.829038739e-1,1.276346207e0,6.017987728e0,-6.651094556e-1
train,3021,[NH-]C1OC2C=CCC2O1,6.590597630e0,3.654133976e-1,3.829038739e-1,1.276346207e0,6.956010818e0,6.981984526e-2
train,3022,CC12CC(C1)C1(C)C[NH+]21,8.751181602e0,3.788563311e-1,3.829038739e-1,1.276346207e0,9.130038261e0,1.773143053e0
train,3023,CC1C2CC(=O)C1O2,5.763371468e0,6.866345406e-1,3.829038739e-1,1.276346207e0,6.450006008e0,-3.266285658e-1
train,3024,O=CNC1=NCCNC1,5.477651596e0,6.000012159e-1,3.829038739e-1,1.276346207e0,6.077652931e0,-6.183625460e-1
train,3025,OC1C2C=CC3C1C23,6.356579781e0,-7.293196768e-2,3.829038739e-1,1.276346207e0,6.283648014e0,-4.569679499e-1
train,3026,OC1C(O)C23CC(C2)C13,7.638236046e0,-1.700840145e-1,3.829038739e-1,1.276346207e0,7.468152046e0,4.710760713e-1
train,3027,C1OCC(C2CC2)CO1,9.262756348e0,-3.943082690e-1,3.829038739e-1,1.276346207e0,8.868448257e0,1.568190575e0
train,3028,C#CC1C2NC2C2C[NH+]12,7.447756290e0,-4.942002296e-1,3.829038739e-1,1.276346207e0,6.953556061e0,6.789657474e-2
train,3029,CNC1CCOC1C#N,6.887201786e0,-2.486084998e-1,3.829038739e-1,1.276346207e0,6.638593197e0,-1.788728684e-1
train,3030,CCn1nncc1N,6.400117874e0,1.457950845e-2,3.829038739e-1,1.276346207e0,6.414697170e0,-3.542926013e-1
train,3031,C[NH2+]C1CC(C2CC2)O1,7.605582714e0,4.928292632e-1,3.829038739e-1,1.276346207e0,8.098411560e0,9.648764729e-1
train,3032,CCn1nnc(NC)n1,5.638199329e0,-6.178841367e-2,3.829038739e-1,1.276346207e0,5.576410770e0,-1.011079431e0
train,3033,CN=CNc1ccno1,5.586497784e0,-2.023614943e-1,3.829038739e-1,1.276346207e0,5.384136200e0,-1.161724210e0
train,3034,CNC1=CC=NC(N)O1,4.873559475e0,1.665349752e-1,3.829038739e-1,1.276346207e0,5.040094376e0,-1.431276560e0
train,3035,CC1CCC=CC1(C)O,7.025979519e0,4.069887400e-1,3.829038739e-1,1.276346207e0,7.432968140e0,4.435099065e-1
train,3036,N#CC1C2CC(C2)C1O,8.348453522e0,-2.994544208e-1,3.829038739e-1,1.276346207e0,8.048998833e0,9.261622429e-1
train,3037,CC12CCOCCC1C2,8.715806961e0,-3.249262273e-1,3.829038739e-1,1.276346207e0,8.390880585e0,1.194022298e0
train,3038,CC12NC1C1(C)NC21C,7.191968918e0,-2.691515982e-1,3.829038739e-1,1.276346207e0,6.922817230e0,4.381308705e-2
train,3039,CCC#CC(=O)CC,5.700785160e0,3.555374146e-1,3.829038739e-1,1.276346207e0,6.056322575e0,-6.350746155e-1
train,3040,O=C1CCC(=O)C2NC12,5.812351704e0,6.950478554e-1,3.829038739e-1,1.276346207e0,6.507399559e0,-2.816614509e-1
train,3041,c1cnc2cc[nH]c2c1,5.268124104e0,-2.314278632e-1,3.829038739e-1,1.276346207e0,5.036696434e0,-1.433938861e0
train,3042,CCCC1(C)CC1CO,9.085882187e0,-1.991657019e-1,3.829038739e-1,1.276346207e0,8.886716843e0,1.582503796e0
train,3043,O=C1C=CC2NC(=O)C12,5.009616375e0,-6.859994680e-2,3.829038739e-1,1.276346207e0,4.941016197e0,-1.508903146e0
train,3044,NC(=O)C1CO[CH+][NH2+]1,6.830057621e0,1.777228117e-1,3.829038739e-1,1.276346207e0,7.007780552e0,1.103807837e-1
train,3045,O=C1CCC12C[NH2+][CH+]O2,5.499421120e0,7.257401943e-2,3.829038739e-1,1.276346207e0,5.571995258e0,-1.014539003e0
train,3046,[NH-]c1c(O)c[nH+]nc1N,4.430013657e0,6.013318896e-1,3.829038739e-1,1.276346207e0,5.031345367e0,-1.438131332e0
train,3047,COC12C3NC1C2C3O,7.959330082e0,1.143632680e-1,3.829038739e-1,1.276346207e0,8.073693275e0,9.455100298e-1
train,3048,CC(C)c1oncc1N,5.692621708e0,4.673354626e-1,3.829038739e-1,1.276346207e0,6.159956932e0,-5.538783669e-1
train,3049,CC(C)C1(C=O)CC1C,6.228686333e0,-6.053943038e-1,3.829038739e-1,1.276346207e0,5.623291969e0,-9.743486047e-1
train,3050,c1occ2c1C1CC2O1,6.694001198e0,-3.481634259e-1,3.829038739e-1,1.276346207e0,6.345837593e0,-4.082432091e-1
train,3051,[CH+]1[NH2+]C(CC2CO2)CO1,7.328026772e0,-5.269867778e-1,3.829038739e-1,1.276346207e0,6.801040173e0,-5.159770697e-2
train,3052,Cc1cc(=O)n(C)nn1,4.938866615e0,5.814483017e-2,3.829038739e-1,1.276346207e0,4.997011662e0,-1.465031385e0
train,3053,CC1C=C(C(=O)[O-])C[NH2+]1,4.108919144e0,2.763866782e-1,3.829038739e-1,1.276346207e0,4.385305882e0,-1.944295168e0
train,3054,COCC(C)(O)C(C)=O,6.193311214e0,3.649503291e-1,3.829038739e-1,1.276346207e0,6.558261395e0,-2.418118268e-1
train,3055,CC(O)CC1CC(=O)O1,7.777014256e0,-2.372969128e-2,3.829038739e-1,1.276346207e0,7.753284454e0,6.944737434e-1
train,3056,CC12CC(O1)C(C)(C)C2,8.849142075e0,6.756286025e-1,3.829038739e-1,1.276346207e0,9.524770737e0,2.082411051e0
train,3057,CC1CCC1CC=O,6.198753357e0,-1.280005425e-1,3.829038739e-1,1.276346207e0,6.070752621e0,-6.237688065e-1
train,3058,CCC1C2CC2C2CC12,8.653220177e0,-3.365527987e-1,3.829038739e-1,1.276346207e0,8.316667557e0,1.135877252e0
train,3059,CN1CC(O)(CO)C1=O,7.088566303e0,2.907098830e-1,3.829038739e-1,1.276346207e0,7.379276276e0,4.014430046e-1
train,3060,NC(=O)C(C=O)CCO,5.864053726e0,1.432542503e-1,3.829038739e-1,1.276346207e0,6.007308006e0,-6.734768748e-1
train,3061,N#CC1=NCCCO1,6.277666569e0,-6.415899098e-2,3.829038739e-1,1.276346207e0,6.213507652e0,-5.119220614e-1
train,3062,CCC12CC1(O)C(C)O2,8.016474724e0,2.931215763e-1,3.829038739e-1,1.276346207e0,8.309596062e0,1.130336881e0
train,3063,COC(=O)C1CN1C=O,6.411002159e0,1.761561185e-1,3.829038739e-1,1.276346207e0,6.587158203e0,-2.191715389e-1
train,3064,CC1C(NC=O)C1(C)O,7.115777493e0,-5.094045028e-2,3.829038739e-1,1.276346207e0,7.064836979e0,1.550837755e-1
train,3065,CCC1=CCCC(O)C1,7.055912018e0,-3.283965290e-1,3.829038739e-1,1.276346207e0,6.727515697e0,-1.092032120e-1
train,3066,N#CC[NH+]1C2CC3C2C31,6.985162735e0,-1.457824744e-2,3.829038739e-1,1.276346207e0,6.970584393e0,8.123806119e-2
train,3067,N#Cc1cc(N)c(O)[nH]1,5.259960651e0,7.519446015e-1,3.829038739e-1,1.276346207e0,6.011905193e0,-6.698750257e-1
train,3068,CC1=CC(C)NCC1=O,4.914376259e0,-1.003923863e-1,3.829038739e-1,1.276346207e0,4.813983917e0,-1.608431339e0
train,3069,CC1(C)OC1C#CCO,7.186526775e0,-1.491399407e-1,3.829038739e-1,1.276346207e0,7.037386894e0,1.335769743e-1
train,3070,O=C1C2OC3C2C2C3N12,5.820515633e0,9.876403213e-2,3.829038739e-1,1.276346207e0,5.919279575e0,-7.424460649e-1
train,3071,CN1C(=O)CC1(C)C=O,5.657247066e0,6.668022275e-1,3.829038739e-1,1.276346207e0,6.324049473e0,-4.253139198e-1
train,3072,N#CC(N)c1ncco1,6.514405727e0,-2.305071801e-1,3.829038739e-1,1.276346207e0,6.283898354e0,-4.567718208e-1
train,3073,C#CC1C(C)C1C(N)=O,6.870874882e0,-3.125745431e-2,3.829038739e-1,1.276346207e0,6.839617252e0,-2.137304842e-2
train,3074,CC12CC(O)C=CC1O2,6.389233112e0,-1.465003286e-2,3.829038739e-1,1.276346207e0,6.374583244e0,-3.857213557e-1
train,3075,C#CC(C)(C)OCCC,8.076338768e0,-4.846505225e-1,3.829038739e-1,1.276346207e0,7.591688156e0,5.678650737e-1
train,3076,CC1C=CC(=O)C2C[NH+]12,4.887165070e0,-5.188014358e-2,3.829038739e-1,1.276346207e0,4.835284710e0,-1.591742396e0
train,3077,CC1C[NH+]1C1COC1=O,6.419166088e0,6.020601094e-2,3.829038739e-1,1.276346207e0,6.479372025e0,-3.036206663e-1
train,3078,CCc1c[nH]nc1NC,6.176984310e0,1.333979368e-1,3.829038739e-1,1.276346207e0,6.310382366e0,-4.360219240e-1
train,3079,O=CNCc1ncco1,6.609645367e0,3.689246252e-2,3.829038739e-1,1.276346207e0,6.646537781e0,-1.726483852e-1
train,3080,N#CC#CC1(C#N)CO1,6.100792408e0,-4.459626377e-1,3.829038739e-1,1.276346207e0,5.654829979e0,-9.496389627e-1
train,3081,O=Cc1ccc(C=O)o1,4.606887817e0,5.224400759e-1,3.829038739e-1,1.276346207e0,5.129327774e0,-1.361363411e0
train,3082,C#CC1CC2(C)C(C)C12,8.051848412e0,6.517637372e-1,3.829038739e-1,1.276346207e0,8.703612328e0,1.439043641e0
train,3083,O=CC[NH+]1C2CC3C2C31,5.466767311e0,-5.939873457e-1,3.829038739e-1,1.276346207e0,4.872779846e0,-1.562365413e0
train,3084,CC12CC3CC3CC1O2,8.805603981e0,4.185547531e-1,3.829038739e-1,1.276346207e0,9.224158287e0,1.846884847e0
train,3085,CC(O)COCC1CC1,8.634172440e0,3.224528432e-1,3.829038739e-1,1.276346207e0,8.956624985e0,1.637275934e0
train,3086,CCCCC(O)CO,8.628729820e0,3.758947253e-1,3.829038739e-1,1.276346207e0,9.004624367e0,1.674882770e0
train,3087,CCCC(=O)C1COC1,6.266781807e0,1.066452917e-2,3.829038739e-1,1.276346207e0,6.277446270e0,-4.618269503e-1
train,3088,CCCC1(COC)CN1,8.577029228e0,3.904675543e-1,3.829038739e-1,1.276346207e0,8.967496872e0,1.645793915e0
train,3089,CC1(C2COC2)CCC1,8.585191727e0,-1.540255696e-1,3.829038739e-1,1.276346207e0,8.431165695e0,1.225585103e0
train,3090,C#CC(C#N)NC,6.982441425e0,1.501370072e-1,3.829038739e-1,1.276346207e0,7.132578373e0,2.081583142e-1
train,3091,O=CC1N=COC2CC12,5.861332417e0,-6.118028238e-2,3.829038739e-1,1.276346207e0,5.800152302e0,-8.357807994e-1
train,3092,Cc1cnc(C2CO2)[nH]1,6.253176689e0,3.233916759e-1,3.829038739e-1,1.276346207e0,6.576568604e0,-2.274683565e-1
train,3093,C#CC12C[NH+]3CCC1C32,7.107614040e0,7.558593154e-1,3.829038739e-1,1.276346207e0,7.863473415e0,7.808054090e-1
train,3094,O=COCC1CO1,7.646399021e0,-2.518973947e-1,3.829038739e-1,1.276346207e0,7.394501686e0,4.133719206e-1
train,3095,CC12CC(C=O)OC1C2,5.717112064e0,7.490077615e-1,3.829038739e-1,1.276346207e0,6.466119766e0,-3.140036464e-1
train,3096,N#CC(O)CO[CH+][NH-],7.295372486e0,-3.251051307e-1,3.829038739e-1,1.276346207e0,6.970267296e0,8.098962158e-2
train,3097,CC#CC1CC(=O)N1C,7.431428909e0,-6.792939305e-1,3.829038739e-1,1.276346207e0,6.752134800e0,-8.991444856e-2
train,3098,CCCNc1cnno1,5.692621708e0,1.514692903e-1,3.829038739e-1,1.276346207e0,5.844090939e0,-8.013554215e-1
train,3099,CC(C)[NH2+]C(C)OC=O,6.538896084e0,3.310238719e-1,3.829038739e-1,1.276346207e0,6.869919777e0,2.368598245e-3
train,3100,O=C1COCCC2CN12,6.446377277e0,5.295478702e-1,3.829038739e-1,1.276346207e0,6.975924969e0,8.542233706e-2
train,3101,C1OC2OC3C1C1C2C31,8.786556244e0,3.638786674e-1,3.829038739e-1,1.276346207e0,9.150434494e0,1.789123178e0
train,3102,CC12OC3C(O)C1OC32,7.774292946e0,1.829624027e-1,3.829038739e-1,1.276346207e0,7.957255363e0,8.542823792e-1
train,3103,Nc1nnn(CC=O)n1,5.287172318e0,-1.561159641e-1,3.829038739e-1,1.276346207e0,5.131056309e0,-1.360009074e0
train,3104,N#CC1C2C3CC3C[NH+]12,6.723933220e0,-3.282029927e-1,3.829038739e-1,1.276346207e0,6.395730019e0,-3.691531122e-1
train,3105,CCCn1cc(O)cn1,6.296714783e0,-1.985619366e-1,3.829038739e-1,1.276346207e0,6.098152637e0,-6.023012400e-1
train,3106,N#CC#CC(=O)CO,5.058596611e0,-1.013201252e-1,3.829038739e-1,1.276346207e0,4.957276344e0,-1.496163487e0
train,3107,CC1C2[NH+]1CC21CCC1,8.206954002e0,2.171908319e-1,3.829038739e-1,1.276346207e0,8.424144745e0,1.220084310e0
train,3108,[H]N=CNc1cc(C)co1,5.368806362e0,4.166302979e-1,3.829038739e-1,1.276346207e0,5.785436630e0,-8.473103046e-1
train,3109,C#CC1CC2CC1C2O,8.084503174e0,-7.226461172e-1,3.829038739e-1,1.276346207e0,7.361856937e0,3.877951801e-1
train,3110,CC1(CC=O)COC1=O,6.106235027e0,4.541806877e-1,3.829038739e-1,1.276346207e0,6.560415745e0,-2.401239276e-1
train,3111,N#CC1(CO)C[NH2+][CH+]O1,7.341631889e0,-2.967705727e-1,3.829038739e-1,1.276346207e0,7.044861317e0,1.394331008e-1
train,3112,CCOCC1C(C)C1O,8.511721611e0,-4.022364616e-1,3.829038739e-1,1.276346207e0,8.109485626e0,9.735528827e-1
train,3113,OC12C3NC1C1C([NH2+]3)C12,4.367427349e0,-1.032755971e-1,3.829038739e-1,1.276346207e0,4.264151573e0,-2.039217949e0
train,3114,CC(=O)CC(C)(O)C#N,6.307599545e0,2.991448939e-1,3.829038739e-1,1.276346207e0,6.606744289e0,-2.038260847e-1
train,3115,CCC12OC1C[NH2+]C2N,6.737539291e0,-1.968307048e-1,3.829038739e-1,1.276346207e0,6.540708542e0,-2.555642724e-1
train,3116,CC1OC2[NH2+]CCC12C,7.121219635e0,1.708915085e-1,3.829038739e-1,1.276346207e0,7.292110920e0,3.331500590e-1
train,3117,OC1C=CC2CC(C1)O2,6.397397041e0,1.483182311e-1,3.829038739e-1,1.276346207e0,6.545715332e0,-2.516415119e-1
train,3118,CC1C[NH+]1C1CC1O,8.294030190e0,1.322980672e-1,3.829038739e-1,1.276346207e0,8.426328659e0,1.221795440e0
train,3119,CNc1occ(O)c1C,5.921197414e0,-4.183131158e-1,3.829038739e-1,1.276346207e0,5.502884388e0,-1.068686485e0
train,3120,c1c[nH]c(C2CC2)n1,6.620530128e0,-5.138810351e-2,3.829038739e-1,1.276346207e0,6.569141865e0,-2.332871109e-1
train,3121,[NH-]c1[nH]c(=O)[nH+]cc1O,5.164721012e0,2.344993204e-1,3.829038739e-1,1.276346207e0,5.399220467e0,-1.149905801e0
train,3122,[NH-][CH+]OC(=O)CC(N)=O,5.866774559e0,-2.379830480e-1,3.829038739e-1,1.276346207e0,5.628791332e0,-9.700399637e-1
train,3123,OC12COC3OCC1C32,8.615124702e0,-3.865619302e-1,3.829038739e-1,1.276346207e0,8.228562355e0,1.066848040e0
train,3124,CC(CO)CC1(O)CC1,8.242328644e0,1.866304576e-1,3.829038739e-1,1.276346207e0,8.428958893e0,1.223856211e0
train,3125,CC1(C#CCO)CN1,7.382448673e0,3.048071563e-1,3.829038739e-1,1.276346207e0,7.687255859e0,6.427411437e-1
train,3126,CCCC1(C#N)CC1,8.710365295e0,3.022495285e-2,3.829038739e-1,1.276346207e0,8.740590096e0,1.468015313e0
train,3127,CC1(O)C(=O)N2CC21,6.030043125e0,6.097878795e-3,3.829038739e-1,1.276346207e0,6.036140919e0,-6.508866549e-1
train,3128,CNC1(C#N)C[NH+]2CC21,6.979720592e0,1.296118349e-1,3.829038739e-1,1.276346207e0,7.109332561e0,1.899455041e-1
train,3129,CC1=CC2C3NC1C23O,6.223243713e0,1.314457208e-1,3.829038739e-1,1.276346207e0,6.354689598e0,-4.013077617e-1
train,3130,CC12CC(C1)N2C(N)=O,7.458641052e0,-1.767490245e-2,3.829038739e-1,1.276346207e0,7.440966129e0,4.497762322e-1
train,3131,CCOC(C)(C)C(C)O,8.661384583e0,1.658231914e-1,3.829038739e-1,1.276346207e0,8.827207565e0,1.535879016e0
train,3132,COC1C2CC1C1OC21,9.023295403e0,-3.517459631e-1,3.829038739e-1,1.276346207e0,8.671549797e0,1.413923025e0
train,3133,COCC(C)(C=O)OC,5.815073013e0,-6.913042068e-1,3.829038739e-1,1.276346207e0,5.123768806e0,-1.365718722e0
train,3134,CCC1CC2OC(C)C12,8.383827209e0,1.007951424e-1,3.829038739e-1,1.276346207e0,8.484622002e0,1.267467499e0
train,3135,C[NH2+][CH+]OCCO,7.469525814e0,-5.056436062e-1,3.829038739e-1,1.276346207e0,6.963882446e0,7.598716766e-2
train,3136,C#CC(O)C1CC1C#C,7.494016171e0,-8.638679981e-2,3.829038739e-1,1.276346207e0,7.407629490e0,4.236573875e-1
train,3137,CCC1Cn2ncnc21,7.423265934e0,-3.169955313e-2,3.829038739e-1,1.276346207e0,7.391566277e0,4.110720754e-1
train,3138,CC(=O)NCC1CN1,7.488573551e0,-2.508130372e-1,3.829038739e-1,1.276346207e0,7.237760544e0,2.905672193e-1
train,3139,CC#CC1CC(=O)O1,7.439593315e0,-4.680532217e-2,3.829038739e-1,1.276346207e0,7.392787933e0,4.120292366e-1
train,3140,C#CC(C)C1CC1C,8.481788635e0,-5.173731595e-2,3.829038739e-1,1.276346207e0,8.430050850e0,1.224711657e0
train,3141,CC1(C)C2CC3CC1[NH+]32,8.103550911e0,3.719715774e-2,3.829038739e-1,1.276346207e0,8.140748024e0,9.980465770e-1
train,3142,CCC1OC2(C)C(C)C12,8.353896141e0,-5.244857073e-1,3.829038739e-1,1.276346207e0,7.829410553e0,7.541175485e-1
train,3143,COc1ccnc(O)n1,5.981062412e0,-4.535069168e-1,3.829038739e-1,1.276346207e0,5.527555466e0,-1.049356937e0
train,3144,OC1C2CC3CC2OC31,8.296751022e0,1.482570916e-1,3.829038739e-1,1.276346207e0,8.445008278e0,1.236430645e0
train,3145,OC1CCC2(O)CC12O,8.250492096e0,-9.353889152e-3,3.829038739e-1,1.276346207e0,8.241138458e0,1.076701164e0
train,3146,N#CC1OC([NH-])CC1N,7.115777493e0,1.477612853e-1,3.829038739e-1,1.276346207e0,7.263538837e0,3.107641935e-1
train,3147,C[NH2+]C1OCC2CC21O,7.096729279e0,1.140298471e-1,3.829038739e-1,1.276346207e0,7.210759163e0,2.694119811e-1
train,3148,CNC(C#N)C1(O)CC1,7.649120808e0,-3.092417717e-1,3.829038739e-1,1.276346207e0,7.339879036e0,3.705757856e-1
train,3149,C1=CC2(CCC1)CO2,6.843663692e0,-5.271068811e-1,3.829038739e-1,1.276346207e0,6.316556931e0,-4.311842322e-1
train,3150,NC1[NH2+]C2CC(O1)C2=O,5.178326607e0,-1.606664062e-1,3.829038739e-1,1.276346207e0,5.017660141e0,-1.448853493e0
train,3151,CC12COCC1(O)CO2,8.157973289e0,2.608726919e-1,3.829038739e-1,1.276346207e0,8.418846130e0,1.215932965e0
train,3152,CC(C=O)CC1CC1C,6.136167526e0,-4.945001304e-1,3.829038739e-1,1.276346207e0,5.641667366e0,-9.599517584e-1
train,3153,CCC1C(C)C1C1CO1,9.091323853e0,9.983136319e-3,3.829038739e-1,1.276346207e0,9.101306915e0,1.750632405e0
train,3154,CC12CC3(CO3)CC1N2,8.772951126e0,-4.055283964e-1,3.829038739e-1,1.276346207e0,8.367423058e0,1.175643563e0
train,3155,N#CC1OC12C=CCC2,6.650462627e0,-5.673479438e-1,3.829038739e-1,1.276346207e0,6.083114624e0,-6.140833497e-1
train,3156,CC1OC2C(C=O)CC12,5.904870510e0,3.663454056e-1,3.829038739e-1,1.276346207e0,6.271215916e0,-4.667083621e-1
train,3157,CC1(C)COC1C1CN1,8.419202805e0,-8.762187511e-2,3.829038739e-1,1.276346207e0,8.331581116e0,1.147561908e0
train,3158,COCC(N)=O,7.450477123e0,2.501141727e-1,3.829038739e-1,1.276346207e0,7.700591087e0,6.531891227e-1
train,3159,CC(O)c1ocnc1O,5.891264915e0,-2.089807242e-1,3.829038739e-1,1.276346207e0,5.682284355e0,-9.281288385e-1
train,3160,CC1CC2(C)OC3C1C32,8.351174355e0,3.202885017e-2,3.829038739e-1,1.276346207e0,8.383203506e0,1.188007355e0
train,3161,N#CC1CC2C=CC1C2,6.982441425e0,2.233148217e-1,3.829038739e-1,1.276346207e0,7.205756187e0,2.654922009e-1
train,3162,OC1C2C=CC=CC1O2,4.644983292e0,3.288270533e-1,3.829038739e-1,1.276346207e0,4.973810196e0,-1.483209491e0
train,3163,C[NH2+]C1NC(C)[NH2+]C1C,6.095350742e0,2.479557693e-1,3.829038739e-1,1.276346207e0,6.343306541e0,-4.102262557e-1
train,3164,NC(=O)c1c[nH]cc1O,5.036827564e0,1.070047691e-1,3.829038739e-1,1.276346207e0,5.143832207e0,-1.349999309e0
train,3165,Nc1nccnc1CO,4.998731613e0,-5.038657039e-2,3.829038739e-1,1.276346207e0,4.948345184e0,-1.503160954e0
train,3166,CC1(C)C(=O)CC2NC21,6.095350742e0,2.238354385e-1,3.829038739e-1,1.276346207e0,6.319186211e0,-4.291242361e-1
train,3167,C#CC1(O)CC2NC21C,7.001489162e0,1.152202412e-1,3.829038739e-1,1.276346207e0,7.116709232e0,1.957250386e-1
train,3168,CC1OC2CC(C)C2O1,9.026016235e0,-3.118700683e-1,3.829038739e-1,1.276346207e0,8.714146614e0,1.447297096e0
train,3169,Cn1ncc2[nH]ccc21,5.766092300e0,6.698784977e-2,3.829038739e-1,1.276346207e0,5.833080292e0,-8.099821210e-1
train,3170,O=COC1OC2CC1C2,7.420545101e0,-3.713335991e-1,3.829038739e-1,1.276346207e0,7.049211502e0,1.428414136e-1
train,3171,CC12C=CC3OC1CC32,6.625972271e0,2.752452195e-1,3.829038739e-1,1.276346207e0,6.901217461e0,2.688994072e-2
train,3172,N#CC1=CC2CC1C2O,5.469488621e0,6.254824400e-1,3.829038739e-1,1.276346207e0,6.094971180e0,-6.047939062e-1
train,3173,C1=Cc2n[nH]cc2C1,5.684458733e0,-6.713690609e-2,3.829038739e-1,1.276346207e0,5.617321968e0,-9.790260196e-1
train,3174,C#CC1C2COC(=O)C12,7.126662254e0,6.970037222e-1,3.829038739e-1,1.276346207e0,7.823666096e0,7.496168613e-1
train,3175,O=CCNc1c[nH]nn1,4.849069118e0,-5.764023066e-1,3.829038739e-1,1.276346207e0,4.272666931e0,-2.032546282e0
train,3176,COC1CC(O)CO1,8.797441483e0,-1.527998876e-2,3.829038739e-1,1.276346207e0,8.782161713e0,1.500586152e0
train,3177,C1CC23COC2(CO1)C3,7.967494011e0,-2.878575120e-3,3.829038739e-1,1.276346207e0,7.964615345e0,8.600488305e-1
train,3178,C[NH2+]C1C(O)C2C(C)[NH+]12,6.386512280e0,-2.850614190e-1,3.829038739e-1,1.276346207e0,6.101450920e0,-5.997170806e-1
train,3179,CC1=CC2CC2OC1=O,5.725275517e0,-3.933278024e-1,3.829038739e-1,1.276346207e0,5.331947803e0,-1.202613115e0
train,3180,O=C1C=CC2NC2C=C1,4.835463047e0,-1.839402914e-1,3.829038739e-1,1.276346207e0,4.651522636e0,-1.735717654e0
train,3181,Nc1cc(N)cc(O)c1,6.024600506e0,-3.253363818e-2,3.829038739e-1,1.276346207e0,5.992066860e0,-6.854181290e-1
train,3182,C1CC2CC3CC(O1)C23,8.372943878e0,-1.084831282e-1,3.829038739e-1,1.276346207e0,8.264460564e0,1.094973803e0
train,3183,CNc1[nH]nc(C)c1N,6.430050850e0,-2.892954648e-1,3.829038739e-1,1.276346207e0,6.140755177e0,-5.689226985e-1
train,3184,O=CC1CCCC1C=O,5.855890274e0,-1.667989641e-1,3.829038739e-1,1.276346207e0,5.689091206e0,-9.227957726e-1
train,3185,CC1C2C3C([NH+]13)C21CC1,8.683153152e0,-1.095749378e0,3.829038739e-1,1.276346207e0,7.587403774e0,5.645083189e-1
train,3186,CC12C=CCC(C)(C1)C2,6.941624641e0,1.957474947e-1,3.829038739e-1,1.276346207e0,7.137372017e0,2.119140625e-1
train,3187,CC12CC3CC(C)(O1)C32,8.544375420e0,-6.673698127e-2,3.829038739e-1,1.276346207e0,8.477638245e0,1.261995792e0
train,3188,CC12NC3C(C1C#N)C32,6.982441425e0,-2.012826353e-1,3.829038739e-1,1.276346207e0,6.781158924e0,-6.717441231e-2
train,3189,O=C1NC=CCOCO1,6.157936573e0,1.242679879e-1,3.829038739e-1,1.276346207e0,6.282204628e0,-4.580988288e-1
train,3190,COCC12CC(C)[NH+]1C2,8.285867691e0,-1.865441650e-1,3.829038739e-1,1.276346207e0,8.099323273e0,9.655907750e-1
train,3191,OC1C2C3CCC2(O)C13,8.751181602e0,-5.372750759e-2,3.829038739e-1,1.276346207e0,8.697454453e0,1.434219003e0
train,3192,NC1[NH2+]C2CC1OC2=O,6.299435616e0,-3.868166208e-1,3.829038739e-1,1.276346207e0,5.912619114e0,-7.476644516e-1
train,3193,CC1C2CC3OC(C2)C31,8.509000778e0,-1.213831976e-1,3.829038739e-1,1.276346207e0,8.387617111e0,1.191465378e0
train,3194,OCc1ncncc1F,5.714390755e0,-5.280562043e-1,3.829038739e-1,1.276346207e0,5.186334610e0,-1.316699266e0
train,3195,N#CC1NC2CC12CO,6.876317024e0,-2.509289086e-1,3.829038739e-1,1.276346207e0,6.625388145e0,-1.892188638e-1
train,3196,CC1CC2(O)C3NC3C12,7.864090443e0,-4.321465492e-1,3.829038739e-1,1.276346207e0,7.431943893e0,4.427074194e-1
train,3197,C#CC1(CCC)CC1C,7.967494011e0,2.330157906e-1,3.829038739e-1,1.276346207e0,8.200510025e0,1.044869304e0
train,3198,C1=CC2C3CC1OC23,6.530732632e0,4.034977853e-1,3.829038739e-1,1.276346207e0,6.934230328e0,5.275510624e-2
train,3199,CC1(C)CC(O)C([NH-])O1,7.793340683e0,2.558617592e-1,3.829038739e-1,1.276346207e0,8.049201965e0,9.263213873e-1
train,3200,Nc1occc1N1CC1,5.869495869e0,1.938162893e-1,3.829038739e-1,1.276346207e0,6.063312054e0,-6.295984387e-1
train,3201,N#CCNc1cnoc1,5.864053726e0,3.068509102e-1,3.829038739e-1,1.276346207e0,6.170904636e0,-5.453009605e-1
train,3202,[NH-]c1[nH+]c(=O)occ1O,5.483094215e0,-8.596245944e-2,3.829038739e-1,1.276346207e0,5.397131920e0,-1.151542187e0
train,3203,O=CC12CC1CC21CC1,5.970178127e0,4.363932088e-2,3.829038739e-1,1.276346207e0,6.013817310e0,-6.683769226e-1
train,3204,CC12CC=CCC(C1)O2,7.240949631e0,1.064416617e-1,3.829038739e-1,1.276346207e0,7.347391129e0,3.764614165e-1
train,3205,CCC1(C)NCC1NO,6.402839184e0,-2.107254416e-1,3.829038739e-1,1.276346207e0,6.192113876e0,-5.286837816e-1
train,3206,[NH-]C1=NC(F)OC(=O)O1,6.593318939e0,-2.570349574e-1,3.829038739e-1,1.276346207e0,6.336284161e0,-4.157282114e-1
train,3207,[NH-][CH+]OC1CC1OC=O,7.562044144e0,3.691325337e-2,3.829038739e-1,1.276346207e0,7.598957539e0,5.735605359e-1
train,3208,C#CC(O)C1(CC)CC1,8.133483887e0,4.119167924e-1,3.829038739e-1,1.276346207e0,8.545400620e0,1.315086842e0
train,3209,CCOCC1(CO)CO1,8.759345055e0,6.817416102e-2,3.829038739e-1,1.276346207e0,8.827519417e0,1.536123276e0
train,3210,Nc1cc(N)c(C=O)[nH]1,4.560628414e0,3.935958445e-1,3.829038739e-1,1.276346207e0,4.954224110e0,-1.498554826e0
train,3211,CC1CN(C)C=C1C=O,4.726617813e0,8.921798319e-2,3.829038739e-1,1.276346207e0,4.815835953e0,-1.606980324e0
train,3212,Cc1ncc(C#N)[nH]1,5.749765873e0,-2.568703592e-1,3.829038739e-1,1.276346207e0,5.492895603e0,-1.076512575e0
train,3213,CC1CC(C)C2CC1C2,9.700859070e0,3.233075142e-1,3.829038739e-1,1.276346207e0,1.002416611e1,2.473680973e0
train,3214,CC1OC2(C#N)C(C)C12,6.966114998e0,-3.596290052e-1,3.829038739e-1,1.276346207e0,6.606485844e0,-2.040285766e-1
train,3215,CC1(C)CN(C=O)[CH+][NH2+]1,6.046370029e0,1.889081895e-1,3.829038739e-1,1.276346207e0,6.235278130e0,-4.948651493e-1
train,3216,CC(O)(CC#N)C1CO1,8.514442444e0,-2.449183539e-2,3.829038739e-1,1.276346207e0,8.489950180e0,1.271642089e0
train,3217,C#CC(C)(C=O)OCC,5.583776474e0,-3.165515959e-1,3.829038739e-1,1.276346207e0,5.267224789e0,-1.253322840e0
train,3218,C#CC1CC1C(O)C#N,7.338910580e0,5.629490614e-1,3.829038739e-1,1.276346207e0,7.901859760e0,8.108806014e-1
train,3219,C#CCCOCCC#C,8.443693161e0,-3.467612341e-2,3.829038739e-1,1.276346207e0,8.409016609e0,1.208231568e0
train,3220,NC(=O)Cn1ccnn1,6.421886921e0,-2.371646613e-1,3.829038739e-1,1.276346207e0,6.184722424e0,-5.344749093e-1
train,3221,COC(CC=O)C1CC1,6.035485268e0,-1.002483293e-1,3.829038739e-1,1.276346207e0,5.935236931e0,-7.299436927e-1
train,3222,CC1CC=CC2CC12O,6.617809296e0,-5.017729402e-1,3.829038739e-1,1.276346207e0,6.116036415e0,-5.882895589e-1
train,3223,CC1C(O)CCC1C=O,6.136167526e0,1.725219637e-1,3.829038739e-1,1.276346207e0,6.308689594e0,-4.373481870e-1
train,3224,C#CC1(O)COC([NH-])C1,7.333467960e0,-2.728914320e-1,3.829038739e-1,1.276346207e0,7.060576439e0,1.517456919e-1
train,3225,C#CC#CC1NC1CC,5.913033962e0,4.614045620e-1,3.829038739e-1,1.276346207e0,6.374438286e0,-3.858349323e-1
train,3226,CC1C2CC(=O)C(=O)N12,4.255860806e0,-1.186628103e0,3.829038739e-1,1.276346207e0,3.069232702e0,-2.975421906e0
train,3227,CC1C=CCNC(=O)O1,6.862711906e0,-8.993350267e-1,3.829038739e-1,1.276346207e0,5.963376999e0,-7.078962922e-1
train,3228,CCC1(COC)CC1,9.004247665e0,-2.084430754e-1,3.829038739e-1,1.276346207e0,8.795804977e0,1.511275411e0
train,3229,O=CC1(C2CCO2)CC1,6.046370029e0,-3.722328544e-1,3.829038739e-1,1.276346207e0,5.674137115e0,-9.345120788e-1
train,3230,N#CC1NC(C#N)C1O,6.957951069e0,-2.888031304e-1,3.829038739e-1,1.276346207e0,6.669147968e0,-1.549335867e-1
train,3231,CCC1(CC)CCC1C,9.466840744e0,-3.499616086e-1,3.829038739e-1,1.276346207e0,9.116879463e0,1.762833238e0
train,3232,CCc1onnc1OC,5.344316006e0,-2.189826220e-1,3.829038739e-1,1.276346207e0,5.125333309e0,-1.364493012e0
train,3233,CC12C(O)[CH-]C3C[NH+]1C32,4.742944717e0,6.272494048e-2,3.829038739e-1,1.276346207e0,4.805669785e0,-1.614945292e0
train,3234,CNC(=O)C#CCCO,6.427329540e0,-1.192853928e0,3.829038739e-1,1.276346207e0,5.234475613e0,-1.278981328e0
train,3235,CC1C(O)CC2C[NH+]21,7.891301632e0,4.339810312e-1,3.829038739e-1,1.276346207e0,8.325283051e0,1.142627478e0
train,3236,CC1(C(=O)CO)CCC1,6.408281326e0,-5.020732284e-1,3.829038739e-1,1.276346207e0,5.906208038e0,-7.526874542e-1
train,3237,CC1CC1,1.017161655e1,-9.962609038e-3,3.829038739e-1,1.276346207e0,1.016165352e1,2.581400633e0
train,3238,O=CCOC1CC2NC21,5.763371468e0,4.071880579e-1,3.829038739e-1,1.276346207e0,6.170559406e0,-5.455714464e-1
train,3239,[NH-]C1OC23CC(C2)OC13,7.172921181e0,3.731380701e-1,3.829038739e-1,1.276346207e0,7.546059132e0,5.321152806e-1
train,3240,COC1CNCC(=O)O1,6.470867634e0,2.726076357e-2,3.829038739e-1,1.276346207e0,6.498128414e0,-2.889252603e-1
train,3241,Cc1cnoc1C1CC1,6.166100025e0,2.197241485e-1,3.829038739e-1,1.276346207e0,6.385824203e0,-3.769142032e-1
train,3242,[NH-]c1o[cH+]nc(O)c1N,4.217764854e0,2.662210166e-1,3.829038739e-1,1.276346207e0,4.483985901e0,-1.866980553e0
train,3243,CCOC1(C#N)COC1,7.572928429e0,1.032358766e0,3.829038739e-1,1.276346207e0,8.605287552e0,1.362007499e0
train,3244,N#CC1C(C#N)C1C=O,5.994668484e0,3.346074224e-1,3.829038739e-1,1.276346207e0,6.329276085e0,-4.212189317e-1
train,3245,CC12CC(CC=O)C1N2,6.171542168e0,3.088121116e-1,3.829038739e-1,1.276346207e0,6.480354309e0,-3.028510511e-1
train,3246,C1=CC2OC2COCC1,6.386512280e0,4.004994333e-1,3.829038739e-1,1.276346207e0,6.787011623e0,-6.258890033e-2
train,3247,CC1CC2(C)NC2CO1,8.372943878e0,2.150115967e-1,3.829038739e-1,1.276346207e0,8.587955475e0,1.348428011e0
train,3248,CC12NC1(C)C(O)C2=O,6.024600506e0,-1.177514866e-1,3.829038739e-1,1.276346207e0,5.906848907e0,-7.521853447e-1
train,3249,CC12OC1CCC2=O,5.787861824e0,-4.692869782e-1,3.829038739e-1,1.276346207e0,5.318574905e0,-1.213090658e0
train,3250,O=CNCc1ncno1,6.065417767e0,4.253541529e-1,3.829038739e-1,1.276346207e0,6.490771770e0,-2.946890891e-1
train,3251,COC(=O)N(C)CCO,8.030079842e0,-2.336275578e-1,3.829038739e-1,1.276346207e0,7.796452522e0,7.282953858e-1
train,3252,C#CC1CCC1C(C)=O,6.215080738e0,-8.313665166e-3,3.829038739e-1,1.276346207e0,6.206767082e0,-5.172032118e-1
train,3253,O=CC1(O)CC1C1CN1,5.493978977e0,-2.662751973e-1,3.829038739e-1,1.276346207e0,5.227703571e0,-1.284287214e0
train,3254,COCC1C[NH+]1CC=O,5.953851223e0,-2.638938725e-1,3.829038739e-1,1.276346207e0,5.689957142e0,-9.221172929e-1
train,3255,CC(=O)NC(C)CO,7.545717239e0,4.323249757e-1,3.829038739e-1,1.276346207e0,7.978042126e0,8.705685139e-1
train,3256,OCC12CC1CC1NC12,8.449134827e0,4.625130892e-1,3.829038739e-1,1.276346207e0,8.911647797e0,1.602036834e0
train,3257,Cc1cnc(C#N)[nH]1,5.548401356e0,6.395390630e-1,3.829038739e-1,1.276346207e0,6.187940598e0,-5.319535136e-1
train,3258,C[NH+](C)C1CC1(N)C#N,7.118498325e0,-3.259807453e-2,3.829038739e-1,1.276346207e0,7.085900307e0,1.715866327e-1
train,3259,OC12COC1CC1CC12,8.555259705e0,-1.189394295e-1,3.829038739e-1,1.276346207e0,8.436320305e0,1.229623675e0
train,3260,C#CCCC(F)(F)F,8.674989700e0,1.306525916e-1,3.829038739e-1,1.276346207e0,8.805642128e0,1.518982768e0
train,3261,Cc1cncn1CCO,6.680395126e0,3.457525745e-2,3.829038739e-1,1.276346207e0,6.714970589e0,-1.190321445e-1
train,3262,Cc1n[nH]cc1C(C)C,7.039586067e0,-2.175479233e-1,3.829038739e-1,1.276346207e0,6.822038174e0,-3.514603525e-2
train,3263,CC1CC2C(CO)C2C1,8.791998863e0,8.694202453e-2,3.829038739e-1,1.276346207e0,8.878940582e0,1.576411128e0
train,3264,CC1C2CC3(C)C2C13C,8.778392792e0,1.950515062e-1,3.829038739e-1,1.276346207e0,8.973443985e0,1.650453329e0
train,3265,CCCC1(C=O)OC1C,5.956572056e0,-4.397436380e-1,3.829038739e-1,1.276346207e0,5.516828537e0,-1.057761431e0
train,3266,CCC12OC1(C)C1NC12,8.544375420e0,-4.601610303e-1,3.829038739e-1,1.276346207e0,8.084214211e0,9.537530541e-1
train,3267,CC(C)(O)C1(C#N)CC1,8.645057678e0,-8.985902667e-1,3.829038739e-1,1.276346207e0,7.746467590e0,6.891328096e-1
train,3268,Nc1c(O)c[nH]c1CO,6.108956337e0,2.508305609e-1,3.829038739e-1,1.276346207e0,6.359786987e0,-3.973140419e-1
train,3269,COC12CCCC1(C)C2,8.949825287e0,5.950872600e-2,3.829038739e-1,1.276346207e0,9.009333611e0,1.678572416e0
train,3270,COC([NH-])COCCO,7.915791988e0,-6.964790821e-2,3.829038739e-1,1.276346207e0,7.846144199e0,7.672281861e-1
train,3271,CC1CC1[NH+]1CC1(C)C,8.332126617e0,-1.813836992e-1,3.829038739e-1,1.276346207e0,8.150742531e0,1.005877137e0
train,3272,[H]N=CN1CC(C)(C)C1=O,6.157936573e0,3.601326346e-1,3.829038739e-1,1.276346207e0,6.518069267e0,-2.733018696e-1
train,3273,C#CC(N)c1ncc[nH]1,6.617809296e0,-2.060033195e-2,3.829038739e-1,1.276346207e0,6.597208977e0,-2.112968862e-1
train,3274,N#Cc1n[nH]cc1C=O,5.401460171e0,1.669317633e-1,3.829038739e-1,1.276346207e0,5.568391800e0,-1.017362237e0
train,3275,CC1C=CC2OCC12C,6.821894169e0,-4.989663661e-1,3.829038739e-1,1.276346207e0,6.322927952e0,-4.261926115e-1
train,3276,CC1CC(O)C1CO,8.468183517e0,-3.491696119e-1,3.829038739e-1,1.276346207e0,8.119013786e0,9.810180664e-1
train,3277,CC1CC(=O)C(C)C1,6.035485268e0,3.678302467e-1,3.829038739e-1,1.276346207e0,6.403315544e0,-3.632099628e-1
train,3278,CC12C3CC1C2(CO)C3,8.372943878e0,1.276505888e-1,3.829038739e-1,1.276346207e0,8.500594139e0,1.279981494e0
train,3279,N#CC1CC2(CCO2)C1,7.850484848e0,-4.790666699e-1,3.829038739e-1,1.276346207e0,7.371417999e0,3.952861428e-1
train,3280,CNc1nn[nH]c1N,6.212359428e0,1.811376363e-1,3.829038739e-1,1.276346207e0,6.393496990e0,-3.709026575e-1
train,3281,CCOc1cc(C)c[nH]1,6.604203224e0,-7.704390585e-2,3.829038739e-1,1.276346207e0,6.527159214e0,-2.661800086e-1
train,3282,C#CC1CCC2C[NH+]12,7.572928429e0,-1.181000352e0,3.829038739e-1,1.276346207e0,6.391928196e0,-3.721317947e-1
train,3283,OC1CC2C3C4C1C4[NH+]23,7.665446758e0,-5.958446264e-1,3.829038739e-1,1.276346207e0,7.069602013e0,1.588171273e-1
train,3284,CC1(NC=O)CCC1=O,5.847726822e0,-7.386021316e-2,3.829038739e-1,1.276346207e0,5.773866653e0,-8.563752770e-1
train,3285,COc1coc(N)n1,6.076302528e0,-3.531188667e-1,3.829038739e-1,1.276346207e0,5.723183632e0,-8.960847855e-1
train,3286,CC1(O)CC2C(O)C21,8.375664711e0,-4.716107547e-1,3.829038739e-1,1.276346207e0,7.904054165e0,8.125998974e-1
train,3287,CC1C2NCC(=O)OC12,6.645020485e0,-6.492540240e-1,3.829038739e-1,1.276346207e0,5.995766640e0,-6.825193763e-1
train,3288,OCC1C=CC2OCC12,6.854547501e0,-5.545748472e-1,3.829038739e-1,1.276346207e0,6.299972534e0,-4.441778958e-1
train,3289,CCC1C(C)C1COC,8.860027313e0,-7.729577273e-2,3.829038739e-1,1.276346207e0,8.782732010e0,1.501032948e0
train,3290,N#Cc1nc(CO)c[nH]1,5.545680046e0,1.337491274e-1,3.829038739e-1,1.276346207e0,5.679429054e0,-9.303659201e-1
train,3291,CC#CC[NH+]1CC1CO,7.270882130e0,5.087112635e-2,3.829038739e-1,1.276346207e0,7.321753025e0,3.563742638e-1
train,3292,O=CCC(=O)N1CCC1,5.926640034e0,8.308067918e-1,3.829038739e-1,1.276346207e0,6.757446766e0,-8.575259149e-2
train,3293,C#CC1(O)CC2CCC21,7.708985806e0,-2.140580565e-1,3.829038739e-1,1.276346207e0,7.494927883e0,4.920545816e-1
train,3294,CC1CC2C(C(N)=O)[NH+]12,7.099450111e0,2.564411461e-1,3.829038739e-1,1.276346207e0,7.355891228e0,3.831211329e-1
train,3295,C#CC(CCO)C1CO1,8.163415909e0,-2.279169112e-1,3.829038739e-1,1.276346207e0,7.935499191e0,8.372367024e-1
train,3296,O=CCOc1cn[nH]c1,5.088529110e0,-5.882544518e-1,3.829038739e-1,1.276346207e0,4.500274658e0,-1.854218602e0
train,3297,C[NH2+]C1OC2C(C)C12N,6.658626080e0,-9.464040399e-2,3.829038739e-1,1.276346207e0,6.563985825e0,-2.373268157e-1
train,3298,N#CC(N)C[NH+]1CCC1,7.156594753e0,2.590160072e-1,3.829038739e-1,1.276346207e0,7.415610790e0,4.299106598e-1
train,3299,C#CC(CC#N)CC#N,7.896743774e0,9.944319129e-1,3.829038739e-1,1.276346207e0,8.891175270e0,1.585996866e0
train,3300,O=C1NC2C(CO)NC12,6.808288574e0,-1.443049521e-3,3.829038739e-1,1.276346207e0,6.806845665e0,-4.704917595e-2
train,3301,CC1(C)C2CC3(CO3)C21,9.026016235e0,-1.146946698e-1,3.829038739e-1,1.276346207e0,8.911321640e0,1.601781249e0
train,3302,COC1CCC[NH+]2CC12,8.081781387e0,-3.496913016e-1,3.829038739e-1,1.276346207e0,7.732089996e0,6.778681278e-1
train,3303,O=CC1CCNC(=O)N1,5.491257668e0,-3.565941751e-1,3.829038739e-1,1.276346207e0,5.134663582e0,-1.357182860e0
train,3304,COCCC(O)C1CC1,8.770229340e0,-2.895197570e-1,3.829038739e-1,1.276346207e0,8.480710030e0,1.264402509e0
train,3305,C#CC12CC3C[NH+]1C32,7.325304985e0,1.464244127e-1,3.829038739e-1,1.276346207e0,7.471729279e0,4.738787711e-1
train,3306,O=C1C=CC23COC12C3,4.906212807e0,-2.440123856e-1,3.829038739e-1,1.276346207e0,4.662200451e0,-1.727351785e0
train,3307,Cc1cc(N)n(C)c1O,6.157936573e0,1.450545490e-1,3.829038739e-1,1.276346207e0,6.302990913e0,-4.418130517e-1
train,3308,CC1C([NH-])OC1CC=O,6.119840622e0,-3.243097961e-1,3.829038739e-1,1.276346207e0,5.795530796e0,-8.394016623e-1
train,3309,CC1C2CC(O)C12C=O,6.114398479e0,5.700421929e-1,3.829038739e-1,1.276346207e0,6.684440613e0,-1.429519951e-1
train,3310,C#CC1C2CCCC12O,7.627351284e0,-5.017428398e-1,3.829038739e-1,1.276346207e0,7.125608444e0,2.026974559e-1
train,3311,COCC12C=CC(C1)O2,6.454540730e0,2.371703982e-1,3.829038739e-1,1.276346207e0,6.691710949e0,-1.372557729e-1
train,3312,CC#CCOC,7.719869614e0,1.889395267e-1,3.829038739e-1,1.276346207e0,7.908809185e0,8.163253665e-1
train,3313,CCC1CC(C)C1CO,9.080439568e0,1.562977135e-1,3.829038739e-1,1.276346207e0,9.236737251e0,1.856740355e0
train,3314,CC1(C)CC(C2CO2)C1,9.306294441e0,-6.676181555e-1,3.829038739e-1,1.276346207e0,8.638676643e0,1.388167381e0
train,3315,COC(=O)C(O)C1CO1,7.148430824e0,-1.563631445e-1,3.829038739e-1,1.276346207e0,6.992067814e0,9.807004780e-2
train,3316,OC1C2CC3NC3C1O2,8.108993530e0,-3.710754216e-2,3.829038739e-1,1.276346207e0,8.071886063e0,9.440940619e-1
train,3317,C#CC1C=CCNC1=O,6.674952984e0,9.506012797e-1,3.829038739e-1,1.276346207e0,7.625554085e0,5.943985581e-1
train,3318,CCOc1cc(O)c[nH]1,6.457261562e0,4.560093880e-1,3.829038739e-1,1.276346207e0,6.913270950e0,3.633369878e-2
train,3319,Cc1n[nH]c2ncoc12,5.845005512e0,-3.853535354e-1,3.829038739e-1,1.276346207e0,5.459651947e0,-1.102558494e0
train,3320,CC1(O)C(=O)C2NC21,5.785140514e0,-1.213721633e-1,3.829038739e-1,1.276346207e0,5.663768291e0,-9.426359534e-1
train,3321,C#CC1CCCC1(C)C,8.375664711e0,-5.639889240e-1,3.829038739e-1,1.276346207e0,7.811676025e0,7.402228117e-1
train,3322,O=C(NC1CC1)C1CO1,7.020537376e0,9.078505039e-1,3.829038739e-1,1.276346207e0,7.928387642e0,8.316648602e-1
train,3323,C1NC1C12COCC1O2,8.476346970e0,-5.776918530e-1,3.829038739e-1,1.276346207e0,7.898654938e0,8.083696961e-1
train,3324,O=C1[CH+][NH+]2CCC2[CH-]1,3.942929745e0,1.296448112e-1,3.829038739e-1,1.276346207e0,4.072574615e0,-2.189316273e0
train,3325,O=CC1=CC(=O)C(=O)C1,3.219106913e0,-4.179286957e-1,3.829038739e-1,1.276346207e0,2.801178217e0,-3.185439587e0
train,3326,COC1CC(C(N)=O)C1,7.415102959e0,2.072536945e-1,3.829038739e-1,1.276346207e0,7.622356415e0,5.918932557e-1
train,3327,Cc1ncoc1CC#N,6.511684418e0,1.910155118e-1,3.829038739e-1,1.276346207e0,6.702700138e0,-1.286458820e-1
train,3328,CC1C(=O)C2(C)C[NH+]1C2,5.542959213e0,-1.763890684e-1,3.829038739e-1,1.276346207e0,5.366569996e0,-1.175487041e0
train,3329,C#CC1(C#N)NC2CC21,6.394675732e0,-3.419586420e-1,3.829038739e-1,1.276346207e0,6.052717209e0,-6.378993392e-1
train,3330,CCc1c(O)c[nH]c1C,6.228686333e0,-1.265646368e-1,3.829038739e-1,1.276346207e0,6.102121830e0,-5.991914272e-1
train,3331,CC(=O)C1CCOC1C,6.228686333e0,4.290772974e-1,3.829038739e-1,1.276346207e0,6.657763481e0,-1.638531983e-1
train,3332,N#CCC1COC2CC12,7.513063908e0,-4.030003846e-1,3.829038739e-1,1.276346207e0,7.110063553e0,1.905182302e-1
train,3333,O=C1C2CC3C[NH+]2C13,6.065417767e0,1.798444688e-1,3.829038739e-1,1.276346207e0,6.245262146e0,-4.870428145e-1
train,3334,COC1CC2OC[CH-]C12,6.364743233e0,-8.587633073e-2,3.829038739e-1,1.276346207e0,6.278866768e0,-4.607140124e-1
train,3335,CC1CC2(O)C(=O)NC12,7.137547016e0,2.983334064e-1,3.829038739e-1,1.276346207e0,7.435880661e0,4.457918406e-1
train,3336,C#CC(C)[NH+]1CC1CO,7.164757729e0,-7.104284167e-1,3.829038739e-1,1.276346207e0,6.454329491e0,-3.232411742e-1
train,3337,C1C2C3CC4(CO4)C1[NH+]23,8.451856613e0,1.203798130e-1,3.829038739e-1,1.276346207e0,8.572236061e0,1.336112022e0
train,3338,OCC1[NH+]2CCC12CO,8.261377335e0,7.098744512e-1,3.829038739e-1,1.276346207e0,8.971251488e0,1.648735642e0
train,3339,CC1(O)C(O)C12CCO2,7.597418785e0,8.909400553e-2,3.829038739e-1,1.276346207e0,7.686512947e0,6.421591043e-1
train,3340,CC12OC1C1(O)COC12,8.027358055e0,1.720039696e-1,3.829038739e-1,1.276346207e0,8.199361801e0,1.043969750e0
train,3341,[NH-]C1NC2C(N)C12O,6.783798695e0,-6.331674457e-1,3.829038739e-1,1.276346207e0,6.150631428e0,-5.611847639e-1
train,3342,[NH-]C1=C(N)C=C(N)NO1,4.585118771e0,2.142051011e-1,3.829038739e-1,1.276346207e0,4.799324036e0,-1.619917154e0
train,3343,C#CCC1NC1COC,8.212396622e0,-6.999318600e-1,3.829038739e-1,1.276346207e0,7.512464523e0,5.057943463e-1
train,3344,CC1(C2CCC2=O)CN1,5.967456818e0,-2.668670118e-1,3.829038739e-1,1.276346207e0,5.700589657e0,-9.137868285e-1
train,3345,CCC(CO)C(=O)NC,7.523947716e0,-6.656234264e-1,3.829038739e-1,1.276346207e0,6.858324051e0,-6.716507487e-3
train,3346,CC1C[NH+]1CCOC=O,6.840942383e0,-2.643328011e-1,3.829038739e-1,1.276346207e0,6.576609612e0,-2.274362296e-1
train,3347,Cc1coc(=O)c(C)n1,4.585118771e0,3.065904677e-1,3.829038739e-1,1.276346207e0,4.891709328e0,-1.547534466e0
train,3348,c1ccc2[nH]nnc2c1,5.404181004e0,-5.876606703e-1,3.829038739e-1,1.276346207e0,4.816520214e0,-1.606444120e0
train,3349,NC(=O)C1(N)CNC1=O,6.563386440e0,-7.085748762e-2,3.829038739e-1,1.276346207e0,6.492528915e0,-2.933124006e-1
train,3350,N#CC12C3[CH-]CC1C2C3,4.854511261e0,3.612881005e-1,3.829038739e-1,1.276346207e0,5.215799332e0,-1.293614030e0
train,3351,C#CC1=CCC2CC1C2,5.510305405e0,2.521117032e-1,3.829038739e-1,1.276346207e0,5.762417316e0,-8.653456569e-1
train,3352,OC1C2(O)CCC1(O)C2,8.465462685e0,8.981797099e-1,3.829038739e-1,1.276346207e0,9.363642693e0,1.956169128e0
train,3353,CC1(C2CN2)C=CCO1,6.751144886e0,-2.660346925e-1,3.829038739e-1,1.276346207e0,6.485110283e0,-2.991248071e-1
train,3354,CC1NC12C(=O)CC2O,5.738881111e0,4.937744141e-1,3.829038739e-1,1.276346207e0,6.232655525e0,-4.969199300e-1
train,3355,C#CC1(C)[NH+]2CC1(O)C2,7.439593315e0,1.481672656e-2,3.829038739e-1,1.276346207e0,7.454410076e0,4.603094161e-1
train,3356,CC(C)CC1CCC1,9.880454063e0,3.137163520e-1,3.829038739e-1,1.276346207e0,1.019417000e1,2.606876850e0
train,3357,CCC1CC(=O)C1(C)O,5.948409081e0,1.168528199e-1,3.829038739e-1,1.276346207e0,6.065261841e0,-6.280707717e-1
train,3358,CC(O)C1(CC=O)CN1,5.970178127e0,-7.889422774e-1,3.829038739e-1,1.276346207e0,5.181235790e0,-1.320694089e0
train,3359,CC1C(O)C2OCC12C,8.168857574e0,-3.700597584e-1,3.829038739e-1,1.276346207e0,7.798797607e0,7.301326990e-1
train,3360,CC(C#N)C1(C)CN1,7.589255333e0,2.088196874e-1,3.829038739e-1,1.276346207e0,7.798075199e0,7.295666933e-1
train,3361,CC1CC=CC12CC2,6.734817982e0,-1.299711317e-1,3.829038739e-1,1.276346207e0,6.604846954e0,-2.053126246e-1
train,3362,CC1C=CC2(C)OC12,6.691279888e0,1.391075253e-1,3.829038739e-1,1.276346207e0,6.830387592e0,-2.860437147e-2
train,3363,C[NH+]1CC12COC2[NH-],7.083124161e0,-1.491519362e-1,3.829038739e-1,1.276346207e0,6.933972359e0,5.255299062e-2
train,3364,C#Cc1[nH]nc(N)c1C,5.246355057e0,3.549342752e-1,3.829038739e-1,1.276346207e0,5.601289272e0,-9.915874600e-1
train,3365,OCC#CC1(O)COC1,7.170200348e0,4.555962980e-1,3.829038739e-1,1.276346207e0,7.625796795e0,5.945887566e-1
train,3366,[NH-]C1NC2CN=COC12,6.767471313e0,-1.113806725e0,3.829038739e-1,1.276346207e0,5.653664589e0,-9.505520463e-1
train,3367,OCC#CCC1CC1O,6.821894169e0,-2.919293642e-1,3.829038739e-1,1.276346207e0,6.529964924e0,-2.639817595e-1
train,3368,CCC1CC(O)(C=O)C1,6.253176689e0,2.388610840e-1,3.829038739e-1,1.276346207e0,6.492037773e0,-2.936972082e-1
train,3369,CC(=O)NCC(=O)CO,5.651804924e0,7.560546398e-1,3.829038739e-1,1.276346207e0,6.407859802e0,-3.596495986e-1
train,3370,CC12COCC(=O)C1C2,5.787861824e0,-1.913126707e-1,3.829038739e-1,1.276346207e0,5.596549034e0,-9.953013659e-1
train,3371,CC1C(C)C2(O)CC12C,8.457298279e0,3.424624801e-1,3.829038739e-1,1.276346207e0,8.799760818e0,1.514374852e0
train,3372,CC1CC1(O)C[NH+]1CC1,8.577029228e0,8.051580749e-3,3.829038739e-1,1.276346207e0,8.585081100e0,1.346175909e0
train,3373,O=CC12OCC1NC2=O,5.406902313e0,-1.352823228e-1,3.829038739e-1,1.276346207e0,5.271619797e0,-1.249879360e0
train,3374,C1OC2CC3CC2C3O1,9.110372543e0,2.066746540e-2,3.829038739e-1,1.276346207e0,9.131039619e0,1.773927569e0
train,3375,N#CC1CNCC(=O)O1,6.397397041e0,4.280227721e-1,3.829038739e-1,1.276346207e0,6.825419903e0,-3.249649331e-2
train,3376,C#CC(C#C)C(N)C#N,7.322584152e0,-1.609077603e-1,3.829038739e-1,1.276346207e0,7.161676407e0,2.309562564e-1
train,3377,CC1(O)CC(N)(C#N)C1,8.117156029e0,2.194223702e-1,3.829038739e-1,1.276346207e0,8.336578369e0,1.151477218e0
train,3378,CCC(=O)CC1COC1,6.138888836e0,-2.561483681e-1,3.829038739e-1,1.276346207e0,5.882740498e0,-7.710739374e-1
train,3379,CC#CC(O)C=O,5.804188728e0,-4.692121446e-1,3.829038739e-1,1.276346207e0,5.334976673e0,-1.200240016e0
train,3380,CC#CC(C)CC1CC1,8.245050430e0,8.097388595e-2,3.829038739e-1,1.276346207e0,8.326024055e0,1.143208027e0
train,3381,CC1CC2CC3C2C13C,9.045064926e0,-7.143126428e-2,3.829038739e-1,1.276346207e0,8.973633766e0,1.650602102e0
train,3382,CC12COC(=O)C1(O)C2,7.050469875e0,7.287282497e-2,3.829038739e-1,1.276346207e0,7.123342514e0,2.009221315e-1
train,3383,COc1cc(N)on1,6.598761082e0,1.826576293e-1,3.829038739e-1,1.276346207e0,6.781418800e0,-6.697080284e-2
train,3384,CCC(=O)C12CC[NH+]1C2,5.899428368e0,-3.789269924e-1,3.829038739e-1,1.276346207e0,5.520501137e0,-1.054883957e0
train,3385,C#CC([NH-])OCCOC,6.280387878e0,-1.150924060e-2,3.829038739e-1,1.276346207e0,6.268878460e0,-4.685397148e-1
train,3386,CC1CN(CCO)C1=O,7.281766891e0,-7.670118660e-2,3.829038739e-1,1.276346207e0,7.205065727e0,2.649512291e-1
train,3387,N#CCC1CNC1C#N,7.129383087e0,-1.489894539e-1,3.829038739e-1,1.276346207e0,6.980393410e0,8.892329782e-2
train,3388,CC(=O)N1C(C)CC1[NH-],6.367464066e0,6.301987171e-1,3.829038739e-1,1.276346207e0,6.997662544e0,1.024534479e-1
train,3389,C#CC1(C)C(O)C[NH+]1C,7.186526775e0,1.985209882e-1,3.829038739e-1,1.276346207e0,7.385047913e0,4.059650302e-1
train,3390,CC1OC12C=CCOC2,6.694001198e0,-5.723496079e-1,3.829038739e-1,1.276346207e0,6.121651649e0,-5.838900805e-1
train,3391,CCc1cc[nH]c1O,6.348416328e0,3.201543391e-1,3.829038739e-1,1.276346207e0,6.668570518e0,-1.553860158e-1
train,3392,OCC1COC12CCC2,8.261377335e0,-3.509441018e-1,3.829038739e-1,1.276346207e0,7.910433292e0,8.175978661e-1
train,3393,CC1=CCOCC1O,6.987883568e0,6.679401398e-1,3.829038739e-1,1.276346207e0,7.655823708e0,6.181144714e-1
train,3394,O=CC(O)C1(CO)CO1,5.888543606e0,-2.822740562e-2,3.829038739e-1,1.276346207e0,5.860316277e0,-7.886430621e-1
train,3395,CC1C2C3CC3C12CO,7.488573551e0,5.288834870e-2,3.829038739e-1,1.276346207e0,7.541461945e0,5.285134315e-1
train,3396,Nc1[nH]cc(O)c1C=O,4.332052708e0,-7.841953039e-1,3.829038739e-1,1.276346207e0,3.547857285e0,-2.600425720e0
train,3397,CC1C2CC3C(C)C1C23,9.004247665e0,4.045137465e-1,3.829038739e-1,1.276346207e0,9.408761024e0,1.991518855e0
train,3398,CC1CCC(C=O)=CN1,5.126625061e0,3.835380673e-1,3.829038739e-1,1.276346207e0,5.510163307e0,-1.062983513e0
train,3399,CCC(O)(C=O)C(C)=O,5.464046478e0,-4.572116435e-1,3.829038739e-1,1.276346207e0,5.006834984e0,-1.457334876e0
train,3400,CC(C)(C)NC(=O)C=O,4.696685314e0,1.692297906e-1,3.829038739e-1,1.276346207e0,4.865915298e0,-1.567743778e0
train,3401,C#CCCc1cc[nH]c1,6.789240837e0,-4.835844636e-1,3.829038739e-1,1.276346207e0,6.305656433e0,-4.397246540e-1
train,3402,O=C1OCC1C(F)(F)F,7.741639137e0,-4.716264307e-1,3.829038739e-1,1.276346207e0,7.270012856e0,3.158364892e-1
train,3403,C[NH+]1CCCCC(=O)C1,5.355200768e0,-2.000795156e-1,3.829038739e-1,1.276346207e0,5.155121326e0,-1.341154456e0
train,3404,C[NH2+]C1OC2CCOC21,7.205575466e0,4.968100190e-1,3.829038739e-1,1.276346207e0,7.702385426e0,6.545949578e-1
train,3405,CC1C2C3C(C[NH+]2C)[NH+]13,7.534832478e0,1.691804379e-1,3.829038739e-1,1.276346207e0,7.704012871e0,6.558700800e-1
train,3406,CC(C(N)=O)C1(C)CO1,7.466804028e0,1.640689522e-1,3.829038739e-1,1.276346207e0,7.630873203e0,5.985660553e-1
train,3407,C#CC(OC)C(C)=O,5.673573971e0,-2.369587421e-1,3.829038739e-1,1.276346207e0,5.436614990e0,-1.120607734e0
train,3408,CC1C(=O)C2C3CC2[NH+]13,5.537517071e0,7.751185298e-1,3.829038739e-1,1.276346207e0,6.312635422e0,-4.342567027e-1
train,3409,O=CC1CCC(NO)C1,6.027321815e0,-3.950911760e-1,3.829038739e-1,1.276346207e0,5.632230759e0,-9.673451781e-1
train,3410,CC(CC#N)C(O)C=O,6.386512280e0,-4.264242053e-1,3.829038739e-1,1.276346207e0,5.960088253e0,-7.104729414e-1
train,3411,CC#CC1(C)CO[CH+][NH2+]1,7.251834393e0,6.119137406e-1,3.829038739e-1,1.276346207e0,7.863748074e0,7.810205817e-1
train,3412,C1=CC2CCC1OCO2,6.587876320e0,2.374173552e-1,3.829038739e-1,1.276346207e0,6.825293541e0,-3.259549662e-2
train,3413,CC1CCC(OC=O)O1,7.562044144e0,-4.732394218e-2,3.829038739e-1,1.276346207e0,7.514719963e0,5.075614452e-1
train,3414,N#CC#Cc1ncc[nH]1,4.704848766e0,2.061573863e-1,3.829038739e-1,1.276346207e0,4.911005974e0,-1.532415748e0
train,3415,C#CC1(CC)NC1C=O,5.670852661e0,8.880260587e-2,3.829038739e-1,1.276346207e0,5.759655476e0,-8.675095439e-1
train,3416,C#CCNc1nc[nH]n1,6.215080738e0,1.099542528e-2,3.829038739e-1,1.276346207e0,6.226076126e0,-5.020748377e-1
train,3417,Cc1nn(C)cnc1=O,5.104856014e0,4.380334318e-1,3.829038739e-1,1.276346207e0,5.542889595e0,-1.037342906e0
train,3418,CC12C3C1C1(O)C2C31O,7.110334873e0,-1.492286325e-1,3.829038739e-1,1.276346207e0,6.961106300e0,7.381208986e-2
train,3419,CC(C)c1[nH]ccc1O,6.228686333e0,4.666630924e-2,3.829038739e-1,1.276346207e0,6.275352478e0,-4.634674191e-1
train,3420,OC12CC3C1C=CC32,6.179705620e0,6.341074705e-1,3.829038739e-1,1.276346207e0,6.813813210e0,-4.159019142e-2
train,3421,c1ncn2c1C1NC1C2,6.479031086e0,-1.872358769e-1,3.829038739e-1,1.276346207e0,6.291795254e0,-4.505847096e-1
train,3422,CC1C(CO)C12CCO2,7.861369133e0,4.885384813e-2,3.829038739e-1,1.276346207e0,7.910223007e0,8.174331188e-1
train,3423,CCC1CC23CC(C2)[NH+]13,7.684495449e0,-1.329287142e-1,3.829038739e-1,1.276346207e0,7.551566601e0,5.364302993e-1
train,3424,[NH-]C1NC(C=O)=CC1O,4.215043545e0,3.799378872e-2,3.829038739e-1,1.276346207e0,4.253037453e0,-2.047925711e0
train,3425,C1OCC12C1C3NC3C12,7.504899979e0,5.461747050e-1,3.829038739e-1,1.276346207e0,8.051074982e0,9.277888536e-1
train,3426,O=CC12C3CC4C3[NH+]1C42,5.847726822e0,6.635228395e-1,3.829038739e-1,1.276346207e0,6.511249542e0,-2.786450088e-1
train,3427,CNC1CNC([NH-])C1=O,4.699406624e0,5.662952662e-1,3.829038739e-1,1.276346207e0,5.265701771e0,-1.254516006e0
train,3428,N#CC1CCC12CC2O,7.902186394e0,-8.674083352e-1,3.829038739e-1,1.276346207e0,7.034778118e0,1.315330416e-1
train,3429,COc1nc(C)[nH]c1O,5.771534920e0,-4.776526093e-1,3.829038739e-1,1.276346207e0,5.293882370e0,-1.232436895e0
train,3430,C#CC([NH2+]C)OC(C)C,6.117119789e0,-3.868348897e-1,3.829038739e-1,1.276346207e0,5.730284691e0,-8.905211687e-1
train,3431,CC(C)C12CC1C([NH-])O2,7.605582714e0,-5.343642831e-1,3.829038739e-1,1.276346207e0,7.071218491e0,1.600836068e-1
train,3432,CC(=O)OC1(C)CC1,7.537554264e0,2.445699722e-1,3.829038739e-1,1.276346207e0,7.782124043e0,7.170691490e-1
train,3433,CC(O)C1OCC1NO,6.525290489e0,-1.705616266e-1,3.829038739e-1,1.276346207e0,6.354728699e0,-4.012771249e-1
train,3434,COC1CC2(C1)CC2C,8.849142075e0,1.543030292e-1,3.829038739e-1,1.276346207e0,9.003444672e0,1.673958540e0
train,3435,CC1C2OC3C([NH-])[NH+]1C23,5.866774559e0,-1.000045687e-1,3.829038739e-1,1.276346207e0,5.766769886e0,-8.619354963e-1
train,3436,OCC12C3CC1(O)C[NH+]32,7.668168545e0,3.838914633e-1,3.829038739e-1,1.276346207e0,8.052060127e0,9.285607338e-1
train,3437,CC([NH-])OCC(=O)C=O,4.272187710e0,2.558929026e-1,3.829038739e-1,1.276346207e0,4.528080463e0,-1.832433105e0
train,3438,O=CCn1cnc(O)c1,4.438177109e0,3.708513677e-1,3.829038739e-1,1.276346207e0,4.809028625e0,-1.612313747e0
train,3439,CC12COC13C=CC2C3,6.307599545e0,-2.285381258e-1,3.829038739e-1,1.276346207e0,6.079061508e0,-6.172589064e-1
train,3440,O=C1OCC2C[NH2+][CH+]N12,6.805567265e0,-1.693268269e-1,3.829038739e-1,1.276346207e0,6.636240482e0,-1.807161868e-1
train,3441,CC(C)(CC=O)CCO,6.027321815e0,1.562135369e-1,3.829038739e-1,1.276346207e0,6.183535576e0,-5.354048014e-1
train,3442,CC12CC1CC(O)C2O,8.296751022e0,-1.858763993e-1,3.829038739e-1,1.276346207e0,8.110874176e0,9.746407866e-1
train,3443,N#CC12CC[NH2+]C1OC2,7.001489162e0,-4.966008365e-1,3.829038739e-1,1.276346207e0,6.504888535e0,-2.836287916e-1
train,3444,O=C(CO)C1CO[CH+][NH2+]1,6.068139076e0,4.689887464e-1,3.829038739e-1,1.276346207e0,6.537127972e0,-2.583695948e-1
train,3445,CC(O)C1CC(O)C1C,8.547096252e0,-2.777354419e-1,3.829038739e-1,1.276346207e0,8.269360542e0,1.098812819e0
train,3446,CC1C2CC3C2C13C,9.123977661e0,-2.764149606e-1,3.829038739e-1,1.276346207e0,8.847562790e0,1.551827073e0
train,3447,CCOC1C(=O)CC1C,5.474930763e0,-1.379909832e-2,3.829038739e-1,1.276346207e0,5.461131573e0,-1.101399302e0
train,3448,N#CC1CC2CC2O1,7.472246647e0,-1.978298724e-1,3.829038739e-1,1.276346207e0,7.274416924e0,3.192870319e-1
train,3449,CC1OC([NH-])C2COC12,7.542996407e0,-8.984557986e-1,3.829038739e-1,1.276346207e0,6.644540787e0,-1.742130071e-1
train,3450,C[NH2+]C1CC=CCO1,6.734817982e0,-1.825828403e-1,3.829038739e-1,1.276346207e0,6.552235126e0,-2.465333343e-1
train,3451,CC(=O)C1NCC(C)[NH2+]1,4.631378174e0,-7.311960310e-2,3.829038739e-1,1.276346207e0,4.558258533e0,-1.808788896e0
train,3452,CC1C=CC2NC2C1,6.753865719e0,-4.207733572e-1,3.829038739e-1,1.276346207e0,6.333092213e0,-4.182290435e-1
train,3453,C#CC1(O)CCC1CC,7.899465561e0,-7.145809382e-2,3.829038739e-1,1.276346207e0,7.828007698e0,7.530184388e-1
train,3454,C1=C2COC2CCCC1,6.805567265e0,-2.475162894e-1,3.829038739e-1,1.276346207e0,6.558051109e0,-2.419765890e-1
train,3455,CC12CCC3C(C1)C32O,8.291309357e0,-5.634047557e-3,3.829038739e-1,1.276346207e0,8.285675049e0,1.111595035e0
train,3456,NC(=O)N1CC2OCC21,7.806946754e0,3.307009637e-1,3.829038739e-1,1.276346207e0,8.137647629e0,9.956174493e-1
train,3457,O=COCCOC1CC1,7.504899979e0,-1.955211610e-1,3.829038739e-1,1.276346207e0,7.309378624e0,3.466790915e-1
train,3458,COC(CCO)C(N)=O,7.208295822e0,6.469379365e-2,3.829038739e-1,1.276346207e0,7.272989750e0,3.181688488e-1
train,3459,CC1C2C(O)C(O)C12O,8.375664711e0,-8.537779748e-2,3.829038739e-1,1.276346207e0,8.290287018e0,1.115208507e0
train,3460,CCN1C(=O)CCC1[NH-],6.702164173e0,2.378646880e-1,3.829038739e-1,1.276346207e0,6.940028667e0,5.729803443e-2
train,3461,N#CC1CC2CC3C1C23,8.451856613e0,1.982671171e-1,3.829038739e-1,1.276346207e0,8.650123596e0,1.397135973e0
train,3462,CC1CC2C=CC1C2C,6.963393688e0,4.474125803e-2,3.829038739e-1,1.276346207e0,7.008134842e0,1.106583625e-1
train,3463,[NH-]C1CNCCOCO1,6.666789532e0,1.519278884e-1,3.829038739e-1,1.276346207e0,6.818717480e0,-3.774775937e-2
train,3464,CCC1C2COCC1O2,8.408317566e0,6.224812865e-1,3.829038739e-1,1.276346207e0,9.030798912e0,1.695390224e0
train,3465,CCC1CC2CC2C1O,8.756624222e0,-5.670968890e-1,3.829038739e-1,1.276346207e0,8.189527512e0,1.036264658e0
train,3466,COC1CC=CC2CC21,6.704885483e0,-4.229161143e-1,3.829038739e-1,1.276346207e0,6.281969547e0,-4.582830071e-1
train,3467,CCCc1nc(N)no1,6.272224426e0,1.426213831e-1,3.829038739e-1,1.276346207e0,6.414845943e0,-3.541760445e-1
train,3468,CC(O)CCC1CC1,9.009689331e0,-1.586145312e-1,3.829038739e-1,1.276346207e0,8.851075172e0,1.554578900e0
train,3469,[NH-]C1OC2C3CC3(O)C12,7.507621288e0,-6.613934040e-1,3.829038739e-1,1.276346207e0,6.846227646e0,-1.619388908e-2
train,3470,Oc1noc2occc12,6.378348827e0,3.385785222e-2,3.829038739e-1,1.276346207e0,6.412206650e0,-3.562438786e-1
train,3471,[NH-]c1[nH]c(C=O)cc1O,3.444961309e0,3.152103722e-1,3.829038739e-1,1.276346207e0,3.760171652e0,-2.434079885e0
train,3472,N#CCC1(CC=O)CO1,6.087186813e0,9.696010500e-2,3.829038739e-1,1.276346207e0,6.184146881e0,-5.349258184e-1
train,3473,CC1CC([NH+]2CC2C)C1,8.204232216e0,5.284608006e-1,3.829038739e-1,1.276346207e0,8.732692719e0,1.461827755e0
train,3474,CC(C=O)C1CNC1=O,6.068139076e0,2.744577527e-1,3.829038739e-1,1.276346207e0,6.342597008e0,-4.107821584e-1
train,3475,COC(C)C#CCC#N,7.499457359e0,4.043322504e-1,3.829038739e-1,1.276346207e0,7.903789520e0,8.123925328e-1
train,3476,CC#Cc1ccoc1N,5.526632309e0,1.102336347e-1,3.829038739e-1,1.276346207e0,5.636866093e0,-9.637134671e-1
train,3477,CC1CC(C)C1C#N,8.996084213e0,-1.775689125e-1,3.829038739e-1,1.276346207e0,8.818515778e0,1.529069066e0
train,3478,CC(=O)c1cncn1C,5.363364220e0,-4.019103646e-1,3.829038739e-1,1.276346207e0,4.961453915e0,-1.492890477e0
train,3479,C1CC2OC3CCC23O1,8.201511383e0,-2.907871306e-1,3.829038739e-1,1.276346207e0,7.910724163e0,8.178257346e-1
train,3480,CC1(C)[NH2+][CH+]OC12CC2,7.072239399e0,-7.336752415e-1,3.829038739e-1,1.276346207e0,6.338563919e0,-4.139420390e-1
train,3481,[H]N=CNC(=O)N(C)C=N[H],6.356579781e0,4.715037346e-1,3.829038739e-1,1.276346207e0,6.828083515e0,-3.040958755e-2
train,3482,CC12CC1CCCO2,8.261377335e0,3.523132503e-1,3.829038739e-1,1.276346207e0,8.613690376e0,1.368590951e0
train,3483,CNc1ncoc1C=O,4.601445198e0,-1.146575809e-1,3.829038739e-1,1.276346207e0,4.486787796e0,-1.864785314e0
train,3484,Cc1oc(=O)[nH]c1N,6.457261562e0,-5.752111077e-1,3.829038739e-1,1.276346207e0,5.882050514e0,-7.716145515e-1
train,3485,CCC1CC12CC=CC2,7.178363323e0,-3.204462230e-1,3.829038739e-1,1.276346207e0,6.857917309e0,-7.035184652e-3
train,3486,COC12CC3C(=O)C1C32,6.604203224e0,-1.594308577e-2,3.829038739e-1,1.276346207e0,6.588260174e0,-2.183081657e-1
train,3487,COC(C#N)CO,8.092665672e0,-4.695842788e-2,3.829038739e-1,1.276346207e0,8.045707703e0,9.235836864e-1
train,3488,CC12C=CC(C1)OC2=O,6.068139076e0,4.400217831e-1,3.829038739e-1,1.276346207e0,6.508161068e0,-2.810648084e-1
train,3489,N#CC12C[NH+]3C1C(O)C32,7.591977119e0,-2.963613570e-1,3.829038739e-1,1.276346207e0,7.295615673e0,3.358959854e-1
train,3490,CC(C)C1(O)CC(O)C1,8.688595772e0,7.812041044e-1,3.829038739e-1,1.276346207e0,9.469799995e0,2.039342165e0
train,3491,CCOC1(C)CCC1,8.851863861e0,-3.955586627e-2,3.829038739e-1,1.276346207e0,8.812308311e0,1.524205565e0
train,3492,Nc1ncc(O)c(N)n1,5.110298157e0,-1.239714473e-1,3.829038739e-1,1.276346207e0,4.986326694e0,-1.473402858e0
train,3493,[H]N=CN1C(=O)CC=C1C,5.559286118e0,-5.114665031e-1,3.829038739e-1,1.276346207e0,5.047819614e0,-1.425223947e0
train,3494,CC12C[NH+]1CC21CO1,8.519885063e0,-8.405405283e-2,3.829038739e-1,1.276346207e0,8.435831070e0,1.229240417e0
train,3495,CCOCC1CC(=O)O1,7.657283783e0,-2.987098647e-3,3.829038739e-1,1.276346207e0,7.654296875e0,6.169182062e-1
train,3496,CC1OC2C(CO)C12C,8.266819000e0,5.572714210e-1,3.829038739e-1,1.276346207e0,8.824090004e0,1.533436418e0
train,3497,C#CC(=O)CC1(O)CC1,4.898049831e0,-1.065782364e-2,3.829038739e-1,1.276346207e0,4.887392044e0,-1.550916910e0
train,3498,CC1=C(C)CC(C)CC1,6.922576904e0,1.713238657e-1,3.829038739e-1,1.276346207e0,7.093900681e0,1.778548211e-1
train,3499,OCC1C[NH+]2CC12CO,8.264098167e0,-3.434559107e-1,3.829038739e-1,1.276346207e0,7.920642376e0,8.255965710e-1
train,3500,CN1C(=O)C2CN2C1=O,6.432771206e0,-2.843519449e-1,3.829038739e-1,1.276346207e0,6.148419380e0,-5.629178882e-1
train,3501,CC12NC3C(NC31)C2O,7.771572113e0,7.024890184e-1,3.829038739e-1,1.276346207e0,8.474061012e0,1.259193063e0
train,3502,CCC12COC([NH-])C1O2,7.276324272e0,-1.886095703e-1,3.829038739e-1,1.276346207e0,7.087714672e0,1.730081588e-1
train,3503,CC1C2N[CH+][NH2+]C12C#N,6.653183937e0,5.486952066e-1,3.829038739e-1,1.276346207e0,7.201879025e0,2.624545097e-1
train,3504,O=CC12NC1C1CC2C1,6.008274078e0,-1.526986361e-1,3.829038739e-1,1.276346207e0,5.855575562e0,-7.923573256e-1
train,3505,CC1(C)CC2C(C=O)C21,5.913033962e0,-3.932745755e-1,3.829038739e-1,1.276346207e0,5.519759178e0,-1.055465221e0
train,3506,C1=CCC2(COC2)OC1,7.085844994e0,-9.918998927e-2,3.829038739e-1,1.276346207e0,6.986655235e0,9.382936358e-2
train,3507,Cc1nn(C)nnc1=O,4.476273060e0,-1.146945730e-1,3.829038739e-1,1.276346207e0,4.361578465e0,-1.962885261e0
train,3508,Cc1nn(C)c(O)c1C,6.838221550e0,-4.538301229e-1,3.829038739e-1,1.276346207e0,6.384391308e0,-3.780368567e-1
train,3509,CC#Cc1cnc(N)o1,5.148394108e0,3.759117723e-1,3.829038739e-1,1.276346207e0,5.524305820e0,-1.051903009e0
train,3510,CC1COC(C(C)C)[NH2+]1,7.347074509e0,5.005979538e-1,3.829038739e-1,1.276346207e0,7.847672462e0,7.684255242e-1
train,3511,C#CC12C3NC1C3[NH+]2C,6.576991558e0,1.418648809e-1,3.829038739e-1,1.276346207e0,6.718856335e0,-1.159877107e-1
train,3512,CC1=C(C)C(C)NC1=O,6.073581219e0,-5.229687691e-1,3.829038739e-1,1.276346207e0,5.550612450e0,-1.031292081e0
train,3513,CC1C2C3CCC(O3)C12,9.015131950e0,1.626810133e-1,3.829038739e-1,1.276346207e0,9.177812576e0,1.810573578e0
train,3514,CC1C(=O)NC1C=O,5.834120750e0,-1.607032418e-1,3.829038739e-1,1.276346207e0,5.673417568e0,-9.350758195e-1
train,3515,Cn1ncnc1NC=O,6.236849785e0,-1.640499234e-1,3.829038739e-1,1.276346207e0,6.072799683e0,-6.221649647e-1
train,3516,CCC1C=C(C)NC1=O,5.823236465e0,5.997391045e-2,3.829038739e-1,1.276346207e0,5.883210182e0,-7.707059979e-1
train,3517,NC(=O)C1COC1C=O,6.032763958e0,3.863677382e-1,3.829038739e-1,1.276346207e0,6.419131756e0,-3.508181572e-1
train,3518,CC1(C=O)C2C[NH+]1C2,5.760650635e0,-2.641313076e-1,3.829038739e-1,1.276346207e0,5.496519089e0,-1.073673606e0
train,3519,O=CCC1(O)CC(=O)C1,5.842284679e0,3.342486918e-1,3.829038739e-1,1.276346207e0,6.176533222e0,-5.408910513e-1
train,3520,Cc1cc(C#N)n[nH]1,6.400117874e0,-2.905067205e-1,3.829038739e-1,1.276346207e0,6.109611034e0,-5.933237672e-1
train,3521,CC1CC2CC2C(C)O1,8.808325768e0,6.685231626e-2,3.829038739e-1,1.276346207e0,8.875178337e0,1.573463440e0
train,3522,O=CC1C=CC2CC1C2,5.635478020e0,-2.722729146e-1,3.829038739e-1,1.276346207e0,5.363204956e0,-1.178123474e0
train,3523,CCC1OC2CC1(C)C2,8.707643509e0,6.090644002e-1,3.829038739e-1,1.276346207e0,9.316707611e0,1.919396162e0
train,3524,CCOC(C=O)C=O,5.355200768e0,-4.734010398e-1,3.829038739e-1,1.276346207e0,4.881799698e0,-1.555298448e0
train,3525,C#CC[NH+](CC)CC=O,5.390575409e0,1.890507191e-1,3.829038739e-1,1.276346207e0,5.579626083e0,-1.008560300e0
train,3526,COCC1CCC1,9.281804085e0,-2.417761832e-1,3.829038739e-1,1.276346207e0,9.040027618e0,1.702620864e0
train,3527,CC1=CC(C)OC(=O)C1,7.153872967e0,-2.114996612e-1,3.829038739e-1,1.276346207e0,6.942373276e0,5.913500488e-2
train,3528,[NH-]C1OCC2C[NH+]3C2C13,6.898086548e0,-4.646070600e-1,3.829038739e-1,1.276346207e0,6.433479309e0,-3.395770192e-1
train,3529,OC1CC12CCCC2,9.017853737e0,2.482993007e-1,3.829038739e-1,1.276346207e0,9.266153336e0,1.879787445e0
train,3530,O=CNC(=O)N1CC1,6.293993473e0,-5.211201906e-1,3.829038739e-1,1.276346207e0,5.772873402e0,-8.571534753e-1
train,3531,CNC(=O)CC#CC#N,5.757929325e0,-7.396290302e-1,3.829038739e-1,1.276346207e0,5.018300056e0,-1.448352218e0
train,3532,CC(O)CCCNC=O,7.711706638e0,-2.090698779e-1,3.829038739e-1,1.276346207e0,7.502636909e0,4.980945289e-1
train,3533,COC1OCCC1(C)C,9.132141113e0,6.203272343e-1,3.829038739e-1,1.276346207e0,9.752468109e0,2.260808945e0
train,3534,OC1COC2CC2OC1,8.653220177e0,4.962902665e-1,3.829038739e-1,1.276346207e0,9.149510384e0,1.788399220e0
train,3535,C1CC2CC2C2(CC2)O1,8.593356133e0,-2.158673257e-1,3.829038739e-1,1.276346207e0,8.377489090e0,1.183530211e0
train,3536,CCC1CC12CCC2=O,5.937524319e0,-9.991954565e-1,3.829038739e-1,1.276346207e0,4.938328743e0,-1.511008739e0
train,3537,OC1C2C=CCCC12O,6.544338226e0,6.582304835e-1,3.829038739e-1,1.276346207e0,7.202568531e0,2.629947066e-1
train,3538,O=C1CCC2CCCN12,7.317142010e0,2.688376904e-1,3.829038739e-1,1.276346207e0,7.585979462e0,5.633923411e-1
train,3539,O=CC1CCOC(=O)C1,6.008274078e0,-1.835573316e-1,3.829038739e-1,1.276346207e0,5.824716568e0,-8.165349960e-1
train,3540,CNC1(C#N)CC1(C)N,7.251834393e0,6.686655879e-1,3.829038739e-1,1.276346207e0,7.920499802e0,8.254848719e-1
train,3541,C#CC(C)C(CC)CO,8.413760185e0,-1.858406067e-1,3.829038739e-1,1.276346207e0,8.227919579e0,1.066344380e0
train,3542,CC1OCC2CC1O2,8.729413033e0,5.650767684e-1,3.829038739e-1,1.276346207e0,9.294489861e0,1.901988745e0
train,3543,CC1(O)CC2CCC21C,8.620567322e0,5.547075868e-1,3.829038739e-1,1.276346207e0,9.175274849e0,1.808585286e0
train,3544,N#CC(O)C#CC(N)=O,6.253176689e0,1.297563314e-1,3.829038739e-1,1.276346207e0,6.382933140e0,-3.791792989e-1
train,3545,CC(=O)COC(C)C#N,5.975620270e0,-8.233980089e-2,3.829038739e-1,1.276346207e0,5.893280506e0,-7.628160119e-1
train,3546,C1=CC2CC2([NH+]2CC2)C1,6.313041210e0,1.089843288e-1,3.829038739e-1,1.276346207e0,6.422025681e0,-3.485507965e-1
train,3547,CCCNc1nn[nH]n1,5.602824211e0,2.671539187e-1,3.829038739e-1,1.276346207e0,5.869977951e0,-7.810732722e-1
train,3548,CC1OC2CCC1C2=O,5.654525757e0,-6.816822886e-1,3.829038739e-1,1.276346207e0,4.972843647e0,-1.483966708e0
train,3549,CC12CC1CC2C#N,8.182463646e0,-3.067627549e-1,3.829038739e-1,1.276346207e0,7.875700951e0,7.903854847e-1
train,3550,N#CC12CC3OC3C1C2,7.953887463e0,4.109327495e-1,3.829038739e-1,1.276346207e0,8.364820480e0,1.173604488e0
train,3551,CC1=CC2(C)OC2C1C,6.571549892e0,1.173017994e-1,3.829038739e-1,1.276346207e0,6.688851833e0,-1.394958645e-1
train,3552,O=CC#CC1C[NH+]2CC12,5.132067680e0,2.729553580e-1,3.829038739e-1,1.276346207e0,5.405023098e0,-1.145359516e0
train,3553,CC1[NH2+]C(N)C(O)C1O,6.974278450e0,6.351283193e-1,3.829038739e-1,1.276346207e0,7.609406948e0,5.817475319e-1
train,3554,N#CC1CC12NCC2O,7.085844994e0,2.252044380e-1,3.829038739e-1,1.276346207e0,7.311049461e0,3.479881585e-1
train,3555,[NH-]C1CCN1C(=O)C=O,4.604166508e0,-2.162149101e-1,3.829038739e-1,1.276346207e0,4.387951374e0,-1.942222476e0
train,3556,C#CC1(O)CCC1(C)O,7.521226883e0,6.515246630e-2,3.829038739e-1,1.276346207e0,7.586379528e0,5.637058020e-1
train,3557,C[NH2+]C1OCC1C(N)=O,7.055912018e0,-6.454122066e-1,3.829038739e-1,1.276346207e0,6.410499573e0,-3.575813472e-1
train,3558,C[NH+]1C2C3C2C(C)(C)C31,7.613745689e0,-1.009524241e-1,3.829038739e-1,1.276346207e0,7.512793064e0,5.060517192e-1
train,3559,O=C1CC2CCCC1C2,5.978341103e0,3.892784938e-2,3.829038739e-1,1.276346207e0,6.017269135e0,-6.656724811e-1
train,3560,CC12C=CC3CC1[NH+]32,5.893986225e0,3.841947317e-1,3.829038739e-1,1.276346207e0,6.278181076e0,-4.612512290e-1
train,3561,O=CC12C3C[NH+]1C1C3C12,5.259960651e0,-9.106512070e-1,3.829038739e-1,1.276346207e0,4.349309444e0,-1.972497940e0
train,3562,[NH-]C1CCC2(CCC2)O1,7.687216282e0,-6.140426397e-1,3.829038739e-1,1.276346207e0,7.073173523e0,1.616153568e-1
train,3563,C[NH+]1CCC(N)C1C#N,6.993326187e0,-5.868468285e-1,3.829038739e-1,1.276346207e0,6.406479359e0,-3.607311547e-1
train,3564,CC12C(O)C1CC1OC12,8.201511383e0,-7.735267282e-2,3.829038739e-1,1.276346207e0,8.124158859e0,9.850491285e-1
train,3565,C#CC(=O)C#CCO,5.208259583e0,4.816520512e-1,3.829038739e-1,1.276346207e0,5.689911842e0,-9.221528172e-1
train,3566,C1CC2CC2C2CC2C1,8.767508507e0,1.546028703e-1,3.829038739e-1,1.276346207e0,8.922111511e0,1.610234976e0
train,3567,O=C1C2NC2C2C(O)C12,5.436834812e0,-9.964452684e-2,3.829038739e-1,1.276346207e0,5.337190151e0,-1.198505759e0
train,3568,C#CCC1CCC1O,8.514442444e0,-6.704887748e-1,3.829038739e-1,1.276346207e0,7.843953609e0,7.655118704e-1
train,3569,CC(=O)C1(C)CCC1=O,5.382411957e0,2.310282886e-1,3.829038739e-1,1.276346207e0,5.613440037e0,-9.820674658e-1
train,3570,CC1(C2COCO2)CC1,9.178400040e0,-4.877895117e-1,3.829038739e-1,1.276346207e0,8.690610886e0,1.428857207e0
train,3571,OC1CC=C2CCC=C21,5.300777912e0,4.974750280e-1,3.829038739e-1,1.276346207e0,5.798253059e0,-8.372688293e-1
train,3572,[NH-]C1CC2(C=CCC2)O1,6.917134762e0,-1.801758446e-2,3.829038739e-1,1.276346207e0,6.899116993e0,2.524425089e-2
train,3573,Oc1cc2n(c1)CC=C2,4.440898418e0,1.002833247e-1,3.829038739e-1,1.276346207e0,4.541181564e0,-1.822168469e0
train,3574,CC1[NH2+]C2C3C1C1C3[NH+]21,4.269466400e0,-1.562094390e-1,3.829038739e-1,1.276346207e0,4.113256931e0,-2.157442093e0
train,3575,C#CC#CC(=O)CC#N,4.993289471e0,1.113925427e-1,3.829038739e-1,1.276346207e0,5.104681969e0,-1.380673051e0
train,3576,C#CCC1(C)CC(=O)C1,6.010994911e0,-1.279352326e-2,3.829038739e-1,1.276346207e0,5.998201370e0,-6.806118488e-1
train,3577,CC1CC(=O)CC(=O)C1,5.708949089e0,2.159515619e-1,3.829038739e-1,1.276346207e0,5.924900532e0,-7.380421162e-1
train,3578,N#CCc1[nH]ccc1O,6.198753357e0,-2.901425958e-1,3.829038739e-1,1.276346207e0,5.908610821e0,-7.508049011e-1
train,3579,COCC12CC(=O)N1C2,6.430050850e0,6.887657642e-1,3.829038739e-1,1.276346207e0,7.118816376e0,1.973759532e-1
train,3580,Cc1n[n+]2cc[nH]c2o1,5.828679085e0,-2.334410697e-1,3.829038739e-1,1.276346207e0,5.595238209e0,-9.963284135e-1
train,3581,CC1(C)C[NH2+]C2OCC21,7.221901417e0,-3.676596284e-2,3.829038739e-1,1.276346207e0,7.185135365e0,2.493360490e-1
train,3582,CCC12OC(C)C1C2C,8.383827209e0,-5.251770616e-1,3.829038739e-1,1.276346207e0,7.858650208e0,7.770264745e-1
train,3583,N#CC1OCOC12CC2,7.480409622e0,1.941577196e-1,3.829038739e-1,1.276346207e0,7.674567223e0,6.327997446e-1
train,3584,O=CC12C[NH+]3C4C(C41)C32,5.398738861e0,2.419913560e-1,3.829038739e-1,1.276346207e0,5.640730381e0,-9.606858492e-1
train,3585,N#CC(N)C1CC(=O)O1,7.401497364e0,-2.382068522e-2,3.829038739e-1,1.276346207e0,7.377676487e0,4.001896083e-1
train,3586,CC1[NH+](C)CC12CO2,7.782456875e0,2.672838867e-1,3.829038739e-1,1.276346207e0,8.049740791e0,9.267435074e-1
train,3587,N#CC1(O)C2C3OC3C21,7.363400936e0,-1.616812795e-1,3.829038739e-1,1.276346207e0,7.201719761e0,2.623297274e-1
train,3588,CC1OC2(CC2)C12CO2,8.408317566e0,-7.715942711e-2,3.829038739e-1,1.276346207e0,8.331157684e0,1.147230148e0
train,3589,O=C1CC(CO)(CO)N1,7.314420223e0,-3.487749696e-1,3.829038739e-1,1.276346207e0,6.965645313e0,7.736835629e-2
train,3590,OC1C(O)C2OCC12,7.763408184e0,3.931789994e-1,3.829038739e-1,1.276346207e0,8.156587601e0,1.010456681e0
train,3591,O=COC1CCC1=O,5.738881111e0,-2.894579470e-1,3.829038739e-1,1.276346207e0,5.449423313e0,-1.110572577e0
train,3592,CC(O)Cn1ccnn1,7.006931782e0,4.449036419e-1,3.829038739e-1,1.276346207e0,7.451835632e0,4.582923651e-1
train,3593,C#CC1CC2NC12,7.679053307e0,1.346054226e-1,3.829038739e-1,1.276346207e0,7.813658714e0,7.417761683e-1
train,3594,CC([NH-])Oc1cnc[nH]1,5.542959213e0,-4.617793560e-1,3.829038739e-1,1.276346207e0,5.081179619e0,-1.399086833e0
train,3595,CC1C2CCCC12C#N,8.326683998e0,-3.275960982e-1,3.829038739e-1,1.276346207e0,7.999087811e0,8.870575428e-1
train,3596,CCC(C)OC(=O)NC,8.609682083e0,-4.565161765e-1,3.829038739e-1,1.276346207e0,8.153165817e0,1.007775784e0
train,3597,CC1(C#N)CC(O)C1O,8.125319481e0,2.295288295e-1,3.829038739e-1,1.276346207e0,8.354847908e0,1.165791154e0
train,3598,C#CC1(C)OCC(=O)O1,7.483131409e0,-4.587297514e-2,3.829038739e-1,1.276346207e0,7.437258244e0,4.468711615e-1
train,3599,C#CC1C2COC12CO,7.553880215e0,-6.462350488e-1,3.829038739e-1,1.276346207e0,6.907645226e0,3.192601353e-2
train,3600,CCC(C#CCO)C=O,5.937524319e0,4.200837910e-1,3.829038739e-1,1.276346207e0,6.357608318e0,-3.990209997e-1
train,3601,CCC1OCCC1OC,8.794719696e0,-1.609814167e-1,3.829038739e-1,1.276346207e0,8.633738518e0,1.384298444e0
train,3602,CC1CC1c1cnn[nH]1,6.666789532e0,8.599874973e-1,3.829038739e-1,1.276346207e0,7.526777267e0,5.170081854e-1
train,3603,CCCc1cn(C)nn1,6.764750481e0,-1.772049218e-1,3.829038739e-1,1.276346207e0,6.587545395e0,-2.188681811e-1
train,3604,NC(=O)N1CCC(O)C1,7.581092358e0,-1.750728302e-2,3.829038739e-1,1.276346207e0,7.563585281e0,5.458468199e-1
train,3605,Nc1onnc1CCO,5.646362305e0,-7.825708389e-1,3.829038739e-1,1.276346207e0,4.863791466e0,-1.569407701e0
train,3606,C#CC1CCC12CC2O,8.016474724e0,5.059061050e-1,3.829038739e-1,1.276346207e0,8.522380829e0,1.297051072e0
train,3607,CNC(=O)CC1CN1,7.472246647e0,-8.444385529e-1,3.829038739e-1,1.276346207e0,6.627808094e0,-1.873228699e-1
train,3608,CC#CC#CC1COC1,6.027321815e0,-2.535589933e-1,3.829038739e-1,1.276346207e0,5.773762703e0,-8.564566970e-1
train,3609,CC1=C(C)C2C3CC1C32,6.334810734e0,2.654089630e-1,3.829038739e-1,1.276346207e0,6.600219727e0,-2.089380026e-1
train,3610,CC1=CC2(C)NC2C1O,6.541617393e0,3.169772327e-1,3.829038739e-1,1.276346207e0,6.858594418e0,-6.504678633e-3
train,3611,OCC1COCCCO1,8.849142075e0,-3.746109307e-1,3.829038739e-1,1.276346207e0,8.474531174e0,1.259561419e0
train,3612,C#CC(C)(C#N)C=O,5.937524319e0,-3.780587614e-1,3.829038739e-1,1.276346207e0,5.559465408e0,-1.024355888e0
train,3613,OCC1C2CC(O)C1O2,8.400155067e0,-9.940917790e-2,3.829038739e-1,1.276346207e0,8.300745964e0,1.123402953e0
train,3614,Cc1ccn2c1CCC2,6.598761082e0,1.042598784e-1,3.829038739e-1,1.276346207e0,6.703021049e0,-1.283944547e-1
train,3615,CCC1OC12C[NH+](C)C2,8.081781387e0,-1.502802074e-1,3.829038739e-1,1.276346207e0,7.931501389e0,8.341044784e-1
train,3616,N#CC1(O)C(=O)C2NC21,5.469488621e0,4.700197875e-1,3.829038739e-1,1.276346207e0,5.939508438e0,-7.265970111e-1
train,3617,C1OC1C1C2CCC1O2,8.881796837e0,3.903631568e-1,3.829038739e-1,1.276346207e0,9.272159576e0,1.884493351e0
train,3618,CC#CC1(N)CC1C#N,7.292651653e0,-4.231056944e-2,3.829038739e-1,1.276346207e0,7.250340939e0,3.004238009e-1
train,3619,CC1C(O)C12OC1CC12,7.937561512e0,3.365695775e-1,3.829038739e-1,1.276346207e0,8.274130821e0,1.102550268e0
train,3620,CC1C2C(O)C1C1NC12,7.904907227e0,1.741497815e-1,3.829038739e-1,1.276346207e0,8.079056740e0,9.497122169e-1
train,3621,COCC1NC2COC12,8.076338768e0,-1.213498637e-1,3.829038739e-1,1.276346207e0,7.954988956e0,8.525066376e-1
train,3622,COCC1(C)C[NH+]2CC21,8.457298279e0,1.360885054e-1,3.829038739e-1,1.276346207e0,8.593386650e0,1.352683187e0
train,3623,CC12CC=CC1(C#N)O2,6.479031086e0,-1.674219370e-1,3.829038739e-1,1.276346207e0,6.311609268e0,-4.350606799e-1
train,3624,N#CC[NH+]1CC2OC2C1,7.009653091e0,-3.456601873e-2,3.829038739e-1,1.276346207e0,6.975087166e0,8.476592600e-2
train,3625,CN(C=O)CC(C)(C)O,7.366122246e0,-1.269711740e-2,3.829038739e-1,1.276346207e0,7.353425026e0,3.811888993e-1
train,3626,COC(=O)C1C=CCN1,6.337531567e0,-8.982956409e-3,3.829038739e-1,1.276346207e0,6.328548431e0,-4.217890501e-1
train,3627,CC#CC1[NH2+]C(C)CO1,5.907591820e0,5.044169724e-2,3.829038739e-1,1.276346207e0,5.958033562e0,-7.120828032e-1
train,3628,COC12CC1C1C(C)C12,7.575649738e0,2.311041802e-1,3.829038739e-1,1.276346207e0,7.806754112e0,7.363665104e-1
train,3629,C#CC(CC1CC1)=NO,5.619151115e0,1.344885677e-1,3.829038739e-1,1.276346207e0,5.753639698e0,-8.722228408e-1
train,3630,COC1CC2CC1O2,8.925334930e0,3.601006269e-1,3.829038739e-1,1.276346207e0,9.285435677e0,1.894894958e0
train,3631,C1CC1[NH+]1CC12COC2,8.098108292e0,-4.244494140e-1,3.829038739e-1,1.276346207e0,7.673658848e0,6.320880651e-1
train,3632,OCC1CC2C(CO)C12,8.636894226e0,-6.829394400e-2,3.829038739e-1,1.276346207e0,8.568600655e0,1.333263755e0
train,3633,N#CCC1NC2CC12O,7.227344036e0,-4.367473349e-2,3.829038739e-1,1.276346207e0,7.183669090e0,2.481872439e-1
train,3634,Cc1[nH]c(CO)nc1O,5.880380630e0,-2.227478325e-1,3.829038739e-1,1.276346207e0,5.657632828e0,-9.474430084e-1
train,3635,C1CC2C3CCC2C13,9.970252037e0,1.397500485e-1,3.829038739e-1,1.276346207e0,1.011000252e1,2.540932655e0
train,3636,O=COc1nc(O)c[nH]1,5.172884464e0,6.685492396e-2,3.829038739e-1,1.276346207e0,5.239739418e0,-1.274857283e0
train,3637,C#Cc1c(N)noc1N,5.877659321e0,-2.580703199e-1,3.829038739e-1,1.276346207e0,5.619588852e0,-9.772499800e-1
train,3638,N#CC1N[CH+][NH2+]C1C=O,5.749765873e0,-3.239699006e-1,3.829038739e-1,1.276346207e0,5.425796032e0,-1.129084229e0
train,3639,CCC1(O)CC1(C)CO,8.650499344e0,3.073640168e-2,3.829038739e-1,1.276346207e0,8.681235313e0,1.421511531e0
train,3640,CC(C1CC1)C(C)(C)O,8.985198975e0,4.088076353e-1,3.829038739e-1,1.276346207e0,9.394006729e0,1.979959011e0
train,3641,O=CCCC1CCC1,6.225965023e0,7.867150754e-2,3.829038739e-1,1.276346207e0,6.304636478e0,-4.405237734e-1
train,3642,OC1C(O)C12CCC2,7.575649738e0,3.085814975e-2,3.829038739e-1,1.276346207e0,7.606507778e0,5.794760585e-1
train,3643,CC#CC1CC(C#N)O1,6.827336788e0,-2.418527305e-1,3.829038739e-1,1.276346207e0,6.585484028e0,-2.204832435e-1
train,3644,CC1CC(=O)CC2OC12,6.122561455e0,-7.213503122e-2,3.829038739e-1,1.276346207e0,6.050426483e0,-6.396940947e-1
train,3645,CC12CC1OC2CO,8.304915428e0,-3.946917355e-1,3.829038739e-1,1.276346207e0,7.910223484e0,8.174334764e-1
train,3646,C#CC(C#C)(CO)CO,7.934839725e0,8.344110250e-1,3.829038739e-1,1.276346207e0,8.769250870e0,1.490470648e0
train,3647,CCNC1=CC(=O)OC1,5.932082176e0,4.093249738e-1,3.829038739e-1,1.276346207e0,6.341407299e0,-4.117142856e-1
train,3648,CCC(O)C1CC1C=O,6.076302528e0,3.191705048e-1,3.829038739e-1,1.276346207e0,6.395473003e0,-3.693544865e-1
train,3649,C1=COC([NH2+]C2CC2)O1,6.081744671e0,-4.854234755e-1,3.829038739e-1,1.276346207e0,5.596321106e0,-9.954799414e-1
train,3650,CC(C)N1CCC1=O,7.491294384e0,2.388927042e-1,3.829038739e-1,1.276346207e0,7.730186939e0,6.763771176e-1
train,3651,CC1(C2CC2)NCC1=O,5.817794323e0,2.932796776e-1,3.829038739e-1,1.276346207e0,6.111073971e0,-5.921775699e-1
train,3652,CCC1C2CCC1(O)C2,8.846421242e0,2.500596046e-1,3.829038739e-1,1.276346207e0,9.096481323e0,1.746851563e0
train,3653,CC(C1CC1)C1CCO1,8.838258743e0,-7.647352815e-1,3.829038739e-1,1.276346207e0,8.073523521e0,9.453769922e-1
train,3654,CC12CC3C4CC4[NH+]1C32,8.647777557e0,2.576816976e-1,3.829038739e-1,1.276346207e0,8.905459404e0,1.597188354e0
train,3655,CCc1cccoc1=O,4.832742214e0,6.130363345e-1,3.829038739e-1,1.276346207e0,5.445778370e0,-1.113428354e0
train,3656,COC(C)[NH2+]C1CC1,6.982441425e0,-2.441069856e-2,3.829038739e-1,1.276346207e0,6.958030701e0,7.140240073e-2
train,3657,CC12CC(O1)C(O)C2=O,5.306220055e0,-2.028950006e-1,3.829038739e-1,1.276346207e0,5.103324890e0,-1.381736279e0
train,3658,NC1=NCCN1C=O,5.719833374e0,1.348818094e-1,3.829038739e-1,1.276346207e0,5.854715347e0,-7.930313349e-1
train,3659,C#CC#CC#CC,5.091249943e0,-3.029058278e-1,3.829038739e-1,1.276346207e0,4.788343906e0,-1.628519893e0
train,3660,O=C1NCC[NH+]2CC12,6.781077385e0,5.641052723e-1,3.829038739e-1,1.276346207e0,7.345182419e0,3.747309148e-1
train,3661,O=C1CNC12CC2CO,5.874938488e0,4.907755256e-1,3.829038739e-1,1.276346207e0,6.365714073e0,-3.926702440e-1
train,3662,O=C1OC2OC1C1OC21,7.121219635e0,2.469365895e-1,3.829038739e-1,1.276346207e0,7.368156433e0,3.927307427e-1
train,3663,O=C1C[NH+]2C3C=CC1C32,5.134788513e0,4.336196780e-1,3.829038739e-1,1.276346207e0,5.568408012e0,-1.017349482e0
train,3664,OC(CC1CO1)C1CC1,8.840979576e0,1.600629278e-2,3.829038739e-1,1.276346207e0,8.856986046e0,1.559210062e0
train,3665,CC1=CCC2(CO)OC12,6.634135723e0,-6.210419536e-2,3.829038739e-1,1.276346207e0,6.572031498e0,-2.310231179e-1
train,3666,CNC(=O)C1CCC1=O,5.651804924e0,2.151181549e-1,3.829038739e-1,1.276346207e0,5.866922855e0,-7.834668756e-1
train,3667,CC1CC2(C#N)C[NH+]1C2,7.322584152e0,1.863803715e-1,3.829038739e-1,1.276346207e0,7.508964539e0,5.030521154e-1
train,3668,CC12OCC1C1CC12,8.596076965e0,-9.362338483e-2,3.829038739e-1,1.276346207e0,8.502453804e0,1.281438470e0
train,3669,OC1C2[NH2+]C3OCC3C12,6.530732632e0,4.304942489e-1,3.829038739e-1,1.276346207e0,6.961226940e0,7.390661538e-2
train,3670,CCC1(C)C(=O)NC1C,7.562044144e0,-6.352854967e-1,3.829038739e-1,1.276346207e0,6.926758766e0,4.690123349e-2
train,3671,Cc1cc2nn[nH]c2[nH]1,5.703506470e0,5.680143833e-1,3.829038739e-1,1.276346207e0,6.271520615e0,-4.664696157e-1
train,3672,CC(C)C1C2COC21C,8.351174355e0,-3.620374203e-1,3.829038739e-1,1.276346207e0,7.989136696e0,8.792610168e-1
train,3673,C#CC(O)(CO)C(C)O,7.474967480e0,-3.933477104e-1,3.829038739e-1,1.276346207e0,7.081619740e0,1.682328582e-1
train,3674,CC1CC1CCCCO,9.319899559e0,5.646851063e-1,3.829038739e-1,1.276346207e0,9.884584427e0,2.364320517e0
train,3675,C#CC(C)OCCC,7.970214844e0,1.208898127e-1,3.829038739e-1,1.276346207e0,8.091104507e0,9.591515064e-1
train,3676,CC(C#N)C1CC(=O)O1,7.815110207e0,-2.638321519e-1,3.829038739e-1,1.276346207e0,7.551278114e0,5.362042785e-1
train,3677,C#CC1NC1(C)C(C)C,7.542996407e0,1.503747255e-1,3.829038739e-1,1.276346207e0,7.693371296e0,6.475325227e-1
train,3678,CN=C(N)NC(=O)OC,6.498078823e0,-7.038409114e-1,3.829038739e-1,1.276346207e0,5.794238091e0,-8.404144645e-1
train,3679,C#CC1C2C(C)[NH2+][CH+][NH+]12,6.225965023e0,-1.960726231e-1,3.829038739e-1,1.276346207e0,6.029892445e0,-6.557822824e-1
train,3680,[CH+]1[NH2+]C23CC(CC2O1)C3,6.996047020e0,-6.397747993e-2,3.829038739e-1,1.276346207e0,6.932069778e0,5.106234178e-2
train,3681,CC1CC(O)C(C=O)C1,6.288550854e0,-4.262631834e-1,3.829038739e-1,1.276346207e0,5.862287521e0,-7.870985866e-1
train,3682,Cc1onnc1N(C)C,5.545680046e0,4.855639637e-1,3.829038739e-1,1.276346207e0,6.031243801e0,-6.547234654e-1
train,3683,CCC1CC(C)CC1C,1.007093334e1,-3.076594472e-1,3.829038739e-1,1.276346207e0,9.763274193e0,2.269275427e0
train,3684,CC1(C2NCC2=O)CO1,5.929360867e0,-4.198952913e-1,3.829038739e-1,1.276346207e0,5.509465694e0,-1.063530087e0
train,3685,[NH-]C1N=CON=CC1=O,4.691242695e0,4.327482358e-2,3.829038739e-1,1.276346207e0,4.734517574e0,-1.670692205e0
train,3686,C[CH+]1C(O)C=COC1[NH-],4.612329483e0,8.200084418e-2,3.829038739e-1,1.276346207e0,4.694330215e0,-1.702178478e0
train,3687,CC1C2CC2C2C(O)C12,8.114435196e0,-6.338470429e-2,3.829038739e-1,1.276346207e0,8.051050186e0,9.277694225e-1
train,3688,C#CC1(O)CC1,7.548438072e0,-1.140822694e-1,3.829038739e-1,1.276346207e0,7.434355736e0,4.445970654e-1
train,3689,Oc1n[nH]c2[nH]nnc12,5.861332417e0,-1.198506355e-1,3.829038739e-1,1.276346207e0,5.741481781e0,-8.817483783e-1
train,3690,COC(C#N)C(O)C#N,8.266819000e0,1.511031687e-1,3.829038739e-1,1.276346207e0,8.417922020e0,1.215208888e0
train,3691,CCC(C)=O,6.397397041e0,-5.819059908e-2,3.829038739e-1,1.276346207e0,6.339206219e0,-4.134387970e-1
train,3692,CNc1cc[nH+]nc1,4.541580200e0,2.902511656e-1,3.829038739e-1,1.276346207e0,4.831831455e0,-1.594447970e0
train,3693,CC1OC([NH-])C1CCO,7.812388420e0,2.266882509e-1,3.829038739e-1,1.276346207e0,8.039076805e0,9.183884263e-1
train,3694,C#CC(=O)COC,5.668131351e0,6.195237637e-1,3.829038739e-1,1.276346207e0,6.287654877e0,-4.538286328e-1
train,3695,CC12C=CCC1C(=O)O2,7.006931782e0,6.470246911e-1,3.829038739e-1,1.276346207e0,7.653956413e0,6.166514754e-1
train,3696,[H]N=CN1CC(=O)NC1=O,6.470867634e0,2.914534807e-1,3.829038739e-1,1.276346207e0,6.762320995e0,-8.193369210e-2
train,3697,C1COC([NH2+]C2CC2)C1,6.911692142e0,3.671714962e-1,3.829038739e-1,1.276346207e0,7.278863430e0,3.227708042e-1
train,3698,CCC1C2CC3C2[NH+]13,8.909008026e0,8.190329075e-1,3.829038739e-1,1.276346207e0,9.728040695e0,2.241670370e0
train,3699,N#CC1CC(CC=O)N1,5.619151115e0,-1.078003496e-1,3.829038739e-1,1.276346207e0,5.511350632e0,-1.062053204e0
train,3700,CC[NH+]1C(C)C1(C)CO,8.076338768e0,4.982349873e-1,3.829038739e-1,1.276346207e0,8.574573517e0,1.337943435e0
train,3701,CC1CC(C(O)CO)O1,8.277703285e0,8.629527688e-2,3.829038739e-1,1.276346207e0,8.363998413e0,1.172960401e0
train,3702,CCC(C)=NO,6.971556664e0,2.673959136e-1,3.829038739e-1,1.276346207e0,7.238952637e0,2.915011942e-1
train,3703,CC1COCC2NC12C,8.343010902e0,-3.633905053e-1,3.829038739e-1,1.276346207e0,7.979620457e0,8.718051314e-1
train,3704,OC1C2CCCCOC12,8.283145905e0,-9.932441264e-2,3.829038739e-1,1.276346207e0,8.183821678e0,1.031794190e0
train,3705,CC1[NH2+]C2CC(O1)C2O,6.800125122e0,1.213648617e-1,3.829038739e-1,1.276346207e0,6.921490192e0,4.277336970e-2
train,3706,O=C1C=CC=CCCO1,4.887165070e0,-4.643049836e-1,3.829038739e-1,1.276346207e0,4.422860146e0,-1.914871931e0
train,3707,C#CC1C2CCC12OC,7.616467476e0,-5.491325259e-2,3.829038739e-1,1.276346207e0,7.561554432e0,5.442556739e-1
train,3708,COCCC(C)(C)C=O,6.217801571e0,3.183107376e-1,3.829038739e-1,1.276346207e0,6.536112309e0,-2.591653466e-1
train,3709,CC12CC1CNC2=O,7.349795341e0,2.636134997e-2,3.829038739e-1,1.276346207e0,7.376156807e0,3.989989460e-1
train,3710,OCC1=CC2NC1C2O,6.264060974e0,1.940847337e-1,3.829038739e-1,1.276346207e0,6.458145618e0,-3.202512860e-1
train,3711,CC(C)(O)C(O)C1CC1,8.911728859e0,-2.462502122e-1,3.829038739e-1,1.276346207e0,8.665478706e0,1.409166455e0
train,3712,C#CC1CC1(CC)CC,7.853205681e0,-2.048728466e-1,3.829038739e-1,1.276346207e0,7.648332596e0,6.122452617e-1
train,3713,CC1[NH2+][CH+]OC12CCC2,7.289929867e0,-3.664257377e-2,3.829038739e-1,1.276346207e0,7.253287315e0,3.027322590e-1
train,3714,CC1CC2(C1)CC2(C)O,8.609682083e0,1.358666737e-2,3.829038739e-1,1.276346207e0,8.623269081e0,1.376095772e0
train,3715,CC#CCC1(C)NC1C,8.087224007e0,-3.054228723e-1,3.829038739e-1,1.276346207e0,7.781801224e0,7.168162465e-1
train,3716,Cn1ncc(O)c1N,6.206917286e0,-5.945674777e-1,3.829038739e-1,1.276346207e0,5.612349987e0,-9.829215407e-1
train,3717,CC1CC1C(C)(C)C,9.159352303e0,-3.005589545e-1,3.829038739e-1,1.276346207e0,8.858793259e0,1.560626030e0
train,3718,CCC1(CCOC)CO1,9.300851822e0,1.577437669e-2,3.829038739e-1,1.276346207e0,9.316626549e0,1.919332623e0
train,3719,CCC1=CCCC2NC12,6.742980957e0,4.261648059e-1,3.829038739e-1,1.276346207e0,7.169145584e0,2.368082553e-1
train,3720,NC(=O)N1CC2C(O)C21,7.333467960e0,-4.839998186e-1,3.829038739e-1,1.276346207e0,6.849468231e0,-1.365493052e-2
train,3721,CC(CO)C(=O)CCO,6.261340141e0,-8.773232698e-1,3.829038739e-1,1.276346207e0,5.384016991e0,-1.161817551e0
train,3722,C1#CCCCCCCC1,7.801504612e0,1.899733990e-1,3.829038739e-1,1.276346207e0,7.991477966e0,8.810953498e-1
train,3723,CC1=CC2CC3C(O2)C13,6.617809296e0,5.818274245e-2,3.829038739e-1,1.276346207e0,6.675992012e0,-1.495713741e-1
train,3724,CC(O)C1CC(=O)C1O,5.556564808e0,-4.314110577e-1,3.829038739e-1,1.276346207e0,5.125153542e0,-1.364633799e0
train,3725,N#CC1CC2OCC=C12,6.277666569e0,-2.396335900e-1,3.829038739e-1,1.276346207e0,6.038033009e0,-6.494042277e-1
train,3726,C#CC1CC2(CN2)CO1,7.728034019e0,-2.111990601e-1,3.829038739e-1,1.276346207e0,7.516834736e0,5.092183352e-1
train,3727,CC(C)OC1(CO)CC1,8.623288155e0,2.118650377e-1,3.829038739e-1,1.276346207e0,8.835153580e0,1.542104602e0
train,3728,CC1C(O)CC12C[NH+]2C,7.904907227e0,3.948017359e-1,3.829038739e-1,1.276346207e0,8.299709320e0,1.122590780e0
train,3729,O=C1OCCC12CO2,6.838221550e0,-3.649311066e-1,3.829038739e-1,1.276346207e0,6.473290443e0,-3.083854914e-1
train,3730,CNc1c[nH]c(C#N)n1,4.628656864e0,8.989776969e-1,3.829038739e-1,1.276346207e0,5.527634621e0,-1.049294949e0
train,3731,CC1[NH+]2CC1(C#N)C2,7.423265934e0,-3.671397567e-1,3.829038739e-1,1.276346207e0,7.056126118e0,1.482589245e-1
train,3732,CCC1CC1(O)C1CN1,8.027358055e0,2.320449501e-1,3.829038739e-1,1.276346207e0,8.259403229e0,1.091011405e0
train,3733,[NH-]C1OCCCC2NC21,7.053191185e0,2.002513558e-1,3.829038739e-1,1.276346207e0,7.253442764e0,3.028540313e-1
train,3734,CC(O)C1OC(=O)C1N,6.930739880e0,-2.905446887e-1,3.829038739e-1,1.276346207e0,6.640195370e0,-1.776175946e-1
train,3735,Nc1cc[nH]c1O,6.508963585e0,8.975760937e-1,3.829038739e-1,1.276346207e0,7.406539917e0,4.228037298e-1
train,3736,CN1C(=O)C2CC21C#N,6.408281326e0,-4.952346534e-2,3.829038739e-1,1.276346207e0,6.358757973e0,-3.981202543e-1
train,3737,CCC1C2COCC1C2,9.015131950e0,-1.290933788e-1,3.829038739e-1,1.276346207e0,8.886038780e0,1.581972480e0
train,3738,C#CCC1(C)CCC1O,8.245050430e0,-6.870756745e-1,3.829038739e-1,1.276346207e0,7.557974815e0,5.414510965e-1
train,3739,O=C1C[NH+]2C1C1C(O)C12,5.406902313e0,-1.201519370e-1,3.829038739e-1,1.276346207e0,5.286750317e0,-1.238024831e0
train,3740,O=Cc1nccc(=O)[nH]1,4.220486164e0,5.192711204e-2,3.829038739e-1,1.276346207e0,4.272413254e0,-2.032745123e0
train,3741,CC1OC1CCCC=O,6.220522881e0,4.746708572e-1,3.829038739e-1,1.276346207e0,6.695193768e0,-1.345270276e-1
train,3742,O=CC1C=CC2COC12,6.168820858e0,-4.429781735e-1,3.829038739e-1,1.276346207e0,5.725842476e0,-8.940016031e-1
train,3743,CCC1(C#N)CCOC1,8.323963165e0,6.865673512e-2,3.829038739e-1,1.276346207e0,8.392620087e0,1.195385098e0
train,3744,CC1=NCC2[NH2+]CCN12,5.820515633e0,-3.019574583e-1,3.829038739e-1,1.276346207e0,5.518558025e0,-1.056406379e0
train,3745,CC(C)C1C2CCOC21,8.563423157e0,2.731581330e-1,3.829038739e-1,1.276346207e0,8.836581230e0,1.543223143e0
train,3746,CNC1(C)COC1C#N,6.476309776e0,4.222234711e-2,3.829038739e-1,1.276346207e0,6.518532276e0,-2.729390860e-1
train,3747,N#CC#Cc1cnno1,4.881722450e0,1.634926945e-1,3.829038739e-1,1.276346207e0,5.045215130e0,-1.427264571e0
train,3748,OC1C=CC2C3C[NH+]2C13,6.133446217e0,-2.169503644e-2,3.829038739e-1,1.276346207e0,6.111751080e0,-5.916470289e-1
train,3749,Oc1ncc(F)nc1O,5.004173756e0,-3.405075669e-1,3.829038739e-1,1.276346207e0,4.663666248e0,-1.726203322e0
train,3750,Cc1[nH]cnc1CC#N,6.661347389e0,3.753704131e-1,3.829038739e-1,1.276346207e0,7.036717892e0,1.330528259e-1
train,3751,OCCC12CC1CC2O,8.707643509e0,-1.575477570e-1,3.829038739e-1,1.276346207e0,8.550095558e0,1.318765163e0
train,3752,C#CC1C(C#C)C2CC12,7.782456875e0,-1.293210536e-1,3.829038739e-1,1.276346207e0,7.653135777e0,6.160085201e-1
train,3753,CC12CCC3C[NH+]3C1C2,8.138925552e0,2.901704311e-1,3.829038739e-1,1.276346207e0,8.429096222e0,1.223963737e0
train,3754,CC(C)C1(C#N)CN1,8.000147820e0,2.587256730e-1,3.829038739e-1,1.276346207e0,8.258873940e0,1.090596676e0
train,3755,OCC1COC2CC12,8.155252457e0,1.730279475e-1,3.829038739e-1,1.276346207e0,8.328280449e0,1.144975901e0
train,3756,O=C1C=CC(CO)OC1,4.868116856e0,-1.634067148e-1,3.829038739e-1,1.276346207e0,4.704710007e0,-1.694046021e0
train,3757,CCC(=NC)NC(N)=O,6.609645367e0,3.929729164e-1,3.829038739e-1,1.276346207e0,7.002618313e0,1.063362360e-1
train,3758,[NH-]C1CC(CCO)O1,7.866811275e0,1.730354428e-1,3.829038739e-1,1.276346207e0,8.039846420e0,9.189914465e-1
train,3759,CC1(O)C2CC3C1C32O,8.353896141e0,6.805441380e-1,3.829038739e-1,1.276346207e0,9.034440041e0,1.698243022e0
train,3760,C#CC(C)COC(C)[NH-],7.964772224e0,9.480620921e-2,3.829038739e-1,1.276346207e0,8.059578896e0,9.344515800e-1
train,3761,C#Cc1c(O)noc1N,5.904870510e0,-8.202813566e-2,3.829038739e-1,1.276346207e0,5.822842598e0,-8.180032372e-1
train,3762,CC#CC(C)NCC#N,7.107614040e0,4.343279004e-1,3.829038739e-1,1.276346207e0,7.541942120e0,5.288896561e-1
train,3763,CC12CC(O)CC(C1)O2,8.310358047e0,3.443552256e-1,3.829038739e-1,1.276346207e0,8.654713631e0,1.400732160e0
train,3764,CCC#CC1NC1C#N,7.039586067e0,2.520640194e-1,3.829038739e-1,1.276346207e0,7.291650295e0,3.327891529e-1
train,3765,CC1COC1(C)C1CN1,8.498115540e0,-4.443072248e-3,3.829038739e-1,1.276346207e0,8.493672371e0,1.274558306e0
train,3766,CC1CC2CC(=O)C12O,5.913033962e0,-2.370120436e-1,3.829038739e-1,1.276346207e0,5.676022053e0,-9.330352545e-1
train,3767,O=Cc1cc(CO)n[nH]1,5.227307320e0,-2.187109739e-2,3.829038739e-1,1.276346207e0,5.205436230e0,-1.301733375e0
train,3768,N#CC1=C2COC2CC1,5.548401356e0,-2.675848603e-1,3.829038739e-1,1.276346207e0,5.280816555e0,-1.242673755e0
train,3769,NC(=O)C12CC=CC1N2,6.351137638e0,-1.800277084e-1,3.829038739e-1,1.276346207e0,6.171110153e0,-5.451399684e-1
train,3770,N#CC12NC1CC2C=O,5.698064327e0,-4.850535989e-1,3.829038739e-1,1.276346207e0,5.213010788e0,-1.295798779e0
train,3771,CC(C)c1cc(O)c[nH]1,6.274945736e0,1.112605706e-1,3.829038739e-1,1.276346207e0,6.386206150e0,-3.766149580e-1
train,3772,Cc1cc(O)nc(N)n1,5.727996826e0,2.750041187e-1,3.829038739e-1,1.276346207e0,6.003000736e0,-6.768515706e-1
train,3773,C1CC2CC(CO1)C2,8.854584694e0,-7.010083199e-1,3.829038739e-1,1.276346207e0,8.153575897e0,1.008097053e0
train,3774,Nc1coc(O)cc1=O,5.153836727e0,-6.414016336e-2,3.829038739e-1,1.276346207e0,5.089696407e0,-1.392414093e0
train,3775,O=CC12CC(CO1)C2O,5.469488621e0,3.391146362e-1,3.829038739e-1,1.276346207e0,5.808603287e0,-8.291595578e-1
train,3776,Cc1nc(CO)oc1C,6.364743233e0,5.201499462e-1,3.829038739e-1,1.276346207e0,6.884893417e0,1.410025731e-2
train,3777,COC([NH-])C(C=O)OC,6.054533005e0,4.798160791e-1,3.829038739e-1,1.276346207e0,6.534348965e0,-2.605469227e-1
train,3778,N#CCNc1c[nH]cn1,6.076302528e0,2.030540854e-1,3.829038739e-1,1.276346207e0,6.279356480e0,-4.603303373e-1
train,3779,N#CC1COCC([NH-])N1,6.936182499e0,1.969756745e-2,3.829038739e-1,1.276346207e0,6.955880165e0,6.971748173e-2
train,3780,CC12NC1C1NC2C1=O,6.269503117e0,-3.401961625e-1,3.829038739e-1,1.276346207e0,5.929306984e0,-7.345896959e-1
train,3781,c1ncc2nnoc2n1,5.077644348e0,1.282407809e-2,3.829038739e-1,1.276346207e0,5.090468407e0,-1.391809225e0
train,3782,OC1C[NH+]2C1C2C1CO1,7.896743774e0,9.444428235e-2,3.829038739e-1,1.276346207e0,7.991188049e0,8.808681965e-1
train,3783,C#CC1OCCC1C=O,6.062696934e0,2.419832051e-1,3.829038739e-1,1.276346207e0,6.304680347e0,-4.404893816e-1
train,3784,C1=CC2C=CC(CC1)O2,6.547059536e0,-2.184382975e-1,3.829038739e-1,1.276346207e0,6.328621387e0,-4.217318892e-1
train,3785,O1C2OC3C1C1OC3C21,8.299472809e0,-8.165041208e-1,3.829038739e-1,1.276346207e0,7.482968807e0,4.826848209e-1
train,3786,CC(=O)C1CCC(=O)N1,5.823236465e0,2.131156325e-1,3.829038739e-1,1.276346207e0,6.036352158e0,-6.507211328e-1
train,3787,ONC1COC1,6.672231674e0,-3.215429783e-1,3.829038739e-1,1.276346207e0,6.350688934e0,-4.044422507e-1
train,3788,COc1cn[nH]c1N,6.160657883e0,-7.673494518e-2,3.829038739e-1,1.276346207e0,6.083922863e0,-6.134501100e-1
train,3789,CCCOC1NCC[NH2+]1,7.526669502e0,-2.672635019e-1,3.829038739e-1,1.276346207e0,7.259406090e0,3.075262308e-1
train,3790,[H]N=CN(C=N[H])C(C=O)=N[H],4.933423996e0,-2.226638049e-2,3.829038739e-1,1.276346207e0,4.911157608e0,-1.532296896e0
train,3791,Cc1[nH]c(N)nc1C#N,5.632756710e0,3.011524305e-2,3.829038739e-1,1.276346207e0,5.662871838e0,-9.433382750e-1
train,3792,CC1(C)CCC(=O)CO1,5.733438969e0,2.110555619e-1,3.829038739e-1,1.276346207e0,5.944494724e0,-7.226902843e-1
train,3793,Nc1c(F)cn[nH]c1=O,4.742944717e0,4.534355998e-1,3.829038739e-1,1.276346207e0,5.196380138e0,-1.308828712e0
train,3794,O=C1COCCC12CC2,5.760650635e0,6.718190759e-2,3.829038739e-1,1.276346207e0,5.827832699e0,-8.140935302e-1
train,3795,[NH-]C1OC2C1OC21CC1,6.881759644e0,1.124264076e-1,3.829038739e-1,1.276346207e0,6.994185925e0,9.972956032e-2
train,3796,CN(C=O)CCO,7.341631889e0,2.391152829e-1,3.829038739e-1,1.276346207e0,7.580747128e0,5.592929125e-1
train,3797,N#CCC1(O)COC1[NH-],7.605582714e0,3.982556164e-1,3.829038739e-1,1.276346207e0,8.003838539e0,8.907796741e-1
train,3798,CNc1ocnc1C#N,5.684458733e0,6.971168518e-1,3.829038739e-1,1.276346207e0,6.381575584e0,-3.802429438e-1
train,3799,CC(C=O)C(C)(C)C#N,5.975620270e0,2.954424322e-1,3.829038739e-1,1.276346207e0,6.271062851e0,-4.668282866e-1
train,3800,C1OCC2C3OC1OC23,8.364779472e0,1.020028144e-1,3.829038739e-1,1.276346207e0,8.466782570e0,1.253490567e0
train,3801,CCc1cocc1NC,6.049090862e0,2.667172253e-1,3.829038739e-1,1.276346207e0,6.315808296e0,-4.317707717e-1
train,3802,CC(O)C(=O)C(=O)C=O,3.684421539e0,-2.992309928e-1,3.829038739e-1,1.276346207e0,3.385190487e0,-2.727873087e0
train,3803,CCC(C)CC(C)CO,9.270918846e0,2.083397657e-1,3.829038739e-1,1.276346207e0,9.479258537e0,2.046752691e0
train,3804,CC(O)CC1(C)NC1C,8.285867691e0,-1.488850415e-1,3.829038739e-1,1.276346207e0,8.136982918e0,9.950966239e-1
train,3805,CC1(C#CC#N)COC1,6.136167526e0,5.399976373e-1,3.829038739e-1,1.276346207e0,6.676165104e0,-1.494357586e-1
train,3806,CC1CC(C(C)C=O)C1,6.119840622e0,-1.725015640e-1,3.829038739e-1,1.276346207e0,5.947339058e0,-7.204617858e-1
train,3807,CC1C(=O)CC1NC=O,5.831399918e0,5.843595266e-1,3.829038739e-1,1.276346207e0,6.415759563e0,-3.534602225e-1
train,3808,c1[nH]nc2c1C1OC1C2,6.816452026e0,-6.961955428e-1,3.829038739e-1,1.276346207e0,6.120256424e0,-5.849832296e-1
train,3809,C#CC1CC2(C#C)CC12,7.132104397e0,1.049744636e-1,3.829038739e-1,1.276346207e0,7.237078667e0,2.900329828e-1
train,3810,CC1=NC(C)C(C)CO1,7.289929867e0,-2.092855275e-1,3.829038739e-1,1.276346207e0,7.080644131e0,1.674684882e-1
train,3811,CCC1C2OCC12O,7.820552349e0,2.271003574e-1,3.829038739e-1,1.276346207e0,8.047652245e0,9.251071811e-1
train,3812,OCC1=CCOCC1,7.123940468e0,9.003403783e-2,3.829038739e-1,1.276346207e0,7.213974476e0,2.719311416e-1
train,3813,CC(C)c1nc[nH]n1,7.328026772e0,5.522050858e-1,3.829038739e-1,1.276346207e0,7.880231857e0,7.939354181e-1
train,3814,CC1C[NH+]2CC2C1=O,5.858611107e0,1.703742892e-1,3.829038739e-1,1.276346207e0,6.028985500e0,-6.564928293e-1
train,3815,COCCCCC=O,6.231407166e0,-9.251973033e-2,3.829038739e-1,1.276346207e0,6.138887405e0,-5.703860521e-1
train,3816,CC1C2COC12C,8.460020065e0,-7.084266543e-1,3.829038739e-1,1.276346207e0,7.751593590e0,6.931489706e-1
train,3817,CC(O)CCCC(C)O,8.925334930e0,3.423214853e-1,3.829038739e-1,1.276346207e0,9.267656326e0,1.880965114e0
train,3818,C#CC12C=CC(=O)C1O2,4.576955318e0,5.934081674e-1,3.829038739e-1,1.276346207e0,5.170363426e0,-1.329212427e0
train,3819,CC[NH+]1C2COCC21C,8.307636261e0,-2.231318355e-1,3.829038739e-1,1.276346207e0,8.084504128e0,9.539801478e-1
train,3820,CCCC(O)CC(C)O,8.778392792e0,-4.083956033e-2,3.829038739e-1,1.276346207e0,8.737553596e0,1.465636253e0
train,3821,COC(C)(C#N)CN,7.379727840e0,-3.641131222e-1,3.829038739e-1,1.276346207e0,7.015614510e0,1.165185869e-1
train,3822,CC1C(C)C1C[NH+]1CC1,8.402875900e0,-3.365470469e-1,3.829038739e-1,1.276346207e0,8.066329002e0,9.397401810e-1
train,3823,Cc1cc(O)n(C)n1,6.957951069e0,1.067017242e-1,3.829038739e-1,1.276346207e0,7.064652920e0,1.549395621e-1
train,3824,CC12CCOC(C1)C2,8.577029228e0,-1.868327707e-1,3.829038739e-1,1.276346207e0,8.390196800e0,1.193486571e0
train,3825,C[NH+]1C2C3COC(C3)C21,8.340289116e0,-4.298130795e-2,3.829038739e-1,1.276346207e0,8.297307968e0,1.120709300e0
train,3826,CC(C)(O)COC=O,7.771572113e0,6.897044927e-2,3.829038739e-1,1.276346207e0,7.840542793e0,7.628395557e-1
train,3827,CC1NC(=O)CC1CO,7.428708553e0,-9.897008538e-2,3.829038739e-1,1.276346207e0,7.329738617e0,3.626308739e-1
train,3828,CCC(C)C#CC(C)O,7.825994968e0,-4.199526310e-1,3.829038739e-1,1.276346207e0,7.406042099e0,4.224137068e-1
train,3829,OCC1(CO)C2CCC21,8.095387459e0,-1.976111829e-1,3.829038739e-1,1.276346207e0,7.897776127e0,8.076811433e-1
train,3830,[NH-]C1OC=C(O)OC1=O,4.361985207e0,1.493237615e-1,3.829038739e-1,1.276346207e0,4.511309147e0,-1.845573187e0
train,3831,CC1CCC1C(=O)C=O,4.163341999e0,2.414358966e-2,3.829038739e-1,1.276346207e0,4.187485695e0,-2.099284887e0
train,3832,CC1C(O)C2C3CC3[NH+]12,7.178363323e0,-7.213707268e-2,3.829038739e-1,1.276346207e0,7.106226444e0,1.875119060e-1
train,3833,CCc1noc(OC)n1,7.064075947e0,4.831230035e-4,3.829038739e-1,1.276346207e0,7.064558983e0,1.548659652e-1
train,3834,NC1[NH2+]C2CCCC2O1,7.594697952e0,7.047895193e-1,3.829038739e-1,1.276346207e0,8.299487114e0,1.122416615e0
train,3835,CC12CC1[NH2+]C(CO)N2,6.402839184e0,4.435074925e-1,3.829038739e-1,1.276346207e0,6.846346855e0,-1.610049047e-2
train,3836,N#CC1C2CNC12CO,7.211016655e0,-3.821215630e-1,3.829038739e-1,1.276346207e0,6.828895092e0,-2.977372706e-2
train,3837,C1=CC2C3CC(C1)CC23,6.647741318e0,4.456492141e-2,3.829038739e-1,1.276346207e0,6.692306042e0,-1.367895305e-1
train,3838,CC(=O)c1ccc[nH]1,5.104856014e0,4.177136123e-1,3.829038739e-1,1.276346207e0,5.522569656e0,-1.053263307e0
train,3839,N#CC1=CCCC12CC2,5.591939926e0,2.115033865e-1,3.829038739e-1,1.276346207e0,5.803443432e0,-8.332022429e-1
train,3840,Cc1n[nH]cc1O,6.451819897e0,-3.418551087e-1,3.829038739e-1,1.276346207e0,6.109964848e0,-5.930465460e-1
train,3841,C#Cc1cc([NH-])[nH+]cn1,4.405523300e0,3.796823025e-1,3.829038739e-1,1.276346207e0,4.785205841e0,-1.630978584e0
train,3842,C#CC(=O)C#C,5.175605774e0,-4.860964715e-1,3.829038739e-1,1.276346207e0,4.689509392e0,-1.705955505e0
train,3843,Nc1cnn(C=O)c1N,4.996010303e0,8.934484720e-1,3.829038739e-1,1.276346207e0,5.889458656e0,-7.658103704e-1
train,3844,O=C1C2CC3C1C23CO,6.596040249e0,-9.645121694e-1,3.829038739e-1,1.276346207e0,5.631527901e0,-9.678958654e-1
train,3845,CCC1CC12CCOC2,9.148468018e0,4.452917278e-1,3.829038739e-1,1.276346207e0,9.593759537e0,2.136462927e0
train,3846,C#CC1[NH+]2C3CC2C13O,7.401497364e0,-1.189149264e-2,3.829038739e-1,1.276346207e0,7.389605999e0,4.095362127e-1
train,3847,C#CC1([NH+]2CC2)CCC1,7.499457359e0,5.726036429e-1,3.829038739e-1,1.276346207e0,8.072060585e0,9.442307949e-1
train,3848,COC1(C)CCOC1,8.903565407e0,-4.047420025e-1,3.829038739e-1,1.276346207e0,8.498823166e0,1.278593898e0
train,3849,CCCNc1ccno1,6.081744671e0,-5.003245473e-1,3.829038739e-1,1.276346207e0,5.581419945e0,-1.007154822e0
train,3850,COC(C)C12COC1C2,8.209674835e0,1.292527467e-1,3.829038739e-1,1.276346207e0,8.338927269e0,1.153317451e0
train,3851,C#Cc1nc(C#N)no1,5.638199329e0,6.041535735e-1,3.829038739e-1,1.276346207e0,6.242352962e0,-4.893221259e-1
train,3852,O=c1ccncc(O)c1,4.000073910e0,2.049925327e-1,3.829038739e-1,1.276346207e0,4.205066681e0,-2.085510254e0
train,3853,O=CCC1CC2CC2C1,6.190590382e0,3.525511622e-1,3.829038739e-1,1.276346207e0,6.543141365e0,-2.536581755e-1
train,3854,C[NH+]1CC1C1CC1,8.495394707e0,2.545972168e-1,3.829038739e-1,1.276346207e0,8.749992371e0,1.475381851e0
train,3855,COc1[nH]cc(N)c1N,6.182426929e0,-3.470637500e-1,3.829038739e-1,1.276346207e0,5.835363388e0,-8.081933260e-1
train,3856,CC12CC1(C)C(=O)N2,6.862711906e0,-4.638297856e-1,3.829038739e-1,1.276346207e0,6.398881912e0,-3.666836619e-1
train,3857,[NH-]C1OCC12C1C[NH+]2C1,6.764750481e0,-4.488976002e-1,3.829038739e-1,1.276346207e0,6.315853119e0,-4.317356646e-1
train,3858,CC1CC(C(=O)C=O)C1,4.217764854e0,-2.093555331e-1,3.829038739e-1,1.276346207e0,4.008409500e0,-2.239588737e0
train,3859,C#CC(C)C#CC(C)O,7.760687351e0,-4.059835374e-1,3.829038739e-1,1.276346207e0,7.354703903e0,3.821908832e-1
train,3860,N#CC(CO)CC1CO1,8.313077927e0,4.265871346e-1,3.829038739e-1,1.276346207e0,8.739665031e0,1.467290521e0
train,3861,CCC(OC)C(O)C#N,7.382448673e0,-5.889883637e-2,3.829038739e-1,1.276346207e0,7.323549747e0,3.577819765e-1
train,3862,Cc1nc(C)[nH]c(=O)n1,5.521190166e0,-4.864953756e-1,3.829038739e-1,1.276346207e0,5.034694672e0,-1.435507178e0
train,3863,CN1C=CC(=O)C1=O,4.027285099e0,2.451216429e-1,3.829038739e-1,1.276346207e0,4.272406578e0,-2.032750368e0
train,3864,COc1c(C)ccn1C,6.476309776e0,-1.840222031e-1,3.829038739e-1,1.276346207e0,6.292287350e0,-4.501991570e-1
train,3865,C1=CC2C3CC2C3OC1,6.674952984e0,2.079275697e-1,3.829038739e-1,1.276346207e0,6.882880688e0,1.252330933e-2
train,3866,CC1CC(O)(CO)C1=O,5.355200768e0,4.671962857e-1,3.829038739e-1,1.276346207e0,5.822397232e0,-8.183521628e-1
train,3867,CC1OCC2(C)OC12,9.317178726e0,4.495456815e-1,3.829038739e-1,1.276346207e0,9.766724586e0,2.271978855e0
train,3868,C[NH+]=C(N)c1nnc[nH]1,4.802809238e0,-5.362370014e-1,3.829038739e-1,1.276346207e0,4.266571999e0,-2.037321568e0
train,3869,O=C1NC2C3NC3C12,6.976998806e0,-1.175134033e-1,3.829038739e-1,1.276346207e0,6.859485626e0,-5.806427915e-3
train,3870,O=CNC1CNC1=O,7.466804028e0,2.046114802e-1,3.829038739e-1,1.276346207e0,7.671415329e0,6.303302646e-1
train,3871,CC1(C#N)CCOC1,8.334847450e0,7.993435115e-2,3.829038739e-1,1.276346207e0,8.414781570e0,1.212748408e0
train,3872,CCC1(C)C(C)C1C,8.966151237e0,7.238683174e-4,3.829038739e-1,1.276346207e0,8.966875076e0,1.645306706e0
train,3873,CC1=C(C)C2(C)CC1O2,6.310320377e0,-7.760753036e-1,3.829038739e-1,1.276346207e0,5.534245014e0,-1.044115782e0
train,3874,CCCC1COC1[NH-],7.874975204e0,-5.361634493e-1,3.829038739e-1,1.276346207e0,7.338811874e0,3.697396517e-1
train,3875,CC(=O)CCCCCO,6.378348827e0,-1.552795023e-1,3.829038739e-1,1.276346207e0,6.223069191e0,-5.044307113e-1
train,3876,OC1C2CC13CC=CC23,6.966114998e0,3.041858375e-1,3.829038739e-1,1.276346207e0,7.270300865e0,3.160621524e-1
train,3877,OCC1C(O)C2CC12O,8.138925552e0,4.769895971e-1,3.829038739e-1,1.276346207e0,8.615915298e0,1.370334148e0
train,3878,CCOC(C)C(O)C#N,8.057291031e0,-3.698206544e-1,3.829038739e-1,1.276346207e0,7.687470436e0,6.429092884e-1
train,3879,CC12CC1CCC2C#N,8.596076965e0,-2.106236853e-2,3.829038739e-1,1.276346207e0,8.575015068e0,1.338289380e0
train,3880,NC(=O)C1=CNC(=O)C1,5.216422558e0,2.949241102e-1,3.829038739e-1,1.276346207e0,5.511346817e0,-1.062056303e0
train,3881,C#CCN(C=O)CC=O,5.733438969e0,7.989320755e-1,3.829038739e-1,1.276346207e0,6.532371044e0,-2.620965838e-1
train,3882,CC1C2CNC12C#N,6.574271202e0,-5.074647069e-1,3.829038739e-1,1.276346207e0,6.066806316e0,-6.268606782e-1
train,3883,CC(=O)n1cnc(O)c1,4.704848766e0,-2.671408653e-1,3.829038739e-1,1.276346207e0,4.437707901e0,-1.903238893e0
train,3884,C#CC1C(=O)C2OCC12,5.284451008e0,-3.448190987e-1,3.829038739e-1,1.276346207e0,4.939631939e0,-1.509987712e0
train,3885,CCOC(C)(C#N)CC,8.215117455e0,-8.053772449e-1,3.829038739e-1,1.276346207e0,7.409740448e0,4.253112972e-1
train,3886,[NH-]C1=CC(N)C(O)CO1,5.382411957e0,1.049249712e-2,3.829038739e-1,1.276346207e0,5.392904282e0,-1.154854536e0
train,3887,CCOC(C)C1CC1O,8.040965080e0,1.819886416e-1,3.829038739e-1,1.276346207e0,8.222953796e0,1.062453747e0
train,3888,CC(C)C12C=CCC1O2,6.748423576e0,1.335341483e-1,3.829038739e-1,1.276346207e0,6.881957531e0,1.180002745e-2
train,3889,N#CC1(OC2CC2)CC1,7.589255333e0,-1.837821305e-1,3.829038739e-1,1.276346207e0,7.405473232e0,4.219680130e-1
train,3890,C#CC(O[CH+][NH-])C(N)=O,6.955230236e0,1.932704598e-1,3.829038739e-1,1.276346207e0,7.148500919e0,2.206334174e-1
train,3891,C#CC#CC1(C)OC1C,5.915755272e0,6.837831736e-1,3.829038739e-1,1.276346207e0,6.599538326e0,-2.094718665e-1
train,3892,[NH-]C1CC(=O)CCO1,6.114398479e0,-5.239409208e-1,3.829038739e-1,1.276346207e0,5.590457439e0,-1.000074029e0
train,3893,CCC1CC(C)(C)C1=O,5.864053726e0,-7.655487210e-2,3.829038739e-1,1.276346207e0,5.787498951e0,-8.456945419e-1
train,3894,CC1C2C=CC1(CO)C2,6.571549892e0,-2.191737741e-1,3.829038739e-1,1.276346207e0,6.352375984e0,-4.031204581e-1
train,3895,O=C1OC2C1CC1NC12,7.513063908e0,3.198158443e-1,3.829038739e-1,1.276346207e0,7.832879543e0,7.568354607e-1
train,3896,COC1CC1(C)O,8.579750061e0,-1.101655513e-1,3.829038739e-1,1.276346207e0,8.469584465e0,1.255685806e0
train,3897,CC12C=CC(O1)C([NH-])O2,6.462704182e0,-7.515423894e-1,3.829038739e-1,1.276346207e0,5.711161613e0,-9.055038691e-1
train,3898,OC1(c2ccn[nH]2)CC1,6.669510841e0,-2.145415395e-1,3.829038739e-1,1.276346207e0,6.454969406e0,-3.227398098e-1
train,3899,CCC(N)=O,7.600140095e0,-9.553661197e-2,3.829038739e-1,1.276346207e0,7.504603386e0,4.996352196e-1
train,3900,C#CC1(O)CCC(O)C1,8.136203766e0,2.185787857e-1,3.829038739e-1,1.276346207e0,8.354782104e0,1.165739536e0
train,3901,CC12CC3COC1C2C3,8.089944839e0,3.722500503e-1,3.829038739e-1,1.276346207e0,8.462194443e0,1.249895811e0
train,3902,N#CC1CC2CCC1C2,9.162073135e0,6.271418184e-2,3.829038739e-1,1.276346207e0,9.224787712e0,1.847378016e0
train,3903,[H]N=C(C=O)NCC(C)O,4.623214245e0,5.229623318e-1,3.829038739e-1,1.276346207e0,5.146176338e0,-1.348162770e0
train,3904,C#CC1(C(C)OC)CN1,7.706264496e0,1.939559281e-1,3.829038739e-1,1.276346207e0,7.900220394e0,8.095961809e-1
train,3905,CC1O[CH+][NH2+]C1C1CN1,6.895365238e0,3.346424401e-1,3.829038739e-1,1.276346207e0,7.230007648e0,2.844929099e-1
train,3906,ONC1C2OC2C12CN2,6.236849785e0,2.525095940e-1,3.829038739e-1,1.276346207e0,6.489359379e0,-2.957956791e-1
train,3907,COC12CC=CC1OC2,6.840942383e0,1.770337075e-1,3.829038739e-1,1.276346207e0,7.017976284e0,1.183690131e-1
train,3908,O=C1C=CCCCCC1,5.706227779e0,-3.033077419e-1,3.829038739e-1,1.276346207e0,5.402920246e0,-1.147007108e0
train,3909,CC12C[NH+]3CC[NH+]1CC32,7.461361885e0,9.013550878e-1,3.829038739e-1,1.276346207e0,8.362716675e0,1.171956182e0
train,3910,[H]N=CN1C(=O)C2OCC21,5.763371468e0,5.872997642e-1,3.829038739e-1,1.276346207e0,6.350671291e0,-4.044560790e-1
train,3911,OCC(O)C1C2COC21,8.280425072e0,7.465039380e-3,3.829038739e-1,1.276346207e0,8.287890434e0,1.113330841e0
train,3912,CC1OC(C)(C)C1C#N,7.684495449e0,3.259229064e-1,3.829038739e-1,1.276346207e0,8.010417938e0,8.959345818e-1
train,3913,CC1(CO)C2C=CC1O2,6.269503117e0,-7.817841768e-1,3.829038739e-1,1.276346207e0,5.487719059e0,-1.080568314e0
train,3914,CCCC(C)(CC)CC,9.907666206e0,4.538433552e-1,3.829038739e-1,1.276346207e0,1.036150932e1,2.737985134e0
train,3915,OC12C[NH+](C1)C2C1CN1,8.174300194e0,-5.991044641e-1,3.829038739e-1,1.276346207e0,7.575195789e0,5.549435019e-1
train,3916,CC#CC1COC([NH-])N1,7.102171898e0,3.088718355e-1,3.829038739e-1,1.276346207e0,7.411043644e0,4.263323545e-1
train,3917,COc1oc(N)cc1C,6.084465981e0,-2.390654683e-1,3.829038739e-1,1.276346207e0,5.845400333e0,-8.003295064e-1
train,3918,CC(=O)C1C=CCCO1,5.779698372e0,-2.663180232e-1,3.829038739e-1,1.276346207e0,5.513380527e0,-1.060462832e0
train,3919,COC1C2OCCC12O,7.869533062e0,-8.462041616e-1,3.829038739e-1,1.276346207e0,7.023328781e0,1.225626245e-1
train,3920,CCN=C(C=O)NCC,4.185111046e0,1.760480255e-1,3.829038739e-1,1.276346207e0,4.361158848e0,-1.963214040e0
train,3921,COC1OC(=O)C=C1C,6.065417767e0,-1.366988271e-1,3.829038739e-1,1.276346207e0,5.928719044e0,-7.350503206e-1
train,3922,C#CCOC1C2COC21,7.211016655e0,-4.012323916e-1,3.829038739e-1,1.276346207e0,6.809784412e0,-4.474670440e-2
train,3923,CCC12C3C4C3[NH+]1C42,7.597418785e0,5.933506489e-1,3.829038739e-1,1.276346207e0,8.190769196e0,1.037237525e0
train,3924,N#CC(O)c1ccn[nH]1,6.566107273e0,3.912524581e-1,3.829038739e-1,1.276346207e0,6.957359791e0,7.087674737e-2
train,3925,CCC1NC1C#CC#N,6.089908123e0,6.759951115e-1,3.829038739e-1,1.276346207e0,6.765903473e0,-7.912687212e-2
train,3926,c1cncc(C2CO2)c1,6.114398479e0,-4.495017827e-1,3.829038739e-1,1.276346207e0,5.664896488e0,-9.417520165e-1
train,3927,C#CC1C2C3C(C)C2C13,8.157973289e0,-4.429882765e-1,3.829038739e-1,1.276346207e0,7.714984894e0,6.644665003e-1
train,3928,CC1=C(C)C2(CC2)OC1,6.231407166e0,4.158960879e-1,3.829038739e-1,1.276346207e0,6.647303104e0,-1.720487624e-1
train,3929,NC(=O)C[NH+]1CCC1,7.175642490e0,-4.332242161e-2,3.829038739e-1,1.276346207e0,7.132319927e0,2.079558223e-1
train,3930,N#CC1CC12CO[CH+][NH2+]2,6.691279888e0,2.472707778e-1,3.829038739e-1,1.276346207e0,6.938550472e0,5.613988638e-2
train,3931,N#CCC1(C#N)CCO1,7.646399021e0,-6.357482076e-1,3.829038739e-1,1.276346207e0,7.010650635e0,1.126294583e-1
train,3932,CC1=CCOCCC1,6.783798695e0,-2.030783147e-1,3.829038739e-1,1.276346207e0,6.580720425e0,-2.242154628e-1
train,3933,O=CC1=CCCOC1=O,4.677637100e0,1.562957466e-2,3.829038739e-1,1.276346207e0,4.693266869e0,-1.703011632e0
train,3934,[NH-]C1OC2CC(O)C12O,7.181085110e0,6.505705118e-1,3.829038739e-1,1.276346207e0,7.831655502e0,7.558764815e-1
train,3935,C#CC#CC1C[NH+]1CC,5.570170403e0,-1.401521116e-1,3.829038739e-1,1.276346207e0,5.430018425e0,-1.125776052e0
train,3936,N#CC(O)C(=O)O[CH+][NH-],6.699442863e0,-5.459125042e-1,3.829038739e-1,1.276346207e0,6.153530121e0,-5.589137077e-1
train,3937,COC12C3C4CC3C1C42,8.688595772e0,2.389071733e-1,3.829038739e-1,1.276346207e0,8.927502632e0,1.614458919e0
train,3938,CC(C#N)C12C[NH+](C1)C2,7.379727840e0,3.686958253e-1,3.829038739e-1,1.276346207e0,7.748423576e0,6.906653047e-1
train,3939,COCC1(O)CC1OC,8.503558159e0,3.061589599e-1,3.829038739e-1,1.276346207e0,8.809717178e0,1.522175431e0
train,3940,CC[NH2+]CC(C)C(=O)[O-],4.100755692e0,8.251963556e-2,3.829038739e-1,1.276346207e0,4.183275223e0,-2.102583647e0
train,3941,N#CCc1onnc1N,5.099413872e0,5.431053042e-1,3.829038739e-1,1.276346207e0,5.642518997e0,-9.592844844e-1
train,3942,CC#CCCC(O)C#N,7.129383087e0,3.559651673e-1,3.829038739e-1,1.276346207e0,7.485348225e0,4.845490456e-1
train,3943,C#CCCc1cc[nH]n1,7.162036896e0,3.772816807e-2,3.829038739e-1,1.276346207e0,7.199765205e0,2.607983351e-1
train,3944,O=Cc1oc(=O)oc1O,5.238191605e0,8.611381054e-2,3.829038739e-1,1.276346207e0,5.324305534e0,-1.208600760e0
train,3945,O=C1OCC2(CO)CN12,7.845042706e0,-2.059042081e-2,3.829038739e-1,1.276346207e0,7.824452400e0,7.502329350e-1
train,3946,O=C1CC[NH+]2C3CC12C3,5.458603859e0,-2.615430951e-1,3.829038739e-1,1.276346207e0,5.197060585e0,-1.308295608e0
train,3947,[NH-]C1CCC=CCCO1,6.900807381e0,-3.717289269e-1,3.829038739e-1,1.276346207e0,6.529078484e0,-2.646762729e-1
train,3948,COc1c(N)noc1C,6.506242275e0,2.609953284e-1,3.829038739e-1,1.276346207e0,6.767237663e0,-7.808154821e-2
train,3949,O=C1C=CC2OCC2N1,5.624593258e0,5.882542133e-1,3.829038739e-1,1.276346207e0,6.212847710e0,-5.124391317e-1
train,3950,CC1N=COC2CCC12,7.472246647e0,1.902639568e-1,3.829038739e-1,1.276346207e0,7.662510395e0,6.233533621e-1
train,3951,C#CC1(C#N)CC1C#N,6.933460712e0,6.861820817e-1,3.829038739e-1,1.276346207e0,7.619642735e0,5.897670984e-1
train,3952,CC1C2COC([NH-])OC12,8.095387459e0,3.085408509e-1,3.829038739e-1,1.276346207e0,8.403928757e0,1.204245329e0
train,3953,O=C1NC2CC1(O)C2,7.197411537e0,9.535443783e-2,3.829038739e-1,1.276346207e0,7.292766094e0,3.336633742e-1
train,3954,NC1=NCCOC1C=O,5.017779827e0,-6.714777648e-2,3.829038739e-1,1.276346207e0,4.950632095e0,-1.501369238e0
train,3955,C1C2C3OC4C2C4C13,9.121256828e0,8.443300128e-1,3.829038739e-1,1.276346207e0,9.965586662e0,2.427784681e0
train,3956,c1cc2[nH]cnc2o[cH+]1,4.541580200e0,-3.608413339e-1,3.829038739e-1,1.276346207e0,4.180738926e0,-2.104570866e0
train,3957,Cc1cc2n(n1)CC2,7.191968918e0,5.637412667e-1,3.829038739e-1,1.276346207e0,7.755710125e0,6.963741779e-1
train,3958,COCC1COC(=O)N1,8.500837326e0,-1.611075997e-1,3.829038739e-1,1.276346207e0,8.339729309e0,1.153945923e0
train,3959,CC1(C)OC2CC(=O)C21,5.896707535e0,-5.896153450e-1,3.829038739e-1,1.276346207e0,5.307092190e0,-1.222087145e0
train,3960,CC1C2NC(C#N)[NH2+]C12,5.284451008e0,-2.448496968e-1,3.829038739e-1,1.276346207e0,5.039601326e0,-1.431662917e0
train,3961,C1CC2NC2C2OC2C1,8.514442444e0,1.364819556e-1,3.829038739e-1,1.276346207e0,8.650924683e0,1.397763610e0
train,3962,C#CCOCC1CO1,7.858648300e0,-4.794956744e-2,3.829038739e-1,1.276346207e0,7.810698509e0,7.394568920e-1
train,3963,OC12C[NH+](C1)C2C1CC1,8.389269829e0,2.393488586e-1,3.829038739e-1,1.276346207e0,8.628618240e0,1.380286694e0
train,3964,C#CC1(O)C2CC1(C)N2,7.728034019e0,-1.678092629e-1,3.829038739e-1,1.276346207e0,7.560224533e0,5.432137251e-1
train,3965,COc1cc[nH]c1C,6.103513718e0,2.350671589e-1,3.829038739e-1,1.276346207e0,6.338581085e0,-4.139285982e-1
train,3966,C#CC(O)C12CCC1N2,8.128041267e0,-4.461060464e-1,3.829038739e-1,1.276346207e0,7.681935310e0,6.385725737e-1
train,3967,COC1CC1C(C)O,8.832816124e0,-3.724085093e-1,3.829038739e-1,1.276346207e0,8.460407257e0,1.248495579e0
train,3968,[NH-][CH+]OC1(C(N)=O)CC1,6.979720592e0,-4.396197572e-2,3.829038739e-1,1.276346207e0,6.935758591e0,5.395248160e-2
train,3969,CCC12CC3C1C3(O)C2,8.713085175e0,2.686161399e-1,3.829038739e-1,1.276346207e0,8.981700897e0,1.656922579e0
train,3970,Cc1c(N)cn(C)c1C,6.108956337e0,-5.765295401e-2,3.829038739e-1,1.276346207e0,6.051303387e0,-6.390070319e-1
train,3971,COCC1CC(=O)C1C,6.027321815e0,3.228852451e-1,3.829038739e-1,1.276346207e0,6.350206852e0,-4.048199356e-1
train,3972,[NH-]c1cc[nH+]c(=O)o1,5.434113503e0,-2.004975975e-1,3.829038739e-1,1.276346207e0,5.233615875e0,-1.279654980e0
train,3973,CC1CCN(C)C(=O)O1,8.011032104e0,-7.768688798e-1,3.829038739e-1,1.276346207e0,7.234163284e0,2.877488136e-1
train,3974,CC(=O)C1OC2CNC21,6.054533005e0,3.351651728e-1,3.829038739e-1,1.276346207e0,6.389698029e0,-3.738791049e-1
train,3975,C1C2CC34CCC3(C4)[NH+]12,7.703543663e0,-3.096580505e-1,3.829038739e-1,1.276346207e0,7.393885612e0,4.128892422e-1
train,3976,C#CC12C(O)C3CC1C32,7.472246647e0,2.360394597e-1,3.829038739e-1,1.276346207e0,7.708286285e0,6.592182517e-1
train,3977,[H]N=C(NC=O)C(=O)C#C,4.038169384e0,1.216554046e-1,3.829038739e-1,1.276346207e0,4.159824848e0,-2.120956659e0
train,3978,CC(=O)NCC(O)C=O,5.458603859e0,9.497895092e-2,3.829038739e-1,1.276346207e0,5.553582668e0,-1.028964996e0
train,3979,OCCOC1CC(O)C1,9.034179688e0,-1.682440490e-1,3.829038739e-1,1.276346207e0,8.865935326e0,1.566221714e0
train,3980,CNC(C#N)=NCC#N,5.537517071e0,5.170600414e-1,3.829038739e-1,1.276346207e0,6.054576874e0,-6.364423037e-1
train,3981,CCC(CC)C1OC1C,8.947103500e0,-4.314746261e-1,3.829038739e-1,1.276346207e0,8.515628815e0,1.291760921e0
train,3982,Cc1occc1CO,6.383790970e0,1.002113342e0,3.829038739e-1,1.276346207e0,7.385904312e0,4.066359997e-1
train,3983,CC1(O)CC(=O)C1CO,5.953851223e0,1.070992112e0,3.829038739e-1,1.276346207e0,7.024843216e0,1.237491667e-1
train,3984,CCC1(C=O)OC1(C)C,5.885822773e0,-2.486111075e-1,3.829038739e-1,1.276346207e0,5.637211800e0,-9.634426236e-1
train,3985,CCC1CC2CCC=C12,6.713048935e0,-6.931909919e-1,3.829038739e-1,1.276346207e0,6.019857883e0,-6.636441946e-1
train,3986,O=C1CC(O)CC1NO,4.522532463e0,7.940165401e-1,3.829038739e-1,1.276346207e0,5.316548824e0,-1.214678049e0
train,3987,[H]N=CNc1nc(O)co1,5.276288033e0,-9.915231913e-2,3.829038739e-1,1.276346207e0,5.177135944e0,-1.323906302e0
train,3988,O=Cc1c[nH]nc1CO,5.493978977e0,-3.894809186e-1,3.829038739e-1,1.276346207e0,5.104497910e0,-1.380817294e0
train,3989,CC1C[NH+]2CC2C1O,7.749802589e0,-5.626031756e-1,3.829038739e-1,1.276346207e0,7.187199593e0,2.509533465e-1
train,3990,O=CN1C=NCCC1=O,5.953851223e0,1.829364300e-1,3.829038739e-1,1.276346207e0,6.136787415e0,-5.720313787e-1
train,3991,CCC12NC1CNC2=O,6.966114998e0,-2.075445354e-1,3.829038739e-1,1.276346207e0,6.758570671e0,-8.487202972e-2
train,3992,CC1C2C3C4[NH+]3C1C24O,7.396054745e0,-2.091429085e-1,3.829038739e-1,1.276346207e0,7.186912060e0,2.507280707e-1
train,3993,COC(C(N)=O)C1CO1,7.083124161e0,4.616636783e-2,3.829038739e-1,1.276346207e0,7.129290581e0,2.055823654e-1
train,3994,Cn1ccc(O)c1[NH-],3.964698792e0,-1.215093657e-1,3.829038739e-1,1.276346207e0,3.843189478e0,-2.369036674e0
train,3995,CC1CC1N(C=O)C=O,5.831399918e0,1.095038354e-1,3.829038739e-1,1.276346207e0,5.940903664e0,-7.255038619e-1
train,3996,C1CC2CCC(CC2)O1,8.272260666e0,-2.941365540e-1,3.829038739e-1,1.276346207e0,7.978124142e0,8.706327677e-1
train,3997,NC=[NH+]C1=CC(=O)O[CH+]1,1.929287314e0,3.968839347e-2,3.829038739e-1,1.276346207e0,1.968975663e0,-3.837459564e0
train,3998,C[NH+]1CC12C1C[NH+]3C1C32,8.138925552e0,5.026721358e-1,3.829038739e-1,1.276346207e0,8.641597748e0,1.390456080e0
train,3999,CCn1nccc1CO,6.775634766e0,-2.832680643e-1,3.829038739e-1,1.276346207e0,6.492366791e0,-2.934394181e-1
val,0,CCC1CC=CC1OC,7.036864281e0,-3.142652810e-1,3.829038739e-1,1.276346207e0,6.722599030e0,-1.130553558e-1
val,1,CC1OC(C)(C#N)C1=O,5.921197414e0,-3.313689530e-1,3.829038739e-1,1.276346207e0,5.589828491e0,-1.000566840e0
val,2,CC12OCC3[CH-]CC1C32,5.409623623e0,4.962332845e-1,3.829038739e-1,1.276346207e0,5.905857086e0,-7.529624104e-1
val,3,OCCC12CCC1O2,8.821931839e0,1.254364550e-1,3.829038739e-1,1.276346207e0,8.947368622e0,1.630023718e0
val,4,C1=NC2CC(O1)C1CC21,7.314420223e0,-4.073698819e-1,3.829038739e-1,1.276346207e0,6.907050133e0,3.145976365e-2
val,5,OCC1C2C=CCC21,6.677673817e0,-3.930134773e-1,3.829038739e-1,1.276346207e0,6.284660339e0,-4.561748207e-1
val,6,O=C1CC2C(CO)C12,6.209638119e0,-6.830281019e-2,3.829038739e-1,1.276346207e0,6.141335487e0,-5.684680343e-1
val,7,CC12C3OC4C3C1(O)C42,8.351174355e0,-5.323395133e-1,3.829038739e-1,1.276346207e0,7.818834782e0,7.458316088e-1
val,8,O=C1CC2(CCCC2)O1,7.738917828e0,4.269828796e-1,3.829038739e-1,1.276346207e0,8.165901184e0,1.017753720e0
val,9,CC1(C)C2C=CC(=O)C21,5.006895065e0,-4.731386900e-3,3.829038739e-1,1.276346207e0,5.002163887e0,-1.460994720e0
val,10,CCC(N)C#N,8.108993530e0,1.025270373e-1,3.829038739e-1,1.276346207e0,8.211520195e0,1.053495646e0
val,11,NC1=C(C=O)CCC1O,4.949750900e0,9.273705631e-2,3.829038739e-1,1.276346207e0,5.042488098e0,-1.429401159e0
val,12,OC12CC1N1NC=CC12,6.209638119e0,4.801935852e-1,3.829038739e-1,1.276346207e0,6.689831734e0,-1.387281269e-1
val,13,CC12OC(C3CC31)C2O,8.636894226e0,-3.503095806e-1,3.829038739e-1,1.276346207e0,8.286584854e0,1.112307906e0
val,14,CC(C#N)OC(C)CO,7.760687351e0,-5.897255987e-2,3.829038739e-1,1.276346207e0,7.701714993e0,6.540697217e-1
val,15,CC1C=CC(O)C1C#N,7.066796780e0,-1.366190165e-1,3.829038739e-1,1.276346207e0,6.930177689e0,4.957991466e-2
val,16,CNC1=CC(NO)CC1,5.134788513e0,-2.258521318e-1,3.829038739e-1,1.276346207e0,4.908936501e0,-1.534037113e0
val,17,CC(C)C(=O)CCC=O,6.174263477e0,-4.075426459e-1,3.829038739e-1,1.276346207e0,5.766720772e0,-8.619739413e-1
val,18,C1=CC23COC2C1CO3,6.576991558e0,3.100920022e-1,3.829038739e-1,1.276346207e0,6.887083530e0,1.581618376e-2
val,19,CC1COC(C)O1,9.314456940e0,4.504523277e-1,3.829038739e-1,1.276346207e0,9.764909744e0,2.270556927e0
val,20,COCCC(C)(C)C#N,8.307636261e0,2.486619502e-1,3.829038739e-1,1.276346207e0,8.556298256e0,1.323624969e0
val,21,O=CN1CCCCCC1,7.270882130e0,-2.826217711e-1,3.829038739e-1,1.276346207e0,6.988260269e0,9.508688748e-2
val,22,CC1(CO)CC2NC2C1,8.304915428e0,-2.181812376e-1,3.829038739e-1,1.276346207e0,8.086733818e0,9.557271004e-1
val,23,CC12CC1(C=O)O[CH+][NH2+]2,5.902149677e0,1.525407434e-1,3.829038739e-1,1.276346207e0,6.054690361e0,-6.363534331e-1
val,24,COC1CCC(=O)O1,7.567486763e0,-3.682357967e-1,3.829038739e-1,1.276346207e0,7.199251175e0,2.603956163e-1
val,25,C#CC1C2C(=O)C(C)C12,6.027321815e0,-2.553837746e-2,3.829038739e-1,1.276346207e0,6.001783371e0,-6.778053641e-1
val,26,CC#CC1=CCCC1O,5.613708973e0,-9.747412987e-3,3.829038739e-1,1.276346207e0,5.603961468e0,-9.894938469e-1
val,27,CC1C2CC=CC12CO,6.680395126e0,-2.215532213e-1,3.829038739e-1,1.276346207e0,6.458841801e0,-3.197058439e-1
val,28,CC1OCC12C=CCC2,6.976998806e0,-3.254279122e-2,3.829038739e-1,1.276346207e0,6.944456100e0,6.076687202e-2
val,29,CC1OC2CCCC12,8.781113625e0,-5.385712534e-2,3.829038739e-1,1.276346207e0,8.727256775e0,1.457568765e0
val,30,O=C1CC=CC2NC2C1,6.079023361e0,6.796039343e-1,3.829038739e-1,1.276346207e0,6.758627415e0,-8.482757211e-2
val,31,CCC1CC=CC1(C)C,7.194690704e0,5.020432472e-1,3.829038739e-1,1.276346207e0,7.696733952e0,6.501671076e-1
val,32,CC1(C)CC(=O)C=C1N,5.594660759e0,7.259376645e-1,3.829038739e-1,1.276346207e0,6.320598602e0,-4.280176461e-1
val,33,CCc1nonc1CO,6.770192623e0,-4.158573970e-2,3.829038739e-1,1.276346207e0,6.728606701e0,-1.083484218e-1
val,34,CC1(C#N)COCO1,8.103550911e0,2.325164080e-1,3.829038739e-1,1.276346207e0,8.336067200e0,1.151076674e0
val,35,O=C1OC2C[NH+]3CC2C13,6.557943821e0,5.057024304e-3,3.829038739e-1,1.276346207e0,6.563000679e0,-2.380986512e-1
val,36,CCC1=C(CC)CCC1,6.797404289e0,-2.957597673e-1,3.829038739e-1,1.276346207e0,6.501644611e0,-2.861703634e-1
val,37,CC(C#N)C(=O)CO,6.329368591e0,1.717419475e-1,3.829038739e-1,1.276346207e0,6.501110554e0,-2.865887880e-1
val,38,OC1C2CC3COC1C32,8.489952087e0,1.023662210e0,3.829038739e-1,1.276346207e0,9.513614655e0,2.073670387e0
val,39,C1C2C3C1C1C2C2C3[NH+]12,8.473625183e0,1.626556069e-1,3.829038739e-1,1.276346207e0,8.636281013e0,1.386290431e0
val,40,CC#CC1CC=CC1,7.205575466e0,6.452021003e-2,3.829038739e-1,1.276346207e0,7.270095825e0,3.159015179e-1
val,41,CC1C=CC(OC=O)C1,7.047749043e0,-7.274830341e-1,3.829038739e-1,1.276346207e0,6.320265770e0,-4.282784164e-1
val,42,CC1CC=CC1OC=O,7.004210949e0,-4.923802018e-1,3.829038739e-1,1.276346207e0,6.511830807e0,-2.781895995e-1
val,43,N#CC12CCC(O)C1N2,7.357958317e0,3.632958233e-1,3.829038739e-1,1.276346207e0,7.721254349e0,6.693785191e-1
val,44,c1cnc2c(n1)COC2,5.216422558e0,1.527377665e-1,3.829038739e-1,1.276346207e0,5.369160175e0,-1.173457742e0
val,45,CC1C2C3OC([NH-])[NH+]1C32,7.240949631e0,-4.041435570e-2,3.829038739e-1,1.276346207e0,7.200535297e0,2.614017129e-1
val,46,COC1(C)CC=CC1O,7.175642490e0,-1.395190060e-1,3.829038739e-1,1.276346207e0,7.036123276e0,1.325869560e-1
val,47,Cc1cc(C2CN2)n[nH]1,6.337531567e0,-1.021497473e-1,3.829038739e-1,1.276346207e0,6.235381603e0,-4.947840869e-1
val,48,C1=CC23CC2(C1)[NH+]1CC13,5.793303967e0,-2.737993896e-1,3.829038739e-1,1.276346207e0,5.519504547e0,-1.055664778e0
val,49,C#CCCC1OCCO1,8.544375420e0,-2.417712100e-2,3.829038739e-1,1.276346207e0,8.520197868e0,1.295340776e0
val,50,CC12CC1C(=O)C(=O)O2,4.742944717e0,-1.302981004e-2,3.829038739e-1,1.276346207e0,4.729915142e0,-1.674298167e0
val,51,CC1C(NO)C2(C)OC12,6.775634766e0,1.853916794e-1,3.829038739e-1,1.276346207e0,6.961026669e0,7.374970615e-2
val,52,Nc1ncc(N)c(=O)o1,4.372869492e0,-2.186771482e-1,3.829038739e-1,1.276346207e0,4.154192448e0,-2.125369549e0
val,53,CC12C(=O)C(O)C1C2O,5.804188728e0,5.987697840e-1,3.829038739e-1,1.276346207e0,6.402958393e0,-3.634897768e-1
val,54,CCc1c[nH]c(=O)n1C,6.152494431e0,1.001484752e0,3.829038739e-1,1.276346207e0,7.153979301e0,2.249256670e-1
val,55,N#CCOCC(=O)C#N,5.782419682e0,1.937257499e-1,3.829038739e-1,1.276346207e0,5.976145267e0,-6.978924870e-1
val,56,CCC#CCCC,8.130762100e0,3.281766474e-1,3.829038739e-1,1.276346207e0,8.458938599e0,1.247344851e0
val,57,CCC1(O)CC2OC21,8.555259705e0,-5.266306177e-2,3.829038739e-1,1.276346207e0,8.502596855e0,1.281550527e0
val,58,CC#CC#CC(C)C#N,6.065417767e0,-4.382323474e-3,3.829038739e-1,1.276346207e0,6.061035633e0,-6.313819885e-1
val,59,CC(C=O)C12CCC1O2,5.913033962e0,8.126536012e-2,3.829038739e-1,1.276346207e0,5.994299412e0,-6.836689711e-1
val,60,O=CC12C(=O)CC1C2O,5.717112064e0,-3.402248919e-1,3.829038739e-1,1.276346207e0,5.376887321e0,-1.167403579e0
val,61,COC1C2[NH2+][CH+]OC21,6.887201786e0,-2.117671072e-1,3.829038739e-1,1.276346207e0,6.675434589e0,-1.500080973e-1
val,62,Cn1cc2c(n1)CCN2,5.687179565e0,1.900444627e-1,3.829038739e-1,1.276346207e0,5.877223969e0,-7.753961086e-1
val,63,CC12COC(CC1O)O2,8.536211014e0,5.249981880e-1,3.829038739e-1,1.276346207e0,9.061208725e0,1.719215989e0
val,64,C#CCOCCOCC,7.423265934e0,-6.809839606e-1,3.829038739e-1,1.276346207e0,6.742281914e0,-9.763406217e-2
val,65,CNC1=NC([NH-])=CNO1,4.892607212e0,-1.518562734e-1,3.829038739e-1,1.276346207e0,4.740750790e0,-1.665808558e0
val,66,CC1OCc2[nH]cnc21,6.517127037e0,3.706350029e-1,3.829038739e-1,1.276346207e0,6.887762070e0,1.634781063e-2
val,67,CC12NC(C3NC31)C2O,7.673610687e0,-1.590940654e-1,3.829038739e-1,1.276346207e0,7.514516830e0,5.074023008e-1
val,68,O=C1OC23COC(C2)C13,6.805567265e0,-5.639799237e-1,3.829038739e-1,1.276346207e0,6.241587162e0,-4.899221063e-1
val,69,O=C1NC2CC2CO1,7.888580799e0,-2.781875990e-2,3.829038739e-1,1.276346207e0,7.860762119e0,7.786810994e-1
val,70,CCOC1CCC2OC12,8.960708618e0,4.740441442e-1,3.829038739e-1,1.276346207e0,9.434752464e0,2.011882782e0
val,71,CCC1OC(C)OC1[NH-],7.907628536e0,-5.455255508e-1,3.829038739e-1,1.276346207e0,7.362102985e0,3.879879713e-1
val,72,O=C1C[NH+]2CC3NC3C12,5.684458733e0,4.390174150e-2,3.829038739e-1,1.276346207e0,5.728360653e0,-8.920286298e-1
val,73,CC(O)C(N)(C#N)C#N,7.461361885e0,2.652670145e-1,3.829038739e-1,1.276346207e0,7.726628780e0,6.735893488e-1
val,74,C#CC1C=CC(C)C1=O,5.858611107e0,3.478242457e-1,3.829038739e-1,1.276346207e0,6.206435204e0,-5.174632072e-1
val,75,CC12CC(C#N)C1O2,8.040965080e0,5.908762813e-1,3.829038739e-1,1.276346207e0,8.631841660e0,1.382812262e0
val,76,C1C2C3C1C1(CO1)C23,9.374322891e0,9.675466456e-3,3.829038739e-1,1.276346207e0,9.383997917e0,1.972117186e0
val,77,CCCCC(C=O)OC,5.801467419e0,2.260095924e-1,3.829038739e-1,1.276346207e0,6.027476788e0,-6.576749086e-1
val,78,C#CC1NC(CO)C1=O,5.624593258e0,4.985914230e-1,3.829038739e-1,1.276346207e0,6.123184681e0,-5.826889873e-1
val,79,N#CC12CCCC1OC2,7.825994968e0,-3.299036622e-1,3.829038739e-1,1.276346207e0,7.496091366e0,4.929661751e-1
val,80,COCC(O)C(=O)C=O,4.378312111e0,-3.819036186e-1,3.829038739e-1,1.276346207e0,3.996408463e0,-2.248991489e0
val,81,CC1C=CC2C(C)C12O,6.555222511e0,-6.993041188e-2,3.829038739e-1,1.276346207e0,6.485291958e0,-2.989824712e-1
val,82,COCC1C(C)C2OC12,9.006968498e0,8.510969579e-2,3.829038739e-1,1.276346207e0,9.092078209e0,1.743401766e0
val,83,C#CC1CC2(COC2)C1,7.929397583e0,1.110399514e-1,3.829038739e-1,1.276346207e0,8.040437698e0,9.194546938e-1
val,84,OC1C=CCCCCC1,6.919855118e0,5.403193831e-1,3.829038739e-1,1.276346207e0,7.460174561e0,4.648258090e-1
val,85,C#CC1C=C(C)CC1C,6.982441425e0,7.754540443e-2,3.829038739e-1,1.276346207e0,7.059987068e0,1.512839347e-1
val,86,C1C2CC34COC3(C4)C12,7.396054745e0,2.598631680e-1,3.829038739e-1,1.276346207e0,7.655918121e0,6.181884408e-1
val,87,C#CC1=CC(CC)CC1,5.668131351e0,-8.390747011e-2,3.829038739e-1,1.276346207e0,5.584223747e0,-1.004958034e0
val,88,CC12C(=O)C3C4C(C31)[NH+]42,5.727996826e0,2.976434529e-1,3.829038739e-1,1.276346207e0,6.025640488e0,-6.591135859e-1
val,89,OCCCC1CC2OC12,8.979757309e0,7.184783816e-1,3.829038739e-1,1.276346207e0,9.698235512e0,2.218318462e0
val,90,CC12CC3C1COCC32,8.922613144e0,-4.838201106e-1,3.829038739e-1,1.276346207e0,8.438793182e0,1.231561184e0
val,91,CCOC1C(O)C2OC12,8.525327682e0,1.102315634e-2,3.829038739e-1,1.276346207e0,8.536351204e0,1.307996631e0
val,92,[CH+]1[NH2+]C2C3NC2C3O1,6.857269287e0,1.148159727e-1,3.829038739e-1,1.276346207e0,6.972085476e0,8.241414279e-2
val,93,O=CC1=CCC2CC12,5.213701248e0,2.061804533e-1,3.829038739e-1,1.276346207e0,5.419881821e0,-1.133717895e0
val,94,C#CCn1nn[nH]c1=O,6.182426929e0,3.519816697e-1,3.829038739e-1,1.276346207e0,6.534408569e0,-2.605002224e-1
val,95,CCC(C)c1cnon1,6.963393688e0,2.702192590e-2,3.829038739e-1,1.276346207e0,6.990415573e0,9.677553922e-2
val,96,CC1C2N=CNC=NC12,5.532074928e0,-2.508183718e-1,3.829038739e-1,1.276346207e0,5.281256676e0,-1.242329001e0
val,97,CCC(=O)C1C=CCC1,5.834120750e0,1.235329881e-1,3.829038739e-1,1.276346207e0,5.957653522e0,-7.123805285e-1
val,98,CC1C=CC(O)C2CC12,7.110334873e0,6.515948772e-1,3.829038739e-1,1.276346207e0,7.761929512e0,7.012470365e-1
val,99,CC(C)C#CC(C)(C)C,8.234165192e0,-8.707412332e-2,3.829038739e-1,1.276346207e0,8.147090912e0,1.003016114e0
val,100,C1=CC2(CC1)C[NH+]1CC12,6.699442863e0,-4.877425134e-1,3.829038739e-1,1.276346207e0,6.211700439e0,-5.133379698e-1
val,101,CC1CC2NC(=O)OC12,8.359337807e0,1.663105786e-1,3.829038739e-1,1.276346207e0,8.525648117e0,1.299610972e0
val,102,OC1N=Nc2[nH+]nnn21,4.966077805e0,-5.105671659e-2,3.829038739e-1,1.276346207e0,4.915020943e0,-1.529270053e0
val,103,CC1C(=O)C=CC1O,5.142951965e0,-6.107135415e-1,3.829038739e-1,1.276346207e0,4.532238483e0,-1.829175353e0
val,104,CC12C(O)C3C(O)C1[NH+]32,8.190627098e0,-4.073218703e-1,3.829038739e-1,1.276346207e0,7.783305168e0,7.179945707e-1
val,105,CC1=CC2CC(=O)N2C1,6.808288574e0,-1.494175941e-1,3.829038739e-1,1.276346207e0,6.658871174e0,-1.629853249e-1
val,106,CC1C2CC(=O)OC12,7.616467476e0,-7.585997880e-2,3.829038739e-1,1.276346207e0,7.540607452e0,5.278439522e-1
val,107,CC1CC=C(C=O)C1=O,4.397359848e0,-3.865350783e-1,3.829038739e-1,1.276346207e0,4.010824680e0,-2.237696409e0
val,108,N#Cc1nonc1CO,6.040927887e0,6.271738410e-1,3.829038739e-1,1.276346207e0,6.668101788e0,-1.557532549e-1
val,109,CC1=CC(=O)C2(C)CN12,5.197374821e0,-6.254819632e-1,3.829038739e-1,1.276346207e0,4.571892738e0,-1.798106670e0
val,110,CC1=CCC(C)(CO)C1,7.072239399e0,2.863289714e-1,3.829038739e-1,1.276346207e0,7.358568192e0,3.852185011e-1
val,111,CC(CO)C(C)CC=O,6.220522881e0,2.973968685e-1,3.829038739e-1,1.276346207e0,6.517919540e0,-2.734191716e-1
val,112,CC1=CCc2cn[nH]c21,5.295335770e0,2.318961546e-3,3.829038739e-1,1.276346207e0,5.297654629e0,-1.229481339e0
val,113,CC12CC(O)(C=O)C1O2,5.815073013e0,3.763051331e-1,3.829038739e-1,1.276346207e0,6.191378117e0,-5.292602777e-1
val,114,OCC[NH2+]C1COCO1,7.020537376e0,-3.837872148e-1,3.829038739e-1,1.276346207e0,6.636750221e0,-1.803168207e-1
val,115,FC(F)(F)C12CCC1O2,9.189285278e0,1.042848825e-1,3.829038739e-1,1.276346207e0,9.293570518e0,1.901268482e0
val,116,OC1CCC12COC2,8.258655548e0,5.117240548e-1,3.829038739e-1,1.276346207e0,8.770380020e0,1.491355300e0
val,117,CC(O)CC1C=CCC1,7.129383087e0,-4.026078582e-1,3.829038739e-1,1.276346207e0,6.726775169e0,-1.097834036e-1
val,118,C1CC2C3C(O1)C1C2C31,9.064112663e0,2.567771971e-1,3.829038739e-1,1.276346207e0,9.320889473e0,1.922672510e0
val,119,C[CH+]1NOC(=O)OC1[NH-],5.869495869e0,-2.564610839e-1,3.829038739e-1,1.276346207e0,5.613034725e0,-9.823850393e-1
val,120,Cn1ccc(=O)[nH]c1=O,5.540238380e0,-2.192410082e-1,3.829038739e-1,1.276346207e0,5.320997238e0,-1.211192727e0
val,121,CCC1(C)CCC2OC21,9.113092422e0,4.625934064e-1,3.829038739e-1,1.276346207e0,9.575685501e0,2.122302055e0
val,122,COC1(C)C=CC(=O)C1,5.151115417e0,-3.523157164e-2,3.829038739e-1,1.276346207e0,5.115883827e0,-1.371896505e0
val,123,CCC1C=CC(C)O1,6.734817982e0,2.074247599e-1,3.829038739e-1,1.276346207e0,6.942242622e0,5.903263763e-2
val,124,O=CC1(O)C=CCC1,5.717112064e0,1.781822890e-1,3.829038739e-1,1.276346207e0,5.895294189e0,-7.612382770e-1
val,125,CC12CC3CC(CO1)C32,8.555259705e0,5.361684784e-2,3.829038739e-1,1.276346207e0,8.608876228e0,1.364819169e0
val,126,N#CCN=C(N)C#N,6.100792408e0,-4.779015779e-1,3.829038739e-1,1.276346207e0,5.622890949e0,-9.746628404e-1
val,127,CC1(C#N)COC(=O)C1,7.542996407e0,1.343662292e-1,3.829038739e-1,1.276346207e0,7.677362442e0,6.349897981e-1
val,128,CC1=CC2(C)CC2(C)C1,6.585155487e0,2.485315651e-1,3.829038739e-1,1.276346207e0,6.833686829e0,-2.601946145e-2
val,129,CC(C)(C)C12CCC1O2,8.783835411e0,2.566012442e-1,3.829038739e-1,1.276346207e0,9.040436745e0,1.702941418e0
val,130,O=C1C=CC2CC12CO,5.121182919e0,2.049824148e-1,3.829038739e-1,1.276346207e0,5.326165199e0,-1.207143664e0
val,131,C1Cc2[nH]nnc2CO1,6.628693581e0,-2.021138817e-1,3.829038739e-1,1.276346207e0,6.426579475e0,-3.449829519e-1
val,132,CC1=Nc2[nH+]cnn2[CH+]1,5.782419682e0,-2.184714973e-1,3.829038739e-1,1.276346207e0,5.563948154e0,-1.020843744e0
val,133,CCC1C2C=CC(O)C21,6.405560493e0,-3.210341334e-1,3.829038739e-1,1.276346207e0,6.084526539e0,-6.129771471e-1
val,134,CC1CC(=O)C(=O)O1,4.696685314e0,-4.363883436e-1,3.829038739e-1,1.276346207e0,4.260296822e0,-2.042238235e0
val,135,OCC1C(O)CC2OC21,9.004247665e0,3.938977141e-3,3.829038739e-1,1.276346207e0,9.008186340e0,1.677673578e0
val,136,O=CC(O)C1CC2OC21,5.967456818e0,3.796159104e-2,3.829038739e-1,1.276346207e0,6.005418301e0,-6.749574542e-1
val,137,N#CC(N)C1C=CCC1,6.756587029e0,6.571213156e-2,3.829038739e-1,1.276346207e0,6.822299004e0,-3.494168073e-2
val,138,CC1C(C=O)C2OC12,5.825957775e0,-5.052136257e-2,3.829038739e-1,1.276346207e0,5.775436401e0,-8.551453948e-1
val,139,C#CC(C)CC#CC=O,5.575613022e0,5.905889869e-1,3.829038739e-1,1.276346207e0,6.166202068e0,-5.489853621e-1
val,140,COC(=O)C1OCC1=O,6.049090862e0,-2.903328538e-1,3.829038739e-1,1.276346207e0,5.758758068e0,-8.682126403e-1
val,141,CC1=CC(O)C(=O)C1,6.024600506e0,3.051829338e-1,3.829038739e-1,1.276346207e0,6.329783440e0,-4.208214283e-1
val,142,CCC1C(OC)C2OC12,8.615124702e0,-7.873557210e-1,3.829038739e-1,1.276346207e0,7.827768803e0,7.528312802e-1
val,143,COCCC(C)=NO,6.938903332e0,1.367355436e-1,3.829038739e-1,1.276346207e0,7.075638771e0,1.635468453e-1
val,144,CCc1[nH]c(=O)[nH]c1O,6.234128475e0,-9.662009031e-2,3.829038739e-1,1.276346207e0,6.137508392e0,-5.714665055e-1
val,145,CC1=CC2(O)CC2(C)C1,6.574271202e0,3.236934245e-1,3.829038739e-1,1.276346207e0,6.897964478e0,2.434126846e-2
val,146,OCC1C2CC3C(C2)C13,9.153910637e0,3.467162549e-1,3.829038739e-1,1.276346207e0,9.500626564e0,2.063494205e0
val,147,CCC12CCCC1(C)O2,9.006968498e0,2.394566983e-1,3.829038739e-1,1.276346207e0,9.246425629e0,1.864331126e0
val,148,CC1=CCC(C)C1(C)C,7.069517612e0,-4.300870001e-1,3.829038739e-1,1.276346207e0,6.639430523e0,-1.782168299e-1
val,149,CCC1CC=C(C)C1O,7.066796780e0,-1.072944030e-1,3.829038739e-1,1.276346207e0,6.959502220e0,7.255531847e-2
val,150,CCOC12CC1C1NC12,7.790619850e0,2.516608834e-1,3.829038739e-1,1.276346207e0,8.042281151e0,9.208989739e-1
val,151,O=CC1(C=O)OCCO1,5.102134705e0,-8.681304455e-1,3.829038739e-1,1.276346207e0,4.234004021e0,-2.062838316e0
val,152,COCC12CC1C(=O)O2,7.499457359e0,-4.773901105e-1,3.829038739e-1,1.276346207e0,7.022067070e0,1.215740889e-1
val,153,O=C1CC2CC1C2O,6.119840622e0,-3.001656830e-1,3.829038739e-1,1.276346207e0,5.819674969e0,-8.204849958e-1
val,154,CC(O)C(O)C(=O)C#N,4.835463047e0,6.253656745e-1,3.829038739e-1,1.276346207e0,5.460828781e0,-1.101636529e0
val,155,OCC1C=CC2C(O)C12,6.182426929e0,-5.505610704e-1,3.829038739e-1,1.276346207e0,5.631865978e0,-9.676309824e-1
val,156,CC(C)C12CC(O)C1O2,8.813768387e0,-7.443002462e-1,3.829038739e-1,1.276346207e0,8.069468498e0,9.421999454e-1
val,157,C#CCC1CCC=C1C,6.955230236e0,2.092155963e-1,3.829038739e-1,1.276346207e0,7.164445877e0,2.331261039e-1
val,158,CC1(CO)C2C=CCC21,6.650462627e0,5.027329922e-1,3.829038739e-1,1.276346207e0,7.153195381e0,2.243114710e-1
val,159,C1C2OC3C(O2)C2C1C32,9.015131950e0,-5.067346245e-2,3.829038739e-1,1.276346207e0,8.964458466e0,1.643413305e0
val,160,CC1(CCO)C=CCC1,7.145709991e0,-4.166472256e-1,3.829038739e-1,1.276346207e0,6.729062557e0,-1.079912633e-1
val,161,O=C1CCNC1=O,4.693964005e0,4.219840467e-1,3.829038739e-1,1.276346207e0,5.115948200e0,-1.371846080e0
val,162,CC12CC1C=CNC2=O,5.736160278e0,4.419709370e-2,3.829038739e-1,1.276346207e0,5.780357361e0,-8.512898684e-1
val,163,C1CC2C(O1)C1CC[NH+]21,7.763408184e0,-2.878042310e-2,3.829038739e-1,1.276346207e0,7.734627724e0,6.798564196e-1
val,164,Cc1coc(N2CC2)n1,6.293993473e0,-1.279632002e-1,3.829038739e-1,1.276346207e0,6.166030407e0,-5.491198897e-1
val,165,OCC1OC2COC12,8.193347931e0,-7.316856086e-2,3.829038739e-1,1.276346207e0,8.120179176e0,9.819311500e-1
val,166,CC#CCC(O)CC,7.994705200e0,6.571473479e-1,3.829038739e-1,1.276346207e0,8.651852608e0,1.398490548e0
val,167,CC12OC1CC2(N)C#N,7.379727840e0,4.464481175e-1,3.829038739e-1,1.276346207e0,7.826176167e0,7.515834570e-1
val,168,CC1=CC(C)OC1,6.786519527e0,1.778025925e-2,3.829038739e-1,1.276346207e0,6.804299831e0,-4.904380441e-2
val,169,N#CC1OCC([NH-])O1,7.777014256e0,1.600504667e-1,3.829038739e-1,1.276346207e0,7.937064648e0,8.384631872e-1
val,170,CC#CCCNC(C)=O,7.347074509e0,1.701186597e-1,3.829038739e-1,1.276346207e0,7.517193317e0,5.094993114e-1
val,171,C#CC[NH+]1C2C=CCC21,6.332089424e0,-1.379287094e-1,3.829038739e-1,1.276346207e0,6.194160938e0,-5.270799398e-1
val,172,CC1C=CCC1NC=O,7.074960232e0,2.594696581e-1,3.829038739e-1,1.276346207e0,7.334429741e0,3.663063049e-1
val,173,CC1C2(O)C=CCC12C,6.620530128e0,5.755211115e-1,3.829038739e-1,1.276346207e0,7.196051121e0,2.578884065e-1
val,174,C#CC(C)(C)C#CC,7.787898064e0,2.918616235e-1,3.829038739e-1,1.276346207e0,8.079759598e0,9.502629042e-1
val,175,[CH-]1C2CC3C2C2OC1C32,4.672194958e0,-2.167753689e-2,3.829038739e-1,1.276346207e0,4.650517464e0,-1.736505270e0
val,176,CC1=CCCC1C(N)=O,6.751144886e0,-6.246083975e-1,3.829038739e-1,1.276346207e0,6.126536369e0,-5.800629854e-1
val,177,CCC1CC2OC12CC,9.047785759e0,-1.006738022e-1,3.829038739e-1,1.276346207e0,8.947112083e0,1.629822612e0
val,178,C#CC#Cc1cnon1,4.974241257e0,9.519536979e-3,3.829038739e-1,1.276346207e0,4.983760834e0,-1.475413203e0
val,179,N#CC1C2C=CC[NH+]1C2,6.152494431e0,-7.594625354e-1,3.829038739e-1,1.276346207e0,5.393032074e0,-1.154754400e0
val,180,O=CNC1CCC2OC12,7.591977119e0,-2.223679572e-1,3.829038739e-1,1.276346207e0,7.369609356e0,3.938691020e-1
val,181,[NH-]C1NC2C3OC1C23O,6.185148239e0,5.676666498e-1,3.829038739e-1,1.276346207e0,6.752814770e0,-8.938170224e-2
val,182,O=C1NC2CCCOC12,6.922576904e0,-3.682070673e-1,3.829038739e-1,1.276346207e0,6.554369926e0,-2.448607385e-1
val,183,C1=CC2OC1C1COC21,6.775634766e0,1.775484830e-1,3.829038739e-1,1.276346207e0,6.953183174e0,6.760442257e-2
val,184,CCC1CCCC2OC12,9.251871109e0,1.355048716e-1,3.829038739e-1,1.276346207e0,9.387375832e0,1.974763751e0
val,185,CC12CC(=O)C(C)(C1)C2,6.198753357e0,5.408562254e-3,3.829038739e-1,1.276346207e0,6.204162121e0,-5.192441344e-1
val,186,c1nc2n(n1)C1CC2C1,6.811009407e0,-3.873426914e-1,3.829038739e-1,1.276346207e0,6.423666954e0,-3.472648859e-1
val,187,COC1C=CC2(O)CC12,6.476309776e0,7.999479771e-2,3.829038739e-1,1.276346207e0,6.556304455e0,-2.433450669e-1
val,188,C#CC1CC=CC1,7.216459274e0,5.864808708e-2,3.829038739e-1,1.276346207e0,7.275107384e0,3.198280036e-1
val,189,CC#CC1(O)CC2OC21,7.491294384e0,-1.615792960e-1,3.829038739e-1,1.276346207e0,7.329715252e0,3.626125753e-1
val,190,COC(=O)C1CC=CC1,7.006931782e0,-7.689094543e-1,3.829038739e-1,1.276346207e0,6.238022327e0,-4.927151203e-1
val,191,C#CC1=C(C)CC2CC12,5.404181004e0,1.607935727e-1,3.829038739e-1,1.276346207e0,5.564974785e0,-1.020039439e0
val,192,CC12C[NH+]3CC(CC31)O2,8.070897102e0,-2.297900319e-1,3.829038739e-1,1.276346207e0,7.841106892e0,7.632815242e-1
val,193,Oc1ncoc1N1CC1,5.692621708e0,4.268877506e-1,3.829038739e-1,1.276346207e0,6.119509697e0,-5.855682492e-1
val,194,C1CC([NH2+]C2COC2)O1,6.846384525e0,5.737811327e-1,3.829038739e-1,1.276346207e0,7.420165539e0,4.334792495e-1
val,195,C#CC1=CC2CC2(C)C1,5.401460171e0,-1.649715602e-1,3.829038739e-1,1.276346207e0,5.236488819e0,-1.277404070e0
val,196,COC1CC([NH-])OC1=O,6.574271202e0,3.036015332e-1,3.829038739e-1,1.276346207e0,6.877872944e0,8.599804714e-3
val,197,Nc1n[nH]c(N2CC2)n1,6.313041210e0,-5.462387204e-1,3.829038739e-1,1.276346207e0,5.766802311e0,-8.619100451e-1
val,198,C1=CC2C3COC1C[NH+]23,5.804188728e0,-5.413311720e-1,3.829038739e-1,1.276346207e0,5.262857437e0,-1.256744504e0
val,199,CC1(O)C=CCC1(C)C,7.006931782e0,6.372408867e-1,3.829038739e-1,1.276346207e0,7.644172668e0,6.089860201e-1
val,200,C#CC1=CCC(C)C1O,5.703506470e0,-2.344438136e-1,3.829038739e-1,1.276346207e0,5.469062805e0,-1.095185280e0
val,201,O=CCC12COC1CO2,5.978341103e0,-2.370308489e-1,3.829038739e-1,1.276346207e0,5.741310120e0,-8.818829060e-1
val,202,CC(C)C(C)C(O)C=O,6.302156925e0,2.222323865e-1,3.829038739e-1,1.276346207e0,6.524389267e0,-2.683502138e-1
val,203,C#CCC1CCC2OC12,8.492672920e0,-4.294215143e-2,3.829038739e-1,1.276346207e0,8.449730873e0,1.240130782e0
val,204,CC(O)C1=CCOC1,6.549780846e0,2.420940399e-1,3.829038739e-1,1.276346207e0,6.791874886e0,-5.877859518e-2
val,205,C1=CC2NC3[NH2+]CC1C23,6.128004074e0,-6.636689901e-1,3.829038739e-1,1.276346207e0,5.464334965e0,-1.098889470e0
val,206,O=CN1C2CC3C(C2)C31,7.189248085e0,2.829245031e-1,3.829038739e-1,1.276346207e0,7.472172737e0,4.742262363e-1
val,207,O=C1CC2C(CCO)C12,6.239571095e0,-4.360120595e-1,3.829038739e-1,1.276346207e0,5.803558826e0,-8.331118226e-1
val,208,CCOC1C2[NH2+][CH+]OC21,6.865432262e0,2.126351446e-1,3.829038739e-1,1.276346207e0,7.078067303e0,1.654495746e-1
val,209,C#CC12CC=CCC1C2,7.036864281e0,3.041416407e-1,3.829038739e-1,1.276346207e0,7.341005802e0,3.714585900e-1
val,210,CC12CC(CO1)C2=O,5.643641472e0,3.318053782e-1,3.829038739e-1,1.276346207e0,5.975446701e0,-6.984398365e-1
val,211,[H]N=CNC(=O)CCC=O,6.201474667e0,-3.393907547e-1,3.829038739e-1,1.276346207e0,5.862083912e0,-7.872581482e-1
val,212,N#CC1CC=CC1CO,7.186526775e0,-7.250717282e-1,3.829038739e-1,1.276346207e0,6.461454868e0,-3.176585138e-1
val,213,CC(C)C1=CCCC1=O,5.306220055e0,-2.826979160e-1,3.829038739e-1,1.276346207e0,5.023522377e0,-1.444260597e0
val,214,CC1C2OC2C1(C)CO,8.631451607e0,3.834598139e-2,3.829038739e-1,1.276346207e0,8.669797897e0,1.412550449e0
val,215,CC1CC2OC(=O)NC12,8.519885063e0,-8.284840584e-1,3.829038739e-1,1.276346207e0,7.691401005e0,6.459888220e-1
val,216,O=C([O-])C1C[NH+]2CCC12,4.824578762e0,2.145033628e-1,3.829038739e-1,1.276346207e0,5.039082050e0,-1.432069778e0
val,217,O=C1CC23CC(C2)C3N1,7.374285698e0,-1.089051832e-2,3.829038739e-1,1.276346207e0,7.363395214e0,3.890004158e-1
val,218,CC12CC3CC1C2(O)C3,8.544375420e0,-6.154342294e-1,3.829038739e-1,1.276346207e0,7.928941250e0,8.320986032e-1
val,219,O=C1OC2CC3OCC132,7.129383087e0,-4.552716911e-1,3.829038739e-1,1.276346207e0,6.674111366e0,-1.510448307e-1
val,220,CC12CCC(C#N)C1O2,8.394712448e0,-1.526239663e-1,3.829038739e-1,1.276346207e0,8.242088318e0,1.077445388e0
val,221,C#CC1=CC(O)C(=O)C1,5.540238380e0,-5.853984952e-1,3.829038739e-1,1.276346207e0,4.954839706e0,-1.498072624e0
val,222,O=CC1CCC(=O)NC1,5.689900398e0,3.441897631e-1,3.829038739e-1,1.276346207e0,6.034090042e0,-6.524934769e-1
val,223,CC12OC1C1(C#N)OC21,6.925297737e0,5.145930648e-1,3.829038739e-1,1.276346207e0,7.439890862e0,4.489337802e-1
val,224,CC12C=CCCC1CC2,7.238228798e0,-4.416660070e-1,3.829038739e-1,1.276346207e0,6.796562672e0,-5.510577187e-2
val,225,O=C1OC2CC3C1CC23,7.355237484e0,-3.074477315e-1,3.829038739e-1,1.276346207e0,7.047789574e0,1.417273432e-1
val,226,COC12CC1OC2=O,7.012373924e0,-3.507471383e-1,3.829038739e-1,1.276346207e0,6.661626816e0,-1.608263254e-1
val,227,CN(C)c1noc(=O)[nH]1,6.843663692e0,2.322559953e-1,3.829038739e-1,1.276346207e0,7.075919628e0,1.637668908e-1
val,228,CCC(O)(CC)CO,8.220560074e0,9.979137778e-2,3.829038739e-1,1.276346207e0,8.320351601e0,1.138763666e0
val,229,CC12NC1C1C(CO)C12,7.581092358e0,2.414375395e-1,3.829038739e-1,1.276346207e0,7.822529793e0,7.487265468e-1
val,230,O=CN1C=CC=CC=C1,3.834084272e0,-5.704244375e-1,3.829038739e-1,1.276346207e0,3.263659954e0,-2.823090553e0
val,231,OCC1=CC(O)C(O)C1,6.936182499e0,3.956407905e-1,3.829038739e-1,1.276346207e0,7.331823349e0,3.642642498e-1
val,232,ONC1C2C(O)C3C1[NH+]23,6.386512280e0,6.788773537e-1,3.829038739e-1,1.276346207e0,7.065389633e0,1.555167735e-1
val,233,CCC12OC1CC2C=O,5.858611107e0,-1.287177801e-1,3.829038739e-1,1.276346207e0,5.729893208e0,-8.908278942e-1
val,234,C#CC1=CCC(CC)C1,5.695343018e0,-6.491492689e-2,3.829038739e-1,1.276346207e0,5.630428314e0,-9.687573910e-1
val,235,OC12COCC(C1)OC2,8.160694122e0,1.754714292e-3,3.829038739e-1,1.276346207e0,8.162448883e0,1.015048862e0
val,236,COC1CC(O)C=C1C,6.786519527e0,9.536320567e-1,3.829038739e-1,1.276346207e0,7.740151405e0,6.841841340e-1
val,237,CC1=CC2C(C1)C2(C)O,6.372906685e0,-4.823853970e-1,3.829038739e-1,1.276346207e0,5.890521049e0,-7.649779916e-1
val,238,CC(=O)C(C)C(O)C#N,6.239571095e0,5.467697978e-2,3.829038739e-1,1.276346207e0,6.294248104e0,-4.486629367e-1
val,239,CC1C=CC2C(O)C12,6.247734070e0,2.940897085e-2,3.829038739e-1,1.276346207e0,6.277143002e0,-4.620645642e-1
val,240,Cc1ncc(O)c(=O)o1,4.859953403e0,-3.459365964e-1,3.829038739e-1,1.276346207e0,4.514016628e0,-1.843451858e0
val,241,CC1CNC(=O)C(C)C1,7.213738441e0,-2.186218947e-1,3.829038739e-1,1.276346207e0,6.995116711e0,1.004588231e-1
val,242,C1C2CN1c1nn[nH]c12,6.171542168e0,-8.818740845e-1,3.829038739e-1,1.276346207e0,5.289668083e0,-1.235738754e0
val,243,[NH-]C1CC(=O)OCCO1,7.053191185e0,5.263471007e-1,3.829038739e-1,1.276346207e0,7.579538345e0,5.583458543e-1
val,244,CC[NH2+]C1C=CC(C)O1,5.581055164e0,-2.758583724e-1,3.829038739e-1,1.276346207e0,5.305196762e0,-1.223572254e0
val,245,[H]N=C(C#C)N1CC(=O)C1,5.347037315e0,1.496984661e-1,3.829038739e-1,1.276346207e0,5.496735573e0,-1.073503971e0
val,246,CC(C)OC1CC=CC1,7.287209034e0,2.582206726e-1,3.829038739e-1,1.276346207e0,7.545429707e0,5.316221118e-1
val,247,C#CC(C)NC(=O)OC,7.907628536e0,3.894387186e-2,3.829038739e-1,1.276346207e0,7.946572304e0,8.459123373e-1
val,248,CCC1OCCC([NH-])O1,7.553880215e0,-8.641606197e-3,3.829038739e-1,1.276346207e0,7.545238495e0,5.314723253e-1
val,249,C1OC23CC2(O1)C1NC13,7.072239399e0,6.544902325e-1,3.829038739e-1,1.276346207e0,7.726729393e0,6.736681461e-1
val,250,CC12CC(O)CC1(C)N2,8.223280907e0,4.884053767e-1,3.829038739e-1,1.276346207e0,8.711686134e0,1.445369363e0
val,251,OC1CCC(O)C12CN2,8.245050430e0,5.045791864e-1,3.829038739e-1,1.276346207e0,8.749629974e0,1.475097895e0
val,252,Nc1nc(C2CN2)co1,6.223243713e0,6.520501971e-1,3.829038739e-1,1.276346207e0,6.875293732e0,6.579024252e-3
val,253,CC1(O)CC2(C)OC12C,8.481788635e0,8.520620316e-2,3.829038739e-1,1.276346207e0,8.566994667e0,1.332005501e0
val,254,O=C1C(O)C2CC1(O)C2,5.926640034e0,-1.087334976e-1,3.829038739e-1,1.276346207e0,5.817906380e0,-8.218706846e-1
val,255,ONC1CCC2NC12,6.552501678e0,-3.467680812e-1,3.829038739e-1,1.276346207e0,6.205733776e0,-5.180127621e-1
val,256,C#CCOC(C)C#C,7.472246647e0,2.096858621e-1,3.829038739e-1,1.276346207e0,7.681932449e0,6.385703087e-1
val,257,N#CC(N)C1OCCO1,8.019195557e0,-2.590501904e-1,3.829038739e-1,1.276346207e0,7.760145187e0,6.998490095e-1
val,258,C#CC([NH-])OC=O,6.049090862e0,9.779889137e-2,3.829038739e-1,1.276346207e0,6.146889687e0,-5.641164184e-1
val,259,C#CC1=CC(O)C(O)C1,5.643641472e0,2.890859246e-1,3.829038739e-1,1.276346207e0,5.932727337e0,-7.319099307e-1
val,260,C#CC1C=CCC1=O,5.869495869e0,-8.248527348e-2,3.829038739e-1,1.276346207e0,5.787010670e0,-8.460770845e-1
val,261,CC12C=CCC1C2O,6.332089424e0,2.558715940e-1,3.829038739e-1,1.276346207e0,6.587961197e0,-2.185424119e-1
val,262,CC1=CC(C)C2(O)CC12,6.658626080e0,4.753079712e-1,3.829038739e-1,1.276346207e0,7.133934021e0,2.092204392e-1
val,263,C#CC1OC(CO)C1=O,5.668131351e0,-7.553967237e-1,3.829038739e-1,1.276346207e0,4.912734509e0,-1.531061411e0
val,264,OCC1[CH-]C2CC3C2[NH+]13,4.530695915e0,2.765500247e-1,3.829038739e-1,1.276346207e0,4.807245731e0,-1.613710642e0
val,265,C[NH+]1C2C3CCC2(O)C31,7.251834393e0,5.167504549e-1,3.829038739e-1,1.276346207e0,7.768584728e0,7.064613104e-1
val,266,[NH-]C1C=C(N)C(CO)O1,5.741602421e0,-7.589551806e-2,3.829038739e-1,1.276346207e0,5.665707111e0,-9.411168694e-1
val,267,[NH-]C1OCC=CCC1=O,5.181047916e0,6.074817777e-1,3.829038739e-1,1.276346207e0,5.788529873e0,-8.448867798e-1
val,268,O=C1CCC(O)CN1,7.273603439e0,2.161329389e-1,3.829038739e-1,1.276346207e0,7.489736557e0,4.879872501e-1
val,269,COC1CC(=O)C(=O)O1,4.699406624e0,3.434002697e-1,3.829038739e-1,1.276346207e0,5.042807102e0,-1.429151177e0
val,270,CC1C2C(=O)OC12CO,7.434150696e0,1.739518158e-2,3.829038739e-1,1.276346207e0,7.451545715e0,4.580652118e-1
val,271,COCC(O)C(N)C#N,8.040965080e0,-4.240502715e-1,3.829038739e-1,1.276346207e0,7.616914749e0,5.876297951e-1
val,272,C#CCC(=O)C(C)(C)C,6.201474667e0,-2.464822084e-1,3.829038739e-1,1.276346207e0,5.954992294e0,-7.144655585e-1
val,273,C#CC1(O)CC2OC2C1,7.937561512e0,1.570103616e-1,3.829038739e-1,1.276346207e0,8.094572067e0,9.618682861e-1
val,274,OC1CC=CCC=CC1,6.258618832e0,3.002217710e-1,3.829038739e-1,1.276346207e0,6.558840752e0,-2.413579077e-1
val,275,CC12CCC(NO)C1O2,6.620530128e0,5.344205499e-1,3.829038739e-1,1.276346207e0,7.154950619e0,2.256866843e-1
val,276,c1cnc2n[nH]cc2c1,4.791924953e0,-1.426523775e-1,3.829038739e-1,1.276346207e0,4.649272442e0,-1.737480640e0
val,277,c1[nH]nc2c1NCC2,5.825957775e0,-1.856986433e-1,3.829038739e-1,1.276346207e0,5.640259266e0,-9.610549808e-1
val,278,CC(=O)CN=C(N)CO,5.572891712e0,2.532127798e-1,3.829038739e-1,1.276346207e0,5.826104641e0,-8.154474497e-1
val,279,O=COC1C=CCC1=O,5.741602421e0,-8.656234294e-2,3.829038739e-1,1.276346207e0,5.655040264e0,-9.494742155e-1
val,280,[NH-]C1CC2(C[NH+]3CC32)O1,7.366122246e0,-3.548615873e-1,3.829038739e-1,1.276346207e0,7.011260509e0,1.131072864e-1
val,281,CC1=CC=CCOC1=O,4.993289471e0,-5.353351682e-2,3.829038739e-1,1.276346207e0,4.939755917e0,-1.509890556e0
val,282,CCC1CC=CC1C=O,5.692621708e0,-3.670854494e-2,3.829038739e-1,1.276346207e0,5.655913353e0,-9.487901926e-1
val,283,CC12CC1C1(C)NC21,7.722591400e0,1.912488639e-1,3.829038739e-1,1.276346207e0,7.913840294e0,8.202672005e-1
val,284,O=C1NCC2=C1CCN2,5.491257668e0,-2.049777359e-1,3.829038739e-1,1.276346207e0,5.286280155e0,-1.238393188e0
val,285,O=CC1OC2CC1C2=O,5.319826126e0,-6.922012568e-1,3.829038739e-1,1.276346207e0,4.627624989e0,-1.754441142e0
val,286,CCC1C(=O)OCC1O,7.496736526e0,-4.227384925e-2,3.829038739e-1,1.276346207e0,7.454462528e0,4.603504837e-1
val,287,CC1=CC2C(O)C2C1C,6.291272163e0,-2.141871490e-2,3.829038739e-1,1.276346207e0,6.269853592e0,-4.677757025e-1
val,288,CCOCC(C)(O)CO,8.702200890e0,-1.530505121e-1,3.829038739e-1,1.276346207e0,8.549150467e0,1.318024755e0
val,289,CC1C(C)C2OC2C1C,8.990641594e0,-4.795660675e-1,3.829038739e-1,1.276346207e0,8.511075974e0,1.288193822e0
val,290,CC(O)C1C2CC(=O)C21,6.285830498e0,4.828467369e-1,3.829038739e-1,1.276346207e0,6.768677235e0,-7.695366442e-2
val,291,[NH-]c1nc(N)c(F)n[nH+]1,4.264024258e0,-5.432891846e-1,3.829038739e-1,1.276346207e0,3.720735073e0,-2.464977980e0
val,292,CCC(C#CCO)CC,7.515784740e0,-3.074158728e-1,3.829038739e-1,1.276346207e0,7.208368778e0,2.675391436e-1
val,293,O=C1CC2NC2CN1,7.330747128e0,2.514836788e-1,3.829038739e-1,1.276346207e0,7.582230568e0,5.604551435e-1
val,294,CCNC(C#N)CC,7.472246647e0,-2.589646280e-1,3.829038739e-1,1.276346207e0,7.213282108e0,2.713886797e-1
val,295,CCC1(O)C(O)C2OC21,8.190627098e0,-1.839706004e-1,3.829038739e-1,1.276346207e0,8.006656647e0,8.929876685e-1
val,296,CCC1=CC(=O)CC1,5.273566723e0,-9.334666729e-1,3.829038739e-1,1.276346207e0,4.340100288e0,-1.979713202e0
val,297,CC1=CC(O)CC1,7.028701305e0,-1.555631012e-1,3.829038739e-1,1.276346207e0,6.873138428e0,4.890370648e-3
val,298,O=CC1=CNCCOC1,5.259960651e0,-1.494138781e-2,3.829038739e-1,1.276346207e0,5.245019436e0,-1.270720363e0
val,299,CC1(O)CC=CC1C=O,5.752487183e0,-2.167880684e-1,3.829038739e-1,1.276346207e0,5.535698891e0,-1.042976737e0
val,300,CC1OC(C#N)C1=O,6.024600506e0,-1.681903005e-1,3.829038739e-1,1.276346207e0,5.856410027e0,-7.917035818e-1
val,301,CC(=O)OCC(C)=NO,7.042306423e0,-2.765422761e-1,3.829038739e-1,1.276346207e0,6.765764236e0,-7.923595607e-2
val,302,[NH-]c1cc[nH+]c(N)c1F,5.017779827e0,4.237379730e-1,3.829038739e-1,1.276346207e0,5.441517830e0,-1.116766334e0
val,303,COC1C=CCC2OC12,7.224623203e0,-4.820587337e-1,3.829038739e-1,1.276346207e0,6.742564678e0,-9.741251916e-2
val,304,COC1(C)C=CCC1=O,5.877659321e0,-9.938620776e-2,3.829038739e-1,1.276346207e0,5.778273106e0,-8.529228568e-1
val,305,CN=C(C#N)N(C)C=O,5.485815525e0,-1.384152919e-1,3.829038739e-1,1.276346207e0,5.347400188e0,-1.190506339e0
val,306,C#CCCC(O)C#C,7.752523899e0,-2.252903432e-1,3.829038739e-1,1.276346207e0,7.527233601e0,5.173656940e-1
val,307,C#CC1(O)CC=C(C)C1,7.137547016e0,7.050607800e-1,3.829038739e-1,1.276346207e0,7.842607975e0,7.644575834e-1
val,308,CCC1=CC2C(O)C2C1,6.348416328e0,-2.146071047e-1,3.829038739e-1,1.276346207e0,6.133809090e0,-5.743649006e-1
val,309,O=C1OC2(CO)CC12,7.589255333e0,5.497043729e-1,3.829038739e-1,1.276346207e0,8.138959885e0,9.966455698e-1
val,310,OCC1=CCC(CO)C1,7.072239399e0,4.134570062e-1,3.829038739e-1,1.276346207e0,7.485696316e0,4.848217666e-1
val,311,CC1C(=O)C2CC12,6.176984310e0,-1.054681540e-1,3.829038739e-1,1.276346207e0,6.071516037e0,-6.231706738e-1
val,312,CC1NC(CC#N)C1=O,5.888543606e0,2.302196920e-1,3.829038739e-1,1.276346207e0,6.118763447e0,-5.861529708e-1
val,313,CCOC1COCOC1,8.846421242e0,-6.263554096e-1,3.829038739e-1,1.276346207e0,8.220066071e0,1.060191274e0
val,314,CC(O)C1(C)OCCO1,8.767508507e0,-3.533801138e-1,3.829038739e-1,1.276346207e0,8.414128304e0,1.212236524e0
val,315,CC12CC1C1C2N1C=O,6.307599545e0,1.470970456e-2,3.829038739e-1,1.276346207e0,6.322309017e0,-4.266775548e-1
val,316,O=C1CC(O)C(O)CN1,7.262719154e0,6.592394114e-1,3.829038739e-1,1.276346207e0,7.921958447e0,8.266276717e-1
val,317,CC1C(=O)C=CC1(C)O,5.208259583e0,-6.010673046e-1,3.829038739e-1,1.276346207e0,4.607192039e0,-1.770450115e0
val,318,C[NH+]1CC2CC(=O)C21C,4.955193520e0,4.032031074e-2,3.829038739e-1,1.276346207e0,4.995513916e0,-1.466204882e0
val,319,C1CC1C12C[NH+]3C1CC32,8.557980537e0,2.410370857e-1,3.829038739e-1,1.276346207e0,8.799017906e0,1.513792753e0
val,320,CC1(C)OC2CCCC21,8.666826248e0,-2.695322037e-1,3.829038739e-1,1.276346207e0,8.397294044e0,1.199047089e0
val,321,C[CH+]1C=NC([NH-])OC1F,4.582397461e0,2.563403249e-1,3.829038739e-1,1.276346207e0,4.838737965e0,-1.589036822e0
val,322,C#CC12C(=O)OC1C2O,6.465425014e0,-5.359113812e-1,3.829038739e-1,1.276346207e0,5.929513454e0,-7.344279289e-1
val,323,CC1C(O)CC2COC21,8.128041267e0,-4.687687159e-1,3.829038739e-1,1.276346207e0,7.659272671e0,6.208166480e-1
val,324,CC(C#N)(C#N)OC=O,7.096729279e0,-7.358815521e-2,3.829038739e-1,1.276346207e0,7.023140907e0,1.224154308e-1
val,325,CC(=NO)C(C)CC=O,6.209638119e0,5.931225047e-2,3.829038739e-1,1.276346207e0,6.268950462e0,-4.684832990e-1
val,326,CC(O)C(C)C=O,6.239571095e0,1.854175478e-1,3.829038739e-1,1.276346207e0,6.424988747e0,-3.462292850e-1
val,327,C#CC1C=CC2(C)CC12,6.718491554e0,-2.227759957e-1,3.829038739e-1,1.276346207e0,6.495715618e0,-2.908156514e-1
val,328,O=C1C=CC2C3CC1C23,4.895328522e0,-2.069049925e-1,3.829038739e-1,1.276346207e0,4.688423634e0,-1.706806183e0
val,329,N#CC1CCOC([NH-])O1,7.134825230e0,-6.755355000e-1,3.829038739e-1,1.276346207e0,6.459289551e0,-3.193550110e-1
val,330,CCC1(C#N)CC=CC1,7.200132847e0,3.120832145e-1,3.829038739e-1,1.276346207e0,7.512216091e0,5.055996776e-1
val,331,Oc1coc(N2CC2)n1,5.951130390e0,-2.890950441e-2,3.829038739e-1,1.276346207e0,5.922220707e0,-7.401416898e-1
val,332,CCCC12CC3CC1[NH+]32,8.925334930e0,6.732330918e-1,3.829038739e-1,1.276346207e0,9.598567963e0,2.140230179e0
val,333,CC1=CCCC1=O,5.387854576e0,1.017300338e-1,3.829038739e-1,1.276346207e0,5.489584446e0,-1.079106808e0
val,334,OC1C2CC3C1[NH+]23,8.402875900e0,1.269771904e-1,3.829038739e-1,1.276346207e0,8.529852867e0,1.302905321e0
val,335,CC1=CCC(C=O)C1,6.021879673e0,-6.970708370e-1,3.829038739e-1,1.276346207e0,5.324809074e0,-1.208206177e0
val,336,CC(=O)C1OCOC1C,5.907591820e0,-5.519171357e-1,3.829038739e-1,1.276346207e0,5.355674744e0,-1.184023380e0
val,337,CC#CCC12CCC1O2,8.128041267e0,1.629731506e-1,3.829038739e-1,1.276346207e0,8.291014671e0,1.115778565e0
val,338,ONC1C2CC3C(C2)C31,6.797404289e0,-2.372785807e-1,3.829038739e-1,1.276346207e0,6.560125828e0,-2.403510660e-1
val,339,CC1C2CC3(CN3)C1O2,8.479067802e0,3.133072853e-1,3.829038739e-1,1.276346207e0,8.792375565e0,1.508588552e0
val,340,OCC#CC1CC2OC12,7.450477123e0,1.941952156e-3,3.829038739e-1,1.276346207e0,7.452419281e0,4.587496519e-1
val,341,CC12C(O)C[NH+]1CC2O,7.118498325e0,1.765095741e-1,3.829038739e-1,1.276346207e0,7.295007706e0,3.354196548e-1
val,342,CC1(O)COC(=O)C1=O,4.530695915e0,-3.319680095e-1,3.829038739e-1,1.276346207e0,4.198728085e0,-2.090476513e0
val,343,CC#CC(O)(CC)CC,7.934839725e0,3.934195340e-1,3.829038739e-1,1.276346207e0,8.328259468e0,1.144959450e0
val,344,CC1C(=O)CC2COC21,6.005552769e0,-2.701440454e-1,3.829038739e-1,1.276346207e0,5.735408783e0,-8.865064979e-1
val,345,c1n[nH]c(C[NH+]2CC2)n1,7.279046059e0,1.656976640e-1,3.829038739e-1,1.276346207e0,7.444743633e0,4.527358711e-1
val,346,CC1(C=O)CCC(=O)O1,5.997389793e0,5.014052987e-1,3.829038739e-1,1.276346207e0,6.498795033e0,-2.884029746e-1
val,347,CC12CC(NO)CC1N2,6.677673817e0,2.482549697e-1,3.829038739e-1,1.276346207e0,6.925928593e0,4.625080153e-2
val,348,CCC1=C(C)C2CC2C1,6.541617393e0,4.829815403e-2,3.829038739e-1,1.276346207e0,6.589915752e0,-2.170110345e-1
val,349,CC(=O)NC1CC=CC1,7.015095711e0,-4.390864074e-2,3.829038739e-1,1.276346207e0,6.971187115e0,8.171028644e-2
val,350,C#CCC(=O)C(=O)NC,4.835463047e0,-3.274633288e-1,3.829038739e-1,1.276346207e0,4.507999897e0,-1.848165989e0
val,351,CC1=CC2(CN2)C2NC12,6.108956337e0,3.409817815e-1,3.829038739e-1,1.276346207e0,6.449938297e0,-3.266816139e-1
val,352,CC1C2CC3(C)C1[NH+]23,8.909008026e0,-3.000821173e-1,3.829038739e-1,1.276346207e0,8.608925819e0,1.364858031e0
val,353,CC#CC(C)C#CC=O,5.450440407e0,6.832614541e-1,3.829038739e-1,1.276346207e0,6.133701801e0,-5.744489431e-1
val,354,CC1(C#CC2CC2)CC1,7.567486763e0,3.943903744e-1,3.829038739e-1,1.276346207e0,7.961877346e0,8.579036593e-1
val,355,C[CH+]1C([NH-])N=NOC1N,3.719796658e0,-7.264439017e-2,3.829038739e-1,1.276346207e0,3.647152185e0,-2.522629261e0
val,356,C1C([NH+]2CC2)C1[NH+]1CC1,8.465462685e0,3.243099451e-1,3.829038739e-1,1.276346207e0,8.789772987e0,1.506549478e0
val,357,[H]N=CN(C)c1cnon1,5.170163155e0,-2.477448583e-1,3.829038739e-1,1.276346207e0,4.922418118e0,-1.523474455e0
val,358,CC1C=CC2(O)CC12,6.685837746e0,7.854271531e-1,3.829038739e-1,1.276346207e0,7.471264839e0,4.735148847e-1
val,359,COC(=O)c1cnon1,6.174263477e0,1.023954228e-1,3.829038739e-1,1.276346207e0,6.276659012e0,-4.624437690e-1
val,360,O=C1CC2C1C21CCC1,6.234128475e0,6.645969301e-2,3.829038739e-1,1.276346207e0,6.300588131e0,-4.436956048e-1
val,361,C#CCC(C)(CO)CO,8.089944839e0,-7.870355994e-2,3.829038739e-1,1.276346207e0,8.011240959e0,8.965793848e-1
val,362,C1C2C3OC2C2OC3C12,7.227344036e0,2.351003438e-1,3.829038739e-1,1.276346207e0,7.462444305e0,4.666041136e-1
val,363,CCC1(C)OCC(C)O1,8.990641594e0,5.624167919e-1,3.829038739e-1,1.276346207e0,9.553058624e0,2.104574203e0
val,364,C#CC1C=CC(=O)C1O,5.178326607e0,-2.139448375e-1,3.829038739e-1,1.276346207e0,4.964381695e0,-1.490596533e0
val,365,CCOCCC(=O)C=O,4.283071995e0,2.147820741e-1,3.829038739e-1,1.276346207e0,4.497854233e0,-1.856114984e0
val,366,CC12CCNC(=O)C1C2,7.186526775e0,1.719937176e-1,3.829038739e-1,1.276346207e0,7.358520508e0,3.851811290e-1
val,367,CC1C[NH+]2C(C#N)CC12,6.821894169e0,2.031989247e-1,3.829038739e-1,1.276346207e0,7.025093079e0,1.239449307e-1
val,368,CC1=CCC2C1C2(C)O,6.479031086e0,3.375800848e-1,3.829038739e-1,1.276346207e0,6.816611290e0,-3.939793259e-2
val,369,O=C1CC=CC=CC1O,5.491257668e0,-1.761267036e-1,3.829038739e-1,1.276346207e0,5.315131187e0,-1.215788722e0
val,370,CC(C)C1=CCC2CC12,6.715770245e0,3.268604577e-1,3.829038739e-1,1.276346207e0,7.042630672e0,1.376854181e-1
val,371,C1#CCC=CC=CC=C1,3.904833794e0,-1.861486435e-1,3.829038739e-1,1.276346207e0,3.718685150e0,-2.466584206e0
val,372,O=C1NCC2(CC2O)N1,7.970214844e0,1.640799493e-1,3.829038739e-1,1.276346207e0,8.134294510e0,9.929903150e-1
val,373,C1=CC2C=CC(C1)O2,6.323925972e0,-2.111932933e-1,3.829038739e-1,1.276346207e0,6.112732887e0,-5.908778310e-1
val,374,N#CC12C3OC4C3C1C42,7.665446758e0,2.318394631e-1,3.829038739e-1,1.276346207e0,7.897286415e0,8.072974682e-1
val,375,CC12CC1C1(CCC1)C2,8.993363380e0,-7.566893101e-2,3.829038739e-1,1.276346207e0,8.917694092e0,1.606774092e0
val,376,CC1(C)C(=O)C2(C)CC12,6.108956337e0,2.108583152e-1,3.829038739e-1,1.276346207e0,6.319814682e0,-4.286318421e-1
val,377,C#CCCC(=O)C(C)=O,4.261302948e0,1.923519075e-1,3.829038739e-1,1.276346207e0,4.453654766e0,-1.890744686e0
val,378,OCC#CC1OCCO1,7.436871529e0,8.610468507e-1,3.829038739e-1,1.276346207e0,8.297918320e0,1.121187568e0
val,379,CC12OCC1OC2C=O,5.842284679e0,4.172088504e-1,3.829038739e-1,1.276346207e0,6.259493351e0,-4.758928418e-1
val,380,O=C1CC2(C3CO3)OC12,5.847726822e0,-1.027231216e-1,3.829038739e-1,1.276346207e0,5.745003700e0,-8.789890409e-1
val,381,OC12CC(C1)C1CC2O1,8.596076965e0,6.314837337e-1,3.829038739e-1,1.276346207e0,9.227560997e0,1.849550843e0
val,382,CC1(C)CC(N)C(=O)O1,6.895365238e0,1.167682111e-1,3.829038739e-1,1.276346207e0,7.012133598e0,1.137913391e-1
val,383,CC(=O)NCC(N)C#N,6.794682980e0,2.248712331e-1,3.829038739e-1,1.276346207e0,7.019554138e0,1.196052432e-1
val,384,Cn1cc(O)n(C)c1=O,6.220522881e0,7.397053242e-1,3.829038739e-1,1.276346207e0,6.960227966e0,7.312393188e-2
val,385,O=C1OC2C(O)CCC12,7.597418785e0,3.567471206e-1,3.829038739e-1,1.276346207e0,7.954165936e0,8.518618345e-1
val,386,C1CC2COC(C1)C2,8.593356133e0,3.982148468e-1,3.829038739e-1,1.276346207e0,8.991571426e0,1.664656043e0
val,387,C#CC12NC1C1C(O)C12,7.398775578e0,-3.320556283e-1,3.829038739e-1,1.276346207e0,7.066720009e0,1.565591097e-1
val,388,O=C1CCC2CC1O2,5.706227779e0,2.813535035e-1,3.829038739e-1,1.276346207e0,5.987581253e0,-6.889325380e-1
val,389,C1CC1c1nnon1,5.962014675e0,-2.794862390e-1,3.829038739e-1,1.276346207e0,5.682528496e0,-9.279375672e-1
val,390,CC1C=C(CO)C(C)O1,6.811009407e0,-2.129406855e-2,3.829038739e-1,1.276346207e0,6.789715290e0,-6.047061086e-2
val,391,OCCC1COCO1,9.066833496e0,4.002840221e-1,3.829038739e-1,1.276346207e0,9.467117310e0,2.037240267e0
val,392,CC1C2CC3(C=O)C1[NH+]23,5.932082176e0,2.211688608e-1,3.829038739e-1,1.276346207e0,6.153251171e0,-5.591322780e-1
val,393,Cn1nnc(C2CC2)n1,6.476309776e0,1.646178961e-2,3.829038739e-1,1.276346207e0,6.492771626e0,-2.931222320e-1
val,394,C#CCC1=CCOC1C,6.590597630e0,-1.124814749e-1,3.829038739e-1,1.276346207e0,6.478116035e0,-3.046047091e-1
val,395,OCCC1C2[NH2+][CH+]OC12,6.966114998e0,2.815265767e-2,3.829038739e-1,1.276346207e0,6.994267464e0,9.979344904e-2
val,396,CC1(C)CC2OC21C,8.857306480e0,-3.624057472e-1,3.829038739e-1,1.276346207e0,8.494900703e0,1.275520682e0
val,397,N#CC1[NH2+]C2CC3C1[NH+]23,5.281730175e0,4.155675173e-1,3.829038739e-1,1.276346207e0,5.697297573e0,-9.163661599e-1
val,398,O=C1CC(O)C2OCC12,5.869495869e0,-2.401697338e-1,3.829038739e-1,1.276346207e0,5.629326344e0,-9.696207643e-1
val,399,CC12CC3CC1C1C3[NH+]12,8.713085175e0,-1.980198473e-1,3.829038739e-1,1.276346207e0,8.515065193e0,1.291319370e0
val,400,[CH-]1C2CCC34C[NH+](C13)C24,3.961977959e0,8.945659548e-2,3.829038739e-1,1.276346207e0,4.051434517e0,-2.205879211e0
val,401,N#CC1=NCCOCO1,5.953851223e0,2.822624147e-1,3.829038739e-1,1.276346207e0,6.236113548e0,-4.942106307e-1
val,402,CCC(=NO)C(C)=NO,5.319826126e0,1.181093082e-1,3.829038739e-1,1.276346207e0,5.437935352e0,-1.119573236e0
val,403,O=C1NC2CC3C2N13,7.257276535e0,-4.631700516e-1,3.829038739e-1,1.276346207e0,6.794106483e0,-5.703016371e-2
val,404,CC#CC1NCC1=O,5.651804924e0,2.798541784e-1,3.829038739e-1,1.276346207e0,5.931659222e0,-7.327467799e-1
val,405,OC1C=CC(O)C1O,6.808288574e0,2.443004549e-1,3.829038739e-1,1.276346207e0,7.052588940e0,1.454875916e-1
val,406,[NH-]C1OC2C3OC2C13O,6.827336788e0,8.806901425e-2,3.829038739e-1,1.276346207e0,6.915405750e0,3.800628707e-2
val,407,O=C1NCC(CO)C1=O,4.598724365e0,2.874031365e-1,3.829038739e-1,1.276346207e0,4.886127472e0,-1.551907778e0
val,408,CC(=O)C1CC2OC21,6.084465981e0,1.594388336e-1,3.829038739e-1,1.276346207e0,6.243904591e0,-4.881064296e-1
val,409,CCC12OC1CC2OC,8.688595772e0,-7.094606161e-1,3.829038739e-1,1.276346207e0,7.979135036e0,8.714247942e-1
val,410,C#CC(C)(CC)CCO,8.634172440e0,-5.917172506e-2,3.829038739e-1,1.276346207e0,8.575000763e0,1.338278174e0
val,411,CC#CC1=CCOC1,5.556564808e0,-2.857761383e-1,3.829038739e-1,1.276346207e0,5.270788670e0,-1.250530481e0
val,412,CCC#CC1CC=CC1,7.181085110e0,-6.627232581e-2,3.829038739e-1,1.276346207e0,7.114812851e0,1.942392439e-1
val,413,CC1C(=O)CN1C(N)=O,5.899428368e0,2.742692530e-1,3.829038739e-1,1.276346207e0,6.173697472e0,-5.431128144e-1
val,414,CC1C(C=O)C2(C)OC12,5.785140514e0,8.831027895e-2,3.829038739e-1,1.276346207e0,5.873450756e0,-7.783523798e-1
val,415,C#CC1(C)C2C=CCC21,6.269503117e0,9.651583433e-2,3.829038739e-1,1.276346207e0,6.366018772e0,-3.924314976e-1
val,416,N#CC12NCC1OC2=O,6.296714783e0,-6.880713105e-1,3.829038739e-1,1.276346207e0,5.608643532e0,-9.858254790e-1
val,417,C#CC1C[NH+]1CC1CN1,7.115777493e0,1.519747376e-1,3.829038739e-1,1.276346207e0,7.267752171e0,3.140652776e-1
val,418,O=C1OC2CCCC1O2,7.273603439e0,4.651736468e-3,3.829038739e-1,1.276346207e0,7.278254986e0,3.222941160e-1
val,419,CCC1OC2CC1CO2,9.053228378e0,-2.113218307e-1,3.829038739e-1,1.276346207e0,8.841906548e0,1.547395468e0
val,420,CC1C=C(C=O)C(O)C1,5.132067680e0,4.503358006e-1,3.829038739e-1,1.276346207e0,5.582403660e0,-1.006384134e0
val,421,CCC12CC1(O)CC2=O,6.198753357e0,1.034401283e-1,3.829038739e-1,1.276346207e0,6.302193642e0,-4.424377084e-1
val,422,CC12CC3C(C1)C3C2O,8.797441483e0,9.400300682e-2,3.829038739e-1,1.276346207e0,8.891444206e0,1.586207628e0
val,423,C#CC1C=CC(C#N)O1,6.990605354e0,-1.487699747e-1,3.829038739e-1,1.276346207e0,6.841835499e0,-1.963508129e-2
val,424,CC12NC1CC21CN1,7.989262581e0,-1.595999300e-1,3.829038739e-1,1.276346207e0,7.829662800e0,7.543151975e-1
val,425,C[NH2+][CH+]OC(C)CCO,7.412381172e0,-1.268372536e-1,3.829038739e-1,1.276346207e0,7.285543919e0,3.280048966e-1
val,426,OC1CCCC2OC12,9.246428490e0,-2.021692544e-1,3.829038739e-1,1.276346207e0,9.044259071e0,1.705936074e0
val,427,O=COC1CCC(=O)O1,7.436871529e0,1.056576073e-1,3.829038739e-1,1.276346207e0,7.542529106e0,5.293495655e-1
val,428,N#CC1(C#N)NCC1=O,5.899428368e0,9.153243154e-2,3.829038739e-1,1.276346207e0,5.990960598e0,-6.862848997e-1
val,429,N#CC12NC1C1CC12N,6.413723469e0,-1.926358044e-1,3.829038739e-1,1.276346207e0,6.221087456e0,-5.059833527e-1
val,430,NC1=CC(=O)C(C=O)C1,5.455882549e0,6.122746468e-1,3.829038739e-1,1.276346207e0,6.068157196e0,-6.258023381e-1
val,431,CC12NC3[NH2+]CC1C32O,4.391917706e0,-2.923443019e-1,3.829038739e-1,1.276346207e0,4.099573612e0,-2.168162823e0
val,432,C#CC12CC(C)=CC1C2,6.538896084e0,-1.245706752e-1,3.829038739e-1,1.276346207e0,6.414325237e0,-3.545840085e-1
val,433,CC1(O)COC([NH-])OC1,8.002868652e0,-8.312115073e-2,3.829038739e-1,1.276346207e0,7.919747353e0,8.248953223e-1
val,434,C#CC1C(C)C2OC12,7.932118893e0,2.233128399e-1,3.829038739e-1,1.276346207e0,8.155431747e0,1.009551048e0
val,435,CC1(C)C(=O)C2CC1C2,6.106235027e0,-7.690517902e-1,3.829038739e-1,1.276346207e0,5.337182999e0,-1.198511362e0
val,436,[NH-]C1COC(=O)CCO1,7.249113560e0,-1.543744057e-1,3.829038739e-1,1.276346207e0,7.094738960e0,1.785116047e-1
val,437,CC12CCC(C1)OCO2,8.955266953e0,3.751467764e-1,3.829038739e-1,1.276346207e0,9.330413818e0,1.930134773e0
val,438,[NH-]C1N[CH+][NH2+]C12CC2O,5.630035877e0,-5.258206725e-1,3.829038739e-1,1.276346207e0,5.104215145e0,-1.381038785e0
val,439,CC1(C)C2C3NC3C21,7.434150696e0,8.922741562e-2,3.829038739e-1,1.276346207e0,7.523377895e0,5.143448114e-1
val,440,CC(O)COCCC=O,6.206917286e0,-1.376620233e-1,3.829038739e-1,1.276346207e0,6.069255352e0,-6.249419451e-1
val,441,CCC12NC1CCC2O,8.185184479e0,1.717696488e-1,3.829038739e-1,1.276346207e0,8.356954575e0,1.167441726e0
val,442,CCC12CC1CC(=O)O2,7.570207596e0,-5.902136564e-1,3.829038739e-1,1.276346207e0,6.979993820e0,8.861022443e-2
val,443,N#CC1C(O)CC2OC21,8.462740898e0,5.528197289e-1,3.829038739e-1,1.276346207e0,9.015560150e0,1.683450818e0
val,444,O=CC1C2C=CCC12O,5.692621708e0,-5.807273388e-1,3.829038739e-1,1.276346207e0,5.111894608e0,-1.375022054e0
val,445,O=C1C=CCOCCO1,5.159278870e0,-2.085779458e-1,3.829038739e-1,1.276346207e0,4.950700760e0,-1.501315355e0
val,446,Oc1n[nH]cc1C1CN1,6.337531567e0,-4.601069912e-2,3.829038739e-1,1.276346207e0,6.291521072e0,-4.507995248e-1
val,447,COC(C)c1cnon1,6.304878235e0,4.816495478e-1,3.829038739e-1,1.276346207e0,6.786527634e0,-6.296809763e-2
val,448,CC1(O)CC2(CO)OC12,8.884517670e0,-2.505521774e-1,3.829038739e-1,1.276346207e0,8.633965492e0,1.384476304e0
val,449,CCC1C2CC3(C)C1[NH+]23,8.756624222e0,2.997725606e-1,3.829038739e-1,1.276346207e0,9.056396484e0,1.715445638e0
val,450,COC1CC(O)C2OC12,8.938940048e0,5.530850962e-2,3.829038739e-1,1.276346207e0,8.994248390e0,1.666753411e0
val,451,C#Cc1nonc1CO,5.817794323e0,1.483775675e-1,3.829038739e-1,1.276346207e0,5.966171741e0,-7.057066560e-1
val,452,COCC1=C(C)CCC1,6.824615955e0,-4.679431915e-1,3.829038739e-1,1.276346207e0,6.356672764e0,-3.997539878e-1
val,453,CCC(=NO)C(C)(C)O,6.938903332e0,4.464196786e-2,3.829038739e-1,1.276346207e0,6.983545303e0,9.139277041e-2
val,454,CC1CNC(=O)CC1C,7.303536415e0,-6.283347611e-4,3.829038739e-1,1.276346207e0,7.302907944e0,3.416093886e-1
val,455,O=Cn1cnoc1=O,5.981062412e0,1.304625571e-1,3.829038739e-1,1.276346207e0,6.111525059e0,-5.918241143e-1
val,456,O=CC12COC1C1C[NH+]12,5.499421120e0,-6.446898580e-1,3.829038739e-1,1.276346207e0,4.854731083e0,-1.576506376e0
val,457,C1=CC2C3C=CC2C1C3,6.264060974e0,1.270523667e-1,3.829038739e-1,1.276346207e0,6.391113281e0,-3.727702796e-1
val,458,N#CC1C=CC(=O)C1,5.219143867e0,-1.270554364e-1,3.829038739e-1,1.276346207e0,5.092088223e0,-1.390540123e0
val,459,C#CC1CCC(=O)O1,7.532111645e0,-2.805260755e-2,3.829038739e-1,1.276346207e0,7.504058838e0,4.992085695e-1
val,460,CC#CC(CC)NC=O,7.344352722e0,1.549909115e-1,3.829038739e-1,1.276346207e0,7.499343872e0,4.955144525e-1
val,461,CC12CCCC1(C=O)N2,5.962014675e0,3.998109996e-1,3.829038739e-1,1.276346207e0,6.361825466e0,-3.957169056e-1
val,462,N#CC(O)C(CO)CO,7.613745689e0,2.779687010e-2,3.829038739e-1,1.276346207e0,7.641542435e0,6.069252491e-1
val,463,CC1C=CC(=O)C1O,5.265403271e0,4.158438146e-1,3.829038739e-1,1.276346207e0,5.681247234e0,-9.289414287e-1
val,464,COC1OCC=C1C,7.104892731e0,1.607079357e-1,3.829038739e-1,1.276346207e0,7.265600681e0,3.123796284e-1
val,465,C1OC2CC1C2[NH+]1CC1,8.696758270e0,5.990129113e-1,3.829038739e-1,1.276346207e0,9.295771599e0,1.902992964e0
val,466,CCC1CC=CC1(C)O,7.227344036e0,-1.175892428e-1,3.829038739e-1,1.276346207e0,7.109754562e0,1.902761459e-1
val,467,C1CCC2(CC1)CCO2,8.489952087e0,2.298570871e-1,3.829038739e-1,1.276346207e0,8.719809532e0,1.451733947e0
val,468,O=CC1CCC2COC12,6.010994911e0,8.684612066e-2,3.829038739e-1,1.276346207e0,6.097841263e0,-6.025452018e-1
val,469,c1occ2c1CC1CN21,6.299435616e0,-6.629876792e-2,3.829038739e-1,1.276346207e0,6.233136654e0,-4.965429902e-1
val,470,CC1C2CC(=O)C1C2C,6.149773121e0,3.217994571e-1,3.829038739e-1,1.276346207e0,6.471572399e0,-3.097315729e-1
val,471,CC1OC1CC1OC1C,9.311736107e0,7.906301618e-1,3.829038739e-1,1.276346207e0,1.010236645e1,2.534950018e0
val,472,CCCOC(C)C(C)C,8.979757309e0,6.933262348e-1,3.829038739e-1,1.276346207e0,9.673083305e0,2.198611975e0
val,473,CC1C[NH+](C)CC([NH-])O1,6.824615955e0,-2.086790353e-1,3.829038739e-1,1.276346207e0,6.615936756e0,-1.966239065e-1
val,474,O=CC1=CC(O)C(O)C1,5.200095654e0,-5.696339533e-2,3.829038739e-1,1.276346207e0,5.143132210e0,-1.350547791e0
val,475,CC1(O)C=CC2C(O)C21,6.375627518e0,2.875924669e-2,3.829038739e-1,1.276346207e0,6.404386997e0,-3.623704910e-1
val,476,N#Cc1cncc([NH-])[nH+]1,3.749728680e0,-6.817824394e-2,3.829038739e-1,1.276346207e0,3.681550503e0,-2.495678663e0
val,477,CCC1(C)C(O)C2OC21,8.707643509e0,1.007766873e-1,3.829038739e-1,1.276346207e0,8.808420181e0,1.521159291e0
val,478,CC1CC(O)C=C1C=O,5.178326607e0,-7.209214568e-2,3.829038739e-1,1.276346207e0,5.106234550e0,-1.379456639e0
val,479,CC1=CCCC(=O)NC1,6.838221550e0,-5.940883607e-2,3.829038739e-1,1.276346207e0,6.778812885e0,-6.901250780e-2
val,480,C1C2C3OC4C[NH+](C13)C42,8.013752937e0,4.249138832e-1,3.829038739e-1,1.276346207e0,8.438667297e0,1.231462598e0
val,481,OC1C2CC2C12CCC2,8.642336845e0,5.350916386e-1,3.829038739e-1,1.276346207e0,9.177428246e0,1.810272455e0
val,482,C[NH+](CC#N)CCC#N,7.181085110e0,-9.755786508e-2,3.829038739e-1,1.276346207e0,7.083527088e0,1.697272360e-1
val,483,CCC12CCCC1OC2,8.628729820e0,2.240933180e-1,3.829038739e-1,1.276346207e0,8.852823257e0,1.555948615e0
val,484,O=c1nc(CO)nn[nH]1,4.514369011e0,1.447351277e-1,3.829038739e-1,1.276346207e0,4.659104347e0,-1.729777455e0
val,485,CC1C(O)C(C)C2NC12,8.506278992e0,3.230594397e-1,3.829038739e-1,1.276346207e0,8.829338074e0,1.537548184e0
val,486,C1=CC23CC2(C1)OCO3,6.525290489e0,-4.885530770e-1,3.829038739e-1,1.276346207e0,6.036737442e0,-6.504192948e-1
val,487,CC1C(CC#N)C2OC12,8.296751022e0,8.446675539e-1,3.829038739e-1,1.276346207e0,9.141418457e0,1.782059312e0
val,488,C1OC1C1CCC2OC21,9.439629555e0,-6.584153324e-2,3.829038739e-1,1.276346207e0,9.373787880e0,1.964117765e0
val,489,C#CCNc1[nH+]cco1,6.016437531e0,6.445966363e-1,3.829038739e-1,1.276346207e0,6.661034107e0,-1.612907052e-1
val,490,O=C1CC2NC2C2OC12,5.858611107e0,-7.336398214e-2,3.829038739e-1,1.276346207e0,5.785247326e0,-8.474586606e-1
val,491,N#CC1=CCC(O)C1N,5.806910038e0,-2.484257072e-1,3.829038739e-1,1.276346207e0,5.558484554e0,-1.025124431e0
val,492,C#CC(=O)CO[CH+][NH2+]C,4.802809238e0,2.381695807e-1,3.829038739e-1,1.276346207e0,5.040978909e0,-1.430583596e0
val,493,OC12CC3COC(C1)C32,8.283145905e0,-1.027968898e-1,3.829038739e-1,1.276346207e0,8.180349350e0,1.029073715e0
val,494,CC1CC12OCCC2=O,5.804188728e0,3.149337173e-1,3.829038739e-1,1.276346207e0,6.119122505e0,-5.858716369e-1
val,495,COC(=O)N1CC(=O)C1,5.983783722e0,3.121603727e-1,3.829038739e-1,1.276346207e0,6.295944214e0,-4.473340511e-1
val,496,CC1(C=O)OCOC1[NH-],6.049090862e0,-4.597080871e-2,3.829038739e-1,1.276346207e0,6.003119946e0,-6.767581701e-1
val,497,CCC12OC1CC2C#N,7.989262581e0,1.075706407e-1,3.829038739e-1,1.276346207e0,8.096833229e0,9.636398554e-1
val,498,Cc1cc(NO)cc[nH+]1,4.669473648e0,5.807917193e-2,3.829038739e-1,1.276346207e0,4.727552891e0,-1.676148891e0
val,499,CC12OC1CC2(O)CO,8.081781387e0,4.575966299e-1,3.829038739e-1,1.276346207e0,8.539378166e0,1.310368299e0
test,0,CC1(C2CC2)CC=CC1,7.213738441e0,0.000000000e0,0.000000000e0,1.276346207e0,7.213738441e0,2.717461884e-1
test,1,CCC1(C2CO2)CN1,8.462740898e0,0.000000000e0,0.000000000e0,1.276346207e0,8.462740898e0,1.250323892e0
test,2,C[NH+]1C2C(O)C(NO)C21,6.283109188e0,0.000000000e0,0.000000000e0,1.276346207e0,6.283109188e0,-4.573901296e-1
test,3,CC1Oc2nc[nH]c2O1,5.627314568e0,0.000000000e0,0.000000000e0,1.276346207e0,5.627314568e0,-9.711969495e-1
test,4,CC(=O)N1CC1C1CO1,6.892644405e0,0.000000000e0,0.000000000e0,1.276346207e0,6.892644405e0,2.017305978e-2
test,5,CC(C)CCCCO,9.317178726e0,0.000000000e0,0.000000000e0,1.276346207e0,9.317178726e0,1.919765234e0
test,6,CC1=CC2C3OCC1C23,6.217801571e0,0.000000000e0,0.000000000e0,1.276346207e0,6.217801571e0,-5.085577965e-1
test,7,[NH-]C1=C(F)N=C(O)NO1,4.484436512e0,0.000000000e0,0.000000000e0,1.276346207e0,4.484436512e0,-1.866627574e0
test,8,C[NH+]1C2C(O)C(C=O)C21,5.249076366e0,0.000000000e0,0.000000000e0,1.276346207e0,5.249076366e0,-1.267541885e0
test,9,CC1(C)C2C3C[NH+]3C21C,7.662726402e0,0.000000000e0,0.000000000e0,1.276346207e0,7.662726402e0,6.235226393e-1
test,10,N#CC1(O)CC2(CO2)C1,7.638236046e0,0.000000000e0,0.000000000e0,1.276346207e0,7.638236046e0,6.043347120e-1
test,11,C1OC1C1OC1C1CO1,8.879075050e0,0.000000000e0,0.000000000e0,1.276346207e0,8.879075050e0,1.576516509e0
test,12,N#CCNC12CC(C1)C2,7.273603439e0,0.000000000e0,0.000000000e0,1.276346207e0,7.273603439e0,3.186496794e-1
test,13,CC(C)C1OC12CCC2,8.985198975e0,0.000000000e0,0.000000000e0,1.276346207e0,8.985198975e0,1.659663320e0
test,14,C1[NH+]2C3C4C5OC13C2C54,8.321241379e0,0.000000000e0,0.000000000e0,1.276346207e0,8.321241379e0,1.139460802e0
test,15,OCc1cc(F)ccn1,6.547059536e0,0.000000000e0,0.000000000e0,1.276346207e0,6.547059536e0,-2.505883574e-1
test,16,[NH-]C1=C(N)N=CNO1,4.873559475e0,0.000000000e0,0.000000000e0,1.276346207e0,4.873559475e0,-1.561754584e0
test,17,CC12CC(O1)C2O,9.055949211e0,0.000000000e0,0.000000000e0,1.276346207e0,9.055949211e0,1.715095162e0
test,18,CCC1C2C3CC3(C)[NH+]12,8.372943878e0,0.000000000e0,0.000000000e0,1.276346207e0,8.372943878e0,1.179969072e0
test,19,N#CC1C(N)C12COC2,7.159315586e0,0.000000000e0,0.000000000e0,1.276346207e0,7.159315586e0,2.291065753e-1
test,20,CCC1C2CC1(O)C2C,9.017853737e0,0.000000000e0,0.000000000e0,1.276346207e0,9.017853737e0,1.685247898e0
test,21,CC1C=CC=CC([NH-])O1,4.680358410e0,0.000000000e0,0.000000000e0,1.276346207e0,4.680358410e0,-1.713125229e0
test,22,COc1n[nH]nc1N,5.798746109e0,0.000000000e0,0.000000000e0,1.276346207e0,5.798746109e0,-8.368825316e-1
test,23,CC12OC(C1O)C2C=O,5.665410519e0,0.000000000e0,0.000000000e0,1.276346207e0,5.665410519e0,-9.413492680e-1
test,24,CNc1ncccc1N,5.221864700e0,0.000000000e0,0.000000000e0,1.276346207e0,5.221864700e0,-1.288861871e0
test,25,Cc1nccncc1=O,4.299399376e0,0.000000000e0,0.000000000e0,1.276346207e0,4.299399376e0,-2.011601925e0
test,26,CC(C)C1CCOCC1,8.879075050e0,0.000000000e0,0.000000000e0,1.276346207e0,8.879075050e0,1.576516509e0
test,27,OC12CC1CC21COC1,8.182463646e0,0.000000000e0,0.000000000e0,1.276346207e0,8.182463646e0,1.030730247e0
test,28,C1CC2(COC2)C2OC12,8.707643509e0,0.000000000e0,0.000000000e0,1.276346207e0,8.707643509e0,1.442202091e0
test,29,OC12COC1C2C1CC1,8.125319481e0,0.000000000e0,0.000000000e0,1.276346207e0,8.125319481e0,9.859585166e-1
test,30,CCC12CC3(C)C(O1)C23,8.152531624e0,0.000000000e0,0.000000000e0,1.276346207e0,8.152531624e0,1.007278919e0
test,31,C#CC1OC1(C)C1CN1,7.036864281e0,0.000000000e0,0.000000000e0,1.276346207e0,7.036864281e0,1.331675202e-1
test,32,ONC1C2CC1O[CH+][NH2+]2,6.506242275e0,0.000000000e0,0.000000000e0,1.276346207e0,6.506242275e0,-2.825681567e-1
test,33,CC1C2OC3C2C13C#N,7.257276535e0,0.000000000e0,0.000000000e0,1.276346207e0,7.257276535e0,3.058577478e-1
test,34,[H]N=C(N(C)C)C(F)(F)F,6.386512280e0,0.000000000e0,0.000000000e0,1.276346207e0,6.386512280e0,-3.763751090e-1
test,35,COC12C=CCOC1C2,6.615087986e0,0.000000000e0,0.000000000e0,1.276346207e0,6.615087986e0,-1.972889006e-1
test,36,CC1OCCCCC1=O,5.828679085e0,0.000000000e0,0.000000000e0,1.276346207e0,5.828679085e0,-8.134304285e-1
test,37,C1=CC2(CCC1)COC2,7.069517612e0,0.000000000e0,0.000000000e0,1.276346207e0,7.069517612e0,1.587509960e-1
test,38,C#CC(C)(C)COC=O,7.556602001e0,0.000000000e0,0.000000000e0,1.276346207e0,7.556602001e0,5.403754711e-1
test,39,O=CNC1CC12COC2,7.045027256e0,0.000000000e0,0.000000000e0,1.276346207e0,7.045027256e0,1.395631135e-1
test,40,CC1=CCC=CC2NC12,6.255897522e0,0.000000000e0,0.000000000e0,1.276346207e0,6.255897522e0,-4.787101150e-1
test,41,CCC(=O)CCOC,6.402839184e0,0.000000000e0,0.000000000e0,1.276346207e0,6.402839184e0,-3.635831773e-1
test,42,Nc1c(F)ccnc1F,5.638199329e0,0.000000000e0,0.000000000e0,1.276346207e0,5.638199329e0,-9.626688957e-1
test,43,Cc1nnc2occn12,6.013716221e0,0.000000000e0,0.000000000e0,1.276346207e0,6.013716221e0,-6.684561372e-1
test,44,[NH-]C1=C(F)C=NNO1,4.620493412e0,0.000000000e0,0.000000000e0,1.276346207e0,4.620493412e0,-1.760028720e0
test,45,OC12CC1CC2C1CC1,8.261377335e0,0.000000000e0,0.000000000e0,1.276346207e0,8.261377335e0,1.092558146e0
test,46,OCC1(O)CCOCC1,8.051848412e0,0.000000000e0,0.000000000e0,1.276346207e0,8.051848412e0,9.283948541e-1
test,47,CC(=O)C12C3CC1C2O3,5.899428368e0,0.000000000e0,0.000000000e0,1.276346207e0,5.899428368e0,-7.579992414e-1
test,48,Cc1cncc(F)c1F,6.345695019e0,0.000000000e0,0.000000000e0,1.276346207e0,6.345695019e0,-4.083549082e-1
test,49,CCC12CCC(N1)C2=O,6.196032524e0,0.000000000e0,0.000000000e0,1.276346207e0,6.196032524e0,-5.256136060e-1
test,50,N#CC1OCOCC1=O,5.464046478e0,0.000000000e0,0.000000000e0,1.276346207e0,5.464046478e0,-1.099115491e0
test,51,c1cncc(C2CN2)c1,6.010994911e0,0.000000000e0,0.000000000e0,1.276346207e0,6.010994911e0,-6.705882549e-1
test,52,CC1(C2(C)CC2)CC1,8.884517670e0,0.000000000e0,0.000000000e0,1.276346207e0,8.884517670e0,1.580780745e0
test,53,O=C1CC2CC(=O)C2N1,5.436834812e0,0.000000000e0,0.000000000e0,1.276346207e0,5.436834812e0,-1.120435476e0
test,54,CC1C2CC(C2=O)[NH+]1C,5.447719574e0,0.000000000e0,0.000000000e0,1.276346207e0,5.447719574e0,-1.111907363e0
test,55,CC1C2C3CC(C[NH+]12)O3,7.823273182e0,0.000000000e0,0.000000000e0,1.276346207e0,7.823273182e0,7.493090034e-1
test,56,OCCCc1cn[nH]n1,7.017816544e0,0.000000000e0,0.000000000e0,1.276346207e0,7.017816544e0,1.182438582e-1
test,57,OC1(C2CC2)COC1,8.506278992e0,0.000000000e0,0.000000000e0,1.276346207e0,8.506278992e0,1.284435511e0
test,58,CC1C=CCC1C1CC1,7.175642490e0,0.000000000e0,0.000000000e0,1.276346207e0,7.175642490e0,2.418985069e-1
test,59,O=C1NCC12COC2,7.363400936e0,0.000000000e0,0.000000000e0,1.276346207e0,7.363400936e0,3.890048862e-1
test,60,CC1CC(C)C(O)CO1,8.743018150e0,0.000000000e0,0.000000000e0,1.276346207e0,8.743018150e0,1.469917655e0
test,61,CNC(C#N)C#CC#N,5.722554207e0,0.000000000e0,0.000000000e0,1.276346207e0,5.722554207e0,-8.965778947e-1
test,62,NC=Nc1n[nH]nc1O,5.020500660e0,0.000000000e0,0.000000000e0,1.276346207e0,5.020500660e0,-1.446628094e0
test,63,CCC1=CCN=COC1,6.272224426e0,0.000000000e0,0.000000000e0,1.276346207e0,6.272224426e0,-4.659182131e-1
test,64,O=C1C2CC1C21CC1O,6.870874882e0,0.000000000e0,0.000000000e0,1.276346207e0,6.870874882e0,3.116910812e-3
test,65,CC1(O)CCCC(O)C1,8.653220177e0,0.000000000e0,0.000000000e0,1.276346207e0,8.653220177e0,1.399562001e0
test,66,CC1C2C1[NH+]1C2C1(C)C,7.445035458e0,0.000000000e0,0.000000000e0,1.276346207e0,7.445035458e0,4.529645145e-1
test,67,C1OC2C3C4C[NH+](C13)C42,8.511721611e0,0.000000000e0,0.000000000e0,1.276346207e0,8.511721611e0,1.288699746e0
test,68,C#CC1(C2CO2)CO1,7.660005569e0,0.000000000e0,0.000000000e0,1.276346207e0,7.660005569e0,6.213908792e-1
test,69,CC1(c2ncn[nH]2)CN1,7.058633804e0,0.000000000e0,0.000000000e0,1.276346207e0,7.058633804e0,1.502236724e-1
test,70,C1C2CC3(COC3)C12,8.596076965e0,0.000000000e0,0.000000000e0,1.276346207e0,8.596076965e0,1.354791045e0
test,71,O=CC1C2C=CC3C2[NH+]13,5.496700287e0,0.000000000e0,0.000000000e0,1.276346207e0,5.496700287e0,-1.073531628e0
test,72,CC1=CCN=COC1,6.334810734e0,0.000000000e0,0.000000000e0,1.276346207e0,6.334810734e0,-4.168826044e-1
test,73,O=Cc1ncnnn1,3.945650816e0,0.000000000e0,0.000000000e0,1.276346207e0,3.945650816e0,-2.288759470e0
test,74,C#CC12NC3C(=O)C1C32,5.932082176e0,0.000000000e0,0.000000000e0,1.276346207e0,5.932082176e0,-7.324153781e-1
test,75,C[NH+]1CCN(C=O)CC1,6.938903332e0,0.000000000e0,0.000000000e0,1.276346207e0,6.938903332e0,5.641634762e-2
test,76,CC12CC3C4C1C[NH+]4C32,8.163415909e0,0.000000000e0,0.000000000e0,1.276346207e0,8.163415909e0,1.015806556e0
test,77,CC(C)c1nccnn1,4.440898418e0,0.000000000e0,0.000000000e0,1.276346207e0,4.440898418e0,-1.900739074e0
test,78,C#CC(C)(OC)C(C)C,8.114435196e0,0.000000000e0,0.000000000e0,1.276346207e0,8.114435196e0,9.774307609e-1
test,79,OCC1C(O)C12COC2,7.932118893e0,0.000000000e0,0.000000000e0,1.276346207e0,7.932118893e0,8.345882297e-1
test,80,COC1CC2(CO2)C1O,8.438250542e0,0.000000000e0,0.000000000e0,1.276346207e0,8.438250542e0,1.231136084e0
test,81,C#CCC(=O)NC(C)=O,6.084465981e0,0.000000000e0,0.000000000e0,1.276346207e0,6.084465981e0,-6.130245924e-1
test,82,CCCC1CC12COC2,8.470904350e0,0.000000000e0,0.000000000e0,1.276346207e0,8.470904350e0,1.256719947e0
test,83,O=CCC(CO)CC=O,5.657247066e0,0.000000000e0,0.000000000e0,1.276346207e0,5.657247066e0,-9.477452040e-1
test,84,CCOC(C)CO,9.088603020e0,0.000000000e0,0.000000000e0,1.276346207e0,9.088603020e0,1.740679026e0
test,85,O=CNC1C2CC1C2,7.521226883e0,0.000000000e0,0.000000000e0,1.276346207e0,7.521226883e0,5.126595497e-1
test,86,CC(C)([NH3+])CC(=O)[O-],3.997352600e0,0.000000000e0,0.000000000e0,1.276346207e0,3.997352600e0,-2.248251677e0
test,87,CCC(=O)C(C)CO,6.274945736e0,0.000000000e0,0.000000000e0,1.276346207e0,6.274945736e0,-4.637860954e-1
test,88,OC12C=CCC3C(C1)C32,6.968835831e0,0.000000000e0,0.000000000e0,1.276346207e0,6.968835831e0,7.986808568e-2
test,89,NC(=O)C1(O)C2CC1C2,6.930739880e0,0.000000000e0,0.000000000e0,1.276346207e0,6.930739880e0,5.002038553e-2
test,90,C1=CC23C=CC1[NH+]2CC3,5.194653511e0,0.000000000e0,0.000000000e0,1.276346207e0,5.194653511e0,-1.310181499e0
test,91,O=COC12CC(C1)C2,7.591977119e0,0.000000000e0,0.000000000e0,1.276346207e0,7.591977119e0,5.680914521e-1
test,92,CNC1=CC=CC(F)O1,4.566070557e0,0.000000000e0,0.000000000e0,1.276346207e0,4.566070557e0,-1.802668333e0
test,93,CCC1C2OC3C1C23,8.272260666e0,0.000000000e0,0.000000000e0,1.276346207e0,8.272260666e0,1.101085067e0
test,94,C#CC1OC1C1OC1C,7.548438072e0,0.000000000e0,0.000000000e0,1.276346207e0,7.548438072e0,5.339791775e-1
test,95,O=CN1C2CC1C21CC1,6.775634766e0,0.000000000e0,0.000000000e0,1.276346207e0,6.775634766e0,-7.150252163e-2
test,96,CC1COCC(C)C1C,8.492672920e0,0.000000000e0,0.000000000e0,1.276346207e0,8.492672920e0,1.273775339e0
test,97,COC1C2C(C)C1C2O,8.653220177e0,0.000000000e0,0.000000000e0,1.276346207e0,8.653220177e0,1.399562001e0
test,98,CCC#CCCC(C)=O,6.117119789e0,0.000000000e0,0.000000000e0,1.276346207e0,6.117119789e0,-5.874407291e-1
test,99,CNC(=O)OCCC=O,6.193311214e0,0.000000000e0,0.000000000e0,1.276346207e0,6.193311214e0,-5.277457237e-1
test,100,Cc1cc[nH]c1C1CC1,6.307599545e0,0.000000000e0,0.000000000e0,1.276346207e0,6.307599545e0,-4.382022321e-1
test,101,N#CCOC([NH-])CCO,7.279046059e0,0.000000000e0,0.000000000e0,1.276346207e0,7.279046059e0,3.229138851e-1
test,102,O=C1CC2NC2CCN1,7.279046059e0,0.000000000e0,0.000000000e0,1.276346207e0,7.279046059e0,3.229138851e-1
test,103,CC1NCC2NC12C#N,6.625972271e0,0.000000000e0,0.000000000e0,1.276346207e0,6.625972271e0,-1.887612045e-1
test,104,OC1CC2(C3CC3)NC12,8.236886978e0,0.000000000e0,0.000000000e0,1.276346207e0,8.236886978e0,1.073370218e0
test,105,CC12CCC1[NH+]2CC=O,6.065417767e0,0.000000000e0,0.000000000e0,1.276346207e0,6.065417767e0,-6.279486418e-1
test,106,COc1ccc(F)nc1,5.425950050e0,0.000000000e0,0.000000000e0,1.276346207e0,5.425950050e0,-1.128963590e0
test,107,CC12CC(=O)C3CC1C32,6.089908123e0,0.000000000e0,0.000000000e0,1.276346207e0,6.089908123e0,-6.087607145e-1
test,108,O=C1C=CC2C3OC3C12,5.053154469e0,0.000000000e0,0.000000000e0,1.276346207e0,5.053154469e0,-1.421044230e0
test,109,C#CC(O)(C=O)CO,5.540238380e0,0.000000000e0,0.000000000e0,1.276346207e0,5.540238380e0,-1.039420009e0
test,110,CC1=CC(C)CNC1=O,5.779698372e0,0.000000000e0,0.000000000e0,1.276346207e0,5.779698372e0,-8.518061638e-1
test,111,CC1(CO)CCC12CO2,8.821931839e0,0.000000000e0,0.000000000e0,1.276346207e0,8.821931839e0,1.531745553e0
test,112,CCC12C[NH+]1C1CC12,7.945724487e0,0.000000000e0,0.000000000e0,1.276346207e0,7.945724487e0,8.452480435e-1
test,113,O=C1C=CCCN1,5.657247066e0,0.000000000e0,0.000000000e0,1.276346207e0,5.657247066e0,-9.477452040e-1
test,114,CC1=NC(=O)OC([NH-])O1,6.136167526e0,0.000000000e0,0.000000000e0,1.276346207e0,6.136167526e0,-5.725170970e-1
test,115,O=C1NC23COC(C2)C13,6.789240837e0,0.000000000e0,0.000000000e0,1.276346207e0,6.789240837e0,-6.084233895e-2
test,116,Cn1nc(N)ncc1=O,3.825920820e0,0.000000000e0,0.000000000e0,1.276346207e0,3.825920820e0,-2.382566452e0
test,117,O=C1CC(C2CCC2)C1,6.059975624e0,0.000000000e0,0.000000000e0,1.276346207e0,6.059975624e0,-6.322124600e-1
test,118,[NH-]c1n[cH+][nH]ccc1=O,4.808251858e0,0.000000000e0,0.000000000e0,1.276346207e0,4.808251858e0,-1.612922311e0
test,119,C#CC12CC(C1)C2C#N,7.668168545e0,0.000000000e0,0.000000000e0,1.276346207e0,7.668168545e0,6.277864575e-1
test,120,C[NH+]1C2CC3C1C2[NH+]3C,7.828715801e0,0.000000000e0,0.000000000e0,1.276346207e0,7.828715801e0,7.535732388e-1
test,121,CCC(C)N(C)C(N)=O,7.874975204e0,0.000000000e0,0.000000000e0,1.276346207e0,7.874975204e0,7.898169160e-1
test,122,C#CC(O)CCOC,7.711706638e0,0.000000000e0,0.000000000e0,1.276346207e0,7.711706638e0,6.618980169e-1
test,123,N#CC1C2CCCCC12,8.291309357e0,0.000000000e0,0.000000000e0,1.276346207e0,8.291309357e0,1.116009474e0
test,124,CC12CC3C4C[NH+](C41)C32,8.166136742e0,0.000000000e0,0.000000000e0,1.276346207e0,8.166136742e0,1.017938256e0
test,125,CC1C2CC1C2(C)O,8.960708618e0,0.000000000e0,0.000000000e0,1.276346207e0,8.960708618e0,1.640475392e0
test,126,CC(C)(C)C(C)(O)C=O,6.054533005e0,0.000000000e0,0.000000000e0,1.276346207e0,6.054533005e0,-6.364766955e-1
test,127,O=CCOC1C2CC1C2,6.231407166e0,0.000000000e0,0.000000000e0,1.276346207e0,6.231407166e0,-4.978980124e-1
test,128,C#Cc1nc(=O)cno1,4.838184357e0,0.000000000e0,0.000000000e0,1.276346207e0,4.838184357e0,-1.589470625e0
test,129,N#CCC12C[NH+]1C1CC12,7.265439510e0,0.000000000e0,0.000000000e0,1.276346207e0,7.265439510e0,3.122533262e-1
test,130,O=C1CCC(=O)OCO1,7.145709991e0,0.000000000e0,0.000000000e0,1.276346207e0,7.145709991e0,2.184467614e-1
test,131,C#CC1CCCOC1[NH-],7.371564865e0,0.000000000e0,0.000000000e0,1.276346207e0,7.371564865e0,3.954012096e-1
test,132,Cc1n[nH]nc1C(C)C,6.813731194e0,0.000000000e0,0.000000000e0,1.276346207e0,6.813731194e0,-4.165445268e-2
test,133,OC12CCC3(CO3)C1C2,8.944382668e0,0.000000000e0,0.000000000e0,1.276346207e0,8.944382668e0,1.627684236e0
test,134,O=Cc1ccc(=O)on1,4.530695915e0,0.000000000e0,0.000000000e0,1.276346207e0,4.530695915e0,-1.830383897e0
test,135,[NH-]C1=C(O)C(N)=NNO1,3.844968557e0,0.000000000e0,0.000000000e0,1.276346207e0,3.844968557e0,-2.367642641e0
test,136,CC1C(O)C1(O)C1CC1,7.640957355e0,0.000000000e0,0.000000000e0,1.276346207e0,7.640957355e0,6.064668298e-1
test,137,CCC1CC2(CO2)C1C,8.922613144e0,0.000000000e0,0.000000000e0,1.276346207e0,8.922613144e0,1.610628009e0
test,138,O=CCC12CC3C(O1)C32,5.866774559e0,0.000000000e0,0.000000000e0,1.276346207e0,5.866774559e0,-7.835830450e-1
test,139,OC1CNc2[nH]cnc21,6.147051811e0,0.000000000e0,0.000000000e0,1.276346207e0,6.147051811e0,-5.639893413e-1
test,140,CC1CCC(NO)CC1,6.857269287e0,0.000000000e0,0.000000000e0,1.276346207e0,6.857269287e0,-7.542901672e-3
test,141,O=C1OC2C(O1)C1OC21,8.914449692e0,0.000000000e0,0.000000000e0,1.276346207e0,8.914449692e0,1.604232073e0
test,142,Oc1ncc(F)cc1F,5.436834812e0,0.000000000e0,0.000000000e0,1.276346207e0,5.436834812e0,-1.120435476e0
test,143,CC1OC2C3C4CC13C42,8.808325768e0,0.000000000e0,0.000000000e0,1.276346207e0,8.808325768e0,1.521085382e0
test,144,COC1C2CC1C2C,9.371601105e0,0.000000000e0,0.000000000e0,1.276346207e0,9.371601105e0,1.962404490e0
test,145,c1n[nH]c2c1NCC2,5.779698372e0,0.000000000e0,0.000000000e0,1.276346207e0,5.779698372e0,-8.518061638e-1
test,146,CCOC([NH-])CC=O,6.065417767e0,0.000000000e0,0.000000000e0,1.276346207e0,6.065417767e0,-6.279486418e-1
test,147,CC1C2(CO2)CC12CO2,8.563423157e0,0.000000000e0,0.000000000e0,1.276346207e0,8.563423157e0,1.329207182e0
test,148,CC12CC(C1)C2(C)O,8.903565407e0,0.000000000e0,0.000000000e0,1.276346207e0,8.903565407e0,1.595704436e0
test,149,CCNc1n[nH]nc1O,5.640920639e0,0.000000000e0,0.000000000e0,1.276346207e0,5.640920639e0,-9.605367780e-1
test,150,OCC1(C2CCO2)CO1,8.674989700e0,0.000000000e0,0.000000000e0,1.276346207e0,8.674989700e0,1.416618228e0
test,151,CC12CC(C1)C2C=O,5.932082176e0,0.000000000e0,0.000000000e0,1.276346207e0,5.932082176e0,-7.324153781e-1
test,152,CC1CCC(C)C(O)C1,9.017853737e0,0.000000000e0,0.000000000e0,1.276346207e0,9.017853737e0,1.685247898e0
test,153,C#CCC(C#N)CC#N,7.820552349e0,0.000000000e0,0.000000000e0,1.276346207e0,7.820552349e0,7.471772432e-1
test,154,CCC1OC1C1CO1,9.224658966e0,0.000000000e0,0.000000000e0,1.276346207e0,9.224658966e0,1.847277164e0
test,155,O=CC1C=CCCC=C1,5.423229218e0,0.000000000e0,0.000000000e0,1.276346207e0,5.423229218e0,-1.131095290e0
test,156,OC1CCn2nncc21,6.870874882e0,0.000000000e0,0.000000000e0,1.276346207e0,6.870874882e0,3.116910812e-3
test,157,C[NH+]1CC2OC3C1C23O,7.200132847e0,0.000000000e0,0.000000000e0,1.276346207e0,7.200132847e0,2.610863745e-1
test,158,Nc1n[nH]nc(N)c1=O,4.024563789e0,0.000000000e0,0.000000000e0,1.276346207e0,4.024563789e0,-2.226932049e0
test,159,CCOC1C2CC1C2,9.360716820e0,0.000000000e0,0.000000000e0,1.276346207e0,9.360716820e0,1.953876734e0
test,160,OC1C2C3C4CC2[NH+]4C13,8.068176270e0,0.000000000e0,0.000000000e0,1.276346207e0,8.068176270e0,9.411875010e-1
test,161,CNc1[nH]nc[n+]1C=O,4.761992455e0,0.000000000e0,0.000000000e0,1.276346207e0,4.761992455e0,-1.649165988e0
test,162,CC12NC1COC2CO,8.215117455e0,0.000000000e0,0.000000000e0,1.276346207e0,8.215117455e0,1.056314111e0
test,163,C#CCc1n[nH]nc1C,6.868154049e0,0.000000000e0,0.000000000e0,1.276346207e0,6.868154049e0,9.851724608e-4
test,164,CC(O)C1C2CC1(C)C2,9.088603020e0,0.000000000e0,0.000000000e0,1.276346207e0,9.088603020e0,1.740679026e0
test,165,CC(O)C1OC12CCC2,8.699480057e0,0.000000000e0,0.000000000e0,1.276346207e0,8.699480057e0,1.435806036e0
test,166,OCC#Cc1cn[nH]n1,5.918476582e0,0.000000000e0,0.000000000e0,1.276346207e0,5.918476582e0,-7.430751920e-1
test,167,N#CC(CCO)O[CH+][NH-],7.551159859e0,0.000000000e0,0.000000000e0,1.276346207e0,7.551159859e0,5.361116529e-1
test,168,CCC1OCC12CC2O,8.419202805e0,0.000000000e0,0.000000000e0,1.276346207e0,8.419202805e0,1.216212392e0
test,169,[NH-]C1OC2CC3CC12N3,7.107614040e0,0.000000000e0,0.000000000e0,1.276346207e0,7.107614040e0,1.885990649e-1
test,170,CC1=CC2COC3C1C23,6.296714783e0,0.000000000e0,0.000000000e0,1.276346207e0,6.296714783e0,-4.467303157e-1
test,171,CC1COC([NH-])C(C)C1,7.496736526e0,0.000000000e0,0.000000000e0,1.276346207e0,7.496736526e0,4.934716523e-1
test,172,CC1C2CC1(O)C2C,9.028738022e0,0.000000000e0,0.000000000e0,1.276346207e0,9.028738022e0,1.693775535e0
test,173,C1CC2C3CC4C(C13)C24,9.458678246e0,0.000000000e0,0.000000000e0,1.276346207e0,9.458678246e0,2.030628443e0
test,174,OCCCC12CC(C1)C2,9.330784798e0,0.000000000e0,0.000000000e0,1.276346207e0,9.330784798e0,1.930425406e0
test,175,CC1OC1C1(C)CN1,8.666826248e0,0.000000000e0,0.000000000e0,1.276346207e0,8.666826248e0,1.410222292e0
test,176,O=C1CC2C3C1CC23O,6.111677170e0,0.000000000e0,0.000000000e0,1.276346207e0,6.111677170e0,-5.917049646e-1
test,177,C#CC1(CC)C2CC1C2,8.117156029e0,0.000000000e0,0.000000000e0,1.276346207e0,8.117156029e0,9.795625210e-1
test,178,OCCCC1C2CC1C2,9.328063011e0,0.000000000e0,0.000000000e0,1.276346207e0,9.328063011e0,1.928292990e0
test,179,OCC1CCC(O)CO1,8.838258743e0,0.000000000e0,0.000000000e0,1.276346207e0,8.838258743e0,1.544537425e0
test,180,[H]N=CN(C)c1cn[nH]n1,5.485815525e0,0.000000000e0,0.000000000e0,1.276346207e0,5.485815525e0,-1.082059741e0
test,181,CNc1nc(O)nn[nH+]1,4.179668903e0,0.000000000e0,0.000000000e0,1.276346207e0,4.179668903e0,-2.105409145e0
test,182,CCC1C2OC1C2=O,6.691279888e0,0.000000000e0,0.000000000e0,1.276346207e0,6.691279888e0,-1.375935078e-1
test,183,C#CC1C2CC1C2CC,8.122598648e0,0.000000000e0,0.000000000e0,1.276346207e0,8.122598648e0,9.838267565e-1
test,184,CC12C3[CH-]C4C(C41)[NH+]2C3,4.922539711e0,0.000000000e0,0.000000000e0,1.276346207e0,4.922539711e0,-1.523379207e0
test,185,CC1[NH+]2C3(C)CC3C12C,7.657283783e0,0.000000000e0,0.000000000e0,1.276346207e0,7.657283783e0,6.192584038e-1
test,186,N#CCn1ncc(N)n1,5.776977062e0,0.000000000e0,0.000000000e0,1.276346207e0,5.776977062e0,-8.539382815e-1
test,187,O=CC1(O)C2C3C[NH+]3C21,5.208259583e0,0.000000000e0,0.000000000e0,1.276346207e0,5.208259583e0,-1.299521327e0
test,188,CC1C2C(C)C1C2(C)O,8.879075050e0,0.000000000e0,0.000000000e0,1.276346207e0,8.879075050e0,1.576516509e0
test,189,CC12C3CC1C(O3)C2O,8.089944839e0,0.000000000e0,0.000000000e0,1.276346207e0,8.089944839e0,9.582428932e-1
test,190,CCC1Cc2cncn21,6.955230236e0,0.000000000e0,0.000000000e0,1.276346207e0,6.955230236e0,6.920827180e-2
test,191,CC1CC2CC2CC1C,8.993363380e0,0.000000000e0,0.000000000e0,1.276346207e0,8.993363380e0,1.666059971e0
test,192,CC(C)C12CC(C1)C2C,9.722628593e0,0.000000000e0,0.000000000e0,1.276346207e0,9.722628593e0,2.237430096e0
test,193,Cc1nc(F)ccc1N,5.145672798e0,0.000000000e0,0.000000000e0,1.276346207e0,5.145672798e0,-1.348557234e0
test,194,CC12COC3CC1OC32,8.699480057e0,0.000000000e0,0.000000000e0,1.276346207e0,8.699480057e0,1.435806036e0
test,195,Cc1ccc(F)nc1F,5.959293365e0,0.000000000e0,0.000000000e0,1.276346207e0,5.959293365e0,-7.110957503e-1
test,196,CC(=O)C1C2CC1C2,6.084465981e0,0.000000000e0,0.000000000e0,1.276346207e0,6.084465981e0,-6.130245924e-1
test,197,CC1C2[NH+]1C1C(O)C21O,7.564764977e0,0.000000000e0,0.000000000e0,1.276346207e0,7.564764977e0,5.467711091e-1
test,198,O=CC(C=O)NCCO,4.802809238e0,0.000000000e0,0.000000000e0,1.276346207e0,4.802809238e0,-1.617186546e0
test,199,CC1(O)C2CC3C(O2)C31,8.775671959e0,0.000000000e0,0.000000000e0,1.276346207e0,8.775671959e0,1.495501518e0
test,200,O=C1CN=COCC1=O,4.149736404e0,0.000000000e0,0.000000000e0,1.276346207e0,4.149736404e0,-2.128860950e0
test,201,CC12C3CC1C2OC3=O,7.330747128e0,0.000000000e0,0.000000000e0,1.276346207e0,7.330747128e0,3.634210229e-1
test,202,[NH-]C1=C[CH-]C(=O)C=NN1,4.367427349e0,0.000000000e0,0.000000000e0,1.276346207e0,4.367427349e0,-1.958302736e0
test,203,C#CCN=C(N)OC,7.559322834e0,0.000000000e0,0.000000000e0,1.276346207e0,7.559322834e0,5.425072312e-1
test,204,[CH-]1C[NH+]2C3C1C1NC1C32,5.314383507e0,0.000000000e0,0.000000000e0,1.276346207e0,5.314383507e0,-1.216374516e0
test,205,COC1C(O)C12COC2,7.986541748e0,0.000000000e0,0.000000000e0,1.276346207e0,7.986541748e0,8.772279024e-1
test,206,CC12C[NH+]3C4C(O1)C4C32,7.439593315e0,0.000000000e0,0.000000000e0,1.276346207e0,7.439593315e0,4.487006664e-1
test,207,CC1OC1C1(C#N)CN1,7.812388420e0,0.000000000e0,0.000000000e0,1.276346207e0,7.812388420e0,7.407809496e-1
test,208,Oc1ccc(O)c(F)n1,5.216422558e0,0.000000000e0,0.000000000e0,1.276346207e0,5.216422558e0,-1.293125749e0
test,209,CC#Cc1ccncc1,5.458603859e0,0.000000000e0,0.000000000e0,1.276346207e0,5.458603859e0,-1.103379726e0
test,210,CCCc1cccnc1,6.204195976e0,0.000000000e0,0.000000000e0,1.276346207e0,6.204195976e0,-5.192176104e-1
test,211,CCCOC12CC(C1)C2,9.211053848e0,0.000000000e0,0.000000000e0,1.276346207e0,9.211053848e0,1.836617708e0
test,212,c1nc(C2CCC2)no1,7.118498325e0,0.000000000e0,0.000000000e0,1.276346207e0,7.118498325e0,1.971267611e-1
test,213,CC#CC(C)(O)CC=O,5.972899437e0,0.000000000e0,0.000000000e0,1.276346207e0,5.972899437e0,-7.004355788e-1
test,214,[NH-]C1CC2CCCC2O1,7.728034019e0,0.000000000e0,0.000000000e0,1.276346207e0,7.728034019e0,6.746903062e-1
test,215,CC12CC(CO)(O1)C2O,8.726691246e0,0.000000000e0,0.000000000e0,1.276346207e0,8.726691246e0,1.457125664e0
test,216,C#CC1(C)OC12CCC2,7.616467476e0,0.000000000e0,0.000000000e0,1.276346207e0,7.616467476e0,5.872793198e-1
test,217,CC1(C)CC(C2CO2)O1,8.857306480e0,0.000000000e0,0.000000000e0,1.276346207e0,8.857306480e0,1.559461117e0
test,218,C1OC2C3CC12C1NC31,8.057291031e0,0.000000000e0,0.000000000e0,1.276346207e0,8.057291031e0,9.326590300e-1
test,219,COC12CC3OC1C32C,7.970214844e0,0.000000000e0,0.000000000e0,1.276346207e0,7.970214844e0,8.644359708e-1
test,220,C[NH+]=C(N)C#CC(=O)[O-],3.398702145e0,0.000000000e0,0.000000000e0,1.276346207e0,3.398702145e0,-2.717286825e0
test,221,CC1C2C=CC(O)C[NH+]12,6.013716221e0,0.000000000e0,0.000000000e0,1.276346207e0,6.013716221e0,-6.684561372e-1
test,222,CC(C)(O)C1C2CC1C2,8.718527794e0,0.000000000e0,0.000000000e0,1.276346207e0,8.718527794e0,1.450729728e0
test,223,CC(=O)C(C)CNC=O,6.220522881e0,0.000000000e0,0.000000000e0,1.276346207e0,6.220522881e0,-5.064257383e-1
test,224,N#Cc1n[nH]nc1CO,6.315762520e0,0.000000000e0,0.000000000e0,1.276346207e0,6.315762520e0,-4.318066537e-1
test,225,C1OCC23C4C5C([NH+]42)C153,7.257276535e0,0.000000000e0,0.000000000e0,1.276346207e0,7.257276535e0,3.058577478e-1
test,226,c1n[nH]c(C2CN2)n1,7.028701305e0,0.000000000e0,0.000000000e0,1.276346207e0,7.028701305e0,1.267719269e-1
test,227,CC1C2(C)CC1(O)C2C,8.898122787e0,0.000000000e0,0.000000000e0,1.276346207e0,8.898122787e0,1.591440201e0
test,228,C#CC1C2C=CC3C2[NH+]13,6.193311214e0,0.000000000e0,0.000000000e0,1.276346207e0,6.193311214e0,-5.277457237e-1
test,229,CCC#CC12CC(C1)C2,7.847763538e0,0.000000000e0,0.000000000e0,1.276346207e0,7.847763538e0,7.684968710e-1
test,230,C[NH2+]C1ONN=C[CH+]1C,4.321168423e0,0.000000000e0,0.000000000e0,1.276346207e0,4.321168423e0,-1.994546056e0
test,231,CCCC12CC(O1)C2=O,6.634135723e0,0.000000000e0,0.000000000e0,1.276346207e0,6.634135723e0,-1.823652387e-1
test,232,OC1(C23CCC2N3)CC1,8.250492096e0,0.000000000e0,0.000000000e0,1.276346207e0,8.250492096e0,1.084029675e0
test,233,OC1C2CCC2C2CC12,8.566143990e0,0.000000000e0,0.000000000e0,1.276346207e0,8.566143990e0,1.331339002e0
test,234,[NH-]C1C=NC(=O)N=CN1,4.914376259e0,0.000000000e0,0.000000000e0,1.276346207e0,4.914376259e0,-1.529775143e0
test,235,CC1=NC(C)C=CCO1,6.544338226e0,0.000000000e0,0.000000000e0,1.276346207e0,6.544338226e0,-2.527204454e-1
test,236,CN(C)c1ncnnn1,4.525253296e0,0.000000000e0,0.000000000e0,1.276346207e0,4.525253296e0,-1.834648132e0
test,237,O=CC1=CC2C[NH+]2CC1,4.704848766e0,0.000000000e0,0.000000000e0,1.276346207e0,4.704848766e0,-1.693937302e0
test,238,CCCC1(C2CN2)CO1,8.906287193e0,0.000000000e0,0.000000000e0,1.276346207e0,8.906287193e0,1.597836852e0
test,239,CC1=CC(=O)CC2CN12,5.091249943e0,0.000000000e0,0.000000000e0,1.276346207e0,5.091249943e0,-1.391196847e0
test,240,O=C1COC1C1CC1,6.002831459e0,0.000000000e0,0.000000000e0,1.276346207e0,6.002831459e0,-6.769841909e-1
test,241,CC1(C2(C#N)CC2)CC1,8.079060555e0,0.000000000e0,0.000000000e0,1.276346207e0,8.079060555e0,9.497151971e-1
test,242,CCC1C(=O)CC12CC2,5.915755272e0,0.000000000e0,0.000000000e0,1.276346207e0,5.915755272e0,-7.452073097e-1
test,243,Cc1nc(F)ccc1O,5.431392670e0,0.000000000e0,0.000000000e0,1.276346207e0,5.431392670e0,-1.124699354e0
test,244,O=CC1CCCCO1,6.163379192e0,0.000000000e0,0.000000000e0,1.276346207e0,6.163379192e0,-5.511970520e-1
test,245,CC1(c2ncco2)CO1,6.353858471e0,0.000000000e0,0.000000000e0,1.276346207e0,6.353858471e0,-4.019589424e-1
test,246,CC1C2CC1C2NO,7.352516651e0,0.000000000e0,0.000000000e0,1.276346207e0,7.352516651e0,3.804771900e-1
test,247,CC1=NCC=CCO1,6.813731194e0,0.000000000e0,0.000000000e0,1.276346207e0,6.813731194e0,-4.165445268e-2
test,248,CC1C2C3C(O)C3(C)[NH+]12,8.098108292e0,0.000000000e0,0.000000000e0,1.276346207e0,8.098108292e0,9.646388888e-1
test,249,O=C1OC2C=CC1OC2,5.891264915e0,0.000000000e0,0.000000000e0,1.276346207e0,5.891264915e0,-7.643951774e-1
test,250,CC(O)C(=O)CC(N)=O,5.687179565e0,0.000000000e0,0.000000000e0,1.276346207e0,5.687179565e0,-9.242935181e-1
test,251,C[NH+]1C2C(O)C1C2C=O,5.630035877e0,0.000000000e0,0.000000000e0,1.276346207e0,5.630035877e0,-9.690648317e-1
test,252,CC1OCCCC1O,8.781113625e0,0.000000000e0,0.000000000e0,1.276346207e0,8.781113625e0,1.499764919e0
test,253,CC(C)C1C2OC1C2=O,6.688558578e0,0.000000000e0,0.000000000e0,1.276346207e0,6.688558578e0,-1.397256255e-1
test,254,O=CC1COC1C1CO1,5.951130390e0,0.000000000e0,0.000000000e0,1.276346207e0,5.951130390e0,-7.174913287e-1
test,255,O=CC(=O)C1C2CC1C2,4.106198311e0,0.000000000e0,0.000000000e0,1.276346207e0,4.106198311e0,-2.162972450e0
test,256,C#Cc1cnccc1C,5.453161716e0,0.000000000e0,0.000000000e0,1.276346207e0,5.453161716e0,-1.107643485e0
test,257,O=CC1=CCC2CC1O2,4.955193520e0,0.000000000e0,0.000000000e0,1.276346207e0,4.955193520e0,-1.497795343e0
test,258,CC1(O)C2C3C2[NH+]2C3C21,7.744359970e0,0.000000000e0,0.000000000e0,1.276346207e0,7.744359970e0,6.874815226e-1
test,259,CC1[NH+](C)C12CCOC2,8.144367218e0,0.000000000e0,0.000000000e0,1.276346207e0,8.144367218e0,1.000882149e0
test,260,CC1(C2CC3CC32)CC1,8.941660881e0,0.000000000e0,0.000000000e0,1.276346207e0,8.941660881e0,1.625551701e0
test,261,C#CC12CC1C1C2[NH+]1C,7.406939030e0,0.000000000e0,0.000000000e0,1.276346207e0,7.406939030e0,4.231164455e-1
test,262,CC1(C=O)CCC12CO2,6.089908123e0,0.000000000e0,0.000000000e0,1.276346207e0,6.089908123e0,-6.087607145e-1
test,263,Cc1ncnnn1,4.389196396e0,0.000000000e0,0.000000000e0,1.276346207e0,4.389196396e0,-1.941246986e0
test,264,CC(=O)C(CO)C(C)C,6.122561455e0,0.000000000e0,0.000000000e0,1.276346207e0,6.122561455e0,-5.831772685e-1
test,265,C1=CC2CCC2=CCC1,6.715770245e0,0.000000000e0,0.000000000e0,1.276346207e0,6.715770245e0,-1.184056252e-1
test,266,CC1OC12CCC2CO,8.930777550e0,0.000000000e0,0.000000000e0,1.276346207e0,8.930777550e0,1.617024779e0
test,267,C1=NCC2CC3C(O1)C23,7.295372486e0,0.000000000e0,0.000000000e0,1.276346207e0,7.295372486e0,3.357054591e-1
test,268,CC1=CC(O)CNC1=O,5.730718136e0,0.000000000e0,0.000000000e0,1.276346207e0,5.730718136e0,-8.901816010e-1
test,269,Nc1ccnc(O)c1O,5.790582657e0,0.000000000e0,0.000000000e0,1.276346207e0,5.790582657e0,-8.432784677e-1
test,270,CC1CC1C1(O)CC1O,8.440972328e0,0.000000000e0,0.000000000e0,1.276346207e0,8.440972328e0,1.233268499e0
test,271,Nc1ccnc(=O)[nH]1,5.055875301e0,0.000000000e0,0.000000000e0,1.276346207e0,5.055875301e0,-1.418912411e0
test,272,CCC12CC(O)C1[NH+]2C,8.024637222e0,0.000000000e0,0.000000000e0,1.276346207e0,8.024637222e0,9.070752263e-1
test,273,C#CC12OC(C1O)C2O,6.851827145e0,0.000000000e0,0.000000000e0,1.276346207e0,6.851827145e0,-1.180675160e-2
test,274,CC1C(=O)N2CC(O)C12,6.476309776e0,0.000000000e0,0.000000000e0,1.276346207e0,6.476309776e0,-3.060199022e-1
test,275,OC1C=CC2CC1O2,6.476309776e0,0.000000000e0,0.000000000e0,1.276346207e0,6.476309776e0,-3.060199022e-1
test,276,C1OCc2nnoc2O1,5.806910038e0,0.000000000e0,0.000000000e0,1.276346207e0,5.806910038e0,-8.304861784e-1
test,277,C1=C2NCC3C[NH+]([CH+]1)C23,5.053154469e0,0.000000000e0,0.000000000e0,1.276346207e0,5.053154469e0,-1.421044230e0
test,278,O=C1COC(=O)C2NC12,5.855890274e0,0.000000000e0,0.000000000e0,1.276346207e0,5.855890274e0,-7.921108007e-1
test,279,C[NH+]1CC2OC3CCC321,7.325304985e0,0.000000000e0,0.000000000e0,1.276346207e0,7.325304985e0,3.591571748e-1
test,280,Cc1cc(C2CO2)n[nH]1,6.710327625e0,0.000000000e0,0.000000000e0,1.276346207e0,6.710327625e0,-1.226698458e-1
test,281,CC1C(C)C12COC2,8.386548996e0,0.000000000e0,0.000000000e0,1.276346207e0,8.386548996e0,1.190628529e0
test,282,CCC(=O)C(C)CC,6.269503117e0,0.000000000e0,0.000000000e0,1.276346207e0,6.269503117e0,-4.680503011e-1
test,283,[NH-]C1CC=CC(=O)N1,5.526632309e0,0.000000000e0,0.000000000e0,1.276346207e0,5.526632309e0,-1.050080299e0
test,284,c1cc2c([nH]1)COCC2,6.538896084e0,0.000000000e0,0.000000000e0,1.276346207e0,6.538896084e0,-2.569842935e-1
test,285,CC(C)n1nccn1,7.039586067e0,0.000000000e0,0.000000000e0,1.276346207e0,7.039586067e0,1.353000104e-1
test,286,[NH-]C1OCC(=O)CO1,5.673573971e0,0.000000000e0,0.000000000e0,1.276346207e0,5.673573971e0,-9.349533319e-1
test,287,C#CCOCC(C)=NO,6.748423576e0,0.000000000e0,0.000000000e0,1.276346207e0,6.748423576e0,-9.282214940e-2
test,288,C[NH+]1CC1C1CC2OC21,8.239607811e0,0.000000000e0,0.000000000e0,1.276346207e0,8.239607811e0,1.075501919e0
test,289,CCC1CCC([NH-])OC1,7.523947716e0,0.000000000e0,0.000000000e0,1.276346207e0,7.523947716e0,5.147912502e-1
test,290,C[n+]1c([NH-])[nH]cnc1=O,5.689900398e0,0.000000000e0,0.000000000e0,1.276346207e0,5.689900398e0,-9.221617579e-1
test,291,C#Cc1ccnc(N)c1,4.827299595e0,0.000000000e0,0.000000000e0,1.276346207e0,4.827299595e0,-1.597998619e0
test,292,CC12CC(CO)(O1)C2=O,6.590597630e0,0.000000000e0,0.000000000e0,1.276346207e0,6.590597630e0,-2.164767981e-1
test,293,CC12CC3CC(C1)C2C3,9.567523003e0,0.000000000e0,0.000000000e0,1.276346207e0,9.567523003e0,2.115906715e0
test,294,C#CC1C2CC1C2(C)O,7.611024857e0,0.000000000e0,0.000000000e0,1.276346207e0,7.611024857e0,5.830151439e-1
test,295,CC1C(O)C12CC(=O)C2,6.040927887e0,0.000000000e0,0.000000000e0,1.276346207e0,6.040927887e0,-6.471361518e-1
test,296,C1NC12COC21CC1,7.970214844e0,0.000000000e0,0.000000000e0,1.276346207e0,7.970214844e0,8.644359708e-1
test,297,CC1C2C(O)C1C2(C)C,8.925334930e0,0.000000000e0,0.000000000e0,1.276346207e0,8.925334930e0,1.612760544e0
test,298,O=CC1C=CCN=CO1,5.790582657e0,0.000000000e0,0.000000000e0,1.276346207e0,5.790582657e0,-8.432784677e-1
test,299,COCC[NH+]1C2CCC21,8.759345055e0,0.000000000e0,0.000000000e0,1.276346207e0,8.759345055e0,1.482709527e0
test,300,CC1=CCC([NH+]2CC2)C1,7.055912018e0,0.000000000e0,0.000000000e0,1.276346207e0,7.055912018e0,1.480911821e-1
test,301,COc1n[nH]nc1CO,6.220522881e0,0.000000000e0,0.000000000e0,1.276346207e0,6.220522881e0,-5.064257383e-1
test,302,CC1(C23CCC2N3)CO1,9.115814209e0,0.000000000e0,0.000000000e0,1.276346207e0,9.115814209e0,1.761998653e0
test,303,N#CC1[NH2+]C2CC3C2[NH+]13,5.469488621e0,0.000000000e0,0.000000000e0,1.276346207e0,5.469488621e0,-1.094851613e0
test,304,C1=Nc2[nH]ncc2CO1,5.219143867e0,0.000000000e0,0.000000000e0,1.276346207e0,5.219143867e0,-1.290993571e0
test,305,C#CCC#CC(O)CO,7.483131409e0,0.000000000e0,0.000000000e0,1.276346207e0,7.483131409e0,4.828121960e-1
test,306,CCC1CC2CC(=O)N12,6.375627518e0,0.000000000e0,0.000000000e0,1.276346207e0,6.375627518e0,-3.849031627e-1
test,307,CCC1C=CC2CC2O1,6.702164173e0,0.000000000e0,0.000000000e0,1.276346207e0,6.702164173e0,-1.290658116e-1
test,308,C1CC2OC3(CC3)C2O1,8.495394707e0,0.000000000e0,0.000000000e0,1.276346207e0,8.495394707e0,1.275907755e0
test,309,CC1C2(O)CC1(O)C2,8.541653633e0,0.000000000e0,0.000000000e0,1.276346207e0,8.541653633e0,1.312151074e0
test,310,CC1(C)C2C3C2[NH+]2C3C21,8.081781387e0,0.000000000e0,0.000000000e0,1.276346207e0,8.081781387e0,9.518469572e-1
test,311,O=CN1C2C3C2C2C3C21,6.976998806e0,0.000000000e0,0.000000000e0,1.276346207e0,6.976998806e0,8.626367152e-2
test,312,Cc1[nH]cnc1C1CC1,6.381070137e0,0.000000000e0,0.000000000e0,1.276346207e0,6.381070137e0,-3.806389570e-1
test,313,OCC12CC(C1)C2,9.202890396e0,0.000000000e0,0.000000000e0,1.276346207e0,9.202890396e0,1.830221772e0
test,314,CCC1=CC2CCC1O2,6.846384525e0,0.000000000e0,0.000000000e0,1.276346207e0,6.846384525e0,-1.607097499e-2
test,315,O=[N+]([O-])c1cccnc1,4.963356972e0,0.000000000e0,0.000000000e0,1.276346207e0,4.963356972e0,-1.491399407e0
test,316,CC1NC1C1COCO1,8.555259705e0,0.000000000e0,0.000000000e0,1.276346207e0,8.555259705e0,1.322811246e0
test,317,COc1cnncn1,4.938866615e0,0.000000000e0,0.000000000e0,1.276346207e0,4.938866615e0,-1.510587335e0
test,318,Nc1cnc(O)nn1,4.383754253e0,0.000000000e0,0.000000000e0,1.276346207e0,4.383754253e0,-1.945510864e0
test,319,CN(C)C(=O)N(C)C,7.529390335e0,0.000000000e0,0.000000000e0,1.276346207e0,7.529390335e0,5.190554857e-1
test,320,[NH-]C1C=CN=C(N)O1,4.960635662e0,0.000000000e0,0.000000000e0,1.276346207e0,4.960635662e0,-1.493531466e0
test,321,CNC(C)(C#N)COC,7.308978081e0,0.000000000e0,0.000000000e0,1.276346207e0,7.308978081e0,3.463652730e-1
test,322,Cn1nc(O)c(O)n1,5.828679085e0,0.000000000e0,0.000000000e0,1.276346207e0,5.828679085e0,-8.134304285e-1
test,323,OC1C2CC3CC1C3C2,8.715806961e0,0.000000000e0,0.000000000e0,1.276346207e0,8.715806961e0,1.448598027e0
test,324,OCCC12COCC1N2,8.794719696e0,0.000000000e0,0.000000000e0,1.276346207e0,8.794719696e0,1.510425091e0
test,325,O=C1CC=C2C3NC3C12,5.796025276e0,0.000000000e0,0.000000000e0,1.276346207e0,5.796025276e0,-8.390142322e-1
test,326,O=C1C2OCC3OC1C32,4.990568161e0,0.000000000e0,0.000000000e0,1.276346207e0,4.990568161e0,-1.470079780e0
test,327,CNC(=O)CC([NH-])OC,6.704885483e0,0.000000000e0,0.000000000e0,1.276346207e0,6.704885483e0,-1.269336939e-1
test,328,CC1CCCC2(O)CC12,8.873632431e0,0.000000000e0,0.000000000e0,1.276346207e0,8.873632431e0,1.572252274e0
test,329,CC1NC1C12CC[NH+]1C2,8.174300194e0,0.000000000e0,0.000000000e0,1.276346207e0,8.174300194e0,1.024334311e0
test,330,CC1=CC(O)C=CCC1,6.220522881e0,0.000000000e0,0.000000000e0,1.276346207e0,6.220522881e0,-5.064257383e-1
test,331,CC1Cn2c1cnc2O,6.816452026e0,0.000000000e0,0.000000000e0,1.276346207e0,6.816452026e0,-3.952271119e-2
test,332,CC1C2C=CC3C(C2)C13,6.683116436e0,0.000000000e0,0.000000000e0,1.276346207e0,6.683116436e0,-1.439894736e-1
test,333,O=C1C2CC[NH+]3C1CC23,5.608266830e0,0.000000000e0,0.000000000e0,1.276346207e0,5.608266830e0,-9.861206412e-1
test,334,[NH-]C1OCC2NC21,7.232786179e0,0.000000000e0,0.000000000e0,1.276346207e0,7.232786179e0,2.866698503e-1
test,335,C1=CC2CC3CC1CC23,6.903528214e0,0.000000000e0,0.000000000e0,1.276346207e0,6.903528214e0,2.870038524e-2
test,336,CC(CCCO)C(N)=O,7.534832478e0,0.000000000e0,0.000000000e0,1.276346207e0,7.534832478e0,5.233193636e-1
test,337,[NH-]C1OC2C3CC[NH+]3C12,6.342973709e0,0.000000000e0,0.000000000e0,1.276346207e0,6.342973709e0,-4.104870260e-1
test,338,CC12CC3(O)C(CC13)O2,8.419202805e0,0.000000000e0,0.000000000e0,1.276346207e0,8.419202805e0,1.216212392e0
test,339,C[NH+]1C2CC(N)C21C#N,6.791961670e0,0.000000000e0,0.000000000e0,1.276346207e0,6.791961670e0,-5.871059746e-2
test,340,CC1CC2(COC2)C1=O,5.703506470e0,0.000000000e0,0.000000000e0,1.276346207e0,5.703506470e0,-9.115015864e-1
test,341,CC1C2C=CCC1C2=O,5.880380630e0,0.000000000e0,0.000000000e0,1.276346207e0,5.880380630e0,-7.729228735e-1
test,342,CCn1ncc(C)n1,6.800125122e0,0.000000000e0,0.000000000e0,1.276346207e0,6.800125122e0,-5.231463537e-2
test,343,Cc1nc(=O)nnn1C,4.593281746e0,0.000000000e0,0.000000000e0,1.276346207e0,4.593281746e0,-1.781348705e0
test,344,CC1OC1CC1CCO1,8.811046600e0,0.000000000e0,0.000000000e0,1.276346207e0,8.811046600e0,1.523217082e0
test,345,NC(=O)N(C=O)CC=O,5.453161716e0,0.000000000e0,0.000000000e0,1.276346207e0,5.453161716e0,-1.107643485e0
test,346,Cc1cnccc1CO,6.258618832e0,0.000000000e0,0.000000000e0,1.276346207e0,6.258618832e0,-4.765779972e-1
test,347,CC12CC1N1C=CNC12,6.111677170e0,0.000000000e0,0.000000000e0,1.276346207e0,6.111677170e0,-5.917049646e-1
test,348,CC(=O)C(C)C(C)(C)C,6.149773121e0,0.000000000e0,0.000000000e0,1.276346207e0,6.149773121e0,-5.618572831e-1
test,349,O=C1C=C2NCC2CC1,5.409623623e0,0.000000000e0,0.000000000e0,1.276346207e0,5.409623623e0,-1.141755104e0
test,350,CC1C(=O)C2(C)OC12,5.787861824e0,0.000000000e0,0.000000000e0,1.276346207e0,5.787861824e0,-8.454102278e-1
test,351,C#CC(CC#N)OCC,7.926676750e0,0.000000000e0,0.000000000e0,1.276346207e0,7.926676750e0,8.303244114e-1
test,352,CCC1C2OC3C1C23C,8.198790550e0,0.000000000e0,0.000000000e0,1.276346207e0,8.198790550e0,1.043522120e0
test,353,Nc1cnoc(=O)c1N,4.329331398e0,0.000000000e0,0.000000000e0,1.276346207e0,4.329331398e0,-1.988150477e0
test,354,CC1CCCCC1C#N,9.238265991e0,0.000000000e0,0.000000000e0,1.276346207e0,9.238265991e0,1.857938051e0
test,355,Fc1ccccn1,6.198753357e0,0.000000000e0,0.000000000e0,1.276346207e0,6.198753357e0,-5.234818459e-1
test,356,CC1(NC=O)C2CC1C2,7.589255333e0,0.000000000e0,0.000000000e0,1.276346207e0,7.589255333e0,5.659589767e-1
test,357,O=c1ncc(F)c[nH]1,4.547022343e0,0.000000000e0,0.000000000e0,1.276346207e0,4.547022343e0,-1.817592382e0
test,358,Cc1cnc(N)nn1,4.522532463e0,0.000000000e0,0.000000000e0,1.276346207e0,4.522532463e0,-1.836779833e0
test,359,Cc1c[nH]c(C2CC2)c1,6.334810734e0,0.000000000e0,0.000000000e0,1.276346207e0,6.334810734e0,-4.168826044e-1
test,360,CCNc1cncnn1,4.549743652e0,0.000000000e0,0.000000000e0,1.276346207e0,4.549743652e0,-1.815460205e0
test,361,CCc1ccncc1C,6.212359428e0,0.000000000e0,0.000000000e0,1.276346207e0,6.212359428e0,-5.128216743e-1
test,362,N#CC#CC(C#N)CO,6.405560493e0,0.000000000e0,0.000000000e0,1.276346207e0,6.405560493e0,-3.614510596e-1
test,363,C#CC12C3CC3C1[NH+]2C,6.487194061e0,0.000000000e0,0.000000000e0,1.276346207e0,6.487194061e0,-2.974921763e-1
test,364,CC1([NH+]2CC2)CCC1=O,5.858611107e0,0.000000000e0,0.000000000e0,1.276346207e0,5.858611107e0,-7.899790406e-1
test,365,c1cc2n(c1)C1CC2C1,6.383790970e0,0.000000000e0,0.000000000e0,1.276346207e0,6.383790970e0,-3.785072267e-1
test,366,O=C1C2C[NH+]2C1C1CN1,5.774256229e0,0.000000000e0,0.000000000e0,1.276346207e0,5.774256229e0,-8.560700417e-1
test,367,CO[CH+][NH2+]CC#CC#N,5.967456818e0,0.000000000e0,0.000000000e0,1.276346207e0,5.967456818e0,-7.046998143e-1
test,368,O=C1CCC2NC2C1,6.084465981e0,0.000000000e0,0.000000000e0,1.276346207e0,6.084465981e0,-6.130245924e-1
test,369,CC1(C2OC2C#N)CO1,7.542996407e0,0.000000000e0,0.000000000e0,1.276346207e0,7.542996407e0,5.297156572e-1
test,370,C1CC2(C1)CC1(CO1)C2,9.069554329e0,0.000000000e0,0.000000000e0,1.276346207e0,9.069554329e0,1.725754619e0
test,371,CC(C=O)C(C#N)CO,6.054533005e0,0.000000000e0,0.000000000e0,1.276346207e0,6.054533005e0,-6.364766955e-1
test,372,[NH-]C1CC(N)=CC(=O)N1,5.444998264e0,0.000000000e0,0.000000000e0,1.276346207e0,5.444998264e0,-1.114039540e0
test,373,C[NH+]1C2C(O)C1(C)C2O,7.624630451e0,0.000000000e0,0.000000000e0,1.276346207e0,7.624630451e0,5.936748981e-1
test,374,Cc1cc(N)cc(F)n1,6.130725384e0,0.000000000e0,0.000000000e0,1.276346207e0,6.130725384e0,-5.767809153e-1
test,375,COc1cnc(=O)[nH]c1,4.359263897e0,0.000000000e0,0.000000000e0,1.276346207e0,4.359263897e0,-1.964698792e0
test,376,CNc1ccn2c1CC2,5.874938488e0,0.000000000e0,0.000000000e0,1.276346207e0,5.874938488e0,-7.771867514e-1
test,377,Oc1cccnc1F,5.749765873e0,0.000000000e0,0.000000000e0,1.276346207e0,5.749765873e0,-8.752579093e-1
test,378,Nc1concc1=O,4.381032944e0,0.000000000e0,0.000000000e0,1.276346207e0,4.381032944e0,-1.947642922e0
test,379,C#CC1CCCCO1,7.815110207e0,0.000000000e0,0.000000000e0,1.276346207e0,7.815110207e0,7.429134250e-1
test,380,O=C1CC2C3CC1(O)C23,6.138888836e0,0.000000000e0,0.000000000e0,1.276346207e0,6.138888836e0,-5.703849792e-1
test,381,c1cncnccoc1,4.884443760e0,0.000000000e0,0.000000000e0,1.276346207e0,4.884443760e0,-1.553226948e0
test,382,O=CC1Cn2cccc21,4.830020905e0,0.000000000e0,0.000000000e0,1.276346207e0,4.830020905e0,-1.595866561e0
test,383,N#CC12CCCCC1C2,8.462740898e0,0.000000000e0,0.000000000e0,1.276346207e0,8.462740898e0,1.250323892e0
test,384,COC(C)CC(O)C=O,6.049090862e0,0.000000000e0,0.000000000e0,1.276346207e0,6.049090862e0,-6.407405138e-1
test,385,Cc1ccn(C)c(=O)n1,5.015058517e0,0.000000000e0,0.000000000e0,1.276346207e0,5.015058517e0,-1.450891852e0
test,386,NC=Nc1nccnn1,4.457224846e0,0.000000000e0,0.000000000e0,1.276346207e0,4.457224846e0,-1.887947559e0
test,387,CC1(C2(C)CO2)CO1,9.216496468e0,0.000000000e0,0.000000000e0,1.276346207e0,9.216496468e0,1.840881944e0
test,388,COCC(O)C(=O)CO,6.264060974e0,0.000000000e0,0.000000000e0,1.276346207e0,6.264060974e0,-4.723141491e-1
test,389,C1=CC2CCOCC2C1,6.968835831e0,0.000000000e0,0.000000000e0,1.276346207e0,6.968835831e0,7.986808568e-2
test,390,COC1CCCC2CC21,8.721248627e0,0.000000000e0,0.000000000e0,1.276346207e0,8.721248627e0,1.452861547e0
test,391,C1=NC2CCC=C2CO1,6.751144886e0,0.000000000e0,0.000000000e0,1.276346207e0,6.751144886e0,-9.069003910e-2
test,392,Cc1cnoc(=O)c1F,5.085808277e0,0.000000000e0,0.000000000e0,1.276346207e0,5.085808277e0,-1.395460367e0
test,393,C1CC2OC3C(CC23)O1,8.136203766e0,0.000000000e0,0.000000000e0,1.276346207e0,8.136203766e0,9.944862127e-1
test,394,O=CC(O)c1cn[nH]n1,5.923918724e0,0.000000000e0,0.000000000e0,1.276346207e0,5.923918724e0,-7.388113141e-1
test,395,CCC1C2OC2C12CO2,8.819210052e0,0.000000000e0,0.000000000e0,1.276346207e0,8.819210052e0,1.529613018e0
test,396,C#CCC(C)(O)C(C)=O,6.187869072e0,0.000000000e0,0.000000000e0,1.276346207e0,6.187869072e0,-5.320095420e-1
test,397,OCC1CCCCCO1,8.960708618e0,0.000000000e0,0.000000000e0,1.276346207e0,8.960708618e0,1.640475392e0
test,398,O=CNCC1C2CC1C2,7.695379734e0,0.000000000e0,0.000000000e0,1.276346207e0,7.695379734e0,6.491060853e-1
test,399,Cc1ccc(C)c(F)n1,5.951130390e0,0.000000000e0,0.000000000e0,1.276346207e0,5.951130390e0,-7.174913287e-1
test,400,CC1OCCCC1CO,8.590634346e0,0.000000000e0,0.000000000e0,1.276346207e0,8.590634346e0,1.350526810e0
test,401,C[NH+]1CC23COCC12C3,7.687216282e0,0.000000000e0,0.000000000e0,1.276346207e0,7.687216282e0,6.427101493e-1
test,402,CC1CC(=O)C2C1[NH+]2C,5.608266830e0,0.000000000e0,0.000000000e0,1.276346207e0,5.608266830e0,-9.861206412e-1
test,403,O=C1C=CC=CC=CN1,4.538859367e0,0.000000000e0,0.000000000e0,1.276346207e0,4.538859367e0,-1.823987961e0
test,404,CC1=CC2(CN2)COC1,6.438213825e0,0.000000000e0,0.000000000e0,1.276346207e0,6.438213825e0,-3.358675838e-1
test,405,COC1C2OC3C2C13C,8.250492096e0,0.000000000e0,0.000000000e0,1.276346207e0,8.250492096e0,1.084029675e0
test,406,CC12CC(=O)CCC1N2,6.016437531e0,0.000000000e0,0.000000000e0,1.276346207e0,6.016437531e0,-6.663240194e-1
test,407,O=c1[nH]c2cn[nH]c2[nH]1,5.923918724e0,0.000000000e0,0.000000000e0,1.276346207e0,5.923918724e0,-7.388113141e-1
test,408,O=C1CC2(COC2)O1,7.289929867e0,0.000000000e0,0.000000000e0,1.276346207e0,7.289929867e0,3.314412236e-1
test,409,O=C1C=CCC2CC2C1,5.113019466e0,0.000000000e0,0.000000000e0,1.276346207e0,5.113019466e0,-1.374140739e0
test,410,CCC(=O)CCOC=O,6.375627518e0,0.000000000e0,0.000000000e0,1.276346207e0,6.375627518e0,-3.849031627e-1
test,411,CC(=O)C(C)(CO)CO,6.296714783e0,0.000000000e0,0.000000000e0,1.276346207e0,6.296714783e0,-4.467303157e-1
test,412,N#CCC1C(=O)C2OC12,5.815073013e0,0.000000000e0,0.000000000e0,1.276346207e0,5.815073013e0,-8.240906000e-1
test,413,CC12C(O)C3C4C1C2[NH+]34,7.923955917e0,0.000000000e0,0.000000000e0,1.276346207e0,7.923955917e0,8.281926513e-1
test,414,Cc1nc(=O)nc(O)o1,5.942966461e0,0.000000000e0,0.000000000e0,1.276346207e0,5.942966461e0,-7.238876820e-1
test,415,Oc1ccccn1,5.804188728e0,0.000000000e0,0.000000000e0,1.276346207e0,5.804188728e0,-8.326182961e-1
test,416,Nc1nc(=O)nc(O)o1,6.411002159e0,0.000000000e0,0.000000000e0,1.276346207e0,6.411002159e0,-3.571875989e-1
test,417,C#CC(C)(C)C(C)=O,6.212359428e0,0.000000000e0,0.000000000e0,1.276346207e0,6.212359428e0,-5.128216743e-1
test,418,CC1(C2COC2[NH-])CC1,7.861369133e0,0.000000000e0,0.000000000e0,1.276346207e0,7.861369133e0,7.791566849e-1
test,419,OCC1(O)CC1C1CC1,8.013752937e0,0.000000000e0,0.000000000e0,1.276346207e0,8.013752937e0,8.985475302e-1
test,420,CC12CCCCC1C2O,8.304915428e0,0.000000000e0,0.000000000e0,1.276346207e0,8.304915428e0,1.126669645e0
test,421,CC12CC3C(C1)C3O2,8.549818039e0,0.000000000e0,0.000000000e0,1.276346207e0,8.549818039e0,1.318547726e0
test,422,CC12OC3C(C1O)C32C,7.869533062e0,0.000000000e0,0.000000000e0,1.276346207e0,7.869533062e0,7.855530381e-1
test,423,O=CCC1OCC12CC2,6.046370029e0,0.000000000e0,0.000000000e0,1.276346207e0,6.046370029e0,-6.428722739e-1
test,424,C[NH+]1CC1C(=O)N1CC1,6.027321815e0,0.000000000e0,0.000000000e0,1.276346207e0,6.027321815e0,-6.577963233e-1
test,425,NC(=O)CC#CC=O,5.570170403e0,0.000000000e0,0.000000000e0,1.276346207e0,5.570170403e0,-1.015968680e0
test,426,CC1=C(NO)CC(=O)[CH-]1,4.756549835e0,0.000000000e0,0.000000000e0,1.276346207e0,4.756549835e0,-1.653430223e0
test,427,[NH-][CH+]Oc1n[nH]nc1N,5.624593258e0,0.000000000e0,0.000000000e0,1.276346207e0,5.624593258e0,-9.733290672e-1
test,428,Oc1cnc2n1[CH+]N=[NH+]2,5.513026714e0,0.000000000e0,0.000000000e0,1.276346207e0,5.513026714e0,-1.060740113e0
test,429,C#CC1CC=CC2C[NH+]12,6.313041210e0,0.000000000e0,0.000000000e0,1.276346207e0,6.313041210e0,-4.339387715e-1
test,430,Cc1n[nH]c(=O)c(F)n1,4.873559475e0,0.000000000e0,0.000000000e0,1.276346207e0,4.873559475e0,-1.561754584e0
test,431,[NH-]C1=NC(F)=CC(N)O1,5.061317921e0,0.000000000e0,0.000000000e0,1.276346207e0,5.061317921e0,-1.414648175e0
test,432,C#CC#CC(O)C(C)=O,5.534795761e0,0.000000000e0,0.000000000e0,1.276346207e0,5.534795761e0,-1.043684244e0
test,433,Cc1ccnc(F)c1,6.261340141e0,0.000000000e0,0.000000000e0,1.276346207e0,6.261340141e0,-4.744459093e-1
test,434,C#CCCOCCOC,8.408317566e0,0.000000000e0,0.000000000e0,1.276346207e0,8.408317566e0,1.207683921e0
test,435,C1OC2CC3(COC23)O1,7.567486763e0,0.000000000e0,0.000000000e0,1.276346207e0,7.567486763e0,5.489035845e-1
test,436,C[NH2+][CH+]Oc1cn[nH]n1,6.179705620e0,0.000000000e0,0.000000000e0,1.276346207e0,6.179705620e0,-5.384055376e-1
test,437,N#CC1CCC12CO2,8.106271744e0,0.000000000e0,0.000000000e0,1.276346207e0,8.106271744e0,9.710348248e-1
test,438,COC1CCCC(O)C1,8.794719696e0,0.000000000e0,0.000000000e0,1.276346207e0,8.794719696e0,1.510425091e0
test,439,[H]N=C(C#N)NC(C)CC,5.687179565e0,0.000000000e0,0.000000000e0,1.276346207e0,5.687179565e0,-9.242935181e-1
test,440,COC(=O)CCNC=O,7.295372486e0,0.000000000e0,0.000000000e0,1.276346207e0,7.295372486e0,3.357054591e-1
test,441,O=C1Cn2cccc2O1,5.156557560e0,0.000000000e0,0.000000000e0,1.276346207e0,5.156557560e0,-1.340029120e0
test,442,CC12CC3C1CC3(C)O2,8.982478142e0,0.000000000e0,0.000000000e0,1.276346207e0,8.982478142e0,1.657531500e0
test,443,CC1=CC2(C)C[NH+]3C1C32,6.310320377e0,0.000000000e0,0.000000000e0,1.276346207e0,6.310320377e0,-4.360705018e-1
test,444,O=CC12C3OC1C2C3O,5.910312653e0,0.000000000e0,0.000000000e0,1.276346207e0,5.910312653e0,-7.494715452e-1
test,445,CC12CC3(CC3)C1O2,9.017853737e0,0.000000000e0,0.000000000e0,1.276346207e0,9.017853737e0,1.685247898e0
test,446,CC(=O)C(C#N)O[CH+][NH-],6.054533005e0,0.000000000e0,0.000000000e0,1.276346207e0,6.054533005e0,-6.364766955e-1
test,447,OCC12C3OC1C2C3O,7.796061993e0,0.000000000e0,0.000000000e0,1.276346207e0,7.796061993e0,7.279893756e-1
test,448,CC1(C2CC2)CC1C=O,6.114398479e0,0.000000000e0,0.000000000e0,1.276346207e0,6.114398479e0,-5.895728469e-1
test,449,C1CC23C1C1C2C2C3[NH+]12,8.021917343e0,0.000000000e0,0.000000000e0,1.276346207e0,8.021917343e0,9.049442410e-1
test,450,CCc1ccc(F)nc1,5.972899437e0,0.000000000e0,0.000000000e0,1.276346207e0,5.972899437e0,-7.004355788e-1
test,451,CCC12OC3(C)CC1C32,8.498115540e0,0.000000000e0,0.000000000e0,1.276346207e0,8.498115540e0,1.278039575e0
test,452,COC1OCC2NC21C,8.427366257e0,0.000000000e0,0.000000000e0,1.276346207e0,8.427366257e0,1.222608328e0
test,453,C1CC23C4CC12C1C4C13,7.774292946e0,0.000000000e0,0.000000000e0,1.276346207e0,7.774292946e0,7.109336257e-1
test,454,C[NH+]1C2CC(C)(CO)C21,7.828715801e0,0.000000000e0,0.000000000e0,1.276346207e0,7.828715801e0,7.535732388e-1
test,455,CCCC(=O)C(C)C=O,5.447719574e0,0.000000000e0,0.000000000e0,1.276346207e0,5.447719574e0,-1.111907363e0
test,456,[NH-][CH+]OC1CC12COC2,7.170200348e0,0.000000000e0,0.000000000e0,1.276346207e0,7.170200348e0,2.376346588e-1
test,457,O=c1ccnc2n1CC2,5.491257668e0,0.000000000e0,0.000000000e0,1.276346207e0,5.491257668e0,-1.077795863e0
test,458,CC1(C)C2(O)CC1(O)C2,8.449134827e0,0.000000000e0,0.000000000e0,1.276346207e0,8.449134827e0,1.239663720e0
test,459,OCC12OC3CC1C2C3,8.781113625e0,0.000000000e0,0.000000000e0,1.276346207e0,8.781113625e0,1.499764919e0
test,460,CC(C)CCC#CC#N,6.688558578e0,0.000000000e0,0.000000000e0,1.276346207e0,6.688558578e0,-1.397256255e-1
test,461,C#CC(O[CH+][NH-])C(C)=O,5.994668484e0,0.000000000e0,0.000000000e0,1.276346207e0,5.994668484e0,-6.833797693e-1
test,462,OCC#CC(CO)CO,7.510342121e0,0.000000000e0,0.000000000e0,1.276346207e0,7.510342121e0,5.041314363e-1
test,463,CC12OC3CC1C2CO3,8.492672920e0,0.000000000e0,0.000000000e0,1.276346207e0,8.492672920e0,1.273775339e0
test,464,[NH-]C1OCC12C1CC[NH+]12,6.957951069e0,0.000000000e0,0.000000000e0,1.276346207e0,6.957951069e0,7.134000957e-2
test,465,ONC1CCCCC1O,6.832778931e0,0.000000000e0,0.000000000e0,1.276346207e0,6.832778931e0,-2.673078887e-2
test,466,CC12C(O)C1[NH+]1CC12,7.605582714e0,0.000000000e0,0.000000000e0,1.276346207e0,7.605582714e0,5.787512660e-1
test,467,CC1=CC(O)C[NH+]2CC12,6.302156925e0,0.000000000e0,0.000000000e0,1.276346207e0,6.302156925e0,-4.424664676e-1
test,468,CC(OC=O)C(N)=O,7.107614040e0,0.000000000e0,0.000000000e0,1.276346207e0,7.107614040e0,1.885990649e-1
test,469,OCC1C=CCCC=C1,6.783798695e0,0.000000000e0,0.000000000e0,1.276346207e0,6.783798695e0,-6.510619074e-2
test,470,N#CCC1OCC12CC2,7.981099606e0,0.000000000e0,0.000000000e0,1.276346207e0,7.981099606e0,8.729640245e-1
test,471,CC1=CC([NH-])OCC=C1,4.756549835e0,0.000000000e0,0.000000000e0,1.276346207e0,4.756549835e0,-1.653430223e0
test,472,CC1=CC2NC3C1OC23,6.266781807e0,0.000000000e0,0.000000000e0,1.276346207e0,6.266781807e0,-4.701824188e-1
test,473,Cc1nc(=O)c(F)no1,5.232749462e0,0.000000000e0,0.000000000e0,1.276346207e0,5.232749462e0,-1.280333757e0
test,474,Oc1cncc(O)c1,5.575613022e0,0.000000000e0,0.000000000e0,1.276346207e0,5.575613022e0,-1.011704445e0
test,475,N#CC12C=CCC[NH+]1C2,6.337531567e0,0.000000000e0,0.000000000e0,1.276346207e0,6.337531567e0,-4.147508740e-1
test,476,COCC(N)(C#N)C#N,7.015095711e0,0.000000000e0,0.000000000e0,1.276346207e0,7.015095711e0,1.161121204e-1
test,477,CC1(CCC2CO2)CO1,9.592013359e0,0.000000000e0,0.000000000e0,1.276346207e0,9.592013359e0,2.135094643e0
test,478,CCC(C)C(C)CC=O,6.236849785e0,0.000000000e0,0.000000000e0,1.276346207e0,6.236849785e0,-4.936337769e-1
test,479,CC12COC(C=O)C1N2,6.000110626e0,0.000000000e0,0.000000000e0,1.276346207e0,6.000110626e0,-6.791159511e-1
test,480,CCc1cncc(N)c1,5.379690647e0,0.000000000e0,0.000000000e0,1.276346207e0,5.379690647e0,-1.165207148e0
test,481,CC12CC3(O)C1C3(C)O2,7.687216282e0,0.000000000e0,0.000000000e0,1.276346207e0,7.687216282e0,6.427101493e-1
test,482,CC12C(CO)C3OC1C32,7.853205681e0,0.000000000e0,0.000000000e0,1.276346207e0,7.853205681e0,7.727607489e-1
test,483,CC1CC2(C3CN3)OC12,8.571586609e0,0.000000000e0,0.000000000e0,1.276346207e0,8.571586609e0,1.335603237e0
test,484,CC1C2C3C2[NH+]2C3C12C,7.991984367e0,0.000000000e0,0.000000000e0,1.276346207e0,7.991984367e0,8.814920783e-1
test,485,CCC12OC1CC2=O,5.877659321e0,0.000000000e0,0.000000000e0,1.276346207e0,5.877659321e0,-7.750549912e-1
test,486,Cn1ccc(F)nc1=O,5.230028629e0,0.000000000e0,0.000000000e0,1.276346207e0,5.230028629e0,-1.282465458e0
test,487,CC1=CC=CCOC1,5.113019466e0,0.000000000e0,0.000000000e0,1.276346207e0,5.113019466e0,-1.374140739e0
test,488,CC[NH+]1C2CC1(C#N)C2,6.669510841e0,0.000000000e0,0.000000000e0,1.276346207e0,6.669510841e0,-1.546492875e-1
test,489,COCCC(O)C(C)C,8.577029228e0,0.000000000e0,0.000000000e0,1.276346207e0,8.577029228e0,1.339867353e0
test,490,CC1OCC2NC1C2O,8.601518631e0,0.000000000e0,0.000000000e0,1.276346207e0,8.601518631e0,1.359054565e0
test,491,CC1OC1C1(CO)CO1,9.072276115e0,0.000000000e0,0.000000000e0,1.276346207e0,9.072276115e0,1.727887154e0
test,492,O=CCC12CC(O)(C1)C2,6.138888836e0,0.000000000e0,0.000000000e0,1.276346207e0,6.138888836e0,-5.703849792e-1
test,493,CC12CC3C(=O)OC1C32,7.347074509e0,0.000000000e0,0.000000000e0,1.276346207e0,7.347074509e0,3.762133420e-1
test,494,O=C1NCC(C2CN2)N1,8.190627098e0,0.000000000e0,0.000000000e0,1.276346207e0,8.190627098e0,1.037126184e0
test,495,CCOc1nccnn1,4.522532463e0,0.000000000e0,0.000000000e0,1.276346207e0,4.522532463e0,-1.836779833e0
test,496,CNc1cncc(O)c1,5.240912914e0,0.000000000e0,0.000000000e0,1.276346207e0,5.240912914e0,-1.273937821e0
test,497,CC1CCC(CO)OC1,8.955266953e0,0.000000000e0,0.000000000e0,1.276346207e0,8.955266953e0,1.636211872e0
test,498,C#CC1C=CCOC=N1,6.225965023e0,0.000000000e0,0.000000000e0,1.276346207e0,6.225965023e0,-5.021618605e-1
test,499,Nc1cc2n(n1)CCC2,6.291272163e0,0.000000000e0,0.000000000e0,1.276346207e0,6.291272163e0,-4.509945214e-1
