split,record_index,canonical_smiles,y_clean_raw,epsilon_raw,noise_scale_raw,noise_pattern_raw,y_noisy_raw,y_written
train,0,COC1C(O)C1(C)OC,7.956609249e0,-1.937732399e-1,2.552692592e-1,1.276346207e0,7.762835979e0,7.019572258e-1
train,1,Cc1[nH]cnc1C1CN1,6.264060974e0,3.143287897e-1,2.552692592e-1,1.276346207e0,6.578389645e0,-2.260416001e-1
train,2,C1C2C3CC4C1C2CC34,9.679089546e0,-2.974406071e-2,2.552692592e-1,1.276346207e0,9.649345398e0,2.180013657e0
train,3,CC#CC1NCC12CO2,7.349795341e0,-2.803167403e-1,2.552692592e-1,1.276346207e0,7.069478512e0,1.587203592e-1
train,4,CC(C)C12CC=CC1N2,6.342973709e0,4.833639413e-2,2.552692592e-1,1.276346207e0,6.391310215e0,-3.726159930e-1
train,5,CC1(c2cnoc2)CC1,6.582434177e0,-4.755922556e-1,2.552692592e-1,1.276346207e0,6.106842041e0,-5.954931974e-1
train,6,C#CC1(COC)CC1,8.051848412e0,-9.082444757e-2,2.552692592e-1,1.276346207e0,7.961023808e0,8.572348952e-1
train,7,C#CCC1C2CC(O)C12,8.364779472e0,2.532011867e-1,2.552692592e-1,1.276346207e0,8.617980957e0,1.371952534e0
train,8,Cn1nccc1N1CC1,6.568828583e0,1.372884810e-1,2.552692592e-1,1.276346207e0,6.706117153e0,-1.259686947e-1
train,9,CCC1CCOC1OC,9.208333015e0,1.567321867e-1,2.552692592e-1,1.276346207e0,9.365065575e0,1.957283974e0
train,10,CC1C=CC(=O)OC1C,5.904870510e0,-3.480943292e-2,2.552692592e-1,1.276346207e0,5.870060921e0,-7.810082436e-1
train,11,[NH-]C1OCC23COC12C3,7.004210949e0,2.658202648e-1,2.552692592e-1,1.276346207e0,7.270030975e0,3.158507049e-1
train,12,COC(C=O)C(F)(F)F,6.032763958e0,1.144816801e-1,2.552692592e-1,1.276346207e0,6.147245407e0,-5.638377070e-1
train,13,CC#CC1CC1(O)C#N,6.925297737e0,-2.506107390e-1,2.552692592e-1,1.276346207e0,6.674686909e0,-1.505939066e-1
train,14,[NH-]C1N=CC=NC(=O)O1,4.680358410e0,4.153929949e-1,2.552692592e-1,1.276346207e0,5.095751286e0,-1.387670159e0
train,15,N#CC1CCC(=O)C1,6.046370029e0,2.771731615e-1,2.552692592e-1,1.276346207e0,6.323543072e0,-4.257106781e-1
train,16,CCOc1cnoc1,6.119840622e0,1.799801588e-1,2.552692592e-1,1.276346207e0,6.299820900e0,-4.442967176e-1
train,17,C[NH2+]C(C)OC(C)(C)C,7.366122246e0,4.500426352e-2,2.552692592e-1,1.276346207e0,7.411126614e0,4.263973534e-1
train,18,CC(O)C1(C)CC1CO,8.732133865e0,5.889629722e-1,2.552692592e-1,1.276346207e0,9.321096420e0,1.922834754e0
train,19,CC1C2C(=O)C[NH+]12,5.929360867e0,3.016971052e-1,2.552692592e-1,1.276346207e0,6.231058121e0,-4.981714785e-1
train,20,O=C1C2C3OCC1(O)C32,6.596040249e0,-2.591103017e-1,2.552692592e-1,1.276346207e0,6.336929798e0,-4.152223468e-1
train,21,CC1CC2C3C1CC23C,4.688521862e0,-1.788437180e-2,2.552692592e-1,1.276346207e0,4.670637608e0,-1.720741391e0
train,22,CC12OC3CCC1C32O,7.894023418e0,5.725539103e-2,2.552692592e-1,1.276346207e0,7.951278687e0,8.495997190e-1
train,23,Nc1cc(OC=O)c[nH]1,5.752487183e0,-9.715217352e-2,2.552692592e-1,1.276346207e0,5.655334949e0,-9.492433667e-1
train,24,CC1=CC(=O)OCCC1,5.970178127e0,-3.692504764e-1,2.552692592e-1,1.276346207e0,5.600927830e0,-9.918706417e-1
train,25,CCC(C(C)=O)C(C)O,6.193311214e0,-1.285416931e-1,2.552692592e-1,1.276346207e0,6.064769745e0,-6.284563541e-1
train,26,CC12CC3(O)CC1OC32,8.381106377e0,-6.180089433e-3,2.552692592e-1,1.276346207e0,8.374926567e0,1.181522489e0
train,27,C#CC1(C)CC1NC=O,6.985162735e0,1.090507209e-2,2.552692592e-1,1.276346207e0,6.996068001e0,1.012041494e-1
train,28,O1C2C3C2C2C4C1C4C32,7.815110207e0,-2.326180786e-1,2.552692592e-1,1.276346207e0,7.582492352e0,5.606602430e-1
train,29,CCCC1(C=O)CN1,6.079023361e0,1.819718778e-1,2.552692592e-1,1.276346207e0,6.260995388e0,-4.747160077e-1
train,30,COCC(C#N)NC=O,7.553880215e0,-6.223590299e-2,2.552692592e-1,1.276346207e0,7.491644382e0,4.894820154e-1
train,31,CC(OC=O)C(O)CO,7.643678188e0,1.371618807e-1,2.552692592e-1,1.276346207e0,7.780839920e0,7.160630822e-1
train,32,CC1C2OCC3C2[NH+]13,8.596076965e0,-8.273137361e-2,2.552692592e-1,1.276346207e0,8.513345718e0,1.289972186e0
train,33,Cc1n[nH]c2occc12,6.147051811e0,4.433663189e-2,2.552692592e-1,1.276346207e0,6.191388607e0,-5.292520523e-1
train,34,C[NH2+]C1OC(CO)C1C,7.523947716e0,-5.195811987e-1,2.552692592e-1,1.276346207e0,7.004366398e0,1.077058390e-1
train,35,CC12CC(C#N)=CC1N2,5.287172318e0,-1.645404845e-1,2.552692592e-1,1.276346207e0,5.122632027e0,-1.366609454e0
train,36,COC(C(C)C)C1CO1,8.977036476e0,1.044456735e-1,2.552692592e-1,1.276346207e0,9.081481934e0,1.735099792e0
train,37,CC1CC2OC([NH-])C12O,7.559322834e0,-2.928140461e-1,2.552692592e-1,1.276346207e0,7.266508579e0,3.130909503e-1
train,38,CCCC1C=CNC1=O,5.825957775e0,1.431449950e-1,2.552692592e-1,1.276346207e0,5.969102859e0,-7.034101486e-1
train,39,CC12C3C(O)C1(O)C[NH+]32,7.804225445e0,2.720244825e-1,2.552692592e-1,1.276346207e0,8.076250076e0,9.475132227e-1
train,40,N#CC1COC2C(O)C12,7.643678188e0,3.605440557e-1,2.552692592e-1,1.276346207e0,8.004221916e0,8.910800815e-1
train,41,Cc1occc(=O)c1F,5.472209930e0,3.377313614e-1,2.552692592e-1,1.276346207e0,5.809941292e0,-8.281112313e-1
train,42,N#CC1COCCN1,6.979720592e0,2.510360479e-1,2.552692592e-1,1.276346207e0,7.230756760e0,2.850798368e-1
train,43,N#CC12CC1OCCN2,7.104892731e0,3.400207460e-1,2.552692592e-1,1.276346207e0,7.444913387e0,4.528688788e-1
train,44,O=CC12COC1C2O,5.932082176e0,6.013441086e-1,2.552692592e-1,1.276346207e0,6.533426285e0,-2.612698376e-1
train,45,C#CC(O)C1C(C)C1C,7.959330082e0,-8.853577822e-2,2.552692592e-1,1.276346207e0,7.870794296e0,7.865412235e-1
train,46,CC(O)C(CO)C(C)O,8.089944839e0,3.464896381e-1,2.552692592e-1,1.276346207e0,8.436434746e0,1.229713440e0
train,47,C#CCC(C)C(C)CO,8.489952087e0,1.546154171e-1,2.552692592e-1,1.276346207e0,8.644567490e0,1.392782807e0
train,48,CC12OCC1C2C(N)=O,6.925297737e0,-5.067279339e-1,2.552692592e-1,1.276346207e0,6.418569565e0,-3.512586355e-1
train,49,NC1=NCCCC1=O,4.685800552e0,5.422971398e-2,2.552692592e-1,1.276346207e0,4.740030289e0,-1.666373014e0
train,50,CC(C#CC#N)[NH+]1CC1,5.888543606e0,3.725115657e-1,2.552692592e-1,1.276346207e0,6.261054993e0,-4.746693075e-1
train,51,O=C1CC2C3C(O)C2C13,6.141610146e0,-3.541466296e-1,2.552692592e-1,1.276346207e0,5.787463665e0,-8.457221389e-1
train,52,N#CC12CC(CCN1)C2,7.142988205e0,1.893246174e-1,2.552692592e-1,1.276346207e0,7.332312584e0,3.646475375e-1
train,53,NC1=CC(=O)C2C[NH+]2C1,5.325268269e0,-1.649071127e-1,2.552692592e-1,1.276346207e0,5.160361290e0,-1.337049007e0
train,54,CNC(C=O)(C=O)CO,5.327989578e0,1.987824589e-1,2.552692592e-1,1.276346207e0,5.526772022e0,-1.049970746e0
train,55,[NH-]C1OC2C=CC1O2,6.459982872e0,-4.880103469e-2,2.552692592e-1,1.276346207e0,6.411181927e0,-3.570467532e-1
train,56,Cc1n[nH]c(=O)[nH]1,6.590597630e0,-8.864821866e-3,2.552692592e-1,1.276346207e0,6.581732750e0,-2.234223187e-1
train,57,CC1(O)C=CC2(CN2)C1,6.563386440e0,-1.702390313e-1,2.552692592e-1,1.276346207e0,6.393147469e0,-3.711765110e-1
train,58,CC1COC(=O)OC1,8.683153152e0,5.859491974e-2,2.552692592e-1,1.276346207e0,8.741747856e0,1.468922377e0
train,59,CCCCCC,1.076754570e1,1.037953272e-1,2.552692592e-1,1.276346207e0,1.087134075e1,3.137431622e0
train,60,C#CCNc1[nH]nn[nH+]1,5.480372906e0,1.185548604e-1,2.552692592e-1,1.276346207e0,5.598927975e0,-9.934375286e-1
train,61,C#CC1NC1CC(N)=O,6.922576904e0,-2.166714333e-2,2.552692592e-1,1.276346207e0,6.900909901e0,2.664897032e-2
train,62,N#CC1(C2CCO2)CN1,7.401497364e0,-1.527657453e-2,2.552692592e-1,1.276346207e0,7.386220932e0,4.068840742e-1
train,63,Cc1c[n+]2[nH]cnc2[nH]1,6.378348827e0,-4.440772831e-1,2.552692592e-1,1.276346207e0,5.934271336e0,-7.307001948e-1
train,64,CC1(C)CCN(C=O)C1,7.249113560e0,2.282374650e-1,2.552692592e-1,1.276346207e0,7.477351189e0,4.782834649e-1
train,65,OC1CC1CCC1CC1,9.083160400e0,2.291509956e-1,2.552692592e-1,1.276346207e0,9.312311172e0,1.915951610e0
train,66,CCCC12CCC1C2C,8.805603981e0,4.464781657e-2,2.552692592e-1,1.276346207e0,8.850252151e0,1.553934097e0
train,67,CCC(C)(C#N)NC=O,7.404218197e0,3.606571555e-1,2.552692592e-1,1.276346207e0,7.764875412e0,7.035551071e-1
train,68,C#CCn1cnnn1,7.211016655e0,-2.695630789e-1,2.552692592e-1,1.276346207e0,6.941453457e0,5.841433629e-2
train,69,C#CCNC(C=O)CO,5.994668484e0,4.311745465e-1,2.552692592e-1,1.276346207e0,6.425843239e0,-3.455597758e-1
train,70,N#CC12CCC(CC1)O2,7.934839725e0,1.898147762e-1,2.552692592e-1,1.276346207e0,8.124654770e0,9.854376912e-1
train,71,OC12CC1CC1C[NH+]1C2,8.370222092e0,1.380913556e-1,2.552692592e-1,1.276346207e0,8.508313179e0,1.286029220e0
train,72,CC1OCCC(=O)C1C,6.049090862e0,7.743513584e-2,2.552692592e-1,1.276346207e0,6.126525879e0,-5.800711513e-1
train,73,N#CC#CC1(C#N)CN1,5.823236465e0,-1.705484092e-1,2.552692592e-1,1.276346207e0,5.652688026e0,-9.513171911e-1
train,74,O=C1C(=O)N2CC2C1O,4.046332836e0,-2.268007211e-2,2.552692592e-1,1.276346207e0,4.023652554e0,-2.227646112e0
train,75,CC12CC3C[NH+]3C1C2O,7.766129494e0,-2.500772290e-2,2.552692592e-1,1.276346207e0,7.741121769e0,6.849443913e-1
train,76,C[NH+]1CC1C(O)C(N)=O,6.702164173e0,1.073445529e-1,2.552692592e-1,1.276346207e0,6.809508801e0,-4.496264458e-2
train,77,CC1C2CCC(=O)C[NH+]12,5.412344456e0,-1.100975275e-1,2.552692592e-1,1.276346207e0,5.302247047e0,-1.225883245e0
train,78,CCC1C(O)C1C(C)C,8.250492096e0,-2.786730528e-1,2.552692592e-1,1.276346207e0,7.971818924e0,8.656927347e-1
train,79,CCC1C(C)C1CCO,9.094044685e0,1.405582577e-1,2.552692592e-1,1.276346207e0,9.234602928e0,1.855068088e0
train,80,CCCC1CC(=O)N1C,7.559322834e0,-3.445246816e-1,2.552692592e-1,1.276346207e0,7.214797974e0,2.725763321e-1
train,81,N#CC1(CO)C[NH+]2CC21,7.387890816e0,-1.100656912e-1,2.552692592e-1,1.276346207e0,7.277825356e0,3.219574988e-1
train,82,CC#CC(=O)NC(C)=O,5.472209930e0,-8.889897168e-2,2.552692592e-1,1.276346207e0,5.383310795e0,-1.162370801e0
train,83,O=C1C2COCC1C2O,5.972899437e0,-5.627095699e-2,2.552692592e-1,1.276346207e0,5.916628361e0,-7.445232272e-1
train,84,O=C1C(O)C2NC2C1O,5.937524319e0,-1.913010180e-1,2.552692592e-1,1.276346207e0,5.746223450e0,-8.780333400e-1
train,85,CC#CC1C=CCCO1,7.006931782e0,3.139808476e-1,2.552692592e-1,1.276346207e0,7.320912838e0,3.557159901e-1
train,86,COCC12CC(N1)C2=O,6.729375839e0,-7.930108160e-2,2.552692592e-1,1.276346207e0,6.650074959e0,-1.698770523e-1
train,87,NC(=O)OC12CCC1C2,8.364779472e0,-1.578360796e-1,2.552692592e-1,1.276346207e0,8.206943512e0,1.049909949e0
train,88,C1=CC2(CO2)C2COC12,6.536174774e0,-2.734679356e-2,2.552692592e-1,1.276346207e0,6.508828163e0,-2.805421352e-1
train,89,CC1OC(=O)NCC1O,8.049127579e0,2.345996797e-1,2.552692592e-1,1.276346207e0,8.283727646e0,1.110069275e0
train,90,O=CC(=O)C1CCC1,4.190553188e0,4.081633687e-1,2.552692592e-1,1.276346207e0,4.598716736e0,-1.777090430e0
train,91,C1CC2C3C4CC(C14)[NH+]23,8.332126617e0,-1.619266421e-1,2.552692592e-1,1.276346207e0,8.170200348e0,1.021122098e0
train,92,CCC1OC12C1CC2C1,9.491331100e0,-1.997365989e-2,2.552692592e-1,1.276346207e0,9.471357346e0,2.040562153e0
train,93,C#Cc1cc[nH]c1C#C,4.979683399e0,6.044579297e-2,2.552692592e-1,1.276346207e0,5.040129185e0,-1.431249380e0
train,94,OC1CC2CC1(O)C2O,8.419202805e0,6.016324461e-2,2.552692592e-1,1.276346207e0,8.479366302e0,1.263349771e0
train,95,CC1OC2CC(=O)C1O2,5.866774559e0,-2.271220237e-1,2.552692592e-1,1.276346207e0,5.639652729e0,-9.615301490e-1
train,96,Cc1cc(=O)cc(F)[nH]1,5.572891712e0,8.158019185e-2,2.552692592e-1,1.276346207e0,5.654471874e0,-9.499195814e-1
train,97,COCCCC1(C)CC1,9.080439568e0,-2.260420024e-1,2.552692592e-1,1.276346207e0,8.854397774e0,1.557182193e0
train,98,C1CC2CC2C2(C1)CO2,8.917170525e0,-2.722196579e-1,2.552692592e-1,1.276346207e0,8.644950867e0,1.393083096e0
train,99,O=CNC12CC1C1CC12,6.639578342e0,1.288757026e-1,2.552692592e-1,1.276346207e0,6.768454075e0,-7.712850720e-2
train,100,COC1CCOC1C,8.468183517e0,-1.417740881e-1,2.552692592e-1,1.276346207e0,8.326409340e0,1.143509865e0
train,101,CC1OCC12OCC2=O,5.801467419e0,5.622290373e-1,2.552692592e-1,1.276346207e0,6.363696575e0,-3.942509294e-1
train,102,CCC1C(O)C12CCC2,8.345731735e0,-5.088380352e-2,2.552692592e-1,1.276346207e0,8.294847488e0,1.118781567e0
train,103,CC1CN(C(N)=O)C1,7.853205681e0,-1.519525200e-1,2.552692592e-1,1.276346207e0,7.701252937e0,6.537076831e-1
train,104,C#CCN(C)C(N)=O,7.583813190e0,4.119064510e-1,2.552692592e-1,1.276346207e0,7.995719433e0,8.844184875e-1
train,105,C#CCC1OCC1O,8.070897102e0,-1.904712468e-1,2.552692592e-1,1.276346207e0,7.880425930e0,7.940874696e-1
train,106,COc1cc(C=O)co1,4.533416748e0,-2.570140958e-1,2.552692592e-1,1.276346207e0,4.276402473e0,-2.029619694e0
train,107,CC1COCC1NC=O,7.472246647e0,5.724728107e-1,2.552692592e-1,1.276346207e0,8.044719696e0,9.228096008e-1
train,108,CC1(C)CCCC1CO,9.088603020e0,3.583946228e-1,2.552692592e-1,1.276346207e0,9.446997643e0,2.021476746e0
train,109,CC1(O)CC2(O)CC1C2,8.696758270e0,2.059125155e-1,2.552692592e-1,1.276346207e0,8.902670860e0,1.595003486e0
train,110,C[NH+](C)C(C)(C#N)C=O,5.072202206e0,-4.707815126e-2,2.552692592e-1,1.276346207e0,5.025124073e0,-1.443005681e0
train,111,CC1(C)OCC1NO,6.718491554e0,-1.908980869e-2,2.552692592e-1,1.276346207e0,6.699401855e0,-1.312300563e-1
train,112,O=C1CC2(CCN1)CN2,7.270882130e0,1.033285931e-1,2.552692592e-1,1.276346207e0,7.374210835e0,3.974743187e-1
train,113,N#CC1CC(O)C1N,7.480409622e0,2.807606757e-1,2.552692592e-1,1.276346207e0,7.761170387e0,7.006522417e-1
train,114,[NH-]C1OC2C=CC1C2,6.451819897e0,1.657939702e-1,2.552692592e-1,1.276346207e0,6.617613792e0,-1.953099668e-1
train,115,CC1(O)C2C[NH+]2C12CC2,8.174300194e0,2.279223502e-1,2.552692592e-1,1.276346207e0,8.402222633e0,1.202908635e0
train,116,CCCc1nnn(C)n1,6.966114998e0,-8.486350626e-2,2.552692592e-1,1.276346207e0,6.881251335e0,1.124673150e-2
train,117,C[N+](=CN)C(C#N)C#N,3.654489040e0,-2.774090506e-2,2.552692592e-1,1.276346207e0,3.626748085e0,-2.538615704e0
train,118,OCC(O)C#CC1CO1,7.216459274e0,2.925865948e-1,2.552692592e-1,1.276346207e0,7.509046078e0,5.031160116e-1
train,119,CC1(C=O)CCO1,5.790582657e0,-5.235349759e-2,2.552692592e-1,1.276346207e0,5.738229275e0,-8.842967153e-1
train,120,CC(C#N)c1cnno1,6.400117874e0,3.663556576e-1,2.552692592e-1,1.276346207e0,6.766473770e0,-7.868004590e-2
train,121,O=CC12CC1C1COC12,5.983783722e0,1.351677179e-1,2.552692592e-1,1.276346207e0,6.118951321e0,-5.860057473e-1
train,122,CC12CC3C4OC1C4C32,8.141646385e0,-2.743288279e-1,2.552692592e-1,1.276346207e0,7.867317677e0,7.838172913e-1
train,123,Nc1cnc([N+](=O)[O-])o1,4.117082596e0,1.543383598e-1,2.552692592e-1,1.276346207e0,4.271420956e0,-2.033522606e0
train,124,O=C(CO)N1CCC1,7.295372486e0,-1.631889045e-1,2.552692592e-1,1.276346207e0,7.132183552e0,2.078489661e-1
train,125,C#CC#CC#CC=O,4.225928307e0,-3.413943946e-1,2.552692592e-1,1.276346207e0,3.884533882e0,-2.336643696e0
train,126,C1=Cc2c[nH]cc2C1,5.455882549e0,-2.266372591e-1,2.552692592e-1,1.276346207e0,5.229245186e0,-1.283079386e0
train,127,CC(C)(C=O)CO[CH+][NH-],6.253176689e0,-5.031812470e-4,2.552692592e-1,1.276346207e0,6.252673626e0,-4.812360108e-1
train,128,C[NH2+]C(C=O)OC(C)=O,4.742944717e0,-1.054323539e-1,2.552692592e-1,1.276346207e0,4.637512207e0,-1.746694684e0
train,129,C[NH2+]C(OC=O)C(N)=O,5.243634224e0,9.956524521e-2,2.552692592e-1,1.276346207e0,5.343199253e0,-1.193797708e0
train,130,C#CC1C(O)C(O)C1O,7.480409622e0,1.382886320e-1,2.552692592e-1,1.276346207e0,7.618698120e0,5.890270472e-1
train,131,C[NH2+]C1CCC(OC)O1,7.502179146e0,2.776319087e-1,2.552692592e-1,1.276346207e0,7.779810905e0,7.152568698e-1
train,132,CC1C2C3C(O)C3C12O,7.406939030e0,9.725703299e-2,2.552692592e-1,1.276346207e0,7.504196167e0,4.993161857e-1
train,133,C#CCC1OCC1(C)C,8.098108292e0,-1.454739720e-1,2.552692592e-1,1.276346207e0,7.952634335e0,8.506618738e-1
train,134,CC12OC1CC21CCC1,8.743018150e0,1.770295501e-1,2.552692592e-1,1.276346207e0,8.920047760e0,1.608618140e0
train,135,C#CCn1cncn1,7.382448673e0,5.220534205e-1,2.552692592e-1,1.276346207e0,7.904501915e0,8.129507303e-1
train,136,N#CC1CC(CO)C1O,7.864090443e0,-3.260896504e-1,2.552692592e-1,1.276346207e0,7.538000584e0,5.258015394e-1
train,137,C#CCc1ccc(C)o1,6.204195976e0,2.239321321e-1,2.552692592e-1,1.276346207e0,6.428128242e0,-3.437695205e-1
train,138,N#CC12CCC1CC2,8.274982452e0,-2.649191320e-1,2.552692592e-1,1.276346207e0,8.010063171e0,8.956566453e-1
train,139,CC1C2OC3C(O2)C13,8.971593857e0,2.169640362e-2,2.552692592e-1,1.276346207e0,8.993289948e0,1.666002393e0
train,140,[NH-]C1CCC2OC2CO1,7.455919266e0,1.585177481e-1,2.552692592e-1,1.276346207e0,7.614437103e0,5.856885910e-1
train,141,C#CC[NH2+][CH+]OC,7.344352722e0,8.888724446e-2,2.552692592e-1,1.276346207e0,7.433239937e0,4.437228739e-1
train,142,[NH-]C1OC2C3C2C2C3[NH+]12,7.474967480e0,-3.183749318e-1,2.552692592e-1,1.276346207e0,7.156592369e0,2.269729674e-1
train,143,CCC1(O)C(C)C1C#N,7.978377819e0,6.689347625e-1,2.552692592e-1,1.276346207e0,8.647312164e0,1.394933224e0
train,144,CC1=CC(C)(C)C2OC12,6.650462627e0,3.010865748e-1,2.552692592e-1,1.276346207e0,6.951549053e0,6.632410735e-2
train,145,c1nn[nH]c1C1COC1,6.805567265e0,-3.366599679e-1,2.552692592e-1,1.276346207e0,6.468907356e0,-3.118195832e-1
train,146,C#CC(=O)CC1C[NH+]1C,4.506205559e0,-7.341961563e-2,2.552692592e-1,1.276346207e0,4.432785988e0,-1.907095075e0
train,147,CN=CN1CCOC1=O,6.568828583e0,-1.653444320e-1,2.552692592e-1,1.276346207e0,6.403484344e0,-3.630777001e-1
train,148,C[NH+]1CC1CCC1CO1,8.362058640e0,-1.100160554e-2,2.552692592e-1,1.276346207e0,8.351057053e0,1.162821054e0
train,149,CC1COC2(CO)CC12,8.658662796e0,5.492895469e-2,2.552692592e-1,1.276346207e0,8.713591576e0,1.446862340e0
train,150,CCNC(N)=O,8.231444359e0,3.486164212e-1,2.552692592e-1,1.276346207e0,8.580060959e0,1.342242718e0
train,151,C#CC#CC(=O)C1CC1,4.966077805e0,2.261374742e-1,2.552692592e-1,1.276346207e0,5.192215443e0,-1.312091708e0
train,152,[NH-]C1NCCC(=O)C1=O,3.757892370e0,1.585712074e-3,2.552692592e-1,1.276346207e0,3.759478092e0,-2.434623480e0
train,153,CCC1OC2(C)C(O)C12,8.160694122e0,-1.559134871e-1,2.552692592e-1,1.276346207e0,8.004780769e0,8.915179372e-1
train,154,C1#CCCOCCCC1,7.624630451e0,1.174707562e-1,2.552692592e-1,1.276346207e0,7.742101192e0,6.857118011e-1
train,155,C#CC#CCC(=O)CC,6.030043125e0,-2.544777393e-1,2.552692592e-1,1.276346207e0,5.775565147e0,-8.550444841e-1
train,156,C#CC12CC3C(C1)[NH+]3C2,7.817831039e0,-1.905132681e-1,2.552692592e-1,1.276346207e0,7.627317905e0,5.957804918e-1
train,157,CC12C3C4C1C4(CO)C32,7.828715801e0,5.249588490e-1,2.552692592e-1,1.276346207e0,8.353674889e0,1.164872050e0
train,158,C#CC1CC=CC12CN2,6.655904770e0,-3.628648520e-1,2.552692592e-1,1.276346207e0,6.293039799e0,-4.496096075e-1
train,159,O=c1cc(O)occ1O,5.608266830e0,-2.741446346e-2,2.552692592e-1,1.276346207e0,5.580852509e0,-1.007599354e0
train,160,C[NH+]1C(C#N)C1C1CO1,7.085844994e0,2.127291560e-1,2.552692592e-1,1.276346207e0,7.298573971e0,3.382137716e-1
train,161,CC(C(O)C=O)[NH+]1CC1,5.757929325e0,-3.016390502e-1,2.552692592e-1,1.276346207e0,5.456290245e0,-1.105192423e0
train,162,OCC12[NH2+][CH+]NC1C2O,6.201474667e0,1.112545356e-1,2.552692592e-1,1.276346207e0,6.312729359e0,-4.341830909e-1
train,163,CC1C(C)C1C(C)(C)C,8.781113625e0,-1.020214558e-1,2.552692592e-1,1.276346207e0,8.679092407e0,1.419832587e0
train,164,CC1OC2C=CC1C2,6.628693581e0,-4.804131091e-1,2.552692592e-1,1.276346207e0,6.148280621e0,-5.630266070e-1
train,165,CC(C)(C)C1C2CC[NH+]21,8.030079842e0,2.198578715e-1,2.552692592e-1,1.276346207e0,8.249938011e0,1.083595514e0
train,166,CC1(C2CO2)CCC1,9.458678246e0,-2.021330148e-1,2.552692592e-1,1.276346207e0,9.256545067e0,1.872259498e0
train,167,O=CC12CC3C1C1C2[NH+]31,5.717112064e0,-1.393308211e-2,2.552692592e-1,1.276346207e0,5.703178883e0,-9.117582440e-1
train,168,OCC1COCC12CC2,8.699480057e0,-4.222133756e-1,2.552692592e-1,1.276346207e0,8.277266502e0,1.105007052e0
train,169,CNC(=O)C(N)CC#N,7.240949631e0,-7.119296491e-2,2.552692592e-1,1.276346207e0,7.169756889e0,2.372872084e-1
train,170,CCNC1C(=O)OC1C,6.517127037e0,1.143852398e-1,2.552692592e-1,1.276346207e0,6.631512165e0,-1.844207644e-1
train,171,C#CC1(C)CN(C)C1=O,7.208295822e0,3.249569982e-2,2.552692592e-1,1.276346207e0,7.240791321e0,2.929417789e-1
train,172,c1cn2c(n1)C1OC1C2,6.280387878e0,-4.994176030e-1,2.552692592e-1,1.276346207e0,5.780970097e0,-8.508098125e-1
train,173,CC(=O)C1=CCC(=O)N1,4.457224846e0,-2.717147171e-1,2.552692592e-1,1.276346207e0,4.185510159e0,-2.100832701e0
train,174,CC12CCOC1C1CC12,8.770229340e0,-4.102403820e-1,2.552692592e-1,1.276346207e0,8.359989166e0,1.169819236e0
train,175,[NH-]C1C=CC2CC(C2)O1,5.461325169e0,7.401520014e-2,2.552692592e-1,1.276346207e0,5.535340309e0,-1.043257594e0
train,176,Cc1cc(N(C)C)c[nH]1,5.956572056e0,-1.541124284e-1,2.552692592e-1,1.276346207e0,5.802459717e0,-8.339729309e-1
train,177,C#CCOC(=O)CO,7.679053307e0,-2.037761267e-3,2.552692592e-1,1.276346207e0,7.677015781e0,6.347181797e-1
train,178,CC1(CO)CC2CC2C1,9.031458855e0,1.478879750e-1,2.552692592e-1,1.276346207e0,9.179347038e0,1.811775804e0
train,179,CCC1(OC(C)=O)CC1,7.521226883e0,8.030501008e-2,2.552692592e-1,1.276346207e0,7.601531982e0,5.755775571e-1
train,180,N#CC(C#N)C(O)C[NH3+],4.024563789e0,3.189170063e-1,2.552692592e-1,1.276346207e0,4.343480587e0,-1.977064729e0
train,181,CC1C2NC2(C)C1(C)O,8.060012817e0,-4.185999930e-1,2.552692592e-1,1.276346207e0,7.641412735e0,6.068236232e-1
train,182,CC(O)C1=NCCO1,7.450477123e0,1.557636857e-1,2.552692592e-1,1.276346207e0,7.606240749e0,5.792668462e-1
train,183,CCN(C)c1c[nH]nn1,5.357921600e0,1.079730466e-1,2.552692592e-1,1.276346207e0,5.465894699e0,-1.097667456e0
train,184,Cc1c(C=O)ccn1C,5.308941364e0,1.269979030e-1,2.552692592e-1,1.276346207e0,5.435939312e0,-1.121137023e0
train,185,CC12CC1C1OCC12,8.421924591e0,-5.479068682e-2,2.552692592e-1,1.276346207e0,8.367134094e0,1.175417185e0
train,186,CCC1OC1(C=O)C=O,5.322546959e0,2.874512784e-2,2.552692592e-1,1.276346207e0,5.351292133e0,-1.187457085e0
train,187,[NH-]C1NC(=O)NCC1O,6.857269287e0,7.979408652e-2,2.552692592e-1,1.276346207e0,6.937063217e0,5.497464165e-2
train,188,C#CC(O)c1nnon1,5.847726822e0,3.829614073e-2,2.552692592e-1,1.276346207e0,5.886023045e0,-7.685021162e-1
train,189,COC(=O)C1C(C)C1C,7.553880215e0,-1.854405552e-1,2.552692592e-1,1.276346207e0,7.368439674e0,3.929526806e-1
train,190,OC1C2CCOC1OC2,8.653220177e0,1.958331168e-1,2.552692592e-1,1.276346207e0,8.849053383e0,1.552994967e0
train,191,CCO[CH+][NH2+]C(C)C,7.387890816e0,3.686569631e-1,2.552692592e-1,1.276346207e0,7.756547928e0,6.970306039e-1
train,192,CC#CC1CC1(C)C,7.627351284e0,3.783304691e-1,2.552692592e-1,1.276346207e0,8.005681992e0,8.922240138e-1
train,193,CCNc1nc(N)no1,6.606924534e0,-3.416471481e-1,2.552692592e-1,1.276346207e0,6.265277386e0,-4.713611305e-1
train,194,CC1[NH2+]C2OCC2C1=O,5.662689686e0,7.074016333e-2,2.552692592e-1,1.276346207e0,5.733429909e0,-8.880569339e-1
train,195,CC1(O)C2NC13CNC23,7.102171898e0,-8.662740141e-2,2.552692592e-1,1.276346207e0,7.015544415e0,1.164636686e-1
train,196,Cc1n[nH]c(CC#N)n1,7.183805943e0,-1.273779869e-1,2.552692592e-1,1.276346207e0,7.056427956e0,1.484954059e-1
train,197,C[NH2+]C(C=O)C(=O)C=O,3.458567381e0,-8.436303586e-2,2.552692592e-1,1.276346207e0,3.374204397e0,-2.736480474e0
train,198,O=CC1OC12C1CC2C1,5.994668484e0,2.922509611e-1,2.552692592e-1,1.276346207e0,6.286919594e0,-4.544047117e-1
train,199,CC12CC(C=O)=CC1O2,5.036827564e0,-8.130791038e-2,2.552692592e-1,1.276346207e0,4.955519676e0,-1.497539878e0
train,200,CC1CC2(O)CCOC12,8.430087090e0,5.441614613e-2,2.552692592e-1,1.276346207e0,8.484502792e0,1.267374158e0
train,201,C1CC2(CO2)C1[NH+]1CC1,8.220560074e0,-1.080010831e-1,2.552692592e-1,1.276346207e0,8.112559319e0,9.759610891e-1
train,202,O=C1C(CO)C2OCC12,5.785140514e0,-2.517232895e-1,2.552692592e-1,1.276346207e0,5.533417225e0,-1.044764400e0
train,203,N#CC1(CCO)CNC1,7.300814629e0,-3.980560601e-2,2.552692592e-1,1.276346207e0,7.261009216e0,3.087822497e-1
train,204,O=CNC1CC(CO)C1,7.605582714e0,3.097164631e-1,2.552692592e-1,1.276346207e0,7.915299416e0,8.214104176e-1
train,205,CCNC(=O)C1CC1C,7.442313671e0,-3.127155006e-1,2.552692592e-1,1.276346207e0,7.129598141e0,2.058233321e-1
train,206,O=CCn1ccnc1O,4.680358410e0,2.137387842e-1,2.552692592e-1,1.276346207e0,4.894097328e0,-1.545663476e0
train,207,C#CC(C)(O)C1COC1,7.499457359e0,2.086659521e-1,2.552692592e-1,1.276346207e0,7.708123207e0,6.590904593e-1
train,208,O=C(CO)C1(O)COC1,6.206917286e0,-6.662277877e-2,2.552692592e-1,1.276346207e0,6.140294552e0,-5.692836046e-1
train,209,COC(C=O)CC1CO1,5.793303967e0,1.741410494e-1,2.552692592e-1,1.276346207e0,5.967444897e0,-7.047091126e-1
train,210,CC1C2C(=O)C1(C)C2C,6.694001198e0,-4.582349956e-1,2.552692592e-1,1.276346207e0,6.235766411e0,-4.944826066e-1
train,211,CC1C(O)C1(O)C(N)=O,7.317142010e0,-5.467469245e-2,2.552692592e-1,1.276346207e0,7.262467384e0,3.099247217e-1
train,212,N#CCN1CC(O)C1=O,6.990605354e0,4.965363145e-1,2.552692592e-1,1.276346207e0,7.487141609e0,4.859541357e-1
train,213,CC1CC12CC=CCC2,7.308978081e0,-1.396584511e-1,2.552692592e-1,1.276346207e0,7.169319630e0,2.369446158e-1
train,214,CCN(C)C(=O)N1CC1,7.464083195e0,8.916870505e-2,2.552692592e-1,1.276346207e0,7.553251743e0,5.377506018e-1
train,215,CCOCC1CN1C=O,7.074960232e0,1.428631991e-1,2.552692592e-1,1.276346207e0,7.217823505e0,2.749468088e-1
train,216,[NH-]C1NC23CCC2OC13,6.582434177e0,-2.546480596e-1,2.552692592e-1,1.276346207e0,6.327785969e0,-4.223864377e-1
train,217,CC1C=C2COC2C1=O,5.798746109e0,-2.994993925e-1,2.552692592e-1,1.276346207e0,5.499246597e0,-1.071536660e0
train,218,CC12CC(C=O)C[NH+]1C2,5.782419682e0,4.846727103e-2,2.552692592e-1,1.276346207e0,5.830886841e0,-8.117006421e-1
train,219,CCC1(OC)CC1,8.987920761e0,3.209040165e-1,2.552692592e-1,1.276346207e0,9.308824539e0,1.913219810e0
train,220,COCCn1ccnc1,6.889922619e0,-3.154628575e-1,2.552692592e-1,1.276346207e0,6.574459553e0,-2.291207761e-1
train,221,O=Cc1nc[nH]c(=O)n1,4.405523300e0,-2.473226488e-1,2.552692592e-1,1.276346207e0,4.158200741e0,-2.122229099e0
train,222,C1CC23COCC2OC13,8.391991615e0,-2.714810967e-1,2.552692592e-1,1.276346207e0,8.120510101e0,9.821904302e-1
train,223,CC1NCCNC1=O,7.045027256e0,-1.995282061e-2,2.552692592e-1,1.276346207e0,7.025074482e0,1.239303574e-1
train,224,C1CC23COC(C2)OC13,8.987920761e0,2.368326038e-1,2.552692592e-1,1.276346207e0,9.224753380e0,1.847351193e0
train,225,COC1CCC=CC1=O,4.786482811e0,1.483561993e-1,2.552692592e-1,1.276346207e0,4.934839249e0,-1.513742685e0
train,226,OC1CC12CC1CC2O1,8.617846489e0,9.920067340e-2,2.552692592e-1,1.276346207e0,8.717046738e0,1.449569345e0
train,227,CNC(=O)C1CC1(C)O,7.455919266e0,3.759232759e-1,2.552692592e-1,1.276346207e0,7.831842422e0,7.560229301e-1
train,228,Nc1cc(F)oc(=O)n1,5.793303967e0,2.249988765e-1,2.552692592e-1,1.276346207e0,6.018302917e0,-6.648625135e-1
train,229,O=CC1OC12COC2,5.869495869e0,-5.770188197e-2,2.552692592e-1,1.276346207e0,5.811793804e0,-8.266597986e-1
train,230,Cc1nc(C=O)[nH]c1C,4.764713764e0,3.057109937e-2,2.552692592e-1,1.276346207e0,4.795284748e0,-1.623081923e0
train,231,C1=CC2OC3CC2C1O3,6.666789532e0,7.230898738e-2,2.552692592e-1,1.276346207e0,6.739098549e0,-1.001281887e-1
train,232,Cc1cncnc1,5.711669922e0,2.421192080e-1,2.552692592e-1,1.276346207e0,5.953789234e0,-7.154081464e-1
train,233,CC(O)C1(O[CH+][NH-])CC1,7.502179146e0,7.071745396e-2,2.552692592e-1,1.276346207e0,7.572896481e0,5.531420112e-1
train,234,C#CC12COCC1C2,7.842320919e0,-4.810012411e-3,2.552692592e-1,1.276346207e0,7.837511063e0,7.604641914e-1
train,235,O=CNC1CC2CC21O,6.879037857e0,-2.690080106e-1,2.552692592e-1,1.276346207e0,6.610029697e0,-2.012520134e-1
train,236,C#CCC12C=CCC1N2,6.759308338e0,5.800551176e-1,2.552692592e-1,1.276346207e0,7.339363575e0,3.701719046e-1
train,237,CC12NC1CC(O)C2=O,5.428671360e0,-1.727257222e-1,2.552692592e-1,1.276346207e0,5.255945683e0,-1.262159824e0
train,238,N#CCC12NC1C1NC12,6.487194061e0,-2.012648880e-1,2.552692592e-1,1.276346207e0,6.285929203e0,-4.551806748e-1
train,239,CC1C(O)C2CC1(C)O2,8.204232216e0,3.530668020e-1,2.552692592e-1,1.276346207e0,8.557298660e0,1.324408770e0
train,240,CC1CC1OCC(N)=O,7.630072594e0,-4.784660041e-1,2.552692592e-1,1.276346207e0,7.151606560e0,2.230666578e-1
train,241,CCc1cc(OC)c[nH]1,6.321204662e0,-1.473527849e-1,2.552692592e-1,1.276346207e0,6.173851967e0,-5.429917574e-1
train,242,CC1CC(O)(C#N)CO1,7.630072594e0,-1.405034661e-1,2.552692592e-1,1.276346207e0,7.489569187e0,4.878561199e-1
train,243,CC1(C#N)CNC(N)[NH2+]1,7.064075947e0,2.140179276e-1,2.552692592e-1,1.276346207e0,7.278093815e0,3.221678138e-1
train,244,NC(=O)c1coc(=O)[nH]1,5.126625061e0,-3.804914951e-1,2.552692592e-1,1.276346207e0,4.746133804e0,-1.661591053e0
train,245,NC1[NH2+]CC(=O)C12CN2,5.352479935e0,4.182474688e-2,2.552692592e-1,1.276346207e0,5.394304752e0,-1.153757215e0
train,246,Nc1c[nH]c2cc[nH]c12,5.513026714e0,3.298610747e-1,2.552692592e-1,1.276346207e0,5.842887878e0,-8.022980094e-1
train,247,CC1C2OCC12CC#N,7.434150696e0,2.288726717e-1,2.552692592e-1,1.276346207e0,7.663023472e0,6.237553954e-1
train,248,CCC1C(=O)CC1C,5.967456818e0,2.877965569e-1,2.552692592e-1,1.276346207e0,6.255253315e0,-4.792148471e-1
train,249,CCC12CC[NH+]1C2C=O,5.589218616e0,-8.847898245e-2,2.552692592e-1,1.276346207e0,5.500739574e0,-1.070366859e0
train,250,NC(=O)CCOC1CC1,7.466804028e0,-2.595538795e-1,2.552692592e-1,1.276346207e0,7.207250118e0,2.666626871e-1
train,251,O=CN1CC(CO)C1=O,5.896707535e0,2.044419348e-1,2.552692592e-1,1.276346207e0,6.101149559e0,-5.999532342e-1
train,252,O=CC12C[NH+]1CC21CN1,5.230028629e0,7.002613693e-2,2.552692592e-1,1.276346207e0,5.300054550e0,-1.227601051e0
train,253,CCOC1COC1(C)C,8.726691246e0,8.015873283e-2,2.552692592e-1,1.276346207e0,8.806850433e0,1.519929409e0
train,254,COC1(C)CC(C#N)C1,7.918513298e0,2.988193631e-1,2.552692592e-1,1.276346207e0,8.217332840e0,1.058049798e0
train,255,CCCOc1cn[nH]c1,6.326647282e0,2.407070696e-1,2.552692592e-1,1.276346207e0,6.567354202e0,-2.346877307e-1
train,256,OCc1ccccc1F,6.356579781e0,-2.228639871e-1,2.552692592e-1,1.276346207e0,6.133715630e0,-5.744380951e-1
train,257,C#Cc1nc(N)n[nH]1,5.074923515e0,2.575923204e-1,2.552692592e-1,1.276346207e0,5.332515717e0,-1.202168107e0
train,258,Nc1cc(CCO)on1,6.362021923e0,-4.354494214e-1,2.552692592e-1,1.276346207e0,5.926572323e0,-7.367323041e-1
train,259,CC1COCC(C=O)O1,5.676295280e0,2.699217498e-1,2.552692592e-1,1.276346207e0,5.946217060e0,-7.213408947e-1
train,260,C#CCC1[NH2+]C2CC2O1,6.947066307e0,-4.554490149e-1,2.552692592e-1,1.276346207e0,6.491617203e0,-2.940267026e-1
train,261,[NH-][CH+]Oc1ccc(N)[nH]1,5.499421120e0,-9.809082747e-2,2.552692592e-1,1.276346207e0,5.401330471e0,-1.148252726e0
train,262,CC1CC2CC(=O)C2C1,5.864053726e0,1.394369006e-1,2.552692592e-1,1.276346207e0,6.003490448e0,-6.764678955e-1
train,263,C#CCNc1cnn[nH]1,6.277666569e0,1.243009120e-1,2.552692592e-1,1.276346207e0,6.401967525e0,-3.642660975e-1
train,264,OC1C2CC2C2COC12,8.337568283e0,-1.528408229e-1,2.552692592e-1,1.276346207e0,8.184727669e0,1.032504082e0
train,265,O=C1CC2C1C2C1CC1,6.247734070e0,1.079366803e-1,2.552692592e-1,1.276346207e0,6.355670929e0,-4.005389214e-1
train,266,O=CC1C[NH+]1C1CC1O,5.461325169e0,1.245128065e-1,2.552692592e-1,1.276346207e0,5.585837841e0,-1.003693461e0
train,267,CC1OC2(C)C(=O)CC12,5.496700287e0,2.909214497e-1,2.552692592e-1,1.276346207e0,5.787621498e0,-8.455985188e-1
train,268,CC[NH+]1C(C=O)C2CC21,5.020500660e0,-9.397628717e-3,2.552692592e-1,1.276346207e0,5.011103153e0,-1.453990817e0
train,269,[H]N=C(NC=O)OCCO,6.204195976e0,-9.018597007e-2,2.552692592e-1,1.276346207e0,6.114009857e0,-5.898773074e-1
train,270,N#CC(O)CC1CCC1,8.307636261e0,-4.672371224e-2,2.552692592e-1,1.276346207e0,8.260912895e0,1.092194200e0
train,271,CCc1nc(O)c(O)[nH]1,5.801467419e0,-2.864081562e-1,2.552692592e-1,1.276346207e0,5.515059471e0,-1.059147477e0
train,272,C#CC(=O)N1CC1C#C,5.834120750e0,4.601077437e-1,2.552692592e-1,1.276346207e0,6.294228554e0,-4.486782551e-1
train,273,N1C2C3NC2C2OC2C13,7.638236046e0,-3.791000545e-1,2.552692592e-1,1.276346207e0,7.259136200e0,3.073147833e-1
train,274,CCOC1CC(C=O)C1,6.193311214e0,7.585774362e-2,2.552692592e-1,1.276346207e0,6.269168854e0,-4.683122039e-1
train,275,CC1(C(N)=O)C2COC21,7.142988205e0,-3.872577548e-1,2.552692592e-1,1.276346207e0,6.755730629e0,-8.709716797e-2
train,276,OCC(O)C1CC(O)C1,8.555259705e0,3.164776135e-3,2.552692592e-1,1.276346207e0,8.558424950e0,1.325291157e0
train,277,Cc1occc1C1CO1,6.277666569e0,3.608554900e-1,2.552692592e-1,1.276346207e0,6.638522148e0,-1.789285392e-1
train,278,CC(C)C(=O)OCC#N,7.679053307e0,-5.711912513e-1,2.552692592e-1,1.276346207e0,7.107861996e0,1.887933314e-1
train,279,CC#CC(=O)C#CC#N,4.696685314e0,-3.956908584e-1,2.552692592e-1,1.276346207e0,4.300994396e0,-2.010352135e0
train,280,O=CC(=O)C1CC(O)C1,4.212322235e0,-3.920783997e-1,2.552692592e-1,1.276346207e0,3.820243835e0,-2.387014151e0
train,281,CNc1[cH-]c(=O)oc1[NH-],4.778319359e0,1.673026532e-1,2.552692592e-1,1.276346207e0,4.945621967e0,-1.505294561e0
train,282,CN1C(=O)CNC1[NH-],6.647741318e0,3.981228545e-2,2.552692592e-1,1.276346207e0,6.687553406e0,-1.405131668e-1
train,283,CC#CC(C)C(C)C#N,7.820552349e0,-3.516195416e-1,2.552692592e-1,1.276346207e0,7.468932629e0,4.716876447e-1
train,284,O=C1COC12C1CC2N1,5.162000179e0,-4.575862586e-1,2.552692592e-1,1.276346207e0,4.704413891e0,-1.694278002e0
train,285,[NH-][CH+]OC1CNC1C=O,5.589218616e0,4.291908741e-1,2.552692592e-1,1.276346207e0,6.018409729e0,-6.647788286e-1
train,286,CC1CCCC=C1C#N,6.087186813e0,-1.454664618e-1,2.552692592e-1,1.276346207e0,5.941720486e0,-7.248638868e-1
train,287,CCC1OC(C)C2CC12,9.102209091e0,-2.793233991e-1,2.552692592e-1,1.276346207e0,8.822885513e0,1.532492757e0
train,288,CC(C)C(C#N)CC=O,6.125282764e0,1.085846573e-1,2.552692592e-1,1.276346207e0,6.233867645e0,-4.959702492e-1
train,289,CC#CC(C)C(N)=O,7.322584152e0,-3.466530517e-2,2.552692592e-1,1.276346207e0,7.287919044e0,3.298657835e-1
train,290,CC1OC2CCC1CC2,8.242328644e0,-7.438650727e-2,2.552692592e-1,1.276346207e0,8.167942047e0,1.019352794e0
train,291,C1OC1C12CC3C1[NH+]3C2,8.411039352e0,-1.001472101e-1,2.552692592e-1,1.276346207e0,8.310892105e0,1.131352305e0
train,292,N#CC(=O)c1cn[nH]c1,5.224586010e0,8.214189112e-2,2.552692592e-1,1.276346207e0,5.306727886e0,-1.222372651e0
train,293,N#CC12CC1CC21CO1,7.670889378e0,2.979264557e-1,2.552692592e-1,1.276346207e0,7.968815804e0,8.633398414e-1
train,294,CC1=CC(=O)COC1C,4.895328522e0,1.515014470e-2,2.552692592e-1,1.276346207e0,4.910478592e0,-1.532828927e0
train,295,O=Cc1ccc(=O)oc1,4.936145306e0,-2.257612720e-2,2.552692592e-1,1.276346207e0,4.913568974e0,-1.530407667e0
train,296,Cc1c(F)cn[nH]c1=O,4.966077805e0,1.254880577e-1,2.552692592e-1,1.276346207e0,5.091566086e0,-1.390949130e0
train,297,CN1CC(C(N)=O)C1=O,7.047749043e0,3.913151026e-1,2.552692592e-1,1.276346207e0,7.439064026e0,4.482859671e-1
train,298,C#CC12COC1(C)CN2,6.704885483e0,3.414469361e-1,2.552692592e-1,1.276346207e0,7.046332359e0,1.405856460e-1
train,299,CC12CC1[NH+]1CC1CO2,8.138925552e0,1.186230257e-1,2.552692592e-1,1.276346207e0,8.257548332e0,1.089558125e0
train,300,C[NH+]1C2C3(O)CC2(O)C13,7.570207596e0,2.012445182e-1,2.552692592e-1,1.276346207e0,7.771451950e0,7.087077498e-1
train,301,[NH-]c1cc(CO)nn[nH+]1,4.470830441e0,-6.269779801e-2,2.552692592e-1,1.276346207e0,4.408132553e0,-1.926410794e0
train,302,COC1C(C)C1CC#N,8.089944839e0,-9.359077550e-3,2.552692592e-1,1.276346207e0,8.080585480e0,9.509099722e-1
train,303,COCC(=O)C1CC1C,6.283109188e0,-7.384935766e-2,2.552692592e-1,1.276346207e0,6.209259987e0,-5.152500272e-1
train,304,C#CCC1=CC2OC2C1,6.568828583e0,-2.967231870e-1,2.552692592e-1,1.276346207e0,6.272105217e0,-4.660115838e-1
train,305,N#Cc1ncon1,6.590597630e0,3.236808479e-1,2.552692592e-1,1.276346207e0,6.914278507e0,3.712310642e-2
train,306,N#CC12CC3CC1[NH+]3C2,7.314420223e0,-2.598888874e-1,2.552692592e-1,1.276346207e0,7.054531097e0,1.470092535e-1
train,307,CC(=NC1CC1)NC=O,5.918476582e0,-2.280606478e-1,2.552692592e-1,1.276346207e0,5.690415859e0,-9.217578769e-1
train,308,O=CC12C[NH+](CC1=O)C2,5.317104816e0,-5.328646302e-1,2.552692592e-1,1.276346207e0,4.784240246e0,-1.631735086e0
train,309,CC(C)CC#CCC=O,5.948409081e0,-5.261884630e-2,2.552692592e-1,1.276346207e0,5.895790100e0,-7.608497739e-1
train,310,CC1C2CC3(C)OC1C23,8.547096252e0,-5.441246629e-1,2.552692592e-1,1.276346207e0,8.002971649e0,8.901004791e-1
train,311,CC1C2C(C=O)C3C2[NH+]13,6.163379192e0,3.757050037e-1,2.552692592e-1,1.276346207e0,6.539084435e0,-2.568367422e-1
train,312,O=CCCC1CCOC1,6.070860386e0,1.375800185e-2,2.552692592e-1,1.276346207e0,6.084618568e0,-6.129050255e-1
train,313,O=COC1CC(=O)C1,6.008274078e0,-7.454090565e-2,2.552692592e-1,1.276346207e0,5.933732986e0,-7.311220169e-1
train,314,O=CN1C(=O)NC2CC21,6.484473228e0,2.920147218e-2,2.552692592e-1,1.276346207e0,6.513674736e0,-2.767449021e-1
train,315,Cn1nccc1CO,6.976998806e0,3.241307139e-1,2.552692592e-1,1.276346207e0,7.301129341e0,3.402158618e-1
train,316,OCC1=CCOC12CC2,6.285830498e0,2.176159173e-1,2.552692592e-1,1.276346207e0,6.503446579e0,-2.847585380e-1
train,317,C1C2C[NH+]1CC1(CC1)O2,8.177021980e0,6.335149705e-2,2.552692592e-1,1.276346207e0,8.240373611e0,1.076101899e0
train,318,O=C1C2CCCCC1O2,6.054533005e0,-7.156246156e-2,2.552692592e-1,1.276346207e0,5.982970715e0,-6.925448179e-1
train,319,C[NH+]1CC(OCC=O)C1,5.194653511e0,-3.898881078e-1,2.552692592e-1,1.276346207e0,4.804765224e0,-1.615653992e0
train,320,CCCN(C)C(=O)C#N,5.940245628e0,-3.989898562e-1,2.552692592e-1,1.276346207e0,5.541255951e0,-1.038622856e0
train,321,CC1COCC=C1C#N,6.043648720e0,2.468979359e-1,2.552692592e-1,1.276346207e0,6.290546417e0,-4.515631497e-1
train,322,N#CCC1NC1C1CN1,7.749802589e0,-3.380482793e-1,2.552692592e-1,1.276346207e0,7.411754131e0,4.268890023e-1
train,323,C#CC(=O)CC#N,5.725275517e0,3.391664848e-2,2.552692592e-1,1.276346207e0,5.759191990e0,-8.678726554e-1
train,324,CC1(C)C2C3OC3C21C,7.657283783e0,-1.120514795e-1,2.552692592e-1,1.276346207e0,7.545232296e0,5.314674973e-1
train,325,CC(O)C1C=CCOC1,6.849106312e0,2.135879099e-1,2.552692592e-1,1.276346207e0,7.062694073e0,1.534048319e-1
train,326,OC12CC(C1)C1(CO1)C2,9.001525879e0,-1.300287098e-1,2.552692592e-1,1.276346207e0,8.871497154e0,1.570579290e0
train,327,C1OC1C1C2COC21,8.538932800e0,-2.238703221e-1,2.552692592e-1,1.276346207e0,8.315062523e0,1.134619832e0
train,328,ONC1C=CN2CCC12,4.751108170e0,-3.203314841e-1,2.552692592e-1,1.276346207e0,4.430776596e0,-1.908669472e0
train,329,CC1C2C3C(O)C2C13C,8.525327682e0,-3.556085750e-2,2.552692592e-1,1.276346207e0,8.489767075e0,1.271498561e0
train,330,N#CC1CC=CCN1,6.789240837e0,3.182256222e-1,2.552692592e-1,1.276346207e0,7.107466698e0,1.884836257e-1
train,331,CC#CCC1(C)COC1,7.953887463e0,-4.196386784e-2,2.552692592e-1,1.276346207e0,7.911923409e0,8.187653422e-1
train,332,CC(C)c1n[nH]c(=O)[nH]1,6.571549892e0,-1.067038104e-1,2.552692592e-1,1.276346207e0,6.464846134e0,-3.150015175e-1
train,333,O=C1NC2CC1C2,7.069517612e0,-1.037978660e-2,2.552692592e-1,1.276346207e0,7.059137821e0,1.506185532e-1
train,334,OCC1(O)CC2OCC21,8.119877815e0,4.908661246e-1,2.552692592e-1,1.276346207e0,8.610743523e0,1.366282105e0
train,335,N#CCC12C3C4C(C31)[NH+]42,6.887201786e0,-8.094396591e-1,2.552692592e-1,1.276346207e0,6.077762127e0,-6.182769537e-1
train,336,CC12CC1CC2(N)C#N,7.611024857e0,-1.149987504e-1,2.552692592e-1,1.276346207e0,7.496026039e0,4.929149747e-1
train,337,COC12CCC1NC2=O,6.830057621e0,3.423373774e-2,2.552692592e-1,1.276346207e0,6.864291191e0,-2.041328000e-3
train,338,CCC(=NO)C1CCC1,6.794682980e0,-3.328760266e-1,2.552692592e-1,1.276346207e0,6.461806774e0,-3.173828125e-1
train,339,C1CC1C12COC(C1)C2,8.781113625e0,-3.901970014e-2,2.552692592e-1,1.276346207e0,8.742094040e0,1.469193578e0
train,340,[NH-]C1CC(C=O)O1,6.046370029e0,1.196004897e-1,2.552692592e-1,1.276346207e0,6.165970325e0,-5.491669774e-1
train,341,CCC1CC(C#N)N1,7.219180584e0,-5.338717699e-1,2.552692592e-1,1.276346207e0,6.685308933e0,-1.422716826e-1
train,342,Nc1cc(F)ccc1F,5.616430283e0,-2.283977717e-1,2.552692592e-1,1.276346207e0,5.388032436e0,-1.158671498e0
train,343,O=COC12CCOC1C2,6.669510841e0,3.498770893e-1,2.552692592e-1,1.276346207e0,7.019387722e0,1.194748580e-1
train,344,C#CC1OC2CC1(O)C2,7.488573551e0,-1.634182185e-1,2.552692592e-1,1.276346207e0,7.325155258e0,3.590398729e-1
train,345,N#CC12NC3C1COC32,7.140267849e0,1.849243045e-2,2.552692592e-1,1.276346207e0,7.158760071e0,2.286713421e-1
train,346,CCC12OCC1C2C#N,7.719869614e0,3.410873190e-2,2.552692592e-1,1.276346207e0,7.753978252e0,6.950172782e-1
train,347,CC1CCC2(CO2)C1=O,5.556564808e0,3.081748784e-1,2.552692592e-1,1.276346207e0,5.864739895e0,-7.851772308e-1
train,348,CC12C3OC4C[NH+]1C2C43,7.853205681e0,1.371814162e-1,2.552692592e-1,1.276346207e0,7.990386963e0,8.802405596e-1
train,349,C#CC12C[NH+]1C(C)C2O,6.895365238e0,3.891624883e-2,2.552692592e-1,1.276346207e0,6.934281349e0,5.279508233e-2
train,350,CNC1=N[CH+](C)N=CO1,4.941587925e0,2.340637594e-1,2.552692592e-1,1.276346207e0,5.175651550e0,-1.325069308e0
train,351,CCC1CC1C(O)C#N,8.247770309e0,-2.098832130e-1,2.552692592e-1,1.276346207e0,8.037887573e0,9.174566865e-1
train,352,CC1=CC2CC1OC2[NH-],6.449098587e0,1.855737716e-1,2.552692592e-1,1.276346207e0,6.634672165e0,-1.819449514e-1
train,353,COCC12CCC1N2,9.148468018e0,-1.682076603e-1,2.552692592e-1,1.276346207e0,8.980259895e0,1.655793548e0
train,354,CCC1NC2(C#N)CC12,6.642299175e0,-6.655722857e-1,2.552692592e-1,1.276346207e0,5.976727009e0,-6.974366903e-1
train,355,C#CC(=O)C1OC1CO,5.347037315e0,-2.884531617e-1,2.552692592e-1,1.276346207e0,5.058584213e0,-1.416790009e0
train,356,CCC(O)C(C)(C)CO,8.879075050e0,-5.615457892e-1,2.552692592e-1,1.276346207e0,8.317529678e0,1.136552811e0
train,357,COCC1(C)C(C)C1O,8.587913513e0,4.493126273e-2,2.552692592e-1,1.276346207e0,8.632844925e0,1.383598328e0
train,358,NC1[NH2+]CC23CCC12O3,6.645020485e0,2.198746353e-1,2.552692592e-1,1.276346207e0,6.864895344e0,-1.567982137e-3
train,359,C[NH+]1C(C=O)C2CC21,5.020500660e0,6.567411870e-2,2.552692592e-1,1.276346207e0,5.086174965e0,-1.395173073e0
train,360,N#CC12CC3[NH+]1CC32N,6.917134762e0,3.161839023e-2,2.552692592e-1,1.276346207e0,6.948753357e0,6.413371861e-2
train,361,C[NH2+]C1OCC2CC21C,7.377007008e0,-3.909827471e-1,2.552692592e-1,1.276346207e0,6.986024380e0,9.333509207e-2
train,362,Cn1cc(O)nc1C=O,4.364706516e0,4.467174113e-1,2.552692592e-1,1.276346207e0,4.811423779e0,-1.610437155e0
train,363,C#CC[NH+]1CCC(=O)C1,5.363364220e0,-1.448465437e-1,2.552692592e-1,1.276346207e0,5.218517780e0,-1.291484118e0
train,364,N#CC[NH+]1CC(C#N)C1,7.238228798e0,5.618633628e-1,2.552692592e-1,1.276346207e0,7.800092220e0,7.311469913e-1
train,365,O=C1CC23CC(C2O)C13,5.959293365e0,-1.094007865e-1,2.552692592e-1,1.276346207e0,5.849892616e0,-7.968098521e-1
train,366,O=CC1NC2[NH2+]CCC12,5.164721012e0,-1.088331733e-2,2.552692592e-1,1.276346207e0,5.153837681e0,-1.342160106e0
train,367,C#CC#CC#CCO,4.887165070e0,2.423619628e-1,2.552692592e-1,1.276346207e0,5.129527092e0,-1.361207247e0
train,368,OCC(O)c1cc[nH]n1,6.824615955e0,-4.904447496e-2,2.552692592e-1,1.276346207e0,6.775571346e0,-7.155220956e-2
train,369,CCC(C)CCC1CO1,9.415139198e0,3.403375670e-2,2.552692592e-1,1.276346207e0,9.449172974e0,2.023180962e0
train,370,CC[NH2+]C1COC(=O)N1,6.906250000e0,-2.484958023e-1,2.552692592e-1,1.276346207e0,6.657754421e0,-1.638602912e-1
train,371,C#CC1(C)C(C)N1C=O,6.862711906e0,-2.167446017e-1,2.552692592e-1,1.276346207e0,6.645967484e0,-1.730952114e-1
train,372,CC12C3NC1C2C3C#N,7.371564865e0,5.268586427e-2,2.552692592e-1,1.276346207e0,7.424250603e0,4.366798401e-1
train,373,C1NC1C12CC3C[NH+]1C32,8.334847450e0,-2.238157988e-1,2.552692592e-1,1.276346207e0,8.111031532e0,9.747640491e-1
train,374,C#CCC(=O)OCC=O,6.253176689e0,-6.530654430e-2,2.552692592e-1,1.276346207e0,6.187870026e0,-5.320088267e-1
train,375,C[NH+]1C(C=O)CC1CO,5.491257668e0,1.389722377e-1,2.552692592e-1,1.276346207e0,5.630229950e0,-9.689127803e-1
train,376,[NH-]C1OC2C3C(=O)C1C23,6.283109188e0,-9.485601634e-2,2.552692592e-1,1.276346207e0,6.188253403e0,-5.317084193e-1
train,377,CC1C2CCC(=O)C12,6.073581219e0,-1.502030343e-1,2.552692592e-1,1.276346207e0,5.923377991e0,-7.392349839e-1
train,378,CNC1COCOC1=O,6.302156925e0,3.646188602e-2,2.552692592e-1,1.276346207e0,6.338618755e0,-4.138990641e-1
train,379,CC1C2(O)COC12CO,7.923955917e0,-6.494227648e-1,2.552692592e-1,1.276346207e0,7.274533272e0,3.193781972e-1
train,380,C1=C2CCOC2OCC1,6.903528214e0,2.810696885e-2,2.552692592e-1,1.276346207e0,6.931635380e0,5.072199926e-2
train,381,O=CCCc1cn[nH]c1,5.866774559e0,-2.140936106e-1,2.552692592e-1,1.276346207e0,5.652680874e0,-9.513227940e-1
train,382,CC1=CC2OCCC1O2,6.846384525e0,-2.299090326e-1,2.552692592e-1,1.276346207e0,6.616475582e0,-1.962017417e-1
train,383,C#CCC(C)CCCO,8.536211014e0,2.894559503e-2,2.552692592e-1,1.276346207e0,8.565156937e0,1.330565572e0
train,384,CC1(OC=O)CCC1O,7.423265934e0,2.368661389e-2,2.552692592e-1,1.276346207e0,7.446952343e0,4.544663727e-1
train,385,COC(=O)NC1CC1C,8.174300194e0,5.727822185e-1,2.552692592e-1,1.276346207e0,8.747082710e0,1.473102212e0
train,386,[NH-]C1OC2CCC1CO2,7.809667587e0,1.088804603e-1,2.552692592e-1,1.276346207e0,7.918548107e0,8.239557147e-1
train,387,C[NH2+]C1NC(C)(C)CO1,7.602860928e0,-2.344426215e-1,2.552692592e-1,1.276346207e0,7.368418217e0,3.929358721e-1
train,388,C1=NCc2ncoc2N1,5.368806362e0,-4.320698678e-1,2.552692592e-1,1.276346207e0,4.936736584e0,-1.512256145e0
train,389,COC1CC2C(=O)CC12,6.019158840e0,-3.738455176e-1,2.552692592e-1,1.276346207e0,5.645313263e0,-9.570952058e-1
train,390,CCCC1(C)C[NH2+][CH+]O1,7.412381172e0,-1.942181289e-1,2.552692592e-1,1.276346207e0,7.218163013e0,2.752127945e-1
train,391,C#CC12C(=O)NC1C2O,6.631414413e0,-6.257688999e-2,2.552692592e-1,1.276346207e0,6.568837643e0,-2.335254699e-1
train,392,C#CC1CC1(O)CC=O,5.978341103e0,4.052463174e-2,2.552692592e-1,1.276346207e0,6.018865585e0,-6.644216776e-1
train,393,C#Cc1c[nH]c(C#N)c1,5.425950050e0,-2.344602346e-1,2.552692592e-1,1.276346207e0,5.191489697e0,-1.312660336e0
train,394,Oc1cnc2n1[CH+]C=[NH+]2,5.796025276e0,1.290187389e-1,2.552692592e-1,1.276346207e0,5.925044060e0,-7.379296422e-1
train,395,O=C1C(O)C2C3OC1C32,5.521190166e0,2.573156953e-1,2.552692592e-1,1.276346207e0,5.778505802e0,-8.527405262e-1
train,396,Nc1cnc(F)[nH]c1=O,4.808251858e0,-1.440832112e-2,2.552692592e-1,1.276346207e0,4.793843746e0,-1.624210835e0
train,397,CCC1(C(C)C)CCC1,9.502216339e0,1.176022738e-1,2.552692592e-1,1.276346207e0,9.619818687e0,2.156879902e0
train,398,OC1CNc2nnoc21,4.876280308e0,-2.601206899e-1,2.552692592e-1,1.276346207e0,4.616159439e0,-1.763424277e0
train,399,CCn1nnc(C#N)n1,6.645020485e0,-1.029674709e-1,2.552692592e-1,1.276346207e0,6.542053223e0,-2.545107305e-1
train,400,COC(=O)C1C2CCC21,7.273603439e0,-9.621025622e-2,2.552692592e-1,1.276346207e0,7.177392960e0,2.432699800e-1
train,401,C1c2nnoc2C2CC12,5.553843975e0,-1.286378950e-1,2.552692592e-1,1.276346207e0,5.425206184e0,-1.129546404e0
train,402,CCn1nnc(N)c1N,6.166100025e0,1.553423107e-1,2.552692592e-1,1.276346207e0,6.321442127e0,-4.273567498e-1
train,403,OC1C=CCCCOC1,6.898086548e0,4.456945658e-1,2.552692592e-1,1.276346207e0,7.343780994e0,3.736329079e-1
train,404,C#CC(=NO)C(C)C,5.692621708e0,4.290770367e-2,2.552692592e-1,1.276346207e0,5.735529423e0,-8.864119649e-1
train,405,COc1noc(N)c1N,6.468146324e0,-3.029873669e-1,2.552692592e-1,1.276346207e0,6.165158749e0,-5.498028398e-1
train,406,CC(=O)CC1CC(C)C1,6.342973709e0,1.575837433e-1,2.552692592e-1,1.276346207e0,6.500557423e0,-2.870221734e-1
train,407,C#Cc1n[nH]cc1C,6.098071575e0,-1.379241794e-1,2.552692592e-1,1.276346207e0,5.960147381e0,-7.104266286e-1
train,408,CCC1C(O)C1CC,8.296751022e0,-1.660331041e-1,2.552692592e-1,1.276346207e0,8.130718231e0,9.901883602e-1
train,409,CC(O)CC(C=O)C=O,5.717112064e0,4.643968940e-1,2.552692592e-1,1.276346207e0,6.181509018e0,-5.369926095e-1
train,410,CCc1onc(O)c1C,6.694001198e0,-1.468499899e-1,2.552692592e-1,1.276346207e0,6.547151089e0,-2.505166233e-1
train,411,CCOc1ncco1,6.688558578e0,2.458443120e-2,2.552692592e-1,1.276346207e0,6.713142872e0,-1.204641387e-1
train,412,C1NC1C12CC3CC1[NH+]32,8.421924591e0,3.983171880e-1,2.552692592e-1,1.276346207e0,8.820241928e0,1.530421495e0
train,413,COC1(C(O)CO)CC1,8.000147820e0,2.642351985e-1,2.552692592e-1,1.276346207e0,8.264383316e0,1.094913244e0
train,414,C#CC1(C(C)=O)CC1,6.217801571e0,-2.800251544e-1,2.552692592e-1,1.276346207e0,5.937776566e0,-7.279539108e-1
train,415,CC1CC2OC1C2(C)C,8.811046600e0,1.253843307e-1,2.552692592e-1,1.276346207e0,8.936430931e0,1.621454120e0
train,416,CC1COCC1(C)C#N,8.182463646e0,1.017379537e-1,2.552692592e-1,1.276346207e0,8.284201622e0,1.110440612e0
train,417,COC1CC=CC(=O)C1,5.164721012e0,-6.721532904e-3,2.552692592e-1,1.276346207e0,5.157999516e0,-1.338899374e0
train,418,O=CNCC1C[NH2+][CH+]O1,7.257276535e0,-2.393038720e-1,2.552692592e-1,1.276346207e0,7.017972469e0,1.183660254e-1
train,419,Cc1nc2c(o1)CCN2,5.349758625e0,-4.588254169e-2,2.552692592e-1,1.276346207e0,5.303875923e0,-1.224607110e0
train,420,CC1=CC(C)OCC1O,6.936182499e0,1.254676878e-1,2.552692592e-1,1.276346207e0,7.061650276e0,1.525870413e-1
train,421,CC1(N)CCC1(N)C#N,7.170200348e0,-2.645099163e-1,2.552692592e-1,1.276346207e0,6.905690193e0,3.039426915e-2
train,422,O=CC1CC2(CN2)C1O,5.932082176e0,-1.665491760e-1,2.552692592e-1,1.276346207e0,5.765532970e0,-8.629046082e-1
train,423,CC1=CC2(CCC1)CO2,6.704885483e0,2.066297531e-1,2.552692592e-1,1.276346207e0,6.911515236e0,3.495811671e-2
train,424,CC(C)C(=O)CC=O,5.602824211e0,-4.865600541e-2,2.552692592e-1,1.276346207e0,5.554168224e0,-1.028506160e0
train,425,Nc1nc(N2CC2)co1,6.372906685e0,-5.900842547e-1,2.552692592e-1,1.276346207e0,5.782822609e0,-8.493583798e-1
train,426,CCCC1CC1(O)CO,8.231444359e0,1.259762645e-1,2.552692592e-1,1.276346207e0,8.357420921e0,1.167807102e0
train,427,CC1(O)C(=O)COC1[NH-],5.719833374e0,-7.165907621e-1,2.552692592e-1,1.276346207e0,5.003242493e0,-1.460149646e0
train,428,N#CC(N)C12CC[NH+]1C2,7.257276535e0,9.190128185e-4,2.552692592e-1,1.276346207e0,7.258195400e0,3.065776825e-1
train,429,CO[CH+]Nc1ccn[nH]1,5.162000179e0,-5.057102442e-2,2.552692592e-1,1.276346207e0,5.111429214e0,-1.375386715e0
train,430,C1=CC23COC2C(C1)N3,6.125282764e0,-3.180209100e-1,2.552692592e-1,1.276346207e0,5.807261944e0,-8.302104473e-1
train,431,CC1(O)CCC(O)C1,8.936218262e0,-3.378595114e-1,2.552692592e-1,1.276346207e0,8.598359108e0,1.356579065e0
train,432,N#CC12CC(CC1=O)N2,6.030043125e0,9.961404651e-2,2.552692592e-1,1.276346207e0,6.129657269e0,-5.776177645e-1
train,433,C1C[NH+]2C([NH2+]1)OC1CC12,7.113056660e0,-4.103000090e-2,2.552692592e-1,1.276346207e0,7.072026730e0,1.607168615e-1
train,434,CC1C2COC(=O)C1O2,6.653183937e0,3.317271173e-2,2.552692592e-1,1.276346207e0,6.686356544e0,-1.414508820e-1
train,435,CC12COC3C[NH+]1C32C,8.432807922e0,5.309075117e-1,2.552692592e-1,1.276346207e0,8.963715553e0,1.642831326e0
train,436,CC1C(O)C2C3OC3C12,8.397434235e0,2.344815731e-1,2.552692592e-1,1.276346207e0,8.631916046e0,1.382870555e0
train,437,Cc1coc(CN)n1,6.596040249e0,-3.117431104e-1,2.552692592e-1,1.276346207e0,6.284296989e0,-4.564594924e-1
train,438,CC#CC1(O)CC1CO,7.347074509e0,1.664261520e-1,2.552692592e-1,1.276346207e0,7.513500690e0,5.066061616e-1
train,439,CC12CC1C(C#N)C2O,8.002868652e0,1.348459870e-1,2.552692592e-1,1.276346207e0,8.137714386e0,9.956697226e-1
train,440,NC(=O)OCCC1CC1,8.800162315e0,4.214777648e-1,2.552692592e-1,1.276346207e0,9.221639633e0,1.844911575e0
train,441,CC1=CCOCC1C#N,7.017816544e0,-5.176219717e-2,2.552692592e-1,1.276346207e0,6.966054440e0,7.768889517e-2
train,442,C1CCCOCCC1,8.748460770e0,1.157489605e-2,2.552692592e-1,1.276346207e0,8.760035515e0,1.483250499e0
train,443,C[NH+]1CC1(C#N)C1CN1,7.034143448e0,2.507592142e-1,2.552692592e-1,1.276346207e0,7.284902573e0,3.275023997e-1
train,444,CCC1(NC=O)COC1,7.042306423e0,2.711919546e-1,2.552692592e-1,1.276346207e0,7.313498497e0,3.499069512e-1
train,445,N#CCOC12C[NH+](C1)C2,7.254555702e0,-3.327230811e-1,2.552692592e-1,1.276346207e0,6.921832561e0,4.304161295e-2
train,446,C#CC1OCC1CC#N,7.325304985e0,-3.543885350e-1,2.552692592e-1,1.276346207e0,6.970916271e0,8.149807900e-2
train,447,CC12CC3C1C1C2C31C,8.786556244e0,1.148198824e-2,2.552692592e-1,1.276346207e0,8.798038483e0,1.513025403e0
train,448,N#CC1CCOCOC1,8.313077927e0,1.965096295e-1,2.552692592e-1,1.276346207e0,8.509587288e0,1.287027478e0
train,449,N#CC1C2C3NC3C[NH+]12,7.039586067e0,-2.826294005e-1,2.552692592e-1,1.276346207e0,6.756956577e0,-8.613664657e-2
train,450,CNc1c[cH-]c(=O)n1C,4.563349247e0,-5.099816918e-1,2.552692592e-1,1.276346207e0,4.053367615e0,-2.204364538e0
train,451,COC1COCC2NC21,8.269539833e0,6.666910648e-2,2.552692592e-1,1.276346207e0,8.336209297e0,1.151188016e0
train,452,O=C1CC2OCC2O1,7.379727840e0,-2.151692808e-1,2.552692592e-1,1.276346207e0,7.164558411e0,2.332142591e-1
train,453,O=C1C2C=CC1N2,6.391954422e0,-3.366025388e-1,2.552692592e-1,1.276346207e0,6.055351734e0,-6.358352304e-1
train,454,CC1(O)COC(C)(C)C1,8.168857574e0,1.640136242e-1,2.552692592e-1,1.276346207e0,8.332871437e0,1.148572803e0
train,455,CCC1CC2CC12,9.227380753e0,4.770719409e-1,2.552692592e-1,1.276346207e0,9.704452515e0,2.223189354e0
train,456,CC(C)OC1C2CCC21,8.636894226e0,1.061094180e-1,2.552692592e-1,1.276346207e0,8.743003845e0,1.469906449e0
train,457,C#CC(=O)c1cn[nH]c1,5.289893150e0,-3.339739740e-1,2.552692592e-1,1.276346207e0,4.955919266e0,-1.497226715e0
train,458,NC(=O)COCC(N)=O,6.269503117e0,-2.133714557e-1,2.552692592e-1,1.276346207e0,6.056131840e0,-6.352240443e-1
train,459,C#CC1CC1CC(C)O,7.885859489e0,3.491426408e-1,2.552692592e-1,1.276346207e0,8.235002518e0,1.071893811e0
train,460,O=CC12COC3C(C1)C32,5.532074928e0,8.846760541e-2,2.552692592e-1,1.276346207e0,5.620542526e0,-9.765027761e-1
train,461,OC1CCC2C(O)C12,8.302193642e0,-2.282744087e-2,2.552692592e-1,1.276346207e0,8.279366493e0,1.106652379e0
train,462,CCC(C#N)C1(C)CO1,8.470904350e0,1.063642427e-1,2.552692592e-1,1.276346207e0,8.577268600e0,1.340054989e0
train,463,CC1[NH+]2CC(O)C12C,7.779735088e0,2.508139312e-1,2.552692592e-1,1.276346207e0,8.030549049e0,9.117070436e-1
train,464,CCC1=CC(C)C(=O)N1,5.817794323e0,5.943512321e-1,2.552692592e-1,1.276346207e0,6.412145615e0,-3.562917113e-1
train,465,CC1(CC(O)C#N)CN1,8.201511383e0,1.504086703e-1,2.552692592e-1,1.276346207e0,8.351920128e0,1.163497210e0
train,466,O=CCOC1CC1,6.212359428e0,-2.812333107e-1,2.552692592e-1,1.276346207e0,5.931126118e0,-7.331644297e-1
train,467,Cn1cc(N)c(N)n1,5.915755272e0,3.318573236e-1,2.552692592e-1,1.276346207e0,6.247612476e0,-4.852013588e-1
train,468,C1C2[NH+]1CC21CC1,8.313077927e0,1.842880547e-1,2.552692592e-1,1.276346207e0,8.497365952e0,1.277452230e0
train,469,C1=CC2[NH+]3C1C3C21CN1,5.779698372e0,4.199172556e-2,2.552692592e-1,1.276346207e0,5.821690083e0,-8.189061880e-1
train,470,C#Cc1noc(N)n1,5.828679085e0,7.007567585e-2,2.552692592e-1,1.276346207e0,5.898754597e0,-7.585271001e-1
train,471,CC(=O)C12CC1OC2C,6.089908123e0,-9.193614125e-2,2.552692592e-1,1.276346207e0,5.997972012e0,-6.807914972e-1
train,472,CC[NH+]1CC(C)(C#N)C1,7.088566303e0,1.434652805e-1,2.552692592e-1,1.276346207e0,7.232031822e0,2.860788405e-1
train,473,NC(=O)Cn1nnnn1,6.528011322e0,9.692800231e-3,2.552692592e-1,1.276346207e0,6.537703991e0,-2.579182982e-1
train,474,CC12CCC3[NH+]1CC32O,8.465462685e0,-1.043563988e-2,2.552692592e-1,1.276346207e0,8.455026627e0,1.244279861e0
train,475,OC12CC1C1(CC1)C2,8.789278030e0,2.455603033e-1,2.552692592e-1,1.276346207e0,9.034838676e0,1.698555350e0
train,476,O=C1CC2(C3CO3)CC12,6.315762520e0,2.544220686e-1,2.552692592e-1,1.276346207e0,6.570184708e0,-2.324700654e-1
train,477,CC1OC1(C)C=O,5.981062412e0,-2.344792634e-1,2.552692592e-1,1.276346207e0,5.746582985e0,-8.777516484e-1
train,478,OCC1CC=CC=CC1,5.186490059e0,-1.981103271e-1,2.552692592e-1,1.276346207e0,4.988379955e0,-1.471794248e0
train,479,OC1C=CC(C2CO2)C1,7.042306423e0,9.561142325e-2,2.552692592e-1,1.276346207e0,7.137917995e0,2.123418301e-1
train,480,CC1Cc2ccoc2N1,5.782419682e0,1.225903817e-2,2.552692592e-1,1.276346207e0,5.794678688e0,-8.400692940e-1
train,481,Cc1ccc(N)[nH]c1=O,4.775598526e0,-4.056987166e-1,2.552692592e-1,1.276346207e0,4.369899750e0,-1.956365705e0
train,482,CC(C)C#CCC=O,5.953851223e0,2.881598771e-1,2.552692592e-1,1.276346207e0,6.242011070e0,-4.895899892e-1
train,483,CC(=O)COCC1CN1,6.002831459e0,3.442372382e-1,2.552692592e-1,1.276346207e0,6.347068787e0,-4.072785974e-1
train,484,OCC1C=CCCCO1,6.998768330e0,8.274328709e-2,2.552692592e-1,1.276346207e0,7.081511497e0,1.681480557e-1
train,485,CCC(O)C(=O)C=O,4.280350685e0,-1.144819707e-1,2.552692592e-1,1.276346207e0,4.165868759e0,-2.116221428e0
train,486,CCC(O)C1CCOC1,8.889959335e0,2.156547159e-1,2.552692592e-1,1.276346207e0,9.105613708e0,1.754006743e0
train,487,C1CC23CC4OC2CC143,8.084503174e0,-3.498434722e-1,2.552692592e-1,1.276346207e0,7.734659672e0,6.798814535e-1
train,488,O=C1CC2C=CC1CC2,5.801467419e0,1.444771141e-1,2.552692592e-1,1.276346207e0,5.945944309e0,-7.215545774e-1
train,489,CC1(O)CNC1=O,7.303536415e0,6.261616349e-1,2.552692592e-1,1.276346207e0,7.929697990e0,8.326914907e-1
train,490,CC(O)C1OCCC1O,8.318520546e0,1.818690747e-1,2.552692592e-1,1.276346207e0,8.500390053e0,1.279821515e0
train,491,OCCCc1nn[nH]n1,6.647741318e0,-1.532190889e-1,2.552692592e-1,1.276346207e0,6.494522095e0,-2.917507589e-1
train,492,CC1C=CCC2(CC2)C1,7.243670940e0,8.112963289e-2,2.552692592e-1,1.276346207e0,7.324800491e0,3.587619364e-1
train,493,O=C1CC(CO)(CO)C1,6.049090862e0,2.770386636e-1,2.552692592e-1,1.276346207e0,6.326129436e0,-4.236842990e-1
train,494,CC12OC1C1CC2C1,9.202890396e0,7.539423555e-2,2.552692592e-1,1.276346207e0,9.278285027e0,1.889292479e0
train,495,COC1(C)C2C=CC1O2,6.236849785e0,6.746193022e-2,2.552692592e-1,1.276346207e0,6.304311752e0,-4.407781959e-1
train,496,CC12C([NH-])OC3C[NH+]1C32,6.952508926e0,-1.923020929e-2,2.552692592e-1,1.276346207e0,6.933278561e0,5.200940743e-2
train,497,CCOC([NH-])C1CC1C,7.711706638e0,5.987987518e-1,2.552692592e-1,1.276346207e0,8.310504913e0,1.131048918e0
train,498,CCc1cc(N)ncn1,5.989225864e0,-3.267196417e-1,2.552692592e-1,1.276346207e0,5.662506104e0,-9.436248541e-1
train,499,c1nc2n(n1)CCCC2,7.191968918e0,-6.476067901e-1,2.552692592e-1,1.276346207e0,6.544362068e0,-2.527017891e-1
train,500,CC(O)(C#N)C1(O)CC1,7.962051392e0,6.982281804e-2,2.552692592e-1,1.276346207e0,8.031874657e0,9.127456546e-1
train,501,CC12NC1C1NC12C,7.336189747e0,2.610819340e-1,2.552692592e-1,1.276346207e0,7.597271919e0,5.722398758e-1
train,502,C1OC(C2CC2)C2CC12,9.115814209e0,2.007094324e-1,2.552692592e-1,1.276346207e0,9.316523552e0,1.919251919e0
train,503,CCC1C(C#N)C1CC,8.443693161e0,-2.550898492e-1,2.552692592e-1,1.276346207e0,8.188603401e0,1.035540700e0
train,504,CC1(C)COCC1(C)C,8.280425072e0,-4.807149768e-1,2.552692592e-1,1.276346207e0,7.799710274e0,7.308477759e-1
train,505,C#CC(C)(O)C(C)O,8.079060555e0,1.360471845e-1,2.552692592e-1,1.276346207e0,8.215107918e0,1.056306601e0
train,506,CC12CCCC1(C#N)C2,8.272260666e0,-1.150042862e-1,2.552692592e-1,1.276346207e0,8.157256126e0,1.010980487e0
train,507,CCCC#CC(=O)NC,6.413723469e0,1.274358928e-1,2.552692592e-1,1.276346207e0,6.541159153e0,-2.552112341e-1
train,508,[NH-]C1CC2(CO2)C(=O)N1,6.541617393e0,6.472966075e-1,2.552692592e-1,1.276346207e0,7.188913822e0,2.522964180e-1
train,509,CC1CC1(C#N)CC#N,8.419202805e0,-1.514118910e-1,2.552692592e-1,1.276346207e0,8.267790794e0,1.097582936e0
train,510,CCc1ccnc(F)n1,5.866774559e0,-7.134482265e-2,2.552692592e-1,1.276346207e0,5.795429707e0,-8.394808769e-1
train,511,COC1(C)C(C)C1(C)C,8.462740898e0,-6.038675550e-3,2.552692592e-1,1.276346207e0,8.456702232e0,1.245592713e0
train,512,CN1C(=O)CC2(C)CC12,7.004210949e0,-3.789550066e-2,2.552692592e-1,1.276346207e0,6.966315269e0,7.789325714e-2
train,513,CC1CC=CC(O)C1C,6.979720592e0,-2.948390543e-1,2.552692592e-1,1.276346207e0,6.684881687e0,-1.426064223e-1
train,514,C#CCC12CC3C[NH+]1C32,7.937561512e0,1.751512140e-1,2.552692592e-1,1.276346207e0,8.112712860e0,9.760813713e-1
train,515,[NH-][CH+]OC(=O)C1CCC1,6.732096672e0,1.830781400e-1,2.552692592e-1,1.276346207e0,6.915174961e0,3.782546520e-2
train,516,CC1OC1c1ncno1,6.547059536e0,-3.039856628e-2,2.552692592e-1,1.276346207e0,6.516661167e0,-2.744050920e-1
train,517,CC#CC1=CC2OC2C1,5.292614460e0,-9.744424373e-2,2.552692592e-1,1.276346207e0,5.195170403e0,-1.309776545e0
train,518,C#CC#CC(=O)CCO,5.028664112e0,1.210777685e-1,2.552692592e-1,1.276346207e0,5.149741650e0,-1.345369339e0
train,519,CC1CCCC1(O)C=O,6.108956337e0,-2.842799425e-1,2.552692592e-1,1.276346207e0,5.824676514e0,-8.165663481e-1
train,520,C#CC12COC3C1NC32,7.559322834e0,-3.845465183e-1,2.552692592e-1,1.276346207e0,7.174776077e0,2.412196845e-1
train,521,CC1OC(=O)CC12CC2,7.551159859e0,-2.276072204e-1,2.552692592e-1,1.276346207e0,7.323552608e0,3.577842116e-1
train,522,O=c1cc(CO)ocn1,5.619151115e0,2.361612953e-2,2.552692592e-1,1.276346207e0,5.642767429e0,-9.590898752e-1
train,523,CC1(O)C=CC2NC21C,6.484473228e0,4.360781908e-1,2.552692592e-1,1.276346207e0,6.920551300e0,4.203775898e-2
train,524,CC1C([NH-])OC12COC2,7.660005569e0,3.019522317e-2,2.552692592e-1,1.276346207e0,7.690200806e0,6.450484991e-1
train,525,CCC1(C)C(O)C1(C)O,7.981099606e0,-2.674110532e-1,2.552692592e-1,1.276346207e0,7.713688374e0,6.634507179e-1
train,526,CCCC1C(O)C2NC12,8.424644470e0,2.663044930e-1,2.552692592e-1,1.276346207e0,8.690948486e0,1.429121733e0
train,527,C#CC1OC(C)(C)C1C,7.472246647e0,-3.152927384e-3,2.552692592e-1,1.276346207e0,7.469093800e0,4.718139172e-1
train,528,CCc1cn[nH]c1C#N,5.945687771e0,1.135552824e-1,2.552692592e-1,1.276346207e0,6.059243202e0,-6.327863336e-1
train,529,CC1C2[NH+]1CC2(C)CO,7.782456875e0,1.594691575e-1,2.552692592e-1,1.276346207e0,7.941926003e0,8.422719836e-1
train,530,O=CCCC1C(O)C1O,6.187869072e0,2.071466669e-2,2.552692592e-1,1.276346207e0,6.208583832e0,-5.157797933e-1
train,531,[NH-]C1CCCO1,7.798782825e0,8.106127977e-1,2.552692592e-1,1.276346207e0,8.609395981e0,1.365226388e0
train,532,OCCc1cc[nH]c1,6.805567265e0,4.253820479e-1,2.552692592e-1,1.276346207e0,7.230949402e0,2.852307856e-1
train,533,CC12C3C4C[NH+]1C2C3O4,7.853205681e0,2.465305179e-1,2.552692592e-1,1.276346207e0,8.099736214e0,9.659143090e-1
train,534,CCC(OC)C1COC1,8.566143990e0,-1.167787388e-1,2.552692592e-1,1.276346207e0,8.449365616e0,1.239844561e0
train,535,CC1C2C3C(=O)C[NH+]3C12,5.488536358e0,2.321270853e-1,2.552692592e-1,1.276346207e0,5.720663548e0,-8.980591893e-1
train,536,C#CC1C(C=O)C1CO,5.978341103e0,-6.340208650e-2,2.552692592e-1,1.276346207e0,5.914938927e0,-7.458469272e-1
train,537,CC12CC3CC1C32O,8.231444359e0,8.184146136e-2,2.552692592e-1,1.276346207e0,8.313285828e0,1.133227706e0
train,538,CC1CC(OC=O)CO1,7.251834393e0,-7.084988803e-2,2.552692592e-1,1.276346207e0,7.180984497e0,2.460839003e-1
train,539,CN(C=O)C(=O)CO,6.285830498e0,3.401604295e-1,2.552692592e-1,1.276346207e0,6.625990868e0,-1.887466311e-1
train,540,CC1(C2(C#N)CN2)CC1,7.983820438e0,-4.002014697e-1,2.552692592e-1,1.276346207e0,7.583619118e0,5.615430474e-1
train,541,CC(=O)CCC(O)CO,6.386512280e0,-2.439707220e-1,2.552692592e-1,1.276346207e0,6.142541409e0,-5.675232410e-1
train,542,CC1(C=O)CO1,6.035485268e0,-2.501586452e-2,2.552692592e-1,1.276346207e0,6.010469437e0,-6.709999442e-1
train,543,[NH-]C1OCC(CO)C1=O,5.077644348e0,3.135637045e-1,2.552692592e-1,1.276346207e0,5.391208172e0,-1.156183362e0
train,544,C#Cc1cn(C)nc1N,5.581055164e0,1.208033264e-1,2.552692592e-1,1.276346207e0,5.701858521e0,-9.127927423e-1
train,545,CC(O)Cc1cc[nH]c1,6.797404289e0,-3.145663142e-1,2.552692592e-1,1.276346207e0,6.482838154e0,-3.009049892e-1
train,546,CC1C([NH+]2CC2)C1(C)C,8.582470894e0,8.335907757e-2,2.552692592e-1,1.276346207e0,8.665829659e0,1.409441471e0
train,547,C#CC1CC12OCC2O,7.366122246e0,1.135775521e-1,2.552692592e-1,1.276346207e0,7.479699612e0,4.801234305e-1
train,548,CC1(O)CC2CC(C1)O2,8.476346970e0,2.207349092e-1,2.552692592e-1,1.276346207e0,8.697081566e0,1.433926940e0
train,549,CC1C=CC(C2CO2)O1,6.729375839e0,4.593032226e-2,2.552692592e-1,1.276346207e0,6.775306225e0,-7.175993174e-2
train,550,N#CC12NC1C1CNC12,6.438213825e0,8.776137233e-2,2.552692592e-1,1.276346207e0,6.525975227e0,-2.671076357e-1
train,551,CC1NC([NH-])C(C)[NH2+]1,6.274945736e0,-3.628140688e-1,2.552692592e-1,1.276346207e0,5.912131786e0,-7.480462790e-1
train,552,CC1(C)OC1CC(N)=O,7.357958317e0,-1.082742289e-1,2.552692592e-1,1.276346207e0,7.249683857e0,2.999089956e-1
train,553,O=C1C2CCC1C2,6.274945736e0,-5.165801570e-2,2.552692592e-1,1.276346207e0,6.223287582e0,-5.042595863e-1
train,554,CCC12C[NH+]1CC2(C)C,8.294030190e0,-6.244684458e-1,2.552692592e-1,1.276346207e0,7.669561863e0,6.288781166e-1
train,555,CC#CC#CCC#N,6.089908123e0,-3.791885376e-1,2.552692592e-1,1.276346207e0,5.710719585e0,-9.058501720e-1
train,556,CCCC(C)(C#N)OC,8.250492096e0,-2.138227411e-2,2.552692592e-1,1.276346207e0,8.229109764e0,1.067276835e0
train,557,C1OCC2(CN2)C2OC12,8.587913513e0,-3.755382001e-1,2.552692592e-1,1.276346207e0,8.212375641e0,1.054165840e0
train,558,COC(=O)CC(=O)OC,7.638236046e0,-3.975303844e-2,2.552692592e-1,1.276346207e0,7.598483086e0,5.731887817e-1
train,559,O=C1NC2C[NH+]3CC12C3,6.242291927e0,3.910286427e-1,2.552692592e-1,1.276346207e0,6.633320808e0,-1.830037236e-1
train,560,CC(C)(CO)O[CH+][NH-],7.749802589e0,-7.586025447e-2,2.552692592e-1,1.276346207e0,7.673942566e0,6.323103309e-1
train,561,CC1COCC[NH+]2CC12,8.283145905e0,-3.270134032e-1,2.552692592e-1,1.276346207e0,7.956132412e0,8.534025550e-1
train,562,O=CC1CCC(=O)CO1,5.551122665e0,9.850471467e-2,2.552692592e-1,1.276346207e0,5.649627209e0,-9.537153244e-1
train,563,CC(C)(C)c1ncco1,6.677673817e0,-2.897870727e-2,2.552692592e-1,1.276346207e0,6.648694992e0,-1.709582359e-1
train,564,CC1(C2COC2=O)CN1,7.224623203e0,1.833043694e-1,2.552692592e-1,1.276346207e0,7.407927513e0,4.238908887e-1
train,565,C1OC2C3C1C2C31CC1,9.262756348e0,1.900477260e-1,2.552692592e-1,1.276346207e0,9.452803612e0,2.026025534e0
train,566,CC(C)C1CC(O)C1=O,5.981062412e0,-1.682107747e-1,2.552692592e-1,1.276346207e0,5.812851429e0,-8.258311749e-1
train,567,CC1C2COC(=O)C12O,6.947066307e0,-3.103770129e-2,2.552692592e-1,1.276346207e0,6.916028500e0,3.849420324e-2
train,568,C1=NC23CC2CC3CO1,6.519847870e0,1.848794520e-1,2.552692592e-1,1.276346207e0,6.704727173e0,-1.270577312e-1
train,569,CC1=CC2(C#N)CC1N2,6.525290489e0,6.052334905e-1,2.552692592e-1,1.276346207e0,7.130524158e0,2.065488547e-1
train,570,NC1=NONC=C1NO,4.348379135e0,-2.680803537e-1,2.552692592e-1,1.276346207e0,4.080298901e0,-2.183264256e0
train,571,CCC#Cc1cnoc1,5.744323254e0,3.059963882e-1,2.552692592e-1,1.276346207e0,6.050319672e0,-6.397777796e-1
train,572,O=COCC1C(O)C1O,7.254555702e0,9.663204104e-2,2.552692592e-1,1.276346207e0,7.351187706e0,3.794359863e-1
train,573,CC1COC(C)(CO)C1,8.702200890e0,-4.442727566e-1,2.552692592e-1,1.276346207e0,8.257927895e0,1.089855552e0
train,574,C#CC1COCC1C,8.206954002e0,-1.674367189e-1,2.552692592e-1,1.276346207e0,8.039517403e0,9.187336564e-1
train,575,CC12CC(CC13CC3)O2,8.835536957e0,3.958100080e-1,2.552692592e-1,1.276346207e0,9.231347084e0,1.852517247e0
train,576,C#CCCC1(CO)CN1,8.209674835e0,-2.764623165e-1,2.552692592e-1,1.276346207e0,7.933212280e0,8.354449272e-1
train,577,CC1OC1(C)C#CC=O,5.502141953e0,3.558288515e-1,2.552692592e-1,1.276346207e0,5.857970715e0,-7.904807925e-1
train,578,CC1OC2CC2C1CO,8.005589485e0,9.309240617e-3,2.552692592e-1,1.276346207e0,8.014898300e0,8.994448781e-1
train,579,OCC1(O)C2CCC1C2,8.538932800e0,2.313551903e-1,2.552692592e-1,1.276346207e0,8.770288467e0,1.491283536e0
train,580,O=C1C=C2NCCC2C1,5.687179565e0,4.976880178e-2,2.552692592e-1,1.276346207e0,5.736948490e0,-8.853001595e-1
train,581,CC1C2CCC3(CC3)C12,8.723970413e0,-2.654626667e-1,2.552692592e-1,1.276346207e0,8.458507538e0,1.247007132e0
train,582,CC(=O)C(C)C#CCO,6.019158840e0,-8.602384478e-2,2.552692592e-1,1.276346207e0,5.933135033e0,-7.315904498e-1
train,583,O=C1OC2CCC2C1=O,4.615050793e0,-3.106361330e-1,2.552692592e-1,1.276346207e0,4.304414749e0,-2.007672310e0
train,584,COC1CCOC1C#N,7.708985806e0,4.706386626e-1,2.552692592e-1,1.276346207e0,8.179624557e0,1.028505802e0
train,585,C#CC12C[NH+]1CC2C=O,5.575613022e0,-4.644816369e-2,2.552692592e-1,1.276346207e0,5.529164791e0,-1.048096061e0
train,586,[H]N=CNc1cc(C)[nH]n1,5.940245628e0,-2.982352972e-1,2.552692592e-1,1.276346207e0,5.642010212e0,-9.596831203e-1
train,587,CC(C)c1ncccn1,5.670852661e0,-2.742559277e-2,2.552692592e-1,1.276346207e0,5.643426895e0,-9.585731626e-1
train,588,OCC1C2CC2C2CC12,8.683153152e0,-1.390364468e-1,2.552692592e-1,1.276346207e0,8.544116974e0,1.314081073e0
train,589,C#CC(C)C(F)(F)F,8.604239464e0,-4.136260599e-2,2.552692592e-1,1.276346207e0,8.562876701e0,1.328779101e0
train,590,CC(O)C(CO)O[CH+][NH-],7.445035458e0,1.966352910e-1,2.552692592e-1,1.276346207e0,7.641670704e0,6.070257425e-1
train,591,OC1C2C3CCC3C12,8.367501259e0,-2.598562241e-1,2.552692592e-1,1.276346207e0,8.107645035e0,9.721108079e-1
train,592,C1=NCC2CCOC2O1,7.412381172e0,-6.092211604e-2,2.552692592e-1,1.276346207e0,7.351459026e0,3.796485364e-1
train,593,Cc1cncn1C,6.756587029e0,4.846591353e-1,2.552692592e-1,1.276346207e0,7.241246223e0,2.932982147e-1
train,594,CCC1C(C)[NH+]1CC,7.801504612e0,9.453229606e-2,2.552692592e-1,1.276346207e0,7.896037102e0,8.063186407e-1
train,595,C#CC12CC3C(C1)C32O,7.341631889e0,2.359430045e-1,2.552692592e-1,1.276346207e0,7.577574730e0,5.568073392e-1
train,596,O=C1C=Cc2nn[nH]c21,3.779661417e0,3.771475330e-2,2.552692592e-1,1.276346207e0,3.817376137e0,-2.389261007e0
train,597,N#CC(O)c1c[nH]cn1,6.889922619e0,-3.777906895e-1,2.552692592e-1,1.276346207e0,6.512131691e0,-2.779538631e-1
train,598,CCC1CCC(C=O)O1,5.942966461e0,3.090118468e-1,2.552692592e-1,1.276346207e0,6.251978397e0,-4.817807078e-1
train,599,COC1(C)CCOC1[NH-],7.401497364e0,1.199877635e-2,2.552692592e-1,1.276346207e0,7.413496017e0,4.282537401e-1
train,600,c1n[nH]cc1C1CC1,6.707606792e0,-3.018857539e-2,2.552692592e-1,1.276346207e0,6.677418232e0,-1.484539360e-1
train,601,OC1COC1C1CCC1,8.166136742e0,1.505481154e-1,2.552692592e-1,1.276346207e0,8.316684723e0,1.135890722e0
train,602,CCC1[NH+]2CC1(CO)C2,7.719869614e0,-1.821492016e-1,2.552692592e-1,1.276346207e0,7.537720203e0,5.255818367e-1
train,603,O=C1CC2COC(=O)N12,6.879037857e0,-1.361542940e-1,2.552692592e-1,1.276346207e0,6.742883682e0,-9.716258198e-2
train,604,N#CC12COC(CN1)C2,7.129383087e0,3.222557530e-2,2.552692592e-1,1.276346207e0,7.161608696e0,2.309032083e-1
train,605,OCCC1C2CC(O)C12,8.772951126e0,1.129086018e-1,2.552692592e-1,1.276346207e0,8.885859489e0,1.581832051e0
train,606,OCC1CCC(CO)C1,9.202890396e0,1.362767350e-2,2.552692592e-1,1.276346207e0,9.216518402e0,1.840899110e0
train,607,CC1(O)CC12CCCC2,8.726691246e0,3.985021114e-1,2.552692592e-1,1.276346207e0,9.125193596e0,1.769347310e0
train,608,O=C1CNCC2CN12,6.087186813e0,2.176362872e-1,2.552692592e-1,1.276346207e0,6.304822922e0,-4.403776824e-1
train,609,NC=[NH+]CC(CO)=NO,2.179631948e0,-5.297666788e-1,2.552692592e-1,1.276346207e0,1.649865270e0,-4.087478638e0
train,610,CC(O)C#CCO[CH+][NH-],7.553880215e0,6.526471972e-1,2.552692592e-1,1.276346207e0,8.206527710e0,1.049584150e0
train,611,CC1COCC2NC12,8.381106377e0,-6.420301199e-1,2.552692592e-1,1.276346207e0,7.739076138e0,6.833416820e-1
train,612,CCCC1(C)OC1C,9.336226463e0,-2.420610338e-1,2.552692592e-1,1.276346207e0,9.094165802e0,1.745037436e0
train,613,[H]N=C(NC(C)C)C(N)=O,5.472209930e0,-2.914633453e-1,2.552692592e-1,1.276346207e0,5.180746555e0,-1.321077347e0
train,614,CCC(CC)C(C)=O,6.261340141e0,-7.686225697e-3,2.552692592e-1,1.276346207e0,6.253654003e0,-4.804678857e-1
train,615,C1=CC2(CC=CC2)CC1,7.001489162e0,1.113510057e-1,2.552692592e-1,1.276346207e0,7.112840176e0,1.926936805e-1
train,616,C[NH2+][CH+]OC1CC(C)C1,7.401497364e0,4.053996503e-1,2.552692592e-1,1.276346207e0,7.806897163e0,7.364786267e-1
train,617,O=CNC12COC(C1)C2,7.058633804e0,-1.417529434e-1,2.552692592e-1,1.276346207e0,6.916881084e0,3.916219249e-2
train,618,N#Cc1coc(=O)cn1,4.549743652e0,5.244591832e-2,2.552692592e-1,1.276346207e0,4.602189541e0,-1.774369597e0
train,619,CC(=O)C1(CO)CC1O,5.975620270e0,1.215312779e-1,2.552692592e-1,1.276346207e0,6.097151756e0,-6.030854583e-1
train,620,O=C1CC2OC1CC2O,5.874938488e0,-5.518551916e-2,2.552692592e-1,1.276346207e0,5.819753170e0,-8.204237223e-1
train,621,C1CC1C1OCC2NC21,8.506278992e0,2.964692749e-2,2.552692592e-1,1.276346207e0,8.535925865e0,1.307663441e0
train,622,CNC1C([NH-])OC1CO,6.849106312e0,2.199751884e-1,2.552692592e-1,1.276346207e0,7.069081306e0,1.584091485e-1
train,623,Cn1cc(N)nc1CO,5.534795761e0,-1.212064698e-1,2.552692592e-1,1.276346207e0,5.413589478e0,-1.138647914e0
train,624,O=CC1CC([NH+]2CC2)C1,6.070860386e0,-1.208275482e-1,2.552692592e-1,1.276346207e0,5.950032711e0,-7.183513641e-1
train,625,CC12NC1C1NC12,7.385169983e0,-2.745594382e-1,2.552692592e-1,1.276346207e0,7.110610485e0,1.909467429e-1
train,626,CC1C2COCOC1C2,9.012411118e0,-5.255321860e-1,2.552692592e-1,1.276346207e0,8.486879349e0,1.269236088e0
train,627,OCC1C2C3C1C1C2[NH+]31,8.060012817e0,2.089537978e-1,2.552692592e-1,1.276346207e0,8.268966675e0,1.098504305e0
train,628,C#CC(CC)C1C[NH+]1C,7.447756290e0,4.302001745e-2,2.552692592e-1,1.276346207e0,7.490776539e0,4.888020754e-1
train,629,CC1=C(C)C2OC2C1,6.495357990e0,-4.791895151e-1,2.552692592e-1,1.276346207e0,6.016168594e0,-6.665347219e-1
train,630,O=CC1C2C3CC[NH+]2C13,5.733438969e0,-6.070335507e-1,2.552692592e-1,1.276346207e0,5.126405239e0,-1.363653183e0
train,631,COC1CC1CC=O,6.136167526e0,3.621230368e-3,2.552692592e-1,1.276346207e0,6.139788628e0,-5.696799755e-1
train,632,C#CC1NC(=O)C1(C)C,7.287209034e0,3.958849609e-1,2.552692592e-1,1.276346207e0,7.683094025e0,6.394804120e-1
train,633,CC1C(CO)C2(C)CC12,8.626008987e0,1.484283954e-1,2.552692592e-1,1.276346207e0,8.774436951e0,1.494533896e0
train,634,N#CC1[NH2+][CH+]OC12CC2,7.025979519e0,2.182991654e-1,2.552692592e-1,1.276346207e0,7.244278908e0,2.956742644e-1
train,635,C[NH+]1C2CC3OC3(C)C21,8.332126617e0,-1.363548189e-1,2.552692592e-1,1.276346207e0,8.195772171e0,1.041157246e0
train,636,Nc1nc2occc2o1,5.401460171e0,2.390095266e-3,2.552692592e-1,1.276346207e0,5.403850079e0,-1.146278620e0
train,637,CCC12CC3CC1C32O,8.226001740e0,-2.818627656e-1,2.552692592e-1,1.276346207e0,7.944139004e0,8.440058827e-1
train,638,CNC(=O)C1CC1O,6.914412975e0,-1.879752576e-1,2.552692592e-1,1.276346207e0,6.726437569e0,-1.100479066e-1
train,639,CC1=CC2CC3C2C13C,6.421886921e0,1.711743772e-1,2.552692592e-1,1.276346207e0,6.593061447e0,-2.145464271e-1
train,640,NC(=O)C1(CO)CC1,7.240949631e0,-2.695465386e-1,2.552692592e-1,1.276346207e0,6.971403122e0,8.187952638e-2
train,641,O=CC1C2CC(=O)C1N2,5.306220055e0,-2.279278487e-1,2.552692592e-1,1.276346207e0,5.078292370e0,-1.401348948e0
train,642,COc1nc[nH]c1OC,5.945687771e0,2.444990277e-1,2.552692592e-1,1.276346207e0,6.190186977e0,-5.301935077e-1
train,643,O=CC(=O)CC1CN1,3.877622366e0,-1.270660460e-1,2.552692592e-1,1.276346207e0,3.750556231e0,-2.441613436e0
train,644,COC(C)CC(N)C#N,7.738917828e0,2.113680542e-1,2.552692592e-1,1.276346207e0,7.950285912e0,8.488218784e-1
train,645,CC1(O)C(O)C2(C)NC12,8.334847450e0,-2.715170085e-1,2.552692592e-1,1.276346207e0,8.063330650e0,9.373910427e-1
train,646,C#CC(=O)NC(C)CC,6.313041210e0,2.633452117e-1,2.552692592e-1,1.276346207e0,6.576386452e0,-2.276110798e-1
train,647,CC1(C#N)C(=O)C2C[NH+]21,5.823236465e0,2.937436104e-1,2.552692592e-1,1.276346207e0,6.116980076e0,-5.875502229e-1
train,648,OC1CCC12C1CC2C1,8.702200890e0,-1.026125103e-1,2.552692592e-1,1.276346207e0,8.599588394e0,1.357542276e0
train,649,CC1=C2CCC2(C)CC1,6.500800133e0,3.355960175e-2,2.552692592e-1,1.276346207e0,6.534359932e0,-2.605383098e-1
train,650,C#CC1OCC[NH+]2CC12,6.879037857e0,-3.659369349e-1,2.552692592e-1,1.276346207e0,6.513101101e0,-2.771943510e-1
train,651,CC(C)C(C#N)C1CN1,7.640957355e0,4.274614155e-1,2.552692592e-1,1.276346207e0,8.068418503e0,9.413772821e-1
train,652,N#CC1C2C[NH+]1CCO2,6.838221550e0,-3.872782290e-1,2.552692592e-1,1.276346207e0,6.450943470e0,-3.258940876e-1
train,653,CCC1(CCC#N)CO1,8.579750061e0,1.858542114e-1,2.552692592e-1,1.276346207e0,8.765604019e0,1.487613440e0
train,654,N#CC1C=CC(C=O)N1,5.461325169e0,-5.292222500e-1,2.552692592e-1,1.276346207e0,4.932103157e0,-1.515886426e0
train,655,CC1=CN(C)CCC1=O,4.797367573e0,-5.177305639e-2,2.552692592e-1,1.276346207e0,4.745594501e0,-1.662013531e0
train,656,C#CC1CC2OCOC12,7.951167107e0,4.004864395e-1,2.552692592e-1,1.276346207e0,8.351653099e0,1.163287997e0
train,657,[H]N=CNc1ncc(N)o1,5.123903751e0,-1.604574919e-1,2.552692592e-1,1.276346207e0,4.963446140e0,-1.491329551e0
train,658,Oc1nc2c([nH]1)CCO2,6.019158840e0,-2.858777046e-1,2.552692592e-1,1.276346207e0,5.733281136e0,-8.881735206e-1
train,659,C1OC2CC1C1(CO1)C2,8.974315643e0,2.589291036e-1,2.552692592e-1,1.276346207e0,9.233244896e0,1.854004145e0
train,660,C#CC12C(=O)C3CC1C32,6.479031086e0,5.439352989e-1,2.552692592e-1,1.276346207e0,7.022966385e0,1.222786903e-1
train,661,CC#CC1([NH+]2CC2)CC1,7.540275097e0,3.856511116e-1,2.552692592e-1,1.276346207e0,7.925926208e0,8.297363520e-1
train,662,COCC1(C#N)CCC1,8.261377335e0,8.962372690e-2,2.552692592e-1,1.276346207e0,8.351000786e0,1.162776947e0
train,663,O=C1CCOCC1O,6.266781807e0,-3.159888089e-2,2.552692592e-1,1.276346207e0,6.235182762e0,-4.949398637e-1
train,664,N#CC(CN)NCCO,7.428708553e0,-9.457785636e-2,2.552692592e-1,1.276346207e0,7.334130764e0,3.660720587e-1
train,665,O=C1CCC12CC2,5.962014675e0,5.157015324e-1,2.552692592e-1,1.276346207e0,6.477716446e0,-3.049177825e-1
train,666,N#CCCC1CN1,7.940282345e0,5.009987354e-1,2.552692592e-1,1.276346207e0,8.441281319e0,1.233510613e0
train,667,CC12COC3C1CCC32,8.193347931e0,-3.358198106e-1,2.552692592e-1,1.276346207e0,7.857528210e0,7.761473656e-1
train,668,CNC(=O)N(C)CC=O,5.717112064e0,4.807605222e-2,2.552692592e-1,1.276346207e0,5.765188217e0,-8.631746769e-1
train,669,O=CNC1CC1[NH+]1CC1,7.292651653e0,2.699911594e-2,2.552692592e-1,1.276346207e0,7.319650650e0,3.547270894e-1
train,670,CC1C(C=O)COC1[NH-],6.141610146e0,3.573936224e-1,2.552692592e-1,1.276346207e0,6.499003887e0,-2.882393301e-1
train,671,CC12NC1C1(CO)NC21,7.211016655e0,3.038740158e-1,2.552692592e-1,1.276346207e0,7.514890671e0,5.076951981e-1
train,672,C1OC2C3CC1C1C2[NH+]31,8.707643509e0,-1.772757918e-1,2.552692592e-1,1.276346207e0,8.530367851e0,1.303308845e0
train,673,CCC12CC(C#N)C1N2,7.962051392e0,5.046129227e-1,2.552692592e-1,1.276346207e0,8.466664314e0,1.253397822e0
train,674,C#CC(=O)NCC1CO1,6.323925972e0,2.918577790e-1,2.552692592e-1,1.276346207e0,6.615783691e0,-1.967438310e-1
train,675,O=c1cncno1,4.337494850e0,-5.819810182e-2,2.552692592e-1,1.276346207e0,4.279296875e0,-2.027351856e0
train,676,OC12CCC3C1CCC32,8.770229340e0,7.646249980e-2,2.552692592e-1,1.276346207e0,8.846692085e0,1.551144838e0
train,677,O=CC1=CC(=O)C(=O)N1,3.368769646e0,6.972067803e-2,2.552692592e-1,1.276346207e0,3.438490391e0,-2.686113119e0
train,678,CC1(C)[NH+]2CC1(CO)C2,7.815110207e0,2.320132852e-1,2.552692592e-1,1.276346207e0,8.047123909e0,9.246932268e-1
train,679,CO[CH+][NH2+]CCCCO,7.374285698e0,-3.197235987e-2,2.552692592e-1,1.276346207e0,7.342313290e0,3.724829853e-1
train,680,Nc1c[nH]c(O)c1N,6.111677170e0,1.220360100e-1,2.552692592e-1,1.276346207e0,6.233713150e0,-4.960913062e-1
train,681,N#Cc1nccnc1N,4.547022343e0,-1.464848369e-1,2.552692592e-1,1.276346207e0,4.400537491e0,-1.932361364e0
train,682,CC12CC(O[CH+][NH-])C1N2,7.404218197e0,1.313367337e-1,2.552692592e-1,1.276346207e0,7.535554886e0,5.238853693e-1
train,683,CC1CC2(CC(O)C2)O1,8.522605896e0,2.273458689e-1,2.552692592e-1,1.276346207e0,8.749951363e0,1.475349665e0
train,684,CC12CC3C1C(C=O)[NH+]32,5.727996826e0,-1.340543628e-1,2.552692592e-1,1.276346207e0,5.593942642e0,-9.973434806e-1
train,685,N#CCCCCC1CC1,8.718527794e0,-1.197926626e-1,2.552692592e-1,1.276346207e0,8.598734856e0,1.356873512e0
train,686,CC(C)OC(C=O)C=O,5.382411957e0,-3.015662730e-1,2.552692592e-1,1.276346207e0,5.080845833e0,-1.399348378e0
train,687,OCCOC1CCC1O,8.639615059e0,1.531338692e-1,2.552692592e-1,1.276346207e0,8.792749405e0,1.508881450e0
train,688,CC1(O)CC12OC1CC12,8.019195557e0,7.202137262e-2,2.552692592e-1,1.276346207e0,8.091217041e0,9.592396617e-1
train,689,ONC1CCC2CC1C2,6.936182499e0,-5.885095149e-2,2.552692592e-1,1.276346207e0,6.877331734e0,8.175773546e-3
train,690,CN1C=CCCNC1=O,6.141610146e0,-1.201313585e-1,2.552692592e-1,1.276346207e0,6.021478653e0,-6.623743773e-1
train,691,CC1NC(C)(C#N)C1O,7.330747128e0,4.002908468e-1,2.552692592e-1,1.276346207e0,7.731038094e0,6.770439744e-1
train,692,CC(C)(O)CC1COC1,8.049127579e0,-1.591427624e-2,2.552692592e-1,1.276346207e0,8.033213615e0,9.137946963e-1
train,693,CCNc1ncc(N)o1,6.182426929e0,-4.758762941e-2,2.552692592e-1,1.276346207e0,6.134839535e0,-5.735575557e-1
train,694,CC(=[NH2+])Nc1c[nH]nn1,4.408244610e0,4.607088491e-2,2.552692592e-1,1.276346207e0,4.454315662e0,-1.890226841e0
train,695,C#CCn1ccnc1O,6.342973709e0,-2.460306697e-2,2.552692592e-1,1.276346207e0,6.318370819e0,-4.297630787e-1
train,696,C#CC1(C(C)O)NC1C,7.322584152e0,6.365164518e-1,2.552692592e-1,1.276346207e0,7.959100723e0,8.557282090e-1
train,697,N#CC(=O)C1NC1C=O,4.323888779e0,-2.814902961e-1,2.552692592e-1,1.276346207e0,4.042398453e0,-2.212958813e0
train,698,OC1C2CC2C2C(O)C12,7.662726402e0,3.428858221e-1,2.552692592e-1,1.276346207e0,8.005612373e0,8.921694756e-1
train,699,CCC12CC3C4C(C41)[NH+]32,8.291309357e0,-2.189098895e-1,2.552692592e-1,1.276346207e0,8.072399139e0,9.444960952e-1
train,700,CC1=CCC2(CO2)C1O,7.137547016e0,-3.602637947e-1,2.552692592e-1,1.276346207e0,6.777283192e0,-7.021100074e-2
train,701,C#CCC(C)(O)C(C)O,8.283145905e0,-3.516881466e-1,2.552692592e-1,1.276346207e0,7.931457520e0,8.340700865e-1
train,702,Cn1cc2c(n1)C=CC2,5.532074928e0,2.483369410e-1,2.552692592e-1,1.276346207e0,5.780411720e0,-8.512472510e-1
train,703,COCC1OCC2OC12,9.140304565e0,5.200495571e-2,2.552692592e-1,1.276346207e0,9.192309380e0,1.821931720e0
train,704,[NH-]c1[nH+]c(N)noc1=O,5.175605774e0,4.184398055e-1,2.552692592e-1,1.276346207e0,5.594045639e0,-9.972627759e-1
train,705,OC12COCCC1C2,8.557980537e0,-1.474738121e-1,2.552692592e-1,1.276346207e0,8.410507202e0,1.209399462e0
train,706,O=CC(O)C1(O)CC1,5.934803009e0,-2.179692090e-1,2.552692592e-1,1.276346207e0,5.716833591e0,-9.010599256e-1
train,707,CNC=Nc1nnon1,5.140230656e0,2.013579905e-1,2.552692592e-1,1.276346207e0,5.341588497e0,-1.195059776e0
train,708,CNC(=O)c1conn1,5.646362305e0,-7.563543320e-2,2.552692592e-1,1.276346207e0,5.570726871e0,-1.015532732e0
train,709,Cc1cc2c([nH]1)COC2,6.315762520e0,1.645586081e-2,2.552692592e-1,1.276346207e0,6.332218170e0,-4.189138412e-1
train,710,C#CCCC(C#C)C=O,5.978341103e0,1.402807981e-1,2.552692592e-1,1.276346207e0,6.118621826e0,-5.862638950e-1
train,711,CCC12NC1C(O)C2O,7.940282345e0,-4.403355420e-1,2.552692592e-1,1.276346207e0,7.499946594e0,4.959867001e-1
train,712,[NH-]c1[nH+]ncnc1N,4.729339123e0,-1.630672365e-1,2.552692592e-1,1.276346207e0,4.566271782e0,-1.802510619e0
train,713,COC12C[NH+]3C1CC32C,8.917170525e0,-1.291570812e-1,2.552692592e-1,1.276346207e0,8.788013458e0,1.505170941e0
train,714,CC12CC=CC1OCC2,7.094007969e0,1.290767491e-1,2.552692592e-1,1.276346207e0,7.223084927e0,2.790690660e-1
train,715,CC12CC3CC1CC32O,8.889959335e0,2.483085692e-1,2.552692592e-1,1.276346207e0,9.138267517e0,1.779590607e0
train,716,CC12CC1C(=O)N2C=O,6.117119789e0,1.566664875e-2,2.552692592e-1,1.276346207e0,6.132786274e0,-5.751662254e-1
train,717,N#CC1OC2C(O)CC12,7.379727840e0,-1.696533114e-1,2.552692592e-1,1.276346207e0,7.210074425e0,2.688754797e-1
train,718,C1NC1C12OC3CC1C32,7.902186394e0,1.568445563e-1,2.552692592e-1,1.276346207e0,8.059030533e0,9.340219498e-1
train,719,C#CC1COC1(C)CC,7.763408184e0,-1.380168498e-1,2.552692592e-1,1.276346207e0,7.625391483e0,5.942711830e-1
train,720,N#CC12CC1[NH+]1CCC12,6.715770245e0,-2.835932076e-1,2.552692592e-1,1.276346207e0,6.432177067e0,-3.405973017e-1
train,721,C[NH+]1CC12C1CC2(C)O1,8.628729820e0,-7.671106607e-2,2.552692592e-1,1.276346207e0,8.552019119e0,1.320272326e0
train,722,CC(=O)C(C)OC(N)=O,6.258618832e0,-5.079627037e-1,2.552692592e-1,1.276346207e0,5.750656128e0,-8.745604157e-1
train,723,CC12CC3OC4C(C31)C42,8.381106377e0,-5.506078154e-2,2.552692592e-1,1.276346207e0,8.326045990e0,1.143225193e0
train,724,O=CC#CC(=O)C1CN1,5.042269707e0,-2.420782596e-1,2.552692592e-1,1.276346207e0,4.800191402e0,-1.619237542e0
train,725,O=CC1CC(CCO)C1,6.160657883e0,-1.658777744e-1,2.552692592e-1,1.276346207e0,5.994780064e0,-6.832923889e-1
train,726,C[NH+]=C(N)OCC(=O)[O-],3.785103798e0,-5.371831357e-2,2.552692592e-1,1.276346207e0,3.731385469e0,-2.456633568e0
train,727,CC1CC2(O)C(CO)C12,7.869533062e0,-3.519552574e-2,2.552692592e-1,1.276346207e0,7.834337711e0,7.579779029e-1
train,728,CNCc1ncon1,5.534795761e0,3.084444702e-1,2.552692592e-1,1.276346207e0,5.843240261e0,-8.020219207e-1
train,729,CC1OC(C)C2CCC12,8.802883148e0,-2.931370735e-1,2.552692592e-1,1.276346207e0,8.509746552e0,1.287152290e0
train,730,[H]N=C(C=O)NCCCO,4.636819839e0,-1.526150256e-1,2.552692592e-1,1.276346207e0,4.484204769e0,-1.866809130e0
train,731,N#CC(O)(C=O)C1CO1,6.005552769e0,2.259410769e-1,2.552692592e-1,1.276346207e0,6.231493950e0,-4.978300035e-1
train,732,C#CCC1C[NH+]1CC#N,7.322584152e0,-1.388402842e-2,2.552692592e-1,1.276346207e0,7.308700085e0,3.461474478e-1
train,733,C#CC1CC2CCC12C,8.092665672e0,2.330822498e-1,2.552692592e-1,1.276346207e0,8.325747490e0,1.142991304e0
train,734,CC1C=CC2C(C)C2C1,6.745702267e0,-4.935155809e-2,2.552692592e-1,1.276346207e0,6.696350574e0,-1.336206943e-1
train,735,COc1n[nH]cc1N,6.049090862e0,-4.906598628e-1,2.552692592e-1,1.276346207e0,5.558431149e0,-1.025166273e0
train,736,N#CC1C2CCC1CC2,9.162073135e0,-1.144382581e-1,2.552692592e-1,1.276346207e0,9.047635078e0,1.708581209e0
train,737,C#CC1(C)CCC1C,8.258655548e0,5.391113162e-1,2.552692592e-1,1.276346207e0,8.797766685e0,1.512812376e0
train,738,O=CC12CC[NH+]1C2CO,5.744323254e0,-3.471097350e-2,2.552692592e-1,1.276346207e0,5.709612370e0,-9.067176580e-1
train,739,CC1CC2OC2C12CO2,8.914449692e0,-1.025761291e-2,2.552692592e-1,1.276346207e0,8.904191971e0,1.596195340e0
train,740,CC12COC(C=O)C1O2,6.000110626e0,-1.641547382e-1,2.552692592e-1,1.276346207e0,5.835956097e0,-8.077289462e-1
train,741,N#CCC1(CO)CC1,8.541653633e0,-3.106940091e-1,2.552692592e-1,1.276346207e0,8.230959892e0,1.068726420e0
train,742,CCOCC(CO)CO,8.549818039e0,-1.822133809e-1,2.552692592e-1,1.276346207e0,8.367604256e0,1.175785542e0
train,743,OC1C2CCOCC12,8.250492096e0,1.172089353e-1,2.552692592e-1,1.276346207e0,8.367700577e0,1.175861001e0
train,744,CC(O)C1C(O)C1C=O,6.128004074e0,-2.236283273e-1,2.552692592e-1,1.276346207e0,5.904375553e0,-7.541231513e-1
train,745,CCC1CC([NH-])OC1C,7.790619850e0,-8.013399690e-2,2.552692592e-1,1.276346207e0,7.710485935e0,6.609416008e-1
train,746,COCC1COC1C#N,7.279046059e0,4.050401151e-1,2.552692592e-1,1.276346207e0,7.684086323e0,6.402578354e-1
train,747,CC1CCC(=O)OC1C,7.409660339e0,-4.763455689e-2,2.552692592e-1,1.276346207e0,7.362025738e0,3.879274428e-1
train,748,CCOC1CCOC1,8.889959335e0,-8.470532298e-2,2.552692592e-1,1.276346207e0,8.805253983e0,1.518678665e0
train,749,[H]N=CNC(=O)CC=O,5.953851223e0,-1.820354611e-1,2.552692592e-1,1.276346207e0,5.771815777e0,-8.579820991e-1
train,750,CCC1C2C(C)OC12C,8.435529709e0,4.530745372e-2,2.552692592e-1,1.276346207e0,8.480836868e0,1.264501929e0
train,751,Cc1nn[nH]c1NC=O,5.575613022e0,9.704064578e-2,2.552692592e-1,1.276346207e0,5.672653675e0,-9.356743693e-1
train,752,O=C1NCC12C1COC12,7.050469875e0,2.321205474e-2,2.552692592e-1,1.276346207e0,7.073681831e0,1.620136052e-1
train,753,OCC#CCC1CO1,7.725312233e0,2.603812814e-1,2.552692592e-1,1.276346207e0,7.985693455e0,8.765632510e-1
train,754,CC1(O)C2CNC21C#N,6.473588943e0,-8.979235590e-2,2.552692592e-1,1.276346207e0,6.383796692e0,-3.785027266e-1
train,755,CC#Cc1cc(C)on1,5.929360867e0,5.291168094e-1,2.552692592e-1,1.276346207e0,6.458477497e0,-3.199912608e-1
train,756,[H]N=C(C[NH+](C)C)NC=O,6.005552769e0,3.850317895e-1,2.552692592e-1,1.276346207e0,6.390584469e0,-3.731845915e-1
train,757,C#CC1C(O)C2CC12,7.943003654e0,-5.156007037e-2,2.552692592e-1,1.276346207e0,7.891443729e0,8.027197719e-1
train,758,O=C1OC2[NH2+]CC3C1C23,5.913033962e0,-2.848128416e-2,2.552692592e-1,1.276346207e0,5.884552479e0,-7.696542740e-1
train,759,CC12C3CC1(O)C[NH+]32,7.937561512e0,3.177315891e-1,2.552692592e-1,1.276346207e0,8.255292892e0,1.087790966e0
train,760,C#CC(C)NC(C)C#N,7.306257248e0,-4.278519750e-1,2.552692592e-1,1.276346207e0,6.878405094e0,9.016737342e-3
train,761,CC1CC12CCOC2=O,7.551159859e0,2.616465092e-2,2.552692592e-1,1.276346207e0,7.577324390e0,5.566112399e-1
train,762,C1OC23C1OC1C2OC13,7.515784740e0,1.386528611e-1,2.552692592e-1,1.276346207e0,7.654437542e0,6.170284152e-1
train,763,CCOC1CC1(O)C#N,7.289929867e0,-6.115669757e-2,2.552692592e-1,1.276346207e0,7.228773117e0,2.835256755e-1
train,764,CC12CC1OC(N)[NH2+]2,7.385169983e0,-2.082257420e-1,2.552692592e-1,1.276346207e0,7.176944256e0,2.429184169e-1
train,765,OCCC1(O)CC2NC21,8.166136742e0,-3.449000120e-1,2.552692592e-1,1.276346207e0,7.821236610e0,7.477133870e-1
train,766,C1CC2NC23CNC3[NH2+]1,6.601481915e0,-4.539638758e-1,2.552692592e-1,1.276346207e0,6.147518158e0,-5.636239648e-1
train,767,CC12OC3C4CC4C1C32,7.975656986e0,-4.544668198e-1,2.552692592e-1,1.276346207e0,7.521190166e0,5.126307607e-1
train,768,CC1OC(=O)NC12CC2,8.060012817e0,-4.347216487e-1,2.552692592e-1,1.276346207e0,7.625291348e0,5.941927433e-1
train,769,OC1CC2CC12O,8.914449692e0,2.354013473e-1,2.552692592e-1,1.276346207e0,9.149850845e0,1.788665891e0
train,770,O=C(C(O)CO)N1CC1,6.525290489e0,3.206723928e-1,2.552692592e-1,1.276346207e0,6.845963001e0,-1.640123501e-2
train,771,CC1C2C=CC1OCC2,6.704885483e0,4.464928508e-1,2.552692592e-1,1.276346207e0,7.151378155e0,2.228876948e-1
train,772,CC12CCOC1C2CO,8.666826248e0,-4.861919582e-2,2.552692592e-1,1.276346207e0,8.618206978e0,1.372129679e0
train,773,CC1=CCC2NC2C=C1,5.132067680e0,-2.982264571e-2,2.552692592e-1,1.276346207e0,5.102244854e0,-1.382582545e0
train,774,Nc1cccc(N)c1N,5.779698372e0,-1.310824305e-1,2.552692592e-1,1.276346207e0,5.648615837e0,-9.545077085e-1
train,775,O=Cc1coc(=O)o1,5.148394108e0,5.616973639e-1,2.552692592e-1,1.276346207e0,5.710091591e0,-9.063422084e-1
train,776,CC1=CC2CC1(C)CO2,6.723933220e0,-2.693157792e-1,2.552692592e-1,1.276346207e0,6.454617500e0,-3.230155110e-1
train,777,CC1CCC(O)C(=O)O1,7.529390335e0,-3.602687418e-1,2.552692592e-1,1.276346207e0,7.169121742e0,2.367895842e-1
train,778,Cc1nc(O)n(C)c1N,6.664068222e0,-3.283496797e-1,2.552692592e-1,1.276346207e0,6.335718632e0,-4.161712825e-1
train,779,COCC1CN(C=O)C1,7.262719154e0,-7.376512885e-2,2.552692592e-1,1.276346207e0,7.188953876e0,2.523277998e-1
train,780,COCC(N)C(=O)OC,7.015095711e0,9.547304362e-2,2.552692592e-1,1.276346207e0,7.110568523e0,1.909138709e-1
train,781,C#CCC(C)(C)CC,8.432807922e0,1.745387316e-1,2.552692592e-1,1.276346207e0,8.607346535e0,1.363620639e0
train,782,C#CC1(C)OC1COC,7.785177231e0,2.227372825e-1,2.552692592e-1,1.276346207e0,8.007914543e0,8.939731717e-1
train,783,c1nc(C2CCO2)co1,6.639578342e0,-8.233821392e-2,2.552692592e-1,1.276346207e0,6.557240009e0,-2.426120639e-1
train,784,CC1(C)C(=O)CNC1=O,5.689900398e0,-5.162094235e-1,2.552692592e-1,1.276346207e0,5.173690796e0,-1.326605439e0
train,785,CCC12OCC1(C)C2C,8.114435196e0,1.969467700e-1,2.552692592e-1,1.276346207e0,8.311382294e0,1.131736398e0
train,786,CC1(CO)OCC1C#N,7.679053307e0,-1.770437658e-1,2.552692592e-1,1.276346207e0,7.502009392e0,4.976028800e-1
train,787,CC12C[NH+]3C(CO1)C32,8.658662796e0,-6.981475651e-2,2.552692592e-1,1.276346207e0,8.588848114e0,1.349127293e0
train,788,CC1C2COCC1C2=O,6.119840622e0,7.971346378e-2,2.552692592e-1,1.276346207e0,6.199553967e0,-5.228545666e-1
train,789,O=CNC1C(O)C2CC21,7.132104397e0,5.745813847e-1,2.552692592e-1,1.276346207e0,7.706686020e0,6.579644084e-1
train,790,N#CC1(O)COC1,7.390612602e0,-1.517924666e-1,2.552692592e-1,1.276346207e0,7.238820076e0,2.913973331e-1
train,791,OC12CC3CC3(O)C1C2,8.623288155e0,-4.950836301e-1,2.552692592e-1,1.276346207e0,8.128204346e0,9.882187247e-1
train,792,OCCc1ncccn1,5.676295280e0,-1.575240791e-1,2.552692592e-1,1.276346207e0,5.518771172e0,-1.056239367e0
train,793,C1CC2(C[NH+]3CC3)OC12,8.903565407e0,1.810306013e-1,2.552692592e-1,1.276346207e0,9.084595680e0,1.737539291e0
train,794,C1=CC23OCC24NC3C14,5.540238380e0,1.867520213e-1,2.552692592e-1,1.276346207e0,5.726990223e0,-8.931023479e-1
train,795,CCC1(O)C2OCOC21,8.247770309e0,3.460830450e-1,2.552692592e-1,1.276346207e0,8.593852997e0,1.353048563e0
train,796,CC1CC(=O)OC(C)C1,7.390612602e0,-5.478977785e-2,2.552692592e-1,1.276346207e0,7.335823059e0,3.673979640e-1
train,797,CC1CC2OC(C)C12O,8.095387459e0,-3.525959700e-2,2.552692592e-1,1.276346207e0,8.060128212e0,9.348819256e-1
train,798,CC1CC2=CCOCC21,6.974278450e0,2.089190185e-1,2.552692592e-1,1.276346207e0,7.183197498e0,2.478177547e-1
train,799,CCC1CCC(=O)OC1,7.371564865e0,7.826320082e-2,2.552692592e-1,1.276346207e0,7.449828148e0,4.567195177e-1
train,800,Cc1[nH]ccc1C1CC1,6.413723469e0,1.948276609e-1,2.552692592e-1,1.276346207e0,6.608551025e0,-2.024105340e-1
train,801,C#CCCC#CCCC,7.888580799e0,-2.317347378e-1,2.552692592e-1,1.276346207e0,7.656846046e0,6.189154387e-1
train,802,CC1C2(O)COCC12O,8.016474724e0,2.201935947e-1,2.552692592e-1,1.276346207e0,8.236668587e0,1.073199153e0
train,803,[NH-][CH+]OCCC1CO1,7.736196995e0,1.906991154e-1,2.552692592e-1,1.276346207e0,7.926896095e0,8.304962516e-1
train,804,CC[NH+]1C2CCC(O)C21,7.684495449e0,-1.183729023e-1,2.552692592e-1,1.276346207e0,7.566122532e0,5.478346944e-1
train,805,C1COC2CC(C2)O1,8.579750061e0,-5.518271355e-4,2.552692592e-1,1.276346207e0,8.579197884e0,1.341566563e0
train,806,COc1c[nH]nn1,6.079023361e0,-1.032484919e-1,2.552692592e-1,1.276346207e0,5.975774765e0,-6.981827617e-1
train,807,CCC(CC)COC=O,7.790619850e0,2.425435781e-1,2.552692592e-1,1.276346207e0,8.033163071e0,9.137551188e-1
train,808,C#Cc1ccc(C#C)o1,4.617772102e0,2.629109919e-1,2.552692592e-1,1.276346207e0,4.880682945e0,-1.556173444e0
train,809,CC(=O)CC1=NCCO1,6.359301090e0,-2.029884309e-1,2.552692592e-1,1.276346207e0,6.156312466e0,-5.567337871e-1
train,810,C1=NCCCC[NH2+][CH+]N1,5.357921600e0,2.594673634e-1,2.552692592e-1,1.276346207e0,5.617388725e0,-9.789737463e-1
train,811,Cc1ncccc(=O)n1,4.391917706e0,1.944055557e-1,2.552692592e-1,1.276346207e0,4.586323261e0,-1.786800623e0
train,812,C#Cc1[nH]nnc1CC,5.673573971e0,1.960472912e-1,2.552692592e-1,1.276346207e0,5.869621277e0,-7.813526988e-1
train,813,CC(C)C1NC1CC#N,8.092665672e0,-1.967368871e-1,2.552692592e-1,1.276346207e0,7.895928860e0,8.062338233e-1
train,814,O=C1OCCC1C1CC1,7.311699390e0,-1.514829695e-1,2.552692592e-1,1.276346207e0,7.160216331e0,2.298122942e-1
train,815,CC1(NC(=O)CO)CC1,7.447756290e0,1.590063125e-1,2.552692592e-1,1.276346207e0,7.606762409e0,5.796755552e-1
train,816,Cc1nc(CCO)co1,6.495357990e0,-7.543902099e-2,2.552692592e-1,1.276346207e0,6.419919014e0,-3.502013385e-1
train,817,CCC(C)(O)C(=O)NC,7.303536415e0,-1.971315742e-1,2.552692592e-1,1.276346207e0,7.106404781e0,1.876516342e-1
train,818,O=CC12CCC(C1)OC2,6.062696934e0,2.010387182e-1,2.552692592e-1,1.276346207e0,6.263735771e0,-4.725689590e-1
train,819,CC1=CC=CC(O)CC1,4.987847328e0,-4.091956913e-1,2.552692592e-1,1.276346207e0,4.578651428e0,-1.792811394e0
train,820,CC1OCC(=O)NC1[NH-],6.498078823e0,1.846333593e-1,2.552692592e-1,1.276346207e0,6.682712078e0,-1.443062872e-1
train,821,OC1C2OCC3OC2C31,8.073617935e0,2.287966311e-1,2.552692592e-1,1.276346207e0,8.302414894e0,1.124710560e0
train,822,ONC1COC2CC12O,6.269503117e0,-2.490322739e-1,2.552692592e-1,1.276346207e0,6.020470619e0,-6.631641388e-1
train,823,C#CC(=O)C[NH+](C)CC,4.492599487e0,-5.814187229e-2,2.552692592e-1,1.276346207e0,4.434457779e0,-1.905785322e0
train,824,CC(C)C1OCC1(C)O,8.323963165e0,3.098963201e-1,2.552692592e-1,1.276346207e0,8.633859634e0,1.384393334e0
train,825,CC1C2CC(C)(O)C12C,8.557980537e0,-1.540979743e-1,2.552692592e-1,1.276346207e0,8.403882980e0,1.204209447e0
train,826,CCC1(CNC=O)CC1,7.632793427e0,2.215640843e-1,2.552692592e-1,1.276346207e0,7.854357719e0,7.736633420e-1
train,827,CC12CC1C(=O)C21CO1,5.910312653e0,3.464723825e-1,2.552692592e-1,1.276346207e0,6.256784916e0,-4.780148566e-1
train,828,CNC(C#N)C1CC1O,6.990605354e0,9.464706481e-2,2.552692592e-1,1.276346207e0,7.085252285e0,1.710789055e-1
train,829,O=C1NCC2(CN2)C1=O,4.522532463e0,-2.310829014e-1,2.552692592e-1,1.276346207e0,4.291449547e0,-2.017830372e0
train,830,C#CCNC(C=O)C=O,5.170163155e0,-3.991429210e-1,2.552692592e-1,1.276346207e0,4.771020412e0,-1.642092705e0
train,831,C#CCCC1OC1(C)C,8.563423157e0,-3.355074823e-1,2.552692592e-1,1.276346207e0,8.227915764e0,1.066341400e0
train,832,C#CC12CCC1CC2C,7.703543663e0,1.632272154e-1,2.552692592e-1,1.276346207e0,7.866770744e0,7.833887935e-1
train,833,OC12CC3CC4C3C1C42,8.277703285e0,-2.532616816e-2,2.552692592e-1,1.276346207e0,8.252377510e0,1.085506916e0
train,834,O=C1CC2(CN2)C1CO,5.836842060e0,-3.097577095e-1,2.552692592e-1,1.276346207e0,5.527084351e0,-1.049726129e0
train,835,CC1(O)CC12OCC2O,7.836878777e0,-3.762924075e-1,2.552692592e-1,1.276346207e0,7.460586548e0,4.651485980e-1
train,836,CC1=CC2OC2C1C#N,6.576991558e0,1.701357961e-1,2.552692592e-1,1.276346207e0,6.747127533e0,-9.383758157e-2
train,837,C#CC(C=O)C(O)C#N,5.893986225e0,-1.431277208e-2,2.552692592e-1,1.276346207e0,5.879673481e0,-7.734769583e-1
train,838,CC1=CCCCC12CN2,6.547059536e0,-2.346551567e-1,2.552692592e-1,1.276346207e0,6.312404156e0,-4.344378710e-1
train,839,[NH-][CH+]OC(=O)C(=O)CO,4.753829479e0,2.235175222e-1,2.552692592e-1,1.276346207e0,4.977346897e0,-1.480438471e0
train,840,Nc1c[nH]c([N+](=O)[O-])c1,3.779661417e0,4.093273878e-1,2.552692592e-1,1.276346207e0,4.188988686e0,-2.098107338e0
train,841,CCC(C=O)(C=O)NC,5.153836727e0,-8.356652223e-3,2.552692592e-1,1.276346207e0,5.145480156e0,-1.348708153e0
train,842,CNC(=O)C(=O)C1CO1,4.615050793e0,6.716760248e-2,2.552692592e-1,1.276346207e0,4.682218552e0,-1.711667776e0
train,843,Cc1ncoc1NC=O,5.736160278e0,3.311273754e-1,2.552692592e-1,1.276346207e0,6.067287445e0,-6.264837384e-1
train,844,Cc1ccc(NC=O)[nH]1,5.208259583e0,-1.895751804e-1,2.552692592e-1,1.276346207e0,5.018684387e0,-1.448051095e0
train,845,O=C1OCC=C2CCN12,6.157936573e0,4.102640748e-1,2.552692592e-1,1.276346207e0,6.568200588e0,-2.340245992e-1
train,846,CCOc1ncc[nH]1,6.857269287e0,-1.330897212e-1,2.552692592e-1,1.276346207e0,6.724179745e0,-1.118168831e-1
train,847,CC1OC(C)(C)C1CO,8.299472809e0,9.909499437e-3,2.552692592e-1,1.276346207e0,8.309382439e0,1.130169511e0
train,848,CNc1cc(C)n(C)n1,5.915755272e0,-9.722565114e-2,2.552692592e-1,1.276346207e0,5.818529606e0,-8.213824034e-1
train,849,CC1(C)CC2C=CC1C2,6.884480476e0,-3.039658666e-1,2.552692592e-1,1.276346207e0,6.580514431e0,-2.243768573e-1
train,850,CCC1C=CC2CC2C1,6.816452026e0,-1.032157615e-1,2.552692592e-1,1.276346207e0,6.713236332e0,-1.203909144e-1
train,851,Cn1c(N)nnc1N,6.745702267e0,3.160178363e-1,2.552692592e-1,1.276346207e0,7.061719894e0,1.526415795e-1
train,852,O=C1C2C(O)C3C2C13O,6.421886921e0,4.003313482e-1,2.552692592e-1,1.276346207e0,6.822218418e0,-3.500481695e-2
train,853,CC1CC2CC(=O)C12,5.874938488e0,3.885831833e-1,2.552692592e-1,1.276346207e0,6.263521671e0,-4.727366865e-1
train,854,CNC(C#N)C1OC1C,7.469525814e0,1.158759221e-1,2.552692592e-1,1.276346207e0,7.585401535e0,5.629395843e-1
train,855,CC12CNC(C1)C([NH-])O2,7.031421661e0,3.904940188e-1,2.552692592e-1,1.276346207e0,7.421915531e0,4.348503351e-1
train,856,O=CC[NH+]1CC2CCC21,5.382411957e0,4.305267930e-1,2.552692592e-1,1.276346207e0,5.812938690e0,-8.257628083e-1
train,857,CC1=C(CO)CNC1=O,6.062696934e0,-1.113522053e-1,2.552692592e-1,1.276346207e0,5.951344490e0,-7.173236012e-1
train,858,CC(C)C(=O)NCC#N,7.355237484e0,-1.322876662e-1,2.552692592e-1,1.276346207e0,7.222949982e0,2.789633274e-1
train,859,COCC1OCC1OC,8.530769348e0,9.371364862e-2,2.552692592e-1,1.276346207e0,8.624483109e0,1.377046943e0
train,860,N#CC[NH+]1CC2CCC21,6.903528214e0,-1.112101972e-1,2.552692592e-1,1.276346207e0,6.792317867e0,-5.843152106e-2
train,861,C#Cc1[nH]cc(N)c1N,5.170163155e0,-1.372047514e-1,2.552692592e-1,1.276346207e0,5.032958508e0,-1.436867476e0
train,862,C1=CC2(CN2)C[NH+]2CC12,6.049090862e0,6.867659837e-2,2.552692592e-1,1.276346207e0,6.117767334e0,-5.869333744e-1
train,863,CC(C)(O)C1NC1(C)C,8.446413994e0,1.471727490e-1,2.552692592e-1,1.276346207e0,8.593586922e0,1.352840185e0
train,864,CC12C3C[NH+]1C2C3NO,6.579712868e0,3.309905231e-1,2.552692592e-1,1.276346207e0,6.910703182e0,3.432188556e-2
train,865,[NH-]C1OC23CNC2C1C3,7.015095711e0,1.404795796e-1,2.552692592e-1,1.276346207e0,7.155575275e0,2.261760980e-1
train,866,CC1CC(C#N)C1(C)O,8.168857574e0,-2.021911293e-1,2.552692592e-1,1.276346207e0,7.966666222e0,8.616556525e-1
train,867,C#CC12CC[NH+]1C2C=O,5.368806362e0,-3.640728295e-1,2.552692592e-1,1.276346207e0,5.004733562e0,-1.458981395e0
train,868,CCn1cncnc1=O,5.477651596e0,-1.922018975e-1,2.552692592e-1,1.276346207e0,5.285449505e0,-1.239043951e0
train,869,O=C1C2CC3(COC13)N2,5.360642910e0,6.305203587e-2,2.552692592e-1,1.276346207e0,5.423695087e0,-1.130730271e0
train,870,CCC(C)C(C=O)C=O,5.303499222e0,-4.051046968e-1,2.552692592e-1,1.276346207e0,4.898394585e0,-1.542296648e0
train,871,CCC1C[NH+]1CCO,8.585191727e0,-5.457302332e-1,2.552692592e-1,1.276346207e0,8.039461136e0,9.186895490e-1
train,872,CC1OC([NH-])CC12CC2,7.774292946e0,1.880573332e-1,2.552692592e-1,1.276346207e0,7.962350368e0,8.582742214e-1
train,873,CC(=O)OC1C(C)C1O,6.938903332e0,2.773758173e-1,2.552692592e-1,1.276346207e0,7.216279030e0,2.737367153e-1
train,874,CC(O)C(O)C1OC1C,8.568865776e0,1.463683248e-1,2.552692592e-1,1.276346207e0,8.715233803e0,1.448148966e0
train,875,CCC1(C)CC1(O)CC,8.694037437e0,-3.365808725e-1,2.552692592e-1,1.276346207e0,8.357456207e0,1.167834640e0
train,876,O=CN1C2C3C=CC2C31,5.880380630e0,1.958357543e-1,2.552692592e-1,1.276346207e0,6.076216221e0,-6.194881797e-1
train,877,C#CC1C2CC3C2C13O,7.665446758e0,2.226536125e-1,2.552692592e-1,1.276346207e0,7.888100147e0,8.001001477e-1
train,878,COC(=O)C1(C)OC1C,7.287209034e0,-6.139000761e-4,2.552692592e-1,1.276346207e0,7.286595345e0,3.288286626e-1
train,879,Cn1cnc(C=O)c1O,5.398738861e0,-3.781366944e-1,2.552692592e-1,1.276346207e0,5.020602226e0,-1.446548462e0
train,880,C1OC2(CC2)C2CC1O2,8.699480057e0,5.749281868e-2,2.552692592e-1,1.276346207e0,8.756973267e0,1.480851293e0
train,881,CC12C[NH+](CC1=O)C2,5.591939926e0,-4.009544104e-2,2.552692592e-1,1.276346207e0,5.551844597e0,-1.030326724e0
train,882,COC1(C)C(C)C1O,8.021917343e0,5.122550130e-1,2.552692592e-1,1.276346207e0,8.534172058e0,1.306289315e0
train,883,CCC1OC(C)(C)C1C,8.528048515e0,2.528142631e-1,2.552692592e-1,1.276346207e0,8.780862808e0,1.499568462e0
train,884,CC1=C(N)C2CN2C1=O,5.327989578e0,-2.271765023e-1,2.552692592e-1,1.276346207e0,5.100812912e0,-1.383704424e0
train,885,COC1COC1[NH-],7.360680103e0,-3.520593047e-1,2.552692592e-1,1.276346207e0,7.008620739e0,1.110390574e-1
train,886,CC1NC1(C)C(O)C#N,6.971556664e0,4.951941967e-2,2.552692592e-1,1.276346207e0,7.021076202e0,1.207977608e-1
train,887,[H]N=CNC(=O)OC(C)C,6.898086548e0,-3.372051716e-1,2.552692592e-1,1.276346207e0,6.560881615e0,-2.397589236e-1
train,888,CC1(O)CC=CCCC1,6.840942383e0,-1.828384548e-1,2.552692592e-1,1.276346207e0,6.658103943e0,-1.635864526e-1
train,889,Cc1nccn1C(N)=O,5.763371468e0,3.676674366e-1,2.552692592e-1,1.276346207e0,6.131038666e0,-5.765354633e-1
train,890,Cc1c(O)cnnc1F,5.327989578e0,6.543579698e-1,2.552692592e-1,1.276346207e0,5.982347488e0,-6.930331588e-1
train,891,C#CC(=O)N(C)C(C)C,5.956572056e0,-8.818241954e-2,2.552692592e-1,1.276346207e0,5.868389606e0,-7.823176980e-1
train,892,C1=C(C2CC2)C2CC1C2,6.141610146e0,-7.205099463e-1,2.552692592e-1,1.276346207e0,5.421100140e0,-1.132763386e0
train,893,CC1(C2(C#N)CO2)CC1,7.943003654e0,1.414709538e-1,2.552692592e-1,1.276346207e0,8.084474564e0,9.539570212e-1
train,894,[NH-][CH+]OCC1CC(=O)O1,7.249113560e0,-2.612853050e-1,2.552692592e-1,1.276346207e0,6.987828255e0,9.474840760e-2
train,895,CN(C=O)CC1(O)CC1,7.251834393e0,4.131678119e-2,2.552692592e-1,1.276346207e0,7.293151379e0,3.339652419e-1
train,896,C#CCC1C(O)C2NC12,8.234165192e0,2.046267539e-1,2.552692592e-1,1.276346207e0,8.438792229e0,1.231560469e0
train,897,C1C2C3COC4C1C2C34,8.519885063e0,-2.255425751e-1,2.552692592e-1,1.276346207e0,8.294342041e0,1.118385553e0
train,898,CC1(O)C2CC1C1NC12,8.329405785e0,2.003554553e-1,2.552692592e-1,1.276346207e0,8.529761314e0,1.302833557e0
train,899,COC(CO)C(C)(C)C,8.522605896e0,-8.796460181e-2,2.552692592e-1,1.276346207e0,8.434640884e0,1.228307962e0
train,900,O=C(CO)C1(O)CC1,6.315762520e0,1.486558914e-1,2.552692592e-1,1.276346207e0,6.464418411e0,-3.153366148e-1
train,901,O=c1[nH]c2c(o1)CCC2,6.536174774e0,3.060962558e-1,2.552692592e-1,1.276346207e0,6.842270851e0,-1.929398812e-2
train,902,C#Cc1onc(N)c1N,5.028664112e0,-7.945466042e-2,2.552692592e-1,1.276346207e0,4.949209213e0,-1.502483964e0
train,903,OCC1CC(NO)CO1,6.775634766e0,8.031519502e-2,2.552692592e-1,1.276346207e0,6.855949879e0,-8.576641791e-3
train,904,CC12CC3CC1(O)C32,8.231444359e0,3.882370591e-1,2.552692592e-1,1.276346207e0,8.619681358e0,1.373284817e0
train,905,C[NH2+]C1OCC1[NH+](C)C,6.718491554e0,-4.167180657e-1,2.552692592e-1,1.276346207e0,6.301773548e0,-4.427668452e-1
train,906,N#CCC(C#N)CN,7.513063908e0,-3.441432416e-1,2.552692592e-1,1.276346207e0,7.168920517e0,2.366319150e-1
train,907,N#CC1CC2CNC2[NH2+]1,6.753865719e0,3.924906254e-2,2.552692592e-1,1.276346207e0,6.793114662e0,-5.780724436e-2
train,908,CCc1noc(CN)n1,6.359301090e0,-1.402231865e-2,2.552692592e-1,1.276346207e0,6.345278740e0,-4.086810648e-1
train,909,N#CC(O)CC#CCO,7.213738441e0,5.279986858e-1,2.552692592e-1,1.276346207e0,7.741737366e0,6.854267120e-1
train,910,C1=CCOCCOC1,6.274945736e0,-3.082923293e-1,2.552692592e-1,1.276346207e0,5.966653347e0,-7.053292990e-1
train,911,CC(C)(O)CNCC#N,7.336189747e0,2.169517726e-1,2.552692592e-1,1.276346207e0,7.553141594e0,5.376642942e-1
train,912,C#CC(O)C1CC(C)C1,8.040965080e0,5.216866732e-1,2.552692592e-1,1.276346207e0,8.562651634e0,1.328602791e0
train,913,OC1C2C3CC1(O)C2O3,8.049127579e0,-2.746011615e-1,2.552692592e-1,1.276346207e0,7.774526596e0,7.111166716e-1
train,914,C1=CC23CC2CC(C1)O3,6.362021923e0,5.708293244e-2,2.552692592e-1,1.276346207e0,6.419105053e0,-3.508390784e-1
train,915,CCC1CC1(C)CC#N,8.560701370e0,-1.057104766e-1,2.552692592e-1,1.276346207e0,8.454991341e0,1.244252205e0
train,916,C1=CC23CC2OCC1O3,5.839563370e0,-2.814538777e-1,2.552692592e-1,1.276346207e0,5.558109283e0,-1.025418401e0
train,917,O=Cc1cn(C=O)cn1,4.892607212e0,8.277998865e-2,2.552692592e-1,1.276346207e0,4.975387096e0,-1.481974006e0
train,918,OCC1CC12C[NH+]1CC12,7.885859489e0,4.760646448e-2,2.552692592e-1,1.276346207e0,7.933465958e0,8.356436491e-1
train,919,OC1CC2CC12[NH+]1CC1,7.910349369e0,-9.873031080e-2,2.552692592e-1,1.276346207e0,7.811619282e0,7.401783466e-1
train,920,Nc1cc(O)[nH]c1O,6.008274078e0,-5.945786238e-1,2.552692592e-1,1.276346207e0,5.413695335e0,-1.138564944e0
train,921,N#Cc1cc[nH]n1,6.598761082e0,2.705517411e-1,2.552692592e-1,1.276346207e0,6.869312763e0,1.893010573e-3
train,922,OCCC1(O)C2COC21,7.975656986e0,2.533103712e-2,2.552692592e-1,1.276346207e0,8.000988007e0,8.885463476e-1
train,923,OC1C[NH+]2CC3CCC132,7.325304985e0,-5.294374749e-2,2.552692592e-1,1.276346207e0,7.272361279e0,3.176764548e-1
train,924,N#CC1NCC1[NH+]1CC1,7.006931782e0,3.637591302e-1,2.552692592e-1,1.276346207e0,7.370690823e0,3.947164118e-1
train,925,CC12C3CC4[CH-]C3C1C42,3.227270365e0,-2.110033184e-1,2.552692592e-1,1.276346207e0,3.016267061e0,-3.016919851e0
train,926,[NH-][CH+]OC12CC[NH+](C1)C2,6.865432262e0,8.510749042e-2,2.552692592e-1,1.276346207e0,6.950539589e0,6.553320587e-2
train,927,CCC1([NH+]2CC2)CC1O,8.255934715e0,-4.876600578e-2,2.552692592e-1,1.276346207e0,8.207168579e0,1.050086260e0
train,928,ONC1CC2CC1(O)C2,6.922576904e0,-6.046181172e-2,2.552692592e-1,1.276346207e0,6.862114906e0,-3.746419912e-3
train,929,CC(=O)C1CCCC1O,6.198753357e0,-2.500691116e-1,2.552692592e-1,1.276346207e0,5.948684216e0,-7.194079161e-1
train,930,Cc1cc(C#N)c(N)[nH]1,5.662689686e0,2.935388386e-1,2.552692592e-1,1.276346207e0,5.956228733e0,-7.134968638e-1
train,931,CC1(C(=O)NC=O)CO1,5.842284679e0,-3.587270081e-1,2.552692592e-1,1.276346207e0,5.483557701e0,-1.083828688e0
train,932,CCC1OCCC(=O)O1,7.401497364e0,-1.956619620e-1,2.552692592e-1,1.276346207e0,7.205835342e0,2.655542195e-1
train,933,CC1(O)COC1CCO,8.438250542e0,4.108384252e-1,2.552692592e-1,1.276346207e0,8.849088669e0,1.553022504e0
train,934,CC(=O)CC12CC[NH+]1C2,5.967456818e0,9.289537556e-3,2.552692592e-1,1.276346207e0,5.976746559e0,-6.974213719e-1
train,935,CC1([NH+]2CC2)C2CCC21,8.427366257e0,-3.806762099e-1,2.552692592e-1,1.276346207e0,8.046689987e0,9.243532419e-1
train,936,C#CC12OC3C(C1=O)C32,5.880380630e0,4.207733572e-1,2.552692592e-1,1.276346207e0,6.301154137e0,-4.432521462e-1
train,937,CCC12CC1CCC2C,9.064112663e0,2.798960805e-1,2.552692592e-1,1.276346207e0,9.344008446e0,1.940786004e0
train,938,COCc1noc(C)n1,6.598761082e0,-1.219067276e-1,2.552692592e-1,1.276346207e0,6.476854324e0,-3.055932522e-1
train,939,CCC1(C)CC1C=O,6.157936573e0,3.312816322e-1,2.552692592e-1,1.276346207e0,6.489218235e0,-2.959062755e-1
train,940,CC1C(O)C2(O)C(C)C12,8.511721611e0,-2.509035170e-1,2.552692592e-1,1.276346207e0,8.260818481e0,1.092120290e0
train,941,O=CC(O)C1=NCCO1,5.991947174e0,-5.839672312e-2,2.552692592e-1,1.276346207e0,5.933550358e0,-7.312650681e-1
train,942,N#CC(O)CC1CO1,7.834157944e0,-1.447868198e-1,2.552692592e-1,1.276346207e0,7.689371109e0,6.443983912e-1
train,943,C#CCC(OC)C1CC1,7.991984367e0,-2.958039008e-2,2.552692592e-1,1.276346207e0,7.962403774e0,8.583160639e-1
train,944,OCC1C2OCC12O,7.825994968e0,2.592859864e-1,2.552692592e-1,1.276346207e0,8.085281372e0,9.545891285e-1
train,945,COCC1(C)CN1,8.598798752e0,-2.120716125e-1,2.552692592e-1,1.276346207e0,8.386727333e0,1.190768242e0
train,946,OCC1CC12C=CCO2,6.138888836e0,9.860694408e-3,2.552692592e-1,1.276346207e0,6.148749352e0,-5.626593828e-1
train,947,CCC1OC1C(C)(C)C,9.050506592e0,1.865471900e-1,2.552692592e-1,1.276346207e0,9.237053871e0,1.856988430e0
train,948,CC1=CN(C=O)CC1C,5.605545521e0,-1.967290193e-1,2.552692592e-1,1.276346207e0,5.408816338e0,-1.142387629e0
train,949,COCCc1ncc[nH]1,6.859990120e0,2.901735902e-2,2.552692592e-1,1.276346207e0,6.889007568e0,1.732364297e-2
train,950,CC#CC(C)(C#N)CO,7.616467476e0,6.786174327e-2,2.552692592e-1,1.276346207e0,7.684329033e0,6.404480338e-1
train,951,CC12C([NH-])OC1C1NC12,7.360680103e0,1.129795536e-1,2.552692592e-1,1.276346207e0,7.473659515e0,4.753910899e-1
train,952,O=CC12C3C4C[NH+]1C2C43,5.548401356e0,-5.278433207e-3,2.552692592e-1,1.276346207e0,5.543122768e0,-1.037160158e0
train,953,C#CC1C2CC([NH-])OC12,7.170200348e0,-1.097447276e-1,2.552692592e-1,1.276346207e0,7.060455799e0,1.516511738e-1
train,954,CNC(=O)OCC(N)=O,7.123940468e0,3.423297405e-1,2.552692592e-1,1.276346207e0,7.466270447e0,4.696018398e-1
train,955,CC1(O)CC2C3CC1C32,8.827373505e0,6.734966487e-2,2.552692592e-1,1.276346207e0,8.894722939e0,1.588776469e0
train,956,[H]N=CN(C=NC)CC#C,5.967456818e0,-1.468784213e-1,2.552692592e-1,1.276346207e0,5.820578575e0,-8.197770715e-1
train,957,COCCCC(C)CO,8.909008026e0,-3.699941095e-3,2.552692592e-1,1.276346207e0,8.905307770e0,1.597069502e0
train,958,CC1C2C(O)C2C12CN2,8.500837326e0,3.042284586e-2,2.552692592e-1,1.276346207e0,8.531260490e0,1.304008126e0
train,959,CCC1NC1(C)C#N,7.749802589e0,1.133702770e-1,2.552692592e-1,1.276346207e0,7.863173008e0,7.805700302e-1
train,960,C#CC(O)C1NC1C,7.553880215e0,5.268382374e-3,2.552692592e-1,1.276346207e0,7.559148788e0,5.423708558e-1
train,961,CC1C(O)C2CC12C,8.536211014e0,-1.429529786e-1,2.552692592e-1,1.276346207e0,8.393258095e0,1.195885062e0
train,962,C#CC1CCC1[NH+]1CC1,7.635515213e0,2.163106054e-1,2.552692592e-1,1.276346207e0,7.851825714e0,7.716795802e-1
train,963,C1C2C1C1CC2C2CC21,9.428745270e0,-1.474554390e-1,2.552692592e-1,1.276346207e0,9.281290054e0,1.891646862e0
train,964,C#CC(=O)C(C)C(C)C,5.518469334e0,4.383311793e-2,2.552692592e-1,1.276346207e0,5.562302589e0,-1.022132993e0
train,965,CCC1(CC)CC(O)C1,8.846421242e0,-1.481652260e-1,2.552692592e-1,1.276346207e0,8.698255539e0,1.434846640e0
train,966,CC1(C)C2CC3C2[NH+]31,8.813768387e0,1.625248231e-3,2.552692592e-1,1.276346207e0,8.815393448e0,1.526622772e0
train,967,CC1=CC2NC3C1C23O,6.171542168e0,1.613846868e-1,2.552692592e-1,1.276346207e0,6.332926750e0,-4.183586836e-1
train,968,C1CC2(O1)C1COC2C1,8.274982452e0,-7.039740682e-2,2.552692592e-1,1.276346207e0,8.204585075e0,1.048062086e0
train,969,O=C1CC2OC(=O)C1O2,5.453161716e0,2.740846761e-2,2.552692592e-1,1.276346207e0,5.480570316e0,-1.086169243e0
train,970,CC12CCCC1[NH+]1CC12,8.266819000e0,-2.767311335e-1,2.552692592e-1,1.276346207e0,7.990087986e0,8.800063133e-1
train,971,OCC[NH+]1C2CCCC21,8.323963165e0,-2.544616163e-1,2.552692592e-1,1.276346207e0,8.069501877e0,9.422261119e-1
train,972,O=CC1(O)C2NC(=O)C21,5.279008865e0,4.072936624e-2,2.552692592e-1,1.276346207e0,5.319738388e0,-1.212179065e0
train,973,CC1[NH+]2CC(O)C12C#N,6.876317024e0,-2.911079526e-1,2.552692592e-1,1.276346207e0,6.585208893e0,-2.206988037e-1
train,974,COC1C=CC(O)CC1,6.966114998e0,-2.980785910e-3,2.552692592e-1,1.276346207e0,6.963134289e0,7.540099323e-2
train,975,CC1(C)CCC2CC1C2,9.507658958e0,5.613818765e-1,2.552692592e-1,1.276346207e0,1.006904125e1,2.508840084e0
train,976,CC(C)CC(C)C(C)O,8.884517670e0,-3.292834759e-2,2.552692592e-1,1.276346207e0,8.851589203e0,1.554981709e0
train,977,CC1=CC2CC1C(=O)N2,5.948409081e0,3.676333427e-1,2.552692592e-1,1.276346207e0,6.316042423e0,-4.315873384e-1
train,978,CC1(C)C2COC=NC21,6.884480476e0,8.495360613e-2,2.552692592e-1,1.276346207e0,6.969434261e0,8.033694327e-2
train,979,C#CC1NCC(O)C1=O,5.417787075e0,-1.048553288e-1,2.552692592e-1,1.276346207e0,5.312931538e0,-1.217512131e0
train,980,CCNC(=O)C1CO1,7.208295822e0,2.125779986e-1,2.552692592e-1,1.276346207e0,7.420873642e0,4.340340197e-1
train,981,CC1NC1C=O,6.040927887e0,2.585994005e-1,2.552692592e-1,1.276346207e0,6.299527168e0,-4.445268512e-1
train,982,Cc1coc(=O)c(N)n1,4.446340084e0,9.752953053e-2,2.552692592e-1,1.276346207e0,4.543869495e0,-1.820062518e0
train,983,CC(O)CCCCCO,9.088603020e0,3.481337726e-1,2.552692592e-1,1.276346207e0,9.436737061e0,2.013437748e0
train,984,CC1CC1(C)C1CCO1,8.862749100e0,2.599874139e-1,2.552692592e-1,1.276346207e0,9.122736931e0,1.767422557e0
train,985,CCCC(C)(C=O)OC,5.790582657e0,-2.326871902e-1,2.552692592e-1,1.276346207e0,5.557895660e0,-1.025585771e0
train,986,COCC#CCC(C)O,7.608303070e0,-8.789970726e-2,2.552692592e-1,1.276346207e0,7.520403385e0,5.120143294e-1
train,987,CC(O)CC(C)(O)CO,8.013752937e0,-4.224554598e-1,2.552692592e-1,1.276346207e0,7.591297626e0,5.675590634e-1
train,988,NC(=O)C1CC(O)C1=O,5.404181004e0,2.093029171e-1,2.552692592e-1,1.276346207e0,5.613483906e0,-9.820331335e-1
train,989,CC1(O)CC1(O)C1CO1,8.509000778e0,8.989286423e-2,2.552692592e-1,1.276346207e0,8.598894119e0,1.356998324e0
train,990,CCCC1CC(O)C1O,8.261377335e0,2.577125467e-2,2.552692592e-1,1.276346207e0,8.287148476e0,1.112749457e0
train,991,CCn1cnc(=O)cn1,4.955193520e0,-7.944871485e-2,2.552692592e-1,1.276346207e0,4.875744820e0,-1.560042381e0
train,992,CC12C=CC(C1)C2=O,6.702164173e0,3.361035883e-2,2.552692592e-1,1.276346207e0,6.735774517e0,-1.027325243e-1
train,993,N#Cc1ncco1,5.659968376e0,1.241005734e-1,2.552692592e-1,1.276346207e0,5.784069061e0,-8.483818173e-1
train,994,Cc1c(N)nn[nH+]c1[NH-],4.155179024e0,5.910870433e-1,2.552692592e-1,1.276346207e0,4.746265888e0,-1.661487579e0
train,995,CN1N=COC([NH-])=C1[NH-],4.903491497e0,-2.702337801e-1,2.552692592e-1,1.276346207e0,4.633257866e0,-1.750027895e0
train,996,CCC(O)CC(=O)CO,6.473588943e0,-1.811103672e-1,2.552692592e-1,1.276346207e0,6.292478561e0,-4.500493407e-1
train,997,C#CC(=O)C[NH+]1CC1C,4.908934116e0,4.410431385e-1,2.552692592e-1,1.276346207e0,5.349977493e0,-1.188487053e0
train,998,CC(N)C(N)(C#N)CO,7.447756290e0,2.659579217e-1,2.552692592e-1,1.276346207e0,7.713714123e0,6.634708643e-1
train,999,CC1CC2CC1CC2=O,6.070860386e0,-8.817218244e-2,2.552692592e-1,1.276346207e0,5.982688427e0,-6.927660108e-1
train,1000,CC1OCC1NCC#N,7.240949631e0,5.352051258e-1,2.552692592e-1,1.276346207e0,7.776154518e0,7.123921514e-1
train,1001,CC1CC(C2CN2)O1,8.560701370e0,-3.326966194e-3,2.552692592e-1,1.276346207e0,8.557374001e0,1.324467778e0
train,1002,CN1C=CC(C)(O)C1=O,5.404181004e0,-1.412232667e-1,2.552692592e-1,1.276346207e0,5.262957573e0,-1.256666064e0
train,1003,CC1CC2(CN2)C1NO,6.283109188e0,-1.224147826e-1,2.552692592e-1,1.276346207e0,6.160694599e0,-5.533004403e-1
train,1004,CC(=O)CCCC1CC1,6.372906685e0,-2.219325006e-1,2.552692592e-1,1.276346207e0,6.150974274e0,-5.609161854e-1
train,1005,N#CC#CC1(O)COC1,5.812351704e0,6.430143118e-2,2.552692592e-1,1.276346207e0,5.876653194e0,-7.758432627e-1
train,1006,CCC1COCC1=O,5.850448132e0,8.108656108e-2,2.552692592e-1,1.276346207e0,5.931534767e0,-7.328442931e-1
train,1007,CC1(C)NC1C(O)C#N,7.396054745e0,-3.020094931e-1,2.552692592e-1,1.276346207e0,7.094045162e0,1.779680252e-1
train,1008,O=C1C2CCC1O2,6.405560493e0,2.473256290e-1,2.552692592e-1,1.276346207e0,6.652885914e0,-1.676747054e-1
train,1009,CC12CC(C(N)=O)C1C2,7.439593315e0,3.296028376e-1,2.552692592e-1,1.276346207e0,7.769196033e0,7.069402337e-1
train,1010,OC1CC2CC1O2,8.892680168e0,2.133891881e-1,2.552692592e-1,1.276346207e0,9.106069565e0,1.754363894e0
train,1011,CC(C)C12C3C4C(C31)[NH+]42,7.657283783e0,-1.481277049e-1,2.552692592e-1,1.276346207e0,7.509156227e0,5.032023191e-1
train,1012,CCC12CCC1C2(C)O,8.383827209e0,4.020453393e-1,2.552692592e-1,1.276346207e0,8.785872459e0,1.503493428e0
train,1013,CC1C(O)C2(O)COC12,8.021917343e0,2.958823442e-1,2.552692592e-1,1.276346207e0,8.317799568e0,1.136764169e0
train,1014,CC(C#N)C(O)C#N,8.386548996e0,1.185586527e-1,2.552692592e-1,1.276346207e0,8.505107880e0,1.283517957e0
train,1015,N#CCC12CC1OCO2,7.526669502e0,-1.943381131e-1,2.552692592e-1,1.276346207e0,7.332331181e0,3.646621108e-1
train,1016,CC12C3CC=CC1C2O3,6.459982872e0,-2.619459331e-1,2.552692592e-1,1.276346207e0,6.198037148e0,-5.240430236e-1
train,1017,OC1CCC12CCCC2,8.566143990e0,-3.970893845e-2,2.552692592e-1,1.276346207e0,8.526434898e0,1.300227404e0
train,1018,CC12C3CC1C3C1C[NH+]12,8.802883148e0,-2.731983662e-1,2.552692592e-1,1.276346207e0,8.529685020e0,1.302773833e0
train,1019,COC(C#N)CCCO,7.896743774e0,4.800938368e-1,2.552692592e-1,1.276346207e0,8.376837730e0,1.183019876e0
train,1020,CNc1ccccc1O,5.450440407e0,7.763197273e-2,2.552692592e-1,1.276346207e0,5.528072357e0,-1.048951983e0
train,1021,O=C1OCC2CC(O)C12,7.066796780e0,2.933415473e-1,2.552692592e-1,1.276346207e0,7.360138416e0,3.864487410e-1
train,1022,C1CC2C3CCC1C23,9.194727898e0,-1.214683279e-1,2.552692592e-1,1.276346207e0,9.073259354e0,1.728657484e0
train,1023,OC1CC2(O)C=CC1C2,6.900807381e0,5.415491015e-2,2.552692592e-1,1.276346207e0,6.954962254e0,6.899830699e-2
train,1024,C#CC[NH+]1CC1C(N)=O,6.489915371e0,-1.948854029e-1,2.552692592e-1,1.276346207e0,6.295030117e0,-4.480502307e-1
train,1025,N#CC1C2CC1C1CC21,8.318520546e0,-1.270169020e-1,2.552692592e-1,1.276346207e0,8.191503525e0,1.037812829e0
train,1026,N#CC12CC[NH+]3CC1C32,7.287209034e0,3.005550802e-1,2.552692592e-1,1.276346207e0,7.587764263e0,5.647907257e-1
train,1027,Cc1c(CO)nnn1C,6.617809296e0,-4.072602838e-2,2.552692592e-1,1.276346207e0,6.577083111e0,-2.270652503e-1
train,1028,O=Cn1ccc(O)c1O,4.560628414e0,1.024366394e-1,2.552692592e-1,1.276346207e0,4.663064957e0,-1.726674438e0
train,1029,CC1C(N)C2(C#N)C[NH+]12,6.748423576e0,3.525649011e-1,2.552692592e-1,1.276346207e0,7.100988388e0,1.834079474e-1
train,1030,OCC12COCCC1N2,8.808325768e0,1.362892836e-1,2.552692592e-1,1.276346207e0,8.944615364e0,1.627866507e0
train,1031,CC(CC1CCC1)=NO,6.903528214e0,1.354960650e-1,2.552692592e-1,1.276346207e0,7.039024353e0,1.348599046e-1
train,1032,CC1OC(=O)C1(O)C=O,5.744323254e0,-5.655638129e-2,2.552692592e-1,1.276346207e0,5.687767029e0,-9.238332510e-1
train,1033,CCCCC1(C)CC1O,9.061391830e0,1.501910239e-1,2.552692592e-1,1.276346207e0,9.211583138e0,1.837032437e0
train,1034,CC1(C=O)CCCC1=O,5.466767311e0,-2.213381529e-1,2.552692592e-1,1.276346207e0,5.245429039e0,-1.270399451e0
train,1035,CC#Cc1[nH]cnc1N,5.066760063e0,-2.721960247e-1,2.552692592e-1,1.276346207e0,4.794564247e0,-1.623646379e0
train,1036,CC1=CC(O)C(=O)C1=O,3.836805344e0,-1.011027247e-1,2.552692592e-1,1.276346207e0,3.735702515e0,-2.453251123e0
train,1037,CC1C2CC3C1C23C#N,7.542996407e0,1.317775100e-1,2.552692592e-1,1.276346207e0,7.674773693e0,6.329615116e-1
train,1038,CC(C=O)OCC#N,6.166100025e0,2.807079852e-1,2.552692592e-1,1.276346207e0,6.446807861e0,-3.291342854e-1
train,1039,COC(=O)C1CO[CH+][NH2+]1,6.772913933e0,1.184043065e-1,2.552692592e-1,1.276346207e0,6.891318321e0,1.913408935e-2
train,1040,CC1CCC(C)C1C=O,6.038206577e0,2.104364932e-1,2.552692592e-1,1.276346207e0,6.248642921e0,-4.843940139e-1
train,1041,COC1C(O)C1[NH+]1CC1,8.051848412e0,1.539351791e-1,2.552692592e-1,1.276346207e0,8.205783844e0,1.049001336e0
train,1042,CCC1COCC1CO,8.582470894e0,1.270366013e-1,2.552692592e-1,1.276346207e0,8.709507942e0,1.443662763e0
train,1043,OC1[CH-]C2CC[NH+]3C1C23,5.665410519e0,1.623645127e-1,2.552692592e-1,1.276346207e0,5.827775002e0,-8.141387105e-1
train,1044,C#CCC(O)C(N)=O,7.542996407e0,-2.003159076e-1,2.552692592e-1,1.276346207e0,7.342680454e0,3.727706373e-1
train,1045,CC1CC(CO)OC=N1,7.357958317e0,-1.329390425e-2,2.552692592e-1,1.276346207e0,7.344664574e0,3.743251860e-1
train,1046,CNC12COC1CC2=O,5.074923515e0,1.253955215e-1,2.552692592e-1,1.276346207e0,5.200318813e0,-1.305742741e0
train,1047,CC1C(O)C2COC12,8.294030190e0,-1.087929904e-1,2.552692592e-1,1.276346207e0,8.185236931e0,1.032903075e0
train,1048,C#CC(=NO)C(C)CC,5.681737423e0,6.631855369e-1,2.552692592e-1,1.276346207e0,6.344923019e0,-4.089597762e-1
train,1049,Cn1nc2c(n1)OCC2,5.828679085e0,-1.173480451e-1,2.552692592e-1,1.276346207e0,5.711330891e0,-9.053712487e-1
train,1050,Cn1nccc1CC=O,5.477651596e0,1.389278471e-1,2.552692592e-1,1.276346207e0,5.616579533e0,-9.796077609e-1
train,1051,N#CC(N)C#CC1CN1,6.723933220e0,-4.446863234e-1,2.552692592e-1,1.276346207e0,6.279246807e0,-4.604162574e-1
train,1052,OC12CC1C=CC21CC1,6.362021923e0,-1.805147827e-1,2.552692592e-1,1.276346207e0,6.181507111e0,-5.369940996e-1
train,1053,CC(=O)C1NC1(C)C,6.005552769e0,-4.401680082e-2,2.552692592e-1,1.276346207e0,5.961535931e0,-7.093387246e-1
train,1054,C#CC1(C)OC1CC,7.787898064e0,-1.714450121e-1,2.552692592e-1,1.276346207e0,7.616453171e0,5.872681141e-1
train,1055,CC(=O)C(O)CCCO,6.481751919e0,2.024987042e-1,2.552692592e-1,1.276346207e0,6.684250832e0,-1.431006938e-1
train,1056,CC1C2CCCC1C2O,8.884517670e0,-3.370749950e-1,2.552692592e-1,1.276346207e0,8.547442436e0,1.316686511e0
train,1057,c1cc2cconc-2c1,3.567412615e0,1.084366068e-1,2.552692592e-1,1.276346207e0,3.675849199e0,-2.500145674e0
train,1058,COCC1CC1(C)CO,8.756624222e0,4.175858106e-3,2.552692592e-1,1.276346207e0,8.760800362e0,1.483849764e0
train,1059,C#CC1(C(N)=O)CC1O,6.721211910e0,3.492156565e-1,2.552692592e-1,1.276346207e0,7.070427418e0,1.594638079e-1
train,1060,C#CCC1CC(=O)O1,7.619187832e0,2.300092131e-1,2.552692592e-1,1.276346207e0,7.849196911e0,7.696199417e-1
train,1061,OC1C2C3C=CC(C3)C12,6.851827145e0,1.145643834e-2,2.552692592e-1,1.276346207e0,6.863283634e0,-2.830736339e-3
train,1062,CC12CCC1C1CCC12,8.759345055e0,2.208596021e-1,2.552692592e-1,1.276346207e0,8.980204582e0,1.655750275e0
train,1063,CCC(C)CC(O)C#N,8.498115540e0,-1.057374254e-1,2.552692592e-1,1.276346207e0,8.392377853e0,1.195195317e0
train,1064,CC(=O)NC=O,6.021879673e0,-7.927242666e-2,2.552692592e-1,1.276346207e0,5.942607403e0,-7.241690159e-1
train,1065,C1=CC2NC2C2CCC12,6.560665131e0,-1.439659894e-1,2.552692592e-1,1.276346207e0,6.416698933e0,-3.527242243e-1
train,1066,CC12OC3[NH2+]CC1(O)C32,4.519811153e0,1.705465019e-1,2.552692592e-1,1.276346207e0,4.690357685e0,-1.705290914e0
train,1067,CC12C(C=O)C3CC1C32,5.823236465e0,-1.638693959e-1,2.552692592e-1,1.276346207e0,5.659367085e0,-9.460842013e-1
train,1068,Cc1cc(C2CO2)on1,6.378348827e0,-4.070438743e-1,2.552692592e-1,1.276346207e0,5.971304893e0,-7.016848922e-1
train,1069,CCOC12C3C4C1[NH+]4C32,7.537554264e0,3.858224750e-1,2.552692592e-1,1.276346207e0,7.923376560e0,8.277387619e-1
train,1070,CC1OC2C(C)C(C)C12,8.291309357e0,-2.154110186e-2,2.552692592e-1,1.276346207e0,8.269768715e0,1.099132657e0
train,1071,O=c1occ2n1CCC2,6.293993473e0,2.412744612e-1,2.552692592e-1,1.276346207e0,6.535267830e0,-2.598269880e-1
train,1072,CC(C)C1CC=CCC1,7.298093796e0,-2.166429609e-1,2.552692592e-1,1.276346207e0,7.081450939e0,1.681006104e-1
train,1073,O=C1OCC2(O)CC12O,6.933460712e0,3.885301948e-1,2.552692592e-1,1.276346207e0,7.321990967e0,3.565607071e-1
train,1074,CC1CNC(=O)NC=N1,6.530732632e0,-1.244518235e-1,2.552692592e-1,1.276346207e0,6.406280994e0,-3.608865738e-1
train,1075,O=Cn1cnc(O)n1,5.474930763e0,-1.006262600e-1,2.552692592e-1,1.276346207e0,5.374304295e0,-1.169427395e0
train,1076,CC1=CC2(C)CC1(C)O2,6.359301090e0,-8.329612762e-2,2.552692592e-1,1.276346207e0,6.276004791e0,-4.629563391e-1
train,1077,CC(=O)CC(C)NC=O,5.771534920e0,-1.778483242e-1,2.552692592e-1,1.276346207e0,5.593686581e0,-9.975440502e-1
train,1078,CC1C(O)C2C(=O)NC12,7.360680103e0,3.115854859e-1,2.552692592e-1,1.276346207e0,7.672265530e0,6.309964061e-1
train,1079,CC12NC1C(C=O)C2O,5.474930763e0,-3.788710833e-1,2.552692592e-1,1.276346207e0,5.096059799e0,-1.387428403e0
train,1080,C1=Cc2n[nH]cc2CC1,5.518469334e0,3.099338710e-1,2.552692592e-1,1.276346207e0,5.828402996e0,-8.136467338e-1
train,1081,N#CCOC(=O)N1CC1,7.583813190e0,-3.733142912e-1,2.552692592e-1,1.276346207e0,7.210498810e0,2.692079842e-1
train,1082,OC1CC=C2CC(O)C21,6.770192623e0,-2.813013494e-1,2.552692592e-1,1.276346207e0,6.488891125e0,-2.961625755e-1
train,1083,CC1C2CC3(C)OC2C13,8.715806961e0,5.179694667e-2,2.552692592e-1,1.276346207e0,8.767603874e0,1.489180207e0
train,1084,CC1C2C3C(C[NH+]23)[NH+]1C,7.711706638e0,1.463575512e-1,2.552692592e-1,1.276346207e0,7.858064175e0,7.765673399e-1
train,1085,CCC(C)(C)C1CO1,9.219218254e0,2.697871923e-1,2.552692592e-1,1.276346207e0,9.489005089e0,2.054389000e0
train,1086,CCC1(CC2CO2)CC1,9.189285278e0,-1.795676053e-1,2.552692592e-1,1.276346207e0,9.009717941e0,1.678873539e0
train,1087,CC1(C)CC1NC=O,7.363400936e0,3.216953576e-2,2.552692592e-1,1.276346207e0,7.395570278e0,4.142091572e-1
train,1088,CC1C2CC3CC3C12O,8.487231255e0,6.135386880e-3,2.552692592e-1,1.276346207e0,8.493366241e0,1.274318457e0
train,1089,Nc1cc(=O)[nH]nc1O,4.805530548e0,-1.359046698e-1,2.552692592e-1,1.276346207e0,4.669625759e0,-1.721534133e0
train,1090,CC1CCC2(C1)OC2C,9.064112663e0,-1.738800555e-1,2.552692592e-1,1.276346207e0,8.890233040e0,1.585258603e0
train,1091,C#CCNc1c[nH]nn1,5.815073013e0,1.009417996e-1,2.552692592e-1,1.276346207e0,5.916014671e0,-7.450040579e-1
train,1092,N#CC(O)CCC1CO1,7.812388420e0,-8.504539728e-2,2.552692592e-1,1.276346207e0,7.727343082e0,6.741489768e-1
train,1093,N#Cc1[nH]nnc1N,5.096692562e0,1.095550358e-1,2.552692592e-1,1.276346207e0,5.206247807e0,-1.301097512e0
train,1094,CC(C)C12OC3C1OC32,7.972936153e0,-1.696395427e-1,2.552692592e-1,1.276346207e0,7.803296566e0,7.336575985e-1
train,1095,N#CCC1(N)C[NH+]2CC21,7.115777493e0,3.567160964e-1,2.552692592e-1,1.276346207e0,7.472493649e0,4.744776487e-1
train,1096,CC(C#N)C(C)C(N)=O,7.257276535e0,-2.255625091e-2,2.552692592e-1,1.276346207e0,7.234720230e0,2.881851792e-1
train,1097,CCC#CC1CC(C)C1,7.953887463e0,2.210270315e-1,2.552692592e-1,1.276346207e0,8.174914360e0,1.024815440e0
train,1098,Cc1cc[nH]c1CO,6.367464066e0,-4.693166614e-1,2.552692592e-1,1.276346207e0,5.898147583e0,-7.590026855e-1
train,1099,CN=C(C=O)N1CCC1,4.215043545e0,-6.940525025e-2,2.552692592e-1,1.276346207e0,4.145638466e0,-2.132071495e0
train,1100,[NH-]C1NC(C=O)C1O,5.809630871e0,-2.509933114e-1,2.552692592e-1,1.276346207e0,5.558637619e0,-1.025004506e0
train,1101,CNc1ncoc(=O)n1,5.760650635e0,1.733652502e-1,2.552692592e-1,1.276346207e0,5.934015751e0,-7.309004664e-1
train,1102,C#Cc1coc(C#C)n1,5.167441845e0,2.016738802e-2,2.552692592e-1,1.276346207e0,5.187609196e0,-1.315700650e0
train,1103,OC1C=CCC2CC1O2,7.091287136e0,-1.325055808e-1,2.552692592e-1,1.276346207e0,6.958781719e0,7.199081033e-2
train,1104,N#CC1C(O)C1CO,7.850484848e0,-3.290147185e-1,2.552692592e-1,1.276346207e0,7.521470070e0,5.128500462e-1
train,1105,C1CC2(C1)CCC1CC12,9.338947296e0,1.779291779e-2,2.552692592e-1,1.276346207e0,9.356739998e0,1.950760961e0
train,1106,C#CC#CC(C#C)CC,6.223243713e0,-6.550335884e-2,2.552692592e-1,1.276346207e0,6.157740593e0,-5.556148291e-1
train,1107,CC1C2CCCC1C2C,9.387928009e0,-2.657314837e-1,2.552692592e-1,1.276346207e0,9.122196198e0,1.766998887e0
train,1108,C[NH2+][CH+]OCC#CC#N,5.638199329e0,3.109238297e-2,2.552692592e-1,1.276346207e0,5.669291496e0,-9.383085966e-1
train,1109,C#CC(O)C(C#N)NC,7.336189747e0,-2.776857615e-1,2.552692592e-1,1.276346207e0,7.058504105e0,1.501220465e-1
train,1110,COC1C(C)C2(O)CC12,8.378385544e0,-1.315338761e-1,2.552692592e-1,1.276346207e0,8.246851921e0,1.081177592e0
train,1111,OC1CCC2C3C[NH+]3C12,7.597418785e0,-7.437786460e-2,2.552692592e-1,1.276346207e0,7.523040771e0,5.140807033e-1
train,1112,O=C1OC2C3C=CC2C13,5.692621708e0,2.543386817e-1,2.552692592e-1,1.276346207e0,5.946960449e0,-7.207584381e-1
train,1113,CC(C)N=C(N)NC=O,5.902149677e0,8.015459031e-2,2.552692592e-1,1.276346207e0,5.982304096e0,-6.930671334e-1
train,1114,OC1CC1C(F)(F)F,8.944382668e0,2.880239189e-1,2.552692592e-1,1.276346207e0,9.232406616e0,1.853347301e0
train,1115,CC(O)C1[NH2+][CH+]NC1[NH-],6.046370029e0,-3.746788800e-1,2.552692592e-1,1.276346207e0,5.671690941e0,-9.364286661e-1
train,1116,CC1C(=O)CC1C#N,6.032763958e0,-2.103766985e-2,2.552692592e-1,1.276346207e0,6.011726379e0,-6.700151563e-1
train,1117,[NH-]C1OCC2(O)CC12,7.542996407e0,-1.350300908e-1,2.552692592e-1,1.276346207e0,7.407966137e0,4.239211679e-1
train,1118,O=C1CC2(C3CC3)CN12,6.462704182e0,-1.581351012e-1,2.552692592e-1,1.276346207e0,6.304569244e0,-4.405764341e-1
train,1119,CC(=O)C1=CCC2NC12,5.113019466e0,2.068444528e-2,2.552692592e-1,1.276346207e0,5.133703709e0,-1.357934833e0
train,1120,CC1(C)CCC(CO)C1,9.276361465e0,-3.829145059e-2,2.552692592e-1,1.276346207e0,9.238070488e0,1.857784867e0
train,1121,COC1C2OCC3C1C32,8.424644470e0,3.631198313e-3,2.552692592e-1,1.276346207e0,8.428276062e0,1.223321199e0
train,1122,CC1NC2(C#N)C(N)C12,6.389233112e0,1.403705776e-1,2.552692592e-1,1.276346207e0,6.529603481e0,-2.642649412e-1
train,1123,OC12CCC3CC3C1C2,8.609682083e0,2.004586756e-1,2.552692592e-1,1.276346207e0,8.810140610e0,1.522507191e0
train,1124,C#CC(O)C(=O)C(C)=O,4.296678066e0,-1.248627156e-1,2.552692592e-1,1.276346207e0,4.171815395e0,-2.111562252e0
train,1125,CC12OC1CC=C2C#N,5.738881111e0,-2.787926495e-1,2.552692592e-1,1.276346207e0,5.460088253e0,-1.102216721e0
train,1126,NC1=CC(=O)CCC1O,5.314383507e0,-6.816586107e-2,2.552692592e-1,1.276346207e0,5.246217728e0,-1.269781590e0
train,1127,CC1(CO)CC1CO,8.971593857e0,-1.821362078e-1,2.552692592e-1,1.276346207e0,8.789457321e0,1.506302118e0
train,1128,CNC(=O)C1OC1CO,7.238228798e0,2.713227272e-1,2.552692592e-1,1.276346207e0,7.509551525e0,5.035120249e-1
train,1129,CNc1cn[nH]c1C,5.885822773e0,-8.015405387e-2,2.552692592e-1,1.276346207e0,5.805668831e0,-8.314586282e-1
train,1130,Cc1nc(F)nc(=O)o1,5.945687771e0,1.712215692e-2,2.552692592e-1,1.276346207e0,5.962810040e0,-7.083404660e-1
train,1131,C[NH2+]C1NC([NH-])OCO1,6.813731194e0,-3.795570135e-1,2.552692592e-1,1.276346207e0,6.434174061e0,-3.390327096e-1
train,1132,CNC1(C#N)COC1=O,6.473588943e0,-1.110265628e-1,2.552692592e-1,1.276346207e0,6.362562180e0,-3.951396942e-1
train,1133,CC1CC1C1(C)CO1,9.069554329e0,2.347968817e-1,2.552692592e-1,1.276346207e0,9.304350853e0,1.909714699e0
train,1134,C#CCC1(O)CC(=O)C1,5.972899437e0,-3.616615534e-1,2.552692592e-1,1.276346207e0,5.611238003e0,-9.837927818e-1
train,1135,CNc1cnn(C=O)c1,4.568791389e0,-3.786128461e-1,2.552692592e-1,1.276346207e0,4.190178394e0,-2.097175121e0
train,1136,C#CC12C[NH2+][CH+][NH+]1C2,6.533453465e0,7.556834817e-2,2.552692592e-1,1.276346207e0,6.609021664e0,-2.020417899e-1
train,1137,N#CCNc1cocn1,5.962014675e0,1.131214127e-1,2.552692592e-1,1.276346207e0,6.075136185e0,-6.203343868e-1
train,1138,O=C1NCC2(CC2O)O1,8.351174355e0,-1.828673184e-1,2.552692592e-1,1.276346207e0,8.168307304e0,1.019638896e0
train,1139,C#CC1COC2COC12,8.013752937e0,-3.355269134e-1,2.552692592e-1,1.276346207e0,7.678225994e0,6.356663704e-1
train,1140,CC1=CC(C#N)[NH+](C)C1,6.223243713e0,-2.310925536e-2,2.552692592e-1,1.276346207e0,6.200134277e0,-5.223999023e-1
train,1141,CC1C2CC1(C)C1CC21,9.213775635e0,-1.155155078e-1,2.552692592e-1,1.276346207e0,9.098259926e0,1.748245120e0
train,1142,C#Cc1cncnc1C,5.404181004e0,6.484954804e-2,2.552692592e-1,1.276346207e0,5.469030380e0,-1.095210671e0
train,1143,NC1[NH2+]CC(OC=O)O1,6.457261562e0,-3.036455214e-1,2.552692592e-1,1.276346207e0,6.153615952e0,-5.588464737e-1
train,1144,CCCC1C2OC(C)C12,8.606961250e0,-1.696128994e-1,2.552692592e-1,1.276346207e0,8.437348366e0,1.230429173e0
train,1145,O=CC(O)C1CNC1=O,5.959293365e0,3.327132761e-1,2.552692592e-1,1.276346207e0,6.292006493e0,-4.504191875e-1
train,1146,N#CCNc1[nH+]cno1,6.204195976e0,3.972703815e-1,2.552692592e-1,1.276346207e0,6.601466179e0,-2.079614252e-1
train,1147,CC(O)C1=CCCCC1,7.039586067e0,5.233360454e-2,2.552692592e-1,1.276346207e0,7.091919899e0,1.763029099e-1
train,1148,N#C[CH+]1C=COC([NH-])=N1,4.046332836e0,-1.320640147e-1,2.552692592e-1,1.276346207e0,3.914268732e0,-2.313346863e0
train,1149,Nc1cocc1CO,6.255897522e0,2.078251913e-2,2.552692592e-1,1.276346207e0,6.276679993e0,-4.624273181e-1
train,1150,CC1CCC1=O,6.016437531e0,-9.646882117e-2,2.552692592e-1,1.276346207e0,5.919968605e0,-7.419062257e-1
train,1151,CC1C2CC(C)(C)C12,8.987920761e0,-6.329900771e-2,2.552692592e-1,1.276346207e0,8.924621582e0,1.612201691e0
train,1152,CC1COCCC(=O)N1,7.200132847e0,2.454593033e-1,2.552692592e-1,1.276346207e0,7.445591927e0,4.534004927e-1
train,1153,CCCC1OC1COC,9.221939087e0,4.474465270e-3,2.552692592e-1,1.276346207e0,9.226413727e0,1.848652005e0
train,1154,N#CC(CO)O[CH+][NH-],7.763408184e0,2.138168365e-1,2.552692592e-1,1.276346207e0,7.977224827e0,8.699281812e-1
train,1155,CC12OC1CNC2C=O,5.597382069e0,-1.555313915e-1,2.552692592e-1,1.276346207e0,5.441850662e0,-1.116505623e0
train,1156,O=CC1NC1(C=O)CO,5.542959213e0,-8.186616935e-3,2.552692592e-1,1.276346207e0,5.534772396e0,-1.043702602e0
train,1157,C[NH+]1C2CC1C21CC1O,7.420545101e0,-3.794798255e-1,2.552692592e-1,1.276346207e0,7.041065216e0,1.364589036e-1
train,1158,Cn1nccc1CC#N,6.919855118e0,-2.368449867e-1,2.552692592e-1,1.276346207e0,6.683010101e0,-1.440727860e-1
train,1159,NC(=O)C(O)CCC=O,6.182426929e0,5.399564654e-2,2.552692592e-1,1.276346207e0,6.236422539e0,-4.939685166e-1
train,1160,[NH-]C1OC(O)=CN=C1O,4.315725803e0,-3.237297535e-1,2.552692592e-1,1.276346207e0,3.991996050e0,-2.252448559e0
train,1161,c1nnoc1OC1CC1,5.975620270e0,4.725284874e-2,2.552692592e-1,1.276346207e0,6.022872925e0,-6.612819433e-1
train,1162,CCC1OCCCCO1,8.960708618e0,-1.908782572e-1,2.552692592e-1,1.276346207e0,8.769830704e0,1.490924954e0
train,1163,C[NH2+]C1CC2CC2(C)O1,7.211016655e0,-1.714279503e-1,2.552692592e-1,1.276346207e0,7.039588928e0,1.353022456e-1
train,1164,CC(C)OCC1CO1,9.064112663e0,8.115942031e-2,2.552692592e-1,1.276346207e0,9.145272255e0,1.785078645e0
train,1165,N#CC12C3CC1N2C3=O,6.710327625e0,-5.261300206e-1,2.552692592e-1,1.276346207e0,6.184197426e0,-5.348862410e-1
train,1166,CCC1CC1C#CCO,7.360680103e0,-5.032173395e-1,2.552692592e-1,1.276346207e0,6.857462883e0,-7.391221821e-3
train,1167,OC1CC1c1cnno1,5.608266830e0,1.421223208e-2,2.552692592e-1,1.276346207e0,5.622478962e0,-9.749855995e-1
train,1168,NC(=O)CC1(C=O)CC1,6.277666569e0,2.167224884e-1,2.552692592e-1,1.276346207e0,6.494389057e0,-2.918550074e-1
train,1169,CC(CO)OC1CCC1,8.824651718e0,3.788203895e-1,2.552692592e-1,1.276346207e0,9.203472137e0,1.830677509e0
train,1170,CC(C)C1C(C)C1C=O,6.111677170e0,-1.073176488e-1,2.552692592e-1,1.276346207e0,6.004359722e0,-6.757868528e-1
train,1171,C#CC1O[CH+][NH2+]C1CO,6.971556664e0,2.676914930e-1,2.552692592e-1,1.276346207e0,7.239248276e0,2.917328477e-1
train,1172,C1=CCCC2(CC1)CO2,7.001489162e0,7.284966111e-2,2.552692592e-1,1.276346207e0,7.074338913e0,1.625284255e-1
train,1173,CC12CC3(O)CC[NH+]1C32,8.245050430e0,-4.495147243e-2,2.552692592e-1,1.276346207e0,8.200098991e0,1.044547319e0
train,1174,N#CC12C(O)C3CC1C32,7.959330082e0,-7.268507034e-2,2.552692592e-1,1.276346207e0,7.886644840e0,7.989599109e-1
train,1175,O=CNC1CNC1C=O,5.521190166e0,5.425276756e-1,2.552692592e-1,1.276346207e0,6.063717842e0,-6.292805076e-1
train,1176,N#CC1CC2NC12C=O,5.981062412e0,5.221874118e-1,2.552692592e-1,1.276346207e0,6.503249645e0,-2.849128544e-1
train,1177,C1=CC2CC3C1C[NH+]23,6.059975624e0,2.327766269e-1,2.552692592e-1,1.276346207e0,6.292752266e0,-4.498348832e-1
train,1178,C#CC(O)(C#N)C#N,7.270882130e0,1.468850672e-2,2.552692592e-1,1.276346207e0,7.285570621e0,3.280258179e-1
train,1179,Cc1noc(N=CN)n1,5.360642910e0,3.066366017e-1,2.552692592e-1,1.276346207e0,5.667279720e0,-9.398847818e-1
train,1180,Nc1cc[nH]c(=O)c1F,4.982404709e0,-2.698419988e-2,2.552692592e-1,1.276346207e0,4.955420494e0,-1.497617483e0
train,1181,COC1CNC(=O)NC1,8.128041267e0,-9.312889539e-3,2.552692592e-1,1.276346207e0,8.118728638e0,9.807946682e-1
train,1182,COC1C(O)CC1NO,6.642299175e0,-2.178248018e-1,2.552692592e-1,1.276346207e0,6.424474239e0,-3.466323912e-1
train,1183,CC(O)C1C(C)C1O,8.367501259e0,-2.872691154e-1,2.552692592e-1,1.276346207e0,8.080232620e0,9.506335258e-1
train,1184,CC1CC2(CCC2=O)O1,5.330710411e0,-1.492584199e-1,2.552692592e-1,1.276346207e0,5.181451797e0,-1.320524812e0
train,1185,COc1[nH]cnc1CO,6.574271202e0,-3.831054270e-1,2.552692592e-1,1.276346207e0,6.191165924e0,-5.294265151e-1
train,1186,C#CCC12C[NH+]1CC2=O,6.046370029e0,1.311062425e-1,2.552692592e-1,1.276346207e0,6.177476406e0,-5.401520729e-1
train,1187,OC1CC2(O)CCC=C12,6.530732632e0,1.920435727e-1,2.552692592e-1,1.276346207e0,6.722776413e0,-1.129163802e-1
train,1188,[NH-]C1OC2C(O)C2C1O,6.987883568e0,1.913254731e-3,2.552692592e-1,1.276346207e0,6.989796638e0,9.629061073e-2
train,1189,NC1=NCC=CC(=O)N1,5.404181004e0,-5.752129555e-1,2.552692592e-1,1.276346207e0,4.828968048e0,-1.596691489e0
train,1190,[NH-]C1C[NH+]2CC2CO1,7.102171898e0,4.413970709e-1,2.552692592e-1,1.276346207e0,7.543569088e0,5.301643610e-1
train,1191,Oc1nc(C2CC2)co1,6.579712868e0,-7.554773688e-1,2.552692592e-1,1.276346207e0,5.824235439e0,-8.169119358e-1
train,1192,N#CC12C=CC(O)C1N2,6.250455379e0,-1.717203557e-1,2.552692592e-1,1.276346207e0,6.078734875e0,-6.175148487e-1
train,1193,CC#Cc1cn[nH]c1O,6.225965023e0,1.023372710e-1,2.552692592e-1,1.276346207e0,6.328302383e0,-4.219818115e-1
train,1194,CC12OC1C1NC12CO,7.189248085e0,1.614959687e-1,2.552692592e-1,1.276346207e0,7.350744247e0,3.790885210e-1
train,1195,C#CCC#CCCC=O,6.021879673e0,-2.027454823e-1,2.552692592e-1,1.276346207e0,5.819134235e0,-8.209086657e-1
train,1196,C#CC(O)C(O)CC#N,7.825994968e0,3.794884980e-1,2.552692592e-1,1.276346207e0,8.205483437e0,1.048765898e0
train,1197,N#CC1(N)C2COC21,7.298093796e0,-3.879600763e-1,2.552692592e-1,1.276346207e0,6.910133839e0,3.387581185e-2
train,1198,COC1CCC(C)C1C,8.674989700e0,2.552110255e-1,2.552692592e-1,1.276346207e0,8.930200577e0,1.616572738e0
train,1199,C1CC(CCC2CC2)O1,8.985198975e0,3.640749305e-2,2.552692592e-1,1.276346207e0,9.021606445e0,1.688188076e0
train,1200,OCC1C2CCCC1O2,8.190627098e0,1.842562556e-1,2.552692592e-1,1.276346207e0,8.374883652e0,1.181488872e0
train,1201,CC1C2COC3C(O2)C13,8.155252457e0,6.012644768e-1,2.552692592e-1,1.276346207e0,8.756517410e0,1.480494142e0
train,1202,CC#CC1(C)C(C)[NH+]1C,7.023258686e0,-2.918279171e-1,2.552692592e-1,1.276346207e0,6.731431007e0,-1.061356142e-1
train,1203,c1noc(C2CO2)n1,6.655904770e0,1.210463867e-1,2.552692592e-1,1.276346207e0,6.776951313e0,-7.047102600e-2
train,1204,CC(C)(C)C(=O)C1CC1,6.201474667e0,3.849742189e-2,2.552692592e-1,1.276346207e0,6.239972115e0,-4.911874831e-1
train,1205,CC1OC23CC=CC12C3,6.348416328e0,-1.270663142e-1,2.552692592e-1,1.276346207e0,6.221350193e0,-5.057775378e-1
train,1206,C#CC12OC1CNC2=O,6.424608231e0,1.866098046e-1,2.552692592e-1,1.276346207e0,6.611217976e0,-2.003210187e-1
train,1207,CC(O)C1(O)CC1C#N,7.964772224e0,-3.396614920e-3,2.552692592e-1,1.276346207e0,7.961375713e0,8.575106263e-1
train,1208,CC1CCC(=O)NC1=O,6.397397041e0,3.091208339e-1,2.552692592e-1,1.276346207e0,6.706517696e0,-1.256548762e-1
train,1209,C#CC12CC1(C#N)CN2,6.367464066e0,3.524703383e-1,2.552692592e-1,1.276346207e0,6.719934464e0,-1.151430085e-1
train,1210,CCc1nnon1,6.748423576e0,2.405660599e-1,2.552692592e-1,1.276346207e0,6.988989830e0,9.565848857e-2
train,1211,OC12CCC1=CC1CC12,6.468146324e0,2.032683045e-1,2.552692592e-1,1.276346207e0,6.671414852e0,-1.531575173e-1
train,1212,CNC=Nc1ncon1,5.714390755e0,1.677132994e-1,2.552692592e-1,1.276346207e0,5.882103920e0,-7.715727091e-1
train,1213,C#CC(C)C#CC1CC1,7.363400936e0,5.635679141e-2,2.552692592e-1,1.276346207e0,7.419757843e0,4.331598282e-1
train,1214,COC12CCC1CC2,8.707643509e0,-2.634240389e-1,2.552692592e-1,1.276346207e0,8.444219589e0,1.235812664e0
train,1215,CC1CC12CCOC2[NH-],7.556602001e0,-1.082459763e-1,2.552692592e-1,1.276346207e0,7.448356152e0,4.555662274e-1
train,1216,CC1COc2cn[nH]c21,5.986505032e0,3.482569754e-2,2.552692592e-1,1.276346207e0,6.021330833e0,-6.624901891e-1
train,1217,C#CCC1NC1(C)CO,8.171579361e0,-6.230374053e-2,2.552692592e-1,1.276346207e0,8.109275818e0,9.733884931e-1
train,1218,CCCC1C(=O)C2NC12,5.869495869e0,-3.454057872e-1,2.552692592e-1,1.276346207e0,5.524090290e0,-1.052071929e0
train,1219,CCCOC1C(C)C1C,8.517163277e0,3.253310174e-2,2.552692592e-1,1.276346207e0,8.549695969e0,1.318452120e0
train,1220,CC(C)(C)C1(C)COC1,8.364779472e0,1.898608506e-1,2.552692592e-1,1.276346207e0,8.554640770e0,1.322326303e0
train,1221,C#CC1(C)C2CC[NH+]21,7.469525814e0,2.065343410e-1,2.552692592e-1,1.276346207e0,7.676060200e0,6.339694858e-1
train,1222,OCc1cc[nH]c1O,6.370185375e0,-7.239191327e-3,2.552692592e-1,1.276346207e0,6.362946033e0,-3.948389590e-1
train,1223,OCC1OC1CC1CC1,9.205611229e0,-2.066485286e-1,2.552692592e-1,1.276346207e0,8.998962402e0,1.670446754e0
train,1224,OC1CCC1OC1CC1,8.563423157e0,-2.455708832e-1,2.552692592e-1,1.276346207e0,8.317852020e0,1.136805296e0
train,1225,CC1CN=COC(=O)C1,6.465425014e0,-2.816675901e-1,2.552692592e-1,1.276346207e0,6.183757305e0,-5.352310538e-1
train,1226,CC1CC2C3CC2C13,1.037842178e1,1.381927133e-1,2.552692592e-1,1.276346207e0,1.051661491e1,2.859508514e0
train,1227,COc1cnc(N)o1,6.272224426e0,-1.500421464e-1,2.552692592e-1,1.276346207e0,6.122182369e0,-5.834742785e-1
train,1228,CNC1[NH2+]CC2(C)OC12,6.544338226e0,9.574162960e-2,2.552692592e-1,1.276346207e0,6.640079975e0,-1.777079999e-1
train,1229,C#CC1=CCCC(=O)C1,5.662689686e0,-1.735631973e-1,2.552692592e-1,1.276346207e0,5.489126682e0,-1.079465389e0
train,1230,CCc1noc(C=O)n1,5.172884464e0,7.343817502e-2,2.552692592e-1,1.276346207e0,5.246322632e0,-1.269699335e0
train,1231,C#Cc1cnc(C#N)[nH]1,4.990568161e0,-1.396782994e-1,2.552692592e-1,1.276346207e0,4.850889683e0,-1.579516053e0
train,1232,O=CC(=O)NC1CCC1,4.748386860e0,5.506950021e-1,2.552692592e-1,1.276346207e0,5.299081802e0,-1.228363156e0
train,1233,CCC1C(=O)COC1C,5.790582657e0,3.224309385e-1,2.552692592e-1,1.276346207e0,6.113013744e0,-5.906577706e-1
train,1234,C1CC2(O1)C1CC3C1C32,8.688595772e0,-7.336321473e-2,2.552692592e-1,1.276346207e0,8.615232468e0,1.369799137e0
train,1235,C#CC1CC2OC1C2=O,6.345695019e0,4.489249587e-1,2.552692592e-1,1.276346207e0,6.794620037e0,-5.662780255e-2
train,1236,OC1CC2=CCOCC21,6.963393688e0,-1.254698932e-1,2.552692592e-1,1.276346207e0,6.837924004e0,-2.269968763e-2
train,1237,CCCC(=O)C(=O)OC,4.944308758e0,3.527303338e-1,2.552692592e-1,1.276346207e0,5.297039032e0,-1.229963660e0
train,1238,OCC(O)C1OC2CC21,8.002868652e0,1.231273562e-1,2.552692592e-1,1.276346207e0,8.125995636e0,9.864882231e-1
train,1239,CC12OCCC1C2C#N,7.436871529e0,2.420196533e-1,2.552692592e-1,1.276346207e0,7.678891182e0,6.361875534e-1
train,1240,CNc1c[nH]c(O)c1C,5.967456818e0,2.961258963e-2,2.552692592e-1,1.276346207e0,5.997069359e0,-6.814987063e-1
train,1241,CC12CC3C(C1=O)[NH+]3C2,5.910312653e0,-1.015306935e-1,2.552692592e-1,1.276346207e0,5.808782101e0,-8.290194273e-1
train,1242,CC(O)C1OC2CC21C,8.084503174e0,3.372433484e-1,2.552692592e-1,1.276346207e0,8.421746254e0,1.218205094e0
train,1243,O=CCC12C3C4C1[NH+]4C32,5.230028629e0,2.397293299e-1,2.552692592e-1,1.276346207e0,5.469758034e0,-1.094640493e0
train,1244,CC12CCCC3C1CC32,9.948482513e0,-1.748364419e-1,2.552692592e-1,1.276346207e0,9.773646355e0,2.277401924e0
train,1245,CC(C)(O)C#N,8.566143990e0,5.747551098e-2,2.552692592e-1,1.276346207e0,8.623619080e0,1.376369953e0
train,1246,CC1CCOC1[NH-],7.736196995e0,-3.856039941e-1,2.552692592e-1,1.276346207e0,7.350593090e0,3.789700866e-1
train,1247,CC#CC1CC(O)C1,8.032800674e0,3.743038327e-2,2.552692592e-1,1.276346207e0,8.070231438e0,9.427977204e-1
train,1248,O=C1CC(O)CC2OC12,5.864053726e0,-1.177525967e-1,2.552692592e-1,1.276346207e0,5.746301174e0,-8.779724836e-1
train,1249,COCC1=CCOC1=O,6.231407166e0,-1.014616340e-1,2.552692592e-1,1.276346207e0,6.129945755e0,-5.773917437e-1
train,1250,CCC1OC2CC12OC,8.362058640e0,-2.911484838e-1,2.552692592e-1,1.276346207e0,8.070910454e0,9.433296919e-1
train,1251,Oc1ccn2c1C=CC2,4.585118771e0,-2.845149338e-1,2.552692592e-1,1.276346207e0,4.300603867e0,-2.010658026e0
train,1252,CCc1cnnnn1,4.500762939e0,2.934105927e-3,2.552692592e-1,1.276346207e0,4.503696918e0,-1.851537228e0
train,1253,CC1CC2C(C)C(=O)C12,5.820515633e0,9.425595403e-3,2.552692592e-1,1.276346207e0,5.829941273e0,-8.124414682e-1
train,1254,CC1NC12CNC2C#N,7.104892731e0,2.230979502e-1,2.552692592e-1,1.276346207e0,7.327990532e0,3.612612784e-1
train,1255,CC1C2CC13OC(=O)C23,6.982441425e0,-1.026077569e-1,2.552692592e-1,1.276346207e0,6.879833698e0,1.013603061e-2
train,1256,C#CC(O)(C#N)CCC,7.635515213e0,4.495954216e-1,2.552692592e-1,1.276346207e0,8.085110664e0,9.544553757e-1
train,1257,OC1COc2[nH]ccc21,6.459982872e0,-3.870157525e-2,2.552692592e-1,1.276346207e0,6.421281338e0,-3.491339684e-1
train,1258,O=C1Cn2nncc2N1,5.771534920e0,2.127871513e-1,2.552692592e-1,1.276346207e0,5.984322071e0,-6.914860606e-1
train,1259,CN1C(=O)CCC1[NH-],6.819173336e0,-4.687070549e-1,2.552692592e-1,1.276346207e0,6.350466251e0,-4.046167135e-1
train,1260,CNc1n[nH]c(C#N)n1,4.699406624e0,-1.896808594e-1,2.552692592e-1,1.276346207e0,4.509725571e0,-1.846813917e0
train,1261,CC1C=CC2(O)COC12,6.781077385e0,-1.029086411e-1,2.552692592e-1,1.276346207e0,6.678168774e0,-1.478659064e-1
train,1262,Nc1nnoc(=O)n1,4.593281746e0,-9.102738649e-2,2.552692592e-1,1.276346207e0,4.502254486e0,-1.852667451e0
train,1263,c1nonc1CC1CN1,5.929360867e0,1.732311398e-1,2.552692592e-1,1.276346207e0,6.102591991e0,-5.988230705e-1
train,1264,C#CC1CC(C)C1=O,5.806910038e0,3.145999908e-1,2.552692592e-1,1.276346207e0,6.121510029e0,-5.840010643e-1
train,1265,CC(=O)C1(C)CC(=O)N1,5.964735985e0,2.030190676e-1,2.552692592e-1,1.276346207e0,6.167755127e0,-5.477685928e-1
train,1266,COC1(C)C[NH2+][CH+]O1,7.594697952e0,-2.956188917e-1,2.552692592e-1,1.276346207e0,7.299078941e0,3.386093974e-1
train,1267,CC(C)C(C=O)O[CH+][NH-],5.785140514e0,2.093039900e-1,2.552692592e-1,1.276346207e0,5.994444370e0,-6.835553646e-1
train,1268,C1=CC2CCCCC1C2,7.045027256e0,1.453239173e-1,2.552692592e-1,1.276346207e0,7.190351009e0,2.534224391e-1
train,1269,O=COC1CCC(O)C1,7.638236046e0,8.119364269e-3,2.552692592e-1,1.276346207e0,7.646355629e0,6.106963158e-1
train,1270,C1C2CC3C2C1C31CC1,9.153910637e0,-4.985959828e-2,2.552692592e-1,1.276346207e0,9.104050636e0,1.752782106e0
train,1271,C#CC12COC1(C)C2C,7.080402374e0,-3.924216330e-1,2.552692592e-1,1.276346207e0,6.687980652e0,-1.401784271e-1
train,1272,C#CCC1(O)CC1OC,7.575649738e0,2.117344737e-1,2.552692592e-1,1.276346207e0,7.787384033e0,7.211903334e-1
train,1273,CC1CC2C3COC3C12,8.217838287e0,-8.252276480e-2,2.552692592e-1,1.276346207e0,8.135315895e0,9.937905669e-1
train,1274,CC1CCN1C(=O)CO,7.254555702e0,-2.665772438e-1,2.552692592e-1,1.276346207e0,6.987978458e0,9.486608952e-2
train,1275,[H]N=C(C#N)N1CCC1[NH-],5.349758625e0,-4.259320349e-2,2.552692592e-1,1.276346207e0,5.307165623e0,-1.222029686e0
train,1276,C1C[NH+]2C3COC(O1)C32,8.329405785e0,-1.000015512e-1,2.552692592e-1,1.276346207e0,8.229404449e0,1.067507744e0
train,1277,CC1=CC(O)C(=O)CC1,6.005552769e0,-3.181652352e-2,2.552692592e-1,1.276346207e0,5.973736286e0,-6.997799277e-1
train,1278,CC12OC1COC2C#N,7.902186394e0,-2.148461938e-1,2.552692592e-1,1.276346207e0,7.687340260e0,6.428072453e-1
train,1279,O=CC12CC1CCCO2,6.128004074e0,2.931592762e-1,2.552692592e-1,1.276346207e0,6.421163559e0,-3.492262661e-1
train,1280,CC(O)C1CCN=CO1,7.401497364e0,6.979639083e-2,2.552692592e-1,1.276346207e0,7.471293926e0,4.735376835e-1
train,1281,CC(=O)CC1OC1C#N,6.416444778e0,-1.140747964e-1,2.552692592e-1,1.276346207e0,6.302370071e0,-4.422994554e-1
train,1282,OC1C=CC2(CC1)CO2,6.650462627e0,-4.656506330e-2,2.552692592e-1,1.276346207e0,6.603897572e0,-2.060564607e-1
train,1283,CCC1CC(CCO)C1,9.306294441e0,-3.691675514e-2,2.552692592e-1,1.276346207e0,9.269377708e0,1.882313728e0
train,1284,CC1OC2(C)C(CO)C12,8.264098167e0,-1.565926075e-1,2.552692592e-1,1.276346207e0,8.107505798e0,9.720016718e-1
train,1285,O=C1CCNC2COC12,5.521190166e0,1.439274549e-1,2.552692592e-1,1.276346207e0,5.665117741e0,-9.415786862e-1
train,1286,CC(C1CC1)C1(C)CO1,9.227380753e0,1.015560236e-2,2.552692592e-1,1.276346207e0,9.237536430e0,1.857366443e0
train,1287,CCCC1(C)CC2NC21,8.492672920e0,-7.410287857e-2,2.552692592e-1,1.276346207e0,8.418569565e0,1.215716243e0
train,1288,CC1CC(C)C1C=O,5.994668484e0,-1.512785405e-1,2.552692592e-1,1.276346207e0,5.843389988e0,-8.019046187e-1
train,1289,OC12C=CCC1CCC2,7.066796780e0,3.942598403e-1,2.552692592e-1,1.276346207e0,7.461056709e0,4.655169547e-1
train,1290,CC[NH2+][CH+]OCCCO,7.458641052e0,3.467815220e-1,2.552692592e-1,1.276346207e0,7.805422783e0,7.353234291e-1
train,1291,O=C1NC2CC3(CO3)C12,7.295372486e0,-4.481334090e-1,2.552692592e-1,1.276346207e0,6.847239017e0,-1.540149190e-2
train,1292,c1ccc2occc2c1,5.526632309e0,5.336758494e-2,2.552692592e-1,1.276346207e0,5.579999924e0,-1.008267403e0
train,1293,CC1NC12CCC2(C)O,8.057291031e0,-2.601470649e-1,2.552692592e-1,1.276346207e0,7.797143936e0,7.288370728e-1
train,1294,O=C1CC2C[NH+]3CC2C13,5.602824211e0,-3.118402064e-1,2.552692592e-1,1.276346207e0,5.290984154e0,-1.234707594e0
train,1295,CCN1C=CC(=O)CC1,4.957914352e0,-5.670789480e-1,2.552692592e-1,1.276346207e0,4.390835285e0,-1.939962983e0
train,1296,O=C1NC2C=CC1(O)C2,6.076302528e0,-6.604971886e-1,2.552692592e-1,1.276346207e0,5.415805340e0,-1.136911750e0
train,1297,OC1CC2C3OC3C12,8.416481972e0,-3.602360189e-1,2.552692592e-1,1.276346207e0,8.056245804e0,9.318401217e-1
train,1298,O=[N+]([O-])c1ncno1,5.357921600e0,-8.967810869e-2,2.552692592e-1,1.276346207e0,5.268243313e0,-1.252524734e0
train,1299,Cc1c(CO)cnn1C,6.748423576e0,-2.071274072e-1,2.552692592e-1,1.276346207e0,6.541296005e0,-2.551040053e-1
train,1300,C1=CC2(CO2)C2CC1C2,6.528011322e0,2.520818412e-1,2.552692592e-1,1.276346207e0,6.780093193e0,-6.800939888e-2
train,1301,C1=CC2(C3CO3)CC2C1,6.694001198e0,-8.086135238e-2,2.552692592e-1,1.276346207e0,6.613139629e0,-1.988154203e-1
train,1302,C1C2CC3(CO3)C[NH+]12,8.457298279e0,-1.849765480e-1,2.552692592e-1,1.276346207e0,8.272321701e0,1.101132870e0
train,1303,C(CC1CC1)C[NH+]1CC1,8.732133865e0,-1.379262507e-1,2.552692592e-1,1.276346207e0,8.594207764e0,1.353326559e0
train,1304,[H]N=C(NCCO)C(C)=O,5.085808277e0,-4.431855977e-1,2.552692592e-1,1.276346207e0,4.642622471e0,-1.742690802e0
train,1305,Cc1nc(C2CC2)no1,6.596040249e0,2.809330225e-1,2.552692592e-1,1.276346207e0,6.876973152e0,7.894828916e-3
train,1306,C1OC12C1OC2C2NC21,8.400155067e0,1.258911788e-1,2.552692592e-1,1.276346207e0,8.526045799e0,1.299922466e0
train,1307,OC12CC3(O)C4C1C2C43,7.619187832e0,-5.862858891e-1,2.552692592e-1,1.276346207e0,7.032901764e0,1.300629377e-1
train,1308,CC(C)C12CC1C1OC12,7.926676750e0,3.712210655e-1,2.552692592e-1,1.276346207e0,8.297897339e0,1.121171117e0
train,1309,O=C1CC=CC[NH+]2CC12,5.526632309e0,-1.251334995e-1,2.552692592e-1,1.276346207e0,5.401498795e0,-1.148120761e0
train,1310,C#CC1(N)CC1(N)C#N,7.031421661e0,-3.059079647e-1,2.552692592e-1,1.276346207e0,6.725513458e0,-1.107719392e-1
train,1311,NC(=O)C1C2C3CC2C31,7.205575466e0,1.085137948e-1,2.552692592e-1,1.276346207e0,7.314089298e0,3.503698409e-1
train,1312,CC[NH+]1CC(C(=O)[O-])C1,4.786482811e0,-4.087179303e-1,2.552692592e-1,1.276346207e0,4.377764702e0,-1.950203538e0
train,1313,Cc1nc(N)c(C#N)[nH]1,5.191932201e0,3.711298406e-1,2.552692592e-1,1.276346207e0,5.563062191e0,-1.021537900e0
train,1314,C#CC12CCC(=O)N1C2,6.508963585e0,3.152705133e-1,2.552692592e-1,1.276346207e0,6.824234009e0,-3.342562541e-2
train,1315,CCC1C2CC3OC3C12,8.906287193e0,-2.169704139e-1,2.552692592e-1,1.276346207e0,8.689316750e0,1.427843213e0
train,1316,C#CC1C2COC12C#N,6.664068222e0,2.330295742e-1,2.552692592e-1,1.276346207e0,6.897097588e0,2.366207168e-2
train,1317,CC1[NH+]2C3C(O)C2C13C,7.913071156e0,1.913894564e-1,2.552692592e-1,1.276346207e0,8.104460716e0,9.696159363e-1
train,1318,O=CCCC1(O)CCC1,6.223243713e0,-4.227251112e-1,2.552692592e-1,1.276346207e0,5.800518513e0,-8.354938626e-1
train,1319,CC1CC(=O)NCCO1,7.259997368e0,-1.242085546e-1,2.552692592e-1,1.276346207e0,7.135788918e0,2.106737345e-1
train,1320,OCC1C2CCOCC12,8.386548996e0,1.469316036e-1,2.552692592e-1,1.276346207e0,8.533480644e0,1.305747628e0
train,1321,CC12CC(COC1[NH-])C2,7.806946754e0,2.398217022e-1,2.552692592e-1,1.276346207e0,8.046768188e0,9.244145155e-1
train,1322,CCC[NH+]1CC1(C)CO,8.119877815e0,-2.446974963e-1,2.552692592e-1,1.276346207e0,7.875180244e0,7.899775505e-1
train,1323,OC1CC2CC3(CC3)C12,8.726691246e0,1.396538764e-1,2.552692592e-1,1.276346207e0,8.866345406e0,1.566542983e0
train,1324,N#CC1NCC2C(O)C12,7.162036896e0,3.672288060e-1,2.552692592e-1,1.276346207e0,7.529265881e0,5.189579725e-1
train,1325,C1C2CC3C1C23[NH+]1CC1,8.525327682e0,-1.270333380e-1,2.552692592e-1,1.276346207e0,8.398294449e0,1.199830890e0
train,1326,O=C1CC(C2CC2)O1,7.730754375e0,2.739306688e-1,2.552692592e-1,1.276346207e0,8.004685402e0,8.914431930e-1
train,1327,C1C[NH+]2CCOC(C2)O1,7.485852242e0,3.031337559e-1,2.552692592e-1,1.276346207e0,7.788986206e0,7.224456072e-1
train,1328,CC1NC12CC(=O)C2,5.883101463e0,2.633471191e-1,2.552692592e-1,1.276346207e0,6.146448612e0,-5.644619465e-1
train,1329,CCC1OC2CC1C2C,8.952546120e0,5.385776758e-1,2.552692592e-1,1.276346207e0,9.491124153e0,2.056049347e0
train,1330,NC(=O)C(O)CNC=O,7.126662254e0,1.661493033e-1,2.552692592e-1,1.276346207e0,7.292811394e0,3.336988688e-1
train,1331,CCC1=CCCC(=O)C1,6.073581219e0,-3.971374631e-1,2.552692592e-1,1.276346207e0,5.676443577e0,-9.327049851e-1
train,1332,CCC1C(O)C12CCO2,7.469525814e0,1.267038286e-1,2.552692592e-1,1.276346207e0,7.596229553e0,5.714231730e-1
train,1333,NC(=O)CC1CO[CH+][NH2+]1,6.479031086e0,-2.810806334e-1,2.552692592e-1,1.276346207e0,6.197950363e0,-5.241109729e-1
train,1334,C#CC#CC(=O)OCC,5.308941364e0,-1.830251515e-1,2.552692592e-1,1.276346207e0,5.125916004e0,-1.364036441e0
train,1335,CC1C2C(O)C(=O)C[NH+]12,5.333431244e0,-2.232520878e-1,2.552692592e-1,1.276346207e0,5.110178947e0,-1.376366258e0
train,1336,CC1(O)C2CC2C1(C)O,8.266819000e0,-4.865957201e-1,2.552692592e-1,1.276346207e0,7.780223370e0,7.155800462e-1
train,1337,O=c1ccc(CO)c[nH]1,4.761992455e0,6.674205661e-1,2.552692592e-1,1.276346207e0,5.429412842e0,-1.126250505e0
train,1338,O=CC12CC3NC3C1O2,5.774256229e0,2.158454955e-1,2.552692592e-1,1.276346207e0,5.990101814e0,-6.869577169e-1
train,1339,C1=Nc2[nH]ccc2CO1,4.906212807e0,-2.682685256e-1,2.552692592e-1,1.276346207e0,4.637944221e0,-1.746356249e0
train,1340,OCCC1OCC1NO,6.628693581e0,-1.902088225e-1,2.552692592e-1,1.276346207e0,6.438484669e0,-3.356553912e-1
train,1341,CC(CNCC#N)=NO,6.816452026e0,-1.640356630e-1,2.552692592e-1,1.276346207e0,6.652416229e0,-1.680427045e-1
train,1342,CC1OC(=O)C1C=O,6.114398479e0,4.395121336e-2,2.552692592e-1,1.276346207e0,6.158349514e0,-5.551377535e-1
train,1343,C#CC1C=C(C)C2NC12,6.620530128e0,-5.953162313e-1,2.552692592e-1,1.276346207e0,6.025213718e0,-6.594479680e-1
train,1344,[NH-]C1COCC(C=O)N1,5.162000179e0,2.348888293e-2,2.552692592e-1,1.276346207e0,5.185489178e0,-1.317361593e0
train,1345,CCC1COC([NH-])C1=O,5.061317921e0,-2.612355053e-1,2.552692592e-1,1.276346207e0,4.800082207e0,-1.619323134e0
train,1346,CC(=O)c1cc[nH]c1O,4.862674713e0,-6.902221590e-2,2.552692592e-1,1.276346207e0,4.793652534e0,-1.624360681e0
train,1347,CC(O)C1C(C)C1C#N,8.079060555e0,1.393780019e-2,2.552692592e-1,1.276346207e0,8.092998505e0,9.606354237e-1
train,1348,C#CC(CC(C)O)OC,8.068176270e0,2.833936512e-1,2.552692592e-1,1.276346207e0,8.351570129e0,1.163223028e0
train,1349,C#CC1CCCOC1=O,6.960672855e0,2.543851137e-1,2.552692592e-1,1.276346207e0,7.215057850e0,2.727799416e-1
train,1350,[NH-]C1OCC12NC1CC12,6.541617393e0,6.595513970e-2,2.552692592e-1,1.276346207e0,6.607572556e0,-2.031771541e-1
train,1351,C[NH2+]C1CCCOCO1,7.178363323e0,-3.275536373e-2,2.552692592e-1,1.276346207e0,7.145607948e0,2.183668166e-1
train,1352,CC12C3C[NH+]1C1C3C12,8.223280907e0,-1.006093621e-1,2.552692592e-1,1.276346207e0,8.122671127e0,9.838835597e-1
train,1353,CC(C)C1CN(C=O)C1,7.238228798e0,2.269138694e-1,2.552692592e-1,1.276346207e0,7.465142727e0,4.687182903e-1
train,1354,OCC1(CC2CC2)CN1,8.130762100e0,-2.549158037e-1,2.552692592e-1,1.276346207e0,7.875846386e0,7.904994488e-1
train,1355,CCC(C)(OC)C(C)C,8.694037437e0,2.592571378e-1,2.552692592e-1,1.276346207e0,8.953294754e0,1.634666681e0
train,1356,N#CC12CC3CC1C3C2,8.653220177e0,2.639484107e-1,2.552692592e-1,1.276346207e0,8.917168617e0,1.606362343e0
train,1357,CC1(CCO)CC(O)C1,8.909008026e0,1.123853493e-2,2.552692592e-1,1.276346207e0,8.920246124e0,1.608773470e0
train,1358,COC1COC2CC2O1,8.081781387e0,-8.099635690e-2,2.552692592e-1,1.276346207e0,8.000784874e0,8.883872032e-1
train,1359,CC1C2C3CC3CC12C,8.451856613e0,1.068864390e-1,2.552692592e-1,1.276346207e0,8.558743477e0,1.325540781e0
train,1360,O=C1CCC2OC2CC1,6.155215263e0,-1.932589114e-1,2.552692592e-1,1.276346207e0,5.961956501e0,-7.090092301e-1
train,1361,N#CC1OC1C(O)C=O,6.225965023e0,-1.880978234e-2,2.552692592e-1,1.276346207e0,6.207155228e0,-5.168991089e-1
train,1362,C1=CC2(CCC2)C2OC12,6.549780846e0,1.945958436e-1,2.552692592e-1,1.276346207e0,6.744376659e0,-9.599285573e-2
train,1363,C1CC2COCC12,8.944382668e0,-3.191811740e-1,2.552692592e-1,1.276346207e0,8.625201225e0,1.377609611e0
train,1364,O=CC1CC(O)(C=O)C1,5.630035877e0,-7.856827229e-3,2.552692592e-1,1.276346207e0,5.622179031e0,-9.752206206e-1
train,1365,CCC1(O)CNCC1=O,5.191932201e0,-2.192535996e-1,2.552692592e-1,1.276346207e0,4.972678661e0,-1.484095931e0
train,1366,CC1=COC([NH-])C(=O)N1,4.835463047e0,4.065069929e-2,2.552692592e-1,1.276346207e0,4.876113892e0,-1.559753299e0
train,1367,O=C1CCC1(O)C1CN1,5.540238380e0,8.548624814e-2,2.552692592e-1,1.276346207e0,5.625724792e0,-9.724425077e-1
train,1368,C#Cc1coc(CO)c1,5.766092300e0,-1.095485985e-1,2.552692592e-1,1.276346207e0,5.656543732e0,-9.482963085e-1
train,1369,CC(C)CC1(C)CO1,9.254591942e0,8.287655562e-2,2.552692592e-1,1.276346207e0,9.337468147e0,1.935661793e0
train,1370,CCC1C(C=O)C1CC,6.114398479e0,-1.896354109e-1,2.552692592e-1,1.276346207e0,5.924763203e0,-7.381497025e-1
train,1371,CC12CC1(O)C(C=O)O2,5.638199329e0,-1.033350751e-1,2.552692592e-1,1.276346207e0,5.534864426e0,-1.043630481e0
train,1372,C1C2C[NH+]3C2C3C2NC12,7.668168545e0,-2.707161307e-1,2.552692592e-1,1.276346207e0,7.397452354e0,4.156837463e-1
train,1373,CC1(C2CN2)OC2CC21,8.555259705e0,1.074240655e-1,2.552692592e-1,1.276346207e0,8.662683487e0,1.406976461e0
train,1374,CC12C=CC3C(N1)C32O,6.130725384e0,6.577002257e-2,2.552692592e-1,1.276346207e0,6.196495533e0,-5.252508521e-1
train,1375,CC1(O[CH+][NH-])COC1[NH-],7.249113560e0,-1.565278918e-1,2.552692592e-1,1.276346207e0,7.092585564e0,1.768244505e-1
train,1376,C1=CC2([NH+]3CC3)CC1C2,6.402839184e0,-5.502568185e-2,2.552692592e-1,1.276346207e0,6.347813606e0,-4.066950381e-1
train,1377,O=C([O-])C1=CC[NH2+]C1,3.994631290e0,9.320992976e-2,2.552692592e-1,1.276346207e0,4.087841034e0,-2.177355051e0
train,1378,C#CC[NH+]1C(C)C1CC,7.328026772e0,-3.029178977e-1,2.552692592e-1,1.276346207e0,7.025108814e0,1.239572614e-1
train,1379,CC1=C2CCC2C(=O)C1,5.842284679e0,-2.847325802e-1,2.552692592e-1,1.276346207e0,5.557552338e0,-1.025854826e0
train,1380,NC(=O)c1ccccc1,5.749765873e0,4.541546702e-1,2.552692592e-1,1.276346207e0,6.203920364e0,-5.194335580e-1
train,1381,OC12CC3C4C3C1C42,7.858648300e0,-2.031411678e-1,2.552692592e-1,1.276346207e0,7.655507088e0,6.178663969e-1
train,1382,CC12CC(O)C1C1CC12,8.062733650e0,1.218732744e-1,2.552692592e-1,1.276346207e0,8.184606552e0,1.032409191e0
train,1383,CC([NH-])OCC1(O)CC1,7.551159859e0,2.986180186e-1,2.552692592e-1,1.276346207e0,7.849777699e0,7.700749636e-1
train,1384,CC1(C#N)[NH+]2CCC21C,7.455919266e0,-1.281345040e-1,2.552692592e-1,1.276346207e0,7.327784538e0,3.610998988e-1
train,1385,CC12CC(N)C1(C#N)N2,7.156594753e0,3.498594761e-1,2.552692592e-1,1.276346207e0,7.506454468e0,5.010855198e-1
train,1386,C1CC2CC3CC3(C1)O2,8.626008987e0,-3.879922330e-1,2.552692592e-1,1.276346207e0,8.238017082e0,1.074255586e0
train,1387,CCC1C(CC)C1OC,8.424644470e0,-1.424155980e-1,2.552692592e-1,1.276346207e0,8.282228470e0,1.108894706e0
train,1388,COC1C(C#N)C1C=O,6.051812172e0,-1.424435824e-1,2.552692592e-1,1.276346207e0,5.909368515e0,-7.502112389e-1
train,1389,CC1C(O)C(C)C1CO,8.416481972e0,2.373517901e-1,2.552692592e-1,1.276346207e0,8.653833389e0,1.400042534e0
train,1390,CC(=O)C1OC1(C)C=O,5.572891712e0,-6.712137908e-2,2.552692592e-1,1.276346207e0,5.505770206e0,-1.066425443e0
train,1391,O=CN1C=CC(O)C1,5.730718136e0,5.060535073e-1,2.552692592e-1,1.276346207e0,6.236771584e0,-4.936950505e-1
train,1392,O=CCCC(=O)CO,6.035485268e0,-1.368349651e-3,2.552692592e-1,1.276346207e0,6.034116745e0,-6.524725556e-1
train,1393,CC(C)C12C[NH+](C1)C2C,7.945724487e0,1.738318354e-1,2.552692592e-1,1.276346207e0,8.119556427e0,9.814432263e-1
train,1394,NC(=O)c1[nH]nnc1N,4.797367573e0,-1.862190217e-1,2.552692592e-1,1.276346207e0,4.611148357e0,-1.767350435e0
train,1395,N#CCCC1C2CCC12,8.250492096e0,2.733385563e-1,2.552692592e-1,1.276346207e0,8.523830414e0,1.298186779e0
train,1396,OCC1C2(O)CCC12O,7.888580799e0,-3.925836086e-1,2.552692592e-1,1.276346207e0,7.495997429e0,4.928925633e-1
train,1397,C#CC(C)(O)CCC,8.182463646e0,5.246409029e-2,2.552692592e-1,1.276346207e0,8.234928131e0,1.071835518e0
train,1398,O=C([O-])C1=CC2CC1[NH2+]2,4.430013657e0,3.391606808e-1,2.552692592e-1,1.276346207e0,4.769174576e0,-1.643538833e0
train,1399,CNC(=O)CN(C)C=O,6.966114998e0,1.724174321e-1,2.552692592e-1,1.276346207e0,7.138532639e0,2.128234059e-1
train,1400,CC1(C=O)CC(C=O)N1,5.698064327e0,-4.129037559e-1,2.552692592e-1,1.276346207e0,5.285160542e0,-1.239270329e0
train,1401,CC1C2OC1C1CCC12,8.876354218e0,-3.487553000e-1,2.552692592e-1,1.276346207e0,8.527599335e0,1.301139712e0
train,1402,CC(C)CC1(C)CCO1,8.568865776e0,3.027299419e-2,2.552692592e-1,1.276346207e0,8.599139214e0,1.357190251e0
train,1403,O=C1C2C3CC4C1C4C32,5.978341103e0,-2.798050940e-1,2.552692592e-1,1.276346207e0,5.698535919e0,-9.153959155e-1
train,1404,CC1C2C3OC3C12CO,7.673610687e0,-6.401515752e-2,2.552692592e-1,1.276346207e0,7.609595299e0,5.818950534e-1
train,1405,O=C1CC=C2CCC2C1,6.070860386e0,-3.984847069e-1,2.552692592e-1,1.276346207e0,5.672375679e0,-9.358921647e-1
train,1406,Nc1ncc[nH]c1=O,4.628656864e0,1.437120046e-2,2.552692592e-1,1.276346207e0,4.643028259e0,-1.742372870e0
train,1407,OCCC1CC=CCC1,7.292651653e0,-7.774545252e-2,2.552692592e-1,1.276346207e0,7.214906216e0,2.726611495e-1
train,1408,CCC1C(C)CC2CC21,9.080439568e0,-1.928529330e-2,2.552692592e-1,1.276346207e0,9.061154366e0,1.719173312e0
train,1409,CNc1onc(O)c1N,6.266781807e0,-5.598528981e-1,2.552692592e-1,1.276346207e0,5.706928730e0,-9.088202715e-1
train,1410,CCC1C2OC3C(O2)C13,8.794719696e0,2.755796015e-1,2.552692592e-1,1.276346207e0,9.070299149e0,1.726338148e0
train,1411,c1cnc2cnnn2c1,4.617772102e0,-1.641002148e-1,2.552692592e-1,1.276346207e0,4.453671932e0,-1.890731215e0
train,1412,C#CC#CCCC,6.296714783e0,1.184118316e-1,2.552692592e-1,1.276346207e0,6.415126801e0,-3.539559841e-1
train,1413,OC12CCC1=CC1NC12,6.375627518e0,-2.171862423e-1,2.552692592e-1,1.276346207e0,6.158441067e0,-5.550660491e-1
train,1414,[CH+]1[NH2+]CC23CC2[NH2+][CH+][NH+]13,6.103513718e0,6.897274852e-1,2.552692592e-1,1.276346207e0,6.793241024e0,-5.770824105e-2
train,1415,CC#CC(C)C(C)CC,8.242328644e0,1.351808310e-1,2.552692592e-1,1.276346207e0,8.377509117e0,1.183545947e0
train,1416,N#CC12CC3(O)C[NH+]1C32,7.496736526e0,-4.456280470e-1,2.552692592e-1,1.276346207e0,7.051108360e0,1.443275809e-1
train,1417,C#CC(C)(O)C(C)C=O,6.002831459e0,1.376665235e-1,2.552692592e-1,1.276346207e0,6.140498161e0,-5.691240430e-1
train,1418,NC(=O)C1NC1C(N)=O,6.378348827e0,-2.836883366e-1,2.552692592e-1,1.276346207e0,6.094660282e0,-6.050374508e-1
train,1419,c1cnc(C2CC2)cn1,5.444998264e0,1.019515321e-1,2.552692592e-1,1.276346207e0,5.546949863e0,-1.034161687e0
train,1420,COC(C)(C=O)C1CN1,5.668131351e0,5.375874639e-1,2.552692592e-1,1.276346207e0,6.205718994e0,-5.180243850e-1
train,1421,CC1C=CC2CCC12O,6.974278450e0,-3.103573918e-1,2.552692592e-1,1.276346207e0,6.663920879e0,-1.590289474e-1
train,1422,C[NH2+]Cc1noc([NH-])n1,4.272187710e0,-4.453815147e-2,2.552692592e-1,1.276346207e0,4.227649689e0,-2.067816734e0
train,1423,C#CC1NC2COC12C,7.189248085e0,-5.079733729e-1,2.552692592e-1,1.276346207e0,6.681274891e0,-1.454322934e-1
train,1424,CCC1CC2CC1C2,1.030767345e1,2.160057984e-2,2.552692592e-1,1.276346207e0,1.032927418e1,2.712729216e0
train,1425,N#CC#CC1OC2CC12,5.583776474e0,6.017647311e-2,2.552692592e-1,1.276346207e0,5.643952847e0,-9.581611156e-1
train,1426,C1=C2CCCC3C(C1)C23,6.405560493e0,-1.516912729e-1,2.552692592e-1,1.276346207e0,6.253869057e0,-4.802994132e-1
train,1427,OC1COc2ncoc21,5.649083614e0,4.740737379e-2,2.552692592e-1,1.276346207e0,5.696490765e0,-9.169982672e-1
train,1428,CCc1cn[nH]c1,7.047749043e0,1.632339954e-1,2.552692592e-1,1.276346207e0,7.210983276e0,2.695875764e-1
train,1429,C#CC12CCC3C(C1)[NH+]32,7.393333435e0,-1.005575284e-1,2.552692592e-1,1.276346207e0,7.292776108e0,3.336712122e-1
train,1430,CC1=CC(=O)C2OC2C1,5.121182919e0,2.672697008e-1,2.552692592e-1,1.276346207e0,5.388452530e0,-1.158342361e0
train,1431,COc1cnn(C)c1O,6.253176689e0,1.973293908e-2,2.552692592e-1,1.276346207e0,6.272909641e0,-4.653813541e-1
train,1432,CC(O)(C#N)C(O)CO,8.070897102e0,3.698616624e-1,2.552692592e-1,1.276346207e0,8.440758705e0,1.233101130e0
train,1433,CCc1cc(N)oc1O,6.068139076e0,2.435645908e-1,2.552692592e-1,1.276346207e0,6.311703682e0,-4.349867105e-1
train,1434,OCC12CCC(O1)C2O,8.645057678e0,2.870614454e-2,2.552692592e-1,1.276346207e0,8.673764229e0,1.415658116e0
train,1435,COC(CO)C1(O)CC1,8.566143990e0,-3.412169516e-1,2.552692592e-1,1.276346207e0,8.224926949e0,1.063999653e0
train,1436,CCOC([NH-])C1(C)CC1,7.855927467e0,1.571065038e-1,2.552692592e-1,1.276346207e0,8.013033867e0,8.979841471e-1
train,1437,CC1(O)C2C3C4C1C2[NH+]34,7.817831039e0,-1.046410501e-1,2.552692592e-1,1.276346207e0,7.713190079e0,6.630603075e-1
train,1438,C#CCC1CCCO1,8.108993530e0,-1.664427668e-1,2.552692592e-1,1.276346207e0,7.942550659e0,8.427613974e-1
train,1439,OCCCC1OCC1O,8.329405785e0,3.310585320e-1,2.552692592e-1,1.276346207e0,8.660464287e0,1.405237675e0
train,1440,CCC#CCC(C)O,8.084503174e0,-3.335988224e-1,2.552692592e-1,1.276346207e0,7.750904560e0,6.926091313e-1
train,1441,N#CC1C=CC2COC12,6.960672855e0,-3.007833846e-2,2.552692592e-1,1.276346207e0,6.930594444e0,4.990643635e-2
train,1442,CC12C3[CH-]COC1C2C3,5.722554207e0,-2.237208933e-1,2.552692592e-1,1.276346207e0,5.498833179e0,-1.071860552e0
train,1443,C[NH+]1CC1(C)C1(C)CC1,8.299472809e0,1.748922467e-1,2.552692592e-1,1.276346207e0,8.474365234e0,1.259431481e0
train,1444,C#CC(C)(C=O)C1CN1,5.657247066e0,4.484317601e-1,2.552692592e-1,1.276346207e0,6.105679035e0,-5.964044333e-1
train,1445,O=C1C2CC2NC12CC2,5.455882549e0,4.739684165e-1,2.552692592e-1,1.276346207e0,5.929851055e0,-7.341634035e-1
train,1446,CC1CC(O)C(=O)C1O,5.921197414e0,-8.269614726e-2,2.552692592e-1,1.276346207e0,5.838501453e0,-8.057346940e-1
train,1447,C[NH+]1CCNC(=O)C1,6.974278450e0,9.502080828e-2,2.552692592e-1,1.276346207e0,7.069299221e0,1.585798860e-1
train,1448,CC1(C)C(=O)NC1C=O,5.730718136e0,-6.503418833e-2,2.552692592e-1,1.276346207e0,5.665683746e0,-9.411352277e-1
train,1449,CC#CCC(=O)NC=O,5.940245628e0,-2.303670794e-1,2.552692592e-1,1.276346207e0,5.709878445e0,-9.065092206e-1
train,1450,C1CC(C23C[NH+](C2)C3)C1,8.196069717e0,1.671756506e-1,2.552692592e-1,1.276346207e0,8.363245010e0,1.172370195e0
train,1451,CCOC(=O)C1CO1,7.153872967e0,3.000844121e-1,2.552692592e-1,1.276346207e0,7.453957558e0,4.599548578e-1
train,1452,CC12CC3CC1(C)C32C,8.313077927e0,-1.453020871e-1,2.552692592e-1,1.276346207e0,8.167776108e0,1.019222736e0
train,1453,CC1(C)OC1C#CC#N,6.062696934e0,1.565141678e-1,2.552692592e-1,1.276346207e0,6.219211102e0,-5.074535012e-1
train,1454,CC12CNCC1(C#N)O2,6.557943821e0,2.795024216e-1,2.552692592e-1,1.276346207e0,6.837446213e0,-2.307403088e-2
train,1455,CC1CC(N)C1(O)C#N,8.277703285e0,-1.641780585e-1,2.552692592e-1,1.276346207e0,8.113525391e0,9.767179489e-1
train,1456,CC12C[NH+]1[CH+][NH2+]C2CO,6.459982872e0,-1.467552632e-1,2.552692592e-1,1.276346207e0,6.313227654e0,-4.337926805e-1
train,1457,CCOC(N)=NCC#N,7.515784740e0,-3.068886101e-1,2.552692592e-1,1.276346207e0,7.208896160e0,2.679523230e-1
train,1458,CCC1=CC2CC1C2C,6.440935135e0,-1.689523906e-1,2.552692592e-1,1.276346207e0,6.271982670e0,-4.661076069e-1
train,1459,CCOC1C2C3OC3C12,7.434150696e0,3.371556997e-1,2.552692592e-1,1.276346207e0,7.771306515e0,7.085937858e-1
train,1460,C#CC1(C)C2COC1C2,7.586534500e0,5.602240935e-2,2.552692592e-1,1.276346207e0,7.642557144e0,6.077202559e-1
train,1461,O=CCC(CO)[NH+]1CC1,5.975620270e0,-6.949914247e-2,2.552692592e-1,1.276346207e0,5.906121254e0,-7.527554631e-1
train,1462,CC(CO)C(C)C1CO1,9.181120872e0,-2.346038520e-1,2.552692592e-1,1.276346207e0,8.946516991e0,1.629356384e0
train,1463,c1cnc(C2CC2)cn1,5.444998264e0,-3.116526455e-2,2.552692592e-1,1.276346207e0,5.413833141e0,-1.138456941e0
train,1464,CC#CC1C2C(=O)C[NH+]12,5.771534920e0,-1.720768213e-1,2.552692592e-1,1.276346207e0,5.599458218e0,-9.930220842e-1
train,1465,CCC(O)C1C2CC[NH+]21,8.231444359e0,2.419168651e-1,2.552692592e-1,1.276346207e0,8.473361015e0,1.258644700e0
train,1466,O=CCNc1ncco1,5.200095654e0,5.835966021e-2,2.552692592e-1,1.276346207e0,5.258455276e0,-1.260193586e0
train,1467,N#CC#Cc1ncno1,5.113019466e0,3.103744090e-1,2.552692592e-1,1.276346207e0,5.423393726e0,-1.130966425e0
train,1468,CC12C=CC(C)(O1)C2O,6.473588943e0,-1.901438087e-1,2.552692592e-1,1.276346207e0,6.283445358e0,-4.571267366e-1
train,1469,CC1(OC=O)COC1,7.186526775e0,7.153151631e-1,2.552692592e-1,1.276346207e0,7.901842117e0,8.108667731e-1
train,1470,OC12C3COCC1C2O3,7.836878777e0,-1.686734892e-2,2.552692592e-1,1.276346207e0,7.820011616e0,7.467536330e-1
train,1471,CC#CC(C)CC,8.258655548e0,-2.607165277e-1,2.552692592e-1,1.276346207e0,7.997939110e0,8.861575723e-1
train,1472,Cn1ncc(C2CN2)n1,6.024600506e0,-2.468521595e-1,2.552692592e-1,1.276346207e0,5.777748108e0,-8.533341885e-1
train,1473,CC(C)OC(C=O)CO,5.809630871e0,1.224762574e-1,2.552692592e-1,1.276346207e0,5.932106972e0,-7.323959470e-1
train,1474,CC(O)C(O)(C#N)C#N,7.398775578e0,-2.123323679e-1,2.552692592e-1,1.276346207e0,7.186443329e0,2.503608167e-1
train,1475,OCC1(O)C2CCC1O2,7.997426510e0,-1.576100737e-1,2.552692592e-1,1.276346207e0,7.839816570e0,7.622705698e-1
train,1476,CC1=CC(=O)C(C)NC1,4.898049831e0,1.893167794e-1,2.552692592e-1,1.276346207e0,5.087366581e0,-1.394239426e0
train,1477,CC#CC1=CCC(=O)N1,4.998731613e0,-2.789647579e-1,2.552692592e-1,1.276346207e0,4.719766617e0,-1.682249427e0
train,1478,O=C1NC2CCC12O,6.976998806e0,2.995897830e-1,2.552692592e-1,1.276346207e0,7.276588440e0,3.209883869e-1
train,1479,O=c1ccnc[nH]1,5.349758625e0,-2.697227001e-1,2.552692592e-1,1.276346207e0,5.080036163e0,-1.399982691e0
train,1480,CC#Cc1oncc1N,4.835463047e0,-2.271383107e-1,2.552692592e-1,1.276346207e0,4.608324528e0,-1.769562840e0
train,1481,CC1CC2CCCC2C1,9.929434776e0,6.155088544e-2,2.552692592e-1,1.276346207e0,9.990985870e0,2.447684765e0
train,1482,CCCCC#N,9.632830620e0,2.526938170e-2,2.552692592e-1,1.276346207e0,9.658100128e0,2.186872959e0
train,1483,COCc1cnc(C)[nH]1,6.517127037e0,5.278354287e-1,2.552692592e-1,1.276346207e0,7.044962406e0,1.395123005e-1
train,1484,O=C1NCC2(O)COC12,6.653183937e0,-1.243864000e-1,2.552692592e-1,1.276346207e0,6.528797626e0,-2.648963332e-1
train,1485,OC12CC3CC(C1)C32,8.710365295e0,-3.921634853e-1,2.552692592e-1,1.276346207e0,8.318202019e0,1.137079477e0
train,1486,CCC([NH2+]C)OC1CC1,7.382448673e0,5.438799858e-1,2.552692592e-1,1.276346207e0,7.926328659e0,8.300516605e-1
train,1487,CC1=CC2(C)C3CC1[NH+]32,5.932082176e0,-1.263511628e-1,2.552692592e-1,1.276346207e0,5.805730820e0,-8.314100504e-1
train,1488,Nc1c[nH]nc1[N+](=O)[O-],4.114361286e0,-1.178926378e-1,2.552692592e-1,1.276346207e0,3.996468544e0,-2.248944283e0
train,1489,C#CC(CC)COC,8.528048515e0,8.638592064e-2,2.552692592e-1,1.276346207e0,8.614434242e0,1.369173765e0
train,1490,Nc1nncc(O)c1F,5.491257668e0,1.134304404e-1,2.552692592e-1,1.276346207e0,5.604688168e0,-9.889244437e-1
train,1491,CC1COCC2C(C)[NH+]12,7.845042706e0,2.389796451e-2,2.552692592e-1,1.276346207e0,7.868940830e0,7.850890160e-1
train,1492,CN1C(=O)CC1C1CO1,7.613745689e0,-1.857533902e-1,2.552692592e-1,1.276346207e0,7.427992344e0,4.396114349e-1
train,1493,c1n[nH]nc1C1CC1,6.634135723e0,-1.438268125e-1,2.552692592e-1,1.276346207e0,6.490308762e0,-2.950518727e-1
train,1494,CC(O)CC1(O)COC1,8.307636261e0,3.032547832e-1,2.552692592e-1,1.276346207e0,8.610891342e0,1.366397977e0
train,1495,N#CC12C3C4CC1[NH+]4C32,6.952508926e0,4.532311857e-1,2.552692592e-1,1.276346207e0,7.405740261e0,4.221772254e-1
train,1496,C1CC2CC3OC2CC13,8.898122787e0,-5.646203458e-2,2.552692592e-1,1.276346207e0,8.841660500e0,1.547202706e0
train,1497,CC1C2CC3C1C23CO,8.196069717e0,-2.407046854e-1,2.552692592e-1,1.276346207e0,7.955365181e0,8.528014421e-1
train,1498,[NH-]C1C=CC(C2CN2)O1,5.610987663e0,1.571743935e-1,2.552692592e-1,1.276346207e0,5.768162251e0,-8.608445525e-1
train,1499,O=CC(CO)C1CCC1,6.147051811e0,1.423182189e-1,2.552692592e-1,1.276346207e0,6.289370060e0,-4.524848163e-1
train,1500,CC([NH+]1CC1)C1(C)CC1,8.549818039e0,5.449000001e-2,2.552692592e-1,1.276346207e0,8.604308128e0,1.361240029e0
train,1501,O=CC1=CC2CC1CO2,5.004173756e0,2.737908363e-1,2.552692592e-1,1.276346207e0,5.277964592e0,-1.244908333e0
train,1502,CCC1CC12CCCO2,8.408317566e0,4.146420658e-1,2.552692592e-1,1.276346207e0,8.822959900e0,1.532551050e0
train,1503,CCOC12COC(C1)C2,8.655941963e0,-1.144496799e-1,2.552692592e-1,1.276346207e0,8.541492462e0,1.312024832e0
train,1504,C1OC2CC3(CC3)C2O1,8.789278030e0,6.491736323e-2,2.552692592e-1,1.276346207e0,8.854195595e0,1.557023764e0
train,1505,CC1C[NH+]1C1CC1(C)C,8.446413994e0,3.665384352e-1,2.552692592e-1,1.276346207e0,8.812952042e0,1.524709940e0
train,1506,CC1(C)C[NH+]2CC21CO,8.321241379e0,1.826705039e-1,2.552692592e-1,1.276346207e0,8.503911972e0,1.282580972e0
train,1507,C#Cc1nc(C)c(C)[nH]1,5.281730175e0,4.405853748e-1,2.552692592e-1,1.276346207e0,5.722315788e0,-8.967646956e-1
train,1508,CC1(C)CCOC(=O)O1,8.762065887e0,2.810680680e-2,2.552692592e-1,1.276346207e0,8.790172577e0,1.506862521e0
train,1509,C#CC(CO)C(O)C=O,6.032763958e0,2.984246612e-2,2.552692592e-1,1.276346207e0,6.062606335e0,-6.301513314e-1
train,1510,CCC1(O)CCCC1O,8.925334930e0,1.372326761e-1,2.552692592e-1,1.276346207e0,9.062567711e0,1.720280647e0
train,1511,CC1(O)C2CC1C1CC12,8.579750061e0,1.097472832e-1,2.552692592e-1,1.276346207e0,8.689496994e0,1.427984476e0
train,1512,N#CC#CC1NCC[NH2+]1,4.481715202e0,2.610173821e-1,2.552692592e-1,1.276346207e0,4.742732525e0,-1.664255857e0
train,1513,CC1C=CC2C=CC1C2,6.285830498e0,-3.492793813e-2,2.552692592e-1,1.276346207e0,6.250902653e0,-4.826235473e-1
train,1514,CC(=O)NC1COC1,7.469525814e0,-3.936115503e-1,2.552692592e-1,1.276346207e0,7.075914383e0,1.637627780e-1
train,1515,CCC1(CC#N)OC1C,8.307636261e0,-1.734737307e-1,2.552692592e-1,1.276346207e0,8.134162903e0,9.928871989e-1
train,1516,CCCc1ncnn1C,7.148430824e0,1.660867333e-1,2.552692592e-1,1.276346207e0,7.314517498e0,3.507053256e-1
train,1517,CNc1cc(OC)no1,6.430050850e0,2.625789940e-1,2.552692592e-1,1.276346207e0,6.692629814e0,-1.365358531e-1
train,1518,CC(=O)n1cc(N)cn1,4.835463047e0,-8.117882162e-2,2.552692592e-1,1.276346207e0,4.754284382e0,-1.655205131e0
train,1519,C#CC1CC2NC12C=O,5.896707535e0,-5.397920683e-2,2.552692592e-1,1.276346207e0,5.842728138e0,-8.024231195e-1
train,1520,CC1(C)NC=CC1=O,5.175605774e0,-1.267589480e-1,2.552692592e-1,1.276346207e0,5.048846722e0,-1.424419284e0
train,1521,O=C1CC23CC12N[CH+][NH2+]3,5.839563370e0,-4.165480658e-2,2.552692592e-1,1.276346207e0,5.797908783e0,-8.375385404e-1
train,1522,[NH-]C1C=NC(N)=C(O)O1,3.466730356e0,-2.639565468e-1,2.552692592e-1,1.276346207e0,3.202773809e0,-2.870794296e0
train,1523,Cc1ccn(C)c1,6.680395126e0,5.405458808e-1,2.552692592e-1,1.276346207e0,7.220941067e0,2.773893774e-1
train,1524,C1C2CC34CCC23C1C4,8.070897102e0,4.241540134e-1,2.552692592e-1,1.276346207e0,8.495051384e0,1.275638819e0
train,1525,Cn1cc(O)c(O)c1,6.310320377e0,-9.456770867e-2,2.552692592e-1,1.276346207e0,6.215752602e0,-5.101631880e-1
train,1526,CNCc1noc(C)n1,5.651804924e0,-4.866573811e-1,2.552692592e-1,1.276346207e0,5.165147781e0,-1.333298802e0
train,1527,CCc1cc(O)n(C)n1,6.906250000e0,-4.702705145e-1,2.552692592e-1,1.276346207e0,6.435979366e0,-3.376182616e-1
train,1528,CC#CC1[NH2+]C2CC2O1,5.711669922e0,-1.096855253e-1,2.552692592e-1,1.276346207e0,5.601984501e0,-9.910427332e-1
train,1529,COC(=O)C1C2C[NH+]1C2,6.272224426e0,-1.063156128e-1,2.552692592e-1,1.276346207e0,6.165908813e0,-5.492151380e-1
train,1530,Cc1cn(C=O)c(C)n1,5.061317921e0,4.513476416e-2,2.552692592e-1,1.276346207e0,5.106452465e0,-1.379285932e0
train,1531,CC1(C)NC1CCO,8.587913513e0,-4.021044075e-1,2.552692592e-1,1.276346207e0,8.185809135e0,1.033351421e0
train,1532,COC1C=CC2(CC2)O1,6.394675732e0,2.842268348e-1,2.552692592e-1,1.276346207e0,6.678902626e0,-1.472909451e-1
train,1533,CC(C=O)CC#CC=O,5.474930763e0,2.334605902e-1,2.552692592e-1,1.276346207e0,5.708391190e0,-9.076744318e-1
train,1534,CCN=C(N)C#N,5.959293365e0,-4.052180052e-1,2.552692592e-1,1.276346207e0,5.554075241e0,-1.028579116e0
train,1535,OC1C2OC3C2[NH+]2C1C32,7.847763538e0,-4.271969199e-1,2.552692592e-1,1.276346207e0,7.420566559e0,4.337934256e-1
train,1536,CCC1C=CCC12CC2,7.091287136e0,3.894070908e-2,2.552692592e-1,1.276346207e0,7.130228043e0,2.063168585e-1
train,1537,CC1C2C3CC4C1C2C34,8.800162315e0,-8.815770969e-3,2.552692592e-1,1.276346207e0,8.791346550e0,1.507782340e0
train,1538,C[NH2+]C1NC(C)C1O,7.017816544e0,1.127365511e-2,2.552692592e-1,1.276346207e0,7.029090405e0,1.270767897e-1
train,1539,NC(=O)C1(O)COC1,7.368843079e0,4.081956577e-3,2.552692592e-1,1.276346207e0,7.372924805e0,3.964667022e-1
train,1540,N#CCOCCCCO,7.684495449e0,-4.515971243e-1,2.552692592e-1,1.276346207e0,7.232898235e0,2.867576480e-1
train,1541,C1=C2CCCOC2OC1,6.903528214e0,-4.235890880e-2,2.552692592e-1,1.276346207e0,6.861169338e0,-4.487260710e-3
train,1542,CCOC1=NCCOC1,7.129383087e0,7.790371776e-2,2.552692592e-1,1.276346207e0,7.207286835e0,2.666914463e-1
train,1543,CC1=CC(=O)NC=NC1,5.649083614e0,-1.705382019e-1,2.552692592e-1,1.276346207e0,5.478545189e0,-1.087755919e0
train,1544,CC1(C)C[NH+](CC#N)C1,7.066796780e0,4.628448188e-1,2.552692592e-1,1.276346207e0,7.529641628e0,5.192523599e-1
train,1545,[CH+]1[NH2+]C2COCCC2O1,7.202853680e0,-1.748629659e-1,2.552692592e-1,1.276346207e0,7.027990818e0,1.262152791e-1
train,1546,[NH-][CH+]Oc1c[nH]nc1O,6.419166088e0,-1.916257590e-1,2.552692592e-1,1.276346207e0,6.227540493e0,-5.009275079e-1
train,1547,CC(=O)C1(C(C)O)CC1,6.277666569e0,-4.132258594e-1,2.552692592e-1,1.276346207e0,5.864440918e0,-7.854114771e-1
train,1548,CC1(O)CC(O)C2CC21,8.642336845e0,7.308684289e-2,2.552692592e-1,1.276346207e0,8.715423584e0,1.448297620e0
train,1549,C[CH+]1NO[CH+]C(N)=C1[NH-],4.658589363e0,9.271222353e-2,2.552692592e-1,1.276346207e0,4.751301765e0,-1.657541990e0
train,1550,CC(O)(CC=O)C1CO1,6.070860386e0,-9.903374314e-2,2.552692592e-1,1.276346207e0,5.971826553e0,-7.012761831e-1
train,1551,CC1=CNC(=O)C1(C)C,5.785140514e0,-1.356879175e-1,2.552692592e-1,1.276346207e0,5.649452686e0,-9.538520575e-1
train,1552,CC12CC3[CH-]C(=O)C1C32,4.359263897e0,5.097560883e-1,2.552692592e-1,1.276346207e0,4.869019985e0,-1.565311193e0
train,1553,C#CC1C2NC(=O)NC12,7.175642490e0,3.000055812e-2,2.552692592e-1,1.276346207e0,7.205643177e0,2.654036582e-1
train,1554,CC1CC2OC2CO1,9.238265991e0,-5.746690929e-2,2.552692592e-1,1.276346207e0,9.180799484e0,1.812913775e0
train,1555,CC1C=C(C=O)C2OC12,5.121182919e0,1.108253673e-1,2.552692592e-1,1.276346207e0,5.232008457e0,-1.280914307e0
train,1556,CC12CNC(=O)C(C1)O2,6.819173336e0,2.703012824e-1,2.552692592e-1,1.276346207e0,7.089474678e0,1.743870974e-1
train,1557,O=CN1C=NCC(O)C1,6.087186813e0,3.986296430e-2,2.552692592e-1,1.276346207e0,6.127049923e0,-5.796605945e-1
train,1558,NC1CC2(CC2)OC1=O,6.862711906e0,-2.173245102e-1,2.552692592e-1,1.276346207e0,6.645387173e0,-1.735498756e-1
train,1559,O=C1CC2CC1(O)CO2,6.152494431e0,-1.012789160e-1,2.552692592e-1,1.276346207e0,6.051215649e0,-6.390758157e-1
train,1560,CCNc1ncnn1C,6.669510841e0,-2.020015717e-1,2.552692592e-1,1.276346207e0,6.467509270e0,-3.129149675e-1
train,1561,O=C1C2OC2C2(O)CC12,5.545680046e0,3.558593094e-1,2.552692592e-1,1.276346207e0,5.901539326e0,-7.563453317e-1
train,1562,COC1(C)CCC1,8.862749100e0,3.025065362e-1,2.552692592e-1,1.276346207e0,9.165255547e0,1.800735354e0
train,1563,OC1C2CC13C=CC[NH+]23,5.910312653e0,4.751015827e-2,2.552692592e-1,1.276346207e0,5.957822800e0,-7.122479081e-1
train,1564,Nc1cn[nH]c(=O)n1,5.093971252e0,2.108162194e-1,2.552692592e-1,1.276346207e0,5.304787636e0,-1.223892808e0
train,1565,CCC(=NO)C1(O)CC1,6.655904770e0,-1.948610842e-1,2.552692592e-1,1.276346207e0,6.461043835e0,-3.179805577e-1
train,1566,CC1C2OC3C1C(O)C23,8.362058640e0,2.675491869e-1,2.552692592e-1,1.276346207e0,8.629608154e0,1.381062388e0
train,1567,CC1C2C3(C)C[NH+]1C23C,8.269539833e0,1.191177294e-1,2.552692592e-1,1.276346207e0,8.388657570e0,1.192280531e0
train,1568,COC(C)CC#N,8.299472809e0,-1.376765370e-1,2.552692592e-1,1.276346207e0,8.161796570e0,1.014537811e0
train,1569,[NH-]c1cnnc(N)[nH+]1,4.821857452e0,2.203275561e-1,2.552692592e-1,1.276346207e0,5.042184830e0,-1.429638743e0
train,1570,C1C2[NH+]1CC13CCC21O3,8.299472809e0,-3.037277460e-1,2.552692592e-1,1.276346207e0,7.995745182e0,8.844386339e-1
train,1571,CC1=CCC=C(C)C=C1,5.099413872e0,-8.366058767e-2,2.552692592e-1,1.276346207e0,5.015753269e0,-1.450347543e0
train,1572,c1cc(C2CC2)ncn1,5.842284679e0,3.715371341e-2,2.552692592e-1,1.276346207e0,5.879438400e0,-7.736611366e-1
train,1573,c1nc2occc2o1,5.480372906e0,-1.603103615e-2,2.552692592e-1,1.276346207e0,5.464341640e0,-1.098884225e0
train,1574,CCCC1(C)CC1OC,8.639615059e0,-1.018894240e-1,2.552692592e-1,1.276346207e0,8.537725449e0,1.309073329e0
train,1575,CC1(O)C(=O)C[NH2+]C1N,5.594660759e0,2.418396622e-1,2.552692592e-1,1.276346207e0,5.836500645e0,-8.073022962e-1
train,1576,OCCC(O)CC1CO1,8.865469933e0,-3.976638913e-1,2.552692592e-1,1.276346207e0,8.467805862e0,1.254292250e0
train,1577,CCC1(OC)CC1OC,8.933498383e0,4.929709136e-1,2.552692592e-1,1.276346207e0,9.426468849e0,2.005392551e0
train,1578,CC1C2C(=O)C3C2C[NH+]13,6.000110626e0,-7.252648473e-1,2.552692592e-1,1.276346207e0,5.274845600e0,-1.247352004e0
train,1579,CC1(C2CNC2=O)CC1,7.673610687e0,1.645469293e-2,2.552692592e-1,1.276346207e0,7.690065384e0,6.449424028e-1
train,1580,CC#CC1CC(CO)O1,7.308978081e0,1.504171193e-1,2.552692592e-1,1.276346207e0,7.459395409e0,4.642153382e-1
train,1581,C#CC1=CC(C)NC1=O,5.431392670e0,-2.040393278e-2,2.552692592e-1,1.276346207e0,5.410988808e0,-1.140685439e0
train,1582,CNc1cc(C)no1,6.196032524e0,2.199863642e-1,2.552692592e-1,1.276346207e0,6.416018963e0,-3.532570004e-1
train,1583,CCCN(C=O)CCO,7.020537376e0,-2.087778449e-1,2.552692592e-1,1.276346207e0,6.811759472e0,-4.319927096e-2
train,1584,CC1[NH2+]C2C=CCC2O1,6.914412975e0,2.950131297e-1,2.552692592e-1,1.276346207e0,7.209425926e0,2.683674097e-1
train,1585,CC(O)C12CCOC1C2,7.989262581e0,5.782303214e-2,2.552692592e-1,1.276346207e0,8.047085762e0,9.246633649e-1
train,1586,CC#CCC(=O)CCC,6.209638119e0,-8.657529950e-2,2.552692592e-1,1.276346207e0,6.123062611e0,-5.827845931e-1
train,1587,CC1CC12CCC2C#N,8.304915428e0,5.077991486e-1,2.552692592e-1,1.276346207e0,8.812714577e0,1.524523854e0
train,1588,C#CC1C2OC(C)C12,7.548438072e0,1.953901052e-1,2.552692592e-1,1.276346207e0,7.743828297e0,6.870649457e-1
train,1589,CC1CCC=CC1CO,7.191968918e0,6.654662639e-2,2.552692592e-1,1.276346207e0,7.258515358e0,3.068283498e-1
train,1590,N#CC1(O)C=CNC1=O,5.357921600e0,2.730366290e-1,2.552692592e-1,1.276346207e0,5.630958080e0,-9.683423042e-1
train,1591,C#CC(=O)C1CC1,5.605545521e0,3.988274038e-1,2.552692592e-1,1.276346207e0,6.004373074e0,-6.757763624e-1
train,1592,CC1(COC=O)CC1,7.719869614e0,-2.740095258e-1,2.552692592e-1,1.276346207e0,7.445859909e0,4.536104500e-1
train,1593,N#CC1CC(C#N)C1N,7.227344036e0,5.440334976e-2,2.552692592e-1,1.276346207e0,7.281747341e0,3.250303268e-1
train,1594,CC(O)C(C=O)CC=O,5.962014675e0,-1.220416650e-1,2.552692592e-1,1.276346207e0,5.839972973e0,-8.045817614e-1
train,1595,CC12OC([NH-])C1C2C=O,5.885822773e0,-9.659364820e-3,2.552692592e-1,1.276346207e0,5.876163483e0,-7.762269974e-1
train,1596,CC12CC3(CO3)C1CO2,8.343010902e0,-1.534778625e-1,2.552692592e-1,1.276346207e0,8.189533234e0,1.036269188e0
train,1597,CC1=CCCC1C1CO1,7.020537376e0,-1.414158344e-1,2.552692592e-1,1.276346207e0,6.879121780e0,9.578252211e-3
train,1598,O=CC1NC=CC1NO,4.462667465e0,3.259262443e-1,2.552692592e-1,1.276346207e0,4.788593769e0,-1.628324151e0
train,1599,OCC12CC[NH2+]C1OC2,6.922576904e0,1.366325766e-1,2.552692592e-1,1.276346207e0,7.059209347e0,1.506745964e-1
train,1600,N#CCNC1C[NH+]2CC12,6.957951069e0,-1.074289158e-1,2.552692592e-1,1.276346207e0,6.850522041e0,-1.282928418e-2
train,1601,CC(=O)C1OCC1C#N,5.937524319e0,4.188499749e-1,2.552692592e-1,1.276346207e0,6.356374264e0,-3.999878466e-1
train,1602,CCC12CC(O1)C1NC12,8.258655548e0,-2.727370262e-1,2.552692592e-1,1.276346207e0,7.985918522e0,8.767395616e-1
train,1603,C[NH+]1C(CO)C2(O)CC12,7.238228798e0,2.908872664e-1,2.552692592e-1,1.276346207e0,7.529116154e0,5.188406706e-1
train,1604,CC(C(O)C#N)C1CN1,7.151152611e0,-5.479400158e-1,2.552692592e-1,1.276346207e0,6.603212357e0,-2.065933198e-1
train,1605,O=C1CC2C=CC1CO2,5.755208015e0,2.801432014e-1,2.552692592e-1,1.276346207e0,6.035351276e0,-6.515053511e-1
train,1606,CCOCC1(C)COC1,8.732133865e0,6.438940018e-2,2.552692592e-1,1.276346207e0,8.796523094e0,1.511838078e0
train,1607,CC(O)C1(C)COC1=O,7.534832478e0,1.955130845e-1,2.552692592e-1,1.276346207e0,7.730345726e0,6.765015125e-1
train,1608,O=CCC1CO[CH+][NH2+]1,6.068139076e0,1.534100026e-1,2.552692592e-1,1.276346207e0,6.221549034e0,-5.056217313e-1
train,1609,Cn1ncnc1C(N)=O,6.182426929e0,-1.343612075e-1,2.552692592e-1,1.276346207e0,6.048065662e0,-6.415437460e-1
train,1610,OC1C2CC(O2)C2CC12,8.147089005e0,5.009092391e-3,2.552692592e-1,1.276346207e0,8.152097702e0,1.006938934e0
train,1611,CC1NC1C1NC1C=O,6.005552769e0,5.830512568e-2,2.552692592e-1,1.276346207e0,6.063858032e0,-6.291706562e-1
train,1612,CCOCCOC,9.145747185e0,2.163090855e-1,2.552692592e-1,1.276346207e0,9.362056732e0,1.954926610e0
train,1613,CCCC1(C2CC2)CO1,9.382485390e0,-2.426367104e-1,2.552692592e-1,1.276346207e0,9.139848709e0,1.780829430e0
train,1614,Nc1n[nH]cc1C=O,5.077644348e0,-2.379261404e-1,2.552692592e-1,1.276346207e0,4.839718342e0,-1.588268757e0
train,1615,CC1CCC(C#N)N1,7.415102959e0,7.233848330e-3,2.552692592e-1,1.276346207e0,7.422336578e0,4.351802170e-1
train,1616,CCC[NH+]1CC(=O)C1,5.624593258e0,-4.575590491e-1,2.552692592e-1,1.276346207e0,5.167034149e0,-1.331820846e0
train,1617,CC(C#N)C1C[NH2+][CH+]O1,7.412381172e0,1.214554310e-1,2.552692592e-1,1.276346207e0,7.533836365e0,5.225389004e-1
train,1618,CCC1C2CC1C2=O,6.838221550e0,-5.336317420e-1,2.552692592e-1,1.276346207e0,6.304589748e0,-4.405603707e-1
train,1619,C#CC12OCC1OC2=O,6.348416328e0,2.674922645e-1,2.552692592e-1,1.276346207e0,6.615908623e0,-1.966459453e-1
train,1620,C1COCC2CC2OC1,8.364779472e0,-3.085705638e-2,2.552692592e-1,1.276346207e0,8.333922386e0,1.149396300e0
train,1621,C1C2OC1C1CC2O1,7.529390335e0,4.374328628e-2,2.552692592e-1,1.276346207e0,7.573133469e0,5.533276796e-1
train,1622,Nc1[nH]cnc1[N+](=O)[O-],4.566070557e0,-1.078706980e-1,2.552692592e-1,1.276346207e0,4.458199978e0,-1.887183547e0
train,1623,CC(O)C(O)C1(O)CC1,8.258655548e0,9.699026495e-2,2.552692592e-1,1.276346207e0,8.355646133e0,1.166416526e0
train,1624,O=CC1C2NC(=O)C12,5.466767311e0,-7.839748263e-2,2.552692592e-1,1.276346207e0,5.388370037e0,-1.158406973e0
train,1625,CC1(O)C2COC21C,8.106271744e0,1.684465408e-1,2.552692592e-1,1.276346207e0,8.274718285e0,1.103010535e0
train,1626,O=CC1=CN2CC2CC1,5.140230656e0,7.356172204e-1,2.552692592e-1,1.276346207e0,5.875847816e0,-7.764742970e-1
train,1627,NC=Nc1nc[nH]n1,5.757929325e0,1.759021282e-1,2.552692592e-1,1.276346207e0,5.933831215e0,-7.310450077e-1
train,1628,O=CC12C=CC(=O)C1N2,4.824578762e0,-1.821572520e-2,2.552692592e-1,1.276346207e0,4.806363106e0,-1.614402175e0
train,1629,C#CC1C(C)C(O)C1C,8.274982452e0,-7.159488648e-2,2.552692592e-1,1.276346207e0,8.203387260e0,1.047123671e0
train,1630,CC1(O)CC1(C)CO,8.745738983e0,-2.238887101e-1,2.552692592e-1,1.276346207e0,8.521850586e0,1.296635628e0
train,1631,Cc1cc(NO)c([NH-])[nH]1,3.975583553e0,4.538859725e-1,2.552692592e-1,1.276346207e0,4.429469585e0,-1.909693480e0
train,1632,CC1OC2C3C2C2C1C32,7.853205681e0,1.151841581e-1,2.552692592e-1,1.276346207e0,7.968389988e0,8.630062342e-1
train,1633,COCC(C=O)C(C)O,5.926640034e0,4.946246445e-1,2.552692592e-1,1.276346207e0,6.421264648e0,-3.491470516e-1
train,1634,C#CC1C2C[NH+]1C2CC,6.952508926e0,-3.178822398e-1,2.552692592e-1,1.276346207e0,6.634626865e0,-1.819804460e-1
train,1635,CCC(=O)C(C)O[CH+][NH-],6.209638119e0,-2.017196566e-1,2.552692592e-1,1.276346207e0,6.007918358e0,-6.729986668e-1
train,1636,Cn1cc(O[CH+][NH-])nn1,6.114398479e0,-1.975277960e-1,2.552692592e-1,1.276346207e0,5.916870594e0,-7.443334460e-1
train,1637,C#CCCC1OC1CC,8.590634346e0,4.393292665e-1,2.552692592e-1,1.276346207e0,9.029963493e0,1.694735765e0
train,1638,[H]N=CN1CC(C)(O)C1=O,5.942966461e0,3.337616622e-1,2.552692592e-1,1.276346207e0,6.276728153e0,-4.623895884e-1
train,1639,OC12C3CC1CC2C3,8.296751022e0,1.855390668e-1,2.552692592e-1,1.276346207e0,8.482290268e0,1.265640616e0
train,1640,CNC(C#N)C(N)CO,7.597418785e0,-6.906221062e-2,2.552692592e-1,1.276346207e0,7.528356552e0,5.182455182e-1
train,1641,OC1C2[NH2+]C3C4C1[NH+]2C34,5.118461609e0,-4.406626225e-1,2.552692592e-1,1.276346207e0,4.677799225e0,-1.715130329e0
train,1642,[H]N=C(NC)c1ncno1,4.846347809e0,3.130993247e-1,2.552692592e-1,1.276346207e0,5.159447193e0,-1.337765217e0
train,1643,CC#CC1C2CC(=O)N12,6.209638119e0,4.246560112e-2,2.552692592e-1,1.276346207e0,6.252103806e0,-4.816824496e-1
train,1644,N#CC1NCC1(O)CO,7.216459274e0,-5.247869343e-2,2.552692592e-1,1.276346207e0,7.163980484e0,2.327614725e-1
train,1645,CC1=C(C=O)C(=O)OC1,4.775598526e0,2.511350252e-2,2.552692592e-1,1.276346207e0,4.800712109e0,-1.618829608e0
train,1646,C#CCC(C=O)C1CO1,6.005552769e0,-1.732420623e-1,2.552692592e-1,1.276346207e0,5.832310677e0,-8.105850816e-1
train,1647,O=C1CC2C3CC2C13O,6.138888836e0,1.186964884e-1,2.552692592e-1,1.276346207e0,6.257585526e0,-4.773876071e-1
train,1648,C[NH+]1C2C=CC1C1CC12,5.847726822e0,9.352118522e-2,2.552692592e-1,1.276346207e0,5.941247940e0,-7.252340913e-1
train,1649,CC1CC12C1CCC2C1,9.545754433e0,-4.228407890e-2,2.552692592e-1,1.276346207e0,9.503470421e0,2.065722466e0
train,1650,Nc1c[nH]cc1CO,6.449098587e0,-3.023945689e-1,2.552692592e-1,1.276346207e0,6.146704197e0,-5.642617345e-1
train,1651,CC1[NH+](C)C12CCC2O,7.768850327e0,1.116434112e-1,2.552692592e-1,1.276346207e0,7.880493641e0,7.941405177e-1
train,1652,[H]N=CN1C([NH-])C2OCC21,5.910312653e0,1.983093768e-1,2.552692592e-1,1.276346207e0,6.108622074e0,-5.940985680e-1
train,1653,CC12OCOC1C1CC12,9.121256828e0,8.139126748e-2,2.552692592e-1,1.276346207e0,9.202648163e0,1.830031991e0
train,1654,C#CC(C)c1ncn[nH]1,7.341631889e0,9.120976180e-2,2.552692592e-1,1.276346207e0,7.432841778e0,4.434109032e-1
train,1655,CC(C)(C#N)CC1CN1,7.997426510e0,-3.264828399e-2,2.552692592e-1,1.276346207e0,7.964778423e0,8.601765633e-1
train,1656,N#CCC12CC1CO2,7.553880215e0,5.766028166e-2,2.552692592e-1,1.276346207e0,7.611540318e0,5.834189653e-1
train,1657,N#Cc1nc[nH]c1CO,6.117119789e0,-5.601661280e-2,2.552692592e-1,1.276346207e0,6.061103344e0,-6.313289404e-1
train,1658,O=CC12OC3CC1NC32,5.455882549e0,-2.749868333e-1,2.552692592e-1,1.276346207e0,5.180895805e0,-1.320960402e0
train,1659,C1=CC2(OC1)C1COC12,5.845005512e0,-1.343293786e-1,2.552692592e-1,1.276346207e0,5.710676193e0,-9.058842063e-1
train,1660,CCC(C)(C)NC(N)=O,8.166136742e0,4.054559767e-1,2.552692592e-1,1.276346207e0,8.571592331e0,1.335607648e0
train,1661,C#CCCCCOC,8.424644470e0,1.009286270e-1,2.552692592e-1,1.276346207e0,8.525572777e0,1.299551964e0
train,1662,CCC1(O)CC2NC21,8.035522461e0,2.167547643e-1,2.552692592e-1,1.276346207e0,8.252277374e0,1.085428357e0
train,1663,O=CC#CC1CCCO1,5.553843975e0,1.444868185e-2,2.552692592e-1,1.276346207e0,5.568292618e0,-1.017439961e0
train,1664,CC1CC(C)C2C(O)C12,7.986541748e0,-1.593912095e-1,2.552692592e-1,1.276346207e0,7.827150345e0,7.523466945e-1
train,1665,O=CCOc1ccno1,5.314383507e0,1.335956305e-1,2.552692592e-1,1.276346207e0,5.447978973e0,-1.111704111e0
train,1666,CC12CCC(C1)C1OC12,9.205611229e0,-5.021934509e-1,2.552692592e-1,1.276346207e0,8.703417778e0,1.438891292e0
train,1667,OC12C3C4OC1C2(O)C43,7.591977119e0,2.090772800e-2,2.552692592e-1,1.276346207e0,7.612884998e0,5.844725370e-1
train,1668,CCCc1cc(C)co1,6.394675732e0,2.869371176e-1,2.552692592e-1,1.276346207e0,6.681612968e0,-1.451674253e-1
train,1669,CC(O)C1CC(NO)C1,6.770192623e0,3.083295524e-1,2.552692592e-1,1.276346207e0,7.078522205e0,1.658059806e-1
train,1670,CC#CC12CCC1(C)C2,7.080402374e0,2.027722597e-1,2.552692592e-1,1.276346207e0,7.283174515e0,3.261484802e-1
train,1671,OCCC12CC3C1C[NH+]32,8.332126617e0,-4.252775311e-1,2.552692592e-1,1.276346207e0,7.906848907e0,8.147895336e-1
train,1672,C#CC1COC1C,7.858648300e0,-2.200557664e-2,2.552692592e-1,1.276346207e0,7.836642742e0,7.597838640e-1
train,1673,CC(=O)C(=O)C(C)(C)C,4.182389736e0,-1.338650584e-1,2.552692592e-1,1.276346207e0,4.048524857e0,-2.208158970e0
train,1674,CC1C(O)C1[NH+]1CC1C,8.264098167e0,-3.768432736e-1,2.552692592e-1,1.276346207e0,7.887254715e0,7.994377613e-1
train,1675,CC12CC1C(C#N)O2,7.175642490e0,6.846092939e-1,2.552692592e-1,1.276346207e0,7.860251904e0,7.782813907e-1
train,1676,CCCc1n[nH]c(C)n1,7.110334873e0,-3.044222891e-1,2.552692592e-1,1.276346207e0,6.805912495e0,-4.778030142e-2
train,1677,C1=CC2=CC3OC3C2C1,5.167441845e0,-1.220749542e-1,2.552692592e-1,1.276346207e0,5.045366764e0,-1.427145720e0
train,1678,CC1C(=O)CC(=O)C1C,5.420508385e0,3.100880049e-2,2.552692592e-1,1.276346207e0,5.451517105e0,-1.108932018e0
train,1679,CCc1nnoc1CO,6.027321815e0,6.026372313e-2,2.552692592e-1,1.276346207e0,6.087585449e0,-6.105805039e-1
train,1680,O=COC12CCC(C1)C2,7.594697952e0,1.411544383e-1,2.552692592e-1,1.276346207e0,7.735852242e0,6.808158159e-1
train,1681,c1nc2c([nH]1)C1CC2O1,6.141610146e0,-5.653258562e-1,2.552692592e-1,1.276346207e0,5.576284409e0,-1.011178493e0
train,1682,[NH-]C1OC2C3C(O)C2C13,7.553880215e0,-2.279476635e-2,2.552692592e-1,1.276346207e0,7.531085491e0,5.203836560e-1
train,1683,O=C1CC=CC=CCO1,5.243634224e0,5.233315825e-1,2.552692592e-1,1.276346207e0,5.766965866e0,-8.617819548e-1
train,1684,[H]N=CNC(=O)O[CH+][NH-],6.579712868e0,-2.301962525e-1,2.552692592e-1,1.276346207e0,6.349516392e0,-4.053609073e-1
train,1685,[NH-]C1=C([NH-])OC(CO)O1,6.370185375e0,-2.881603315e-2,2.552692592e-1,1.276346207e0,6.341369152e0,-4.117441773e-1
train,1686,CC(C)n1cc(N)cn1,6.081744671e0,3.022646308e-1,2.552692592e-1,1.276346207e0,6.384009361e0,-3.783361018e-1
train,1687,CC(C)C[NH+]1CC1C#N,7.306257248e0,-1.040955409e-1,2.552692592e-1,1.276346207e0,7.202161789e0,2.626760304e-1
train,1688,CCc1cnno1,6.378348827e0,4.654790834e-2,2.552692592e-1,1.276346207e0,6.424896717e0,-3.463013768e-1
train,1689,Cc1ccc(C=O)o1,4.966077805e0,1.667659432e-1,2.552692592e-1,1.276346207e0,5.132843971e0,-1.358608484e0
train,1690,C#CC1C=CC(=O)CC1,5.093971252e0,1.409362704e-1,2.552692592e-1,1.276346207e0,5.234907627e0,-1.278642893e0
train,1691,C1OC2CC2[NH+]2CC12,8.196069717e0,1.761343926e-1,2.552692592e-1,1.276346207e0,8.372203827e0,1.179389238e0
train,1692,CCOCC(C)C1CO1,9.298130035e0,-1.035509035e-1,2.552692592e-1,1.276346207e0,9.194579124e0,1.823709965e0
train,1693,CN(C=O)C1CC(O)C1,7.273603439e0,-2.629172988e-2,2.552692592e-1,1.276346207e0,7.247311592e0,2.980503440e-1
train,1694,[NH-]C1OCC2C=CC1C2,6.647741318e0,3.632450104e-1,2.552692592e-1,1.276346207e0,7.010986328e0,1.128924713e-1
train,1695,Cc1nocc1N(C)C,5.722554207e0,-1.267909706e-1,2.552692592e-1,1.276346207e0,5.595763206e0,-9.959170818e-1
train,1696,[H]N=CNc1cn[nH]c1O,5.915755272e0,4.096832871e-1,2.552692592e-1,1.276346207e0,6.325438499e0,-4.242256284e-1
train,1697,Nc1ccn(C2CC2)n1,6.179705620e0,-1.750888824e-1,2.552692592e-1,1.276346207e0,6.004616737e0,-6.755854487e-1
train,1698,O=C1COCC(CO)C1,5.749765873e0,3.420772851e-1,2.552692592e-1,1.276346207e0,6.091843128e0,-6.072446704e-1
train,1699,C1COC2CC2O1,8.416481972e0,1.188131422e-1,2.552692592e-1,1.276346207e0,8.535295486e0,1.307169557e0
train,1700,[NH-]C1OCOCC2OC12,7.083124161e0,1.926446110e-1,2.552692592e-1,1.276346207e0,7.275768757e0,3.203461766e-1
train,1701,Nc1[nH]ncc1CCO,6.495357990e0,2.361603826e-1,2.552692592e-1,1.276346207e0,6.731518269e0,-1.060672477e-1
train,1702,OC1COC2C=CC1C2,6.685837746e0,-2.952782214e-1,2.552692592e-1,1.276346207e0,6.390559673e0,-3.732040226e-1
train,1703,CC(CO)C(=O)C(N)=O,4.783761501e0,4.783665836e-1,2.552692592e-1,1.276346207e0,5.262127876e0,-1.257316113e0
train,1704,N#CCC(C#N)O[CH+][NH-],7.532111645e0,4.512191713e-1,2.552692592e-1,1.276346207e0,7.983330727e0,8.747121096e-1
train,1705,C1CC2C(CO1)C1OC21,8.626008987e0,-1.452036351e-1,2.552692592e-1,1.276346207e0,8.480805397e0,1.264477253e0
train,1706,CCCOC1CC2NC21,8.367501259e0,-1.927361339e-1,2.552692592e-1,1.276346207e0,8.174765587e0,1.024698853e0
train,1707,CC(O)C(CO)CC=O,6.223243713e0,-1.658793986e-1,2.552692592e-1,1.276346207e0,6.057364464e0,-6.342582703e-1
train,1708,CCC1(C=O)OCC1O,5.804188728e0,1.650371104e-1,2.552692592e-1,1.276346207e0,5.969225883e0,-7.033137679e-1
train,1709,NC1CCC(=O)NC1=O,6.098071575e0,3.410533369e-1,2.552692592e-1,1.276346207e0,6.439125061e0,-3.351536393e-1
train,1710,c1onc2c1OCC2,5.896707535e0,2.707496472e-2,2.552692592e-1,1.276346207e0,5.923782349e0,-7.389181852e-1
train,1711,CC1(CC#N)CC(O)C1,8.081781387e0,-3.967703506e-2,2.552692592e-1,1.276346207e0,8.042104721e0,9.207607508e-1
train,1712,CC1CC1C1CC2OC21,9.077718735e0,-3.557090834e-2,2.552692592e-1,1.276346207e0,9.042147636e0,1.704281807e0
train,1713,O=C1CCC=CNC1=O,4.778319359e0,-2.679413930e-2,2.552692592e-1,1.276346207e0,4.751525402e0,-1.657366753e0
train,1714,C#CC1OCC1COC,7.377007008e0,1.087782010e-1,2.552692592e-1,1.276346207e0,7.485785007e0,4.848912656e-1
train,1715,CC1(C#N)C([NH-])[NH+]2CC21,6.778356075e0,2.589424253e-1,2.552692592e-1,1.276346207e0,7.037298679e0,1.335078627e-1
train,1716,CC(C)OC12CCC1C2,8.694037437e0,1.027448624e-1,2.552692592e-1,1.276346207e0,8.796782494e0,1.512041330e0
train,1717,CC1C(=O)CC1CCO,6.013716221e0,-3.875380382e-2,2.552692592e-1,1.276346207e0,5.974962234e0,-6.988193989e-1
train,1718,CC(C)(C=O)C1CC1,6.128004074e0,1.773031354e-1,2.552692592e-1,1.276346207e0,6.305307388e0,-4.399981201e-1
train,1719,[NH-]C1=CC(N)CC(=O)O1,5.360642910e0,-2.539224029e-1,2.552692592e-1,1.276346207e0,5.106720448e0,-1.379075885e0
train,1720,N#CC12C=CC3C(C1)[NH+]32,5.899428368e0,-3.787603080e-1,2.552692592e-1,1.276346207e0,5.520668030e0,-1.054753184e0
train,1721,O=C1C2CC1C1OC21,6.451819897e0,-1.713856310e-1,2.552692592e-1,1.276346207e0,6.280434132e0,-4.594860077e-1
train,1722,CCC(C)c1cnn[nH]1,6.865432262e0,8.319723606e-2,2.552692592e-1,1.276346207e0,6.948629379e0,6.403658539e-2
train,1723,O=CC12NC1CC2=O,5.453161716e0,-3.376320004e-2,2.552692592e-1,1.276346207e0,5.419398308e0,-1.134096742e0
train,1724,Nc1cc(=O)cc(F)[nH]1,5.744323254e0,1.126769781e-1,2.552692592e-1,1.276346207e0,5.857000351e0,-7.912410498e-1
train,1725,CCc1[nH]ccc1OC,6.089908123e0,-2.731023431e-1,2.552692592e-1,1.276346207e0,5.816805840e0,-8.227329254e-1
train,1726,CCC1(C#N)CC1(C)O,8.465462685e0,-4.668808356e-2,2.552692592e-1,1.276346207e0,8.418774605e0,1.215876937e0
train,1727,C1=NCC2C3[NH2+][CH+]N1C23,5.904870510e0,4.424172938e-1,2.552692592e-1,1.276346207e0,6.347287655e0,-4.071071148e-1
train,1728,C1=CC2OC3CC(C1)C23,6.623250961e0,-4.445926249e-1,2.552692592e-1,1.276346207e0,6.178658485e0,-5.392259359e-1
train,1729,[H]N=C(C=O)NC=NCC,4.242255211e0,1.773818582e-1,2.552692592e-1,1.276346207e0,4.419637203e0,-1.917397022e0
train,1730,O=C1C2C=CC1C=C2,6.625972271e0,8.967796713e-2,2.552692592e-1,1.276346207e0,6.715650082e0,-1.184997708e-1
train,1731,CC(O)CC1OC1C=O,5.866774559e0,-2.727874815e-1,2.552692592e-1,1.276346207e0,5.593986988e0,-9.973087311e-1
train,1732,CC1OC1C1CC2CC21,8.996084213e0,-7.799894363e-2,2.552692592e-1,1.276346207e0,8.918085098e0,1.607080340e0
train,1733,CC1OC2(C(C)C)CC12,8.549818039e0,-2.039468847e-3,2.552692592e-1,1.276346207e0,8.547778130e0,1.316949487e0
train,1734,OC1CC2CCC12O,8.204232216e0,3.653010130e-1,2.552692592e-1,1.276346207e0,8.569533348e0,1.333994508e0
train,1735,C1OCC2C3CC1C2O3,8.838258743e0,2.110026777e-1,2.552692592e-1,1.276346207e0,9.049261093e0,1.709855080e0
train,1736,CCC1C2CCC1C2=O,6.196032524e0,-3.859876692e-1,2.552692592e-1,1.276346207e0,5.810044765e0,-8.280301690e-1
train,1737,Nc1coc(=O)c(F)n1,3.885786057e0,2.166444361e-1,2.552692592e-1,1.276346207e0,4.102430344e0,-2.165924549e0
train,1738,N#CC12CCC1N2,7.896743774e0,-7.397973537e-1,2.552692592e-1,1.276346207e0,7.156946182e0,2.272501737e-1
train,1739,COC1CC23C[NH+](C2)C13,6.917134762e0,-2.317249477e-1,2.552692592e-1,1.276346207e0,6.685410023e0,-1.421924829e-1
train,1740,OC1C2CC3C(CO2)C13,8.291309357e0,-1.398273110e-1,2.552692592e-1,1.276346207e0,8.151481628e0,1.006456256e0
train,1741,Cc1ccc(NC=O)o1,5.246355057e0,-1.966563761e-1,2.552692592e-1,1.276346207e0,5.049698830e0,-1.423751593e0
train,1742,O=C1C[NH+]2CC12C1CO1,6.043648720e0,5.121055990e-2,2.552692592e-1,1.276346207e0,6.094859123e0,-6.048817039e-1
train,1743,O=C1C2OC3C1OC23,5.265403271e0,-1.858503073e-1,2.552692592e-1,1.276346207e0,5.079553127e0,-1.400361180e0
train,1744,O=C1CC(O)CNC1=O,4.895328522e0,-5.213737488e-1,2.552692592e-1,1.276346207e0,4.373954773e0,-1.953188658e0
train,1745,CC12NC3C(OC1[NH-])C32,6.704885483e0,1.387032866e-1,2.552692592e-1,1.276346207e0,6.843588829e0,-1.826136932e-2
train,1746,C#CC(=O)C(=O)N(C)C,4.527974606e0,-1.398162991e-1,2.552692592e-1,1.276346207e0,4.388158321e0,-1.942060351e0
train,1747,CC1=CCC2(CC1)CC2,7.142988205e0,-3.732645214e-1,2.552692592e-1,1.276346207e0,6.769723892e0,-7.613361627e-2
train,1748,COc1cncc(=O)o1,4.334773540e0,4.359663427e-1,2.552692592e-1,1.276346207e0,4.770740032e0,-1.642312407e0
train,1749,CC1CC1(C)CC1CC1,9.270918846e0,1.184970886e-1,2.552692592e-1,1.276346207e0,9.389415741e0,1.976361990e0
train,1750,COC1(C)C=CC2NC21,6.432771206e0,-4.000781476e-1,2.552692592e-1,1.276346207e0,6.032692909e0,-6.535881162e-1
train,1751,[NH-]C1OC=CN[CH+]1CO,4.530695915e0,2.461635023e-1,2.552692592e-1,1.276346207e0,4.776859283e0,-1.637518048e0
train,1752,CC1CCCC1(C)C=O,6.239571095e0,5.990445614e-1,2.552692592e-1,1.276346207e0,6.838615417e0,-2.215797454e-2
train,1753,CC#Cc1nc(N)n[nH]1,5.137509823e0,-4.669150412e-1,2.552692592e-1,1.276346207e0,4.670594692e0,-1.720775008e0
train,1754,OC12C3CC1C1C3OC12,8.141646385e0,-1.041088067e-2,2.552692592e-1,1.276346207e0,8.131235123e0,9.905933142e-1
train,1755,CC1C(O)C1C(N)C#N,7.989262581e0,6.051796302e-2,2.552692592e-1,1.276346207e0,8.049780846e0,9.267749190e-1
train,1756,CC(C)C(O)C1NC1C,8.465462685e0,-1.731199324e-1,2.552692592e-1,1.276346207e0,8.292343140e0,1.116819382e0
train,1757,O=CC12CNC1C(=O)N2,5.142951965e0,-2.261616439e-1,2.552692592e-1,1.276346207e0,4.916790485e0,-1.527883649e0
train,1758,Cc1ncc(O)c(N)n1,5.521190166e0,-8.304322958e-1,2.552692592e-1,1.276346207e0,4.690757751e0,-1.704977512e0
train,1759,C#CC(C)(C)C1CC1C,8.440972328e0,-1.036226470e-2,2.552692592e-1,1.276346207e0,8.430609703e0,1.225149512e0
train,1760,CCNc1cnccn1,4.873559475e0,-1.715978421e-2,2.552692592e-1,1.276346207e0,4.856399536e0,-1.575199246e0
train,1761,CC12CNC(=O)CC1O2,7.488573551e0,3.861844912e-2,2.552692592e-1,1.276346207e0,7.527192116e0,5.173332095e-1
train,1762,CC[NH+]1CC1(C)CC=O,5.747044563e0,-1.967896074e-1,2.552692592e-1,1.276346207e0,5.550254822e0,-1.031572342e0
train,1763,OCC1=CC2C3OC1C23,6.157936573e0,-1.171026751e-1,2.552692592e-1,1.276346207e0,6.040833950e0,-6.472097039e-1
train,1764,CCCC1CCOC1C,8.677710533e0,9.123195708e-2,2.552692592e-1,1.276346207e0,8.768942833e0,1.490229249e0
train,1765,C1=C2C(CC23CC3)OC1,6.245012760e0,-1.401360482e-1,2.552692592e-1,1.276346207e0,6.104876518e0,-5.970332026e-1
train,1766,OCC1C2C(O)CC12O,8.381106377e0,-2.557541430e-1,2.552692592e-1,1.276346207e0,8.125351906e0,9.859839082e-1
train,1767,CC1N=COC2C(C)C12,7.357958317e0,1.723252088e-1,2.552692592e-1,1.276346207e0,7.530283451e0,5.197552443e-1
train,1768,CC12CCC(=O)N1CC2,6.968835831e0,5.300913453e-1,2.552692592e-1,1.276346207e0,7.498927116e0,4.951879382e-1
train,1769,C#CC12CC(N1)C2(C)O,7.211016655e0,-4.071933031e-1,2.552692592e-1,1.276346207e0,6.803823471e0,-4.941702634e-2
train,1770,CC1(C(O)C2CC2)CO1,9.309015274e0,-4.700630903e-1,2.552692592e-1,1.276346207e0,8.838952065e0,1.545080662e0
train,1771,N#CC1=CC2C3CC1[NH+]23,4.906212807e0,6.856999993e-1,2.552692592e-1,1.276346207e0,5.591912746e0,-9.989338517e-1
train,1772,OCC1C2CC3C[NH+]1C32,7.510342121e0,1.270632297e-1,2.552692592e-1,1.276346207e0,7.637405396e0,6.036839485e-1
train,1773,O=CCc1nc(O)c[nH]1,4.157899380e0,-1.396127194e-1,2.552692592e-1,1.276346207e0,4.018286705e0,-2.231850147e0
train,1774,C#CC1COC2CC2O1,7.088566303e0,3.226423562e-1,2.552692592e-1,1.276346207e0,7.411208630e0,4.264616072e-1
train,1775,NC(=O)NC1C[NH+]2CC12,7.926676750e0,5.411508679e-2,2.552692592e-1,1.276346207e0,7.980792046e0,8.727230430e-1
train,1776,Oc1nocc1C1CO1,6.664068222e0,-1.507482380e-1,2.552692592e-1,1.276346207e0,6.513319969e0,-2.770228684e-1
train,1777,CC1OCc2conc21,6.416444778e0,-2.134382129e-1,2.552692592e-1,1.276346207e0,6.203006744e0,-5.201494098e-1
train,1778,N#CC1CC(O)CO1,7.913071156e0,7.849451303e-1,2.552692592e-1,1.276346207e0,8.698016167e0,1.434659123e0
train,1779,CC1C(=O)C(O)C[NH+]1C,5.107577324e0,-4.627473056e-1,2.552692592e-1,1.276346207e0,4.644830227e0,-1.740961075e0
train,1780,CCCC1COC1(C)C,8.631451607e0,2.339436263e-1,2.552692592e-1,1.276346207e0,8.865395546e0,1.565798759e0
train,1781,CCn1cc(O)cc1O,6.288550854e0,-1.537534744e-1,2.552692592e-1,1.276346207e0,6.134797573e0,-5.735903978e-1
train,1782,[NH-]C1OC(N)=C2CCN21,5.834120750e0,-3.337952793e-1,2.552692592e-1,1.276346207e0,5.500325680e0,-1.070691109e0
train,1783,C1C2C3C4C2C12C[NH+]4C32,7.959330082e0,3.200859129e-1,2.552692592e-1,1.276346207e0,8.279416084e0,1.106691241e0
train,1784,Cc1nc(O)[nH]c1C=O,4.947029591e0,3.487170041e-1,2.552692592e-1,1.276346207e0,5.295746803e0,-1.230976105e0
train,1785,O=c1ccoc(=O)[nH]1,6.125282764e0,-4.882601798e-1,2.552692592e-1,1.276346207e0,5.637022495e0,-9.635909200e-1
train,1786,C1C2CC3(C12)C1CCC13,8.938940048e0,-3.750569224e-1,2.552692592e-1,1.276346207e0,8.563882828e0,1.329567313e0
train,1787,CCC(C)CC(C)(C)C,9.915828705e0,9.674339741e-2,2.552692592e-1,1.276346207e0,1.001257229e1,2.464597464e0
train,1788,CC1COC2C(O)CC12,8.264098167e0,3.062697053e-1,2.552692592e-1,1.276346207e0,8.570367813e0,1.334648252e0
train,1789,N#CC1CCC1C1CC1,8.479067802e0,-2.213707268e-1,2.552692592e-1,1.276346207e0,8.257697105e0,1.089674711e0
train,1790,OCC1C2C3C2C2C1C32,8.100829124e0,-3.967702854e-3,2.552692592e-1,1.276346207e0,8.096861839e0,9.636622667e-1
train,1791,NC1=NC2COC2CO1,7.474967480e0,7.126348559e-3,2.552692592e-1,1.276346207e0,7.482093811e0,4.819992483e-1
train,1792,CC1C2(O)C3CC2C13O,8.144367218e0,4.388312623e-2,2.552692592e-1,1.276346207e0,8.188250542e0,1.035264134e0
train,1793,COC12CCC1C2C,8.819210052e0,-3.454484418e-2,2.552692592e-1,1.276346207e0,8.784665108e0,1.502547503e0
train,1794,OCC12CC1CCCO2,8.421924591e0,-9.585152380e-3,2.552692592e-1,1.276346207e0,8.412339211e0,1.210834861e0
train,1795,CC1CNc2cccn21,6.288550854e0,1.190404668e-1,2.552692592e-1,1.276346207e0,6.407591343e0,-3.598599136e-1
train,1796,CC1=CCCOC=NC1,6.492636681e0,-2.925669961e-2,2.552692592e-1,1.276346207e0,6.463379860e0,-3.161503077e-1
train,1797,CCCc1coc(C)c1,6.383790970e0,-2.256891131e-1,2.552692592e-1,1.276346207e0,6.158102036e0,-5.553316474e-1
train,1798,C#CC(C)OC(C)C,8.051848412e0,-6.979757547e-2,2.552692592e-1,1.276346207e0,7.982050896e0,8.737093806e-1
train,1799,COC(C)[NH2+]C1CC1C,6.903528214e0,-3.544106707e-2,2.552692592e-1,1.276346207e0,6.868087292e0,9.328690358e-4
train,1800,C1OC1C12C3CC1C2C3,8.811046600e0,-1.398456544e-1,2.552692592e-1,1.276346207e0,8.671200752e0,1.413649559e0
train,1801,CC1CCC1CC1CO1,9.390648842e0,-1.583385915e-1,2.552692592e-1,1.276346207e0,9.232310295e0,1.853271842e0
train,1802,FC(F)(F)C1CCN1,8.623288155e0,-1.007821262e-1,2.552692592e-1,1.276346207e0,8.522505760e0,1.297148943e0
train,1803,CC(O)C1CC2(CC2)C1,8.843700409e0,-2.255731970e-1,2.552692592e-1,1.276346207e0,8.618126869e0,1.372066855e0
train,1804,C#CC12OC1C=CC2C,6.487194061e0,-3.486442864e-1,2.552692592e-1,1.276346207e0,6.138549805e0,-5.706505775e-1
train,1805,O=CC1CC(O)(CO)C1,6.103513718e0,-7.061748952e-2,2.552692592e-1,1.276346207e0,6.032896042e0,-6.534289718e-1
train,1806,CC1OC(C)C2OCC12,8.759345055e0,-2.055481821e-2,2.552692592e-1,1.276346207e0,8.738790512e0,1.466605306e0
train,1807,CCC1(C)COC1[NH2+]C,7.679053307e0,-3.891900480e-1,2.552692592e-1,1.276346207e0,7.289863110e0,3.313889205e-1
train,1808,CCC1CN(C=O)C1=O,5.899428368e0,1.086003985e-2,2.552692592e-1,1.276346207e0,5.910288334e0,-7.494905591e-1
train,1809,CC#CCC(CO)CO,8.057291031e0,-1.082789227e-1,2.552692592e-1,1.276346207e0,7.949012280e0,8.478240371e-1
train,1810,CC12C[NH+]3C(C1C#N)C32,7.401497364e0,3.183316588e-1,2.552692592e-1,1.276346207e0,7.719829082e0,6.682618856e-1
train,1811,[NH-]C1OCC2CN2C1=O,5.790582657e0,-5.386926532e-1,2.552692592e-1,1.276346207e0,5.251890182e0,-1.265337229e0
train,1812,CCn1cnn(C)c1=O,6.318483829e0,-3.208964467e-1,2.552692592e-1,1.276346207e0,5.997587204e0,-6.810930371e-1
train,1813,CC1=C(CO)C2NC2C1,6.459982872e0,3.752245605e-1,2.552692592e-1,1.276346207e0,6.835207462e0,-2.482806332e-2
train,1814,[NH-]C1NC2(CO)COC12,6.764750481e0,1.162151694e-1,2.552692592e-1,1.276346207e0,6.880965710e0,1.102294773e-2
train,1815,C1=CC23CCCC2C1O3,6.196032524e0,4.033807218e-1,2.552692592e-1,1.276346207e0,6.599413395e0,-2.095697522e-1
train,1816,CC1NC1(C)C(O)C=O,5.412344456e0,1.074369699e-1,2.552692592e-1,1.276346207e0,5.519781590e0,-1.055447698e0
train,1817,CCCc1c[nH]nc1C,7.028701305e0,-1.720695943e-1,2.552692592e-1,1.276346207e0,6.856631756e0,-8.042399772e-3
train,1818,C#CC1=CCCOC1=O,5.178326607e0,-2.119714022e-1,2.552692592e-1,1.276346207e0,4.966355324e0,-1.489050269e0
train,1819,CCC(COC)C(C)O,8.525327682e0,4.726477861e-1,2.552692592e-1,1.276346207e0,8.997975349e0,1.669673443e0
train,1820,CCCN1CC(O)C1=O,7.265439510e0,-8.549586870e-3,2.552692592e-1,1.276346207e0,7.256889820e0,3.055547774e-1
train,1821,C#CC(CO)NC(C)=O,7.387890816e0,-4.724684358e-2,2.552692592e-1,1.276346207e0,7.340643883e0,3.711750209e-1
train,1822,C#CC12CC1OC2C=O,5.591939926e0,-3.443419635e-1,2.552692592e-1,1.276346207e0,5.247598171e0,-1.268700004e0
train,1823,CC1CC2(C)CC12,9.077718735e0,-3.234994709e-1,2.552692592e-1,1.276346207e0,8.754219055e0,1.478693366e0
train,1824,[CH+]1[NH2+]C(C2CN2)CO1,7.330747128e0,2.272282988e-1,2.552692592e-1,1.276346207e0,7.557975292e0,5.414514542e-1
train,1825,O=C1CC2CC(O)C12,5.923918724e0,-1.582551152e-1,2.552692592e-1,1.276346207e0,5.765663624e0,-8.628022075e-1
train,1826,c1cnc(N2CC2)nn1,4.489878654e0,2.447150201e-1,2.552692592e-1,1.276346207e0,4.734593868e0,-1.670632362e0
train,1827,N#Cc1cc(O)ncn1,5.624593258e0,7.543524355e-2,2.552692592e-1,1.276346207e0,5.700028419e0,-9.142265916e-1
train,1828,O=C1CNC2C(O)C2N1,6.748423576e0,-1.993084103e-1,2.552692592e-1,1.276346207e0,6.549115181e0,-2.489777654e-1
train,1829,CC(C#N)c1ccco1,6.337531567e0,1.083972082e-1,2.552692592e-1,1.276346207e0,6.445928574e0,-3.298231959e-1
train,1830,CCOCC1OC2CC12,8.381106377e0,-6.017622724e-2,2.552692592e-1,1.276346207e0,8.320930481e0,1.139217257e0
train,1831,CC1=CC2CC3(O)C1C23,6.351137638e0,-1.363511533e-1,2.552692592e-1,1.276346207e0,6.214786530e0,-5.109200478e-1
train,1832,OC1C2OCC3C1C32O,8.280425072e0,3.962416053e-1,2.552692592e-1,1.276346207e0,8.676666260e0,1.417931795e0
train,1833,CC1OCC1(C)CC#N,7.698101044e0,-2.031492144e-1,2.552692592e-1,1.276346207e0,7.494951725e0,4.920732677e-1
train,1834,COC1C(O)C1(C)CO,8.065455437e0,1.012810622e-3,2.552692592e-1,1.276346207e0,8.066468239e0,9.398492575e-1
train,1835,Cc1cccc(=O)o1,4.805530548e0,5.520126224e-1,2.552692592e-1,1.276346207e0,5.357542992e0,-1.182559609e0
train,1836,CN1CC(CO)OC1=O,8.226001740e0,-2.456733026e-2,2.552692592e-1,1.276346207e0,8.201434135e0,1.045593381e0
train,1837,N#CC1(C2(O)CC2)CO1,7.515784740e0,-4.130809382e-2,2.552692592e-1,1.276346207e0,7.474476814e0,4.760314524e-1
train,1838,CC1CC12OC1C(O)C12,7.738917828e0,-5.383380651e-1,2.552692592e-1,1.276346207e0,7.200579643e0,2.614364624e-1
train,1839,CC1C(C)C1C1CCO1,8.664105415e0,2.596482337e-1,2.552692592e-1,1.276346207e0,8.923753738e0,1.611521721e0
train,1840,O=C1CCOCCC1O,6.255897522e0,-3.497453928e-1,2.552692592e-1,1.276346207e0,5.906152248e0,-7.527311444e-1
train,1841,C1=CC2C3C[NH+]2C13,5.676295280e0,-1.791833788e-1,2.552692592e-1,1.276346207e0,5.497111797e0,-1.073209167e0
train,1842,COC(C)C1(C=O)CC1,6.370185375e0,3.820780814e-1,2.552692592e-1,1.276346207e0,6.752263546e0,-8.981358260e-2
train,1843,NC(C=O)=NCCC=O,4.914376259e0,-1.248738244e-1,2.552692592e-1,1.276346207e0,4.789502621e0,-1.627612114e0
train,1844,CC1C2CC1(O)C(=O)N2,7.216459274e0,1.541367173e-1,2.552692592e-1,1.276346207e0,7.370595932e0,3.946420848e-1
train,1845,N#CC1(C#N)C2C[NH+]1C2,6.411002159e0,-3.226600289e-1,2.552692592e-1,1.276346207e0,6.088342190e0,-6.099876165e-1
train,1846,C#Cc1c(O)nnn1C,5.281730175e0,-3.027573228e-1,2.552692592e-1,1.276346207e0,4.978972912e0,-1.479164481e0
train,1847,N#CCC1CC(C=O)C1,6.215080738e0,-2.560397685e-1,2.552692592e-1,1.276346207e0,5.959041119e0,-7.112933993e-1
train,1848,OCC(O)CCC1CO1,8.691316605e0,1.885748357e-1,2.552692592e-1,1.276346207e0,8.879891396e0,1.577156067e0
train,1849,CCC1(CC)OC1CO,8.985198975e0,-5.845075846e-1,2.552692592e-1,1.276346207e0,8.400691032e0,1.201708674e0
train,1850,CC1OCC1(C#N)CO,7.643678188e0,-8.018625528e-2,2.552692592e-1,1.276346207e0,7.563491821e0,5.457735658e-1
train,1851,Nc1ncc(CO)cn1,5.385133266e0,-4.831728637e-1,2.552692592e-1,1.276346207e0,4.901960373e0,-1.539502859e0
train,1852,N#CC(CO)CCCO,8.168857574e0,-4.717628658e-1,2.552692592e-1,1.276346207e0,7.697094917e0,6.504499316e-1
train,1853,O=C1C2CCC1(CO)O2,6.258618832e0,-4.938983619e-1,2.552692592e-1,1.276346207e0,5.764720440e0,-8.635411859e-1
train,1854,CC1C2C3CC(=O)C2C13,6.068139076e0,7.560118288e-2,2.552692592e-1,1.276346207e0,6.143740177e0,-5.665839911e-1
train,1855,C#CC1C2CCOCC12,7.681774139e0,2.068850547e-1,2.552692592e-1,1.276346207e0,7.888659000e0,8.005380034e-1
train,1856,CC1(CCO)CO1,9.175679207e0,-7.304985821e-2,2.552692592e-1,1.276346207e0,9.102629662e0,1.751668692e0
train,1857,CC[NH+]1CC2CC21C=O,5.325268269e0,-7.296518236e-2,2.552692592e-1,1.276346207e0,5.252303123e0,-1.265013695e0
train,1858,N#CC1C(O)C1O[CH+][NH-],7.216459274e0,3.815583289e-1,2.552692592e-1,1.276346207e0,7.598017693e0,5.728241801e-1
train,1859,CC1=CC2C3C(O)C1C23,6.274945736e0,1.399946064e-1,2.552692592e-1,1.276346207e0,6.414940357e0,-3.541020453e-1
train,1860,OC12CC3C4OC1C4C32,7.967494011e0,1.130721066e-2,2.552692592e-1,1.276346207e0,7.978801250e0,8.711633086e-1
train,1861,N#CCCC1C2CC[NH+]12,7.474967480e0,4.801962897e-2,2.552692592e-1,1.276346207e0,7.522986889e0,5.140385032e-1
train,1862,CC(=O)CC1(C#N)CO1,6.215080738e0,1.386289746e-1,2.552692592e-1,1.276346207e0,6.353709698e0,-4.020754993e-1
train,1863,COC1CC1CC(C)C,8.884517670e0,1.668722183e-1,2.552692592e-1,1.276346207e0,9.051389694e0,1.711522818e0
train,1864,C[CH+]1[CH-]C(O)=COC1[NH-],4.291235447e0,1.915471815e-2,2.552692592e-1,1.276346207e0,4.310389996e0,-2.002990723e0
train,1865,Cc1cc(CO)nn1C,6.933460712e0,8.343237638e-2,2.552692592e-1,1.276346207e0,7.016892910e0,1.175201982e-1
train,1866,C#CC(=O)CCC#CC,5.077644348e0,8.840189874e-2,2.552692592e-1,1.276346207e0,5.166046143e0,-1.332594991e0
train,1867,O1C2C3C4C1C1C4[NH+]1C23,8.220560074e0,9.549293667e-2,2.552692592e-1,1.276346207e0,8.316053391e0,1.135396123e0
train,1868,O=COc1cnccn1,5.423229218e0,-4.136513919e-2,2.552692592e-1,1.276346207e0,5.381864071e0,-1.163504362e0
train,1869,N#CC#CC1CC1O,5.880380630e0,-2.993962727e-2,2.552692592e-1,1.276346207e0,5.850440979e0,-7.963802218e-1
train,1870,CCC12CC3C1COC32,8.794719696e0,-1.244277284e-1,2.552692592e-1,1.276346207e0,8.670291901e0,1.412937522e0
train,1871,COC1=NCC(=O)CN1,5.673573971e0,-1.564694941e-1,2.552692592e-1,1.276346207e0,5.517104626e0,-1.057545066e0
train,1872,Oc1n[nH]c2[nH]ncc12,6.147051811e0,-3.575319424e-3,2.552692592e-1,1.276346207e0,6.143476486e0,-5.667905807e-1
train,1873,C1Cc2nonc2CN1,5.586497784e0,3.193349242e-1,2.552692592e-1,1.276346207e0,5.905832767e0,-7.529814839e-1
train,1874,CCOc1ccnn1C,6.819173336e0,5.742643476e-1,2.552692592e-1,1.276346207e0,7.393437862e0,4.125384390e-1
train,1875,N#CC[NH+]1CC2CC21,7.004210949e0,-4.139694385e-3,2.552692592e-1,1.276346207e0,7.000071049e0,1.043404862e-1
train,1876,CC12CNC1C(C#N)N2,7.145709991e0,-1.110964566e-1,2.552692592e-1,1.276346207e0,7.034613609e0,1.314041466e-1
train,1877,Cc1coc(NC=O)n1,5.594660759e0,-7.162437588e-2,2.552692592e-1,1.276346207e0,5.523036480e0,-1.052897573e0
train,1878,CC1CCOC12COC2,8.530769348e0,1.343876421e-1,2.552692592e-1,1.276346207e0,8.665157318e0,1.408914685e0
train,1879,CN1C=CC2NC2C1=O,5.526632309e0,-1.493780613e-1,2.552692592e-1,1.276346207e0,5.377254486e0,-1.167115927e0
train,1880,O=CC1NC1CC1CC1,6.032763958e0,-7.582686543e-1,2.552692592e-1,1.276346207e0,5.274495125e0,-1.247626543e0
train,1881,COC1CC12CCOC2,8.683153152e0,3.182754219e-1,2.552692592e-1,1.276346207e0,9.001428604e0,1.672379017e0
train,1882,[NH-]C1OC2C(C(N)=O)C12,6.547059536e0,2.905994654e-1,2.552692592e-1,1.276346207e0,6.837658882e0,-2.290740795e-2
train,1883,OCC1C2C[NH+]3CC1C23,7.379727840e0,3.413170874e-1,2.552692592e-1,1.276346207e0,7.721045017e0,6.692145467e-1
train,1884,CCC1(O)C2CC3C2C31,8.440972328e0,1.605368257e-1,2.552692592e-1,1.276346207e0,8.601509094e0,1.359047055e0
train,1885,N#CC1CC1C#CC=O,5.458603859e0,-1.535124928e-1,2.552692592e-1,1.276346207e0,5.305091381e0,-1.223654747e0
train,1886,COC1CC2(C)CC12O,8.909008026e0,3.725332320e-1,2.552692592e-1,1.276346207e0,9.281540871e0,1.891843438e0
train,1887,CNC1=NCCCC1=O,4.462667465e0,4.661948383e-1,2.552692592e-1,1.276346207e0,4.928862095e0,-1.518425703e0
train,1888,CCC1CC2CC=CC12,7.055912018e0,-3.221357763e-1,2.552692592e-1,1.276346207e0,6.733776093e0,-1.042982712e-1
train,1889,OC1CC12COC21CC1,7.972936153e0,8.349698037e-2,2.552692592e-1,1.276346207e0,8.056432724e0,9.319865704e-1
train,1890,N#CC1(CO)C[NH2+][CH+]N1,6.846384525e0,9.961095452e-2,2.552692592e-1,1.276346207e0,6.945995331e0,6.197283790e-2
train,1891,C#CC1(CC=O)OC1C,6.089908123e0,-9.594634920e-2,2.552692592e-1,1.276346207e0,5.993961811e0,-6.839334369e-1
train,1892,N#CC12C3CC4C(C41)C32,7.148430824e0,1.109514907e-1,2.552692592e-1,1.276346207e0,7.259382248e0,3.075075448e-1
train,1893,CC1CC(C)(C=O)C1C,6.108956337e0,3.033449352e-1,2.552692592e-1,1.276346207e0,6.412301064e0,-3.561699092e-1
train,1894,O=C1C=CNCCCO1,5.295335770e0,-2.445350289e-1,2.552692592e-1,1.276346207e0,5.050800800e0,-1.422888279e0
train,1895,C#CC1=C(C)C(=O)NC1,5.292614460e0,3.484202921e-1,2.552692592e-1,1.276346207e0,5.641034603e0,-9.604474902e-1
train,1896,CCC1C2OC3C[NH+]1C32,7.581092358e0,7.582289726e-2,2.552692592e-1,1.276346207e0,7.656915188e0,6.189696193e-1
train,1897,CCCC(O)C1CN1,8.623288155e0,-1.870363019e-2,2.552692592e-1,1.276346207e0,8.604584694e0,1.361456752e0
train,1898,Cc1cccc(N)c1F,5.700785160e0,-4.423720837e-1,2.552692592e-1,1.276346207e0,5.258413315e0,-1.260226488e0
train,1899,CC1(O)CCOCC1=O,5.491257668e0,-1.244114265e-1,2.552692592e-1,1.276346207e0,5.366846085e0,-1.175270796e0
train,1900,O=C1NC2CC12,6.968835831e0,-1.946771890e-1,2.552692592e-1,1.276346207e0,6.774158478e0,-7.265917957e-2
train,1901,CC(C)Nc1c[nH]cn1,5.899428368e0,1.278744340e-1,2.552692592e-1,1.276346207e0,6.027302742e0,-6.578112841e-1
train,1902,COc1cnoc1C#N,5.159278870e0,-2.954928204e-2,2.552692592e-1,1.276346207e0,5.129729748e0,-1.361048460e0
train,1903,NC(=O)C[NH+]1CC2CC21,7.083124161e0,1.109367013e-1,2.552692592e-1,1.276346207e0,7.194060802e0,2.563290298e-1
train,1904,Oc1cnc(F)c(F)n1,5.145672798e0,1.360501945e-1,2.552692592e-1,1.276346207e0,5.281723022e0,-1.241963625e0
train,1905,CC1[NH+]2C3CC1(C=O)C32,5.534795761e0,1.435666829e-1,2.552692592e-1,1.276346207e0,5.678362370e0,-9.312016368e-1
train,1906,COC1CC1(C)C(C)=O,6.185148239e0,2.002884001e-1,2.552692592e-1,1.276346207e0,6.385436535e0,-3.772179484e-1
train,1907,NC(=O)C1CCC1O,7.162036896e0,-3.277454972e-1,2.552692592e-1,1.276346207e0,6.834291458e0,-2.554574236e-2
train,1908,C#CC1=NCC2CC2O1,6.114398479e0,4.306872487e-1,2.552692592e-1,1.276346207e0,6.545085907e0,-2.521346509e-1
train,1909,C#CC1C(=O)N2CC12,6.220522881e0,-1.015897617e-1,2.552692592e-1,1.276346207e0,6.118933201e0,-5.860199332e-1
train,1910,C#CC1C[NH+]1CC1CC1,7.162036896e0,-2.613959908e-1,2.552692592e-1,1.276346207e0,6.900640965e0,2.643826231e-2
train,1911,C#CC(=O)CC(O)C=O,5.322546959e0,-1.328215152e-1,2.552692592e-1,1.276346207e0,5.189725399e0,-1.314042568e0
train,1912,CC1OC1C(C)(O)C=O,5.738881111e0,-2.735550702e-2,2.552692592e-1,1.276346207e0,5.711525440e0,-9.052187800e-1
train,1913,O=CCN1C=NCC1=O,5.610987663e0,-1.789480448e-1,2.552692592e-1,1.276346207e0,5.432039738e0,-1.124192357e0
train,1914,C[NH2+]C(C)OC1(C)CC1,7.428708553e0,-3.055150621e-2,2.552692592e-1,1.276346207e0,7.398157120e0,4.162359238e-1
train,1915,C#CC(=O)C(C)(O)CO,5.368806362e0,1.991578341e-1,2.552692592e-1,1.276346207e0,5.567964077e0,-1.017697334e0
train,1916,CCC1OCCC12CC2,8.957987785e0,-2.197731473e-2,2.552692592e-1,1.276346207e0,8.936010361e0,1.621124625e0
train,1917,O=CC1CC1C1CCC1,6.217801571e0,1.663362682e-1,2.552692592e-1,1.276346207e0,6.384137630e0,-3.782356083e-1
train,1918,CCC1(C#N)C[NH2+][CH+]N1,6.889922619e0,2.231209725e-2,2.552692592e-1,1.276346207e0,6.912234783e0,3.552187234e-2
train,1919,CCC1C(C2CC2)[NH+]1C,7.834157944e0,3.258668184e-1,2.552692592e-1,1.276346207e0,8.160024643e0,1.013149500e0
train,1920,CC1=CC(O)CCOC1,6.696722031e0,2.163763344e-2,2.552692592e-1,1.276346207e0,6.718359470e0,-1.163769960e-1
train,1921,[H]N=C(C(=O)C#C)N1CC1,4.655868053e0,-1.528162956e-1,2.552692592e-1,1.276346207e0,4.503051758e0,-1.852042794e0
train,1922,[NH-]C1OC2(CO)CC12,7.589255333e0,-3.273080885e-1,2.552692592e-1,1.276346207e0,7.261947155e0,3.095171154e-1
train,1923,CCC1(C)C=CCCO1,7.232786179e0,-1.214473620e-1,2.552692592e-1,1.276346207e0,7.111338615e0,1.915172189e-1
train,1924,CC12C3C4C3C1(C=O)[NH+]42,5.317104816e0,-1.068061143e-1,2.552692592e-1,1.276346207e0,5.210298538e0,-1.297923803e0
train,1925,CCNc1nnoc1C,5.015058517e0,-4.418765903e-1,2.552692592e-1,1.276346207e0,4.573182106e0,-1.797096491e0
train,1926,[NH-]c1ccnc(F)[nH+]1,5.137509823e0,1.692548990e-1,2.552692592e-1,1.276346207e0,5.306764603e0,-1.222343802e0
train,1927,O=CC1(C2CN2)CC1O,5.638199329e0,-2.749738693e-1,2.552692592e-1,1.276346207e0,5.363225460e0,-1.178107500e0
train,1928,NC1=NCCNC1=O,5.480372906e0,1.870918125e-1,2.552692592e-1,1.276346207e0,5.667464733e0,-9.397398233e-1
train,1929,CC(C)OCCC(N)=O,7.496736526e0,-8.053134382e-2,2.552692592e-1,1.276346207e0,7.416205406e0,4.303765297e-1
train,1930,C[NH+]1CC1c1ccco1,6.149773121e0,1.367383730e-2,2.552692592e-1,1.276346207e0,6.163446903e0,-5.511440039e-1
train,1931,CC12[NH2+][CH+][NH+]3CC1(N)C32,6.032763958e0,6.939627230e-2,2.552692592e-1,1.276346207e0,6.102160454e0,-5.991612077e-1
train,1932,[NH-]C1OC2(CO)CNC12,6.805567265e0,-4.442406595e-1,2.552692592e-1,1.276346207e0,6.361326694e0,-3.961077034e-1
train,1933,C[CH+]1N=C([NH-])OC=C1F,4.421850204e0,2.496188134e-1,2.552692592e-1,1.276346207e0,4.671469212e0,-1.720089793e0
train,1934,C#CC(C#N)(C#N)NC,6.694001198e0,3.167912960e-1,2.552692592e-1,1.276346207e0,7.010792732e0,1.127407849e-1
train,1935,COCc1cc(O)[nH]n1,6.919855118e0,-1.799215972e-1,2.552692592e-1,1.276346207e0,6.739933491e0,-9.947402030e-2
train,1936,N#CC1CN(C=O)[CH+][NH2+]1,6.106235027e0,-1.732179075e-1,2.552692592e-1,1.276346207e0,5.933017254e0,-7.316827774e-1
train,1937,COC1C(C)(O)C1(C)O,8.021917343e0,2.649516463e-1,2.552692592e-1,1.276346207e0,8.286869049e0,1.112530589e0
train,1938,Cc1nc(C#N)nn1C,6.391954422e0,1.689748019e-1,2.552692592e-1,1.276346207e0,6.560929298e0,-2.397215515e-1
train,1939,C1CC2C3CCC2C3O1,8.672267914e0,-4.634053633e-2,2.552692592e-1,1.276346207e0,8.625926971e0,1.378178120e0
train,1940,CC#CCOC1CC1O,7.211016655e0,-2.104597166e-2,2.552692592e-1,1.276346207e0,7.189970493e0,2.531243265e-1
train,1941,CC1COC(C)C1C#N,8.095387459e0,4.506235421e-1,2.552692592e-1,1.276346207e0,8.546010971e0,1.315564990e0
train,1942,N#CC1C2OC2C2C[NH+]12,7.349795341e0,-5.560658574e-1,2.552692592e-1,1.276346207e0,6.793729305e0,-5.732567981e-2
train,1943,CC1=C(C)CN(C=O)C1,6.699442863e0,-3.679114580e-1,2.552692592e-1,1.276346207e0,6.331531525e0,-4.194518328e-1
train,1944,O=CC1C(O)CC1O,6.144330502e0,1.065492555e-1,2.552692592e-1,1.276346207e0,6.250879765e0,-4.826414585e-1
train,1945,OCC1CC(CO)C1O,8.264098167e0,-1.655346751e-1,2.552692592e-1,1.276346207e0,8.098563194e0,9.649952650e-1
train,1946,CC1OC12C=CC1CC12,6.487194061e0,3.409950435e-1,2.552692592e-1,1.276346207e0,6.828188896e0,-3.032702208e-2
train,1947,[NH-]C1OC(C=O)C1O,5.962014675e0,-2.126203030e-1,2.552692592e-1,1.276346207e0,5.749394417e0,-8.755489588e-1
train,1948,CCCC1(C)CCCO1,8.650499344e0,1.951502115e-1,2.552692592e-1,1.276346207e0,8.845649719e0,1.550328135e0
train,1949,Cc1cc(=O)occ1F,4.693964005e0,-1.105786711e-1,2.552692592e-1,1.276346207e0,4.583385468e0,-1.789102316e0
train,1950,CNc1c(N)noc1N,6.427329540e0,-3.206168711e-1,2.552692592e-1,1.276346207e0,6.106712818e0,-5.955944657e-1
train,1951,CCOc1conc1O,6.313041210e0,2.443310469e-1,2.552692592e-1,1.276346207e0,6.557372093e0,-2.425085902e-1
train,1952,CC1CC=C2CCC21C,6.669510841e0,1.111701131e-1,2.552692592e-1,1.276346207e0,6.780681133e0,-6.754875928e-2
train,1953,C1=CC2C3C1C1C2[NH+]31,6.628693581e0,-7.313004881e-2,2.552692592e-1,1.276346207e0,6.555563450e0,-2.439256310e-1
train,1954,CCC#CC1CC(O)C1,7.948446274e0,2.875126898e-1,2.552692592e-1,1.276346207e0,8.235959053e0,1.072643161e0
train,1955,CCC1C(=O)C(C)[NH+]1C,5.659968376e0,-2.064620405e-1,2.552692592e-1,1.276346207e0,5.453506470e0,-1.107373476e0
train,1956,CCC1CCNCC1=O,5.695343018e0,-3.248063326e-1,2.552692592e-1,1.276346207e0,5.370536804e0,-1.172379136e0
train,1957,O=C1CC[NH+](C2CC2)C1,5.338873863e0,-1.709880233e-1,2.552692592e-1,1.276346207e0,5.167885780e0,-1.331153631e0
train,1958,C#CC1(C)COCCO1,7.597418785e0,-1.727931350e-1,2.552692592e-1,1.276346207e0,7.424625874e0,4.369738400e-1
train,1959,COC1C(C)OC1C#N,7.472246647e0,1.023992989e-2,2.552692592e-1,1.276346207e0,7.482486725e0,4.823071063e-1
train,1960,O=C1C[NH+]2CC(O)C1C2,5.483094215e0,2.783486843e-1,2.552692592e-1,1.276346207e0,5.761443138e0,-8.661088943e-1
train,1961,CN1CC(OC=O)C1=O,7.077681541e0,-4.434002936e-2,2.552692592e-1,1.276346207e0,7.033341408e0,1.304073930e-1
train,1962,CC1(C#N)CCOC=N1,7.300814629e0,-7.832965255e-2,2.552692592e-1,1.276346207e0,7.222485065e0,2.785990834e-1
train,1963,CCn1ccnc1,6.906250000e0,-2.773935199e-1,2.552692592e-1,1.276346207e0,6.628856659e0,-1.865013242e-1
train,1964,CC1=CNC(=O)C([NH-])O1,4.819136620e0,2.724327445e-1,2.552692592e-1,1.276346207e0,5.091569424e0,-1.390946507e0
train,1965,NC(=O)C#CCC1CC1,6.367464066e0,4.114575386e-1,2.552692592e-1,1.276346207e0,6.778921604e0,-6.892732531e-2
train,1966,[H]N=CN(C=N[H])C(=O)CO,6.261340141e0,-8.929321170e-2,2.552692592e-1,1.276346207e0,6.172047138e0,-5.444058180e-1
train,1967,CCC1OC(C#N)C1N,7.006931782e0,-1.647792161e-1,2.552692592e-1,1.276346207e0,6.842152596e0,-1.938663982e-2
train,1968,O=CC1OC2C(C=O)C12,5.319826126e0,-2.008509189e-1,2.552692592e-1,1.276346207e0,5.118975163e0,-1.369474530e0
train,1969,CC[NH+]1C([NH-])C2OCC21,6.680395126e0,-1.060928404e-1,2.552692592e-1,1.276346207e0,6.574302197e0,-2.292440683e-1
train,1970,c1onc2onnc12,5.123903751e0,-3.705944717e-1,2.552692592e-1,1.276346207e0,4.753309250e0,-1.655969143e0
train,1971,Cn1nc(O)n(C)c1=O,6.791961670e0,1.524437964e-1,2.552692592e-1,1.276346207e0,6.944405556e0,6.072726846e-2
train,1972,C#CC#CC1NC1CO,5.883101463e0,-1.445505768e-2,2.552692592e-1,1.276346207e0,5.868646622e0,-7.821163535e-1
train,1973,CCn1c(C)ccc1N,6.206917286e0,-1.416659057e-1,2.552692592e-1,1.276346207e0,6.065251350e0,-6.280789971e-1
train,1974,OCC(O)C1(O)CCC1,8.226001740e0,-2.011781931e-1,2.552692592e-1,1.276346207e0,8.024823189e0,9.072209001e-1
train,1975,N#CCC1OC([NH-])C1O,7.708985806e0,-1.521939784e-1,2.552692592e-1,1.276346207e0,7.556791782e0,5.405241847e-1
train,1976,[NH-]c1o[cH+]nc(N)c1N,4.258581638e0,4.641633630e-1,2.552692592e-1,1.276346207e0,4.722744942e0,-1.679915905e0
train,1977,COCC12CC3C1C[NH+]32,8.299472809e0,1.778002977e-1,2.552692592e-1,1.276346207e0,8.477272987e0,1.261709690e0
train,1978,CC1=CCC(=O)N2CC12,6.432771206e0,-1.980934888e-1,2.552692592e-1,1.276346207e0,6.234677792e0,-4.953355193e-1
train,1979,N#CC12C=CC3C(C1)C32,6.473588943e0,-3.143543601e-1,2.552692592e-1,1.276346207e0,6.159234524e0,-5.544443727e-1
train,1980,CC1C2C3[NH+]2CC13O,7.839600563e0,3.448498547e-1,2.552692592e-1,1.276346207e0,8.184450150e0,1.032286644e0
train,1981,CC1[NH2+]CC2CC(=O)N21,6.372906685e0,2.752210498e-1,2.552692592e-1,1.276346207e0,6.648127556e0,-1.714028269e-1
train,1982,CC1CC2(CCO2)C1O,8.236886978e0,-1.800012589e-1,2.552692592e-1,1.276346207e0,8.056885719e0,9.323415160e-1
train,1983,OC1CC2CCCC=C12,6.821894169e0,-1.813008189e-1,2.552692592e-1,1.276346207e0,6.640593529e0,-1.773056388e-1
train,1984,CC1[NH2+]C(N)OC1C#N,6.715770245e0,-6.662051380e-2,2.552692592e-1,1.276346207e0,6.649149895e0,-1.706018299e-1
train,1985,CC#CCCC(O)CC,8.234165192e0,-4.505036399e-3,2.552692592e-1,1.276346207e0,8.229660034e0,1.067708015e0
train,1986,CCC1(C)CC(C)C1,9.640994072e0,-1.352564245e-1,2.552692592e-1,1.276346207e0,9.505737305e0,2.067498446e0
train,1987,Cc1nc(C)c(C=O)[nH]1,5.042269707e0,-7.588300109e-1,2.552692592e-1,1.276346207e0,4.283439636e0,-2.024106026e0
train,1988,CC1(C#CCC=O)CN1,5.926640034e0,-2.104573250e-1,2.552692592e-1,1.276346207e0,5.716182709e0,-9.015699029e-1
train,1989,[H]N=C(OC)n1cccn1,6.432771206e0,1.834269911e-1,2.552692592e-1,1.276346207e0,6.616198063e0,-1.964191794e-1
train,1990,C1=CC2C3C1C2C1CC13,6.231407166e0,-1.960443556e-1,2.552692592e-1,1.276346207e0,6.035362720e0,-6.514963508e-1
train,1991,[NH-]C1OC(F)=COC1=O,4.816415310e0,-2.026411518e-2,2.552692592e-1,1.276346207e0,4.796151161e0,-1.622403026e0
train,1992,CC#CC1(C)CO1,7.624630451e0,-4.577963799e-2,2.552692592e-1,1.276346207e0,7.578850746e0,5.578070879e-1
train,1993,O=C1NCC12C1CC[NH+]12,7.118498325e0,-7.636071742e-2,2.552692592e-1,1.276346207e0,7.042137623e0,1.372991204e-1
train,1994,C#CC12CC1(O)CCO2,7.091287136e0,-8.785635978e-2,2.552692592e-1,1.276346207e0,7.003430843e0,1.069728434e-1
train,1995,CC1(C2OCC2O)CC1,8.326683998e0,-3.680813685e-2,2.552692592e-1,1.276346207e0,8.289875984e0,1.114886403e0
train,1996,CCC1(O)CCC1(C)C,8.696758270e0,-7.388502359e-2,2.552692592e-1,1.276346207e0,8.622873306e0,1.375785708e0
train,1997,OC1CC12C[NH2+][CH+]O2,7.066796780e0,3.201145306e-2,2.552692592e-1,1.276346207e0,7.098808289e0,1.816998720e-1
train,1998,N#CC12CC3C(N1)C32O,6.824615955e0,-1.312454492e-1,2.552692592e-1,1.276346207e0,6.693370342e0,-1.359556615e-1
train,1999,OC1CC2CC3CC2C13,8.985198975e0,4.469769821e-2,2.552692592e-1,1.276346207e0,9.029896736e0,1.694683433e0
train,2000,CC1N2C(=O)C3C2C31C,6.617809296e0,2.118143737e-1,2.552692592e-1,1.276346207e0,6.829623699e0,-2.920287289e-2
train,2001,CCCC1(O)CCOC1,8.628729820e0,-2.279877663e-1,2.552692592e-1,1.276346207e0,8.400741577e0,1.201748252e0
train,2002,Nc1nc(N)c(CO)o1,5.711669922e0,-5.035101771e-1,2.552692592e-1,1.276346207e0,5.208159924e0,-1.299599409e0
train,2003,C#CC(C)(O)C1CC1,8.133483887e0,5.389137268e-1,2.552692592e-1,1.276346207e0,8.672397614e0,1.414587379e0
train,2004,OC12C[NH+](CC3OC31)C2,7.760687351e0,-3.075306118e-1,2.552692592e-1,1.276346207e0,7.453156948e0,4.593275785e-1
train,2005,CC1NC2(CO)COC12,7.322584152e0,-7.577573415e-3,2.552692592e-1,1.276346207e0,7.315006733e0,3.510886431e-1
train,2006,C#CC#CC(CO)OC,6.021879673e0,-7.099846750e-2,2.552692592e-1,1.276346207e0,5.950881004e0,-7.176867127e-1
train,2007,C1CC2CCC(O1)O2,8.892680168e0,-4.043729231e-2,2.552692592e-1,1.276346207e0,8.852242470e0,1.555493474e0
train,2008,COc1nnn(C)c1C,5.921197414e0,-3.356204331e-1,2.552692592e-1,1.276346207e0,5.585577011e0,-1.003897786e0
train,2009,OC1C2(O)C3CC2C13O,8.019195557e0,4.076596797e-1,2.552692592e-1,1.276346207e0,8.426855087e0,1.222207904e0
train,2010,O=C1CC2COC(=O)C12,5.880380630e0,-1.293731034e-1,2.552692592e-1,1.276346207e0,5.751007557e0,-8.742850423e-1
train,2011,CC1N=COCC1C#N,7.308978081e0,1.308334805e-2,2.552692592e-1,1.276346207e0,7.322061539e0,3.566159904e-1
train,2012,N#CC#Cc1cn[nH]c1,5.336152554e0,-1.448076516e-1,2.552692592e-1,1.276346207e0,5.191344738e0,-1.312773824e0
train,2013,C[NH+]1Cc2nonc2C1,5.134788513e0,-1.703889221e-1,2.552692592e-1,1.276346207e0,4.964399815e0,-1.490582347e0
train,2014,CC(O)COCC1CN1,8.718527794e0,2.018454373e-1,2.552692592e-1,1.276346207e0,8.920372963e0,1.608872890e0
train,2015,N#CCCNCC1CO1,7.597418785e0,3.735614717e-1,2.552692592e-1,1.276346207e0,7.970980167e0,8.650355935e-1
train,2016,CC1[NH2+]CC(CC#N)O1,7.455919266e0,1.935855895e-1,2.552692592e-1,1.276346207e0,7.649504662e0,6.131635308e-1
train,2017,COC1(C2CO2)CC1O,8.348453522e0,4.808239937e-1,2.552692592e-1,1.276346207e0,8.829277039e0,1.537500381e0
train,2018,CNc1oncc1CO,5.910312653e0,-5.817543864e-1,2.552692592e-1,1.276346207e0,5.328558445e0,-1.205268621e0
train,2019,CCC1=CCCC12CN2,6.394675732e0,2.752667479e-2,2.552692592e-1,1.276346207e0,6.422202587e0,-3.484121859e-1
train,2020,[H]N=CN1C(C)C(O)C1[NH-],5.967456818e0,-3.305082023e-1,2.552692592e-1,1.276346207e0,5.636948586e0,-9.636488557e-1
train,2021,N#CC12CCC(N1)C2O,7.216459274e0,2.093891501e-1,2.552692592e-1,1.276346207e0,7.425848484e0,4.379317462e-1
train,2022,CCC(=O)C(C)(C)O,6.280387878e0,5.956018716e-2,2.552692592e-1,1.276346207e0,6.339948177e0,-4.128575027e-1
train,2023,CC1C(=O)C2NC12CO,5.899428368e0,4.775757194e-1,2.552692592e-1,1.276346207e0,6.377004147e0,-3.838246167e-1
train,2024,C#CC1(O)CC1NC=O,7.036864281e0,2.609216273e-1,2.552692592e-1,1.276346207e0,7.297785759e0,3.375962079e-1
train,2025,COC1CCC2(CC2)O1,8.805603981e0,-1.307438612e-1,2.552692592e-1,1.276346207e0,8.674860001e0,1.416516542e0
train,2026,C[NH+]1C(CO)C1C1CC1,7.823273182e0,-4.032043517e-1,2.552692592e-1,1.276346207e0,7.420068741e0,4.334034026e-1
train,2027,C#CCC(O)C(C)=NO,6.843663692e0,6.527389884e-1,2.552692592e-1,1.276346207e0,7.496402740e0,4.932101369e-1
train,2028,Nc1ocnc1CCO,5.956572056e0,-1.247387528e-1,2.552692592e-1,1.276346207e0,5.831833363e0,-8.109590411e-1
train,2029,C#Cc1c[nH]c(O)c1C,5.545680046e0,2.238863260e-1,2.552692592e-1,1.276346207e0,5.769566536e0,-8.597443104e-1
train,2030,CC1CC12OCC2O,7.815110207e0,-3.267760277e-1,2.552692592e-1,1.276346207e0,7.488334179e0,4.868884981e-1
train,2031,CC12OC1CC2C1CC1,8.941660881e0,-3.347168118e-2,2.552692592e-1,1.276346207e0,8.908188820e0,1.599326730e0
train,2032,C#CCC(C)OC,8.372943878e0,-2.097609490e-1,2.552692592e-1,1.276346207e0,8.163183212e0,1.015624285e0
train,2033,CC1[NH+]2CC3OC1(C)C32,7.608303070e0,1.368035283e-2,2.552692592e-1,1.276346207e0,7.621983528e0,5.916010737e-1
train,2034,CC12COC([NH-])C1(O)C2,7.083124161e0,-9.004560858e-2,2.552692592e-1,1.276346207e0,6.993078709e0,9.886207432e-2
train,2035,O=CNC(=O)C1CN1,5.959293365e0,4.812688529e-1,2.552692592e-1,1.276346207e0,6.440562248e0,-3.340276182e-1
train,2036,O=C1OC2CC3C(O1)C23,8.547096252e0,1.152478158e-1,2.552692592e-1,1.276346207e0,8.662343979e0,1.406710386e0
train,2037,CC1(C)OC(=O)N2CC21,7.899465561e0,-2.472213507e-1,2.552692592e-1,1.276346207e0,7.652244091e0,6.153098941e-1
train,2038,CCC12C3CC1C1C3[NH+]12,8.389269829e0,-1.245117038e-1,2.552692592e-1,1.276346207e0,8.264758110e0,1.095206857e0
train,2039,CC1CC2C1C2C1CC1,8.998806000e0,3.198346794e-1,2.552692592e-1,1.276346207e0,9.318640709e0,1.920910716e0
train,2040,C#CC1CC(O)C12CC2,8.209674835e0,1.593578234e-2,2.552692592e-1,1.276346207e0,8.225610733e0,1.064535379e0
train,2041,C[NH2+][CH+]OCC(C)C=O,5.983783722e0,7.224199362e-3,2.552692592e-1,1.276346207e0,5.991007805e0,-6.862478852e-1
train,2042,CCC#CC(C)(O)CC,7.951167107e0,9.894987196e-2,2.552692592e-1,1.276346207e0,8.050116539e0,9.270379543e-1
train,2043,OC12CCOC3C1CC32,8.571586609e0,2.123227268e-1,2.552692592e-1,1.276346207e0,8.783909798e0,1.501955748e0
train,2044,CCC12CC1NC(=O)O2,8.119877815e0,2.318449765e-1,2.552692592e-1,1.276346207e0,8.351722717e0,1.163342595e0
train,2045,C1OCC1[NH+]1CC1,8.470904350e0,4.624693841e-2,2.552692592e-1,1.276346207e0,8.517150879e0,1.292953491e0
train,2046,OC1(C2CCO2)COC1,8.489952087e0,8.081624657e-2,2.552692592e-1,1.276346207e0,8.570768356e0,1.334962130e0
train,2047,Cc1cnn2c1C=CC2,5.023221493e0,-1.260256469e-1,2.552692592e-1,1.276346207e0,4.897195816e0,-1.543235779e0
train,2048,Cc1nc2c(o1)NCC2,5.597382069e0,-1.658908427e-1,2.552692592e-1,1.276346207e0,5.431491375e0,-1.124621987e0
train,2049,CC1(C)CC2(C)CC12C,8.509000778e0,2.391507924e-1,2.552692592e-1,1.276346207e0,8.748151779e0,1.473939776e0
train,2050,COC1CC12CC([NH-])O2,7.191968918e0,1.806614101e-1,2.552692592e-1,1.276346207e0,7.372630119e0,3.962358236e-1
train,2051,CCc1nccc(F)n1,6.087186813e0,-3.111469187e-2,2.552692592e-1,1.276346207e0,6.056072235e0,-6.352707148e-1
train,2052,N#CC12CCC1(CO)N2,7.488573551e0,1.103533357e-1,2.552692592e-1,1.276346207e0,7.598927021e0,5.735366344e-1
train,2053,C#CC1OC2CCC=C12,6.590597630e0,5.143826082e-2,2.552692592e-1,1.276346207e0,6.642035961e0,-1.761755049e-1
train,2054,C#CC1CC(CCO)O1,7.548438072e0,3.415260613e-1,2.552692592e-1,1.276346207e0,7.889964104e0,8.015605211e-1
train,2055,CN1CCCN(C)C1=O,7.581092358e0,-3.009375036e-1,2.552692592e-1,1.276346207e0,7.280154705e0,3.237825036e-1
train,2056,CCC[NH+]1C2C3OC3C21,7.153872967e0,6.651096791e-2,2.552692592e-1,1.276346207e0,7.220384121e0,2.769530118e-1
train,2057,C#Cc1ncc(C)cn1,5.474930763e0,-3.004920110e-2,2.552692592e-1,1.276346207e0,5.444881439e0,-1.114130974e0
train,2058,O=CNC1CC2OCC12,7.523947716e0,-2.305556089e-1,2.552692592e-1,1.276346207e0,7.293392181e0,3.341539204e-1
train,2059,CC1=CCC2(CO2)C1C,7.129383087e0,1.938309222e-1,2.552692592e-1,1.276346207e0,7.323214054e0,3.575189710e-1
train,2060,Cc1nc2c([nH]1)CC=C2,5.191932201e0,8.105236292e-2,2.552692592e-1,1.276346207e0,5.272984505e0,-1.248810172e0
train,2061,CC1C(N)=CC(=O)N1C,5.845005512e0,-2.132753134e-1,2.552692592e-1,1.276346207e0,5.631730080e0,-9.677374959e-1
train,2062,CCC(C=O)N(C)C=O,5.589218616e0,-1.115134209e-1,2.552692592e-1,1.276346207e0,5.477705002e0,-1.088414192e0
train,2063,CC1(O)C2C[NH+]3C1C23C,8.147089005e0,-2.633986473e-1,2.552692592e-1,1.276346207e0,7.883690357e0,7.966451049e-1
train,2064,CC1Cn2nccc2O1,6.710327625e0,-8.424950391e-2,2.552692592e-1,1.276346207e0,6.626078129e0,-1.886782646e-1
train,2065,CC1COCCC([NH-])O1,7.534832478e0,-2.354766876e-1,2.552692592e-1,1.276346207e0,7.299355984e0,3.388264775e-1
train,2066,O=c1ccc(=O)onn1,4.206880093e0,-5.556439981e-2,2.552692592e-1,1.276346207e0,4.151315689e0,-2.127623558e0
train,2067,C#CC1CNC(=O)N1,7.586534500e0,4.512704611e-1,2.552692592e-1,1.276346207e0,8.037804604e0,9.173916578e-1
train,2068,CCC1=CC2(O)CC1C2,6.397397041e0,-9.495706111e-2,2.552692592e-1,1.276346207e0,6.302440166e0,-4.422445595e-1
train,2069,C1C[NH+]2C1C1C2C2C[NH+]21,7.442313671e0,-5.469392538e-1,2.552692592e-1,1.276346207e0,6.895374298e0,2.231189609e-2
train,2070,COCC1CCC(C)C1,8.990641594e0,-7.935917377e-2,2.552692592e-1,1.276346207e0,8.911282539e0,1.601750612e0
train,2071,C1=CC2(OC1)C1CC2C1,6.421886921e0,2.427266985e-1,2.552692592e-1,1.276346207e0,6.664613724e0,-1.584861130e-1
train,2072,C#CC1OC([NH-])C1(C)O,7.442313671e0,-3.071397543e-3,2.552692592e-1,1.276346207e0,7.439242363e0,4.484256804e-1
train,2073,CC1C(C)(C)C1(O)C=O,5.760650635e0,-2.076613158e-1,2.552692592e-1,1.276346207e0,5.552989483e0,-1.029429793e0
train,2074,CC([NH-])OC(N)=O,7.200132847e0,-8.729127795e-2,2.552692592e-1,1.276346207e0,7.112841606e0,1.926947981e-1
train,2075,Cc1occ(N)c1N,6.084465981e0,3.850991726e-1,2.552692592e-1,1.276346207e0,6.469565392e0,-3.113040328e-1
train,2076,Nc1oncc1OC=O,5.842284679e0,-4.766016603e-1,2.552692592e-1,1.276346207e0,5.365683079e0,-1.176181912e0
train,2077,CC12CCC(C#N)(C1)O2,7.431428909e0,1.931332238e-2,2.552692592e-1,1.276346207e0,7.450742245e0,4.574356973e-1
train,2078,COC(C)C(C)O,8.838258743e0,2.719170749e-1,2.552692592e-1,1.276346207e0,9.110176086e0,1.757581234e0
train,2079,CC1=CC2CC(C=C1)O2,4.770155907e0,-2.207126766e-1,2.552692592e-1,1.276346207e0,4.549443245e0,-1.815695643e0
train,2080,CC1C(=O)CC1C=O,6.040927887e0,-2.535837889e-1,2.552692592e-1,1.276346207e0,5.787343979e0,-8.458159566e-1
train,2081,CC(O)CC1NC1CO,8.313077927e0,8.092471212e-2,2.552692592e-1,1.276346207e0,8.394002914e0,1.196468592e0
train,2082,C#CC1CC2(C1)CC2C,8.201511383e0,-2.129153609e-1,2.552692592e-1,1.276346207e0,7.988595963e0,8.788373470e-1
train,2083,Nc1noc(CC=O)n1,5.529353619e0,-6.400280595e-1,2.552692592e-1,1.276346207e0,4.889325619e0,-1.549401999e0
train,2084,COC1CC(CO)CO1,9.083160400e0,1.122664139e-1,2.552692592e-1,1.276346207e0,9.195426941e0,1.824374199e0
train,2085,CC(=O)C1CC(=O)N1,6.032763958e0,-8.602326363e-2,2.552692592e-1,1.276346207e0,5.946740627e0,-7.209306359e-1
train,2086,CNC1CCNC1C#N,7.058633804e0,4.069570601e-1,2.552692592e-1,1.276346207e0,7.465590954e0,4.690694809e-1
train,2087,N#CC1=CC2OC1C2O,5.483094215e0,-6.825964451e-1,2.552692592e-1,1.276346207e0,4.800498009e0,-1.618997335e0
train,2088,CC12C3C4CC([NH+]41)C32O,7.670889378e0,-3.671133220e-1,2.552692592e-1,1.276346207e0,7.303776264e0,3.422897160e-1
train,2089,C#CC12CCC(O)(C1)C2,8.079060555e0,-2.964158356e-1,2.552692592e-1,1.276346207e0,7.782644749e0,7.174771428e-1
train,2090,CC(=O)C1([NH+]2CC2)CC1,6.030043125e0,-1.333995014e-1,2.552692592e-1,1.276346207e0,5.896643639e0,-7.601810098e-1
train,2091,C1C[NH+]2C1C1C3NC3C12,7.115777493e0,5.214237571e-1,2.552692592e-1,1.276346207e0,7.637201309e0,6.035240293e-1
train,2092,O=C1CCC2NC2C1=O,4.576955318e0,-2.773918211e-1,2.552692592e-1,1.276346207e0,4.299563408e0,-2.011473417e0
train,2093,CC12C(=O)C3C=CC1[NH+]32,5.197374821e0,-1.577228904e-1,2.552692592e-1,1.276346207e0,5.039651871e0,-1.431623340e0
train,2094,CCC12CC3(O)C[NH+]1C32,7.972936153e0,-5.405112505e-1,2.552692592e-1,1.276346207e0,7.432425022e0,4.430843890e-1
train,2095,N#CCC1C[NH+]2CC12,7.613745689e0,-5.219787955e-1,2.552692592e-1,1.276346207e0,7.091766834e0,1.761829853e-1
train,2096,O=CC1OC12C1CC2N1,5.679016113e0,-7.785099000e-2,2.552692592e-1,1.276346207e0,5.601165295e0,-9.916846156e-1
train,2097,CCC(CO)C(C)C=O,6.217801571e0,-8.331240416e-1,2.552692592e-1,1.276346207e0,5.384677410e0,-1.161300182e0
train,2098,CC1C(O)C2COCC12,8.473625183e0,2.156851292e-1,2.552692592e-1,1.276346207e0,8.689310074e0,1.427838087e0
train,2099,O=CNC1C2CC1C2=O,6.476309776e0,-3.076788187e-1,2.552692592e-1,1.276346207e0,6.168631077e0,-5.470823050e-1
train,2100,OC1(C2CO2)CC2OC21,8.394712448e0,5.764696002e-1,2.552692592e-1,1.276346207e0,8.971181870e0,1.648681045e0
train,2101,CC1(C#N)CCC1O,8.332126617e0,-3.313681483e-1,2.552692592e-1,1.276346207e0,8.000758171e0,8.883662820e-1
train,2102,CCC1(OC)C2COC21,8.348453522e0,2.344659269e-1,2.552692592e-1,1.276346207e0,8.582919121e0,1.344482064e0
train,2103,CC12CC1OCC21CC1,8.285867691e0,-3.340377808e-1,2.552692592e-1,1.276346207e0,7.951829910e0,8.500316143e-1
train,2104,CC1(O)C(=O)COC1=O,5.668131351e0,1.187299266e-1,2.552692592e-1,1.276346207e0,5.786861420e0,-8.461940289e-1
train,2105,CC(CO)c1cocn1,6.628693581e0,-1.468773484e-1,2.552692592e-1,1.276346207e0,6.481816292e0,-3.017055988e-1
train,2106,COC1(C#N)CNC1,6.990605354e0,5.013064295e-2,2.552692592e-1,1.276346207e0,7.040736198e0,1.362011135e-1
train,2107,COC(C)C1CC(=O)N1,7.660005569e0,-1.056573540e-1,2.552692592e-1,1.276346207e0,7.554347992e0,5.386095047e-1
train,2108,CCCCC1CN1C=O,6.887201786e0,-5.372747779e-2,2.552692592e-1,1.276346207e0,6.833474159e0,-2.618608624e-2
train,2109,CCCC#N,9.660041809e0,1.486505717e-1,2.552692592e-1,1.276346207e0,9.808691978e0,2.304859638e0
train,2110,CC1(C)C2C3OC3(C)C21,8.740297318e0,1.991864443e-1,2.552692592e-1,1.276346207e0,8.939483643e0,1.623845935e0
train,2111,Cn1ccc(=O)cc1O,5.575613022e0,-1.651137173e-1,2.552692592e-1,1.276346207e0,5.410499096e0,-1.141069174e0
train,2112,C[NH+]1C(C)(C)C1(C)C=O,5.624593258e0,-5.033736825e-1,2.552692592e-1,1.276346207e0,5.121219635e0,-1.367715955e0
train,2113,O=C1C[NH+]2C3C1C1C3C12,5.230028629e0,-2.323462963e-1,2.552692592e-1,1.276346207e0,4.997682571e0,-1.464505672e0
train,2114,[H]N=CNc1ccon1,5.981062412e0,-1.183083579e-1,2.552692592e-1,1.276346207e0,5.862753868e0,-7.867332101e-1
train,2115,CC1C(O)C1(C)C=O,6.176984310e0,2.862265334e-2,2.552692592e-1,1.276346207e0,6.205606937e0,-5.181121826e-1
train,2116,NC(=O)OCC1CCO1,8.343010902e0,-5.066107586e-2,2.552692592e-1,1.276346207e0,8.292349815e0,1.116824627e0
train,2117,CC1NC2=CC(=O)CC21,5.616430283e0,-5.767474324e-2,2.552692592e-1,1.276346207e0,5.558755398e0,-1.024912238e0
train,2118,COC(CO)CC(C)C,8.620567322e0,-2.896782756e-1,2.552692592e-1,1.276346207e0,8.330888748e0,1.147019386e0
train,2119,[CH-]1CC23CC4C2C1C[NH+]43,4.465388775e0,-1.461378336e-1,2.552692592e-1,1.276346207e0,4.319251060e0,-1.996048331e0
train,2120,N#CCc1ccon1,6.868154049e0,-1.040705829e-3,2.552692592e-1,1.276346207e0,6.867113113e0,1.696125546e-4
train,2121,O=C1CC2C(O)CCC12,5.874938488e0,-3.031958342e-1,2.552692592e-1,1.276346207e0,5.571742535e0,-1.014737010e0
train,2122,O=C1C=CC2C3NC3C12,4.917097569e0,-1.994087398e-1,2.552692592e-1,1.276346207e0,4.717689037e0,-1.683877110e0
train,2123,COC1(CO)CCC1O,8.261377335e0,-4.512038231e-1,2.552692592e-1,1.276346207e0,7.810173512e0,7.390455604e-1
train,2124,C#CC1CCC(OC)O1,8.038243294e0,1.054417863e-1,2.552692592e-1,1.276346207e0,8.143685341e0,1.000347853e0
train,2125,CC12CC3C=CC1C2O3,6.443655968e0,-6.061794758e-1,2.552692592e-1,1.276346207e0,5.837476730e0,-8.065375686e-1
train,2126,CCn1cc(N)nn1,5.864053726e0,9.607366472e-2,2.552692592e-1,1.276346207e0,5.960127354e0,-7.104423046e-1
train,2127,OCCC12OC1C1NC12,7.581092358e0,2.473595552e-2,2.552692592e-1,1.276346207e0,7.605828285e0,5.789436698e-1
train,2128,C#CC12C[NH+](C)C1CO2,6.356579781e0,3.702565730e-1,2.552692592e-1,1.276346207e0,6.726836205e0,-1.097355857e-1
train,2129,C#CC1C2OCCOC12,7.262719154e0,2.922479510e-1,2.552692592e-1,1.276346207e0,7.554966927e0,5.390944481e-1
train,2130,OCC1CC=CCOC1,7.170200348e0,2.172297537e-1,2.552692592e-1,1.276346207e0,7.387430191e0,4.078314900e-1
train,2131,CC12CC1C1(C#N)OC21,6.552501678e0,2.895114720e-1,2.552692592e-1,1.276346207e0,6.842013359e0,-1.949572936e-2
train,2132,O=C1OC2C[NH+]3CC3C12,6.726654530e0,-6.828796864e-1,2.552692592e-1,1.276346207e0,6.043774605e0,-6.449057460e-1
train,2133,CC(O)C1(C)C(C)C1O,7.790619850e0,2.530975342e-1,2.552692592e-1,1.276346207e0,8.043717384e0,9.220242500e-1
train,2134,CN(C=O)C(=O)C1CN1,6.119840622e0,1.270509362e-1,2.552692592e-1,1.276346207e0,6.246891499e0,-4.857662320e-1
train,2135,CCCCCC1COC1,8.721248627e0,2.140188403e-2,2.552692592e-1,1.276346207e0,8.742650986e0,1.469630003e0
train,2136,CC1(C=O)CCC([NH-])O1,5.815073013e0,2.108949274e-1,2.552692592e-1,1.276346207e0,6.025968075e0,-6.588569283e-1
train,2137,O=CC1=CCC2NC12,5.061317921e0,-9.640461951e-2,2.552692592e-1,1.276346207e0,4.964913368e0,-1.490180016e0
train,2138,NC(=O)CC#CC1CO1,6.908970833e0,-9.415139258e-2,2.552692592e-1,1.276346207e0,6.814819336e0,-4.080190510e-2
train,2139,C#CC1C2CC3CC1[NH+]32,7.216459274e0,-1.070086807e-1,2.552692592e-1,1.276346207e0,7.109450817e0,1.900381595e-1
train,2140,CCC12CC3C1C[NH+]32,8.699480057e0,-5.197142363e-1,2.552692592e-1,1.276346207e0,8.179765701e0,1.028616428e0
train,2141,CC1C2C([NH-])OC12C,7.548438072e0,1.757650077e-2,2.552692592e-1,1.276346207e0,7.566014767e0,5.477502942e-1
train,2142,CC1C2C=CC=CCC12,5.246355057e0,4.939647019e-2,2.552692592e-1,1.276346207e0,5.295751572e0,-1.230972409e0
train,2143,CC(O)C1OC(=O)C1O,7.113056660e0,-3.309674561e-1,2.552692592e-1,1.276346207e0,6.782089233e0,-6.644552946e-2
train,2144,CC12CC1C1=CCCC12,6.541617393e0,-2.182367146e-1,2.552692592e-1,1.276346207e0,6.323380470e0,-4.258380830e-1
train,2145,[NH-][CH+]OC1C=CCCO1,7.123940468e0,2.741668187e-2,2.552692592e-1,1.276346207e0,7.151357174e0,2.228712589e-1
train,2146,CNC1=CC(=O)OCC1,5.605545521e0,-3.659465313e-1,2.552692592e-1,1.276346207e0,5.239599228e0,-1.274967074e0
train,2147,O=C1NCC(O)C2OC12,6.865432262e0,9.216492623e-2,2.552692592e-1,1.276346207e0,6.957597256e0,7.106280327e-2
train,2148,COC1C2NCC21OC,7.747081757e0,-1.290448755e-1,2.552692592e-1,1.276346207e0,7.618036747e0,5.885088444e-1
train,2149,CC(C#N)c1cnco1,6.593318939e0,3.915778399e-1,2.552692592e-1,1.276346207e0,6.984896660e0,9.245154262e-2
train,2150,O=CCCC1NC1CO,6.176984310e0,-3.025693595e-1,2.552692592e-1,1.276346207e0,5.874414921e0,-7.775969505e-1
train,2151,CCC12NC1CC2C=O,5.594660759e0,-4.951701164e-1,2.552692592e-1,1.276346207e0,5.099490643e0,-1.384740353e0
train,2152,O=CC12CC[NH+]3CC1C32,5.711669922e0,-5.633433163e-2,2.552692592e-1,1.276346207e0,5.655335426e0,-9.492429495e-1
train,2153,CC(O)C(C)C(O)C#N,8.223280907e0,-1.310782433e-1,2.552692592e-1,1.276346207e0,8.092203140e0,9.600122571e-1
train,2154,NC1[NH2+]C2C(=O)CC2O1,5.298057079e0,1.150435954e-1,2.552692592e-1,1.276346207e0,5.413100719e0,-1.139030814e0
train,2155,O=CC1C[NH2+][CH+]N1C=O,5.502141953e0,-6.398282200e-2,2.552692592e-1,1.276346207e0,5.438158989e0,-1.119397998e0
train,2156,CC1C2CC3COC31C2,8.634172440e0,-1.248370782e-1,2.552692592e-1,1.276346207e0,8.509335518e0,1.286830187e0
train,2157,C#CC(C)C(=O)C1CO1,5.760650635e0,1.169133931e-1,2.552692592e-1,1.276346207e0,5.877563953e0,-7.751297355e-1
train,2158,[NH-]C1=C([NH-])OCC([NH-])N1,5.368806362e0,3.470904231e-1,2.552692592e-1,1.276346207e0,5.715896606e0,-9.017940760e-1
train,2159,c1ncc2conc2n1,4.644983292e0,1.980189830e-1,2.552692592e-1,1.276346207e0,4.843002319e0,-1.585695744e0
train,2160,C#CC(CC)NC(N)=O,7.747081757e0,6.890130043e-2,2.552692592e-1,1.276346207e0,7.815982819e0,7.435970902e-1
train,2161,OC12CC3CC1C32O,8.065455437e0,1.850651950e-1,2.552692592e-1,1.276346207e0,8.250520706e0,1.084052086e0
train,2162,CC12C3CC(=O)N1C2C3,6.459982872e0,-2.381405979e-1,2.552692592e-1,1.276346207e0,6.221842289e0,-5.053919554e-1
train,2163,C#CCC12CC1C1CC12,7.118498325e0,1.644824892e-1,2.552692592e-1,1.276346207e0,7.282980919e0,3.259968162e-1
train,2164,CC#CC1(C)CCC1,8.038243294e0,3.881146610e-1,2.552692592e-1,1.276346207e0,8.426358223e0,1.221818566e0
train,2165,N#CC12C3CC[NH+]1CC32,6.996047020e0,-1.153279170e-1,2.552692592e-1,1.276346207e0,6.880719185e0,1.082979888e-2
train,2166,CCC(=O)C1CC1OC,6.351137638e0,-4.347599298e-2,2.552692592e-1,1.276346207e0,6.307661533e0,-4.381536841e-1
train,2167,C[NH2+]C1NC2CC2C1=O,5.009616375e0,7.894663513e-2,2.552692592e-1,1.276346207e0,5.088562965e0,-1.393302083e0
train,2168,O=C1CCCCC2CN12,6.791961670e0,3.401202559e-1,2.552692592e-1,1.276346207e0,7.132081985e0,2.077693939e-1
train,2169,CC1(C)CC1(C=O)CO,6.079023361e0,-1.345959008e-1,2.552692592e-1,1.276346207e0,5.944427490e0,-7.227429748e-1
train,2170,[NH-]C1C=COC(=O)O1,5.864053726e0,-4.649578929e-1,2.552692592e-1,1.276346207e0,5.399096012e0,-1.150003314e0
train,2171,CNc1nc(N)c(O)o1,5.850448132e0,1.967349797e-1,2.552692592e-1,1.276346207e0,6.047183037e0,-6.422352791e-1
train,2172,CC1C=CC(C#N)CO1,7.151152611e0,1.422270900e-3,2.552692592e-1,1.276346207e0,7.152575016e0,2.238254249e-1
train,2173,CCc1cc(O)c(C)[nH]1,5.978341103e0,-2.951335907e-2,2.552692592e-1,1.276346207e0,5.948827744e0,-7.192954421e-1
train,2174,CC1C2C=CC1C2O,6.544338226e0,-4.711790085e-1,2.552692592e-1,1.276346207e0,6.073159218e0,-6.218832731e-1
train,2175,O=C1CNC12CC1CC12,5.591939926e0,4.179956019e-1,2.552692592e-1,1.276346207e0,6.009935379e0,-6.714183688e-1
train,2176,Nc1c[nH]c(=O)c(F)n1,4.002794743e0,-8.768182993e-2,2.552692592e-1,1.276346207e0,3.915112972e0,-2.312685490e0
train,2177,C#CC(O)C1COC1C,7.284487724e0,-2.331603318e-1,2.552692592e-1,1.276346207e0,7.051327229e0,1.444990635e-1
train,2178,CCC1C(C)OC1[NH-],7.858648300e0,-2.948583663e-1,2.552692592e-1,1.276346207e0,7.563789845e0,5.460070968e-1
train,2179,CC(=O)C1CCC1O,6.062696934e0,7.525851578e-2,2.552692592e-1,1.276346207e0,6.137955666e0,-5.711160898e-1
train,2180,C[NH+](C)C(C)(C#N)CO,6.919855118e0,1.436421834e-2,2.552692592e-1,1.276346207e0,6.934219360e0,5.274651200e-2
train,2181,NC1=CC(=O)CNC1,5.268124104e0,-1.730720252e-1,2.552692592e-1,1.276346207e0,5.095052242e0,-1.388217807e0
train,2182,CC1C(=O)CC2C(O)C12,6.209638119e0,2.887479961e-1,2.552692592e-1,1.276346207e0,6.498385906e0,-2.887235284e-1
train,2183,O=C1C2C3[NH+]2CC13O,6.204195976e0,-4.281501770e-1,2.552692592e-1,1.276346207e0,5.776045799e0,-8.546679020e-1
train,2184,CC#CC(C)C(C)O,8.040965080e0,-2.127968520e-1,2.552692592e-1,1.276346207e0,7.828168392e0,7.531443238e-1
train,2185,[NH-]C1CC23CCC2(C3)O1,7.012373924e0,4.861585796e-2,2.552692592e-1,1.276346207e0,7.060989857e0,1.520695984e-1
train,2186,OC12C=CC3CC1CC32,6.751144886e0,-1.786209494e-1,2.552692592e-1,1.276346207e0,6.572524071e0,-2.306372076e-1
train,2187,N#CC1COCCOC1,8.236886978e0,4.406832159e-2,2.552692592e-1,1.276346207e0,8.280955315e0,1.107897162e0
train,2188,C#CC(O)C1CC2C[NH+]21,7.140267849e0,3.082659543e-1,2.552692592e-1,1.276346207e0,7.448534012e0,4.557055831e-1
train,2189,CCCNC(=O)C=O,4.819136620e0,1.131172851e-1,2.552692592e-1,1.276346207e0,4.932253838e0,-1.515768290e0
train,2190,[NH-]c1n[cH+]ccc(N)n1,4.318447113e0,-3.551868498e-1,2.552692592e-1,1.276346207e0,3.963260174e0,-2.274962664e0
train,2191,CCC1(OC)COC1[NH-],7.572928429e0,-1.894381940e-1,2.552692592e-1,1.276346207e0,7.383490086e0,4.047444761e-1
train,2192,C#CC1COC1,7.910349369e0,2.507054806e-1,2.552692592e-1,1.276346207e0,8.161054611e0,1.013956547e0
train,2193,COCC(O)CC(C)O,8.928055763e0,1.425680369e-1,2.552692592e-1,1.276346207e0,9.070623398e0,1.726592183e0
train,2194,O=Cc1ncoc1CO,5.330710411e0,-2.429891676e-1,2.552692592e-1,1.276346207e0,5.087721348e0,-1.393961430e0
train,2195,COC1C2CC(C)CC21,8.590634346e0,-8.979212493e-2,2.552692592e-1,1.276346207e0,8.500842094e0,1.280175686e0
train,2196,C[NH2+]C1ON=COC1=O,5.420508385e0,-3.667256236e-1,2.552692592e-1,1.276346207e0,5.053782940e0,-1.420551777e0
train,2197,CC1C(=O)CNC1C#N,6.010994911e0,-4.263157248e-1,2.552692592e-1,1.276346207e0,5.584679127e0,-1.004601359e0
train,2198,CCOc1ncon1,6.715770245e0,3.470849246e-2,2.552692592e-1,1.276346207e0,6.750478745e0,-9.121195227e-2
train,2199,C#CCC1(CC)CC1,8.492672920e0,-2.889240682e-1,2.552692592e-1,1.276346207e0,8.203748703e0,1.047406793e0
train,2200,CC(O)C1NC1(C)C=O,6.019158840e0,-3.969368041e-1,2.552692592e-1,1.276346207e0,5.622221947e0,-9.751869440e-1
train,2201,CC(O)c1cc(N)co1,5.899428368e0,-1.600470692e-1,2.552692592e-1,1.276346207e0,5.739381313e0,-8.833940625e-1
train,2202,CC[NH2+]C1ON=NO1,5.589218616e0,1.512042992e-2,2.552692592e-1,1.276346207e0,5.604339123e0,-9.891979694e-1
train,2203,OCCc1cncnc1,5.711669922e0,-2.069377601e-1,2.552692592e-1,1.276346207e0,5.504732132e0,-1.067238808e0
train,2204,CC1C2CC3(O)C1CC23,8.699480057e0,1.690700352e-1,2.552692592e-1,1.276346207e0,8.868550301e0,1.568270445e0
train,2205,N#CC1=CCOCCC1,5.962014675e0,1.691441387e-1,2.552692592e-1,1.276346207e0,6.131158829e0,-5.764413476e-1
train,2206,CC1=C(NO)COC[CH-]1,5.390575409e0,3.085673749e-1,2.552692592e-1,1.276346207e0,5.699142933e0,-9.149203300e-1
train,2207,CC(CCO)NC=O,7.657283783e0,1.713393331e-1,2.552692592e-1,1.276346207e0,7.828623295e0,7.535007596e-1
train,2208,CC#CC(=O)C(C)=O,4.152457714e0,-7.881759852e-2,2.552692592e-1,1.276346207e0,4.073640347e0,-2.188481092e0
train,2209,CC1OC12CC1NC1C2,8.500837326e0,3.274453431e-2,2.552692592e-1,1.276346207e0,8.533581734e0,1.305826783e0
train,2210,CCCC1C2OCC12C,8.283145905e0,3.064957857e-1,2.552692592e-1,1.276346207e0,8.589641571e0,1.349748969e0
train,2211,C[NH2+]C1CC=CN1C=O,5.532074928e0,1.120899990e-1,2.552692592e-1,1.276346207e0,5.644165039e0,-9.579948187e-1
train,2212,O=C1CNCCC12CN2,5.268124104e0,5.960675329e-2,2.552692592e-1,1.276346207e0,5.327730656e0,-1.205917239e0
train,2213,O=CCc1cnccn1,5.132067680e0,-2.675248086e-1,2.552692592e-1,1.276346207e0,4.864542961e0,-1.568818927e0
train,2214,O=CC1CCC1O,6.141610146e0,2.623696923e-1,2.552692592e-1,1.276346207e0,6.403979778e0,-3.626895249e-1
train,2215,Cc1coc(C)c1O,6.076302528e0,1.513185352e-1,2.552692592e-1,1.276346207e0,6.227621078e0,-5.008643866e-1
train,2216,CC1C(C)C(C)(O)C1C,8.383827209e0,-3.972641826e-1,2.552692592e-1,1.276346207e0,7.986563206e0,8.772447109e-1
train,2217,COc1nc(N)c(N)[nH]1,6.283109188e0,3.248330951e-1,2.552692592e-1,1.276346207e0,6.607942104e0,-2.028876096e-1
train,2218,Cc1c(C#N)c[nH]c1O,5.548401356e0,-8.425276279e-1,2.552692592e-1,1.276346207e0,4.705873489e0,-1.693134427e0
train,2219,Cc1cc(O)c(C)n1C,5.964735985e0,-4.199670553e-1,2.552692592e-1,1.276346207e0,5.544768810e0,-1.035870552e0
train,2220,COC1CC2C(=O)OC12,7.458641052e0,-3.139880598e-1,2.552692592e-1,1.276346207e0,7.144652843e0,2.176185101e-1
train,2221,CCC1(C=O)NC1CO,6.163379192e0,-1.625990719e-1,2.552692592e-1,1.276346207e0,6.000780106e0,-6.785914302e-1
train,2222,C#CC1C=CC2(CC2)C1,6.680395126e0,-7.795797288e-2,2.552692592e-1,1.276346207e0,6.602437019e0,-2.072007805e-1
train,2223,COC(C)CNC=O,7.711706638e0,2.069047540e-1,2.552692592e-1,1.276346207e0,7.918611526e0,8.240054250e-1
train,2224,Cn1ncn(C=O)c1=O,5.243634224e0,-3.505102918e-2,2.552692592e-1,1.276346207e0,5.208583355e0,-1.299267650e0
train,2225,[NH-]C1NC2COC12C=O,5.540238380e0,-8.034476638e-2,2.552692592e-1,1.276346207e0,5.459893703e0,-1.102369070e0
train,2226,CCC1CC=CCC1,7.289929867e0,7.666286081e-2,2.552692592e-1,1.276346207e0,7.366592884e0,3.915057480e-1
train,2227,O=c1cccc(F)o1,4.873559475e0,6.312096119e-2,2.552692592e-1,1.276346207e0,4.936680317e0,-1.512300253e0
train,2228,CC12CC1C1(O)COC21,7.940282345e0,3.630261123e-1,2.552692592e-1,1.276346207e0,8.303308487e0,1.125410676e0
train,2229,C#CC1CC2(CC2)C1O,7.915791988e0,-2.400014549e-1,2.552692592e-1,1.276346207e0,7.675790310e0,6.337580085e-1
train,2230,CC1CC2C1N2C=O,6.645020485e0,5.227328464e-2,2.552692592e-1,1.276346207e0,6.697293758e0,-1.328817159e-1
train,2231,CC1(CO)CC1OC=O,7.366122246e0,-2.922086045e-2,2.552692592e-1,1.276346207e0,7.336901188e0,3.682426512e-1
train,2232,C#CC(C#C)(C#N)OC,7.050469875e0,9.096468985e-2,2.552692592e-1,1.276346207e0,7.141434669e0,2.150970995e-1
train,2233,C#CC1NC(=O)C1O,7.265439510e0,-2.503761053e-1,2.552692592e-1,1.276346207e0,7.015063286e0,1.160867140e-1
train,2234,C#CC1NC1CC#CC,7.379727840e0,-1.097932737e-2,2.552692592e-1,1.276346207e0,7.368748665e0,3.931947649e-1
train,2235,CC1(COC(N)=O)CO1,8.626008987e0,2.252846211e-1,2.552692592e-1,1.276346207e0,8.851293564e0,1.554750085e0
train,2236,CC(O)C(=O)CC1CO1,6.299435616e0,-3.734264970e-1,2.552692592e-1,1.276346207e0,5.926009178e0,-7.371734977e-1
train,2237,CC1C(C)C1OCCO,8.364779472e0,1.033187751e-2,2.552692592e-1,1.276346207e0,8.375111580e0,1.181667447e0
train,2238,C#CC1(O)CNC1=O,6.726654530e0,-1.479539555e-2,2.552692592e-1,1.276346207e0,6.711859226e0,-1.214698553e-1
train,2239,CC12C3CC1(C#N)NC32,6.862711906e0,-2.040676773e-1,2.552692592e-1,1.276346207e0,6.658644199e0,-1.631631553e-1
train,2240,CC12CNC1(C#N)C2,6.476309776e0,3.365758955e-1,2.552692592e-1,1.276346207e0,6.812885761e0,-4.231683537e-2
train,2241,C1=CCC2(C1)CC=CC2,7.091287136e0,-2.216185480e-1,2.552692592e-1,1.276346207e0,6.869668484e0,2.171713160e-3
train,2242,NC(=O)N1CCCC1,7.902186394e0,9.321437776e-2,2.552692592e-1,1.276346207e0,7.995400906e0,8.841689229e-1
train,2243,C#CC(=O)c1ccc[nH]1,4.508926868e0,1.726558059e-1,2.552692592e-1,1.276346207e0,4.681582451e0,-1.712166190e0
train,2244,O=C1CC(C#CCO)O1,7.491294384e0,-1.906458437e-1,2.552692592e-1,1.276346207e0,7.300648689e0,3.398392797e-1
train,2245,Fc1ccccc1F,6.329368591e0,1.294969469e-1,2.552692592e-1,1.276346207e0,6.458865643e0,-3.196871579e-1
train,2246,CC(=O)C1NC1C(C)=O,5.578333855e0,-1.016403455e-2,2.552692592e-1,1.276346207e0,5.568169594e0,-1.017536283e0
train,2247,CC#CC1OCCC1C,7.864090443e0,-1.719950140e-1,2.552692592e-1,1.276346207e0,7.692095280e0,6.465327740e-1
train,2248,CC(CC=O)C[NH+]1CC1,5.997389793e0,4.450477958e-1,2.552692592e-1,1.276346207e0,6.442437649e0,-3.325582743e-1
train,2249,CC1(C)CN(C=O)C1[NH-],6.236849785e0,4.176282585e-1,2.552692592e-1,1.276346207e0,6.654478073e0,-1.664272696e-1
train,2250,O=C1C2CC3OCC13O2,6.223243713e0,-9.629343450e-2,2.552692592e-1,1.276346207e0,6.126950264e0,-5.797386765e-1
train,2251,Cc1cnc2onnn12,4.772877216e0,-2.049345523e-1,2.552692592e-1,1.276346207e0,4.567942619e0,-1.801201582e0
train,2252,CCC12NC1C(C)C2=O,5.872217178e0,-1.898374707e-1,2.552692592e-1,1.276346207e0,5.682379723e0,-9.280540943e-1
train,2253,C1=CCC(=C2CCC2)C1,6.427329540e0,5.195333958e-1,2.552692592e-1,1.276346207e0,6.946863174e0,6.265278161e-2
train,2254,C[NH2+]C1[NH+](C)C2CC21O,6.054533005e0,-1.125225648e-1,2.552692592e-1,1.276346207e0,5.942010403e0,-7.246367335e-1
train,2255,CCOC([NH-])CO,8.081781387e0,-3.257955909e-1,2.552692592e-1,1.276346207e0,7.755985737e0,6.965901256e-1
train,2256,C[NH2+]C1OCC1C1CO1,7.526669502e0,-1.404039115e-1,2.552692592e-1,1.276346207e0,7.386265755e0,4.069191813e-1
train,2257,CC1=CCC=CC2CC12,6.299435616e0,4.951141775e-2,2.552692592e-1,1.276346207e0,6.348947048e0,-4.058069885e-1
train,2258,CC(C#N)C1CCCC1,9.461399078e0,-2.481824905e-1,2.552692592e-1,1.276346207e0,9.213216782e0,1.838312387e0
train,2259,CCC1C2C3COC3C12,8.432807922e0,1.398993582e-1,2.552692592e-1,1.276346207e0,8.572707176e0,1.336481094e0
train,2260,CC1(O)C(O)C1(O)C#N,6.976998806e0,4.365036488e-1,2.552692592e-1,1.276346207e0,7.413502693e0,4.282589853e-1
train,2261,CC#CC(C)C(C)OC,8.217838287e0,-3.213185966e-1,2.552692592e-1,1.276346207e0,7.896519661e0,8.066967130e-1
train,2262,CC(OC=O)C1CO1,7.545717239e0,2.547162771e-1,2.552692592e-1,1.276346207e0,7.800433636e0,7.314144969e-1
train,2263,C#CCC(C#N)[NH+]1CC1,7.469525814e0,3.923569620e-1,2.552692592e-1,1.276346207e0,7.861882687e0,7.795590758e-1
train,2264,CN1C(=O)C2C1C[NH+]2C,6.323925972e0,-3.917584717e-1,2.552692592e-1,1.276346207e0,5.932167530e0,-7.323485017e-1
train,2265,OCC1[NH2+]C2CC(C2)O1,7.298093796e0,1.055907309e-1,2.552692592e-1,1.276346207e0,7.403684616e0,4.205666482e-1
train,2266,C1C2OC34CCC23OC14,7.747081757e0,9.577631019e-3,2.552692592e-1,1.276346207e0,7.756659508e0,6.971180439e-1
train,2267,C#CC1C([NH-])OC12CC2,7.461361885e0,-3.656708002e-1,2.552692592e-1,1.276346207e0,7.095691204e0,1.792576760e-1
train,2268,C1OC2[NH2+]C3CC3NC12,6.775634766e0,1.544157416e-1,2.552692592e-1,1.276346207e0,6.930050373e0,4.948016629e-2
train,2269,COC1C=CC2(C)OC12,6.525290489e0,1.354517192e-1,2.552692592e-1,1.276346207e0,6.660742283e0,-1.615193337e-1
train,2270,CC12CC3C(N1)C3C2=O,5.763371468e0,1.579072326e-1,2.552692592e-1,1.276346207e0,5.921278477e0,-7.408799529e-1
train,2271,CN(C=O)C(=O)C#N,5.398738861e0,2.464325540e-2,2.552692592e-1,1.276346207e0,5.423382282e0,-1.130975366e0
train,2272,O=CNCC1CC2CC12,7.526669502e0,-1.395524293e-1,2.552692592e-1,1.276346207e0,7.387116909e0,4.075860381e-1
train,2273,OC1C[NH+]2C3C=CC2C13,5.989225864e0,-7.415730953e-1,2.552692592e-1,1.276346207e0,5.247653008e0,-1.268657088e0
train,2274,C#CC1CCC=C(C)C1,7.091287136e0,-4.480260313e-1,2.552692592e-1,1.276346207e0,6.643260956e0,-1.752157360e-1
train,2275,OCC1(O)C2CC(O)C21,8.141646385e0,2.739706039e-1,2.552692592e-1,1.276346207e0,8.415616989e0,1.213402987e0
train,2276,C1=CN2C3COC3C2N1,6.522569180e0,1.361182183e-1,2.552692592e-1,1.276346207e0,6.658687592e0,-1.631291658e-1
train,2277,N#CCOCC1CO1,7.779735088e0,-2.364495583e-2,2.552692592e-1,1.276346207e0,7.756090164e0,6.966719627e-1
train,2278,CC1C2CC(C)(C=O)C12,5.945687771e0,-2.903645039e-1,2.552692592e-1,1.276346207e0,5.655323029e0,-9.492526650e-1
train,2279,C#CC1C(C)C1C(C)=O,5.989225864e0,-1.350468248e-1,2.552692592e-1,1.276346207e0,5.854178905e0,-7.934516072e-1
train,2280,C1=CCc2onnc2C1,5.953851223e0,1.688346714e-1,2.552692592e-1,1.276346207e0,6.122685909e0,-5.830797553e-1
train,2281,C#CC12CNC(=O)C1O2,6.525290489e0,1.437425315e-1,2.552692592e-1,1.276346207e0,6.669033051e0,-1.550236344e-1
train,2282,N#CC12CC3C(=O)C1[NH+]32,6.206917286e0,8.197075874e-2,2.552692592e-1,1.276346207e0,6.288887978e0,-4.528625011e-1
train,2283,C#Cc1c(N)coc1C,5.322546959e0,4.161868617e-2,2.552692592e-1,1.276346207e0,5.364165783e0,-1.177370787e0
train,2284,CC(C)CC(C)O,9.058670044e0,-4.246536791e-1,2.552692592e-1,1.276346207e0,8.634016037e0,1.384515882e0
train,2285,COC1C(C)C1(O)C=O,5.488536358e0,-1.460828632e-1,2.552692592e-1,1.276346207e0,5.342453480e0,-1.194382071e0
train,2286,CC1(C)CC(C)(O)C1,8.756624222e0,-8.654950559e-2,2.552692592e-1,1.276346207e0,8.670074463e0,1.412767172e0
train,2287,CC1C(O)C=CC12CC2,6.691279888e0,-1.170301959e-1,2.552692592e-1,1.276346207e0,6.574249744e0,-2.292851508e-1
train,2288,O=Cc1cocn1,5.485815525e0,-4.527734220e-1,2.552692592e-1,1.276346207e0,5.033041954e0,-1.436802149e0
train,2289,O=C1CC2[NH+]3CC2(C3)O1,6.737539291e0,-4.679097608e-2,2.552692592e-1,1.276346207e0,6.690748215e0,-1.380100697e-1
train,2290,CC1COC2CC(C2)O1,8.587913513e0,3.570440710e-1,2.552692592e-1,1.276346207e0,8.944957733e0,1.628134727e0
train,2291,C#CC[NH+]1CC2OCC21,7.050469875e0,-2.623458207e-1,2.552692592e-1,1.276346207e0,6.788124084e0,-6.171729788e-2
train,2292,CC#CC1C2OCC12C,7.466804028e0,-1.992106140e-1,2.552692592e-1,1.276346207e0,7.267593384e0,3.139408827e-1
train,2293,C#CCC1C2OCC12O,7.891301632e0,-3.029625416e-1,2.552692592e-1,1.276346207e0,7.588338852e0,5.652409196e-1
train,2294,CC(=O)c1ccoc1N,4.879001141e0,2.349551767e-2,2.552692592e-1,1.276346207e0,4.902496815e0,-1.539082527e0
train,2295,CC1Cc2[nH]nnc2O1,5.725275517e0,1.520669758e-1,2.552692592e-1,1.276346207e0,5.877342701e0,-7.753030658e-1
train,2296,CC12CC1[NH2+]C(N)C2=O,4.653147221e0,7.606362551e-2,2.552692592e-1,1.276346207e0,4.729210854e0,-1.674849987e0
train,2297,CC1C(CO)CN1C=O,7.181085110e0,1.251883060e-1,2.552692592e-1,1.276346207e0,7.306273460e0,3.442462385e-1
train,2298,O=C1CCN1CCO,7.540275097e0,-5.474903435e-2,2.552692592e-1,1.276346207e0,7.485526085e0,4.846884012e-1
train,2299,CC1CC2C(O)CC12,8.764787674e0,-1.686808020e-1,2.552692592e-1,1.276346207e0,8.596106529e0,1.354814172e0
train,2300,CC12C3CC1(C#N)C2N3,7.036864281e0,3.780494332e-1,2.552692592e-1,1.276346207e0,7.414913654e0,4.293644428e-1
train,2301,C#CC12OC3C=CC1C32,5.602824211e0,-3.360501528e-1,2.552692592e-1,1.276346207e0,5.266774178e0,-1.253675818e0
train,2302,C#CC12CC1C1CCC12,6.996047020e0,-1.990899146e-1,2.552692592e-1,1.276346207e0,6.796957016e0,-5.479680747e-2
train,2303,CNc1cocc1OC,6.155215263e0,1.604276747e-1,2.552692592e-1,1.276346207e0,6.315642834e0,-4.319004118e-1
train,2304,Cn1ccnc1C1CO1,6.288550854e0,1.732046306e-1,2.552692592e-1,1.276346207e0,6.461755276e0,-3.174231648e-1
train,2305,Cc1cc2n(n1)C=CC2,5.412344456e0,-4.772535861e-1,2.552692592e-1,1.276346207e0,4.935091019e0,-1.513545394e0
train,2306,O=C1C=CC2C3CC12C3,4.884443760e0,7.275064290e-2,2.552692592e-1,1.276346207e0,4.957194328e0,-1.496227741e0
train,2307,C#CCNC1COC1[NH-],7.140267849e0,3.025801480e-1,2.552692592e-1,1.276346207e0,7.442848206e0,4.512508214e-1
train,2308,C[NH+]1C2C1C1(C)C2[NH+]1C,6.968835831e0,-1.008413211e-1,2.552692592e-1,1.276346207e0,6.867994308e0,8.600177825e-4
train,2309,CC1C2C3CC2(C)C13O,8.783835411e0,3.418954611e-1,2.552692592e-1,1.276346207e0,9.125730515e0,1.769768000e0
train,2310,CC1=CCCCC(=O)N1,5.896707535e0,-4.598180056e-1,2.552692592e-1,1.276346207e0,5.436889648e0,-1.120392442e0
train,2311,O=C1CC2NC1C2O,5.934803009e0,8.033210039e-1,2.552692592e-1,1.276346207e0,6.738123894e0,-1.008918211e-1
train,2312,C1C2C3OCC4C2C4C13,8.634172440e0,-2.019308358e-1,2.552692592e-1,1.276346207e0,8.432241440e0,1.226428032e0
train,2313,CC12CC1C=CN2C=O,5.518469334e0,-2.409898341e-1,2.552692592e-1,1.276346207e0,5.277479649e0,-1.245288253e0
train,2314,Nc1occc(=O)c1F,5.254518509e0,-1.098644454e-3,2.552692592e-1,1.276346207e0,5.253419876e0,-1.264138818e0
train,2315,O=C1NC2CC3OC1C23,6.647741318e0,-5.396565199e-1,2.552692592e-1,1.276346207e0,6.108084679e0,-5.945196152e-1
train,2316,O=CC(=O)OCC1CO1,4.922539711e0,-3.862937391e-1,2.552692592e-1,1.276346207e0,4.536245823e0,-1.826035619e0
train,2317,O=C1CC2C=CC3C2N13,5.983783722e0,8.193283528e-2,2.552692592e-1,1.276346207e0,6.065716743e0,-6.277143955e-1
train,2318,O=C1COC2CCC12,5.744323254e0,2.718014419e-1,2.552692592e-1,1.276346207e0,6.016124725e0,-6.665691137e-1
train,2319,CCC1(O)CC(=O)C1O,5.964735985e0,1.756995358e-2,2.552692592e-1,1.276346207e0,5.982306004e0,-6.930656433e-1
train,2320,CC1CC([NH-])OC1CO,7.714427471e0,2.600398064e-1,2.552692592e-1,1.276346207e0,7.974467278e0,8.677676916e-1
train,2321,N#CC1(O)COCC1N,6.843663692e0,-1.625787020e-1,2.552692592e-1,1.276346207e0,6.681085110e0,-1.455809921e-1
train,2322,C#CC1CN1C(=O)CO,6.873596191e0,2.260876149e-1,2.552692592e-1,1.276346207e0,7.099683762e0,1.823857874e-1
train,2323,N#CC1CC2CN2C1=O,6.500800133e0,1.066921726e-1,2.552692592e-1,1.276346207e0,6.607492447e0,-2.032399178e-1
train,2324,O=C1C2C(O)C3C2N13,6.677673817e0,2.825399935e-1,2.552692592e-1,1.276346207e0,6.960213661e0,7.311271876e-2
train,2325,CCC#CC(N)CC#N,7.382448673e0,-3.691299856e-1,2.552692592e-1,1.276346207e0,7.013318539e0,1.147197261e-1
train,2326,O=CC12NC1C1OCC12,5.700785160e0,-2.049143463e-1,2.552692592e-1,1.276346207e0,5.495870590e0,-1.074181676e0
train,2327,CC12CC(C#N)[NH+](C1)C2,7.308978081e0,-5.985057727e-2,2.552692592e-1,1.276346207e0,7.249127388e0,2.994729877e-1
train,2328,CC1=CC2(C)CC1C2O,6.517127037e0,4.326067567e-1,2.552692592e-1,1.276346207e0,6.949733734e0,6.490182877e-2
train,2329,CC#CC(=O)C#CC,5.085808277e0,3.175329864e-1,2.552692592e-1,1.276346207e0,5.403341293e0,-1.146677256e0
train,2330,CN1C=CCOCC1=O,5.782419682e0,-2.188077718e-1,2.552692592e-1,1.276346207e0,5.563611984e0,-1.021107197e0
train,2331,C#CC(O)CC(=O)CC,6.215080738e0,-4.878338426e-2,2.552692592e-1,1.276346207e0,6.166297436e0,-5.489106774e-1
train,2332,C1CCC(C2CC2)C1,9.526706696e0,1.704315692e-1,2.552692592e-1,1.276346207e0,9.697137833e0,2.217458487e0
train,2333,CC1CC2CC12[NH+]1CC1,8.364779472e0,2.014711052e-1,2.552692592e-1,1.276346207e0,8.566250801e0,1.331422687e0
train,2334,C#CC12CC(C)=CC1O2,6.440935135e0,2.323485166e-1,2.552692592e-1,1.276346207e0,6.673283577e0,-1.516933888e-1
train,2335,CCC(CO)OC(C)=O,7.483131409e0,1.536456496e-2,2.552692592e-1,1.276346207e0,7.498496056e0,4.948502183e-1
train,2336,C#CC1(CO)CCC1C,8.068176270e0,9.592478722e-2,2.552692592e-1,1.276346207e0,8.164100647e0,1.016342998e0
train,2337,NC(=O)C#CC1CO1,6.236849785e0,4.462113678e-1,2.552692592e-1,1.276346207e0,6.683061123e0,-1.440328062e-1
train,2338,O=C1NCC2OCC12O,7.178363323e0,-3.396260142e-1,2.552692592e-1,1.276346207e0,6.838737488e0,-2.206233330e-2
train,2339,CC1OC12CNC2C=O,5.744323254e0,3.305441737e-1,2.552692592e-1,1.276346207e0,6.074867249e0,-6.205450892e-1
train,2340,CCc1ccoc1,6.593318939e0,-3.437949121e-1,2.552692592e-1,1.276346207e0,6.249524117e0,-4.837036133e-1
train,2341,[NH-]c1nc([NH+]=CN)no1,1.883027911e0,7.531864569e-3,2.552692592e-1,1.276346207e0,1.890559793e0,-3.898897409e0
train,2342,C1=NCCCCCO1,7.031421661e0,-1.581156403e-1,2.552692592e-1,1.276346207e0,6.873305798e0,5.021502730e-3
train,2343,COCC#CC1CO1,7.344352722e0,4.321889952e-2,2.552692592e-1,1.276346207e0,7.387571812e0,4.079424739e-1
train,2344,CCC(C#N)(CC)CC,9.523984909e0,2.593944669e-1,2.552692592e-1,1.276346207e0,9.783379555e0,2.285027742e0
train,2345,N#CCc1cc(N)on1,6.141610146e0,-5.755968094e-1,2.552692592e-1,1.276346207e0,5.566013336e0,-1.019225717e0
train,2346,CC1(C)OC(=O)C1CO,7.567486763e0,8.856938034e-2,2.552692592e-1,1.276346207e0,7.656055927e0,6.182963848e-1
train,2347,C#CC1OC1C(F)(F)F,7.651841640e0,1.329638362e-1,2.552692592e-1,1.276346207e0,7.784805298e0,7.191699147e-1
train,2348,CC1CC2CC(O1)C2O,8.609682083e0,-6.491358578e-2,2.552692592e-1,1.276346207e0,8.544768333e0,1.314591408e0
train,2349,Cc1cocnc1=O,5.684458733e0,2.393049002e-1,2.552692592e-1,1.276346207e0,5.923763752e0,-7.389327288e-1
train,2350,CC(=O)NCCCC=O,6.160657883e0,-1.368053705e-1,2.552692592e-1,1.276346207e0,6.023852348e0,-6.605145931e-1
train,2351,C[CH+]1N=NOC([NH-])=C1N,4.430013657e0,1.566368490e-1,2.552692592e-1,1.276346207e0,4.586650372e0,-1.786544323e0
train,2352,CNCC(C#N)C(N)=O,6.647741318e0,-4.513322189e-2,2.552692592e-1,1.276346207e0,6.602608204e0,-2.070666552e-1
train,2353,CCC(C(C)=O)C1CC1,6.204195976e0,8.638243377e-2,2.552692592e-1,1.276346207e0,6.290578365e0,-4.515381157e-1
train,2354,CC1CC=CC2CC12,6.710327625e0,2.766311467e-1,2.552692592e-1,1.276346207e0,6.986958981e0,9.406734258e-2
train,2355,CCNc1n[nH]cc1N,6.030043125e0,-4.231063426e-1,2.552692592e-1,1.276346207e0,5.606936932e0,-9.871625900e-1
train,2356,N#CC1(C=O)CN1,6.157936573e0,-2.633047104e-1,2.552692592e-1,1.276346207e0,5.894631863e0,-7.617572546e-1
train,2357,CC1(C=O)COC(=O)N1,5.747044563e0,-1.889950335e-1,2.552692592e-1,1.276346207e0,5.558049679e0,-1.025465131e0
train,2358,CC1C2OCC12CCO,8.269539833e0,8.187668771e-2,2.552692592e-1,1.276346207e0,8.351416588e0,1.163102746e0
train,2359,O=C1OCC12OC1CC12,6.704885483e0,-2.905208766e-1,2.552692592e-1,1.276346207e0,6.414364815e0,-3.545529842e-1
train,2360,O=C1OCOC12CNC2,6.421886921e0,-1.754504442e-1,2.552692592e-1,1.276346207e0,6.246436596e0,-4.861226380e-1
train,2361,OCC1C2OC3C[NH+]1C32,7.270882130e0,4.992238432e-2,2.552692592e-1,1.276346207e0,7.320804596e0,3.556312025e-1
train,2362,[H]N=CNC(=O)C(C)C#C,6.402839184e0,-3.363615870e-1,2.552692592e-1,1.276346207e0,6.066477776e0,-6.271181107e-1
train,2363,O=C1CC=CCOCO1,6.372906685e0,-4.674689844e-2,2.552692592e-1,1.276346207e0,6.326159954e0,-4.236603975e-1
train,2364,N#CC(O)CCO[CH+][NH-],7.420545101e0,-4.801202565e-2,2.552692592e-1,1.276346207e0,7.372532845e0,3.961596191e-1
train,2365,[NH-]C1OC(CCO)C1N,7.289929867e0,4.230811298e-1,2.552692592e-1,1.276346207e0,7.713010788e0,6.629198194e-1
train,2366,C1OC(C2CO2)C2CC12,9.175679207e0,2.607719600e-1,2.552692592e-1,1.276346207e0,9.436450958e0,2.013213634e0
train,2367,O=Cc1ccccc1,5.227307320e0,-5.259191394e-1,2.552692592e-1,1.276346207e0,4.701388359e0,-1.696648479e0
train,2368,C1=CC2(C=CCC1)CN2,6.285830498e0,1.866188943e-1,2.552692592e-1,1.276346207e0,6.472449303e0,-3.090445101e-1
train,2369,CC1CC2C(C1)C2(C)C,9.064112663e0,-7.701312006e-2,2.552692592e-1,1.276346207e0,8.987099648e0,1.661152363e0
train,2370,CC(C=O)C1CC1C=O,5.981062412e0,3.010715842e-1,2.552692592e-1,1.276346207e0,6.282134056e0,-4.581541419e-1
train,2371,CC1C2C(CO)[NH2+][CH+][NH+]12,6.242291927e0,-1.188780814e-1,2.552692592e-1,1.276346207e0,6.123414040e0,-5.825092793e-1
train,2372,CC1CC2(C[NH2+][CH+]O2)C1,7.333467960e0,-3.682439029e-1,2.552692592e-1,1.276346207e0,6.965224266e0,7.703846693e-2
train,2373,CCC12CC=C(C)C1N2,6.424608231e0,3.970201910e-1,2.552692592e-1,1.276346207e0,6.821628571e0,-3.546695411e-2
train,2374,CC1C2C=CC1(C)CC2,7.004210949e0,2.336941510e-1,2.552692592e-1,1.276346207e0,7.237905025e0,2.906804085e-1
train,2375,FC(F)(F)c1ccoc1,6.655904770e0,2.837766111e-1,2.552692592e-1,1.276346207e0,6.939681530e0,5.702605471e-2
train,2376,CC12NC(=O)C1(C)C2O,6.726654530e0,-2.346679009e-2,2.552692592e-1,1.276346207e0,6.703187943e0,-1.282636970e-1
train,2377,CC(N)(C#N)CC1CN1,7.447756290e0,-6.307671219e-2,2.552692592e-1,1.276346207e0,7.384679794e0,4.056766033e-1
train,2378,CC#CCCCC(C)C,8.269539833e0,-1.651675701e-1,2.552692592e-1,1.276346207e0,8.104372025e0,9.695464373e-1
train,2379,C1C2NC2C2[NH+]3CC12C3,7.782456875e0,7.682813704e-2,2.552692592e-1,1.276346207e0,7.859284878e0,7.775236964e-1
train,2380,C#Cc1cc(O)[nH]c1N,5.344316006e0,1.875212193e-1,2.552692592e-1,1.276346207e0,5.531837463e0,-1.046002030e0
train,2381,c1[nH]nc2c1C1NC1C2,6.729375839e0,-1.337045245e-2,2.552692592e-1,1.276346207e0,6.716005325e0,-1.182214394e-1
train,2382,CCCOC,9.322620392e0,2.027044892e-1,2.552692592e-1,1.276346207e0,9.525324821e0,2.082844973e0
train,2383,CC1[NH+]2C3C(=O)C1(O)C32,6.193311214e0,3.258886039e-1,2.552692592e-1,1.276346207e0,6.519199848e0,-2.724160552e-1
train,2384,CCC(C#N)C1(C)CN1,7.553880215e0,-3.012632728e-1,2.552692592e-1,1.276346207e0,7.252616882e0,3.022069633e-1
train,2385,c1cc2cncnn2n1,4.791924953e0,3.668202832e-2,2.552692592e-1,1.276346207e0,4.828607082e0,-1.596974254e0
train,2386,O=CC(O)c1ncno1,5.997389793e0,2.463033646e-1,2.552692592e-1,1.276346207e0,6.243693352e0,-4.882719219e-1
train,2387,O=CC12CCC1(C=O)C2,5.259960651e0,-1.581843495e-1,2.552692592e-1,1.276346207e0,5.101776123e0,-1.382949710e0
train,2388,CC1NC1COCC#N,7.314420223e0,1.234052032e-1,2.552692592e-1,1.276346207e0,7.437825203e0,4.473153651e-1
train,2389,CCC1CC=C(C)CO1,7.142988205e0,5.916188359e-1,2.552692592e-1,1.276346207e0,7.734607220e0,6.798403263e-1
train,2390,C#CC1NC(=O)C12CN2,7.107614040e0,4.702866971e-1,2.552692592e-1,1.276346207e0,7.577900887e0,5.570629239e-1
train,2391,CC1=CC(=O)NC1,5.926640034e0,2.091837302e-2,2.552692592e-1,1.276346207e0,5.947558403e0,-7.202899456e-1
train,2392,C#CC1(O)CC1C#N,7.306257248e0,1.350510214e-2,2.552692592e-1,1.276346207e0,7.319762230e0,3.548144996e-1
train,2393,C[NH2+]C1OC=CN=C1N,4.465388775e0,4.679977149e-2,2.552692592e-1,1.276346207e0,4.512188435e0,-1.844884276e0
train,2394,CCOc1c[nH]c(N)n1,6.092629433e0,-4.225927591e-1,2.552692592e-1,1.276346207e0,5.670036793e0,-9.377246499e-1
train,2395,CC12C3CC1C2C3C#N,8.013752937e0,1.796262860e-1,2.552692592e-1,1.276346207e0,8.193379402e0,1.039282560e0
train,2396,CNC1=NCCC1=O,4.783761501e0,-3.019188941e-1,2.552692592e-1,1.276346207e0,4.481842518e0,-1.868659973e0
train,2397,CC#Cc1c[nH]cc1C,5.923918724e0,-2.290416658e-1,2.552692592e-1,1.276346207e0,5.694877148e0,-9.182625413e-1
train,2398,N#CC1CC(=O)CC1O,6.008274078e0,1.801940948e-1,2.552692592e-1,1.276346207e0,6.188467979e0,-5.315403342e-1
train,2399,C#CCc1cn(C)cn1,6.791961670e0,2.003381215e-2,2.552692592e-1,1.276346207e0,6.811995506e0,-4.301434010e-2
train,2400,CC([NH-])OC1CC2CC21,7.801504612e0,2.840324938e-1,2.552692592e-1,1.276346207e0,8.085536957e0,9.547894001e-1
train,2401,Nc1ncnc(=O)cn1,4.481715202e0,-1.295505166e-1,2.552692592e-1,1.276346207e0,4.352164745e0,-1.970260859e0
train,2402,CC12C=CC(CO)C1O2,6.704885483e0,3.110799789e-1,2.552692592e-1,1.276346207e0,7.015965462e0,1.167935580e-1
train,2403,OC12C=CC3OC1CC32,6.402839184e0,-2.531157732e-1,2.552692592e-1,1.276346207e0,6.149723530e0,-5.618960857e-1
train,2404,CCC1=C(C=O)CCN1,4.810973167e0,-1.708039790e-1,2.552692592e-1,1.276346207e0,4.640169144e0,-1.744613051e0
train,2405,OCC1(O)CCC12CC2,8.343010902e0,1.006904468e-1,2.552692592e-1,1.276346207e0,8.443701744e0,1.235406995e0
train,2406,CCC(O)C(O)C1CC1,8.413760185e0,2.813898213e-2,2.552692592e-1,1.276346207e0,8.441899300e0,1.233994842e0
train,2407,CCCN=C(C)NC=O,6.348416328e0,1.219898537e-1,2.552692592e-1,1.276346207e0,6.470406055e0,-3.106453717e-1
train,2408,[CH-]1C[NH+]2C3C1C1(CC1)C32,4.394639015e0,4.455365837e-1,2.552692592e-1,1.276346207e0,4.840175629e0,-1.587910414e0
train,2409,CC1=C(C)C2C3CC1[NH+]32,5.953851223e0,-6.239289418e-2,2.552692592e-1,1.276346207e0,5.891458511e0,-7.642434835e-1
train,2410,CC(=O)CC1C2COC21,6.239571095e0,1.476365030e-1,2.552692592e-1,1.276346207e0,6.387207508e0,-3.758304119e-1
train,2411,CC1CC2(C)COC12,8.460020065e0,1.569152921e-1,2.552692592e-1,1.276346207e0,8.616935730e0,1.371133685e0
train,2412,C#CC1CCC(O)C1,8.465462685e0,-5.996460915e-1,2.552692592e-1,1.276346207e0,7.865816593e0,7.826412320e-1
train,2413,CCNC1C(C)OC1[NH-],6.952508926e0,-1.335460097e-1,2.552692592e-1,1.276346207e0,6.818963051e0,-3.755535558e-2
train,2414,C1OCC(C2CC2)O1,9.235544205e0,5.675978065e-1,2.552692592e-1,1.276346207e0,9.803141594e0,2.300511122e0
train,2415,C[NH+]1CC2OCC21C,7.491294384e0,-1.328646094e-1,2.552692592e-1,1.276346207e0,7.358429909e0,3.851101398e-1
train,2416,[NH-]C1C(=O)C2CC3C2[NH+]13,4.751108170e0,4.149514437e-1,2.552692592e-1,1.276346207e0,5.166059494e0,-1.332584500e0
train,2417,[NH-]C1CCCCC(=O)O1,6.781077385e0,-2.036169916e-1,2.552692592e-1,1.276346207e0,6.577460289e0,-2.267697304e-1
train,2418,CC(=O)C1[NH2+][CH+]OC1C,5.975620270e0,1.236122027e-1,2.552692592e-1,1.276346207e0,6.099232674e0,-6.014550924e-1
train,2419,CNC(=O)CCNC=O,7.412381172e0,-5.970615745e-1,2.552692592e-1,1.276346207e0,6.815319538e0,-4.041000456e-2
train,2420,CCC1C2COCC12C,8.827373505e0,1.218521073e-1,2.552692592e-1,1.276346207e0,8.949225426e0,1.631478429e0
train,2421,C#CCC1(C#N)COC1,7.777014256e0,4.141879976e-1,2.552692592e-1,1.276346207e0,8.191202164e0,1.037576795e0
train,2422,[NH-]C(C#CC=O)OC=O,5.235470295e0,2.587587833e-1,2.552692592e-1,1.276346207e0,5.494229317e0,-1.075467587e0
train,2423,C#CCCC1(C)CO1,8.536211014e0,2.929224372e-1,2.552692592e-1,1.276346207e0,8.829133034e0,1.537387609e0
train,2424,CC1(C)C(NO)C2C[NH+]21,6.405560493e0,2.435847521e-1,2.552692592e-1,1.276346207e0,6.649145126e0,-1.706055701e-1
train,2425,CC1(C)C2C3CC2C31,1.008181858e1,-3.997336626e-1,2.552692592e-1,1.276346207e0,9.682085037e0,2.205664635e0
train,2426,C#Cc1ccco1,5.357921600e0,7.966698706e-2,2.552692592e-1,1.276346207e0,5.437588692e0,-1.119844794e0
train,2427,O=C1NC23CCOC12C3,6.721211910e0,2.702490389e-1,2.552692592e-1,1.276346207e0,6.991460800e0,9.759446234e-2
train,2428,COC1C2CCC1C2C,9.107650757e0,-3.674651980e-1,2.552692592e-1,1.276346207e0,8.740185738e0,1.467698455e0
train,2429,OCC1[NH2+]C2CCC2O1,7.279046059e0,-2.782176062e-2,2.552692592e-1,1.276346207e0,7.251224518e0,3.011160791e-1
train,2430,CCC1C2OC(C)C12C,8.413760185e0,5.498541519e-2,2.552692592e-1,1.276346207e0,8.468745232e0,1.255028248e0
train,2431,CCOC([NH-])C1COC1,7.447756290e0,-2.188502103e-1,2.552692592e-1,1.276346207e0,7.228906155e0,2.836299241e-1
train,2432,CC1CC2COC12C#N,7.336189747e0,2.365291864e-1,2.552692592e-1,1.276346207e0,7.572719097e0,5.530030131e-1
train,2433,OC12CC34OCC(C13)C24,8.068176270e0,-1.510206163e-1,2.552692592e-1,1.276346207e0,7.917155743e0,8.228648305e-1
train,2434,O=CCNC(=O)NC=O,6.040927887e0,5.186644793e-1,2.552692592e-1,1.276346207e0,6.559592247e0,-2.407691181e-1
train,2435,C#Cc1nn[nH]c1CO,6.166100025e0,3.847789019e-2,2.552692592e-1,1.276346207e0,6.204577923e0,-5.189183950e-1
train,2436,C#CC1C2OCC12C=O,5.630035877e0,1.130783036e-1,2.552692592e-1,1.276346207e0,5.743113995e0,-8.804695606e-1
train,2437,c1cc2oncc2[nH]1,5.619151115e0,9.287062287e-2,2.552692592e-1,1.276346207e0,5.712021828e0,-9.048299193e-1
train,2438,CCC1(C(C)=O)C[NH+]1C,5.869495869e0,-5.116095543e-1,2.552692592e-1,1.276346207e0,5.357886314e0,-1.182290673e0
train,2439,OCC1C[NH+]1CC1CO1,7.831437111e0,9.740127623e-2,2.552692592e-1,1.276346207e0,7.928838253e0,8.320178986e-1
train,2440,CC12CC1OC1(CC1)C2,8.397434235e0,-1.243436858e-1,2.552692592e-1,1.276346207e0,8.273090363e0,1.101735115e0
train,2441,O=CN1CC12CC1OC12,6.791961670e0,1.700744331e-1,2.552692592e-1,1.276346207e0,6.962036133e0,7.454060763e-2
train,2442,COC(C(C)O)C1CN1,8.737575531e0,1.928819418e-1,2.552692592e-1,1.276346207e0,8.930457115e0,1.616773725e0
train,2443,COCC(=O)CCO,6.391954422e0,-4.516275525e-1,2.552692592e-1,1.276346207e0,5.940326691e0,-7.259559035e-1
train,2444,COC1C2C3COC3C12,8.228722572e0,4.078932479e-2,2.552692592e-1,1.276346207e0,8.269512177e0,1.098931670e0
train,2445,COCC(C)(C)C(C)C,8.922613144e0,2.410254031e-1,2.552692592e-1,1.276346207e0,9.163638115e0,1.799468040e0
train,2446,CC1=CCC(C)C(=O)C1,6.089908123e0,-1.754932702e-1,2.552692592e-1,1.276346207e0,5.914414883e0,-7.462574840e-1
train,2447,CC12CC(O)C(C)(C1)O2,8.827373505e0,-3.325329721e-2,2.552692592e-1,1.276346207e0,8.794119835e0,1.509955168e0
train,2448,c1nocc1C1CC1,6.563386440e0,4.173174035e-3,2.552692592e-1,1.276346207e0,6.567559719e0,-2.345267087e-1
train,2449,CC1C2C(C)C(C)(C)C12,8.868190765e0,1.985675395e-1,2.552692592e-1,1.276346207e0,9.066758156e0,1.723563910e0
train,2450,CNc1ccnc(C)n1,5.714390755e0,-2.648763061e-1,2.552692592e-1,1.276346207e0,5.449514389e0,-1.110501170e0
train,2451,CC12CC3C(O)C(C1)[NH+]32,7.630072594e0,-2.889412344e-1,2.552692592e-1,1.276346207e0,7.341131210e0,3.715568483e-1
train,2452,Nc1coc(OC=O)c1,5.336152554e0,2.891857326e-1,2.552692592e-1,1.276346207e0,5.625338078e0,-9.727455378e-1
train,2453,C[NH+](C)CC(=O)CC=O,5.504863262e0,-8.869462460e-2,2.552692592e-1,1.276346207e0,5.416168690e0,-1.136627078e0
train,2454,CCn1cc(N)c(O)c1,6.119840622e0,4.859353304e-1,2.552692592e-1,1.276346207e0,6.605775833e0,-2.045848668e-1
train,2455,COc1cc(C)c(C)[nH]1,6.375627518e0,4.831457138e-1,2.552692592e-1,1.276346207e0,6.858773232e0,-6.364580244e-3
train,2456,CC(C)C12CC(=O)C1N2,6.030043125e0,-1.457388252e-1,2.552692592e-1,1.276346207e0,5.884304523e0,-7.698485851e-1
train,2457,O=C1C=C2NCCC2N1,5.850448132e0,3.102258146e-1,2.552692592e-1,1.276346207e0,6.160674095e0,-5.533164740e-1
train,2458,CC1(C)C(O)C1(C)C#N,7.994705200e0,-1.133583039e-1,2.552692592e-1,1.276346207e0,7.881346703e0,7.948088646e-1
train,2459,[NH-]C1OC(=O)C2(O)CC12,6.625972271e0,-1.051580608e-1,2.552692592e-1,1.276346207e0,6.520814419e0,-2.711510658e-1
train,2460,O=C1OCC12NC2CO,7.113056660e0,-1.092092618e-1,2.552692592e-1,1.276346207e0,7.003847599e0,1.072993651e-1
train,2461,N#CCNc1ncon1,6.236849785e0,-2.667577267e-1,2.552692592e-1,1.276346207e0,5.970091820e0,-7.026352882e-1
train,2462,CC1(O)COC2CC21C,7.763408184e0,6.705496311e-1,2.552692592e-1,1.276346207e0,8.433958054e0,1.227772951e0
train,2463,NC(=O)CCC(O)C=O,5.760650635e0,-2.672140002e-1,2.552692592e-1,1.276346207e0,5.493436813e0,-1.076088548e0
train,2464,CC12CC(O)(C1)C21CC1,9.001525879e0,-3.409363925e-1,2.552692592e-1,1.276346207e0,8.660589218e0,1.405335546e0
train,2465,N#CC1CC2C[NH+]3C1C23,7.496736526e0,1.531530768e-1,2.552692592e-1,1.276346207e0,7.649889469e0,6.134650707e-1
train,2466,C#CC12OCC1C2O,6.590597630e0,1.433816105e-1,2.552692592e-1,1.276346207e0,6.733979225e0,-1.041391194e-1
train,2467,CC1(O)COCC1C=O,5.921197414e0,-2.371253073e-1,2.552692592e-1,1.276346207e0,5.684072018e0,-9.267282486e-1
train,2468,CC(O)C1NC1C,8.609682083e0,-3.201691806e-2,2.552692592e-1,1.276346207e0,8.577665329e0,1.340365767e0
train,2469,CC1CC2OC1CC2=O,5.847726822e0,-4.530030191e-1,2.552692592e-1,1.276346207e0,5.394723892e0,-1.153428793e0
train,2470,C[NH+]1C2C3CC(C3)C21C,8.103550911e0,-2.333061770e-2,2.552692592e-1,1.276346207e0,8.080220222e0,9.506238103e-1
train,2471,C[NH2+]C1NCC(C#N)O1,6.315762520e0,1.685944796e-1,2.552692592e-1,1.276346207e0,6.484356880e0,-2.997150719e-1
train,2472,CC1(O)C2CC3(C)C2C13,8.571586609e0,1.735068485e-2,2.552692592e-1,1.276346207e0,8.588937759e0,1.349197626e0
train,2473,CC(=O)C1(C=O)CC1,6.057254314e0,-1.374031007e-1,2.552692592e-1,1.276346207e0,5.919851303e0,-7.419981360e-1
train,2474,[NH-]C1OCC1C(=O)C=O,4.277629852e0,-1.199048907e-1,2.552692592e-1,1.276346207e0,4.157724857e0,-2.122601986e0
train,2475,COC(C)C(C)NC=O,7.600140095e0,-4.158852696e-1,2.552692592e-1,1.276346207e0,7.184254646e0,2.486460209e-1
train,2476,CCC12CC(C1=O)C2O,6.342973709e0,-6.433912367e-2,2.552692592e-1,1.276346207e0,6.278634548e0,-4.608959556e-1
train,2477,COC1(C#N)CCC1,7.975656986e0,-3.448280096e-1,2.552692592e-1,1.276346207e0,7.630828857e0,5.985313058e-1
train,2478,CC1=CC(C#N)OCC1,7.058633804e0,7.709053904e-2,2.552692592e-1,1.276346207e0,7.135724545e0,2.106232941e-1
train,2479,Cc1[nH]ncc1[N+](=O)[O-],5.434113503e0,1.736560017e-1,2.552692592e-1,1.276346207e0,5.607769489e0,-9.865102768e-1
train,2480,C#CC12OCC1C2OC,6.421886921e0,4.535103738e-1,2.552692592e-1,1.276346207e0,6.875397205e0,6.660094485e-3
train,2481,C1OC2CC1OC21CC1,8.617846489e0,-6.032716855e-2,2.552692592e-1,1.276346207e0,8.557518959e0,1.324581385e0
train,2482,CCOCC1CC(C)O1,8.846421242e0,-1.758810729e-1,2.552692592e-1,1.276346207e0,8.670539856e0,1.413131833e0
train,2483,CCC1(C=O)CC([NH-])O1,5.872217178e0,4.203271493e-2,2.552692592e-1,1.276346207e0,5.914249897e0,-7.463867664e-1
train,2484,N#CCC(=NO)C1CC1,6.514405727e0,-1.125861257e-1,2.552692592e-1,1.276346207e0,6.401819706e0,-3.643819392e-1
train,2485,O=C1OC2CCC3C2N13,7.575649738e0,7.840375304e-1,2.552692592e-1,1.276346207e0,8.359686852e0,1.169582367e0
train,2486,COC1CC2C(C)C2O1,8.639615059e0,-1.854860634e-1,2.552692592e-1,1.276346207e0,8.454129219e0,1.243576765e0
train,2487,N#CC1OC2CC=CC12,6.985162735e0,2.246421576e-1,2.552692592e-1,1.276346207e0,7.209805012e0,2.686644197e-1
train,2488,CC(C)C1OCC1C,8.653220177e0,3.692975044e-1,2.552692592e-1,1.276346207e0,9.022518158e0,1.688902378e0
train,2489,OCCC1[NH2+]C2CC2O1,7.118498325e0,3.483311236e-1,2.552692592e-1,1.276346207e0,7.466829300e0,4.700396955e-1
train,2490,ONC1C2C3CC1(O)C32,6.996047020e0,-5.994125828e-2,2.552692592e-1,1.276346207e0,6.936105728e0,5.422445759e-2
train,2491,CC1C(C)C1CCC=O,6.160657883e0,2.248518020e-1,2.552692592e-1,1.276346207e0,6.385509491e0,-3.771607876e-1
train,2492,[NH-]C1OCCNC1CO,6.734817982e0,-1.382172555e-1,2.552692592e-1,1.276346207e0,6.596600533e0,-2.117735893e-1
train,2493,OCC1(C2CC2)CCO1,8.707643509e0,1.148007363e-1,2.552692592e-1,1.276346207e0,8.822443962e0,1.532146811e0
train,2494,CC1N2C(=O)C(O)C12C,6.057254314e0,-3.403896093e-1,2.552692592e-1,1.276346207e0,5.716864586e0,-9.010356665e-1
train,2495,N#CCC1CN1,7.831437111e0,-3.413677588e-2,2.552692592e-1,1.276346207e0,7.797300339e0,7.289596200e-1
train,2496,CC1OC1C1(O)CC1O,8.457298279e0,-1.127096266e-1,2.552692592e-1,1.276346207e0,8.344588280e0,1.157752872e0
train,2497,C[NH+]1CC(OCCO)C1,7.981099606e0,-1.456645727e-1,2.552692592e-1,1.276346207e0,7.835434914e0,7.588375807e-1
train,2498,[H]N=CNc1cnc(C)o1,6.370185375e0,-1.837662160e-1,2.552692592e-1,1.276346207e0,6.186419010e0,-5.331456661e-1
train,2499,CC1CC2C1=CC1CC12,6.459982872e0,-1.394548267e-1,2.552692592e-1,1.276346207e0,6.320528030e0,-4.280729294e-1
train,2500,O=C1OC2CC=CC12,6.721211910e0,1.200635172e-2,2.552692592e-1,1.276346207e0,6.733218193e0,-1.047353745e-1
train,2501,CC1=CC2OC2C1CO,6.530732632e0,5.016440153e-1,2.552692592e-1,1.276346207e0,7.032376766e0,1.296516061e-1
train,2502,CC(C)(O)c1ccon1,6.868154049e0,1.351507008e-1,2.552692592e-1,1.276346207e0,7.003304958e0,1.068742126e-1
train,2503,CC1CCCC2CC1O2,8.636894226e0,1.303499639e-1,2.552692592e-1,1.276346207e0,8.767244339e0,1.488898516e0
train,2504,Oc1cccc(F)c1F,6.250455379e0,2.816597223e-1,2.552692592e-1,1.276346207e0,6.532114983e0,-2.622972131e-1
train,2505,C[NH+]1CC1C1OC2CC21,7.962051392e0,-2.412500978e-1,2.552692592e-1,1.276346207e0,7.720801353e0,6.690236330e-1
train,2506,COc1cc(O)no1,6.748423576e0,-5.136034451e-4,2.552692592e-1,1.276346207e0,6.747910023e0,-9.322451055e-2
train,2507,CC1C2[NH+]1CC21NC1C,7.845042706e0,-4.275367856e-1,2.552692592e-1,1.276346207e0,7.417505741e0,4.313953221e-1
train,2508,c1n[nH]cc1OC1CC1,6.348416328e0,6.803793367e-3,2.552692592e-1,1.276346207e0,6.355220318e0,-4.008919597e-1
train,2509,COC1C2CC3C1[NH+]3C2,8.669547081e0,1.903033257e-1,2.552692592e-1,1.276346207e0,8.859849930e0,1.561453819e0
train,2510,O=COCC(O)CCO,7.747081757e0,4.645606279e-1,2.552692592e-1,1.276346207e0,8.211642265e0,1.053591251e0
train,2511,O=C1OC=NC2CC1C2,6.160657883e0,-1.944406927e-1,2.552692592e-1,1.276346207e0,5.966217041e0,-7.056711316e-1
train,2512,COCC1C[NH+]1C1CC1,8.198790550e0,3.200453222e-1,2.552692592e-1,1.276346207e0,8.518836021e0,1.294273734e0
train,2513,CC12CCC1(C)OC2,8.514442444e0,-4.368011653e-1,2.552692592e-1,1.276346207e0,8.077641487e0,9.486033916e-1
train,2514,[H]N=CNC(=O)C1(C)CC1,6.506242275e0,-1.721867472e-1,2.552692592e-1,1.276346207e0,6.334055424e0,-4.174743891e-1
train,2515,CC1(O)COC1C=O,5.858611107e0,-6.221017614e-2,2.552692592e-1,1.276346207e0,5.796401024e0,-8.387198448e-1
train,2516,Cc1onc(CO)c1C,6.451819897e0,-3.140617162e-2,2.552692592e-1,1.276346207e0,6.420413494e0,-3.498139381e-1
train,2517,C#CC(C)(O)C#CC#N,6.326647282e0,9.505243599e-2,2.552692592e-1,1.276346207e0,6.421699524e0,-3.488063514e-1
train,2518,[NH-]C1C=C(C=O)C(=O)O1,4.144294262e0,9.885627776e-3,2.552692592e-1,1.276346207e0,4.154180050e0,-2.125379324e0
train,2519,CN1CCn2cccc21,6.065417767e0,7.996186614e-3,2.552692592e-1,1.276346207e0,6.073413849e0,-6.216837764e-1
train,2520,CC(CC1COC1)=NO,6.900807381e0,-1.311075389e-1,2.552692592e-1,1.276346207e0,6.769700050e0,-7.615229487e-2
train,2521,CCCCC1(C)COC1,8.568865776e0,1.478373408e-1,2.552692592e-1,1.276346207e0,8.716703415e0,1.449300408e0
train,2522,CC(=O)C1(O)C2CCC21,5.850448132e0,2.763687372e-1,2.552692592e-1,1.276346207e0,6.126816750e0,-5.798432827e-1
train,2523,O=CC1CC2(C=O)C[NH+]12,5.570170403e0,-4.271499440e-2,2.552692592e-1,1.276346207e0,5.527455330e0,-1.049435377e0
train,2524,O=CC#CCOC=O,5.534795761e0,5.328665301e-2,2.552692592e-1,1.276346207e0,5.588082314e0,-1.001935005e0
train,2525,CC12CC3CC(O1)C3O2,9.148468018e0,-1.159486622e-1,2.552692592e-1,1.276346207e0,9.032519341e0,1.696738124e0
train,2526,CC1=CC(C)C2(C)NC12,6.647741318e0,2.647637948e-2,2.552692592e-1,1.276346207e0,6.674217701e0,-1.509615183e-1
train,2527,CC1CC(O)C2CC1O2,8.492672920e0,-5.319720507e-1,2.552692592e-1,1.276346207e0,7.960700989e0,8.569819927e-1
train,2528,CC1(O)C([NH-])OC2CC21,7.349795341e0,-7.009877264e-2,2.552692592e-1,1.276346207e0,7.279696465e0,3.234234750e-1
train,2529,CC(CC(N)=O)C1CO1,7.581092358e0,-5.151704326e-2,2.552692592e-1,1.276346207e0,7.529575348e0,5.192004442e-1
train,2530,[NH-]c1nc(O)c[cH+]o1,4.947029591e0,-1.419817060e-1,2.552692592e-1,1.276346207e0,4.805047989e0,-1.615432501e0
train,2531,C#CC1C2C(C#N)C[NH+]12,7.167478561e0,-5.816531181e-1,2.552692592e-1,1.276346207e0,6.585825443e0,-2.202157378e-1
train,2532,CC(C)C1C2CC1C2=O,6.835499763e0,1.210876256e-1,2.552692592e-1,1.276346207e0,6.956587315e0,7.027152181e-2
train,2533,C#CC#CCC(N)C#N,6.163379192e0,-3.777633607e-1,2.552692592e-1,1.276346207e0,5.785615921e0,-8.471698761e-1
train,2534,Cc1cnc(N)nc1O,5.551122665e0,-1.651070714e-1,2.552692592e-1,1.276346207e0,5.386015415e0,-1.160251856e0
train,2535,N#CC1(N)C2OC([NH-])C21,6.982441425e0,-3.965662792e-2,2.552692592e-1,1.276346207e0,6.942784786e0,5.945741758e-2
train,2536,COC1COCC2OC12,8.699480057e0,-1.163601354e-1,2.552692592e-1,1.276346207e0,8.583120346e0,1.344639659e0
train,2537,C#CC(C)C(C=O)CO,6.157936573e0,3.573603332e-1,2.552692592e-1,1.276346207e0,6.515296936e0,-2.754739523e-1
train,2538,CC1C(O)C2(O)C(O)C12,7.847763538e0,6.053572148e-2,2.552692592e-1,1.276346207e0,7.908299446e0,8.159260154e-1
train,2539,C#CC1CN(C(N)=O)C1,7.428708553e0,-8.264134824e-2,2.552692592e-1,1.276346207e0,7.346067429e0,3.754242957e-1
train,2540,CC(O)c1ccc(N)o1,5.888543606e0,6.848104298e-2,2.552692592e-1,1.276346207e0,5.957024574e0,-7.128733397e-1
train,2541,OC1CC(O)C2NC2C1,8.479067802e0,-1.786206216e-1,2.552692592e-1,1.276346207e0,8.300447464e0,1.123169065e0
train,2542,O=CC12CCOC1CN2,5.646362305e0,-1.558484733e-1,2.552692592e-1,1.276346207e0,5.490513802e0,-1.078378677e0
train,2543,O=C1N[CH+]C2C[NH+]3C1C23,5.145672798e0,3.187620342e-1,2.552692592e-1,1.276346207e0,5.464434624e0,-1.098811388e0
train,2544,Cc1nc(N)nn1C,6.163379192e0,2.472556829e-1,2.552692592e-1,1.276346207e0,6.410634995e0,-3.574752510e-1
train,2545,O=CCOCC1CCC1,6.231407166e0,-5.017073154e-1,2.552692592e-1,1.276346207e0,5.729700089e0,-8.909791708e-1
train,2546,OCCC1C2CCOC12,8.552538872e0,-3.144864738e-1,2.552692592e-1,1.276346207e0,8.238052368e0,1.074283242e0
train,2547,CC1CC2C3C1CC23O,8.838258743e0,3.419055045e-1,2.552692592e-1,1.276346207e0,9.180164337e0,1.812416196e0
train,2548,c1ccn2ncnc2c1,5.251797676e0,2.382693291e-1,2.552692592e-1,1.276346207e0,5.490067005e0,-1.078728676e0
train,2549,CC12C3C4CC1(C)[NH+]4C32,8.168857574e0,-1.593144536e-1,2.552692592e-1,1.276346207e0,8.009543419e0,8.952494264e-1
train,2550,[NH-]C1CC2(C=O)CC2O1,6.122561455e0,1.480809152e-1,2.552692592e-1,1.276346207e0,6.270642281e0,-4.671577811e-1
train,2551,c1nonc1N1CCC1,5.396018028e0,-3.247393072e-1,2.552692592e-1,1.276346207e0,5.071278572e0,-1.406844139e0
train,2552,N#CC1=CCCC2CC12,5.853169441e0,4.646538794e-1,2.552692592e-1,1.276346207e0,6.317823410e0,-4.301919639e-1
train,2553,Cc1nc(O)c(C#N)[nH]1,5.474930763e0,-7.756055146e-2,2.552692592e-1,1.276346207e0,5.397370338e0,-1.151355386e0
train,2554,C1CC2CCC1CO2,8.228722572e0,2.201402187e-1,2.552692592e-1,1.276346207e0,8.448863029e0,1.239450812e0
train,2555,CC1C2NC2C2C(C)[NH+]12,7.586534500e0,-1.641875952e-1,2.552692592e-1,1.276346207e0,7.422347069e0,4.351884425e-1
train,2556,CC1OCCC1C(N)=O,7.341631889e0,3.319458663e-1,2.552692592e-1,1.276346207e0,7.673577785e0,6.320245266e-1
train,2557,O=C1CC(O)C1C1CO1,5.850448132e0,2.110495567e-1,2.552692592e-1,1.276346207e0,6.061497688e0,-6.310199499e-1
train,2558,O=C1OC2C1CC21CC1,7.581092358e0,3.808894753e-1,2.552692592e-1,1.276346207e0,7.961981773e0,8.579854369e-1
train,2559,O=C1CNC12CCCC2,5.842284679e0,2.421508878e-1,2.552692592e-1,1.276346207e0,6.084435463e0,-6.130484939e-1
train,2560,CC12CC(CC1CO)C2,9.265477180e0,2.158251554e-1,2.552692592e-1,1.276346207e0,9.481302261e0,2.048353910e0
train,2561,C#CCC1CN1C(N)=O,7.627351284e0,-5.214201212e-1,2.552692592e-1,1.276346207e0,7.105931282e0,1.872806400e-1
train,2562,CC1C(NO)C2C[NH+]1C2,6.579712868e0,2.439687550e-1,2.552692592e-1,1.276346207e0,6.823681831e0,-3.385825083e-2
train,2563,CC1(C#N)CC1(C)C#N,8.174300194e0,2.315700352e-1,2.552692592e-1,1.276346207e0,8.405870438e0,1.205766678e0
train,2564,c1nncnn1,3.687142849e0,4.378710389e-1,2.552692592e-1,1.276346207e0,4.125013828e0,-2.148230791e0
train,2565,CC1=C(C)C2OCC1O2,6.587876320e0,2.539186180e-1,2.552692592e-1,1.276346207e0,6.841794968e0,-1.966683567e-2
train,2566,O=COCCCC1CO1,7.714427471e0,1.419479251e-1,2.552692592e-1,1.276346207e0,7.856375217e0,7.752440572e-1
train,2567,CCC(O)C#CCO,7.806946754e0,6.116600335e-2,2.552692592e-1,1.276346207e0,7.868112564e0,7.844401002e-1
train,2568,CC1CCC(=O)C1NO,4.506205559e0,-1.746569127e-1,2.552692592e-1,1.276346207e0,4.331548691e0,-1.986413240e0
train,2569,O=C1NCC=CC12CO2,6.454540730e0,-1.101718396e-1,2.552692592e-1,1.276346207e0,6.344368935e0,-4.093938768e-1
train,2570,C1=CC2C(C1)OC1CC12,6.957951069e0,-5.755725503e-2,2.552692592e-1,1.276346207e0,6.900393963e0,2.624473907e-2
train,2571,CC12C3C[NH+]4C1C4(C)C32,8.196069717e0,-1.082134098e-1,2.552692592e-1,1.276346207e0,8.087856293e0,9.566065669e-1
train,2572,Nc1[nH]ccc1NC=O,5.825957775e0,1.811539680e-1,2.552692592e-1,1.276346207e0,6.007111549e0,-6.736308336e-1
train,2573,[NH-]C1OCC12CCCN2,6.873596191e0,-3.722611368e-1,2.552692592e-1,1.276346207e0,6.501335144e0,-2.864128351e-1
train,2574,C1OC2CC3(CN3)C2O1,8.299472809e0,3.154315650e-1,2.552692592e-1,1.276346207e0,8.614904404e0,1.369542122e0
train,2575,CC1C2C3OC3C12,7.763408184e0,-1.331931353e-1,2.552692592e-1,1.276346207e0,7.630215168e0,5.980504751e-1
train,2576,CCC1(O)C2C=CC1C2,6.511684418e0,-2.855322063e-1,2.552692592e-1,1.276346207e0,6.226152420e0,-5.020150542e-1
train,2577,C#CC1(COC)COC1,8.002868652e0,6.794292480e-2,2.552692592e-1,1.276346207e0,8.070811272e0,9.432519674e-1
train,2578,CC12CCC(CO1)C2=O,5.605545521e0,-6.377720088e-2,2.552692592e-1,1.276346207e0,5.541768551e0,-1.038221240e0
train,2579,C#CC(CO)C(C)(C)O,7.891301632e0,-2.640645206e-1,2.552692592e-1,1.276346207e0,7.627237320e0,5.957173705e-1
train,2580,Cc1ccc(C(N)=O)o1,5.458603859e0,-2.209348232e-1,2.552692592e-1,1.276346207e0,5.237668991e0,-1.276479363e0
train,2581,CNc1n[nH]c(NC)n1,6.519847870e0,6.442628801e-2,2.552692592e-1,1.276346207e0,6.584274292e0,-2.214310467e-1
train,2582,N#CC(N)C1(CO)CN1,7.379727840e0,-3.836145997e-2,2.552692592e-1,1.276346207e0,7.341366291e0,3.717410266e-1
train,2583,O=C1CC2(O1)C1CCC12,7.570207596e0,-3.163966909e-2,2.552692592e-1,1.276346207e0,7.538568020e0,5.262460709e-1
train,2584,CCC1OC2(C#N)CC12,6.966114998e0,-3.974740580e-2,2.552692592e-1,1.276346207e0,6.926367760e0,4.659488425e-2
train,2585,C#CC12CC(=O)C1N2,5.692621708e0,4.499968141e-2,2.552692592e-1,1.276346207e0,5.737621307e0,-8.847730160e-1
train,2586,[CH+]1[NH2+]C2C(CC3OC32)O1,7.295372486e0,-1.415792555e-1,2.552692592e-1,1.276346207e0,7.153793335e0,2.247799635e-1
train,2587,CCCC1CC1(C)O,8.827373505e0,1.561743617e-1,2.552692592e-1,1.276346207e0,8.983548164e0,1.658369899e0
train,2588,O=C1CC2C(=O)C1C2O,5.529353619e0,7.193889003e-3,2.552692592e-1,1.276346207e0,5.536547661e0,-1.042311668e0
train,2589,CC1CC2(CC2)C([NH-])O1,7.572928429e0,2.081034034e-1,2.552692592e-1,1.276346207e0,7.781031609e0,7.162132859e-1
train,2590,CC(CCO)C1OC1C,9.080439568e0,3.927532732e-1,2.552692592e-1,1.276346207e0,9.473193169e0,2.042000532e0
train,2591,Nc1nccnc1F,5.123903751e0,1.000974700e-1,2.552692592e-1,1.276346207e0,5.224001408e0,-1.287187815e0
train,2592,CNC1=C[CH-]C(C)O1,5.621871948e0,-1.837874651e-1,2.552692592e-1,1.276346207e0,5.438084602e0,-1.119456291e0
train,2593,CC#CC1C(=O)CC1C,5.711669922e0,3.158175349e-1,2.552692592e-1,1.276346207e0,6.027487278e0,-6.576666832e-1
train,2594,CC#CC#CC(C)=O,4.903491497e0,-1.061497629e-2,2.552692592e-1,1.276346207e0,4.892876625e0,-1.546619892e0
train,2595,C1=CC2C3CCOC1C23,6.492636681e0,-2.301101685e-1,2.552692592e-1,1.276346207e0,6.262526512e0,-4.735164046e-1
train,2596,CC1OC(C2CC2)C1O,8.163415909e0,3.487411141e-1,2.552692592e-1,1.276346207e0,8.512157440e0,1.289041162e0
train,2597,OC1CCc2cocc21,6.280387878e0,-4.866284728e-1,2.552692592e-1,1.276346207e0,5.793759346e0,-8.407895565e-1
train,2598,OC12CCC1OC2,8.133483887e0,4.224092513e-2,2.552692592e-1,1.276346207e0,8.175724983e0,1.025450587e0
train,2599,CCC1(O)CCC1C=O,5.951130390e0,3.050817251e-1,2.552692592e-1,1.276346207e0,6.256212234e0,-4.784635603e-1
train,2600,C1CC23CC(C4OC42)[NH+]13,7.828715801e0,5.930041671e-1,2.552692592e-1,1.276346207e0,8.421719551e0,1.218184233e0
train,2601,CNc1cc(C)c(N)o1,5.877659321e0,2.120378427e-2,2.552692592e-1,1.276346207e0,5.898863316e0,-7.584419250e-1
train,2602,CCC1CC(C)N=CO1,7.385169983e0,2.769045904e-2,2.552692592e-1,1.276346207e0,7.412860394e0,4.277557433e-1
train,2603,COCC(CO)OC,9.129420280e0,3.076277375e-1,2.552692592e-1,1.276346207e0,9.437047958e0,2.013681173e0
train,2604,OC1CC23CCC2OC13,7.823273182e0,-6.641755253e-2,2.552692592e-1,1.276346207e0,7.756855488e0,6.972715855e-1
train,2605,C#CC1(O)C2COC21,6.892644405e0,1.238692924e-1,2.552692592e-1,1.276346207e0,7.016513824e0,1.172231957e-1
train,2606,CC(O)C1OCC12CO2,8.394712448e0,3.001045287e-1,2.552692592e-1,1.276346207e0,8.694816589e0,1.432152271e0
train,2607,CCCC(C)C#N,9.567523003e0,-3.105241358e-1,2.552692592e-1,1.276346207e0,9.256999016e0,1.872615218e0
train,2608,N#CC1C(=O)C[NH+]2CC12,5.491257668e0,1.096896231e-1,2.552692592e-1,1.276346207e0,5.600947380e0,-9.918553233e-1
train,2609,[NH-][CH+]OC(=O)CN,6.293993473e0,9.076029807e-2,2.552692592e-1,1.276346207e0,6.384753704e0,-3.777529299e-1
train,2610,CNC(=O)NCCO,8.155252457e0,-3.910007775e-1,2.552692592e-1,1.276346207e0,7.764251709e0,7.030664086e-1
train,2611,CC1OCCC1C=O,6.065417767e0,-1.641031355e-1,2.552692592e-1,1.276346207e0,5.901314735e0,-7.565212846e-1
train,2612,CC1OC2C[NH+]3C1C23C,8.492672920e0,1.000764370e-1,2.552692592e-1,1.276346207e0,8.592749596e0,1.352184057e0
train,2613,CC#CC(C)COC,8.318520546e0,-1.301625818e-1,2.552692592e-1,1.276346207e0,8.188358307e0,1.035348654e0
train,2614,C#CC1CC2C(C)C2O1,7.551159859e0,2.775660157e-1,2.552692592e-1,1.276346207e0,7.828725815e0,7.535811067e-1
train,2615,CCC(O)C12CCC1C2,8.604239464e0,-1.624126434e-1,2.552692592e-1,1.276346207e0,8.441826820e0,1.233937979e0
train,2616,COCCCNCC#N,7.357958317e0,-4.591392577e-1,2.552692592e-1,1.276346207e0,6.898818970e0,2.501075342e-2
train,2617,CC1=CC(C)C(C)CC1,7.118498325e0,2.573334277e-1,2.552692592e-1,1.276346207e0,7.375831604e0,3.987441659e-1
train,2618,CC1COC1C1CC1,8.781113625e0,1.881088167e-1,2.552692592e-1,1.276346207e0,8.969222069e0,1.647145510e0
train,2619,CC(C)[NH+]1CC1CC=O,5.589218616e0,3.321707845e-1,2.552692592e-1,1.276346207e0,5.921389580e0,-7.407928705e-1
train,2620,CO[CH+][NH2+]C1(C)CC1,6.824615955e0,-1.881803274e-1,2.552692592e-1,1.276346207e0,6.636435509e0,-1.805633903e-1
train,2621,COC12CCCC1C2,9.034179688e0,-2.559326887e-1,2.552692592e-1,1.276346207e0,8.778246880e0,1.497518897e0
train,2622,C#CC12CNC1CN2,6.865432262e0,7.481064647e-2,2.552692592e-1,1.276346207e0,6.940242767e0,5.746577680e-2
train,2623,COC1(C(C)(C)O)CC1,8.696758270e0,-3.111788444e-2,2.552692592e-1,1.276346207e0,8.665640831e0,1.409293532e0
train,2624,CC(C)(C)C12CCC1C2,8.699480057e0,-4.787774682e-1,2.552692592e-1,1.276346207e0,8.220702171e0,1.060689688e0
train,2625,C#CC12CCC1(C#N)C2,6.601481915e0,-1.636615843e-1,2.552692592e-1,1.276346207e0,6.437820435e0,-3.361757994e-1
train,2626,C[NH2+]C1NCC(=O)C1O,5.159278870e0,3.217039406e-1,2.552692592e-1,1.276346207e0,5.480982780e0,-1.085846066e0
train,2627,C[NH+]1CCC(=O)C1CO,5.872217178e0,-2.255200595e-1,2.552692592e-1,1.276346207e0,5.646697044e0,-9.560110569e-1
train,2628,CC1NC2[NH2+]CCC12O,6.421886921e0,1.345764995e-1,2.552692592e-1,1.276346207e0,6.556463242e0,-2.432206571e-1
train,2629,CCC(C)OCC(C)C,9.026016235e0,9.537869692e-2,2.552692592e-1,1.276346207e0,9.121395111e0,1.766371250e0
train,2630,C#CC1=NC2CC2CO1,5.640920639e0,-6.605467200e-2,2.552692592e-1,1.276346207e0,5.574865818e0,-1.012289882e0
train,2631,CC12CCC=CC1OC2,6.865432262e0,3.536859453e-1,2.552692592e-1,1.276346207e0,7.219118118e0,2.759611011e-1
train,2632,OC1C=C2CC(O)C2C1,6.691279888e0,-1.112678368e-2,2.552692592e-1,1.276346207e0,6.680152893e0,-1.463113725e-1
train,2633,CC1C2CC(O2)C1(C)O,8.351174355e0,1.334667206e-1,2.552692592e-1,1.276346207e0,8.484641075e0,1.267482400e0
train,2634,[NH-]C1NC=NCC1O,6.234128475e0,-2.424160838e-1,2.552692592e-1,1.276346207e0,5.991712570e0,-6.856957078e-1
train,2635,CCc1nc(O)cn1C,6.035485268e0,-3.979231045e-2,2.552692592e-1,1.276346207e0,5.995692730e0,-6.825773120e-1
train,2636,C#CC1[CH-]C=C(NO)C1,5.243634224e0,3.680773675e-1,2.552692592e-1,1.276346207e0,5.611711502e0,-9.834218025e-1
train,2637,O=CC12CC3CC(O1)C32,5.586497784e0,-6.142613292e-2,2.552692592e-1,1.276346207e0,5.525071621e0,-1.051303029e0
train,2638,CCCc1cc(N)on1,6.332089424e0,2.071234584e-1,2.552692592e-1,1.276346207e0,6.539212704e0,-2.567362487e-1
train,2639,CC1NC1c1cc[nH]c1,6.688558578e0,2.761885822e-1,2.552692592e-1,1.276346207e0,6.964746952e0,7.666449994e-2
train,2640,O=C1OCC1C1CO1,7.499457359e0,3.219898045e-1,2.552692592e-1,1.276346207e0,7.821447372e0,7.478784919e-1
train,2641,CC1NC12C1CC2C1=O,6.840942383e0,1.274893433e-1,2.552692592e-1,1.276346207e0,6.968431950e0,7.955164462e-2
train,2642,N#CC1CCN=CO1,7.240949631e0,8.127656579e-2,2.552692592e-1,1.276346207e0,7.322226048e0,3.567448854e-1
train,2643,C1C2OC3C1C1C2CC31,8.794719696e0,-1.075757593e-1,2.552692592e-1,1.276346207e0,8.687144279e0,1.426141143e0
train,2644,Nc1nc(O)nc(=O)[nH]1,6.247734070e0,-2.064295262e-1,2.552692592e-1,1.276346207e0,6.041304588e0,-6.468409896e-1
train,2645,OC1C2OCC3OC3C12,8.136203766e0,-2.857466936e-1,2.552692592e-1,1.276346207e0,7.850457191e0,7.706073523e-1
train,2646,CC1NC1C1(O)CC1C,7.894023418e0,-3.914381266e-1,2.552692592e-1,1.276346207e0,7.502585411e0,4.980541766e-1
train,2647,CC12C[NH+]3CC(O)C1C32,7.703543663e0,-2.645898163e-1,2.552692592e-1,1.276346207e0,7.438953876e0,4.481996596e-1
train,2648,C1=CC23NCC2OC3C1,5.929360867e0,-4.414723516e-1,2.552692592e-1,1.276346207e0,5.487888336e0,-1.080435634e0
train,2649,N#CC(N)C(N)C1CN1,7.213738441e0,4.266493022e-1,2.552692592e-1,1.276346207e0,7.640387535e0,6.060203910e-1
train,2650,C1OC2C3NC3C2O1,8.005589485e0,3.008869104e-2,2.552692592e-1,1.276346207e0,8.035677910e0,9.157254696e-1
train,2651,CC1C(C=O)C1(C)C#N,5.942966461e0,-2.832482159e-1,2.552692592e-1,1.276346207e0,5.659718037e0,-9.458092451e-1
train,2652,CC1(C2CO2)COC1,8.609682083e0,1.009602770e-1,2.552692592e-1,1.276346207e0,8.710642815e0,1.444551945e0
train,2653,O=CC12OCC1OC2=O,5.518469334e0,-6.394660473e-2,2.552692592e-1,1.276346207e0,5.454522610e0,-1.106577277e0
train,2654,CC(O)C1NC(=O)C1O,7.289929867e0,-1.732752472e-1,2.552692592e-1,1.276346207e0,7.116654396e0,1.956820786e-1
train,2655,C1OCC23COCC12O3,8.903565407e0,3.933582008e-1,2.552692592e-1,1.276346207e0,9.296923637e0,1.903895617e0
train,2656,OC1(C2CO2)CCC1,9.026016235e0,3.217089176e-1,2.552692592e-1,1.276346207e0,9.347724915e0,1.943697810e0
train,2657,CC1C=CC2C(=O)OC12,6.710327625e0,3.269083798e-2,2.552692592e-1,1.276346207e0,6.743018627e0,-9.705685824e-2
train,2658,CCc1c[nH]nc1C#N,6.386512280e0,1.262287050e-1,2.552692592e-1,1.276346207e0,6.512741089e0,-2.774764299e-1
train,2659,N#CC1C2C3CCC3C12,7.994705200e0,4.696877301e-2,2.552692592e-1,1.276346207e0,8.041673660e0,9.204230309e-1
train,2660,C1=CC2C3C=CC1C23,6.364743233e0,9.815236554e-3,2.552692592e-1,1.276346207e0,6.374558449e0,-3.857407868e-1
train,2661,OC1CC2[CH-]COC12,6.342973709e0,2.033383399e-2,2.552692592e-1,1.276346207e0,6.363307476e0,-3.945557773e-1
train,2662,COC1CCC(NO)C1,6.783798695e0,-3.154547215e-1,2.552692592e-1,1.276346207e0,6.468343735e0,-3.122611940e-1
train,2663,CCC1OCC1NO,6.666789532e0,4.618836567e-2,2.552692592e-1,1.276346207e0,6.712977886e0,-1.205933988e-1
train,2664,O=CC1NC(=O)N2CC12,5.771534920e0,-1.040812880e-1,2.552692592e-1,1.276346207e0,5.667453766e0,-9.397484064e-1
train,2665,COC(=O)C(=O)CCO,4.960635662e0,-2.554902434e-1,2.552692592e-1,1.276346207e0,4.705145359e0,-1.693704963e0
train,2666,CCOCc1ncon1,6.299435616e0,5.224193931e-1,2.552692592e-1,1.276346207e0,6.821855068e0,-3.528949618e-2
train,2667,CC1Cc2ocnc2O1,5.556564808e0,4.537061974e-2,2.552692592e-1,1.276346207e0,5.601935387e0,-9.910812378e-1
train,2668,COc1cc(N)[nH]c1N,6.111677170e0,2.762317657e-1,2.552692592e-1,1.276346207e0,6.387908936e0,-3.752808273e-1
train,2669,CC1(C2CNC2=O)CN1,7.624630451e0,-1.336429548e-2,2.552692592e-1,1.276346207e0,7.611266136e0,5.832041502e-1
train,2670,CC(=O)c1cnnnn1,3.975583553e0,1.807528138e-1,2.552692592e-1,1.276346207e0,4.156336308e0,-2.123689890e0
train,2671,O=C1C[NH+]2CC3C(O1)C32,6.386512280e0,1.570305228e-1,2.552692592e-1,1.276346207e0,6.543542862e0,-2.533436120e-1
train,2672,N#CC#CC(=O)C1CO1,4.898049831e0,-1.520705521e-1,2.552692592e-1,1.276346207e0,4.745979309e0,-1.661712050e0
train,2673,CCCCC(C)CC#N,9.409697533e0,-9.000279754e-2,2.552692592e-1,1.276346207e0,9.319694519e0,1.921736360e0
train,2674,CC1CCCCOC=N1,7.083124161e0,1.078153402e-1,2.552692592e-1,1.276346207e0,7.190939426e0,2.538834512e-1
train,2675,Cn1nnc(N)n1,5.937524319e0,2.471301854e-1,2.552692592e-1,1.276346207e0,6.184654713e0,-5.345279574e-1
train,2676,N#CC1=CC2CC[NH+]2C1,5.104856014e0,-2.516760433e-4,2.552692592e-1,1.276346207e0,5.104604244e0,-1.380733967e0
train,2677,CCCC(=O)N1CC1,6.898086548e0,-2.443618029e-1,2.552692592e-1,1.276346207e0,6.653724670e0,-1.670175493e-1
train,2678,C[n+]1ccc([NH-])c(O)n1,4.693964005e0,2.379020602e-1,2.552692592e-1,1.276346207e0,4.931866169e0,-1.516072035e0
train,2679,CC12COC1C(CO)N2,7.567486763e0,-9.007912874e-2,2.552692592e-1,1.276346207e0,7.477407455e0,4.783275723e-1
train,2680,C1C2OC34CC(C3)[NH+]1C24,6.699442863e0,-2.526049316e-1,2.552692592e-1,1.276346207e0,6.446837902e0,-3.291107416e-1
train,2681,c1cnccoccn1,4.430013657e0,4.481666088e-1,2.552692592e-1,1.276346207e0,4.878180504e0,-1.558134079e0
train,2682,C#CC1(C)CC12CCO2,7.491294384e0,3.736274540e-1,2.552692592e-1,1.276346207e0,7.864922047e0,7.819404006e-1
train,2683,C#CCC1CC1(C)CO,8.517163277e0,-2.798856497e-1,2.552692592e-1,1.276346207e0,8.237277985e0,1.073676586e0
train,2684,COC(C)C(=O)C1CC1,6.130725384e0,8.989308029e-2,2.552692592e-1,1.276346207e0,6.220618248e0,-5.063509941e-1
train,2685,CC1CCCCC(=O)O1,7.148430824e0,-4.280631244e-1,2.552692592e-1,1.276346207e0,6.720367908e0,-1.148034111e-1
train,2686,[NH-]C1OCC1NC1CC1,6.715770245e0,-4.048777521e-1,2.552692592e-1,1.276346207e0,6.310892582e0,-4.356221855e-1
train,2687,C#Cc1oc(C)nc1N,4.919818878e0,-2.087649703e-1,2.552692592e-1,1.276346207e0,4.711053848e0,-1.689075708e0
train,2688,Cc1oc(=O)[nH]c1CO,6.190590382e0,4.641016722e-1,2.552692592e-1,1.276346207e0,6.654692173e0,-1.662595272e-1
train,2689,C[NH+]1CC(O)C1CC#N,7.311699390e0,3.209289014e-1,2.552692592e-1,1.276346207e0,7.632628441e0,5.999412537e-1
train,2690,OC12C3C[NH+]4C3C1(O)C42,7.458641052e0,-4.097410142e-1,2.552692592e-1,1.276346207e0,7.048900127e0,1.425974518e-1
train,2691,O=C1OCOCC2NC12,6.778356075e0,4.675346613e-2,2.552692592e-1,1.276346207e0,6.825109482e0,-3.273970634e-2
train,2692,CC(=O)Nc1ncon1,6.288550854e0,-2.910857201e-1,2.552692592e-1,1.276346207e0,5.997465134e0,-6.811886430e-1
train,2693,CC1[NH+](C)C12CC(O)C2,7.951167107e0,-2.058964521e-1,2.552692592e-1,1.276346207e0,7.745270729e0,6.881950498e-1
train,2694,O=C1CCC2OCC1O2,5.806910038e0,6.250751764e-2,2.552692592e-1,1.276346207e0,5.869417667e0,-7.815122604e-1
train,2695,Cc1cc(=O)nc(N)o1,5.703506470e0,-5.948256254e-1,2.552692592e-1,1.276346207e0,5.108680725e0,-1.377540112e0
train,2696,CC1=C(NO)C2NC2[CH-]1,5.151115417e0,3.324392438e-2,2.552692592e-1,1.276346207e0,5.184359550e0,-1.318246603e0
train,2697,COc1c[nH]nc1C=O,5.194653511e0,-2.412425354e-2,2.552692592e-1,1.276346207e0,5.170529366e0,-1.329082489e0
train,2698,C1C(C[NH+]2CC2)C2OC12,8.778392792e0,-4.322276413e-1,2.552692592e-1,1.276346207e0,8.346164703e0,1.158987999e0
train,2699,COc1c[nH]c(CO)n1,6.016437531e0,5.735263228e-2,2.552692592e-1,1.276346207e0,6.073790073e0,-6.213890314e-1
train,2700,C#CC1(C(C)CO)CO1,7.692658901e0,-2.221289463e-2,2.552692592e-1,1.276346207e0,7.670445919e0,6.295707822e-1
train,2701,Nc1no[cH+]cc1NO,4.707569599e0,-1.174436212e-1,2.552692592e-1,1.276346207e0,4.590126038e0,-1.783821106e0
train,2702,Nc1nc(O)c[nH]1,6.206917286e0,-8.569413424e-2,2.552692592e-1,1.276346207e0,6.121222973e0,-5.842259526e-1
train,2703,C#CCn1nnnn1,6.802846432e0,-3.206268698e-2,2.552692592e-1,1.276346207e0,6.770783901e0,-7.530311495e-2
train,2704,CCNc1cc(N)c[nH]1,5.959293365e0,-3.543482721e-1,2.552692592e-1,1.276346207e0,5.604945183e0,-9.887230992e-1
train,2705,CC1CCC1C1CC1,9.379764557e0,3.342032135e-1,2.552692592e-1,1.276346207e0,9.713967323e0,2.230644226e0
train,2706,CC(=NO)C1(O)CC1,6.617809296e0,-6.509215385e-2,2.552692592e-1,1.276346207e0,6.552717209e0,-2.461556345e-1
train,2707,CNc1nc[nH]c(=O)n1,5.714390755e0,-1.227856278e-1,2.552692592e-1,1.276346207e0,5.591605186e0,-9.991748333e-1
train,2708,N#CC#CC[NH+]1CC1,5.864053726e0,-3.203868866e-1,2.552692592e-1,1.276346207e0,5.543666840e0,-1.036733866e0
train,2709,C#CC1NC1CCC=O,6.168820858e0,-1.452066898e-1,2.552692592e-1,1.276346207e0,6.023613930e0,-6.607013941e-1
train,2710,COC1CC2C3CC1[NH+]23,8.430087090e0,-2.991418540e-1,2.552692592e-1,1.276346207e0,8.130945206e0,9.903661609e-1
train,2711,CC1([NH+]2CC2)CC1CO,8.040965080e0,1.492277719e-2,2.552692592e-1,1.276346207e0,8.055888176e0,9.315599203e-1
train,2712,CC1(C#N)CCC(O)C1,8.865469933e0,-2.036584467e-1,2.552692592e-1,1.276346207e0,8.661811829e0,1.406293511e0
train,2713,CCC(CO)CCC=O,6.231407166e0,-1.306674331e-1,2.552692592e-1,1.276346207e0,6.100739956e0,-6.002741456e-1
train,2714,CC1(C)CC2(C)CC12O,8.389269829e0,-7.808621973e-2,2.552692592e-1,1.276346207e0,8.311183929e0,1.131580949e0
train,2715,CC1(O)C[NH2+]C2NCC21,6.859990120e0,-1.232197359e-1,2.552692592e-1,1.276346207e0,6.736770153e0,-1.019524559e-1
train,2716,CC1OC2C3NC2C13O,7.692658901e0,1.855778545e-1,2.552692592e-1,1.276346207e0,7.878236771e0,7.923722863e-1
train,2717,C#CC(CC)C(C)C=O,6.133446217e0,2.491564453e-1,2.552692592e-1,1.276346207e0,6.382602692e0,-3.794382215e-1
train,2718,C#CC1C2NC2C1(C)C,7.621908665e0,-5.841023922e-1,2.552692592e-1,1.276346207e0,7.037806511e0,1.339057386e-1
train,2719,CC1(C#N)CC1O,8.457298279e0,-2.099515349e-1,2.552692592e-1,1.276346207e0,8.247346878e0,1.081565380e0
train,2720,CC12CC(C=O)[NH+]1C2,5.877659321e0,1.292064190e-1,2.552692592e-1,1.276346207e0,6.006865501e0,-6.738235950e-1
train,2721,CC12CC(=O)C1(CO)N2,5.948409081e0,-2.067810483e-2,2.552692592e-1,1.276346207e0,5.927731037e0,-7.358244658e-1
train,2722,C[NH2+][CH+]OC(C)C#N,7.308978081e0,-1.392796934e-1,2.552692592e-1,1.276346207e0,7.169698238e0,2.372412533e-1
train,2723,Nc1nc(N)c(C=O)o1,4.843626976e0,-2.976830304e-1,2.552692592e-1,1.276346207e0,4.545943737e0,-1.818437457e0
train,2724,O=CCC1OC1CO,6.098071575e0,1.739106774e-1,2.552692592e-1,1.276346207e0,6.271982193e0,-4.661079943e-1
train,2725,CCC12CC1C1CC12O,7.526669502e0,3.608896583e-2,2.552692592e-1,1.276346207e0,7.562758446e0,5.451989770e-1
train,2726,CC12CC1C(O)C21CO1,8.375664711e0,-1.639253274e-2,2.552692592e-1,1.276346207e0,8.359272003e0,1.169257402e0
train,2727,CCCCNC(=O)C=O,4.819136620e0,6.260553747e-2,2.552692592e-1,1.276346207e0,4.881742001e0,-1.555343747e0
train,2728,C#CCC(O)COCC,8.076338768e0,-9.147182107e-2,2.552692592e-1,1.276346207e0,7.984867096e0,8.759158254e-1
train,2729,N#CC1C=CC2NC12,6.606924534e0,9.270273894e-2,2.552692592e-1,1.276346207e0,6.699627399e0,-1.310533434e-1
train,2730,CC#CC(C)C[NH+]1CC1,8.084503174e0,2.421755530e-2,2.552692592e-1,1.276346207e0,8.108720779e0,9.729536176e-1
train,2731,CC1C2C=CC3C1[NH+]23,5.812351704e0,8.012668043e-2,2.552692592e-1,1.276346207e0,5.892478466e0,-7.634443641e-1
train,2732,CC1=CCCC(O)CC1,6.922576904e0,-3.984812796e-1,2.552692592e-1,1.276346207e0,6.524095535e0,-2.685803473e-1
train,2733,C#CCCc1cnn[nH]1,6.805567265e0,2.510298491e-1,2.552692592e-1,1.276346207e0,7.056597233e0,1.486280411e-1
train,2734,CC12COC1C21CCC1,8.065455437e0,2.487443835e-1,2.552692592e-1,1.276346207e0,8.314199448e0,1.133943558e0
train,2735,C#CC12CCC(O1)C2C,7.314420223e0,4.598323107e-1,2.552692592e-1,1.276346207e0,7.774252415e0,7.109018564e-1
train,2736,CCC1CC2OC2CO1,9.202890396e0,-1.046198234e-1,2.552692592e-1,1.276346207e0,9.098270416e0,1.748253345e0
train,2737,C[n+]1nn[nH]c(=O)c1[NH-],5.281730175e0,-1.822324395e-1,2.552692592e-1,1.276346207e0,5.099497795e0,-1.384734750e0
train,2738,O=C1CC(CO)CCO1,7.379727840e0,-7.292576134e-2,2.552692592e-1,1.276346207e0,7.306802273e0,3.446605504e-1
train,2739,CC1C=CCC(CO)O1,7.224623203e0,1.925758868e-1,2.552692592e-1,1.276346207e0,7.417199135e0,4.311550856e-1
train,2740,C1=CC(C2CCO2)OC1,6.593318939e0,6.571679711e-1,2.552692592e-1,1.276346207e0,7.250486851e0,3.005381227e-1
train,2741,O=C1CCCC=CCN1,6.342973709e0,2.914203107e-1,2.552692592e-1,1.276346207e0,6.634394169e0,-1.821627617e-1
train,2742,CC1(C)C(=O)OC12CC2,7.640957355e0,1.432021260e-1,2.552692592e-1,1.276346207e0,7.784159660e0,7.186640501e-1
train,2743,CC12COC3C1NC32,8.557980537e0,3.783895075e-1,2.552692592e-1,1.276346207e0,8.936369896e0,1.621406317e0
train,2744,C1=CC(C2CO2)CCC1,7.178363323e0,2.363188863e-1,2.552692592e-1,1.276346207e0,7.414682388e0,4.291832447e-1
train,2745,CCC1CCC1(C)CC,9.600176811e0,1.059329510e-1,2.552692592e-1,1.276346207e0,9.706110001e0,2.224488020e0
train,2746,NC(=[NH+]CCO)C(=O)[O-],5.371527672e0,-5.926271081e-1,2.552692592e-1,1.276346207e0,4.778900623e0,-1.635918617e0
train,2747,CC1OC2C=CC1C2O,6.707606792e0,-2.709962428e-2,2.552692592e-1,1.276346207e0,6.680507183e0,-1.460337937e-1
train,2748,CC12CC(NO)C1C2,6.669510841e0,-3.878318071e-1,2.552692592e-1,1.276346207e0,6.281679153e0,-4.585105479e-1
train,2749,CNC(C#N)C(C)CO,7.491294384e0,-5.090637133e-2,2.552692592e-1,1.276346207e0,7.440388203e0,4.493234456e-1
train,2750,CC1C2C(=O)C3[NH+]1C23C,6.174263477e0,2.646532059e-1,2.552692592e-1,1.276346207e0,6.438916683e0,-3.353168964e-1
train,2751,C1=CC(C2CC2)OC1,6.849106312e0,2.085936069e-1,2.552692592e-1,1.276346207e0,7.057700157e0,1.494921595e-1
train,2752,O=CNC(C=O)C1CN1,5.613708973e0,-7.882949710e-2,2.552692592e-1,1.276346207e0,5.534879684e0,-1.043618560e0
train,2753,Nc1ccc(=O)[nH]c1,4.231370449e0,1.755875768e-3,2.552692592e-1,1.276346207e0,4.233126163e0,-2.063526154e0
train,2754,O=CNc1nn[nH]n1,6.144330502e0,-1.340218782e-1,2.552692592e-1,1.276346207e0,6.010308743e0,-6.711258292e-1
train,2755,CC1CC(O)(C#N)C1=O,5.472209930e0,-1.193469316e-1,2.552692592e-1,1.276346207e0,5.352862835e0,-1.186226487e0
train,2756,COC1(C)C(O)C1C#N,7.551159859e0,-2.189339250e-1,2.552692592e-1,1.276346207e0,7.332225800e0,3.645795584e-1
train,2757,CC1NC(C#N)C1C#N,7.208295822e0,2.094725370e-1,2.552692592e-1,1.276346207e0,7.417768478e0,4.316011667e-1
train,2758,C#CC12C3CC1(C)C[NH+]32,6.928018570e0,1.721193939e-1,2.552692592e-1,1.276346207e0,7.100138187e0,1.827418357e-1
train,2759,CC1[NH2+]C(CO)C(=O)O1,6.636857033e0,1.213043481e-1,2.552692592e-1,1.276346207e0,6.758161545e0,-8.519257605e-2
train,2760,[NH-]c1[nH+]nnc(N)c1N,4.046332836e0,-4.873408377e-2,2.552692592e-1,1.276346207e0,3.997598648e0,-2.248058796e0
train,2761,CC1C2CC(C)(C)C12O,8.522605896e0,9.339303523e-2,2.552692592e-1,1.276346207e0,8.615999222e0,1.370399952e0
train,2762,N#CCCc1ccno1,6.625972271e0,-1.089327261e-1,2.552692592e-1,1.276346207e0,6.517039776e0,-2.741084397e-1
train,2763,N#CCC1=NCC([NH-])N1,6.250455379e0,2.309516519e-1,2.552692592e-1,1.276346207e0,6.481407166e0,-3.020261526e-1
train,2764,C#CC(N)c1ncco1,6.606924534e0,2.599090636e-1,2.552692592e-1,1.276346207e0,6.866833687e0,-4.931466174e-5
train,2765,O=CC1C=CC2OC12,5.714390755e0,-6.463652849e-2,2.552692592e-1,1.276346207e0,5.649754047e0,-9.536159039e-1
train,2766,OC1(CC2CC2)CC1,8.876354218e0,5.948950648e-1,2.552692592e-1,1.276346207e0,9.471249580e0,2.040477753e0
train,2767,O=C1CC2(O)C=CCC12,5.934803009e0,8.913308382e-2,2.552692592e-1,1.276346207e0,6.023936272e0,-6.604488492e-1
train,2768,CCC1OC1(C#N)CC,8.144367218e0,-4.423170686e-1,2.552692592e-1,1.276346207e0,7.702050209e0,6.543323398e-1
train,2769,O=CC1OCC1(O)C=O,5.156557560e0,2.746570669e-2,2.552692592e-1,1.276346207e0,5.184023380e0,-1.318510056e0
train,2770,CC(=O)CC1NC1C#N,6.389233112e0,-3.471743464e-1,2.552692592e-1,1.276346207e0,6.042058945e0,-6.462499499e-1
train,2771,Cn1cc(N)nn1,5.864053726e0,8.773235232e-2,2.552692592e-1,1.276346207e0,5.951786041e0,-7.169776559e-1
train,2772,C#CC12C[NH+]1C(C)(C)C2,6.922576904e0,1.961393803e-1,2.552692592e-1,1.276346207e0,7.118716240e0,1.972974986e-1
train,2773,O=CCc1cnco1,5.616430283e0,-3.396462202e-1,2.552692592e-1,1.276346207e0,5.276783943e0,-1.245833278e0
train,2774,[NH-]c1nc(O)n[cH+]o1,5.194653511e0,3.778182268e-1,2.552692592e-1,1.276346207e0,5.572471619e0,-1.014165759e0
train,2775,CC(O)C#CCC=O,6.002831459e0,1.270514131e-1,2.552692592e-1,1.276346207e0,6.129882812e0,-5.774410367e-1
train,2776,O=CC1CCC=CCC1,5.986505032e0,-1.067907214e-1,2.552692592e-1,1.276346207e0,5.879714489e0,-7.734448314e-1
train,2777,CC(C)c1ccn(C)n1,7.006931782e0,2.165038511e-2,2.552692592e-1,1.276346207e0,7.028582096e0,1.266785264e-1
train,2778,C1=CC2OC23C=CC1C3,5.907591820e0,-1.869444698e-1,2.552692592e-1,1.276346207e0,5.720647335e0,-8.980719447e-1
train,2779,C#CC1(CCC)OC1C,7.766129494e0,-3.748938069e-2,2.552692592e-1,1.276346207e0,7.728640079e0,6.751651764e-1
train,2780,CC(O)C1(O)C(C)C1C,8.440972328e0,1.622079313e-1,2.552692592e-1,1.276346207e0,8.603179932e0,1.360356092e0
train,2781,CC(C)C1(C)NC1CO,8.533491135e0,3.920545429e-2,2.552692592e-1,1.276346207e0,8.572696686e0,1.336472869e0
train,2782,CC12C(=O)[CH-]C3CC1C32,4.372869492e0,1.274752021e-1,2.552692592e-1,1.276346207e0,4.500344753e0,-1.854163647e0
train,2783,CC1C2COC12,8.566143990e0,-2.308202833e-1,2.552692592e-1,1.276346207e0,8.335323334e0,1.150493860e0
train,2784,CCOCC1CCC1O,8.715806961e0,1.150931045e-1,2.552692592e-1,1.276346207e0,8.830900192e0,1.538772106e0
train,2785,CCC12C=CC(C1)C2C,6.432771206e0,-1.982221603e-1,2.552692592e-1,1.276346207e0,6.234549046e0,-4.954364002e-1
train,2786,C#CC1=CCOC1=O,5.415065765e0,-4.623689950e-1,2.552692592e-1,1.276346207e0,4.952696800e0,-1.499751568e0
train,2787,C#Cc1nc(C)[nH]c1O,5.891264915e0,-2.761267824e-3,2.552692592e-1,1.276346207e0,5.888503551e0,-7.665587068e-1
train,2788,CC12CCC1(C)C2C=O,6.117119789e0,1.872636825e-1,2.552692592e-1,1.276346207e0,6.304383278e0,-4.407221377e-1
train,2789,O=COCC(=O)N1CC1,6.677673817e0,-5.125542879e-1,2.552692592e-1,1.276346207e0,6.165119648e0,-5.498334169e-1
train,2790,CC1C2CC3(CO3)C12O,8.538932800e0,-9.179098904e-2,2.552692592e-1,1.276346207e0,8.447141647e0,1.238102078e0
train,2791,NC1=NC(CO)COC1,6.832778931e0,-2.240698338e-1,2.552692592e-1,1.276346207e0,6.608709335e0,-2.022864968e-1
train,2792,N#CC12CC(O)C1C2,7.850484848e0,1.518576685e-2,2.552692592e-1,1.276346207e0,7.865670681e0,7.825269103e-1
train,2793,c1cnc2cn[nH]c2c1,5.279008865e0,-3.104928434e-1,2.552692592e-1,1.276346207e0,4.968515873e0,-1.487357497e0
train,2794,C#CC12CC1N[CH+][NH2+]2,6.729375839e0,9.617041796e-2,2.552692592e-1,1.276346207e0,6.825546265e0,-3.239748999e-2
train,2795,O=CC1(O)C2C3C[NH+]2C31,5.469488621e0,-1.108611003e-1,2.552692592e-1,1.276346207e0,5.358627319e0,-1.181710005e0
train,2796,C#CCOC,7.861369133e0,2.757398188e-1,2.552692592e-1,1.276346207e0,8.137108803e0,9.951952696e-1
train,2797,C[NH2+]C1CCN1C(N)=O,6.593318939e0,3.105317056e-1,2.552692592e-1,1.276346207e0,6.903850555e0,2.895293757e-2
train,2798,OCc1cnc2n1CC2,6.625972271e0,6.059553940e-3,2.552692592e-1,1.276346207e0,6.632031918e0,-1.840135455e-1
train,2799,[NH-]c1[nH]c(N)cc(=O)[nH+]1,5.630035877e0,3.317112029e-1,2.552692592e-1,1.276346207e0,5.961747169e0,-7.091732025e-1
train,2800,OC1CC2CC12C1CC1,8.601518631e0,2.138617337e-1,2.552692592e-1,1.276346207e0,8.815380096e0,1.526612282e0
train,2801,[NH-]C1CC2C(O1)C1C[NH+]21,7.328026772e0,-1.380138695e-1,2.552692592e-1,1.276346207e0,7.190012932e0,2.531575561e-1
train,2802,CC1=CC([NH-])OC(=O)C1,5.866774559e0,-1.546244323e-1,2.552692592e-1,1.276346207e0,5.712150097e0,-9.047294259e-1
train,2803,Oc1ccoc1N1CC1,5.839563370e0,-4.050916433e-1,2.552692592e-1,1.276346207e0,5.434471607e0,-1.122287035e0
train,2804,COCC1CCC([NH-])O1,7.812388420e0,2.935121655e-1,2.552692592e-1,1.276346207e0,8.105900764e0,9.707441926e-1
train,2805,C1C2OC3C2C2OC1C32,8.296751022e0,1.975900084e-1,2.552692592e-1,1.276346207e0,8.494340897e0,1.275082111e0
train,2806,NC(=O)NC=O,6.585155487e0,-2.323668450e-2,2.552692592e-1,1.276346207e0,6.561918736e0,-2.389463484e-1
train,2807,COc1nn[nH]c1N,5.831399918e0,3.158856928e-1,2.552692592e-1,1.276346207e0,6.147285461e0,-5.638062954e-1
train,2808,C1C[NH2+]C2OC3C(N1)C23,5.945687771e0,7.901100814e-2,2.552692592e-1,1.276346207e0,6.024698734e0,-6.598514915e-1
train,2809,[NH3+]C1CC1(CO)C(=O)[O-],4.198717117e0,3.059782833e-2,2.552692592e-1,1.276346207e0,4.229314804e0,-2.066512108e0
train,2810,CC1=CC(=O)N2C(C)C12,5.455882549e0,-2.364107966e-1,2.552692592e-1,1.276346207e0,5.219471931e0,-1.290736556e0
train,2811,O=CC1(C=O)C[NH2+][CH+]N1,5.129346371e0,-4.289654270e-2,2.552692592e-1,1.276346207e0,5.086449623e0,-1.394957900e0
train,2812,CCCC1OCC12CO2,8.840979576e0,-4.669498801e-1,2.552692592e-1,1.276346207e0,8.374030113e0,1.180820107e0
train,2813,CNC(C#N)C1COC1,7.529390335e0,9.500298649e-2,2.552692592e-1,1.276346207e0,7.624393463e0,5.934892297e-1
train,2814,CC(C)(C)C12CC1CO2,8.370222092e0,-9.746333212e-2,2.552692592e-1,1.276346207e0,8.272758484e0,1.101475120e0
train,2815,[NH-]C1NC(=O)CNC1=O,5.845005512e0,-2.846594155e-1,2.552692592e-1,1.276346207e0,5.560346127e0,-1.023665905e0
train,2816,Cc1nnn2c1NCC2,6.119840622e0,-1.891800785e-3,2.552692592e-1,1.276346207e0,6.117949009e0,-5.867910385e-1
train,2817,NC(=O)N1C=CC2CC21,5.785140514e0,-2.458225340e-1,2.552692592e-1,1.276346207e0,5.539318085e0,-1.040141106e0
train,2818,CCC1(C=O)NC1C=O,5.575613022e0,-1.366395205e-1,2.552692592e-1,1.276346207e0,5.438973427e0,-1.118759871e0
train,2819,CCC1C2C(O)C(O)C12,8.288588524e0,5.279960036e-1,2.552692592e-1,1.276346207e0,8.816584587e0,1.527556062e0
train,2820,COC(C)COC=O,7.676331520e0,-3.714135587e-1,2.552692592e-1,1.276346207e0,7.304917812e0,3.431840837e-1
train,2821,CCn1c(O)cnc1C,6.454540730e0,1.974667460e-1,2.552692592e-1,1.276346207e0,6.652007580e0,-1.683628708e-1
train,2822,CCC1COC([NH-])C1O,7.548438072e0,4.103046060e-1,2.552692592e-1,1.276346207e0,7.958742619e0,8.554475904e-1
train,2823,[NH-]C1ONC=C[CH+]1C=O,3.861295700e0,-6.223868132e-1,2.552692592e-1,1.276346207e0,3.238908768e0,-2.842482805e0
train,2824,CC12C3[NH2+][CH+][NH+]1[CH+][NH2+]C32,5.523910999e0,-7.693874836e-2,2.552692592e-1,1.276346207e0,5.446972370e0,-1.112492800e0
train,2825,CC1CN2C(=O)C=CC12,5.602824211e0,2.333129197e-1,2.552692592e-1,1.276346207e0,5.836137295e0,-8.075869679e-1
train,2826,CC(=O)C1(O)COC1C,5.823236465e0,2.040064186e-1,2.552692592e-1,1.276346207e0,6.027242661e0,-6.578583121e-1
train,2827,C#CCOC(=O)C(C)=O,4.933423996e0,-9.395282716e-2,2.552692592e-1,1.276346207e0,4.839471340e0,-1.588462234e0
train,2828,CC1C2C(O)C3C2[NH+]13,8.157973289e0,2.035707533e-1,2.552692592e-1,1.276346207e0,8.361543655e0,1.171037197e0
train,2829,CC1NC1C1(C=O)CN1,6.059975624e0,9.693679214e-2,2.552692592e-1,1.276346207e0,6.156912327e0,-5.562638044e-1
train,2830,Cn1ccc(=O)nc1F,5.741602421e0,-8.996487409e-2,2.552692592e-1,1.276346207e0,5.651637554e0,-9.521402121e-1
train,2831,CC1NC1C(=O)C1CO1,5.635478020e0,5.607274771e-1,2.552692592e-1,1.276346207e0,6.196205616e0,-5.254780054e-1
train,2832,C1CC23CC2COCC13,8.960708618e0,3.671973944e-1,2.552692592e-1,1.276346207e0,9.327905655e0,1.928169608e0
train,2833,COC1(C#N)C[NH+](C)C1,6.694001198e0,-4.836983234e-2,2.552692592e-1,1.276346207e0,6.645631313e0,-1.733585894e-1
train,2834,O=CC1CCC1[NH+]1CC1,6.024600506e0,7.259694934e-1,2.552692592e-1,1.276346207e0,6.750569820e0,-9.114059061e-2
train,2835,COc1[nH]c(O)cc1O,6.182426929e0,-1.626918465e-1,2.552692592e-1,1.276346207e0,6.019734859e0,-6.637405753e-1
train,2836,N#CC12CC3CC1CC32,8.334847450e0,-4.296798110e-1,2.552692592e-1,1.276346207e0,7.905167580e0,8.134722710e-1
train,2837,[NH-][CH+]OCCCC=O,6.258618832e0,4.657137096e-1,2.552692592e-1,1.276346207e0,6.724332333e0,-1.116973385e-1
train,2838,CC(O)C(C)(O)C(C)O,8.174300194e0,1.885754764e-1,2.552692592e-1,1.276346207e0,8.362875938e0,1.172080994e0
train,2839,C1CC2CCC1O2,8.906287193e0,2.824639678e-1,2.552692592e-1,1.276346207e0,9.188751221e0,1.819143891e0
train,2840,O=CNCC12C[NH+](C1)C2,6.821894169e0,2.122511119e-1,2.552692592e-1,1.276346207e0,7.034145355e0,1.310372800e-1
train,2841,COCCN(C)C(N)=O,7.923955917e0,-2.992714047e-1,2.552692592e-1,1.276346207e0,7.624684334e0,5.937171578e-1
train,2842,O=C1C=CNCCCC1,4.903491497e0,-5.424898863e-1,2.552692592e-1,1.276346207e0,4.361001492e0,-1.963337302e0
train,2843,C1=CCC2(C=CC1)CO2,6.873596191e0,-2.769633234e-1,2.552692592e-1,1.276346207e0,6.596632957e0,-2.117481977e-1
train,2844,CO[CH+][NH2+]C(C)(C)CO,7.328026772e0,1.080202758e-1,2.552692592e-1,1.276346207e0,7.436047077e0,4.459222257e-1
train,2845,[NH-][CH+]OC1CC2NC21,7.189248085e0,9.083455056e-2,2.552692592e-1,1.276346207e0,7.280082703e0,3.237260878e-1
train,2846,C[NH+]1CC2(CO2)C1,8.079060555e0,1.798645593e-2,2.552692592e-1,1.276346207e0,8.097046852e0,9.638072252e-1
train,2847,C1=CC2OC1C1OC21,6.615087986e0,2.082174867e-1,2.552692592e-1,1.276346207e0,6.823305607e0,-3.415301815e-2
train,2848,C[NH+]1C(C=O)C1(C)C=O,4.979683399e0,-1.883774400e-1,2.552692592e-1,1.276346207e0,4.791306019e0,-1.626199126e0
train,2849,NC1[NH2+]CC2[NH2+][CH+]OC12,6.764750481e0,1.760907918e-1,2.552692592e-1,1.276346207e0,6.940841198e0,5.793464184e-2
train,2850,COC1=NCC([NH-])N1,6.596040249e0,2.544192597e-2,2.552692592e-1,1.276346207e0,6.621482372e0,-1.922789812e-1
train,2851,C1=CC2CC3CC1C2O3,6.840942383e0,-3.811253468e-3,2.552692592e-1,1.276346207e0,6.837131023e0,-2.332097851e-2
train,2852,CCC1(CC)CCC1O,8.900844574e0,-6.422791481e-1,2.552692592e-1,1.276346207e0,8.258565903e0,1.090355396e0
train,2853,N#CC1(O)C2OCOC21,6.933460712e0,-3.201418221e-1,2.552692592e-1,1.276346207e0,6.613318920e0,-1.986749470e-1
train,2854,CC1OCOC(=O)C1N,6.658626080e0,-5.314979553e-1,2.552692592e-1,1.276346207e0,6.127128124e0,-5.795993209e-1
train,2855,CC(C(=O)CO)[NH+]1CC1,6.182426929e0,3.929074407e-1,2.552692592e-1,1.276346207e0,6.575334549e0,-2.284352332e-1
train,2856,O=C1CC2C(CO)[NH+]2C1,5.602824211e0,1.019894034e-1,2.552692592e-1,1.276346207e0,5.704813480e0,-9.104775190e-1
train,2857,CC12CCC(C1)NC2=O,7.230065346e0,2.530002296e-1,2.552692592e-1,1.276346207e0,7.483065605e0,4.827606380e-1
train,2858,CC1(O)C2CC1N2C=O,6.811009407e0,-1.977838278e-1,2.552692592e-1,1.276346207e0,6.613225460e0,-1.987481713e-1
train,2859,CC1OCC2(CO)OC12,8.846421242e0,2.925015055e-2,2.552692592e-1,1.276346207e0,8.875671387e0,1.573849797e0
train,2860,OC1C2[CH-]C3C4C1C2C34,4.862674713e0,1.534675434e-2,2.552692592e-1,1.276346207e0,4.878021240e0,-1.558258891e0
train,2861,CC(C)C1COC1(C)C,8.547096252e0,4.282844961e-1,2.552692592e-1,1.276346207e0,8.975380898e0,1.651970983e0
train,2862,CCC1C2C3CC2C13O,8.838258743e0,-8.811895549e-2,2.552692592e-1,1.276346207e0,8.750140190e0,1.475497723e0
train,2863,CNc1c[nH]c(CO)c1,5.752487183e0,-3.372776806e-1,2.552692592e-1,1.276346207e0,5.415209293e0,-1.137378812e0
train,2864,C1C2OC3C2[NH+]2C1C32,8.021917343e0,2.339054644e-2,2.552692592e-1,1.276346207e0,8.045308113e0,9.232705832e-1
train,2865,O=CC1C2C3C[NH+]1C32,5.591939926e0,4.763929546e-1,2.552692592e-1,1.276346207e0,6.068332672e0,-6.256648302e-1
train,2866,O=CC1=CNC(=O)C1=O,3.646325827e0,1.976779699e-1,2.552692592e-1,1.276346207e0,3.844003677e0,-2.368398666e0
train,2867,NC(=O)C[NH+]1CC(=O)C1,5.627314568e0,-1.315697879e-1,2.552692592e-1,1.276346207e0,5.495744705e0,-1.074280262e0
train,2868,C1C2C3C4CC3[NH+]4C12,8.751181602e0,-1.565559208e-1,2.552692592e-1,1.276346207e0,8.594625473e0,1.353653789e0
train,2869,CC1CCC(NO)C1C,6.791961670e0,-2.467192411e-1,2.552692592e-1,1.276346207e0,6.545242310e0,-2.520121038e-1
train,2870,CC(C)C1OC(=O)C1C,7.646399021e0,1.014446989e-1,2.552692592e-1,1.276346207e0,7.747843742e0,6.902109981e-1
train,2871,C#CC1COC2(CC2)C1,7.736196995e0,1.669261307e-1,2.552692592e-1,1.276346207e0,7.903122902e0,8.118702769e-1
train,2872,C#CCCNC(=O)C=O,4.759271145e0,2.370311618e-1,2.552692592e-1,1.276346207e0,4.996302128e0,-1.465587258e0
train,2873,C#CC(C)(C)O[CH+][NH-],7.684495449e0,-2.866550088e-1,2.552692592e-1,1.276346207e0,7.397840500e0,4.159878492e-1
train,2874,C#CC1(O)CC1(O)C#C,7.091287136e0,3.622151613e-1,2.552692592e-1,1.276346207e0,7.453502178e0,4.595980644e-1
train,2875,C#CCC1CC(C)(C)C1,8.487231255e0,4.233283103e-1,2.552692592e-1,1.276346207e0,8.910559654e0,1.601184249e0
train,2876,[NH-]C1OC2CC(O)C12,7.548438072e0,-7.452212274e-2,2.552692592e-1,1.276346207e0,7.473916054e0,4.755920768e-1
train,2877,C[NH+]1CC1(C=O)C1CN1,5.298057079e0,2.677238882e-1,2.552692592e-1,1.276346207e0,5.565781116e0,-1.019407630e0
train,2878,CC12CC3COC1C2O3,8.220560074e0,4.729288816e-2,2.552692592e-1,1.276346207e0,8.267852783e0,1.097631574e0
train,2879,OCCCCC(F)(F)F,9.349832535e0,2.998613939e-2,2.552692592e-1,1.276346207e0,9.379818916e0,1.968842983e0
train,2880,CC(=O)C1(C)CCC1O,5.948409081e0,3.385267854e-1,2.552692592e-1,1.276346207e0,6.286935806e0,-4.543920159e-1
train,2881,CCCC#CC(=O)CC,5.703506470e0,-3.628406674e-2,2.552692592e-1,1.276346207e0,5.667222500e0,-9.399296045e-1
train,2882,COC1(C)COC12CC2,8.193347931e0,2.540802024e-2,2.552692592e-1,1.276346207e0,8.218755722e0,1.059164643e0
train,2883,C#CC1(C)COC1[NH2+]C,7.382448673e0,-2.137592882e-1,2.552692592e-1,1.276346207e0,7.168689251e0,2.364507318e-1
train,2884,N#CC1OC(=O)C1N,6.721211910e0,-2.601554990e-1,2.552692592e-1,1.276346207e0,6.461056232e0,-3.179708421e-1
train,2885,CC1(C2COCO2)CO1,9.257313728e0,1.333286166e-1,2.552692592e-1,1.276346207e0,9.390642166e0,1.977322936e0
train,2886,[NH-]C1OC2C3CC1C2O3,7.518506050e0,-6.977437735e-1,2.552692592e-1,1.276346207e0,6.820762157e0,-3.614578024e-2
train,2887,[H]N=C(NC=O)OC,6.783798695e0,-2.820714191e-2,2.552692592e-1,1.276346207e0,6.755591393e0,-8.720625192e-2
train,2888,CCc1nn(C)cc1C,6.791961670e0,-2.491840348e-2,2.552692592e-1,1.276346207e0,6.767043114e0,-7.823397219e-2
train,2889,O=CCNc1ccoc1,4.748386860e0,1.358921677e-1,2.552692592e-1,1.276346207e0,4.884279251e0,-1.553355813e0
train,2890,CC#CC1(O)CCC1,7.635515213e0,-2.059931010e-1,2.552692592e-1,1.276346207e0,7.429522038e0,4.408099353e-1
train,2891,CC1=CC2OC2C1(C)C,6.596040249e0,-2.463056296e-1,2.552692592e-1,1.276346207e0,6.349734783e0,-4.051898122e-1
train,2892,CC(C=O)c1cnc[nH]1,4.756549835e0,4.449421912e-2,2.552692592e-1,1.276346207e0,4.801043987e0,-1.618569613e0
train,2893,CC12C=CCC3OC1C32,6.435492516e0,-2.023881972e-1,2.552692592e-1,1.276346207e0,6.233104229e0,-4.965683818e-1
train,2894,C[NH+]1CC2OC2(CO)C1,7.189248085e0,1.507522613e-1,2.552692592e-1,1.276346207e0,7.340000153e0,3.706706762e-1
train,2895,C#CC1CC2OC3C1C23,7.738917828e0,-1.041710302e-1,2.552692592e-1,1.276346207e0,7.634747028e0,6.016011238e-1
train,2896,O=CC1C(C=O)N1C=O,5.523910999e0,-1.058066562e-1,2.552692592e-1,1.276346207e0,5.418104172e0,-1.135110736e0
train,2897,CC1CC=CCC1,7.292651653e0,3.939617872e-1,2.552692592e-1,1.276346207e0,7.686613560e0,6.422379017e-1
train,2898,C#CC1(O)C(O)C1(C)C,6.816452026e0,-3.718670309e-1,2.552692592e-1,1.276346207e0,6.444584846e0,-3.308759630e-1
train,2899,O=C1C=C2CCCC2O1,6.125282764e0,-1.218451709e-1,2.552692592e-1,1.276346207e0,6.003437519e0,-6.765093803e-1
train,2900,N#CCCOCC(N)=O,7.513063908e0,-3.035188913e-1,2.552692592e-1,1.276346207e0,7.209545135e0,2.684608102e-1
train,2901,N#CCCCOC(N)=O,8.416481972e0,1.498213559e-1,2.552692592e-1,1.276346207e0,8.566303253e0,1.331463695e0
train,2902,CCC1NC1(C)C1CN1,8.283145905e0,-2.494643182e-1,2.552692592e-1,1.276346207e0,8.033681870e0,9.141615629e-1
train,2903,CC1(C)OCC=CC1=O,4.810973167e0,3.551584184e-1,2.552692592e-1,1.276346207e0,5.166131496e0,-1.332528114e0
train,2904,C#Cc1[nH]ncc1N,5.107577324e0,-1.999305934e-1,2.552692592e-1,1.276346207e0,4.907646656e0,-1.535047770e0
train,2905,O=Cc1ccoc(=O)n1,4.269466400e0,5.121995881e-2,2.552692592e-1,1.276346207e0,4.320686340e0,-1.994923711e0
train,2906,C#CC(C)(CC)C1CC1,8.606961250e0,-2.379380316e-1,2.552692592e-1,1.276346207e0,8.369023323e0,1.176897407e0
train,2907,CC(C)C1CCOC=N1,7.333467960e0,3.629564866e-2,2.552692592e-1,1.276346207e0,7.369763374e0,3.939897716e-1
train,2908,[NH-]C1CC2OCC2O1,7.774292946e0,-4.973847046e-2,2.552692592e-1,1.276346207e0,7.724554539e0,6.719641685e-1
train,2909,N#CC1(C2CO2)CCC1,8.446413994e0,1.341053247e-1,2.552692592e-1,1.276346207e0,8.580519676e0,1.342602134e0
train,2910,CC1C2CC3OC1C32,8.549818039e0,3.544197883e-3,2.552692592e-1,1.276346207e0,8.553361893e0,1.321324348e0
train,2911,CCCC12COCC1C2,9.047785759e0,-4.468180835e-1,2.552692592e-1,1.276346207e0,8.600967407e0,1.358622670e0
train,2912,CC#CC1OCC2CC21,7.847763538e0,3.053247929e-1,2.552692592e-1,1.276346207e0,8.153088570e0,1.007715225e0
train,2913,O=C(CO)C1OC1CO,6.206917286e0,1.272492409e-1,2.552692592e-1,1.276346207e0,6.334166527e0,-4.173873365e-1
train,2914,CC(O)C1COC1C,8.329405785e0,-2.219719142e-1,2.552692592e-1,1.276346207e0,8.107434273e0,9.719456434e-1
train,2915,CC1NC12CC1C(O)C12,7.970214844e0,-1.463110000e-1,2.552692592e-1,1.276346207e0,7.823904037e0,7.498033047e-1
train,2916,CC(=O)N(C)CC1CO1,7.262719154e0,3.974590898e-1,2.552692592e-1,1.276346207e0,7.660178185e0,6.215261221e-1
train,2917,Cc1cc(N)cc(N)c1,5.619151115e0,-3.674536645e-1,2.552692592e-1,1.276346207e0,5.251697540e0,-1.265488148e0
train,2918,O=C1OC2CC1CCO2,7.398775578e0,-4.726709798e-2,2.552692592e-1,1.276346207e0,7.351508617e0,3.796873987e-1
train,2919,NC(=O)n1cncc1N,4.838184357e0,-2.809198201e-1,2.552692592e-1,1.276346207e0,4.557264328e0,-1.809567928e0
train,2920,C#CC12CC1(O)CO2,6.508963585e0,4.505229592e-1,2.552692592e-1,1.276346207e0,6.959486485e0,7.254298776e-2
train,2921,CC12CC3C1C1(C)C2[NH+]31,8.198790550e0,-2.872456014e-1,2.552692592e-1,1.276346207e0,7.911544800e0,8.184686899e-1
train,2922,C1CC(CC2CCC2)C1,9.725349426e0,-5.244593024e-1,2.552692592e-1,1.276346207e0,9.200890541e0,1.828654885e0
train,2923,CC1(C#N)CC(NO)C1,6.721211910e0,-1.010729186e-2,2.552692592e-1,1.276346207e0,6.711104393e0,-1.220612600e-1
train,2924,CCOCC1C[NH+]1CC,8.084503174e0,-1.096977815e-1,2.552692592e-1,1.276346207e0,7.974805355e0,8.680325747e-1
train,2925,c1onc2c1NCCN2,5.880380630e0,-2.752952874e-1,2.552692592e-1,1.276346207e0,5.605085373e0,-9.886132479e-1
train,2926,C1=Cc2ocnc2CC1,4.791924953e0,-1.787931919e-1,2.552692592e-1,1.276346207e0,4.613131523e0,-1.765796661e0
train,2927,C#CC(C=O)C1CN1,5.823236465e0,3.350767791e-1,2.552692592e-1,1.276346207e0,6.158313274e0,-5.551661253e-1
train,2928,C#CC1(CC=O)CC1,5.953851223e0,-1.197826713e-1,2.552692592e-1,1.276346207e0,5.834068775e0,-8.092076182e-1
train,2929,CC(C)(C)n1cccc1,6.740260601e0,2.265101820e-1,2.552692592e-1,1.276346207e0,6.966770649e0,7.825003564e-2
train,2930,Nc1cc(C2CC2)[nH]n1,6.190590382e0,-1.471659094e-1,2.552692592e-1,1.276346207e0,6.043424606e0,-6.451799870e-1
train,2931,C#CC1(CO)COC1=O,6.979720592e0,-2.883173823e-1,2.552692592e-1,1.276346207e0,6.691403389e0,-1.374967545e-1
train,2932,[NH-]C1=CNC=NC(O)=C1,3.853132248e0,-6.306984276e-2,2.552692592e-1,1.276346207e0,3.790062428e0,-2.410660982e0
train,2933,Cc1nn(C)cc1O,6.291272163e0,-1.312449276e-1,2.552692592e-1,1.276346207e0,6.160027027e0,-5.538234711e-1
train,2934,O=C1CNCC2CCC12,5.202816963e0,-6.949760951e-3,2.552692592e-1,1.276346207e0,5.195867062e0,-1.309230685e0
train,2935,CCc1cc(O)c(C)o1,5.855890274e0,-3.668717667e-2,2.552692592e-1,1.276346207e0,5.819202900e0,-8.208548427e-1
train,2936,C#CC#CCC(=O)C#N,4.514369011e0,1.798190176e-1,2.552692592e-1,1.276346207e0,4.694188118e0,-1.702289820e0
train,2937,N#CC1C2CCCC1O2,7.532111645e0,4.563678801e-1,2.552692592e-1,1.276346207e0,7.988479614e0,8.787461519e-1
train,2938,Cc1c[nH]c(O[CH+][NH-])n1,5.910312653e0,1.692362875e-1,2.552692592e-1,1.276346207e0,6.079548836e0,-6.168770790e-1
train,2939,c1cc2c([nH]1)CCCO2,6.182426929e0,5.686267018e-1,2.552692592e-1,1.276346207e0,6.751053810e0,-9.076139331e-2
train,2940,CC1CC=CC(=O)OC1,6.005552769e0,-4.163099919e-3,2.552692592e-1,1.276346207e0,6.001389503e0,-6.781139374e-1
train,2941,CC(O)(C#N)CC1CO1,8.669547081e0,-2.626306415e-1,2.552692592e-1,1.276346207e0,8.406916618e0,1.206586361e0
train,2942,CCCNC(=O)N1CC1,7.673610687e0,9.980095178e-2,2.552692592e-1,1.276346207e0,7.773411751e0,7.102432251e-1
train,2943,CC1(C#CC#N)CC1O,6.147051811e0,2.049542069e-1,2.552692592e-1,1.276346207e0,6.352005959e0,-4.034103751e-1
train,2944,O=CC1C2COCC12O,5.942966461e0,4.532924294e-1,2.552692592e-1,1.276346207e0,6.396258831e0,-3.687388003e-1
train,2945,CCC12C(O)C3C1CC32,8.688595772e0,-5.884048343e-1,2.552692592e-1,1.276346207e0,8.100191116e0,9.662707448e-1
train,2946,O=C1CC2CCCCC12,6.049090862e0,2.296428233e-1,2.552692592e-1,1.276346207e0,6.278733730e0,-4.608182311e-1
train,2947,O=C1COC12CC1NC12,5.480372906e0,-4.442129135e-1,2.552692592e-1,1.276346207e0,5.036159992e0,-1.434359193e0
train,2948,CCC1CNC(=O)C1O,7.047749043e0,-5.726351738e-1,2.552692592e-1,1.276346207e0,6.475113869e0,-3.069568574e-1
train,2949,Nc1cc(=O)cc(N)o1,5.708949089e0,8.492644876e-2,2.552692592e-1,1.276346207e0,5.793875694e0,-8.406984210e-1
train,2950,C#CC1C(C)CN1C=O,7.118498325e0,-2.555766106e-1,2.552692592e-1,1.276346207e0,6.862921715e0,-3.114295658e-3
train,2951,CC1CC2(C)CC(O)C12,8.557980537e0,3.849504888e-1,2.552692592e-1,1.276346207e0,8.942931175e0,1.626546979e0
train,2952,CCCC(=O)CCC=O,6.201474667e0,-2.625034451e-1,2.552692592e-1,1.276346207e0,5.938971043e0,-7.270180583e-1
train,2953,CC(=O)C(O)C#CCO,6.000110626e0,4.311489407e-3,2.552692592e-1,1.276346207e0,6.004422188e0,-6.757378578e-1
train,2954,C#CC12CCC1C2C,7.273603439e0,-2.329719719e-3,2.552692592e-1,1.276346207e0,7.271273613e0,3.168242872e-1
train,2955,CC12OCC3CC1C32C,8.351174355e0,-1.084640399e-1,2.552692592e-1,1.276346207e0,8.242710114e0,1.077932596e0
train,2956,CC(CO)C(C)(C)O,8.928055763e0,-2.058726549e-2,2.552692592e-1,1.276346207e0,8.907468796e0,1.598762631e0
train,2957,O=CC12C[NH+]1CCC2O,5.673573971e0,1.022008657e-1,2.552692592e-1,1.276346207e0,5.775774956e0,-8.548800945e-1
train,2958,CCCc1nc[nH]n1,7.298093796e0,5.051280260e-1,2.552692592e-1,1.276346207e0,7.803221703e0,7.335989475e-1
train,2959,OC12C=CC(C1)C1OC12,6.859990120e0,8.779264055e-3,2.552692592e-1,1.276346207e0,6.868769169e0,1.467111171e-3
train,2960,C1CC2OC23COC3[NH2+]1,6.813731194e0,1.011982188e-1,2.552692592e-1,1.276346207e0,6.914929390e0,3.763306513e-2
train,2961,Nc1n[nH]c(=O)nc1N,4.666752815e0,-1.972945631e-1,2.552692592e-1,1.276346207e0,4.469458103e0,-1.878363013e0
train,2962,OC12CCCC(C1)C2,8.813768387e0,3.751512170e-1,2.552692592e-1,1.276346207e0,9.188920021e0,1.819276094e0
train,2963,N#CC12CC1CO2,6.914412975e0,8.400832862e-2,2.552692592e-1,1.276346207e0,6.998421192e0,1.030478403e-1
train,2964,O=C1CCC2CC2C1,6.095350742e0,-1.585074365e-1,2.552692592e-1,1.276346207e0,5.936843395e0,-7.286850214e-1
train,2965,O=CCc1ncncn1,5.401460171e0,-5.875311419e-2,2.552692592e-1,1.276346207e0,5.342707157e0,-1.194183350e0
train,2966,Nc1c[nH]nc1CO,5.934803009e0,1.240269020e-1,2.552692592e-1,1.276346207e0,6.058829784e0,-6.331102252e-1
train,2967,COCC1C2C[NH+]1C2,8.343010902e0,-1.107272878e-1,2.552692592e-1,1.276346207e0,8.232283592e0,1.069763541e0
train,2968,O=C1CC2CC(N1)C2O,7.202853680e0,-2.038015872e-1,2.552692592e-1,1.276346207e0,6.999052048e0,1.035421118e-1
train,2969,CC1C[NH+]2C(C)C12CO,8.272260666e0,3.568223119e-1,2.552692592e-1,1.276346207e0,8.629082680e0,1.380650640e0
train,2970,O=C1CC2CNC(=O)C12,5.815073013e0,-7.948947698e-2,2.552692592e-1,1.276346207e0,5.735583305e0,-8.863697648e-1
train,2971,O=C1NCC2NC12CO,6.996047020e0,2.949372232e-1,2.552692592e-1,1.276346207e0,7.290984154e0,3.322672546e-1
train,2972,CC(C)C1OC1(C)C#N,8.130762100e0,6.228529811e-1,2.552692592e-1,1.276346207e0,8.753615379e0,1.478220463e0
train,2973,CC1COCC12CCO2,8.353896141e0,-5.521788001e-1,2.552692592e-1,1.276346207e0,7.801717281e0,7.324202061e-1
train,2974,CNC(=O)C1CN1,7.363400936e0,-1.618046910e-1,2.552692592e-1,1.276346207e0,7.201596260e0,2.622329593e-1
train,2975,[H]N=C(C=O)N1CCC1=O,5.216422558e0,-3.155836463e-1,2.552692592e-1,1.276346207e0,4.900838852e0,-1.540381551e0
train,2976,O=C1NCC(O)CO1,8.193347931e0,-1.365895718e-1,2.552692592e-1,1.276346207e0,8.056757927e0,9.322413802e-1
train,2977,CC(O)C12COC(C1)C2,8.068176270e0,-1.168083698e-1,2.552692592e-1,1.276346207e0,7.951367855e0,8.496695757e-1
train,2978,COC12CC1COC2C,9.047785759e0,-2.374500781e-1,2.552692592e-1,1.276346207e0,8.810336113e0,1.522660375e0
train,2979,CC12C(O)COC1C2O,8.628729820e0,3.649900556e-1,2.552692592e-1,1.276346207e0,8.993720055e0,1.666339397e0
train,2980,CCC12CCC1C2OC,8.808325768e0,-2.764624357e-1,2.552692592e-1,1.276346207e0,8.531863213e0,1.304480433e0
train,2981,C#CCC#CC,7.894023418e0,2.860821411e-2,2.552692592e-1,1.276346207e0,7.922631741e0,8.271551728e-1
train,2982,C#Cc1cc[nH]c1C,5.896707535e0,1.906151175e-1,2.552692592e-1,1.276346207e0,6.087322712e0,-6.107863784e-1
train,2983,CC1OCC2CC(=O)C21,5.793303967e0,-2.474841177e-1,2.552692592e-1,1.276346207e0,5.545819759e0,-1.035047174e0
train,2984,C1=C2[CH+][NH2+][CH+]C2=CON1,4.073544502e0,-4.801729321e-2,2.552692592e-1,1.276346207e0,4.025527000e0,-2.226177454e0
train,2985,N#CCNC=O,7.542996407e0,4.050023854e-1,2.552692592e-1,1.276346207e0,7.947999001e0,8.470301032e-1
train,2986,C#CCC1OCC1C#N,7.385169983e0,-8.759947121e-2,2.552692592e-1,1.276346207e0,7.297570705e0,3.374277353e-1
train,2987,O=COC12C[NH+]3CC1C32,6.394675732e0,-3.331262469e-1,2.552692592e-1,1.276346207e0,6.061549664e0,-6.309792399e-1
train,2988,O=CC(O)C12CC[NH+]1C2,5.575613022e0,-6.297311932e-2,2.552692592e-1,1.276346207e0,5.512639999e0,-1.061043024e0
train,2989,OC1C2C3C=CC1(O)C32,6.440935135e0,5.236724615e-1,2.552692592e-1,1.276346207e0,6.964607716e0,7.655540854e-2
train,2990,C1CC23COC24CC3C14,8.043685913e0,5.618560910e-1,2.552692592e-1,1.276346207e0,8.605542183e0,1.362206936e0
train,2991,CC1(C=O)COCCN1,5.379690647e0,-2.326306999e-1,2.552692592e-1,1.276346207e0,5.147059917e0,-1.347470403e0
train,2992,Cc1nc(F)c[nH]c1=O,4.348379135e0,-1.305138469e-1,2.552692592e-1,1.276346207e0,4.217865467e0,-2.075482607e0
train,2993,C1=CC2OC2(C2CC2)C1,6.623250961e0,5.057965517e-1,2.552692592e-1,1.276346207e0,7.129047394e0,2.053918242e-1
train,2994,CC#CC1(C#N)CC1O,7.172921181e0,1.809761114e-2,2.552692592e-1,1.276346207e0,7.191018581e0,2.539454699e-1
train,2995,C1NC12C1NC2C12CN2,8.223280907e0,-6.354509294e-2,2.552692592e-1,1.276346207e0,8.159735680e0,1.012923121e0
train,2996,C1CCC2(CC1)CCC2,9.510379791e0,1.019207463e-1,2.552692592e-1,1.276346207e0,9.612300873e0,2.150989771e0
train,2997,c1nnn2c1CNCC2,6.816452026e0,-1.362907439e-1,2.552692592e-1,1.276346207e0,6.680161476e0,-1.463046521e-1
train,2998,Cc1c(C=O)c[nH]c1O,4.661310196e0,6.338529289e-2,2.552692592e-1,1.276346207e0,4.724695683e0,-1.678387523e0
train,2999,C1C2OC1C1C3CC1C23,8.315798759e0,-3.911554217e-1,2.552692592e-1,1.276346207e0,7.924643517e0,8.287314177e-1
train,3000,OC1CC2C3C1[NH2+][CH+][NH+]23,6.288550854e0,4.150185883e-1,2.552692592e-1,1.276346207e0,6.703569412e0,-1.279648244e-1
train,3001,O=C1CC(C(F)(F)F)C1,6.111677170e0,-1.266586632e-1,2.552692592e-1,1.276346207e0,5.985018730e0,-6.909402609e-1
train,3002,OC1C2[CH-]C3COC3C12,5.975620270e0,1.623300761e-1,2.552692592e-1,1.276346207e0,6.137950420e0,-5.711202025e-1
train,3003,C[NH+]1C=C(C(=O)[O-])CC1,4.179668903e0,5.884279013e-1,2.552692592e-1,1.276346207e0,4.768096924e0,-1.644383192e0
train,3004,CC1C(C)(C)C1(C)C=O,6.206917286e0,1.056565568e-1,2.552692592e-1,1.276346207e0,6.312573910e0,-4.343048930e-1
train,3005,CCCCc1ccc[nH]1,6.590597630e0,-3.010202385e-2,2.552692592e-1,1.276346207e0,6.560495377e0,-2.400615364e-1
train,3006,CCC1(C#N)CC([NH-])O1,7.630072594e0,2.080356777e-1,2.552692592e-1,1.276346207e0,7.838108063e0,7.609319687e-1
train,3007,O=C1CC2CN12,6.470867634e0,-1.120719463e-1,2.552692592e-1,1.276346207e0,6.358795643e0,-3.980907500e-1
train,3008,C#CCC12CC1CCO2,7.689937115e0,-1.603286117e-1,2.552692592e-1,1.276346207e0,7.529608727e0,5.192266107e-1
train,3009,COc1nc[nH]c1C#N,5.412344456e0,3.501027822e-1,2.552692592e-1,1.276346207e0,5.762447357e0,-8.653221130e-1
train,3010,C#CC12CC(C=O)C1N2,5.455882549e0,2.389053553e-1,2.552692592e-1,1.276346207e0,5.694787979e0,-9.183323979e-1
train,3011,O=CC12NC1CNC2=O,5.447719574e0,-4.622180387e-2,2.552692592e-1,1.276346207e0,5.401497841e0,-1.148121595e0
train,3012,CC1CC(C)C2(O)CC12,8.821931839e0,1.285545975e-1,2.552692592e-1,1.276346207e0,8.950486183e0,1.632466197e0
train,3013,N#CC1CCC(O)C1,8.732133865e0,2.085460424e-1,2.552692592e-1,1.276346207e0,8.940679550e0,1.624782801e0
train,3014,O=C1C=CC2C(O)C2O1,5.706227779e0,3.187881112e-1,2.552692592e-1,1.276346207e0,6.025015831e0,-6.596029997e-1
train,3015,CC1OC(=O)C(C=O)O1,6.008274078e0,-2.718062997e-1,2.552692592e-1,1.276346207e0,5.736467838e0,-8.856767416e-1
train,3016,OC1[CH-]C2CC3(O)C1C23,4.849069118e0,-4.877530038e-1,2.552692592e-1,1.276346207e0,4.361316204e0,-1.963090777e0
train,3017,CC1CCC=C2CCC21,6.944345474e0,1.160841659e-1,2.552692592e-1,1.276346207e0,7.060429573e0,1.516306251e-1
train,3018,C#CC(C)(O)C1CC1C,8.100829124e0,4.591959715e-2,2.552692592e-1,1.276346207e0,8.146748543e0,1.002747893e0
train,3019,CC1(C)CC1C1CCC1,9.115814209e0,-7.774533331e-2,2.552692592e-1,1.276346207e0,9.038068771e0,1.701086044e0
train,3020,C#CC(C)CC(C)=O,6.261340141e0,4.238804281e-1,2.552692592e-1,1.276346207e0,6.685220718e0,-1.423407942e-1
train,3021,[NH-]C1OC2C=CCC2O1,6.590597630e0,3.303763866e-1,2.552692592e-1,1.276346207e0,6.920973778e0,4.236876592e-2
train,3022,CC12CC(C1)C1(C)C[NH+]21,8.751181602e0,-4.448844790e-1,2.552692592e-1,1.276346207e0,8.306297302e0,1.127752304e0
train,3023,CC1C2CC(=O)C1O2,5.763371468e0,-3.713090420e-1,2.552692592e-1,1.276346207e0,5.392062187e0,-1.155514240e0
train,3024,O=CNC1=NCCNC1,5.477651596e0,1.603266001e-1,2.552692592e-1,1.276346207e0,5.637978077e0,-9.628422260e-1
train,3025,OC1C2C=CC3C1C23,6.356579781e0,-4.495488014e-3,2.552692592e-1,1.276346207e0,6.352084160e0,-4.033491015e-1
train,3026,OC1C(O)C23CC(C2)C13,7.638236046e0,4.328235686e-1,2.552692592e-1,1.276346207e0,8.071059227e0,9.434462786e-1
train,3027,C1OCC(C2CC2)CO1,9.262756348e0,7.097030431e-2,2.552692592e-1,1.276346207e0,9.333726883e0,1.932730556e0
train,3028,C#CC1C2NC2C2C[NH+]12,7.447756290e0,-1.221967163e-3,2.552692592e-1,1.276346207e0,7.446534157e0,4.541387260e-1
train,3029,CNC1CCOC1C#N,6.887201786e0,2.136285454e-1,2.552692592e-1,1.276346207e0,7.100830555e0,1.832842976e-1
train,3030,CCn1nncc1N,6.400117874e0,5.100680888e-2,2.552692592e-1,1.276346207e0,6.451124668e0,-3.257521093e-1
train,3031,C[NH2+]C1CC(C2CC2)O1,7.605582714e0,-3.493726850e-1,2.552692592e-1,1.276346207e0,7.256209850e0,3.050220311e-1
train,3032,CCn1nnc(NC)n1,5.638199329e0,8.695237339e-3,2.552692592e-1,1.276346207e0,5.646894455e0,-9.558563828e-1
train,3033,CN=CNc1ccno1,5.586497784e0,-2.518625557e-1,2.552692592e-1,1.276346207e0,5.334635258e0,-1.200507522e0
train,3034,CNC1=CC=NC(N)O1,4.873559475e0,4.924485087e-2,2.552692592e-1,1.276346207e0,4.922804356e0,-1.523171902e0
train,3035,CC1CCC=CC1(C)O,7.025979519e0,3.070546128e-2,2.552692592e-1,1.276346207e0,7.056684971e0,1.486967802e-1
train,3036,N#CC1C2CC(C2)C1O,8.348453522e0,7.553844154e-2,2.552692592e-1,1.276346207e0,8.423992157e0,1.219964743e0
train,3037,CC12CCOCCC1C2,8.715806961e0,-3.126171529e-1,2.552692592e-1,1.276346207e0,8.403189659e0,1.203666329e0
train,3038,CC12NC1C1(C)NC21C,7.191968918e0,1.310300380e-1,2.552692592e-1,1.276346207e0,7.322999001e0,3.573504686e-1
train,3039,CCC#CC(=O)CC,5.700785160e0,2.739708722e-1,2.552692592e-1,1.276346207e0,5.974756241e0,-6.989808083e-1
train,3040,O=C1CCC(=O)C2NC12,5.812351704e0,-1.313860118e-1,2.552692592e-1,1.276346207e0,5.680965900e0,-9.291618466e-1
train,3041,c1cnc2cc[nH]c2c1,5.268124104e0,-3.290090859e-1,2.552692592e-1,1.276346207e0,4.939115047e0,-1.510392666e0
train,3042,CCCC1(C)CC1CO,9.085882187e0,2.911613882e-1,2.552692592e-1,1.276346207e0,9.377043724e0,1.966668725e0
train,3043,O=C1C=CC2NC(=O)C12,5.009616375e0,1.544356793e-1,2.552692592e-1,1.276346207e0,5.164052010e0,-1.334157348e0
train,3044,NC(=O)C1CO[CH+][NH2+]1,6.830057621e0,9.026744962e-2,2.552692592e-1,1.276346207e0,6.920325279e0,4.186067730e-2
train,3045,O=C1CCC12C[NH2+][CH+]O2,5.499421120e0,-7.159645110e-2,2.552692592e-1,1.276346207e0,5.427824497e0,-1.127494931e0
train,3046,[NH-]c1c(O)c[nH+]nc1N,4.430013657e0,-5.178755522e-1,2.552692592e-1,1.276346207e0,3.912137985e0,-2.315016270e0
train,3047,COC12C3NC1C2C3O,7.959330082e0,-1.993390918e-1,2.552692592e-1,1.276346207e0,7.759991169e0,6.997283697e-1
train,3048,CC(C)c1oncc1N,5.692621708e0,9.290140122e-2,2.552692592e-1,1.276346207e0,5.785522938e0,-8.472427130e-1
train,3049,CC(C)C1(C=O)CC1C,6.228686333e0,-6.154901534e-2,2.552692592e-1,1.276346207e0,6.167137146e0,-5.482527614e-1
train,3050,c1occ2c1C1CC2O1,6.694001198e0,-9.808680415e-2,2.552692592e-1,1.276346207e0,6.595914364e0,-2.123111933e-1
train,3051,[CH+]1[NH2+]C(CC2CO2)CO1,7.328026772e0,-1.391853243e-1,2.552692592e-1,1.276346207e0,7.188841343e0,2.522396445e-1
train,3052,Cc1cc(=O)n(C)nn1,4.938866615e0,2.919462025e-1,2.552692592e-1,1.276346207e0,5.230813026e0,-1.281850934e0
train,3053,CC1C=C(C(=O)[O-])C[NH2+]1,4.108919144e0,-2.319509834e-1,2.552692592e-1,1.276346207e0,3.876968145e0,-2.342571497e0
train,3054,COCC(C)(O)C(C)=O,6.193311214e0,-2.937445939e-1,2.552692592e-1,1.276346207e0,5.899566650e0,-7.578908801e-1
train,3055,CC(O)CC1CC(=O)O1,7.777014256e0,-8.737567812e-2,2.552692592e-1,1.276346207e0,7.689638615e0,6.446080208e-1
train,3056,CC12CC(O1)C(C)(C)C2,8.849142075e0,1.449809643e-3,2.552692592e-1,1.276346207e0,8.850591660e0,1.554200172e0
train,3057,CC1CCC1CC=O,6.198753357e0,2.497026175e-1,2.552692592e-1,1.276346207e0,6.448455811e0,-3.278431296e-1
train,3058,CCC1C2CC2C2CC12,8.653220177e0,4.842943847e-1,2.552692592e-1,1.276346207e0,9.137514114e0,1.779000282e0
train,3059,CN1CC(O)(CO)C1=O,7.088566303e0,4.669920355e-2,2.552692592e-1,1.276346207e0,7.135265350e0,2.102635205e-1
train,3060,NC(=O)C(C=O)CCO,5.864053726e0,-8.391819894e-2,2.552692592e-1,1.276346207e0,5.780135632e0,-8.514635563e-1
train,3061,N#CC1=NCCCO1,6.277666569e0,-2.363782143e-3,2.552692592e-1,1.276346207e0,6.275302887e0,-4.635062516e-1
train,3062,CCC12CC1(O)C(C)O2,8.016474724e0,-1.816948950e-1,2.552692592e-1,1.276346207e0,7.834779739e0,7.583242655e-1
train,3063,COC(=O)C1CN1C=O,6.411002159e0,2.875434458e-1,2.552692592e-1,1.276346207e0,6.698545456e0,-1.319010258e-1
train,3064,CC1C(NC=O)C1(C)O,7.115777493e0,-2.387392074e-1,2.552692592e-1,1.276346207e0,6.877038479e0,7.946011610e-3
train,3065,CCC1=CCCC(O)C1,7.055912018e0,-2.290294617e-1,2.552692592e-1,1.276346207e0,6.826882362e0,-3.135067597e-2
train,3066,N#CC[NH+]1C2CC3C2C31,6.985162735e0,-9.103862941e-2,2.552692592e-1,1.276346207e0,6.894124031e0,2.133232728e-2
train,3067,N#Cc1cc(N)c(O)[nH]1,5.259960651e0,-6.890354306e-2,2.552692592e-1,1.276346207e0,5.191057205e0,-1.312999129e0
train,3068,CC1=CC(C)NCC1=O,4.914376259e0,-4.119565487e-1,2.552692592e-1,1.276346207e0,4.502419472e0,-1.852538109e0
train,3069,CC1(C)OC1C#CCO,7.186526775e0,-2.189844698e-1,2.552692592e-1,1.276346207e0,6.967542171e0,7.885451615e-2
train,3070,O=C1C2OC3C2C2C3N12,5.820515633e0,2.157873102e-2,2.552692592e-1,1.276346207e0,5.842094421e0,-8.029196262e-1
train,3071,CN1C(=O)CC1(C)C=O,5.657247066e0,-2.153479308e-1,2.552692592e-1,1.276346207e0,5.441899300e0,-1.116467476e0
train,3072,N#CC(N)c1ncco1,6.514405727e0,-2.273206711e-1,2.552692592e-1,1.276346207e0,6.287085056e0,-4.542750716e-1
train,3073,C#CC1C(C)C1C(N)=O,6.870874882e0,2.021175325e-1,2.552692592e-1,1.276346207e0,7.072992325e0,1.614733934e-1
train,3074,CC12CC(O)C=CC1O2,6.389233112e0,1.772913337e-1,2.552692592e-1,1.276346207e0,6.566524506e0,-2.353377789e-1
train,3075,C#CC(C)(C)OCCC,8.076338768e0,-2.342568338e-1,2.552692592e-1,1.276346207e0,7.842082024e0,7.640454769e-1
train,3076,CC1C=CC(=O)C2C[NH+]12,4.887165070e0,-4.492652044e-2,2.552692592e-1,1.276346207e0,4.842238426e0,-1.586294293e0
train,3077,CC1C[NH+]1C1COC1=O,6.419166088e0,1.146850437e-1,2.552692592e-1,1.276346207e0,6.533851147e0,-2.609369457e-1
train,3078,CCc1c[nH]nc1NC,6.176984310e0,3.865474463e-1,2.552692592e-1,1.276346207e0,6.563531876e0,-2.376824766e-1
train,3079,O=CNCc1ncco1,6.609645367e0,-3.491640389e-1,2.552692592e-1,1.276346207e0,6.260481358e0,-4.751187563e-1
train,3080,N#CC#CC1(C#N)CO1,6.100792408e0,-3.243756890e-1,2.552692592e-1,1.276346207e0,5.776416779e0,-8.543772697e-1
train,3081,O=Cc1ccc(C=O)o1,4.606887817e0,-2.469253838e-1,2.552692592e-1,1.276346207e0,4.359962463e0,-1.964151382e0
train,3082,C#CC1CC2(C)C(C)C12,8.051848412e0,4.110195041e-1,2.552692592e-1,1.276346207e0,8.462867737e0,1.250423312e0
train,3083,O=CC[NH+]1C2CC3C2C31,5.466767311e0,-2.031863928e-1,2.552692592e-1,1.276346207e0,5.263580799e0,-1.256177783e0
train,3084,CC12CC3CC3CC1O2,8.805603981e0,4.233418405e-1,2.552692592e-1,1.276346207e0,9.228945732e0,1.850635767e0
train,3085,CC(O)COCC1CC1,8.634172440e0,1.617164016e-1,2.552692592e-1,1.276346207e0,8.795888901e0,1.511341214e0
train,3086,CCCCC(O)CO,8.628729820e0,4.767188430e-2,2.552692592e-1,1.276346207e0,8.676402092e0,1.417724848e0
train,3087,CCCC(=O)C1COC1,6.266781807e0,2.377003059e-2,2.552692592e-1,1.276346207e0,6.290551662e0,-4.515590370e-1
train,3088,CCCC1(COC)CN1,8.577029228e0,2.224471867e-1,2.552692592e-1,1.276346207e0,8.799476624e0,1.514152169e0
train,3089,CC1(C2COC2)CCC1,8.585191727e0,-1.488270462e-1,2.552692592e-1,1.276346207e0,8.436365128e0,1.229658842e0
train,3090,C#CC(C#N)NC,6.982441425e0,4.982701540e-1,2.552692592e-1,1.276346207e0,7.480711460e0,4.809162021e-1
train,3091,O=CC1N=COC2CC12,5.861332417e0,-5.206653848e-2,2.552692592e-1,1.276346207e0,5.809266090e0,-8.286402225e-1
train,3092,Cc1cnc(C2CO2)[nH]1,6.253176689e0,3.891932592e-2,2.552692592e-1,1.276346207e0,6.292096138e0,-4.503489733e-1
train,3093,C#CC12C[NH+]3CCC1C32,7.107614040e0,-2.574939132e-1,2.552692592e-1,1.276346207e0,6.850120068e0,-1.314422488e-2
train,3094,O=COCC1CO1,7.646399021e0,4.315353632e-1,2.552692592e-1,1.276346207e0,8.077934265e0,9.488327503e-1
train,3095,CC12CC(C=O)OC1C2,5.717112064e0,1.441887617e-1,2.552692592e-1,1.276346207e0,5.861300945e0,-7.878715992e-1
train,3096,N#CC(O)CO[CH+][NH-],7.295372486e0,-1.917378753e-1,2.552692592e-1,1.276346207e0,7.103634834e0,1.854814142e-1
train,3097,CC#CC1CC(=O)N1C,7.431428909e0,-3.416543901e-1,2.552692592e-1,1.276346207e0,7.089774609e0,1.746220887e-1
train,3098,CCCNc1cnno1,5.692621708e0,-1.817819290e-2,2.552692592e-1,1.276346207e0,5.674443722e0,-9.342718720e-1
train,3099,CC(C)[NH2+]C(C)OC=O,6.538896084e0,-9.204127640e-2,2.552692592e-1,1.276346207e0,6.446854591e0,-3.290976584e-1
train,3100,O=C1COCCC2CN12,6.446377277e0,-3.043392599e-1,2.552692592e-1,1.276346207e0,6.142037868e0,-5.679177046e-1
train,3101,C1OC2OC3C1C1C2C31,8.786556244e0,2.201364748e-2,2.552692592e-1,1.276346207e0,8.808569908e0,1.521276593e0
train,3102,CC12OC3C(O)C1OC32,7.774292946e0,3.399411440e-1,2.552692592e-1,1.276346207e0,8.114233971e0,9.772731066e-1
train,3103,Nc1nnn(CC=O)n1,5.287172318e0,-1.823484451e-1,2.552692592e-1,1.276346207e0,5.104824066e0,-1.380561709e0
train,3104,N#CC1C2C3CC3C[NH+]12,6.723933220e0,3.177509010e-1,2.552692592e-1,1.276346207e0,7.041684151e0,1.369438320e-1
train,3105,CCCn1cc(O)cn1,6.296714783e0,-1.331563741e-1,2.552692592e-1,1.276346207e0,6.163558483e0,-5.510566235e-1
train,3106,N#CC#CC(=O)CO,5.058596611e0,3.312622011e-1,2.552692592e-1,1.276346207e0,5.389858723e0,-1.157240629e0
train,3107,CC1C2[NH+]1CC21CCC1,8.206954002e0,2.633426897e-2,2.552692592e-1,1.276346207e0,8.233287811e0,1.070550323e0
train,3108,[H]N=CNc1cc(C)co1,5.368806362e0,1.024988946e-2,2.552692592e-1,1.276346207e0,5.379056454e0,-1.165704131e0
train,3109,C#CC1CC2CC1C2O,8.084503174e0,9.609390050e-2,2.552692592e-1,1.276346207e0,8.180597305e0,1.029268026e0
train,3110,CC1(CC=O)COC1=O,6.106235027e0,-4.301606119e-1,2.552692592e-1,1.276346207e0,5.676074505e0,-9.329941869e-1
train,3111,N#CC1(CO)C[NH2+][CH+]O1,7.341631889e0,7.064968348e-2,2.552692592e-1,1.276346207e0,7.412281513e0,4.273022115e-1
train,3112,CCOCC1C(C)C1O,8.511721611e0,-7.228624821e-2,2.552692592e-1,1.276346207e0,8.439435005e0,1.232064009e0
train,3113,OC12C3NC1C1C([NH2+]3)C12,4.367427349e0,3.861939609e-1,2.552692592e-1,1.276346207e0,4.753621101e0,-1.655724764e0
train,3114,CC(=O)CC(C)(O)C#N,6.307599545e0,-4.951404631e-1,2.552692592e-1,1.276346207e0,5.812458992e0,-8.261386156e-1
train,3115,CCC12OC1C[NH2+]C2N,6.737539291e0,-6.573188305e-1,2.552692592e-1,1.276346207e0,6.080220222e0,-6.163510680e-1
train,3116,CC1OC2[NH2+]CCC12C,7.121219635e0,-6.427177042e-2,2.552692592e-1,1.276346207e0,7.056947708e0,1.489026248e-1
train,3117,OC1C=CC2CC(C1)O2,6.397397041e0,2.552168965e-1,2.552692592e-1,1.276346207e0,6.652614117e0,-1.678876579e-1
train,3118,CC1C[NH+]1C1CC1O,8.294030190e0,-3.662508726e-2,2.552692592e-1,1.276346207e0,8.257405281e0,1.089446068e0
train,3119,CNc1occ(O)c1C,5.921197414e0,3.492134809e-1,2.552692592e-1,1.276346207e0,6.270411015e0,-4.673389792e-1
train,3120,c1c[nH]c(C2CC2)n1,6.620530128e0,-1.878656745e-1,2.552692592e-1,1.276346207e0,6.432664394e0,-3.402155042e-1
train,3121,[NH-]c1[nH]c(=O)[nH+]cc1O,5.164721012e0,-2.375100851e-1,2.552692592e-1,1.276346207e0,4.927210808e0,-1.519719481e0
train,3122,[NH-][CH+]OC(=O)CC(N)=O,5.866774559e0,6.946465466e-3,2.552692592e-1,1.276346207e0,5.873721123e0,-7.781405449e-1
train,3123,OC12COC3OCC1C32,8.615124702e0,1.119064912e-2,2.552692592e-1,1.276346207e0,8.626315117e0,1.378482223e0
train,3124,CC(CO)CC1(O)CC1,8.242328644e0,1.037123501e-1,2.552692592e-1,1.276346207e0,8.346040726e0,1.158890843e0
train,3125,CC1(C#CCO)CN1,7.382448673e0,-1.985677928e-1,2.552692592e-1,1.276346207e0,7.183880806e0,2.483531237e-1
train,3126,CCCC1(C#N)CC1,8.710365295e0,3.133597374e-1,2.552692592e-1,1.276346207e0,9.023725510e0,1.689848304e0
train,3127,CC1(O)C(=O)N2CC21,6.030043125e0,-2.612546682e-1,2.552692592e-1,1.276346207e0,5.768788338e0,-8.603540659e-1
train,3128,CNC1(C#N)C[NH+]2CC21,6.979720592e0,-1.831378639e-1,2.552692592e-1,1.276346207e0,6.796582699e0,-5.509008095e-2
train,3129,CC1=CC2C3NC1C23O,6.223243713e0,3.806215525e-1,2.552692592e-1,1.276346207e0,6.603865147e0,-2.060818672e-1
train,3130,CC12CC(C1)N2C(N)=O,7.458641052e0,1.529719085e-1,2.552692592e-1,1.276346207e0,7.611612797e0,5.834757686e-1
train,3131,CCOC(C)(C)C(C)O,8.661384583e0,-6.731306016e-2,2.552692592e-1,1.276346207e0,8.594071388e0,1.353219748e0
train,3132,COC1C2CC1C1OC21,9.023295403e0,5.277657881e-2,2.552692592e-1,1.276346207e0,9.076071739e0,1.730860949e0
train,3133,COCC(C)(C=O)OC,5.815073013e0,-9.424335323e-3,2.552692592e-1,1.276346207e0,5.805648804e0,-8.314743638e-1
train,3134,CCC1CC2OC(C)C12,8.383827209e0,-1.520255208e-1,2.552692592e-1,1.276346207e0,8.231801987e0,1.069386244e0
train,3135,C[NH2+][CH+]OCCO,7.469525814e0,-9.789633006e-2,2.552692592e-1,1.276346207e0,7.371629715e0,3.954520226e-1
train,3136,C#CC(O)C1CC1C#C,7.494016171e0,-2.178200036e-1,2.552692592e-1,1.276346207e0,7.276196003e0,3.206809163e-1
train,3137,CCC1Cn2ncnc21,7.423265934e0,2.779963017e-1,2.552692592e-1,1.276346207e0,7.701262474e0,6.537151337e-1
train,3138,CC(=O)NCC1CN1,7.488573551e0,-1.933909953e-1,2.552692592e-1,1.276346207e0,7.295182705e0,3.355567455e-1
train,3139,CC#CC1CC(=O)O1,7.439593315e0,-2.819195092e-1,2.552692592e-1,1.276346207e0,7.157673836e0,2.278202921e-1
train,3140,C#CC(C)C1CC1C,8.481788635e0,-1.237161383e-1,2.552692592e-1,1.276346207e0,8.358072281e0,1.168317437e0
train,3141,CC1(C)C2CC3CC1[NH+]32,8.103550911e0,1.756911278e-1,2.552692592e-1,1.276346207e0,8.279241562e0,1.106554508e0
train,3142,CCC1OC2(C)C(C)C12,8.353896141e0,1.623353511e-1,2.552692592e-1,1.276346207e0,8.516231537e0,1.292233229e0
train,3143,COc1ccnc(O)n1,5.981062412e0,-3.226516247e-1,2.552692592e-1,1.276346207e0,5.658411026e0,-9.468333125e-1
train,3144,OC1C2CC3CC2OC31,8.296751022e0,6.407778244e-3,2.552692592e-1,1.276346207e0,8.303158760e0,1.125293374e0
train,3145,OC1CCC2(O)CC12O,8.250492096e0,7.146868110e-2,2.552692592e-1,1.276346207e0,8.321960449e0,1.140024185e0
train,3146,N#CC1OC([NH-])CC1N,7.115777493e0,-6.860744953e-2,2.552692592e-1,1.276346207e0,7.047170162e0,1.412420422e-1
train,3147,C[NH2+]C1OCC2CC21O,7.096729279e0,-3.163754344e-1,2.552692592e-1,1.276346207e0,6.780354023e0,-6.780504435e-2
train,3148,CNC(C#N)C1(O)CC1,7.649120808e0,3.270764053e-1,2.552692592e-1,1.276346207e0,7.976197243e0,8.691231012e-1
train,3149,C1=CC2(CCC1)CO2,6.843663692e0,-1.918553561e-1,2.552692592e-1,1.276346207e0,6.651808262e0,-1.685190350e-1
train,3150,NC1[NH2+]C2CC(O1)C2=O,5.178326607e0,-4.724492133e-1,2.552692592e-1,1.276346207e0,4.705877304e0,-1.693131447e0
train,3151,CC12COCC1(O)CO2,8.157973289e0,-1.246920153e-1,2.552692592e-1,1.276346207e0,8.033281326e0,9.138477445e-1
train,3152,CC(C=O)CC1CC1C,6.136167526e0,-3.752337024e-2,2.552692592e-1,1.276346207e0,6.098644257e0,-6.019160748e-1
train,3153,CCC1C(C)C1C1CO1,9.091323853e0,2.103466839e-1,2.552692592e-1,1.276346207e0,9.301670074e0,1.907614350e0
train,3154,CC12CC3(CO3)CC1N2,8.772951126e0,2.492946386e-1,2.552692592e-1,1.276346207e0,9.022245407e0,1.688688636e0
train,3155,N#CC1OC12C=CCC2,6.650462627e0,3.244254589e-1,2.552692592e-1,1.276346207e0,6.974887848e0,8.460976183e-2
train,3156,CC1OC2C(C=O)CC12,5.904870510e0,2.669166625e-1,2.552692592e-1,1.276346207e0,6.171787262e0,-5.446094275e-1
train,3157,CC1(C)COC1C1CN1,8.419202805e0,4.177493975e-2,2.552692592e-1,1.276346207e0,8.460977554e0,1.248942375e0
train,3158,COCC(N)=O,7.450477123e0,3.722377717e-1,2.552692592e-1,1.276346207e0,7.822714806e0,7.488715053e-1
train,3159,CC(O)c1ocnc1O,5.891264915e0,1.388231963e-1,2.552692592e-1,1.276346207e0,6.030087948e0,-6.556290984e-1
train,3160,CC1CC2(C)OC3C1C32,8.351174355e0,4.238068461e-1,2.552692592e-1,1.276346207e0,8.774981499e0,1.494960546e0
train,3161,N#CC1CC2C=CC1C2,6.982441425e0,4.399431869e-2,2.552692592e-1,1.276346207e0,7.026435852e0,1.249969751e-1
train,3162,OC1C2C=CC=CC1O2,4.644983292e0,-4.125381354e-3,2.552692592e-1,1.276346207e0,4.640857697e0,-1.744073510e0
train,3163,C[NH2+]C1NC(C)[NH2+]C1C,6.095350742e0,-6.834248453e-2,2.552692592e-1,1.276346207e0,6.027008057e0,-6.580421329e-1
train,3164,NC(=O)c1c[nH]cc1O,5.036827564e0,1.750974804e-1,2.552692592e-1,1.276346207e0,5.211925030e0,-1.296649456e0
train,3165,Nc1nccnc1CO,4.998731613e0,2.449745089e-1,2.552692592e-1,1.276346207e0,5.243706226e0,-1.271749258e0
train,3166,CC1(C)C(=O)CC2NC21,6.095350742e0,2.841275334e-1,2.552692592e-1,1.276346207e0,6.379478455e0,-3.818860054e-1
train,3167,C#CC1(O)CC2NC21C,7.001489162e0,2.840382755e-1,2.552692592e-1,1.276346207e0,7.285527229e0,3.279918134e-1
train,3168,CC1OC2CC(C)C2O1,9.026016235e0,1.851376593e-1,2.552692592e-1,1.276346207e0,9.211153984e0,1.836696148e0
train,3169,Cn1ncc2[nH]ccc21,5.766092300e0,1.490843296e-1,2.552692592e-1,1.276346207e0,5.915176392e0,-7.456608415e-1
train,3170,O=COC1OC2CC1C2,7.420545101e0,3.154871762e-1,2.552692592e-1,1.276346207e0,7.736032486e0,6.809570193e-1
train,3171,CC12C=CC3OC1CC32,6.625972271e0,2.699036337e-2,2.552692592e-1,1.276346207e0,6.652962685e0,-1.676145643e-1
train,3172,N#CC1=CC2CC1C2O,5.469488621e0,-4.986107051e-1,2.552692592e-1,1.276346207e0,4.970878124e0,-1.485506654e0
train,3173,C1=Cc2n[nH]cc2C1,5.684458733e0,1.966232657e-1,2.552692592e-1,1.276346207e0,5.881082058e0,-7.723733187e-1
train,3174,C#CC1C2COC(=O)C12,7.126662254e0,-7.082651258e-1,2.552692592e-1,1.276346207e0,6.418396950e0,-3.513938487e-1
train,3175,O=CCNc1c[nH]nn1,4.849069118e0,4.403667748e-1,2.552692592e-1,1.276346207e0,5.289435863e0,-1.235920668e0
train,3176,COC1CC(O)CO1,8.797441483e0,-2.535289228e-1,2.552692592e-1,1.276346207e0,8.543912888e0,1.313921213e0
train,3177,C1CC23COC2(CO1)C3,7.967494011e0,2.230743617e-1,2.552692592e-1,1.276346207e0,8.190567970e0,1.037079811e0
train,3178,C[NH2+]C1C(O)C2C(C)[NH+]12,6.386512280e0,-1.204795614e-1,2.552692592e-1,1.276346207e0,6.266032696e0,-4.707693458e-1
train,3179,CC1=CC2CC2OC1=O,5.725275517e0,2.664170787e-2,2.552692592e-1,1.276346207e0,5.751917362e0,-8.735722303e-1
train,3180,O=C1C=CC2NC2C=C1,4.835463047e0,-2.548324168e-1,2.552692592e-1,1.276346207e0,4.580630779e0,-1.791260600e0
train,3181,Nc1cc(N)cc(O)c1,6.024600506e0,-1.635346711e-1,2.552692592e-1,1.276346207e0,5.861065865e0,-7.880557775e-1
train,3182,C1CC2CC3CC(O1)C23,8.372943878e0,2.084693611e-1,2.552692592e-1,1.276346207e0,8.581413269e0,1.343302250e0
train,3183,CNc1[nH]nc(C)c1N,6.430050850e0,1.651266366e-1,2.552692592e-1,1.276346207e0,6.595177650e0,-2.128884047e-1
train,3184,O=CC1CCCC1C=O,5.855890274e0,-2.191874236e-1,2.552692592e-1,1.276346207e0,5.636703014e0,-9.638412595e-1
train,3185,CC1C2C3C([NH+]13)C21CC1,8.683153152e0,-1.510250270e-1,2.552692592e-1,1.276346207e0,8.532128334e0,1.304688096e0
train,3186,CC12C=CCC(C)(C1)C2,6.941624641e0,3.097781241e-1,2.552692592e-1,1.276346207e0,7.251402855e0,3.012557924e-1
train,3187,CC12CC3CC(C)(O1)C32,8.544375420e0,1.965892464e-1,2.552692592e-1,1.276346207e0,8.740964890e0,1.468308926e0
train,3188,CC12NC3C(C1C#N)C32,6.982441425e0,7.716380060e-2,2.552692592e-1,1.276346207e0,7.059605122e0,1.509846747e-1
train,3189,O=C1NC=CCOCO1,6.157936573e0,3.704651892e-1,2.552692592e-1,1.276346207e0,6.528401852e0,-2.652063966e-1
train,3190,COCC12CC(C)[NH+]1C2,8.285867691e0,9.033413976e-2,2.552692592e-1,1.276346207e0,8.376201630e0,1.182521462e0
train,3191,OC1C2C3CCC2(O)C13,8.751181602e0,-4.712895751e-1,2.552692592e-1,1.276346207e0,8.279891968e0,1.107064128e0
train,3192,NC1[NH2+]C2CC1OC2=O,6.299435616e0,1.932700574e-1,2.552692592e-1,1.276346207e0,6.492705822e0,-2.931737900e-1
train,3193,CC1C2CC3OC(C2)C31,8.509000778e0,6.791505218e-2,2.552692592e-1,1.276346207e0,8.576915741e0,1.339778543e0
train,3194,OCc1ncncc1F,5.714390755e0,1.568915844e-1,2.552692592e-1,1.276346207e0,5.871282578e0,-7.800511122e-1
train,3195,N#CC1NC2CC12CO,6.876317024e0,3.578765094e-1,2.552692592e-1,1.276346207e0,7.234193325e0,2.877723575e-1
train,3196,CC1CC2(O)C3NC3C12,7.864090443e0,-1.123300493e-1,2.552692592e-1,1.276346207e0,7.751760483e0,6.932796836e-1
train,3197,C#CC1(CCC)CC1C,7.967494011e0,1.937798411e-1,2.552692592e-1,1.276346207e0,8.161273956e0,1.014128327e0
train,3198,C1=CC2C3CC1OC23,6.530732632e0,-3.321871907e-2,2.552692592e-1,1.276346207e0,6.497513771e0,-2.894068360e-1
train,3199,CC1(C)CC(O)C([NH-])O1,7.793340683e0,4.802923501e-1,2.552692592e-1,1.276346207e0,8.273633003e0,1.102160215e0
train,3200,Nc1occc1N1CC1,5.869495869e0,4.671661183e-2,2.552692592e-1,1.276346207e0,5.916212559e0,-7.448490262e-1
train,3201,N#CCNc1cnoc1,5.864053726e0,7.202284783e-2,2.552692592e-1,1.276346207e0,5.936076641e0,-7.292857766e-1
train,3202,[NH-]c1[nH+]c(=O)occ1O,5.483094215e0,-1.703815348e-2,2.552692592e-1,1.276346207e0,5.466055870e0,-1.097541094e0
train,3203,O=CC12CC1CC21CC1,5.970178127e0,-3.041979671e-1,2.552692592e-1,1.276346207e0,5.665980339e0,-9.409028292e-1
train,3204,CC12CC=CCC(C1)O2,7.240949631e0,2.339710891e-1,2.552692592e-1,1.276346207e0,7.474920750e0,4.763792455e-1
train,3205,CCC1(C)NCC1NO,6.402839184e0,1.437110752e-1,2.552692592e-1,1.276346207e0,6.546550274e0,-2.509873509e-1
train,3206,[NH-]C1=NC(F)OC(=O)O1,6.593318939e0,9.865542501e-2,2.552692592e-1,1.276346207e0,6.691974163e0,-1.370495558e-1
train,3207,[NH-][CH+]OC1CC1OC=O,7.562044144e0,2.446165979e-1,2.552692592e-1,1.276346207e0,7.806660652e0,7.362933159e-1
train,3208,C#CC(O)C1(CC)CC1,8.133483887e0,6.692287922e-1,2.552692592e-1,1.276346207e0,8.802712440e0,1.516687393e0
train,3209,CCOCC1(CO)CO1,8.759345055e0,-3.203739226e-1,2.552692592e-1,1.276346207e0,8.438971519e0,1.231700897e0
train,3210,Nc1cc(N)c(C=O)[nH]1,4.560628414e0,4.240148515e-2,2.552692592e-1,1.276346207e0,4.603029728e0,-1.773711324e0
train,3211,CC1CN(C)C=C1C=O,4.726617813e0,4.554215074e-2,2.552692592e-1,1.276346207e0,4.772160053e0,-1.641199827e0
train,3212,Cc1ncc(C#N)[nH]1,5.749765873e0,-1.109039783e-1,2.552692592e-1,1.276346207e0,5.638861656e0,-9.621499777e-1
train,3213,CC1CC(C)C2CC1C2,9.700859070e0,1.558043808e-1,2.552692592e-1,1.276346207e0,9.856663704e0,2.342444897e0
train,3214,CC1OC2(C#N)C(C)C12,6.966114998e0,2.207425833e-1,2.552692592e-1,1.276346207e0,7.186857700e0,2.506854832e-1
train,3215,CC1(C)CN(C=O)[CH+][NH2+]1,6.046370029e0,-6.421832740e-2,2.552692592e-1,1.276346207e0,5.982151508e0,-6.931867003e-1
train,3216,CC(O)(CC#N)C1CO1,8.514442444e0,4.826169908e-1,2.552692592e-1,1.276346207e0,8.997059822e0,1.668956041e0
train,3217,C#CC(C)(C=O)OCC,5.583776474e0,-6.883443594e-1,2.552692592e-1,1.276346207e0,4.895431995e0,-1.544617772e0
train,3218,C#CC1CC1C(O)C#N,7.338910580e0,-3.412571847e-1,2.552692592e-1,1.276346207e0,6.997653484e0,1.024463549e-1
train,3219,C#CCCOCCC#C,8.443693161e0,1.169703230e-1,2.552692592e-1,1.276346207e0,8.560663223e0,1.327044845e0
train,3220,NC(=O)Cn1ccnn1,6.421886921e0,1.951064765e-1,2.552692592e-1,1.276346207e0,6.616993427e0,-1.957960129e-1
train,3221,COC(CC=O)C1CC1,6.035485268e0,6.865923405e-1,2.552692592e-1,1.276346207e0,6.722077370e0,-1.134640723e-1
train,3222,CC1CC=CC2CC12O,6.617809296e0,-5.998334885e-1,2.552692592e-1,1.276346207e0,6.017975807e0,-6.651188135e-1
train,3223,CC1C(O)CCC1C=O,6.136167526e0,-1.425630599e-1,2.552692592e-1,1.276346207e0,5.993604660e0,-6.842132807e-1
train,3224,C#CC1(O)COC([NH-])C1,7.333467960e0,1.058292910e-1,2.552692592e-1,1.276346207e0,7.439297199e0,4.484686553e-1
train,3225,C#CC#CC1NC1CC,5.913033962e0,-4.180544019e-1,2.552692592e-1,1.276346207e0,5.494979382e0,-1.074879885e0
train,3226,CC1C2CC(=O)C(=O)N12,4.255860806e0,-1.977379024e-1,2.552692592e-1,1.276346207e0,4.058123112e0,-2.200638771e0
train,3227,CC1C=CCNC(=O)O1,6.862711906e0,-3.306005299e-1,2.552692592e-1,1.276346207e0,6.532111168e0,-2.623001933e-1
train,3228,CCC1(COC)CC1,9.004247665e0,5.185869336e-2,2.552692592e-1,1.276346207e0,9.056106567e0,1.715218425e0
train,3229,O=CC1(C2CCO2)CC1,6.046370029e0,2.065731734e-1,2.552692592e-1,1.276346207e0,6.252943039e0,-4.810249209e-1
train,3230,N#CC1NC(C#N)C1O,6.957951069e0,-6.146645173e-2,2.552692592e-1,1.276346207e0,6.896484852e0,2.318200096e-2
train,3231,CCC1(CC)CCC1C,9.466840744e0,-3.042370379e-1,2.552692592e-1,1.276346207e0,9.162603378e0,1.798657417e0
train,3232,CCc1onnc1OC,5.344316006e0,-8.362563252e-1,2.552692592e-1,1.276346207e0,4.508059502e0,-1.848119259e0
train,3233,CC12C(O)[CH-]C3C[NH+]1C32,4.742944717e0,1.643193662e-1,2.552692592e-1,1.276346207e0,4.907264233e0,-1.535347342e0
train,3234,CNC(=O)C#CCCO,6.427329540e0,-3.657101467e-2,2.552692592e-1,1.276346207e0,6.390758514e0,-3.730482161e-1
train,3235,CC1C(O)CC2C[NH+]21,7.891301632e0,-3.297700584e-1,2.552692592e-1,1.276346207e0,7.561531544e0,5.442377329e-1
train,3236,CC1(C(=O)CO)CCC1,6.408281326e0,1.684223264e-1,2.552692592e-1,1.276346207e0,6.576703548e0,-2.273626328e-1
train,3237,CC1CC1,1.017161655e1,-2.736876309e-1,2.552692592e-1,1.276346207e0,9.897929192e0,2.374775887e0
train,3238,O=CCOC1CC2NC21,5.763371468e0,-1.947244257e-1,2.552692592e-1,1.276346207e0,5.568646908e0,-1.017162323e0
train,3239,[NH-]C1OC23CC(C2)OC13,7.172921181e0,-2.194846123e-1,2.552692592e-1,1.276346207e0,6.953436375e0,6.780280173e-2
train,3240,COC1CNCC(=O)O1,6.470867634e0,-2.880266309e-1,2.552692592e-1,1.276346207e0,6.182840824e0,-5.359491110e-1
train,3241,Cc1cnoc1C1CC1,6.166100025e0,1.990578175e-1,2.552692592e-1,1.276346207e0,6.365158081e0,-3.931058347e-1
train,3242,[NH-]c1o[cH+]nc(O)c1N,4.217764854e0,-2.037847601e-2,2.552692592e-1,1.276346207e0,4.197386265e0,-2.091527939e0
train,3243,CCOC1(C#N)COC1,7.572928429e0,5.588479042e-1,2.552692592e-1,1.276346207e0,8.131776810e0,9.910176992e-1
train,3244,N#CC1C(C#N)C1C=O,5.994668484e0,4.684326351e-1,2.552692592e-1,1.276346207e0,6.463100910e0,-3.163688779e-1
train,3245,CC12CC(CC=O)C1N2,6.171542168e0,-3.198308349e-1,2.552692592e-1,1.276346207e0,5.851711273e0,-7.953849435e-1
train,3246,C1=CC2OC2COCC1,6.386512280e0,-2.763952315e-1,2.552692592e-1,1.276346207e0,6.110116959e0,-5.929273367e-1
train,3247,CC1CC2(C)NC2CO1,8.372943878e0,-3.104870617e-1,2.552692592e-1,1.276346207e0,8.062457085e0,9.367066026e-1
train,3248,CC12NC1(C)C(O)C2=O,6.024600506e0,3.841452897e-1,2.552692592e-1,1.276346207e0,6.408745766e0,-3.589554429e-1
train,3249,CC12OC1CCC2=O,5.787861824e0,-1.560474783e-1,2.552692592e-1,1.276346207e0,5.631814480e0,-9.676713347e-1
train,3250,O=CNCc1ncno1,6.065417767e0,-3.070447147e-1,2.552692592e-1,1.276346207e0,5.758373260e0,-8.685141206e-1
train,3251,COC(=O)N(C)CCO,8.030079842e0,-1.046608761e-1,2.552692592e-1,1.276346207e0,7.925418854e0,8.293388486e-1
train,3252,C#CC1CCC1C(C)=O,6.215080738e0,-1.320311278e-1,2.552692592e-1,1.276346207e0,6.083049774e0,-6.141341329e-1
train,3253,O=CC1(O)CC1C1CN1,5.493978977e0,-3.540690243e-1,2.552692592e-1,1.276346207e0,5.139909744e0,-1.353072524e0
train,3254,COCC1C[NH+]1CC=O,5.953851223e0,-6.948544085e-2,2.552692592e-1,1.276346207e0,5.884365559e0,-7.698007226e-1
train,3255,CC(=O)NC(C)CO,7.545717239e0,3.182173371e-1,2.552692592e-1,1.276346207e0,7.863934517e0,7.811666727e-1
train,3256,OCC12CC1CC1NC12,8.449134827e0,2.550742328e-1,2.552692592e-1,1.276346207e0,8.704209328e0,1.439511418e0
train,3257,Cc1cnc(C#N)[nH]1,5.548401356e0,-8.420462161e-2,2.552692592e-1,1.276346207e0,5.464196682e0,-1.098997831e0
train,3258,C[NH+](C)C1CC1(N)C#N,7.118498325e0,2.422995567e-1,2.552692592e-1,1.276346207e0,7.360797882e0,3.869654238e-1
train,3259,OC12COC1CC1CC12,8.555259705e0,9.733404219e-2,2.552692592e-1,1.276346207e0,8.652593613e0,1.399071097e0
train,3260,C#CCCC(F)(F)F,8.674989700e0,-2.535939515e-1,2.552692592e-1,1.276346207e0,8.421395302e0,1.217930198e0
train,3261,Cc1cncn1CCO,6.680395126e0,1.658020467e-1,2.552692592e-1,1.276346207e0,6.846197128e0,-1.621779986e-2
train,3262,Cc1n[nH]cc1C(C)C,7.039586067e0,-5.344685633e-3,2.552692592e-1,1.276346207e0,7.034241199e0,1.311123669e-1
train,3263,CC1CC2C(CO)C2C1,8.791998863e0,2.794381976e-1,2.552692592e-1,1.276346207e0,9.071436882e0,1.727229595e0
train,3264,CC1C2CC3(C)C2C13C,8.778392792e0,-2.091852725e-1,2.552692592e-1,1.276346207e0,8.569207191e0,1.333738923e0
train,3265,CCCC1(C=O)OC1C,5.956572056e0,8.536042273e-2,2.552692592e-1,1.276346207e0,6.041932583e0,-6.463489532e-1
train,3266,CCC12OC1(C)C1NC12,8.544375420e0,2.353253812e-1,2.552692592e-1,1.276346207e0,8.779701233e0,1.498658419e0
train,3267,CC(C)(O)C1(C#N)CC1,8.645057678e0,-3.699097782e-2,2.552692592e-1,1.276346207e0,8.608066559e0,1.364184737e0
train,3268,Nc1c(O)c[nH]c1CO,6.108956337e0,3.357406259e-1,2.552692592e-1,1.276346207e0,6.444696903e0,-3.307881653e-1
train,3269,COC12CCCC1(C)C2,8.949825287e0,6.900304556e-2,2.552692592e-1,1.276346207e0,9.018828392e0,1.686011553e0
train,3270,COC([NH-])COCCO,7.915791988e0,-2.072936893e-1,2.552692592e-1,1.276346207e0,7.708498478e0,6.593844891e-1
train,3271,CC1CC1[NH+]1CC1(C)C,8.332126617e0,1.312776804e-1,2.552692592e-1,1.276346207e0,8.463404655e0,1.250844002e0
train,3272,[H]N=CN1CC(C)(C)C1=O,6.157936573e0,5.949291587e-2,2.552692592e-1,1.276346207e0,6.217429638e0,-5.088492036e-1
train,3273,C#CC(N)c1ncc[nH]1,6.617809296e0,-1.443511695e-1,2.552692592e-1,1.276346207e0,6.473458290e0,-3.082540035e-1
train,3274,N#Cc1n[nH]cc1C=O,5.401460171e0,3.252482414e-2,2.552692592e-1,1.276346207e0,5.433984756e0,-1.122668505e0
train,3275,CC1C=CC2OCC12C,6.821894169e0,1.790672243e-1,2.552692592e-1,1.276346207e0,7.000961304e0,1.050379872e-1
train,3276,CC1CC(O)C1CO,8.468183517e0,6.046347022e-1,2.552692592e-1,1.276346207e0,9.072817802e0,1.728311539e0
train,3277,CC1CC(=O)C(C)C1,6.035485268e0,1.054649577e-1,2.552692592e-1,1.276346207e0,6.140950203e0,-5.687699318e-1
train,3278,CC12C3CC1C2(CO)C3,8.372943878e0,4.338998348e-2,2.552692592e-1,1.276346207e0,8.416334152e0,1.213964820e0
train,3279,N#CC1CC2(CCO2)C1,7.850484848e0,-2.857241631e-1,2.552692592e-1,1.276346207e0,7.564760685e0,5.467677116e-1
train,3280,CNc1nn[nH]c1N,6.212359428e0,5.650431514e-1,2.552692592e-1,1.276346207e0,6.777402401e0,-7.011760026e-2
train,3281,CCOc1cc(C)c[nH]1,6.604203224e0,1.725779027e-1,2.552692592e-1,1.276346207e0,6.776781082e0,-7.060439885e-2
train,3282,C#CC1CCC2C[NH+]12,7.572928429e0,1.153364256e-1,2.552692592e-1,1.276346207e0,7.688264847e0,6.435316801e-1
train,3283,OC1CC2C3C4C1C4[NH+]23,7.665446758e0,7.194637787e-3,2.552692592e-1,1.276346207e0,7.672641277e0,6.312907934e-1
train,3284,CC1(NC=O)CCC1=O,5.847726822e0,-6.131834164e-2,2.552692592e-1,1.276346207e0,5.786408424e0,-8.465489149e-1
train,3285,COc1coc(N)n1,6.076302528e0,1.326372325e-1,2.552692592e-1,1.276346207e0,6.208939552e0,-5.155010819e-1
train,3286,CC1(O)CC2C(O)C21,8.375664711e0,-1.258237362e-1,2.552692592e-1,1.276346207e0,8.249840736e0,1.083519340e0
train,3287,CC1C2NCC(=O)OC12,6.645020485e0,2.430073619e-1,2.552692592e-1,1.276346207e0,6.888027668e0,1.655590348e-2
train,3288,OCC1C=CC2OCC12,6.854547501e0,4.310544729e-1,2.552692592e-1,1.276346207e0,7.285602093e0,3.280504644e-1
train,3289,CCC1C(C)C1COC,8.860027313e0,3.233503550e-2,2.552692592e-1,1.276346207e0,8.892362595e0,1.586927176e0
train,3290,N#Cc1nc(CO)c[nH]1,5.545680046e0,-1.061417982e-1,2.552692592e-1,1.276346207e0,5.439538479e0,-1.118317127e0
train,3291,CC#CC[NH+]1CC1CO,7.270882130e0,-3.127616346e-1,2.552692592e-1,1.276346207e0,6.958120346e0,7.147263736e-2
train,3292,O=CCC(=O)N1CCC1,5.926640034e0,-5.140720010e-1,2.552692592e-1,1.276346207e0,5.412568092e0,-1.139448166e0
train,3293,C#CC1(O)CC2CCC21,7.708985806e0,2.404906750e-1,2.552692592e-1,1.276346207e0,7.949476242e0,8.481875062e-1
train,3294,CC1CC2C(C(N)=O)[NH+]12,7.099450111e0,3.257847726e-1,2.552692592e-1,1.276346207e0,7.425234795e0,4.374509454e-1
train,3295,C#CC(CCO)C1CO1,8.163415909e0,4.764072001e-1,2.552692592e-1,1.276346207e0,8.639822960e0,1.389065504e0
train,3296,O=CCOc1cn[nH]c1,5.088529110e0,2.917005420e-1,2.552692592e-1,1.276346207e0,5.380229473e0,-1.164785028e0
train,3297,C[NH2+]C1OC2C(C)C12N,6.658626080e0,1.981794685e-1,2.552692592e-1,1.276346207e0,6.856805325e0,-7.906410843e-3
train,3298,N#CC(N)C[NH+]1CCC1,7.156594753e0,-2.112756371e-1,2.552692592e-1,1.276346207e0,6.945319176e0,6.144307926e-2
train,3299,C#CC(CC#N)CC#N,7.896743774e0,-1.552671492e-1,2.552692592e-1,1.276346207e0,7.741476536e0,6.852223873e-1
train,3300,O=C1NC2C(CO)NC12,6.808288574e0,1.448971629e-1,2.552692592e-1,1.276346207e0,6.953185558e0,6.760629267e-2
train,3301,CC1(C)C2CC3(CO3)C21,9.026016235e0,-1.398594379e-1,2.552692592e-1,1.276346207e0,8.886157036e0,1.582065105e0
train,3302,COC1CCC[NH+]2CC12,8.081781387e0,-4.884988815e-2,2.552692592e-1,1.276346207e0,8.032931328e0,9.135735631e-1
train,3303,O=CC1CCNC(=O)N1,5.491257668e0,-8.406819403e-2,2.552692592e-1,1.276346207e0,5.407189369e0,-1.143662333e0
train,3304,COCCC(O)C1CC1,8.770229340e0,-1.412926316e-1,2.552692592e-1,1.276346207e0,8.628936768e0,1.380536318e0
train,3305,C#CC12CC3C[NH+]1C32,7.325304985e0,-1.871359795e-1,2.552692592e-1,1.276346207e0,7.138168812e0,2.125383466e-1
train,3306,O=C1C=CC23COC12C3,4.906212807e0,2.661522329e-1,2.552692592e-1,1.276346207e0,5.172365189e0,-1.327644110e0
train,3307,Cc1cc(N)n(C)c1O,6.157936573e0,-2.068548650e-1,2.552692592e-1,1.276346207e0,5.951081753e0,-7.175294757e-1
train,3308,CC1C([NH-])OC1CC=O,6.119840622e0,-3.764099777e-1,2.552692592e-1,1.276346207e0,5.743430614e0,-8.802214861e-1
train,3309,CC1C2CC(O)C12C=O,6.114398479e0,2.615206642e-3,2.552692592e-1,1.276346207e0,6.117013454e0,-5.875240564e-1
train,3310,C#CC1C2CCCC12O,7.627351284e0,3.392092767e-4,2.552692592e-1,1.276346207e0,7.627690315e0,5.960723162e-1
train,3311,COCC12C=CC(C1)O2,6.454540730e0,-1.149127856e-1,2.552692592e-1,1.276346207e0,6.339627743e0,-4.131085575e-1
train,3312,CC#CCOC,7.719869614e0,-3.802704811e-2,2.552692592e-1,1.276346207e0,7.681842804e0,6.385000944e-1
train,3313,CCC1CC(C)C1CO,9.080439568e0,-1.672076620e-2,2.552692592e-1,1.276346207e0,9.063718796e0,1.721182585e0
train,3314,CC1(C)CC(C2CO2)C1,9.306294441e0,1.754046530e-1,2.552692592e-1,1.276346207e0,9.481698990e0,2.048664808e0
train,3315,COC(=O)C(O)C1CO1,7.148430824e0,1.866073310e-1,2.552692592e-1,1.276346207e0,7.335038185e0,3.667830229e-1
train,3316,OC1C2CC3NC3C1O2,8.108993530e0,1.035435051e-1,2.552692592e-1,1.276346207e0,8.212536812e0,1.054292202e0
train,3317,C#CC1C=CCNC1=O,6.674952984e0,-2.128652334e-1,2.552692592e-1,1.276346207e0,6.462087631e0,-3.171627522e-1
train,3318,CCOc1cc(O)c[nH]1,6.457261562e0,8.688143641e-2,2.552692592e-1,1.276346207e0,6.544143200e0,-2.528732419e-1
train,3319,Cc1n[nH]c2ncoc12,5.845005512e0,-1.102886125e-1,2.552692592e-1,1.276346207e0,5.734716892e0,-8.870486021e-1
train,3320,CC1(O)C(=O)C2NC21,5.785140514e0,-1.654781997e-1,2.552692592e-1,1.276346207e0,5.619662285e0,-9.771924615e-1
train,3321,C#CC1CCCC1(C)C,8.375664711e0,2.967076600e-1,2.552692592e-1,1.276346207e0,8.672372818e0,1.414567947e0
train,3322,O=C(NC1CC1)C1CO1,7.020537376e0,-3.204696253e-2,2.552692592e-1,1.276346207e0,6.988490582e0,9.526733309e-2
train,3323,C1NC1C12COCC1O2,8.476346970e0,-3.240914643e-2,2.552692592e-1,1.276346207e0,8.443938255e0,1.235592246e0
train,3324,O=C1[CH+][NH+]2CCC2[CH-]1,3.942929745e0,-2.918886840e-1,2.552692592e-1,1.276346207e0,3.651041031e0,-2.519582510e0
train,3325,O=CC1=CC(=O)C(=O)C1,3.219106913e0,2.425088882e-1,2.552692592e-1,1.276346207e0,3.461615801e0,-2.667994738e0
train,3326,COC1CC(C(N)=O)C1,7.415102959e0,-1.342278253e-2,2.552692592e-1,1.276346207e0,7.401679993e0,4.189960361e-1
train,3327,Cc1ncoc1CC#N,6.511684418e0,2.278591096e-1,2.552692592e-1,1.276346207e0,6.739543438e0,-9.977962822e-2
train,3328,CC1C(=O)C2(C)C[NH+]1C2,5.542959213e0,1.233978420e-1,2.552692592e-1,1.276346207e0,5.666357040e0,-9.406076670e-1
train,3329,C#CC1(C#N)NC2CC21,6.394675732e0,3.120828271e-1,2.552692592e-1,1.276346207e0,6.706758499e0,-1.254662126e-1
train,3330,CCc1c(O)c[nH]c1C,6.228686333e0,-3.477469087e-1,2.552692592e-1,1.276346207e0,5.880939484e0,-7.724850178e-1
train,3331,CC(=O)C1CCOC1C,6.228686333e0,2.421251386e-1,2.552692592e-1,1.276346207e0,6.470811367e0,-3.103278279e-1
train,3332,N#CCC1COC2CC12,7.513063908e0,-3.606783748e-1,2.552692592e-1,1.276346207e0,7.152385712e0,2.236771137e-1
train,3333,O=C1C2CC3C[NH+]2C13,6.065417767e0,1.707520336e-1,2.552692592e-1,1.276346207e0,6.236169815e0,-4.941665232e-1
train,3334,COC1CC2OC[CH-]C12,6.364743233e0,-1.761949211e-1,2.552692592e-1,1.276346207e0,6.188548088e0,-5.314775705e-1
train,3335,CC1CC2(O)C(=O)NC12,7.137547016e0,5.533722695e-3,2.552692592e-1,1.276346207e0,7.143080711e0,2.163867503e-1
train,3336,C#CC(C)[NH+]1CC1CO,7.164757729e0,-2.391987592e-1,2.552692592e-1,1.276346207e0,6.925559044e0,4.596126452e-2
train,3337,C1C2C3CC4(CO4)C1[NH+]23,8.451856613e0,-3.123859167e-1,2.552692592e-1,1.276346207e0,8.139471054e0,9.970460534e-1
train,3338,OCC1[NH+]2CCC12CO,8.261377335e0,2.373369485e-1,2.552692592e-1,1.276346207e0,8.498714447e0,1.278508782e0
train,3339,CC1(O)C(O)C12CCO2,7.597418785e0,1.259363145e-1,2.552692592e-1,1.276346207e0,7.723355293e0,6.710246205e-1
train,3340,CC12OC1C1(O)COC12,8.027358055e0,2.024899423e-1,2.552692592e-1,1.276346207e0,8.229847908e0,1.067855239e0
train,3341,[NH-]C1NC2C(N)C12O,6.783798695e0,1.069585904e-1,2.552692592e-1,1.276346207e0,6.890757084e0,1.869436540e-2
train,3342,[NH-]C1=C(N)C=C(N)NO1,4.585118771e0,-3.846649528e-1,2.552692592e-1,1.276346207e0,4.200453758e0,-2.089124441e0
train,3343,C#CCC1NC1COC,8.212396622e0,-6.440648437e-2,2.552692592e-1,1.276346207e0,8.147990227e0,1.003720760e0
train,3344,CC1(C2CCC2=O)CN1,5.967456818e0,-5.265700221e-1,2.552692592e-1,1.276346207e0,5.440886974e0,-1.117260695e0
train,3345,CCC(CO)C(=O)NC,7.523947716e0,-4.842287302e-1,2.552692592e-1,1.276346207e0,7.039719105e0,1.354042441e-1
train,3346,CC1C[NH+]1CCOC=O,6.840942383e0,-2.704688907e-1,2.552692592e-1,1.276346207e0,6.570473671e0,-2.322436571e-1
train,3347,Cc1coc(=O)c(C)n1,4.585118771e0,5.007200316e-2,2.552692592e-1,1.276346207e0,4.635190964e0,-1.748513341e0
train,3348,c1ccc2[nH]nnc2c1,5.404181004e0,-1.499900669e-1,2.552692592e-1,1.276346207e0,5.254190922e0,-1.263534665e0
train,3349,NC(=O)C1(N)CNC1=O,6.563386440e0,5.241294578e-2,2.552692592e-1,1.276346207e0,6.615799427e0,-1.967315078e-1
train,3350,N#CC12C3[CH-]CC1C2C3,4.854511261e0,-1.460653096e-1,2.552692592e-1,1.276346207e0,4.708446026e0,-1.691118956e0
train,3351,C#CC1=CCC2CC1C2,5.510305405e0,1.115892828e-1,2.552692592e-1,1.276346207e0,5.621894836e0,-9.754432440e-1
train,3352,OC1C2(O)CCC1(O)C2,8.465462685e0,-8.762536049e-1,2.552692592e-1,1.276346207e0,7.589209080e0,5.659227371e-1
train,3353,CC1(C2CN2)C=CCO1,6.751144886e0,1.207987517e-1,2.552692592e-1,1.276346207e0,6.871943474e0,3.954139072e-3
train,3354,CC1NC12C(=O)CC2O,5.738881111e0,1.705373824e-1,2.552692592e-1,1.276346207e0,5.909418583e0,-7.501720190e-1
train,3355,C#CC1(C)[NH+]2CC1(O)C2,7.439593315e0,-1.645891741e-2,2.552692592e-1,1.276346207e0,7.423134327e0,4.358052611e-1
train,3356,CC(C)CC1CCC1,9.880454063e0,-7.243350148e-1,2.552692592e-1,1.276346207e0,9.156119347e0,1.793577194e0
train,3357,CCC1CC(=O)C1(C)O,5.948409081e0,4.773897678e-2,2.552692592e-1,1.276346207e0,5.996148109e0,-6.822205186e-1
train,3358,CC(O)C1(CC=O)CN1,5.970178127e0,4.652675614e-2,2.552692592e-1,1.276346207e0,6.016705036e0,-6.661144495e-1
train,3359,CC1C(O)C2OCC12C,8.168857574e0,-3.426049650e-1,2.552692592e-1,1.276346207e0,7.826252460e0,7.516432405e-1
train,3360,CC(C#N)C1(C)CN1,7.589255333e0,-1.223055795e-1,2.552692592e-1,1.276346207e0,7.466949940e0,4.701342285e-1
train,3361,CC1CC=CC12CC2,6.734817982e0,-1.445552856e-1,2.552692592e-1,1.276346207e0,6.590262890e0,-2.167390585e-1
train,3362,CC1C=CC2(C)OC12,6.691279888e0,7.636893541e-2,2.552692592e-1,1.276346207e0,6.767648697e0,-7.775950432e-2
train,3363,C[NH+]1CC12COC2[NH-],7.083124161e0,-3.282893449e-2,2.552692592e-1,1.276346207e0,7.050295353e0,1.436906010e-1
train,3364,C#Cc1[nH]nc(N)c1C,5.246355057e0,-1.496079266e-1,2.552692592e-1,1.276346207e0,5.096746922e0,-1.386890054e0
train,3365,OCC#CC1(O)COC1,7.170200348e0,1.357116103e-1,2.552692592e-1,1.276346207e0,7.305912018e0,3.439630270e-1
train,3366,[NH-]C1NC2CN=COC12,6.767471313e0,2.798790112e-2,2.552692592e-1,1.276346207e0,6.795459270e0,-5.597027391e-2
train,3367,OCC#CCC1CC1O,6.821894169e0,9.050859511e-2,2.552692592e-1,1.276346207e0,6.912402630e0,3.565337881e-2
train,3368,CCC1CC(O)(C=O)C1,6.253176689e0,1.368483007e-1,2.552692592e-1,1.276346207e0,6.390025139e0,-3.736228347e-1
train,3369,CC(=O)NCC(=O)CO,5.651804924e0,4.146548808e-1,2.552692592e-1,1.276346207e0,6.066459656e0,-6.271322966e-1
train,3370,CC12COCC(=O)C1C2,5.787861824e0,3.465778753e-2,2.552692592e-1,1.276346207e0,5.822519779e0,-8.182561398e-1
train,3371,CC1C(C)C2(O)CC12C,8.457298279e0,-5.087883770e-2,2.552692592e-1,1.276346207e0,8.406419754e0,1.206197023e0
train,3372,CC1CC1(O)C[NH+]1CC1,8.577029228e0,1.765937507e-1,2.552692592e-1,1.276346207e0,8.753623009e0,1.478226423e0
train,3373,O=CC12OCC1NC2=O,5.406902313e0,-1.371403635e-1,2.552692592e-1,1.276346207e0,5.269762039e0,-1.251334906e0
train,3374,C1OC2CC3CC2C3O1,9.110372543e0,1.365763396e-1,2.552692592e-1,1.276346207e0,9.246949196e0,1.864741325e0
train,3375,N#CC1CNCC(=O)O1,6.397397041e0,-3.529514968e-1,2.552692592e-1,1.276346207e0,6.044445515e0,-6.443800926e-1
train,3376,C#CC(C#C)C(N)C#N,7.322584152e0,-1.714475155e-1,2.552692592e-1,1.276346207e0,7.151136398e0,2.226982862e-1
train,3377,CC1(O)CC(N)(C#N)C1,8.117156029e0,-1.200198904e-1,2.552692592e-1,1.276346207e0,7.997136116e0,8.855284452e-1
train,3378,CCC(=O)CC1COC1,6.138888836e0,-2.765659988e-1,2.552692592e-1,1.276346207e0,5.862322807e0,-7.870709896e-1
train,3379,CC#CC(O)C=O,5.804188728e0,-4.724518955e-2,2.552692592e-1,1.276346207e0,5.756943703e0,-8.696341515e-1
train,3380,CC#CC(C)CC1CC1,8.245050430e0,1.518186331e-1,2.552692592e-1,1.276346207e0,8.396868706e0,1.198713899e0
train,3381,CC1CC2CC3C2C13C,9.045064926e0,-1.110585704e-1,2.552692592e-1,1.276346207e0,8.934006691e0,1.619554758e0
train,3382,CC12COC(=O)C1(O)C2,7.050469875e0,-2.346572876e-1,2.552692592e-1,1.276346207e0,6.815812588e0,-4.002370313e-2
train,3383,COc1cc(N)on1,6.598761082e0,-4.526016414e-1,2.552692592e-1,1.276346207e0,6.146159649e0,-5.646883845e-1
train,3384,CCC(=O)C12CC[NH+]1C2,5.899428368e0,1.830854863e-1,2.552692592e-1,1.276346207e0,6.082513809e0,-6.145541072e-1
train,3385,C#CC([NH-])OCCOC,6.280387878e0,1.044592038e-1,2.552692592e-1,1.276346207e0,6.384847164e0,-3.776797056e-1
train,3386,CC1CN(CCO)C1=O,7.281766891e0,-4.476699829e-1,2.552692592e-1,1.276346207e0,6.834096909e0,-2.569816820e-2
train,3387,N#CCC1CNC1C#N,7.129383087e0,-1.083765179e-1,2.552692592e-1,1.276346207e0,7.021006584e0,1.207432151e-1
train,3388,CC(=O)N1C(C)CC1[NH-],6.367464066e0,-1.445914898e-2,2.552692592e-1,1.276346207e0,6.353004932e0,-4.026276767e-1
train,3389,C#CC1(C)C(O)C[NH+]1C,7.186526775e0,5.401416123e-2,2.552692592e-1,1.276346207e0,7.240540981e0,2.927456498e-1
train,3390,CC1OC12C=CCOC2,6.694001198e0,7.626643777e-2,2.552692592e-1,1.276346207e0,6.770267487e0,-7.570771873e-2
train,3391,CCc1cc[nH]c1O,6.348416328e0,-3.400428593e-1,2.552692592e-1,1.276346207e0,6.008373260e0,-6.726422906e-1
train,3392,OCC1COC12CCC2,8.261377335e0,3.688169122e-1,2.552692592e-1,1.276346207e0,8.630194664e0,1.381521821e0
train,3393,CC1=CCOCC1O,6.987883568e0,-1.317691654e-1,2.552692592e-1,1.276346207e0,6.856114388e0,-8.447751403e-3
train,3394,O=CC(O)C1(CO)CO1,5.888543606e0,1.128408536e-1,2.552692592e-1,1.276346207e0,6.001384258e0,-6.781180501e-1
train,3395,CC1C2C3CC3C12CO,7.488573551e0,-3.060151935e-1,2.552692592e-1,1.276346207e0,7.182558537e0,2.473171353e-1
train,3396,Nc1[nH]cc(O)c1C=O,4.332052708e0,-2.287712991e-1,2.552692592e-1,1.276346207e0,4.103281498e0,-2.165257692e0
train,3397,CC1C2CC3C(C)C1C23,9.004247665e0,2.035407573e-1,2.552692592e-1,1.276346207e0,9.207788467e0,1.834059358e0
train,3398,CC1CCC(C=O)=CN1,5.126625061e0,7.393123955e-2,2.552692592e-1,1.276346207e0,5.200556278e0,-1.305556774e0
train,3399,CCC(O)(C=O)C(C)=O,5.464046478e0,5.968211889e-1,2.552692592e-1,1.276346207e0,6.060867786e0,-6.315134764e-1
train,3400,CC(C)(C)NC(=O)C=O,4.696685314e0,7.577248663e-2,2.552692592e-1,1.276346207e0,4.772457600e0,-1.640966654e0
train,3401,C#CCCc1cc[nH]c1,6.789240837e0,-2.937504323e-4,2.552692592e-1,1.276346207e0,6.788947105e0,-6.107247248e-2
train,3402,O=C1OCC1C(F)(F)F,7.741639137e0,1.138214371e-3,2.552692592e-1,1.276346207e0,7.742777348e0,6.862415075e-1
train,3403,C[NH+]1CCCCC(=O)C1,5.355200768e0,1.866516918e-1,2.552692592e-1,1.276346207e0,5.541852474e0,-1.038155437e0
train,3404,C[NH2+]C1OC2CCOC21,7.205575466e0,1.130727828e-1,2.552692592e-1,1.276346207e0,7.318648338e0,3.539417982e-1
train,3405,CC1C2C3C(C[NH+]2C)[NH+]13,7.534832478e0,4.572978616e-1,2.552692592e-1,1.276346207e0,7.992130280e0,8.816064000e-1
train,3406,CC(C(N)=O)C1(C)CO1,7.466804028e0,-3.729809448e-2,2.552692592e-1,1.276346207e0,7.429505825e0,4.407972395e-1
train,3407,C#CC(OC)C(C)=O,5.673573971e0,4.340274930e-1,2.552692592e-1,1.276346207e0,6.107601643e0,-5.948981047e-1
train,3408,CC1C(=O)C2C3CC2[NH+]13,5.537517071e0,-3.360872865e-1,2.552692592e-1,1.276346207e0,5.201429844e0,-1.304872274e0
train,3409,O=CC1CCC(NO)C1,6.027321815e0,2.497449964e-1,2.552692592e-1,1.276346207e0,6.277066708e0,-4.621243179e-1
train,3410,CC(CC#N)C(O)C=O,6.386512280e0,-6.920079887e-2,2.552692592e-1,1.276346207e0,6.317311287e0,-4.305932224e-1
train,3411,CC#CC1(C)CO[CH+][NH2+]1,7.251834393e0,-1.605089605e-1,2.552692592e-1,1.276346207e0,7.091325283e0,1.758370250e-1
train,3412,C1=CC2CCC1OCO2,6.587876320e0,1.438759118e-1,2.552692592e-1,1.276346207e0,6.731752396e0,-1.058838069e-1
train,3413,CC1CCC(OC=O)O1,7.562044144e0,1.367915124e-1,2.552692592e-1,1.276346207e0,7.698835850e0,6.518139243e-1
train,3414,N#CC#Cc1ncc[nH]1,4.704848766e0,-2.015207112e-1,2.552692592e-1,1.276346207e0,4.503327847e0,-1.851826429e0
train,3415,C#CC1(CC)NC1C=O,5.670852661e0,5.118024349e-1,2.552692592e-1,1.276346207e0,6.182655334e0,-5.360944271e-1
train,3416,C#CCNc1nc[nH]n1,6.215080738e0,4.525422305e-2,2.552692592e-1,1.276346207e0,6.260334969e0,-4.752334356e-1
train,3417,Cc1nn(C)cnc1=O,5.104856014e0,3.121623695e-1,2.552692592e-1,1.276346207e0,5.417018414e0,-1.135961413e0
train,3418,CC12C3C1C1(O)C2C31O,7.110334873e0,2.885362692e-2,2.552692592e-1,1.276346207e0,7.139188290e0,2.133370936e-1
train,3419,CC(C)c1[nH]ccc1O,6.228686333e0,-2.730151266e-2,2.552692592e-1,1.276346207e0,6.201385021e0,-5.214200020e-1
train,3420,OC12CC3C1C=CC32,6.179705620e0,4.018428549e-2,2.552692592e-1,1.276346207e0,6.219890118e0,-5.069214702e-1
train,3421,c1ncn2c1C1NC1C2,6.479031086e0,2.082454562e-1,2.552692592e-1,1.276346207e0,6.687276363e0,-1.407302171e-1
train,3422,CC1C(CO)C12CCO2,7.861369133e0,-1.487495154e-1,2.552692592e-1,1.276346207e0,7.712619781e0,6.626134515e-1
train,3423,CCC1CC23CC(C2)[NH+]13,7.684495449e0,1.272484511e-1,2.552692592e-1,1.276346207e0,7.811743736e0,7.402758598e-1
train,3424,[NH-]C1NC(C=O)=CC1O,4.215043545e0,3.798380122e-2,2.552692592e-1,1.276346207e0,4.253027439e0,-2.047933578e0
train,3425,C1OCC12C1C3NC3C12,7.504899979e0,2.791539393e-2,2.552692592e-1,1.276346207e0,7.532815456e0,5.217390060e-1
train,3426,O=CC12C3CC4C3[NH+]1C42,5.847726822e0,-1.055385731e-2,2.552692592e-1,1.276346207e0,5.837172985e0,-8.067755103e-1
train,3427,CNC1CNC([NH-])C1=O,4.699406624e0,2.642700076e-1,2.552692592e-1,1.276346207e0,4.963676453e0,-1.491149068e0
train,3428,N#CC1CCC12CC2O,7.902186394e0,1.766533554e-1,2.552692592e-1,1.276346207e0,8.078839302e0,9.495418668e-1
train,3429,COc1nc(C)[nH]c1O,5.771534920e0,-1.054039821e-1,2.552692592e-1,1.276346207e0,5.666131020e0,-9.407847524e-1
train,3430,C#CC([NH2+]C)OC(C)C,6.117119789e0,1.868594885e-1,2.552692592e-1,1.276346207e0,6.303979397e0,-4.410385787e-1
train,3431,CC(C)C12CC1C([NH-])O2,7.605582714e0,-3.944591880e-1,2.552692592e-1,1.276346207e0,7.211123466e0,2.696973979e-1
train,3432,CC(=O)OC1(C)CC1,7.537554264e0,4.619748592e-1,2.552692592e-1,1.276346207e0,7.999528885e0,8.874031305e-1
train,3433,CC(O)C1OCC1NO,6.525290489e0,-5.633964762e-2,2.552692592e-1,1.276346207e0,6.468950748e0,-3.117856085e-1
train,3434,COC1CC2(C1)CC2C,8.849142075e0,2.202900648e-1,2.552692592e-1,1.276346207e0,9.069432259e0,1.725659013e0
train,3435,CC1C2OC3C([NH-])[NH+]1C23,5.866774559e0,4.825841784e-1,2.552692592e-1,1.276346207e0,6.349358559e0,-4.054845870e-1
train,3436,OCC12C3CC1(O)C[NH+]32,7.668168545e0,-6.622072458e-1,2.552692592e-1,1.276346207e0,7.005961418e0,1.089555174e-1
train,3437,CC([NH-])OCC(=O)C=O,4.272187710e0,-7.614681870e-2,2.552692592e-1,1.276346207e0,4.196041107e0,-2.092581749e0
train,3438,O=CCn1cnc(O)c1,4.438177109e0,3.339380026e-1,2.552692592e-1,1.276346207e0,4.772115231e0,-1.641234875e0
train,3439,CC12COC13C=CC2C3,6.307599545e0,-4.401779175e-1,2.552692592e-1,1.276346207e0,5.867421627e0,-7.830761075e-1
train,3440,O=C1OCC2C[NH2+][CH+]N12,6.805567265e0,1.472653449e-2,2.552692592e-1,1.276346207e0,6.820293903e0,-3.651265055e-2
train,3441,CC(C)(CC=O)CCO,6.027321815e0,2.220645696e-1,2.552692592e-1,1.276346207e0,6.249386311e0,-4.838115871e-1
train,3442,CC12CC1CC(O)C2O,8.296751022e0,-7.330441475e-2,2.552692592e-1,1.276346207e0,8.223446846e0,1.062840104e0
train,3443,N#CC12CC[NH2+]C1OC2,7.001489162e0,2.932601571e-1,2.552692592e-1,1.276346207e0,7.294749260e0,3.352171481e-1
train,3444,O=C(CO)C1CO[CH+][NH2+]1,6.068139076e0,2.812048793e-1,2.552692592e-1,1.276346207e0,6.349343777e0,-4.054961503e-1
train,3445,CC(O)C1CC(O)C1C,8.547096252e0,-3.531937301e-1,2.552692592e-1,1.276346207e0,8.193902969e0,1.039692760e0
train,3446,CC1C2CC3C2C13C,9.123977661e0,-2.683484554e-1,2.552692592e-1,1.276346207e0,8.855628967e0,1.558146834e0
train,3447,CCOC1C(=O)CC1C,5.474930763e0,-3.288139403e-1,2.552692592e-1,1.276346207e0,5.146116734e0,-1.348209381e0
train,3448,N#CC1CC2CC2O1,7.472246647e0,-4.451950192e-1,2.552692592e-1,1.276346207e0,7.027051449e0,1.254792958e-1
train,3449,CC1OC([NH-])C2COC12,7.542996407e0,1.017655954e-1,2.552692592e-1,1.276346207e0,7.644762039e0,6.094477773e-1
train,3450,C[NH2+]C1CC=CCO1,6.734817982e0,-3.117611706e-1,2.552692592e-1,1.276346207e0,6.423056602e0,-3.477430940e-1
train,3451,CC(=O)C1NCC(C)[NH2+]1,4.631378174e0,1.145128235e-1,2.552692592e-1,1.276346207e0,4.745891094e0,-1.661781192e0
train,3452,CC1C=CC2NC2C1,6.753865719e0,2.472235560e-1,2.552692592e-1,1.276346207e0,7.001089096e0,1.051381081e-1
train,3453,C#CC1(O)CCC1CC,7.899465561e0,2.084563673e-1,2.552692592e-1,1.276346207e0,8.107921600e0,9.723274708e-1
train,3454,C1=C2COC2CCCC1,6.805567265e0,-3.869431019e-1,2.552692592e-1,1.276346207e0,6.418623924e0,-3.512160182e-1
train,3455,CC12CCC3C(C1)C32O,8.291309357e0,-2.930596769e-1,2.552692592e-1,1.276346207e0,7.998249531e0,8.864007592e-1
train,3456,NC(=O)N1CC2OCC21,7.806946754e0,-1.571173817e-1,2.552692592e-1,1.276346207e0,7.649829388e0,6.134179831e-1
train,3457,O=COCCOC1CC1,7.504899979e0,2.580924630e-1,2.552692592e-1,1.276346207e0,7.762992382e0,7.020797729e-1
train,3458,COC(CCO)C(N)=O,7.208295822e0,-4.905149341e-1,2.552692592e-1,1.276346207e0,6.717781067e0,-1.168301702e-1
train,3459,CC1C2C(O)C(O)C12O,8.375664711e0,4.526963457e-2,2.552692592e-1,1.276346207e0,8.420934677e0,1.217569232e0
train,3460,CCN1C(=O)CCC1[NH-],6.702164173e0,2.855429947e-1,2.552692592e-1,1.276346207e0,6.987707138e0,9.465351701e-2
train,3461,N#CC1CC2CC3C1C23,8.451856613e0,1.662870795e-1,2.552692592e-1,1.276346207e0,8.618144035e0,1.372080326e0
train,3462,CC1CC2C=CC1C2C,6.963393688e0,1.719485670e-1,2.552692592e-1,1.276346207e0,7.135342121e0,2.103236765e-1
train,3463,[NH-]C1CNCCOCO1,6.666789532e0,-2.995407768e-2,2.552692592e-1,1.276346207e0,6.636835575e0,-1.802499443e-1
train,3464,CCC1C2COCC1O2,8.408317566e0,-1.543982625e-1,2.552692592e-1,1.276346207e0,8.253919601e0,1.086715102e0
train,3465,CCC1CC2CC2C1O,8.756624222e0,4.253078997e-1,2.552692592e-1,1.276346207e0,9.181932449e0,1.813801527e0
train,3466,COC1CC=CC2CC21,6.704885483e0,-1.989186555e-1,2.552692592e-1,1.276346207e0,6.505966663e0,-2.827841043e-1
train,3467,CCCc1nc(N)no1,6.272224426e0,-1.209617257e-1,2.552692592e-1,1.276346207e0,6.151262760e0,-5.606901646e-1
train,3468,CC(O)CCC1CC1,9.009689331e0,-5.047068000e-1,2.552692592e-1,1.276346207e0,8.504982948e0,1.283420086e0
train,3469,[NH-]C1OC2C3CC3(O)C12,7.507621288e0,1.962732971e-1,2.552692592e-1,1.276346207e0,7.703894615e0,6.557773948e-1
train,3470,Oc1noc2occc12,6.378348827e0,-2.525947690e-1,2.552692592e-1,1.276346207e0,6.125753880e0,-5.806760192e-1
train,3471,[NH-]c1[nH]c(C=O)cc1O,3.444961309e0,5.818612128e-2,2.552692592e-1,1.276346207e0,3.503147364e0,-2.635455370e0
train,3472,N#CCC1(CC=O)CO1,6.087186813e0,-5.808591470e-2,2.552692592e-1,1.276346207e0,6.029100895e0,-6.564024091e-1
train,3473,CC1CC([NH+]2CC2C)C1,8.204232216e0,1.396784484e-1,2.552692592e-1,1.276346207e0,8.343910217e0,1.157221556e0
train,3474,CC(C=O)C1CNC1=O,6.068139076e0,-2.275795043e-1,2.552692592e-1,1.276346207e0,5.840559483e0,-8.041222692e-1
train,3475,COC(C)C#CCC#N,7.499457359e0,1.972502321e-1,2.552692592e-1,1.276346207e0,7.696707726e0,6.501465440e-1
train,3476,CC#Cc1ccoc1N,5.526632309e0,-4.474775791e-1,2.552692592e-1,1.276346207e0,5.079154968e0,-1.400673151e0
train,3477,CC1CC(C)C1C#N,8.996084213e0,-1.064536348e-1,2.552692592e-1,1.276346207e0,8.889630318e0,1.584786415e0
train,3478,CC(=O)c1cncn1C,5.363364220e0,2.579965293e-1,2.552692592e-1,1.276346207e0,5.621360779e0,-9.758616686e-1
train,3479,C1CC2OC3CCC23O1,8.201511383e0,6.144721806e-2,2.552692592e-1,1.276346207e0,8.262958527e0,1.093796968e0
train,3480,CC1(C)[NH2+][CH+]OC12CC2,7.072239399e0,-8.285176754e-2,2.552692592e-1,1.276346207e0,6.989387512e0,9.597006440e-2
train,3481,[H]N=CNC(=O)N(C)C=N[H],6.356579781e0,-6.583744194e-3,2.552692592e-1,1.276346207e0,6.349996090e0,-4.049850702e-1
train,3482,CC12CC1CCCO2,8.261377335e0,1.139076427e-1,2.552692592e-1,1.276346207e0,8.375285149e0,1.181803465e0
train,3483,CNc1ncoc1C=O,4.601445198e0,-2.679975331e-1,2.552692592e-1,1.276346207e0,4.333447456e0,-1.984925628e0
train,3484,Cc1oc(=O)[nH]c1N,6.457261562e0,5.270672496e-3,2.552692592e-1,1.276346207e0,6.462532043e0,-3.168145716e-1
train,3485,CCC1CC12CC=CC2,7.178363323e0,6.067994833e-1,2.552692592e-1,1.276346207e0,7.785162926e0,7.194501162e-1
train,3486,COC12CC3C(=O)C1C32,6.604203224e0,-2.653594017e-1,2.552692592e-1,1.276346207e0,6.338843822e0,-4.137227237e-1
train,3487,COC(C#N)CO,8.092665672e0,-6.546918303e-2,2.552692592e-1,1.276346207e0,8.027196884e0,9.090806842e-1
train,3488,CC12C=CC(C1)OC2=O,6.068139076e0,-3.645998538e-1,2.552692592e-1,1.276346207e0,5.703539371e0,-9.114757776e-1
train,3489,N#CC12C[NH+]3C1C(O)C32,7.591977119e0,2.841340601e-1,2.552692592e-1,1.276346207e0,7.876111031e0,7.907068133e-1
train,3490,CC(C)C1(O)CC(O)C1,8.688595772e0,-5.725290626e-2,2.552692592e-1,1.276346207e0,8.631342888e0,1.382421494e0
train,3491,CCOC1(C)CCC1,8.851863861e0,1.672997177e-1,2.552692592e-1,1.276346207e0,9.019163132e0,1.686273813e0
train,3492,Nc1ncc(O)c(N)n1,5.110298157e0,8.245553821e-2,2.552692592e-1,1.276346207e0,5.192753792e0,-1.311669827e0
train,3493,[H]N=CN1C(=O)CC=C1C,5.559286118e0,5.797700286e-1,2.552692592e-1,1.276346207e0,6.139056206e0,-5.702538490e-1
train,3494,CC12C[NH+]1CC21CO1,8.519885063e0,-2.303138822e-1,2.552692592e-1,1.276346207e0,8.289570808e0,1.114647388e0
train,3495,CCOCC1CC(=O)O1,7.657283783e0,-1.169607043e-1,2.552692592e-1,1.276346207e0,7.540323257e0,5.276213288e-1
train,3496,CC1OC2C(CO)C12C,8.266819000e0,-3.250004649e-1,2.552692592e-1,1.276346207e0,7.941818714e0,8.421879411e-1
train,3497,C#CC(=O)CC1(O)CC1,4.898049831e0,1.127176336e-3,2.552692592e-1,1.276346207e0,4.899177074e0,-1.541683555e0
train,3498,CC1=C(C)CC(C)CC1,6.922576904e0,9.812517464e-2,2.552692592e-1,1.276346207e0,7.020701885e0,1.205044836e-1
train,3499,OCC1C[NH+]2CC12CO,8.264098167e0,-2.028440684e-2,2.552692592e-1,1.276346207e0,8.243813515e0,1.078797102e0
train,3500,CN1C(=O)C2CN2C1=O,6.432771206e0,1.938260198e-1,2.552692592e-1,1.276346207e0,6.626597404e0,-1.882714182e-1
train,3501,CC12NC3C(NC31)C2O,7.771572113e0,1.668693572e-1,2.552692592e-1,1.276346207e0,7.938441277e0,8.395417929e-1
train,3502,CCC12COC([NH-])C1O2,7.276324272e0,1.685352176e-1,2.552692592e-1,1.276346207e0,7.444859505e0,4.528266490e-1
train,3503,CC1C2N[CH+][NH2+]C12C#N,6.653183937e0,5.235717893e-1,2.552692592e-1,1.276346207e0,7.176755905e0,2.427708507e-1
train,3504,O=CC12NC1C1CC2C1,6.008274078e0,3.703180254e-1,2.552692592e-1,1.276346207e0,6.378592014e0,-3.825805187e-1
train,3505,CC1(C)CC2C(C=O)C21,5.913033962e0,-4.153939188e-1,2.552692592e-1,1.276346207e0,5.497640133e0,-1.072795272e0
train,3506,C1=CCC2(COC2)OC1,7.085844994e0,1.983335316e-1,2.552692592e-1,1.276346207e0,7.284178734e0,3.269352913e-1
train,3507,Cc1nn(C)nnc1=O,4.476273060e0,-2.026661485e-1,2.552692592e-1,1.276346207e0,4.273606777e0,-2.031810045e0
train,3508,Cc1nn(C)c(O)c1C,6.838221550e0,1.918255389e-1,2.552692592e-1,1.276346207e0,7.030046940e0,1.278262138e-1
train,3509,CC#Cc1cnc(N)o1,5.148394108e0,5.668451190e-1,2.552692592e-1,1.276346207e0,5.715239048e0,-9.023092389e-1
train,3510,CC1COC(C(C)C)[NH2+]1,7.347074509e0,-3.356036842e-1,2.552692592e-1,1.276346207e0,7.011470795e0,1.132720411e-1
train,3511,C#CC12C3NC1C3[NH+]2C,6.576991558e0,-3.690176308e-1,2.552692592e-1,1.276346207e0,6.207973957e0,-5.162576437e-1
train,3512,CC1=C(C)C(C)NC1=O,6.073581219e0,-5.155074596e-1,2.552692592e-1,1.276346207e0,5.558073997e0,-1.025446057e0
train,3513,CC1C2C3CCC(O3)C12,9.015131950e0,-1.434198171e-1,2.552692592e-1,1.276346207e0,8.871711731e0,1.570747495e0
train,3514,CC1C(=O)NC1C=O,5.834120750e0,3.759662211e-1,2.552692592e-1,1.276346207e0,6.210086823e0,-5.146022439e-1
train,3515,Cn1ncnc1NC=O,6.236849785e0,2.127298117e-1,2.552692592e-1,1.276346207e0,6.449579716e0,-3.269625604e-1
train,3516,CCC1C=C(C)NC1=O,5.823236465e0,-3.524504304e-1,2.552692592e-1,1.276346207e0,5.470786095e0,-1.093835115e0
train,3517,NC(=O)C1COC1C=O,6.032763958e0,-8.182943612e-2,2.552692592e-1,1.276346207e0,5.950934410e0,-7.176448703e-1
train,3518,CC1(C=O)C2C[NH+]1C2,5.760650635e0,3.335508406e-1,2.552692592e-1,1.276346207e0,6.094201565e0,-6.053968668e-1
train,3519,O=CCC1(O)CC(=O)C1,5.842284679e0,-4.706838429e-1,2.552692592e-1,1.276346207e0,5.371600628e0,-1.171545625e0
train,3520,Cc1cc(C#N)n[nH]1,6.400117874e0,2.396135330e-1,2.552692592e-1,1.276346207e0,6.639731407e0,-1.779810935e-1
train,3521,CC1CC2CC2C(C)O1,8.808325768e0,-4.614709876e-3,2.552692592e-1,1.276346207e0,8.803710938e0,1.517469645e0
train,3522,O=CC1C=CC2CC1C2,5.635478020e0,-2.175788283e-1,2.552692592e-1,1.276346207e0,5.417899132e0,-1.135271311e0
train,3523,CCC1OC2CC1(C)C2,8.707643509e0,-4.837895930e-2,2.552692592e-1,1.276346207e0,8.659264565e0,1.404297709e0
train,3524,CCOC(C=O)C=O,5.355200768e0,-6.413887143e-1,2.552692592e-1,1.276346207e0,4.713811874e0,-1.686914802e0
train,3525,C#CC[NH+](CC)CC=O,5.390575409e0,-4.917624295e-1,2.552692592e-1,1.276346207e0,4.898812771e0,-1.541968942e0
train,3526,COCC1CCC1,9.281804085e0,-6.767625455e-3,2.552692592e-1,1.276346207e0,9.275036812e0,1.886747599e0
train,3527,CC1=CC(C)OC(=O)C1,7.153872967e0,1.298000365e-1,2.552692592e-1,1.276346207e0,7.283672810e0,3.265388906e-1
train,3528,[NH-]C1OCC2C[NH+]3C2C13,6.898086548e0,3.604458570e-1,2.552692592e-1,1.276346207e0,7.258532524e0,3.068417907e-1
train,3529,OC1CC12CCCC2,9.017853737e0,-1.857198030e-1,2.552692592e-1,1.276346207e0,8.832134247e0,1.539739013e0
train,3530,O=CNC(=O)N1CC1,6.293993473e0,-3.883603960e-2,2.552692592e-1,1.276346207e0,6.255157471e0,-4.792899489e-1
train,3531,CNC(=O)CC#CC#N,5.757929325e0,3.157685101e-1,2.552692592e-1,1.276346207e0,6.073698044e0,-6.214611530e-1
train,3532,CC(O)CCCNC=O,7.711706638e0,1.651455015e-1,2.552692592e-1,1.276346207e0,7.876852036e0,7.912873626e-1
train,3533,COC1OCCC1(C)C,9.132141113e0,5.318363309e-1,2.552692592e-1,1.276346207e0,9.663977623e0,2.191477776e0
train,3534,OC1COC2CC2OC1,8.653220177e0,1.609547436e-1,2.552692592e-1,1.276346207e0,8.814174652e0,1.525667906e0
train,3535,C1CC2CC2C2(CC2)O1,8.593356133e0,1.089254394e-1,2.552692592e-1,1.276346207e0,8.702281952e0,1.438001394e0
train,3536,CCC1CC12CCC2=O,5.937524319e0,-3.810238466e-2,2.552692592e-1,1.276346207e0,5.899422169e0,-7.580040693e-1
train,3537,OC1C2C=CCCC12O,6.544338226e0,1.768748313e-1,2.552692592e-1,1.276346207e0,6.721212864e0,-1.141413972e-1
train,3538,O=C1CCC2CCCN12,7.317142010e0,-4.420876205e-1,2.552692592e-1,1.276346207e0,6.875054359e0,6.391479168e-3
train,3539,O=CC1CCOC(=O)C1,6.008274078e0,6.467156578e-3,2.552692592e-1,1.276346207e0,6.014741421e0,-6.676529050e-1
train,3540,CNC1(C#N)CC1(C)N,7.251834393e0,1.441736072e-1,2.552692592e-1,1.276346207e0,7.396008015e0,4.145521224e-1
train,3541,C#CC(C)C(CC)CO,8.413760185e0,-2.139620483e-1,2.552692592e-1,1.276346207e0,8.199798584e0,1.044311881e0
train,3542,CC1OCC2CC1O2,8.729413033e0,-4.006219208e-1,2.552692592e-1,1.276346207e0,8.328790665e0,1.145375609e0
train,3543,CC1(O)CC2CCC21C,8.620567322e0,2.208487988e-1,2.552692592e-1,1.276346207e0,8.841416359e0,1.547011375e0
train,3544,N#CC(O)C#CC(N)=O,6.253176689e0,-9.267669171e-2,2.552692592e-1,1.276346207e0,6.160500050e0,-5.534528494e-1
train,3545,CC(=O)COC(C)C#N,5.975620270e0,-3.519966602e-1,2.552692592e-1,1.276346207e0,5.623623848e0,-9.740886092e-1
train,3546,C1=CC2CC2([NH+]2CC2)C1,6.313041210e0,2.229768485e-1,2.552692592e-1,1.276346207e0,6.536017895e0,-2.592393160e-1
train,3547,CCCNc1nn[nH]n1,5.602824211e0,1.257148832e-1,2.552692592e-1,1.276346207e0,5.728538990e0,-8.918889165e-1
train,3548,CC1OC2CCC1C2=O,5.654525757e0,-1.454941481e-1,2.552692592e-1,1.276346207e0,5.509031773e0,-1.063870072e0
train,3549,CC12CC1CC2C#N,8.182463646e0,7.700610161e-2,2.552692592e-1,1.276346207e0,8.259469986e0,1.091063738e0
train,3550,N#CC12CC3OC3C1C2,7.953887463e0,1.982112825e-1,2.552692592e-1,1.276346207e0,8.152098656e0,1.006939650e0
train,3551,CC1=CC2(C)OC2C1C,6.571549892e0,3.052346110e-1,2.552692592e-1,1.276346207e0,6.876784325e0,7.746885065e-3
train,3552,O=CC#CC1C[NH+]2CC12,5.132067680e0,9.857971966e-2,2.552692592e-1,1.276346207e0,5.230647564e0,-1.281980634e0
train,3553,CC1[NH2+]C(N)C(O)C1O,6.974278450e0,2.177750915e-1,2.552692592e-1,1.276346207e0,7.192053318e0,2.547561824e-1
train,3554,N#CC1CC12NCC2O,7.085844994e0,-7.108448744e-1,2.552692592e-1,1.276346207e0,6.375000000e0,-3.853948414e-1
train,3555,[NH-]C1CCN1C(=O)C=O,4.604166508e0,-1.229058206e-1,2.552692592e-1,1.276346207e0,4.481260777e0,-1.869115710e0
train,3556,C#CC1(O)CCC1(C)O,7.521226883e0,4.999418557e-2,2.552692592e-1,1.276346207e0,7.571220875e0,5.518292189e-1
train,3557,C[NH2+]C1OCC1C(N)=O,7.055912018e0,-1.085638441e-2,2.552692592e-1,1.276346207e0,7.045055866e0,1.395855248e-1
train,3558,C[NH+]1C2C3C2C(C)(C)C31,7.613745689e0,-7.103213668e-2,2.552692592e-1,1.276346207e0,7.542713642e0,5.294941664e-1
train,3559,O=C1CC2CCCC1C2,5.978341103e0,-5.016926527e-1,2.552692592e-1,1.276346207e0,5.476648331e0,-1.089242101e0
train,3560,CC12C=CC3CC1[NH+]32,5.893986225e0,-2.042535245e-1,2.552692592e-1,1.276346207e0,5.689732552e0,-9.222932458e-1
train,3561,O=CC12C3C[NH+]1C1C3C12,5.259960651e0,3.900617063e-1,2.552692592e-1,1.276346207e0,5.650022507e0,-9.534055591e-1
train,3562,[NH-]C1CCC2(CCC2)O1,7.687216282e0,-4.333163798e-1,2.552692592e-1,1.276346207e0,7.253900051e0,3.032123148e-1
train,3563,C[NH+]1CCC(N)C1C#N,6.993326187e0,-1.921716034e-1,2.552692592e-1,1.276346207e0,6.801154613e0,-5.150804296e-2
train,3564,CC12C(O)C1CC1OC12,8.201511383e0,-4.647806883e-1,2.552692592e-1,1.276346207e0,7.736730576e0,6.815039515e-1
train,3565,C#CC(=O)C#CCO,5.208259583e0,-6.886865199e-2,2.552692592e-1,1.276346207e0,5.139390945e0,-1.353479028e0
train,3566,C1CC2CC2C2CC2C1,8.767508507e0,-1.263992339e-1,2.552692592e-1,1.276346207e0,8.641109467e0,1.390073419e0
train,3567,O=C1C2NC2C2C(O)C12,5.436834812e0,-5.485616252e-2,2.552692592e-1,1.276346207e0,5.381978512e0,-1.163414717e0
train,3568,C#CCC1CCC1O,8.514442444e0,2.873885259e-2,2.552692592e-1,1.276346207e0,8.543181419e0,1.313348055e0
train,3569,CC(=O)C1(C)CCC1=O,5.382411957e0,-1.059940830e-1,2.552692592e-1,1.276346207e0,5.276417732e0,-1.246120214e0
train,3570,CC1(C2COCO2)CC1,9.178400040e0,-2.199540660e-2,2.552692592e-1,1.276346207e0,9.156404495e0,1.793800592e0
train,3571,OC1CC=C2CCC=C21,5.300777912e0,5.938635468e-1,2.552692592e-1,1.276346207e0,5.894641399e0,-7.617497444e-1
train,3572,[NH-]C1CC2(C=CCC2)O1,6.917134762e0,-4.069570303e-1,2.552692592e-1,1.276346207e0,6.510177612e0,-2.794848680e-1
train,3573,Oc1cc2n(c1)CC=C2,4.440898418e0,2.407939434e-1,2.552692592e-1,1.276346207e0,4.681692123e0,-1.712080240e0
train,3574,CC1[NH2+]C2C3C1C1C3[NH+]21,4.269466400e0,-2.880574465e-1,2.552692592e-1,1.276346207e0,3.981409073e0,-2.260743141e0
train,3575,C#CC#CC(=O)CC#N,4.993289471e0,7.550560869e-3,2.552692592e-1,1.276346207e0,5.000840187e0,-1.462031722e0
train,3576,C#CCC1(C)CC(=O)C1,6.010994911e0,-2.075688690e-1,2.552692592e-1,1.276346207e0,5.803426266e0,-8.332156539e-1
train,3577,CC1CC(=O)CC(=O)C1,5.708949089e0,1.302475184e-1,2.552692592e-1,1.276346207e0,5.839196682e0,-8.051899672e-1
train,3578,N#CCc1[nH]ccc1O,6.198753357e0,-1.171313077e-1,2.552692592e-1,1.276346207e0,6.081622124e0,-6.152527332e-1
train,3579,COCC12CC(=O)N1C2,6.430050850e0,-3.107551336e-1,2.552692592e-1,1.276346207e0,6.119295597e0,-5.857360363e-1
train,3580,Cc1n[n+]2cc[nH]c2o1,5.828679085e0,1.647005230e-1,2.552692592e-1,1.276346207e0,5.993379593e0,-6.843896508e-1
train,3581,CC1(C)C[NH2+]C2OCC21,7.221901417e0,-1.021995768e-1,2.552692592e-1,1.276346207e0,7.119701862e0,1.980697215e-1
train,3582,CCC12OC(C)C1C2C,8.383827209e0,-2.911635935e-1,2.552692592e-1,1.276346207e0,8.092663765e0,9.603731632e-1
train,3583,N#CC1OCOC12CC2,7.480409622e0,1.962662190e-1,2.552692592e-1,1.276346207e0,7.676675797e0,6.344518065e-1
train,3584,O=CC12C[NH+]3C4C(C41)C32,5.398738861e0,4.187305272e-1,2.552692592e-1,1.276346207e0,5.817469597e0,-8.222128749e-1
train,3585,N#CC(N)C1CC(=O)O1,7.401497364e0,-3.472722769e-1,2.552692592e-1,1.276346207e0,7.054224968e0,1.467694044e-1
train,3586,CC1[NH+](C)CC12CO2,7.782456875e0,2.609883547e-1,2.552692592e-1,1.276346207e0,8.043445587e0,9.218113422e-1
train,3587,N#CC1(O)C2C3OC3C21,7.363400936e0,-7.232186943e-2,2.552692592e-1,1.276346207e0,7.291079044e0,3.323415816e-1
train,3588,CC1OC2(CC2)C12CO2,8.408317566e0,1.194373295e-1,2.552692592e-1,1.276346207e0,8.527754784e0,1.301261544e0
train,3589,O=C1CC(CO)(CO)N1,7.314420223e0,-4.113924131e-2,2.552692592e-1,1.276346207e0,7.273281097e0,3.183971345e-1
train,3590,OC1C(O)C2OCC12,7.763408184e0,8.093687892e-2,2.552692592e-1,1.276346207e0,7.844345093e0,7.658185959e-1
train,3591,O=COC1CCC1=O,5.738881111e0,-1.562286820e-2,2.552692592e-1,1.276346207e0,5.723258018e0,-8.960264921e-1
train,3592,CC(O)Cn1ccnn1,7.006931782e0,-1.743076742e-1,2.552692592e-1,1.276346207e0,6.832623959e0,-2.685220726e-2
train,3593,C#CC1CC2NC12,7.679053307e0,2.568069696e-1,2.552692592e-1,1.276346207e0,7.935860157e0,8.375194669e-1
train,3594,CC([NH-])Oc1cnc[nH]1,5.542959213e0,8.130052686e-2,2.552692592e-1,1.276346207e0,5.624259949e0,-9.735901952e-1
train,3595,CC1C2CCCC12C#N,8.326683998e0,3.686207533e-2,2.552692592e-1,1.276346207e0,8.363546371e0,1.172606230e0
train,3596,CCC(C)OC(=O)NC,8.609682083e0,-4.197424352e-1,2.552692592e-1,1.276346207e0,8.189939499e0,1.036587477e0
train,3597,CC1(C#N)CC(O)C1O,8.125319481e0,-2.144343704e-1,2.552692592e-1,1.276346207e0,7.910885334e0,8.179520369e-1
train,3598,C#CC1(C)OCC(=O)O1,7.483131409e0,2.477634000e-3,2.552692592e-1,1.276346207e0,7.485609055e0,4.847534001e-1
train,3599,C#CC1C2COC12CO,7.553880215e0,-7.398526371e-2,2.552692592e-1,1.276346207e0,7.479895115e0,4.802766144e-1
train,3600,CCC(C#CCO)C=O,5.937524319e0,2.967289388e-1,2.552692592e-1,1.276346207e0,6.234253407e0,-4.956680238e-1
train,3601,CCC1OCCC1OC,8.794719696e0,4.490352869e-1,2.552692592e-1,1.276346207e0,9.243755341e0,1.862238884e0
train,3602,CC1CC1c1cnn[nH]1,6.666789532e0,-1.173556075e-1,2.552692592e-1,1.276346207e0,6.549433708e0,-2.487282157e-1
train,3603,CCCc1cn(C)nn1,6.764750481e0,-1.220023334e-1,2.552692592e-1,1.276346207e0,6.642748356e0,-1.756173521e-1
train,3604,NC(=O)N1CCC(O)C1,7.581092358e0,2.679073811e-1,2.552692592e-1,1.276346207e0,7.848999977e0,7.694656253e-1
train,3605,Nc1onnc1CCO,5.646362305e0,-3.967544138e-1,2.552692592e-1,1.276346207e0,5.249608040e0,-1.267125249e0
train,3606,C#CC1CCC12CC2O,8.016474724e0,2.400226891e-1,2.552692592e-1,1.276346207e0,8.256497383e0,1.088734746e0
train,3607,CNC(=O)CC1CN1,7.472246647e0,3.070494533e-1,2.552692592e-1,1.276346207e0,7.779295921e0,7.148534060e-1
train,3608,CC#CC#CC1COC1,6.027321815e0,2.910645604e-1,2.552692592e-1,1.276346207e0,6.318386555e0,-4.297507405e-1
train,3609,CC1=C(C)C2C3CC1C32,6.334810734e0,-1.523679644e-1,2.552692592e-1,1.276346207e0,6.182442665e0,-5.362610817e-1
train,3610,CC1=CC2(C)NC2C1O,6.541617393e0,-2.908402681e-1,2.552692592e-1,1.276346207e0,6.250777245e0,-4.827218056e-1
train,3611,OCC1COCCCO1,8.849142075e0,1.785157993e-2,2.552692592e-1,1.276346207e0,8.866993904e0,1.567051053e0
train,3612,C#CC(C)(C#N)C=O,5.937524319e0,5.825936794e-1,2.552692592e-1,1.276346207e0,6.520117760e0,-2.716968954e-1
train,3613,OCC1C2CC(O)C1O2,8.400155067e0,2.822687924e-1,2.552692592e-1,1.276346207e0,8.682423592e0,1.422442555e0
train,3614,Cc1ccn2c1CCC2,6.598761082e0,2.356455661e-2,2.552692592e-1,1.276346207e0,6.622325420e0,-1.916184723e-1
train,3615,CCC1OC12C[NH+](C)C2,8.081781387e0,-1.344662905e-1,2.552692592e-1,1.276346207e0,7.947315216e0,8.464943767e-1
train,3616,N#CC1(O)C(=O)C2NC21,5.469488621e0,-6.551416218e-2,2.552692592e-1,1.276346207e0,5.403974533e0,-1.146181107e0
train,3617,C1OC1C1C2CCC1O2,8.881796837e0,1.057837438e-2,2.552692592e-1,1.276346207e0,8.892374992e0,1.586936831e0
train,3618,CC#CC1(N)CC1C#N,7.292651653e0,2.887431681e-1,2.552692592e-1,1.276346207e0,7.581394672e0,5.598002672e-1
train,3619,CC1C(O)C12OC1CC12,7.937561512e0,1.545590907e-1,2.552692592e-1,1.276346207e0,8.092120171e0,9.599472284e-1
train,3620,CC1C2C(O)C1C1NC12,7.904907227e0,-7.739748359e-1,2.552692592e-1,1.276346207e0,7.130932331e0,2.068686485e-1
train,3621,COCC1NC2COC12,8.076338768e0,-2.733167112e-1,2.552692592e-1,1.276346207e0,7.803021908e0,7.334423661e-1
train,3622,COCC1(C)C[NH+]2CC21,8.457298279e0,6.065821648e-1,2.552692592e-1,1.276346207e0,9.063880920e0,1.721309543e0
train,3623,CC12CC=CC1(C#N)O2,6.479031086e0,-1.801887751e-1,2.552692592e-1,1.276346207e0,6.298842430e0,-4.450633228e-1
train,3624,N#CC[NH+]1CC2OC2C1,7.009653091e0,4.925527573e-1,2.552692592e-1,1.276346207e0,7.502205849e0,4.977567792e-1
train,3625,CN(C=O)CC(C)(C)O,7.366122246e0,-1.530282050e-1,2.552692592e-1,1.276346207e0,7.213094234e0,2.712414861e-1
train,3626,COC(=O)C1C=CCN1,6.337531567e0,-9.435778111e-2,2.552692592e-1,1.276346207e0,6.243173599e0,-4.886791706e-1
train,3627,CC#CC1[NH2+]C(C)CO1,5.907591820e0,-9.982011467e-2,2.552692592e-1,1.276346207e0,5.807771683e0,-8.298110962e-1
train,3628,COC12CC1C1C(C)C12,7.575649738e0,-7.561151683e-2,2.552692592e-1,1.276346207e0,7.500038147e0,4.960584342e-1
train,3629,C#CC(CC1CC1)=NO,5.619151115e0,-3.303607106e-1,2.552692592e-1,1.276346207e0,5.288790226e0,-1.236426592e0
train,3630,COC1CC2CC1O2,8.925334930e0,2.866391838e-1,2.552692592e-1,1.276346207e0,9.211974144e0,1.837338805e0
train,3631,C1CC1[NH+]1CC12COC2,8.098108292e0,1.030907407e-1,2.552692592e-1,1.276346207e0,8.201198578e0,1.045408845e0
train,3632,OCC1CC2C(CO)C12,8.636894226e0,3.096957207e-1,2.552692592e-1,1.276346207e0,8.946590424e0,1.629413962e0
train,3633,N#CCC1NC2CC12O,7.227344036e0,1.454116702e-1,2.552692592e-1,1.276346207e0,7.372755527e0,3.963340819e-1
train,3634,Cc1[nH]c(CO)nc1O,5.880380630e0,1.282013673e-2,2.552692592e-1,1.276346207e0,5.893200874e0,-7.628784180e-1
train,3635,C1CC2C3CCC2C13,9.970252037e0,-2.489289045e-1,2.552692592e-1,1.276346207e0,9.721323013e0,2.236407280e0
train,3636,O=COc1nc(O)c[nH]1,5.172884464e0,-2.059154958e-2,2.552692592e-1,1.276346207e0,5.152292728e0,-1.343370557e0
train,3637,C#Cc1c(N)noc1N,5.877659321e0,-7.713694591e-3,2.552692592e-1,1.276346207e0,5.869945526e0,-7.810986638e-1
train,3638,N#CC1N[CH+][NH2+]C1C=O,5.749765873e0,-1.155062690e-1,2.552692592e-1,1.276346207e0,5.634259701e0,-9.657555223e-1
train,3639,CCC1(O)CC1(C)CO,8.650499344e0,3.797192574e-1,2.552692592e-1,1.276346207e0,9.030218124e0,1.694935203e0
train,3640,CC(C1CC1)C(C)(C)O,8.985198975e0,2.076595426e-1,2.552692592e-1,1.276346207e0,9.192858696e0,1.822362065e0
train,3641,O=CCCC1CCC1,6.225965023e0,5.620268583e-1,2.552692592e-1,1.276346207e0,6.787992001e0,-6.182078645e-2
train,3642,OC1C(O)C12CCC2,7.575649738e0,8.881068975e-2,2.552692592e-1,1.276346207e0,7.664460659e0,6.248813868e-1
train,3643,CC#CC1CC(C#N)O1,6.827336788e0,3.641350567e-1,2.552692592e-1,1.276346207e0,7.191472054e0,2.543007731e-1
train,3644,CC1CC(=O)CC2OC12,6.122561455e0,8.971755952e-2,2.552692592e-1,1.276346207e0,6.212278843e0,-5.128847957e-1
train,3645,CC12CC1OC2CO,8.304915428e0,4.011718035e-1,2.552692592e-1,1.276346207e0,8.706087112e0,1.440982580e0
train,3646,C#CC(C#C)(CO)CO,7.934839725e0,-3.264788389e-1,2.552692592e-1,1.276346207e0,7.608360767e0,5.809278488e-1
train,3647,CCNC1=CC(=O)OC1,5.932082176e0,-4.882099032e-1,2.552692592e-1,1.276346207e0,5.443872452e0,-1.114921570e0
train,3648,CCC(O)C1CC1C=O,6.076302528e0,-5.000917315e-1,2.552692592e-1,1.276346207e0,5.576210976e0,-1.011235952e0
train,3649,C1=COC([NH2+]C2CC2)O1,6.081744671e0,-4.194391072e-1,2.552692592e-1,1.276346207e0,5.662305355e0,-9.437821507e-1
train,3650,CC(C)N1CCC1=O,7.491294384e0,-1.097334996e-1,2.552692592e-1,1.276346207e0,7.381560802e0,4.032329023e-1
train,3651,CC1(C2CC2)NCC1=O,5.817794323e0,3.583905101e-1,2.552692592e-1,1.276346207e0,6.176184654e0,-5.411641598e-1
train,3652,CCC1C2CCC1(O)C2,8.846421242e0,2.868804038e-1,2.552692592e-1,1.276346207e0,9.133301735e0,1.775699973e0
train,3653,CC(C1CC1)C1CCO1,8.838258743e0,2.143000066e-1,2.552692592e-1,1.276346207e0,9.052558899e0,1.712438941e0
train,3654,CC12CC3C4CC4[NH+]1C32,8.647777557e0,-1.534185559e-1,2.552692592e-1,1.276346207e0,8.494359016e0,1.275096297e0
train,3655,CCc1cccoc1=O,4.832742214e0,3.153436780e-1,2.552692592e-1,1.276346207e0,5.148086071e0,-1.346666455e0
train,3656,COC(C)[NH2+]C1CC1,6.982441425e0,-1.366853416e-1,2.552692592e-1,1.276346207e0,6.845756054e0,-1.656337455e-2
train,3657,CC12CC(O1)C(O)C2=O,5.306220055e0,1.337720603e-1,2.552692592e-1,1.276346207e0,5.439991951e0,-1.117961884e0
train,3658,NC1=NCCN1C=O,5.719833374e0,-4.643071443e-3,2.552692592e-1,1.276346207e0,5.715190411e0,-9.023473263e-1
train,3659,C#CC#CC#CC,5.091249943e0,9.556733072e-2,2.552692592e-1,1.276346207e0,5.186817169e0,-1.316321135e0
train,3660,O=C1NCC[NH+]2CC12,6.781077385e0,1.185239404e-1,2.552692592e-1,1.276346207e0,6.899601460e0,2.562382258e-2
train,3661,O=C1CNC12CC2CO,5.874938488e0,-1.631459445e-1,2.552692592e-1,1.276346207e0,5.711792469e0,-9.050095677e-1
train,3662,O=C1OC2OC1C1OC21,7.121219635e0,3.243403137e-2,2.552692592e-1,1.276346207e0,7.153653622e0,2.246704996e-1
train,3663,O=C1C[NH+]2C3C=CC1C32,5.134788513e0,-1.852280647e-1,2.552692592e-1,1.276346207e0,4.949560642e0,-1.502208710e0
train,3664,OC(CC1CO1)C1CC1,8.840979576e0,-4.762404263e-1,2.552692592e-1,1.276346207e0,8.364739418e0,1.173540950e0
train,3665,CC1=CCC2(CO)OC12,6.634135723e0,1.089513302e-1,2.552692592e-1,1.276346207e0,6.743086815e0,-9.700343013e-2
train,3666,CNC(=O)C1CCC1=O,5.651804924e0,-2.256757915e-1,2.552692592e-1,1.276346207e0,5.426129341e0,-1.128823042e0
train,3667,CC1CC2(C#N)C[NH+]1C2,7.322584152e0,3.226417303e-1,2.552692592e-1,1.276346207e0,7.645226002e0,6.098113060e-1
train,3668,CC12OCC1C1CC12,8.596076965e0,1.355552524e-1,2.552692592e-1,1.276346207e0,8.731632233e0,1.460996866e0
train,3669,OC1C2[NH2+]C3OCC3C12,6.530732632e0,-2.692320645e-1,2.552692592e-1,1.276346207e0,6.261500359e0,-4.743203819e-1
train,3670,CCC1(C)C(=O)NC1C,7.562044144e0,1.898226142e-1,2.552692592e-1,1.276346207e0,7.751866817e0,6.933630109e-1
train,3671,Cc1cc2nn[nH]c2[nH]1,5.703506470e0,3.117578328e-1,2.552692592e-1,1.276346207e0,6.015264511e0,-6.672430634e-1
train,3672,CC(C)C1C2COC21C,8.351174355e0,-3.363782465e-1,2.552692592e-1,1.276346207e0,8.014796257e0,8.993649483e-1
train,3673,C#CC(O)(CO)C(C)O,7.474967480e0,4.107922614e-1,2.552692592e-1,1.276346207e0,7.885759830e0,7.982665300e-1
train,3674,CC1CC1CCCCO,9.319899559e0,1.814956218e-1,2.552692592e-1,1.276346207e0,9.501395226e0,2.064096451e0
train,3675,C#CC(C)OCCC,7.970214844e0,-1.666166782e-1,2.552692592e-1,1.276346207e0,7.803598404e0,7.338940501e-1
train,3676,CC(C#N)C1CC(=O)O1,7.815110207e0,-4.241651297e-1,2.552692592e-1,1.276346207e0,7.390944958e0,4.105852842e-1
train,3677,C#CC1NC1(C)C(C)C,7.542996407e0,-4.179542959e-1,2.552692592e-1,1.276346207e0,7.125041962e0,2.022536248e-1
train,3678,CN=C(N)NC(=O)OC,6.498078823e0,3.121032119e-1,2.552692592e-1,1.276346207e0,6.810182095e0,-4.443512484e-2
train,3679,C#CC1C2C(C)[NH2+][CH+][NH+]12,6.225965023e0,8.410634100e-2,2.552692592e-1,1.276346207e0,6.310071468e0,-4.362655282e-1
train,3680,[CH+]1[NH2+]C23CC(CC2O1)C3,6.996047020e0,-6.617043614e-1,2.552692592e-1,1.276346207e0,6.334342480e0,-4.172494709e-1
train,3681,CC1CC(O)C(C=O)C1,6.288550854e0,8.906915039e-2,2.552692592e-1,1.276346207e0,6.377620220e0,-3.833419085e-1
train,3682,Cc1onnc1N(C)C,5.545680046e0,-2.987545133e-1,2.552692592e-1,1.276346207e0,5.246925354e0,-1.269227147e0
train,3683,CCC1CC(C)CC1C,1.007093334e1,-3.125472069e-1,2.552692592e-1,1.276346207e0,9.758386612e0,2.265445948e0
train,3684,CC1(C2NCC2=O)CO1,5.929360867e0,2.405135781e-1,2.552692592e-1,1.276346207e0,6.169874668e0,-5.461079478e-1
train,3685,[NH-]C1N=CON=CC1=O,4.691242695e0,6.313084066e-2,2.552692592e-1,1.276346207e0,4.754373550e0,-1.655135274e0
train,3686,C[CH+]1C(O)C=COC1[NH-],4.612329483e0,2.687028646e-1,2.552692592e-1,1.276346207e0,4.881032467e0,-1.555899620e0
train,3687,CC1C2CC2C2C(O)C12,8.114435196e0,2.656090446e-2,2.552692592e-1,1.276346207e0,8.140995979e0,9.982408285e-1
train,3688,C#CC1(O)CC1,7.548438072e0,2.801833749e-1,2.552692592e-1,1.276346207e0,7.828621387e0,7.534992695e-1
train,3689,Oc1n[nH]c2[nH]nnc12,5.861332417e0,-6.429206729e-1,2.552692592e-1,1.276346207e0,5.218411922e0,-1.291567087e0
train,3690,COC(C#N)C(O)C#N,8.266819000e0,1.739467233e-1,2.552692592e-1,1.276346207e0,8.440765381e0,1.233106375e0
train,3691,CCC(C)=O,6.397397041e0,5.286719203e-1,2.552692592e-1,1.276346207e0,6.926068783e0,4.636063799e-2
train,3692,CNc1cc[nH+]nc1,4.541580200e0,-3.856644034e-1,2.552692592e-1,1.276346207e0,4.155915737e0,-2.124019384e0
train,3693,CC1OC([NH-])C1CCO,7.812388420e0,3.492344022e-1,2.552692592e-1,1.276346207e0,8.161623001e0,1.014401793e0
train,3694,C#CC(=O)COC,5.668131351e0,-2.539834082e-1,2.552692592e-1,1.276346207e0,5.414147854e0,-1.138210416e0
train,3695,CC12C=CCC1C(=O)O2,7.006931782e0,-5.629682913e-2,2.552692592e-1,1.276346207e0,6.950634956e0,6.560792774e-2
train,3696,[H]N=CN1CC(=O)NC1=O,6.470867634e0,-2.340679765e-1,2.552692592e-1,1.276346207e0,6.236799717e0,-4.936730266e-1
train,3697,C1COC([NH2+]C2CC2)C1,6.911692142e0,-2.851808071e-1,2.552692592e-1,1.276346207e0,6.626511574e0,-1.883386672e-1
train,3698,CCC1C2CC3C2[NH+]13,8.909008026e0,-3.774075210e-1,2.552692592e-1,1.276346207e0,8.531600952e0,1.304274917e0
train,3699,N#CC1CC(CC=O)N1,5.619151115e0,-4.378951192e-1,2.552692592e-1,1.276346207e0,5.181255817e0,-1.320678353e0
train,3700,CC[NH+]1C(C)C1(C)CO,8.076338768e0,-1.477970332e-1,2.552692592e-1,1.276346207e0,7.928541660e0,8.317855597e-1
train,3701,CC1CC(C(O)CO)O1,8.277703285e0,-2.843953371e-1,2.552692592e-1,1.276346207e0,7.993308067e0,8.825291991e-1
train,3702,CCC(C)=NO,6.971556664e0,-1.086650863e-1,2.552692592e-1,1.276346207e0,6.862891674e0,-3.137832042e-3
train,3703,CC1COCC2NC12C,8.343010902e0,4.206047654e-1,2.552692592e-1,1.276346207e0,8.763615608e0,1.486055493e0
train,3704,OC1C2CCCCOC12,8.283145905e0,-2.267842442e-1,2.552692592e-1,1.276346207e0,8.056361198e0,9.319305420e-1
train,3705,CC1[NH2+]C2CC(O1)C2O,6.800125122e0,-3.128300011e-1,2.552692592e-1,1.276346207e0,6.487295151e0,-2.974129915e-1
train,3706,O=C1C=CC=CCCO1,4.887165070e0,-2.101628669e-2,2.552692592e-1,1.276346207e0,4.866148949e0,-1.567560673e0
train,3707,C#CC1C2CCC12OC,7.616467476e0,-2.493386120e-1,2.552692592e-1,1.276346207e0,7.367128849e0,3.919256628e-1
train,3708,COCCC(C)(C)C=O,6.217801571e0,1.191709470e-2,2.552692592e-1,1.276346207e0,6.229718685e0,-4.992209077e-1
train,3709,CC12CC1CNC2=O,7.349795341e0,8.529435843e-2,2.552692592e-1,1.276346207e0,7.435089588e0,4.451720417e-1
train,3710,OCC1=CC2NC1C2O,6.264060974e0,1.143437549e-1,2.552692592e-1,1.276346207e0,6.378404617e0,-3.827273548e-1
train,3711,CC(C)(O)C(O)C1CC1,8.911728859e0,-2.537623644e-1,2.552692592e-1,1.276346207e0,8.657966614e0,1.403280854e0
train,3712,C#CC1CC1(CC)CC,7.853205681e0,7.317483425e-3,2.552692592e-1,1.276346207e0,7.860523224e0,7.784939408e-1
train,3713,CC1[NH2+][CH+]OC12CCC2,7.289929867e0,-8.300153539e-3,2.552692592e-1,1.276346207e0,7.281629562e0,3.249380291e-1
train,3714,CC1CC2(C1)CC2(C)O,8.609682083e0,1.077468880e-2,2.552692592e-1,1.276346207e0,8.620456696e0,1.373892307e0
train,3715,CC#CCC1(C)NC1C,8.087224007e0,1.932394207e-1,2.552692592e-1,1.276346207e0,8.280463219e0,1.107511640e0
train,3716,Cn1ncc(O)c1N,6.206917286e0,1.912861876e-2,2.552692592e-1,1.276346207e0,6.226046085e0,-5.020983219e-1
train,3717,CC1CC1C(C)(C)C,9.159352303e0,5.982761458e-2,2.552692592e-1,1.276346207e0,9.219180107e0,1.842984557e0
train,3718,CCC1(CCOC)CO1,9.300851822e0,-6.126241386e-2,2.552692592e-1,1.276346207e0,9.239589691e0,1.858975172e0
train,3719,CCC1=CCCC2NC12,6.742980957e0,-4.676273465e-1,2.552692592e-1,1.276346207e0,6.275353432e0,-4.634666741e-1
train,3720,NC(=O)N1CC2C(O)C21,7.333467960e0,-1.902874559e-1,2.552692592e-1,1.276346207e0,7.143180370e0,2.164648324e-1
train,3721,CC(CO)C(=O)CCO,6.261340141e0,-1.793434657e-2,2.552692592e-1,1.276346207e0,6.243405819e0,-4.884972274e-1
train,3722,C1#CCCCCCCC1,7.801504612e0,5.985487700e-1,2.552692592e-1,1.276346207e0,8.400053024e0,1.201208711e0
train,3723,CC1=CC2CC3C(O2)C13,6.617809296e0,6.312340498e-2,2.552692592e-1,1.276346207e0,6.680932522e0,-1.457005441e-1
train,3724,CC(O)C1CC(=O)C1O,5.556564808e0,2.546475641e-2,2.552692592e-1,1.276346207e0,5.582029343e0,-1.006677389e0
train,3725,N#CC1CC2OCC=C12,6.277666569e0,2.652961016e-1,2.552692592e-1,1.276346207e0,6.542962551e0,-2.537982762e-1
train,3726,C#CC1CC2(CN2)CO1,7.728034019e0,2.915769443e-2,2.552692592e-1,1.276346207e0,7.757191658e0,6.975349784e-1
train,3727,CC(C)OC1(CO)CC1,8.623288155e0,9.317117184e-2,2.552692592e-1,1.276346207e0,8.716459274e0,1.449109077e0
train,3728,CC1C(O)CC12C[NH+]2C,7.904907227e0,4.155367911e-1,2.552692592e-1,1.276346207e0,8.320444107e0,1.138836145e0
train,3729,O=C1OCCC12CO2,6.838221550e0,2.135331510e-3,2.552692592e-1,1.276346207e0,6.840356827e0,-2.079360187e-2
train,3730,CNc1c[nH]c(C#N)n1,4.628656864e0,-2.785760760e-1,2.552692592e-1,1.276346207e0,4.350080967e0,-1.971893430e0
train,3731,CC1[NH+]2CC1(C#N)C2,7.423265934e0,-4.089954868e-2,2.552692592e-1,1.276346207e0,7.382366180e0,4.038639069e-1
train,3732,CCC1CC1(O)C1CN1,8.027358055e0,5.202865005e-1,2.552692592e-1,1.276346207e0,8.547644615e0,1.316844940e0
train,3733,[NH-]C1OCCCC2NC21,7.053191185e0,3.640725315e-1,2.552692592e-1,1.276346207e0,7.417263508e0,4.312055409e-1
train,3734,CC(O)C1OC(=O)C1N,6.930739880e0,3.931556046e-1,2.552692592e-1,1.276346207e0,7.323895454e0,3.580528498e-1
train,3735,Nc1cc[nH]c1O,6.508963585e0,-2.077040263e-2,2.552692592e-1,1.276346207e0,6.488193035e0,-2.967095077e-1
train,3736,CN1C(=O)C2CC21C#N,6.408281326e0,-2.229826152e-2,2.552692592e-1,1.276346207e0,6.385982990e0,-3.767897785e-1
train,3737,CCC1C2COCC1C2,9.015131950e0,1.007425785e-2,2.552692592e-1,1.276346207e0,9.025206566e0,1.691008687e0
train,3738,C#CCC1(C)CCC1O,8.245050430e0,2.029526681e-1,2.552692592e-1,1.276346207e0,8.448002815e0,1.238776803e0
train,3739,O=C1C[NH+]2C1C1C(O)C12,5.406902313e0,-2.993845642e-1,2.552692592e-1,1.276346207e0,5.107517719e0,-1.378451228e0
train,3740,O=Cc1nccc(=O)[nH]1,4.220486164e0,8.986761421e-2,2.552692592e-1,1.276346207e0,4.310353756e0,-2.003019333e0
train,3741,CC1OC1CCCC=O,6.220522881e0,-7.166593522e-2,2.552692592e-1,1.276346207e0,6.148857117e0,-5.625749230e-1
train,3742,O=CC1C=CC2COC12,6.168820858e0,6.397734582e-2,2.552692592e-1,1.276346207e0,6.232798100e0,-4.968082309e-1
train,3743,CCC1(C#N)CCOC1,8.323963165e0,2.578123659e-2,2.552692592e-1,1.276346207e0,8.349744797e0,1.161792874e0
train,3744,CC1=NCC2[NH2+]CCN12,5.820515633e0,6.073884666e-2,2.552692592e-1,1.276346207e0,5.881254673e0,-7.722380757e-1
train,3745,CC(C)C1C2CCOC21,8.563423157e0,-4.459471107e-1,2.552692592e-1,1.276346207e0,8.117476463e0,9.798135757e-1
train,3746,CNC1(C)COC1C#N,6.476309776e0,5.436787009e-2,2.552692592e-1,1.276346207e0,6.530677795e0,-2.634232342e-1
train,3747,N#CC#Cc1cnno1,4.881722450e0,-3.661420196e-2,2.552692592e-1,1.276346207e0,4.845108032e0,-1.584046006e0
train,3748,OC1C=CC2C3C[NH+]2C13,6.133446217e0,-4.161277413e-1,2.552692592e-1,1.276346207e0,5.717318535e0,-9.006800056e-1
train,3749,Oc1ncc(F)nc1O,5.004173756e0,1.479049865e-2,2.552692592e-1,1.276346207e0,5.018964291e0,-1.447831750e0
train,3750,Cc1[nH]cnc1CC#N,6.661347389e0,3.088922799e-2,2.552692592e-1,1.276346207e0,6.692236423e0,-1.368440837e-1
train,3751,OCCC12CC1CC2O,8.707643509e0,-2.394294143e-1,2.552692592e-1,1.276346207e0,8.468214035e0,1.254612088e0
train,3752,C#CC1C(C#C)C2CC12,7.782456875e0,-2.542164922e-2,2.552692592e-1,1.276346207e0,7.757035255e0,6.974124312e-1
train,3753,CC12CCC3C[NH+]3C1C2,8.138925552e0,3.942089081e-1,2.552692592e-1,1.276346207e0,8.533134460e0,1.305476427e0
train,3754,CC(C)C1(C#N)CN1,8.000147820e0,5.835503712e-2,2.552692592e-1,1.276346207e0,8.058503151e0,9.336087108e-1
train,3755,OCC1COC2CC12,8.155252457e0,4.246723652e-1,2.552692592e-1,1.276346207e0,8.579924583e0,1.342135906e0
train,3756,O=C1C=CC(CO)OC1,4.868116856e0,3.144902885e-1,2.552692592e-1,1.276346207e0,5.182607174e0,-1.319619656e0
train,3757,CCC(=NC)NC(N)=O,6.609645367e0,3.108865321e-1,2.552692592e-1,1.276346207e0,6.920531750e0,4.202244431e-2
train,3758,[NH-]C1CC(CCO)O1,7.866811275e0,3.364126980e-1,2.552692592e-1,1.276346207e0,8.203224182e0,1.046995878e0
train,3759,CC1(O)C2CC3C1C32O,8.353896141e0,-8.614355698e-3,2.552692592e-1,1.276346207e0,8.345281601e0,1.158295989e0
train,3760,C#CC(C)COC(C)[NH-],7.964772224e0,3.170827627e-1,2.552692592e-1,1.276346207e0,8.281854630e0,1.108601809e0
train,3761,C#Cc1c(O)noc1N,5.904870510e0,2.532108687e-2,2.552692592e-1,1.276346207e0,5.930191517e0,-7.338966727e-1
train,3762,CC#CC(C)NCC#N,7.107614040e0,1.611782312e-1,2.552692592e-1,1.276346207e0,7.268792152e0,3.148801029e-1
train,3763,CC12CC(O)CC(C1)O2,8.310358047e0,3.416485488e-1,2.552692592e-1,1.276346207e0,8.652006149e0,1.398610830e0
train,3764,CCC#CC1NC1C#N,7.039586067e0,-3.953063488e-1,2.552692592e-1,1.276346207e0,6.644279480e0,-1.744177341e-1
train,3765,CC1COC1(C)C1CN1,8.498115540e0,-1.011436284e-1,2.552692592e-1,1.276346207e0,8.396971703e0,1.198794603e0
train,3766,CC1CC2CC(=O)C12O,5.913033962e0,-1.956681609e-1,2.552692592e-1,1.276346207e0,5.717365742e0,-9.006429911e-1
train,3767,O=Cc1cc(CO)n[nH]1,5.227307320e0,3.155771270e-2,2.552692592e-1,1.276346207e0,5.258864880e0,-1.259872675e0
train,3768,N#CC1=C2COC2CC1,5.548401356e0,5.995907784e-1,2.552692592e-1,1.276346207e0,6.147992134e0,-5.632526278e-1
train,3769,NC(=O)C12CC=CC1N2,6.351137638e0,1.987309754e-1,2.552692592e-1,1.276346207e0,6.549868584e0,-2.483874857e-1
train,3770,N#CC12NC1CC2C=O,5.698064327e0,-3.206337690e-1,2.552692592e-1,1.276346207e0,5.377430439e0,-1.166978002e0
train,3771,CC(C)c1cc(O)c[nH]1,6.274945736e0,-6.687948108e-2,2.552692592e-1,1.276346207e0,6.208066463e0,-5.161851645e-1
train,3772,Cc1cc(O)nc(N)n1,5.727996826e0,5.956892669e-2,2.552692592e-1,1.276346207e0,5.787565708e0,-8.456422091e-1
train,3773,C1CC2CC(CO1)C2,8.854584694e0,-3.067050576e-1,2.552692592e-1,1.276346207e0,8.547879219e0,1.317028761e0
train,3774,Nc1coc(O)cc1=O,5.153836727e0,-1.432063729e-1,2.552692592e-1,1.276346207e0,5.010630131e0,-1.454361439e0
train,3775,O=CC12CC(CO1)C2O,5.469488621e0,3.264943063e-1,2.552692592e-1,1.276346207e0,5.795982838e0,-8.390474916e-1
train,3776,Cc1nc(CO)oc1C,6.364743233e0,6.135156006e-2,2.552692592e-1,1.276346207e0,6.426095009e0,-3.453625441e-1
train,3777,COC([NH-])C(C=O)OC,6.054533005e0,3.188625872e-1,2.552692592e-1,1.276346207e0,6.373395443e0,-3.866519928e-1
train,3778,N#CCNc1c[nH]cn1,6.076302528e0,-9.225206450e-3,2.552692592e-1,1.276346207e0,6.067077160e0,-6.266484857e-1
train,3779,N#CC1COCC([NH-])N1,6.936182499e0,-1.827757061e-1,2.552692592e-1,1.276346207e0,6.753407001e0,-8.891769499e-2
train,3780,CC12NC1C1NC2C1=O,6.269503117e0,1.343299150e-1,2.552692592e-1,1.276346207e0,6.403832912e0,-3.628045917e-1
train,3781,c1ncc2nnoc2n1,5.077644348e0,-7.240425050e-2,2.552692592e-1,1.276346207e0,5.005239964e0,-1.458584547e0
train,3782,OC1C[NH+]2C1C2C1CO1,7.896743774e0,-1.956106164e-2,2.552692592e-1,1.276346207e0,7.877182484e0,7.915462852e-1
train,3783,C#CC1OCCC1C=O,6.062696934e0,2.159035951e-1,2.552692592e-1,1.276346207e0,6.278600693e0,-4.609224796e-1
train,3784,C1=CC2C=CC(CC1)O2,6.547059536e0,-1.316643953e-1,2.552692592e-1,1.276346207e0,6.415395260e0,-3.537456393e-1
train,3785,O1C2OC3C1C1OC3C21,8.299472809e0,-4.070475399e-1,2.552692592e-1,1.276346207e0,7.892425060e0,8.034886122e-1
train,3786,CC(=O)C1CCC(=O)N1,5.823236465e0,-3.243314028e-1,2.552692592e-1,1.276346207e0,5.498905182e0,-1.071804166e0
train,3787,ONC1COC1,6.672231674e0,-7.989130914e-2,2.552692592e-1,1.276346207e0,6.592340469e0,-2.151113003e-1
train,3788,COc1cn[nH]c1N,6.160657883e0,-2.752768397e-1,2.552692592e-1,1.276346207e0,5.885381222e0,-7.690050006e-1
train,3789,CCCOC1NCC[NH2+]1,7.526669502e0,2.952081263e-1,2.552692592e-1,1.276346207e0,7.821877480e0,7.482154965e-1
train,3790,[H]N=CN(C=N[H])C(C=O)=N[H],4.933423996e0,-9.575207531e-2,2.552692592e-1,1.276346207e0,4.837671757e0,-1.589872241e0
train,3791,Cc1[nH]c(N)nc1C#N,5.632756710e0,1.260122061e-1,2.552692592e-1,1.276346207e0,5.758769035e0,-8.682040572e-1
train,3792,CC1(C)CCC(=O)CO1,5.733438969e0,1.844525784e-1,2.552692592e-1,1.276346207e0,5.917891502e0,-7.435336113e-1
train,3793,Nc1c(F)cn[nH]c1=O,4.742944717e0,-2.176678181e-1,2.552692592e-1,1.276346207e0,4.525277138e0,-1.834629416e0
train,3794,O=C1COCCC12CC2,5.760650635e0,-3.514462113e-1,2.552692592e-1,1.276346207e0,5.409204483e0,-1.142083526e0
train,3795,[NH-]C1OC2C1OC21CC1,6.881759644e0,1.148569360e-1,2.552692592e-1,1.276346207e0,6.996616364e0,1.016337797e-1
train,3796,CN(C=O)CCO,7.341631889e0,3.740406930e-1,2.552692592e-1,1.276346207e0,7.715672493e0,6.650052071e-1
train,3797,N#CCC1(O)COC1[NH-],7.605582714e0,1.298391521e-1,2.552692592e-1,1.276346207e0,7.735421658e0,6.804784536e-1
train,3798,CNc1ocnc1C#N,5.684458733e0,-4.196025133e-1,2.552692592e-1,1.276346207e0,5.264856339e0,-1.255178452e0
train,3799,CC(C=O)C(C)(C)C#N,5.975620270e0,-9.981176257e-2,2.552692592e-1,1.276346207e0,5.875808716e0,-7.765049338e-1
train,3800,C1OCC2C3OC1OC23,8.364779472e0,-3.227804601e-1,2.552692592e-1,1.276346207e0,8.041998863e0,9.206778407e-1
train,3801,CCc1cocc1NC,6.049090862e0,2.106410414e-1,2.552692592e-1,1.276346207e0,6.259731770e0,-4.757060409e-1
train,3802,CC(O)C(=O)C(=O)C=O,3.684421539e0,2.365689538e-2,2.552692592e-1,1.276346207e0,3.708078384e0,-2.474894285e0
train,3803,CCC(C)CC(C)CO,9.270918846e0,-8.659614623e-2,2.552692592e-1,1.276346207e0,9.184322357e0,1.815673947e0
train,3804,CC(O)CC1(C)NC1C,8.285867691e0,-2.220995128e-1,2.552692592e-1,1.276346207e0,8.063768387e0,9.377340078e-1
train,3805,CC1(C#CC#N)COC1,6.136167526e0,1.668629944e-1,2.552692592e-1,1.276346207e0,6.303030491e0,-4.417820275e-1
train,3806,CC1CC(C(C)C=O)C1,6.119840622e0,-6.226039305e-2,2.552692592e-1,1.276346207e0,6.057579994e0,-6.340894103e-1
train,3807,CC1C(=O)CC1NC=O,5.831399918e0,-2.055499852e-1,2.552692592e-1,1.276346207e0,5.625849724e0,-9.723446369e-1
train,3808,c1[nH]nc2c1C1OC1C2,6.816452026e0,-1.161776856e-1,2.552692592e-1,1.276346207e0,6.700274467e0,-1.305463761e-1
train,3809,C#CC1CC2(C#C)CC12,7.132104397e0,3.537859023e-1,2.552692592e-1,1.276346207e0,7.485890388e0,4.849738181e-1
train,3810,CC1=NC(C)C(C)CO1,7.289929867e0,2.064773589e-1,2.552692592e-1,1.276346207e0,7.496407032e0,4.932135046e-1
train,3811,CCC1C2OCC12O,7.820552349e0,1.193102300e-1,2.552692592e-1,1.276346207e0,7.939862728e0,8.406554461e-1
train,3812,OCC1=CCOCC1,7.123940468e0,2.615797222e-1,2.552692592e-1,1.276346207e0,7.385519981e0,4.063348770e-1
train,3813,CC(C)c1nc[nH]n1,7.328026772e0,1.817462593e-1,2.552692592e-1,1.276346207e0,7.509773254e0,5.036857724e-1
train,3814,CC1C[NH+]2CC2C1=O,5.858611107e0,1.261481345e-1,2.552692592e-1,1.276346207e0,5.984759331e0,-6.911435127e-1
train,3815,COCCCCC=O,6.231407166e0,-3.262400031e-1,2.552692592e-1,1.276346207e0,5.905167103e0,-7.535030246e-1
train,3816,CC1C2COC12C,8.460020065e0,-5.339074135e-1,2.552692592e-1,1.276346207e0,7.926112652e0,8.298824430e-1
train,3817,CC(O)CCCC(C)O,8.925334930e0,-2.724905685e-2,2.552692592e-1,1.276346207e0,8.898085594e0,1.591410995e0
train,3818,C#CC12C=CC(=O)C1O2,4.576955318e0,-2.324208319e-1,2.552692592e-1,1.276346207e0,4.344534397e0,-1.976239085e0
train,3819,CC[NH+]1C2COCC21C,8.307636261e0,2.035070360e-1,2.552692592e-1,1.276346207e0,8.511143684e0,1.288246870e0
train,3820,CCCC(O)CC(C)O,8.778392792e0,1.295643747e-1,2.552692592e-1,1.276346207e0,8.907957077e0,1.599145174e0
train,3821,COC(C)(C#N)CN,7.379727840e0,3.568145633e-1,2.552692592e-1,1.276346207e0,7.736542225e0,6.813563704e-1
train,3822,CC1C(C)C1C[NH+]1CC1,8.402875900e0,1.359313428e-1,2.552692592e-1,1.276346207e0,8.538806915e0,1.309920669e0
train,3823,Cc1cc(O)n(C)n1,6.957951069e0,9.832657874e-2,2.552692592e-1,1.276346207e0,7.056277752e0,1.483777314e-1
train,3824,CC12CCOC(C1)C2,8.577029228e0,-1.675029248e-1,2.552692592e-1,1.276346207e0,8.409525871e0,1.208630681e0
train,3825,C[NH+]1C2C3COC(C3)C21,8.340289116e0,3.922437131e-1,2.552692592e-1,1.276346207e0,8.732532501e0,1.461702228e0
train,3826,CC(C)(O)COC=O,7.771572113e0,-5.539654493e-1,2.552692592e-1,1.276346207e0,7.217606544e0,2.747768164e-1
train,3827,CC1NC(=O)CC1CO,7.428708553e0,-4.691842496e-1,2.552692592e-1,1.276346207e0,6.959524155e0,7.257249951e-2
train,3828,CCC(C)C#CC(C)O,7.825994968e0,4.163190424e-1,2.552692592e-1,1.276346207e0,8.242314339e0,1.077622533e0
train,3829,OCC1(CO)C2CCC21,8.095387459e0,-2.370784730e-1,2.552692592e-1,1.276346207e0,7.858308792e0,7.767589688e-1
train,3830,[NH-]C1OC=C(O)OC1=O,4.361985207e0,9.435731173e-2,2.552692592e-1,1.276346207e0,4.456342697e0,-1.888638735e0
train,3831,CC1CCC1C(=O)C=O,4.163341999e0,-6.004873514e-1,2.552692592e-1,1.276346207e0,3.562854767e0,-2.588675261e0
train,3832,CC1C(O)C2C3CC3[NH+]12,7.178363323e0,-4.819175005e-1,2.552692592e-1,1.276346207e0,6.696445942e0,-1.335459650e-1
train,3833,CCc1noc(OC)n1,7.064075947e0,8.049242944e-2,2.552692592e-1,1.276346207e0,7.144568443e0,2.175523788e-1
train,3834,NC1[NH2+]C2CCCC2O1,7.594697952e0,-6.291294843e-2,2.552692592e-1,1.276346207e0,7.531785011e0,5.209317207e-1
train,3835,CC12CC1[NH2+]C(CO)N2,6.402839184e0,8.967378736e-2,2.552692592e-1,1.276346207e0,6.492513180e0,-2.933247387e-1
train,3836,N#CC1C2CNC12CO,7.211016655e0,2.392790169e-1,2.552692592e-1,1.276346207e0,7.450295448e0,4.570856392e-1
train,3837,C1=CC2C3CC(C1)CC23,6.647741318e0,1.525973082e-1,2.552692592e-1,1.276346207e0,6.800338745e0,-5.214726552e-2
train,3838,CC(=O)c1ccc[nH]1,5.104856014e0,8.383840322e-2,2.552692592e-1,1.276346207e0,5.188694477e0,-1.314850330e0
train,3839,N#CC1=CCCC12CC2,5.591939926e0,3.934501708e-1,2.552692592e-1,1.276346207e0,5.985390186e0,-6.906492114e-1
train,3840,Cc1n[nH]cc1O,6.451819897e0,9.655682743e-2,2.552692592e-1,1.276346207e0,6.548376560e0,-2.495564669e-1
train,3841,C#Cc1cc([NH-])[nH+]cn1,4.405523300e0,3.945867419e-1,2.552692592e-1,1.276346207e0,4.800109863e0,-1.619301438e0
train,3842,C#CC(=O)C#C,5.175605774e0,-5.730825476e-3,2.552692592e-1,1.276346207e0,5.169875145e0,-1.329594970e0
train,3843,Nc1cnn(C=O)c1N,4.996010303e0,-4.193274379e-1,2.552692592e-1,1.276346207e0,4.576683044e0,-1.794353604e0
train,3844,O=C1C2CC3C1C23CO,6.596040249e0,1.704057753e-1,2.552692592e-1,1.276346207e0,6.766446114e0,-7.870171964e-2
train,3845,CCC1CC12CCOC2,9.148468018e0,-3.922226280e-2,2.552692592e-1,1.276346207e0,9.109245300e0,1.756852031e0
train,3846,C#CC1[NH+]2C3CC2C13O,7.401497364e0,-2.762033604e-3,2.552692592e-1,1.276346207e0,7.398735523e0,4.166890979e-1
train,3847,C#CC1([NH+]2CC2)CCC1,7.499457359e0,-1.866120994e-1,2.552692592e-1,1.276346207e0,7.312845230e0,3.493951261e-1
train,3848,COC1(C)CCOC1,8.903565407e0,-4.217744991e-2,2.552692592e-1,1.276346207e0,8.861388206e0,1.562659144e0
train,3849,CCCNc1ccno1,6.081744671e0,-3.546334207e-1,2.552692592e-1,1.276346207e0,5.727111340e0,-8.930074573e-1
train,3850,COC(C)C12COC1C2,8.209674835e0,-2.020072490e-1,2.552692592e-1,1.276346207e0,8.007667542e0,8.937796950e-1
train,3851,C#Cc1nc(C#N)no1,5.638199329e0,-2.192666531e-1,2.552692592e-1,1.276346207e0,5.418932915e0,-1.134461403e0
train,3852,O=c1ccncc(O)c1,4.000073910e0,-3.263901770e-1,2.552692592e-1,1.276346207e0,3.673683643e0,-2.501842260e0
train,3853,O=CCC1CC2CC2C1,6.190590382e0,-1.822082698e-1,2.552692592e-1,1.276346207e0,6.008382320e0,-6.726351976e-1
train,3854,C[NH+]1CC1C1CC1,8.495394707e0,2.169207484e-1,2.552692592e-1,1.276346207e0,8.712315559e0,1.445862532e0
train,3855,COc1[nH]cc(N)c1N,6.182426929e0,3.632207811e-1,2.552692592e-1,1.276346207e0,6.545647621e0,-2.516945601e-1
train,3856,CC12CC1(C)C(=O)N2,6.862711906e0,-1.138475835e-1,2.552692592e-1,1.276346207e0,6.748864174e0,-9.247694910e-2
train,3857,[NH-]C1OCC12C1C[NH+]2C1,6.764750481e0,-3.513007760e-1,2.552692592e-1,1.276346207e0,6.413449764e0,-3.552699089e-1
train,3858,CC1CC(C(=O)C=O)C1,4.217764854e0,-3.466173708e-1,2.552692592e-1,1.276346207e0,3.871147394e0,-2.347131968e0
train,3859,C#CC(C)C#CC(C)O,7.760687351e0,5.090421438e-1,2.552692592e-1,1.276346207e0,8.269729614e0,1.099102020e0
train,3860,N#CC(CO)CC1CO1,8.313077927e0,5.340679884e-1,2.552692592e-1,1.276346207e0,8.847146034e0,1.551500559e0
train,3861,CCC(OC)C(O)C#N,7.382448673e0,6.025177240e-1,2.552692592e-1,1.276346207e0,7.984966278e0,8.759934902e-1
train,3862,Cc1nc(C)[nH]c(=O)n1,5.521190166e0,-1.828207225e-1,2.552692592e-1,1.276346207e0,5.338369370e0,-1.197581887e0
train,3863,CN1C=CC(=O)C1=O,4.027285099e0,1.993014961e-1,2.552692592e-1,1.276346207e0,4.226586819e0,-2.068649530e0
train,3864,COc1c(C)ccn1C,6.476309776e0,1.258509904e-1,2.552692592e-1,1.276346207e0,6.602160931e0,-2.074171007e-1
train,3865,C1=CC2C3CC2C3OC1,6.674952984e0,1.957921535e-1,2.552692592e-1,1.276346207e0,6.870745182e0,3.015292576e-3
train,3866,CC1CC(O)(CO)C1=O,5.355200768e0,1.075601652e-1,2.552692592e-1,1.276346207e0,5.462760925e0,-1.100122690e0
train,3867,CC1OCC2(C)OC12,9.317178726e0,-3.060449362e-1,2.552692592e-1,1.276346207e0,9.011134148e0,1.679983139e0
train,3868,C[NH+]=C(N)c1nnc[nH]1,4.802809238e0,-3.178256154e-1,2.552692592e-1,1.276346207e0,4.484983444e0,-1.866199017e0
train,3869,O=C1NC2C3NC3C12,6.976998806e0,-7.093609124e-2,2.552692592e-1,1.276346207e0,6.906062603e0,3.068604879e-2
train,3870,O=CNC1CNC1=O,7.466804028e0,-1.383535564e-1,2.552692592e-1,1.276346207e0,7.328450680e0,3.616217971e-1
train,3871,CC1(C#N)CCOC1,8.334847450e0,1.683445126e-1,2.552692592e-1,1.276346207e0,8.503191948e0,1.282016873e0
train,3872,CCC1(C)C(C)C1C,8.966151237e0,-4.314749315e-2,2.552692592e-1,1.276346207e0,8.923004150e0,1.610934377e0
train,3873,CC1=C(C)C2(C)CC1O2,6.310320377e0,-9.479579516e-3,2.552692592e-1,1.276346207e0,6.300840855e0,-4.434975982e-1
train,3874,CCCC1COC1[NH-],7.874975204e0,-7.384695858e-2,2.552692592e-1,1.276346207e0,7.801128387e0,7.319588661e-1
train,3875,CC(=O)CCCCCO,6.378348827e0,1.208909601e-1,2.552692592e-1,1.276346207e0,6.499239922e0,-2.880544066e-1
train,3876,OC1C2CC13CC=CC23,6.966114998e0,1.515783742e-2,2.552692592e-1,1.276346207e0,6.981272697e0,8.961221576e-2
train,3877,OCC1C(O)C2CC12O,8.138925552e0,9.717489779e-2,2.552692592e-1,1.276346207e0,8.236100197e0,1.072753787e0
train,3878,CCOC(C)C(O)C#N,8.057291031e0,1.505127363e-2,2.552692592e-1,1.276346207e0,8.072341919e0,9.444512129e-1
train,3879,CC12CC1CCC2C#N,8.596076965e0,5.458911881e-3,2.552692592e-1,1.276346207e0,8.601535797e0,1.359068036e0
train,3880,NC(=O)C1=CNC(=O)C1,5.216422558e0,3.524487615e-1,2.552692592e-1,1.276346207e0,5.568871498e0,-1.016986370e0
train,3881,C#CCN(C=O)CC=O,5.733438969e0,8.276885003e-2,2.552692592e-1,1.276346207e0,5.816207886e0,-8.232014179e-1
train,3882,CC1C2CNC12C#N,6.574271202e0,2.362718880e-1,2.552692592e-1,1.276346207e0,6.810543060e0,-4.415231198e-2
train,3883,CC(=O)n1cnc(O)c1,4.704848766e0,4.200283904e-3,2.552692592e-1,1.276346207e0,4.709049225e0,-1.690646291e0
train,3884,C#CC1C(=O)C2OCC12,5.284451008e0,-1.940110773e-1,2.552692592e-1,1.276346207e0,5.090439796e0,-1.391831636e0
train,3885,CCOC(C)(C#N)CC,8.215117455e0,-1.118576080e-1,2.552692592e-1,1.276346207e0,8.103260040e0,9.686751962e-1
train,3886,[NH-]C1=CC(N)C(O)CO1,5.382411957e0,-4.145305753e-1,2.552692592e-1,1.276346207e0,4.967881203e0,-1.487854719e0
train,3887,CCOC(C)C1CC1O,8.040965080e0,-1.214113832e-2,2.552692592e-1,1.276346207e0,8.028823853e0,9.103553891e-1
train,3888,CC(C)C12C=CCC1O2,6.748423576e0,-2.202771604e-1,2.552692592e-1,1.276346207e0,6.528146267e0,-2.654066384e-1
train,3889,N#CC1(OC2CC2)CC1,7.589255333e0,1.996439397e-1,2.552692592e-1,1.276346207e0,7.788899422e0,7.223775983e-1
train,3890,C#CC(O[CH+][NH-])C(N)=O,6.955230236e0,1.489104354e-3,2.552692592e-1,1.276346207e0,6.956719398e0,7.037501037e-2
train,3891,C#CC#CC1(C)OC1C,5.915755272e0,8.102027327e-2,2.552692592e-1,1.276346207e0,5.996775627e0,-6.817288995e-1
train,3892,[NH-]C1CC(=O)CCO1,6.114398479e0,1.142993383e-2,2.552692592e-1,1.276346207e0,6.125828266e0,-5.806177258e-1
train,3893,CCC1CC(C)(C)C1=O,5.864053726e0,4.355399013e-1,2.552692592e-1,1.276346207e0,6.299593449e0,-4.444749057e-1
train,3894,CC1C2C=CC1(CO)C2,6.571549892e0,-4.186302722e-1,2.552692592e-1,1.276346207e0,6.152919769e0,-5.593919158e-1
train,3895,O=C1OC2C1CC1NC12,7.513063908e0,-8.317650110e-2,2.552692592e-1,1.276346207e0,7.429887295e0,4.410960972e-1
train,3896,COC1CC1(C)O,8.579750061e0,2.280197740e-1,2.552692592e-1,1.276346207e0,8.807769775e0,1.520649672e0
train,3897,CC12C=CC(O1)C([NH-])O2,6.462704182e0,-4.878819585e-1,2.552692592e-1,1.276346207e0,5.974822044e0,-6.989292502e-1
train,3898,OC1(c2ccn[nH]2)CC1,6.669510841e0,-3.758252859e-1,2.552692592e-1,1.276346207e0,6.293685436e0,-4.491037726e-1
train,3899,CCC(N)=O,7.600140095e0,2.875697017e-1,2.552692592e-1,1.276346207e0,7.887709618e0,7.997941375e-1
train,3900,C#CC1(O)CCC(O)C1,8.136203766e0,8.634576201e-2,2.552692592e-1,1.276346207e0,8.222549438e0,1.062136889e0
train,3901,CC12CC3COC1C2C3,8.089944839e0,1.489888597e-2,2.552692592e-1,1.276346207e0,8.104844093e0,9.699162841e-1
train,3902,N#CC1CC2CCC1C2,9.162073135e0,-3.947663605e-1,2.552692592e-1,1.276346207e0,8.767306328e0,1.488947153e0
train,3903,[H]N=C(C=O)NCC(C)O,4.623214245e0,2.938528657e-1,2.552692592e-1,1.276346207e0,4.917067051e0,-1.527666926e0
train,3904,C#CC1(C(C)OC)CN1,7.706264496e0,2.256775051e-1,2.552692592e-1,1.276346207e0,7.931941986e0,8.344496489e-1
train,3905,CC1O[CH+][NH2+]C1C1CN1,6.895365238e0,3.105390444e-2,2.552692592e-1,1.276346207e0,6.926419258e0,4.663523287e-2
train,3906,ONC1C2OC2C12CN2,6.236849785e0,1.579923630e-1,2.552692592e-1,1.276346207e0,6.394842148e0,-3.698487580e-1
train,3907,COC12CC=CC1OC2,6.840942383e0,-4.862101078e-1,2.552692592e-1,1.276346207e0,6.354732513e0,-4.012741446e-1
train,3908,O=C1C=CCCCCC1,5.706227779e0,1.972604170e-2,2.552692592e-1,1.276346207e0,5.725954056e0,-8.939141631e-1
train,3909,CC12C[NH+]3CC[NH+]1CC32,7.461361885e0,6.983024627e-2,2.552692592e-1,1.276346207e0,7.531192303e0,5.204673409e-1
train,3910,[H]N=CN1C(=O)C2OCC21,5.763371468e0,-1.194498967e-2,2.552692592e-1,1.276346207e0,5.751426697e0,-8.739566803e-1
train,3911,OCC(O)C1C2COC21,8.280425072e0,1.824054308e-2,2.552692592e-1,1.276346207e0,8.298666000e0,1.121773362e0
train,3912,CC1OC(C)(C)C1C#N,7.684495449e0,8.110938221e-2,2.552692592e-1,1.276346207e0,7.765604973e0,7.041267157e-1
train,3913,CC1(CO)C2C=CC1O2,6.269503117e0,2.606644928e-1,2.552692592e-1,1.276346207e0,6.530167580e0,-2.638229728e-1
train,3914,CCCC(C)(CC)CC,9.907666206e0,-2.995759547e-1,2.552692592e-1,1.276346207e0,9.608090401e0,2.147690773e0
train,3915,OC12C[NH+](C1)C2C1CN1,8.174300194e0,2.539523840e-1,2.552692592e-1,1.276346207e0,8.428252220e0,1.223302484e0
train,3916,CC#CC1COC([NH-])N1,7.102171898e0,-4.878240079e-2,2.552692592e-1,1.276346207e0,7.053389549e0,1.461148560e-1
train,3917,COc1oc(N)cc1C,6.084465981e0,2.660838664e-1,2.552692592e-1,1.276346207e0,6.350549698e0,-4.045513272e-1
train,3918,CC(=O)C1C=CCCO1,5.779698372e0,1.871465445e-1,2.552692592e-1,1.276346207e0,5.966845036e0,-7.051790953e-1
train,3919,COC1C2OCCC12O,7.869533062e0,1.781318188e-1,2.552692592e-1,1.276346207e0,8.047664642e0,9.251168966e-1
train,3920,CCN=C(C=O)NCC,4.185111046e0,-3.554118425e-2,2.552692592e-1,1.276346207e0,4.149569988e0,-2.128991365e0
train,3921,COC1OC(=O)C=C1C,6.065417767e0,4.150202125e-2,2.552692592e-1,1.276346207e0,6.106919765e0,-5.954323411e-1
train,3922,C#CCOC1C2COC21,7.211016655e0,-3.286967576e-1,2.552692592e-1,1.276346207e0,6.882319927e0,1.208395977e-2
train,3923,CCC12C3C4C3[NH+]1C42,7.597418785e0,3.256466687e-1,2.552692592e-1,1.276346207e0,7.923065662e0,8.274951577e-1
train,3924,N#CC(O)c1ccn[nH]1,6.566107273e0,3.830848336e-1,2.552692592e-1,1.276346207e0,6.949192047e0,6.447742879e-2
train,3925,CCC1NC1C#CC#N,6.089908123e0,-7.412046194e-2,2.552692592e-1,1.276346207e0,6.015787601e0,-6.668332219e-1
train,3926,c1cncc(C2CO2)c1,6.114398479e0,1.220668703e-1,2.552692592e-1,1.276346207e0,6.236465454e0,-4.939348996e-1
train,3927,C#CC1C2C3C(C)C2C13,8.157973289e0,1.123000532e-1,2.552692592e-1,1.276346207e0,8.270273209e0,1.099527955e0
train,3928,CC1=C(C)C2(CC2)OC1,6.231407166e0,2.369855940e-1,2.552692592e-1,1.276346207e0,6.468392849e0,-3.122226894e-1
train,3929,NC(=O)C[NH+]1CCC1,7.175642490e0,-3.176333904e-1,2.552692592e-1,1.276346207e0,6.858009338e0,-6.963080727e-3
train,3930,N#CC1CC12CO[CH+][NH2+]2,6.691279888e0,1.695332378e-1,2.552692592e-1,1.276346207e0,6.860813141e0,-4.766336642e-3
train,3931,N#CCC1(C#N)CCO1,7.646399021e0,-2.478299886e-1,2.552692592e-1,1.276346207e0,7.398569107e0,4.165587127e-1
train,3932,CC1=CCOCCC1,6.783798695e0,2.470812760e-2,2.552692592e-1,1.276346207e0,6.808506966e0,-4.574756697e-2
train,3933,O=CC1=CCCOC1=O,4.677637100e0,-3.454570472e-2,2.552692592e-1,1.276346207e0,4.643091202e0,-1.742323637e0
train,3934,[NH-]C1OC2CC(O)C12O,7.181085110e0,1.573890150e-1,2.552692592e-1,1.276346207e0,7.338474274e0,3.694751561e-1
train,3935,C#CC#CC1C[NH+]1CC,5.570170403e0,3.466489539e-2,2.552692592e-1,1.276346207e0,5.604835510e0,-9.888090491e-1
train,3936,N#CC(O)C(=O)O[CH+][NH-],6.699442863e0,3.353682458e-1,2.552692592e-1,1.276346207e0,7.034811020e0,1.315588206e-1
train,3937,COC12C3C4CC3C1C42,8.688595772e0,1.379535496e-1,2.552692592e-1,1.276346207e0,8.826549530e0,1.535363436e0
train,3938,CC(C#N)C12C[NH+](C1)C2,7.379727840e0,4.804140329e-1,2.552692592e-1,1.276346207e0,7.860141754e0,7.781950831e-1
train,3939,COCC1(O)CC1OC,8.503558159e0,-1.590673625e-1,2.552692592e-1,1.276346207e0,8.344491005e0,1.157676578e0
train,3940,CC[NH2+]CC(C)C(=O)[O-],4.100755692e0,-2.628892362e-1,2.552692592e-1,1.276346207e0,3.837866545e0,-2.373207092e0
train,3941,N#CCc1onnc1N,5.099413872e0,-2.929977775e-1,2.552692592e-1,1.276346207e0,4.806416035e0,-1.614360690e0
train,3942,CC#CCCC(O)C#N,7.129383087e0,1.343671232e-1,2.552692592e-1,1.276346207e0,7.263750076e0,3.109296858e-1
train,3943,C#CCCc1cc[nH]n1,7.162036896e0,-2.262989432e-2,2.552692592e-1,1.276346207e0,7.139407158e0,2.135085762e-1
train,3944,O=Cc1oc(=O)oc1O,5.238191605e0,-9.574124217e-2,2.552692592e-1,1.276346207e0,5.142450333e0,-1.351081967e0
train,3945,O=C1OCC2(CO)CN12,7.845042706e0,-1.298627108e-1,2.552692592e-1,1.276346207e0,7.715179920e0,6.646193266e-1
train,3946,O=C1CC[NH+]2C3CC12C3,5.458603859e0,-5.606444553e-2,2.552692592e-1,1.276346207e0,5.402539253e0,-1.147305608e0
train,3947,[NH-]C1CCC=CCCO1,6.900807381e0,3.149050847e-2,2.552692592e-1,1.276346207e0,6.932297707e0,5.124092102e-2
train,3948,COc1c(N)noc1C,6.506242275e0,-1.419710815e-1,2.552692592e-1,1.276346207e0,6.364271164e0,-3.938007355e-1
train,3949,O=C1C=CC2OCC2N1,5.624593258e0,1.921004504e-1,2.552692592e-1,1.276346207e0,5.816693783e0,-8.228207231e-1
train,3950,CC1N=COC2CCC12,7.472246647e0,1.229488850e-1,2.552692592e-1,1.276346207e0,7.595195770e0,5.706132054e-1
train,3951,C#CC1(C#N)CC1C#N,6.933460712e0,1.290609390e-1,2.552692592e-1,1.276346207e0,7.062521458e0,1.532695889e-1
train,3952,CC1C2COC([NH-])OC12,8.095387459e0,1.724087894e-1,2.552692592e-1,1.276346207e0,8.267796516e0,1.097587466e0
train,3953,O=C1NC2CC1(O)C2,7.197411537e0,-4.446559399e-2,2.552692592e-1,1.276346207e0,7.152945995e0,2.241160870e-1
train,3954,NC1=NCCOC1C=O,5.017779827e0,-1.259564459e-1,2.552692592e-1,1.276346207e0,4.891823292e0,-1.547445178e0
train,3955,C1C2C3OC4C2C4C13,9.121256828e0,1.478641108e-2,2.552692592e-1,1.276346207e0,9.136043549e0,1.777848125e0
train,3956,c1cc2[nH]cnc2o[cH+]1,4.541580200e0,1.674310863e-1,2.552692592e-1,1.276346207e0,4.709011078e0,-1.690676212e0
train,3957,Cc1cc2n(n1)CC2,7.191968918e0,1.125648543e-1,2.552692592e-1,1.276346207e0,7.304533958e0,3.428833485e-1
train,3958,COCC1COC(=O)N1,8.500837326e0,5.799137354e-1,2.552692592e-1,1.276346207e0,9.080751419e0,1.734527349e0
train,3959,CC1(C)OC2CC(=O)C21,5.896707535e0,-1.701816320e-1,2.552692592e-1,1.276346207e0,5.726525784e0,-8.934662342e-1
train,3960,CC1C2NC(C#N)[NH2+]C12,5.284451008e0,8.989486843e-2,2.552692592e-1,1.276346207e0,5.374345779e0,-1.169394851e0
train,3961,C1CC2NC2C2OC2C1,8.514442444e0,2.335323095e-1,2.552692592e-1,1.276346207e0,8.747974396e0,1.473800778e0
train,3962,C#CCOCC1CO1,7.858648300e0,2.278264426e-2,2.552692592e-1,1.276346207e0,7.881431103e0,7.948750257e-1
train,3963,OC12C[NH+](C1)C2C1CC1,8.389269829e0,-7.226327062e-2,2.552692592e-1,1.276346207e0,8.317006111e0,1.136142612e0
train,3964,C#CC1(O)C2CC1(C)N2,7.728034019e0,4.306678101e-2,2.552692592e-1,1.276346207e0,7.771100998e0,7.084327340e-1
train,3965,COc1cc[nH]c1C,6.103513718e0,-1.764720380e-1,2.552692592e-1,1.276346207e0,5.927041531e0,-7.363646626e-1
train,3966,C#CC(O)C12CCC1N2,8.128041267e0,-7.564756274e-2,2.552692592e-1,1.276346207e0,8.052393913e0,9.288222194e-1
train,3967,COC1CC1C(C)O,8.832816124e0,4.554108381e-1,2.552692592e-1,1.276346207e0,9.288227081e0,1.897081971e0
train,3968,[NH-][CH+]OC1(C(N)=O)CC1,6.979720592e0,2.113491446e-1,2.552692592e-1,1.276346207e0,7.191069603e0,2.539854646e-1
train,3969,CCC12CC3C1C3(O)C2,8.713085175e0,-2.667984553e-2,2.552692592e-1,1.276346207e0,8.686405182e0,1.425562143e0
train,3970,Cc1c(N)cn(C)c1C,6.108956337e0,-1.687980443e-1,2.552692592e-1,1.276346207e0,5.940158367e0,-7.260878086e-1
train,3971,COCC1CC(=O)C1C,6.027321815e0,-4.692028463e-2,2.552692592e-1,1.276346207e0,5.980401516e0,-6.945577860e-1
train,3972,[NH-]c1cc[nH+]c(=O)o1,5.434113503e0,9.737846255e-2,2.552692592e-1,1.276346207e0,5.531491756e0,-1.046272993e0
train,3973,CC1CCN(C)C(=O)O1,8.011032104e0,-4.712496102e-1,2.552692592e-1,1.276346207e0,7.539782524e0,5.271976590e-1
train,3974,CC(=O)C1OC2CNC21,6.054533005e0,1.335255522e-2,2.552692592e-1,1.276346207e0,6.067885399e0,-6.260152459e-1
train,3975,C1C2CC34CCC3(C4)[NH+]12,7.703543663e0,-1.108978987e-1,2.552692592e-1,1.276346207e0,7.592645645e0,5.686152577e-1
train,3976,C#CC12C(O)C3CC1C32,7.472246647e0,1.939746737e-1,2.552692592e-1,1.276346207e0,7.666221142e0,6.262606978e-1
train,3977,[H]N=C(NC=O)C(=O)C#C,4.038169384e0,-3.214654922e-1,2.552692592e-1,1.276346207e0,3.716703892e0,-2.468136311e0
train,3978,CC(=O)NCC(O)C=O,5.458603859e0,5.217940211e-1,2.552692592e-1,1.276346207e0,5.980397701e0,-6.945607662e-1
train,3979,OCCOC1CC(O)C1,9.034179688e0,2.085967688e-3,2.552692592e-1,1.276346207e0,9.036265373e0,1.699673176e0
train,3980,CNC(C#N)=NCC#N,5.537517071e0,5.209072679e-2,2.552692592e-1,1.276346207e0,5.589607716e0,-1.000739813e0
train,3981,CCC(CC)C1OC1C,8.947103500e0,4.947828129e-2,2.552692592e-1,1.276346207e0,8.996582031e0,1.668581724e0
train,3982,Cc1occc1CO,6.383790970e0,-2.546547353e-1,2.552692592e-1,1.276346207e0,6.129136086e0,-5.780261159e-1
train,3983,CC1(O)CC(=O)C1CO,5.953851223e0,2.469388545e-1,2.552692592e-1,1.276346207e0,6.200789928e0,-5.218862295e-1
train,3984,CCC1(C=O)OC1(C)C,5.885822773e0,3.942051828e-1,2.552692592e-1,1.276346207e0,6.280027866e0,-4.598042965e-1
train,3985,CCC1CC2CCC=C12,6.713048935e0,7.790785283e-2,2.552692592e-1,1.276346207e0,6.790956974e0,-5.949776620e-2
train,3986,O=C1CC(O)CC1NO,4.522532463e0,1.600057334e-1,2.552692592e-1,1.276346207e0,4.682538033e0,-1.711417556e0
train,3987,[H]N=CNc1nc(O)co1,5.276288033e0,-1.223741658e-2,2.552692592e-1,1.276346207e0,5.264050484e0,-1.255809784e0
train,3988,O=Cc1c[nH]nc1CO,5.493978977e0,-1.051603034e-1,2.552692592e-1,1.276346207e0,5.388818741e0,-1.158055425e0
train,3989,CC1C[NH+]2CC2C1O,7.749802589e0,2.938026488e-1,2.552692592e-1,1.276346207e0,8.043604851e0,9.219360948e-1
train,3990,O=CN1C=NCCC1=O,5.953851223e0,1.053582877e-1,2.552692592e-1,1.276346207e0,6.059209347e0,-6.328128576e-1
train,3991,CCC12NC1CNC2=O,6.966114998e0,-1.903701425e-1,2.552692592e-1,1.276346207e0,6.775744915e0,-7.141622156e-2
train,3992,CC1C2C3C4[NH+]3C1C24O,7.396054745e0,-2.498802096e-1,2.552692592e-1,1.276346207e0,7.146174431e0,2.188106477e-1
train,3993,COC(C(N)=O)C1CO1,7.083124161e0,3.386559486e-1,2.552692592e-1,1.276346207e0,7.421780109e0,4.347442389e-1
train,3994,Cn1ccc(O)c1[NH-],3.964698792e0,-4.358783364e-2,2.552692592e-1,1.276346207e0,3.921110868e0,-2.307986021e0
train,3995,CC1CC1N(C=O)C=O,5.831399918e0,-1.071716473e-1,2.552692592e-1,1.276346207e0,5.724228382e0,-8.952662349e-1
train,3996,C1CC2CCC(CC2)O1,8.272260666e0,5.251545906e-1,2.552692592e-1,1.276346207e0,8.797414780e0,1.512536764e0
train,3997,NC=[NH+]C1=CC(=O)O[CH+]1,1.929287314e0,-2.256727666e-1,2.552692592e-1,1.276346207e0,1.703614593e0,-4.045366287e0
train,3998,C[NH+]1CC12C1C[NH+]3C1C32,8.138925552e0,-1.581634581e-1,2.552692592e-1,1.276346207e0,7.980762005e0,8.726994991e-1
train,3999,CCn1nccc1CO,6.775634766e0,-1.628112495e-1,2.552692592e-1,1.276346207e0,6.612823486e0,-1.990631223e-1
val,0,CCC1CC=CC1OC,7.036864281e0,-2.437672168e-1,2.552692592e-1,1.276346207e0,6.793097019e0,-5.782106891e-2
val,1,CC1OC(C)(C#N)C1=O,5.921197414e0,-1.345735043e-1,2.552692592e-1,1.276346207e0,5.786623955e0,-8.463800550e-1
val,2,CC12OCC3[CH-]CC1C32,5.409623623e0,5.482460186e-2,2.552692592e-1,1.276346207e0,5.464448452e0,-1.098800540e0
val,3,OCCC12CCC1O2,8.821931839e0,-1.217944026e-1,2.552692592e-1,1.276346207e0,8.700137138e0,1.436320901e0
val,4,C1=NC2CC(O1)C1CC21,7.314420223e0,1.416628212e-1,2.552692592e-1,1.276346207e0,7.456082821e0,4.616199732e-1
val,5,OCC1C2C=CCC21,6.677673817e0,-1.120318621e-1,2.552692592e-1,1.276346207e0,6.565641880e0,-2.360293120e-1
val,6,O=C1CC2C(CO)C12,6.209638119e0,9.487689286e-2,2.552692592e-1,1.276346207e0,6.304514885e0,-4.406190217e-1
val,7,CC12C3OC4C3C1(O)C42,8.351174355e0,1.245286465e-1,2.552692592e-1,1.276346207e0,8.475703239e0,1.260479808e0
val,8,O=C1CC2(CCCC2)O1,7.738917828e0,2.476616949e-2,2.552692592e-1,1.276346207e0,7.763683796e0,7.026214600e-1
val,9,CC1(C)C2C=CC(=O)C21,5.006895065e0,-1.576212794e-2,2.552692592e-1,1.276346207e0,4.991132736e0,-1.469637394e0
val,10,CCC(N)C#N,8.108993530e0,-6.139509082e-1,2.552692592e-1,1.276346207e0,7.495042801e0,4.921446443e-1
val,11,NC1=C(C=O)CCC1O,4.949750900e0,1.531261355e-1,2.552692592e-1,1.276346207e0,5.102877140e0,-1.382087111e0
val,12,OC12CC1N1NC=CC12,6.209638119e0,1.768196821e-1,2.552692592e-1,1.276346207e0,6.386457920e0,-3.764176965e-1
val,13,CC12OC(C3CC31)C2O,8.636894226e0,5.578404069e-1,2.552692592e-1,1.276346207e0,9.194734573e0,1.823831797e0
val,14,CC(C#N)OC(C)CO,7.760687351e0,-4.245950282e-1,2.552692592e-1,1.276346207e0,7.336092472e0,3.676090539e-1
val,15,CC1C=CC(O)C1C#N,7.066796780e0,1.331577897e-1,2.552692592e-1,1.276346207e0,7.199954510e0,2.609466612e-1
val,16,CNC1=CC(NO)CC1,5.134788513e0,8.457439542e-1,2.552692592e-1,1.276346207e0,5.980532646e0,-6.944550276e-1
val,17,CC(C)C(=O)CCC=O,6.174263477e0,-2.831766754e-2,2.552692592e-1,1.276346207e0,6.145946026e0,-5.648557544e-1
val,18,C1=CC23COC2C1CO3,6.576991558e0,5.567745492e-2,2.552692592e-1,1.276346207e0,6.632668972e0,-1.835144311e-1
val,19,CC1COC(C)O1,9.314456940e0,4.460476339e-2,2.552692592e-1,1.276346207e0,9.359061241e0,1.952579618e0
val,20,COCCC(C)(C)C#N,8.307636261e0,-8.150850981e-2,2.552692592e-1,1.276346207e0,8.226127625e0,1.064940453e0
val,21,O=CN1CCCCCC1,7.270882130e0,6.138808280e-2,2.552692592e-1,1.276346207e0,7.332270145e0,3.646143079e-1
val,22,CC1(CO)CC2NC2C1,8.304915428e0,-9.923628718e-2,2.552692592e-1,1.276346207e0,8.205678940e0,1.048919082e0
val,23,CC12CC1(C=O)O[CH+][NH2+]2,5.902149677e0,3.974161744e-1,2.552692592e-1,1.276346207e0,6.299565792e0,-4.444965720e-1
val,24,COC1CCC(=O)O1,7.567486763e0,-9.038332850e-2,2.552692592e-1,1.276346207e0,7.477103233e0,4.780892134e-1
val,25,C#CC1C2C(=O)C(C)C12,6.027321815e0,-2.009992003e-1,2.552692592e-1,1.276346207e0,5.826322556e0,-8.152766824e-1
val,26,CC#CC1=CCCC1O,5.613708973e0,-9.459172189e-2,2.552692592e-1,1.276346207e0,5.519117355e0,-1.055968165e0
val,27,CC1C2CC=CC12CO,6.680395126e0,-6.485687941e-2,2.552692592e-1,1.276346207e0,6.615538120e0,-1.969362348e-1
val,28,CC1OCC12C=CCC2,6.976998806e0,7.954664826e-1,2.552692592e-1,1.276346207e0,7.772465229e0,7.095016241e-1
val,29,CC1OC2CCCC12,8.781113625e0,-3.488125205e-1,2.552692592e-1,1.276346207e0,8.432301521e0,1.226475120e0
val,30,O=C1CC=CC2NC2C1,6.079023361e0,6.444880366e-1,2.552692592e-1,1.276346207e0,6.723511219e0,-1.123406664e-1
val,31,CCC1CC=CC1(C)C,7.194690704e0,-2.657183111e-1,2.552692592e-1,1.276346207e0,6.928972244e0,4.863546416e-2
val,32,CC1(C)CC(=O)C=C1N,5.594660759e0,-4.054101929e-2,2.552692592e-1,1.276346207e0,5.554119587e0,-1.028544307e0
val,33,CCc1nonc1CO,6.770192623e0,1.053417549e-1,2.552692592e-1,1.276346207e0,6.875534534e0,6.767690182e-3
val,34,CC1(C#N)COCO1,8.103550911e0,1.003992110e-1,2.552692592e-1,1.276346207e0,8.203949928e0,1.047564507e0
val,35,O=C1OC2C[NH+]3CC2C13,6.557943821e0,1.374774575e-1,2.552692592e-1,1.276346207e0,6.695421219e0,-1.343488246e-1
val,36,CCC1=C(CC)CCC1,6.797404289e0,-2.500173151e-1,2.552692592e-1,1.276346207e0,6.547387123e0,-2.503316700e-1
val,37,CC(C#N)C(=O)CO,6.329368591e0,1.066285558e-2,2.552692592e-1,1.276346207e0,6.340031624e0,-4.127921164e-1
val,38,OC1C2CC3COC1C32,8.489952087e0,-2.067288607e-1,2.552692592e-1,1.276346207e0,8.283223152e0,1.109673977e0
val,39,C1C2C3C1C1C2C2C3[NH+]12,8.473625183e0,-2.138200849e-1,2.552692592e-1,1.276346207e0,8.259804726e0,1.091325998e0
val,40,CC#CC1CC=CC1,7.205575466e0,2.302511185e-1,2.552692592e-1,1.276346207e0,7.435826778e0,4.457496107e-1
val,41,CC1C=CC(OC=O)C1,7.047749043e0,-7.146134973e-2,2.552692592e-1,1.276346207e0,6.976287842e0,8.570664376e-2
val,42,CC1CC=CC1OC=O,7.004210949e0,2.801592648e-1,2.552692592e-1,1.276346207e0,7.284370422e0,3.270854652e-1
val,43,N#CC12CCC(O)C1N2,7.357958317e0,4.580715299e-1,2.552692592e-1,1.276346207e0,7.816030025e0,7.436341047e-1
val,44,c1cnc2c(n1)COC2,5.216422558e0,6.731662154e-1,2.552692592e-1,1.276346207e0,5.889588833e0,-7.657083869e-1
val,45,CC1C2C3OC([NH-])[NH+]1C32,7.240949631e0,2.663390040e-1,2.552692592e-1,1.276346207e0,7.507288456e0,5.017389655e-1
val,46,COC1(C)CC=CC1O,7.175642490e0,-1.696718335e-1,2.552692592e-1,1.276346207e0,7.005970478e0,1.089626104e-1
val,47,Cc1cc(C2CN2)n[nH]1,6.337531567e0,6.193247437e-2,2.552692592e-1,1.276346207e0,6.399464130e0,-3.662274778e-1
val,48,C1=CC23CC2(C1)[NH+]1CC13,5.793303967e0,-5.460873246e-3,2.552692592e-1,1.276346207e0,5.787843227e0,-8.454247713e-1
val,49,C#CCCC1OCCO1,8.544375420e0,7.397412509e-2,2.552692592e-1,1.276346207e0,8.618349075e0,1.372241020e0
val,50,CC12CC1C(=O)C(=O)O2,4.742944717e0,-1.047877893e-1,2.552692592e-1,1.276346207e0,4.638156891e0,-1.746189594e0
val,51,CC1C(NO)C2(C)OC12,6.775634766e0,-1.229927968e-2,2.552692592e-1,1.276346207e0,6.763335705e0,-8.113868535e-2
val,52,Nc1ncc(N)c(=O)o1,4.372869492e0,4.143459797e-1,2.552692592e-1,1.276346207e0,4.787215233e0,-1.629404187e0
val,53,CC12C(=O)C(O)C1C2O,5.804188728e0,-3.498816788e-1,2.552692592e-1,1.276346207e0,5.454307079e0,-1.106746197e0
val,54,CCc1c[nH]c(=O)n1C,6.152494431e0,1.822798699e-1,2.552692592e-1,1.276346207e0,6.334774494e0,-4.169110060e-1
val,55,N#CCOCC(=O)C#N,5.782419682e0,-6.395446602e-3,2.552692592e-1,1.276346207e0,5.776024342e0,-8.546847105e-1
val,56,CCC#CCCC,8.130762100e0,-3.528553247e-1,2.552692592e-1,1.276346207e0,7.777906895e0,7.137650847e-1
val,57,CCC1(O)CC2OC21,8.555259705e0,-2.321011126e-1,2.552692592e-1,1.276346207e0,8.323158264e0,1.140962720e0
val,58,CC#CC#CC(C)C#N,6.065417767e0,-3.053765595e-1,2.552692592e-1,1.276346207e0,5.760041237e0,-8.672072887e-1
val,59,CC(C=O)C12CCC1O2,5.913033962e0,-2.136878483e-2,2.552692592e-1,1.276346207e0,5.891664982e0,-7.640817165e-1
val,60,O=CC12C(=O)CC1C2O,5.717112064e0,3.228677437e-3,2.552692592e-1,1.276346207e0,5.720340729e0,-8.983121514e-1
val,61,COC1C2[NH2+][CH+]OC21,6.887201786e0,2.167990506e-1,2.552692592e-1,1.276346207e0,7.104001045e0,1.857683361e-1
val,62,Cn1cc2c(n1)CCN2,5.687179565e0,-8.926536888e-2,2.552692592e-1,1.276346207e0,5.597914219e0,-9.942317605e-1
val,63,CC12COC(CC1O)O2,8.536211014e0,9.539320320e-2,2.552692592e-1,1.276346207e0,8.631604195e0,1.382626176e0
val,64,C#CCOCCOCC,7.423265934e0,-3.003985882e-1,2.552692592e-1,1.276346207e0,7.122867584e0,2.005500197e-1
val,65,CNC1=NC([NH-])=CNO1,4.892607212e0,5.262846500e-2,2.552692592e-1,1.276346207e0,4.945235729e0,-1.505597115e0
val,66,CC1OCc2[nH]cnc21,6.517127037e0,6.711900979e-2,2.552692592e-1,1.276346207e0,6.584246159e0,-2.214530855e-1
val,67,CC12NC(C3NC31)C2O,7.673610687e0,-1.412598491e-1,2.552692592e-1,1.276346207e0,7.532351017e0,5.213751793e-1
val,68,O=C1OC23COC(C2)C13,6.805567265e0,-1.570782959e-1,2.552692592e-1,1.276346207e0,6.648488998e0,-1.711196303e-1
val,69,O=C1NC2CC2CO1,7.888580799e0,1.929666847e-1,2.552692592e-1,1.276346207e0,8.081547737e0,9.516638517e-1
val,70,CCOC1CCC2OC12,8.960708618e0,5.031345412e-2,2.552692592e-1,1.276346207e0,9.011021614e0,1.679894924e0
val,71,CCC1OC(C)OC1[NH-],7.907628536e0,5.675157160e-2,2.552692592e-1,1.276346207e0,7.964380264e0,8.598646522e-1
val,72,O=C1C[NH+]2CC3NC3C12,5.684458733e0,-3.531508446e-1,2.552692592e-1,1.276346207e0,5.331307888e0,-1.203114510e0
val,73,CC(O)C(N)(C#N)C#N,7.461361885e0,4.028525576e-2,2.552692592e-1,1.276346207e0,7.501646996e0,4.973189235e-1
val,74,C#CC1C=CC(C)C1=O,5.858611107e0,4.131969213e-1,2.552692592e-1,1.276346207e0,6.271808147e0,-4.662443399e-1
val,75,CC12CC(C#N)C1O2,8.040965080e0,-2.278665267e-2,2.552692592e-1,1.276346207e0,8.018177986e0,9.020144939e-1
val,76,C1C2C3C1C1(CO1)C23,9.374322891e0,-2.790019810e-1,2.552692592e-1,1.276346207e0,9.095320702e0,1.745942235e0
val,77,CCCCC(C=O)OC,5.801467419e0,3.664195165e-2,2.552692592e-1,1.276346207e0,5.838109493e0,-8.060417771e-1
val,78,C#CC1NC(CO)C1=O,5.624593258e0,-1.680541597e-2,2.552692592e-1,1.276346207e0,5.607787609e0,-9.864960909e-1
val,79,N#CC12CCCC1OC2,7.825994968e0,-2.325682044e-1,2.552692592e-1,1.276346207e0,7.593426704e0,5.692271590e-1
val,80,COCC(O)C(=O)C=O,4.378312111e0,1.365814507e-1,2.552692592e-1,1.276346207e0,4.514893532e0,-1.842764854e0
val,81,CC1C=CC2C(C)C12O,6.555222511e0,3.379988372e-1,2.552692592e-1,1.276346207e0,6.893221378e0,2.062511072e-2
val,82,COCC1C(C)C2OC12,9.006968498e0,-1.262836754e-1,2.552692592e-1,1.276346207e0,8.880684853e0,1.577777743e0
val,83,C#CC1CC2(COC2)C1,7.929397583e0,4.727404192e-2,2.552692592e-1,1.276346207e0,7.976671696e0,8.694947958e-1
val,84,OC1C=CCCCCC1,6.919855118e0,1.359850317e-1,2.552692592e-1,1.276346207e0,7.055840015e0,1.480347663e-1
val,85,C#CC1C=C(C)CC1C,6.982441425e0,3.183171451e-1,2.552692592e-1,1.276346207e0,7.300758362e0,3.399252295e-1
val,86,C1C2CC34COC3(C4)C12,7.396054745e0,1.047766060e-1,2.552692592e-1,1.276346207e0,7.500831127e0,4.966797233e-1
val,87,C#CC1=CC(CC)CC1,5.668131351e0,2.828967571e-1,2.552692592e-1,1.276346207e0,5.951027870e0,-7.175716758e-1
val,88,CC12C(=O)C3C4C(C31)[NH+]42,5.727996826e0,-1.929737628e-1,2.552692592e-1,1.276346207e0,5.535023212e0,-1.043506026e0
val,89,OCCCC1CC2OC12,8.979757309e0,-3.666188419e-1,2.552692592e-1,1.276346207e0,8.613138199e0,1.368158340e0
val,90,CC12CC3C1COCC32,8.922613144e0,4.090025723e-1,2.552692592e-1,1.276346207e0,9.331615448e0,1.931076169e0
val,91,CCOC1C(O)C2OC12,8.525327682e0,-5.057521462e-1,2.552692592e-1,1.276346207e0,8.019575119e0,9.031091332e-1
val,92,[CH+]1[NH2+]C2C3NC2C3O1,6.857269287e0,-1.681831479e-1,2.552692592e-1,1.276346207e0,6.689085960e0,-1.393124312e-1
val,93,O=CC1=CCC2CC12,5.213701248e0,1.378858685e-1,2.552692592e-1,1.276346207e0,5.351587296e0,-1.187225819e0
val,94,C#CCn1nn[nH]c1=O,6.182426929e0,-2.321971506e-1,2.552692592e-1,1.276346207e0,5.950229645e0,-7.181970477e-1
val,95,CCC(C)c1cnon1,6.963393688e0,-1.271137148e-1,2.552692592e-1,1.276346207e0,6.836279869e0,-2.398784645e-2
val,96,CC1C2N=CNC=NC12,5.532074928e0,5.304633081e-2,2.552692592e-1,1.276346207e0,5.585121155e0,-1.004254937e0
val,97,CCC(=O)C1C=CCC1,5.834120750e0,1.234670132e-1,2.552692592e-1,1.276346207e0,5.957587719e0,-7.124320865e-1
val,98,CC1C=CC(O)C2CC12,7.110334873e0,1.752836071e-2,2.552692592e-1,1.276346207e0,7.127863407e0,2.044641972e-1
val,99,CC(C)C#CC(C)(C)C,8.234165192e0,2.711671293e-1,2.552692592e-1,1.276346207e0,8.505331993e0,1.283693552e0
val,100,C1=CC2(CC1)C[NH+]1CC12,6.699442863e0,-4.113222957e-1,2.552692592e-1,1.276346207e0,6.288120747e0,-4.534636438e-1
val,101,CC1CC2NC(=O)OC12,8.359337807e0,-4.331220686e-1,2.552692592e-1,1.276346207e0,7.926215649e0,8.299631476e-1
val,102,OC1N=Nc2[nH+]nnn21,4.966077805e0,-7.989253849e-2,2.552692592e-1,1.276346207e0,4.886185169e0,-1.551862597e0
val,103,CC1C(=O)C=CC1O,5.142951965e0,-2.578703165e-1,2.552692592e-1,1.276346207e0,4.885081768e0,-1.552726984e0
val,104,CC12C(O)C3C(O)C1[NH+]32,8.190627098e0,1.030577645e-1,2.552692592e-1,1.276346207e0,8.293684959e0,1.117870688e0
val,105,CC1=CC2CC(=O)N2C1,6.808288574e0,-3.957865387e-2,2.552692592e-1,1.276346207e0,6.768710136e0,-7.692788541e-2
val,106,CC1C2CC(=O)OC12,7.616467476e0,5.083547831e-1,2.552692592e-1,1.276346207e0,8.124822617e0,9.855691791e-1
val,107,CC1CC=C(C=O)C1=O,4.397359848e0,2.123261094e-1,2.552692592e-1,1.276346207e0,4.609685898e0,-1.768496275e0
val,108,N#Cc1nonc1CO,6.040927887e0,-7.019083947e-2,2.552692592e-1,1.276346207e0,5.970736980e0,-7.021298409e-1
val,109,CC1=CC(=O)C2(C)CN12,5.197374821e0,-2.833416164e-1,2.552692592e-1,1.276346207e0,4.914033413e0,-1.530043840e0
val,110,CC1=CCC(C)(CO)C1,7.072239399e0,-1.468727589e-1,2.552692592e-1,1.276346207e0,6.925366402e0,4.581033066e-2
val,111,CC(CO)C(C)CC=O,6.220522881e0,5.500731617e-2,2.552692592e-1,1.276346207e0,6.275530338e0,-4.633280635e-1
val,112,CC1=CCc2cn[nH]c21,5.295335770e0,6.940595806e-2,2.552692592e-1,1.276346207e0,5.364741802e0,-1.176919460e0
val,113,CC12CC(O)(C=O)C1O2,5.815073013e0,1.732416898e-1,2.552692592e-1,1.276346207e0,5.988314629e0,-6.883579493e-1
val,114,OCC[NH2+]C1COCO1,7.020537376e0,-6.712446362e-2,2.552692592e-1,1.276346207e0,6.953413010e0,6.778449565e-2
val,115,FC(F)(F)C12CCC1O2,9.189285278e0,1.163967699e-1,2.552692592e-1,1.276346207e0,9.305682182e0,1.910757780e0
val,116,OC1CCC12COC2,8.258655548e0,2.954942733e-2,2.552692592e-1,1.276346207e0,8.288205147e0,1.113577366e0
val,117,CC(O)CC1C=CCC1,7.129383087e0,1.667355001e-1,2.552692592e-1,1.276346207e0,7.296118736e0,3.362901211e-1
val,118,C1CC2C3C(O1)C1C2C31,9.064112663e0,1.425049603e-1,2.552692592e-1,1.276346207e0,9.206617355e0,1.833141804e0
val,119,C[CH+]1NOC(=O)OC1[NH-],5.869495869e0,2.508655190e-2,2.552692592e-1,1.276346207e0,5.894582272e0,-7.617960572e-1
val,120,Cn1ccc(=O)[nH]c1=O,5.540238380e0,-7.141353190e-2,2.552692592e-1,1.276346207e0,5.468824863e0,-1.095371604e0
val,121,CCC1(C)CCC2OC21,9.113092422e0,1.705610305e-1,2.552692592e-1,1.276346207e0,9.283653259e0,1.893498421e0
val,122,COC1(C)C=CC(=O)C1,5.151115417e0,-2.124182582e-1,2.552692592e-1,1.276346207e0,4.938697338e0,-1.510719895e0
val,123,CCC1C=CC(C)O1,6.734817982e0,-1.425027568e-2,2.552692592e-1,1.276346207e0,6.720567703e0,-1.146468744e-1
val,124,O=CC1(O)C=CCC1,5.717112064e0,-1.824440621e-2,2.552692592e-1,1.276346207e0,5.698867798e0,-9.151359200e-1
val,125,CC12CC3CC(CO1)C32,8.555259705e0,-1.550935954e-1,2.552692592e-1,1.276346207e0,8.400166512e0,1.201297641e0
val,126,N#CCN=C(N)C#N,6.100792408e0,-3.902649581e-1,2.552692592e-1,1.276346207e0,5.710527420e0,-9.060007334e-1
val,127,CC1(C#N)COC(=O)C1,7.542996407e0,5.853813887e-2,2.552692592e-1,1.276346207e0,7.601534367e0,5.755794644e-1
val,128,CC1=CC2(C)CC2(C)C1,6.585155487e0,-5.232465863e-1,2.552692592e-1,1.276346207e0,6.061908722e0,-6.306979060e-1
val,129,CC(C)(C)C12CCC1O2,8.783835411e0,1.578266621e-1,2.552692592e-1,1.276346207e0,8.941661835e0,1.625552416e0
val,130,O=C1C=CC2CC12CO,5.121182919e0,-8.647714742e-3,2.552692592e-1,1.276346207e0,5.112535000e0,-1.374520302e0
val,131,C1Cc2[nH]nnc2CO1,6.628693581e0,-8.246333152e-2,2.552692592e-1,1.276346207e0,6.546230316e0,-2.512380183e-1
val,132,CC1=Nc2[nH+]cnn2[CH+]1,5.782419682e0,-3.658323884e-1,2.552692592e-1,1.276346207e0,5.416587353e0,-1.136299133e0
val,133,CCC1C2C=CC(O)C21,6.405560493e0,-4.645481110e-1,2.552692592e-1,1.276346207e0,5.941012383e0,-7.254186869e-1
val,134,CC1CC(=O)C(=O)O1,4.696685314e0,2.208508179e-2,2.552692592e-1,1.276346207e0,4.718770504e0,-1.683029771e0
val,135,OCC1C(O)CC2OC21,9.004247665e0,5.877920240e-2,2.552692592e-1,1.276346207e0,9.063026428e0,1.720640063e0
val,136,O=CC(O)C1CC2OC21,5.967456818e0,-6.487564445e-1,2.552692592e-1,1.276346207e0,5.318700314e0,-1.212992311e0
val,137,N#CC(N)C1C=CCC1,6.756587029e0,1.327822357e-1,2.552692592e-1,1.276346207e0,6.889369488e0,1.760720275e-2
val,138,CC1C(C=O)C2OC12,5.825957775e0,8.769267052e-2,2.552692592e-1,1.276346207e0,5.913650513e0,-7.468563318e-1
val,139,C#CC(C)CC#CC=O,5.575613022e0,-1.769702137e-1,2.552692592e-1,1.276346207e0,5.398643017e0,-1.150358200e0
val,140,COC(=O)C1OCC1=O,6.049090862e0,5.731008053e-1,2.552692592e-1,1.276346207e0,6.622191429e0,-1.917234510e-1
val,141,CC1=CC(O)C(=O)C1,6.024600506e0,1.988446712e-1,2.552692592e-1,1.276346207e0,6.223444939e0,-5.041363239e-1
val,142,CCC1C(OC)C2OC12,8.615124702e0,-5.394936204e-1,2.552692592e-1,1.276346207e0,8.075631142e0,9.470282793e-1
val,143,COCCC(C)=NO,6.938903332e0,-3.389278427e-2,2.552692592e-1,1.276346207e0,6.905010700e0,2.986189537e-2
val,144,CCc1[nH]c(=O)[nH]c1O,6.234128475e0,3.120484650e-1,2.552692592e-1,1.276346207e0,6.546176910e0,-2.512798607e-1
val,145,CC1=CC2(O)CC2(C)C1,6.574271202e0,-5.098522902e-1,2.552692592e-1,1.276346207e0,6.064418793e0,-6.287313104e-1
val,146,OCC1C2CC3C(C2)C13,9.153910637e0,-7.151114196e-2,2.552692592e-1,1.276346207e0,9.082399368e0,1.735818505e0
val,147,CCC12CCCC1(C)O2,9.006968498e0,-3.170881569e-1,2.552692592e-1,1.276346207e0,8.689880371e0,1.428284883e0
val,148,CC1=CCC(C)C1(C)C,7.069517612e0,-5.551544949e-2,2.552692592e-1,1.276346207e0,7.014002323e0,1.152554601e-1
val,149,CCC1CC=C(C)C1O,7.066796780e0,-7.244212925e-2,2.552692592e-1,1.276346207e0,6.994354725e0,9.986181557e-2
val,150,CCOC12CC1C1NC12,7.790619850e0,-1.402464509e-1,2.552692592e-1,1.276346207e0,7.650373459e0,6.138442755e-1
val,151,O=CC1(C=O)OCCO1,5.102134705e0,-7.061858773e-1,2.552692592e-1,1.276346207e0,4.395948887e0,-1.935956478e0
val,152,COCC12CC1C(=O)O2,7.499457359e0,5.187975615e-2,2.552692592e-1,1.276346207e0,7.551337242e0,5.362505913e-1
val,153,O=C1CC2CC1C2O,6.119840622e0,-3.770779371e-1,2.552692592e-1,1.276346207e0,5.742762566e0,-8.807449341e-1
val,154,CC(O)C(O)C(=O)C#N,4.835463047e0,2.393098623e-1,2.552692592e-1,1.276346207e0,5.074772835e0,-1.404106498e0
val,155,OCC1C=CC2C(O)C12,6.182426929e0,3.418729305e-1,2.552692592e-1,1.276346207e0,6.524299622e0,-2.684204578e-1
val,156,CC(C)C12CC(O)C1O2,8.813768387e0,-2.271763086e-1,2.552692592e-1,1.276346207e0,8.586591721e0,1.347359538e0
val,157,C#CCC1CCC=C1C,6.955230236e0,3.151197731e-1,2.552692592e-1,1.276346207e0,7.270349979e0,3.161006272e-1
val,158,CC1(CO)C2C=CCC21,6.650462627e0,-1.534910873e-2,2.552692592e-1,1.276346207e0,6.635113716e0,-1.815990061e-1
val,159,C1C2OC3C(O2)C2C1C32,9.015131950e0,-1.768443733e-1,2.552692592e-1,1.276346207e0,8.838287354e0,1.544559836e0
val,160,CC1(CCO)C=CCC1,7.145709991e0,-2.424881421e-2,2.552692592e-1,1.276346207e0,7.121461391e0,1.994482875e-1
val,161,O=C1CCNC1=O,4.693964005e0,-3.000757396e-1,2.552692592e-1,1.276346207e0,4.393888474e0,-1.937570810e0
val,162,CC12CC1C=CNC2=O,5.736160278e0,-4.557776079e-2,2.552692592e-1,1.276346207e0,5.690582752e0,-9.216271639e-1
val,163,C1CC2C(O1)C1CC[NH+]21,7.763408184e0,-2.518043518e-1,2.552692592e-1,1.276346207e0,7.511603832e0,5.051199794e-1
val,164,Cc1coc(N2CC2)n1,6.293993473e0,1.512435377e-1,2.552692592e-1,1.276346207e0,6.445237160e0,-3.303648829e-1
val,165,OCC1OC2COC12,8.193347931e0,-3.416907191e-1,2.552692592e-1,1.276346207e0,7.851657391e0,7.715476751e-1
val,166,CC#CCC(O)CC,7.994705200e0,-5.093418062e-2,2.552692592e-1,1.276346207e0,7.943770885e0,8.437174559e-1
val,167,CC12OC1CC2(N)C#N,7.379727840e0,-2.954895198e-1,2.552692592e-1,1.276346207e0,7.084238529e0,1.702846438e-1
val,168,CC1=CC(C)OC1,6.786519527e0,3.439490795e-1,2.552692592e-1,1.276346207e0,7.130468369e0,2.065051496e-1
val,169,N#CC1OCC([NH-])O1,7.777014256e0,-1.528546363e-1,2.552692592e-1,1.276346207e0,7.624159813e0,5.933061838e-1
val,170,CC#CCCNC(C)=O,7.347074509e0,2.159817219e-1,2.552692592e-1,1.276346207e0,7.563055992e0,5.454320908e-1
val,171,C#CC[NH+]1C2C=CCC21,6.332089424e0,-6.394981742e-1,2.552692592e-1,1.276346207e0,5.692591190e0,-9.200535417e-1
val,172,CC1C=CCC1NC=O,7.074960232e0,4.583101347e-2,2.552692592e-1,1.276346207e0,7.120791435e0,1.989233941e-1
val,173,CC1C2(O)C=CCC12C,6.620530128e0,4.203981459e-1,2.552692592e-1,1.276346207e0,7.040928364e0,1.363516748e-1
val,174,C#CC(C)(C)C#CC,7.787898064e0,2.614017725e-1,2.552692592e-1,1.276346207e0,8.049300194e0,9.263983369e-1
val,175,[CH-]1C2CC3C2C2OC1C32,4.672194958e0,3.456833959e-2,2.552692592e-1,1.276346207e0,4.706763268e0,-1.692437291e0
val,176,CC1=CCCC1C(N)=O,6.751144886e0,3.563558683e-2,2.552692592e-1,1.276346207e0,6.786780357e0,-6.277009100e-2
val,177,CCC1CC2OC12CC,9.047785759e0,2.067746073e-1,2.552692592e-1,1.276346207e0,9.254560471e0,1.870704651e0
val,178,C#CC#Cc1cnon1,4.974241257e0,-3.660912812e-1,2.552692592e-1,1.276346207e0,4.608150005e0,-1.769699574e0
val,179,N#CC1C2C=CC[NH+]1C2,6.152494431e0,-4.041729867e-1,2.552692592e-1,1.276346207e0,5.748321533e0,-8.763895035e-1
val,180,O=CNC1CCC2OC12,7.591977119e0,-1.495112479e-1,2.552692592e-1,1.276346207e0,7.442465782e0,4.509511888e-1
val,181,[NH-]C1NC2C3OC1C23O,6.185148239e0,-2.695674263e-2,2.552692592e-1,1.276346207e0,6.158191681e0,-5.552614331e-1
val,182,O=C1NC2CCCOC12,6.922576904e0,-5.386774242e-2,2.552692592e-1,1.276346207e0,6.868709087e0,1.420038054e-3
val,183,C1=CC2OC1C1COC21,6.775634766e0,-1.753856242e-1,2.552692592e-1,1.276346207e0,6.600249290e0,-2.089148462e-1
val,184,CCC1CCCC2OC12,9.251871109e0,-2.849612832e-1,2.552692592e-1,1.276346207e0,8.966909409e0,1.645333648e0
val,185,CC12CC(=O)C(C)(C1)C2,6.198753357e0,-6.175062433e-2,2.552692592e-1,1.276346207e0,6.137002945e0,-5.718625188e-1
val,186,c1nc2n(n1)C1CC2C1,6.811009407e0,-2.406718135e-1,2.552692592e-1,1.276346207e0,6.570337772e0,-2.323501408e-1
val,187,COC1C=CC2(O)CC12,6.476309776e0,2.999872863e-1,2.552692592e-1,1.276346207e0,6.776297092e0,-7.098359615e-2
val,188,C#CC1CC=CC1,7.216459274e0,-2.207510620e-1,2.552692592e-1,1.276346207e0,6.995707989e0,1.009220779e-1
val,189,CC#CC1(O)CC2OC21,7.491294384e0,4.533810541e-2,2.552692592e-1,1.276346207e0,7.536632538e0,5.247296691e-1
val,190,COC(=O)C1CC=CC1,7.006931782e0,1.352069825e-1,2.552692592e-1,1.276346207e0,7.142138958e0,2.156489044e-1
val,191,C#CC1=C(C)CC2CC12,5.404181004e0,1.078337505e-1,2.552692592e-1,1.276346207e0,5.512014866e0,-1.061532855e0
val,192,CC12C[NH+]3CC(CC31)O2,8.070897102e0,8.657680452e-2,2.552692592e-1,1.276346207e0,8.157473564e0,1.011150837e0
val,193,Oc1ncoc1N1CC1,5.692621708e0,3.043076694e-1,2.552692592e-1,1.276346207e0,5.996929169e0,-6.816085577e-1
val,194,C1CC([NH2+]C2COC2)O1,6.846384525e0,-2.866243124e-1,2.552692592e-1,1.276346207e0,6.559760094e0,-2.406376153e-1
val,195,C#CC1=CC2CC2(C)C1,5.401460171e0,2.446222305e-1,2.552692592e-1,1.276346207e0,5.646082401e0,-9.564926028e-1
val,196,COC1CC([NH-])OC1=O,6.574271202e0,1.709897667e-1,2.552692592e-1,1.276346207e0,6.745261192e0,-9.529983997e-2
val,197,Nc1n[nH]c(N2CC2)n1,6.313041210e0,1.569493264e-1,2.552692592e-1,1.276346207e0,6.469990730e0,-3.109707832e-1
val,198,C1=CC2C3COC1C[NH+]23,5.804188728e0,-1.534143090e-1,2.552692592e-1,1.276346207e0,5.650774479e0,-9.528164268e-1
val,199,CC1(O)C=CCC1(C)C,7.006931782e0,-3.135731816e-1,2.552692592e-1,1.276346207e0,6.693358421e0,-1.359650046e-1
val,200,C#CC1=CCC(C)C1O,5.703506470e0,-1.462711543e-1,2.552692592e-1,1.276346207e0,5.557235241e0,-1.026103258e0
val,201,O=CCC12COC1CO2,5.978341103e0,-3.753932714e-1,2.552692592e-1,1.276346207e0,5.602947712e0,-9.902880788e-1
val,202,CC(C)C(C)C(O)C=O,6.302156925e0,-2.906491160e-1,2.552692592e-1,1.276346207e0,6.011507988e0,-6.701862812e-1
val,203,C#CCC1CCC2OC12,8.492672920e0,8.075650781e-2,2.552692592e-1,1.276346207e0,8.573429108e0,1.337046742e0
val,204,CC(O)C1=CCOC1,6.549780846e0,1.971800923e-1,2.552692592e-1,1.276346207e0,6.746961117e0,-9.396796674e-2
val,205,C1=CC2NC3[NH2+]CC1C23,6.128004074e0,8.356038481e-2,2.552692592e-1,1.276346207e0,6.211564541e0,-5.134444833e-1
val,206,O=CN1C2CC3C(C2)C31,7.189248085e0,-4.713710397e-2,2.552692592e-1,1.276346207e0,7.142110825e0,2.156268656e-1
val,207,O=C1CC2C(CCO)C12,6.239571095e0,2.196158171e-1,2.552692592e-1,1.276346207e0,6.459187031e0,-3.194353580e-1
val,208,CCOC1C2[NH2+][CH+]OC21,6.865432262e0,3.856028020e-1,2.552692592e-1,1.276346207e0,7.251035213e0,3.009677529e-1
val,209,C#CC12CC=CCC1C2,7.036864281e0,1.859985888e-1,2.552692592e-1,1.276346207e0,7.222862720e0,2.788949609e-1
val,210,CC12CC(CO1)C2=O,5.643641472e0,4.796276689e-1,2.552692592e-1,1.276346207e0,6.123269081e0,-5.826228261e-1
val,211,[H]N=CNC(=O)CCC=O,6.201474667e0,-2.444022298e-1,2.552692592e-1,1.276346207e0,5.957072258e0,-7.128359675e-1
val,212,N#CC1CC=CC1CO,7.186526775e0,5.015588552e-2,2.552692592e-1,1.276346207e0,7.236682892e0,2.897228897e-1
val,213,CC(C)C1=CCCC1=O,5.306220055e0,-3.157481551e-2,2.552692592e-1,1.276346207e0,5.274645329e0,-1.247508883e0
val,214,CC1C2OC2C1(C)CO,8.631451607e0,-1.188355237e-1,2.552692592e-1,1.276346207e0,8.512616158e0,1.289400578e0
val,215,CC1CC2OC(=O)NC12,8.519885063e0,-5.134630799e-1,2.552692592e-1,1.276346207e0,8.006422043e0,8.928038478e-1
val,216,O=C([O-])C1C[NH+]2CCC12,4.824578762e0,-2.314023674e-1,2.552692592e-1,1.276346207e0,4.593176365e0,-1.781431198e0
val,217,O=C1CC23CC(C2)C3N1,7.374285698e0,-1.260000467e-1,2.552692592e-1,1.276346207e0,7.248285770e0,2.988136113e-1
val,218,CC12CC3CC1C2(O)C3,8.544375420e0,-3.271605670e-1,2.552692592e-1,1.276346207e0,8.217214584e0,1.057957172e0
val,219,O=C1OC2CC3OCC132,7.129383087e0,3.997122124e-2,2.552692592e-1,1.276346207e0,7.169354439e0,2.369718999e-1
val,220,CC12CCC(C#N)C1O2,8.394712448e0,-2.956525981e-1,2.552692592e-1,1.276346207e0,8.099060059e0,9.653845429e-1
val,221,C#CC1=CC(O)C(=O)C1,5.540238380e0,2.705995142e-1,2.552692592e-1,1.276346207e0,5.810837746e0,-8.274088502e-1
val,222,O=CC1CCC(=O)NC1,5.689900398e0,-3.855816722e-1,2.552692592e-1,1.276346207e0,5.304318905e0,-1.224259973e0
val,223,CC12OC1C1(C#N)OC21,6.925297737e0,-3.061988577e-2,2.552692592e-1,1.276346207e0,6.894677639e0,2.176607214e-2
val,224,CC12C=CCCC1CC2,7.238228798e0,-2.136659175e-1,2.552692592e-1,1.276346207e0,7.024562836e0,1.235294938e-1
val,225,O=C1OC2CC3C1CC23,7.355237484e0,3.243458569e-1,2.552692592e-1,1.276346207e0,7.679583549e0,6.367300153e-1
val,226,COC12CC1OC2=O,7.012373924e0,-9.000257403e-2,2.552692592e-1,1.276346207e0,6.922371387e0,4.346377775e-2
val,227,CN(C)c1noc(=O)[nH]1,6.843663692e0,-4.101136029e-1,2.552692592e-1,1.276346207e0,6.433549881e0,-3.395217359e-1
val,228,CCC(O)(CC)CO,8.220560074e0,-3.019206226e-1,2.552692592e-1,1.276346207e0,7.918639660e0,8.240274191e-1
val,229,CC12NC1C1C(CO)C12,7.581092358e0,1.167073101e-1,2.552692592e-1,1.276346207e0,7.697799683e0,6.510021091e-1
val,230,O=CN1C=CC=CC=C1,3.834084272e0,3.801532984e-1,2.552692592e-1,1.276346207e0,4.214237690e0,-2.078325033e0
val,231,OCC1=CC(O)C(O)C1,6.936182499e0,3.434825838e-1,2.552692592e-1,1.276346207e0,7.279664993e0,3.233988285e-1
val,232,ONC1C2C(O)C3C1[NH+]23,6.386512280e0,3.106844425e-1,2.552692592e-1,1.276346207e0,6.697196960e0,-1.329575628e-1
val,233,CCC12OC1CC2C=O,5.858611107e0,-3.535975814e-1,2.552692592e-1,1.276346207e0,5.505013466e0,-1.067018390e0
val,234,C#CC1=CCC(CC)C1,5.695343018e0,-5.121445656e-2,2.552692592e-1,1.276346207e0,5.644128799e0,-9.580232501e-1
val,235,OC12COCC(C1)OC2,8.160694122e0,-3.659228683e-1,2.552692592e-1,1.276346207e0,7.794771194e0,7.269780636e-1
val,236,COC1CC(O)C=C1C,6.786519527e0,1.663511693e-1,2.552692592e-1,1.276346207e0,6.952870846e0,6.735971570e-2
val,237,CC1=CC2C(C1)C2(C)O,6.372906685e0,-1.825893223e-1,2.552692592e-1,1.276346207e0,6.190317154e0,-5.300915241e-1
val,238,CC(=O)C(C)C(O)C#N,6.239571095e0,3.467814922e-1,2.552692592e-1,1.276346207e0,6.586352348e0,-2.198029160e-1
val,239,CC1C=CC2C(O)C12,6.247734070e0,1.986647397e-1,2.552692592e-1,1.276346207e0,6.446398735e0,-3.294548094e-1
val,240,Cc1ncc(O)c(=O)o1,4.859953403e0,9.072679281e-2,2.552692592e-1,1.276346207e0,4.950680256e0,-1.501331449e0
val,241,CC1CNC(=O)C(C)C1,7.213738441e0,-9.209582955e-2,2.552692592e-1,1.276346207e0,7.121642590e0,1.995902658e-1
val,242,C1C2CN1c1nn[nH]c12,6.171542168e0,-1.165451407e-1,2.552692592e-1,1.276346207e0,6.054996967e0,-6.361131668e-1
val,243,[NH-]C1CC(=O)OCCO1,7.053191185e0,-2.266721800e-2,2.552692592e-1,1.276346207e0,7.030523777e0,1.281998158e-1
val,244,CC[NH2+]C1C=CC(C)O1,5.581055164e0,-4.190864861e-1,2.552692592e-1,1.276346207e0,5.161968708e0,-1.335789561e0
val,245,[H]N=C(C#C)N1CC(=O)C1,5.347037315e0,4.561697692e-2,2.552692592e-1,1.276346207e0,5.392654419e0,-1.155050278e0
val,246,CC(C)OC1CC=CC1,7.287209034e0,-2.508981340e-2,2.552692592e-1,1.276346207e0,7.262119293e0,3.096520007e-1
val,247,C#CC(C)NC(=O)OC,7.907628536e0,-1.196146309e-1,2.552692592e-1,1.276346207e0,7.788013935e0,7.216838598e-1
val,248,CCC1OCCC([NH-])O1,7.553880215e0,1.565325856e-1,2.552692592e-1,1.276346207e0,7.710412979e0,6.608844399e-1
val,249,C1OC23CC2(O1)C1NC13,7.072239399e0,-4.535324574e-1,2.552692592e-1,1.276346207e0,6.618706703e0,-1.944536865e-1
val,250,CC12CC(O)CC1(C)N2,8.223280907e0,-2.074420601e-1,2.552692592e-1,1.276346207e0,8.015838623e0,9.001815915e-1
val,251,OC1CCC(O)C12CN2,8.245050430e0,-5.420085788e-2,2.552692592e-1,1.276346207e0,8.190849304e0,1.037300229e0
val,252,Nc1nc(C2CN2)co1,6.223243713e0,-4.922938347e-1,2.552692592e-1,1.276346207e0,5.730949879e0,-8.899999857e-1
val,253,CC1(O)CC2(C)OC12C,8.481788635e0,3.841771185e-2,2.552692592e-1,1.276346207e0,8.520206451e0,1.295347452e0
val,254,O=C1C(O)C2CC1(O)C2,5.926640034e0,-3.527634442e-1,2.552692592e-1,1.276346207e0,5.573876381e0,-1.013065100e0
val,255,ONC1CCC2NC12,6.552501678e0,5.706229061e-2,2.552692592e-1,1.276346207e0,6.609563828e0,-2.016170174e-1
val,256,C#CCOC(C)C#C,7.472246647e0,-5.506115556e-1,2.552692592e-1,1.276346207e0,6.921635151e0,4.288694263e-2
val,257,N#CC(N)C1OCCO1,8.019195557e0,1.749591976e-1,2.552692592e-1,1.276346207e0,8.194154739e0,1.039890051e0
val,258,C#CC([NH-])OC=O,6.049090862e0,1.314341128e-1,2.552692592e-1,1.276346207e0,6.180524826e0,-5.377636552e-1
val,259,C#CC1=CC(O)C(O)C1,5.643641472e0,-7.200729102e-2,2.552692592e-1,1.276346207e0,5.571634293e0,-1.014821768e0
val,260,C#CC1C=CCC1=O,5.869495869e0,4.408836663e-1,2.552692592e-1,1.276346207e0,6.310379505e0,-4.360241592e-1
val,261,CC12C=CCC1C2O,6.332089424e0,1.079494804e-1,2.552692592e-1,1.276346207e0,6.440038681e0,-3.344378471e-1
val,262,CC1=CC(C)C2(O)CC12,6.658626080e0,1.478645504e-1,2.552692592e-1,1.276346207e0,6.806490421e0,-4.732750356e-2
val,263,C#CC1OC(CO)C1=O,5.668131351e0,-1.107453033e-1,2.552692592e-1,1.276346207e0,5.557385921e0,-1.025985241e0
val,264,OCC1[CH-]C2CC3C2[NH+]13,4.530695915e0,8.632663637e-2,2.552692592e-1,1.276346207e0,4.617022514e0,-1.762748122e0
val,265,C[NH+]1C2C3CCC2(O)C31,7.251834393e0,-6.716941297e-2,2.552692592e-1,1.276346207e0,7.184665203e0,2.489676774e-1
val,266,[NH-]C1C=C(N)C(CO)O1,5.741602421e0,-4.115549922e-1,2.552692592e-1,1.276346207e0,5.330047607e0,-1.204101920e0
val,267,[NH-]C1OCC=CCC1=O,5.181047916e0,2.285573184e-1,2.552692592e-1,1.276346207e0,5.409605026e0,-1.141769648e0
val,268,O=C1CCC(O)CN1,7.273603439e0,6.625094414e-1,2.552692592e-1,1.276346207e0,7.936112881e0,8.377174735e-1
val,269,COC1CC(=O)C(=O)O1,4.699406624e0,2.565805912e-1,2.552692592e-1,1.276346207e0,4.955986977e0,-1.497173667e0
val,270,CC1C2C(=O)OC12CO,7.434150696e0,2.888652980e-1,2.552692592e-1,1.276346207e0,7.723015785e0,6.707586050e-1
val,271,COCC(O)C(N)C#N,8.040965080e0,-2.470742911e-2,2.552692592e-1,1.276346207e0,8.016257286e0,9.005096555e-1
val,272,C#CCC(=O)C(C)(C)C,6.201474667e0,-1.201578826e-1,2.552692592e-1,1.276346207e0,6.081316948e0,-6.154918075e-1
val,273,C#CC1(O)CC2OC2C1,7.937561512e0,2.237269878e-1,2.552692592e-1,1.276346207e0,8.161288261e0,1.014139533e0
val,274,OC1CC=CCC=CC1,6.258618832e0,-3.052217364e-1,2.552692592e-1,1.276346207e0,5.953397274e0,-7.157152891e-1
val,275,CC12CCC(NO)C1O2,6.620530128e0,1.533282921e-2,2.552692592e-1,1.276346207e0,6.635862827e0,-1.810120791e-1
val,276,c1cnc2n[nH]cc2c1,4.791924953e0,1.025026888e-1,2.552692592e-1,1.276346207e0,4.894427776e0,-1.545404553e0
val,277,c1[nH]nc2c1NCC2,5.825957775e0,-1.222521886e-1,2.552692592e-1,1.276346207e0,5.703705788e0,-9.113454223e-1
val,278,CC(=O)CN=C(N)CO,5.572891712e0,-1.220409386e-2,2.552692592e-1,1.276346207e0,5.560687542e0,-1.023398399e0
val,279,O=COC1C=CCC1=O,5.741602421e0,-1.623781621e-1,2.552692592e-1,1.276346207e0,5.579224110e0,-1.008875251e0
val,280,[NH-]C1CC2(C[NH+]3CC32)O1,7.366122246e0,2.588741481e-1,2.552692592e-1,1.276346207e0,7.624996185e0,5.939614773e-1
val,281,CC1=CC=CCOC1=O,4.993289471e0,-1.175598428e-1,2.552692592e-1,1.276346207e0,4.875729561e0,-1.560054421e0
val,282,CCC1CC=CC1C=O,5.692621708e0,1.876968145e-2,2.552692592e-1,1.276346207e0,5.711391449e0,-9.053238034e-1
val,283,CC12CC1C1(C)NC21,7.722591400e0,-2.294476181e-1,2.552692592e-1,1.276346207e0,7.493143559e0,4.906566143e-1
val,284,O=C1NCC2=C1CCN2,5.491257668e0,9.277820587e-2,2.552692592e-1,1.276346207e0,5.584035873e0,-1.005105257e0
val,285,O=CC1OC2CC1C2=O,5.319826126e0,-3.914461285e-2,2.552692592e-1,1.276346207e0,5.280681610e0,-1.242779493e0
val,286,CCC1C(=O)OCC1O,7.496736526e0,4.355309159e-2,2.552692592e-1,1.276346207e0,7.540289402e0,5.275948048e-1
val,287,CC1=CC2C(O)C2C1C,6.291272163e0,-1.705459878e-2,2.552692592e-1,1.276346207e0,6.274217606e0,-4.643565714e-1
val,288,CCOCC(C)(O)CO,8.702200890e0,-1.755795777e-1,2.552692592e-1,1.276346207e0,8.526620865e0,1.300373077e0
val,289,CC1C(C)C2OC2C1C,8.990641594e0,-1.255004406e-1,2.552692592e-1,1.276346207e0,8.865140915e0,1.565599322e0
val,290,CC(O)C1C2CC(=O)C21,6.285830498e0,1.229524463e-1,2.552692592e-1,1.276346207e0,6.408782959e0,-3.589262962e-1
val,291,[NH-]c1nc(N)c(F)n[nH+]1,4.264024258e0,2.728314698e-1,2.552692592e-1,1.276346207e0,4.536855698e0,-1.825557828e0
val,292,CCC(C#CCO)CC,7.515784740e0,2.820003033e-1,2.552692592e-1,1.276346207e0,7.797784805e0,7.293391824e-1
val,293,O=C1CC2NC2CN1,7.330747128e0,1.267467439e-1,2.552692592e-1,1.276346207e0,7.457493782e0,4.627254605e-1
val,294,CCNC(C#N)CC,7.472246647e0,8.711424656e-3,2.552692592e-1,1.276346207e0,7.480957985e0,4.811093509e-1
val,295,CCC1(O)C(O)C2OC21,8.190627098e0,-2.180135697e-1,2.552692592e-1,1.276346207e0,7.972613335e0,8.663151264e-1
val,296,CCC1=CC(=O)CC1,5.273566723e0,1.686690748e-1,2.552692592e-1,1.276346207e0,5.442235947e0,-1.116203785e0
val,297,CC1=CC(O)CC1,7.028701305e0,4.798551500e-1,2.552692592e-1,1.276346207e0,7.508556366e0,5.027323365e-1
val,298,O=CC1=CNCCOC1,5.259960651e0,6.027776003e-2,2.552692592e-1,1.276346207e0,5.320238590e0,-1.211787105e0
val,299,CC1(O)CC=CC1C=O,5.752487183e0,1.022009403e-1,2.552692592e-1,1.276346207e0,5.854688168e0,-7.930526137e-1
val,300,CC1OC(C#N)C1=O,6.024600506e0,3.070821762e-1,2.552692592e-1,1.276346207e0,6.331682682e0,-4.193333983e-1
val,301,CC(=O)OCC(C)=NO,7.042306423e0,2.585980594e-1,2.552692592e-1,1.276346207e0,7.300904274e0,3.400395215e-1
val,302,[NH-]c1cc[nH+]c(N)c1F,5.017779827e0,8.004126698e-2,2.552692592e-1,1.276346207e0,5.097821236e0,-1.386048317e0
val,303,COC1C=CCC2OC12,7.224623203e0,-3.477129713e-2,2.552692592e-1,1.276346207e0,7.189851761e0,2.530312836e-1
val,304,COC1(C)C=CCC1=O,5.877659321e0,5.966624990e-2,2.552692592e-1,1.276346207e0,5.937325478e0,-7.283073068e-1
val,305,CN=C(C#N)N(C)C=O,5.485815525e0,-1.373976767e-1,2.552692592e-1,1.276346207e0,5.348417759e0,-1.189709067e0
val,306,C#CCCC(O)C#C,7.752523899e0,-1.225885078e-1,2.552692592e-1,1.276346207e0,7.629935265e0,5.978311896e-1
val,307,C#CC1(O)CC=C(C)C1,7.137547016e0,1.781966984e-1,2.552692592e-1,1.276346207e0,7.315743923e0,3.516662121e-1
val,308,CCC1=CC2C(O)C2C1,6.348416328e0,-2.606722899e-2,2.552692592e-1,1.276346207e0,6.322349072e0,-4.266461730e-1
val,309,O=C1OC2(CO)CC12,7.589255333e0,-1.066273600e-1,2.552692592e-1,1.276346207e0,7.482627869e0,4.824177027e-1
val,310,OCC1=CCC(CO)C1,7.072239399e0,-9.299878031e-2,2.552692592e-1,1.276346207e0,6.979240417e0,8.801994473e-2
val,311,CC1C(=O)C2CC12,6.176984310e0,-2.025288492e-1,2.552692592e-1,1.276346207e0,5.974455357e0,-6.992165446e-1
val,312,CC1NC(CC#N)C1=O,5.888543606e0,-1.345840096e-1,2.552692592e-1,1.276346207e0,5.753959656e0,-8.719721437e-1
val,313,CCOC1COCOC1,8.846421242e0,1.652947254e-2,2.552692592e-1,1.276346207e0,8.862950325e0,1.563882947e0
val,314,CC(O)C1(C)OCCO1,8.767508507e0,-2.691932917e-1,2.552692592e-1,1.276346207e0,8.498314857e0,1.278195739e0
val,315,CC12CC1C1C2N1C=O,6.307599545e0,4.096110761e-1,2.552692592e-1,1.276346207e0,6.717210770e0,-1.172769889e-1
val,316,O=C1CC(O)C(O)CN1,7.262719154e0,1.747023463e-1,2.552692592e-1,1.276346207e0,7.437421322e0,4.469989240e-1
val,317,CC1C(=O)C=CC1(C)O,5.208259583e0,2.983535528e-1,2.552692592e-1,1.276346207e0,5.506613255e0,-1.065764904e0
val,318,C[NH+]1CC2CC(=O)C21C,4.955193520e0,-1.882060617e-1,2.552692592e-1,1.276346207e0,4.766987324e0,-1.645252585e0
val,319,C1CC1C12C[NH+]3C1CC32,8.557980537e0,-1.882409751e-1,2.552692592e-1,1.276346207e0,8.369739532e0,1.177458525e0
val,320,CC1(C)OC2CCCC21,8.666826248e0,-1.100636944e-1,2.552692592e-1,1.276346207e0,8.556762695e0,1.323988795e0
val,321,C[CH+]1C=NC([NH-])OC1F,4.582397461e0,-1.504504234e-1,2.552692592e-1,1.276346207e0,4.431947231e0,-1.907752275e0
val,322,C#CC12C(=O)OC1C2O,6.465425014e0,-3.596685827e-1,2.552692592e-1,1.276346207e0,6.105756283e0,-5.963438749e-1
val,323,CC1C(O)CC2COC21,8.128041267e0,4.927182794e-1,2.552692592e-1,1.276346207e0,8.620759964e0,1.374129891e0
val,324,CC(C#N)(C#N)OC=O,7.096729279e0,-3.822662830e-1,2.552692592e-1,1.276346207e0,6.714463234e0,-1.194296479e-1
val,325,CC(=NO)C(C)CC=O,6.209638119e0,7.834684849e-2,2.552692592e-1,1.276346207e0,6.287984848e0,-4.535700977e-1
val,326,CC(O)C(C)C=O,6.239571095e0,2.013725936e-1,2.552692592e-1,1.276346207e0,6.440943718e0,-3.337287605e-1
val,327,C#CC1C=CC2(C)CC12,6.718491554e0,-1.705722511e-1,2.552692592e-1,1.276346207e0,6.547919273e0,-2.499147505e-1
val,328,O=C1C=CC2C3CC1C23,4.895328522e0,1.741487347e-2,2.552692592e-1,1.276346207e0,4.912743568e0,-1.531054378e0
val,329,N#CC1CCOC([NH-])O1,7.134825230e0,1.723931544e-2,2.552692592e-1,1.276346207e0,7.152064323e0,2.234252989e-1
val,330,CCC1(C#N)CC=CC1,7.200132847e0,-3.091133237e-1,2.552692592e-1,1.276346207e0,6.891019344e0,1.889984496e-2
val,331,Oc1coc(N2CC2)n1,5.951130390e0,-1.875287443e-1,2.552692592e-1,1.276346207e0,5.763601780e0,-8.644176722e-1
val,332,CCCC12CC3CC1[NH+]32,8.925334930e0,-2.840354852e-2,2.552692592e-1,1.276346207e0,8.896931648e0,1.590506911e0
val,333,CC1=CCCC1=O,5.387854576e0,-1.189224347e-1,2.552692592e-1,1.276346207e0,5.268932343e0,-1.251984954e0
val,334,OC1C2CC3C1[NH+]23,8.402875900e0,-3.847638890e-2,2.552692592e-1,1.276346207e0,8.364399910e0,1.173274994e0
val,335,CC1=CCC(C=O)C1,6.021879673e0,-1.863580346e-1,2.552692592e-1,1.276346207e0,5.835521698e0,-8.080692887e-1
val,336,CC(=O)C1OCOC1C,5.907591820e0,-3.254189193e-1,2.552692592e-1,1.276346207e0,5.582172871e0,-1.006564975e0
val,337,CC#CCC12CCC1O2,8.128041267e0,-3.682011664e-1,2.552692592e-1,1.276346207e0,7.759840012e0,6.996099353e-1
val,338,ONC1C2CC3C(C2)C31,6.797404289e0,5.931009352e-2,2.552692592e-1,1.276346207e0,6.856714249e0,-7.977766916e-3
val,339,CC1C2CC3(CN3)C1O2,8.479067802e0,3.357354701e-1,2.552692592e-1,1.276346207e0,8.814803123e0,1.526160240e0
val,340,OCC#CC1CC2OC12,7.450477123e0,-2.878686786e-1,2.552692592e-1,1.276346207e0,7.162608624e0,2.316866368e-1
val,341,CC12C(O)C[NH+]1CC2O,7.118498325e0,-4.623094201e-1,2.552692592e-1,1.276346207e0,6.656188965e0,-1.650868058e-1
val,342,CC1(O)COC(=O)C1=O,4.530695915e0,-1.233685985e-1,2.552692592e-1,1.276346207e0,4.407327175e0,-1.927041769e0
val,343,CC#CC(O)(CC)CC,7.934839725e0,-4.995846376e-2,2.552692592e-1,1.276346207e0,7.884881496e0,7.975783348e-1
val,344,CC1C(=O)CC2COC21,6.005552769e0,1.955158561e-1,2.552692592e-1,1.276346207e0,6.201068401e0,-5.216680765e-1
val,345,c1n[nH]c(C[NH+]2CC2)n1,7.279046059e0,-2.734097838e-1,2.552692592e-1,1.276346207e0,7.005636215e0,1.087007225e-1
val,346,CC1(C=O)CCC(=O)O1,5.997389793e0,2.605599463e-1,2.552692592e-1,1.276346207e0,6.257949829e0,-4.771021605e-1
val,347,CC12CC(NO)CC1N2,6.677673817e0,1.140366569e-1,2.552692592e-1,1.276346207e0,6.791710377e0,-5.890748277e-2
val,348,CCC1=C(C)C2CC2C1,6.541617393e0,-1.168620884e-1,2.552692592e-1,1.276346207e0,6.424755096e0,-3.464123309e-1
val,349,CC(=O)NC1CC=CC1,7.015095711e0,4.530326128e-1,2.552692592e-1,1.276346207e0,7.468128204e0,4.710573852e-1
val,350,C#CCC(=O)C(=O)NC,4.835463047e0,2.734380662e-1,2.552692592e-1,1.276346207e0,5.108901024e0,-1.377367496e0
val,351,CC1=CC2(CN2)C2NC12,6.108956337e0,1.973192245e-1,2.552692592e-1,1.276346207e0,6.306275368e0,-4.392397106e-1
val,352,CC1C2CC3(C)C1[NH+]23,8.909008026e0,5.529604554e-1,2.552692592e-1,1.276346207e0,9.461968422e0,2.033206224e0
val,353,CC#CC(C)C#CC=O,5.450440407e0,-1.345745176e-1,2.552692592e-1,1.276346207e0,5.315865993e0,-1.215213060e0
val,354,CC1(C#CC2CC2)CC1,7.567486763e0,-2.777410746e-1,2.552692592e-1,1.276346207e0,7.289745808e0,3.312970102e-1
val,355,C[CH+]1C([NH-])N=NOC1N,3.719796658e0,5.212965608e-1,2.552692592e-1,1.276346207e0,4.241093159e0,-2.057284117e0
val,356,C1C([NH+]2CC2)C1[NH+]1CC1,8.465462685e0,-4.444969296e-1,2.552692592e-1,1.276346207e0,8.020965576e0,9.041985273e-1
val,357,[H]N=CN(C)c1cnon1,5.170163155e0,7.017426193e-2,2.552692592e-1,1.276346207e0,5.240337372e0,-1.274388790e0
val,358,CC1C=CC2(O)CC12,6.685837746e0,-8.784054965e-2,2.552692592e-1,1.276346207e0,6.597997189e0,-2.106793374e-1
val,359,COC(=O)c1cnon1,6.174263477e0,-7.838124037e-2,2.552692592e-1,1.276346207e0,6.095882416e0,-6.040799618e-1
val,360,O=C1CC2C1C21CCC1,6.234128475e0,1.230962425e-1,2.552692592e-1,1.276346207e0,6.357224941e0,-3.993213773e-1
val,361,C#CCC(C)(CO)CO,8.089944839e0,-2.840795517e-1,2.552692592e-1,1.276346207e0,7.805865288e0,7.356701493e-1
val,362,C1C2C3OC2C2OC3C12,7.227344036e0,-7.268128544e-2,2.552692592e-1,1.276346207e0,7.154662609e0,2.254610360e-1
val,363,CCC1(C)OCC(C)O1,8.990641594e0,-3.362866342e-1,2.552692592e-1,1.276346207e0,8.654355049e0,1.400451183e0
val,364,C#CC1C=CC(=O)C1O,5.178326607e0,-1.385804713e-1,2.552692592e-1,1.276346207e0,5.039746284e0,-1.431549311e0
val,365,CCOCCC(=O)C=O,4.283071995e0,1.157866269e-1,2.552692592e-1,1.276346207e0,4.398858547e0,-1.933676839e0
val,366,CC12CCNC(=O)C1C2,7.186526775e0,1.049479023e-1,2.552692592e-1,1.276346207e0,7.291474819e0,3.326516747e-1
val,367,CC1C[NH+]2C(C#N)CC12,6.821894169e0,-8.048756048e-3,2.552692592e-1,1.276346207e0,6.813845634e0,-4.156478867e-2
val,368,CC1=CCC2C1C2(C)O,6.479031086e0,1.265605241e-1,2.552692592e-1,1.276346207e0,6.605591774e0,-2.047290653e-1
val,369,O=C1CC=CC=CC1O,5.491257668e0,-6.570207328e-2,2.552692592e-1,1.276346207e0,5.425555706e0,-1.129272461e0
val,370,CC(C)C1=CCC2CC12,6.715770245e0,-1.350809485e-1,2.552692592e-1,1.276346207e0,6.580689430e0,-2.242397368e-1
val,371,C1#CCC=CC=CC=C1,3.904833794e0,-1.973410323e-2,2.552692592e-1,1.276346207e0,3.885099649e0,-2.336200476e0
val,372,O=C1NCC2(CC2O)N1,7.970214844e0,2.932773530e-2,2.552692592e-1,1.276346207e0,7.999542713e0,8.874139786e-1
val,373,C1=CC2C=CC(C1)O2,6.323925972e0,-3.884812891e-1,2.552692592e-1,1.276346207e0,5.935444832e0,-7.297807932e-1
val,374,N#CC12C3OC4C3C1C42,7.665446758e0,-8.167064190e-2,2.552692592e-1,1.276346207e0,7.583775997e0,5.616659522e-1
val,375,CC12CC1C1(CCC1)C2,8.993363380e0,3.864132240e-2,2.552692592e-1,1.276346207e0,9.032004356e0,1.696334720e0
val,376,CC1(C)C(=O)C2(C)CC12,6.108956337e0,-2.496875972e-1,2.552692592e-1,1.276346207e0,5.859268665e0,-7.894638181e-1
val,377,C#CCCC(=O)C(C)=O,4.261302948e0,1.647388190e-1,2.552692592e-1,1.276346207e0,4.426041603e0,-1.912379265e0
val,378,OCC#CC1OCCO1,7.436871529e0,-3.092327118e-1,2.552692592e-1,1.276346207e0,7.127638817e0,2.042882293e-1
val,379,CC12OCC1OC2C=O,5.842284679e0,2.432578504e-1,2.552692592e-1,1.276346207e0,6.085542679e0,-6.121810079e-1
val,380,O=C1CC2(C3CO3)OC12,5.847726822e0,-1.093406752e-1,2.552692592e-1,1.276346207e0,5.738386154e0,-8.841737509e-1
val,381,OC12CC(C1)C1CC2O1,8.596076965e0,8.381814510e-2,2.552692592e-1,1.276346207e0,8.679895401e0,1.420461774e0
val,382,CC1(C)CC(N)C(=O)O1,6.895365238e0,4.247672856e-2,2.552692592e-1,1.276346207e0,6.937841892e0,5.558472127e-2
val,383,CC(=O)NCC(N)C#N,6.794682980e0,4.228703678e-1,2.552692592e-1,1.276346207e0,7.217553139e0,2.747349739e-1
val,384,Cn1cc(O)n(C)c1=O,6.220522881e0,-1.589898616e-1,2.552692592e-1,1.276346207e0,6.061532974e0,-6.309922934e-1
val,385,O=C1OC2C(O)CCC12,7.597418785e0,-1.337642074e-1,2.552692592e-1,1.276346207e0,7.463654518e0,4.675523043e-1
val,386,C1CC2COC(C1)C2,8.593356133e0,-3.599534631e-1,2.552692592e-1,1.276346207e0,8.233402252e0,1.070639968e0
val,387,C#CC12NC1C1C(O)C12,7.398775578e0,3.756099045e-1,2.552692592e-1,1.276346207e0,7.774385452e0,7.110061049e-1
val,388,O=C1CCC2CC1O2,5.706227779e0,1.218543351e-1,2.552692592e-1,1.276346207e0,5.828082085e0,-8.138981462e-1
val,389,C1CC1c1nnon1,5.962014675e0,-2.671848238e-1,2.552692592e-1,1.276346207e0,5.694829941e0,-9.182994962e-1
val,390,CC1C=C(CO)C(C)O1,6.811009407e0,-3.643334657e-2,2.552692592e-1,1.276346207e0,6.774576187e0,-7.233190536e-2
val,391,OCCC1COCO1,9.066833496e0,1.702261716e-1,2.552692592e-1,1.276346207e0,9.237059593e0,1.856992841e0
val,392,CC1C2CC3(C=O)C1[NH+]23,5.932082176e0,3.629202722e-3,2.552692592e-1,1.276346207e0,5.935711384e0,-7.295719385e-1
val,393,Cn1nnc(C2CC2)n1,6.476309776e0,7.129745185e-2,2.552692592e-1,1.276346207e0,6.547607422e0,-2.501590848e-1
val,394,C#CCC1=CCOC1C,6.590597630e0,1.933003962e-1,2.552692592e-1,1.276346207e0,6.783897877e0,-6.502848119e-2
val,395,OCCC1C2[NH2+][CH+]OC12,6.966114998e0,2.646064572e-2,2.552692592e-1,1.276346207e0,6.992575645e0,9.846793115e-2
val,396,CC1(C)CC2OC21C,8.857306480e0,-5.793182924e-2,2.552692592e-1,1.276346207e0,8.799374580e0,1.514072180e0
val,397,N#CC1[NH2+]C2CC3C1[NH+]23,5.281730175e0,4.604645073e-1,2.552692592e-1,1.276346207e0,5.742194653e0,-8.811898828e-1
val,398,O=C1CC(O)C2OCC12,5.869495869e0,-4.151431918e-1,2.552692592e-1,1.276346207e0,5.454352856e0,-1.106710315e0
val,399,CC12CC3CC1C1C3[NH+]12,8.713085175e0,1.868863851e-1,2.552692592e-1,1.276346207e0,8.899971962e0,1.592888951e0
val,400,[CH-]1C2CCC34C[NH+](C13)C24,3.961977959e0,2.384940386e-1,2.552692592e-1,1.276346207e0,4.200471878e0,-2.089110374e0
val,401,N#CC1=NCCOCO1,5.953851223e0,3.433254659e-1,2.552692592e-1,1.276346207e0,6.297176838e0,-4.463683069e-1
val,402,CCC(=NO)C(C)=NO,5.319826126e0,-1.647215486e-1,2.552692592e-1,1.276346207e0,5.155104637e0,-1.341167569e0
val,403,O=C1NC2CC3C2N13,7.257276535e0,-8.424937725e-2,2.552692592e-1,1.276346207e0,7.173027039e0,2.398493290e-1
val,404,CC#CC1NCC1=O,5.651804924e0,2.348724604e-1,2.552692592e-1,1.276346207e0,5.886677265e0,-7.679895759e-1
val,405,OC1C=CC(O)C1O,6.808288574e0,1.518424749e-1,2.552692592e-1,1.276346207e0,6.960131168e0,7.304809242e-2
val,406,[NH-]C1OC2C3OC2C13O,6.827336788e0,3.354143202e-1,2.552692592e-1,1.276346207e0,7.162751198e0,2.317983359e-1
val,407,O=C1NCC(CO)C1=O,4.598724365e0,-3.335282579e-2,2.552692592e-1,1.276346207e0,4.565371513e0,-1.803215981e0
val,408,CC(=O)C1CC2OC21,6.084465981e0,-2.732616365e-1,2.552692592e-1,1.276346207e0,5.811204433e0,-8.271215558e-1
val,409,CCC12OC1CC2OC,8.688595772e0,6.434351206e-2,2.552692592e-1,1.276346207e0,8.752939224e0,1.477690697e0
val,410,C#CC(C)(CC)CCO,8.634172440e0,-9.866183251e-2,2.552692592e-1,1.276346207e0,8.535511017e0,1.307338357e0
val,411,CC#CC1=CCOC1,5.556564808e0,1.836777329e-1,2.552692592e-1,1.276346207e0,5.740242481e0,-8.827193379e-1
val,412,CCC#CC1CC=CC1,7.181085110e0,-2.620786726e-1,2.552692592e-1,1.276346207e0,6.919006348e0,4.082730785e-2
val,413,CC1C(=O)CN1C(N)=O,5.899428368e0,-4.392132163e-1,2.552692592e-1,1.276346207e0,5.460215092e0,-1.102117300e0
val,414,CC1C(C=O)C2(C)OC12,5.785140514e0,2.418749928e-1,2.552692592e-1,1.276346207e0,6.027015686e0,-6.580361724e-1
val,415,C#CC1(C)C2C=CCC21,6.269503117e0,-1.177984551e-1,2.552692592e-1,1.276346207e0,6.151704788e0,-5.603438020e-1
val,416,N#CC12NCC1OC2=O,6.296714783e0,-3.945810199e-1,2.552692592e-1,1.276346207e0,5.902133942e0,-7.558794618e-1
val,417,C#CC1C[NH+]1CC1CN1,7.115777493e0,1.284150332e-1,2.552692592e-1,1.276346207e0,7.244192600e0,2.956066430e-1
val,418,O=C1OC2CCCC1O2,7.273603439e0,-1.674106121e-1,2.552692592e-1,1.276346207e0,7.106192589e0,1.874853820e-1
val,419,CCC1OC2CC1CO2,9.053228378e0,1.007114723e-1,2.552692592e-1,1.276346207e0,9.153940201e0,1.791869879e0
val,420,CC1C=C(C=O)C(O)C1,5.132067680e0,-1.437068582e-1,2.552692592e-1,1.276346207e0,4.988360882e0,-1.471809149e0
val,421,CCC12CC1(O)CC2=O,6.198753357e0,2.271758020e-2,2.552692592e-1,1.276346207e0,6.221470833e0,-5.056830049e-1
val,422,CC12CC3C(C1)C3C2O,8.797441483e0,-2.746666372e-1,2.552692592e-1,1.276346207e0,8.522774696e0,1.297359705e0
val,423,C#CC1C=CC(C#N)O1,6.990605354e0,-2.440847605e-1,2.552692592e-1,1.276346207e0,6.746520519e0,-9.431316704e-2
val,424,CC12NC1CC21CN1,7.989262581e0,6.445992272e-3,2.552692592e-1,1.276346207e0,7.995708466e0,8.844099045e-1
val,425,C[NH2+][CH+]OC(C)CCO,7.412381172e0,-3.821896911e-1,2.552692592e-1,1.276346207e0,7.030191422e0,1.279394180e-1
val,426,OC1CCCC2OC12,9.246428490e0,-1.088722199e-1,2.552692592e-1,1.276346207e0,9.137556076e0,1.779033184e0
val,427,O=COC1CCC(=O)O1,7.436871529e0,-1.380315572e-1,2.552692592e-1,1.276346207e0,7.298840046e0,3.384222388e-1
val,428,N#CC1(C#N)NCC1=O,5.899428368e0,2.409049571e-1,2.552692592e-1,1.276346207e0,6.140333176e0,-5.692533255e-1
val,429,N#CC12NC1C1CC12N,6.413723469e0,3.517792225e-1,2.552692592e-1,1.276346207e0,6.765502930e0,-7.944069058e-2
val,430,NC1=CC(=O)C(C=O)C1,5.455882549e0,3.849907219e-1,2.552692592e-1,1.276346207e0,5.840873241e0,-8.038764596e-1
val,431,CC12NC3[NH2+]CC1C32O,4.391917706e0,3.794515729e-1,2.552692592e-1,1.276346207e0,4.771369457e0,-1.641819239e0
val,432,C#CC12CC(C)=CC1C2,6.538896084e0,-4.670053255e-3,2.552692592e-1,1.276346207e0,6.534225941e0,-2.606433034e-1
val,433,CC1(O)COC([NH-])OC1,8.002868652e0,-3.382225707e-2,2.552692592e-1,1.276346207e0,7.969046593e0,8.635206223e-1
val,434,C#CC1C(C)C2OC12,7.932118893e0,-7.908688486e-2,2.552692592e-1,1.276346207e0,7.853032112e0,7.726247311e-1
val,435,CC1(C)C(=O)C2CC1C2,6.106235027e0,-2.311980538e-2,2.552692592e-1,1.276346207e0,6.083115101e0,-6.140829921e-1
val,436,[NH-]C1COC(=O)CCO1,7.249113560e0,-2.376821078e-2,2.552692592e-1,1.276346207e0,7.225345135e0,2.808398902e-1
val,437,CC12CCC(C1)OCO2,8.955266953e0,3.882588148e-1,2.552692592e-1,1.276346207e0,9.343525887e0,1.940407872e0
val,438,[NH-]C1N[CH+][NH2+]C12CC2O,5.630035877e0,-2.994224131e-1,2.552692592e-1,1.276346207e0,5.330613613e0,-1.203658462e0
val,439,CC1(C)C2C3NC3C21,7.434150696e0,4.537082464e-2,2.552692592e-1,1.276346207e0,7.479521751e0,4.799840748e-1
val,440,CC(O)COCCC=O,6.206917286e0,2.108931243e-1,2.552692592e-1,1.276346207e0,6.417810440e0,-3.518534005e-1
val,441,CCC12NC1CCC2O,8.185184479e0,-1.015834976e-2,2.552692592e-1,1.276346207e0,8.175025940e0,1.024902821e0
val,442,CCC12CC1CC(=O)O2,7.570207596e0,-3.757620752e-1,2.552692592e-1,1.276346207e0,7.194445610e0,2.566305101e-1
val,443,N#CC1C(O)CC2OC21,8.462740898e0,-2.472792864e-1,2.552692592e-1,1.276346207e0,8.215461731e0,1.056583762e0
val,444,O=CC1C2C=CCC12O,5.692621708e0,4.272889793e-1,2.552692592e-1,1.276346207e0,6.119910717e0,-5.852540731e-1
val,445,O=C1C=CCOCCO1,5.159278870e0,1.532058865e-1,2.552692592e-1,1.276346207e0,5.312484741e0,-1.217862129e0
val,446,Oc1n[nH]cc1C1CN1,6.337531567e0,4.858604372e-1,2.552692592e-1,1.276346207e0,6.823391914e0,-3.408539668e-2
val,447,COC(C)c1cnon1,6.304878235e0,-3.216721714e-1,2.552692592e-1,1.276346207e0,5.983206272e0,-6.923602819e-1
val,448,CC1(O)CC2(CO)OC12,8.884517670e0,1.744062603e-1,2.552692592e-1,1.276346207e0,9.058923721e0,1.717425704e0
val,449,CCC1C2CC3(C)C1[NH+]23,8.756624222e0,-6.217601150e-2,2.552692592e-1,1.276346207e0,8.694448471e0,1.431863904e0
val,450,COC1CC(O)C2OC12,8.938940048e0,-2.476838976e-1,2.552692592e-1,1.276346207e0,8.691256523e0,1.429363012e0
val,451,C#Cc1nonc1CO,5.817794323e0,-3.338880092e-2,2.552692592e-1,1.276346207e0,5.784405708e0,-8.481180072e-1
val,452,COCC1=C(C)CCC1,6.824615955e0,8.560534567e-2,2.552692592e-1,1.276346207e0,6.910221100e0,3.394417837e-2
val,453,CCC(=NO)C(C)(C)O,6.938903332e0,-4.944641590e-1,2.552692592e-1,1.276346207e0,6.444438934e0,-3.309902847e-1
val,454,CC1CNC(=O)CC1C,7.303536415e0,2.415781319e-1,2.552692592e-1,1.276346207e0,7.545114517e0,5.313751698e-1
val,455,O=Cn1cnoc1=O,5.981062412e0,1.028567031e-1,2.552692592e-1,1.276346207e0,6.083919048e0,-6.134530902e-1
val,456,O=CC12COC1C1C[NH+]12,5.499421120e0,6.091350913e-1,2.552692592e-1,1.276346207e0,6.108556271e0,-5.941501260e-1
val,457,C1=CC2C3C=CC2C1C3,6.264060974e0,-3.455804288e-2,2.552692592e-1,1.276346207e0,6.229503155e0,-4.993897676e-1
val,458,N#CC1C=CC(=O)C1,5.219143867e0,-2.685682848e-2,2.552692592e-1,1.276346207e0,5.192286968e0,-1.312035680e0
val,459,C#CC1CCC(=O)O1,7.532111645e0,5.049218610e-2,2.552692592e-1,1.276346207e0,7.582603931e0,5.607476830e-1
val,460,CC#CC(CC)NC=O,7.344352722e0,7.610573620e-2,2.552692592e-1,1.276346207e0,7.420458317e0,4.337086380e-1
val,461,CC12CCCC1(C=O)N2,5.962014675e0,2.702056170e-1,2.552692592e-1,1.276346207e0,6.232220173e0,-4.972610176e-1
val,462,N#CC(O)C(CO)CO,7.613745689e0,-6.298911572e-1,2.552692592e-1,1.276346207e0,6.983854294e0,9.163486212e-2
val,463,CC1C=CC(=O)C1O,5.265403271e0,-6.216560304e-2,2.552692592e-1,1.276346207e0,5.203237534e0,-1.303455949e0
val,464,COC1OCC=C1C,7.104892731e0,1.598655581e-1,2.552692592e-1,1.276346207e0,7.264758110e0,3.117194772e-1
val,465,C1OC2CC1C2[NH+]1CC1,8.696758270e0,-3.214114606e-1,2.552692592e-1,1.276346207e0,8.375347137e0,1.181851983e0
val,466,CCC1CC=CC1(C)O,7.227344036e0,-2.610105276e-1,2.552692592e-1,1.276346207e0,6.966333389e0,7.790745050e-2
val,467,C1CCC2(CC1)CCO2,8.489952087e0,1.902987957e-1,2.552692592e-1,1.276346207e0,8.680251122e0,1.420740485e0
val,468,O=CC1CCC2COC12,6.010994911e0,-3.593684733e-2,2.552692592e-1,1.276346207e0,5.975058079e0,-6.987442970e-1
val,469,c1occ2c1CC1CN21,6.299435616e0,-3.565688431e-2,2.552692592e-1,1.276346207e0,6.263778687e0,-4.725353420e-1
val,470,CC1C2CC(=O)C1C2C,6.149773121e0,5.308178067e-1,2.552692592e-1,1.276346207e0,6.680591106e0,-1.459680349e-1
val,471,CC1OC1CC1OC1C,9.311736107e0,1.422143281e-1,2.552692592e-1,1.276346207e0,9.453950882e0,2.026924610e0
val,472,CCCOC(C)C(C)C,8.979757309e0,3.723347560e-2,2.552692592e-1,1.276346207e0,9.016990662e0,1.684571624e0
val,473,CC1C[NH+](C)CC([NH-])O1,6.824615955e0,1.696605980e-1,2.552692592e-1,1.276346207e0,6.994276524e0,9.980054945e-2
val,474,O=CC1=CC(O)C(O)C1,5.200095654e0,1.273916960e-1,2.552692592e-1,1.276346207e0,5.327487469e0,-1.206107736e0
val,475,CC1(O)C=CC2C(O)C21,6.375627518e0,5.115295649e-1,2.552692592e-1,1.276346207e0,6.887156963e0,1.587371714e-2
val,476,N#Cc1cncc([NH-])[nH+]1,3.749728680e0,-4.000049829e-1,2.552692592e-1,1.276346207e0,3.349723816e0,-2.755660772e0
val,477,CCC1(C)C(O)C2OC21,8.707643509e0,-9.552384913e-2,2.552692592e-1,1.276346207e0,8.612119675e0,1.367360353e0
val,478,CC1CC(O)C=C1C=O,5.178326607e0,-2.347949147e-1,2.552692592e-1,1.276346207e0,4.943531513e0,-1.506932378e0
val,479,CC1=CCCC(=O)NC1,6.838221550e0,3.440307677e-1,2.552692592e-1,1.276346207e0,7.182252407e0,2.470772862e-1
val,480,C1C2C3OC4C[NH+](C13)C42,8.013752937e0,-7.138448954e-2,2.552692592e-1,1.276346207e0,7.942368507e0,8.426187038e-1
val,481,OC1C2CC2C12CCC2,8.642336845e0,-5.648935959e-2,2.552692592e-1,1.276346207e0,8.585847855e0,1.346776724e0
val,482,C[NH+](CC#N)CCC#N,7.181085110e0,3.561141491e-1,2.552692592e-1,1.276346207e0,7.537199020e0,5.251734853e-1
val,483,CCC12CCCC1OC2,8.628729820e0,-2.367036790e-1,2.552692592e-1,1.276346207e0,8.392025948e0,1.194919705e0
val,484,O=c1nc(CO)nn[nH]1,4.514369011e0,9.386807680e-2,2.552692592e-1,1.276346207e0,4.608237267e0,-1.769631267e0
val,485,CC1C(O)C(C)C2NC12,8.506278992e0,-1.415553540e-1,2.552692592e-1,1.276346207e0,8.364723206e0,1.173528314e0
val,486,C1=CC23CC2(C1)OCO3,6.525290489e0,3.569093347e-1,2.552692592e-1,1.276346207e0,6.882199764e0,1.198981423e-2
val,487,CC1C(CC#N)C2OC12,8.296751022e0,2.362774014e-1,2.552692592e-1,1.276346207e0,8.533028603e0,1.305393457e0
val,488,C1OC1C1CCC2OC21,9.439629555e0,-4.107630253e-1,2.552692592e-1,1.276346207e0,9.028866768e0,1.693876386e0
val,489,C#CCNc1[nH+]cco1,6.016437531e0,-1.091099307e-1,2.552692592e-1,1.276346207e0,5.907327652e0,-7.518102527e-1
val,490,O=C1CC2NC2C2OC12,5.858611107e0,-5.272334814e-1,2.552692592e-1,1.276346207e0,5.331377506e0,-1.203059912e0
val,491,N#CC1=CCC(O)C1N,5.806910038e0,-1.171475798e-1,2.552692592e-1,1.276346207e0,5.689762592e0,-9.222697020e-1
val,492,C#CC(=O)CO[CH+][NH2+]C,4.802809238e0,1.259944141e-1,2.552692592e-1,1.276346207e0,4.928803444e0,-1.518471599e0
val,493,OC12CC3COC(C1)C32,8.283145905e0,1.408117861e-1,2.552692592e-1,1.276346207e0,8.423957825e0,1.219937921e0
val,494,CC1CC12OCCC2=O,5.804188728e0,2.907810807e-1,2.552692592e-1,1.276346207e0,6.094969749e0,-6.047950387e-1
val,495,COC(=O)N1CC(=O)C1,5.983783722e0,-1.460330561e-2,2.552692592e-1,1.276346207e0,5.969180584e0,-7.033492327e-1
val,496,CC1(C=O)OCOC1[NH-],6.049090862e0,1.286663115e-1,2.552692592e-1,1.276346207e0,6.177757263e0,-5.399320126e-1
val,497,CCC12OC1CC2C#N,7.989262581e0,-6.935688108e-2,2.552692592e-1,1.276346207e0,7.919905663e0,8.250193596e-1
val,498,Cc1cc(NO)cc[nH+]1,4.669473648e0,1.331865340e-1,2.552692592e-1,1.276346207e0,4.802659988e0,-1.617303491e0
val,499,CC12OC1CC2(O)CO,8.081781387e0,-5.788989663e-1,2.552692592e-1,1.276346207e0,7.502882481e0,4.982869327e-1
test,0,CC1(C2CC2)CC=CC1,7.213738441e0,0.000000000e0,0.000000000e0,1.276346207e0,7.213738441e0,2.717461884e-1
test,1,CCC1(C2CO2)CN1,8.462740898e0,0.000000000e0,0.000000000e0,1.276346207e0,8.462740898e0,1.250323892e0
test,2,C[NH+]1C2C(O)C(NO)C21,6.283109188e0,0.000000000e0,0.000000000e0,1.276346207e0,6.283109188e0,-4.573901296e-1
test,3,CC1Oc2nc[nH]c2O1,5.627314568e0,0.000000000e0,0.000000000e0,1.276346207e0,5.627314568e0,-9.711969495e-1
test,4,CC(=O)N1CC1C1CO1,6.892644405e0,0.000000000e0,0.000000000e0,1.276346207e0,6.892644405e0,2.017305978e-2
test,5,CC(C)CCCCO,9.317178726e0,0.000000000e0,0.000000000e0,1.276346207e0,9.317178726e0,1.919765234e0
test,6,CC1=CC2C3OCC1C23,6.217801571e0,0.000000000e0,0.000000000e0,1.276346207e0,6.217801571e0,-5.085577965e-1
test,7,[NH-]C1=C(F)N=C(O)NO1,4.484436512e0,0.000000000e0,0.000000000e0,1.276346207e0,4.484436512e0,-1.866627574e0
test,8,C[NH+]1C2C(O)C(C=O)C21,5.249076366e0,0.000000000e0,0.000000000e0,1.276346207e0,5.249076366e0,-1.267541885e0
test,9,CC1(C)C2C3C[NH+]3C21C,7.662726402e0,0.000000000e0,0.000000000e0,1.276346207e0,7.662726402e0,6.235226393e-1
test,10,N#CC1(O)CC2(CO2)C1,7.638236046e0,0.000000000e0,0.000000000e0,1.276346207e0,7.638236046e0,6.043347120e-1
test,11,C1OC1C1OC1C1CO1,8.879075050e0,0.000000000e0,0.000000000e0,1.276346207e0,8.879075050e0,1.576516509e0
test,12,N#CCNC12CC(C1)C2,7.273603439e0,0.000000000e0,0.000000000e0,1.276346207e0,7.273603439e0,3.186496794e-1
test,13,CC(C)C1OC12CCC2,8.985198975e0,0.000000000e0,0.000000000e0,1.276346207e0,8.985198975e0,1.659663320e0
test,14,C1[NH+]2C3C4C5OC13C2C54,8.321241379e0,0.000000000e0,0.000000000e0,1.276346207e0,8.321241379e0,1.139460802e0
test,15,OCc1cc(F)ccn1,6.547059536e0,0.000000000e0,0.000000000e0,1.276346207e0,6.547059536e0,-2.505883574e-1
test,16,[NH-]C1=C(N)N=CNO1,4.873559475e0,0.000000000e0,0.000000000e0,1.276346207e0,4.873559475e0,-1.561754584e0
test,17,CC12CC(O1)C2O,9.055949211e0,0.000000000e0,0.000000000e0,1.276346207e0,9.055949211e0,1.715095162e0
test,18,CCC1C2C3CC3(C)[NH+]12,8.372943878e0,0.000000000e0,0.000000000e0,1.276346207e0,8.372943878e0,1.179969072e0
test,19,N#CC1C(N)C12COC2,7.159315586e0,0.000000000e0,0.000000000e0,1.276346207e0,7.159315586e0,2.291065753e-1
test,20,CCC1C2CC1(O)C2C,9.017853737e0,0.000000000e0,0.000000000e0,1.276346207e0,9.017853737e0,1.685247898e0
test,21,CC1C=CC=CC([NH-])O1,4.680358410e0,0.000000000e0,0.000000000e0,1.276346207e0,4.680358410e0,-1.713125229e0
test,22,COc1n[nH]nc1N,5.798746109e0,0.000000000e0,0.000000000e0,1.276346207e0,5.798746109e0,-8.368825316e-1
test,23,CC12OC(C1O)C2C=O,5.665410519e0,0.000000000e0,0.000000000e0,1.276346207e0,5.665410519e0,-9.413492680e-1
test,24,CNc1ncccc1N,5.221864700e0,0.000000000e0,0.000000000e0,1.276346207e0,5.221864700e0,-1.288861871e0
test,25,Cc1nccncc1=O,4.299399376e0,0.000000000e0,0.000000000e0,1.276346207e0,4.299399376e0,-2.011601925e0
test,26,CC(C)C1CCOCC1,8.879075050e0,0.000000000e0,0.000000000e0,1.276346207e0,8.879075050e0,1.576516509e0
test,27,OC12CC1CC21COC1,8.182463646e0,0.000000000e0,0.000000000e0,1.276346207e0,8.182463646e0,1.030730247e0
test,28,C1CC2(COC2)C2OC12,8.707643509e0,0.000000000e0,0.000000000e0,1.276346207e0,8.707643509e0,1.442202091e0
test,29,OC12COC1C2C1CC1,8.125319481e0,0.000000000e0,0.000000000e0,1.276346207e0,8.125319481e0,9.859585166e-1
test,30,CCC12CC3(C)C(O1)C23,8.152531624e0,0.000000000e0,0.000000000e0,1.276346207e0,8.152531624e0,1.007278919e0
test,31,C#CC1OC1(C)C1CN1,7.036864281e0,0.000000000e0,0.000000000e0,1.276346207e0,7.036864281e0,1.331675202e-1
test,32,ONC1C2CC1O[CH+][NH2+]2,6.506242275e0,0.000000000e0,0.000000000e0,1.276346207e0,6.506242275e0,-2.825681567e-1
test,33,CC1C2OC3C2C13C#N,7.257276535e0,0.000000000e0,0.000000000e0,1.276346207e0,7.257276535e0,3.058577478e-1
test,34,[H]N=C(N(C)C)C(F)(F)F,6.386512280e0,0.000000000e0,0.000000000e0,1.276346207e0,6.386512280e0,-3.763751090e-1
test,35,COC12C=CCOC1C2,6.615087986e0,0.000000000e0,0.000000000e0,1.276346207e0,6.615087986e0,-1.972889006e-1
test,36,CC1OCCCCC1=O,5.828679085e0,0.000000000e0,0.000000000e0,1.276346207e0,5.828679085e0,-8.134304285e-1
test,37,C1=CC2(CCC1)COC2,7.069517612e0,0.000000000e0,0.000000000e0,1.276346207e0,7.069517612e0,1.587509960e-1
test,38,C#CC(C)(C)COC=O,7.556602001e0,0.000000000e0,0.000000000e0,1.276346207e0,7.556602001e0,5.403754711e-1
test,39,O=CNC1CC12COC2,7.045027256e0,0.000000000e0,0.000000000e0,1.276346207e0,7.045027256e0,1.395631135e-1
test,40,CC1=CCC=CC2NC12,6.255897522e0,0.000000000e0,0.000000000e0,1.276346207e0,6.255897522e0,-4.787101150e-1
test,41,CCC(=O)CCOC,6.402839184e0,0.000000000e0,0.000000000e0,1.276346207e0,6.402839184e0,-3.635831773e-1
test,42,Nc1c(F)ccnc1F,5.638199329e0,0.000000000e0,0.000000000e0,1.276346207e0,5.638199329e0,-9.626688957e-1
test,43,Cc1nnc2occn12,6.013716221e0,0.000000000e0,0.000000000e0,1.276346207e0,6.013716221e0,-6.684561372e-1
test,44,[NH-]C1=C(F)C=NNO1,4.620493412e0,0.000000000e0,0.000000000e0,1.276346207e0,4.620493412e0,-1.760028720e0
test,45,OC12CC1CC2C1CC1,8.261377335e0,0.000000000e0,0.000000000e0,1.276346207e0,8.261377335e0,1.092558146e0
test,46,OCC1(O)CCOCC1,8.051848412e0,0.000000000e0,0.000000000e0,1.276346207e0,8.051848412e0,9.283948541e-1
test,47,CC(=O)C12C3CC1C2O3,5.899428368e0,0.000000000e0,0.000000000e0,1.276346207e0,5.899428368e0,-7.579992414e-1
test,48,Cc1cncc(F)c1F,6.345695019e0,0.000000000e0,0.000000000e0,1.276346207e0,6.345695019e0,-4.083549082e-1
test,49,CCC12CCC(N1)C2=O,6.196032524e0,0.000000000e0,0.000000000e0,1.276346207e0,6.196032524e0,-5.256136060e-1
test,50,N#CC1OCOCC1=O,5.464046478e0,0.000000000e0,0.000000000e0,1.276346207e0,5.464046478e0,-1.099115491e0
test,51,c1cncc(C2CN2)c1,6.010994911e0,0.000000000e0,0.000000000e0,1.276346207e0,6.010994911e0,-6.705882549e-1
test,52,CC1(C2(C)CC2)CC1,8.884517670e0,0.000000000e0,0.000000000e0,1.276346207e0,8.884517670e0,1.580780745e0
test,53,O=C1CC2CC(=O)C2N1,5.436834812e0,0.000000000e0,0.000000000e0,1.276346207e0,5.436834812e0,-1.120435476e0
test,54,CC1C2CC(C2=O)[NH+]1C,5.447719574e0,0.000000000e0,0.000000000e0,1.276346207e0,5.447719574e0,-1.111907363e0
test,55,CC1C2C3CC(C[NH+]12)O3,7.823273182e0,0.000000000e0,0.000000000e0,1.276346207e0,7.823273182e0,7.493090034e-1
test,56,OCCCc1cn[nH]n1,7.017816544e0,0.000000000e0,0.000000000e0,1.276346207e0,7.017816544e0,1.182438582e-1
test,57,OC1(C2CC2)COC1,8.506278992e0,0.000000000e0,0.000000000e0,1.276346207e0,8.506278992e0,1.284435511e0
test,58,CC1C=CCC1C1CC1,7.175642490e0,0.000000000e0,0.000000000e0,1.276346207e0,7.175642490e0,2.418985069e-1
test,59,O=C1NCC12COC2,7.363400936e0,0.000000000e0,0.000000000e0,1.276346207e0,7.363400936e0,3.890048862e-1
test,60,CC1CC(C)C(O)CO1,8.743018150e0,0.000000000e0,0.000000000e0,1.276346207e0,8.743018150e0,1.469917655e0
test,61,CNC(C#N)C#CC#N,5.722554207e0,0.000000000e0,0.000000000e0,1.276346207e0,5.722554207e0,-8.965778947e-1
test,62,NC=Nc1n[nH]nc1O,5.020500660e0,0.000000000e0,0.000000000e0,1.276346207e0,5.020500660e0,-1.446628094e0
test,63,CCC1=CCN=COC1,6.272224426e0,0.000000000e0,0.000000000e0,1.276346207e0,6.272224426e0,-4.659182131e-1
test,64,O=C1C2CC1C21CC1O,6.870874882e0,0.000000000e0,0.000000000e0,1.276346207e0,6.870874882e0,3.116910812e-3
test,65,CC1(O)CCCC(O)C1,8.653220177e0,0.000000000e0,0.000000000e0,1.276346207e0,8.653220177e0,1.399562001e0
test,66,CC1C2C1[NH+]1C2C1(C)C,7.445035458e0,0.000000000e0,0.000000000e0,1.276346207e0,7.445035458e0,4.529645145e-1
test,67,C1OC2C3C4C[NH+](C13)C42,8.511721611e0,0.000000000e0,0.000000000e0,1.276346207e0,8.511721611e0,1.288699746e0
test,68,C#CC1(C2CO2)CO1,7.660005569e0,0.000000000e0,0.000000000e0,1.276346207e0,7.660005569e0,6.213908792e-1
test,69,CC1(c2ncn[nH]2)CN1,7.058633804e0,0.000000000e0,0.000000000e0,1.276346207e0,7.058633804e0,1.502236724e-1
test,70,C1C2CC3(COC3)C12,8.596076965e0,0.000000000e0,0.000000000e0,1.276346207e0,8.596076965e0,1.354791045e0
test,71,O=CC1C2C=CC3C2[NH+]13,5.496700287e0,0.000000000e0,0.000000000e0,1.276346207e0,5.496700287e0,-1.073531628e0
test,72,CC1=CCN=COC1,6.334810734e0,0.000000000e0,0.000000000e0,1.276346207e0,6.334810734e0,-4.168826044e-1
test,73,O=Cc1ncnnn1,3.945650816e0,0.000000000e0,0.000000000e0,1.276346207e0,3.945650816e0,-2.288759470e0
test,74,C#CC12NC3C(=O)C1C32,5.932082176e0,0.000000000e0,0.000000000e0,1.276346207e0,5.932082176e0,-7.324153781e-1
test,75,C[NH+]1CCN(C=O)CC1,6.938903332e0,0.000000000e0,0.000000000e0,1.276346207e0,6.938903332e0,5.641634762e-2
test,76,CC12CC3C4C1C[NH+]4C32,8.163415909e0,0.000000000e0,0.000000000e0,1.276346207e0,8.163415909e0,1.015806556e0
test,77,CC(C)c1nccnn1,4.440898418e0,0.000000000e0,0.000000000e0,1.276346207e0,4.440898418e0,-1.900739074e0
test,78,C#CC(C)(OC)C(C)C,8.114435196e0,0.000000000e0,0.000000000e0,1.276346207e0,8.114435196e0,9.774307609e-1
test,79,OCC1C(O)C12COC2,7.932118893e0,0.000000000e0,0.000000000e0,1.276346207e0,7.932118893e0,8.345882297e-1
test,80,COC1CC2(CO2)C1O,8.438250542e0,0.000000000e0,0.000000000e0,1.276346207e0,8.438250542e0,1.231136084e0
test,81,C#CCC(=O)NC(C)=O,6.084465981e0,0.000000000e0,0.000000000e0,1.276346207e0,6.084465981e0,-6.130245924e-1
test,82,CCCC1CC12COC2,8.470904350e0,0.000000000e0,0.000000000e0,1.276346207e0,8.470904350e0,1.256719947e0
test,83,O=CCC(CO)CC=O,5.657247066e0,0.000000000e0,0.000000000e0,1.276346207e0,5.657247066e0,-9.477452040e-1
test,84,CCOC(C)CO,9.088603020e0,0.000000000e0,0.000000000e0,1.276346207e0,9.088603020e0,1.740679026e0
test,85,O=CNC1C2CC1C2,7.521226883e0,0.000000000e0,0.000000000e0,1.276346207e0,7.521226883e0,5.126595497e-1
test,86,CC(C)([NH3+])CC(=O)[O-],3.997352600e0,0.000000000e0,0.000000000e0,1.276346207e0,3.997352600e0,-2.248251677e0
test,87,CCC(=O)C(C)CO,6.274945736e0,0.000000000e0,0.000000000e0,1.276346207e0,6.274945736e0,-4.637860954e-1
test,88,OC12C=CCC3C(C1)C32,6.968835831e0,0.000000000e0,0.000000000e0,1.276346207e0,6.968835831e0,7.986808568e-2
test,89,NC(=O)C1(O)C2CC1C2,6.930739880e0,0.000000000e0,0.000000000e0,1.276346207e0,6.930739880e0,5.002038553e-2
test,90,C1=CC23C=CC1[NH+]2CC3,5.194653511e0,0.000000000e0,0.000000000e0,1.276346207e0,5.194653511e0,-1.310181499e0
test,91,O=COC12CC(C1)C2,7.591977119e0,0.000000000e0,0.000000000e0,1.276346207e0,7.591977119e0,5.680914521e-1
test,92,CNC1=CC=CC(F)O1,4.566070557e0,0.000000000e0,0.000000000e0,1.276346207e0,4.566070557e0,-1.802668333e0
test,93,CCC1C2OC3C1C23,8.272260666e0,0.000000000e0,0.000000000e0,1.276346207e0,8.272260666e0,1.101085067e0
test,94,C#CC1OC1C1OC1C,7.548438072e0,0.000000000e0,0.000000000e0,1.276346207e0,7.548438072e0,5.339791775e-1
test,95,O=CN1C2CC1C21CC1,6.775634766e0,0.000000000e0,0.000000000e0,1.276346207e0,6.775634766e0,-7.150252163e-2
test,96,CC1COCC(C)C1C,8.492672920e0,0.000000000e0,0.000000000e0,1.276346207e0,8.492672920e0,1.273775339e0
test,97,COC1C2C(C)C1C2O,8.653220177e0,0.000000000e0,0.000000000e0,1.276346207e0,8.653220177e0,1.399562001e0
test,98,CCC#CCCC(C)=O,6.117119789e0,0.000000000e0,0.000000000e0,1.276346207e0,6.117119789e0,-5.874407291e-1
test,99,CNC(=O)OCCC=O,6.193311214e0,0.000000000e0,0.000000000e0,1.276346207e0,6.193311214e0,-5.277457237e-1
test,100,Cc1cc[nH]c1C1CC1,6.307599545e0,0.000000000e0,0.000000000e0,1.276346207e0,6.307599545e0,-4.382022321e-1
test,101,N#CCOC([NH-])CCO,7.279046059e0,0.000000000e0,0.000000000e0,1.276346207e0,7.279046059e0,3.229138851e-1
test,102,O=C1CC2NC2CCN1,7.279046059e0,0.000000000e0,0.000000000e0,1.276346207e0,7.279046059e0,3.229138851e-1
test,103,CC1NCC2NC12C#N,6.625972271e0,0.000000000e0,0.000000000e0,1.276346207e0,6.625972271e0,-1.887612045e-1
test,104,OC1CC2(C3CC3)NC12,8.236886978e0,0.000000000e0,0.000000000e0,1.276346207e0,8.236886978e0,1.073370218e0
test,105,CC12CCC1[NH+]2CC=O,6.065417767e0,0.000000000e0,0.000000000e0,1.276346207e0,6.065417767e0,-6.279486418e-1
test,106,COc1ccc(F)nc1,5.425950050e0,0.000000000e0,0.000000000e0,1.276346207e0,5.425950050e0,-1.128963590e0
test,107,CC12CC(=O)C3CC1C32,6.089908123e0,0.000000000e0,0.000000000e0,1.276346207e0,6.089908123e0,-6.087607145e-1
test,108,O=C1C=CC2C3OC3C12,5.053154469e0,0.000000000e0,0.000000000e0,1.276346207e0,5.053154469e0,-1.421044230e0
test,109,C#CC(O)(C=O)CO,5.540238380e0,0.000000000e0,0.000000000e0,1.276346207e0,5.540238380e0,-1.039420009e0
test,110,CC1=CC(C)CNC1=O,5.779698372e0,0.000000000e0,0.000000000e0,1.276346207e0,5.779698372e0,-8.518061638e-1
test,111,CC1(CO)CCC12CO2,8.821931839e0,0.000000000e0,0.000000000e0,1.276346207e0,8.821931839e0,1.531745553e0
test,112,CCC12C[NH+]1C1CC12,7.945724487e0,0.000000000e0,0.000000000e0,1.276346207e0,7.945724487e0,8.452480435e-1
test,113,O=C1C=CCCN1,5.657247066e0,0.000000000e0,0.000000000e0,1.276346207e0,5.657247066e0,-9.477452040e-1
test,114,CC1=NC(=O)OC([NH-])O1,6.136167526e0,0.000000000e0,0.000000000e0,1.276346207e0,6.136167526e0,-5.725170970e-1
test,115,O=C1NC23COC(C2)C13,6.789240837e0,0.000000000e0,0.000000000e0,1.276346207e0,6.789240837e0,-6.084233895e-2
test,116,Cn1nc(N)ncc1=O,3.825920820e0,0.000000000e0,0.000000000e0,1.276346207e0,3.825920820e0,-2.382566452e0
test,117,O=C1CC(C2CCC2)C1,6.059975624e0,0.000000000e0,0.000000000e0,1.276346207e0,6.059975624e0,-6.322124600e-1
test,118,[NH-]c1n[cH+][nH]ccc1=O,4.808251858e0,0.000000000e0,0.000000000e0,1.276346207e0,4.808251858e0,-1.612922311e0
test,119,C#CC12CC(C1)C2C#N,7.668168545e0,0.000000000e0,0.000000000e0,1.276346207e0,7.668168545e0,6.277864575e-1
test,120,C[NH+]1C2CC3C1C2[NH+]3C,7.828715801e0,0.000000000e0,0.000000000e0,1.276346207e0,7.828715801e0,7.535732388e-1
test,121,CCC(C)N(C)C(N)=O,7.874975204e0,0.000000000e0,0.000000000e0,1.276346207e0,7.874975204e0,7.898169160e-1
test,122,C#CC(O)CCOC,7.711706638e0,0.000000000e0,0.000000000e0,1.276346207e0,7.711706638e0,6.618980169e-1
test,123,N#CC1C2CCCCC12,8.291309357e0,0.000000000e0,0.000000000e0,1.276346207e0,8.291309357e0,1.116009474e0
test,124,CC12CC3C4C[NH+](C41)C32,8.166136742e0,0.000000000e0,0.000000000e0,1.276346207e0,8.166136742e0,1.017938256e0
test,125,CC1C2CC1C2(C)O,8.960708618e0,0.000000000e0,0.000000000e0,1.276346207e0,8.960708618e0,1.640475392e0
test,126,CC(C)(C)C(C)(O)C=O,6.054533005e0,0.000000000e0,0.000000000e0,1.276346207e0,6.054533005e0,-6.364766955e-1
test,127,O=CCOC1C2CC1C2,6.231407166e0,0.000000000e0,0.000000000e0,1.276346207e0,6.231407166e0,-4.978980124e-1
test,128,C#Cc1nc(=O)cno1,4.838184357e0,0.000000000e0,0.000000000e0,1.276346207e0,4.838184357e0,-1.589470625e0
test,129,N#CCC12C[NH+]1C1CC12,7.265439510e0,0.000000000e0,0.000000000e0,1.276346207e0,7.265439510e0,3.122533262e-1
test,130,O=C1CCC(=O)OCO1,7.145709991e0,0.000000000e0,0.000000000e0,1.276346207e0,7.145709991e0,2.184467614e-1
test,131,C#CC1CCCOC1[NH-],7.371564865e0,0.000000000e0,0.000000000e0,1.276346207e0,7.371564865e0,3.954012096e-1
test,132,Cc1n[nH]nc1C(C)C,6.813731194e0,0.000000000e0,0.000000000e0,1.276346207e0,6.813731194e0,-4.165445268e-2
test,133,OC12CCC3(CO3)C1C2,8.944382668e0,0.000000000e0,0.000000000e0,1.276346207e0,8.944382668e0,1.627684236e0
test,134,O=Cc1ccc(=O)on1,4.530695915e0,0.000000000e0,0.000000000e0,1.276346207e0,4.530695915e0,-1.830383897e0
test,135,[NH-]C1=C(O)C(N)=NNO1,3.844968557e0,0.000000000e0,0.000000000e0,1.276346207e0,3.844968557e0,-2.367642641e0
test,136,CC1C(O)C1(O)C1CC1,7.640957355e0,0.000000000e0,0.000000000e0,1.276346207e0,7.640957355e0,6.064668298e-1
test,137,CCC1CC2(CO2)C1C,8.922613144e0,0.000000000e0,0.000000000e0,1.276346207e0,8.922613144e0,1.610628009e0
test,138,O=CCC12CC3C(O1)C32,5.866774559e0,0.000000000e0,0.000000000e0,1.276346207e0,5.866774559e0,-7.835830450e-1
test,139,OC1CNc2[nH]cnc21,6.147051811e0,0.000000000e0,0.000000000e0,1.276346207e0,6.147051811e0,-5.639893413e-1
test,140,CC1CCC(NO)CC1,6.857269287e0,0.000000000e0,0.000000000e0,1.276346207e0,6.857269287e0,-7.542901672e-3
test,141,O=C1OC2C(O1)C1OC21,8.914449692e0,0.000000000e0,0.000000000e0,1.276346207e0,8.914449692e0,1.604232073e0
test,142,Oc1ncc(F)cc1F,5.436834812e0,0.000000000e0,0.000000000e0,1.276346207e0,5.436834812e0,-1.120435476e0
test,143,CC1OC2C3C4CC13C42,8.808325768e0,0.000000000e0,0.000000000e0,1.276346207e0,8.808325768e0,1.521085382e0
test,144,COC1C2CC1C2C,9.371601105e0,0.000000000e0,0.000000000e0,1.276346207e0,9.371601105e0,1.962404490e0
test,145,c1n[nH]c2c1NCC2,5.779698372e0,0.000000000e0,0.000000000e0,1.276346207e0,5.779698372e0,-8.518061638e-1
test,146,CCOC([NH-])CC=O,6.065417767e0,0.000000000e0,0.000000000e0,1.276346207e0,6.065417767e0,-6.279486418e-1
test,147,CC1C2(CO2)CC12CO2,8.563423157e0,0.000000000e0,0.000000000e0,1.276346207e0,8.563423157e0,1.329207182e0
test,148,CC12CC(C1)C2(C)O,8.903565407e0,0.000000000e0,0.000000000e0,1.276346207e0,8.903565407e0,1.595704436e0
test,149,CCNc1n[nH]nc1O,5.640920639e0,0.000000000e0,0.000000000e0,1.276346207e0,5.640920639e0,-9.605367780e-1
test,150,OCC1(C2CCO2)CO1,8.674989700e0,0.000000000e0,0.000000000e0,1.276346207e0,8.674989700e0,1.416618228e0
test,151,CC12CC(C1)C2C=O,5.932082176e0,0.000000000e0,0.000000000e0,1.276346207e0,5.932082176e0,-7.324153781e-1
test,152,CC1CCC(C)C(O)C1,9.017853737e0,0.000000000e0,0.000000000e0,1.276346207e0,9.017853737e0,1.685247898e0
test,153,C#CCC(C#N)CC#N,7.820552349e0,0.000000000e0,0.000000000e0,1.276346207e0,7.820552349e0,7.471772432e-1
test,154,CCC1OC1C1CO1,9.224658966e0,0.000000000e0,0.000000000e0,1.276346207e0,9.224658966e0,1.847277164e0
test,155,O=CC1C=CCCC=C1,5.423229218e0,0.000000000e0,0.000000000e0,1.276346207e0,5.423229218e0,-1.131095290e0
test,156,OC1CCn2nncc21,6.870874882e0,0.000000000e0,0.000000000e0,1.276346207e0,6.870874882e0,3.116910812e-3
test,157,C[NH+]1CC2OC3C1C23O,7.200132847e0,0.000000000e0,0.000000000e0,1.276346207e0,7.200132847e0,2.610863745e-1
test,158,Nc1n[nH]nc(N)c1=O,4.024563789e0,0.000000000e0,0.000000000e0,1.276346207e0,4.024563789e0,-2.226932049e0
test,159,CCOC1C2CC1C2,9.360716820e0,0.000000000e0,0.000000000e0,1.276346207e0,9.360716820e0,1.953876734e0
test,160,OC1C2C3C4CC2[NH+]4C13,8.068176270e0,0.000000000e0,0.000000000e0,1.276346207e0,8.068176270e0,9.411875010e-1
test,161,CNc1[nH]nc[n+]1C=O,4.761992455e0,0.000000000e0,0.000000000e0,1.276346207e0,4.761992455e0,-1.649165988e0
test,162,CC12NC1COC2CO,8.215117455e0,0.000000000e0,0.000000000e0,1.276346207e0,8.215117455e0,1.056314111e0
test,163,C#CCc1n[nH]nc1C,6.868154049e0,0.000000000e0,0.000000000e0,1.276346207e0,6.868154049e0,9.851724608e-4
test,164,CC(O)C1C2CC1(C)C2,9.088603020e0,0.000000000e0,0.000000000e0,1.276346207e0,9.088603020e0,1.740679026e0
test,165,CC(O)C1OC12CCC2,8.699480057e0,0.000000000e0,0.000000000e0,1.276346207e0,8.699480057e0,1.435806036e0
test,166,OCC#Cc1cn[nH]n1,5.918476582e0,0.000000000e0,0.000000000e0,1.276346207e0,5.918476582e0,-7.430751920e-1
test,167,N#CC(CCO)O[CH+][NH-],7.551159859e0,0.000000000e0,0.000000000e0,1.276346207e0,7.551159859e0,5.361116529e-1
test,168,CCC1OCC12CC2O,8.419202805e0,0.000000000e0,0.000000000e0,1.276346207e0,8.419202805e0,1.216212392e0
test,169,[NH-]C1OC2CC3CC12N3,7.107614040e0,0.000000000e0,0.000000000e0,1.276346207e0,7.107614040e0,1.885990649e-1
test,170,CC1=CC2COC3C1C23,6.296714783e0,0.000000000e0,0.000000000e0,1.276346207e0,6.296714783e0,-4.467303157e-1
test,171,CC1COC([NH-])C(C)C1,7.496736526e0,0.000000000e0,0.000000000e0,1.276346207e0,7.496736526e0,4.934716523e-1
test,172,CC1C2CC1(O)C2C,9.028738022e0,0.000000000e0,0.000000000e0,1.276346207e0,9.028738022e0,1.693775535e0
test,173,C1CC2C3CC4C(C13)C24,9.458678246e0,0.000000000e0,0.000000000e0,1.276346207e0,9.458678246e0,2.030628443e0
test,174,OCCCC12CC(C1)C2,9.330784798e0,0.000000000e0,0.000000000e0,1.276346207e0,9.330784798e0,1.930425406e0
test,175,CC1OC1C1(C)CN1,8.666826248e0,0.000000000e0,0.000000000e0,1.276346207e0,8.666826248e0,1.410222292e0
test,176,O=C1CC2C3C1CC23O,6.111677170e0,0.000000000e0,0.000000000e0,1.276346207e0,6.111677170e0,-5.917049646e-1
test,177,C#CC1(CC)C2CC1C2,8.117156029e0,0.000000000e0,0.000000000e0,1.276346207e0,8.117156029e0,9.795625210e-1
test,178,OCCCC1C2CC1C2,9.328063011e0,0.000000000e0,0.000000000e0,1.276346207e0,9.328063011e0,1.928292990e0
test,179,OCC1CCC(O)CO1,8.838258743e0,0.000000000e0,0.000000000e0,1.276346207e0,8.838258743e0,1.544537425e0
test,180,[H]N=CN(C)c1cn[nH]n1,5.485815525e0,0.000000000e0,0.000000000e0,1.276346207e0,5.485815525e0,-1.082059741e0
test,181,CNc1nc(O)nn[nH+]1,4.179668903e0,0.000000000e0,0.000000000e0,1.276346207e0,4.179668903e0,-2.105409145e0
test,182,CCC1C2OC1C2=O,6.691279888e0,0.000000000e0,0.000000000e0,1.276346207e0,6.691279888e0,-1.375935078e-1
test,183,C#CC1C2CC1C2CC,8.122598648e0,0.000000000e0,0.000000000e0,1.276346207e0,8.122598648e0,9.838267565e-1
test,184,CC12C3[CH-]C4C(C41)[NH+]2C3,4.922539711e0,0.000000000e0,0.000000000e0,1.276346207e0,4.922539711e0,-1.523379207e0
test,185,CC1[NH+]2C3(C)CC3C12C,7.657283783e0,0.000000000e0,0.000000000e0,1.276346207e0,7.657283783e0,6.192584038e-1
test,186,N#CCn1ncc(N)n1,5.776977062e0,0.000000000e0,0.000000000e0,1.276346207e0,5.776977062e0,-8.539382815e-1
test,187,O=CC1(O)C2C3C[NH+]3C21,5.208259583e0,0.000000000e0,0.000000000e0,1.276346207e0,5.208259583e0,-1.299521327e0
test,188,CC1C2C(C)C1C2(C)O,8.879075050e0,0.000000000e0,0.000000000e0,1.276346207e0,8.879075050e0,1.576516509e0
test,189,CC12C3CC1C(O3)C2O,8.089944839e0,0.000000000e0,0.000000000e0,1.276346207e0,8.089944839e0,9.582428932e-1
test,190,CCC1Cc2cncn21,6.955230236e0,0.000000000e0,0.000000000e0,1.276346207e0,6.955230236e0,6.920827180e-2
test,191,CC1CC2CC2CC1C,8.993363380e0,0.000000000e0,0.000000000e0,1.276346207e0,8.993363380e0,1.666059971e0
test,192,CC(C)C12CC(C1)C2C,9.722628593e0,0.000000000e0,0.000000000e0,1.276346207e0,9.722628593e0,2.237430096e0
test,193,Cc1nc(F)ccc1N,5.145672798e0,0.000000000e0,0.000000000e0,1.276346207e0,5.145672798e0,-1.348557234e0
test,194,CC12COC3CC1OC32,8.699480057e0,0.000000000e0,0.000000000e0,1.276346207e0,8.699480057e0,1.435806036e0
test,195,Cc1ccc(F)nc1F,5.959293365e0,0.000000000e0,0.000000000e0,1.276346207e0,5.959293365e0,-7.110957503e-1
test,196,CC(=O)C1C2CC1C2,6.084465981e0,0.000000000e0,0.000000000e0,1.276346207e0,6.084465981e0,-6.130245924e-1
test,197,CC1C2[NH+]1C1C(O)C21O,7.564764977e0,0.000000000e0,0.000000000e0,1.276346207e0,7.564764977e0,5.467711091e-1
test,198,O=CC(C=O)NCCO,4.802809238e0,0.000000000e0,0.000000000e0,1.276346207e0,4.802809238e0,-1.617186546e0
test,199,CC1(O)C2CC3C(O2)C31,8.775671959e0,0.000000000e0,0.000000000e0,1.276346207e0,8.775671959e0,1.495501518e0
test,200,O=C1CN=COCC1=O,4.149736404e0,0.000000000e0,0.000000000e0,1.276346207e0,4.149736404e0,-2.128860950e0
test,201,CC12C3CC1C2OC3=O,7.330747128e0,0.000000000e0,0.000000000e0,1.276346207e0,7.330747128e0,3.634210229e-1
test,202,[NH-]C1=C[CH-]C(=O)C=NN1,4.367427349e0,0.000000000e0,0.000000000e0,1.276346207e0,4.367427349e0,-1.958302736e0
test,203,C#CCN=C(N)OC,7.559322834e0,0.000000000e0,0.000000000e0,1.276346207e0,7.559322834e0,5.425072312e-1
test,204,[CH-]1C[NH+]2C3C1C1NC1C32,5.314383507e0,0.000000000e0,0.000000000e0,1.276346207e0,5.314383507e0,-1.216374516e0
test,205,COC1C(O)C12COC2,7.986541748e0,0.000000000e0,0.000000000e0,1.276346207e0,7.986541748e0,8.772279024e-1
test,206,CC12C[NH+]3C4C(O1)C4C32,7.439593315e0,0.000000000e0,0.000000000e0,1.276346207e0,7.439593315e0,4.487006664e-1
test,207,CC1OC1C1(C#N)CN1,7.812388420e0,0.000000000e0,0.000000000e0,1.276346207e0,7.812388420e0,7.407809496e-1
test,208,Oc1ccc(O)c(F)n1,5.216422558e0,0.000000000e0,0.000000000e0,1.276346207e0,5.216422558e0,-1.293125749e0
test,209,CC#Cc1ccncc1,5.458603859e0,0.000000000e0,0.000000000e0,1.276346207e0,5.458603859e0,-1.103379726e0
test,210,CCCc1cccnc1,6.204195976e0,0.000000000e0,0.000000000e0,1.276346207e0,6.204195976e0,-5.192176104e-1
test,211,CCCOC12CC(C1)C2,9.211053848e0,0.000000000e0,0.000000000e0,1.276346207e0,9.211053848e0,1.836617708e0
test,212,c1nc(C2CCC2)no1,7.118498325e0,0.000000000e0,0.000000000e0,1.276346207e0,7.118498325e0,1.971267611e-1
test,213,CC#CC(C)(O)CC=O,5.972899437e0,0.000000000e0,0.000000000e0,1.276346207e0,5.972899437e0,-7.004355788e-1
test,214,[NH-]C1CC2CCCC2O1,7.728034019e0,0.000000000e0,0.000000000e0,1.276346207e0,7.728034019e0,6.746903062e-1
test,215,CC12CC(CO)(O1)C2O,8.726691246e0,0.000000000e0,0.000000000e0,1.276346207e0,8.726691246e0,1.457125664e0
test,216,C#CC1(C)OC12CCC2,7.616467476e0,0.000000000e0,0.000000000e0,1.276346207e0,7.616467476e0,5.872793198e-1
test,217,CC1(C)CC(C2CO2)O1,8.857306480e0,0.000000000e0,0.000000000e0,1.276346207e0,8.857306480e0,1.559461117e0
test,218,C1OC2C3CC12C1NC31,8.057291031e0,0.000000000e0,0.000000000e0,1.276346207e0,8.057291031e0,9.326590300e-1
test,219,COC12CC3OC1C32C,7.970214844e0,0.000000000e0,0.000000000e0,1.276346207e0,7.970214844e0,8.644359708e-1
test,220,C[NH+]=C(N)C#CC(=O)[O-],3.398702145e0,0.000000000e0,0.000000000e0,1.276346207e0,3.398702145e0,-2.717286825e0
test,221,CC1C2C=CC(O)C[NH+]12,6.013716221e0,0.000000000e0,0.000000000e0,1.276346207e0,6.013716221e0,-6.684561372e-1
test,222,CC(C)(O)C1C2CC1C2,8.718527794e0,0.000000000e0,0.000000000e0,1.276346207e0,8.718527794e0,1.450729728e0
test,223,CC(=O)C(C)CNC=O,6.220522881e0,0.000000000e0,0.000000000e0,1.276346207e0,6.220522881e0,-5.064257383e-1
test,224,N#Cc1n[nH]nc1CO,6.315762520e0,0.000000000e0,0.000000000e0,1.276346207e0,6.315762520e0,-4.318066537e-1
test,225,C1OCC23C4C5C([NH+]42)C153,7.257276535e0,0.000000000e0,0.000000000e0,1.276346207e0,7.257276535e0,3.058577478e-1
test,226,c1n[nH]c(C2CN2)n1,7.028701305e0,0.000000000e0,0.000000000e0,1.276346207e0,7.028701305e0,1.267719269e-1
test,227,CC1C2(C)CC1(O)C2C,8.898122787e0,0.000000000e0,0.000000000e0,1.276346207e0,8.898122787e0,1.591440201e0
test,228,C#CC1C2C=CC3C2[NH+]13,6.193311214e0,0.000000000e0,0.000000000e0,1.276346207e0,6.193311214e0,-5.277457237e-1
test,229,CCC#CC12CC(C1)C2,7.847763538e0,0.000000000e0,0.000000000e0,1.276346207e0,7.847763538e0,7.684968710e-1
test,230,C[NH2+]C1ONN=C[CH+]1C,4.321168423e0,0.000000000e0,0.000000000e0,1.276346207e0,4.321168423e0,-1.994546056e0
test,231,CCCC12CC(O1)C2=O,6.634135723e0,0.000000000e0,0.000000000e0,1.276346207e0,6.634135723e0,-1.823652387e-1
test,232,OC1(C23CCC2N3)CC1,8.250492096e0,0.000000000e0,0.000000000e0,1.276346207e0,8.250492096e0,1.084029675e0
test,233,OC1C2CCC2C2CC12,8.566143990e0,0.000000000e0,0.000000000e0,1.276346207e0,8.566143990e0,1.331339002e0
test,234,[NH-]C1C=NC(=O)N=CN1,4.914376259e0,0.000000000e0,0.000000000e0,1.276346207e0,4.914376259e0,-1.529775143e0
test,235,CC1=NC(C)C=CCO1,6.544338226e0,0.000000000e0,0.000000000e0,1.276346207e0,6.544338226e0,-2.527204454e-1
test,236,CN(C)c1ncnnn1,4.525253296e0,0.000000000e0,0.000000000e0,1.276346207e0,4.525253296e0,-1.834648132e0
test,237,O=CC1=CC2C[NH+]2CC1,4.704848766e0,0.000000000e0,0.000000000e0,1.276346207e0,4.704848766e0,-1.693937302e0
test,238,CCCC1(C2CN2)CO1,8.906287193e0,0.000000000e0,0.000000000e0,1.276346207e0,8.906287193e0,1.597836852e0
test,239,CC1=CC(=O)CC2CN12,5.091249943e0,0.000000000e0,0.000000000e0,1.276346207e0,5.091249943e0,-1.391196847e0
test,240,O=C1COC1C1CC1,6.002831459e0,0.000000000e0,0.000000000e0,1.276346207e0,6.002831459e0,-6.769841909e-1
test,241,CC1(C2(C#N)CC2)CC1,8.079060555e0,0.000000000e0,0.000000000e0,1.276346207e0,8.079060555e0,9.497151971e-1
test,242,CCC1C(=O)CC12CC2,5.915755272e0,0.000000000e0,0.000000000e0,1.276346207e0,5.915755272e0,-7.452073097e-1
test,243,Cc1nc(F)ccc1O,5.431392670e0,0.000000000e0,0.000000000e0,1.276346207e0,5.431392670e0,-1.124699354e0
test,244,O=CC1CCCCO1,6.163379192e0,0.000000000e0,0.000000000e0,1.276346207e0,6.163379192e0,-5.511970520e-1
test,245,CC1(c2ncco2)CO1,6.353858471e0,0.000000000e0,0.000000000e0,1.276346207e0,6.353858471e0,-4.019589424e-1
test,246,CC1C2CC1C2NO,7.352516651e0,0.000000000e0,0.000000000e0,1.276346207e0,7.352516651e0,3.804771900e-1
test,247,CC1=NCC=CCO1,6.813731194e0,0.000000000e0,0.000000000e0,1.276346207e0,6.813731194e0,-4.165445268e-2
test,248,CC1C2C3C(O)C3(C)[NH+]12,8.098108292e0,0.000000000e0,0.000000000e0,1.276346207e0,8.098108292e0,9.646388888e-1
test,249,O=C1OC2C=CC1OC2,5.891264915e0,0.000000000e0,0.000000000e0,1.276346207e0,5.891264915e0,-7.643951774e-1
test,250,CC(O)C(=O)CC(N)=O,5.687179565e0,0.000000000e0,0.000000000e0,1.276346207e0,5.687179565e0,-9.242935181e-1
test,251,C[NH+]1C2C(O)C1C2C=O,5.630035877e0,0.000000000e0,0.000000000e0,1.276346207e0,5.630035877e0,-9.690648317e-1
test,252,CC1OCCCC1O,8.781113625e0,0.000000000e0,0.000000000e0,1.276346207e0,8.781113625e0,1.499764919e0
test,253,CC(C)C1C2OC1C2=O,6.688558578e0,0.000000000e0,0.000000000e0,1.276346207e0,6.688558578e0,-1.397256255e-1
test,254,O=CC1COC1C1CO1,5.951130390e0,0.000000000e0,0.000000000e0,1.276346207e0,5.951130390e0,-7.174913287e-1
test,255,O=CC(=O)C1C2CC1C2,4.106198311e0,0.000000000e0,0.000000000e0,1.276346207e0,4.106198311e0,-2.162972450e0
test,256,C#Cc1cnccc1C,5.453161716e0,0.000000000e0,0.000000000e0,1.276346207e0,5.453161716e0,-1.107643485e0
test,257,O=CC1=CCC2CC1O2,4.955193520e0,0.000000000e0,0.000000000e0,1.276346207e0,4.955193520e0,-1.497795343e0
test,258,CC1(O)C2C3C2[NH+]2C3C21,7.744359970e0,0.000000000e0,0.000000000e0,1.276346207e0,7.744359970e0,6.874815226e-1
test,259,CC1[NH+](C)C12CCOC2,8.144367218e0,0.000000000e0,0.000000000e0,1.276346207e0,8.144367218e0,1.000882149e0
test,260,CC1(C2CC3CC32)CC1,8.941660881e0,0.000000000e0,0.000000000e0,1.276346207e0,8.941660881e0,1.625551701e0
test,261,C#CC12CC1C1C2[NH+]1C,7.406939030e0,0.000000000e0,0.000000000e0,1.276346207e0,7.406939030e0,4.231164455e-1
test,262,CC1(C=O)CCC12CO2,6.089908123e0,0.000000000e0,0.000000000e0,1.276346207e0,6.089908123e0,-6.087607145e-1
test,263,Cc1ncnnn1,4.389196396e0,0.000000000e0,0.000000000e0,1.276346207e0,4.389196396e0,-1.941246986e0
test,264,CC(=O)C(CO)C(C)C,6.122561455e0,0.000000000e0,0.000000000e0,1.276346207e0,6.122561455e0,-5.831772685e-1
test,265,C1=CC2CCC2=CCC1,6.715770245e0,0.000000000e0,0.000000000e0,1.276346207e0,6.715770245e0,-1.184056252e-1
test,266,CC1OC12CCC2CO,8.930777550e0,0.000000000e0,0.000000000e0,1.276346207e0,8.930777550e0,1.617024779e0
test,267,C1=NCC2CC3C(O1)C23,7.295372486e0,0.000000000e0,0.000000000e0,1.276346207e0,7.295372486e0,3.357054591e-1
test,268,CC1=CC(O)CNC1=O,5.730718136e0,0.000000000e0,0.000000000e0,1.276346207e0,5.730718136e0,-8.901816010e-1
test,269,Nc1ccnc(O)c1O,5.790582657e0,0.000000000e0,0.000000000e0,1.276346207e0,5.790582657e0,-8.432784677e-1
test,270,CC1CC1C1(O)CC1O,8.440972328e0,0.000000000e0,0.000000000e0,1.276346207e0,8.440972328e0,1.233268499e0
test,271,Nc1ccnc(=O)[nH]1,5.055875301e0,0.000000000e0,0.000000000e0,1.276346207e0,5.055875301e0,-1.418912411e0
test,272,CCC12CC(O)C1[NH+]2C,8.024637222e0,0.000000000e0,0.000000000e0,1.276346207e0,8.024637222e0,9.070752263e-1
test,273,C#CC12OC(C1O)C2O,6.851827145e0,0.000000000e0,0.000000000e0,1.276346207e0,6.851827145e0,-1.180675160e-2
test,274,CC1C(=O)N2CC(O)C12,6.476309776e0,0.000000000e0,0.000000000e0,1.276346207e0,6.476309776e0,-3.060199022e-1
test,275,OC1C=CC2CC1O2,6.476309776e0,0.000000000e0,0.000000000e0,1.276346207e0,6.476309776e0,-3.060199022e-1
test,276,C1OCc2nnoc2O1,5.806910038e0,0.000000000e0,0.000000000e0,1.276346207e0,5.806910038e0,-8.304861784e-1
test,277,C1=C2NCC3C[NH+]([CH+]1)C23,5.053154469e0,0.000000000e0,0.000000000e0,1.276346207e0,5.053154469e0,-1.421044230e0
test,278,O=C1COC(=O)C2NC12,5.855890274e0,0.000000000e0,0.000000000e0,1.276346207e0,5.855890274e0,-7.921108007e-1
test,279,C[NH+]1CC2OC3CCC321,7.325304985e0,0.000000000e0,0.000000000e0,1.276346207e0,7.325304985e0,3.591571748e-1
test,280,Cc1cc(C2CO2)n[nH]1,6.710327625e0,0.000000000e0,0.000000000e0,1.276346207e0,6.710327625e0,-1.226698458e-1
test,281,CC1C(C)C12COC2,8.386548996e0,0.000000000e0,0.000000000e0,1.276346207e0,8.386548996e0,1.190628529e0
test,282,CCC(=O)C(C)CC,6.269503117e0,0.000000000e0,0.000000000e0,1.276346207e0,6.269503117e0,-4.680503011e-1
test,283,[NH-]C1CC=CC(=O)N1,5.526632309e0,0.000000000e0,0.000000000e0,1.276346207e0,5.526632309e0,-1.050080299e0
test,284,c1cc2c([nH]1)COCC2,6.538896084e0,0.000000000e0,0.000000000e0,1.276346207e0,6.538896084e0,-2.569842935e-1
test,285,CC(C)n1nccn1,7.039586067e0,0.000000000e0,0.000000000e0,1.276346207e0,7.039586067e0,1.353000104e-1
test,286,[NH-]C1OCC(=O)CO1,5.673573971e0,0.000000000e0,0.000000000e0,1.276346207e0,5.673573971e0,-9.349533319e-1
test,287,C#CCOCC(C)=NO,6.748423576e0,0.000000000e0,0.000000000e0,1.276346207e0,6.748423576e0,-9.282214940e-2
test,288,C[NH+]1CC1C1CC2OC21,8.239607811e0,0.000000000e0,0.000000000e0,1.276346207e0,8.239607811e0,1.075501919e0
test,289,CCC1CCC([NH-])OC1,7.523947716e0,0.000000000e0,0.000000000e0,1.276346207e0,7.523947716e0,5.147912502e-1
test,290,C[n+]1c([NH-])[nH]cnc1=O,5.689900398e0,0.000000000e0,0.000000000e0,1.276346207e0,5.689900398e0,-9.221617579e-1
test,291,C#Cc1ccnc(N)c1,4.827299595e0,0.000000000e0,0.000000000e0,1.276346207e0,4.827299595e0,-1.597998619e0
test,292,CC12CC(CO)(O1)C2=O,6.590597630e0,0.000000000e0,0.000000000e0,1.276346207e0,6.590597630e0,-2.164767981e-1
test,293,CC12CC3CC(C1)C2C3,9.567523003e0,0.000000000e0,0.000000000e0,1.276346207e0,9.567523003e0,2.115906715e0
test,294,C#CC1C2CC1C2(C)O,7.611024857e0,0.000000000e0,0.000000000e0,1.276346207e0,7.611024857e0,5.830151439e-1
test,295,CC1C(O)C12CC(=O)C2,6.040927887e0,0.000000000e0,0.000000000e0,1.276346207e0,6.040927887e0,-6.471361518e-1
test,296,C1NC12COC21CC1,7.970214844e0,0.000000000e0,0.000000000e0,1.276346207e0,7.970214844e0,8.644359708e-1
test,297,CC1C2C(O)C1C2(C)C,8.925334930e0,0.000000000e0,0.000000000e0,1.276346207e0,8.925334930e0,1.612760544e0
test,298,O=CC1C=CCN=CO1,5.790582657e0,0.000000000e0,0.000000000e0,1.276346207e0,5.790582657e0,-8.432784677e-1
test,299,COCC[NH+]1C2CCC21,8.759345055e0,0.000000000e0,0.000000000e0,1.276346207e0,8.759345055e0,1.482709527e0
test,300,CC1=CCC([NH+]2CC2)C1,7.055912018e0,0.000000000e0,0.000000000e0,1.276346207e0,7.055912018e0,1.480911821e-1
test,301,COc1n[nH]nc1CO,6.220522881e0,0.000000000e0,0.000000000e0,1.276346207e0,6.220522881e0,-5.064257383e-1
test,302,CC1(C23CCC2N3)CO1,9.115814209e0,0.000000000e0,0.000000000e0,1.276346207e0,9.115814209e0,1.761998653e0
test,303,N#CC1[NH2+]C2CC3C2[NH+]13,5.469488621e0,0.000000000e0,0.000000000e0,1.276346207e0,5.469488621e0,-1.094851613e0
test,304,C1=Nc2[nH]ncc2CO1,5.219143867e0,0.000000000e0,0.000000000e0,1.276346207e0,5.219143867e0,-1.290993571e0
test,305,C#CCC#CC(O)CO,7.483131409e0,0.000000000e0,0.000000000e0,1.276346207e0,7.483131409e0,4.828121960e-1
test,306,CCC1CC2CC(=O)N12,6.375627518e0,0.000000000e0,0.000000000e0,1.276346207e0,6.375627518e0,-3.849031627e-1
test,307,CCC1C=CC2CC2O1,6.702164173e0,0.000000000e0,0.000000000e0,1.276346207e0,6.702164173e0,-1.290658116e-1
test,308,C1CC2OC3(CC3)C2O1,8.495394707e0,0.000000000e0,0.000000000e0,1.276346207e0,8.495394707e0,1.275907755e0
test,309,CC1C2(O)CC1(O)C2,8.541653633e0,0.000000000e0,0.000000000e0,1.276346207e0,8.541653633e0,1.312151074e0
test,310,CC1(C)C2C3C2[NH+]2C3C21,8.081781387e0,0.000000000e0,0.000000000e0,1.276346207e0,8.081781387e0,9.518469572e-1
test,311,O=CN1C2C3C2C2C3C21,6.976998806e0,0.000000000e0,0.000000000e0,1.276346207e0,6.976998806e0,8.626367152e-2
test,312,Cc1[nH]cnc1C1CC1,6.381070137e0,0.000000000e0,0.000000000e0,1.276346207e0,6.381070137e0,-3.806389570e-1
test,313,OCC12CC(C1)C2,9.202890396e0,0.000000000e0,0.000000000e0,1.276346207e0,9.202890396e0,1.830221772e0
test,314,CCC1=CC2CCC1O2,6.846384525e0,0.000000000e0,0.000000000e0,1.276346207e0,6.846384525e0,-1.607097499e-2
test,315,O=[N+]([O-])c1cccnc1,4.963356972e0,0.000000000e0,0.000000000e0,1.276346207e0,4.963356972e0,-1.491399407e0
test,316,CC1NC1C1COCO1,8.555259705e0,0.000000000e0,0.000000000e0,1.276346207e0,8.555259705e0,1.322811246e0
test,317,COc1cnncn1,4.938866615e0,0.000000000e0,0.000000000e0,1.276346207e0,4.938866615e0,-1.510587335e0
test,318,Nc1cnc(O)nn1,4.383754253e0,0.000000000e0,0.000000000e0,1.276346207e0,4.383754253e0,-1.945510864e0
test,319,CN(C)C(=O)N(C)C,7.529390335e0,0.000000000e0,0.000000000e0,1.276346207e0,7.529390335e0,5.190554857e-1
test,320,[NH-]C1C=CN=C(N)O1,4.960635662e0,0.000000000e0,0.000000000e0,1.276346207e0,4.960635662e0,-1.493531466e0
test,321,CNC(C)(C#N)COC,7.308978081e0,0.000000000e0,0.000000000e0,1.276346207e0,7.308978081e0,3.463652730e-1
test,322,Cn1nc(O)c(O)n1,5.828679085e0,0.000000000e0,0.000000000e0,1.276346207e0,5.828679085e0,-8.134304285e-1
test,323,OC1C2CC3CC1C3C2,8.715806961e0,0.000000000e0,0.000000000e0,1.276346207e0,8.715806961e0,1.448598027e0
test,324,OCCC12COCC1N2,8.794719696e0,0.000000000e0,0.000000000e0,1.276346207e0,8.794719696e0,1.510425091e0
test,325,O=C1CC=C2C3NC3C12,5.796025276e0,0.000000000e0,0.000000000e0,1.276346207e0,5.796025276e0,-8.390142322e-1
test,326,O=C1C2OCC3OC1C32,4.990568161e0,0.000000000e0,0.000000000e0,1.276346207e0,4.990568161e0,-1.470079780e0
test,327,CNC(=O)CC([NH-])OC,6.704885483e0,0.000000000e0,0.000000000e0,1.276346207e0,6.704885483e0,-1.269336939e-1
test,328,CC1CCCC2(O)CC12,8.873632431e0,0.000000000e0,0.000000000e0,1.276346207e0,8.873632431e0,1.572252274e0
test,329,CC1NC1C12CC[NH+]1C2,8.174300194e0,0.000000000e0,0.000000000e0,1.276346207e0,8.174300194e0,1.024334311e0
test,330,CC1=CC(O)C=CCC1,6.220522881e0,0.000000000e0,0.000000000e0,1.276346207e0,6.220522881e0,-5.064257383e-1
test,331,CC1Cn2c1cnc2O,6.816452026e0,0.000000000e0,0.000000000e0,1.276346207e0,6.816452026e0,-3.952271119e-2
test,332,CC1C2C=CC3C(C2)C13,6.683116436e0,0.000000000e0,0.000000000e0,1.276346207e0,6.683116436e0,-1.439894736e-1
test,333,O=C1C2CC[NH+]3C1CC23,5.608266830e0,0.000000000e0,0.000000000e0,1.276346207e0,5.608266830e0,-9.861206412e-1
test,334,[NH-]C1OCC2NC21,7.232786179e0,0.000000000e0,0.000000000e0,1.276346207e0,7.232786179e0,2.866698503e-1
test,335,C1=CC2CC3CC1CC23,6.903528214e0,0.000000000e0,0.000000000e0,1.276346207e0,6.903528214e0,2.870038524e-2
test,336,CC(CCCO)C(N)=O,7.534832478e0,0.000000000e0,0.000000000e0,1.276346207e0,7.534832478e0,5.233193636e-1
test,337,[NH-]C1OC2C3CC[NH+]3C12,6.342973709e0,0.000000000e0,0.000000000e0,1.276346207e0,6.342973709e0,-4.104870260e-1
test,338,CC12CC3(O)C(CC13)O2,8.419202805e0,0.000000000e0,0.000000000e0,1.276346207e0,8.419202805e0,1.216212392e0
test,339,C[NH+]1C2CC(N)C21C#N,6.791961670e0,0.000000000e0,0.000000000e0,1.276346207e0,6.791961670e0,-5.871059746e-2
test,340,CC1CC2(COC2)C1=O,5.703506470e0,0.000000000e0,0.000000000e0,1.276346207e0,5.703506470e0,-9.115015864e-1
test,341,CC1C2C=CCC1C2=O,5.880380630e0,0.000000000e0,0.000000000e0,1.276346207e0,5.880380630e0,-7.729228735e-1
test,342,CCn1ncc(C)n1,6.800125122e0,0.000000000e0,0.000000000e0,1.276346207e0,6.800125122e0,-5.231463537e-2
test,343,Cc1nc(=O)nnn1C,4.593281746e0,0.000000000e0,0.000000000e0,1.276346207e0,4.593281746e0,-1.781348705e0
test,344,CC1OC1CC1CCO1,8.811046600e0,0.000000000e0,0.000000000e0,1.276346207e0,8.811046600e0,1.523217082e0
test,345,NC(=O)N(C=O)CC=O,5.453161716e0,0.000000000e0,0.000000000e0,1.276346207e0,5.453161716e0,-1.107643485e0
test,346,Cc1cnccc1CO,6.258618832e0,0.000000000e0,0.000000000e0,1.276346207e0,6.258618832e0,-4.765779972e-1
test,347,CC12CC1N1C=CNC12,6.111677170e0,0.000000000e0,0.000000000e0,1.276346207e0,6.111677170e0,-5.917049646e-1
test,348,CC(=O)C(C)C(C)(C)C,6.149773121e0,0.000000000e0,0.000000000e0,1.276346207e0,6.149773121e0,-5.618572831e-1
test,349,O=C1C=C2NCC2CC1,5.409623623e0,0.000000000e0,0.000000000e0,1.276346207e0,5.409623623e0,-1.141755104e0
test,350,CC1C(=O)C2(C)OC12,5.787861824e0,0.000000000e0,0.000000000e0,1.276346207e0,5.787861824e0,-8.454102278e-1
test,351,C#CC(CC#N)OCC,7.926676750e0,0.000000000e0,0.000000000e0,1.276346207e0,7.926676750e0,8.303244114e-1
test,352,CCC1C2OC3C1C23C,8.198790550e0,0.000000000e0,0.000000000e0,1.276346207e0,8.198790550e0,1.043522120e0
test,353,Nc1cnoc(=O)c1N,4.329331398e0,0.000000000e0,0.000000000e0,1.276346207e0,4.329331398e0,-1.988150477e0
test,354,CC1CCCCC1C#N,9.238265991e0,0.000000000e0,0.000000000e0,1.276346207e0,9.238265991e0,1.857938051e0
test,355,Fc1ccccn1,6.198753357e0,0.000000000e0,0.000000000e0,1.276346207e0,6.198753357e0,-5.234818459e-1
test,356,CC1(NC=O)C2CC1C2,7.589255333e0,0.000000000e0,0.000000000e0,1.276346207e0,7.589255333e0,5.659589767e-1
test,357,O=c1ncc(F)c[nH]1,4.547022343e0,0.000000000e0,0.000000000e0,1.276346207e0,4.547022343e0,-1.817592382e0
test,358,Cc1cnc(N)nn1,4.522532463e0,0.000000000e0,0.000000000e0,1.276346207e0,4.522532463e0,-1.836779833e0
test,359,Cc1c[nH]c(C2CC2)c1,6.334810734e0,0.000000000e0,0.000000000e0,1.276346207e0,6.334810734e0,-4.168826044e-1
test,360,CCNc1cncnn1,4.549743652e0,0.000000000e0,0.000000000e0,1.276346207e0,4.549743652e0,-1.815460205e0
test,361,CCc1ccncc1C,6.212359428e0,0.000000000e0,0.000000000e0,1.276346207e0,6.212359428e0,-5.128216743e-1
test,362,N#CC#CC(C#N)CO,6.405560493e0,0.000000000e0,0.000000000e0,1.276346207e0,6.405560493e0,-3.614510596e-1
test,363,C#CC12C3CC3C1[NH+]2C,6.487194061e0,0.000000000e0,0.000000000e0,1.276346207e0,6.487194061e0,-2.974921763e-1
test,364,CC1([NH+]2CC2)CCC1=O,5.858611107e0,0.000000000e0,0.000000000e0,1.276346207e0,5.858611107e0,-7.899790406e-1
test,365,c1cc2n(c1)C1CC2C1,6.383790970e0,0.000000000e0,0.000000000e0,1.276346207e0,6.383790970e0,-3.785072267e-1
test,366,O=C1C2C[NH+]2C1C1CN1,5.774256229e0,0.000000000e0,0.000000000e0,1.276346207e0,5.774256229e0,-8.560700417e-1
test,367,CO[CH+][NH2+]CC#CC#N,5.967456818e0,0.000000000e0,0.000000000e0,1.276346207e0,5.967456818e0,-7.046998143e-1
test,368,O=C1CCC2NC2C1,6.084465981e0,0.000000000e0,0.000000000e0,1.276346207e0,6.084465981e0,-6.130245924e-1
test,369,CC1(C2OC2C#N)CO1,7.542996407e0,0.000000000e0,0.000000000e0,1.276346207e0,7.542996407e0,5.297156572e-1
test,370,C1CC2(C1)CC1(CO1)C2,9.069554329e0,0.000000000e0,0.000000000e0,1.276346207e0,9.069554329e0,1.725754619e0
test,371,CC(C=O)C(C#N)CO,6.054533005e0,0.000000000e0,0.000000000e0,1.276346207e0,6.054533005e0,-6.364766955e-1
test,372,[NH-]C1CC(N)=CC(=O)N1,5.444998264e0,0.000000000e0,0.000000000e0,1.276346207e0,5.444998264e0,-1.114039540e0
test,373,C[NH+]1C2C(O)C1(C)C2O,7.624630451e0,0.000000000e0,0.000000000e0,1.276346207e0,7.624630451e0,5.936748981e-1
test,374,Cc1cc(N)cc(F)n1,6.130725384e0,0.000000000e0,0.000000000e0,1.276346207e0,6.130725384e0,-5.767809153e-1
test,375,COc1cnc(=O)[nH]c1,4.359263897e0,0.000000000e0,0.000000000e0,1.276346207e0,4.359263897e0,-1.964698792e0
test,376,CNc1ccn2c1CC2,5.874938488e0,0.000000000e0,0.000000000e0,1.276346207e0,5.874938488e0,-7.771867514e-1
test,377,Oc1cccnc1F,5.749765873e0,0.000000000e0,0.000000000e0,1.276346207e0,5.749765873e0,-8.752579093e-1
test,378,Nc1concc1=O,4.381032944e0,0.000000000e0,0.000000000e0,1.276346207e0,4.381032944e0,-1.947642922e0
test,379,C#CC1CCCCO1,7.815110207e0,0.000000000e0,0.000000000e0,1.276346207e0,7.815110207e0,7.429134250e-1
test,380,O=C1CC2C3CC1(O)C23,6.138888836e0,0.000000000e0,0.000000000e0,1.276346207e0,6.138888836e0,-5.703849792e-1
test,381,c1cncnccoc1,4.884443760e0,0.000000000e0,0.000000000e0,1.276346207e0,4.884443760e0,-1.553226948e0
test,382,O=CC1Cn2cccc21,4.830020905e0,0.000000000e0,0.000000000e0,1.276346207e0,4.830020905e0,-1.595866561e0
test,383,N#CC12CCCCC1C2,8.462740898e0,0.000000000e0,0.000000000e0,1.276346207e0,8.462740898e0,1.250323892e0
test,384,COC(C)CC(O)C=O,6.049090862e0,0.000000000e0,0.000000000e0,1.276346207e0,6.049090862e0,-6.407405138e-1
test,385,Cc1ccn(C)c(=O)n1,5.015058517e0,0.000000000e0,0.000000000e0,1.276346207e0,5.015058517e0,-1.450891852e0
test,386,NC=Nc1nccnn1,4.457224846e0,0.000000000e0,0.000000000e0,1.276346207e0,4.457224846e0,-1.887947559e0
test,387,CC1(C2(C)CO2)CO1,9.216496468e0,0.000000000e0,0.000000000e0,1.276346207e0,9.216496468e0,1.840881944e0
test,388,COCC(O)C(=O)CO,6.264060974e0,0.000000000e0,0.000000000e0,1.276346207e0,6.264060974e0,-4.723141491e-1
test,389,C1=CC2CCOCC2C1,6.968835831e0,0.000000000e0,0.000000000e0,1.276346207e0,6.968835831e0,7.986808568e-2
test,390,COC1CCCC2CC21,8.721248627e0,0.000000000e0,0.000000000e0,1.276346207e0,8.721248627e0,1.452861547e0
test,391,C1=NC2CCC=C2CO1,6.751144886e0,0.000000000e0,0.000000000e0,1.276346207e0,6.751144886e0,-9.069003910e-2
test,392,Cc1cnoc(=O)c1F,5.085808277e0,0.000000000e0,0.000000000e0,1.276346207e0,5.085808277e0,-1.395460367e0
test,393,C1CC2OC3C(CC23)O1,8.136203766e0,0.000000000e0,0.000000000e0,1.276346207e0,8.136203766e0,9.944862127e-1
test,394,O=CC(O)c1cn[nH]n1,5.923918724e0,0.000000000e0,0.000000000e0,1.276346207e0,5.923918724e0,-7.388113141e-1
test,395,CCC1C2OC2C12CO2,8.819210052e0,0.000000000e0,0.000000000e0,1.276346207e0,8.819210052e0,1.529613018e0
test,396,C#CCC(C)(O)C(C)=O,6.187869072e0,0.000000000e0,0.000000000e0,1.276346207e0,6.187869072e0,-5.320095420e-1
test,397,OCC1CCCCCO1,8.960708618e0,0.000000000e0,0.000000000e0,1.276346207e0,8.960708618e0,1.640475392e0
test,398,O=CNCC1C2CC1C2,7.695379734e0,0.000000000e0,0.000000000e0,1.276346207e0,7.695379734e0,6.491060853e-1
test,399,Cc1ccc(C)c(F)n1,5.951130390e0,0.000000000e0,0.000000000e0,1.276346207e0,5.951130390e0,-7.174913287e-1
test,400,CC1OCCCC1CO,8.590634346e0,0.000000000e0,0.000000000e0,1.276346207e0,8.590634346e0,1.350526810e0
test,401,C[NH+]1CC23COCC12C3,7.687216282e0,0.000000000e0,0.000000000e0,1.276346207e0,7.687216282e0,6.427101493e-1
test,402,CC1CC(=O)C2C1[NH+]2C,5.608266830e0,0.000000000e0,0.000000000e0,1.276346207e0,5.608266830e0,-9.861206412e-1
test,403,O=C1C=CC=CC=CN1,4.538859367e0,0.000000000e0,0.000000000e0,1.276346207e0,4.538859367e0,-1.823987961e0
test,404,CC1=CC2(CN2)COC1,6.438213825e0,0.000000000e0,0.000000000e0,1.276346207e0,6.438213825e0,-3.358675838e-1
test,405,COC1C2OC3C2C13C,8.250492096e0,0.000000000e0,0.000000000e0,1.276346207e0,8.250492096e0,1.084029675e0
test,406,CC12CC(=O)CCC1N2,6.016437531e0,0.000000000e0,0.000000000e0,1.276346207e0,6.016437531e0,-6.663240194e-1
test,407,O=c1[nH]c2cn[nH]c2[nH]1,5.923918724e0,0.000000000e0,0.000000000e0,1.276346207e0,5.923918724e0,-7.388113141e-1
test,408,O=C1CC2(COC2)O1,7.289929867e0,0.000000000e0,0.000000000e0,1.276346207e0,7.289929867e0,3.314412236e-1
test,409,O=C1C=CCC2CC2C1,5.113019466e0,0.000000000e0,0.000000000e0,1.276346207e0,5.113019466e0,-1.374140739e0
test,410,CCC(=O)CCOC=O,6.375627518e0,0.000000000e0,0.000000000e0,1.276346207e0,6.375627518e0,-3.849031627e-1
test,411,CC(=O)C(C)(CO)CO,6.296714783e0,0.000000000e0,0.000000000e0,1.276346207e0,6.296714783e0,-4.467303157e-1
test,412,N#CCC1C(=O)C2OC12,5.815073013e0,0.000000000e0,0.000000000e0,1.276346207e0,5.815073013e0,-8.240906000e-1
test,413,CC12C(O)C3C4C1C2[NH+]34,7.923955917e0,0.000000000e0,0.000000000e0,1.276346207e0,7.923955917e0,8.281926513e-1
test,414,Cc1nc(=O)nc(O)o1,5.942966461e0,0.000000000e0,0.000000000e0,1.276346207e0,5.942966461e0,-7.238876820e-1
test,415,Oc1ccccn1,5.804188728e0,0.000000000e0,0.000000000e0,1.276346207e0,5.804188728e0,-8.326182961e-1
test,416,Nc1nc(=O)nc(O)o1,6.411002159e0,0.000000000e0,0.000000000e0,1.276346207e0,6.411002159e0,-3.571875989e-1
test,417,C#CC(C)(C)C(C)=O,6.212359428e0,0.000000000e0,0.000000000e0,1.276346207e0,6.212359428e0,-5.128216743e-1
test,418,CC1(C2COC2[NH-])CC1,7.861369133e0,0.000000000e0,0.000000000e0,1.276346207e0,7.861369133e0,7.791566849e-1
test,419,OCC1(O)CC1C1CC1,8.013752937e0,0.000000000e0,0.000000000e0,1.276346207e0,8.013752937e0,8.985475302e-1
test,420,CC12CCCCC1C2O,8.304915428e0,0.000000000e0,0.000000000e0,1.276346207e0,8.304915428e0,1.126669645e0
test,421,CC12CC3C(C1)C3O2,8.549818039e0,0.000000000e0,0.000000000e0,1.276346207e0,8.549818039e0,1.318547726e0
test,422,CC12OC3C(C1O)C32C,7.869533062e0,0.000000000e0,0.000000000e0,1.276346207e0,7.869533062e0,7.855530381e-1
test,423,O=CCC1OCC12CC2,6.046370029e0,0.000000000e0,0.000000000e0,1.276346207e0,6.046370029e0,-6.428722739e-1
test,424,C[NH+]1CC1C(=O)N1CC1,6.027321815e0,0.000000000e0,0.000000000e0,1.276346207e0,6.027321815e0,-6.577963233e-1
test,425,NC(=O)CC#CC=O,5.570170403e0,0.000000000e0,0.000000000e0,1.276346207e0,5.570170403e0,-1.015968680e0
test,426,CC1=C(NO)CC(=O)[CH-]1,4.756549835e0,0.000000000e0,0.000000000e0,1.276346207e0,4.756549835e0,-1.653430223e0
test,427,[NH-][CH+]Oc1n[nH]nc1N,5.624593258e0,0.000000000e0,0.000000000e0,1.276346207e0,5.624593258e0,-9.733290672e-1
test,428,Oc1cnc2n1[CH+]N=[NH+]2,5.513026714e0,0.000000000e0,0.000000000e0,1.276346207e0,5.513026714e0,-1.060740113e0
test,429,C#CC1CC=CC2C[NH+]12,6.313041210e0,0.000000000e0,0.000000000e0,1.276346207e0,6.313041210e0,-4.339387715e-1
test,430,Cc1n[nH]c(=O)c(F)n1,4.873559475e0,0.000000000e0,0.000000000e0,1.276346207e0,4.873559475e0,-1.561754584e0
test,431,[NH-]C1=NC(F)=CC(N)O1,5.061317921e0,0.000000000e0,0.000000000e0,1.276346207e0,5.061317921e0,-1.414648175e0
test,432,C#CC#CC(O)C(C)=O,5.534795761e0,0.000000000e0,0.000000000e0,1.276346207e0,5.534795761e0,-1.043684244e0
test,433,Cc1ccnc(F)c1,6.261340141e0,0.000000000e0,0.000000000e0,1.276346207e0,6.261340141e0,-4.744459093e-1
test,434,C#CCCOCCOC,8.408317566e0,0.000000000e0,0.000000000e0,1.276346207e0,8.408317566e0,1.207683921e0
test,435,C1OC2CC3(COC23)O1,7.567486763e0,0.000000000e0,0.000000000e0,1.276346207e0,7.567486763e0,5.489035845e-1
test,436,C[NH2+][CH+]Oc1cn[nH]n1,6.179705620e0,0.000000000e0,0.000000000e0,1.276346207e0,6.179705620e0,-5.384055376e-1
test,437,N#CC1CCC12CO2,8.106271744e0,0.000000000e0,0.000000000e0,1.276346207e0,8.106271744e0,9.710348248e-1
test,438,COC1CCCC(O)C1,8.794719696e0,0.000000000e0,0.000000000e0,1.276346207e0,8.794719696e0,1.510425091e0
test,439,[H]N=C(C#N)NC(C)CC,5.687179565e0,0.000000000e0,0.000000000e0,1.276346207e0,5.687179565e0,-9.242935181e-1
test,440,COC(=O)CCNC=O,7.295372486e0,0.000000000e0,0.000000000e0,1.276346207e0,7.295372486e0,3.357054591e-1
test,441,O=C1Cn2cccc2O1,5.156557560e0,0.000000000e0,0.000000000e0,1.276346207e0,5.156557560e0,-1.340029120e0
test,442,CC12CC3C1CC3(C)O2,8.982478142e0,0.000000000e0,0.000000000e0,1.276346207e0,8.982478142e0,1.657531500e0
test,443,CC1=CC2(C)C[NH+]3C1C32,6.310320377e0,0.000000000e0,0.000000000e0,1.276346207e0,6.310320377e0,-4.360705018e-1
test,444,O=CC12C3OC1C2C3O,5.910312653e0,0.000000000e0,0.000000000e0,1.276346207e0,5.910312653e0,-7.494715452e-1
test,445,CC12CC3(CC3)C1O2,9.017853737e0,0.000000000e0,0.000000000e0,1.276346207e0,9.017853737e0,1.685247898e0
test,446,CC(=O)C(C#N)O[CH+][NH-],6.054533005e0,0.000000000e0,0.000000000e0,1.276346207e0,6.054533005e0,-6.364766955e-1
test,447,OCC12C3OC1C2C3O,7.796061993e0,0.000000000e0,0.000000000e0,1.276346207e0,7.796061993e0,7.279893756e-1
test,448,CC1(C2CC2)CC1C=O,6.114398479e0,0.000000000e0,0.000000000e0,1.276346207e0,6.114398479e0,-5.895728469e-1
test,449,C1CC23C1C1C2C2C3[NH+]12,8.021917343e0,0.000000000e0,0.000000000e0,1.276346207e0,8.021917343e0,9.049442410e-1
test,450,CCc1ccc(F)nc1,5.972899437e0,0.000000000e0,0.000000000e0,1.276346207e0,5.972899437e0,-7.004355788e-1
test,451,CCC12OC3(C)CC1C32,8.498115540e0,0.000000000e0,0.000000000e0,1.276346207e0,8.498115540e0,1.278039575e0
test,452,COC1OCC2NC21C,8.427366257e0,0.000000000e0,0.000000000e0,1.276346207e0,8.427366257e0,1.222608328e0
test,453,C1CC23C4CC12C1C4C13,7.774292946e0,0.000000000e0,0.000000000e0,1.276346207e0,7.774292946e0,7.109336257e-1
test,454,C[NH+]1C2CC(C)(CO)C21,7.828715801e0,0.000000000e0,0.000000000e0,1.276346207e0,7.828715801e0,7.535732388e-1
test,455,CCCC(=O)C(C)C=O,5.447719574e0,0.000000000e0,0.000000000e0,1.276346207e0,5.447719574e0,-1.111907363e0
test,456,[NH-][CH+]OC1CC12COC2,7.170200348e0,0.000000000e0,0.000000000e0,1.276346207e0,7.170200348e0,2.376346588e-1
test,457,O=c1ccnc2n1CC2,5.491257668e0,0.000000000e0,0.000000000e0,1.276346207e0,5.491257668e0,-1.077795863e0
test,458,CC1(C)C2(O)CC1(O)C2,8.449134827e0,0.000000000e0,0.000000000e0,1.276346207e0,8.449134827e0,1.239663720e0
test,459,OCC12OC3CC1C2C3,8.781113625e0,0.000000000e0,0.000000000e0,1.276346207e0,8.781113625e0,1.499764919e0
test,460,CC(C)CCC#CC#N,6.688558578e0,0.000000000e0,0.000000000e0,1.276346207e0,6.688558578e0,-1.397256255e-1
test,461,C#CC(O[CH+][NH-])C(C)=O,5.994668484e0,0.000000000e0,0.000000000e0,1.276346207e0,5.994668484e0,-6.833797693e-1
test,462,OCC#CC(CO)CO,7.510342121e0,0.000000000e0,0.000000000e0,1.276346207e0,7.510342121e0,5.041314363e-1
test,463,CC12OC3CC1C2CO3,8.492672920e0,0.000000000e0,0.000000000e0,1.276346207e0,8.492672920e0,1.273775339e0
test,464,[NH-]C1OCC12C1CC[NH+]12,6.957951069e0,0.000000000e0,0.000000000e0,1.276346207e0,6.957951069e0,7.134000957e-2
test,465,ONC1CCCCC1O,6.832778931e0,0.000000000e0,0.000000000e0,1.276346207e0,6.832778931e0,-2.673078887e-2
test,466,CC12C(O)C1[NH+]1CC12,7.605582714e0,0.000000000e0,0.000000000e0,1.276346207e0,7.605582714e0,5.787512660e-1
test,467,CC1=CC(O)C[NH+]2CC12,6.302156925e0,0.000000000e0,0.000000000e0,1.276346207e0,6.302156925e0,-4.424664676e-1
test,468,CC(OC=O)C(N)=O,7.107614040e0,0.000000000e0,0.000000000e0,1.276346207e0,7.107614040e0,1.885990649e-1
test,469,OCC1C=CCCC=C1,6.783798695e0,0.000000000e0,0.000000000e0,1.276346207e0,6.783798695e0,-6.510619074e-2
test,470,N#CCC1OCC12CC2,7.981099606e0,0.000000000e0,0.000000000e0,1.276346207e0,7.981099606e0,8.729640245e-1
test,471,CC1=CC([NH-])OCC=C1,4.756549835e0,0.000000000e0,0.000000000e0,1.276346207e0,4.756549835e0,-1.653430223e0
test,472,CC1=CC2NC3C1OC23,6.266781807e0,0.000000000e0,0.000000000e0,1.276346207e0,6.266781807e0,-4.701824188e-1
test,473,Cc1nc(=O)c(F)no1,5.232749462e0,0.000000000e0,0.000000000e0,1.276346207e0,5.232749462e0,-1.280333757e0
test,474,Oc1cncc(O)c1,5.575613022e0,0.000000000e0,0.000000000e0,1.276346207e0,5.575613022e0,-1.011704445e0
test,475,N#CC12C=CCC[NH+]1C2,6.337531567e0,0.000000000e0,0.000000000e0,1.276346207e0,6.337531567e0,-4.147508740e-1
test,476,COCC(N)(C#N)C#N,7.015095711e0,0.000000000e0,0.000000000e0,1.276346207e0,7.015095711e0,1.161121204e-1
test,477,CC1(CCC2CO2)CO1,9.592013359e0,0.000000000e0,0.000000000e0,1.276346207e0,9.592013359e0,2.135094643e0
test,478,CCC(C)C(C)CC=O,6.236849785e0,0.000000000e0,0.000000000e0,1.276346207e0,6.236849785e0,-4.936337769e-1
test,479,CC12COC(C=O)C1N2,6.000110626e0,0.000000000e0,0.000000000e0,1.276346207e0,6.000110626e0,-6.791159511e-1
test,480,CCc1cncc(N)c1,5.379690647e0,0.000000000e0,0.000000000e0,1.276346207e0,5.379690647e0,-1.165207148e0
test,481,CC12CC3(O)C1C3(C)O2,7.687216282e0,0.000000000e0,0.000000000e0,1.276346207e0,7.687216282e0,6.427101493e-1
test,482,CC12C(CO)C3OC1C32,7.853205681e0,0.000000000e0,0.000000000e0,1.276346207e0,7.853205681e0,7.727607489e-1
test,483,CC1CC2(C3CN3)OC12,8.571586609e0,0.000000000e0,0.000000000e0,1.276346207e0,8.571586609e0,1.335603237e0
test,484,CC1C2C3C2[NH+]2C3C12C,7.991984367e0,0.000000000e0,0.000000000e0,1.276346207e0,7.991984367e0,8.814920783e-1
test,485,CCC12OC1CC2=O,5.877659321e0,0.000000000e0,0.000000000e0,1.276346207e0,5.877659321e0,-7.750549912e-1
test,486,Cn1ccc(F)nc1=O,5.230028629e0,0.000000000e0,0.000000000e0,1.276346207e0,5.230028629e0,-1.282465458e0
test,487,CC1=CC=CCOC1,5.113019466e0,0.000000000e0,0.000000000e0,1.276346207e0,5.113019466e0,-1.374140739e0
test,488,CC[NH+]1C2CC1(C#N)C2,6.669510841e0,0.000000000e0,0.000000000e0,1.276346207e0,6.669510841e0,-1.546492875e-1
test,489,COCCC(O)C(C)C,8.577029228e0,0.000000000e0,0.000000000e0,1.276346207e0,8.577029228e0,1.339867353e0
test,490,CC1OCC2NC1C2O,8.601518631e0,0.000000000e0,0.000000000e0,1.276346207e0,8.601518631e0,1.359054565e0
test,491,CC1OC1C1(CO)CO1,9.072276115e0,0.000000000e0,0.000000000e0,1.276346207e0,9.072276115e0,1.727887154e0
test,492,O=CCC12CC(O)(C1)C2,6.138888836e0,0.000000000e0,0.000000000e0,1.276346207e0,6.138888836e0,-5.703849792e-1
test,493,CC12CC3C(=O)OC1C32,7.347074509e0,0.000000000e0,0.000000000e0,1.276346207e0,7.347074509e0,3.762133420e-1
test,494,O=C1NCC(C2CN2)N1,8.190627098e0,0.000000000e0,0.000000000e0,1.276346207e0,8.190627098e0,1.037126184e0
test,495,CCOc1nccnn1,4.522532463e0,0.000000000e0,0.000000000e0,1.276346207e0,4.522532463e0,-1.836779833e0
test,496,CNc1cncc(O)c1,5.240912914e0,0.000000000e0,0.000000000e0,1.276346207e0,5.240912914e0,-1.273937821e0
test,497,CC1CCC(CO)OC1,8.955266953e0,0.000000000e0,0.000000000e0,1.276346207e0,8.955266953e0,1.636211872e0
test,498,C#CC1C=CCOC=N1,6.225965023e0,0.000000000e0,0.000000000e0,1.276346207e0,6.225965023e0,-5.021618605e-1
test,499,Nc1cc2n(n1)CCC2,6.291272163e0,0.000000000e0,0.000000000e0,1.276346207e0,6.291272163e0,-4.509945214e-1
