split,record_index,canonical_smiles,y_clean_raw,epsilon_raw,noise_scale_raw,noise_pattern_raw,y_noisy_raw,y_written
train,0,COC1C(O)C1(C)OC,7.956609249e0,3.723396301e0,1.914519310e0,1.276346207e0,1.168000603e1,3.771010637e0
train,1,Cc1[nH]cnc1C1CN1,6.264060974e0,-7.000742108e-2,1.914519310e0,1.276346207e0,6.194053650e0,-5.271640420e-1
train,2,C1C2C3CC4C1C2CC34,9.679089546e0,-2.838746905e-1,1.914519310e0,1.276346207e0,9.395215034e0,1.980905652e0
train,3,CC#CC1NCC12CO2,7.349795341e0,-1.202232480e0,1.914519310e0,1.276346207e0,6.147562981e0,-5.635888577e-1
train,4,CC(C)C12CC=CC1N2,6.342973709e0,-7.082487345e-1,1.914519310e0,1.276346207e0,5.634725094e0,-9.653909206e-1
train,5,CC1(c2cnoc2)CC1,6.582434177e0,1.499893814e-1,1.914519310e0,1.276346207e0,6.732423782e0,-1.053577885e-1
train,6,C#CC1(COC)CC1,8.051848412e0,1.208841801e0,1.914519310e0,1.276346207e0,9.260690689e0,1.875507593e0
train,7,C#CCC1C2CC(O)C12,8.364779472e0,-4.897252917e-1,1.914519310e0,1.276346207e0,7.875054359e0,7.898789048e-1
train,8,Cn1nccc1N1CC1,6.568828583e0,3.401607513e0,1.914519310e0,1.276346207e0,9.970436096e0,2.431584120e0
train,9,CCC1CCOC1OC,9.208333015e0,-9.780251980e-2,1.914519310e0,1.276346207e0,9.110530853e0,1.757859230e0
train,10,CC1C=CC(=O)OC1C,5.904870510e0,-6.256486773e-1,1.914519310e0,1.276346207e0,5.279222012e0,-1.243923068e0
train,11,[NH-]C1OCC23COC12C3,7.004210949e0,-7.864410281e-1,1.914519310e0,1.276346207e0,6.217770100e0,-5.085824728e-1
train,12,COC(C=O)C(F)(F)F,6.032763958e0,-7.871809602e-1,1.914519310e0,1.276346207e0,5.245583057e0,-1.270278811e0
train,13,CC#CC1CC1(O)C#N,6.925297737e0,-5.405654430e0,1.914519310e0,1.276346207e0,1.519643307e0,-4.189505577e0
train,14,[NH-]C1N=CC=NC(=O)O1,4.680358410e0,-1.653926492e0,1.914519310e0,1.276346207e0,3.026432037e0,-3.008955717e0
train,15,N#CC1CCC(=O)C1,6.046370029e0,-2.277296185e-1,1.914519310e0,1.276346207e0,5.818640232e0,-8.212957382e-1
train,16,CCOc1cnoc1,6.119840622e0,-2.092727184e0,1.914519310e0,1.276346207e0,4.027113438e0,-2.224934340e0
train,17,C[NH2+]C(C)OC(C)(C)C,7.366122246e0,-3.135357857e0,1.914519310e0,1.276346207e0,4.230764389e0,-2.065376520e0
train,18,CC(O)C1(C)CC1CO,8.732133865e0,-2.220592976e0,1.914519310e0,1.276346207e0,6.511540890e0,-2.784167528e-1
train,19,CC1C2C(=O)C[NH+]12,5.929360867e0,-3.018139362e0,1.914519310e0,1.276346207e0,2.911221504e0,-3.099221706e0
train,20,O=C1C2C3OCC1(O)C32,6.596040249e0,-3.285976052e-1,1.914519310e0,1.276346207e0,6.267442703e0,-4.696646035e-1
train,21,CC1CC2C3C1CC23C,4.688521862e0,1.897309899e0,1.914519310e0,1.276346207e0,6.585831642e0,-2.202108800e-1
train,22,CC12OC3CCC1C32O,7.894023418e0,-3.611290455e-1,1.914519310e0,1.276346207e0,7.532894135e0,5.218006968e-1
train,23,Nc1cc(OC=O)c[nH]1,5.752487183e0,-1.273483157e0,1.914519310e0,1.276346207e0,4.479003906e0,-1.870883942e0
train,24,CC1=CC(=O)OCCC1,5.970178127e0,-3.074574172e-1,1.914519310e0,1.276346207e0,5.662720680e0,-9.434567094e-1
train,25,CCC(C(C)=O)C(C)O,6.193311214e0,-1.447148174e-1,1.914519310e0,1.276346207e0,6.048596382e0,-6.411279440e-1
train,26,CC12CC3(O)CC1OC32,8.381106377e0,9.587147236e-1,1.914519310e0,1.276346207e0,9.339820862e0,1.937505007e0
train,27,C#CC1(C)CC1NC=O,6.985162735e0,4.560849190e0,1.914519310e0,1.276346207e0,1.154601192e1,3.666028023e0
train,28,O1C2C3C2C2C4C1C4C32,7.815110207e0,1.265648484e0,1.914519310e0,1.276346207e0,9.080759048e0,1.734533429e0
train,29,CCCC1(C=O)CN1,6.079023361e0,1.413281202e0,1.914519310e0,1.276346207e0,7.492304802e0,4.899994433e-1
train,30,COCC(C#N)NC=O,7.553880215e0,-4.166858196e-1,1.914519310e0,1.276346207e0,7.137194633e0,2.117750943e-1
train,31,CC(OC=O)C(O)CO,7.643678188e0,9.192987531e-2,1.914519310e0,1.276346207e0,7.735608101e0,6.806245446e-1
train,32,CC1C2OCC3C2[NH+]13,8.596076965e0,1.253181815e0,1.914519310e0,1.276346207e0,9.849258423e0,2.336642981e0
train,33,Cc1n[nH]c2occc12,6.147051811e0,4.511392713e-1,1.914519310e0,1.276346207e0,6.598191261e0,-2.105272859e-1
train,34,C[NH2+]C1OC(CO)C1C,7.523947716e0,2.832944393e-1,1.914519310e0,1.276346207e0,7.807242393e0,7.367491126e-1
train,35,CC12CC(C#N)=CC1N2,5.287172318e0,3.621946573e-1,1.914519310e0,1.276346207e0,5.649366856e0,-9.539192915e-1
train,36,COC(C(C)C)C1CO1,8.977036476e0,1.722307324e0,1.914519310e0,1.276346207e0,1.069934368e1,3.002674103e0
train,37,CC1CC2OC([NH-])C12O,7.559322834e0,2.907365322e0,1.914519310e0,1.276346207e0,1.046668816e1,2.820391417e0
train,38,CCCC1C=CNC1=O,5.825957775e0,1.403395414e0,1.914519310e0,1.276346207e0,7.229352951e0,2.839799821e-1
train,39,CC12C3C(O)C1(O)C[NH+]32,7.804225445e0,1.807563603e-1,1.914519310e0,1.276346207e0,7.984982014e0,8.760058284e-1
train,40,N#CC1COC2C(O)C12,7.643678188e0,3.389078081e-1,1.914519310e0,1.276346207e0,7.982585907e0,8.741285205e-1
train,41,Cc1occc(=O)c1F,5.472209930e0,-1.137860566e-1,1.914519310e0,1.276346207e0,5.358423710e0,-1.181869626e0
train,42,N#CC1COCCN1,6.979720592e0,-2.367756844e0,1.914519310e0,1.276346207e0,4.611963749e0,-1.766711593e0
train,43,N#CC12CC1OCCN2,7.104892731e0,-9.972186685e-1,1.914519310e0,1.276346207e0,6.107674122e0,-5.948413014e-1
train,44,O=CC12COC1C2O,5.932082176e0,8.566228151e-1,1.914519310e0,1.276346207e0,6.788704872e0,-6.126225740e-2
train,45,C#CC(O)C1C(C)C1C,7.959330082e0,-4.792201817e-1,1.914519310e0,1.276346207e0,7.480109692e0,4.804447293e-1
train,46,CC(O)C(CO)C(C)O,8.089944839e0,6.028092861e0,1.914519310e0,1.276346207e0,1.411803818e1,5.681178093e0
train,47,C#CCC(C)C(C)CO,8.489952087e0,-2.830003738e0,1.914519310e0,1.276346207e0,5.659948349e0,-9.456288218e-1
train,48,CC12OCC1C2C(N)=O,6.925297737e0,-7.489497662e-1,1.914519310e0,1.276346207e0,6.176347733e0,-5.410363674e-1
train,49,NC1=NCCCC1=O,4.685800552e0,-3.439879894e0,1.914519310e0,1.276346207e0,1.245920658e0,-4.403964043e0
train,50,CC(C#CC#N)[NH+]1CC1,5.888543606e0,4.412331879e-1,1.914519310e0,1.276346207e0,6.329776764e0,-4.208266735e-1
train,51,O=C1CC2C3C(O)C2C13,6.141610146e0,-6.466803551e-1,1.914519310e0,1.276346207e0,5.494929790e0,-1.074918747e0
train,52,N#CC12CC(CCN1)C2,7.142988205e0,1.868727207e-1,1.914519310e0,1.276346207e0,7.329860687e0,3.627265096e-1
train,53,NC1=CC(=O)C2C[NH+]2C1,5.325268269e0,-2.437920421e-1,1.914519310e0,1.276346207e0,5.081476212e0,-1.398854494e0
train,54,CNC(C=O)(C=O)CO,5.327989578e0,1.146959424e0,1.914519310e0,1.276346207e0,6.474948883e0,-3.070861399e-1
train,55,[NH-]C1OC2C=CC1O2,6.459982872e0,-4.972090721e0,1.914519310e0,1.276346207e0,1.487892151e0,-4.214382648e0
train,56,Cc1n[nH]c(=O)[nH]1,6.590597630e0,3.523177385e0,1.914519310e0,1.276346207e0,1.011377525e1,2.543888569e0
train,57,CC1(O)C=CC2(CN2)C1,6.563386440e0,1.283969283e0,1.914519310e0,1.276346207e0,7.847355843e0,7.681774497e-1
train,58,CC1COC(=O)OC1,8.683153152e0,1.084672753e-2,1.914519310e0,1.276346207e0,8.694000244e0,1.431512713e0
train,59,CCCCCC,1.076754570e1,-1.713928103e0,1.914519310e0,1.276346207e0,9.053617477e0,1.713268280e0
train,60,C#CCNc1[nH]nn[nH+]1,5.480372906e0,-2.242325544e-1,1.914519310e0,1.276346207e0,5.256140232e0,-1.262007356e0
train,61,C#CC1NC1CC(N)=O,6.922576904e0,-1.447344661e0,1.914519310e0,1.276346207e0,5.475232124e0,-1.090351701e0
train,62,N#CC1(C2CCO2)CN1,7.401497364e0,3.922976494e0,1.914519310e0,1.276346207e0,1.132447433e1,3.492456198e0
train,63,Cc1c[n+]2[nH]cnc2[nH]1,6.378348827e0,1.059216022e0,1.914519310e0,1.276346207e0,7.437564850e0,4.471113682e-1
train,64,CC1(C)CCN(C=O)C1,7.249113560e0,5.535827637e0,1.914519310e0,1.276346207e0,1.278494072e1,4.636713028e0
train,65,OC1CC1CCC1CC1,9.083160400e0,6.642216444e-1,1.914519310e0,1.276346207e0,9.747382164e0,2.256824255e0
train,66,CCCC12CCC1C2C,8.805603981e0,-2.675972223e0,1.914519310e0,1.276346207e0,6.129631996e0,-5.776375532e-1
train,67,CCC(C)(C#N)NC=O,7.404218197e0,1.784810305e0,1.914519310e0,1.276346207e0,9.189028740e0,1.819361329e0
train,68,C#CCn1cnnn1,7.211016655e0,-2.281820327e-1,1.914519310e0,1.276346207e0,6.982834816e0,9.083611518e-2
train,69,C#CCNC(C=O)CO,5.994668484e0,-2.312050581e0,1.914519310e0,1.276346207e0,3.682617903e0,-2.494842291e0
train,70,N#CC12CCC(CC1)O2,7.934839725e0,1.760681391e0,1.914519310e0,1.276346207e0,9.695521355e0,2.216192007e0
train,71,OC12CC1CC1C[NH+]1C2,8.370222092e0,1.547377944e0,1.914519310e0,1.276346207e0,9.917599678e0,2.390187502e0
train,72,CC1OCCC(=O)C1C,6.049090862e0,8.937329054e-1,1.914519310e0,1.276346207e0,6.942823887e0,5.948805064e-2
train,73,N#CC#CC1(C#N)CN1,5.823236465e0,-9.445988536e-1,1.914519310e0,1.276346207e0,4.878637791e0,-1.557775855e0
train,74,O=C1C(=O)N2CC2C1O,4.046332836e0,3.093986213e-1,1.914519310e0,1.276346207e0,4.355731487e0,-1.967466354e0
train,75,CC12CC3C[NH+]3C1C2O,7.766129494e0,-2.194474451e-2,1.914519310e0,1.276346207e0,7.744184971e0,6.873443723e-1
train,76,C[NH+]1CC1C(O)C(N)=O,6.702164173e0,1.366732001e0,1.914519310e0,1.276346207e0,8.068896294e0,9.417516589e-1
train,77,CC1C2CCC(=O)C[NH+]12,5.412344456e0,3.766472340e-1,1.914519310e0,1.276346207e0,5.788991928e0,-8.445248008e-1
train,78,CCC1C(O)C1C(C)C,8.250492096e0,-1.351347446e0,1.914519310e0,1.276346207e0,6.899144650e0,2.526591904e-2
train,79,CCC1C(C)C1CCO,9.094044685e0,-1.390233278e0,1.914519310e0,1.276346207e0,7.703811646e0,6.557124257e-1
train,80,CCCC1CC(=O)N1C,7.559322834e0,-2.333278805e-1,1.914519310e0,1.276346207e0,7.325994968e0,3.596977890e-1
train,81,N#CC1(CO)C[NH+]2CC21,7.387890816e0,-5.816208124e-1,1.914519310e0,1.276346207e0,6.806270123e0,-4.750010744e-2
train,82,CC#CC(=O)NC(C)=O,5.472209930e0,1.912109971e0,1.914519310e0,1.276346207e0,7.384319782e0,4.053945243e-1
train,83,O=C1C2COCC1C2O,5.972899437e0,9.146016240e-1,1.914519310e0,1.276346207e0,6.887501240e0,1.614345424e-2
train,84,O=C1C(O)C2NC2C1O,5.937524319e0,-1.396467090e0,1.914519310e0,1.276346207e0,4.541057110e0,-1.822265983e0
train,85,CC#CC1C=CCCO1,7.006931782e0,3.298658609e0,1.914519310e0,1.276346207e0,1.030559063e1,2.694173574e0
train,86,COCC12CC(N1)C2=O,6.729375839e0,6.462312937e-1,1.914519310e0,1.276346207e0,7.375607014e0,3.985681832e-1
train,87,NC(=O)OC12CCC1C2,8.364779472e0,9.261521101e-1,1.914519310e0,1.276346207e0,9.290931702e0,1.899201035e0
train,88,C1=CC2(CO2)C2COC12,6.536174774e0,-1.045885682e-1,1.914519310e0,1.276346207e0,6.431586266e0,-3.410601914e-1
train,89,CC1OC(=O)NCC1O,8.049127579e0,3.665445805e0,1.914519310e0,1.276346207e0,1.171457291e1,3.798093557e0
train,90,O=CC(=O)C1CCC1,4.190553188e0,-8.153917789e-1,1.914519310e0,1.276346207e0,3.375161409e0,-2.735730648e0
train,91,C1CC2C3C4CC(C14)[NH+]23,8.332126617e0,1.250395775e-1,1.914519310e0,1.276346207e0,8.457166672e0,1.245956540e0
train,92,CCC1OC12C1CC2C1,9.491331100e0,2.000387907e0,1.914519310e0,1.276346207e0,1.149171925e1,3.623490334e0
train,93,C#Cc1cc[nH]c1C#C,4.979683399e0,1.732851267e0,1.914519310e0,1.276346207e0,6.712534904e0,-1.209404692e-1
train,94,OC1CC2CC1(O)C2O,8.419202805e0,2.748695850e0,1.914519310e0,1.276346207e0,1.116789818e1,3.369780779e0
train,95,CC1OC2CC(=O)C1O2,5.866774559e0,5.448493361e-1,1.914519310e0,1.276346207e0,6.411623955e0,-3.567004204e-1
train,96,Cc1cc(=O)cc(F)[nH]1,5.572891712e0,-7.023686916e-2,1.914519310e0,1.276346207e0,5.502655029e0,-1.068866134e0
train,97,COCCCC1(C)CC1,9.080439568e0,-2.353426695e0,1.914519310e0,1.276346207e0,6.727012634e0,-1.095973551e-1
train,98,C1CC2CC2C2(C1)CO2,8.917170525e0,2.086732388e0,1.914519310e0,1.276346207e0,1.100390244e1,3.241292000e0
train,99,O=CNC12CC1C1CC12,6.639578342e0,-2.334100962e0,1.914519310e0,1.276346207e0,4.305477142e0,-2.006839991e0
train,100,COC1CCOC1C,8.468183517e0,2.138437033e0,1.914519310e0,1.276346207e0,1.060662079e1,2.930026770e0
train,101,CC1OCC12OCC2=O,5.801467419e0,-9.249716997e-1,1.914519310e0,1.276346207e0,4.876495838e0,-1.559453964e0
train,102,CCC1C(O)C12CCC2,8.345731735e0,-2.895741940e0,1.914519310e0,1.276346207e0,5.449989796e0,-1.110128641e0
train,103,CC1CN(C(N)=O)C1,7.853205681e0,-6.835426688e-1,1.914519310e0,1.276346207e0,7.169662952e0,2.372136116e-1
train,104,C#CCN(C)C(N)=O,7.583813190e0,3.504514933e0,1.914519310e0,1.276346207e0,1.108832836e1,3.307438612e0
train,105,C#CCC1OCC1O,8.070897102e0,-3.862505555e-1,1.914519310e0,1.276346207e0,7.684646606e0,6.406968236e-1
train,106,COc1cc(C=O)co1,4.533416748e0,2.866418660e-1,1.914519310e0,1.276346207e0,4.820058823e0,-1.603671670e0
train,107,CC1COCC1NC=O,7.472246647e0,-2.996668816e0,1.914519310e0,1.276346207e0,4.475577831e0,-1.873568177e0
train,108,CC1(C)CCCC1CO,9.088603020e0,6.427197903e-2,1.914519310e0,1.276346207e0,9.152874947e0,1.791035295e0
train,109,CC1(O)CC2(O)CC1C2,8.696758270e0,1.790957808e0,1.914519310e0,1.276346207e0,1.048771572e1,2.836866140e0
train,110,C[NH+](C)C(C)(C#N)C=O,5.072202206e0,9.487180114e-1,1.914519310e0,1.276346207e0,6.020920277e0,-6.628118157e-1
train,111,CC1(C)OCC1NO,6.718491554e0,-2.709920883e0,1.914519310e0,1.276346207e0,4.008570671e0,-2.239462376e0
train,112,O=C1CC2(CCN1)CN2,7.270882130e0,-1.735229731e0,1.914519310e0,1.276346207e0,5.535652161e0,-1.043013334e0
train,113,N#CC1CC(O)C1N,7.480409622e0,-1.478571892e0,1.914519310e0,1.276346207e0,6.001837730e0,-6.777628064e-1
train,114,[NH-]C1OC2C=CC1C2,6.451819897e0,-1.076537013e0,1.914519310e0,1.276346207e0,5.375282764e0,-1.168660760e0
train,115,CC1(O)C2C[NH+]2C12CC2,8.174300194e0,4.169521630e-1,1.914519310e0,1.276346207e0,8.591252327e0,1.351011038e0
train,116,CCCc1nnn(C)n1,6.966114998e0,3.837163925e0,1.914519310e0,1.276346207e0,1.080327892e1,3.084105968e0
train,117,C[N+](=CN)C(C#N)C#N,3.654489040e0,3.502274156e-1,1.914519310e0,1.276346207e0,4.004716396e0,-2.242482185e0
train,118,OCC(O)C#CC1CO1,7.216459274e0,2.372461557e0,1.914519310e0,1.276346207e0,9.588920593e0,2.132671595e0
train,119,CC1(C=O)CCO1,5.790582657e0,-2.999300718e0,1.914519310e0,1.276346207e0,2.791281939e0,-3.193193197e0
train,120,CC(C#N)c1cnno1,6.400117874e0,-8.975811601e-1,1.914519310e0,1.276346207e0,5.502536774e0,-1.068958759e0
train,121,O=CC12CC1C1COC12,5.983783722e0,-4.377526939e-1,1.914519310e0,1.276346207e0,5.546030998e0,-1.034881592e0
train,122,CC12CC3C4OC1C4C32,8.141646385e0,1.926236391e0,1.914519310e0,1.276346207e0,1.006788254e1,2.507932186e0
train,123,Nc1cnc([N+](=O)[O-])o1,4.117082596e0,-1.038716555e0,1.914519310e0,1.276346207e0,3.078366041e0,-2.968266010e0
train,124,O=C(CO)N1CCC1,7.295372486e0,1.421932101e0,1.914519310e0,1.276346207e0,8.717304230e0,1.449771047e0
train,125,C#CC#CC#CC=O,4.225928307e0,-2.623043954e-1,1.914519310e0,1.276346207e0,3.963624001e0,-2.274677515e0
train,126,C1=Cc2c[nH]cc2C1,5.455882549e0,-3.038038254e0,1.914519310e0,1.276346207e0,2.417844296e0,-3.485776663e0
train,127,CC(C)(C=O)CO[CH+][NH-],6.253176689e0,-2.677270412e0,1.914519310e0,1.276346207e0,3.575906277e0,-2.578449488e0
train,128,C[NH2+]C(C=O)OC(C)=O,4.742944717e0,7.896651030e-1,1.914519310e0,1.276346207e0,5.532609940e0,-1.045396805e0
train,129,C[NH2+]C(OC=O)C(N)=O,5.243634224e0,3.309835494e-1,1.914519310e0,1.276346207e0,5.574617863e0,-1.012484193e0
train,130,C#CC1C(O)C(O)C1O,7.480409622e0,-9.854419827e-1,1.914519310e0,1.276346207e0,6.494967461e0,-2.914018333e-1
train,131,C[NH2+]C1CCC(OC)O1,7.502179146e0,-1.208728433e0,1.914519310e0,1.276346207e0,6.293450832e0,-4.492875636e-1
train,132,CC1C2C3C(O)C3C12O,7.406939030e0,-1.323975176e-1,1.914519310e0,1.276346207e0,7.274541378e0,3.193845451e-1
train,133,C#CCC1OCC1(C)C,8.098108292e0,-1.769832969e-1,1.914519310e0,1.276346207e0,7.921124935e0,8.259746432e-1
train,134,CC12OC1CC21CCC1,8.743018150e0,-4.823418260e-1,1.914519310e0,1.276346207e0,8.260676384e0,1.092008948e0
train,135,C#CCn1cncn1,7.382448673e0,-1.315378696e-1,1.914519310e0,1.276346207e0,7.250910759e0,3.008702397e-1
train,136,N#CC1CC(CO)C1O,7.864090443e0,6.061497211e0,1.914519310e0,1.276346207e0,1.392558765e1,5.530395508e0
train,137,C#CCc1ccc(C)o1,6.204195976e0,-3.574120760e0,1.914519310e0,1.276346207e0,2.630075216e0,-3.319496155e0
train,138,N#CC12CCC1CC2,8.274982452e0,-5.378447175e-1,1.914519310e0,1.276346207e0,7.737137794e0,6.818230152e-1
train,139,CC1C2OC3C(O2)C13,8.971593857e0,1.085156053e-1,1.914519310e0,1.276346207e0,9.080109596e0,1.734024525e0
train,140,[NH-]C1CCC2OC2CO1,7.455919266e0,-1.057783008e0,1.914519310e0,1.276346207e0,6.398136139e0,-3.672679663e-1
train,141,C#CC[NH2+][CH+]OC,7.344352722e0,2.462000251e-1,1.914519310e0,1.276346207e0,7.590552807e0,5.669755340e-1
train,142,[NH-]C1OC2C3C2C2C3[NH+]12,7.474967480e0,4.172668755e-1,1.914519310e0,1.276346207e0,7.892234325e0,8.033391833e-1
train,143,CCC1(O)C(C)C1C#N,7.978377819e0,4.442791045e-1,1.914519310e0,1.276346207e0,8.422657013e0,1.218918681e0
train,144,CC1=CC(C)(C)C2OC12,6.650462627e0,1.955753922e0,1.914519310e0,1.276346207e0,8.606216431e0,1.362735152e0
train,145,c1nn[nH]c1C1COC1,6.805567265e0,-1.327033877e0,1.914519310e0,1.276346207e0,5.478533268e0,-1.087765217e0
train,146,C#CC(=O)CC1C[NH+]1C,4.506205559e0,-2.125792742e0,1.914519310e0,1.276346207e0,2.380412817e0,-3.515103579e0
train,147,CN=CN1CCOC1=O,6.568828583e0,4.054916382e0,1.914519310e0,1.276346207e0,1.062374496e1,2.943443537e0
train,148,C[NH+]1CC1CCC1CO1,8.362058640e0,4.258904457e0,1.914519310e0,1.276346207e0,1.262096310e1,4.508238792e0
train,149,CC1COC2(CO)CC12,8.658662796e0,1.755742431e0,1.914519310e0,1.276346207e0,1.041440487e1,2.779428244e0
train,150,CCNC(N)=O,8.231444359e0,1.850275844e-1,1.914519310e0,1.276346207e0,8.416471481e0,1.214072466e0
train,151,C#CC#CC(=O)C1CC1,4.966077805e0,-1.738798767e-1,1.914519310e0,1.276346207e0,4.792197704e0,-1.625500560e0
train,152,[NH-]C1NCCC(=O)C1=O,3.757892370e0,-4.745001718e-2,1.914519310e0,1.276346207e0,3.710442305e0,-2.473042250e0
train,153,CCC1OC2(C)C(O)C12,8.160694122e0,-1.744993806e0,1.914519310e0,1.276346207e0,6.415700436e0,-3.535065353e-1
train,154,C1#CCCOCCCC1,7.624630451e0,-2.661786675e-1,1.914519310e0,1.276346207e0,7.358451843e0,3.851273358e-1
train,155,C#CC#CCC(=O)CC,6.030043125e0,-1.311484933e0,1.914519310e0,1.276346207e0,4.718558311e0,-1.683196068e0
train,156,C#CC12CC3C(C1)[NH+]3C2,7.817831039e0,-2.373509407e-1,1.914519310e0,1.276346207e0,7.580480099e0,5.590837002e-1
train,157,CC12C3C4C1C4(CO)C32,7.828715801e0,-2.484909773e0,1.914519310e0,1.276346207e0,5.343806267e0,-1.193322182e0
train,158,C#CC1CC=CC12CN2,6.655904770e0,2.918318510e-1,1.914519310e0,1.276346207e0,6.947736740e0,6.333721429e-2
train,159,O=c1cc(O)occ1O,5.608266830e0,-2.953036129e-2,1.914519310e0,1.276346207e0,5.578736305e0,-1.009257436e0
train,160,C[NH+]1C(C#N)C1C1CO1,7.085844994e0,3.650623560e-1,1.914519310e0,1.276346207e0,7.450907230e0,4.575649798e-1
train,161,CC(C(O)C=O)[NH+]1CC1,5.757929325e0,-4.575061426e-2,1.914519310e0,1.276346207e0,5.712178707e0,-9.047069550e-1
train,162,OCC12[NH2+][CH+]NC1C2O,6.201474667e0,7.128018141e-1,1.914519310e0,1.276346207e0,6.914276600e0,3.712161258e-2
train,163,CC1C(C)C1C(C)(C)C,8.781113625e0,-2.133201361e0,1.914519310e0,1.276346207e0,6.647912025e0,-1.715716869e-1
train,164,CC1OC2C=CC1C2,6.628693581e0,1.196726784e-1,1.914519310e0,1.276346207e0,6.748366356e0,-9.286697954e-2
train,165,CC(C)(C)C1C2CC[NH+]21,8.030079842e0,1.418538690e0,1.914519310e0,1.276346207e0,9.448618889e0,2.022747040e0
train,166,CC1(C2CO2)CCC1,9.458678246e0,-1.361491680e0,1.914519310e0,1.276346207e0,8.097187042e0,9.639170766e-1
train,167,O=CC12CC3C1C1C2[NH+]31,5.717112064e0,-7.811953425e-1,1.914519310e0,1.276346207e0,4.935916901e0,-1.512898326e0
train,168,OCC1COCC12CC2,8.699480057e0,1.279244065e0,1.914519310e0,1.276346207e0,9.978724480e0,2.438077927e0
train,169,CNC(=O)C(N)CC#N,7.240949631e0,-7.815373540e-1,1.914519310e0,1.276346207e0,6.459412098e0,-3.192590177e-1
train,170,CCNC1C(=O)OC1C,6.517127037e0,2.212065458e0,1.914519310e0,1.276346207e0,8.729192734e0,1.459085584e0
train,171,C#CC1(C)CN(C)C1=O,7.208295822e0,-2.159378767e0,1.914519310e0,1.276346207e0,5.048916817e0,-1.424364328e0
train,172,c1cn2c(n1)C1OC1C2,6.280387878e0,-1.830740094e0,1.914519310e0,1.276346207e0,4.449647903e0,-1.893883944e0
train,173,CC(=O)C1=CCC(=O)N1,4.457224846e0,-1.378728867e0,1.914519310e0,1.276346207e0,3.078495979e0,-2.968164206e0
train,174,CC12CCOC1C1CC12,8.770229340e0,-2.868559361e0,1.914519310e0,1.276346207e0,5.901669979e0,-7.562429309e-1
train,175,[NH-]C1C=CC2CC(C2)O1,5.461325169e0,6.151079014e-2,1.914519310e0,1.276346207e0,5.522835732e0,-1.053054810e0
train,176,Cc1cc(N(C)C)c[nH]1,5.956572056e0,3.396175504e-1,1.914519310e0,1.276346207e0,6.296189785e0,-4.471416473e-1
train,177,C#CCOC(=O)CO,7.679053307e0,-4.851175547e-1,1.914519310e0,1.276346207e0,7.193935871e0,2.562311292e-1
train,178,CC1(CO)CC2CC2C1,9.031458855e0,2.367609501e0,1.914519310e0,1.276346207e0,1.139906883e1,3.550899982e0
train,179,CCC1(OC(C)=O)CC1,7.521226883e0,1.730763763e-1,1.914519310e0,1.276346207e0,7.694303036e0,6.482625008e-1
train,180,N#CC(C#N)C(O)C[NH3+],4.024563789e0,1.735953212e0,1.914519310e0,1.276346207e0,5.760517120e0,-8.668344617e-1
train,181,CC1C2NC2(C)C1(C)O,8.060012817e0,-7.673899174e0,1.914519310e0,1.276346207e0,3.861136436e-1,-5.077611923e0
train,182,CC(O)C1=NCCO1,7.450477123e0,-2.087199926e0,1.914519310e0,1.276346207e0,5.363277435e0,-1.178066730e0
train,183,CCN(C)c1c[nH]nn1,5.357921600e0,-2.358338982e-1,1.914519310e0,1.276346207e0,5.122087479e0,-1.367035985e0
train,184,Cc1c(C=O)ccn1C,5.308941364e0,6.290370941e0,1.914519310e0,1.276346207e0,1.159931183e1,3.707787752e0
train,185,CC12CC1C1OCC12,8.421924591e0,-1.669735163e-1,1.914519310e0,1.276346207e0,8.254951477e0,1.087523580e0
train,186,CCC1OC1(C=O)C=O,5.322546959e0,2.630595565e-1,1.914519310e0,1.276346207e0,5.585606575e0,-1.003874660e0
train,187,[NH-]C1NC(=O)NCC1O,6.857269287e0,-1.370764077e-1,1.914519310e0,1.276346207e0,6.720192909e0,-1.149405241e-1
train,188,C#CC(O)c1nnon1,5.847726822e0,9.668155313e-1,1.914519310e0,1.276346207e0,6.814542294e0,-4.101896286e-2
train,189,COC(=O)C1C(C)C1C,7.553880215e0,-2.977988720e-1,1.914519310e0,1.276346207e0,7.256081581e0,3.049215078e-1
train,190,OC1C2CCOC1OC2,8.653220177e0,1.241371930e-1,1.914519310e0,1.276346207e0,8.777357101e0,1.496821761e0
train,191,CCO[CH+][NH2+]C(C)C,7.387890816e0,4.049465656e0,1.914519310e0,1.276346207e0,1.143735695e1,3.580898285e0
train,192,CC#CC1CC1(C)C,7.627351284e0,3.476677239e-1,1.914519310e0,1.276346207e0,7.975018978e0,8.681999445e-1
train,193,CCNc1nc(N)no1,6.606924534e0,1.115494967e0,1.914519310e0,1.276346207e0,7.722419739e0,6.702916026e-1
train,194,CC1[NH2+]C2OCC2C1=O,5.662689686e0,-2.298617601e0,1.914519310e0,1.276346207e0,3.364072084e0,-2.744419098e0
train,195,CC1(O)C2NC13CNC23,7.102171898e0,-8.353261948e-1,1.914519310e0,1.276346207e0,6.266845703e0,-4.701323509e-1
train,196,Cc1n[nH]c(CC#N)n1,7.183805943e0,3.531505167e-1,1.914519310e0,1.276346207e0,7.536956310e0,5.249833465e-1
train,197,C[NH2+]C(C=O)C(=O)C=O,3.458567381e0,-1.609944463e0,1.914519310e0,1.276346207e0,1.848622918e0,-3.931754589e0
train,198,O=CC1OC12C1CC2C1,5.994668484e0,-7.690197229e-1,1.914519310e0,1.276346207e0,5.225648880e0,-1.285897017e0
train,199,CC12CC(C=O)=CC1O2,5.036827564e0,9.656985849e-2,1.914519310e0,1.276346207e0,5.133397579e0,-1.358174682e0
train,200,CC1CC2(O)CCOC12,8.430087090e0,3.209707737e-1,1.914519310e0,1.276346207e0,8.751057625e0,1.476216435e0
train,201,C1CC2(CO2)C1[NH+]1CC1,8.220560074e0,1.949720621e0,1.914519310e0,1.276346207e0,1.017028046e1,2.588159800e0
train,202,O=C1C(CO)C2OCC12,5.785140514e0,-1.480274558e0,1.914519310e0,1.276346207e0,4.304865837e0,-2.007318974e0
train,203,N#CC1(CCO)CNC1,7.300814629e0,5.310818672e0,1.914519310e0,1.276346207e0,1.261163330e1,4.500928879e0
train,204,O=CNC1CC(CO)C1,7.605582714e0,1.181248665e0,1.914519310e0,1.276346207e0,8.786830902e0,1.504244328e0
train,205,CCNC(=O)C1CC1C,7.442313671e0,-5.761739612e-1,1.914519310e0,1.276346207e0,6.866139889e0,-5.928967148e-4
train,206,O=CCn1ccnc1O,4.680358410e0,-1.110172272e-1,1.914519310e0,1.276346207e0,4.569341183e0,-1.800105810e0
train,207,C#CC(C)(O)C1COC1,7.499457359e0,-1.044372678e0,1.914519310e0,1.276346207e0,6.455084801e0,-3.226493895e-1
train,208,O=C(CO)C1(O)COC1,6.206917286e0,2.569327116e0,1.914519310e0,1.276346207e0,8.776244164e0,1.495949745e0
train,209,COC(C=O)CC1CO1,5.793303967e0,1.540652990e0,1.914519310e0,1.276346207e0,7.333956718e0,3.659357131e-1
train,210,CC1C2C(=O)C1(C)C2C,6.694001198e0,5.152748227e-1,1.914519310e0,1.276346207e0,7.209276199e0,2.682500780e-1
train,211,CC1C(O)C1(O)C(N)=O,7.317142010e0,5.947257042e0,1.914519310e0,1.276346207e0,1.326439857e1,5.012362480e0
train,212,N#CCN1CC(O)C1=O,6.990605354e0,1.015012264e0,1.914519310e0,1.276346207e0,8.005617142e0,8.921732306e-1
train,213,CC1CC12CC=CCC2,7.308978081e0,3.392055035e-1,1.914519310e0,1.276346207e0,7.648183823e0,6.121286750e-1
train,214,CCN(C)C(=O)N1CC1,7.464083195e0,4.203944504e-1,1.914519310e0,1.276346207e0,7.884477615e0,7.972618937e-1
train,215,CCOCC1CN1C=O,7.074960232e0,-4.339046031e-2,1.914519310e0,1.276346207e0,7.031569958e0,1.290194839e-1
train,216,[NH-]C1NC23CCC2OC13,6.582434177e0,3.298979402e-1,1.914519310e0,1.276346207e0,6.912332058e0,3.559808806e-2
train,217,CC1C=C2COC2C1=O,5.798746109e0,6.427958488e0,1.914519310e0,1.276346207e0,1.222670460e1,4.199342251e0
train,218,CC12CC(C=O)C[NH+]1C2,5.782419682e0,4.374104738e-1,1.914519310e0,1.276346207e0,6.219830036e0,-5.069685578e-1
train,219,CCC1(OC)CC1,8.987920761e0,6.261106730e-1,1.914519310e0,1.276346207e0,9.614031792e0,2.152345896e0
train,220,COCCn1ccnc1,6.889922619e0,1.357440948e0,1.914519310e0,1.276346207e0,8.247364044e0,1.081578851e0
train,221,O=Cc1nc[nH]c(=O)n1,4.405523300e0,-3.066498756e0,1.914519310e0,1.276346207e0,1.339024544e0,-4.331018448e0
train,222,C1CC23COCC2OC13,8.391991615e0,-2.863085747e0,1.914519310e0,1.276346207e0,5.528905869e0,-1.048298955e0
train,223,CC1NCCNC1=O,7.045027256e0,-1.113811135e-1,1.914519310e0,1.276346207e0,6.933646202e0,5.229745060e-2
train,224,C1CC23COC(C2)OC13,8.987920761e0,3.440656185e0,1.914519310e0,1.276346207e0,1.242857742e1,4.357507229e0
train,225,COC1CCC=CC1=O,4.786482811e0,-2.935474396e0,1.914519310e0,1.276346207e0,1.851008415e0,-3.929885387e0
train,226,OC1CC12CC1CC2O1,8.617846489e0,-1.628239274e0,1.914519310e0,1.276346207e0,6.989607334e0,9.614229202e-2
train,227,CNC(=O)C1CC1(C)O,7.455919266e0,3.375156403e0,1.914519310e0,1.276346207e0,1.083107567e1,3.105884552e0
train,228,Nc1cc(F)oc(=O)n1,5.793303967e0,-8.520902395e-1,1.914519310e0,1.276346207e0,4.941213608e0,-1.508748412e0
train,229,O=CC1OC12COC2,5.869495869e0,-1.148717523e0,1.914519310e0,1.276346207e0,4.720778465e0,-1.681456566e0
train,230,Cc1nc(C=O)[nH]c1C,4.764713764e0,1.205513835e0,1.914519310e0,1.276346207e0,5.970227718e0,-7.025288343e-1
train,231,C1=CC2OC3CC2C1O3,6.666789532e0,-2.202060699e0,1.914519310e0,1.276346207e0,4.464728832e0,-1.882068276e0
train,232,Cc1cncnc1,5.711669922e0,-6.516795635e0,1.914519310e0,1.276346207e0,-8.051257133e-1,-6.010932922e0
train,233,CC(O)C1(O[CH+][NH-])CC1,7.502179146e0,3.140739799e-1,1.914519310e0,1.276346207e0,7.816253185e0,7.438089252e-1
train,234,C#CC12COCC1C2,7.842320919e0,8.260836005e-1,1.914519310e0,1.276346207e0,8.668404579e0,1.411458850e0
train,235,O=CNC1CC2CC21O,6.879037857e0,-9.647451639e-1,1.914519310e0,1.276346207e0,5.914292812e0,-7.463531494e-1
train,236,C#CCC12C=CCC1N2,6.759308338e0,5.758232437e-3,1.914519310e0,1.276346207e0,6.765066624e0,-7.978253067e-2
train,237,CC12NC1CC(O)C2=O,5.428671360e0,8.742616177e-1,1.914519310e0,1.276346207e0,6.302932739e0,-4.418586195e-1
train,238,N#CCC12NC1C1NC12,6.487194061e0,7.123327851e-1,1.914519310e0,1.276346207e0,7.199526787e0,2.606115341e-1
train,239,CC1C(O)C2CC1(C)O2,8.204232216e0,-2.402137995e0,1.914519310e0,1.276346207e0,5.802094460e0,-8.342590928e-1
train,240,CC1CC1OCC(N)=O,7.630072594e0,-8.384473920e-1,1.914519310e0,1.276346207e0,6.791625023e0,-5.897435918e-2
train,241,CCc1cc(OC)c[nH]1,6.321204662e0,-2.586976588e-1,1.914519310e0,1.276346207e0,6.062507153e0,-6.302290559e-1
train,242,CC1CC(O)(C#N)CO1,7.630072594e0,5.880551934e-1,1.914519310e0,1.276346207e0,8.218128204e0,1.058672905e0
train,243,CC1(C#N)CNC(N)[NH2+]1,7.064075947e0,1.431579828e0,1.914519310e0,1.276346207e0,8.495656013e0,1.276112556e0
train,244,NC(=O)c1coc(=O)[nH]1,5.126625061e0,3.615688905e-2,1.914519310e0,1.276346207e0,5.162781715e0,-1.335152626e0
train,245,NC1[NH2+]CC(=O)C12CN2,5.352479935e0,-6.069905162e-1,1.914519310e0,1.276346207e0,4.745489597e0,-1.662095785e0
train,246,Nc1c[nH]c2cc[nH]c12,5.513026714e0,8.902134895e-1,1.914519310e0,1.276346207e0,6.403240204e0,-3.632689714e-1
train,247,CC1C2OCC12CC#N,7.434150696e0,2.203681231e0,1.914519310e0,1.276346207e0,9.637831688e0,2.170992851e0
train,248,CCC1C(=O)CC1C,5.967456818e0,-1.800614357e0,1.914519310e0,1.276346207e0,4.166842461e0,-2.115458488e0
train,249,CCC12CC[NH+]1C2C=O,5.589218616e0,2.562162578e-1,1.914519310e0,1.276346207e0,5.845434666e0,-8.003026247e-1
train,250,NC(=O)CCOC1CC1,7.466804028e0,-1.376352906e-1,1.914519310e0,1.276346207e0,7.329168797e0,3.621844351e-1
train,251,O=CN1CC(CO)C1=O,5.896707535e0,-9.745205641e-1,1.914519310e0,1.276346207e0,4.922186852e0,-1.523655653e0
train,252,O=CC12C[NH+]1CC21CN1,5.230028629e0,-5.347970009e0,1.914519310e0,1.276346207e0,-1.179413795e-1,-5.472532749e0
train,253,CCOC1COC1(C)C,8.726691246e0,1.572039485e0,1.914519310e0,1.276346207e0,1.029873085e1,2.688798904e0
train,254,COC1(C)CC(C#N)C1,7.918513298e0,1.846446991e0,1.914519310e0,1.276346207e0,9.764960289e0,2.270596504e0
train,255,CCCOc1cn[nH]c1,6.326647282e0,3.161235809e0,1.914519310e0,1.276346207e0,9.487882614e0,2.053509474e0
train,256,OCc1ccccc1F,6.356579781e0,3.253618479e-1,1.914519310e0,1.276346207e0,6.681941509e0,-1.449100077e-1
train,257,C#Cc1nc(N)n[nH]1,5.074923515e0,-4.312820435e-1,1.914519310e0,1.276346207e0,4.643641472e0,-1.741892457e0
train,258,Nc1cc(CCO)on1,6.362021923e0,-8.241373301e-1,1.914519310e0,1.276346207e0,5.537884712e0,-1.041264176e0
train,259,CC1COCC(C=O)O1,5.676295280e0,3.058672845e-1,1.914519310e0,1.276346207e0,5.982162476e0,-6.931781173e-1
train,260,C#CCC1[NH2+]C2CC2O1,6.947066307e0,8.758996427e-2,1.914519310e0,1.276346207e0,7.034656048e0,1.314373910e-1
train,261,[NH-][CH+]Oc1ccc(N)[nH]1,5.499421120e0,2.317080498e0,1.914519310e0,1.276346207e0,7.816501617e0,7.440035939e-1
train,262,CC1CC2CC(=O)C2C1,5.864053726e0,2.317052335e-2,1.914519310e0,1.276346207e0,5.887224197e0,-7.675610185e-1
train,263,C#CCNc1cnn[nH]1,6.277666569e0,-2.594402432e-1,1.914519310e0,1.276346207e0,6.018226147e0,-6.649226546e-1
train,264,OC1C2CC2C2COC12,8.337568283e0,-6.868269444e-1,1.914519310e0,1.276346207e0,7.650741577e0,6.141326427e-1
train,265,O=C1CC2C1C2C1CC1,6.247734070e0,-1.132335782e0,1.914519310e0,1.276346207e0,5.115398407e0,-1.372276902e0
train,266,O=CC1C[NH+]1C1CC1O,5.461325169e0,4.942181408e-1,1.914519310e0,1.276346207e0,5.955543518e0,-7.140337229e-1
train,267,CC1OC2(C)C(=O)CC12,5.496700287e0,-1.795307159e0,1.914519310e0,1.276346207e0,3.701393127e0,-2.480132103e0
train,268,CC[NH+]1C(C=O)C2CC21,5.020500660e0,-7.331085801e-1,1.914519310e0,1.276346207e0,4.287392139e0,-2.021009445e0
train,269,[H]N=C(NC=O)OCCO,6.204195976e0,1.844911933e0,1.914519310e0,1.276346207e0,8.049107552e0,9.262474179e-1
train,270,N#CC(O)CC1CCC1,8.307636261e0,-2.192622185e0,1.914519310e0,1.276346207e0,6.115014076e0,-5.890905261e-1
train,271,CCc1nc(O)c(O)[nH]1,5.801467419e0,-1.551649928e0,1.914519310e0,1.276346207e0,4.249817371e0,-2.050448656e0
train,272,C#CC(=O)N1CC1C#C,5.834120750e0,-3.159440160e-1,1.914519310e0,1.276346207e0,5.518176556e0,-1.056705236e0
train,273,N1C2C3NC2C2OC2C13,7.638236046e0,-2.587191105e0,1.914519310e0,1.276346207e0,5.051044941e0,-1.422696948e0
train,274,CCOC1CC(C=O)C1,6.193311214e0,-1.127238274e0,1.914519310e0,1.276346207e0,5.066072941e0,-1.410922766e0
train,275,CC1(C(N)=O)C2COC21,7.142988205e0,1.213720322e0,1.914519310e0,1.276346207e0,8.356708527e0,1.167248845e0
train,276,OCC(O)C1CC(O)C1,8.555259705e0,-7.738072872e-1,1.914519310e0,1.276346207e0,7.781452179e0,7.165427804e-1
train,277,Cc1occc1C1CO1,6.277666569e0,1.237181783e0,1.914519310e0,1.276346207e0,7.514848232e0,5.076619387e-1
train,278,CC(C)C(=O)OCC#N,7.679053307e0,8.348264694e-1,1.914519310e0,1.276346207e0,8.513879776e0,1.290390611e0
train,279,CC#CC(=O)C#CC#N,4.696685314e0,4.074835300e0,1.914519310e0,1.276346207e0,8.771520615e0,1.492249012e0
train,280,O=CC(=O)C1CC(O)C1,4.212322235e0,-3.133107424e0,1.914519310e0,1.276346207e0,1.079214811e0,-4.534575939e0
train,281,CNc1[cH-]c(=O)oc1[NH-],4.778319359e0,-8.075001836e-1,1.914519310e0,1.276346207e0,3.970819235e0,-2.269040346e0
train,282,CN1C(=O)CNC1[NH-],6.647741318e0,-3.390616477e-1,1.914519310e0,1.276346207e0,6.308679581e0,-4.373560548e-1
train,283,CC#CC(C)C(C)C#N,7.820552349e0,3.572119474e-1,1.914519310e0,1.276346207e0,8.177763939e0,1.027048111e0
train,284,O=C1COC12C1CC2N1,5.162000179e0,-5.814794898e-1,1.914519310e0,1.276346207e0,4.580520630e0,-1.791346908e0
train,285,[NH-][CH+]OC1CNC1C=O,5.589218616e0,-6.345691681e-1,1.914519310e0,1.276346207e0,4.954649448e0,-1.498221636e0
train,286,CC1CCCC=C1C#N,6.087186813e0,-1.051747322e0,1.914519310e0,1.276346207e0,5.035439491e0,-1.434923649e0
train,287,CCC1OC(C)C2CC12,9.102209091e0,2.613773584e0,1.914519310e0,1.276346207e0,1.171598244e1,3.799197912e0
train,288,CC(C)C(C#N)CC=O,6.125282764e0,4.019855261e-1,1.914519310e0,1.276346207e0,6.527268410e0,-2.660944462e-1
train,289,CC#CC(C)C(N)=O,7.322584152e0,8.731790781e-1,1.914519310e0,1.276346207e0,8.195763588e0,1.041150570e0
train,290,CC1OC2CCC1CC2,8.242328644e0,-5.211575985e0,1.914519310e0,1.276346207e0,3.030752659e0,-3.005570650e0
train,291,C1OC1C12CC3C1[NH+]3C2,8.411039352e0,1.594460011e0,1.914519310e0,1.276346207e0,1.000549889e1,2.459055424e0
train,292,N#CC(=O)c1cn[nH]c1,5.224586010e0,1.419068456e0,1.914519310e0,1.276346207e0,6.643654346e0,-1.749075204e-1
train,293,N#CC12CC1CC21CO1,7.670889378e0,2.403030872e0,1.914519310e0,1.276346207e0,1.007392025e1,2.512662649e0
train,294,CC1=CC(=O)COC1C,4.895328522e0,7.118811607e-1,1.914519310e0,1.276346207e0,5.607209682e0,-9.869489074e-1
train,295,O=Cc1ccc(=O)oc1,4.936145306e0,-5.315162539e-1,1.914519310e0,1.276346207e0,4.404629230e0,-1.929155588e0
train,296,Cc1c(F)cn[nH]c1=O,4.966077805e0,-2.124046236e-1,1.914519310e0,1.276346207e0,4.753673077e0,-1.655684114e0
train,297,CN1CC(C(N)=O)C1=O,7.047749043e0,2.597936988e-1,1.914519310e0,1.276346207e0,7.307542801e0,3.452407420e-1
train,298,C#CC12COC1(C)CN2,6.704885483e0,1.255060196e0,1.914519310e0,1.276346207e0,7.959945679e0,8.563901782e-1
train,299,CC12CC1[NH+]1CC1CO2,8.138925552e0,-2.613485336e0,1.914519310e0,1.276346207e0,5.525440216e0,-1.051014185e0
train,300,C[NH+]1C2C3(O)CC2(O)C13,7.570207596e0,-1.671086669e0,1.914519310e0,1.276346207e0,5.899120808e0,-7.582402229e-1
train,301,[NH-]c1cc(CO)nn[nH+]1,4.470830441e0,-1.199446201e0,1.914519310e0,1.276346207e0,3.271384239e0,-2.817038774e0
train,302,COC1C(C)C1CC#N,8.089944839e0,-1.074066162e0,1.914519310e0,1.276346207e0,7.015878677e0,1.167255640e-1
train,303,COCC(=O)C1CC1C,6.283109188e0,-1.720930338e-1,1.914519310e0,1.276346207e0,6.111016273e0,-5.922227502e-1
train,304,C#CCC1=CC2OC2C1,6.568828583e0,2.740233243e-1,1.914519310e0,1.276346207e0,6.842852116e0,-1.883857511e-2
train,305,N#Cc1ncon1,6.590597630e0,-2.587039173e-1,1.914519310e0,1.276346207e0,6.331893921e0,-4.191679060e-1
train,306,N#CC12CC3CC1[NH+]3C2,7.314420223e0,1.944020540e-1,1.914519310e0,1.276346207e0,7.508822441e0,5.029408336e-1
train,307,CC(=NC1CC1)NC=O,5.918476582e0,4.034677148e-1,1.914519310e0,1.276346207e0,6.321944237e0,-4.269633591e-1
train,308,O=CC12C[NH+](CC1=O)C2,5.317104816e0,2.240761042e0,1.914519310e0,1.276346207e0,7.557866096e0,5.413659215e-1
train,309,CC(C)CC#CCC=O,5.948409081e0,4.204673171e-1,1.914519310e0,1.276346207e0,6.368876457e0,-3.901925385e-1
train,310,CC1C2CC3(C)OC1C23,8.547096252e0,-1.485538125e0,1.914519310e0,1.276346207e0,7.061558247e0,1.525149345e-1
train,311,CC1C2C(C=O)C3C2[NH+]13,6.163379192e0,-3.163879812e-1,1.914519310e0,1.276346207e0,5.846991062e0,-7.990831733e-1
train,312,O=CCCC1CCOC1,6.070860386e0,7.233880758e-1,1.914519310e0,1.276346207e0,6.794248581e0,-5.691883340e-2
train,313,O=COC1CC(=O)C1,6.008274078e0,8.683781028e-1,1.914519310e0,1.276346207e0,6.876652241e0,7.643398829e-3
train,314,O=CN1C(=O)NC2CC21,6.484473228e0,-6.159253716e-1,1.914519310e0,1.276346207e0,5.868547916e0,-7.821936607e-1
train,315,Cn1nccc1CO,6.976998806e0,-1.152886152e0,1.914519310e0,1.276346207e0,5.824112892e0,-8.170079589e-1
train,316,OCC1=CCOC12CC2,6.285830498e0,1.064523101e0,1.914519310e0,1.276346207e0,7.350353718e0,3.787825406e-1
train,317,C1C2C[NH+]1CC1(CC1)O2,8.177021980e0,-1.699056387e0,1.914519310e0,1.276346207e0,6.477965355e0,-3.047227561e-1
train,318,O=C1C2CCCCC1O2,6.054533005e0,-4.976589084e-1,1.914519310e0,1.276346207e0,5.556874275e0,-1.026386023e0
train,319,C[NH+]1CC(OCC=O)C1,5.194653511e0,-1.478650331e0,1.914519310e0,1.276346207e0,3.716003180e0,-2.468685389e0
train,320,CCCN(C)C(=O)C#N,5.940245628e0,-2.412997723e0,1.914519310e0,1.276346207e0,3.527247906e0,-2.616572857e0
train,321,CC1COCC=C1C#N,6.043648720e0,-1.579636097e0,1.914519310e0,1.276346207e0,4.464012623e0,-1.882629395e0
train,322,N#CCC1NC1C1CN1,7.749802589e0,-9.840651751e-1,1.914519310e0,1.276346207e0,6.765737534e0,-7.925687730e-2
train,323,C#CC(=O)CC#N,5.725275517e0,-2.375876188e0,1.914519310e0,1.276346207e0,3.349399328e0,-2.755914927e0
train,324,CC1(C)C2C3OC3C21C,7.657283783e0,-1.199155092e0,1.914519310e0,1.276346207e0,6.458128929e0,-3.202643692e-1
train,325,CC(O)C1C=CCOC1,6.849106312e0,2.191856861e0,1.914519310e0,1.276346207e0,9.040963173e0,1.703353763e0
train,326,OC12CC(C1)C1(CO1)C2,9.001525879e0,-2.984914184e-1,1.914519310e0,1.276346207e0,8.703034401e0,1.438590884e0
train,327,C1OC1C1C2COC21,8.538932800e0,-5.061064363e-1,1.914519310e0,1.276346207e0,8.032826424e0,9.134913683e-1
train,328,ONC1C=CN2CCC12,4.751108170e0,-8.899655342e-1,1.914519310e0,1.276346207e0,3.861142635e0,-2.354970455e0
train,329,CC1C2C3C(O)C2C13C,8.525327682e0,7.482444644e-1,1.914519310e0,1.276346207e0,9.273571968e0,1.885599852e0
train,330,N#CC1CC=CCN1,6.789240837e0,2.027123451e0,1.914519310e0,1.276346207e0,8.816364288e0,1.527383447e0
train,331,CC#CCC1(C)COC1,7.953887463e0,1.026665211e0,1.914519310e0,1.276346207e0,8.980552673e0,1.656022906e0
train,332,CC(C)c1n[nH]c(=O)[nH]1,6.571549892e0,-9.440847039e-1,1.914519310e0,1.276346207e0,5.627465248e0,-9.710789323e-1
train,333,O=C1NC2CC1C2,7.069517612e0,5.788303614e-1,1.914519310e0,1.276346207e0,7.648347855e0,6.122572422e-1
train,334,OCC1(O)CC2OCC21,8.119877815e0,-2.401762009e0,1.914519310e0,1.276346207e0,5.718115807e0,-9.000553489e-1
train,335,N#CCC12C3C4C(C31)[NH+]42,6.887201786e0,5.233438611e-1,1.914519310e0,1.276346207e0,7.410545826e0,4.259423018e-1
train,336,CC12CC1CC2(N)C#N,7.611024857e0,-1.130754352e0,1.914519310e0,1.276346207e0,6.480270386e0,-3.029167950e-1
train,337,COC12CCC1NC2=O,6.830057621e0,1.501752734e0,1.914519310e0,1.276346207e0,8.331809998e0,1.147741199e0
train,338,CCC(=NO)C1CCC1,6.794682980e0,4.481542706e-1,1.914519310e0,1.276346207e0,7.242837429e0,2.945449054e-1
train,339,C1CC1C12COC(C1)C2,8.781113625e0,-6.481995106e0,1.914519310e0,1.276346207e0,2.299118519e0,-3.578796864e0
train,340,[NH-]C1CC(C=O)O1,6.046370029e0,-3.260167122e0,1.914519310e0,1.276346207e0,2.786202908e0,-3.197172165e0
train,341,CCC1CC(C#N)N1,7.219180584e0,-2.684579611e0,1.914519310e0,1.276346207e0,4.534601212e0,-1.827324152e0
train,342,Nc1cc(F)ccc1F,5.616430283e0,-1.183192253e0,1.914519310e0,1.276346207e0,4.433238029e0,-1.906740904e0
train,343,O=COC12CCOC1C2,6.669510841e0,1.317459702e0,1.914519310e0,1.276346207e0,7.986970425e0,8.775637150e-1
train,344,C#CC1OC2CC1(O)C2,7.488573551e0,-1.430037141e0,1.914519310e0,1.276346207e0,6.058536530e0,-6.333400011e-1
train,345,N#CC12NC3C1COC32,7.140267849e0,-1.441733241e0,1.914519310e0,1.276346207e0,5.698534489e0,-9.153970480e-1
train,346,CCC12OCC1C2C#N,7.719869614e0,-1.418838263e0,1.914519310e0,1.276346207e0,6.301031113e0,-4.433485270e-1
train,347,CC1CCC2(CO2)C1=O,5.556564808e0,-2.798169553e-1,1.914519310e0,1.276346207e0,5.276747704e0,-1.245861650e0
train,348,CC12C3OC4C[NH+]1C2C43,7.853205681e0,-1.892138720e0,1.914519310e0,1.276346207e0,5.961067200e0,-7.097059488e-1
train,349,C#CC12C[NH+]1C(C)C2O,6.895365238e0,1.010707498e0,1.914519310e0,1.276346207e0,7.906072617e0,8.141813278e-1
train,350,CNC1=N[CH+](C)N=CO1,4.941587925e0,4.251509905e-1,1.914519310e0,1.276346207e0,5.366738796e0,-1.175354838e0
train,351,CCC1CC1C(O)C#N,8.247770309e0,4.166388512e-1,1.914519310e0,1.276346207e0,8.664409637e0,1.408328891e0
train,352,CC1=CC2CC1OC2[NH-],6.449098587e0,1.857447505e0,1.914519310e0,1.276346207e0,8.306546211e0,1.127947330e0
train,353,COCC12CCC1N2,9.148468018e0,-1.222285852e-1,1.914519310e0,1.276346207e0,9.026239395e0,1.691817880e0
train,354,CCC1NC2(C#N)CC12,6.642299175e0,-2.400478572e-1,1.914519310e0,1.276346207e0,6.402251244e0,-3.640438318e-1
train,355,C#CC(=O)C1OC1CO,5.347037315e0,-2.222690821e0,1.914519310e0,1.276346207e0,3.124346495e0,-2.932240963e0
train,356,CCC(O)C(C)(C)CO,8.879075050e0,8.589593768e-1,1.914519310e0,1.276346207e0,9.738034248e0,2.249500275e0
train,357,COCC1(C)C(C)C1O,8.587913513e0,-1.286294311e-1,1.914519310e0,1.276346207e0,8.459283829e0,1.247615337e0
train,358,NC1[NH2+]CC23CCC12O3,6.645020485e0,-2.247981280e-1,1.914519310e0,1.276346207e0,6.420222282e0,-3.499637246e-1
train,359,C[NH+]1C(C=O)C2CC21,5.020500660e0,-2.756257057e-1,1.914519310e0,1.276346207e0,4.744874954e0,-1.662577271e0
train,360,N#CC12CC3[NH+]1CC32N,6.917134762e0,5.079413056e-1,1.914519310e0,1.276346207e0,7.425076008e0,4.373265207e-1
train,361,C[NH2+]C1OCC2CC21C,7.377007008e0,8.212960958e-1,1.914519310e0,1.276346207e0,8.198303223e0,1.043140292e0
train,362,Cn1cc(O)nc1C=O,4.364706516e0,-2.331565507e-2,1.914519310e0,1.276346207e0,4.341391087e0,-1.978701830e0
train,363,C#CC[NH+]1CCC(=O)C1,5.363364220e0,-1.265418828e-1,1.914519310e0,1.276346207e0,5.236822128e0,-1.277142882e0
train,364,N#CC[NH+]1CC(C#N)C1,7.238228798e0,1.806797862e0,1.914519310e0,1.276346207e0,9.045026779e0,1.706537604e0
train,365,O=C1CC23CC(C2O)C13,5.959293365e0,-1.913808703e0,1.914519310e0,1.276346207e0,4.045484543e0,-2.210541010e0
train,366,O=CC1NC2[NH2+]CCC12,5.164721012e0,-1.972369790e0,1.914519310e0,1.276346207e0,3.192351341e0,-2.878960133e0
train,367,C#CC#CC#CCO,4.887165070e0,4.911501706e-1,1.914519310e0,1.276346207e0,5.378315449e0,-1.166284680e0
train,368,OCC(O)c1cc[nH]n1,6.824615955e0,-4.333337843e-1,1.914519310e0,1.276346207e0,6.391282082e0,-3.726380169e-1
train,369,CCC(C)CCC1CO1,9.415139198e0,-1.282945514e0,1.914519310e0,1.276346207e0,8.132193565e0,9.913442731e-1
train,370,CC[NH2+]C1COC(=O)N1,6.906250000e0,3.536143601e-1,1.914519310e0,1.276346207e0,7.259864330e0,3.078852594e-1
train,371,C#CC1(C)C(C)N1C=O,6.862711906e0,2.414142609e0,1.914519310e0,1.276346207e0,9.276854515e0,1.888171673e0
train,372,CC12C3NC1C2C3C#N,7.371564865e0,-1.132228971e0,1.914519310e0,1.276346207e0,6.239336014e0,-4.916858673e-1
train,373,C1NC1C12CC3C[NH+]1C32,8.334847450e0,1.693118453e0,1.914519310e0,1.276346207e0,1.002796555e1,2.476657867e0
train,374,C#CCC(=O)OCC=O,6.253176689e0,2.193587780e0,1.914519310e0,1.276346207e0,8.446763992e0,1.237806201e0
train,375,C[NH+]1C(C=O)CC1CO,5.491257668e0,5.325567126e-1,1.914519310e0,1.276346207e0,6.023814201e0,-6.605445147e-1
train,376,[NH-]C1OC2C3C(=O)C1C23,6.283109188e0,1.723399162e-1,1.914519310e0,1.276346207e0,6.455449104e0,-3.223639727e-1
train,377,CC1C2CCC(=O)C12,6.073581219e0,9.856789708e-1,1.914519310e0,1.276346207e0,7.059260368e0,1.507145762e-1
train,378,CNC1COCOC1=O,6.302156925e0,1.456067711e-1,1.914519310e0,1.276346207e0,6.447763920e0,-3.283852041e-1
train,379,CC1C2(O)COC12CO,7.923955917e0,2.421484232e0,1.914519310e0,1.276346207e0,1.034543991e1,2.725394964e0
train,380,C1=C2CCOC2OCC1,6.903528214e0,1.561389565e-1,1.914519310e0,1.276346207e0,7.059667110e0,1.510332525e-1
train,381,O=CCCc1cn[nH]c1,5.866774559e0,1.417133570e0,1.914519310e0,1.276346207e0,7.283907890e0,3.267230690e-1
train,382,CC1=CC2OCCC1O2,6.846384525e0,8.699716926e-1,1.914519310e0,1.276346207e0,7.716356277e0,6.655409336e-1
train,383,C#CCC(C)CCCO,8.536211014e0,6.236391887e-2,1.914519310e0,1.276346207e0,8.598574638e0,1.356747985e0
train,384,CC1(OC=O)CCC1O,7.423265934e0,8.106810600e-2,1.914519310e0,1.276346207e0,7.504333973e0,4.994241595e-1
train,385,COC(=O)NC1CC1C,8.174300194e0,-7.672652602e-1,1.914519310e0,1.276346207e0,7.407034874e0,4.231915176e-1
train,386,[NH-]C1OC2CCC1CO2,7.809667587e0,-7.415439487e-1,1.914519310e0,1.276346207e0,7.068123817e0,1.576589793e-1
train,387,C[NH2+]C1NC(C)(C)CO1,7.602860928e0,5.797975659e-1,1.914519310e0,1.276346207e0,8.182658195e0,1.030882597e0
train,388,C1=NCc2ncoc2N1,5.368806362e0,9.479580522e-1,1.914519310e0,1.276346207e0,6.316764355e0,-4.310217202e-1
train,389,COC1CC2C(=O)CC12,6.019158840e0,-1.312185407e0,1.914519310e0,1.276346207e0,4.706973553e0,-1.692272544e0
train,390,CCCC1(C)C[NH2+][CH+]O1,7.412381172e0,2.290453017e-1,1.914519310e0,1.276346207e0,7.641426563e0,6.068344712e-1
train,391,C#CC12C(=O)NC1C2O,6.631414413e0,-6.647847891e-1,1.914519310e0,1.276346207e0,5.966629505e0,-7.053479552e-1
train,392,C#CC1CC1(O)CC=O,5.978341103e0,-3.055217981e0,1.914519310e0,1.276346207e0,2.923123121e0,-3.089896917e0
train,393,C#Cc1c[nH]c(C#N)c1,5.425950050e0,4.856541157e-1,1.914519310e0,1.276346207e0,5.911603928e0,-7.484598160e-1
train,394,Oc1cnc2n1[CH+]C=[NH+]2,5.796025276e0,3.008556664e-1,1.914519310e0,1.276346207e0,6.096880913e0,-6.032976508e-1
train,395,O=C1C(O)C2C3OC1C32,5.521190166e0,4.939359128e-1,1.914519310e0,1.276346207e0,6.015126228e0,-6.673514247e-1
train,396,Nc1cnc(F)[nH]c1=O,4.808251858e0,1.463739157e0,1.914519310e0,1.276346207e0,6.271990776e0,-4.661012590e-1
train,397,CCC1(C(C)C)CCC1,9.502216339e0,1.161142945e0,1.914519310e0,1.276346207e0,1.066335964e1,2.974481106e0
train,398,OC1CNc2nnoc21,4.876280308e0,5.710407495e-1,1.914519310e0,1.276346207e0,5.447320938e0,-1.112219691e0
train,399,CCn1nnc(C#N)n1,6.645020485e0,2.522993274e-2,1.914519310e0,1.276346207e0,6.670250416e0,-1.540698409e-1
train,400,COC(=O)C1C2CCC21,7.273603439e0,-5.274894238e-1,1.914519310e0,1.276346207e0,6.746113777e0,-9.463184327e-2
train,401,C1c2nnoc2C2CC12,5.553843975e0,2.325408310e-1,1.914519310e0,1.276346207e0,5.786384583e0,-8.465676308e-1
train,402,CCn1nnc(N)c1N,6.166100025e0,5.454424620e-1,1.914519310e0,1.276346207e0,6.711542606e0,-1.217179224e-1
train,403,OC1C=CCCCOC1,6.898086548e0,-1.260382235e-1,1.914519310e0,1.276346207e0,6.772048473e0,-7.431233674e-2
train,404,C#CC(=NO)C(C)C,5.692621708e0,2.206681252e0,1.914519310e0,1.276346207e0,7.899302959e0,8.088774085e-1
train,405,COc1noc(N)c1N,6.468146324e0,-1.704062939e0,1.914519310e0,1.276346207e0,4.764083385e0,-1.647527695e0
train,406,CC(=O)CC1CC(C)C1,6.342973709e0,-1.515748382e0,1.914519310e0,1.276346207e0,4.827225208e0,-1.598056912e0
train,407,C#Cc1n[nH]cc1C,6.098071575e0,6.619450450e-1,1.914519310e0,1.276346207e0,6.760016441e0,-8.373928070e-2
train,408,CCC1C(O)C1CC,8.296751022e0,1.371795058e0,1.914519310e0,1.276346207e0,9.668545723e0,2.195056915e0
train,409,CC(O)CC(C=O)C=O,5.717112064e0,-5.034816265e-1,1.914519310e0,1.276346207e0,5.213630676e0,-1.295313120e0
train,410,CCc1onc(O)c1C,6.694001198e0,-1.772896290e0,1.914519310e0,1.276346207e0,4.921104908e0,-1.524503350e0
train,411,CCOc1ncco1,6.688558578e0,-6.733018160e-1,1.914519310e0,1.276346207e0,6.015256882e0,-6.672490239e-1
train,412,C1NC1C12CC3CC1[NH+]32,8.421924591e0,-1.289722204e0,1.914519310e0,1.276346207e0,7.132202148e0,2.078635395e-1
train,413,COC1(C(O)CO)CC1,8.000147820e0,-2.211041600e-1,1.914519310e0,1.276346207e0,7.779043674e0,7.146557570e-1
train,414,C#CC1(C(C)=O)CC1,6.217801571e0,-1.869052887e0,1.914519310e0,1.276346207e0,4.348748684e0,-1.972937226e0
train,415,CC1CC2OC1C2(C)C,8.811046600e0,-6.882748008e-2,1.914519310e0,1.276346207e0,8.742218971e0,1.469291449e0
train,416,CC1COCC1(C)C#N,8.182463646e0,3.104628325e-1,1.914519310e0,1.276346207e0,8.492926598e0,1.273974061e0
train,417,COC1CC=CC(=O)C1,5.164721012e0,2.796058059e-1,1.914519310e0,1.276346207e0,5.444326878e0,-1.114565492e0
train,418,O=CNCC1C[NH2+][CH+]O1,7.257276535e0,-6.611428857e-1,1.914519310e0,1.276346207e0,6.596133709e0,-2.121393383e-1
train,419,Cc1nc2c(o1)CCN2,5.349758625e0,1.677045107e0,1.914519310e0,1.276346207e0,7.026803970e0,1.252853870e-1
train,420,CC1=CC(C)OCC1O,6.936182499e0,-2.590684652e0,1.914519310e0,1.276346207e0,4.345498085e0,-1.975484133e0
train,421,CC1(N)CCC1(N)C#N,7.170200348e0,-1.596639156e0,1.914519310e0,1.276346207e0,5.573561192e0,-1.013312101e0
train,422,O=CC1CC2(CN2)C1O,5.932082176e0,5.234381184e-2,1.914519310e0,1.276346207e0,5.984426022e0,-6.914046407e-1
train,423,CC1=CC2(CCC1)CO2,6.704885483e0,5.366781712e0,1.914519310e0,1.276346207e0,1.207166672e1,4.077871799e0
train,424,CC(C)C(=O)CC=O,5.602824211e0,-1.454319358e-1,1.914519310e0,1.276346207e0,5.457392216e0,-1.104328990e0
train,425,Nc1nc(N2CC2)co1,6.372906685e0,2.216295481e0,1.914519310e0,1.276346207e0,8.589201927e0,1.349404573e0
train,426,CCCC1CC1(O)CO,8.231444359e0,2.765233517e-1,1.914519310e0,1.276346207e0,8.507967949e0,1.285758734e0
train,427,CC1(O)C(=O)COC1[NH-],5.719833374e0,-8.257357478e-1,1.914519310e0,1.276346207e0,4.894097805e0,-1.545663118e0
train,428,N#CC(N)C12CC[NH+]1C2,7.257276535e0,-4.183272719e-1,1.914519310e0,1.276346207e0,6.838949203e0,-2.189645730e-2
train,429,CO[CH+]Nc1ccn[nH]1,5.162000179e0,-1.701040030e0,1.914519310e0,1.276346207e0,3.460960150e0,-2.668508530e0
train,430,C1=CC23COC2C(C1)N3,6.125282764e0,-4.883986413e-1,1.914519310e0,1.276346207e0,5.636884212e0,-9.636992812e-1
train,431,CC1(O)CCC(O)C1,8.936218262e0,1.615337580e-1,1.914519310e0,1.276346207e0,9.097751617e0,1.747846842e0
train,432,N#CC12CC(CC1=O)N2,6.030043125e0,-8.901023269e-1,1.914519310e0,1.276346207e0,5.139940739e0,-1.353048205e0
train,433,C1C[NH+]2C([NH2+]1)OC1CC12,7.113056660e0,-4.104971409e0,1.914519310e0,1.276346207e0,3.008085251e0,-3.023330212e0
train,434,CC1C2COC(=O)C1O2,6.653183937e0,-3.082294464e-1,1.914519310e0,1.276346207e0,6.344954491e0,-4.089350998e-1
train,435,CC12COC3C[NH+]1C32C,8.432807922e0,-6.840457767e-2,1.914519310e0,1.276346207e0,8.364403725e0,1.173277974e0
train,436,CC1C(O)C2C3OC3C12,8.397434235e0,-1.169194579e0,1.914519310e0,1.276346207e0,7.228239536e0,2.831076384e-1
train,437,Cc1coc(CN)n1,6.596040249e0,-2.110678554e-1,1.914519310e0,1.276346207e0,6.384972572e0,-3.775814474e-1
train,438,CC#CC1(O)CC1CO,7.347074509e0,1.381666780e0,1.914519310e0,1.276346207e0,8.728741646e0,1.458732128e0
train,439,CC12CC1C(C#N)C2O,8.002868652e0,3.457861423e0,1.914519310e0,1.276346207e0,1.146072960e1,3.599210501e0
train,440,NC(=O)OCCC1CC1,8.800162315e0,1.122876629e-1,1.914519310e0,1.276346207e0,8.912449837e0,1.602665186e0
train,441,CC1=CCOCC1C#N,7.017816544e0,-5.866134539e-2,1.914519310e0,1.276346207e0,6.959155083e0,7.228334248e-2
train,442,C1CCCOCCC1,8.748460770e0,-1.287062168e0,1.914519310e0,1.276346207e0,7.461398602e0,4.657848179e-1
train,443,C[NH+]1CC1(C#N)C1CN1,7.034143448e0,-2.896046042e-1,1.914519310e0,1.276346207e0,6.744538784e0,-9.586583078e-2
train,444,CCC1(NC=O)COC1,7.042306423e0,-1.173620820e0,1.914519310e0,1.276346207e0,5.868685722e0,-7.820857167e-1
train,445,N#CCOC12C[NH+](C1)C2,7.254555702e0,1.201554760e-1,1.914519310e0,1.276346207e0,7.374711037e0,3.978662193e-1
train,446,C#CC1OCC1CC#N,7.325304985e0,-5.582485199e-1,1.914519310e0,1.276346207e0,6.767056465e0,-7.822351158e-2
train,447,CC12CC3C1C1C2C31C,8.786556244e0,2.145629674e-1,1.914519310e0,1.276346207e0,9.001119614e0,1.672136903e0
train,448,N#CC1CCOCOC1,8.313077927e0,1.101563096e0,1.914519310e0,1.276346207e0,9.414641380e0,1.996126056e0
train,449,N#CC1C2C3NC3C[NH+]12,7.039586067e0,4.944315553e-1,1.914519310e0,1.276346207e0,7.534017563e0,5.226808786e-1
train,450,CNc1c[cH-]c(=O)n1C,4.563349247e0,-9.626434743e-2,1.914519310e0,1.276346207e0,4.467084885e0,-1.880222321e0
train,451,COC1COCC2NC21,8.269539833e0,1.082056522e0,1.914519310e0,1.276346207e0,9.351596832e0,1.946731329e0
train,452,O=C1CC2OCC2O1,7.379727840e0,-9.140749574e-1,1.914519310e0,1.276346207e0,6.465652943e0,-3.143693805e-1
train,453,O=C1C2C=CC1N2,6.391954422e0,-1.114422679e0,1.914519310e0,1.276346207e0,5.277531624e0,-1.245247483e0
train,454,CC1(O)COC(C)(C)C1,8.168857574e0,-2.702845097e0,1.914519310e0,1.276346207e0,5.466012478e0,-1.097575188e0
train,455,CCC1CC2CC12,9.227380753e0,2.022984028e0,1.914519310e0,1.276346207e0,1.125036430e1,3.434391737e0
train,456,CC(C)OC1C2CCC21,8.636894226e0,1.099326372e0,1.914519310e0,1.276346207e0,9.736220360e0,2.248079062e0
train,457,C#CC(=O)c1cn[nH]c1,5.289893150e0,-1.865199447e0,1.914519310e0,1.276346207e0,3.424693584e0,-2.696922779e0
train,458,NC(=O)COCC(N)=O,6.269503117e0,-1.295546889e0,1.914519310e0,1.276346207e0,4.973956108e0,-1.483095169e0
train,459,C#CC1CC1CC(C)O,7.885859489e0,-5.299677849e-1,1.914519310e0,1.276346207e0,7.355891705e0,3.831214905e-1
train,460,O=CC12COC3C(C1)C32,5.532074928e0,-4.627751708e-1,1.914519310e0,1.276346207e0,5.069299698e0,-1.408394575e0
train,461,OC1CCC2C(O)C12,8.302193642e0,-2.192715883e0,1.914519310e0,1.276346207e0,6.109477997e0,-5.934279561e-1
train,462,CCC(C#N)C1(C)CO1,8.470904350e0,-1.239839196e0,1.914519310e0,1.276346207e0,7.231065273e0,2.853215635e-1
train,463,CC1[NH+]2CC(O)C12C,7.779735088e0,-4.649199009e0,1.914519310e0,1.276346207e0,3.130536079e0,-2.927391529e0
train,464,CCC1=CC(C)C(=O)N1,5.817794323e0,-6.769890785e-1,1.914519310e0,1.276346207e0,5.140805244e0,-1.352370858e0
train,465,CC1(CC(O)C#N)CN1,8.201511383e0,-2.727166653e0,1.914519310e0,1.276346207e0,5.474344730e0,-1.091046929e0
train,466,O=CCOC1CC1,6.212359428e0,3.474857658e-2,1.914519310e0,1.276346207e0,6.247107983e0,-4.855966270e-1
train,467,Cn1cc(N)c(N)n1,5.915755272e0,6.299585104e-1,1.914519310e0,1.276346207e0,6.545713902e0,-2.516426444e-1
train,468,C1C2[NH+]1CC21CC1,8.313077927e0,4.902669191e-1,1.914519310e0,1.276346207e0,8.803344727e0,1.517182708e0
train,469,C1=CC2[NH+]3C1C3C21CN1,5.779698372e0,3.766755342e0,1.914519310e0,1.276346207e0,9.546453476e0,2.099399090e0
train,470,C#Cc1noc(N)n1,5.828679085e0,1.332876921e0,1.914519310e0,1.276346207e0,7.161556244e0,2.308621109e-1
train,471,CC(=O)C12CC1OC2C,6.089908123e0,2.354493886e-1,1.914519310e0,1.276346207e0,6.325357437e0,-4.242891669e-1
train,472,CC[NH+]1CC(C)(C#N)C1,7.088566303e0,2.407703876e0,1.914519310e0,1.276346207e0,9.496270180e0,2.060081244e0
train,473,NC(=O)Cn1nnnn1,6.528011322e0,9.848877192e-1,1.914519310e0,1.276346207e0,7.512898922e0,5.061346889e-1
train,474,CC12CCC3[NH+]1CC32O,8.465462685e0,-1.511518508e-1,1.914519310e0,1.276346207e0,8.314311028e0,1.134030938e0
train,475,OC12CC1C1(CC1)C2,8.789278030e0,-2.849875391e-1,1.914519310e0,1.276346207e0,8.504290581e0,1.282877564e0
train,476,O=C1CC2(C3CO3)CC12,6.315762520e0,5.762957335e-1,1.914519310e0,1.276346207e0,6.892058372e0,1.971391030e-2
train,477,CC1OC1(C)C=O,5.981062412e0,-6.460950375e-1,1.914519310e0,1.276346207e0,5.334967613e0,-1.200247169e0
train,478,OCC1CC=CC=CC1,5.186490059e0,-3.441849232e0,1.914519310e0,1.276346207e0,1.744640827e0,-4.013223171e0
train,479,OC1C=CC(C2CO2)C1,7.042306423e0,4.163174629e-1,1.914519310e0,1.276346207e0,7.458623886e0,4.636108577e-1
train,480,CC1Cc2ccoc2N1,5.782419682e0,1.719095230e0,1.914519310e0,1.276346207e0,7.501514912e0,4.972154498e-1
train,481,Cc1ccc(N)[nH]c1=O,4.775598526e0,-1.956429482e0,1.914519310e0,1.276346207e0,2.819169044e0,-3.171343803e0
train,482,CC(C)C#CCC=O,5.953851223e0,-2.201396413e-2,1.914519310e0,1.276346207e0,5.931837082e0,-7.326074243e-1
train,483,CC(=O)COCC1CN1,6.002831459e0,2.574257612e0,1.914519310e0,1.276346207e0,8.577089310e0,1.339914441e0
train,484,OCC1C=CCCCO1,6.998768330e0,-1.191110015e0,1.914519310e0,1.276346207e0,5.807658195e0,-8.299000263e-1
train,485,CCC(O)C(=O)C=O,4.280350685e0,1.979612827e0,1.914519310e0,1.276346207e0,6.259963512e0,-4.755244851e-1
train,486,CCC(O)C1CCOC1,8.889959335e0,-2.529118061e0,1.914519310e0,1.276346207e0,6.360841274e0,-3.964880109e-1
train,487,C1CC23CC4OC2CC143,8.084503174e0,-2.959376574e-1,1.914519310e0,1.276346207e0,7.788565636e0,7.221161127e-1
train,488,O=C1CC2C=CC1CC2,5.801467419e0,6.711312294e0,1.914519310e0,1.276346207e0,1.251277924e1,4.423478127e0
train,489,CC1(O)CNC1=O,7.303536415e0,-1.450915813e0,1.914519310e0,1.276346207e0,5.852620602e0,-7.946725488e-1
train,490,CC(O)C1OCCC1O,8.318520546e0,-5.793528557e-1,1.914519310e0,1.276346207e0,7.739167690e0,6.834133863e-1
train,491,OCCCc1nn[nH]n1,6.647741318e0,-1.473711338e-2,1.914519310e0,1.276346207e0,6.633004189e0,-1.832517833e-1
train,492,CC1C=CCC2(CC2)C1,7.243670940e0,2.870438576e0,1.914519310e0,1.276346207e0,1.011410904e1,2.544150114e0
train,493,O=C1CC(CO)(CO)C1,6.049090862e0,2.438952178e-1,1.914519310e0,1.276346207e0,6.292985916e0,-4.496518373e-1
train,494,CC12OC1C1CC2C1,9.202890396e0,5.809499621e-1,1.914519310e0,1.276346207e0,9.783840179e0,2.285388708e0
train,495,COC1(C)C2C=CC1O2,6.236849785e0,-2.089453459e0,1.914519310e0,1.276346207e0,4.147396088e0,-2.130694389e0
train,496,CC12C([NH-])OC3C[NH+]1C32,6.952508926e0,1.124319792e0,1.914519310e0,1.276346207e0,8.076828957e0,9.479667544e-1
train,497,CCOC([NH-])C1CC1C,7.711706638e0,1.283055842e-1,1.914519310e0,1.276346207e0,7.840012074e0,7.624236941e-1
train,498,CCc1cc(N)ncn1,5.989225864e0,2.318216562e-1,1.914519310e0,1.276346207e0,6.221047401e0,-5.060147643e-1
train,499,c1nc2n(n1)CCCC2,7.191968918e0,-7.356373668e-1,1.914519310e0,1.276346207e0,6.456331730e0,-3.216724396e-1
train,500,CC(O)(C#N)C1(O)CC1,7.962051392e0,5.659898758e0,1.914519310e0,1.276346207e0,1.362195015e1,5.292499542e0
train,501,CC12NC1C1NC12C,7.336189747e0,-2.414862871e0,1.914519310e0,1.276346207e0,4.921326637e0,-1.524329662e0
train,502,C1OC(C2CC2)C2CC12,9.115814209e0,-2.242716104e-1,1.914519310e0,1.276346207e0,8.891542435e0,1.586284518e0
train,503,CCC1C(C#N)C1CC,8.443693161e0,-5.278738141e-1,1.914519310e0,1.276346207e0,7.915819168e0,8.218176365e-1
train,504,CC1(C)COCC1(C)C,8.280425072e0,-1.948367804e-1,1.914519310e0,1.276346207e0,8.085588455e0,9.548297524e-1
train,505,C#CC(C)(O)C(C)O,8.079060555e0,-2.569278479e-1,1.914519310e0,1.276346207e0,7.822132587e0,7.484153509e-1
train,506,CC12CCCC1(C#N)C2,8.272260666e0,2.573799610e0,1.914519310e0,1.276346207e0,1.084605980e1,3.117624283e0
train,507,CCCC#CC(=O)NC,6.413723469e0,4.574964941e-1,1.914519310e0,1.276346207e0,6.871220112e0,3.387394128e-3
train,508,[NH-]C1CC2(CO2)C(=O)N1,6.541617393e0,-1.356841445e0,1.914519310e0,1.276346207e0,5.184775829e0,-1.317920566e0
train,509,CC1CC1(C#N)CC#N,8.419202805e0,2.750448942e0,1.914519310e0,1.276346207e0,1.116965199e1,3.371154785e0
train,510,CCc1ccnc(F)n1,5.866774559e0,-2.466775656e0,1.914519310e0,1.276346207e0,3.399998903e0,-2.716270685e0
train,511,COC1(C)C(C)C1(C)C,8.462740898e0,-2.523563504e-1,1.914519310e0,1.276346207e0,8.210384369e0,1.052605748e0
train,512,CN1C(=O)CC2(C)CC12,7.004210949e0,1.007707119e0,1.914519310e0,1.276346207e0,8.011918068e0,8.971099257e-1
train,513,CC1CC=CC(O)C1C,6.979720592e0,-2.444661140e0,1.914519310e0,1.276346207e0,4.535059452e0,-1.826965094e0
train,514,C#CCC12CC3C[NH+]1C32,7.937561512e0,-2.639746904e0,1.914519310e0,1.276346207e0,5.297814369e0,-1.229356289e0
train,515,[NH-][CH+]OC(=O)C1CCC1,6.732096672e0,2.407186270e0,1.914519310e0,1.276346207e0,9.139283180e0,1.780386329e0
train,516,CC1OC1c1ncno1,6.547059536e0,-3.512930632e0,1.914519310e0,1.276346207e0,3.034128904e0,-3.002925396e0
train,517,CC#CC1=CC2OC2C1,5.292614460e0,2.657721043e-1,1.914519310e0,1.276346207e0,5.558386803e0,-1.025200963e0
train,518,C#CC#CC(=O)CCO,5.028664112e0,-1.730010629e0,1.914519310e0,1.276346207e0,3.298653603e0,-2.795673609e0
train,519,CC1CCCC1(O)C=O,6.108956337e0,1.514037251e0,1.914519310e0,1.276346207e0,7.622993469e0,5.923923850e-1
train,520,C#CC12COC3C1NC32,7.559322834e0,-1.434571028e0,1.914519310e0,1.276346207e0,6.124752045e0,-5.814609528e-1
train,521,CC1OC(=O)CC12CC2,7.551159859e0,-1.025370479e0,1.914519310e0,1.276346207e0,6.525789261e0,-2.672533393e-1
train,522,O=c1cc(CO)ocn1,5.619151115e0,6.303001046e-1,1.914519310e0,1.276346207e0,6.249451160e0,-4.837607741e-1
train,523,CC1(O)C=CC2NC21C,6.484473228e0,2.933327109e-2,1.914519310e0,1.276346207e0,6.513806343e0,-2.766418159e-1
train,524,CC1C([NH-])OC12COC2,7.660005569e0,-3.762670040e0,1.914519310e0,1.276346207e0,3.897335529e0,-2.326613903e0
train,525,CCC1(C)C(O)C1(C)O,7.981099606e0,4.473208785e-1,1.914519310e0,1.276346207e0,8.428420067e0,1.223433971e0
train,526,CCCC1C(O)C2NC12,8.424644470e0,4.801034331e-1,1.914519310e0,1.276346207e0,8.904747963e0,1.596630931e0
train,527,C#CC1OC(C)(C)C1C,7.472246647e0,1.753580570e0,1.914519310e0,1.276346207e0,9.225827217e0,1.848192453e0
train,528,CCc1cn[nH]c1C#N,5.945687771e0,-8.755277842e-2,1.914519310e0,1.276346207e0,5.858135223e0,-7.903518677e-1
train,529,CC1C2[NH+]1CC2(C)CO,7.782456875e0,-8.557215929e-1,1.914519310e0,1.276346207e0,6.926735401e0,4.688292742e-2
train,530,O=CCCC1C(O)C1O,6.187869072e0,-1.325066805e0,1.914519310e0,1.276346207e0,4.862802505e0,-1.570182562e0
train,531,[NH-]C1CCCO1,7.798782825e0,1.244665265e0,1.914519310e0,1.276346207e0,9.043448448e0,1.705301046e0
train,532,OCCc1cc[nH]c1,6.805567265e0,1.128717419e-2,1.914519310e0,1.276346207e0,6.816854477e0,-3.920739889e-2
train,533,CC12C3C4C[NH+]1C2C3O4,7.853205681e0,-5.008836985e-1,1.914519310e0,1.276346207e0,7.352322102e0,3.803247511e-1
train,534,CCC(OC)C1COC1,8.566143990e0,3.685746491e-1,1.914519310e0,1.276346207e0,8.934719086e0,1.620112896e0
train,535,CC1C2C3C(=O)C[NH+]3C12,5.488536358e0,8.135799766e-1,1.914519310e0,1.276346207e0,6.302116394e0,-4.424982071e-1
train,536,C#CC1C(C=O)C1CO,5.978341103e0,8.946422935e-1,1.914519310e0,1.276346207e0,6.872983456e0,4.768951796e-3
train,537,CC12CC3CC1C32O,8.231444359e0,-2.069966078e0,1.914519310e0,1.276346207e0,6.161478043e0,-5.526865721e-1
train,538,CC1CC(OC=O)CO1,7.251834393e0,-5.622895360e-1,1.914519310e0,1.276346207e0,6.689544678e0,-1.389530301e-1
train,539,CN(C=O)C(=O)CO,6.285830498e0,3.548479378e-1,1.914519310e0,1.276346207e0,6.640678406e0,-1.772391349e-1
train,540,CC1(C2(C#N)CN2)CC1,7.983820438e0,2.601746798e0,1.914519310e0,1.276346207e0,1.058556747e1,2.913531780e0
train,541,CC(=O)CCC(O)CO,6.386512280e0,1.323969483e0,1.914519310e0,1.276346207e0,7.710481644e0,6.609382629e-1
train,542,CC1(C=O)CO1,6.035485268e0,-2.125192285e-1,1.914519310e0,1.276346207e0,5.822966099e0,-8.179064393e-1
train,543,[NH-]C1OCC(CO)C1=O,5.077644348e0,1.838042736e0,1.914519310e0,1.276346207e0,6.915687084e0,3.822670877e-2
train,544,C#Cc1cn(C)nc1N,5.581055164e0,1.082751632e0,1.914519310e0,1.276346207e0,6.663806915e0,-1.591182351e-1
train,545,CC(O)Cc1cc[nH]c1,6.797404289e0,-1.669113278e0,1.914519310e0,1.276346207e0,5.128291130e0,-1.362175584e0
train,546,CC1C([NH+]2CC2)C1(C)C,8.582470894e0,1.849063933e-1,1.914519310e0,1.276346207e0,8.767376900e0,1.489002466e0
train,547,C#CC1CC12OCC2O,7.366122246e0,1.735718727e0,1.914519310e0,1.276346207e0,9.101840973e0,1.751050830e0
train,548,CC1(O)CC2CC(C1)O2,8.476346970e0,1.307544947e0,1.914519310e0,1.276346207e0,9.783891678e0,2.285429001e0
train,549,CC1C=CC(C2CO2)O1,6.729375839e0,1.440961599e0,1.914519310e0,1.276346207e0,8.170337677e0,1.021229625e0
train,550,N#CC12NC1C1CNC12,6.438213825e0,1.905514449e-1,1.914519310e0,1.276346207e0,6.628765106e0,-1.865730584e-1
train,551,CC1NC([NH-])C(C)[NH2+]1,6.274945736e0,-2.779303193e-1,1.914519310e0,1.276346207e0,5.997015476e0,-6.815409660e-1
train,552,CC1(C)OC1CC(N)=O,7.357958317e0,-1.345685482e0,1.914519310e0,1.276346207e0,6.012272835e0,-6.695870161e-1
train,553,O=C1C2CCC1C2,6.274945736e0,-9.218380600e-2,1.914519310e0,1.276346207e0,6.182762146e0,-5.360107422e-1
train,554,CCC12C[NH+]1CC2(C)C,8.294030190e0,-9.613197297e-2,1.914519310e0,1.276346207e0,8.197897911e0,1.042822838e0
train,555,CC#CC#CCC#N,6.089908123e0,9.323971868e-1,1.914519310e0,1.276346207e0,7.022305489e0,1.217608899e-1
train,556,CCCC(C)(C#N)OC,8.250492096e0,-3.988752365e-1,1.914519310e0,1.276346207e0,7.851616859e0,7.715159059e-1
train,557,C1OCC2(CN2)C2OC12,8.587913513e0,-5.768220872e-2,1.914519310e0,1.276346207e0,8.530231476e0,1.303201914e0
train,558,COC(=O)CC(=O)OC,7.638236046e0,5.432903767e0,1.914519310e0,1.276346207e0,1.307114029e1,4.860947132e0
train,559,O=C1NC2C[NH+]3CC12C3,6.242291927e0,-7.299464941e-1,1.914519310e0,1.276346207e0,5.512345314e0,-1.061273932e0
train,560,CC(C)(CO)O[CH+][NH-],7.749802589e0,-2.870928943e-1,1.914519310e0,1.276346207e0,7.462709904e0,4.668122232e-1
train,561,CC1COCC[NH+]2CC12,8.283145905e0,-8.255807757e-1,1.914519310e0,1.276346207e0,7.457565308e0,4.627814889e-1
train,562,O=CC1CCC(=O)CO1,5.551122665e0,-1.564582705e0,1.914519310e0,1.276346207e0,3.986539841e0,-2.256723404e0
train,563,CC(C)(C)c1ncco1,6.677673817e0,-5.719546795e0,1.914519310e0,1.276346207e0,9.581270218e-1,-4.629446507e0
train,564,CC1(C2COC2=O)CN1,7.224623203e0,-1.157891750e0,1.914519310e0,1.276346207e0,6.066731453e0,-6.269193888e-1
train,565,C1OC2C3C1C2C31CC1,9.262756348e0,-4.325993955e-1,1.914519310e0,1.276346207e0,8.830157280e0,1.538190007e0
train,566,CC(C)C1CC(O)C1=O,5.981062412e0,1.765524387e0,1.914519310e0,1.276346207e0,7.746586800e0,6.892262101e-1
train,567,CC1C2COC(=O)C12O,6.947066307e0,3.843788803e-1,1.914519310e0,1.276346207e0,7.331445217e0,3.639679849e-1
train,568,C1=NC23CC2CC3CO1,6.519847870e0,2.805282593e0,1.914519310e0,1.276346207e0,9.325130463e0,1.925995350e0
train,569,CC1=CC2(C#N)CC1N2,6.525290489e0,-1.434012413e0,1.914519310e0,1.276346207e0,5.091278076e0,-1.391174793e0
train,570,NC1=NONC=C1NO,4.348379135e0,-2.115553170e-1,1.914519310e0,1.276346207e0,4.136823654e0,-2.138977766e0
train,571,CCC#Cc1cnoc1,5.744323254e0,4.203011394e-1,1.914519310e0,1.276346207e0,6.164624214e0,-5.502216220e-1
train,572,O=COCC1C(O)C1O,7.254555702e0,1.062808752e0,1.914519310e0,1.276346207e0,8.317364693e0,1.136423469e0
train,573,CC1COC(C)(CO)C1,8.702200890e0,1.482957006e0,1.914519310e0,1.276346207e0,1.018515778e1,2.599815845e0
train,574,C#CC1COCC1C,8.206954002e0,-3.773808956e0,1.914519310e0,1.276346207e0,4.433145046e0,-1.906813741e0
train,575,CC12CC(CC13CC3)O2,8.835536957e0,-2.319554806e0,1.914519310e0,1.276346207e0,6.515982151e0,-2.749370933e-1
train,576,C#CCCC1(CO)CN1,8.209674835e0,-2.113234520e0,1.914519310e0,1.276346207e0,6.096440315e0,-6.036428213e-1
train,577,CC1OC1(C)C#CC=O,5.502141953e0,-1.824443221e0,1.914519310e0,1.276346207e0,3.677698612e0,-2.498696566e0
train,578,CC1OC2CC2C1CO,8.005589485e0,-1.275541902e0,1.914519310e0,1.276346207e0,6.730047703e0,-1.072194129e-1
train,579,OCC1(O)C2CCC1C2,8.538932800e0,-1.145449996e0,1.914519310e0,1.276346207e0,7.393482685e0,4.125735462e-1
train,580,O=C1C=C2NCCC2C1,5.687179565e0,-5.897431374e-1,1.914519310e0,1.276346207e0,5.097436428e0,-1.386349797e0
train,581,CC1C2CCC3(CC3)C12,8.723970413e0,2.212578297e0,1.914519310e0,1.276346207e0,1.093654823e1,3.188520908e0
train,582,CC(=O)C(C)C#CCO,6.019158840e0,2.001286268e0,1.914519310e0,1.276346207e0,8.020444870e0,9.037905335e-1
train,583,O=C1OC2CCC2C1=O,4.615050793e0,1.018046737e0,1.914519310e0,1.276346207e0,5.633097649e0,-9.666659832e-1
train,584,COC1CCOC1C#N,7.708985806e0,-7.146550417e-1,1.914519310e0,1.276346207e0,6.994330883e0,9.984313697e-2
train,585,C#CC12C[NH+]1CC2C=O,5.575613022e0,7.911749363e0,1.914519310e0,1.276346207e0,1.348736191e1,5.187051296e0
train,586,[H]N=CNc1cc(C)[nH]n1,5.940245628e0,1.163743854e0,1.914519310e0,1.276346207e0,7.103989601e0,1.857593656e-1
train,587,CC(C)c1ncccn1,5.670852661e0,-1.474914104e-1,1.914519310e0,1.276346207e0,5.523361206e0,-1.052643180e0
train,588,OCC1C2CC2C2CC12,8.683153152e0,4.806072235e0,1.914519310e0,1.276346207e0,1.348922539e1,5.188511372e0
train,589,C#CC(C)C(F)(F)F,8.604239464e0,2.134192437e-1,1.914519310e0,1.276346207e0,8.817658424e0,1.528397322e0
train,590,CC(O)C(CO)O[CH+][NH-],7.445035458e0,1.974294931e-1,1.914519310e0,1.276346207e0,7.642465115e0,6.076481342e-1
train,591,OC1C2C3CCC3C12,8.367501259e0,-2.200098515e0,1.914519310e0,1.276346207e0,6.167402744e0,-5.480446815e-1
train,592,C1=NCC2CCOC2O1,7.412381172e0,1.668313980e0,1.914519310e0,1.276346207e0,9.080695152e0,1.734483361e0
train,593,Cc1cncn1C,6.756587029e0,1.917825639e-1,1.914519310e0,1.276346207e0,6.948369503e0,6.383297592e-2
train,594,CCC1C(C)[NH+]1CC,7.801504612e0,1.409710407e0,1.914519310e0,1.276346207e0,9.211215019e0,1.836743951e0
train,595,C#CC12CC3C(C1)C32O,7.341631889e0,7.249602932e-4,1.914519310e0,1.276346207e0,7.342356682e0,3.725169897e-1
train,596,O=C1C=Cc2nn[nH]c21,3.779661417e0,5.302473903e-1,1.914519310e0,1.276346207e0,4.309908867e0,-2.003367662e0
train,597,N#CC(O)c1c[nH]cn1,6.889922619e0,3.925214291e0,1.914519310e0,1.276346207e0,1.081513691e1,3.093396664e0
train,598,CCC1CCC(C=O)O1,5.942966461e0,-3.091826439e-1,1.914519310e0,1.276346207e0,5.633783817e0,-9.661284089e-1
train,599,COC1(C)CCOC1[NH-],7.401497364e0,-1.407538772e0,1.914519310e0,1.276346207e0,5.993958473e0,-6.839360595e-1
train,600,c1n[nH]cc1C1CC1,6.707606792e0,5.523397326e-1,1.914519310e0,1.276346207e0,7.259946346e0,3.079495132e-1
train,601,OC1COC1C1CCC1,8.166136742e0,5.473766923e-1,1.914519310e0,1.276346207e0,8.713513374e0,1.446801066e0
train,602,CCC1[NH+]2CC1(CO)C2,7.719869614e0,7.405789495e-1,1.914519310e0,1.276346207e0,8.460448265e0,1.248527646e0
train,603,O=C1CC2COC(=O)N12,6.879037857e0,-4.597032547e0,1.914519310e0,1.276346207e0,2.282005310e0,-3.592204809e0
train,604,N#CC12COC(CN1)C2,7.129383087e0,4.857208729e-1,1.914519310e0,1.276346207e0,7.615103722e0,5.862108469e-1
train,605,OCCC1C2CC(O)C12,8.772951126e0,5.565917492e-1,1.914519310e0,1.276346207e0,9.329543114e0,1.929452538e0
train,606,OCC1CCC(CO)C1,9.202890396e0,-1.605762243e0,1.914519310e0,1.276346207e0,7.597127914e0,5.721270442e-1
train,607,CC1(O)CC12CCCC2,8.726691246e0,6.241704822e-1,1.914519310e0,1.276346207e0,9.350861549e0,1.946155310e0
train,608,O=C1CNCC2CN12,6.087186813e0,-1.582100391e0,1.914519310e0,1.276346207e0,4.505086422e0,-1.850448608e0
train,609,NC=[NH+]CC(CO)=NO,2.179631948e0,-2.543669939e0,1.914519310e0,1.276346207e0,-3.640379906e-1,-5.665346622e0
train,610,CC(O)C#CCO[CH+][NH-],7.553880215e0,-3.515932560e-1,1.914519310e0,1.276346207e0,7.202286720e0,2.627739310e-1
train,611,CC1COCC2NC12,8.381106377e0,1.222871780e0,1.914519310e0,1.276346207e0,9.603978157e0,2.144469023e0
train,612,CCCC1(C)OC1C,9.336226463e0,1.071193099e0,1.914519310e0,1.276346207e0,1.040741920e1,2.773954868e0
train,613,[H]N=C(NC(C)C)C(N)=O,5.472209930e0,2.532052994e0,1.914519310e0,1.276346207e0,8.004262924e0,8.911122084e-1
train,614,CCC(CC)C(C)=O,6.261340141e0,-5.410803556e-1,1.914519310e0,1.276346207e0,5.720259666e0,-8.983756304e-1
train,615,C1=CC2(CC=CC2)CC1,7.001489162e0,-2.291038752e0,1.914519310e0,1.276346207e0,4.710450172e0,-1.689548731e0
train,616,C[NH2+][CH+]OC1CC(C)C1,7.401497364e0,-2.110016495e-1,1.914519310e0,1.276346207e0,7.190495491e0,2.535356283e-1
train,617,O=CNC12COC(C1)C2,7.058633804e0,-1.007063389e0,1.914519310e0,1.276346207e0,6.051570415e0,-6.387978196e-1
train,618,N#Cc1coc(=O)cn1,4.549743652e0,3.342129588e-1,1.914519310e0,1.276346207e0,4.883956432e0,-1.553608775e0
train,619,CC(=O)C1(CO)CC1O,5.975620270e0,-4.886158407e-1,1.914519310e0,1.276346207e0,5.487004280e0,-1.081128359e0
train,620,O=C1CC2OC1CC2O,5.874938488e0,-2.232871771e0,1.914519310e0,1.276346207e0,3.642066717e0,-2.526613712e0
train,621,C1CC1C1OCC2NC21,8.506278992e0,-1.547314644e0,1.914519310e0,1.276346207e0,6.958964348e0,7.213389874e-2
train,622,CNC1C([NH-])OC1CO,6.849106312e0,3.635198995e-2,1.914519310e0,1.276346207e0,6.885458469e0,1.454296801e-2
train,623,Cn1cc(N)nc1CO,5.534795761e0,-1.169996381e0,1.914519310e0,1.276346207e0,4.364799500e0,-1.960361719e0
train,624,O=CC1CC([NH+]2CC2)C1,6.070860386e0,-4.284584999e0,1.914519310e0,1.276346207e0,1.786275387e0,-3.980602980e0
train,625,CC12NC1C1NC12,7.385169983e0,-1.187834620e0,1.914519310e0,1.276346207e0,6.197335243e0,-5.245929360e-1
train,626,CC1C2COCOC1C2,9.012411118e0,-1.372524381e0,1.914519310e0,1.276346207e0,7.639886856e0,6.056281328e-1
train,627,OCC1C2C3C1C1C2[NH+]31,8.060012817e0,2.642758787e-1,1.914519310e0,1.276346207e0,8.324288368e0,1.141848087e0
train,628,C#CC(CC)C1C[NH+]1C,7.447756290e0,-1.276509523e0,1.914519310e0,1.276346207e0,6.171246529e0,-5.450330973e-1
train,629,CC1=C(C)C2OC2C1,6.495357990e0,-5.497496128e-1,1.914519310e0,1.276346207e0,5.945608139e0,-7.218179703e-1
train,630,O=CC1C2C3CC[NH+]2C13,5.733438969e0,-6.969354153e-1,1.914519310e0,1.276346207e0,5.036503792e0,-1.434089780e0
train,631,COC1CC1CC=O,6.136167526e0,2.235559225e0,1.914519310e0,1.276346207e0,8.371726990e0,1.179015636e0
train,632,C#CC1NC(=O)C1(C)C,7.287209034e0,-7.565543987e-3,1.914519310e0,1.276346207e0,7.279643536e0,3.233820200e-1
train,633,CC1C(CO)C2(C)CC12,8.626008987e0,4.419910431e0,1.914519310e0,1.276346207e0,1.304591942e1,4.841186523e0
train,634,N#CC1[NH2+][CH+]OC12CC2,7.025979519e0,2.175999641e0,1.914519310e0,1.276346207e0,9.201978683e0,1.829507470e0
train,635,C[NH+]1C2CC3OC3(C)C21,8.332126617e0,-8.497099280e-1,1.914519310e0,1.276346207e0,7.482416630e0,4.822521806e-1
train,636,Nc1nc2occc2o1,5.401460171e0,-2.010791898e-1,1.914519310e0,1.276346207e0,5.200380802e0,-1.305694222e0
train,637,CCC12CC3CC1C32O,8.226001740e0,1.442356825e0,1.914519310e0,1.276346207e0,9.668358803e0,2.194910526e0
train,638,CNC(=O)C1CC1O,6.914412975e0,-2.143294573e0,1.914519310e0,1.276346207e0,4.771118164e0,-1.642016053e0
train,639,CC1=CC2CC3C2C13C,6.421886921e0,1.762070417e0,1.914519310e0,1.276346207e0,8.183957100e0,1.031900287e0
train,640,NC(=O)C1(CO)CC1,7.240949631e0,-2.218338490e0,1.914519310e0,1.276346207e0,5.022611141e0,-1.444974542e0
train,641,O=CC1C2CC(=O)C1N2,5.306220055e0,3.618242025e0,1.914519310e0,1.276346207e0,8.924462318e0,1.612076879e0
train,642,COc1nc[nH]c1OC,5.945687771e0,3.002053499e0,1.914519310e0,1.276346207e0,8.947741508e0,1.630315781e0
train,643,O=CC(=O)CC1CN1,3.877622366e0,-6.053558588e-1,1.914519310e0,1.276346207e0,3.272266388e0,-2.816347599e0
train,644,COC(C)CC(N)C#N,7.738917828e0,1.391074061e0,1.914519310e0,1.276346207e0,9.129991531e0,1.773106456e0
train,645,CC1(O)C(O)C2(C)NC12,8.334847450e0,4.860130310e0,1.914519310e0,1.276346207e0,1.319497776e1,4.957972050e0
train,646,C#CC(=O)NC(C)CC,6.313041210e0,-4.443960488e-1,1.914519310e0,1.276346207e0,5.868645191e0,-7.821174860e-1
train,647,CC1(C#N)C(=O)C2C[NH+]21,5.823236465e0,5.556608438e-1,1.914519310e0,1.276346207e0,6.378897190e0,-3.823414147e-1
train,648,OC1CCC12C1CC2C1,8.702200890e0,-5.968426228e0,1.914519310e0,1.276346207e0,2.733774662e0,-3.238249063e0
train,649,CC1=C2CCC2(C)CC1,6.500800133e0,-1.333391070e0,1.914519310e0,1.276346207e0,5.167408943e0,-1.331527233e0
train,650,C#CC1OCC[NH+]2CC12,6.879037857e0,1.042203307e0,1.914519310e0,1.276346207e0,7.921241283e0,8.260657787e-1
train,651,CC(C)C(C#N)C1CN1,7.640957355e0,4.690999091e-1,1.914519310e0,1.276346207e0,8.110056877e0,9.740004539e-1
train,652,N#CC1C2C[NH+]1CCO2,6.838221550e0,-5.757178664e-1,1.914519310e0,1.276346207e0,6.262503624e0,-4.735343158e-1
train,653,CCC1(CCC#N)CO1,8.579750061e0,-4.358590841e-1,1.914519310e0,1.276346207e0,8.143891335e0,1.000509262e0
train,654,N#CC1C=CC(C=O)N1,5.461325169e0,-2.956928909e-1,1.914519310e0,1.276346207e0,5.165632248e0,-1.332919240e0
train,655,CC1=CN(C)CCC1=O,4.797367573e0,-2.781492233e0,1.914519310e0,1.276346207e0,2.015875340e0,-3.800714254e0
train,656,C#CC1CC2OCOC12,7.951167107e0,-1.394247293e0,1.914519310e0,1.276346207e0,6.556920052e0,-2.428627461e-1
train,657,[H]N=CNc1ncc(N)o1,5.123903751e0,1.633988500e0,1.914519310e0,1.276346207e0,6.757892132e0,-8.540365100e-2
train,658,Oc1nc2c([nH]1)CCO2,6.019158840e0,-6.653798819e-1,1.914519310e0,1.276346207e0,5.353778839e0,-1.185508728e0
train,659,C1OC2CC1C1(CO1)C2,8.974315643e0,-2.151877135e-1,1.914519310e0,1.276346207e0,8.759127617e0,1.482539177e0
train,660,C#CC12C(=O)C3CC1C32,6.479031086e0,2.399917990e-1,1.914519310e0,1.276346207e0,6.719022751e0,-1.158573255e-1
train,661,CC#CC1([NH+]2CC2)CC1,7.540275097e0,1.151072145e0,1.914519310e0,1.276346207e0,8.691347122e0,1.429434061e0
train,662,COCC1(C#N)CCC1,8.261377335e0,3.901013732e-1,1.914519310e0,1.276346207e0,8.651478767e0,1.398197651e0
train,663,O=C1CCOCC1O,6.266781807e0,2.847340822e0,1.914519310e0,1.276346207e0,9.114122391e0,1.760673165e0
train,664,N#CC(CN)NCCO,7.428708553e0,2.159412146e0,1.914519310e0,1.276346207e0,9.588120461e0,2.132044792e0
train,665,O=C1CCC12CC2,5.962014675e0,-4.935487270e0,1.914519310e0,1.276346207e0,1.026527405e0,-4.575855732e0
train,666,N#CCCC1CN1,7.940282345e0,1.964893937e0,1.914519310e0,1.276346207e0,9.905176163e0,2.380453825e0
train,667,CC12COC3C1CCC32,8.193347931e0,-7.509459257e-1,1.914519310e0,1.276346207e0,7.442401886e0,4.509011507e-1
train,668,CNC(=O)N(C)CC=O,5.717112064e0,1.616476178e0,1.914519310e0,1.276346207e0,7.333588123e0,3.656469285e-1
train,669,O=CNC1CC1[NH+]1CC1,7.292651653e0,2.634011030e0,1.914519310e0,1.276346207e0,9.926662445e0,2.397288084e0
train,670,CC1C(C=O)COC1[NH-],6.141610146e0,-3.763511777e-1,1.914519310e0,1.276346207e0,5.765258789e0,-8.631194234e-1
train,671,CC12NC1C1(CO)NC21,7.211016655e0,1.515527964e0,1.914519310e0,1.276346207e0,8.726544380e0,1.457010627e0
train,672,C1OC2C3CC1C1C2[NH+]31,8.707643509e0,6.609393954e-1,1.914519310e0,1.276346207e0,9.368582726e0,1.960039616e0
train,673,CCC12CC(C#N)C1N2,7.962051392e0,3.417633295e0,1.914519310e0,1.276346207e0,1.137968445e1,3.535712481e0
train,674,C#CC(=O)NCC1CO1,6.323925972e0,1.561693788e0,1.914519310e0,1.276346207e0,7.885619640e0,7.981566787e-1
train,675,O=c1cncno1,4.337494850e0,-1.598137379e0,1.914519310e0,1.276346207e0,2.739357471e0,-3.233875036e0
train,676,OC12CCC3C1CCC32,8.770229340e0,1.002559066e0,1.914519310e0,1.276346207e0,9.772788048e0,2.276729345e0
train,677,O=CC1=CC(=O)C(=O)N1,3.368769646e0,-7.073131204e-1,1.914519310e0,1.276346207e0,2.661456585e0,-3.294909477e0
train,678,CC1(C)[NH+]2CC1(CO)C2,7.815110207e0,1.560188830e-1,1.914519310e0,1.276346207e0,7.971128941e0,8.651521206e-1
train,679,CO[CH+][NH2+]CCCCO,7.374285698e0,-2.739638090e0,1.914519310e0,1.276346207e0,4.634647369e0,-1.748939276e0
train,680,Nc1c[nH]c(O)c1N,6.111677170e0,2.612543583e0,1.914519310e0,1.276346207e0,8.724220276e0,1.455189705e0
train,681,N#Cc1nccnc1N,4.547022343e0,-1.995479822e0,1.914519310e0,1.276346207e0,2.551542521e0,-3.381025791e0
train,682,CC12CC(O[CH+][NH-])C1N2,7.404218197e0,-3.417361259e0,1.914519310e0,1.276346207e0,3.986856937e0,-2.256474972e0
train,683,CC1CC2(CC(O)C2)O1,8.522605896e0,-7.594703436e-1,1.914519310e0,1.276346207e0,7.763135433e0,7.021918297e-1
train,684,CC12CC3C1C(C=O)[NH+]32,5.727996826e0,2.028359286e-2,1.914519310e0,1.276346207e0,5.748280525e0,-8.764216900e-1
train,685,N#CCCCCC1CC1,8.718527794e0,1.294164181e0,1.914519310e0,1.276346207e0,1.001269150e1,2.464690685e0
train,686,CC(C)OC(C=O)C=O,5.382411957e0,3.466742754e0,1.914519310e0,1.276346207e0,8.849154472e0,1.553074121e0
train,687,OCCOC1CCC1O,8.639615059e0,-2.418882370e0,1.914519310e0,1.276346207e0,6.220732689e0,-5.062613487e-1
train,688,CC1(O)CC12OC1CC12,8.019195557e0,1.802599072e0,1.914519310e0,1.276346207e0,9.821794510e0,2.315125465e0
train,689,ONC1CCC2CC1C2,6.936182499e0,-1.781039238e0,1.914519310e0,1.276346207e0,5.155143261e0,-1.341137290e0
train,690,CN1C=CCCNC1=O,6.141610146e0,-3.688243151e0,1.914519310e0,1.276346207e0,2.453366995e0,-3.457944870e0
train,691,CC1NC(C)(C#N)C1O,7.330747128e0,-1.697323084e0,1.914519310e0,1.276346207e0,5.633423805e0,-9.664104581e-1
train,692,CC(C)(O)CC1COC1,8.049127579e0,1.055778041e-1,1.914519310e0,1.276346207e0,8.154705048e0,1.008981705e0
train,693,CCNc1ncc(N)o1,6.182426929e0,2.116429567e0,1.914519310e0,1.276346207e0,8.298856735e0,1.121922731e0
train,694,CC(=[NH2+])Nc1c[nH]nn1,4.408244610e0,-6.222719550e-1,1.914519310e0,1.276346207e0,3.785972595e0,-2.413865328e0
train,695,C#CCn1ccnc1O,6.342973709e0,3.870269299e0,1.914519310e0,1.276346207e0,1.021324348e1,2.621820688e0
train,696,C#CC1(C(C)O)NC1C,7.322584152e0,-1.850041628e0,1.914519310e0,1.276346207e0,5.472542763e0,-1.092458725e0
train,697,N#CC(=O)C1NC1C=O,4.323888779e0,1.854102373e0,1.914519310e0,1.276346207e0,6.177990913e0,-5.397489667e-1
train,698,OC1C2CC2C2C(O)C12,7.662726402e0,8.349699527e-2,1.914519310e0,1.276346207e0,7.746223450e0,6.889415383e-1
train,699,CCC12CC3C4C(C41)[NH+]32,8.291309357e0,4.826836288e-1,1.914519310e0,1.276346207e0,8.773992538e0,1.494185686e0
train,700,CC1=CCC2(CO2)C1O,7.137547016e0,-2.140765190e-1,1.914519310e0,1.276346207e0,6.923470497e0,4.432491586e-2
train,701,C#CCC(C)(O)C(C)O,8.283145905e0,-1.523762703e0,1.914519310e0,1.276346207e0,6.759383202e0,-8.423542231e-2
train,702,Cn1cc2c(n1)C=CC2,5.532074928e0,2.130036354e-1,1.914519310e0,1.276346207e0,5.745078564e0,-8.789303303e-1
train,703,COCC1OCC2OC12,9.140304565e0,-2.280515909e0,1.914519310e0,1.276346207e0,6.859788895e0,-5.568820983e-3
train,704,[NH-]c1[nH+]c(N)noc1=O,5.175605774e0,7.304690480e-1,1.914519310e0,1.276346207e0,5.906075001e0,-7.527916431e-1
train,705,OC12COCCC1C2,8.557980537e0,2.445823431e0,1.914519310e0,1.276346207e0,1.100380421e1,3.241214991e0
train,706,O=CC(O)C1(O)CC1,5.934803009e0,1.213043690e0,1.914519310e0,1.276346207e0,7.147846699e0,2.201208472e-1
train,707,CNC=Nc1nnon1,5.140230656e0,3.966173828e-1,1.914519310e0,1.276346207e0,5.536848068e0,-1.042076349e0
train,708,CNC(=O)c1conn1,5.646362305e0,-1.356893897e0,1.914519310e0,1.276346207e0,4.289468288e0,-2.019382715e0
train,709,Cc1cc2c([nH]1)COC2,6.315762520e0,-4.533925354e-1,1.914519310e0,1.276346207e0,5.862370014e0,-7.870339751e-1
train,710,C#CCCC(C#C)C=O,5.978341103e0,-6.802564263e-1,1.914519310e0,1.276346207e0,5.298084736e0,-1.229144454e0
train,711,CCC12NC1C(O)C2O,7.940282345e0,-9.494124651e-1,1.914519310e0,1.276346207e0,6.990869999e0,9.713158011e-2
train,712,[NH-]c1[nH+]ncnc1N,4.729339123e0,4.487503469e-1,1.914519310e0,1.276346207e0,5.178089619e0,-1.323159099e0
train,713,COC12C[NH+]3C1CC32C,8.917170525e0,1.839954376e0,1.914519310e0,1.276346207e0,1.075712490e1,3.047945023e0
train,714,CC12CC=CC1OCC2,7.094007969e0,-1.223921895e0,1.914519310e0,1.276346207e0,5.870086193e0,-7.809884548e-1
train,715,CC12CC3CC1CC32O,8.889959335e0,5.148026347e-1,1.914519310e0,1.276346207e0,9.404762268e0,1.988385797e0
train,716,CC12CC1C(=O)N2C=O,6.117119789e0,-2.885773405e-2,1.914519310e0,1.276346207e0,6.088262081e0,-6.100503802e-1
train,717,N#CC1OC2C(O)CC12,7.379727840e0,5.170862079e-1,1.914519310e0,1.276346207e0,7.896813869e0,8.069272041e-1
train,718,C1NC1C12OC3CC1C32,7.902186394e0,2.842327952e-1,1.914519310e0,1.276346207e0,8.186419487e0,1.033829570e0
train,719,C#CC1COC1(C)CC,7.763408184e0,-1.857525110e0,1.914519310e0,1.276346207e0,5.905882835e0,-7.529422045e-1
train,720,N#CC12CC1[NH+]1CCC12,6.715770245e0,-6.412849426e0,1.914519310e0,1.276346207e0,3.029208183e-1,-5.142792702e0
train,721,C[NH+]1CC12C1CC2(C)O1,8.628729820e0,2.600017548e0,1.914519310e0,1.276346207e0,1.122874737e1,3.417455196e0
train,722,CC(=O)C(C)OC(N)=O,6.258618832e0,-1.075233370e-1,1.914519310e0,1.276346207e0,6.151095390e0,-5.608212948e-1
train,723,CC12CC3OC4C(C31)C42,8.381106377e0,-5.884447098e-1,1.914519310e0,1.276346207e0,7.792661667e0,7.253252864e-1
train,724,O=CC#CC(=O)C1CN1,5.042269707e0,3.852545261e0,1.914519310e0,1.276346207e0,8.894815445e0,1.588848948e0
train,725,O=CC1CC(CCO)C1,6.160657883e0,2.506676018e-1,1.914519310e0,1.276346207e0,6.411325455e0,-3.569342792e-1
train,726,C[NH+]=C(N)OCC(=O)[O-],3.785103798e0,8.990847319e-2,1.914519310e0,1.276346207e0,3.875012159e0,-2.344103813e0
train,727,CC1CC2(O)C(CO)C12,7.869533062e0,-6.888878345e-2,1.914519310e0,1.276346207e0,7.800644398e0,7.315796614e-1
train,728,CNCc1ncon1,5.534795761e0,-3.253727406e-2,1.914519310e0,1.276346207e0,5.502258301e0,-1.069177032e0
train,729,CC1OC(C)C2CCC12,8.802883148e0,2.171151787e-1,1.914519310e0,1.276346207e0,9.019998550e0,1.686928272e0
train,730,[H]N=C(C=O)NCCCO,4.636819839e0,1.179862142e0,1.914519310e0,1.276346207e0,5.816681862e0,-8.228300810e-1
train,731,N#CC(O)(C=O)C1CO1,6.005552769e0,2.456805706e-1,1.914519310e0,1.276346207e0,6.251233101e0,-4.823646247e-1
train,732,C#CCC1C[NH+]1CC#N,7.322584152e0,-2.367787510e-1,1.914519310e0,1.276346207e0,7.085805416e0,1.715122908e-1
train,733,C#CC1CC2CCC12C,8.092665672e0,1.812928021e-1,1.914519310e0,1.276346207e0,8.273958206e0,1.102415085e0
train,734,CC1C=CC2C(C)C2C1,6.745702267e0,3.490551710e0,1.914519310e0,1.276346207e0,1.023625374e1,2.639848948e0
train,735,COc1n[nH]cc1N,6.049090862e0,-3.444527090e-1,1.914519310e0,1.276346207e0,5.704638004e0,-9.106150270e-1
train,736,N#CC1C2CCC1CC2,9.162073135e0,2.066214085e0,1.914519310e0,1.276346207e0,1.122828674e1,3.417094231e0
train,737,C#CC1(C)CCC1C,8.258655548e0,1.074056864e0,1.914519310e0,1.276346207e0,9.332712173e0,1.931935549e0
train,738,O=CC12CC[NH+]1C2CO,5.744323254e0,2.319851160e0,1.914519310e0,1.276346207e0,8.064174652e0,9.380522966e-1
train,739,CC1CC2OC2C12CO2,8.914449692e0,-3.336546659e0,1.914519310e0,1.276346207e0,5.577902794e0,-1.009910464e0
train,740,CC12COC(C=O)C1O2,6.000110626e0,2.115301132e0,1.914519310e0,1.276346207e0,8.115411758e0,9.781959057e-1
train,741,N#CCC1(CO)CC1,8.541653633e0,4.195070863e-1,1.914519310e0,1.276346207e0,8.961160660e0,1.640829563e0
train,742,CCOCC(CO)CO,8.549818039e0,1.736606121e0,1.914519310e0,1.276346207e0,1.028642464e1,2.679157257e0
train,743,OC1C2CCOCC12,8.250492096e0,-8.365216851e-2,1.914519310e0,1.276346207e0,8.166839600e0,1.018489003e0
train,744,CC(O)C1C(O)C1C=O,6.128004074e0,-5.192986012e0,1.914519310e0,1.276346207e0,9.350180626e-1,-4.647552490e0
train,745,CCC1CC([NH-])OC1C,7.790619850e0,-2.904875278e-1,1.914519310e0,1.276346207e0,7.500132561e0,4.961324036e-1
train,746,COCC1COC1C#N,7.279046059e0,5.685162544e-1,1.914519310e0,1.276346207e0,7.847562313e0,7.683392167e-1
train,747,CC1CCC(=O)OC1C,7.409660339e0,7.826051116e-2,1.914519310e0,1.276346207e0,7.487920761e0,4.865646064e-1
train,748,CCOC1CCOC1,8.889959335e0,-1.125400782e0,1.914519310e0,1.276346207e0,7.764558792e0,7.033070326e-1
train,749,[H]N=CNC(=O)CC=O,5.953851223e0,6.745551825e-1,1.914519310e0,1.276346207e0,6.628406525e0,-1.868540049e-1
train,750,CCC1C2C(C)OC12C,8.435529709e0,1.251756191e0,1.914519310e0,1.276346207e0,9.687286377e0,2.209739923e0
train,751,Cc1nn[nH]c1NC=O,5.575613022e0,1.736820936e0,1.914519310e0,1.276346207e0,7.312434196e0,3.490730822e-1
train,752,O=C1NCC12C1COC12,7.050469875e0,3.956688643e0,1.914519310e0,1.276346207e0,1.100715828e1,3.243843079e0
train,753,OCC#CCC1CO1,7.725312233e0,-2.803239822e0,1.914519310e0,1.276346207e0,4.922072411e0,-1.523745298e0
train,754,CC1(O)C2CNC21C#N,6.473588943e0,1.882169694e-1,1.914519310e0,1.276346207e0,6.661806107e0,-1.606858522e-1
train,755,CC#Cc1cc(C)on1,5.929360867e0,4.478855729e-1,1.914519310e0,1.276346207e0,6.377246380e0,-3.836348057e-1
train,756,[H]N=C(C[NH+](C)C)NC=O,6.005552769e0,6.231609359e-2,1.914519310e0,1.276346207e0,6.067868710e0,-6.260283589e-1
train,757,C#CC1C(O)C2CC12,7.943003654e0,4.928571284e-1,1.914519310e0,1.276346207e0,8.435860634e0,1.229263544e0
train,758,O=C1OC2[NH2+]CC3C1C23,5.913033962e0,-4.695331454e-1,1.914519310e0,1.276346207e0,5.443500996e0,-1.115212560e0
train,759,CC12C3CC1(O)C[NH+]32,7.937561512e0,-7.850171924e-1,1.914519310e0,1.276346207e0,7.152544498e0,2.238015085e-1
train,760,C#CC(C)NC(C)C#N,7.306257248e0,5.973192304e-2,1.914519310e0,1.276346207e0,7.365989208e0,3.910327554e-1
train,761,CC1CC12CCOC2=O,7.551159859e0,5.384895205e-1,1.914519310e0,1.276346207e0,8.089649200e0,9.580112696e-1
train,762,C1OC23C1OC1C2OC13,7.515784740e0,2.528473139e0,1.914519310e0,1.276346207e0,1.004425812e1,2.489422798e0
train,763,CCOC1CC1(O)C#N,7.289929867e0,4.300471544e-1,1.914519310e0,1.276346207e0,7.719976902e0,6.683776975e-1
train,764,CC12CC1OC(N)[NH2+]2,7.385169983e0,-3.972019851e-1,1.914519310e0,1.276346207e0,6.987967968e0,9.485787153e-2
train,765,OCCC1(O)CC2NC21,8.166136742e0,1.915063858e0,1.914519310e0,1.276346207e0,1.008120060e1,2.518366814e0
train,766,C1CC2NC23CNC3[NH2+]1,6.601481915e0,2.201789141e0,1.914519310e0,1.276346207e0,8.803271294e0,1.517125249e0
train,767,CC12OC3C4CC4C1C32,7.975656986e0,-5.143586636e0,1.914519310e0,1.276346207e0,2.832070351e0,-3.161235571e0
train,768,CC1OC(=O)NC12CC2,8.060012817e0,1.539280266e-2,1.914519310e0,1.276346207e0,8.075406075e0,9.468519688e-1
train,769,OC1CC2CC12O,8.914449692e0,-2.028537273e0,1.914519310e0,1.276346207e0,6.885912418e0,1.489863172e-2
train,770,O=C(C(O)CO)N1CC1,6.525290489e0,1.073237658e0,1.914519310e0,1.276346207e0,7.598527908e0,5.732238889e-1
train,771,CC1C2C=CC1OCC2,6.704885483e0,-8.908603191e-1,1.914519310e0,1.276346207e0,5.814024925e0,-8.249117732e-1
train,772,CC12CCOC1C2CO,8.666826248e0,1.372301579e-1,1.914519310e0,1.276346207e0,8.804056168e0,1.517740130e0
train,773,CC1=CCC2NC2C=C1,5.132067680e0,-1.385912061e0,1.914519310e0,1.276346207e0,3.746155739e0,-2.445061207e0
train,774,Nc1cccc(N)c1N,5.779698372e0,1.073771834e0,1.914519310e0,1.276346207e0,6.853470325e0,-1.051934063e-2
train,775,O=Cc1coc(=O)o1,5.148394108e0,-4.495954514e-1,1.914519310e0,1.276346207e0,4.698798656e0,-1.698677540e0
train,776,CC1=CC2CC1(C)CO2,6.723933220e0,-5.540894270e-1,1.914519310e0,1.276346207e0,6.169843674e0,-5.461322069e-1
train,777,CC1CCC(O)C(=O)O1,7.529390335e0,-7.573983166e-3,1.914519310e0,1.276346207e0,7.521816254e0,5.131213069e-1
train,778,Cc1nc(O)n(C)c1N,6.664068222e0,-6.088771224e-1,1.914519310e0,1.276346207e0,6.055191040e0,-6.359611154e-1
train,779,COCC1CN(C=O)C1,7.262719154e0,2.532385111e0,1.914519310e0,1.276346207e0,9.795104027e0,2.294213772e0
train,780,COCC(N)C(=O)OC,7.015095711e0,2.385397911e0,1.914519310e0,1.276346207e0,9.400493622e0,1.985041380e0
train,781,C#CCC(C)(C)CC,8.432807922e0,2.461334705e0,1.914519310e0,1.276346207e0,1.089414215e1,3.155296326e0
train,782,C#CC1(C)OC1COC,7.785177231e0,7.856585979e-1,1.914519310e0,1.276346207e0,8.570836067e0,1.335015178e0
train,783,c1nc(C2CCO2)co1,6.639578342e0,5.718787909e-1,1.914519310e0,1.276346207e0,7.211457253e0,2.699589133e-1
train,784,CC1(C)C(=O)CNC1=O,5.689900398e0,-1.201044083e0,1.914519310e0,1.276346207e0,4.488856316e0,-1.863164663e0
train,785,CCC12OCC1(C)C2C,8.114435196e0,-9.643061161e-1,1.914519310e0,1.276346207e0,7.150129318e0,2.219092548e-1
train,786,CC1(CO)OCC1C#N,7.679053307e0,5.981750488e-1,1.914519310e0,1.276346207e0,8.277228355e0,1.104977131e0
train,787,CC12C[NH+]3C(CO1)C32,8.658662796e0,-1.235416889e0,1.914519310e0,1.276346207e0,7.423245907e0,4.358926713e-1
train,788,CC1C2COCC1C2=O,6.119840622e0,-2.832313299e0,1.914519310e0,1.276346207e0,3.287527323e0,-2.804390907e0
train,789,O=CNC1C(O)C2CC21,7.132104397e0,-5.145318508e-1,1.914519310e0,1.276346207e0,6.617572784e0,-1.953420937e-1
train,790,N#CC1(O)COC1,7.390612602e0,1.769505262e0,1.914519310e0,1.276346207e0,9.160118103e0,1.796710253e0
train,791,OC12CC3CC3(O)C1C2,8.623288155e0,4.310469627e0,1.914519310e0,1.276346207e0,1.293375778e1,4.753309250e0
train,792,OCCc1ncccn1,5.676295280e0,2.217626095e0,1.914519310e0,1.276346207e0,7.893921375e0,8.046609759e-1
train,793,C1CC2(C[NH+]3CC3)OC12,8.903565407e0,-3.060940504e-1,1.914519310e0,1.276346207e0,8.597471237e0,1.355883479e0
train,794,C1=CC23OCC24NC3C14,5.540238380e0,-3.241509497e-1,1.914519310e0,1.276346207e0,5.216087341e0,-1.293388367e0
train,795,CCC1(O)C2OCOC21,8.247770309e0,1.616521001e0,1.914519310e0,1.276346207e0,9.864291191e0,2.348420858e0
train,796,CC1CC(=O)OC(C)C1,7.390612602e0,2.943162620e-1,1.914519310e0,1.276346207e0,7.684928894e0,6.409180164e-1
train,797,CC1CC2OC(C)C12O,8.095387459e0,-1.881392598e-1,1.914519310e0,1.276346207e0,7.907248020e0,8.151022196e-1
train,798,CC1CC2=CCOCC21,6.974278450e0,-3.910589457e0,1.914519310e0,1.276346207e0,3.063688993e0,-2.979765415e0
train,799,CCC1CCC(=O)OC1,7.371564865e0,-1.709240913e0,1.914519310e0,1.276346207e0,5.662323952e0,-9.437675476e-1
train,800,Cc1[nH]ccc1C1CC1,6.413723469e0,-1.354642272e0,1.914519310e0,1.276346207e0,5.059081078e0,-1.416400790e0
train,801,C#CCCC#CCCC,7.888580799e0,-5.867145061e0,1.914519310e0,1.276346207e0,2.021435738e0,-3.796357632e0
train,802,CC1C2(O)COCC12O,8.016474724e0,-2.256941199e-1,1.914519310e0,1.276346207e0,7.790780544e0,7.238514423e-1
train,803,[NH-][CH+]OCCC1CO1,7.736196995e0,9.345882535e-1,1.914519310e0,1.276346207e0,8.670784950e0,1.413323879e0
train,804,CC[NH+]1C2CCC(O)C21,7.684495449e0,1.540524721e0,1.914519310e0,1.276346207e0,9.225020409e0,1.847560406e0
train,805,C1COC2CC(C2)O1,8.579750061e0,-9.537954628e-2,1.914519310e0,1.276346207e0,8.484370232e0,1.267270207e0
train,806,COc1c[nH]nn1,6.079023361e0,2.189565420e0,1.914519310e0,1.276346207e0,8.268589020e0,1.098208427e0
train,807,CCC(CC)COC=O,7.790619850e0,1.711023569e0,1.914519310e0,1.276346207e0,9.501643181e0,2.064290762e0
train,808,C#Cc1ccc(C#C)o1,4.617772102e0,-9.772253036e-1,1.914519310e0,1.276346207e0,3.640546799e0,-2.527804613e0
train,809,CC(=O)CC1=NCCO1,6.359301090e0,-6.987827271e-2,1.914519310e0,1.276346207e0,6.289422989e0,-4.524433315e-1
train,810,C1=NCCCC[NH2+][CH+]N1,5.357921600e0,4.741913319e0,1.914519310e0,1.276346207e0,1.009983444e1,2.532966137e0
train,811,Cc1ncccc(=O)n1,4.391917706e0,4.434455931e-1,1.914519310e0,1.276346207e0,4.835363388e0,-1.591680765e0
train,812,C#Cc1[nH]nnc1CC,5.673573971e0,2.049079657e0,1.914519310e0,1.276346207e0,7.722653389e0,6.704746485e-1
train,813,CC(C)C1NC1CC#N,8.092665672e0,4.578782320e-1,1.914519310e0,1.276346207e0,8.550543785e0,1.319116354e0
train,814,O=C1OCCC1C1CC1,7.311699390e0,-9.187969565e-1,1.914519310e0,1.276346207e0,6.392902374e0,-3.713685572e-1
train,815,CC1(NC(=O)CO)CC1,7.447756290e0,1.341689467e0,1.914519310e0,1.276346207e0,8.789445877e0,1.506293178e0
train,816,Cc1nc(CCO)co1,6.495357990e0,1.436540365e0,1.914519310e0,1.276346207e0,7.931898117e0,8.344152570e-1
train,817,CCC(C)(O)C(=O)NC,7.303536415e0,2.697747052e-1,1.914519310e0,1.276346207e0,7.573311329e0,5.534670353e-1
train,818,O=CC12CCC(C1)OC2,6.062696934e0,1.280970693e0,1.914519310e0,1.276346207e0,7.343667507e0,3.735439777e-1
train,819,CC1=CC=CC(O)CC1,4.987847328e0,-2.229914904e0,1.914519310e0,1.276346207e0,2.757932425e0,-3.219321728e0
train,820,CC1OCC(=O)NC1[NH-],6.498078823e0,-2.183462858e0,1.914519310e0,1.276346207e0,4.314616203e0,-1.999679685e0
train,821,OC1C2OCC3OC2C31,8.073617935e0,-9.312331676e-1,1.914519310e0,1.276346207e0,7.142384529e0,2.158413082e-1
train,822,ONC1COC2CC12O,6.269503117e0,-1.375499088e-2,1.914519310e0,1.276346207e0,6.255748272e0,-4.788270593e-1
train,823,C#CC(=O)C[NH+](C)CC,4.492599487e0,-1.463054299e0,1.914519310e0,1.276346207e0,3.029545307e0,-3.006516457e0
train,824,CC(C)C1OCC1(C)O,8.323963165e0,-9.985768795e-1,1.914519310e0,1.276346207e0,7.325386047e0,3.592206836e-1
train,825,CC1C2CC(C)(O)C12C,8.557980537e0,-1.228522420e0,1.914519310e0,1.276346207e0,7.329458237e0,3.624112010e-1
train,826,CCC1(CNC=O)CC1,7.632793427e0,5.915671587e-1,1.914519310e0,1.276346207e0,8.224360466e0,1.063555837e0
train,827,CC12CC1C(=O)C21CO1,5.910312653e0,-6.170134544e-1,1.914519310e0,1.276346207e0,5.293299198e0,-1.232893825e0
train,828,CNC(C#N)C1CC1O,6.990605354e0,2.320668399e-1,1.914519310e0,1.276346207e0,7.222671986e0,2.787455320e-1
train,829,O=C1NCC2(CN2)C1=O,4.522532463e0,-7.322645783e-1,1.914519310e0,1.276346207e0,3.790267944e0,-2.410499811e0
train,830,C#CCNC(C=O)C=O,5.170163155e0,5.584800243e-1,1.914519310e0,1.276346207e0,5.728643417e0,-8.918070793e-1
train,831,C#CCCC1OC1(C)C,8.563423157e0,-1.193871737e0,1.914519310e0,1.276346207e0,7.369551659e0,3.938238919e-1
train,832,C#CC12CCC1CC2C,7.703543663e0,2.819663286e-1,1.914519310e0,1.276346207e0,7.985509872e0,8.764194250e-1
train,833,OC12CC3CC4C3C1C42,8.277703285e0,-1.939250946e0,1.914519310e0,1.276346207e0,6.338452339e0,-4.140294492e-1
train,834,O=C1CC2(CN2)C1CO,5.836842060e0,1.173185110e-1,1.914519310e0,1.276346207e0,5.954160690e0,-7.151171565e-1
train,835,CC1(O)CC12OCC2O,7.836878777e0,-3.633157611e-1,1.914519310e0,1.276346207e0,7.473563194e0,4.753156304e-1
train,836,CC1=CC2OC2C1C#N,6.576991558e0,-1.730924964e0,1.914519310e0,1.276346207e0,4.846066475e0,-1.583294988e0
train,837,C#CC(C=O)C(O)C#N,5.893986225e0,5.823618174e-1,1.914519310e0,1.276346207e0,6.476347923e0,-3.059900105e-1
train,838,CC1=CCCCC12CN2,6.547059536e0,1.130220652e0,1.914519310e0,1.276346207e0,7.677280426e0,6.349255443e-1
train,839,[NH-][CH+]OC(=O)C(=O)CO,4.753829479e0,-3.073089123e0,1.914519310e0,1.276346207e0,1.680740356e0,-4.063288212e0
train,840,Nc1c[nH]c([N+](=O)[O-])c1,3.779661417e0,-1.018769503e0,1.914519310e0,1.276346207e0,2.760891914e0,-3.217003107e0
train,841,CCC(C=O)(C=O)NC,5.153836727e0,1.069264486e-1,1.914519310e0,1.276346207e0,5.260763168e0,-1.258385420e0
train,842,CNC(=O)C(=O)C1CO1,4.615050793e0,-2.766450405e0,1.914519310e0,1.276346207e0,1.848600388e0,-3.931771994e0
train,843,Cc1ncoc1NC=O,5.736160278e0,-8.519545794e-1,1.914519310e0,1.276346207e0,4.884205818e0,-1.553413391e0
train,844,Cc1ccc(NC=O)[nH]1,5.208259583e0,2.949143887e0,1.914519310e0,1.276346207e0,8.157403946e0,1.011096239e0
train,845,O=C1OCC=C2CCN12,6.157936573e0,-8.075637817e-1,1.914519310e0,1.276346207e0,5.350372791e0,-1.188177347e0
train,846,CCOc1ncc[nH]1,6.857269287e0,-2.500848100e-2,1.914519310e0,1.276346207e0,6.832260609e0,-2.713688649e-2
train,847,CC1OC(C)(C)C1CO,8.299472809e0,-5.426914692e-1,1.914519310e0,1.276346207e0,7.756781578e0,6.972136497e-1
train,848,CNc1cc(C)n(C)n1,5.915755272e0,-6.948048472e-1,1.914519310e0,1.276346207e0,5.220950603e0,-1.289578080e0
train,849,CC1(C)CC2C=CC1C2,6.884480476e0,2.408450693e-1,1.914519310e0,1.276346207e0,7.125325680e0,2.024759203e-1
train,850,CCC1C=CC2CC2C1,6.816452026e0,3.192028522e0,1.914519310e0,1.276346207e0,1.000848007e1,2.461391211e0
train,851,Cn1c(N)nnc1N,6.745702267e0,-2.611966610e0,1.914519310e0,1.276346207e0,4.133735657e0,-2.141397238e0
train,852,O=C1C2C(O)C3C2C13O,6.421886921e0,5.752754807e-1,1.914519310e0,1.276346207e0,6.997162342e0,1.020615473e-1
train,853,CC1CC2CC(=O)C12,5.874938488e0,-8.498266339e-1,1.914519310e0,1.276346207e0,5.025111675e0,-1.443015337e0
train,854,CNC(C#N)C1OC1C,7.469525814e0,5.799481869e-1,1.914519310e0,1.276346207e0,8.049473763e0,9.265342951e-1
train,855,CC12CNC(C1)C([NH-])O2,7.031421661e0,1.673275679e-1,1.914519310e0,1.276346207e0,7.198749065e0,2.600022256e-1
train,856,O=CC[NH+]1CC2CCC21,5.382411957e0,1.175891638e0,1.914519310e0,1.276346207e0,6.558303833e0,-2.417785823e-1
train,857,CC1=C(CO)CNC1=O,6.062696934e0,3.816914260e-1,1.914519310e0,1.276346207e0,6.444388390e0,-3.310298920e-1
train,858,CC(C)C(=O)NCC#N,7.355237484e0,4.989022732e0,1.914519310e0,1.276346207e0,1.234426022e1,4.291445732e0
train,859,COCC1OCC1OC,8.530769348e0,-2.418724298e0,1.914519310e0,1.276346207e0,6.112045288e0,-5.914165378e-1
train,860,N#CC[NH+]1CC2CCC21,6.903528214e0,4.097376466e-1,1.914519310e0,1.276346207e0,7.313265800e0,3.497246504e-1
train,861,C#Cc1[nH]cc(N)c1N,5.170163155e0,3.553369641e-1,1.914519310e0,1.276346207e0,5.525500298e0,-1.050967216e0
train,862,C1=CC2(CN2)C[NH+]2CC12,6.049090862e0,7.937836647e-1,1.914519310e0,1.276346207e0,6.842874527e0,-1.882101595e-2
train,863,CC(C)(O)C1NC1(C)C,8.446413994e0,-2.175307274e0,1.914519310e0,1.276346207e0,6.271106720e0,-4.667938948e-1
train,864,CC12C3C[NH+]1C2C3NO,6.579712868e0,-4.491451740e0,1.914519310e0,1.276346207e0,2.088261127e0,-3.744000912e0
train,865,[NH-]C1OC23CNC2C1C3,7.015095711e0,1.357803643e-1,1.914519310e0,1.276346207e0,7.150876045e0,2.224943042e-1
train,866,CC1CC(C#N)C1(C)O,8.168857574e0,7.188880444e-1,1.914519310e0,1.276346207e0,8.887745857e0,1.583310008e0
train,867,C#CC12CC[NH+]1C2C=O,5.368806362e0,2.940182388e-1,1.914519310e0,1.276346207e0,5.662824631e0,-9.433752894e-1
train,868,CCn1cncnc1=O,5.477651596e0,8.392944932e-2,1.914519310e0,1.276346207e0,5.561581135e0,-1.022698283e0
train,869,O=C1C2CC3(COC13)N2,5.360642910e0,1.565309286e0,1.914519310e0,1.276346207e0,6.925951958e0,4.626910761e-2
train,870,CCC(C)C(C=O)C=O,5.303499222e0,-2.233886719e0,1.914519310e0,1.276346207e0,3.069612503e0,-2.975124359e0
train,871,CCC1C[NH+]1CCO,8.585191727e0,5.023278594e-1,1.914519310e0,1.276346207e0,9.087519646e0,1.739830256e0
train,872,CC1OC([NH-])CC12CC2,7.774292946e0,4.839348793e0,1.914519310e0,1.276346207e0,1.261364174e1,4.502502441e0
train,873,CC(=O)OC1C(C)C1O,6.938903332e0,-3.826670647e0,1.914519310e0,1.276346207e0,3.112232685e0,-2.941731930e0
train,874,CC(O)C(O)C1OC1C,8.568865776e0,-3.279279470e-1,1.914519310e0,1.276346207e0,8.240938187e0,1.076544285e0
train,875,CCC1(C)CC1(O)CC,8.694037437e0,4.170676768e-1,1.914519310e0,1.276346207e0,9.111104965e0,1.758309007e0
train,876,O=CN1C2C3C=CC2C31,5.880380630e0,2.901297808e-1,1.914519310e0,1.276346207e0,6.170510292e0,-5.456099510e-1
train,877,C#CC1C2CC3C2C13O,7.665446758e0,-2.805412114e-1,1.914519310e0,1.276346207e0,7.384905338e0,4.058533013e-1
train,878,COC(=O)C1(C)OC1C,7.287209034e0,-6.041606665e-1,1.914519310e0,1.276346207e0,6.683048248e0,-1.440428942e-1
train,879,Cn1cnc(C=O)c1O,5.398738861e0,2.057859182e0,1.914519310e0,1.276346207e0,7.456598282e0,4.620238245e-1
train,880,C1OC2(CC2)C2CC1O2,8.699480057e0,7.775573134e-1,1.914519310e0,1.276346207e0,9.477037430e0,2.045012474e0
train,881,CC12C[NH+](CC1=O)C2,5.591939926e0,5.936736584e0,1.914519310e0,1.276346207e0,1.152867699e1,3.652446270e0
train,882,COC1(C)C(C)C1O,8.021917343e0,-5.092780590e-1,1.914519310e0,1.276346207e0,7.512639046e0,5.059310794e-1
train,883,CCC1OC(C)(C)C1C,8.528048515e0,1.565864921e0,1.914519310e0,1.276346207e0,1.009391308e1,2.528326750e0
train,884,CC1=C(N)C2CN2C1=O,5.327989578e0,4.318731725e-1,1.914519310e0,1.276346207e0,5.759862900e0,-8.673470020e-1
train,885,COC1COC1[NH-],7.360680103e0,-7.521011233e-1,1.914519310e0,1.276346207e0,6.608579159e0,-2.023884952e-1
train,886,CC1NC1(C)C(O)C#N,6.971556664e0,1.388380408e0,1.914519310e0,1.276346207e0,8.359936714e0,1.169778109e0
train,887,[H]N=CNC(=O)OC(C)C,6.898086548e0,3.506332040e-1,1.914519310e0,1.276346207e0,7.248719692e0,2.991535664e-1
train,888,CC1(O)CC=CCCC1,6.840942383e0,-2.897766829e-1,1.914519310e0,1.276346207e0,6.551165581e0,-2.473713160e-1
train,889,Cc1nccn1C(N)=O,5.763371468e0,1.482733607e0,1.914519310e0,1.276346207e0,7.246105194e0,2.971051335e-1
train,890,Cc1c(O)cnnc1F,5.327989578e0,-2.812015414e-1,1.914519310e0,1.276346207e0,5.046788216e0,-1.426032066e0
train,891,C#CC(=O)N(C)C(C)C,5.956572056e0,-5.118952394e-1,1.914519310e0,1.276346207e0,5.444676876e0,-1.114291310e0
train,892,C1=C(C2CC2)C2CC1C2,6.141610146e0,2.957966089e0,1.914519310e0,1.276346207e0,9.099575996e0,1.749276280e0
train,893,CC1(C2(C#N)CO2)CC1,7.943003654e0,5.031706095e-1,1.914519310e0,1.276346207e0,8.446174622e0,1.237344503e0
train,894,[NH-][CH+]OCC1CC(=O)O1,7.249113560e0,-4.502029717e-1,1.914519310e0,1.276346207e0,6.798910618e0,-5.326618627e-2
train,895,CN(C=O)CC1(O)CC1,7.251834393e0,-2.715778828e0,1.914519310e0,1.276346207e0,4.536055565e0,-1.826184630e0
train,896,C#CCC1C(O)C2NC12,8.234165192e0,-2.465568542e0,1.914519310e0,1.276346207e0,5.768596649e0,-8.605042100e-1
train,897,C1C2C3COC4C1C2C34,8.519885063e0,9.199414849e-1,1.914519310e0,1.276346207e0,9.439826965e0,2.015858650e0
train,898,CC1(O)C2CC1C1NC12,8.329405785e0,2.821487784e-1,1.914519310e0,1.276346207e0,8.611554146e0,1.366917253e0
train,899,COC(CO)C(C)(C)C,8.522605896e0,3.069327474e-1,1.914519310e0,1.276346207e0,8.829538345e0,1.537705064e0
train,900,O=C(CO)C1(O)CC1,6.315762520e0,4.496591389e-1,1.914519310e0,1.276346207e0,6.765421867e0,-7.950419933e-2
train,901,O=c1[nH]c2c(o1)CCC2,6.536174774e0,6.614257395e-2,1.914519310e0,1.276346207e0,6.602317333e0,-2.072945535e-1
train,902,C#Cc1onc(N)c1N,5.028664112e0,-4.835342765e-1,1.914519310e0,1.276346207e0,4.545129776e0,-1.819075108e0
train,903,OCC1CC(NO)CO1,6.775634766e0,5.504873395e-1,1.914519310e0,1.276346207e0,7.326122284e0,3.597975373e-1
train,904,CC12CC3CC1(O)C32,8.231444359e0,3.609756529e-1,1.914519310e0,1.276346207e0,8.592419624e0,1.351925611e0
train,905,C[NH2+]C1OCC1[NH+](C)C,6.718491554e0,-3.045499086e0,1.914519310e0,1.276346207e0,3.672992468e0,-2.502383709e0
train,906,N#CCC(C#N)CN,7.513063908e0,1.639827847e0,1.914519310e0,1.276346207e0,9.152892113e0,1.791048765e0
train,907,N#CC1CC2CNC2[NH2+]1,6.753865719e0,-5.886635780e-1,1.914519310e0,1.276346207e0,6.165202141e0,-5.497688055e-1
train,908,CCc1noc(CN)n1,6.359301090e0,4.887390614e0,1.914519310e0,1.276346207e0,1.124669170e1,3.431514502e0
train,909,N#CC(O)CC#CCO,7.213738441e0,4.485447891e-3,1.914519310e0,1.276346207e0,7.218224049e0,2.752606273e-1
train,910,C1=CCOCCOC1,6.274945736e0,2.188130021e-1,1.914519310e0,1.276346207e0,6.493758678e0,-2.923488915e-1
train,911,CC(C)(O)CNCC#N,7.336189747e0,-2.977229595e0,1.914519310e0,1.276346207e0,4.358960152e0,-1.964936733e0
train,912,C#CC(O)C1CC(C)C1,8.040965080e0,-3.818005323e-1,1.914519310e0,1.276346207e0,7.659164429e0,6.207318902e-1
train,913,OC1C2C3CC1(O)C2O3,8.049127579e0,1.244781017e0,1.914519310e0,1.276346207e0,9.293909073e0,1.901533723e0
train,914,C1=CC23CC2CC(C1)O3,6.362021923e0,-1.691819787e0,1.914519310e0,1.276346207e0,4.670202255e0,-1.721082449e0
train,915,CCC1CC1(C)CC#N,8.560701370e0,-1.620827317e0,1.914519310e0,1.276346207e0,6.939874172e0,5.717698857e-2
train,916,C1=CC23CC2OCC1O3,5.839563370e0,-1.701048970e0,1.914519310e0,1.276346207e0,4.138514519e0,-2.137653112e0
train,917,O=Cc1cn(C=O)cn1,4.892607212e0,-8.582335711e-1,1.914519310e0,1.276346207e0,4.034373760e0,-2.219246149e0
train,918,OCC1CC12C[NH+]1CC12,7.885859489e0,-2.468079090e0,1.914519310e0,1.276346207e0,5.417780399e0,-1.135364413e0
train,919,OC1CC2CC12[NH+]1CC1,7.910349369e0,-6.525394917e-1,1.914519310e0,1.276346207e0,7.257809639e0,3.062754273e-1
train,920,Nc1cc(O)[nH]c1O,6.008274078e0,-1.203535318e0,1.914519310e0,1.276346207e0,4.804738998e0,-1.615674615e0
train,921,N#Cc1cc[nH]n1,6.598761082e0,4.430530548e0,1.914519310e0,1.276346207e0,1.102929115e1,3.261183739e0
train,922,OCCC1(O)C2COC21,7.975656986e0,-2.227208018e-1,1.914519310e0,1.276346207e0,7.752936363e0,6.942009926e-1
train,923,OC1C[NH+]2CC3CCC132,7.325304985e0,-1.474673986e0,1.914519310e0,1.276346207e0,5.850630760e0,-7.962315083e-1
train,924,N#CC1NCC1[NH+]1CC1,7.006931782e0,9.077382833e-2,1.914519310e0,1.276346207e0,7.097705841e0,1.808361113e-1
train,925,CC12C3CC4[CH-]C3C1C42,3.227270365e0,1.903969646e0,1.914519310e0,1.276346207e0,5.131239891e0,-1.359865189e0
train,926,[NH-][CH+]OC12CC[NH+](C1)C2,6.865432262e0,3.816884160e-1,1.914519310e0,1.276346207e0,7.247120857e0,2.979009151e-1
train,927,CCC1([NH+]2CC2)CC1O,8.255934715e0,1.056901664e-1,1.914519310e0,1.276346207e0,8.361624718e0,1.171100616e0
train,928,ONC1CC2CC1(O)C2,6.922576904e0,-5.750154495e0,1.914519310e0,1.276346207e0,1.172422409e0,-4.461548805e0
train,929,CC(=O)C1CCCC1O,6.198753357e0,1.076472044e0,1.914519310e0,1.276346207e0,7.275225639e0,3.199206591e-1
train,930,Cc1cc(C#N)c(N)[nH]1,5.662689686e0,1.505069137e-1,1.914519310e0,1.276346207e0,5.813196659e0,-8.255606890e-1
train,931,CC1(C(=O)NC=O)CO1,5.842284679e0,6.571016908e-1,1.914519310e0,1.276346207e0,6.499386311e0,-2.879397273e-1
train,932,CCC1OCCC(=O)O1,7.401497364e0,-1.033600792e-2,1.914519310e0,1.276346207e0,7.391161442e0,4.107548892e-1
train,933,CC1(O)COC1CCO,8.438250542e0,-5.302502587e-2,1.914519310e0,1.276346207e0,8.385225296e0,1.189591408e0
train,934,CC(=O)CC12CC[NH+]1C2,5.967456818e0,-5.074866414e-1,1.914519310e0,1.276346207e0,5.459969997e0,-1.102309346e0
train,935,CC1([NH+]2CC2)C2CCC21,8.427366257e0,-2.836502790e0,1.914519310e0,1.276346207e0,5.590863228e0,-9.997561574e-1
train,936,C#CC12OC3C(C1=O)C32,5.880380630e0,4.926306903e-1,1.914519310e0,1.276346207e0,6.373011112e0,-3.869530857e-1
train,937,CCC12CC1CCC2C,9.064112663e0,5.618808270e-1,1.914519310e0,1.276346207e0,9.625993729e0,2.161717892e0
train,938,COCc1noc(C)n1,6.598761082e0,-8.354976177e-1,1.914519310e0,1.276346207e0,5.763263702e0,-8.646825552e-1
train,939,CCC1(C)CC1C=O,6.157936573e0,3.784932792e-1,1.914519310e0,1.276346207e0,6.536429882e0,-2.589165568e-1
train,940,CC1C(O)C2(O)C(C)C12,8.511721611e0,2.803619504e-1,1.914519310e0,1.276346207e0,8.792083740e0,1.508359909e0
train,941,O=CC(O)C1=NCCO1,5.991947174e0,2.492465526e-1,1.914519310e0,1.276346207e0,6.241193771e0,-4.902303219e-1
train,942,N#CC(O)CC1CO1,7.834157944e0,-4.954161942e-1,1.914519310e0,1.276346207e0,7.338741779e0,3.696847558e-1
train,943,C#CCC(OC)C1CC1,7.991984367e0,-1.150807738e0,1.914519310e0,1.276346207e0,6.841176510e0,-2.015138976e-2
train,944,OCC1C2OCC12O,7.825994968e0,3.037875518e-2,1.914519310e0,1.276346207e0,7.856373787e0,7.752429247e-1
train,945,COCC1(C)CN1,8.598798752e0,-8.335664272e-1,1.914519310e0,1.276346207e0,7.765232086e0,7.038345337e-1
train,946,OCC1CC12C=CCO2,6.138888836e0,-1.538219899e-1,1.914519310e0,1.276346207e0,5.985066891e0,-6.909025311e-1
train,947,CCC1OC1C(C)(C)C,9.050506592e0,1.528187633e0,1.914519310e0,1.276346207e0,1.057869434e1,2.908146858e0
train,948,CC1=CN(C=O)CC1C,5.605545521e0,1.316442370e0,1.914519310e0,1.276346207e0,6.921988010e0,4.316340387e-2
train,949,COCCc1ncc[nH]1,6.859990120e0,1.022719741e0,1.914519310e0,1.276346207e0,7.882709980e0,7.958769798e-1
train,950,CC#CC(C)(C#N)CO,7.616467476e0,3.510472775e0,1.914519310e0,1.276346207e0,1.112693977e1,3.337690353e0
train,951,CC12C([NH-])OC1C1NC12,7.360680103e0,7.486428022e-1,1.914519310e0,1.276346207e0,8.109322548e0,9.734250903e-1
train,952,O=CC12C3C4C[NH+]1C2C43,5.548401356e0,4.557960033e-1,1.914519310e0,1.276346207e0,6.004197121e0,-6.759142280e-1
train,953,C#CC1C2CC([NH-])OC12,7.170200348e0,-9.744505882e-1,1.914519310e0,1.276346207e0,6.195749760e0,-5.258351564e-1
train,954,CNC(=O)OCC(N)=O,7.123940468e0,4.322695434e-1,1.914519310e0,1.276346207e0,7.556210041e0,5.400683880e-1
train,955,CC1(O)CC2C3CC1C32,8.827373505e0,6.420216084e0,1.914519310e0,1.276346207e0,1.524758911e1,6.566167355e0
train,956,[H]N=CN(C=NC)CC#C,5.967456818e0,2.069523096e0,1.914519310e0,1.276346207e0,8.036979675e0,9.167453647e-1
train,957,COCCCC(C)CO,8.909008026e0,3.431949615e0,1.914519310e0,1.276346207e0,1.234095764e1,4.288857937e0
train,958,CC1C2C(O)C2C12CN2,8.500837326e0,5.836666226e-1,1.914519310e0,1.276346207e0,9.084504128e0,1.737467647e0
train,959,CCC1NC1(C)C#N,7.749802589e0,-6.967001595e-3,1.914519310e0,1.276346207e0,7.742835522e0,6.862871051e-1
train,960,C#CC(O)C1NC1C,7.553880215e0,-3.582765758e-1,1.914519310e0,1.276346207e0,7.195603848e0,2.575379610e-1
train,961,CC1C(O)C2CC12C,8.536211014e0,-7.549368739e-1,1.914519310e0,1.276346207e0,7.781274319e0,7.164034247e-1
train,962,C#CC1CCC1[NH+]1CC1,7.635515213e0,5.404631495e-1,1.914519310e0,1.276346207e0,8.175978661e0,1.025649309e0
train,963,C1C2C1C1CC2C2CC21,9.428745270e0,1.668216467e0,1.914519310e0,1.276346207e0,1.109696198e1,3.314203024e0
train,964,C#CC(=O)C(C)C(C)C,5.518469334e0,1.836900115e0,1.914519310e0,1.276346207e0,7.355369568e0,3.827124238e-1
train,965,CCC1(CC)CC(O)C1,8.846421242e0,-1.020771980e0,1.914519310e0,1.276346207e0,7.825649261e0,7.511706352e-1
train,966,CC1(C)C2CC3C2[NH+]31,8.813768387e0,-1.560558379e-1,1.914519310e0,1.276346207e0,8.657712936e0,1.403082132e0
train,967,CC1=CC2NC3C1C23O,6.171542168e0,5.694928765e-1,1.914519310e0,1.276346207e0,6.741034985e0,-9.861101955e-2
train,968,C1CC2(O1)C1COC2C1,8.274982452e0,-2.616192341e0,1.914519310e0,1.276346207e0,5.658790112e0,-9.465363026e-1
train,969,O=C1CC2OC(=O)C1O2,5.453161716e0,1.621327162e0,1.914519310e0,1.276346207e0,7.074488640e0,1.626457274e-1
train,970,CC12CCCC1[NH+]1CC12,8.266819000e0,-6.653761864e-1,1.914519310e0,1.276346207e0,7.601442814e0,5.755077004e-1
train,971,OCC[NH+]1C2CCCC21,8.323963165e0,-6.619800329e-1,1.914519310e0,1.276346207e0,7.661983013e0,6.229401827e-1
train,972,O=CC1(O)C2NC(=O)C21,5.279008865e0,-1.417266369e0,1.914519310e0,1.276346207e0,3.861742496e0,-2.354500532e0
train,973,CC1[NH+]2CC(O)C12C#N,6.876317024e0,7.051683664e-1,1.914519310e0,1.276346207e0,7.581485271e0,5.598711967e-1
train,974,COC1C=CC(O)CC1,6.966114998e0,-1.700922012e0,1.914519310e0,1.276346207e0,5.265192986e0,-1.254914641e0
train,975,CC1(C)CCC2CC1C2,9.507658958e0,4.856321812e-1,1.914519310e0,1.276346207e0,9.993290901e0,2.449490547e0
train,976,CC(C)CC(C)C(C)O,8.884517670e0,2.886167467e-1,1.914519310e0,1.276346207e0,9.173134804e0,1.806908607e0
train,977,CC1=CC2CC1C(=O)N2,5.948409081e0,-6.057984233e-1,1.914519310e0,1.276346207e0,5.342610836e0,-1.194258809e0
train,978,CC1(C)C2COC=NC21,6.884480476e0,-1.128437042e0,1.914519310e0,1.276346207e0,5.756043434e0,-8.703395128e-1
train,979,C#CC1NCC(O)C1=O,5.417787075e0,2.821259201e-1,1.914519310e0,1.276346207e0,5.699913025e0,-9.143170118e-1
train,980,CCNC(=O)C1CO1,7.208295822e0,-1.987691283e0,1.914519310e0,1.276346207e0,5.220604420e0,-1.289849281e0
train,981,CC1NC1C=O,6.040927887e0,-7.817866206e-1,1.914519310e0,1.276346207e0,5.259141445e0,-1.259655952e0
train,982,Cc1coc(=O)c(N)n1,4.446340084e0,-1.783607155e-2,1.914519310e0,1.276346207e0,4.428503990e0,-1.910449982e0
train,983,CC(O)CCCCCO,9.088603020e0,-2.354573727e0,1.914519310e0,1.276346207e0,6.734029293e0,-1.040998846e-1
train,984,CC1CC1(C)C1CCO1,8.862749100e0,-8.368833065e-1,1.914519310e0,1.276346207e0,8.025865555e0,9.080376029e-1
train,985,CCCC(C)(C=O)OC,5.790582657e0,3.996253967e0,1.914519310e0,1.276346207e0,9.786836624e0,2.287736177e0
train,986,COCC#CCC(C)O,7.608303070e0,-1.109671116e0,1.914519310e0,1.276346207e0,6.498631954e0,-2.885307372e-1
train,987,CC(O)CC(C)(O)CO,8.013752937e0,5.227722228e-2,1.914519310e0,1.276346207e0,8.066030502e0,9.395062923e-1
train,988,NC(=O)C1CC(O)C1=O,5.404181004e0,9.344038963e-1,1.914519310e0,1.276346207e0,6.338584900e0,-4.139255881e-1
train,989,CC1(O)CC1(O)C1CO1,8.509000778e0,-6.742662191e-1,1.914519310e0,1.276346207e0,7.834734440e0,7.582887411e-1
train,990,CCCC1CC(O)C1O,8.261377335e0,-4.286164761e0,1.914519310e0,1.276346207e0,3.975212574e0,-2.265598059e0
train,991,CCn1cnc(=O)cn1,4.955193520e0,3.081498444e-1,1.914519310e0,1.276346207e0,5.263343334e0,-1.256363869e0
train,992,CC12C=CC(C1)C2=O,6.702164173e0,-1.837154627e0,1.914519310e0,1.276346207e0,4.865009308e0,-1.568453550e0
train,993,N#Cc1ncco1,5.659968376e0,-5.946735144e-1,1.914519310e0,1.276346207e0,5.065294743e0,-1.411532402e0
train,994,Cc1c(N)nn[nH+]c1[NH-],4.155179024e0,-2.007392235e-2,1.914519310e0,1.276346207e0,4.135105133e0,-2.140324354e0
train,995,CN1N=COC([NH-])=C1[NH-],4.903491497e0,3.184660196e0,1.914519310e0,1.276346207e0,8.088151932e0,9.568381906e-1
train,996,CCC(O)CC(=O)CO,6.473588943e0,-9.008421898e-1,1.914519310e0,1.276346207e0,5.572746754e0,-1.013950109e0
train,997,C#CC(=O)C[NH+]1CC1C,4.908934116e0,-2.245519906e-1,1.914519310e0,1.276346207e0,4.684381962e0,-1.709972858e0
train,998,CC(N)C(N)(C#N)CO,7.447756290e0,-4.612514496e0,1.914519310e0,1.276346207e0,2.835241795e0,-3.158751011e0
train,999,CC1CC2CC1CC2=O,6.070860386e0,1.138197660e0,1.914519310e0,1.276346207e0,7.209057808e0,2.680789828e-1
train,1000,CC1OCC1NCC#N,7.240949631e0,8.858044744e-1,1.914519310e0,1.276346207e0,8.126753807e0,9.870822430e-1
train,1001,CC1CC(C2CN2)O1,8.560701370e0,-1.381801486e0,1.914519310e0,1.276346207e0,7.178899765e0,2.444505394e-1
train,1002,CN1C=CC(C)(O)C1=O,5.404181004e0,-2.609040737e0,1.914519310e0,1.276346207e0,2.795140266e0,-3.190170050e0
train,1003,CC1CC2(CN2)C1NO,6.283109188e0,-5.589063168e0,1.914519310e0,1.276346207e0,6.940460205e-1,-4.836350918e0
train,1004,CC(=O)CCCC1CC1,6.372906685e0,8.447889090e-1,1.914519310e0,1.276346207e0,7.217695713e0,2.748466730e-1
train,1005,N#CC#CC1(O)COC1,5.812351704e0,-1.574771523e0,1.914519310e0,1.276346207e0,4.237580299e0,-2.060036421e0
train,1006,CCC1COCC1=O,5.850448132e0,-5.653705120e0,1.914519310e0,1.276346207e0,1.967430115e-1,-5.225981712e0
train,1007,CC1(C)NC1C(O)C#N,7.396054745e0,1.423596263e0,1.914519310e0,1.276346207e0,8.819650650e0,1.529958248e0
train,1008,O=C1C2CCC1O2,6.405560493e0,6.870405078e-1,1.914519310e0,1.276346207e0,7.092600822e0,1.768364012e-1
train,1009,CC12CC(C(N)=O)C1C2,7.439593315e0,6.398899555e-1,1.914519310e0,1.276346207e0,8.079483032e0,9.500461817e-1
train,1010,OC1CC2CC1O2,8.892680168e0,4.828685284e0,1.914519310e0,1.276346207e0,1.372136497e1,5.370389938e0
train,1011,CC(C)C12C3C4C(C31)[NH+]42,7.657283783e0,1.473265886e-1,1.914519310e0,1.276346207e0,7.804610252e0,7.346868515e-1
train,1012,CCC12CCC1C2(C)O,8.383827209e0,-2.452788502e-2,1.914519310e0,1.276346207e0,8.359299660e0,1.169278979e0
train,1013,CC1C(O)C2(O)COC12,8.021917343e0,4.538217545e0,1.914519310e0,1.276346207e0,1.256013489e1,4.460580826e0
train,1014,CC(C#N)C(O)C#N,8.386548996e0,-3.173357248e0,1.914519310e0,1.276346207e0,5.213191986e0,-1.295656800e0
train,1015,N#CCC12CC1OCO2,7.526669502e0,1.347023129e0,1.914519310e0,1.276346207e0,8.873692513e0,1.572299361e0
train,1016,CC12C3CC=CC1C2O3,6.459982872e0,-1.327876210e0,1.914519310e0,1.276346207e0,5.132106781e0,-1.359186053e0
train,1017,OC1CCC12CCCC2,8.566143990e0,-1.454646707e0,1.914519310e0,1.276346207e0,7.111497402e0,1.916416287e-1
train,1018,CC12C3CC1C3C1C[NH+]12,8.802883148e0,-3.373475969e-1,1.914519310e0,1.276346207e0,8.465535164e0,1.252513170e0
train,1019,COC(C#N)CCCO,7.896743774e0,8.764946461e-1,1.914519310e0,1.276346207e0,8.773238182e0,1.493594646e0
train,1020,CNc1ccccc1O,5.450440407e0,-5.266457200e-1,1.914519310e0,1.276346207e0,4.923794746e0,-1.522395849e0
train,1021,O=C1OCC2CC(O)C12,7.066796780e0,2.714014053e0,1.914519310e0,1.276346207e0,9.780811310e0,2.283015490e0
train,1022,C1CC2C3CCC1C23,9.194727898e0,-9.405385256e-1,1.914519310e0,1.276346207e0,8.254189491e0,1.086926579e0
train,1023,OC1CC2(O)C=CC1C2,6.900807381e0,-2.125423431e0,1.914519310e0,1.276346207e0,4.775383949e0,-1.638673902e0
train,1024,C#CC[NH+]1CC1C(N)=O,6.489915371e0,-4.112703323e0,1.914519310e0,1.276346207e0,2.377212048e0,-3.517611504e0
train,1025,N#CC1C2CC1C1CC21,8.318520546e0,-7.521863580e-1,1.914519310e0,1.276346207e0,7.566334248e0,5.480005741e-1
train,1026,N#CC12CC[NH+]3CC1C32,7.287209034e0,1.141479850e0,1.914519310e0,1.276346207e0,8.428689003e0,1.223644733e0
train,1027,Cc1c(CO)nnn1C,6.617809296e0,-2.356074095e0,1.914519310e0,1.276346207e0,4.261734962e0,-2.041111469e0
train,1028,O=Cn1ccc(O)c1O,4.560628414e0,4.654169977e-1,1.914519310e0,1.276346207e0,5.026045322e0,-1.442283869e0
train,1029,CC1C(N)C2(C#N)C[NH+]12,6.748423576e0,-4.258351624e-1,1.914519310e0,1.276346207e0,6.322588444e0,-4.264586270e-1
train,1030,OCC12COCCC1N2,8.808325768e0,7.179444432e-1,1.914519310e0,1.276346207e0,9.526269913e0,2.083585501e0
train,1031,CC(CC1CCC1)=NO,6.903528214e0,1.059061050e0,1.914519310e0,1.276346207e0,7.962589264e0,8.584614396e-1
train,1032,CC1OC(=O)C1(O)C=O,5.744323254e0,-1.639086008e-1,1.914519310e0,1.276346207e0,5.580414772e0,-1.007942319e0
train,1033,CCCCC1(C)CC1O,9.061391830e0,6.972335577e-1,1.914519310e0,1.276346207e0,9.758625031e0,2.265632868e0
train,1034,CC1(C=O)CCCC1=O,5.466767311e0,6.910306215e-1,1.914519310e0,1.276346207e0,6.157797813e0,-5.555700064e-1
train,1035,CC#Cc1[nH]cnc1N,5.066760063e0,-2.441368066e-2,1.914519310e0,1.276346207e0,5.042346478e0,-1.429512143e0
train,1036,CC1=CC(O)C(=O)C1=O,3.836805344e0,2.297836542e0,1.914519310e0,1.276346207e0,6.134641647e0,-5.737125874e-1
train,1037,CC1C2CC3C1C23C#N,7.542996407e0,-6.330577135e-1,1.914519310e0,1.276346207e0,6.909938812e0,3.372300789e-2
train,1038,CC(C=O)OCC#N,6.166100025e0,2.760126829e0,1.914519310e0,1.276346207e0,8.926226616e0,1.613459110e0
train,1039,COC(=O)C1CO[CH+][NH2+]1,6.772913933e0,-8.336334229e-1,1.914519310e0,1.276346207e0,5.939280510e0,-7.267755866e-1
train,1040,CC1CCC(C)C1C=O,6.038206577e0,-1.873235464e0,1.914519310e0,1.276346207e0,4.164971352e0,-2.116924524e0
train,1041,COC1C(O)C1[NH+]1CC1,8.051848412e0,-2.288461208e0,1.914519310e0,1.276346207e0,5.763387203e0,-8.645857573e-1
train,1042,CCC1COCC1CO,8.582470894e0,-6.131123066e0,1.914519310e0,1.276346207e0,2.451347828e0,-3.459527016e0
train,1043,OC1[CH-]C2CC[NH+]3C1C23,5.665410519e0,2.234326124e0,1.914519310e0,1.276346207e0,7.899736404e0,8.092169762e-1
train,1044,C#CCC(O)C(N)=O,7.542996407e0,1.567725182e0,1.914519310e0,1.276346207e0,9.110721588e0,1.758008718e0
train,1045,CC1CC(CO)OC=N1,7.357958317e0,-9.559861422e-1,1.914519310e0,1.276346207e0,6.401972294e0,-3.642623723e-1
train,1046,CNC12COC1CC2=O,5.074923515e0,5.098854303e-1,1.914519310e0,1.276346207e0,5.584808826e0,-1.004499674e0
train,1047,CC1C(O)C2COC12,8.294030190e0,1.523229033e-1,1.914519310e0,1.276346207e0,8.446352959e0,1.237484217e0
train,1048,C#CC(=NO)C(C)CC,5.681737423e0,-1.508867502e0,1.914519310e0,1.276346207e0,4.172869682e0,-2.110736370e0
train,1049,Cn1nc2c(n1)OCC2,5.828679085e0,-2.228779793e-1,1.914519310e0,1.276346207e0,5.605801105e0,-9.880524874e-1
train,1050,Cn1nccc1CC=O,5.477651596e0,3.647555351e0,1.914519310e0,1.276346207e0,9.125206947e0,1.769357800e0
train,1051,N#CC(N)C#CC1CN1,6.723933220e0,7.606685758e-1,1.914519310e0,1.276346207e0,7.484601974e0,4.839643836e-1
train,1052,OC12CC1C=CC21CC1,6.362021923e0,2.794521570e0,1.914519310e0,1.276346207e0,9.156543732e0,1.793909788e0
train,1053,CC(=O)C1NC1(C)C,6.005552769e0,-2.855696678e0,1.914519310e0,1.276346207e0,3.149856091e0,-2.912254572e0
train,1054,C#CC1(C)OC1CC,7.787898064e0,3.177383661e0,1.914519310e0,1.276346207e0,1.096528149e1,3.211033106e0
train,1055,CC(=O)C(O)CCCO,6.481751919e0,2.666577816e0,1.914519310e0,1.276346207e0,9.148329735e0,1.787474155e0
train,1056,CC1C2CCCC1C2O,8.884517670e0,-6.963919848e-2,1.914519310e0,1.276346207e0,8.814878464e0,1.526219249e0
train,1057,c1cc2cconc-2c1,3.567412615e0,3.936486244e-1,1.914519310e0,1.276346207e0,3.961061239e0,-2.276685476e0
train,1058,COCC1CC1(C)CO,8.756624222e0,1.720516235e-1,1.914519310e0,1.276346207e0,8.928675652e0,1.615377903e0
train,1059,C#CC1(C(N)=O)CC1O,6.721211910e0,-5.765262842e-1,1.914519310e0,1.276346207e0,6.144685745e0,-5.658431649e-1
train,1060,C#CCC1CC(=O)O1,7.619187832e0,7.124128938e-2,1.914519310e0,1.276346207e0,7.690429211e0,6.452274323e-1
train,1061,OC1C2C3C=CC(C3)C12,6.851827145e0,-2.669925451e0,1.914519310e0,1.276346207e0,4.181901932e0,-2.103659630e0
train,1062,CC12CCC1C1CCC12,8.759345055e0,-3.167097330e0,1.914519310e0,1.276346207e0,5.592247963e0,-9.986712337e-1
train,1063,CCC(C)CC(O)C#N,8.498115540e0,6.061127186e-1,1.914519310e0,1.276346207e0,9.104228020e0,1.752920985e0
train,1064,CC(=O)NC=O,6.021879673e0,-9.031020105e-2,1.914519310e0,1.276346207e0,5.931569576e0,-7.328169942e-1
train,1065,C1=CC2NC2C2CCC12,6.560665131e0,4.845004082e-1,1.914519310e0,1.276346207e0,7.045165539e0,1.396714449e-1
train,1066,CC12OC3[NH2+]CC1(O)C32,4.519811153e0,1.559710145e0,1.914519310e0,1.276346207e0,6.079521179e0,-6.168987751e-1
train,1067,CC12C(C=O)C3CC1C32,5.823236465e0,-1.363798261e0,1.914519310e0,1.276346207e0,4.459438324e0,-1.886213303e0
train,1068,Cc1cc(C2CO2)on1,6.378348827e0,-4.046884537e0,1.914519310e0,1.276346207e0,2.331464291e0,-3.553454161e0
train,1069,CCOC12C3C4C1[NH+]4C32,7.537554264e0,4.536959827e-1,1.914519310e0,1.276346207e0,7.991250038e0,8.809167743e-1
train,1070,CC1OC2C(C)C(C)C12,8.291309357e0,4.715413153e-1,1.914519310e0,1.276346207e0,8.762850761e0,1.485456228e0
train,1071,O=c1occ2n1CCC2,6.293993473e0,-3.957868338e0,1.914519310e0,1.276346207e0,2.336125135e0,-3.549802303e0
train,1072,CC(C)C1CC=CCC1,7.298093796e0,-6.072722673e-1,1.914519310e0,1.276346207e0,6.690821648e0,-1.379525363e-1
train,1073,O=C1OCC2(O)CC12O,6.933460712e0,-1.086316347e0,1.914519310e0,1.276346207e0,5.847144127e0,-7.989632487e-1
train,1074,CC1CNC(=O)NC=N1,6.530732632e0,1.710901380e0,1.914519310e0,1.276346207e0,8.241634369e0,1.077089787e0
train,1075,O=Cn1cnc(O)n1,5.474930763e0,1.915274709e-1,1.914519310e0,1.276346207e0,5.666458130e0,-9.405284524e-1
train,1076,CC1=CC2(C)CC1(C)O2,6.359301090e0,1.872134805e0,1.914519310e0,1.276346207e0,8.231435776e0,1.069099307e0
train,1077,CC(=O)CC(C)NC=O,5.771534920e0,-2.921964824e-1,1.914519310e0,1.276346207e0,5.479338646e0,-1.087134242e0
train,1078,CC1C(O)C2C(=O)NC12,7.360680103e0,-5.479505539e0,1.914519310e0,1.276346207e0,1.881174564e0,-3.906250477e0
train,1079,CC12NC1C(C=O)C2O,5.474930763e0,-3.284659386e-1,1.914519310e0,1.276346207e0,5.146464825e0,-1.347936749e0
train,1080,C1=Cc2n[nH]cc2CC1,5.518469334e0,-4.546509981e-1,1.914519310e0,1.276346207e0,5.063818455e0,-1.412689090e0
train,1081,N#CCOC(=O)N1CC1,7.583813190e0,-2.170252800e0,1.914519310e0,1.276346207e0,5.413560390e0,-1.138670683e0
train,1082,OC1CC=C2CC(O)C21,6.770192623e0,4.295423925e-1,1.914519310e0,1.276346207e0,7.199735165e0,2.607748210e-1
train,1083,CC1C2CC3(C)OC2C13,8.715806961e0,3.799912035e-1,1.914519310e0,1.276346207e0,9.095798492e0,1.746316552e0
train,1084,CC1C2C3C(C[NH+]23)[NH+]1C,7.711706638e0,1.421110272e0,1.914519310e0,1.276346207e0,9.132817268e0,1.775320292e0
train,1085,CCC(C)(C)C1CO1,9.219218254e0,1.533445835e0,1.914519310e0,1.276346207e0,1.075266457e1,3.044450283e0
train,1086,CCC1(CC2CO2)CC1,9.189285278e0,1.529499054e0,1.914519310e0,1.276346207e0,1.071878433e1,3.017905712e0
train,1087,CC1(C)CC1NC=O,7.363400936e0,-4.333633482e-1,1.914519310e0,1.276346207e0,6.930037498e0,4.947007820e-2
train,1088,CC1C2CC3CC3C12O,8.487231255e0,9.932375550e-1,1.914519310e0,1.276346207e0,9.480468750e0,2.047700882e0
train,1089,Nc1cc(=O)[nH]nc1O,4.805530548e0,-3.332100213e-1,1.914519310e0,1.276346207e0,4.472320557e0,-1.876120210e0
train,1090,CC1CCC2(C1)OC2C,9.064112663e0,3.986982405e-1,1.914519310e0,1.276346207e0,9.462810516e0,2.033865929e0
train,1091,C#CCNc1c[nH]nn1,5.815073013e0,-5.732746124e-1,1.914519310e0,1.276346207e0,5.241798401e0,-1.273244023e0
train,1092,N#CC(O)CCC1CO1,7.812388420e0,1.824009299e0,1.914519310e0,1.276346207e0,9.636397362e0,2.169868946e0
train,1093,N#Cc1[nH]nnc1N,5.096692562e0,-3.783801556e0,1.914519310e0,1.276346207e0,1.312891006e0,-4.351493835e0
train,1094,CC(C)C12OC3C1OC32,7.972936153e0,4.193712711e0,1.914519310e0,1.276346207e0,1.216664886e1,4.152289391e0
train,1095,N#CCC1(N)C[NH+]2CC21,7.115777493e0,8.412657678e-2,1.914519310e0,1.276346207e0,7.199903965e0,2.609070539e-1
train,1096,CC(C#N)C(C)C(N)=O,7.257276535e0,-2.171054482e-2,1.914519310e0,1.276346207e0,7.235566139e0,2.888479233e-1
train,1097,CCC#CC1CC(C)C1,7.953887463e0,7.650449276e-1,1.914519310e0,1.276346207e0,8.718932152e0,1.451046586e0
train,1098,Cc1cc[nH]c1CO,6.367464066e0,3.053070307e-1,1.914519310e0,1.276346207e0,6.672770977e0,-1.520950049e-1
train,1099,CN=C(C=O)N1CCC1,4.215043545e0,-4.140552521e0,1.914519310e0,1.276346207e0,7.449102402e-2,-5.321764469e0
train,1100,[NH-]C1NC(C=O)C1O,5.809630871e0,-5.210140944e-1,1.914519310e0,1.276346207e0,5.288616657e0,-1.236562490e0
train,1101,CNc1ncoc(=O)n1,5.760650635e0,9.458004236e-1,1.914519310e0,1.276346207e0,6.706450939e0,-1.257071793e-1
train,1102,C#Cc1coc(C#C)n1,5.167441845e0,-1.346395969e0,1.914519310e0,1.276346207e0,3.821045876e0,-2.386385679e0
train,1103,OC1C=CCC2CC1O2,7.091287136e0,1.593739629e0,1.914519310e0,1.276346207e0,8.685027122e0,1.424482346e0
train,1104,N#CC1C(O)C1CO,7.850484848e0,-2.173575401e0,1.914519310e0,1.276346207e0,5.676909447e0,-9.323400259e-1
train,1105,C1CC2(C1)CCC1CC12,9.338947296e0,-1.231286451e-1,1.914519310e0,1.276346207e0,9.215818405e0,1.840350747e0
train,1106,C#CC#CC(C#C)CC,6.223243713e0,6.871539354e-1,1.914519310e0,1.276346207e0,6.910397530e0,3.408240899e-2
train,1107,CC1C2CCCC1C2C,9.387928009e0,7.335731983e-1,1.914519310e0,1.276346207e0,1.012150097e1,2.549941540e0
train,1108,C[NH2+][CH+]OCC#CC#N,5.638199329e0,7.939971685e-1,1.914519310e0,1.276346207e0,6.432196617e0,-3.405819833e-1
train,1109,C#CC(O)C(C#N)NC,7.336189747e0,-3.645439148e0,1.914519310e0,1.276346207e0,3.690750599e0,-2.488470554e0
train,1110,COC1C(C)C2(O)CC12,8.378385544e0,3.946829081e0,1.914519310e0,1.276346207e0,1.232521439e1,4.276523590e0
train,1111,OC1CCC2C3C[NH+]3C12,7.597418785e0,-3.767561197e0,1.914519310e0,1.276346207e0,3.829857588e0,-2.379482031e0
train,1112,O=C1OC2C3C=CC2C13,5.692621708e0,-8.261813521e-1,1.914519310e0,1.276346207e0,4.866440296e0,-1.567332387e0
train,1113,CC(C)N=C(N)NC=O,5.902149677e0,2.111567497e0,1.914519310e0,1.276346207e0,8.013717651e0,8.985198736e-1
train,1114,OC1CC1C(F)(F)F,8.944382668e0,2.621663362e-2,1.914519310e0,1.276346207e0,8.970599174e0,1.648224473e0
train,1115,CC(O)C1[NH2+][CH+]NC1[NH-],6.046370029e0,2.507166624e0,1.914519310e0,1.276346207e0,8.553536415e0,1.321461082e0
train,1116,CC1C(=O)CC1C#N,6.032763958e0,-3.634386063e-1,1.914519310e0,1.276346207e0,5.669325352e0,-9.382820725e-1
train,1117,[NH-]C1OCC2(O)CC12,7.542996407e0,6.726072431e-1,1.914519310e0,1.276346207e0,8.215603828e0,1.056695104e0
train,1118,O=C1CC2(C3CC3)CN12,6.462704182e0,-1.349213958e0,1.914519310e0,1.276346207e0,5.113490105e0,-1.373772025e0
train,1119,CC(=O)C1=CCC2NC12,5.113019466e0,2.083951235e0,1.914519310e0,1.276346207e0,7.196970940e0,2.586090863e-1
train,1120,CC1(C)CCC(CO)C1,9.276361465e0,-1.194253802e0,1.914519310e0,1.276346207e0,8.082107544e0,9.521024823e-1
train,1121,COC1C2OCC3C1C32,8.424644470e0,-1.600859404e0,1.914519310e0,1.276346207e0,6.823784828e0,-3.377755359e-2
train,1122,CC1NC2(C#N)C(N)C12,6.389233112e0,5.041914433e-2,1.914519310e0,1.276346207e0,6.439652443e0,-3.347404599e-1
train,1123,OC12CCC3CC3C1C2,8.609682083e0,2.251031637e0,1.914519310e0,1.276346207e0,1.086071396e1,3.129105806e0
train,1124,C#CC(O)C(=O)C(C)=O,4.296678066e0,-1.313961387e0,1.914519310e0,1.276346207e0,2.982716560e0,-3.043206215e0
train,1125,CC12OC1CC=C2C#N,5.738881111e0,4.144922132e-4,1.914519310e0,1.276346207e0,5.739295483e0,-8.834613562e-1
train,1126,NC1=CC(=O)CCC1O,5.314383507e0,-5.588802099e-1,1.914519310e0,1.276346207e0,4.755503178e0,-1.654250264e0
train,1127,CC1(CO)CC1CO,8.971593857e0,-4.322198033e-1,1.914519310e0,1.276346207e0,8.539374352e0,1.310365319e0
train,1128,CNC(=O)C1OC1CO,7.238228798e0,-1.753000736e0,1.914519310e0,1.276346207e0,5.485228062e0,-1.082520008e0
train,1129,CNc1cn[nH]c1C,5.885822773e0,-2.260848284e-1,1.914519310e0,1.276346207e0,5.659738064e0,-9.457935691e-1
train,1130,Cc1nc(F)nc(=O)o1,5.945687771e0,-2.133670330e0,1.914519310e0,1.276346207e0,3.812017441e0,-2.393459558e0
train,1131,C[NH2+]C1NC([NH-])OCO1,6.813731194e0,-3.099685669e0,1.914519310e0,1.276346207e0,3.714045525e0,-2.470219135e0
train,1132,CNC1(C#N)COC1=O,6.473588943e0,-4.905432835e-2,1.914519310e0,1.276346207e0,6.424534798e0,-3.465849459e-1
train,1133,CC1CC1C1(C)CO1,9.069554329e0,2.547312498e0,1.914519310e0,1.276346207e0,1.161686707e1,3.721542120e0
train,1134,C#CCC1(O)CC(=O)C1,5.972899437e0,-2.111276612e-2,1.914519310e0,1.276346207e0,5.951786518e0,-7.169772983e-1
train,1135,CNc1cnn(C=O)c1,4.568791389e0,-9.047249556e-1,1.914519310e0,1.276346207e0,3.664066315e0,-2.509377241e0
train,1136,C#CC12C[NH2+][CH+][NH+]1C2,6.533453465e0,2.255315304e0,1.914519310e0,1.276346207e0,8.788768768e0,1.505762696e0
train,1137,N#CCNc1cocn1,5.962014675e0,-8.711090088e-1,1.914519310e0,1.276346207e0,5.090905666e0,-1.391466618e0
train,1138,O=C1NCC2(CC2O)O1,8.351174355e0,7.836817503e-1,1.914519310e0,1.276346207e0,9.134856224e0,1.776917815e0
train,1139,C#CC1COC2COC12,8.013752937e0,1.796391606e-1,1.914519310e0,1.276346207e0,8.193391800e0,1.039292336e0
train,1140,CC1=CC(C#N)[NH+](C)C1,6.223243713e0,1.617108732e-1,1.914519310e0,1.276346207e0,6.384954453e0,-3.775956333e-1
train,1141,CC1C2CC1(C)C1CC21,9.213775635e0,-2.154986620e0,1.914519310e0,1.276346207e0,7.058789253e0,1.503454596e-1
train,1142,C#Cc1cncnc1C,5.404181004e0,7.865811139e-2,1.914519310e0,1.276346207e0,5.482839108e0,-1.084391713e0
train,1143,NC1[NH2+]CC(OC=O)O1,6.457261562e0,1.032615826e-1,1.914519310e0,1.276346207e0,6.560523033e0,-2.400398552e-1
train,1144,CCCC1C2OC(C)C12,8.606961250e0,-2.655653059e-1,1.914519310e0,1.276346207e0,8.341396332e0,1.155251980e0
train,1145,O=CC(O)C1CNC1=O,5.959293365e0,9.836245775e-1,1.914519310e0,1.276346207e0,6.942917824e0,5.956165120e-2
train,1146,N#CCNc1[nH+]cno1,6.204195976e0,-1.373809129e-1,1.914519310e0,1.276346207e0,6.066814899e0,-6.268540025e-1
train,1147,CC(O)C1=CCCCC1,7.039586067e0,1.009170413e0,1.914519310e0,1.276346207e0,8.048756599e0,9.259724617e-1
train,1148,N#C[CH+]1C=COC([NH-])=N1,4.046332836e0,-1.516559005e0,1.914519310e0,1.276346207e0,2.529773712e0,-3.398081303e0
train,1149,Nc1cocc1CO,6.255897522e0,-7.656951547e-1,1.914519310e0,1.276346207e0,5.490202427e0,-1.078622580e0
train,1150,CC1CCC1=O,6.016437531e0,1.746206760e0,1.914519310e0,1.276346207e0,7.762644291e0,7.018070221e-1
train,1151,CC1C2CC(C)(C)C12,8.987920761e0,-7.673166990e-1,1.914519310e0,1.276346207e0,8.220603943e0,1.060612679e0
train,1152,CC1COCCC(=O)N1,7.200132847e0,5.083570480e-1,1.914519310e0,1.276346207e0,7.708489895e0,6.593777537e-1
train,1153,CCCC1OC1COC,9.221939087e0,-1.827788830e0,1.914519310e0,1.276346207e0,7.394150257e0,4.130965769e-1
train,1154,N#CC(CO)O[CH+][NH-],7.763408184e0,-7.278669626e-2,1.914519310e0,1.276346207e0,7.690621376e0,6.453779936e-1
train,1155,CC12OC1CNC2C=O,5.597382069e0,-2.441474199e-1,1.914519310e0,1.276346207e0,5.353234768e0,-1.185935020e0
train,1156,O=CC1NC1(C=O)CO,5.542959213e0,-3.263349295e0,1.914519310e0,1.276346207e0,2.279609919e0,-3.594081640e0
train,1157,C[NH+]1C2CC1C21CC1O,7.420545101e0,1.257839441e0,1.914519310e0,1.276346207e0,8.678384781e0,1.419278145e0
train,1158,Cn1nccc1CC#N,6.919855118e0,7.522783279e-1,1.914519310e0,1.276346207e0,7.672133446e0,6.308929324e-1
train,1159,NC(=O)C(O)CCC=O,6.182426929e0,-9.287965298e-1,1.914519310e0,1.276346207e0,5.253630638e0,-1.263973594e0
train,1160,[NH-]C1OC(O)=CN=C1O,4.315725803e0,7.658424854e0,1.914519310e0,1.276346207e0,1.197415066e1,4.001469135e0
train,1161,c1nnoc1OC1CC1,5.975620270e0,1.591867328e0,1.914519310e0,1.276346207e0,7.567487717e0,5.489042997e-1
train,1162,CCC1OCCCCO1,8.960708618e0,4.963125706e0,1.914519310e0,1.276346207e0,1.392383385e1,5.529021740e0
train,1163,C[NH2+]C1CC2CC2(C)O1,7.211016655e0,3.113184452e0,1.914519310e0,1.276346207e0,1.032420158e1,2.708755016e0
train,1164,CC(C)OCC1CO1,9.064112663e0,-3.285986900e0,1.914519310e0,1.276346207e0,5.778125763e0,-8.530383110e-1
train,1165,N#CC12C3CC1N2C3=O,6.710327625e0,-2.487365246e0,1.914519310e0,1.276346207e0,4.222962379e0,-2.071489334e0
train,1166,CCC1CC1C#CCO,7.360680103e0,-2.350183278e-1,1.914519310e0,1.276346207e0,7.125661850e0,2.027392983e-1
train,1167,OC1CC1c1cnno1,5.608266830e0,3.208987713e-1,1.914519310e0,1.276346207e0,5.929165840e0,-7.347002625e-1
train,1168,NC(=O)CC1(C=O)CC1,6.277666569e0,1.218327761e0,1.914519310e0,1.276346207e0,7.495994568e0,4.928903282e-1
train,1169,CC(CO)OC1CCC1,8.824651718e0,5.659814358e0,1.914519310e0,1.276346207e0,1.448446655e1,5.968270302e0
train,1170,CC(C)C1C(C)C1C=O,6.111677170e0,-3.859975338e0,1.914519310e0,1.276346207e0,2.251701832e0,-3.615947247e0
train,1171,C#CC1O[CH+][NH2+]C1CO,6.971556664e0,1.571653008e0,1.914519310e0,1.276346207e0,8.543210030e0,1.313370466e0
train,1172,C1=CCCC2(CC1)CO2,7.001489162e0,9.142642617e-1,1.914519310e0,1.276346207e0,7.915753365e0,8.217660785e-1
train,1173,CC12CC3(O)CC[NH+]1C32,8.245050430e0,1.033132434e0,1.914519310e0,1.276346207e0,9.278182983e0,1.889212608e0
train,1174,N#CC12C(O)C3CC1C32,7.959330082e0,-1.702014804e-1,1.914519310e0,1.276346207e0,7.789128780e0,7.225573063e-1
train,1175,O=CNC1CNC1C=O,5.521190166e0,6.766927242e-1,1.914519310e0,1.276346207e0,6.197882652e0,-5.241640210e-1
train,1176,N#CC1CC2NC12C=O,5.981062412e0,9.726137519e-1,1.914519310e0,1.276346207e0,6.953676224e0,6.799072027e-2
train,1177,C1=CC2CC3C1C[NH+]23,6.059975624e0,-1.038432956e0,1.914519310e0,1.276346207e0,5.021542549e0,-1.445811749e0
train,1178,C#CC(O)(C#N)C#N,7.270882130e0,9.378662705e-1,1.914519310e0,1.276346207e0,8.208748817e0,1.051324368e0
train,1179,Cc1noc(N=CN)n1,5.360642910e0,1.809535325e-1,1.914519310e0,1.276346207e0,5.541596413e0,-1.038356066e0
train,1180,Nc1cc[nH]c(=O)c1F,4.982404709e0,-1.169503093e0,1.914519310e0,1.276346207e0,3.812901497e0,-2.392766714e0
train,1181,COC1CNC(=O)NC1,8.128041267e0,2.093959004e-1,1.914519310e0,1.276346207e0,8.337437630e0,1.152150393e0
train,1182,COC1C(O)CC1NO,6.642299175e0,3.293151259e-1,1.914519310e0,1.276346207e0,6.971614361e0,8.204502612e-2
train,1183,CC(O)C1C(C)C1O,8.367501259e0,1.584838748e0,1.914519310e0,1.276346207e0,9.952340126e0,2.417406321e0
train,1184,CC1CC2(CCC2=O)O1,5.330710411e0,9.521265030e0,1.914519310e0,1.276346207e0,1.485197544e1,6.256208897e0
train,1185,COc1[nH]cnc1CO,6.574271202e0,-4.031466007e0,1.914519310e0,1.276346207e0,2.542805195e0,-3.387871265e0
train,1186,C#CCC12C[NH+]1CC2=O,6.046370029e0,-1.396809936e0,1.914519310e0,1.276346207e0,4.649559975e0,-1.737255454e0
train,1187,OC1CC2(O)CCC=C12,6.530732632e0,2.250141621e0,1.914519310e0,1.276346207e0,8.780874252e0,1.499577403e0
train,1188,[NH-]C1OC2C(O)C2C1O,6.987883568e0,3.774843216e-1,1.914519310e0,1.276346207e0,7.365367889e0,3.905459642e-1
train,1189,NC1=NCC=CC(=O)N1,5.404181004e0,8.078820705e-1,1.914519310e0,1.276346207e0,6.212062836e0,-5.130540729e-1
train,1190,[NH-]C1C[NH+]2CC2CO1,7.102171898e0,-1.589180589e0,1.914519310e0,1.276346207e0,5.512991428e0,-1.060767770e0
train,1191,Oc1nc(C2CC2)co1,6.579712868e0,7.659463286e-1,1.914519310e0,1.276346207e0,7.345659256e0,3.751044869e-1
train,1192,N#CC12C=CC(O)C1N2,6.250455379e0,-1.095987678e0,1.914519310e0,1.276346207e0,5.154467583e0,-1.341666698e0
train,1193,CC#Cc1cn[nH]c1O,6.225965023e0,1.374691725e0,1.914519310e0,1.276346207e0,7.600656509e0,5.748916268e-1
train,1194,CC12OC1C1NC12CO,7.189248085e0,-1.660541415e0,1.914519310e0,1.276346207e0,5.528706551e0,-1.048455119e0
train,1195,C#CCC#CCCC=O,6.021879673e0,-1.853486300e-1,1.914519310e0,1.276346207e0,5.836531162e0,-8.072783947e-1
train,1196,C#CC(O)C(O)CC#N,7.825994968e0,5.097454786e-1,1.914519310e0,1.276346207e0,8.335740089e0,1.150820374e0
train,1197,N#CC1(N)C2COC21,7.298093796e0,3.153888464e0,1.914519310e0,1.276346207e0,1.045198250e1,2.808869839e0
train,1198,COC1CCC(C)C1C,8.674989700e0,8.049380779e-1,1.914519310e0,1.276346207e0,9.479928017e0,2.047277212e0
train,1199,C1CC(CCC2CC2)O1,8.985198975e0,2.742978573e0,1.914519310e0,1.276346207e0,1.172817802e1,3.808752775e0
train,1200,OCC1C2CCCC1O2,8.190627098e0,-6.645116210e-1,1.914519310e0,1.276346207e0,7.526115417e0,5.164896250e-1
train,1201,CC1C2COC3C(O2)C13,8.155252457e0,-2.770812035e0,1.914519310e0,1.276346207e0,5.384440422e0,-1.161485791e0
train,1202,CC#CC1(C)C(C)[NH+]1C,7.023258686e0,1.564918011e-1,1.914519310e0,1.276346207e0,7.179750443e0,2.451170385e-1
train,1203,c1noc(C2CO2)n1,6.655904770e0,-2.787735760e-1,1.914519310e0,1.276346207e0,6.377130985e0,-3.837252259e-1
train,1204,CC(C)(C)C(=O)C1CC1,6.201474667e0,-5.923948288e-1,1.914519310e0,1.276346207e0,5.609079838e0,-9.854836464e-1
train,1205,CC1OC23CC=CC12C3,6.348416328e0,-2.400004148e0,1.914519310e0,1.276346207e0,3.948412180e0,-2.286595821e0
train,1206,C#CC12OC1CNC2=O,6.424608231e0,-1.900198460e-1,1.914519310e0,1.276346207e0,6.234588623e0,-4.954053760e-1
train,1207,CC(O)C1(O)CC1C#N,7.964772224e0,1.754215598e0,1.914519310e0,1.276346207e0,9.718987465e0,2.234577417e0
train,1208,CC1CCC(=O)NC1=O,6.397397041e0,2.353589296e0,1.914519310e0,1.276346207e0,8.750986099e0,1.476160407e0
train,1209,C#CC12CC1(C#N)CN2,6.367464066e0,-7.136748433e-1,1.914519310e0,1.276346207e0,5.653789043e0,-9.504545331e-1
train,1210,CCc1nnon1,6.748423576e0,-4.133333683e0,1.914519310e0,1.276346207e0,2.615089893e0,-3.331237078e0
train,1211,OC12CCC1=CC1CC12,6.468146324e0,1.268990159e0,1.914519310e0,1.276346207e0,7.737136364e0,6.818218827e-1
train,1212,CNC=Nc1ncon1,5.714390755e0,8.643557429e-1,1.914519310e0,1.276346207e0,6.578746319e0,-2.257621437e-1
train,1213,C#CC(C)C#CC1CC1,7.363400936e0,-8.887941241e-1,1.914519310e0,1.276346207e0,6.474606991e0,-3.073540032e-1
train,1214,COC12CCC1CC2,8.707643509e0,1.360624552e0,1.914519310e0,1.276346207e0,1.006826782e1,2.508234024e0
train,1215,CC1CC12CCOC2[NH-],7.556602001e0,-8.069055080e-1,1.914519310e0,1.276346207e0,6.749696732e0,-9.182465076e-2
train,1216,CC1COc2cn[nH]c21,5.986505032e0,-8.869397044e-1,1.914519310e0,1.276346207e0,5.099565506e0,-1.384681702e0
train,1217,C#CCC1NC1(C)CO,8.171579361e0,-1.039069057e0,1.914519310e0,1.276346207e0,7.132510185e0,2.081048787e-1
train,1218,CCCC1C(=O)C2NC12,5.869495869e0,1.016827822e0,1.914519310e0,1.276346207e0,6.886323929e0,1.522104535e-2
train,1219,CCCOC1C(C)C1C,8.517163277e0,-5.690321326e-1,1.914519310e0,1.276346207e0,7.948131084e0,8.471336365e-1
train,1220,CC(C)(C)C1(C)COC1,8.364779472e0,1.302497983e-1,1.914519310e0,1.276346207e0,8.495029449e0,1.275621653e0
train,1221,C#CC1(C)C2CC[NH+]21,7.469525814e0,1.290732622e0,1.914519310e0,1.276346207e0,8.760258675e0,1.483425379e0
train,1222,OCc1cc[nH]c1O,6.370185375e0,-9.666280150e-1,1.914519310e0,1.276346207e0,5.403557301e0,-1.146507978e0
train,1223,OCC1OC1CC1CC1,9.205611229e0,-4.741334438e0,1.914519310e0,1.276346207e0,4.464276791e0,-1.882422447e0
train,1224,OC1CCC1OC1CC1,8.563423157e0,2.487204969e-1,1.914519310e0,1.276346207e0,8.812143326e0,1.524076343e0
train,1225,CC1CN=COC(=O)C1,6.465425014e0,1.772763610e0,1.914519310e0,1.276346207e0,8.238188744e0,1.074390173e0
train,1226,CC1CC2C3CC2C13,1.037842178e1,1.431772947e0,1.914519310e0,1.276346207e0,1.181019497e1,3.873012066e0
train,1227,COc1cnc(N)o1,6.272224426e0,8.208639622e-1,1.914519310e0,1.276346207e0,7.093088150e0,1.772182137e-1
train,1228,CNC1[NH2+]CC2(C)OC12,6.544338226e0,-1.745145768e-1,1.914519310e0,1.276346207e0,6.369823456e0,-3.894505799e-1
train,1229,C#CC1=CCCC(=O)C1,5.662689686e0,2.081251442e-1,1.914519310e0,1.276346207e0,5.870814800e0,-7.804176211e-1
train,1230,CCc1noc(C=O)n1,5.172884464e0,-1.981567889e-1,1.914519310e0,1.276346207e0,4.974727631e0,-1.482490659e0
train,1231,C#Cc1cnc(C#N)[nH]1,4.990568161e0,8.446069360e-1,1.914519310e0,1.276346207e0,5.835175037e0,-8.083409071e-1
train,1232,O=CC(=O)NC1CCC1,4.748386860e0,9.488868117e-1,1.914519310e0,1.276346207e0,5.697273731e0,-9.163848162e-1
train,1233,CCC1C(=O)COC1C,5.790582657e0,7.754883766e-1,1.914519310e0,1.276346207e0,6.566071033e0,-2.356930673e-1
train,1234,C1CC2(O1)C1CC3C1C32,8.688595772e0,-1.762916446e0,1.914519310e0,1.276346207e0,6.925679207e0,4.605541006e-2
train,1235,C#CC1CC2OC1C2=O,6.345695019e0,4.248667061e-1,1.914519310e0,1.276346207e0,6.770561695e0,-7.547721267e-2
train,1236,OC1CC2=CCOCC21,6.963393688e0,3.240784883e0,1.914519310e0,1.276346207e0,1.020417881e1,2.614718676e0
train,1237,CCCC(=O)C(=O)OC,4.944308758e0,-4.923453331e0,1.914519310e0,1.276346207e0,2.085542679e-2,-5.363787174e0
train,1238,OCC(O)C1OC2CC21,8.002868652e0,2.302645206e0,1.914519310e0,1.276346207e0,1.030551338e1,2.694113016e0
train,1239,CC12OCCC1C2C#N,7.436871529e0,5.207419395e-1,1.914519310e0,1.276346207e0,7.957613468e0,8.545629382e-1
train,1240,CNc1c[nH]c(O)c1C,5.967456818e0,8.579227328e-1,1.914519310e0,1.276346207e0,6.825379372e0,-3.252825141e-2
train,1241,CC12CC3C(C1=O)[NH+]3C2,5.910312653e0,-2.429930210e0,1.914519310e0,1.276346207e0,3.480382442e0,-2.653291225e0
train,1242,CC(O)C1OC2CC21C,8.084503174e0,4.705333710e0,1.914519310e0,1.276346207e0,1.278983688e1,4.640549183e0
train,1243,O=CCC12C3C4C1[NH+]4C32,5.230028629e0,-9.999756217e-1,1.914519310e0,1.276346207e0,4.230052948e0,-2.065933943e0
train,1244,CC12CCCC3C1CC32,9.948482513e0,1.773092449e-1,1.914519310e0,1.276346207e0,1.012579155e1,2.553303242e0
train,1245,CC(C)(O)C#N,8.566143990e0,-3.538723886e-1,1.914519310e0,1.276346207e0,8.212271690e0,1.054084420e0
train,1246,CC1CCOC1[NH-],7.736196995e0,7.310587168e-2,1.914519310e0,1.276346207e0,7.809302807e0,7.383633852e-1
train,1247,CC#CC1CC(O)C1,8.032800674e0,-3.549983501e-1,1.914519310e0,1.276346207e0,7.677802086e0,6.353342533e-1
train,1248,O=C1CC(O)CC2OC12,5.864053726e0,-1.212964177e0,1.914519310e0,1.276346207e0,4.651089668e0,-1.736056924e0
train,1249,COCC1=CCOC1=O,6.231407166e0,-2.537515163e0,1.914519310e0,1.276346207e0,3.693892002e0,-2.486009359e0
train,1250,CCC1OC2CC12OC,8.362058640e0,3.246019840e0,1.914519310e0,1.276346207e0,1.160807800e1,3.714656115e0
train,1251,Oc1ccn2c1C=CC2,4.585118771e0,-1.162230849e0,1.914519310e0,1.276346207e0,3.422887802e0,-2.698337555e0
train,1252,CCc1cnnnn1,4.500762939e0,1.423476100e0,1.914519310e0,1.276346207e0,5.924239159e0,-7.385602593e-1
train,1253,CC1CC2C(C)C(=O)C12,5.820515633e0,-1.055820107e0,1.914519310e0,1.276346207e0,4.764695644e0,-1.647047997e0
train,1254,CC1NC12CNC2C#N,7.104892731e0,-2.347832918e0,1.914519310e0,1.276346207e0,4.757060051e0,-1.653030396e0
train,1255,CC1C2CC13OC(=O)C23,6.982441425e0,-9.107683301e-1,1.914519310e0,1.276346207e0,6.071672916e0,-6.230477691e-1
train,1256,C#CC(O)(C#N)CCC,7.635515213e0,2.392534971e0,1.914519310e0,1.276346207e0,1.002805042e1,2.476724386e0
train,1257,OC1COc2[nH]ccc21,6.459982872e0,-2.924879074e0,1.914519310e0,1.276346207e0,3.535103798e0,-2.610417843e0
train,1258,O=C1Cn2nncc2N1,5.771534920e0,3.370548248e0,1.914519310e0,1.276346207e0,9.142083168e0,1.782580018e0
train,1259,CN1C(=O)CCC1[NH-],6.819173336e0,-1.073963046e0,1.914519310e0,1.276346207e0,5.745210171e0,-8.788272738e-1
train,1260,CNc1n[nH]c(C#N)n1,4.699406624e0,-1.098871306e-1,1.914519310e0,1.276346207e0,4.589519501e0,-1.784296393e0
train,1261,CC1C=CC2(O)COC12,6.781077385e0,-2.219125748e0,1.914519310e0,1.276346207e0,4.561951637e0,-1.805895448e0
train,1262,Nc1nnoc(=O)n1,4.593281746e0,-1.593751669e0,1.914519310e0,1.276346207e0,2.999530077e0,-3.030033112e0
train,1263,c1nonc1CC1CN1,5.929360867e0,-2.036484480e0,1.914519310e0,1.276346207e0,3.892876387e0,-2.330107450e0
train,1264,C#CC1CC(C)C1=O,5.806910038e0,-1.425447911e-1,1.914519310e0,1.276346207e0,5.664365292e0,-9.421681762e-1
train,1265,CC(=O)C1(C)CC(=O)N1,5.964735985e0,-6.272711158e-1,1.914519310e0,1.276346207e0,5.337464809e0,-1.198290586e0
train,1266,COC1(C)C[NH2+][CH+]O1,7.594697952e0,-7.340025622e-4,1.914519310e0,1.276346207e0,7.593964100e0,5.696482062e-1
train,1267,CC(C)C(C=O)O[CH+][NH-],5.785140514e0,5.775041506e-2,1.914519310e0,1.276346207e0,5.842890739e0,-8.022957444e-1
train,1268,C1=CC2CCCCC1C2,7.045027256e0,-1.979826689e-1,1.914519310e0,1.276346207e0,6.847044468e0,-1.555391867e-2
train,1269,O=COC1CCC(O)C1,7.638236046e0,6.582275867e0,1.914519310e0,1.276346207e0,1.422051239e1,5.761465549e0
train,1270,C1C2CC3C2C1C31CC1,9.153910637e0,7.241265774e-1,1.914519310e0,1.276346207e0,9.878037453e0,2.359190941e0
train,1271,C#CC12COC1(C)C2C,7.080402374e0,1.263067722e-1,1.914519310e0,1.276346207e0,7.206708908e0,2.662386596e-1
train,1272,C#CCC1(O)CC1OC,7.575649738e0,2.090599060e0,1.914519310e0,1.276346207e0,9.666248322e0,2.193256855e0
train,1273,CC1CC2C3COC3C12,8.217838287e0,-5.229687214e0,1.914519310e0,1.276346207e0,2.988151073e0,-3.038948298e0
train,1274,CC1CCN1C(=O)CO,7.254555702e0,-6.461402774e-1,1.914519310e0,1.276346207e0,6.608415604e0,-2.025166303e-1
train,1275,[H]N=C(C#N)N1CCC1[NH-],5.349758625e0,-1.871226728e-1,1.914519310e0,1.276346207e0,5.162635803e0,-1.335266948e0
train,1276,C1C[NH+]2C3COC(O1)C32,8.329405785e0,-1.374962687e0,1.914519310e0,1.276346207e0,6.954442978e0,6.859146059e-2
train,1277,CC1=CC(O)C(=O)CC1,6.005552769e0,-9.778797626e-1,1.914519310e0,1.276346207e0,5.027672768e0,-1.441008806e0
train,1278,CC12OC1COC2C#N,7.902186394e0,-2.977925062e0,1.914519310e0,1.276346207e0,4.924261093e0,-1.522030473e0
train,1279,O=CC12CC1CCCO2,6.128004074e0,2.511454582e0,1.914519310e0,1.276346207e0,8.639458656e0,1.388780117e0
train,1280,CC(O)C1CCN=CO1,7.401497364e0,-4.490953404e-3,1.914519310e0,1.276346207e0,7.397006512e0,4.153344333e-1
train,1281,CC(=O)CC1OC1C#N,6.416444778e0,-1.665136099e0,1.914519310e0,1.276346207e0,4.751308441e0,-1.657536745e0
train,1282,OC1C=CC2(CC1)CO2,6.650462627e0,4.612243474e-1,1.914519310e0,1.276346207e0,7.111687183e0,1.917903274e-1
train,1283,CCC1CC(CCO)C1,9.306294441e0,-5.576959848e-1,1.914519310e0,1.276346207e0,8.748598099e0,1.474289417e0
train,1284,CC1OC2(C)C(CO)C12,8.264098167e0,-2.820801549e-2,1.914519310e0,1.276346207e0,8.235890388e0,1.072589397e0
train,1285,O=C1CCNC2COC12,5.521190166e0,-2.133525461e-1,1.914519310e0,1.276346207e0,5.307837486e0,-1.221503258e0
train,1286,CC(C1CC1)C1(C)CO1,9.227380753e0,-1.078774333e0,1.914519310e0,1.276346207e0,8.148606300e0,1.004203439e0
train,1287,CCCC1(C)CC2NC21,8.492672920e0,2.300500721e-1,1.914519310e0,1.276346207e0,8.722723007e0,1.454016685e0
train,1288,CC1CC(C)C1C=O,5.994668484e0,5.245966434e0,1.914519310e0,1.276346207e0,1.124063492e1,3.426769018e0
train,1289,OC12C=CCC1CCC2,7.066796780e0,-1.198200464e0,1.914519310e0,1.276346207e0,5.868596077e0,-7.821559310e-1
train,1290,CC[NH2+][CH+]OCCCO,7.458641052e0,-1.014572382e0,1.914519310e0,1.276346207e0,6.444068909e0,-3.312802017e-1
train,1291,O=C1NC2CC3(CO3)C12,7.295372486e0,3.126370907e-1,1.914519310e0,1.276346207e0,7.608009338e0,5.806524754e-1
train,1292,c1ccc2occc2c1,5.526632309e0,4.305305004e0,1.914519310e0,1.276346207e0,9.831937790e0,2.323072433e0
train,1293,CC1NC12CCC2(C)O,8.057291031e0,1.824034810e0,1.914519310e0,1.276346207e0,9.881325722e0,2.361767292e0
train,1294,O=C1CC2C[NH+]3CC2C13,5.602824211e0,1.184011579e0,1.914519310e0,1.276346207e0,6.786835670e0,-6.272675842e-2
train,1295,CCN1C=CC(=O)CC1,4.957914352e0,5.835937336e-2,1.914519310e0,1.276346207e0,5.016273499e0,-1.449939966e0
train,1296,O=C1NC2C=CC1(O)C2,6.076302528e0,-3.488499820e-1,1.914519310e0,1.276346207e0,5.727452755e0,-8.927399516e-1
train,1297,OC1CC2C3OC3C12,8.416481972e0,-1.213517427e0,1.914519310e0,1.276346207e0,7.202964783e0,2.633051872e-1
train,1298,O=[N+]([O-])c1ncno1,5.357921600e0,-2.528782606e0,1.914519310e0,1.276346207e0,2.829138994e0,-3.163532495e0
train,1299,Cc1c(CO)cnn1C,6.748423576e0,-1.272856951e0,1.914519310e0,1.276346207e0,5.475566864e0,-1.090089440e0
train,1300,C1=CC2(CO2)C2CC1C2,6.528011322e0,6.242544055e-1,1.914519310e0,1.276346207e0,7.152265549e0,2.235829681e-1
train,1301,C1=CC2(C3CO3)CC2C1,6.694001198e0,-8.161095977e-1,1.914519310e0,1.276346207e0,5.877891541e0,-7.748730779e-1
train,1302,C1C2CC3(CO3)C[NH+]12,8.457298279e0,1.318274379e0,1.914519310e0,1.276346207e0,9.775572777e0,2.278911114e0
train,1303,C(CC1CC1)C[NH+]1CC1,8.732133865e0,-6.948150992e-1,1.914519310e0,1.276346207e0,8.037319183e0,9.170113802e-1
train,1304,[H]N=C(NCCO)C(C)=O,5.085808277e0,3.943611383e-1,1.914519310e0,1.276346207e0,5.480169296e0,-1.086483479e0
train,1305,Cc1nc(C2CC2)no1,6.596040249e0,-5.333605409e-1,1.914519310e0,1.276346207e0,6.062679768e0,-6.300938129e-1
train,1306,C1OC12C1OC2C2NC21,8.400155067e0,-1.712343454e0,1.914519310e0,1.276346207e0,6.687811852e0,-1.403106749e-1
train,1307,OC12CC3(O)C4C1C2C43,7.619187832e0,1.751248002e0,1.914519310e0,1.276346207e0,9.370435715e0,1.961491466e0
train,1308,CC(C)C12CC1C1OC12,7.926676750e0,1.062186122e0,1.914519310e0,1.276346207e0,8.988862991e0,1.662533998e0
train,1309,O=C1CC=CC[NH+]2CC12,5.526632309e0,-2.673790693e0,1.914519310e0,1.276346207e0,2.852841616e0,-3.144961834e0
train,1310,C#CC1(N)CC1(N)C#N,7.031421661e0,-5.038491249e0,1.914519310e0,1.276346207e0,1.992930412e0,-3.818691254e0
train,1311,NC(=O)C1C2C3CC2C31,7.205575466e0,-3.236978292e0,1.914519310e0,1.276346207e0,3.968597174e0,-2.270781279e0
train,1312,CC[NH+]1CC(C(=O)[O-])C1,4.786482811e0,2.388548613e0,1.914519310e0,1.276346207e0,7.175031662e0,2.414199263e-1
train,1313,Cc1nc(N)c(C#N)[nH]1,5.191932201e0,3.633740246e-1,1.914519310e0,1.276346207e0,5.555306435e0,-1.027614474e0
train,1314,C#CC12CCC(=O)N1C2,6.508963585e0,-8.489707112e-1,1.914519310e0,1.276346207e0,5.659992695e0,-9.455940723e-1
train,1315,CCC1C2CC3OC3C12,8.906287193e0,6.868705750e-1,1.914519310e0,1.276346207e0,9.593157768e0,2.135991335e0
train,1316,C#CC1C2COC12C#N,6.664068222e0,1.157809615e0,1.914519310e0,1.276346207e0,7.821877956e0,7.482158542e-1
train,1317,CC1[NH+]2C3C(O)C2C13C,7.913071156e0,1.324090481e0,1.914519310e0,1.276346207e0,9.237161636e0,1.857072830e0
train,1318,O=CCCC1(O)CCC1,6.223243713e0,-3.447259188e0,1.914519310e0,1.276346207e0,2.775984526e0,-3.205178022e0
train,1319,CC1CC(=O)NCCO1,7.259997368e0,1.490795016e0,1.914519310e0,1.276346207e0,8.750792503e0,1.476008773e0
train,1320,OCC1C2CCOCC12,8.386548996e0,1.669009209e0,1.914519310e0,1.276346207e0,1.005555820e1,2.498276234e0
train,1321,CC12CC(COC1[NH-])C2,7.806946754e0,9.939647913e-1,1.914519310e0,1.276346207e0,8.800911903e0,1.515276670e0
train,1322,CCC[NH+]1CC1(C)CO,8.119877815e0,5.076296329e-1,1.914519310e0,1.276346207e0,8.627507210e0,1.379416227e0
train,1323,OC1CC2CC3(CC3)C12,8.726691246e0,1.814342022e0,1.914519310e0,1.276346207e0,1.054103279e1,2.878639460e0
train,1324,N#CC1NCC2C(O)C12,7.162036896e0,-4.464426041e0,1.914519310e0,1.276346207e0,2.697610855e0,-3.266582966e0
train,1325,C1C2CC3C1C23[NH+]1CC1,8.525327682e0,-4.576177597e-1,1.914519310e0,1.276346207e0,8.067709923e0,9.408221245e-1
train,1326,O=C1CC(C2CC2)O1,7.730754375e0,4.348680675e-1,1.914519310e0,1.276346207e0,8.165622711e0,1.017535567e0
train,1327,C1C[NH+]2CCOC(C2)O1,7.485852242e0,9.608851075e-1,1.914519310e0,1.276346207e0,8.446737289e0,1.237785339e0
train,1328,CC1NC12CC(=O)C2,5.883101463e0,6.429863572e-1,1.914519310e0,1.276346207e0,6.526087761e0,-2.670194805e-1
train,1329,CCC1OC2CC1C2C,8.952546120e0,-1.779083759e-1,1.914519310e0,1.276346207e0,8.774638176e0,1.494691491e0
train,1330,NC(=O)C(O)CNC=O,7.126662254e0,-2.049045324e0,1.914519310e0,1.276346207e0,5.077616692e0,-1.401878357e0
train,1331,CCC1=CCCC(=O)C1,6.073581219e0,-3.116996765e0,1.914519310e0,1.276346207e0,2.956584454e0,-3.063680410e0
train,1332,CCC1C(O)C12CCO2,7.469525814e0,-9.165465236e-1,1.914519310e0,1.276346207e0,6.552979469e0,-2.459501475e-1
train,1333,NC(=O)CC1CO[CH+][NH2+]1,6.479031086e0,-4.896293581e-1,1.914519310e0,1.276346207e0,5.989401817e0,-6.875061393e-1
train,1334,C#CC#CC(=O)OCC,5.308941364e0,1.408000231e0,1.914519310e0,1.276346207e0,6.716941833e0,-1.174876988e-1
train,1335,CC1C2C(O)C(=O)C[NH+]12,5.333431244e0,4.195235968e-1,1.914519310e0,1.276346207e0,5.752954960e0,-8.727592826e-1
train,1336,CC1(O)C2CC2C1(C)O,8.266819000e0,-4.213498116e0,1.914519310e0,1.276346207e0,4.053320885e0,-2.204401255e0
train,1337,O=c1ccc(CO)c[nH]1,4.761992455e0,-6.353536248e-1,1.914519310e0,1.276346207e0,4.126638889e0,-2.146957397e0
train,1338,O=CC12CC3NC3C1O2,5.774256229e0,-2.377251625e0,1.914519310e0,1.276346207e0,3.397004604e0,-2.718616724e0
train,1339,C1=Nc2[nH]ccc2CO1,4.906212807e0,-5.862782598e-1,1.914519310e0,1.276346207e0,4.319934368e0,-1.995512962e0
train,1340,OCCC1OCC1NO,6.628693581e0,7.257840633e-1,1.914519310e0,1.276346207e0,7.354477882e0,3.820137978e-1
train,1341,CC(CNCC#N)=NO,6.816452026e0,-4.393357635e-1,1.914519310e0,1.276346207e0,6.377116203e0,-3.837368190e-1
train,1342,CC1OC(=O)C1C=O,6.114398479e0,-1.212758303e0,1.914519310e0,1.276346207e0,4.901639938e0,-1.539753914e0
train,1343,C#CC1C=C(C)C2NC12,6.620530128e0,7.184857130e-1,1.914519310e0,1.276346207e0,7.339015961e0,3.698995709e-1
train,1344,[NH-]C1COCC(C=O)N1,5.162000179e0,-1.321905136e0,1.914519310e0,1.276346207e0,3.840095043e0,-2.371460915e0
train,1345,CCC1COC([NH-])C1=O,5.061317921e0,-1.476248503e0,1.914519310e0,1.276346207e0,3.585069418e0,-2.571270466e0
train,1346,CC(=O)c1cc[nH]c1O,4.862674713e0,2.801886201e-2,1.914519310e0,1.276346207e0,4.890693665e0,-1.548330188e0
train,1347,CC(O)C1C(C)C1C#N,8.079060555e0,-1.755305767e0,1.914519310e0,1.276346207e0,6.323754787e0,-4.255447984e-1
train,1348,C#CC(CC(C)O)OC,8.068176270e0,4.023247242e0,1.914519310e0,1.276346207e0,1.209142303e1,4.093350887e0
train,1349,C#CC1CCCOC1=O,6.960672855e0,-4.947048128e-1,1.914519310e0,1.276346207e0,6.465968132e0,-3.141224384e-1
train,1350,[NH-]C1OCC12NC1CC12,6.541617393e0,-1.345754743e0,1.914519310e0,1.276346207e0,5.195862770e0,-1.309234023e0
train,1351,C[NH2+]C1CCCOCO1,7.178363323e0,-2.017404556e0,1.914519310e0,1.276346207e0,5.160958767e0,-1.336580873e0
train,1352,CC12C3C[NH+]1C1C3C12,8.223280907e0,-5.927115679e-1,1.914519310e0,1.276346207e0,7.630569458e0,5.983280540e-1
train,1353,CC(C)C1CN(C=O)C1,7.238228798e0,1.448030025e-1,1.914519310e0,1.276346207e0,7.383031845e0,4.043854475e-1
train,1354,OCC1(CC2CC2)CN1,8.130762100e0,-2.858850062e-1,1.914519310e0,1.276346207e0,7.844877243e0,7.662355304e-1
train,1355,CCC(C)(OC)C(C)C,8.694037437e0,2.526538610e0,1.914519310e0,1.276346207e0,1.122057629e1,3.411053419e0
train,1356,N#CC12CC3CC1C3C2,8.653220177e0,8.696593046e-1,1.914519310e0,1.276346207e0,9.522879601e0,2.080929279e0
train,1357,CC1(CCO)CC(O)C1,8.909008026e0,-4.914536327e-2,1.914519310e0,1.276346207e0,8.859862328e0,1.561463594e0
train,1358,COC1COC2CC2O1,8.081781387e0,4.465041637e0,1.914519310e0,1.276346207e0,1.254682350e1,4.450151443e0
train,1359,CC1C2C3CC3CC12C,8.451856613e0,-1.996828057e-2,1.914519310e0,1.276346207e0,8.431888580e0,1.226151586e0
train,1360,O=C1CCC2OC2CC1,6.155215263e0,-6.198425293e-1,1.914519310e0,1.276346207e0,5.535372734e0,-1.043232203e0
train,1361,N#CC1OC1C(O)C=O,6.225965023e0,1.945059776e0,1.914519310e0,1.276346207e0,8.171024323e0,1.021767616e0
train,1362,C1=CC2(CCC2)C2OC12,6.549780846e0,1.668933392e0,1.914519310e0,1.276346207e0,8.218713760e0,1.059131742e0
train,1363,C1CC2COCC12,8.944382668e0,1.787228286e-1,1.914519310e0,1.276346207e0,9.123105049e0,1.767710924e0
train,1364,O=CC1CC(O)(C=O)C1,5.630035877e0,-2.188780755e-1,1.914519310e0,1.276346207e0,5.411157608e0,-1.140553236e0
train,1365,CCC1(O)CNCC1=O,5.191932201e0,2.776650190e-1,1.914519310e0,1.276346207e0,5.469597340e0,-1.094766378e0
train,1366,CC1=COC([NH-])C(=O)N1,4.835463047e0,-1.594613910e0,1.914519310e0,1.276346207e0,3.240849018e0,-2.840962648e0
train,1367,O=C1CCC1(O)C1CN1,5.540238380e0,-1.434174776e0,1.914519310e0,1.276346207e0,4.106063843e0,-2.163077831e0
train,1368,C#Cc1coc(CO)c1,5.766092300e0,-2.756907940e-1,1.914519310e0,1.276346207e0,5.490401268e0,-1.078466773e0
train,1369,CC(C)CC1(C)CO1,9.254591942e0,5.212192535e-1,1.914519310e0,1.276346207e0,9.775811195e0,2.279098034e0
train,1370,CCC1C(C=O)C1CC,6.114398479e0,5.386887193e-1,1.914519310e0,1.276346207e0,6.653087139e0,-1.675170511e-1
train,1371,CC12CC1(O)C(C=O)O2,5.638199329e0,1.798766479e-2,1.914519310e0,1.276346207e0,5.656187057e0,-9.485757351e-1
train,1372,C1C2C[NH+]3C2C3C2NC12,7.668168545e0,8.944085240e-1,1.914519310e0,1.276346207e0,8.562577248e0,1.328544497e0
train,1373,CC1(C2CN2)OC2CC21,8.555259705e0,1.555241585e0,1.914519310e0,1.276346207e0,1.011050129e1,2.541323423e0
train,1374,CC12C=CC3C(N1)C32O,6.130725384e0,3.973158300e-1,1.914519310e0,1.276346207e0,6.528041363e0,-2.654888332e-1
train,1375,CC1(O[CH+][NH-])COC1[NH-],7.249113560e0,1.148726866e-1,1.914519310e0,1.276346207e0,7.363986015e0,3.894632757e-1
train,1376,C1=CC2([NH+]3CC3)CC1C2,6.402839184e0,3.614384890e0,1.914519310e0,1.276346207e0,1.001722431e1,2.468242168e0
train,1377,O=C([O-])C1=CC[NH2+]C1,3.994631290e0,3.615638316e-1,1.914519310e0,1.276346207e0,4.356194973e0,-1.967103243e0
train,1378,C#CC[NH+]1C(C)C1CC,7.328026772e0,2.028179884e0,1.914519310e0,1.276346207e0,9.356206894e0,1.950343370e0
train,1379,CC1=C2CCC2C(=O)C1,5.842284679e0,-1.623933315e0,1.914519310e0,1.276346207e0,4.218351364e0,-2.075101852e0
train,1380,NC(=O)c1ccccc1,5.749765873e0,4.086633682e0,1.914519310e0,1.276346207e0,9.836399078e0,2.326567888e0
train,1381,OC12CC3C4C3C1C42,7.858648300e0,4.458359182e-1,1.914519310e0,1.276346207e0,8.304484367e0,1.126331925e0
train,1382,CC12CC(O)C1C1CC12,8.062733650e0,-2.074167490e0,1.914519310e0,1.276346207e0,5.988566399e0,-6.881607175e-1
train,1383,CC([NH-])OCC1(O)CC1,7.551159859e0,1.582513332e0,1.914519310e0,1.276346207e0,9.133672714e0,1.775990605e0
train,1384,CC1(C#N)[NH+]2CCC21C,7.455919266e0,3.534828663e0,1.914519310e0,1.276346207e0,1.099074745e1,3.230985403e0
train,1385,CC12CC(N)C1(C#N)N2,7.156594753e0,2.366967678e0,1.914519310e0,1.276346207e0,9.523562431e0,2.081464291e0
train,1386,C1CC2CC3CC3(C1)O2,8.626008987e0,-8.929452300e-1,1.914519310e0,1.276346207e0,7.733063698e0,6.786310077e-1
train,1387,CCC1C(CC)C1OC,8.424644470e0,2.694520950e-1,1.914519310e0,1.276346207e0,8.694096565e0,1.431588173e0
train,1388,COC1C(C#N)C1C=O,6.051812172e0,-3.780112565e-1,1.914519310e0,1.276346207e0,5.673800945e0,-9.347754717e-1
train,1389,CC1C(O)C(C)C1CO,8.416481972e0,1.665194035e0,1.914519310e0,1.276346207e0,1.008167648e1,2.518739700e0
train,1390,CC(=O)C1OC1(C)C=O,5.572891712e0,3.632196188e0,1.914519310e0,1.276346207e0,9.205087662e0,1.831943274e0
train,1391,O=CN1C=CC(O)C1,5.730718136e0,2.481239319e0,1.914519310e0,1.276346207e0,8.211957932e0,1.053838611e0
train,1392,O=CCCC(=O)CO,6.035485268e0,2.111026287e0,1.914519310e0,1.276346207e0,8.146511078e0,1.002561808e0
train,1393,CC(C)C12C[NH+](C1)C2C,7.945724487e0,4.857356548e-1,1.914519310e0,1.276346207e0,8.431460381e0,1.225816011e0
train,1394,NC(=O)c1[nH]nnc1N,4.797367573e0,2.662272155e-1,1.914519310e0,1.276346207e0,5.063594818e0,-1.412864327e0
train,1395,N#CCCC1C2CCC12,8.250492096e0,-2.812380791e-1,1.914519310e0,1.276346207e0,7.969254017e0,8.636831641e-1
train,1396,OCC1C2(O)CCC12O,7.888580799e0,-2.501840591e0,1.914519310e0,1.276346207e0,5.386740208e0,-1.159683943e0
train,1397,C#CC(C)(O)CCC,8.182463646e0,8.183798939e-2,1.914519310e0,1.276346207e0,8.264301300e0,1.094848990e0
train,1398,O=C([O-])C1=CC2CC1[NH2+]2,4.430013657e0,3.069576979e0,1.914519310e0,1.276346207e0,7.499590874e0,4.957079887e-1
train,1399,CNC(=O)CN(C)C=O,6.966114998e0,4.619910121e-1,1.914519310e0,1.276346207e0,7.428105831e0,4.397003651e-1
train,1400,CC1(C=O)CC(C=O)N1,5.698064327e0,-4.970031679e-1,1.914519310e0,1.276346207e0,5.201061249e0,-1.305161119e0
train,1401,CC1C2OC1C1CCC12,8.876354218e0,1.720760226e0,1.914519310e0,1.276346207e0,1.059711456e1,2.922578812e0
train,1402,CC(C)CC1(C)CCO1,8.568865776e0,2.104554892e0,1.914519310e0,1.276346207e0,1.067342091e1,2.982363939e0
train,1403,O=C1C2C3CC4C1C4C32,5.978341103e0,7.633544039e-3,1.914519310e0,1.276346207e0,5.985974789e0,-6.901912093e-1
train,1404,CC1C2C3OC3C12CO,7.673610687e0,4.547203705e-2,1.914519310e0,1.276346207e0,7.719082832e0,6.676771641e-1
train,1405,O=C1CC=C2CCC2C1,6.070860386e0,-4.105882347e-1,1.914519310e0,1.276346207e0,5.660272121e0,-9.453751445e-1
train,1406,Nc1ncc[nH]c1=O,4.628656864e0,-9.340676665e-2,1.914519310e0,1.276346207e0,4.535250187e0,-1.826815724e0
train,1407,OCCC1CC=CCC1,7.292651653e0,2.021263361e0,1.914519310e0,1.276346207e0,9.313915253e0,1.917208314e0
train,1408,CCC1C(C)CC2CC21,9.080439568e0,6.694493890e-1,1.914519310e0,1.276346207e0,9.749889374e0,2.258788586e0
train,1409,CNc1onc(O)c1N,6.266781807e0,-6.383416653e0,1.914519310e0,1.276346207e0,-1.166348457e-1,-5.471508980e0
train,1410,CCC1C2OC3C(O2)C13,8.794719696e0,1.282849789e0,1.914519310e0,1.276346207e0,1.007756996e1,2.515522242e0
train,1411,c1cnc2cnnn2c1,4.617772102e0,-2.621102929e-1,1.914519310e0,1.276346207e0,4.355661869e0,-1.967520833e0
train,1412,C#CC#CCCC,6.296714783e0,1.698580980e0,1.914519310e0,1.276346207e0,7.995295525e0,8.840863705e-1
train,1413,OC12CCC1=CC1NC12,6.375627518e0,2.234551668e0,1.914519310e0,1.276346207e0,8.610178947e0,1.365839839e0
train,1414,[CH+]1[NH2+]CC23CC2[NH2+][CH+][NH+]13,6.103513718e0,-8.668439984e-1,1.914519310e0,1.276346207e0,5.236669540e0,-1.277262449e0
train,1415,CC#CC(C)C(C)CC,8.242328644e0,4.103008509e-1,1.914519310e0,1.276346207e0,8.652629852e0,1.399099588e0
train,1416,N#CC12CC3(O)C[NH+]1C32,7.496736526e0,2.287026882e0,1.914519310e0,1.276346207e0,9.783763885e0,2.285328865e0
train,1417,C#CC(C)(O)C(C)C=O,6.002831459e0,4.904449940e0,1.914519310e0,1.276346207e0,1.090728188e1,3.165591002e0
train,1418,NC(=O)C1NC1C(N)=O,6.378348827e0,5.034886837e0,1.914519310e0,1.276346207e0,1.141323566e1,3.561999559e0
train,1419,c1cnc(C2CC2)cn1,5.444998264e0,1.879423410e-1,1.914519310e0,1.276346207e0,5.632940769e0,-9.667888880e-1
train,1420,COC(C)(C=O)C1CN1,5.668131351e0,-1.136324286e0,1.914519310e0,1.276346207e0,4.531806946e0,-1.829513431e0
train,1421,CC1C=CC2CCC12O,6.974278450e0,-1.799163371e-1,1.914519310e0,1.276346207e0,6.794362068e0,-5.682991818e-2
train,1422,C[NH2+]Cc1noc([NH-])n1,4.272187710e0,-5.543014050e0,1.914519310e0,1.276346207e0,-1.270826340e0,-6.375803471e0
train,1423,C#CC1NC2COC12C,7.189248085e0,-1.117159948e-1,1.914519310e0,1.276346207e0,7.077532291e0,1.650303900e-1
train,1424,CCC1CC2CC1C2,1.030767345e1,1.127711415e0,1.914519310e0,1.276346207e0,1.143538475e1,3.579353094e0
train,1425,N#CC#CC1OC2CC12,5.583776474e0,-1.301673174e0,1.914519310e0,1.276346207e0,4.282103539e0,-2.025152922e0
train,1426,C1=C2CCCC3C(C1)C23,6.405560493e0,-1.710584879e0,1.914519310e0,1.276346207e0,4.694975853e0,-1.701672673e0
train,1427,OC1COc2ncoc21,5.649083614e0,-2.205419779e0,1.914519310e0,1.276346207e0,3.443663836e0,-2.682059765e0
train,1428,CCc1cn[nH]c1,7.047749043e0,-3.890789747e-1,1.914519310e0,1.276346207e0,6.658669949e0,-1.631429940e-1
train,1429,C#CC12CCC3C(C1)[NH+]32,7.393333435e0,3.139697552e0,1.914519310e0,1.276346207e0,1.053303146e1,2.872370481e0
train,1430,CC1=CC(=O)C2OC2C1,5.121182919e0,2.201592684e0,1.914519310e0,1.276346207e0,7.322775841e0,3.571756482e-1
train,1431,COc1cnn(C)c1O,6.253176689e0,3.871536732e0,1.914519310e0,1.276346207e0,1.012471390e1,2.552459002e0
train,1432,CC(O)(C#N)C(O)CO,8.070897102e0,3.791775405e-1,1.914519310e0,1.276346207e0,8.450074196e0,1.240399718e0
train,1433,CCc1cc(N)oc1O,6.068139076e0,5.154822826e0,1.914519310e0,1.276346207e0,1.122296143e1,3.412922144e0
train,1434,OCC12CCC(O1)C2O,8.645057678e0,-4.852697551e-1,1.914519310e0,1.276346207e0,8.159788132e0,1.012964249e0
train,1435,COC(CO)C1(O)CC1,8.566143990e0,-3.132519484e0,1.914519310e0,1.276346207e0,5.433624268e0,-1.122950912e0
train,1436,CCOC([NH-])C1(C)CC1,7.855927467e0,-3.653931618e-1,1.914519310e0,1.276346207e0,7.490534306e0,4.886122942e-1
train,1437,CC1(O)C2C3C4C1C2[NH+]34,7.817831039e0,-4.815425873e0,1.914519310e0,1.276346207e0,3.002405167e0,-3.027780533e0
train,1438,C#CCC1CCCO1,8.108993530e0,1.493885964e-1,1.914519310e0,1.276346207e0,8.258381844e0,1.090211153e0
train,1439,OCCCC1OCC1O,8.329405785e0,6.631637216e-1,1.914519310e0,1.276346207e0,8.992569923e0,1.665438294e0
train,1440,CCC#CCC(C)O,8.084503174e0,2.002423853e-1,1.914519310e0,1.276346207e0,8.284745216e0,1.110866547e0
train,1441,N#CC1C=CC2COC12,6.960672855e0,-1.272379875e0,1.914519310e0,1.276346207e0,5.688292980e0,-9.234211445e-1
train,1442,CC12C3[CH-]COC1C2C3,5.722554207e0,1.560838342e0,1.914519310e0,1.276346207e0,7.283392429e0,3.263192177e-1
train,1443,C[NH+]1CC1(C)C1(C)CC1,8.299472809e0,-1.139635682e0,1.914519310e0,1.276346207e0,7.159837246e0,2.295152992e-1
train,1444,C#CC(C)(C=O)C1CN1,5.657247066e0,1.069159865e0,1.914519310e0,1.276346207e0,6.726407051e0,-1.100718156e-1
train,1445,O=C1C2CC2NC12CC2,5.455882549e0,3.046748638e0,1.914519310e0,1.276346207e0,8.502631187e0,1.281577468e0
train,1446,CC1CC(O)C(=O)C1O,5.921197414e0,-2.155642271e0,1.914519310e0,1.276346207e0,3.765555143e0,-2.429862022e0
train,1447,C[NH+]1CCNC(=O)C1,6.974278450e0,-5.013365746e-1,1.914519310e0,1.276346207e0,6.472941875e0,-3.086585999e-1
train,1448,CC1(C)C(=O)NC1C=O,5.730718136e0,8.267884851e-1,1.914519310e0,1.276346207e0,6.557506561e0,-2.424032241e-1
train,1449,CC#CCC(=O)NC=O,5.940245628e0,-3.775193691e0,1.914519310e0,1.276346207e0,2.165051937e0,-3.683836222e0
train,1450,C1CC(C23C[NH+](C2)C3)C1,8.196069717e0,5.981168151e-1,1.914519310e0,1.276346207e0,8.794186592e0,1.510007501e0
train,1451,CCOC(=O)C1CO1,7.153872967e0,6.765366346e-2,1.914519310e0,1.276346207e0,7.221526623e0,2.778481543e-1
train,1452,CC12CC3CC1(C)C32C,8.313077927e0,3.276688099e0,1.914519310e0,1.276346207e0,1.158976555e1,3.700308561e0
train,1453,CC1(C)OC1C#CC#N,6.062696934e0,-1.391119123e0,1.914519310e0,1.276346207e0,4.671577930e0,-1.720004559e0
train,1454,CC12CNCC1(C#N)O2,6.557943821e0,-1.415828109e0,1.914519310e0,1.276346207e0,5.142115593e0,-1.351344228e0
train,1455,CC1CC(N)C1(O)C#N,8.277703285e0,-4.531265259e0,1.914519310e0,1.276346207e0,3.746438026e0,-2.444840193e0
train,1456,CC12C[NH+]1[CH+][NH2+]C2CO,6.459982872e0,-1.518836737e0,1.914519310e0,1.276346207e0,4.941145897e0,-1.508801460e0
train,1457,CCOC(N)=NCC#N,7.515784740e0,-9.187414050e-1,1.914519310e0,1.276346207e0,6.597043514e0,-2.114265263e-1
train,1458,CCC1=CC2CC1C2C,6.440935135e0,1.493257880e0,1.914519310e0,1.276346207e0,7.934193134e0,8.362134099e-1
train,1459,CCOC1C2C3OC3C12,7.434150696e0,-1.695759445e-1,1.914519310e0,1.276346207e0,7.264574528e0,3.115756214e-1
train,1460,C#CC1(C)C2COC1C2,7.586534500e0,-3.232833743e-2,1.914519310e0,1.276346207e0,7.554206371e0,5.384985209e-1
train,1461,O=CCC(CO)[NH+]1CC1,5.975620270e0,3.983628750e-1,1.914519310e0,1.276346207e0,6.373983383e0,-3.861913383e-1
train,1462,CC(CO)C(C)C1CO1,9.181120872e0,6.048506737e0,1.914519310e0,1.276346207e0,1.522962761e1,6.552094460e0
train,1463,c1cnc(C2CC2)cn1,5.444998264e0,-5.762580395e0,1.914519310e0,1.276346207e0,-3.175821304e-1,-5.628948689e0
train,1464,CC#CC1C2C(=O)C[NH+]12,5.771534920e0,5.743989348e-1,1.914519310e0,1.276346207e0,6.345933914e0,-4.081677496e-1
train,1465,CCC(O)C1C2CC[NH+]21,8.231444359e0,-8.241994381e-1,1.914519310e0,1.276346207e0,7.407244682e0,4.233559072e-1
train,1466,O=CCNc1ncco1,5.200095654e0,-3.092897177e0,1.914519310e0,1.276346207e0,2.107198477e0,-3.729163408e0
train,1467,N#CC#Cc1ncno1,5.113019466e0,-2.208318859e-1,1.914519310e0,1.276346207e0,4.892187595e0,-1.547159672e0
train,1468,CC12C=CC(C)(O1)C2O,6.473588943e0,7.393947244e-1,1.914519310e0,1.276346207e0,7.212983608e0,2.711547911e-1
train,1469,CC1(OC=O)COC1,7.186526775e0,-5.556849241e-1,1.914519310e0,1.276346207e0,6.630841732e0,-1.849460453e-1
train,1470,OC12C3COCC1C2O3,7.836878777e0,1.057480812e0,1.914519310e0,1.276346207e0,8.894359589e0,1.588491797e0
train,1471,CC#CC(C)CC,8.258655548e0,1.651044190e-1,1.914519310e0,1.276346207e0,8.423760414e0,1.219783187e0
train,1472,Cn1ncc(C2CN2)n1,6.024600506e0,2.573348045e0,1.914519310e0,1.276346207e0,8.597948074e0,1.356257081e0
train,1473,CC(C)OC(C=O)CO,5.809630871e0,1.653422832e0,1.914519310e0,1.276346207e0,7.463053703e0,4.670815766e-1
train,1474,CC(O)C(O)(C#N)C#N,7.398775578e0,1.661025643e0,1.914519310e0,1.276346207e0,9.059801102e0,1.718113065e0
train,1475,OCC1(O)C2CCC1O2,7.997426510e0,-2.250952482e0,1.914519310e0,1.276346207e0,5.746474266e0,-8.778368235e-1
train,1476,CC1=CC(=O)C(C)NC1,4.898049831e0,-2.896718025e0,1.914519310e0,1.276346207e0,2.001331806e0,-3.812108994e0
train,1477,CC#CC1=CCC(=O)N1,4.998731613e0,7.020961046e-1,1.914519310e0,1.276346207e0,5.700827599e0,-9.136004448e-1
train,1478,O=C1NC2CCC12O,6.976998806e0,-1.414711237e0,1.914519310e0,1.276346207e0,5.562287331e0,-1.022145033e0
train,1479,O=c1ccnc[nH]1,5.349758625e0,2.125532150e0,1.914519310e0,1.276346207e0,7.475290775e0,4.766691625e-1
train,1480,CC#Cc1oncc1N,4.835463047e0,2.264153004e0,1.914519310e0,1.276346207e0,7.099616051e0,1.823327392e-1
train,1481,CC1CC2CCCC2C1,9.929434776e0,2.305665493e0,1.914519310e0,1.276346207e0,1.223509979e1,4.205919743e0
train,1482,CCCCC#N,9.632830620e0,-3.659858465e0,1.914519310e0,1.276346207e0,5.972971916e0,-7.003787756e-1
train,1483,COCc1cnc(C)[nH]1,6.517127037e0,-3.888363540e-1,1.914519310e0,1.276346207e0,6.128290653e0,-5.786885023e-1
train,1484,O=C1NCC2(O)COC12,6.653183937e0,-7.196504593e0,1.914519310e0,1.276346207e0,-5.433206558e-1,-5.805812359e0
train,1485,OC12CC3CC(C1)C32,8.710365295e0,-1.611306310e0,1.914519310e0,1.276346207e0,7.099059105e0,1.818963885e-1
train,1486,CCC([NH2+]C)OC1CC1,7.382448673e0,1.391386509e0,1.914519310e0,1.276346207e0,8.773835182e0,1.494062424e0
train,1487,CC1=CC2(C)C3CC1[NH+]32,5.932082176e0,4.275260270e-1,1.914519310e0,1.276346207e0,6.359608173e0,-3.974541426e-1
train,1488,Nc1c[nH]nc1[N+](=O)[O-],4.114361286e0,-1.827454716e-1,1.914519310e0,1.276346207e0,3.931615829e0,-2.299755573e0
train,1489,C#CC(CC)COC,8.528048515e0,-1.683351278e0,1.914519310e0,1.276346207e0,6.844696999e0,-1.739313081e-2
train,1490,Nc1nncc(O)c1F,5.491257668e0,1.408103943e0,1.914519310e0,1.276346207e0,6.899361610e0,2.543590404e-2
train,1491,CC1COCC2C(C)[NH+]12,7.845042706e0,-3.352399588e0,1.914519310e0,1.276346207e0,4.492643356e0,-1.860197663e0
train,1492,CN1C(=O)CC1C1CO1,7.613745689e0,1.345359325e0,1.914519310e0,1.276346207e0,8.959104538e0,1.639218569e0
train,1493,c1n[nH]nc1C1CC1,6.634135723e0,-1.739808917e0,1.914519310e0,1.276346207e0,4.894326687e0,-1.545483708e0
train,1494,CC(O)CC1(O)COC1,8.307636261e0,1.731257677e0,1.914519310e0,1.276346207e0,1.003889370e1,2.485219955e0
train,1495,N#CC12C3C4CC1[NH+]4C32,6.952508926e0,-2.885677576e0,1.914519310e0,1.276346207e0,4.066831589e0,-2.193815708e0
train,1496,C1CC2CC3OC2CC13,8.898122787e0,1.289757192e-1,1.914519310e0,1.276346207e0,9.027098656e0,1.692491174e0
train,1497,CC1C2CC3C1C23CO,8.196069717e0,1.861751318e0,1.914519310e0,1.276346207e0,1.005782127e1,2.500049353e0
train,1498,[NH-]C1C=CC(C2CN2)O1,5.610987663e0,1.306898952e0,1.914519310e0,1.276346207e0,6.917886734e0,3.995010629e-2
train,1499,O=CC(CO)C1CCC1,6.147051811e0,-2.095622063e0,1.914519310e0,1.276346207e0,4.051429749e0,-2.205883026e0
train,1500,CC([NH+]1CC1)C1(C)CC1,8.549818039e0,9.686355591e-1,1.914519310e0,1.276346207e0,9.518453598e0,2.077461481e0
train,1501,O=CC1=CC2CC1CO2,5.004173756e0,3.395685181e-2,1.914519310e0,1.276346207e0,5.038130760e0,-1.432815075e0
train,1502,CCC1CC12CCCO2,8.408317566e0,-1.101123691e0,1.914519310e0,1.276346207e0,7.307193756e0,3.449672759e-1
train,1503,CCOC12COC(C1)C2,8.655941963e0,-2.382858753e0,1.914519310e0,1.276346207e0,6.273083210e0,-4.652453661e-1
train,1504,C1OC2CC3(CC3)C2O1,8.789278030e0,6.986815333e-1,1.914519310e0,1.276346207e0,9.487959862e0,2.053570032e0
train,1505,CC1C[NH+]1C1CC1(C)C,8.446413994e0,4.032250643e-1,1.914519310e0,1.276346207e0,8.849638939e0,1.553453684e0
train,1506,CC1(C)C[NH+]2CC21CO,8.321241379e0,2.194841385e0,1.914519310e0,1.276346207e0,1.051608276e1,2.859091520e0
train,1507,C#Cc1nc(C)c(C)[nH]1,5.281730175e0,-4.951733053e-1,1.914519310e0,1.276346207e0,4.786556721e0,-1.629920125e0
train,1508,CC1(C)CCOC(=O)O1,8.762065887e0,-7.371398211e-1,1.914519310e0,1.276346207e0,8.024926186e0,9.073016047e-1
train,1509,C#CC(CO)C(O)C=O,6.032763958e0,-3.735570192e0,1.914519310e0,1.276346207e0,2.297193766e0,-3.580304861e0
train,1510,CCC1(O)CCCC1O,8.925334930e0,-9.174092859e-2,1.914519310e0,1.276346207e0,8.833594322e0,1.540882945e0
train,1511,CC1(O)C2CC1C1CC12,8.579750061e0,5.147724152e0,1.914519310e0,1.276346207e0,1.372747421e1,5.375176430e0
train,1512,N#CC#CC1NCC[NH2+]1,4.481715202e0,-3.453459740e0,1.914519310e0,1.276346207e0,1.028255463e0,-4.574501991e0
train,1513,CC1C=CC2C=CC1C2,6.285830498e0,-3.622440398e-1,1.914519310e0,1.276346207e0,5.923586369e0,-7.390717268e-1
train,1514,CC(=O)NC1COC1,7.469525814e0,9.418779016e-1,1.914519310e0,1.276346207e0,8.411403656e0,1.210101843e0
train,1515,CCC1(CC#N)OC1C,8.307636261e0,-8.896111846e-1,1.914519310e0,1.276346207e0,7.418025017e0,4.318021536e-1
train,1516,CCCc1ncnn1C,7.148430824e0,1.377548337e0,1.914519310e0,1.276346207e0,8.525979042e0,1.299870253e0
train,1517,CNc1cc(OC)no1,6.430050850e0,5.295310616e-1,1.914519310e0,1.276346207e0,6.959581852e0,7.261770964e-2
train,1518,CC(=O)n1cc(N)cn1,4.835463047e0,-1.523874164e0,1.914519310e0,1.276346207e0,3.311588764e0,-2.785539150e0
train,1519,C#CC1CC2NC12C=O,5.896707535e0,1.164633632e0,1.914519310e0,1.276346207e0,7.061341286e0,1.523449421e-1
train,1520,CC1(C)NC=CC1=O,5.175605774e0,-4.064735174e-1,1.914519310e0,1.276346207e0,4.769132137e0,-1.643572092e0
train,1521,O=C1CC23CC12N[CH+][NH2+]3,5.839563370e0,5.292087197e-1,1.914519310e0,1.276346207e0,6.368772030e0,-3.902743757e-1
train,1522,[NH-]C1C=NC(N)=C(O)O1,3.466730356e0,-2.503523588e0,1.914519310e0,1.276346207e0,9.632067680e-1,-4.625466824e0
train,1523,Cc1ccn(C)c1,6.680395126e0,2.099422455e0,1.914519310e0,1.276346207e0,8.779817581e0,1.498749495e0
train,1524,C1C2CC34CCC23C1C4,8.070897102e0,7.795432806e-1,1.914519310e0,1.276346207e0,8.850440025e0,1.554081321e0
train,1525,Cn1cc(O)c(O)c1,6.310320377e0,-4.096670821e-2,1.914519310e0,1.276346207e0,6.269353867e0,-4.681672454e-1
train,1526,CNCc1noc(C)n1,5.651804924e0,1.228359580e0,1.914519310e0,1.276346207e0,6.880164623e0,1.039530616e-2
train,1527,CCc1cc(O)n(C)n1,6.906250000e0,5.887224078e-1,1.914519310e0,1.276346207e0,7.494972229e0,4.920893312e-1
train,1528,CC#CC1[NH2+]C2CC2O1,5.711669922e0,-2.891817093e-1,1.914519310e0,1.276346207e0,5.422488213e0,-1.131675839e0
train,1529,COC(=O)C1C2C[NH+]1C2,6.272224426e0,4.999431610e0,1.914519310e0,1.276346207e0,1.127165604e1,3.451073647e0
train,1530,Cc1cn(C=O)c(C)n1,5.061317921e0,2.794716954e-1,1.914519310e0,1.276346207e0,5.340789795e0,-1.195685506e0
train,1531,CC1(C)NC1CCO,8.587913513e0,1.546263933e0,1.914519310e0,1.276346207e0,1.013417721e1,2.559873343e0
train,1532,COC1C=CC2(CC2)O1,6.394675732e0,1.037163019e0,1.914519310e0,1.276346207e0,7.431838989e0,4.426252544e-1
train,1533,CC(C=O)CC#CC=O,5.474930763e0,-2.650987171e-2,1.914519310e0,1.276346207e0,5.448421001e0,-1.111357808e0
train,1534,CCN=C(N)C#N,5.959293365e0,1.605623245e0,1.914519310e0,1.276346207e0,7.564916611e0,5.468899012e-1
train,1535,OC1C2OC3C2[NH+]2C1C32,7.847763538e0,-8.225088716e-1,1.914519310e0,1.276346207e0,7.025254726e0,1.240715757e-1
train,1536,CCC1C=CCC12CC2,7.091287136e0,2.476957887e-1,1.914519310e0,1.276346207e0,7.338983059e0,3.698737919e-1
train,1537,CC1C2C3CC4C1C2C34,8.800162315e0,-1.246484041e0,1.914519310e0,1.276346207e0,7.553678513e0,5.380849838e-1
train,1538,C[NH2+]C1NC(C)C1O,7.017816544e0,-4.805031121e-1,1.914519310e0,1.276346207e0,6.537313461e0,-2.582242787e-1
train,1539,NC(=O)C1(O)COC1,7.368843079e0,-4.337643683e-1,1.914519310e0,1.276346207e0,6.935078621e0,5.341973528e-2
train,1540,N#CCOCCCCO,7.684495449e0,3.959228992e0,1.914519310e0,1.276346207e0,1.164372444e1,3.742584467e0
train,1541,C1=C2CCCOC2OC1,6.903528214e0,6.791916847e0,1.914519310e0,1.276346207e0,1.369544506e1,5.350081921e0
train,1542,CCOC1=NCCOC1,7.129383087e0,3.393832445e0,1.914519310e0,1.276346207e0,1.052321529e1,2.864679813e0
train,1543,CC1=CC(=O)NC=NC1,5.649083614e0,2.025877535e-1,1.914519310e0,1.276346207e0,5.851671219e0,-7.954163551e-1
train,1544,CC1(C)C[NH+](CC#N)C1,7.066796780e0,-6.870080829e-1,1.914519310e0,1.276346207e0,6.379788876e0,-3.816428185e-1
train,1545,[CH+]1[NH2+]C2COCCC2O1,7.202853680e0,-1.059443355e0,1.914519310e0,1.276346207e0,6.143410206e0,-5.668424964e-1
train,1546,[NH-][CH+]Oc1c[nH]nc1O,6.419166088e0,-1.606381297e0,1.914519310e0,1.276346207e0,4.812784672e0,-1.609370947e0
train,1547,CC(=O)C1(C(C)O)CC1,6.277666569e0,-9.885658622e-1,1.914519310e0,1.276346207e0,5.289100647e0,-1.236183286e0
train,1548,CC1(O)CC(O)C2CC21,8.642336845e0,2.563662529e0,1.914519310e0,1.276346207e0,1.120599937e1,3.399632454e0
train,1549,C[CH+]1NO[CH+]C(N)=C1[NH-],4.658589363e0,6.458804607e-1,1.914519310e0,1.276346207e0,5.304470062e0,-1.224141598e0
train,1550,CC(O)(CC=O)C1CO1,6.070860386e0,-8.154889941e-1,1.914519310e0,1.276346207e0,5.255371571e0,-1.262609601e0
train,1551,CC1=CNC(=O)C1(C)C,5.785140514e0,-1.432686090e0,1.914519310e0,1.276346207e0,4.352454185e0,-1.970034003e0
train,1552,CC12CC3[CH-]C(=O)C1C32,4.359263897e0,-6.034419537e-1,1.914519310e0,1.276346207e0,3.755821943e0,-2.437487841e0
train,1553,C#CC1C2NC(=O)NC12,7.175642490e0,-2.618728399e0,1.914519310e0,1.276346207e0,4.556914330e0,-1.809842110e0
train,1554,CC1CC2OC2CO1,9.238265991e0,5.152257085e-1,1.914519310e0,1.276346207e0,9.753491402e0,2.261610746e0
train,1555,CC1C=C(C=O)C2OC12,5.121182919e0,1.018680096e0,1.914519310e0,1.276346207e0,6.139863014e0,-5.696216822e-1
train,1556,CC12CNC(=O)C(C1)O2,6.819173336e0,8.150681853e-1,1.914519310e0,1.276346207e0,7.634241581e0,6.012051105e-1
train,1557,O=CN1C=NCC(O)C1,6.087186813e0,-1.402674794e0,1.914519310e0,1.276346207e0,4.684512138e0,-1.709870815e0
train,1558,NC1CC2(CC2)OC1=O,6.862711906e0,1.287186146e0,1.914519310e0,1.276346207e0,8.149898529e0,1.005215883e0
train,1559,O=C1CC2CC1(O)CO2,6.152494431e0,-1.629158854e0,1.914519310e0,1.276346207e0,4.523335457e0,-1.836150765e0
train,1560,CCNc1ncnn1C,6.669510841e0,-2.560471892e-1,1.914519310e0,1.276346207e0,6.413463593e0,-3.552590907e-1
train,1561,O=C1C2OC2C2(O)CC12,5.545680046e0,-7.065796852e-2,1.914519310e0,1.276346207e0,5.475022316e0,-1.090516090e0
train,1562,COC1(C)CCC1,8.862749100e0,-1.803998947e-1,1.914519310e0,1.276346207e0,8.682349205e0,1.422384262e0
train,1563,OC1C2CC13C=CC[NH+]23,5.910312653e0,7.948722243e-1,1.914519310e0,1.276346207e0,6.705184937e0,-1.266990751e-1
train,1564,Nc1cn[nH]c(=O)n1,5.093971252e0,-2.522553205e0,1.914519310e0,1.276346207e0,2.571418047e0,-3.365453720e0
train,1565,CCC(=NO)C1(O)CC1,6.655904770e0,3.472836494e0,1.914519310e0,1.276346207e0,1.012874126e1,2.555614233e0
train,1566,CC1C2OC3C1C(O)C23,8.362058640e0,-1.283814669e0,1.914519310e0,1.276346207e0,7.078244209e0,1.655881703e-1
train,1567,CC1C2C3(C)C[NH+]1C23C,8.269539833e0,2.372038215e-1,1.914519310e0,1.276346207e0,8.506743431e0,1.284799337e0
train,1568,COC(C)CC#N,8.299472809e0,-1.976953387e0,1.914519310e0,1.276346207e0,6.322519302e0,-4.265128076e-1
train,1569,[NH-]c1cnnc(N)[nH+]1,4.821857452e0,-1.414196044e-1,1.914519310e0,1.276346207e0,4.680438042e0,-1.713062882e0
train,1570,C1C2[NH+]1CC13CCC21O3,8.299472809e0,-9.575483948e-2,1.914519310e0,1.276346207e0,8.203718185e0,1.047382832e0
train,1571,CC1=CCC=C(C)C=C1,5.099413872e0,-1.869872928e0,1.914519310e0,1.276346207e0,3.229540825e0,-2.849822521e0
train,1572,c1cc(C2CC2)ncn1,5.842284679e0,1.840023994e0,1.914519310e0,1.276346207e0,7.682308674e0,6.388651133e-1
train,1573,c1nc2occc2o1,5.480372906e0,-6.029160619e-1,1.914519310e0,1.276346207e0,4.877456665e0,-1.558701158e0
train,1574,CCCC1(C)CC1OC,8.639615059e0,-4.833756089e-1,1.914519310e0,1.276346207e0,8.156239510e0,1.010183930e0
train,1575,CC1(O)C(=O)C[NH2+]C1N,5.594660759e0,-1.286403656e0,1.914519310e0,1.276346207e0,4.308257103e0,-2.004661798e0
train,1576,OCCC(O)CC1CO1,8.865469933e0,-1.601327538e0,1.914519310e0,1.276346207e0,7.264142513e0,3.112371564e-1
train,1577,CCC1(OC)CC1OC,8.933498383e0,-2.649793625e0,1.914519310e0,1.276346207e0,6.283704758e0,-4.569235146e-1
train,1578,CC1C2C(=O)C3C2C[NH+]13,6.000110626e0,-3.357225955e-1,1.914519310e0,1.276346207e0,5.664388180e0,-9.421502352e-1
train,1579,CC1(C2CNC2=O)CC1,7.673610687e0,-2.041596413e0,1.914519310e0,1.276346207e0,5.632014275e0,-9.675148129e-1
train,1580,CC#CC1CC(CO)O1,7.308978081e0,-1.339302957e-1,1.914519310e0,1.276346207e0,7.175047874e0,2.414326221e-1
train,1581,C#CC1=CC(C)NC1=O,5.431392670e0,-1.300105929e0,1.914519310e0,1.276346207e0,4.131286621e0,-2.143316031e0
train,1582,CNc1cc(C)no1,6.196032524e0,-1.955997646e-1,1.914519310e0,1.276346207e0,6.000432968e0,-6.788634062e-1
train,1583,CCCN(C=O)CCO,7.020537376e0,5.375729129e-2,1.914519310e0,1.276346207e0,7.074294567e0,1.624936759e-1
train,1584,CC1[NH2+]C2C=CCC2O1,6.914412975e0,1.940452814e0,1.914519310e0,1.276346207e0,8.854866028e0,1.557549000e0
train,1585,CC(O)C12CCOC1C2,7.989262581e0,1.729516625e0,1.914519310e0,1.276346207e0,9.718779564e0,2.234414339e0
train,1586,CC#CCC(=O)CCC,6.209638119e0,-7.215704322e-1,1.914519310e0,1.276346207e0,5.488067627e0,-1.080295205e0
train,1587,CC1CC12CCC2C#N,8.304915428e0,-9.261639714e-1,1.914519310e0,1.276346207e0,7.378751278e0,4.010316730e-1
train,1588,C#CC1C2OC(C)C12,7.548438072e0,2.606002986e-1,1.914519310e0,1.276346207e0,7.809038162e0,7.381560802e-1
train,1589,CC1CCC=CC1CO,7.191968918e0,3.999150395e-1,1.914519310e0,1.276346207e0,7.591884136e0,5.680186152e-1
train,1590,N#CC1(O)C=CNC1=O,5.357921600e0,6.851099133e-1,1.914519310e0,1.276346207e0,6.043031693e0,-6.454878449e-1
train,1591,C#CC(=O)C1CC1,5.605545521e0,-2.569900990e0,1.914519310e0,1.276346207e0,3.035644531e0,-3.001737833e0
train,1592,CC1(COC=O)CC1,7.719869614e0,-1.056651473e0,1.914519310e0,1.276346207e0,6.663218021e0,-1.595796347e-1
train,1593,N#CC1CC(C#N)C1N,7.227344036e0,3.966439981e-3,1.914519310e0,1.276346207e0,7.231310368e0,2.855135798e-1
train,1594,CC(O)C(C=O)CC=O,5.962014675e0,7.166063786e-1,1.914519310e0,1.276346207e0,6.678621292e0,-1.475113630e-1
train,1595,CC12OC([NH-])C1C2C=O,5.885822773e0,2.776243985e-1,1.914519310e0,1.276346207e0,6.163447380e0,-5.511436462e-1
train,1596,CC12CC3(CO3)C1CO2,8.343010902e0,3.757677317e0,1.914519310e0,1.276346207e0,1.210068798e1,4.100609779e0
train,1597,CC1=CCCC1C1CO1,7.020537376e0,-1.150740981e0,1.914519310e0,1.276346207e0,5.869796276e0,-7.812156081e-1
train,1598,O=CC1NC=CC1NO,4.462667465e0,-2.035505772e0,1.914519310e0,1.276346207e0,2.427161694e0,-3.478476524e0
train,1599,OCC12CC[NH2+]C1OC2,6.922576904e0,3.131796122e-1,1.914519310e0,1.276346207e0,7.235756397e0,2.889969945e-1
train,1600,N#CCNC1C[NH+]2CC12,6.957951069e0,-2.411108255e0,1.914519310e0,1.276346207e0,4.546842575e0,-1.817733169e0
train,1601,CC(=O)C1OCC1C#N,5.937524319e0,-1.742061675e-1,1.914519310e0,1.276346207e0,5.763318062e0,-8.646399379e-1
train,1602,CCC12CC(O1)C1NC12,8.258655548e0,-9.904389381e-1,1.914519310e0,1.276346207e0,7.268216610e0,3.144291639e-1
train,1603,C[NH+]1C(CO)C2(O)CC12,7.238228798e0,2.750810623e0,1.914519310e0,1.276346207e0,9.989039421e0,2.446159601e0
train,1604,CC(C(O)C#N)C1CN1,7.151152611e0,-4.033624172e0,1.914519310e0,1.276346207e0,3.117528439e0,-2.937582970e0
train,1605,O=C1CC2C=CC1CO2,5.755208015e0,5.055918545e-2,1.914519310e0,1.276346207e0,5.805767059e0,-8.313816786e-1
train,1606,CCOCC1(C)COC1,8.732133865e0,2.997283220e0,1.914519310e0,1.276346207e0,1.172941685e1,3.809723377e0
train,1607,CC(O)C1(C)COC1=O,7.534832478e0,3.392690659e0,1.914519310e0,1.276346207e0,1.092752266e1,3.181449413e0
train,1608,O=CCC1CO[CH+][NH2+]1,6.068139076e0,-8.686451316e-1,1.914519310e0,1.276346207e0,5.199493885e0,-1.306389093e0
train,1609,Cn1ncnc1C(N)=O,6.182426929e0,5.002875924e-1,1.914519310e0,1.276346207e0,6.682714462e0,-1.443044096e-1
train,1610,OC1C2CC(O2)C2CC12,8.147089005e0,-8.887344003e-1,1.914519310e0,1.276346207e0,7.258354664e0,3.067024648e-1
train,1611,CC1NC1C1NC1C=O,6.005552769e0,4.783040285e-1,1.914519310e0,1.276346207e0,6.483856678e0,-3.001070023e-1
train,1612,CCOCCOC,9.145747185e0,2.173626423e-1,1.914519310e0,1.276346207e0,9.363109589e0,1.955751538e0
train,1613,CCCC1(C2CC2)CO1,9.382485390e0,1.714499593e-1,1.914519310e0,1.276346207e0,9.553935051e0,2.105260849e0
train,1614,Nc1n[nH]cc1C=O,5.077644348e0,2.445799828e0,1.914519310e0,1.276346207e0,7.523444176e0,5.143967271e-1
train,1615,CC1CCC(C#N)N1,7.415102959e0,-1.454295635e0,1.914519310e0,1.276346207e0,5.960807323e0,-7.099095583e-1
train,1616,CCC[NH+]1CC(=O)C1,5.624593258e0,4.539786339e0,1.914519310e0,1.276346207e0,1.016437912e1,2.583536148e0
train,1617,CC(C#N)C1C[NH2+][CH+]O1,7.412381172e0,-5.868161321e-1,1.914519310e0,1.276346207e0,6.825564861e0,-3.238292038e-2
train,1618,CCC1C2CC1C2=O,6.838221550e0,1.242326498e0,1.914519310e0,1.276346207e0,8.080548286e0,9.508808255e-1
train,1619,C#CC12OCC1OC2=O,6.348416328e0,2.346259594e0,1.914519310e0,1.276346207e0,8.694675446e0,1.432041764e0
train,1620,C1COCC2CC2OC1,8.364779472e0,-7.646562457e-1,1.914519310e0,1.276346207e0,7.600123405e0,5.744739771e-1
train,1621,C1C2OC1C1CC2O1,7.529390335e0,3.029552698e0,1.914519310e0,1.276346207e0,1.055894279e1,2.892671824e0
train,1622,Nc1[nH]cnc1[N+](=O)[O-],4.566070557e0,-1.838365383e-2,1.914519310e0,1.276346207e0,4.547687054e0,-1.817071557e0
train,1623,CC(O)C(O)C1(O)CC1,8.258655548e0,3.129163027e0,1.914519310e0,1.276346207e0,1.138781834e1,3.542085409e0
train,1624,O=CC1C2NC(=O)C12,5.466767311e0,5.043417215e-1,1.914519310e0,1.276346207e0,5.971108913e0,-7.018384337e-1
train,1625,CC1(O)C2COC21C,8.106271744e0,-1.417928219e0,1.914519310e0,1.276346207e0,6.688343525e0,-1.398941129e-1
train,1626,O=CC1=CN2CC2CC1,5.140230656e0,2.169664383e0,1.914519310e0,1.276346207e0,7.309895039e0,3.470836878e-1
train,1627,NC=Nc1nc[nH]n1,5.757929325e0,-2.230284549e-2,1.914519310e0,1.276346207e0,5.735626698e0,-8.863357902e-1
train,1628,O=CC12C=CC(=O)C1N2,4.824578762e0,1.656028509e0,1.914519310e0,1.276346207e0,6.480607033e0,-3.026530445e-1
train,1629,C#CC1C(C)C(O)C1C,8.274982452e0,8.154878616e-1,1.914519310e0,1.276346207e0,9.090470314e0,1.742142081e0
train,1630,CC1(O)CC1(C)CO,8.745738983e0,-1.864973545e0,1.914519310e0,1.276346207e0,6.880765438e0,1.086603757e-2
train,1631,Cc1cc(NO)c([NH-])[nH]1,3.975583553e0,5.268024206e-1,1.914519310e0,1.276346207e0,4.502386093e0,-1.852564335e0
train,1632,CC1OC2C3C2C2C1C32,7.853205681e0,-4.787643909e0,1.914519310e0,1.276346207e0,3.065561771e0,-2.978298187e0
train,1633,COCC(C=O)C(C)O,5.926640034e0,-1.949006915e0,1.914519310e0,1.276346207e0,3.977632999e0,-2.263701677e0
train,1634,C#CC1C2C[NH+]1C2CC,6.952508926e0,3.836716413e0,1.914519310e0,1.276346207e0,1.078922558e1,3.073095560e0
train,1635,CCC(=O)C(C)O[CH+][NH-],6.209638119e0,3.007428162e-2,1.914519310e0,1.276346207e0,6.239712238e0,-4.913910925e-1
train,1636,Cn1cc(O[CH+][NH-])nn1,6.114398479e0,-2.686827660e0,1.914519310e0,1.276346207e0,3.427570820e0,-2.694668531e0
train,1637,C#CCCC1OC1CC,8.590634346e0,4.507927001e-1,1.914519310e0,1.276346207e0,9.041426659e0,1.703716993e0
train,1638,[H]N=CN1CC(C)(O)C1=O,5.942966461e0,1.477348328e0,1.914519310e0,1.276346207e0,7.420314789e0,4.335961640e-1
train,1639,OC12C3CC1CC2C3,8.296751022e0,1.949724674e0,1.914519310e0,1.276346207e0,1.024647522e1,2.647857428e0
train,1640,CNC(C#N)C(N)CO,7.597418785e0,-1.098127246e0,1.914519310e0,1.276346207e0,6.499291420e0,-2.880140543e-1
train,1641,OC1C2[NH2+]C3C4C1[NH+]2C34,5.118461609e0,1.398569942e0,1.914519310e0,1.276346207e0,6.517031670e0,-2.741147876e-1
train,1642,[H]N=C(NC)c1ncno1,4.846347809e0,-3.106666505e-1,1.914519310e0,1.276346207e0,4.535681248e0,-1.826478004e0
train,1643,CC#CC1C2CC(=O)N12,6.209638119e0,-1.203353047e0,1.914519310e0,1.276346207e0,5.006285191e0,-1.457765698e0
train,1644,N#CC1NCC1(O)CO,7.216459274e0,-8.623601794e-1,1.914519310e0,1.276346207e0,6.354099274e0,-4.017702937e-1
train,1645,CC1=C(C=O)C(=O)OC1,4.775598526e0,-5.663090944e-1,1.914519310e0,1.276346207e0,4.209289551e0,-2.082201719e0
train,1646,C#CCC(C=O)C1CO1,6.005552769e0,-2.369477272e0,1.914519310e0,1.276346207e0,3.636075497e0,-2.531307697e0
train,1647,O=C1CC2C3CC2C13O,6.138888836e0,1.795527190e-1,1.914519310e0,1.276346207e0,6.318441391e0,-4.297077954e-1
train,1648,C[NH+]1C2C=CC1C1CC12,5.847726822e0,-2.088998795e0,1.914519310e0,1.276346207e0,3.758728027e0,-2.435210943e0
train,1649,CC1CC12C1CCC2C1,9.545754433e0,-5.720576048e-1,1.914519310e0,1.276346207e0,8.973696709e0,1.650651336e0
train,1650,Nc1c[nH]cc1CO,6.449098587e0,-4.132060707e-1,1.914519310e0,1.276346207e0,6.035892487e0,-6.510813236e-1
train,1651,CC1[NH+](C)C12CCC2O,7.768850327e0,-6.811115742e-1,1.914519310e0,1.276346207e0,7.087738991e0,1.730272174e-1
train,1652,[H]N=CN1C([NH-])C2OCC21,5.910312653e0,1.604822576e-1,1.914519310e0,1.276346207e0,6.070795059e0,-6.237355471e-1
train,1653,CC12OCOC1C1CC12,9.121256828e0,-5.860308647e0,1.914519310e0,1.276346207e0,3.260948181e0,-2.825215340e0
train,1654,C#CC(C)c1ncn[nH]1,7.341631889e0,-8.426646590e-1,1.914519310e0,1.276346207e0,6.498967171e0,-2.882681191e-1
train,1655,CC(C)(C#N)CC1CN1,7.997426510e0,-7.839418054e-1,1.914519310e0,1.276346207e0,7.213484764e0,2.715474367e-1
train,1656,N#CCC12CC1CO2,7.553880215e0,1.584929943e0,1.914519310e0,1.276346207e0,9.138810158e0,1.780015707e0
train,1657,N#Cc1nc[nH]c1CO,6.117119789e0,2.470101833e0,1.914519310e0,1.276346207e0,8.587221146e0,1.347852588e0
train,1658,O=CC12OC3CC1NC32,5.455882549e0,2.470663309e0,1.914519310e0,1.276346207e0,7.926546097e0,8.302220702e-1
train,1659,C1=CC2(OC1)C1COC12,5.845005512e0,-3.867052794e-1,1.914519310e0,1.276346207e0,5.458300114e0,-1.103617668e0
train,1660,CCC(C)(C)NC(N)=O,8.166136742e0,8.086173534e-1,1.914519310e0,1.276346207e0,8.974754333e0,1.651480079e0
train,1661,C#CCCCCOC,8.424644470e0,1.102141857e0,1.914519310e0,1.276346207e0,9.526786804e0,2.083990574e0
train,1662,CCC1(O)CC2NC21,8.035522461e0,3.173911870e-1,1.914519310e0,1.276346207e0,8.352913857e0,1.164275765e0
train,1663,O=CC#CC1CCCO1,5.553843975e0,-1.887401752e-2,1.914519310e0,1.276346207e0,5.534969807e0,-1.043547988e0
train,1664,CC1CC(C)C2C(O)C12,7.986541748e0,-6.336385012e-1,1.914519310e0,1.276346207e0,7.352903366e0,3.807801604e-1
train,1665,O=CCOc1ccno1,5.314383507e0,8.035773039e-1,1.914519310e0,1.276346207e0,6.117960930e0,-5.867816806e-1
train,1666,CC12CCC(C1)C1OC12,9.205611229e0,-9.665973186e-1,1.914519310e0,1.276346207e0,8.239013672e0,1.075036407e0
train,1667,OC12C3C4OC1C2(O)C43,7.591977119e0,4.747332335e-1,1.914519310e0,1.276346207e0,8.066710472e0,9.400390983e-1
train,1668,CCCc1cc(C)co1,6.394675732e0,2.047838122e-1,1.914519310e0,1.276346207e0,6.599459648e0,-2.095335126e-1
train,1669,CC(O)C1CC(NO)C1,6.770192623e0,-3.740752637e-1,1.914519310e0,1.276346207e0,6.396117210e0,-3.688497543e-1
train,1670,CC#CC12CCC1(C)C2,7.080402374e0,1.182642102e0,1.914519310e0,1.276346207e0,8.263044357e0,1.093864202e0
train,1671,OCCC12CC3C1C[NH+]32,8.332126617e0,1.043644786e0,1.914519310e0,1.276346207e0,9.375771523e0,1.965671897e0
train,1672,C#CC1COC1C,7.858648300e0,-4.857583046e0,1.914519310e0,1.276346207e0,3.001065254e0,-3.028830290e0
train,1673,CC(=O)C(=O)C(C)(C)C,4.182389736e0,-2.753084183e0,1.914519310e0,1.276346207e0,1.429305553e0,-4.260284424e0
train,1674,CC1C(O)C1[NH+]1CC1C,8.264098167e0,4.193797112e-1,1.914519310e0,1.276346207e0,8.683477402e0,1.423268199e0
train,1675,CC12CC1C(C#N)O2,7.175642490e0,-4.570527077e0,1.914519310e0,1.276346207e0,2.605115414e0,-3.339051962e0
train,1676,CCCc1n[nH]c(C)n1,7.110334873e0,1.468298733e-1,1.914519310e0,1.276346207e0,7.257164955e0,3.057703376e-1
train,1677,C1=CC2=CC3OC3C2C1,5.167441845e0,1.019204617e0,1.914519310e0,1.276346207e0,6.186646461e0,-5.329674482e-1
train,1678,CC1C(=O)CC(=O)C1C,5.420508385e0,-1.116357923e0,1.914519310e0,1.276346207e0,4.304150581e0,-2.007879257e0
train,1679,CCc1nnoc1CO,6.027321815e0,-1.050122023e0,1.914519310e0,1.276346207e0,4.977199554e0,-1.480553865e0
train,1680,O=COC12CCC(C1)C2,7.594697952e0,1.273198009e0,1.914519310e0,1.276346207e0,8.867896080e0,1.567757964e0
train,1681,c1nc2c([nH]1)C1CC2O1,6.141610146e0,4.681139588e-1,1.914519310e0,1.276346207e0,6.609724045e0,-2.014914900e-1
train,1682,[NH-]C1OC2C3C(O)C2C13,7.553880215e0,7.405617088e-2,1.914519310e0,1.276346207e0,7.627936363e0,5.962650776e-1
train,1683,O=C1CC=CC=CCO1,5.243634224e0,-6.494910717e-1,1.914519310e0,1.276346207e0,4.594142914e0,-1.780673981e0
train,1684,[H]N=CNC(=O)O[CH+][NH-],6.579712868e0,-3.513094902e0,1.914519310e0,1.276346207e0,3.066617966e0,-2.977470636e0
train,1685,[NH-]C1=C([NH-])OC(CO)O1,6.370185375e0,2.067912668e-1,1.914519310e0,1.276346207e0,6.576976776e0,-2.271485627e-1
train,1686,CC(C)n1cc(N)cn1,6.081744671e0,2.533484459e0,1.914519310e0,1.276346207e0,8.615228653e0,1.369796157e0
train,1687,CC(C)C[NH+]1CC1C#N,7.306257248e0,1.081892967e0,1.914519310e0,1.276346207e0,8.388150215e0,1.191883087e0
train,1688,CCc1cnno1,6.378348827e0,-1.648589849e0,1.914519310e0,1.276346207e0,4.729759216e0,-1.674420357e0
train,1689,Cc1ccc(C=O)o1,4.966077805e0,-6.049556732e-1,1.914519310e0,1.276346207e0,4.361122131e0,-1.963242888e0
train,1690,C#CC1C=CC(=O)CC1,5.093971252e0,2.083669901e0,1.914519310e0,1.276346207e0,7.177640915e0,2.434642464e-1
train,1691,C1OC2CC2[NH+]2CC12,8.196069717e0,1.628770113e0,1.914519310e0,1.276346207e0,9.824839592e0,2.317511082e0
train,1692,CCOCC(C)C1CO1,9.298130035e0,-1.208038092e0,1.914519310e0,1.276346207e0,8.090091705e0,9.583579898e-1
train,1693,CN(C=O)C1CC(O)C1,7.273603439e0,8.983514905e-1,1.914519310e0,1.276346207e0,8.171955109e0,1.022496939e0
train,1694,[NH-]C1OCC2C=CC1C2,6.647741318e0,-1.135617971e0,1.914519310e0,1.276346207e0,5.512123108e0,-1.061447978e0
train,1695,Cc1nocc1N(C)C,5.722554207e0,-1.046585798e0,1.914519310e0,1.276346207e0,4.675968170e0,-1.716564894e0
train,1696,[H]N=CNc1cn[nH]c1O,5.915755272e0,4.914612770e-1,1.914519310e0,1.276346207e0,6.407216549e0,-3.601535559e-1
train,1697,Nc1ccn(C2CC2)n1,6.179705620e0,4.322508335e0,1.914519310e0,1.276346207e0,1.050221443e1,2.848225832e0
train,1698,O=C1COCC(CO)C1,5.749765873e0,-7.759329081e-1,1.914519310e0,1.276346207e0,4.973833084e0,-1.483191490e0
train,1699,C1COC2CC2O1,8.416481972e0,-3.254482448e-1,1.914519310e0,1.276346207e0,8.091033936e0,9.590961933e-1
train,1700,[NH-]C1OCOCC2OC12,7.083124161e0,-1.075189829e0,1.914519310e0,1.276346207e0,6.007934570e0,-6.729859710e-1
train,1701,Nc1[nH]ncc1CCO,6.495357990e0,9.718412757e-1,1.914519310e0,1.276346207e0,7.467199326e0,4.703296125e-1
train,1702,OC1COC2C=CC1C2,6.685837746e0,-4.055865407e-1,1.914519310e0,1.276346207e0,6.280251026e0,-4.596294463e-1
train,1703,CC(CO)C(=O)C(N)=O,4.783761501e0,-3.490391672e-1,1.914519310e0,1.276346207e0,4.434722424e0,-1.905577898e0
train,1704,N#CCC(C#N)O[CH+][NH-],7.532111645e0,-1.234834269e-1,1.914519310e0,1.276346207e0,7.408627987e0,4.244396985e-1
train,1705,C1CC2C(CO1)C1OC21,8.626008987e0,-1.104917169e0,1.914519310e0,1.276346207e0,7.521091938e0,5.125538111e-1
train,1706,CCCOC1CC2NC21,8.367501259e0,-1.470338106e0,1.914519310e0,1.276346207e0,6.897163391e0,2.371362783e-2
train,1707,CC(O)C(CO)CC=O,6.223243713e0,-1.313447356e0,1.914519310e0,1.276346207e0,4.909796238e0,-1.533363581e0
train,1708,CCC1(C=O)OCC1O,5.804188728e0,1.427267790e0,1.914519310e0,1.276346207e0,7.231456757e0,2.856282890e-1
train,1709,NC1CCC(=O)NC1=O,6.098071575e0,1.428241253e0,1.914519310e0,1.276346207e0,7.526312828e0,5.166442990e-1
train,1710,c1onc2c1OCC2,5.896707535e0,-1.348026991e0,1.914519310e0,1.276346207e0,4.548680305e0,-1.816293359e0
train,1711,CC1(CC#N)CC(O)C1,8.081781387e0,6.089150906e-1,1.914519310e0,1.276346207e0,8.690696716e0,1.428924441e0
train,1712,CC1CC1C1CC2OC21,9.077718735e0,-8.311412334e-1,1.914519310e0,1.276346207e0,8.246577263e0,1.080962420e0
train,1713,O=C1CCC=CNC1=O,4.778319359e0,2.252997398e0,1.914519310e0,1.276346207e0,7.031316757e0,1.288211048e-1
train,1714,C#CC1OCC1COC,7.377007008e0,1.477054119e0,1.914519310e0,1.276346207e0,8.854061127e0,1.556918383e0
train,1715,CC1(C#N)C([NH-])[NH+]2CC21,6.778356075e0,-6.210340858e-1,1.914519310e0,1.276346207e0,6.157321930e0,-5.559428334e-1
train,1716,CC(C)OC12CCC1C2,8.694037437e0,-4.445874691e-1,1.914519310e0,1.276346207e0,8.249449730e0,1.083212972e0
train,1717,CC1C(=O)CC1CCO,6.013716221e0,-4.185046852e-1,1.914519310e0,1.276346207e0,5.595211506e0,-9.963493347e-1
train,1718,CC(C)(C=O)C1CC1,6.128004074e0,1.295876861e0,1.914519310e0,1.276346207e0,7.423881054e0,4.363903105e-1
train,1719,[NH-]C1=CC(N)CC(=O)O1,5.360642910e0,-4.098868370e-1,1.914519310e0,1.276346207e0,4.950756073e0,-1.501272082e0
train,1720,N#CC12C=CC3C(C1)[NH+]32,5.899428368e0,1.243695617e0,1.914519310e0,1.276346207e0,7.143124104e0,2.164207548e-1
train,1721,O=C1C2CC1C1OC21,6.451819897e0,3.696452141e0,1.914519310e0,1.276346207e0,1.014827156e1,2.570915937e0
train,1722,CCC(C)c1cnn[nH]1,6.865432262e0,-1.427846909e0,1.914519310e0,1.276346207e0,5.437585354e0,-1.119847417e0
train,1723,O=CC12NC1CC2=O,5.453161716e0,-1.251471400e0,1.914519310e0,1.276346207e0,4.201690197e0,-2.088155746e0
train,1724,Nc1cc(=O)cc(F)[nH]1,5.744323254e0,-1.375888437e-1,1.914519310e0,1.276346207e0,5.606734276e0,-9.873213768e-1
train,1725,CCc1[nH]ccc1OC,6.089908123e0,-1.769339442e0,1.914519310e0,1.276346207e0,4.320568562e0,-1.995016098e0
train,1726,CCC1(C#N)CC1(C)O,8.465462685e0,-1.389889002e0,1.914519310e0,1.276346207e0,7.075573921e0,1.634960324e-1
train,1727,C1=NCC2C3[NH2+][CH+]N1C23,5.904870510e0,-3.141128719e-1,1.914519310e0,1.276346207e0,5.590757847e0,-9.998387098e-1
train,1728,C1=CC2OC3CC(C1)C23,6.623250961e0,4.523670077e-1,1.914519310e0,1.276346207e0,7.075617790e0,1.635304093e-1
train,1729,[H]N=C(C=O)NC=NCC,4.242255211e0,-1.743465543e0,1.914519310e0,1.276346207e0,2.498789787e0,-3.422356844e0
train,1730,O=C1C2C=CC1C=C2,6.625972271e0,-1.197153211e0,1.914519310e0,1.276346207e0,5.428819180e0,-1.126715660e0
train,1731,CC(O)CC1OC1C=O,5.866774559e0,-5.813481212e-1,1.914519310e0,1.276346207e0,5.285426617e0,-1.239061832e0
train,1732,CC1OC1C1CC2CC21,8.996084213e0,1.828521252e0,1.914519310e0,1.276346207e0,1.082460594e1,3.100815535e0
train,1733,CC1OC2(C(C)C)CC12,8.549818039e0,1.521525860e0,1.914519310e0,1.276346207e0,1.007134438e1,2.510644436e0
train,1734,OC1CC2CCC12O,8.204232216e0,-1.867093444e-1,1.914519310e0,1.276346207e0,8.017522812e0,9.015011787e-1
train,1735,C1OCC2C3CC1C2O3,8.838258743e0,1.615475774e0,1.914519310e0,1.276346207e0,1.045373440e1,2.810242414e0
train,1736,CCC1C2CCC1C2=O,6.196032524e0,5.292844296e0,1.914519310e0,1.276346207e0,1.148887634e1,3.621263027e0
train,1737,Nc1coc(=O)c(F)n1,3.885786057e0,1.368817449e0,1.914519310e0,1.276346207e0,5.254603386e0,-1.263211489e0
train,1738,N#CC12CCC1N2,7.896743774e0,-4.711795807e0,1.914519310e0,1.276346207e0,3.184947968e0,-2.884760618e0
train,1739,COC1CC23C[NH+](C2)C13,6.917134762e0,3.469317198e0,1.914519310e0,1.276346207e0,1.038645172e1,2.757527113e0
train,1740,OC1C2CC3C(CO2)C13,8.291309357e0,8.063408732e-1,1.914519310e0,1.276346207e0,9.097650528e0,1.747767687e0
train,1741,Cc1ccc(NC=O)o1,5.246355057e0,-2.449235201e0,1.914519310e0,1.276346207e0,2.797119856e0,-3.188618660e0
train,1742,O=C1C[NH+]2CC12C1CO1,6.043648720e0,-1.159155846e0,1.914519310e0,1.276346207e0,4.884492874e0,-1.553188443e0
train,1743,O=C1C2OC3C1OC23,5.265403271e0,4.396709204e-1,1.914519310e0,1.276346207e0,5.705074310e0,-9.102731943e-1
train,1744,O=C1CC(O)CNC1=O,4.895328522e0,-2.116270065e-1,1.914519310e0,1.276346207e0,4.683701515e0,-1.710505962e0
train,1745,CC12NC3C(OC1[NH-])C32,6.704885483e0,-2.720241435e-3,1.914519310e0,1.276346207e0,6.702165127e0,-1.290650666e-1
train,1746,C#CC(=O)C(=O)N(C)C,4.527974606e0,3.643537685e-2,1.914519310e0,1.276346207e0,4.564410210e0,-1.803969145e0
train,1747,CC1=CCC2(CC1)CC2,7.142988205e0,1.346493661e-1,1.914519310e0,1.276346207e0,7.277637482e0,3.218103051e-1
train,1748,COc1cncc(=O)o1,4.334773540e0,3.829737902e-1,1.914519310e0,1.276346207e0,4.717747211e0,-1.683831573e0
train,1749,CC1CC1(C)CC1CC1,9.270918846e0,6.801059723e0,1.914519310e0,1.276346207e0,1.607197952e1,7.212066650e0
train,1750,COC1(C)C=CC2NC21,6.432771206e0,-1.792133301e-1,1.914519310e0,1.276346207e0,6.253557682e0,-4.805433452e-1
train,1751,[NH-]C1OC=CN[CH+]1CO,4.530695915e0,-2.943833113e0,1.914519310e0,1.276346207e0,1.586862803e0,-4.136840343e0
train,1752,CC1CCCC1(C)C=O,6.239571095e0,2.180926085e0,1.914519310e0,1.276346207e0,8.420496941e0,1.217226267e0
train,1753,CC#Cc1nc(N)n[nH]1,5.137509823e0,1.362827659e0,1.914519310e0,1.276346207e0,6.500337601e0,-2.871944010e-1
train,1754,OC12C3CC1C1C3OC12,8.141646385e0,5.041529238e-2,1.914519310e0,1.276346207e0,8.192061424e0,1.038249969e0
train,1755,CC1C(O)C1C(N)C#N,7.989262581e0,-1.242565632e0,1.914519310e0,1.276346207e0,6.746696949e0,-9.417493641e-2
train,1756,CC(C)C(O)C1NC1C,8.465462685e0,-2.585157566e-2,1.914519310e0,1.276346207e0,8.439611435e0,1.232202291e0
train,1757,O=CC12CNC1C(=O)N2,5.142951965e0,5.157787800e-1,1.914519310e0,1.276346207e0,5.658730507e0,-9.465829730e-1
train,1758,Cc1ncc(O)c(N)n1,5.521190166e0,-3.516207695e0,1.914519310e0,1.276346207e0,2.004982471e0,-3.809248686e0
train,1759,C#CC(C)(C)C1CC1C,8.440972328e0,-2.017432451e0,1.914519310e0,1.276346207e0,6.423540115e0,-3.473642468e-1
train,1760,CCNc1cnccn1,4.873559475e0,-9.183280915e-2,1.914519310e0,1.276346207e0,4.781726837e0,-1.633704305e0
train,1761,CC12CNC(=O)CC1O2,7.488573551e0,3.156783342e0,1.914519310e0,1.276346207e0,1.064535713e1,2.960376263e0
train,1762,CC[NH+]1CC1(C)CC=O,5.747044563e0,4.414530005e-3,1.914519310e0,1.276346207e0,5.751459122e0,-8.739312887e-1
train,1763,OCC1=CC2C3OC1C23,6.157936573e0,4.633828640e0,1.914519310e0,1.276346207e0,1.079176521e1,3.075085163e0
train,1764,CCCC1CCOC1C,8.677710533e0,-3.958913982e-1,1.914519310e0,1.276346207e0,8.281819344e0,1.108574152e0
train,1765,C1=C2C(CC23CC3)OC1,6.245012760e0,3.452472389e-1,1.914519310e0,1.276346207e0,6.590260029e0,-2.167412937e-1
train,1766,OCC1C2C(O)CC12O,8.381106377e0,-1.068082154e-1,1.914519310e0,1.276346207e0,8.274297714e0,1.102681041e0
train,1767,CC1N=COC2C(C)C12,7.357958317e0,-5.456774682e-2,1.914519310e0,1.276346207e0,7.303390503e0,3.419874609e-1
train,1768,CC12CCC(=O)N1CC2,6.968835831e0,3.208841801e0,1.914519310e0,1.276346207e0,1.017767715e1,2.593955040e0
train,1769,C#CC12CC(N1)C2(C)O,7.211016655e0,-5.362878442e-1,1.914519310e0,1.276346207e0,6.674728870e0,-1.505610198e-1
train,1770,CC1(C(O)C2CC2)CO1,9.309015274e0,-1.385154843e0,1.914519310e0,1.276346207e0,7.923860550e0,8.281179667e-1
train,1771,N#CC1=CC2C3CC1[NH+]23,4.906212807e0,7.401575089e0,1.914519310e0,1.276346207e0,1.230778790e1,4.262869835e0
train,1772,OCC1C2CC3C[NH+]1C32,7.510342121e0,2.767783880e0,1.914519310e0,1.276346207e0,1.027812576e1,2.672655106e0
train,1773,O=CCc1nc(O)c[nH]1,4.157899380e0,-1.210007787e0,1.914519310e0,1.276346207e0,2.947891712e0,-3.070491076e0
train,1774,C#CC1COC2CC2O1,7.088566303e0,-8.197995275e-2,1.914519310e0,1.276346207e0,7.006586552e0,1.094452962e-1
train,1775,NC(=O)NC1C[NH+]2CC12,7.926676750e0,-1.936654687e0,1.914519310e0,1.276346207e0,5.990022182e0,-6.870201230e-1
train,1776,Oc1nocc1C1CO1,6.664068222e0,-1.330165625e0,1.914519310e0,1.276346207e0,5.333902359e0,-1.201081753e0
train,1777,CC1OCc2conc21,6.416444778e0,2.214715481e0,1.914519310e0,1.276346207e0,8.631160736e0,1.382278800e0
train,1778,N#CC1CC(O)CO1,7.913071156e0,8.121609092e-1,1.914519310e0,1.276346207e0,8.725232124e0,1.455982566e0
train,1779,CC1C(=O)C(O)C[NH+]1C,5.107577324e0,-2.516168356e-1,1.914519310e0,1.276346207e0,4.855960369e0,-1.575543284e0
train,1780,CCCC1COC1(C)C,8.631451607e0,5.897189975e-1,1.914519310e0,1.276346207e0,9.221170425e0,1.844543934e0
train,1781,CCn1cc(O)cc1O,6.288550854e0,1.504405141e0,1.914519310e0,1.276346207e0,7.792955875e0,7.255557775e-1
train,1782,[NH-]C1OC(N)=C2CCN21,5.834120750e0,2.149387121e0,1.914519310e0,1.276346207e0,7.983508110e0,8.748510480e-1
train,1783,C1C2C3C4C2C12C[NH+]4C32,7.959330082e0,-7.125316858e-1,1.914519310e0,1.276346207e0,7.246798515e0,2.976483405e-1
train,1784,Cc1nc(O)[nH]c1C=O,4.947029591e0,-2.552690357e-2,1.914519310e0,1.276346207e0,4.921502590e0,-1.524191737e0
train,1785,O=c1ccoc(=O)[nH]1,6.125282764e0,3.940894902e-1,1.914519310e0,1.276346207e0,6.519372463e0,-2.722808123e-1
train,1786,C1C2CC3(C12)C1CCC13,8.938940048e0,-1.846736670e0,1.914519310e0,1.276346207e0,7.092203140e0,1.765248179e-1
train,1787,CCC(C)CC(C)(C)C,9.915828705e0,3.716793060e-1,1.914519310e0,1.276346207e0,1.028750801e1,2.680006027e0
train,1788,CC1COC2C(O)CC12,8.264098167e0,-3.681507707e-2,1.914519310e0,1.276346207e0,8.227283478e0,1.065845966e0
train,1789,N#CC1CCC1C1CC1,8.479067802e0,1.401791722e-1,1.914519310e0,1.276346207e0,8.619247437e0,1.372944832e0
train,1790,OCC1C2C3C2C2C1C32,8.100829124e0,1.094951272e0,1.914519310e0,1.276346207e0,9.195780754e0,1.824651480e0
train,1791,NC1=NC2COC2CO1,7.474967480e0,-1.175166890e-1,1.914519310e0,1.276346207e0,7.357450962e0,3.843431473e-1
train,1792,CC1C2(O)C3CC2C13O,8.144367218e0,6.083911061e-1,1.914519310e0,1.276346207e0,8.752758026e0,1.477548718e0
train,1793,COC12CCC1C2C,8.819210052e0,4.335544109e0,1.914519310e0,1.276346207e0,1.315475464e1,4.926457882e0
train,1794,OCC12CC1CCCO2,8.421924591e0,-7.257026434e-2,1.914519310e0,1.276346207e0,8.349354744e0,1.161487341e0
train,1795,CC1CNc2cccn21,6.288550854e0,-2.477690428e-1,1.914519310e0,1.276346207e0,6.040781975e0,-6.472504735e-1
train,1796,CC1=CCCOC=NC1,6.492636681e0,5.282025337e-1,1.914519310e0,1.276346207e0,7.020839214e0,1.206120774e-1
train,1797,CCCc1coc(C)c1,6.383790970e0,-1.183942795e0,1.914519310e0,1.276346207e0,5.199848175e0,-1.306111574e0
train,1798,C#CC(C)OC(C)C,8.051848412e0,1.150835752e0,1.914519310e0,1.276346207e0,9.202684402e0,1.830060363e0
train,1799,COC(C)[NH2+]C1CC1C,6.903528214e0,-3.366896868e0,1.914519310e0,1.276346207e0,3.536631346e0,-2.609220982e0
train,1800,C1OC1C12C3CC1C2C3,8.811046600e0,-1.659708500e0,1.914519310e0,1.276346207e0,7.151338100e0,2.228563130e-1
train,1801,CC1CCC1CC1CO1,9.390648842e0,-1.532722712e0,1.914519310e0,1.276346207e0,7.857926369e0,7.764593363e-1
train,1802,FC(F)(F)C1CCN1,8.623288155e0,3.283008575e0,1.914519310e0,1.276346207e0,1.190629673e1,3.948306561e0
train,1803,CC(O)C1CC2(CC2)C1,8.843700409e0,8.744223714e-1,1.914519310e0,1.276346207e0,9.718122482e0,2.233899593e0
train,1804,C#CC12OC1C=CC2C,6.487194061e0,7.881101966e-1,1.914519310e0,1.276346207e0,7.275304317e0,3.199822903e-1
train,1805,O=CC1CC(O)(CO)C1,6.103513718e0,3.089784384e0,1.914519310e0,1.276346207e0,9.193298340e0,1.822706461e0
train,1806,CC1OC(C)C2OCC12,8.759345055e0,-1.679631591e0,1.914519310e0,1.276346207e0,7.079713345e0,1.667392254e-1
train,1807,CCC1(C)COC1[NH2+]C,7.679053307e0,1.581923217e-1,1.914519310e0,1.276346207e0,7.837245464e0,7.602561116e-1
train,1808,CCC1CN(C=O)C1=O,5.899428368e0,-1.992847562e0,1.914519310e0,1.276346207e0,3.906580925e0,-2.319370270e0
train,1809,CC#CCC(CO)CO,8.057291031e0,1.021068692e0,1.914519310e0,1.276346207e0,9.078359604e0,1.732653499e0
train,1810,CC12C[NH+]3C(C1C#N)C32,7.401497364e0,5.230756998e-1,1.914519310e0,1.276346207e0,7.924572945e0,8.286761045e-1
train,1811,[NH-]C1OCC2CN2C1=O,5.790582657e0,-1.036268234e0,1.914519310e0,1.276346207e0,4.754314423e0,-1.655181646e0
train,1812,CCn1cnn(C)c1=O,6.318483829e0,7.192110419e-1,1.914519310e0,1.276346207e0,7.037694931e0,1.338183284e-1
train,1813,CC1=C(CO)C2NC2C1,6.459982872e0,1.360446811e0,1.914519310e0,1.276346207e0,7.820429802e0,7.470812798e-1
train,1814,[NH-]C1NC2(CO)COC12,6.764750481e0,9.644436836e-1,1.914519310e0,1.276346207e0,7.729194164e0,6.755992770e-1
train,1815,C1=CC23CCCC2C1O3,6.196032524e0,-1.216114014e-1,1.914519310e0,1.276346207e0,6.074420929e0,-6.208947301e-1
train,1816,CC1NC1(C)C(O)C=O,5.412344456e0,-1.328425527e0,1.914519310e0,1.276346207e0,4.083919048e0,-2.180428028e0
train,1817,CCCc1c[nH]nc1C,7.028701305e0,-3.065050840e0,1.914519310e0,1.276346207e0,3.963650465e0,-2.274656773e0
train,1818,C#CC1=CCCOC1=O,5.178326607e0,3.125742376e-1,1.914519310e0,1.276346207e0,5.490900993e0,-1.078075290e0
train,1819,CCC(COC)C(C)O,8.525327682e0,8.403443694e-1,1.914519310e0,1.276346207e0,9.365672112e0,1.957759142e0
train,1820,CCCN1CC(O)C1=O,7.265439510e0,7.998585701e-1,1.914519310e0,1.276346207e0,8.065298080e0,9.389324784e-1
train,1821,C#CC(CO)NC(C)=O,7.387890816e0,8.122025728e-1,1.914519310e0,1.276346207e0,8.200093269e0,1.044542789e0
train,1822,C#CC12CC1OC2C=O,5.591939926e0,4.590035379e-1,1.914519310e0,1.276346207e0,6.050943375e0,-6.392891407e-1
train,1823,CC1CC2(C)CC12,9.077718735e0,2.894058704e0,1.914519310e0,1.276346207e0,1.197177696e1,3.999609709e0
train,1824,[CH+]1[NH2+]C(C2CN2)CO1,7.330747128e0,2.912065744e0,1.914519310e0,1.276346207e0,1.024281311e1,2.644988060e0
train,1825,O=C1CC2CC(O)C12,5.923918724e0,-4.246349335e0,1.914519310e0,1.276346207e0,1.677569389e0,-4.065772533e0
train,1826,c1cnc(N2CC2)nn1,4.489878654e0,-4.960820973e-1,1.914519310e0,1.276346207e0,3.993796587e0,-2.251037836e0
train,1827,N#Cc1cc(O)ncn1,5.624593258e0,2.187433720e0,1.914519310e0,1.276346207e0,7.812026978e0,7.404977679e-1
train,1828,O=C1CNC2C(O)C2N1,6.748423576e0,1.299937814e-1,1.914519310e0,1.276346207e0,6.878417492e0,9.026451036e-3
train,1829,CC(C#N)c1ccco1,6.337531567e0,-7.909148000e-3,1.914519310e0,1.276346207e0,6.329622269e0,-4.209477007e-1
train,1830,CCOCC1OC2CC12,8.381106377e0,1.515569448e0,1.914519310e0,1.276346207e0,9.896676064e0,2.373794079e0
train,1831,CC1=CC2CC3(O)C1C23,6.351137638e0,-2.655261993e0,1.914519310e0,1.276346207e0,3.695875645e0,-2.484455109e0
train,1832,OC1C2OCC3C1C32O,8.280425072e0,-4.313469306e-2,1.914519310e0,1.276346207e0,8.237290382e0,1.073686242e0
train,1833,CC1OCC1(C)CC#N,7.698101044e0,1.382177353e0,1.914519310e0,1.276346207e0,9.080278397e0,1.734156847e0
train,1834,COC1C(O)C1(C)CO,8.065455437e0,1.624832392e0,1.914519310e0,1.276346207e0,9.690287590e0,2.212091446e0
train,1835,Cc1cccc(=O)o1,4.805530548e0,3.356744051e-1,1.914519310e0,1.276346207e0,5.141204834e0,-1.352057815e0
train,1836,CN1CC(CO)OC1=O,8.226001740e0,5.495917201e-1,1.914519310e0,1.276346207e0,8.775593758e0,1.495440245e0
train,1837,N#CC1(C2(O)CC2)CO1,7.515784740e0,-1.210165262e0,1.914519310e0,1.276346207e0,6.305619240e0,-4.397537708e-1
train,1838,CC1CC12OC1C(O)C12,7.738917828e0,3.560217142e0,1.914519310e0,1.276346207e0,1.129913521e1,3.472603321e0
train,1839,CC1C(C)C1C1CCO1,8.664105415e0,-4.247993231e-1,1.914519310e0,1.276346207e0,8.239306450e0,1.075265884e0
train,1840,O=C1CCOCCC1O,6.255897522e0,-2.129382789e-1,1.914519310e0,1.276346207e0,6.042959213e0,-6.455445886e-1
train,1841,C1=CC2C3C[NH+]2C13,5.676295280e0,-4.201530933e0,1.914519310e0,1.276346207e0,1.474764347e0,-4.224668026e0
train,1842,COC(C)C1(C=O)CC1,6.370185375e0,1.493933916e0,1.914519310e0,1.276346207e0,7.864119530e0,7.813116312e-1
train,1843,NC(C=O)=NCCC=O,4.914376259e0,-1.379860163e0,1.914519310e0,1.276346207e0,3.534516096e0,-2.610878229e0
train,1844,CC1C2CC1(O)C(=O)N2,7.216459274e0,1.354867101e0,1.914519310e0,1.276346207e0,8.571326256e0,1.335399151e0
train,1845,N#CC1(C#N)C2C[NH+]1C2,6.411002159e0,-2.174157619e0,1.914519310e0,1.276346207e0,4.236844540e0,-2.060612679e0
train,1846,C#Cc1c(O)nnn1C,5.281730175e0,-4.403405190e-1,1.914519310e0,1.276346207e0,4.841389656e0,-1.586959243e0
train,1847,N#CCC1CC(C=O)C1,6.215080738e0,-2.002402306e0,1.914519310e0,1.276346207e0,4.212678432e0,-2.079546690e0
train,1848,OCC(O)CCC1CO1,8.691316605e0,-3.426827908e0,1.914519310e0,1.276346207e0,5.264488697e0,-1.255466461e0
train,1849,CCC1(CC)OC1CO,8.985198975e0,-5.408124924e-1,1.914519310e0,1.276346207e0,8.444386482e0,1.235943437e0
train,1850,CC1OCC1(C#N)CO,7.643678188e0,-1.453997493e0,1.914519310e0,1.276346207e0,6.189680576e0,-5.305902958e-1
train,1851,Nc1ncc(CO)cn1,5.385133266e0,-3.510945320e0,1.914519310e0,1.276346207e0,1.874187946e0,-3.911724567e0
train,1852,N#CC(CO)CCCO,8.168857574e0,1.439826638e-1,1.914519310e0,1.276346207e0,8.312840462e0,1.132878780e0
train,1853,O=C1C2CCC1(CO)O2,6.258618832e0,2.898774862e0,1.914519310e0,1.276346207e0,9.157393456e0,1.794575453e0
train,1854,CC1C2C3CC(=O)C2C13,6.068139076e0,2.176335335e0,1.914519310e0,1.276346207e0,8.244474411e0,1.079314828e0
train,1855,C#CC1C2CCOCC12,7.681774139e0,7.182165384e-1,1.914519310e0,1.276346207e0,8.399991035e0,1.201160192e0
train,1856,CC1(CCO)CO1,9.175679207e0,1.379550219e0,1.914519310e0,1.276346207e0,1.055522919e1,2.889762163e0
train,1857,CC[NH+]1CC2CC21C=O,5.325268269e0,1.189659089e-1,1.914519310e0,1.276346207e0,5.444234371e0,-1.114637971e0
train,1858,N#CC1C(O)C1O[CH+][NH-],7.216459274e0,1.408253670e0,1.914519310e0,1.276346207e0,8.624712944e0,1.377226949e0
train,1859,CC1=CC2C3C(O)C1C23,6.274945736e0,-3.227534533e0,1.914519310e0,1.276346207e0,3.047411203e0,-2.992518902e0
train,1860,OC12CC3C4OC1C4C32,7.967494011e0,-2.253352880e0,1.914519310e0,1.276346207e0,5.714140892e0,-9.031696320e-1
train,1861,N#CCCC1C2CC[NH+]12,7.474967480e0,1.689194292e-1,1.914519310e0,1.276346207e0,7.643887043e0,6.087622046e-1
train,1862,CC(=O)CC1(C#N)CO1,6.215080738e0,-1.442700267e0,1.914519310e0,1.276346207e0,4.772380352e0,-1.641027212e0
train,1863,COC1CC1CC(C)C,8.884517670e0,-1.538279533e0,1.914519310e0,1.276346207e0,7.346238136e0,3.755580485e-1
train,1864,C[CH+]1[CH-]C(O)=COC1[NH-],4.291235447e0,-3.281025410e0,1.914519310e0,1.276346207e0,1.010210037e0,-4.588640213e0
train,1865,Cc1cc(CO)nn1C,6.933460712e0,1.051931977e0,1.914519310e0,1.276346207e0,7.985392570e0,8.763275146e-1
train,1866,C#CC(=O)CCC#CC,5.077644348e0,-5.124995708e-1,1.914519310e0,1.276346207e0,4.565144539e0,-1.803393841e0
train,1867,O1C2C3C4C1C1C4[NH+]1C23,8.220560074e0,3.206605017e-1,1.914519310e0,1.276346207e0,8.541220665e0,1.311811805e0
train,1868,O=COc1cnccn1,5.423229218e0,4.748728499e-2,1.914519310e0,1.276346207e0,5.470716476e0,-1.093889594e0
train,1869,N#CC#CC1CC1O,5.880380630e0,-1.536509514e0,1.914519310e0,1.276346207e0,4.343871117e0,-1.976758838e0
train,1870,CCC12CC3C1COC32,8.794719696e0,-5.482133031e-1,1.914519310e0,1.276346207e0,8.246506691e0,1.080907106e0
train,1871,COC1=NCC(=O)CN1,5.673573971e0,3.911921978e-1,1.914519310e0,1.276346207e0,6.064765930e0,-6.284593344e-1
train,1872,Oc1n[nH]c2[nH]ncc12,6.147051811e0,1.088205725e-1,1.914519310e0,1.276346207e0,6.255872250e0,-4.787299335e-1
train,1873,C1Cc2nonc2CN1,5.586497784e0,2.228029013e0,1.914519310e0,1.276346207e0,7.814526558e0,7.424561381e-1
train,1874,CCOc1ccnn1C,6.819173336e0,6.071335673e-1,1.914519310e0,1.276346207e0,7.426306725e0,4.382907748e-1
train,1875,N#CC[NH+]1CC2CC21,7.004210949e0,-3.863563016e-2,1.914519310e0,1.276346207e0,6.965575218e0,7.731343806e-2
train,1876,CC12CNC1C(C#N)N2,7.145709991e0,6.954215765e-1,1.914519310e0,1.276346207e0,7.841131687e0,7.633008957e-1
train,1877,Cc1coc(NC=O)n1,5.594660759e0,1.489292979e0,1.914519310e0,1.276346207e0,7.083953857e0,1.700616032e-1
train,1878,CC1CCOC12COC2,8.530769348e0,-2.224404216e-1,1.914519310e0,1.276346207e0,8.308328629e0,1.129343867e0
train,1879,CN1C=CC2NC2C1=O,5.526632309e0,-4.804059863e-1,1.914519310e0,1.276346207e0,5.046226501e0,-1.426472187e0
train,1880,O=CC1NC1CC1CC1,6.032763958e0,2.441376448e0,1.914519310e0,1.276346207e0,8.474140167e0,1.259255171e0
train,1881,COC1CC12CCOC2,8.683153152e0,2.119431257e0,1.914519310e0,1.276346207e0,1.080258465e1,3.083562136e0
train,1882,[NH-]C1OC2C(C(N)=O)C12,6.547059536e0,-2.459828556e-1,1.914519310e0,1.276346207e0,6.301076889e0,-4.433126450e-1
train,1883,OCC1C2C[NH+]3CC1C23,7.379727840e0,1.881392717e0,1.914519310e0,1.276346207e0,9.261120796e0,1.875844598e0
train,1884,CCC1(O)C2CC3C2C31,8.440972328e0,1.742013097e0,1.914519310e0,1.276346207e0,1.018298531e1,2.598113775e0
train,1885,N#CC1CC1C#CC=O,5.458603859e0,8.571869135e-1,1.914519310e0,1.276346207e0,6.315790653e0,-4.317846000e-1
train,1886,COC1CC2(C)CC12O,8.909008026e0,-1.037053704e0,1.914519310e0,1.276346207e0,7.871954441e0,7.874501944e-1
train,1887,CNC1=NCCCC1=O,4.462667465e0,1.568093538e0,1.914519310e0,1.276346207e0,6.030760765e0,-6.551019549e-1
train,1888,CCC1CC2CC=CC12,7.055912018e0,-1.349996924e-1,1.914519310e0,1.276346207e0,6.920912266e0,4.232057184e-2
train,1889,OC1CC12COC21CC1,7.972936153e0,-2.328457355e0,1.914519310e0,1.276346207e0,5.644478798e0,-9.577490091e-1
train,1890,N#CC1(CO)C[NH2+][CH+]N1,6.846384525e0,3.751896322e-1,1.914519310e0,1.276346207e0,7.221574306e0,2.778854966e-1
train,1891,C#CC1(CC=O)OC1C,6.089908123e0,-2.720192671e0,1.914519310e0,1.276346207e0,3.369715452e0,-2.739997625e0
train,1892,N#CC12C3CC4C(C41)C32,7.148430824e0,1.907221675e-1,1.914519310e0,1.276346207e0,7.339152813e0,3.700067997e-1
train,1893,CC1CC(C)(C=O)C1C,6.108956337e0,9.875299335e-1,1.914519310e0,1.276346207e0,7.096486092e0,1.798804551e-1
train,1894,O=C1C=CNCCCO1,5.295335770e0,8.926935792e-1,1.914519310e0,1.276346207e0,6.188029289e0,-5.318840146e-1
train,1895,C#CC1=C(C)C(=O)NC1,5.292614460e0,-2.407245398e0,1.914519310e0,1.276346207e0,2.885369062e0,-3.119476795e0
train,1896,CCC1C2OC3C[NH+]1C32,7.581092358e0,-1.873296648e-1,1.914519310e0,1.276346207e0,7.393762589e0,4.127928615e-1
train,1897,CCCC(O)C1CN1,8.623288155e0,1.872974038e0,1.914519310e0,1.276346207e0,1.049626255e1,2.843562603e0
train,1898,Cc1cccc(N)c1F,5.700785160e0,-2.068867832e-1,1.914519310e0,1.276346207e0,5.493898392e0,-1.075726867e0
train,1899,CC1(O)CCOCC1=O,5.491257668e0,1.027441978e0,1.914519310e0,1.276346207e0,6.518699646e0,-2.728079557e-1
train,1900,O=C1NC2CC12,6.968835831e0,-4.448259473e-1,1.914519310e0,1.276346207e0,6.524009705e0,-2.686476111e-1
train,1901,CC(C)Nc1c[nH]cn1,5.899428368e0,8.423533440e0,1.914519310e0,1.276346207e0,1.432296181e1,5.841733456e0
train,1902,COc1cnoc1C#N,5.159278870e0,1.844995856e0,1.914519310e0,1.276346207e0,7.004274845e0,1.076341048e-1
train,1903,NC(=O)C[NH+]1CC2CC21,7.083124161e0,1.147981286e0,1.914519310e0,1.276346207e0,8.231105804e0,1.068840742e0
train,1904,Oc1cnc(F)c(F)n1,5.145672798e0,3.411224484e-1,1.914519310e0,1.276346207e0,5.486795425e0,-1.081291914e0
train,1905,CC1[NH+]2C3CC1(C=O)C32,5.534795761e0,7.804787755e-1,1.914519310e0,1.276346207e0,6.315274715e0,-4.321888387e-1
train,1906,COC1CC1(C)C(C)=O,6.185148239e0,2.384284496e0,1.914519310e0,1.276346207e0,8.569433212e0,1.333916068e0
train,1907,NC(=O)C1CCC1O,7.162036896e0,-1.018152118e0,1.914519310e0,1.276346207e0,6.143884659e0,-5.664708018e-1
train,1908,C#CC1=NCC2CC2O1,6.114398479e0,1.196057677e0,1.914519310e0,1.276346207e0,7.310456276e0,3.475234210e-1
train,1909,C#CC1C(=O)N2CC12,6.220522881e0,1.364258081e-1,1.914519310e0,1.276346207e0,6.356948853e0,-3.995376825e-1
train,1910,C#CC1C[NH+]1CC1CC1,7.162036896e0,1.451268435e0,1.914519310e0,1.276346207e0,8.613305092e0,1.368289113e0
train,1911,C#CC(=O)CC(O)C=O,5.322546959e0,-1.437835097e0,1.914519310e0,1.276346207e0,3.884711742e0,-2.336504459e0
train,1912,CC1OC1C(C)(O)C=O,5.738881111e0,5.570509434e-1,1.914519310e0,1.276346207e0,6.295931816e0,-4.473437667e-1
train,1913,O=CCN1C=NCC1=O,5.610987663e0,-3.143469393e-1,1.914519310e0,1.276346207e0,5.296640873e0,-1.230275631e0
train,1914,C[NH2+]C(C)OC1(C)CC1,7.428708553e0,1.412935615e0,1.914519310e0,1.276346207e0,8.841644287e0,1.547189951e0
train,1915,C#CC(=O)C(C)(O)CO,5.368806362e0,-1.210206747e0,1.914519310e0,1.276346207e0,4.158599854e0,-2.121916533e0
train,1916,CCC1OCCC12CC2,8.957987785e0,-5.868437290e0,1.914519310e0,1.276346207e0,3.089550495e0,-2.959503174e0
train,1917,O=CC1CC1C1CCC1,6.217801571e0,2.052882195e0,1.914519310e0,1.276346207e0,8.270683289e0,1.099849224e0
train,1918,CCC1(C#N)C[NH2+][CH+]N1,6.889922619e0,4.679611623e-1,1.914519310e0,1.276346207e0,7.357883930e0,3.846823871e-1
train,1919,CCC1C(C2CC2)[NH+]1C,7.834157944e0,-1.856474161e0,1.914519310e0,1.276346207e0,5.977684021e0,-6.966869235e-1
train,1920,CC1=CC(O)CCOC1,6.696722031e0,-1.325983047e0,1.914519310e0,1.276346207e0,5.370738983e0,-1.172220707e0
train,1921,[H]N=C(C(=O)C#C)N1CC1,4.655868053e0,4.517152607e-1,1.914519310e0,1.276346207e0,5.107583523e0,-1.378399730e0
train,1922,[NH-]C1OC2(CO)CC12,7.589255333e0,-3.933003247e-1,1.914519310e0,1.276346207e0,7.195954800e0,2.578129470e-1
train,1923,CCC1(C)C=CCCO1,7.232786179e0,-2.174246788e0,1.914519310e0,1.276346207e0,5.058539391e0,-1.416825175e0
train,1924,CC12C3C4C3C1(C=O)[NH+]42,5.317104816e0,1.198729277e0,1.914519310e0,1.276346207e0,6.515833855e0,-2.750532627e-1
train,1925,CCNc1nnoc1C,5.015058517e0,-1.078707814e0,1.914519310e0,1.276346207e0,3.936350822e0,-2.296045780e0
train,1926,[NH-]c1ccnc(F)[nH+]1,5.137509823e0,7.407406718e-2,1.914519310e0,1.276346207e0,5.211584091e0,-1.296916604e0
train,1927,O=CC1(C2CN2)CC1O,5.638199329e0,-6.430553794e-1,1.914519310e0,1.276346207e0,4.995143890e0,-1.466494799e0
train,1928,NC1=NCCNC1=O,5.480372906e0,-2.782636881e-1,1.914519310e0,1.276346207e0,5.202109337e0,-1.304339886e0
train,1929,CC(C)OCCC(N)=O,7.496736526e0,2.067098141e0,1.914519310e0,1.276346207e0,9.563835144e0,2.113017321e0
train,1930,C[NH+]1CC1c1ccco1,6.149773121e0,-1.529950798e-1,1.914519310e0,1.276346207e0,5.996778011e0,-6.817269921e-1
train,1931,CC12[NH2+][CH+][NH+]3CC1(N)C32,6.032763958e0,-1.664572477e0,1.914519310e0,1.276346207e0,4.368191719e0,-1.957703948e0
train,1932,[NH-]C1OC2(CO)CNC12,6.805567265e0,1.906104565e0,1.914519310e0,1.276346207e0,8.711671829e0,1.445358157e0
train,1933,C[CH+]1N=C([NH-])OC=C1F,4.421850204e0,-1.292936087e0,1.914519310e0,1.276346207e0,3.128914118e0,-2.928662300e0
train,1934,C#CC(C#N)(C#N)NC,6.694001198e0,-1.222253799e0,1.914519310e0,1.276346207e0,5.471747398e0,-1.093081832e0
train,1935,COCc1cc(O)[nH]n1,6.919855118e0,1.515034080e0,1.914519310e0,1.276346207e0,8.434888840e0,1.228502154e0
train,1936,N#CC1CN(C=O)[CH+][NH2+]1,6.106235027e0,-5.152672529e-1,1.914519310e0,1.276346207e0,5.590967655e0,-9.996743202e-1
train,1937,COC1C(C)(O)C1(C)O,8.021917343e0,-1.376304507e0,1.914519310e0,1.276346207e0,6.645612717e0,-1.733731627e-1
train,1938,Cc1nc(C#N)nn1C,6.391954422e0,-1.080801606e0,1.914519310e0,1.276346207e0,5.311152935e0,-1.218905687e0
train,1939,C1CC2C3CCC2C3O1,8.672267914e0,2.119696856e0,1.914519310e0,1.276346207e0,1.079196453e1,3.075241327e0
train,1940,CC#CCOC1CC1O,7.211016655e0,1.483239412e0,1.914519310e0,1.276346207e0,8.694255829e0,1.431712985e0
train,1941,CC1COC(C)C1C#N,8.095387459e0,1.203892231e0,1.914519310e0,1.276346207e0,9.299280167e0,1.905741930e0
train,1942,N#CC1C2OC2C2C[NH+]12,7.349795341e0,-2.818507671e0,1.914519310e0,1.276346207e0,4.531287670e0,-1.829920292e0
train,1943,CC1=C(C)CN(C=O)C1,6.699442863e0,-1.241656616e-1,1.914519310e0,1.276346207e0,6.575277328e0,-2.284800559e-1
train,1944,O=CC1C(O)CC1O,6.144330502e0,7.389355898e-1,1.914519310e0,1.276346207e0,6.883265972e0,1.282517426e-2
train,1945,OCC1CC(CO)C1O,8.264098167e0,-2.020606101e-1,1.914519310e0,1.276346207e0,8.062037468e0,9.363778234e-1
train,1946,CC1OC12C=CC1CC12,6.487194061e0,1.826534867e0,1.914519310e0,1.276346207e0,8.313729286e0,1.133575201e0
train,1947,[NH-]C1OC(C=O)C1O,5.962014675e0,3.476518691e-1,1.914519310e0,1.276346207e0,6.309666634e0,-4.365827143e-1
train,1948,CCCC1(C)CCCO1,8.650499344e0,-3.199461102e-1,1.914519310e0,1.276346207e0,8.330553055e0,1.146756411e0
train,1949,Cc1cc(=O)occ1F,4.693964005e0,-6.985166550e0,1.914519310e0,1.276346207e0,-2.291202545e0,-7.175255775e0
train,1950,CNc1c(N)noc1N,6.427329540e0,1.194359899e0,1.914519310e0,1.276346207e0,7.621689320e0,5.913705826e-1
train,1951,CCOc1conc1O,6.313041210e0,6.798828244e-1,1.914519310e0,1.276346207e0,6.992924213e0,9.874102473e-2
train,1952,CC1CC=C2CCC21C,6.669510841e0,-8.203516155e-2,1.914519310e0,1.276346207e0,6.587475777e0,-2.189227343e-1
train,1953,C1=CC2C3C1C1C2[NH+]31,6.628693581e0,-4.305820465e-1,1.914519310e0,1.276346207e0,6.198111534e0,-5.239847302e-1
train,1954,CCC#CC1CC(O)C1,7.948446274e0,3.263770640e-1,1.914519310e0,1.276346207e0,8.274823189e0,1.103092790e0
train,1955,CCC1C(=O)C(C)[NH+]1C,5.659968376e0,1.173419207e-1,1.914519310e0,1.276346207e0,5.777310371e0,-8.536771536e-1
train,1956,CCC1CCNCC1=O,5.695343018e0,-9.076253891e0,1.914519310e0,1.276346207e0,-3.380910873e0,-8.029027939e0
train,1957,O=C1CC[NH+](C2CC2)C1,5.338873863e0,-9.954495728e-2,1.914519310e0,1.276346207e0,5.239328861e0,-1.275178909e0
train,1958,C#CC1(C)COCCO1,7.597418785e0,3.486223817e-1,1.914519310e0,1.276346207e0,7.946041107e0,8.454961181e-1
train,1959,COC1C(C)OC1C#N,7.472246647e0,1.367003441e0,1.914519310e0,1.276346207e0,8.839250565e0,1.545314550e0
train,1960,O=C1C[NH+]2CC(O)C1C2,5.483094215e0,-6.395751834e-1,1.914519310e0,1.276346207e0,4.843519211e0,-1.585290790e0
train,1961,CN1CC(OC=O)C1=O,7.077681541e0,-7.788115740e-1,1.914519310e0,1.276346207e0,6.298870087e0,-4.450416565e-1
train,1962,CC1(C#N)CCOC=N1,7.300814629e0,-2.981000900e0,1.914519310e0,1.276346207e0,4.319813728e0,-1.995607495e0
train,1963,CCn1ccnc1,6.906250000e0,-5.455810428e-1,1.914519310e0,1.276346207e0,6.360669136e0,-3.966228664e-1
train,1964,CC1=CNC(=O)C([NH-])O1,4.819136620e0,-4.495986104e-1,1.914519310e0,1.276346207e0,4.369537830e0,-1.956649184e0
train,1965,NC(=O)C#CCC1CC1,6.367464066e0,-4.960414886e0,1.914519310e0,1.276346207e0,1.407049179e0,-4.277721882e0
train,1966,[H]N=CN(C=N[H])C(=O)CO,6.261340141e0,-4.976642728e-1,1.914519310e0,1.276346207e0,5.763675690e0,-8.643597364e-1
train,1967,CCC1OC(C#N)C1N,7.006931782e0,4.008078575e-1,1.914519310e0,1.276346207e0,7.407739639e0,4.237436950e-1
train,1968,O=CC1OC2C(C=O)C12,5.319826126e0,7.308228612e-1,1.914519310e0,1.276346207e0,6.050649166e0,-6.395196319e-1
train,1969,CC[NH+]1C([NH-])C2OCC21,6.680395126e0,1.982089877e0,1.914519310e0,1.276346207e0,8.662485123e0,1.406821012e0
train,1970,c1onc2onnc12,5.123903751e0,3.101208210e0,1.914519310e0,1.276346207e0,8.225111961e0,1.064144611e0
train,1971,Cn1nc(O)n(C)c1=O,6.791961670e0,-2.371695518e0,1.914519310e0,1.276346207e0,4.420266151e0,-1.916904211e0
train,1972,C#CC#CC1NC1CO,5.883101463e0,-5.162203684e-2,1.914519310e0,1.276346207e0,5.831479549e0,-8.112362623e-1
train,1973,CCn1c(C)ccc1N,6.206917286e0,-3.491815329e0,1.914519310e0,1.276346207e0,2.715101957e0,-3.252878666e0
train,1974,OCC(O)C1(O)CCC1,8.226001740e0,-1.132003188e0,1.914519310e0,1.276346207e0,7.093998432e0,1.779314131e-1
train,1975,N#CCC1OC([NH-])C1O,7.708985806e0,-4.801307917e-1,1.914519310e0,1.276346207e0,7.228855133e0,2.835899293e-1
train,1976,[NH-]c1o[cH+]nc(N)c1N,4.258581638e0,-4.396182001e-1,1.914519310e0,1.276346207e0,3.818963528e0,-2.388017178e0
train,1977,COCC12CC3C1C[NH+]32,8.299472809e0,-7.025071383e-1,1.914519310e0,1.276346207e0,7.596965790e0,5.720000267e-1
train,1978,CC1=CCC(=O)N2CC12,6.432771206e0,-3.187777996e0,1.914519310e0,1.276346207e0,3.244993210e0,-2.837715864e0
train,1979,N#CC12C=CC3C(C1)C32,6.473588943e0,1.478928924e0,1.914519310e0,1.276346207e0,7.952517986e0,8.505706787e-1
train,1980,CC1C2C3[NH+]2CC13O,7.839600563e0,1.617779136e0,1.914519310e0,1.276346207e0,9.457379341e0,2.029610634e0
train,1981,CC1[NH2+]CC2CC(=O)N21,6.372906685e0,-1.058073401e0,1.914519310e0,1.276346207e0,5.314833164e0,-1.216022253e0
train,1982,CC1CC2(CCO2)C1O,8.236886978e0,6.262841821e-1,1.914519310e0,1.276346207e0,8.863171577e0,1.564056277e0
train,1983,OC1CC2CCCC=C12,6.821894169e0,-1.180400923e-1,1.914519310e0,1.276346207e0,6.703854084e0,-1.277417839e-1
train,1984,CC1[NH2+]C(N)OC1C#N,6.715770245e0,-1.574379563e0,1.914519310e0,1.276346207e0,5.141390800e0,-1.351912141e0
train,1985,CC#CCCC(O)CC,8.234165192e0,9.834827185e-1,1.914519310e0,1.276346207e0,9.217647552e0,1.841783762e0
train,1986,CCC1(C)CC(C)C1,9.640994072e0,7.687559128e-1,1.914519310e0,1.276346207e0,1.040974998e1,2.775781155e0
train,1987,Cc1nc(C)c(C=O)[nH]1,5.042269707e0,-6.175755337e-2,1.914519310e0,1.276346207e0,4.980512142e0,-1.477958560e0
train,1988,CC1(C#CCC=O)CN1,5.926640034e0,-5.614517331e-1,1.914519310e0,1.276346207e0,5.365188122e0,-1.176569700e0
train,1989,[H]N=C(OC)n1cccn1,6.432771206e0,2.110850066e-1,1.914519310e0,1.276346207e0,6.643856049e0,-1.747494936e-1
train,1990,C1=CC2C3C1C2C1CC13,6.231407166e0,-1.257146448e-1,1.914519310e0,1.276346207e0,6.105692387e0,-5.963939428e-1
train,1991,[NH-]C1OC(F)=COC1=O,4.816415310e0,1.913900971e-1,1.914519310e0,1.276346207e0,5.007805347e0,-1.456574678e0
train,1992,CC#CC1(C)CO1,7.624630451e0,1.349684000e0,1.914519310e0,1.276346207e0,8.974314690e0,1.651135564e0
train,1993,O=C1NCC12C1CC[NH+]12,7.118498325e0,-2.353166103e0,1.914519310e0,1.276346207e0,4.765332222e0,-1.646549344e0
train,1994,C#CC12CC1(O)CCO2,7.091287136e0,-2.085292339e0,1.914519310e0,1.276346207e0,5.005994797e0,-1.457993150e0
train,1995,CC1(C2OCC2O)CC1,8.326683998e0,-1.536069274e0,1.914519310e0,1.276346207e0,6.790614605e0,-5.976600572e-2
train,1996,CCC1(O)CCC1(C)C,8.696758270e0,-1.137525201e0,1.914519310e0,1.276346207e0,7.559233189e0,5.424370170e-1
train,1997,OC1CC12C[NH2+][CH+]O2,7.066796780e0,3.307593465e-1,1.914519310e0,1.276346207e0,7.397556305e0,4.157651961e-1
train,1998,N#CC12CC3C(N1)C32O,6.824615955e0,2.823843658e-1,1.914519310e0,1.276346207e0,7.107000351e0,1.881182492e-1
train,1999,OC1CC2CC3CC2C13,8.985198975e0,-3.054455519e-1,1.914519310e0,1.276346207e0,8.679753304e0,1.420350432e0
train,2000,CC1N2C(=O)C3C2C31C,6.617809296e0,7.892528176e-1,1.914519310e0,1.276346207e0,7.407062054e0,4.232128263e-1
train,2001,CCCC1(O)CCOC1,8.628729820e0,3.420537412e-1,1.914519310e0,1.276346207e0,8.970783234e0,1.648368716e0
train,2002,Nc1nc(N)c(CO)o1,5.711669922e0,-1.210461259e0,1.914519310e0,1.276346207e0,4.501208782e0,-1.853486657e0
train,2003,C#CC(C)(O)C1CC1,8.133483887e0,-3.517738581e-1,1.914519310e0,1.276346207e0,7.781710148e0,7.167448997e-1
train,2004,OC12C[NH+](CC3OC31)C2,7.760687351e0,-2.158099115e-1,1.914519310e0,1.276346207e0,7.544877529e0,5.311895013e-1
train,2005,CC1NC2(CO)COC12,7.322584152e0,-1.026055496e-2,1.914519310e0,1.276346207e0,7.312323570e0,3.489864171e-1
train,2006,C#CC#CC(CO)OC,6.021879673e0,-3.897642791e-1,1.914519310e0,1.276346207e0,5.632115364e0,-9.674355984e-1
train,2007,C1CC2CCC(O1)O2,8.892680168e0,2.385766506e0,1.914519310e0,1.276346207e0,1.127844620e1,3.456393719e0
train,2008,COc1nnn(C)c1C,5.921197414e0,3.035209894e0,1.914519310e0,1.276346207e0,8.956407547e0,1.637105584e0
train,2009,OC1C2(O)C3CC2C13O,8.019195557e0,2.636854410e0,1.914519310e0,1.276346207e0,1.065604973e1,2.968753815e0
train,2010,O=C1CC2COC(=O)C12,5.880380630e0,1.567876220e0,1.914519310e0,1.276346207e0,7.448256969e0,4.554885328e-1
train,2011,CC1N=COCC1C#N,7.308978081e0,2.277078331e-1,1.914519310e0,1.276346207e0,7.536685944e0,5.247715116e-1
train,2012,N#CC#Cc1cn[nH]c1,5.336152554e0,-1.672296047e0,1.914519310e0,1.276346207e0,3.663856506e0,-2.509541750e0
train,2013,C[NH+]1Cc2nonc2C1,5.134788513e0,-2.879779100e0,1.914519310e0,1.276346207e0,2.255009413e0,-3.613355398e0
train,2014,CC(O)COCC1CN1,8.718527794e0,2.908151746e-1,1.914519310e0,1.276346207e0,9.009343147e0,1.678579926e0
train,2015,N#CCCNCC1CO1,7.597418785e0,1.566255927e0,1.914519310e0,1.276346207e0,9.163674355e0,1.799496531e0
train,2016,CC1[NH2+]CC(CC#N)O1,7.455919266e0,-9.669991136e-1,1.914519310e0,1.276346207e0,6.488920212e0,-2.961397767e-1
train,2017,COC1(C2CO2)CC1O,8.348453522e0,4.105629027e-1,1.914519310e0,1.276346207e0,8.759016037e0,1.482451797e0
train,2018,CNc1oncc1CO,5.910312653e0,3.814860344e0,1.914519310e0,1.276346207e0,9.725172997e0,2.239423513e0
train,2019,CCC1=CCCC12CN2,6.394675732e0,-1.663762927e-1,1.914519310e0,1.276346207e0,6.228299618e0,-5.003327131e-1
train,2020,[H]N=CN1C(C)C(O)C1[NH-],5.967456818e0,-3.483960927e-1,1.914519310e0,1.276346207e0,5.619060516e0,-9.776639342e-1
train,2021,N#CC12CCC(N1)C2O,7.216459274e0,-8.458579779e-1,1.914519310e0,1.276346207e0,6.370601177e0,-3.888412416e-1
train,2022,CCC(=O)C(C)(C)O,6.280387878e0,-3.738425374e-1,1.914519310e0,1.276346207e0,5.906545162e0,-7.524232864e-1
train,2023,CC1C(=O)C2NC12CO,5.899428368e0,-3.719590902e0,1.914519310e0,1.276346207e0,2.179837465e0,-3.672252178e0
train,2024,C#CC1(O)CC1NC=O,7.036864281e0,1.030622005e0,1.914519310e0,1.276346207e0,8.067485809e0,9.406465292e-1
train,2025,COC1CCC2(CC2)O1,8.805603981e0,-5.479007959e-1,1.914519310e0,1.276346207e0,8.257702827e0,1.089679122e0
train,2026,C[NH+]1C(CO)C1C1CC1,7.823273182e0,-1.341289997e0,1.914519310e0,1.276346207e0,6.481983185e0,-3.015748560e-1
train,2027,C#CCC(O)C(C)=NO,6.843663692e0,1.664753437e0,1.914519310e0,1.276346207e0,8.508417130e0,1.286110640e0
train,2028,Nc1ocnc1CCO,5.956572056e0,-1.278793216e0,1.914519310e0,1.276346207e0,4.677778721e0,-1.715146422e0
train,2029,C#Cc1c[nH]c(O)c1C,5.545680046e0,4.235846400e-1,1.914519310e0,1.276346207e0,5.969264507e0,-7.032834888e-1
train,2030,CC1CC12OCC2O,7.815110207e0,6.864683628e-1,1.914519310e0,1.276346207e0,8.501578331e0,1.280752540e0
train,2031,CC12OC1CC2C1CC1,8.941660881e0,8.961938024e-1,1.914519310e0,1.276346207e0,9.837854385e0,2.327708006e0
train,2032,C#CCC(C)OC,8.372943878e0,-7.202719450e-1,1.914519310e0,1.276346207e0,7.652671814e0,6.156449914e-1
train,2033,CC1[NH+]2CC3OC1(C)C32,7.608303070e0,-3.721211255e-1,1.914519310e0,1.276346207e0,7.236181736e0,2.893302441e-1
train,2034,CC12COC([NH-])C1(O)C2,7.083124161e0,-9.675415158e-1,1.914519310e0,1.276346207e0,6.115582466e0,-5.886452198e-1
train,2035,O=CNC(=O)C1CN1,5.959293365e0,1.820314080e-1,1.914519310e0,1.276346207e0,6.141324997e0,-5.684762597e-1
train,2036,O=C1OC2CC3C(O1)C23,8.547096252e0,-7.041900754e-1,1.914519310e0,1.276346207e0,7.842905998e0,7.646910548e-1
train,2037,CC1(C)OC(=O)N2CC21,7.899465561e0,2.638894320e0,1.914519310e0,1.276346207e0,1.053835964e1,2.876545191e0
train,2038,CCC12C3CC1C1C3[NH+]12,8.389269829e0,-7.828547806e-2,1.914519310e0,1.276346207e0,8.310984612e0,1.131424785e0
train,2039,CC1CC2C1C2C1CC1,8.998806000e0,6.600161791e-1,1.914519310e0,1.276346207e0,9.658822060e0,2.187438488e0
train,2040,C#CC1CC(O)C12CC2,8.209674835e0,-1.976951241e0,1.914519310e0,1.276346207e0,6.232723713e0,-4.968665242e-1
train,2041,C[NH2+][CH+]OCC(C)C=O,5.983783722e0,2.037685156e0,1.914519310e0,1.276346207e0,8.021469116e0,9.045930505e-1
train,2042,CCC#CC(C)(O)CC,7.951167107e0,-2.241460979e-1,1.914519310e0,1.276346207e0,7.727021217e0,6.738967896e-1
train,2043,OC12CCOC3C1CC32,8.571586609e0,2.820466161e-1,1.914519310e0,1.276346207e0,8.853632927e0,1.556582928e0
train,2044,CCC12CC1NC(=O)O2,8.119877815e0,1.657707542e-1,1.914519310e0,1.276346207e0,8.285648346e0,1.111574173e0
train,2045,C1OCC1[NH+]1CC1,8.470904350e0,3.965946436e-1,1.914519310e0,1.276346207e0,8.867499352e0,1.567447066e0
train,2046,OC1(C2CCO2)COC1,8.489952087e0,-1.516629606e-1,1.914519310e0,1.276346207e0,8.338289261e0,1.152817607e0
train,2047,Cc1cnn2c1C=CC2,5.023221493e0,-1.798754185e-1,1.914519310e0,1.276346207e0,4.843346119e0,-1.585426450e0
train,2048,Cc1nc2c(o1)NCC2,5.597382069e0,-1.121377498e-1,1.914519310e0,1.276346207e0,5.485244274e0,-1.082507253e0
train,2049,CC1(C)CC2(C)CC12C,8.509000778e0,3.973383307e-1,1.914519310e0,1.276346207e0,8.906338692e0,1.597877264e0
train,2050,COC1CC12CC([NH-])O2,7.191968918e0,7.963930368e-1,1.914519310e0,1.276346207e0,7.988361835e0,8.786538839e-1
train,2051,CCc1nccc(F)n1,6.087186813e0,1.644905210e0,1.914519310e0,1.276346207e0,7.732091904e0,6.778696179e-1
train,2052,N#CC12CCC1(CO)N2,7.488573551e0,4.362567961e-1,1.914519310e0,1.276346207e0,7.924830437e0,8.288778663e-1
train,2053,C#CC1OC2CCC=C12,6.590597630e0,-2.178213358e0,1.914519310e0,1.276346207e0,4.412384033e0,-1.923079729e0
train,2054,C#CC1CC(CCO)O1,7.548438072e0,-3.761050701e-1,1.914519310e0,1.276346207e0,7.172332764e0,2.393053770e-1
train,2055,CN1CCCN(C)C1=O,7.581092358e0,-2.202552557e0,1.914519310e0,1.276346207e0,5.378540039e0,-1.166108727e0
train,2056,CCC[NH+]1C2C3OC3C21,7.153872967e0,-3.269364238e-1,1.914519310e0,1.276346207e0,6.826936722e0,-3.130808473e-2
train,2057,C#Cc1ncc(C)cn1,5.474930763e0,3.140984774e0,1.914519310e0,1.276346207e0,8.615915298e0,1.370334148e0
train,2058,O=CNC1CC2OCC12,7.523947716e0,-8.987786770e-1,1.914519310e0,1.276346207e0,6.625168800e0,-1.893907189e-1
train,2059,CC1=CCC2(CO2)C1C,7.129383087e0,1.104097605e0,1.914519310e0,1.276346207e0,8.233480453e0,1.070701241e0
train,2060,Cc1nc2c([nH]1)CC=C2,5.191932201e0,1.160282850e0,1.914519310e0,1.276346207e0,6.352214813e0,-4.032467306e-1
train,2061,CC1C(N)=CC(=O)N1C,5.845005512e0,-1.765951991e0,1.914519310e0,1.276346207e0,4.079053402e0,-2.184240103e0
train,2062,CCC(C=O)N(C)C=O,5.589218616e0,1.769629836e0,1.914519310e0,1.276346207e0,7.358848572e0,3.854381740e-1
train,2063,CC1(O)C2C[NH+]3C1C23C,8.147089005e0,-1.657459021e0,1.914519310e0,1.276346207e0,6.489629745e0,-2.955838740e-1
train,2064,CC1Cn2nccc2O1,6.710327625e0,-7.488487363e-1,1.914519310e0,1.276346207e0,5.961478710e0,-7.093835473e-1
train,2065,CC1COCCC([NH-])O1,7.534832478e0,-1.364979297e-1,1.914519310e0,1.276346207e0,7.398334503e0,4.163748920e-1
train,2066,O=c1ccc(=O)onn1,4.206880093e0,-8.584001541e0,1.914519310e0,1.276346207e0,-4.377121449e0,-8.809547424e0
train,2067,C#CC1CNC(=O)N1,7.586534500e0,5.804932117e-1,1.914519310e0,1.276346207e0,8.167027473e0,1.018636227e0
train,2068,CCC1=CC2(O)CC1C2,6.397397041e0,1.753525257e0,1.914519310e0,1.276346207e0,8.150922775e0,1.006018400e0
train,2069,C1C[NH+]2C1C1C2C2C[NH+]21,7.442313671e0,1.354994029e-1,1.914519310e0,1.276346207e0,7.577813148e0,5.569941401e-1
train,2070,COCC1CCC(C)C1,8.990641594e0,-5.464356542e-1,1.914519310e0,1.276346207e0,8.444206238e0,1.235802293e0
train,2071,C1=CC2(OC1)C1CC2C1,6.421886921e0,-1.650043607e0,1.914519310e0,1.276346207e0,4.771843433e0,-1.641447902e0
train,2072,C#CC1OC([NH-])C1(C)O,7.442313671e0,-1.614523083e-1,1.914519310e0,1.276346207e0,7.280861378e0,3.243361712e-1
train,2073,CC1C(C)(C)C1(O)C=O,5.760650635e0,-5.745563507e-1,1.914519310e0,1.276346207e0,5.186094284e0,-1.316887498e0
train,2074,CC([NH-])OC(N)=O,7.200132847e0,2.555984259e-1,1.914519310e0,1.276346207e0,7.455731392e0,4.613446295e-1
train,2075,Cc1occ(N)c1N,6.084465981e0,-3.821624279e0,1.914519310e0,1.276346207e0,2.262841702e0,-3.607219219e0
train,2076,Nc1oncc1OC=O,5.842284679e0,-7.321149111e-1,1.914519310e0,1.276346207e0,5.110169888e0,-1.376373291e0
train,2077,CC12CCC(C#N)(C1)O2,7.431428909e0,-5.014329404e-2,1.914519310e0,1.276346207e0,7.381285667e0,4.030173421e-1
train,2078,COC(C)C(C)O,8.838258743e0,3.710491359e-1,1.914519310e0,1.276346207e0,9.209307671e0,1.835249662e0
train,2079,CC1=CC2CC(C=C1)O2,4.770155907e0,1.422628880e0,1.914519310e0,1.276346207e0,6.192784786e0,-5.281581879e-1
train,2080,CC1C(=O)CC1C=O,6.040927887e0,-1.407024384e0,1.914519310e0,1.276346207e0,4.633903503e0,-1.749522090e0
train,2081,CC(O)CC1NC1CO,8.313077927e0,-4.179903567e-1,1.914519310e0,1.276346207e0,7.895087719e0,8.055747747e-1
train,2082,C#CC1CC2(C1)CC2C,8.201511383e0,-2.608798742e-1,1.914519310e0,1.276346207e0,7.940631390e0,8.412576914e-1
train,2083,Nc1noc(CC=O)n1,5.529353619e0,-2.102278948e0,1.914519310e0,1.276346207e0,3.427074671e0,-2.695057392e0
train,2084,COC1CC(CO)CO1,9.083160400e0,-7.854189873e-1,1.914519310e0,1.276346207e0,8.297740936e0,1.121048570e0
train,2085,CC(=O)C1CC(=O)N1,6.032763958e0,-7.138295770e-1,1.914519310e0,1.276346207e0,5.318934441e0,-1.212808967e0
train,2086,CNC1CCNC1C#N,7.058633804e0,1.057965279e0,1.914519310e0,1.276346207e0,8.116599083e0,9.791261554e-1
train,2087,N#CC1=CC2OC1C2O,5.483094215e0,-5.171434283e-1,1.914519310e0,1.276346207e0,4.965950966e0,-1.489367008e0
train,2088,CC12C3C4CC([NH+]41)C32O,7.670889378e0,3.565193892e0,1.914519310e0,1.276346207e0,1.123608303e1,3.423202753e0
train,2089,C#CC12CCC(O)(C1)C2,8.079060555e0,-3.223966956e-1,1.914519310e0,1.276346207e0,7.756663799e0,6.971213818e-1
train,2090,CC(=O)C1([NH+]2CC2)CC1,6.030043125e0,4.579452038e0,1.914519310e0,1.276346207e0,1.060949516e1,2.932278872e0
train,2091,C1C[NH+]2C1C1C3NC3C12,7.115777493e0,2.356378555e0,1.914519310e0,1.276346207e0,9.472156525e0,2.041188478e0
train,2092,O=C1CCC2NC2C1=O,4.576955318e0,-2.859366894e0,1.914519310e0,1.276346207e0,1.717588425e0,-4.034418106e0
train,2093,CC12C(=O)C3C=CC1[NH+]32,5.197374821e0,-1.136503339e0,1.914519310e0,1.276346207e0,4.060871601e0,-2.198485374e0
train,2094,CCC12CC3(O)C[NH+]1C32,7.972936153e0,-3.007028341e0,1.914519310e0,1.276346207e0,4.965908051e0,-1.489400625e0
train,2095,N#CCC1C[NH+]2CC12,7.613745689e0,6.469421387e-1,1.914519310e0,1.276346207e0,8.260687828e0,1.092017889e0
train,2096,O=CC1OC12C1CC2N1,5.679016113e0,1.310747862e0,1.914519310e0,1.276346207e0,6.989764214e0,9.626521170e-2
train,2097,CCC(CO)C(C)C=O,6.217801571e0,1.799764186e-1,1.914519310e0,1.276346207e0,6.397778034e0,-3.675485253e-1
train,2098,CC1C(O)C2COCC12,8.473625183e0,1.578295976e-1,1.914519310e0,1.276346207e0,8.631454468e0,1.382508874e0
train,2099,O=CNC1C2CC1C2=O,6.476309776e0,-9.030717611e-1,1.914519310e0,1.276346207e0,5.573237896e0,-1.013565302e0
train,2100,OC1(C2CO2)CC2OC21,8.394712448e0,2.379959077e-1,1.914519310e0,1.276346207e0,8.632708549e0,1.383491397e0
train,2101,CC1(C#N)CCC1O,8.332126617e0,-1.321615100e0,1.914519310e0,1.276346207e0,7.010511398e0,1.125203669e-1
train,2102,CCC1(OC)C2COC21,8.348453522e0,5.132406712e0,1.914519310e0,1.276346207e0,1.348085976e1,5.181956768e0
train,2103,CC12CC1OCC21CC1,8.285867691e0,-1.734918118e0,1.914519310e0,1.276346207e0,6.550949574e0,-2.475405484e-1
train,2104,CC1(O)C(=O)COC1=O,5.668131351e0,-1.707342863e0,1.914519310e0,1.276346207e0,3.960788488e0,-2.276899099e0
train,2105,CC(CO)c1cocn1,6.628693581e0,-4.319955111e-1,1.914519310e0,1.276346207e0,6.196698189e0,-5.250920653e-1
train,2106,COC1(C#N)CNC1,6.990605354e0,-1.925179809e-1,1.914519310e0,1.276346207e0,6.798087597e0,-5.391101167e-2
train,2107,COC(C)C1CC(=O)N1,7.660005569e0,9.915928841e-1,1.914519310e0,1.276346207e0,8.651597977e0,1.398291111e0
train,2108,CCCCC1CN1C=O,6.887201786e0,5.439721420e-2,1.914519310e0,1.276346207e0,6.941598892e0,5.852828547e-2
train,2109,CCCC#N,9.660041809e0,-5.215228796e-1,1.914519310e0,1.276346207e0,9.138519287e0,1.779787779e0
train,2110,CC1(C)C2C3OC3(C)C21,8.740297318e0,-9.360474348e-1,1.914519310e0,1.276346207e0,7.804249763e0,7.344043851e-1
train,2111,Cn1ccc(=O)cc1O,5.575613022e0,-5.857422482e-3,1.914519310e0,1.276346207e0,5.569755554e0,-1.016293764e0
train,2112,C[NH+]1C(C)(C)C1(C)C=O,5.624593258e0,6.999031901e-1,1.914519310e0,1.276346207e0,6.324496269e0,-4.249638617e-1
train,2113,O=C1C[NH+]2C3C1C1C3C12,5.230028629e0,-2.814240932e0,1.914519310e0,1.276346207e0,2.415787697e0,-3.487387896e0
train,2114,[H]N=CNc1ccon1,5.981062412e0,1.267633557e0,1.914519310e0,1.276346207e0,7.248695850e0,2.991348803e-1
train,2115,CC1C(O)C1(C)C=O,6.176984310e0,-6.088169217e-1,1.914519310e0,1.276346207e0,5.568167210e0,-1.017538190e0
train,2116,NC(=O)OCC1CCO1,8.343010902e0,1.662546873e0,1.914519310e0,1.276346207e0,1.000555801e1,2.459101677e0
train,2117,CC1NC2=CC(=O)CC21,5.616430283e0,-8.007930517e-1,1.914519310e0,1.276346207e0,4.815637112e0,-1.607136011e0
train,2118,COC(CO)CC(C)C,8.620567322e0,5.420605540e-1,1.914519310e0,1.276346207e0,9.162628174e0,1.798676848e0
train,2119,[CH-]1CC23CC4C2C1C[NH+]43,4.465388775e0,7.600807548e-1,1.914519310e0,1.276346207e0,5.225469589e0,-1.286037445e0
train,2120,N#CCc1ccon1,6.868154049e0,5.836660862e-1,1.914519310e0,1.276346207e0,7.451820374e0,4.582804143e-1
train,2121,O=C1CC2C(O)CCC12,5.874938488e0,-7.226750255e-1,1.914519310e0,1.276346207e0,5.152263641e0,-1.343393445e0
train,2122,O=C1C=CC2C3NC3C12,4.917097569e0,-7.351453304e-1,1.914519310e0,1.276346207e0,4.181952477e0,-2.103620052e0
train,2123,COC1(CO)CCC1O,8.261377335e0,1.685439467e0,1.914519310e0,1.276346207e0,9.946816444e0,2.413078547e0
train,2124,C#CC1CCC(OC)O1,8.038243294e0,-3.096403360e0,1.914519310e0,1.276346207e0,4.941840172e0,-1.508257508e0
train,2125,CC12CC3C=CC1C2O3,6.443655968e0,3.441113472e0,1.914519310e0,1.276346207e0,9.884769440e0,2.364465475e0
train,2126,CCn1cc(N)nn1,5.864053726e0,-3.375585794e0,1.914519310e0,1.276346207e0,2.488467932e0,-3.430443764e0
train,2127,OCCC12OC1C1NC12,7.581092358e0,2.311915159e0,1.914519310e0,1.276346207e0,9.893007278e0,2.370919704e0
train,2128,C#CC12C[NH+](C)C1CO2,6.356579781e0,-1.537897110e0,1.914519310e0,1.276346207e0,4.818682671e0,-1.604749918e0
train,2129,C#CC1C2OCCOC12,7.262719154e0,1.092286348e0,1.914519310e0,1.276346207e0,8.355005264e0,1.165914416e0
train,2130,OCC1CC=CCOC1,7.170200348e0,-5.388540030e-1,1.914519310e0,1.276346207e0,6.631346226e0,-1.845507771e-1
train,2131,CC12CC1C1(C#N)OC21,6.552501678e0,-1.815879226e0,1.914519310e0,1.276346207e0,4.736622334e0,-1.669043183e0
train,2132,O=C1OC2C[NH+]3CC3C12,6.726654530e0,6.855209917e-2,1.914519310e0,1.276346207e0,6.795206547e0,-5.616828054e-2
train,2133,CC(O)C1(C)C(C)C1O,7.790619850e0,-2.202567607e-1,1.914519310e0,1.276346207e0,7.570363045e0,5.511571169e-1
train,2134,CN(C=O)C(=O)C1CN1,6.119840622e0,-7.815235853e-1,1.914519310e0,1.276346207e0,5.338316917e0,-1.197623014e0
train,2135,CCCCCC1COC1,8.721248627e0,-9.832611680e-1,1.914519310e0,1.276346207e0,7.737987518e0,6.824887395e-1
train,2136,CC1(C=O)CCC([NH-])O1,5.815073013e0,5.471027493e-1,1.914519310e0,1.276346207e0,6.362175941e0,-3.954423070e-1
train,2137,O=CC1=CCC2NC12,5.061317921e0,-1.328001976e0,1.914519310e0,1.276346207e0,3.733315945e0,-2.455121040e0
train,2138,NC(=O)CC#CC1CO1,6.908970833e0,1.409590244e0,1.914519310e0,1.276346207e0,8.318561554e0,1.137361169e0
train,2139,C#CC1C2CC3CC1[NH+]32,7.216459274e0,4.032287896e-1,1.914519310e0,1.276346207e0,7.619688034e0,5.898026228e-1
train,2140,CCC12CC3C1C[NH+]32,8.699480057e0,8.244595528e-1,1.914519310e0,1.276346207e0,9.523939133e0,2.081759453e0
train,2141,CC1C2C([NH-])OC12C,7.548438072e0,-2.120379210e0,1.914519310e0,1.276346207e0,5.428058624e0,-1.127311468e0
train,2142,CC1C2C=CC=CCC12,5.246355057e0,-1.629271150e0,1.914519310e0,1.276346207e0,3.617084026e0,-2.546187401e0
train,2143,CC(O)C1OC(=O)C1O,7.113056660e0,-3.987209499e-1,1.914519310e0,1.276346207e0,6.714335918e0,-1.195293963e-1
train,2144,CC12CC1C1=CCCC12,6.541617393e0,-3.556916952e0,1.914519310e0,1.276346207e0,2.984700441e0,-3.041651964e0
train,2145,[NH-][CH+]OC1C=CCCO1,7.123940468e0,2.527040482e0,1.914519310e0,1.276346207e0,9.650980949e0,2.181295156e0
train,2146,CNC1=CC(=O)OCC1,5.605545521e0,-5.402508259e0,1.914519310e0,1.276346207e0,2.030372620e-1,-5.221050262e0
train,2147,O=C1NCC(O)C2OC12,6.865432262e0,6.745459437e-1,1.914519310e0,1.276346207e0,7.539978027e0,5.273508430e-1
train,2148,COC1C2NCC21OC,7.747081757e0,-1.839499325e-1,1.914519310e0,1.276346207e0,7.563131809e0,5.454915166e-1
train,2149,CC(C#N)c1cnco1,6.593318939e0,1.726942509e-1,1.914519310e0,1.276346207e0,6.766013145e0,-7.904094458e-2
train,2150,O=CCCC1NC1CO,6.176984310e0,-4.876659811e-1,1.914519310e0,1.276346207e0,5.689318180e0,-9.226179123e-1
train,2151,CCC12NC1CC2C=O,5.594660759e0,4.022900164e-1,1.914519310e0,1.276346207e0,5.996950626e0,-6.815917492e-1
train,2152,O=CC12CC[NH+]3CC1C32,5.711669922e0,9.606800079e-1,1.914519310e0,1.276346207e0,6.672349930e0,-1.524249017e-1
train,2153,CC(O)C(C)C(O)C#N,8.223280907e0,1.700316668e-1,1.914519310e0,1.276346207e0,8.393312454e0,1.195927620e0
train,2154,NC1[NH2+]C2C(=O)CC2O1,5.298057079e0,6.630412340e-1,1.914519310e0,1.276346207e0,5.961098194e0,-7.096816897e-1
train,2155,O=CC1C[NH2+][CH+]N1C=O,5.502141953e0,1.542231798e0,1.914519310e0,1.276346207e0,7.044373512e0,1.390509009e-1
train,2156,CC1C2CC3COC31C2,8.634172440e0,-1.766419858e-1,1.914519310e0,1.276346207e0,8.457530022e0,1.246241331e0
train,2157,C#CC(C)C(=O)C1CO1,5.760650635e0,1.495655924e-1,1.914519310e0,1.276346207e0,5.910216331e0,-7.495470047e-1
train,2158,[NH-]C1=C([NH-])OCC([NH-])N1,5.368806362e0,-1.842065454e-1,1.914519310e0,1.276346207e0,5.184599876e0,-1.318058372e0
train,2159,c1ncc2conc2n1,4.644983292e0,8.567938805e-1,1.914519310e0,1.276346207e0,5.501777172e0,-1.069553971e0
train,2160,C#CC(CC)NC(N)=O,7.747081757e0,-6.812832355e-1,1.914519310e0,1.276346207e0,7.065798759e0,1.558373123e-1
train,2161,OC12CC3CC1C32O,8.065455437e0,8.335682750e-1,1.914519310e0,1.276346207e0,8.899024010e0,1.592146277e0
train,2162,CC12C3CC(=O)N1C2C3,6.459982872e0,-4.051955044e-1,1.914519310e0,1.276346207e0,6.054787159e0,-6.362775564e-1
train,2163,C#CCC12CC1C1CC12,7.118498325e0,7.137825489e-1,1.914519310e0,1.276346207e0,7.832281113e0,7.563666105e-1
train,2164,CC#CC1(C)CCC1,8.038243294e0,-4.195796326e-2,1.914519310e0,1.276346207e0,7.996285439e0,8.848619461e-1
train,2165,N#CC12C3CC[NH+]1CC32,6.996047020e0,8.385391831e-1,1.914519310e0,1.276346207e0,7.834586143e0,7.581725717e-1
train,2166,CCC(=O)C1CC1OC,6.351137638e0,2.732781172e0,1.914519310e0,1.276346207e0,9.083918571e0,1.737008810e0
train,2167,C[NH2+]C1NC2CC2C1=O,5.009616375e0,-7.109997869e-1,1.914519310e0,1.276346207e0,4.298616409e0,-2.012215376e0
train,2168,O=C1CCCCC2CN12,6.791961670e0,6.824239731e0,1.914519310e0,1.276346207e0,1.361620140e1,5.287995338e0
train,2169,CC1(C)CC1(C=O)CO,6.079023361e0,2.439234734e0,1.914519310e0,1.276346207e0,8.518258095e0,1.293820977e0
train,2170,[NH-]C1C=COC(=O)O1,5.864053726e0,1.339506507e0,1.914519310e0,1.276346207e0,7.203560352e0,2.637718022e-1
train,2171,CNc1nc(N)c(O)o1,5.850448132e0,3.789602280e0,1.914519310e0,1.276346207e0,9.640050888e0,2.172731400e0
train,2172,CC1C=CC(C#N)CO1,7.151152611e0,1.416635871e0,1.914519310e0,1.276346207e0,8.567788124e0,1.332627058e0
train,2173,CCc1cc(O)c(C)[nH]1,5.978341103e0,-2.599781156e-1,1.914519310e0,1.276346207e0,5.718362808e0,-8.998618126e-1
train,2174,CC1C2C=CC1C2O,6.544338226e0,-4.809945822e-1,1.914519310e0,1.276346207e0,6.063343525e0,-6.295737624e-1
train,2175,O=C1CNC12CC1CC12,5.591939926e0,-2.090941668e-1,1.914519310e0,1.276346207e0,5.382845879e0,-1.162735105e0
train,2176,Nc1c[nH]c(=O)c(F)n1,4.002794743e0,-1.017920732e0,1.914519310e0,1.276346207e0,2.984874010e0,-3.041515827e0
train,2177,C#CC(O)C1COC1C,7.284487724e0,1.924307346e0,1.914519310e0,1.276346207e0,9.208795547e0,1.834848404e0
train,2178,CCC1C(C)OC1[NH-],7.858648300e0,5.694009662e-1,1.914519310e0,1.276346207e0,8.428049088e0,1.223143339e0
train,2179,CC(=O)C1CCC1O,6.062696934e0,2.812926531e0,1.914519310e0,1.276346207e0,8.875623703e0,1.573812366e0
train,2180,C[NH+](C)C(C)(C#N)CO,6.919855118e0,-8.707854897e-2,1.914519310e0,1.276346207e0,6.832776546e0,-2.673265524e-2
train,2181,NC1=CC(=O)CNC1,5.268124104e0,-3.178884506e0,1.914519310e0,1.276346207e0,2.089239597e0,-3.743234158e0
train,2182,CC1C(=O)CC2C(O)C12,6.209638119e0,1.766511798e0,1.914519310e0,1.276346207e0,7.976150036e0,8.690860868e-1
train,2183,O=C1C2C3[NH+]2CC13O,6.204195976e0,5.886079669e-1,1.914519310e0,1.276346207e0,6.792803764e0,-5.805082992e-2
train,2184,CC#CC(C)C(C)O,8.040965080e0,-4.170033336e-1,1.914519310e0,1.276346207e0,7.623961926e0,5.931511521e-1
train,2185,[NH-]C1CC23CCC2(C3)O1,7.012373924e0,-9.254920483e-1,1.914519310e0,1.276346207e0,6.086881638e0,-6.111319661e-1
train,2186,OC12C=CC3CC1CC32,6.751144886e0,-6.811758876e-1,1.914519310e0,1.276346207e0,6.069969177e0,-6.243826151e-1
train,2187,N#CC1COCCOC1,8.236886978e0,-1.217974946e-1,1.914519310e0,1.276346207e0,8.115089417e0,9.779433608e-1
train,2188,C#CC(O)C1CC2C[NH+]21,7.140267849e0,1.510391474e0,1.914519310e0,1.276346207e0,8.650659561e0,1.397555828e0
train,2189,CCCNC(=O)C=O,4.819136620e0,-1.899005890e0,1.914519310e0,1.276346207e0,2.920130730e0,-3.092241526e0
train,2190,[NH-]c1n[cH+]ccc(N)n1,4.318447113e0,-5.881268904e-2,1.914519310e0,1.276346207e0,4.259634495e0,-2.042757034e0
train,2191,CCC1(OC)COC1[NH-],7.572928429e0,-1.351540089e0,1.914519310e0,1.276346207e0,6.221388340e0,-5.057476163e-1
train,2192,C#CC1COC1,7.910349369e0,-2.549034119e0,1.914519310e0,1.276346207e0,5.361315250e0,-1.179604053e0
train,2193,COCC(O)CC(C)O,8.928055763e0,-1.956528902e0,1.914519310e0,1.276346207e0,6.971527100e0,8.197665960e-2
train,2194,O=Cc1ncoc1CO,5.330710411e0,3.747340739e-1,1.914519310e0,1.276346207e0,5.705444336e0,-9.099832773e-1
train,2195,COC1C2CC(C)CC21,8.590634346e0,2.848139763e0,1.914519310e0,1.276346207e0,1.143877411e1,3.582008600e0
train,2196,C[NH2+]C1ON=COC1=O,5.420508385e0,4.034605324e-1,1.914519310e0,1.276346207e0,5.823968887e0,-8.171207905e-1
train,2197,CC1C(=O)CNC1C#N,6.010994911e0,-3.455025852e-1,1.914519310e0,1.276346207e0,5.665492535e0,-9.412850142e-1
train,2198,CCOc1ncon1,6.715770245e0,2.477852821e0,1.914519310e0,1.276346207e0,9.193622589e0,1.822960496e0
train,2199,C#CCC1(CC)CC1,8.492672920e0,1.638025045e0,1.914519310e0,1.276346207e0,1.013069820e1,2.557147503e0
train,2200,CC(O)C1NC1(C)C=O,6.019158840e0,1.423620880e-1,1.914519310e0,1.276346207e0,6.161520958e0,-5.526529551e-1
train,2201,CC(O)c1cc(N)co1,5.899428368e0,2.522704124e0,1.914519310e0,1.276346207e0,8.422132492e0,1.218507767e0
train,2202,CC[NH2+]C1ON=NO1,5.589218616e0,1.741593003e0,1.914519310e0,1.276346207e0,7.330811501e0,3.634714782e-1
train,2203,OCCc1cncnc1,5.711669922e0,-4.173524857e0,1.914519310e0,1.276346207e0,1.538145065e0,-4.175009727e0
train,2204,CC1C2CC3(O)C1CC23,8.699480057e0,1.800108999e-1,1.914519310e0,1.276346207e0,8.879490852e0,1.576842308e0
train,2205,N#CC1=CCOCCC1,5.962014675e0,3.534501314e0,1.914519310e0,1.276346207e0,9.496516228e0,2.060273886e0
train,2206,CC1=C(NO)COC[CH-]1,5.390575409e0,-2.151223421e0,1.914519310e0,1.276346207e0,3.239351988e0,-2.842135668e0
train,2207,CC(CCO)NC=O,7.657283783e0,8.024044633e-1,1.914519310e0,1.276346207e0,8.459688187e0,1.247932196e0
train,2208,CC#CC(=O)C(C)=O,4.152457714e0,-4.815669537e0,1.914519310e0,1.276346207e0,-6.632118225e-1,-5.899745464e0
train,2209,CC1OC12CC1NC1C2,8.500837326e0,-3.447449803e-1,1.914519310e0,1.276346207e0,8.156092644e0,1.010068893e0
train,2210,CCCC1C2OCC12C,8.283145905e0,-2.124677420e0,1.914519310e0,1.276346207e0,6.158468246e0,-5.550447106e-1
train,2211,C[NH2+]C1CC=CN1C=O,5.532074928e0,1.813420177e0,1.914519310e0,1.276346207e0,7.345495224e0,3.749759793e-1
train,2212,O=C1CNCCC12CN2,5.268124104e0,8.088804036e-2,1.914519310e0,1.276346207e0,5.349012375e0,-1.189243197e0
train,2213,O=CCc1cnccn1,5.132067680e0,1.269082427e0,1.914519310e0,1.276346207e0,6.401150227e0,-3.649064600e-1
train,2214,O=CC1CCC1O,6.141610146e0,8.800039291e-1,1.914519310e0,1.276346207e0,7.021614075e0,1.212191731e-1
train,2215,Cc1coc(C)c1O,6.076302528e0,1.020864323e-1,1.914519310e0,1.276346207e0,6.178389072e0,-5.394369960e-1
train,2216,CC1C(C)C(C)(O)C1C,8.383827209e0,5.961275697e-1,1.914519310e0,1.276346207e0,8.979954720e0,1.655554414e0
train,2217,COc1nc(N)c(N)[nH]1,6.283109188e0,2.018749416e-1,1.914519310e0,1.276346207e0,6.484983921e0,-2.992238104e-1
train,2218,Cc1c(C#N)c[nH]c1O,5.548401356e0,8.579951525e-1,1.914519310e0,1.276346207e0,6.406396389e0,-3.607961535e-1
train,2219,Cc1cc(O)c(C)n1C,5.964735985e0,-2.863198042e0,1.914519310e0,1.276346207e0,3.101537943e0,-2.950111151e0
train,2220,COC1CC2C(=O)OC12,7.458641052e0,-3.657720327e0,1.914519310e0,1.276346207e0,3.800920725e0,-2.402153492e0
train,2221,CCC1(C=O)NC1CO,6.163379192e0,4.148518085e0,1.914519310e0,1.276346207e0,1.031189728e1,2.699114799e0
train,2222,C#CC1C=CC2(CC2)C1,6.680395126e0,-1.659329236e-1,1.914519310e0,1.276346207e0,6.514461994e0,-2.761281133e-1
train,2223,COC(C)CNC=O,7.711706638e0,1.473155141e0,1.914519310e0,1.276346207e0,9.184862137e0,1.816096902e0
train,2224,Cn1ncn(C=O)c1=O,5.243634224e0,1.059445739e0,1.914519310e0,1.276346207e0,6.303080082e0,-4.417431653e-1
train,2225,[NH-]C1NC2COC12C=O,5.540238380e0,-4.532642066e-1,1.914519310e0,1.276346207e0,5.086974144e0,-1.394546866e0
train,2226,CCC1CC=CCC1,7.289929867e0,2.642892361e0,1.914519310e0,1.276346207e0,9.932822227e0,2.402114153e0
train,2227,O=c1cccc(F)o1,4.873559475e0,-8.373591900e-1,1.914519310e0,1.276346207e0,4.036200523e0,-2.217814922e0
train,2228,CC12CC1C1(O)COC21,7.940282345e0,1.025888205e0,1.914519310e0,1.276346207e0,8.966170311e0,1.644754529e0
train,2229,C#CC1CC2(CC2)C1O,7.915791988e0,8.300647736e0,1.914519310e0,1.276346207e0,1.621644020e1,7.325249672e0
train,2230,CC1CC2C1N2C=O,6.645020485e0,9.723450989e-2,1.914519310e0,1.276346207e0,6.742255211e0,-9.765498340e-2
train,2231,CC1(CO)CC1OC=O,7.366122246e0,-1.832461208e-1,1.914519310e0,1.276346207e0,7.182876110e0,2.475659549e-1
train,2232,C#CC(C#C)(C#N)OC,7.050469875e0,4.286115244e-2,1.914519310e0,1.276346207e0,7.093330860e0,1.774083674e-1
train,2233,C#CC1NC(=O)C1O,7.265439510e0,-2.551036179e-1,1.914519310e0,1.276346207e0,7.010335922e0,1.123828813e-1
train,2234,C#CC1NC1CC#CC,7.379727840e0,-2.629299164e0,1.914519310e0,1.276346207e0,4.750428677e0,-1.658226013e0
train,2235,CC1(COC(N)=O)CO1,8.626008987e0,1.897891983e-2,1.914519310e0,1.276346207e0,8.644988060e0,1.393112302e0
train,2236,CC(O)C(=O)CC1CO1,6.299435616e0,7.088038921e-1,1.914519310e0,1.276346207e0,7.008239746e0,1.107405573e-1
train,2237,CC1C(C)C1OCCO,8.364779472e0,-2.085840702e0,1.914519310e0,1.276346207e0,6.278938770e0,-4.606575966e-1
train,2238,C#CC1(O)CNC1=O,6.726654530e0,1.877205968e-1,1.914519310e0,1.276346207e0,6.914375305e0,3.719894588e-2
train,2239,CC12C3CC1(C#N)NC32,6.862711906e0,1.497281075e0,1.914519310e0,1.276346207e0,8.359992981e0,1.169822216e0
train,2240,CC12CNC1(C#N)C2,6.476309776e0,-1.566358358e-1,1.914519310e0,1.276346207e0,6.319674015e0,-4.287420511e-1
train,2241,C1=CCC2(C1)CC=CC2,7.091287136e0,-3.062723398e0,1.914519310e0,1.276346207e0,4.028563499e0,-2.223798275e0
train,2242,NC(=O)N1CCCC1,7.902186394e0,-1.219689965e0,1.914519310e0,1.276346207e0,6.682496548e0,-1.444751471e-1
train,2243,C#CC(=O)c1ccc[nH]1,4.508926868e0,7.636379242e0,1.914519310e0,1.276346207e0,1.214530563e1,4.135567188e0
train,2244,O=C1CC(C#CCO)O1,7.491294384e0,-3.278650343e-1,1.914519310e0,1.276346207e0,7.163429260e0,2.323295921e-1
train,2245,Fc1ccccc1F,6.329368591e0,-4.086066782e-1,1.914519310e0,1.276346207e0,5.920762062e0,-7.412845492e-1
train,2246,CC(=O)C1NC1C(C)=O,5.578333855e0,-8.764792681e-1,1.914519310e0,1.276346207e0,4.701854706e0,-1.696283102e0
train,2247,CC#CC1OCCC1C,7.864090443e0,2.474395275e0,1.914519310e0,1.276346207e0,1.033848572e1,2.719946384e0
train,2248,CC(CC=O)C[NH+]1CC1,5.997389793e0,3.027281165e-1,1.914519310e0,1.276346207e0,6.300117970e0,-4.440639615e-1
train,2249,CC1(C)CN(C=O)C1[NH-],6.236849785e0,6.569781899e-1,1.914519310e0,1.276346207e0,6.893827915e0,2.110032365e-2
train,2250,O=C1C2CC3OCC13O2,6.223243713e0,1.091735959e0,1.914519310e0,1.276346207e0,7.314979553e0,3.510673344e-1
train,2251,Cc1cnc2onnn12,4.772877216e0,2.738600731e0,1.914519310e0,1.276346207e0,7.511477947e0,5.050213337e-1
train,2252,CCC12NC1C(C)C2=O,5.872217178e0,-9.605891705e-1,1.914519310e0,1.276346207e0,4.911627769e0,-1.531928539e0
train,2253,C1=CCC(=C2CCC2)C1,6.427329540e0,-3.196194649e0,1.914519310e0,1.276346207e0,3.231134892e0,-2.848573685e0
train,2254,C[NH2+]C1[NH+](C)C2CC21O,6.054533005e0,-4.765563607e-1,1.914519310e0,1.276346207e0,5.577976704e0,-1.009852529e0
train,2255,CCOC([NH-])CO,8.081781387e0,3.256652594e0,1.914519310e0,1.276346207e0,1.133843422e1,3.503393412e0
train,2256,C[NH2+]C1OCC1C1CO1,7.526669502e0,4.458971620e-1,1.914519310e0,1.276346207e0,7.972566605e0,8.662785292e-1
train,2257,CC1=CCC=CC2CC12,6.299435616e0,7.518008351e-1,1.914519310e0,1.276346207e0,7.051236629e0,1.444280744e-1
train,2258,CC(C#N)C1CCCC1,9.461399078e0,1.987399757e-1,1.914519310e0,1.276346207e0,9.660139084e0,2.188470364e0
train,2259,CCC1C2C3COC3C12,8.432807922e0,1.282903910e0,1.914519310e0,1.276346207e0,9.715711594e0,2.232010841e0
train,2260,CC1(O)C(O)C1(O)C#N,6.976998806e0,-1.047780275e0,1.914519310e0,1.276346207e0,5.929218292e0,-7.346591949e-1
train,2261,CC#CC(C)C(C)OC,8.217838287e0,-1.284024239e0,1.914519310e0,1.276346207e0,6.933814049e0,5.242895707e-2
train,2262,CC(OC=O)C1CO1,7.545717239e0,3.078147173e0,1.914519310e0,1.276346207e0,1.062386417e1,2.943536758e0
train,2263,C#CCC(C#N)[NH+]1CC1,7.469525814e0,3.084540606e0,1.914519310e0,1.276346207e0,1.055406666e1,2.888851404e0
train,2264,CN1C(=O)C2C1C[NH+]2C,6.323925972e0,1.223732531e-1,1.914519310e0,1.276346207e0,6.446299076e0,-3.295328915e-1
train,2265,OCC1[NH2+]C2CC(C2)O1,7.298093796e0,6.893342137e-1,1.914519310e0,1.276346207e0,7.987428188e0,8.779224157e-1
train,2266,C1C2OC34CCC23OC14,7.747081757e0,2.117866516e0,1.914519310e0,1.276346207e0,9.864948273e0,2.348935843e0
train,2267,C#CC1C([NH-])OC12CC2,7.461361885e0,-7.084220052e-1,1.914519310e0,1.276346207e0,6.752939701e0,-8.928382397e-2
train,2268,C1OC2[NH2+]C3CC3NC12,6.775634766e0,-3.386547267e-1,1.914519310e0,1.276346207e0,6.436980247e0,-3.368340731e-1
train,2269,COC1C=CC2(C)OC12,6.525290489e0,2.750208616e0,1.914519310e0,1.276346207e0,9.275499344e0,1.887109995e0
train,2270,CC12CC3C(N1)C3C2=O,5.763371468e0,2.569194436e-1,1.914519310e0,1.276346207e0,6.020290852e0,-6.633049846e-1
train,2271,CN(C=O)C(=O)C#N,5.398738861e0,-1.859926581e0,1.914519310e0,1.276346207e0,3.538812160e0,-2.607512474e0
train,2272,O=CNCC1CC2CC12,7.526669502e0,1.518970966e0,1.914519310e0,1.276346207e0,9.045640945e0,1.707018852e0
train,2273,OC1C[NH+]2C3C=CC2C13,5.989225864e0,8.600448966e-1,1.914519310e0,1.276346207e0,6.849270821e0,-1.380959991e-2
train,2274,C#CC1CCC=C(C)C1,7.091287136e0,-1.153891444e0,1.914519310e0,1.276346207e0,5.937395573e0,-7.282524109e-1
train,2275,OCC1(O)C2CC(O)C21,8.141646385e0,-4.360414445e-1,1.914519310e0,1.276346207e0,7.705605030e0,6.571174860e-1
train,2276,C1=CN2C3COC3C2N1,6.522569180e0,-2.086104393e0,1.914519310e0,1.276346207e0,4.436464787e0,-1.904212832e0
train,2277,N#CCOCC1CO1,7.779735088e0,-1.146444440e0,1.914519310e0,1.276346207e0,6.633290768e0,-1.830272526e-1
train,2278,CC1C2CC(C)(C=O)C12,5.945687771e0,-1.567057371e0,1.914519310e0,1.276346207e0,4.378630638e0,-1.949525118e0
train,2279,C#CC1C(C)C1C(C)=O,5.989225864e0,9.943822026e-1,1.914519310e0,1.276346207e0,6.983608246e0,9.144208580e-2
train,2280,C1=CCc2onnc2C1,5.953851223e0,-2.145290852e0,1.914519310e0,1.276346207e0,3.808560371e0,-2.396167994e0
train,2281,C#CC12CNC(=O)C1O2,6.525290489e0,-3.206048965e0,1.914519310e0,1.276346207e0,3.319241524e0,-2.779543161e0
train,2282,N#CC12CC3C(=O)C1[NH+]32,6.206917286e0,9.587264657e-1,1.914519310e0,1.276346207e0,7.165643692e0,2.340645641e-1
train,2283,C#Cc1c(N)coc1C,5.322546959e0,1.747198254e-1,1.914519310e0,1.276346207e0,5.497266769e0,-1.073087811e0
train,2284,CC(C)CC(C)O,9.058670044e0,-3.111232281e0,1.914519310e0,1.276346207e0,5.947437763e0,-7.203844786e-1
train,2285,COC1C(C)C1(O)C=O,5.488536358e0,9.287760258e-1,1.914519310e0,1.276346207e0,6.417312622e0,-3.522434235e-1
train,2286,CC1(C)CC(C)(O)C1,8.756624222e0,4.533508122e-1,1.914519310e0,1.276346207e0,9.209975243e0,1.835772634e0
train,2287,CC1C(O)C=CC12CC2,6.691279888e0,2.027405500e0,1.914519310e0,1.276346207e0,8.718685150e0,1.450852990e0
train,2288,O=Cc1cocn1,5.485815525e0,3.500100374e-1,1.914519310e0,1.276346207e0,5.835825443e0,-8.078313470e-1
train,2289,O=C1CC2[NH+]3CC2(C3)O1,6.737539291e0,-1.824483156e0,1.914519310e0,1.276346207e0,4.913056374e0,-1.530809283e0
train,2290,CC1COC2CC(C2)O1,8.587913513e0,-3.124873400e0,1.914519310e0,1.276346207e0,5.463040352e0,-1.099903703e0
train,2291,C#CC[NH+]1CC2OCC21,7.050469875e0,-2.210148573e-1,1.914519310e0,1.276346207e0,6.829454899e0,-2.933512442e-2
train,2292,CC#CC1C2OCC12C,7.466804028e0,-7.705485821e-1,1.914519310e0,1.276346207e0,6.696255684e0,-1.336950362e-1
train,2293,C#CCC1C2OCC12O,7.891301632e0,-6.985185742e-1,1.914519310e0,1.276346207e0,7.192782879e0,2.553277910e-1
train,2294,CC(=O)c1ccoc1N,4.879001141e0,4.535495639e-1,1.914519310e0,1.276346207e0,5.332550526e0,-1.202140927e0
train,2295,CC1Cc2[nH]nnc2O1,5.725275517e0,2.156688213e0,1.914519310e0,1.276346207e0,7.881963730e0,7.952923179e-1
train,2296,CC12CC1[NH2+]C(N)C2=O,4.653147221e0,2.923889458e-1,1.914519310e0,1.276346207e0,4.945536137e0,-1.505361795e0
train,2297,CC1C(CO)CN1C=O,7.181085110e0,-1.101690158e-2,1.914519310e0,1.276346207e0,7.170068264e0,2.375311702e-1
train,2298,O=C1CCN1CCO,7.540275097e0,2.504464626e0,1.914519310e0,1.276346207e0,1.004473972e1,2.489800215e0
train,2299,CC1CC2C(O)CC12,8.764787674e0,2.625922441e0,1.914519310e0,1.276346207e0,1.139070988e1,3.544350863e0
train,2300,CC12C3CC1(C#N)C2N3,7.036864281e0,6.774250269e-1,1.914519310e0,1.276346207e0,7.714289188e0,6.639214158e-1
train,2301,C#CC12OC3C=CC1C32,5.602824211e0,4.310903251e-1,1.914519310e0,1.276346207e0,6.033914566e0,-6.526309848e-1
train,2302,C#CC12CC1C1CCC12,6.996047020e0,-4.569998980e-1,1.914519310e0,1.276346207e0,6.539047241e0,-2.568658888e-1
train,2303,CNc1cocc1OC,6.155215263e0,-8.261866570e-1,1.914519310e0,1.276346207e0,5.329028606e0,-1.204900265e0
train,2304,Cn1ccnc1C1CO1,6.288550854e0,2.769885957e-1,1.914519310e0,1.276346207e0,6.565539360e0,-2.361096293e-1
train,2305,Cc1cc2n(n1)C=CC2,5.412344456e0,2.620965838e-1,1.914519310e0,1.276346207e0,5.674440861e0,-9.342741370e-1
train,2306,O=C1C=CC2C3CC12C3,4.884443760e0,-1.425005049e-1,1.914519310e0,1.276346207e0,4.741943359e0,-1.664874196e0
train,2307,C#CCNC1COC1[NH-],7.140267849e0,-5.254046917e-1,1.914519310e0,1.276346207e0,6.614863396e0,-1.974648684e-1
train,2308,C[NH+]1C2C1C1(C)C2[NH+]1C,6.968835831e0,3.061102629e-1,1.914519310e0,1.276346207e0,7.274946213e0,3.197017312e-1
train,2309,CC1C2C3CC2(C)C13O,8.783835411e0,5.324938297e-1,1.914519310e0,1.276346207e0,9.316329002e0,1.919099450e0
train,2310,CC1=CCCCC(=O)N1,5.896707535e0,-2.761639059e-1,1.914519310e0,1.276346207e0,5.620543480e0,-9.765020013e-1
train,2311,O=C1CC2NC1C2O,5.934803009e0,2.439099103e-1,1.914519310e0,1.276346207e0,6.178712845e0,-5.391833186e-1
train,2312,C1C2C3OCC4C2C4C13,8.634172440e0,-1.775931954e0,1.914519310e0,1.276346207e0,6.858240604e0,-6.781886797e-3
train,2313,CC12CC1C=CN2C=O,5.518469334e0,-7.641566992e-1,1.914519310e0,1.276346207e0,4.754312515e0,-1.655183077e0
train,2314,Nc1occc(=O)c1F,5.254518509e0,2.029593468e0,1.914519310e0,1.276346207e0,7.284111977e0,3.268829882e-1
train,2315,O=C1NC2CC3OC1C23,6.647741318e0,5.892173648e-1,1.914519310e0,1.276346207e0,7.236958504e0,2.899388373e-1
train,2316,O=CC(=O)OCC1CO1,4.922539711e0,-1.940759301e0,1.914519310e0,1.276346207e0,2.981780529e0,-3.043939590e0
train,2317,O=C1CC2C=CC3C2N13,5.983783722e0,-1.876798123e-1,1.914519310e0,1.276346207e0,5.796103954e0,-8.389526010e-1
train,2318,O=C1COC2CCC12,5.744323254e0,7.525937557e-1,1.914519310e0,1.276346207e0,6.496916771e0,-2.898745835e-1
train,2319,CCC1(O)CC(=O)C1O,5.964735985e0,2.320262343e-1,1.914519310e0,1.276346207e0,6.196762085e0,-5.250419974e-1
train,2320,CC1CC([NH-])OC1CO,7.714427471e0,2.217119455e0,1.914519310e0,1.276346207e0,9.931547165e0,2.401115179e0
train,2321,N#CC1(O)COCC1N,6.843663692e0,1.507077694e0,1.914519310e0,1.276346207e0,8.350741386e0,1.162573695e0
train,2322,C#CC1CN1C(=O)CO,6.873596191e0,-3.900746703e-1,1.914519310e0,1.276346207e0,6.483521461e0,-3.003696203e-1
train,2323,N#CC1CC2CN2C1=O,6.500800133e0,-3.108846664e0,1.914519310e0,1.276346207e0,3.391953468e0,-2.722574234e0
train,2324,O=C1C2C(O)C3C2N13,6.677673817e0,-3.901854277e0,1.914519310e0,1.276346207e0,2.775819540e0,-3.205307245e0
train,2325,CCC#CC(N)CC#N,7.382448673e0,-8.430002630e-2,1.914519310e0,1.276346207e0,7.298148632e0,3.378805220e-1
train,2326,O=CC12NC1C1OCC12,5.700785160e0,1.334816098e0,1.914519310e0,1.276346207e0,7.035601139e0,1.321778595e-1
train,2327,CC12CC(C#N)[NH+](C1)C2,7.308978081e0,-6.552441120e-1,1.914519310e0,1.276346207e0,6.653734207e0,-1.670100838e-1
train,2328,CC1=CC2(C)CC1C2O,6.517127037e0,-1.529410630e-1,1.914519310e0,1.276346207e0,6.364185810e0,-3.938676119e-1
train,2329,CC#CC(=O)C#CC,5.085808277e0,4.779495299e-1,1.914519310e0,1.276346207e0,5.563757896e0,-1.020992875e0
train,2330,CN1C=CCOCC1=O,5.782419682e0,-1.936546266e-1,1.914519310e0,1.276346207e0,5.588765144e0,-1.001399994e0
train,2331,C#CC(O)CC(=O)CC,6.215080738e0,4.755794048e0,1.914519310e0,1.276346207e0,1.097087479e1,3.215415239e0
train,2332,C1CCC(C2CC2)C1,9.526706696e0,3.037981987e-1,1.914519310e0,1.276346207e0,9.830505371e0,2.321950197e0
train,2333,CC1CC2CC12[NH+]1CC1,8.364779472e0,-8.104450703e-1,1.914519310e0,1.276346207e0,7.554334641e0,5.385990143e-1
train,2334,C#CC12CC(C)=CC1O2,6.440935135e0,-2.765781581e-1,1.914519310e0,1.276346207e0,6.164357185e0,-5.504308343e-1
train,2335,CCC(CO)OC(C)=O,7.483131409e0,-4.174166620e-1,1.914519310e0,1.276346207e0,7.065714836e0,1.557715684e-1
train,2336,C#CC1(CO)CCC1C,8.068176270e0,-2.364862263e-1,1.914519310e0,1.276346207e0,7.831689835e0,7.559033632e-1
train,2337,NC(=O)C#CC1CO1,6.236849785e0,2.719962835e0,1.914519310e0,1.276346207e0,8.956812859e0,1.637423158e0
train,2338,O=C1NCC2OCC12O,7.178363323e0,1.444143534e0,1.914519310e0,1.276346207e0,8.622507095e0,1.375498772e0
train,2339,CC1OC12CNC2C=O,5.744323254e0,-2.761605501e0,1.914519310e0,1.276346207e0,2.982717752e0,-3.043205261e0
train,2340,CCc1ccoc1,6.593318939e0,-2.058536768e0,1.914519310e0,1.276346207e0,4.534782410e0,-1.827182174e0
train,2341,[NH-]c1nc([NH+]=CN)no1,1.883027911e0,3.021906376e0,1.914519310e0,1.276346207e0,4.904934406e0,-1.537172794e0
train,2342,C1=NCCCCCO1,7.031421661e0,4.716382027e-1,1.914519310e0,1.276346207e0,7.503059864e0,4.984259009e-1
train,2343,COCC#CC1CO1,7.344352722e0,-4.324949980e-1,1.914519310e0,1.276346207e0,6.911857605e0,3.522635996e-2
train,2344,CCC(C#N)(CC)CC,9.523984909e0,8.703868985e-1,1.914519310e0,1.276346207e0,1.039437199e1,2.763732672e0
train,2345,N#CCc1cc(N)on1,6.141610146e0,-6.191917062e-1,1.914519310e0,1.276346207e0,5.522418499e0,-1.053381681e0
train,2346,CC1(C)OC(=O)C1CO,7.567486763e0,6.876055002e-1,1.914519310e0,1.276346207e0,8.255092621e0,1.087634087e0
train,2347,C#CC1OC1C(F)(F)F,7.651841640e0,6.750881672e-1,1.914519310e0,1.276346207e0,8.326930046e0,1.143917799e0
train,2348,CC1CC2CC(O1)C2O,8.609682083e0,-8.880730867e-1,1.914519310e0,1.276346207e0,7.721609116e0,6.696565151e-1
train,2349,Cc1cocnc1=O,5.684458733e0,7.313842177e-1,1.914519310e0,1.276346207e0,6.415843010e0,-3.533948362e-1
train,2350,CC(=O)NCCCC=O,6.160657883e0,-4.390850663e-1,1.914519310e0,1.276346207e0,5.721572876e0,-8.973467946e-1
train,2351,C[CH+]1N=NOC([NH-])=C1N,4.430013657e0,-9.324849248e-1,1.914519310e0,1.276346207e0,3.497528791e0,-2.639857292e0
train,2352,CNCC(C#N)C(N)=O,6.647741318e0,-5.193112850e0,1.914519310e0,1.276346207e0,1.454628468e0,-4.240444183e0
train,2353,CCC(C(C)=O)C1CC1,6.204195976e0,-1.113566041e0,1.914519310e0,1.276346207e0,5.090630054e0,-1.391682506e0
train,2354,CC1CC=CC2CC12,6.710327625e0,1.419131398e0,1.914519310e0,1.276346207e0,8.129459381e0,9.892020226e-1
train,2355,CCNc1n[nH]cc1N,6.030043125e0,1.456804633e0,1.914519310e0,1.276346207e0,7.486847878e0,4.857240021e-1
train,2356,N#CC1(C=O)CN1,6.157936573e0,3.776724339e0,1.914519310e0,1.276346207e0,9.934660912e0,2.403554678e0
train,2357,CC1(C=O)COC(=O)N1,5.747044563e0,-4.236068726e0,1.914519310e0,1.276346207e0,1.510975838e0,-4.196296692e0
train,2358,CC1C2OCC12CCO,8.269539833e0,-1.996954918e0,1.914519310e0,1.276346207e0,6.272584915e0,-4.656357467e-1
train,2359,O=C1OCC12OC1CC12,6.704885483e0,7.101655602e-1,1.914519310e0,1.276346207e0,7.415050983e0,4.294720590e-1
train,2360,O=C1OCOC12CNC2,6.421886921e0,7.200832665e-2,1.914519310e0,1.276346207e0,6.493895054e0,-2.922420502e-1
train,2361,OCC1C2OC3C[NH+]1C32,7.270882130e0,-1.316459894e0,1.914519310e0,1.276346207e0,5.954421997e0,-7.149124146e-1
train,2362,[H]N=CNC(=O)C(C)C#C,6.402839184e0,2.409708261e0,1.914519310e0,1.276346207e0,8.812547684e0,1.524393201e0
train,2363,O=C1CC=CCOCO1,6.372906685e0,-8.291230798e-1,1.914519310e0,1.276346207e0,5.543783665e0,-1.036642432e0
train,2364,N#CC(O)CCO[CH+][NH-],7.420545101e0,1.783726215e0,1.914519310e0,1.276346207e0,9.204271317e0,1.831303716e0
train,2365,[NH-]C1OC(CCO)C1N,7.289929867e0,7.961213589e-1,1.914519310e0,1.276346207e0,8.086050987e0,9.551921487e-1
train,2366,C1OC(C2CO2)C2CC12,9.175679207e0,-1.258771028e-2,1.914519310e0,1.276346207e0,9.163091660e0,1.799039960e0
train,2367,O=Cc1ccccc1,5.227307320e0,-1.139603704e-1,1.914519310e0,1.276346207e0,5.113347054e0,-1.373884082e0
train,2368,C1=CC2(C=CCC1)CN2,6.285830498e0,5.210734010e-1,1.914519310e0,1.276346207e0,6.806903839e0,-4.700359702e-2
train,2369,CC1CC2C(C1)C2(C)C,9.064112663e0,1.253782153e0,1.914519310e0,1.276346207e0,1.031789494e1,2.703813791e0
train,2370,CC(C=O)C1CC1C=O,5.981062412e0,-3.907684088e0,1.914519310e0,1.276346207e0,2.073378325e0,-3.755661249e0
train,2371,CC1C2C(CO)[NH2+][CH+][NH+]12,6.242291927e0,7.507171631e-1,1.914519310e0,1.276346207e0,6.993009090e0,9.880752861e-2
train,2372,CC1CC2(C[NH2+][CH+]O2)C1,7.333467960e0,-1.891887337e-1,1.914519310e0,1.276346207e0,7.144279003e0,2.173255980e-1
train,2373,CCC12CC=C(C)C1N2,6.424608231e0,-2.890533924e0,1.914519310e0,1.276346207e0,3.534074306e0,-2.611224413e0
train,2374,CC1C2C=CC1(C)CC2,7.004210949e0,7.497952580e-1,1.914519310e0,1.276346207e0,7.754006386e0,6.950393319e-1
train,2375,FC(F)(F)c1ccoc1,6.655904770e0,2.291313171e0,1.914519310e0,1.276346207e0,8.947217941e0,1.629905581e0
train,2376,CC12NC(=O)C1(C)C2O,6.726654530e0,-1.675136566e0,1.914519310e0,1.276346207e0,5.051517963e0,-1.422326326e0
train,2377,CC(N)(C#N)CC1CN1,7.447756290e0,-8.070696890e-2,1.914519310e0,1.276346207e0,7.367049217e0,3.918632567e-1
train,2378,CC#CCCCC(C)C,8.269539833e0,-1.567853242e-1,1.914519310e0,1.276346207e0,8.112754822e0,9.761142135e-1
train,2379,C1C2NC2C2[NH+]3CC12C3,7.782456875e0,1.686174512e0,1.914519310e0,1.276346207e0,9.468631744e0,2.038426876e0
train,2380,C#Cc1cc(O)[nH]c1N,5.344316006e0,1.735834405e-2,1.914519310e0,1.276346207e0,5.361674309e0,-1.179322720e0
train,2381,c1[nH]nc2c1C1NC1C2,6.729375839e0,1.218498826e0,1.914519310e0,1.276346207e0,7.947874546e0,8.469325900e-1
train,2382,CCCOC,9.322620392e0,1.541357189e-1,1.914519310e0,1.276346207e0,9.476756096e0,2.044792175e0
train,2383,CC1[NH+]2C3C(=O)C1(O)C32,6.193311214e0,-6.397011131e-2,1.914519310e0,1.276346207e0,6.129341125e0,-5.778654814e-1
train,2384,CCC(C#N)C1(C)CN1,7.553880215e0,1.454750657e0,1.914519310e0,1.276346207e0,9.008630753e0,1.678021789e0
train,2385,c1cc2cncnn2n1,4.791924953e0,-1.222500484e-2,1.914519310e0,1.276346207e0,4.779699802e0,-1.635292530e0
train,2386,O=CC(O)c1ncno1,5.997389793e0,-3.144208491e-1,1.914519310e0,1.276346207e0,5.682969093e0,-9.275923371e-1
train,2387,O=CC12CCC1(C=O)C2,5.259960651e0,-2.137606859e0,1.914519310e0,1.276346207e0,3.122353792e0,-2.933802366e0
train,2388,CC1NC1COCC#N,7.314420223e0,-1.229122400e0,1.914519310e0,1.276346207e0,6.085297585e0,-6.123730540e-1
train,2389,CCC1CC=C(C)CO1,7.142988205e0,-1.136996269e0,1.914519310e0,1.276346207e0,6.005991936e0,-6.745080352e-1
train,2390,C#CC1NC(=O)C12CN2,7.107614040e0,-1.869761050e-1,1.914519310e0,1.276346207e0,6.920638084e0,4.210575297e-2
train,2391,CC1=CC(=O)NC1,5.926640034e0,-5.157384396e0,1.914519310e0,1.276346207e0,7.692556381e-1,-4.777425289e0
train,2392,C#CC1(O)CC1C#N,7.306257248e0,1.122593164e0,1.914519310e0,1.276346207e0,8.428850174e0,1.223770976e0
train,2393,C[NH2+]C1OC=CN=C1N,4.465388775e0,2.585199356e0,1.914519310e0,1.276346207e0,7.050588131e0,1.439199895e-1
train,2394,CCOc1c[nH]c(N)n1,6.092629433e0,-3.051717043e0,1.914519310e0,1.276346207e0,3.040912390e0,-2.997610569e0
train,2395,CC12C3CC1C2C3C#N,8.013752937e0,2.728551149e0,1.914519310e0,1.276346207e0,1.074230385e1,3.036332846e0
train,2396,CNC1=NCCC1=O,4.783761501e0,-1.697559506e-1,1.914519310e0,1.276346207e0,4.614005566e0,-1.765111804e0
train,2397,CC#Cc1c[nH]cc1C,5.923918724e0,-4.607933387e-2,1.914519310e0,1.276346207e0,5.877839565e0,-7.749137878e-1
train,2398,N#CC1CC(=O)CC1O,6.008274078e0,-1.856869608e-1,1.914519310e0,1.276346207e0,5.822587013e0,-8.182034492e-1
train,2399,C#CCc1cn(C)cn1,6.791961670e0,-6.102976799e-1,1.914519310e0,1.276346207e0,6.181663990e0,-5.368711352e-1
train,2400,CC([NH-])OC1CC2CC21,7.801504612e0,-1.840472698e0,1.914519310e0,1.276346207e0,5.961031914e0,-7.097336054e-1
train,2401,Nc1ncnc(=O)cn1,4.481715202e0,-1.907980800e0,1.914519310e0,1.276346207e0,2.573734283e0,-3.363638639e0
train,2402,CC12C=CC(CO)C1O2,6.704885483e0,2.532826364e-1,1.914519310e0,1.276346207e0,6.958168030e0,7.150999457e-2
train,2403,OC12C=CC3OC1CC32,6.402839184e0,1.621012807e0,1.914519310e0,1.276346207e0,8.023852348e0,9.064602852e-1
train,2404,CCC1=C(C=O)CCN1,4.810973167e0,1.580640823e-1,1.914519310e0,1.276346207e0,4.969037056e0,-1.486949086e0
train,2405,OCC1(O)CCC12CC2,8.343010902e0,1.128852606e0,1.914519310e0,1.276346207e0,9.471863747e0,2.040959120e0
train,2406,CCC(O)C(O)C1CC1,8.413760185e0,-1.490073353e-1,1.914519310e0,1.276346207e0,8.264752388e0,1.095202446e0
train,2407,CCCN=C(C)NC=O,6.348416328e0,7.449940443e-1,1.914519310e0,1.276346207e0,7.093410492e0,1.774707586e-1
train,2408,[CH-]1C[NH+]2C3C1C1(CC1)C32,4.394639015e0,9.036945105e-1,1.914519310e0,1.276346207e0,5.298333645e0,-1.228949428e0
train,2409,CC1=C(C)C2C3CC1[NH+]32,5.953851223e0,1.399911761e0,1.914519310e0,1.276346207e0,7.353763103e0,3.814537525e-1
train,2410,CC(=O)CC1C2COC21,6.239571095e0,1.162371397e0,1.914519310e0,1.276346207e0,7.401942253e0,4.192015231e-1
train,2411,CC1CC2(C)COC12,8.460020065e0,8.349071741e-1,1.914519310e0,1.276346207e0,9.294927597e0,1.902331710e0
train,2412,C#CC1CCC(O)C1,8.465462685e0,1.110295415e0,1.914519310e0,1.276346207e0,9.575757980e0,2.122358799e0
train,2413,CCNC1C(C)OC1[NH-],6.952508926e0,-1.525873184e0,1.914519310e0,1.276346207e0,5.426635742e0,-1.128426313e0
train,2414,C1OCC(C2CC2)O1,9.235544205e0,-1.694369793e0,1.914519310e0,1.276346207e0,7.541174412e0,5.282881856e-1
train,2415,C[NH+]1CC2OCC21C,7.491294384e0,4.483669102e-1,1.914519310e0,1.276346207e0,7.939661503e0,8.404977918e-1
train,2416,[NH-]C1C(=O)C2CC3C2[NH+]13,4.751108170e0,-7.640571594e-1,1.914519310e0,1.276346207e0,3.987051010e0,-2.256322861e0
train,2417,[NH-]C1CCCCC(=O)O1,6.781077385e0,8.970691562e-1,1.914519310e0,1.276346207e0,7.678146362e0,6.356039643e-1
train,2418,CC(=O)C1[NH2+][CH+]OC1C,5.975620270e0,-4.345234949e-3,1.914519310e0,1.276346207e0,5.971274853e0,-7.017084360e-1
train,2419,CNC(=O)CCNC=O,7.412381172e0,-2.962275743e0,1.914519310e0,1.276346207e0,4.450105667e0,-1.893525362e0
train,2420,CCC1C2COCC12C,8.827373505e0,3.178514719e0,1.914519310e0,1.276346207e0,1.200588799e1,4.026335239e0
train,2421,C#CCC1(C#N)COC1,7.777014256e0,-1.975057006e0,1.914519310e0,1.276346207e0,5.801957130e0,-8.343667388e-1
train,2422,[NH-]C(C#CC=O)OC=O,5.235470295e0,2.305792332e0,1.914519310e0,1.276346207e0,7.541262627e0,5.283572674e-1
train,2423,C#CCCC1(C)CO1,8.536211014e0,1.792801619e0,1.914519310e0,1.276346207e0,1.032901287e1,2.712524652e0
train,2424,CC1(C)C(NO)C2C[NH+]21,6.405560493e0,-6.799118519e-1,1.914519310e0,1.276346207e0,5.725648880e0,-8.941532969e-1
train,2425,CC1(C)C2C3CC2C31,1.008181858e1,1.505257607e0,1.914519310e0,1.276346207e0,1.158707619e1,3.698201418e0
train,2426,C#Cc1ccco1,5.357921600e0,-2.157953233e-1,1.914519310e0,1.276346207e0,5.142126083e0,-1.351336002e0
train,2427,O=C1NC23CCOC12C3,6.721211910e0,1.207754016e0,1.914519310e0,1.276346207e0,7.928966045e0,8.321180344e-1
train,2428,COC1C2CCC1C2C,9.107650757e0,-2.553945482e-1,1.914519310e0,1.276346207e0,8.852255821e0,1.555503964e0
train,2429,OCC1[NH2+]C2CCC2O1,7.279046059e0,-1.520334244e0,1.914519310e0,1.276346207e0,5.758711815e0,-8.682488799e-1
train,2430,CCC1C2OC(C)C12C,8.413760185e0,-2.875284851e-1,1.914519310e0,1.276346207e0,8.126232147e0,9.866735339e-1
train,2431,CCOC([NH-])C1COC1,7.447756290e0,-8.534740210e-1,1.914519310e0,1.276346207e0,6.594282150e0,-2.135900259e-1
train,2432,CC1CC2COC12C#N,7.336189747e0,1.144899845e0,1.914519310e0,1.276346207e0,8.481089592e0,1.264699936e0
train,2433,OC12CC34OCC(C13)C24,8.068176270e0,-5.084791780e-1,1.914519310e0,1.276346207e0,7.559697151e0,5.428004861e-1
train,2434,O=CCNC(=O)NC=O,6.040927887e0,3.718309402e0,1.914519310e0,1.276346207e0,9.759237289e0,2.266112566e0
train,2435,C#Cc1nn[nH]c1CO,6.166100025e0,1.564851880e0,1.914519310e0,1.276346207e0,7.730951786e0,6.769763827e-1
train,2436,C#CC1C2OCC12C=O,5.630035877e0,3.383192047e-2,1.914519310e0,1.276346207e0,5.663867950e0,-9.425578713e-1
train,2437,c1cc2oncc2[nH]1,5.619151115e0,-6.544924974e-1,1.914519310e0,1.276346207e0,4.964658737e0,-1.490379453e0
train,2438,CCC1(C(C)=O)C[NH+]1C,5.869495869e0,1.002839804e0,1.914519310e0,1.276346207e0,6.872335434e0,4.261235241e-3
train,2439,OCC1C[NH+]1CC1CO1,7.831437111e0,-5.192230701e0,1.914519310e0,1.276346207e0,2.639206409e0,-3.312342167e0
train,2440,CC12CC1OC1(CC1)C2,8.397434235e0,-2.113411874e-1,1.914519310e0,1.276346207e0,8.186093330e0,1.033573985e0
train,2441,O=CN1CC12CC1OC12,6.791961670e0,4.576513916e-2,1.914519310e0,1.276346207e0,6.837726593e0,-2.285435610e-2
train,2442,COC(C(C)O)C1CN1,8.737575531e0,-4.053742290e-1,1.914519310e0,1.276346207e0,8.332201004e0,1.148047566e0
train,2443,COCC(=O)CCO,6.391954422e0,-4.876425862e-1,1.914519310e0,1.276346207e0,5.904311657e0,-7.541732192e-1
train,2444,COC1C2C3COC3C12,8.228722572e0,8.854135126e-2,1.914519310e0,1.276346207e0,8.317263603e0,1.136344314e0
train,2445,COCC(C)(C)C(C)C,8.922613144e0,-7.100027800e-2,1.914519310e0,1.276346207e0,8.851613045e0,1.555000424e0
train,2446,CC1=CCC(C)C(=O)C1,6.089908123e0,-9.866232276e-1,1.914519310e0,1.276346207e0,5.103284836e0,-1.381767631e0
train,2447,CC12CC(O)C(C)(C1)O2,8.827373505e0,4.357660934e-2,1.914519310e0,1.276346207e0,8.870949745e0,1.570150375e0
train,2448,c1nocc1C1CC1,6.563386440e0,1.671153754e-1,1.914519310e0,1.276346207e0,6.730501652e0,-1.068637520e-1
train,2449,CC1C2C(C)C(C)(C)C12,8.868190765e0,-1.260279059e0,1.914519310e0,1.276346207e0,7.607911587e0,5.805758834e-1
train,2450,CNc1ccnc(C)n1,5.714390755e0,4.189519405e0,1.914519310e0,1.276346207e0,9.903909683e0,2.379461527e0
train,2451,CC12CC3C(O)C(C1)[NH+]32,7.630072594e0,-8.402311802e-1,1.914519310e0,1.276346207e0,6.789841652e0,-6.037160754e-2
train,2452,Nc1coc(OC=O)c1,5.336152554e0,-3.042119265e0,1.914519310e0,1.276346207e0,2.294033289e0,-3.582781076e0
train,2453,C[NH+](C)CC(=O)CC=O,5.504863262e0,6.558420658e-1,1.914519310e0,1.276346207e0,6.160705566e0,-5.532917976e-1
train,2454,CCn1cc(N)c(O)c1,6.119840622e0,4.415276051e-1,1.914519310e0,1.276346207e0,6.561367989e0,-2.393778563e-1
train,2455,COc1cc(C)c(C)[nH]1,6.375627518e0,-4.970395267e-1,1.914519310e0,1.276346207e0,5.878588200e0,-7.743272185e-1
train,2456,CC(C)C12CC(=O)C1N2,6.030043125e0,1.489810586e0,1.914519310e0,1.276346207e0,7.519853592e0,5.115835667e-1
train,2457,O=C1C=C2NCCC2N1,5.850448132e0,1.010074019e-1,1.914519310e0,1.276346207e0,5.951455593e0,-7.172365189e-1
train,2458,CC1(C)C(O)C1(C)C#N,7.994705200e0,-7.883532345e-2,1.914519310e0,1.276346207e0,7.915869713e0,8.218572140e-1
train,2459,[NH-]C1OC(=O)C2(O)CC12,6.625972271e0,-2.494165003e-1,1.914519310e0,1.276346207e0,6.376555920e0,-3.841757774e-1
train,2460,O=C1OCC12NC2CO,7.113056660e0,-1.597449303e0,1.914519310e0,1.276346207e0,5.515607357e0,-1.058718204e0
train,2461,N#CCNc1ncon1,6.236849785e0,9.694061875e-1,1.914519310e0,1.276346207e0,7.206255913e0,2.658837438e-1
train,2462,CC1(O)COC2CC21C,7.763408184e0,-2.811768532e0,1.914519310e0,1.276346207e0,4.951639652e0,-1.500579715e0
train,2463,NC(=O)CCC(O)C=O,5.760650635e0,1.327276111e0,1.914519310e0,1.276346207e0,7.087926865e0,1.731744111e-1
train,2464,CC12CC(O)(C1)C21CC1,9.001525879e0,-4.568400979e-2,1.914519310e0,1.276346207e0,8.955842018e0,1.636662483e0
train,2465,N#CC1CC2C[NH+]3C1C23,7.496736526e0,8.890359402e-1,1.914519310e0,1.276346207e0,8.385772705e0,1.190020323e0
train,2466,C#CC12OCC1C2O,6.590597630e0,2.058999062e0,1.914519310e0,1.276346207e0,8.649597168e0,1.396723509e0
train,2467,CC1(O)COCC1C=O,5.921197414e0,1.428426743e0,1.914519310e0,1.276346207e0,7.349624157e0,3.782109618e-1
train,2468,CC(O)C1NC1C,8.609682083e0,-8.071547151e-1,1.914519310e0,1.276346207e0,7.802527428e0,7.330549955e-1
train,2469,CC1CC2OC1CC2=O,5.847726822e0,-1.337707996e0,1.914519310e0,1.276346207e0,4.510018826e0,-1.846584201e0
train,2470,C[NH+]1C2C3CC(C3)C21C,8.103550911e0,2.691873349e-2,1.914519310e0,1.276346207e0,8.130469322e0,9.899933338e-1
train,2471,C[NH2+]C1NCC(C#N)O1,6.315762520e0,1.622700244e-1,1.914519310e0,1.276346207e0,6.478032589e0,-3.046700954e-1
train,2472,CC1(O)C2CC3(C)C2C13,8.571586609e0,-2.143384933e0,1.914519310e0,1.276346207e0,6.428201675e0,-3.437119722e-1
train,2473,CC(=O)C1(C=O)CC1,6.057254314e0,-3.736350298e0,1.914519310e0,1.276346207e0,2.320904016e0,-3.561728239e0
train,2474,[NH-]C1OCC1C(=O)C=O,4.277629852e0,-7.559488416e-1,1.914519310e0,1.276346207e0,3.521681070e0,-2.620934248e0
train,2475,COC(C)C(C)NC=O,7.600140095e0,1.999697089e0,1.914519310e0,1.276346207e0,9.599837303e0,2.141224623e0
train,2476,CCC12CC(C1=O)C2O,6.342973709e0,1.845998913e-1,1.914519310e0,1.276346207e0,6.527573586e0,-2.658553421e-1
train,2477,COC1(C#N)CCC1,7.975656986e0,5.823114514e-1,1.914519310e0,1.276346207e0,8.557968140e0,1.324933290e0
train,2478,CC1=CC(C#N)OCC1,7.058633804e0,4.737305641e-1,1.914519310e0,1.276346207e0,7.532364368e0,5.213856101e-1
train,2479,Cc1[nH]ncc1[N+](=O)[O-],5.434113503e0,-8.048447967e-1,1.914519310e0,1.276346207e0,4.629268646e0,-1.753153443e0
train,2480,C#CC12OCC1C2OC,6.421886921e0,-1.014023781e0,1.914519310e0,1.276346207e0,5.407863140e0,-1.143134356e0
train,2481,C1OC2CC1OC21CC1,8.617846489e0,1.472235084e0,1.914519310e0,1.276346207e0,1.009008121e1,2.525324583e0
train,2482,CCOCC1CC(C)O1,8.846421242e0,1.331078172e0,1.914519310e0,1.276346207e0,1.017749977e1,2.593816042e0
train,2483,CCC1(C=O)CC([NH-])O1,5.872217178e0,-1.619429588e-1,1.914519310e0,1.276346207e0,5.710274220e0,-9.061990976e-1
train,2484,N#CCC(=NO)C1CC1,6.514405727e0,3.506998539e0,1.914519310e0,1.276346207e0,1.002140427e1,2.471517086e0
train,2485,O=C1OC2CCC3C2N13,7.575649738e0,1.803368330e-1,1.914519310e0,1.276346207e0,7.755986691e0,6.965909004e-1
train,2486,COC1CC2C(C)C2O1,8.639615059e0,-1.183083177e0,1.914519310e0,1.276346207e0,7.456532001e0,4.619719088e-1
train,2487,N#CC1OC2CC=CC12,6.985162735e0,1.022827268e0,1.914519310e0,1.276346207e0,8.007989883e0,8.940322399e-1
train,2488,CC(C)C1OCC1C,8.653220177e0,-1.026047617e-1,1.914519310e0,1.276346207e0,8.550615311e0,1.319172382e0
train,2489,OCCC1[NH2+]C2CC2O1,7.118498325e0,-1.501677930e-2,1.914519310e0,1.276346207e0,7.103481770e0,1.853614897e-1
train,2490,ONC1C2C3CC1(O)C32,6.996047020e0,2.790717602e0,1.914519310e0,1.276346207e0,9.786764145e0,2.287679434e0
train,2491,CC1C(C)C1CCC=O,6.160657883e0,-4.590026438e-1,1.914519310e0,1.276346207e0,5.701655388e0,-9.129518867e-1
train,2492,[NH-]C1OCCNC1CO,6.734817982e0,-8.917699456e-1,1.914519310e0,1.276346207e0,5.843048096e0,-8.021724820e-1
train,2493,OCC1(C2CC2)CCO1,8.707643509e0,-7.376148105e-1,1.914519310e0,1.276346207e0,7.970028877e0,8.642902374e-1
train,2494,CC1N2C(=O)C(O)C12C,6.057254314e0,8.813759685e-1,1.914519310e0,1.276346207e0,6.938630104e0,5.620227754e-2
train,2495,N#CCC1CN1,7.831437111e0,1.010753751e0,1.914519310e0,1.276346207e0,8.842190742e0,1.547618151e0
train,2496,CC1OC1C1(O)CC1O,8.457298279e0,3.441230953e-1,1.914519310e0,1.276346207e0,8.801421165e0,1.515675664e0
train,2497,C[NH+]1CC(OCCO)C1,7.981099606e0,1.533035636e0,1.914519310e0,1.276346207e0,9.514135361e0,2.074078321e0
train,2498,[H]N=CNc1cnc(C)o1,6.370185375e0,1.253022909e0,1.914519310e0,1.276346207e0,7.623208046e0,5.925604701e-1
train,2499,CC1CC2C1=CC1CC12,6.459982872e0,3.559917808e-1,1.914519310e0,1.276346207e0,6.815974712e0,-3.989668190e-2
train,2500,O=C1OC2CC=CC12,6.721211910e0,-1.255947828e0,1.914519310e0,1.276346207e0,5.465264320e0,-1.098161340e0
train,2501,CC1=CC2OC2C1CO,6.530732632e0,-5.517508388e-1,1.914519310e0,1.276346207e0,5.978981972e0,-6.956699491e-1
train,2502,CC(C)(O)c1ccon1,6.868154049e0,-1.562422276e0,1.914519310e0,1.276346207e0,5.305731773e0,-1.223152995e0
train,2503,CC1CCCC2CC1O2,8.636894226e0,2.706578076e-1,1.914519310e0,1.276346207e0,8.907551765e0,1.598827600e0
train,2504,Oc1cccc(F)c1F,6.250455379e0,-6.050292775e-2,1.914519310e0,1.276346207e0,6.189952374e0,-5.303773284e-1
train,2505,C[NH+]1CC1C1OC2CC21,7.962051392e0,-2.337915421e0,1.914519310e0,1.276346207e0,5.624135971e0,-9.736873507e-1
train,2506,COc1cc(O)no1,6.748423576e0,-1.721820980e-1,1.914519310e0,1.276346207e0,6.576241493e0,-2.277246416e-1
train,2507,CC1C2[NH+]1CC21NC1C,7.845042706e0,4.765026271e-2,1.914519310e0,1.276346207e0,7.892693043e0,8.036985993e-1
train,2508,c1n[nH]cc1OC1CC1,6.348416328e0,3.131587982e0,1.914519310e0,1.276346207e0,9.480004311e0,2.047337055e0
train,2509,COC1C2CC3C1[NH+]3C2,8.669547081e0,1.129204273e0,1.914519310e0,1.276346207e0,9.798751831e0,2.297071695e0
train,2510,O=COCC(O)CCO,7.747081757e0,-3.261135817e-1,1.914519310e0,1.276346207e0,7.420968056e0,4.341079891e-1
train,2511,O=C1OC=NC2CC1C2,6.160657883e0,-9.291493893e-1,1.914519310e0,1.276346207e0,5.231508255e0,-1.281306267e0
train,2512,COCC1C[NH+]1C1CC1,8.198790550e0,-2.292572856e-1,1.914519310e0,1.276346207e0,7.969533443e0,8.639020920e-1
train,2513,CC12CCC1(C)OC2,8.514442444e0,-1.015511990e0,1.914519310e0,1.276346207e0,7.498930454e0,4.951905608e-1
train,2514,[H]N=CNC(=O)C1(C)CC1,6.506242275e0,-6.775552034e-1,1.914519310e0,1.276346207e0,5.828687191e0,-8.134240508e-1
train,2515,CC1(O)COC1C=O,5.858611107e0,2.256504595e-1,1.914519310e0,1.276346207e0,6.084261417e0,-6.131848693e-1
train,2516,Cc1onc(CO)c1C,6.451819897e0,-2.705984712e-1,1.914519310e0,1.276346207e0,6.181221485e0,-5.372178555e-1
train,2517,C#CC(C)(O)C#CC#N,6.326647282e0,2.404190302e0,1.914519310e0,1.276346207e0,8.730837822e0,1.460374475e0
train,2518,[NH-]C1C=C(C=O)C(=O)O1,4.144294262e0,-2.314584970e0,1.914519310e0,1.276346207e0,1.829709291e0,-3.946573257e0
train,2519,CN1CCn2cccc21,6.065417767e0,-1.481889009e0,1.914519310e0,1.276346207e0,4.583528519e0,-1.788990259e0
train,2520,CC(CC1COC1)=NO,6.900807381e0,-4.092356205e0,1.914519310e0,1.276346207e0,2.808451176e0,-3.179740906e0
train,2521,CCCCC1(C)COC1,8.568865776e0,-2.733696401e-1,1.914519310e0,1.276346207e0,8.295495987e0,1.119289637e0
train,2522,CC(=O)C1(O)C2CCC21,5.850448132e0,-6.369200349e-1,1.914519310e0,1.276346207e0,5.213528156e0,-1.295393467e0
train,2523,O=CC1CC2(C=O)C[NH+]12,5.570170403e0,3.209453344e0,1.914519310e0,1.276346207e0,8.779623985e0,1.498597860e0
train,2524,O=CC#CCOC=O,5.534795761e0,-2.548521757e0,1.914519310e0,1.276346207e0,2.986274004e0,-3.040419102e0
train,2525,CC12CC3CC(O1)C3O2,9.148468018e0,2.632242203e0,1.914519310e0,1.276346207e0,1.178071022e1,3.849911213e0
train,2526,CC1=CC(C)C2(C)NC12,6.647741318e0,-2.439812273e-1,1.914519310e0,1.276346207e0,6.403759956e0,-3.628617525e-1
train,2527,CC1CC(O)C2CC1O2,8.492672920e0,-1.909540057e0,1.914519310e0,1.276346207e0,6.583132744e0,-2.223254442e-1
train,2528,CC1(O)C([NH-])OC2CC21,7.349795341e0,-1.654866338e0,1.914519310e0,1.276346207e0,5.694929123e0,-9.182218313e-1
train,2529,CC(CC(N)=O)C1CO1,7.581092358e0,5.914509892e-1,1.914519310e0,1.276346207e0,8.172543526e0,1.022957921e0
train,2530,[NH-]c1nc(O)c[cH+]o1,4.947029591e0,-3.260926247e0,1.914519310e0,1.276346207e0,1.686103344e0,-4.059086323e0
train,2531,C#CC1C2C(C#N)C[NH+]12,7.167478561e0,-2.053518295e-1,1.914519310e0,1.276346207e0,6.962126732e0,7.461158931e-2
train,2532,CC(C)C1C2CC1C2=O,6.835499763e0,-3.624834120e-1,1.914519310e0,1.276346207e0,6.473016262e0,-3.086003065e-1
train,2533,C#CC#CCC(N)C#N,6.163379192e0,3.607209325e-1,1.914519310e0,1.276346207e0,6.524100304e0,-2.685766220e-1
train,2534,Cc1cnc(N)nc1O,5.551122665e0,-4.332993984e0,1.914519310e0,1.276346207e0,1.218128681e0,-4.425738811e0
train,2535,N#CC1(N)C2OC([NH-])C21,6.982441425e0,1.855180025e0,1.914519310e0,1.276346207e0,8.837621689e0,1.544038296e0
train,2536,COC1COCC2OC12,8.699480057e0,-8.784602880e-1,1.914519310e0,1.276346207e0,7.821019650e0,7.475433946e-1
train,2537,C#CC(C)C(C=O)CO,6.157936573e0,1.151230693e0,1.914519310e0,1.276346207e0,7.309167385e0,3.465135694e-1
train,2538,CC1C(O)C2(O)C(O)C12,7.847763538e0,-4.388228059e-1,1.914519310e0,1.276346207e0,7.408940792e0,4.246847928e-1
train,2539,C#CC1CN(C(N)=O)C1,7.428708553e0,3.534495831e-2,1.914519310e0,1.276346207e0,7.464053631e0,4.678650200e-1
train,2540,CC(O)c1ccc(N)o1,5.888543606e0,-4.950019836e0,1.914519310e0,1.276346207e0,9.385237694e-1,-4.644805431e0
train,2541,OC1CC(O)C2NC2C1,8.479067802e0,1.635139823e0,1.914519310e0,1.276346207e0,1.011420727e1,2.544227123e0
train,2542,O=CC12CCOC1CN2,5.646362305e0,1.026633143e0,1.914519310e0,1.276346207e0,6.672995567e0,-1.519190520e-1
train,2543,O=C1N[CH+]C2C[NH+]3C1C23,5.145672798e0,-3.796461582e0,1.914519310e0,1.276346207e0,1.349211216e0,-4.323037148e0
train,2544,Cc1nc(N)nn1C,6.163379192e0,-5.273030996e-1,1.914519310e0,1.276346207e0,5.636075974e0,-9.643325210e-1
train,2545,O=CCOCC1CCC1,6.231407166e0,-4.622884393e-1,1.914519310e0,1.276346207e0,5.769118786e0,-8.600951433e-1
train,2546,OCCC1C2CCOC12,8.552538872e0,-1.215245724e0,1.914519310e0,1.276346207e0,7.337293148e0,3.685497642e-1
train,2547,CC1CC2C3C1CC23O,8.838258743e0,2.003219128e0,1.914519310e0,1.276346207e0,1.084147835e1,3.114034891e0
train,2548,c1ccn2ncnc2c1,5.251797676e0,-7.072498202e-1,1.914519310e0,1.276346207e0,4.544548035e0,-1.819530964e0
train,2549,CC12C3C4CC1(C)[NH+]4C32,8.168857574e0,4.220243394e-1,1.914519310e0,1.276346207e0,8.590882301e0,1.350721121e0
train,2550,[NH-]C1CC2(C=O)CC2O1,6.122561455e0,-1.270456553e0,1.914519310e0,1.276346207e0,4.852105141e0,-1.578563809e0
train,2551,c1nonc1N1CCC1,5.396018028e0,3.488013029e0,1.914519310e0,1.276346207e0,8.884031296e0,1.580399632e0
train,2552,N#CC1=CCCC2CC12,5.853169441e0,-8.614377379e-1,1.914519310e0,1.276346207e0,4.991731644e0,-1.469168186e0
train,2553,Cc1nc(O)c(C#N)[nH]1,5.474930763e0,4.626599789e0,1.914519310e0,1.276346207e0,1.010153008e1,2.534294605e0
train,2554,C1CC2CCC1CO2,8.228722572e0,-8.656125665e-1,1.914519310e0,1.276346207e0,7.363110065e0,3.887769878e-1
train,2555,CC1C2NC2C2C(C)[NH+]12,7.586534500e0,-4.045186043e0,1.914519310e0,1.276346207e0,3.541348457e0,-2.605525255e0
train,2556,CC1OCCC1C(N)=O,7.341631889e0,-2.007197618e0,1.914519310e0,1.276346207e0,5.334434509e0,-1.200664759e0
train,2557,O=C1CC(O)C1C1CO1,5.850448132e0,2.842845201e0,1.914519310e0,1.276346207e0,8.693293571e0,1.430959105e0
train,2558,O=C1OC2C1CC21CC1,7.581092358e0,-6.862480640e-1,1.914519310e0,1.276346207e0,6.894844055e0,2.189645730e-2
train,2559,O=C1CNC12CCCC2,5.842284679e0,1.073302865e0,1.914519310e0,1.276346207e0,6.915587425e0,3.814862669e-2
train,2560,CC12CC(CC1CO)C2,9.265477180e0,-5.307537690e-2,1.914519310e0,1.276346207e0,9.212401390e0,1.837673545e0
train,2561,C#CCC1CN1C(N)=O,7.627351284e0,-2.479260266e-1,1.914519310e0,1.276346207e0,7.379425049e0,4.015595615e-1
train,2562,CC1C(NO)C2C[NH+]1C2,6.579712868e0,-3.297568858e-1,1.914519310e0,1.276346207e0,6.249956131e0,-4.833651185e-1
train,2563,CC1(C#N)CC1(C)C#N,8.174300194e0,-1.005044222e0,1.914519310e0,1.276346207e0,7.169256210e0,2.368949354e-1
train,2564,c1nncnn1,3.687142849e0,-1.421451926e0,1.914519310e0,1.276346207e0,2.265690804e0,-3.604986906e0
train,2565,CC1=C(C)C2OCC1O2,6.587876320e0,-1.726753712e-1,1.914519310e0,1.276346207e0,6.415201187e0,-3.538976908e-1
train,2566,O=COCCCC1CO1,7.714427471e0,3.582065701e-1,1.914519310e0,1.276346207e0,8.072633743e0,9.446798563e-1
train,2567,CCC(O)C#CCO,7.806946754e0,-2.102082253e0,1.914519310e0,1.276346207e0,5.704864502e0,-9.104375839e-1
train,2568,CC1CCC(=O)C1NO,4.506205559e0,1.213601232e0,1.914519310e0,1.276346207e0,5.719806671e0,-8.987305760e-1
train,2569,O=C1NCC=CC12CO2,6.454540730e0,3.048410416e0,1.914519310e0,1.276346207e0,9.502950668e0,2.065315247e0
train,2570,C1=CC2C(C1)OC1CC12,6.957951069e0,2.388090342e-1,1.914519310e0,1.276346207e0,7.196760178e0,2.584439516e-1
train,2571,CC12C3C[NH+]4C1C4(C)C32,8.196069717e0,5.425240397e-1,1.914519310e0,1.276346207e0,8.738594055e0,1.466451406e0
train,2572,Nc1[nH]ccc1NC=O,5.825957775e0,-9.919934720e-2,1.914519310e0,1.276346207e0,5.726758480e0,-8.932839036e-1
train,2573,[NH-]C1OCC12CCCN2,6.873596191e0,9.424474835e-1,1.914519310e0,1.276346207e0,7.816043854e0,7.436449528e-1
train,2574,C1OC2CC3(CN3)C2O1,8.299472809e0,-3.888288260e0,1.914519310e0,1.276346207e0,4.411184311e0,-1.924019694e0
train,2575,CC1C2C3OC3C12,7.763408184e0,-1.107676148e0,1.914519310e0,1.276346207e0,6.655732155e0,-1.654447168e-1
train,2576,CCC1(O)C2C=CC1C2,6.511684418e0,-2.694235802e0,1.914519310e0,1.276346207e0,3.817448616e0,-2.389204264e0
train,2577,C#CC1(COC)COC1,8.002868652e0,-1.204433218e-1,1.914519310e0,1.276346207e0,7.882425308e0,7.956539392e-1
train,2578,CC12CCC(CO1)C2=O,5.605545521e0,2.841210604e0,1.914519310e0,1.276346207e0,8.446756363e0,1.237800241e0
train,2579,C#CC(CO)C(C)(C)O,7.891301632e0,-1.189759523e-1,1.914519310e0,1.276346207e0,7.772325516e0,7.093921304e-1
train,2580,Cc1ccc(C(N)=O)o1,5.458603859e0,7.446269989e-1,1.914519310e0,1.276346207e0,6.203230858e0,-5.199738145e-1
train,2581,CNc1n[nH]c(NC)n1,6.519847870e0,3.545516133e-1,1.914519310e0,1.276346207e0,6.874399662e0,5.878531840e-3
train,2582,N#CC(N)C1(CO)CN1,7.379727840e0,1.379499793e0,1.914519310e0,1.276346207e0,8.759227753e0,1.482617617e0
train,2583,O=C1CC2(O1)C1CCC12,7.570207596e0,5.142790452e-2,1.914519310e0,1.276346207e0,7.621635437e0,5.913283825e-1
train,2584,CCC1OC2(C#N)CC12,6.966114998e0,-8.341132402e-1,1.914519310e0,1.276346207e0,6.132001877e0,-5.757808089e-1
train,2585,C#CC12CC(=O)C1N2,5.692621708e0,-5.791538358e-1,1.914519310e0,1.276346207e0,5.113467693e0,-1.373789549e0
train,2586,[CH+]1[NH2+]C2C(CC3OC32)O1,7.295372486e0,-3.401151896e-1,1.914519310e0,1.276346207e0,6.955257416e0,6.922956556e-2
train,2587,CCCC1CC1(C)O,8.827373505e0,6.519179344e-1,1.914519310e0,1.276346207e0,9.479291916e0,2.046778917e0
train,2588,O=C1CC2C(=O)C1C2O,5.529353619e0,1.246348023e0,1.914519310e0,1.276346207e0,6.775701523e0,-7.145021856e-2
train,2589,CC1CC2(CC2)C([NH-])O1,7.572928429e0,-4.371510819e-2,1.914519310e0,1.276346207e0,7.529213428e0,5.189169049e-1
train,2590,CC(CCO)C1OC1C,9.080439568e0,-1.988123536e0,1.914519310e0,1.276346207e0,7.092316151e0,1.766133606e-1
train,2591,Nc1nccnc1F,5.123903751e0,-1.238955930e-1,1.914519310e0,1.276346207e0,5.000008106e0,-1.462683678e0
train,2592,CNC1=C[CH-]C(C)O1,5.621871948e0,-1.362982273e0,1.914519310e0,1.276346207e0,4.258889675e0,-2.043340683e0
train,2593,CC#CC1C(=O)CC1C,5.711669922e0,4.338095188e-1,1.914519310e0,1.276346207e0,6.145479202e0,-5.652214885e-1
train,2594,CC#CC#CC(C)=O,4.903491497e0,2.215847932e-2,1.914519310e0,1.276346207e0,4.925650120e0,-1.520942211e0
train,2595,C1=CC2C3CCOC1C23,6.492636681e0,2.051251650e0,1.914519310e0,1.276346207e0,8.543888092e0,1.313901782e0
train,2596,CC1OC(C2CC2)C1O,8.163415909e0,-9.581757784e-1,1.914519310e0,1.276346207e0,7.205240250e0,2.650879622e-1
train,2597,OC1CCc2cocc21,6.280387878e0,3.450560570e-1,1.914519310e0,1.276346207e0,6.625443935e0,-1.891751587e-1
train,2598,OC12CCC1OC2,8.133483887e0,6.641792059e-1,1.914519310e0,1.276346207e0,8.797662735e0,1.512730956e0
train,2599,CCC1(O)CCC1C=O,5.951130390e0,5.177567005e-1,1.914519310e0,1.276346207e0,6.468887329e0,-3.118352890e-1
train,2600,C1CC23CC(C4OC42)[NH+]13,7.828715801e0,1.066094279e0,1.914519310e0,1.276346207e0,8.894809723e0,1.588844419e0
train,2601,CNc1cc(C)c(N)o1,5.877659321e0,2.296334505e0,1.914519310e0,1.276346207e0,8.173994064e0,1.024094462e0
train,2602,CCC1CC(C)N=CO1,7.385169983e0,4.016079009e-1,1.914519310e0,1.276346207e0,7.786777973e0,7.207154632e-1
train,2603,COCC(CO)OC,9.129420280e0,3.973222256e0,1.914519310e0,1.276346207e0,1.310264206e1,4.885628223e0
train,2604,OC1CC23CCC2OC13,7.823273182e0,5.209292173e-1,1.914519310e0,1.276346207e0,8.344202042e0,1.157450199e0
train,2605,C#CC1(O)C2COC21,6.892644405e0,5.418671370e-1,1.914519310e0,1.276346207e0,7.434511662e0,4.447192550e-1
train,2606,CC(O)C1OCC12CO2,8.394712448e0,-7.084783912e-1,1.914519310e0,1.276346207e0,7.686233997e0,6.419405341e-1
train,2607,CCCC(C)C#N,9.567523003e0,-2.359182835e0,1.914519310e0,1.276346207e0,7.208340168e0,2.675167322e-1
train,2608,N#CC1C(=O)C[NH+]2CC12,5.491257668e0,-4.301586747e-1,1.914519310e0,1.276346207e0,5.061099052e0,-1.414819717e0
train,2609,[NH-][CH+]OC(=O)CN,6.293993473e0,-1.586821079e0,1.914519310e0,1.276346207e0,4.707172394e0,-1.692116857e0
train,2610,CNC(=O)NCCO,8.155252457e0,1.374520659e0,1.914519310e0,1.276346207e0,9.529772758e0,2.086329937e0
train,2611,CC1OCCC1C=O,6.065417767e0,2.321254969e0,1.914519310e0,1.276346207e0,8.386672974e0,1.190725684e0
train,2612,CC1OC2C[NH+]3C1C23C,8.492672920e0,3.163955212e-1,1.914519310e0,1.276346207e0,8.809068680e0,1.521667361e0
train,2613,CC#CC(C)COC,8.318520546e0,-4.346951544e-1,1.914519310e0,1.276346207e0,7.883825302e0,7.967508435e-1
train,2614,C#CC1CC2C(C)C2O1,7.551159859e0,3.763203382e0,1.914519310e0,1.276346207e0,1.131436348e1,3.484534502e0
train,2615,CCC(O)C12CCC1C2,8.604239464e0,-1.219136938e-1,1.914519310e0,1.276346207e0,8.482325554e0,1.265668273e0
train,2616,COCCCNCC#N,7.357958317e0,-1.395972371e0,1.914519310e0,1.276346207e0,5.961986065e0,-7.089860439e-1
train,2617,CC1=CC(C)C(C)CC1,7.118498325e0,-1.682136178e0,1.914519310e0,1.276346207e0,5.436362267e0,-1.120805740e0
train,2618,CC1COC1C1CC1,8.781113625e0,-3.795560002e-1,1.914519310e0,1.276346207e0,8.401557922e0,1.202387810e0
train,2619,CC(C)[NH+]1CC1CC=O,5.589218616e0,6.384794712e-1,1.914519310e0,1.276346207e0,6.227698326e0,-5.008038282e-1
train,2620,CO[CH+][NH2+]C1(C)CC1,6.824615955e0,-1.399167657e0,1.914519310e0,1.276346207e0,5.425448418e0,-1.129356503e0
train,2621,COC12CCCC1C2,9.034179688e0,-1.916014701e-1,1.914519310e0,1.276346207e0,8.842577934e0,1.547921419e0
train,2622,C#CC12CNC1CN2,6.865432262e0,-1.716085434e0,1.914519310e0,1.276346207e0,5.149346828e0,-1.345678687e0
train,2623,COC1(C(C)(C)O)CC1,8.696758270e0,1.729316354e0,1.914519310e0,1.276346207e0,1.042607498e1,2.788571596e0
train,2624,CC(C)(C)C12CCC1C2,8.699480057e0,-4.300165772e-1,1.914519310e0,1.276346207e0,8.269463539e0,1.098893523e0
train,2625,C#CC12CCC1(C#N)C2,6.601481915e0,-1.790573716e0,1.914519310e0,1.276346207e0,4.810908318e0,-1.610841036e0
train,2626,C[NH2+]C1NCC(=O)C1O,5.159278870e0,-6.341787577e-1,1.914519310e0,1.276346207e0,4.525100231e0,-1.834768057e0
train,2627,C[NH+]1CCC(=O)C1CO,5.872217178e0,3.898303270e0,1.914519310e0,1.276346207e0,9.770520210e0,2.274952650e0
train,2628,CC1NC2[NH2+]CCC12O,6.421886921e0,1.313215733e0,1.914519310e0,1.276346207e0,7.735102654e0,6.802285314e-1
train,2629,CCC(C)OCC(C)C,9.026016235e0,7.156946063e-1,1.914519310e0,1.276346207e0,9.741710663e0,2.252380610e0
train,2630,C#CC1=NC2CC2CO1,5.640920639e0,-6.916819215e-1,1.914519310e0,1.276346207e0,4.949238777e0,-1.502460837e0
train,2631,CC12CCC=CC1OC2,6.865432262e0,-9.184789062e-1,1.914519310e0,1.276346207e0,5.946953297e0,-7.207640409e-1
train,2632,OC1C=C2CC(O)C2C1,6.691279888e0,-1.908368021e-1,1.914519310e0,1.276346207e0,6.500442982e0,-2.871118188e-1
train,2633,CC1C2CC(O2)C1(C)O,8.351174355e0,1.182166219e0,1.914519310e0,1.276346207e0,9.533340454e0,2.089125156e0
train,2634,[NH-]C1NC=NCC1O,6.234128475e0,-2.648342550e-1,1.914519310e0,1.276346207e0,5.969294071e0,-7.032603025e-1
train,2635,CCc1nc(O)cn1C,6.035485268e0,5.255646110e-1,1.914519310e0,1.276346207e0,6.561049938e0,-2.396270335e-1
train,2636,C#CC1[CH-]C=C(NO)C1,5.243634224e0,7.751913667e-1,1.914519310e0,1.276346207e0,6.018825531e0,-6.644530296e-1
train,2637,O=CC12CC3CC(O1)C32,5.586497784e0,-5.085341930e-1,1.914519310e0,1.276346207e0,5.077963829e0,-1.401606321e0
train,2638,CCCc1cc(N)on1,6.332089424e0,-6.615887880e-1,1.914519310e0,1.276346207e0,5.670500755e0,-9.373611212e-1
train,2639,CC1NC1c1cc[nH]c1,6.688558578e0,-2.533578873e0,1.914519310e0,1.276346207e0,4.154979706e0,-2.124752760e0
train,2640,O=C1OCC1C1CO1,7.499457359e0,4.652362764e-1,1.914519310e0,1.276346207e0,7.964693546e0,8.601101041e-1
train,2641,CC1NC12C1CC2C1=O,6.840942383e0,1.017990243e-2,1.914519310e0,1.276346207e0,6.851122379e0,-1.235892624e-2
train,2642,N#CC1CCN=CO1,7.240949631e0,1.245736957e0,1.914519310e0,1.276346207e0,8.486686707e0,1.269085169e0
train,2643,C1C2OC3C1C1C2CC31,8.794719696e0,6.724062562e-2,1.914519310e0,1.276346207e0,8.861960411e0,1.563107371e0
train,2644,Nc1nc(O)nc(=O)[nH]1,6.247734070e0,1.527806520e0,1.914519310e0,1.276346207e0,7.775540352e0,7.119109631e-1
train,2645,OC1C2OCC3OC3C12,8.136203766e0,-4.496471882e-1,1.914519310e0,1.276346207e0,7.686556816e0,6.421934366e-1
train,2646,CC1NC1C1(O)CC1C,7.894023418e0,-9.279359579e-1,1.914519310e0,1.276346207e0,6.966087341e0,7.771467417e-2
train,2647,CC12C[NH+]3CC(O)C1C32,7.703543663e0,1.972913027e0,1.914519310e0,1.276346207e0,9.676456451e0,2.201254845e0
train,2648,C1=CC23NCC2OC3C1,5.929360867e0,8.607109189e-1,1.914519310e0,1.276346207e0,6.790071964e0,-6.019115821e-2
train,2649,N#CC(N)C(N)C1CN1,7.213738441e0,-3.097461939e0,1.914519310e0,1.276346207e0,4.116276741e0,-2.155076027e0
train,2650,C1OC2C3NC3C2O1,8.005589485e0,5.084952116e-1,1.914519310e0,1.276346207e0,8.514084816e0,1.290551305e0
train,2651,CC1C(C=O)C1(C)C#N,5.942966461e0,1.829326391e0,1.914519310e0,1.276346207e0,7.772293091e0,7.093667388e-1
train,2652,CC1(C2CO2)COC1,8.609682083e0,6.605397463e-1,1.914519310e0,1.276346207e0,9.270221710e0,1.882974982e0
train,2653,O=CC12OCC1OC2=O,5.518469334e0,-2.584412813e0,1.914519310e0,1.276346207e0,2.934056520e0,-3.081330776e0
train,2654,CC(O)C1NC(=O)C1O,7.289929867e0,-1.194547415e0,1.914519310e0,1.276346207e0,6.095382690e0,-6.044715047e-1
train,2655,C1OCC23COCC12O3,8.903565407e0,-3.083136082e0,1.914519310e0,1.276346207e0,5.820429325e0,-8.198939562e-1
train,2656,OC1(C2CO2)CCC1,9.026016235e0,4.119626522e0,1.914519310e0,1.276346207e0,1.314564323e1,4.919319153e0
train,2657,CC1C=CC2C(=O)OC12,6.710327625e0,-2.979350090e0,1.914519310e0,1.276346207e0,3.730977535e0,-2.456953287e0
train,2658,CCc1c[nH]nc1C#N,6.386512280e0,-3.377427161e-1,1.914519310e0,1.276346207e0,6.048769474e0,-6.409923434e-1
train,2659,N#CC1C2C3CCC3C12,7.994705200e0,1.917032242e0,1.914519310e0,1.276346207e0,9.911737442e0,2.385594606e0
train,2660,C1=CC2C3C=CC1C23,6.364743233e0,1.306254148e0,1.914519310e0,1.276346207e0,7.670997620e0,6.300030351e-1
train,2661,OC1CC2[CH-]COC12,6.342973709e0,-3.255077600e0,1.914519310e0,1.276346207e0,3.087896109e0,-2.960799456e0
train,2662,COC1CCC(NO)C1,6.783798695e0,-1.099904418e0,1.914519310e0,1.276346207e0,5.683894157e0,-9.268675447e-1
train,2663,CCC1OCC1NO,6.666789532e0,1.014775276e0,1.914519310e0,1.276346207e0,7.681564808e0,6.382822990e-1
train,2664,O=CC1NC(=O)N2CC12,5.771534920e0,1.186865211e0,1.914519310e0,1.276346207e0,6.958400249e0,7.169193774e-2
train,2665,COC(=O)C(=O)CCO,4.960635662e0,-2.033123672e-1,1.914519310e0,1.276346207e0,4.757323265e0,-1.652824163e0
train,2666,CCOCc1ncon1,6.299435616e0,2.241187811e0,1.914519310e0,1.276346207e0,8.540623665e0,1.311344147e0
train,2667,CC1Cc2ocnc2O1,5.556564808e0,-1.479208589e0,1.914519310e0,1.276346207e0,4.077356339e0,-2.185569763e0
train,2668,COc1cc(N)[nH]c1N,6.111677170e0,-6.599010468e0,1.914519310e0,1.276346207e0,-4.873332977e-1,-5.761946678e0
train,2669,CC1(C2CNC2=O)CN1,7.624630451e0,3.499375105e0,1.914519310e0,1.276346207e0,1.112400532e1,3.335391045e0
train,2670,CC(=O)c1cnnnn1,3.975583553e0,4.522641659e0,1.914519310e0,1.276346207e0,8.498225212e0,1.278125405e0
train,2671,O=C1C[NH+]2CC3C(O1)C32,6.386512280e0,1.661740303e0,1.914519310e0,1.276346207e0,8.048252106e0,9.255771637e-1
train,2672,N#CC#CC(=O)C1CO1,4.898049831e0,8.072215319e-1,1.914519310e0,1.276346207e0,5.705271244e0,-9.101188779e-1
train,2673,CCCCC(C)CC#N,9.409697533e0,-9.066420794e-1,1.914519310e0,1.276346207e0,8.503055573e0,1.281909943e0
train,2674,CC1CCCCOC=N1,7.083124161e0,7.062225137e-3,1.914519310e0,1.276346207e0,7.090186596e0,1.749448776e-1
train,2675,Cn1nnc(N)n1,5.937524319e0,-1.658591986e0,1.914519310e0,1.276346207e0,4.278932571e0,-2.027637243e0
train,2676,N#CC1=CC2CC[NH+]2C1,5.104856014e0,6.670277596e0,1.914519310e0,1.276346207e0,1.177513313e1,3.845541716e0
train,2677,CCCC(=O)N1CC1,6.898086548e0,7.986554503e-1,1.914519310e0,1.276346207e0,7.696742058e0,6.501734853e-1
train,2678,C[n+]1ccc([NH-])c(O)n1,4.693964005e0,-2.850722313e0,1.914519310e0,1.276346207e0,1.843241692e0,-3.935970545e0
train,2679,CC12COC1C(CO)N2,7.567486763e0,1.558316499e-1,1.914519310e0,1.276346207e0,7.723318577e0,6.709958315e-1
train,2680,C1C2OC34CC(C3)[NH+]1C24,6.699442863e0,-1.405560493e0,1.914519310e0,1.276346207e0,5.293882370e0,-1.232436895e0
train,2681,c1cnccoccn1,4.430013657e0,8.819399476e-1,1.914519310e0,1.276346207e0,5.311953545e0,-1.218278408e0
train,2682,C#CC1(C)CC12CCO2,7.491294384e0,5.018912315e0,1.914519310e0,1.276346207e0,1.251020622e1,4.421462059e0
train,2683,C#CCC1CC1(C)CO,8.517163277e0,3.635542989e-1,1.914519310e0,1.276346207e0,8.880717278e0,1.577803135e0
train,2684,COC(C)C(=O)C1CC1,6.130725384e0,1.336538047e-1,1.914519310e0,1.276346207e0,6.264379025e0,-4.720649719e-1
train,2685,CC1CCCCC(=O)O1,7.148430824e0,2.874211073e-1,1.914519310e0,1.276346207e0,7.435852051e0,4.457694292e-1
train,2686,[NH-]C1OCC1NC1CC1,6.715770245e0,2.864772081e-2,1.914519310e0,1.276346207e0,6.744418144e0,-9.596035630e-2
train,2687,C#Cc1oc(C)nc1N,4.919818878e0,-2.317105532e0,1.914519310e0,1.276346207e0,2.602713346e0,-3.340933800e0
train,2688,Cc1oc(=O)[nH]c1CO,6.190590382e0,-5.398527384e-1,1.914519310e0,1.276346207e0,5.650737762e0,-9.528452158e-1
train,2689,C[NH+]1CC(O)C1CC#N,7.311699390e0,-1.417348623e0,1.914519310e0,1.276346207e0,5.894351006e0,-7.619772553e-1
train,2690,OC12C3C[NH+]4C3C1(O)C42,7.458641052e0,-3.233842179e-2,1.914519310e0,1.276346207e0,7.426302433e0,4.382874072e-1
train,2691,O=C1OCOCC2NC12,6.778356075e0,-1.137779832e0,1.914519310e0,1.276346207e0,5.640576363e0,-9.608065486e-1
train,2692,CC(=O)Nc1ncon1,6.288550854e0,8.169771433e-1,1.914519310e0,1.276346207e0,7.105527878e0,1.869645864e-1
train,2693,CC1[NH+](C)C12CC(O)C2,7.951167107e0,1.720811367e0,1.914519310e0,1.276346207e0,9.671977997e0,2.197746038e0
train,2694,O=C1CCC2OCC1O2,5.806910038e0,1.986381263e-1,1.914519310e0,1.276346207e0,6.005548000e0,-6.748558283e-1
train,2695,Cc1cc(=O)nc(N)o1,5.703506470e0,-9.355045855e-2,1.914519310e0,1.276346207e0,5.609955788e0,-9.847973585e-1
train,2696,CC1=C(NO)C2NC2[CH-]1,5.151115417e0,-1.883818358e-1,1.914519310e0,1.276346207e0,4.962733746e0,-1.491887689e0
train,2697,COc1c[nH]nc1C=O,5.194653511e0,-1.734747648e0,1.914519310e0,1.276346207e0,3.459905863e0,-2.669334412e0
train,2698,C1C(C[NH+]2CC2)C2OC12,8.778392792e0,8.887650073e-2,1.914519310e0,1.276346207e0,8.867269516e0,1.567267060e0
train,2699,COc1c[nH]c(CO)n1,6.016437531e0,5.792100430e-1,1.914519310e0,1.276346207e0,6.595647812e0,-2.125200331e-1
train,2700,C#CC1(C(C)CO)CO1,7.692658901e0,-1.338688970e0,1.914519310e0,1.276346207e0,6.353970051e0,-4.018715322e-1
train,2701,Nc1no[cH+]cc1NO,4.707569599e0,-7.480871081e-1,1.914519310e0,1.276346207e0,3.959482431e0,-2.277922392e0
train,2702,Nc1nc(O)c[nH]1,6.206917286e0,-1.203992724e0,1.914519310e0,1.276346207e0,5.002924442e0,-1.460398793e0
train,2703,C#CCn1nnnn1,6.802846432e0,2.614687979e-1,1.914519310e0,1.276346207e0,7.064315319e0,1.546750665e-1
train,2704,CCNc1cc(N)c[nH]1,5.959293365e0,2.923170328e-1,1.914519310e0,1.276346207e0,6.251610279e0,-4.820691347e-1
train,2705,CC1CCC1C1CC1,9.379764557e0,-1.318645000e0,1.914519310e0,1.276346207e0,8.061119080e0,9.356582761e-1
train,2706,CC(=NO)C1(O)CC1,6.617809296e0,1.019031644e0,1.914519310e0,1.276346207e0,7.636840820e0,6.032416224e-1
train,2707,CNc1nc[nH]c(=O)n1,5.714390755e0,9.903789163e-1,1.914519310e0,1.276346207e0,6.704769611e0,-1.270244867e-1
train,2708,N#CC#CC[NH+]1CC1,5.864053726e0,-5.791530609e-1,1.914519310e0,1.276346207e0,5.284900665e0,-1.239473939e0
train,2709,C#CC1NC1CCC=O,6.168820858e0,3.251513958e0,1.914519310e0,1.276346207e0,9.420334816e0,2.000586748e0
train,2710,COC1CC2C3CC1[NH+]23,8.430087090e0,7.006056905e-1,1.914519310e0,1.276346207e0,9.130692482e0,1.773655653e0
train,2711,CC1([NH+]2CC2)CC1CO,8.040965080e0,2.061792165e-1,1.914519310e0,1.276346207e0,8.247144699e0,1.081407070e0
train,2712,CC1(C#N)CCC(O)C1,8.865469933e0,1.594217308e-2,1.914519310e0,1.276346207e0,8.881412506e0,1.578347921e0
train,2713,CCC(CO)CCC=O,6.231407166e0,1.159717560e0,1.914519310e0,1.276346207e0,7.391124725e0,4.107261300e-1
train,2714,CC1(C)CC2(C)CC12O,8.389269829e0,1.309071928e-1,1.914519310e0,1.276346207e0,8.520176888e0,1.295324326e0
train,2715,CC1(O)C[NH2+]C2NCC21,6.859990120e0,-5.716867924e0,1.914519310e0,1.276346207e0,1.143122196e0,-4.484505177e0
train,2716,CC1OC2C3NC2C13O,7.692658901e0,-1.453654051e0,1.914519310e0,1.276346207e0,6.239005089e0,-4.919451177e-1
train,2717,C#CC(CC)C(C)C=O,6.133446217e0,-2.905759215e-1,1.914519310e0,1.276346207e0,5.842870235e0,-8.023118377e-1
train,2718,C#CC1C2NC2C1(C)C,7.621908665e0,2.558617353e0,1.914519310e0,1.276346207e0,1.018052578e1,2.596186876e0
train,2719,CC1(C#N)CC1O,8.457298279e0,-2.193379641e0,1.914519310e0,1.276346207e0,6.263918877e0,-4.724254906e-1
train,2720,CC12CC(C=O)[NH+]1C2,5.877659321e0,-1.396371126e0,1.914519310e0,1.276346207e0,4.481287956e0,-1.869094372e0
train,2721,CC12CC(=O)C1(CO)N2,5.948409081e0,-6.545912027e-1,1.914519310e0,1.276346207e0,5.293817997e0,-1.232487321e0
train,2722,C[NH2+][CH+]OC(C)C#N,7.308978081e0,7.703190446e-1,1.914519310e0,1.276346207e0,8.079297066e0,9.499005079e-1
train,2723,Nc1nc(N)c(C=O)o1,4.843626976e0,1.210808158e0,1.914519310e0,1.276346207e0,6.054435253e0,-6.365532875e-1
train,2724,O=CCC1OC1CO,6.098071575e0,6.294512749e-1,1.914519310e0,1.276346207e0,6.727522850e0,-1.091976017e-1
train,2725,CCC12CC1C1CC12O,7.526669502e0,4.699128270e-1,1.914519310e0,1.276346207e0,7.996582508e0,8.850947022e-1
train,2726,CC12CC1C(O)C21CO1,8.375664711e0,-3.172772169e0,1.914519310e0,1.276346207e0,5.202892303e0,-1.303726435e0
train,2727,CCCCNC(=O)C=O,4.819136620e0,-1.046903968e0,1.914519310e0,1.276346207e0,3.772232533e0,-2.424630404e0
train,2728,C#CCC(O)COCC,8.076338768e0,-6.306490302e-1,1.914519310e0,1.276346207e0,7.445689678e0,4.534770846e-1
train,2729,N#CC1C=CC2NC12,6.606924534e0,1.880609870e0,1.914519310e0,1.276346207e0,8.487534523e0,1.269749403e0
train,2730,CC#CC(C)C[NH+]1CC1,8.084503174e0,-9.905190468e-1,1.914519310e0,1.276346207e0,7.093984127e0,1.779202074e-1
train,2731,CC1C2C=CC3C1[NH+]23,5.812351704e0,1.095394135e0,1.914519310e0,1.276346207e0,6.907745838e0,3.200484067e-2
train,2732,CC1=CCCC(O)CC1,6.922576904e0,-9.920032024e-1,1.914519310e0,1.276346207e0,5.930573463e0,-7.335974574e-1
train,2733,C#CCCc1cnn[nH]1,6.805567265e0,2.431472540e0,1.914519310e0,1.276346207e0,9.237039566e0,1.856977224e0
train,2734,CC12COC1C21CCC1,8.065455437e0,-2.005636215e0,1.914519310e0,1.276346207e0,6.059819221e0,-6.323350072e-1
train,2735,C#CC12CCC(O1)C2C,7.314420223e0,-1.874600410e0,1.914519310e0,1.276346207e0,5.439819813e0,-1.118096709e0
train,2736,CCC1CC2OC2CO1,9.202890396e0,6.079616547e-1,1.914519310e0,1.276346207e0,9.810852051e0,2.306552172e0
train,2737,C[n+]1nn[nH]c(=O)c1[NH-],5.281730175e0,-7.765505314e-1,1.914519310e0,1.276346207e0,4.505179405e0,-1.850375772e0
train,2738,O=C1CC(CO)CCO1,7.379727840e0,-1.450186968e0,1.914519310e0,1.276346207e0,5.929540634e0,-7.344066501e-1
train,2739,CC1C=CCC(CO)O1,7.224623203e0,9.659337401e-1,1.914519310e0,1.276346207e0,8.190556526e0,1.037070870e0
train,2740,C1=CC(C2CCO2)OC1,6.593318939e0,-7.715616822e-1,1.914519310e0,1.276346207e0,5.821757317e0,-8.188534975e-1
train,2741,O=C1CCCC=CCN1,6.342973709e0,-7.318862081e-1,1.914519310e0,1.276346207e0,5.611087322e0,-9.839107990e-1
train,2742,CC1(C)C(=O)OC12CC2,7.640957355e0,1.917851806e0,1.914519310e0,1.276346207e0,9.558809280e0,2.109079838e0
train,2743,CC12COC3C1NC32,8.557980537e0,1.128152847e0,1.914519310e0,1.276346207e0,9.686133385e0,2.208836555e0
train,2744,C1=CC(C2CO2)CCC1,7.178363323e0,-5.130605102e-1,1.914519310e0,1.276346207e0,6.665302753e0,-1.579462737e-1
train,2745,CCC1CCC1(C)CC,9.600176811e0,-2.155828714e0,1.914519310e0,1.276346207e0,7.444348335e0,4.524261653e-1
train,2746,NC(=[NH+]CCO)C(=O)[O-],5.371527672e0,-2.022036165e-2,1.914519310e0,1.276346207e0,5.351307392e0,-1.187445164e0
train,2747,CC1OC2C=CC1C2O,6.707606792e0,-1.126659036e0,1.914519310e0,1.276346207e0,5.580947876e0,-1.007524729e0
train,2748,CC12CC(NO)C1C2,6.669510841e0,5.458370447e-1,1.914519310e0,1.276346207e0,7.215347767e0,2.730070949e-1
train,2749,CNC(C#N)C(C)CO,7.491294384e0,-1.321525097e0,1.914519310e0,1.276346207e0,6.169769287e0,-5.461905003e-1
train,2750,CC1C2C(=O)C3[NH+]1C23C,6.174263477e0,8.160694838e-1,1.914519310e0,1.276346207e0,6.990333080e0,9.671090543e-2
train,2751,C1=CC(C2CC2)OC1,6.849106312e0,-3.258505583e0,1.914519310e0,1.276346207e0,3.590600729e0,-2.566936731e0
train,2752,O=CNC(C=O)C1CN1,5.613708973e0,2.086497545e-1,1.914519310e0,1.276346207e0,5.822358608e0,-8.183824420e-1
train,2753,Nc1ccc(=O)[nH]c1,4.231370449e0,2.321473837e0,1.914519310e0,1.276346207e0,6.552844048e0,-2.460562587e-1
train,2754,O=CNc1nn[nH]n1,6.144330502e0,1.467309594e0,1.914519310e0,1.276346207e0,7.611639977e0,5.834970474e-1
train,2755,CC1CC(O)(C#N)C1=O,5.472209930e0,9.075810909e-1,1.914519310e0,1.276346207e0,6.379791260e0,-3.816409409e-1
train,2756,COC1(C)C(O)C1C#N,7.551159859e0,1.154570222e0,1.914519310e0,1.276346207e0,8.705730438e0,1.440703154e0
train,2757,CC1NC(C#N)C1C#N,7.208295822e0,-3.975142956e0,1.914519310e0,1.276346207e0,3.233152866e0,-2.846992493e0
train,2758,C#CC12C3CC1(C)C[NH+]32,6.928018570e0,5.000792742e-1,1.914519310e0,1.276346207e0,7.428097725e0,4.396940172e-1
train,2759,CC1[NH2+]C(CO)C(=O)O1,6.636857033e0,5.309419036e-1,1.914519310e0,1.276346207e0,7.167798996e0,2.357532233e-1
train,2760,[NH-]c1[nH+]nnc(N)c1N,4.046332836e0,-1.124633551e-1,1.914519310e0,1.276346207e0,3.933869362e0,-2.297990084e0
train,2761,CC1C2CC(C)(C)C12O,8.522605896e0,6.542138457e-1,1.914519310e0,1.276346207e0,9.176819801e0,1.809795737e0
train,2762,N#CCCc1ccno1,6.625972271e0,3.631279469e-1,1.914519310e0,1.276346207e0,6.989100456e0,9.574516118e-2
train,2763,N#CCC1=NCC([NH-])N1,6.250455379e0,1.428653717e0,1.914519310e0,1.276346207e0,7.679109097e0,6.363582611e-1
train,2764,C#CC(N)c1ncco1,6.606924534e0,4.959915578e-1,1.914519310e0,1.276346207e0,7.102916241e0,1.849184036e-1
train,2765,O=CC1C=CC2OC12,5.714390755e0,5.693721399e-2,1.914519310e0,1.276346207e0,5.771327972e0,-8.583642840e-1
train,2766,OC1(CC2CC2)CC1,8.876354218e0,6.642107964e-1,1.914519310e0,1.276346207e0,9.540565491e0,2.094785929e0
train,2767,O=C1CC2(O)C=CCC12,5.934803009e0,1.494355917e0,1.914519310e0,1.276346207e0,7.429159164e0,4.405256212e-1
train,2768,CCC1OC1(C#N)CC,8.144367218e0,-4.282167181e-2,1.914519310e0,1.276346207e0,8.101545334e0,9.673317671e-1
train,2769,O=CC1OCC1(O)C=O,5.156557560e0,-3.409864187e0,1.914519310e0,1.276346207e0,1.746693373e0,-4.011614799e0
train,2770,CC(=O)CC1NC1C#N,6.389233112e0,-1.236280203e0,1.914519310e0,1.276346207e0,5.152953148e0,-1.342853189e0
train,2771,Cn1cc(N)nn1,5.864053726e0,1.058415890e0,1.914519310e0,1.276346207e0,6.922469616e0,4.354073852e-2
train,2772,C#CC12C[NH+]1C(C)(C)C2,6.922576904e0,1.834113717e0,1.914519310e0,1.276346207e0,8.756690979e0,1.480630159e0
train,2773,O=CCc1cnco1,5.616430283e0,-2.589103937e0,1.914519310e0,1.276346207e0,3.027326345e0,-3.008255005e0
train,2774,[NH-]c1nc(O)n[cH+]o1,5.194653511e0,3.504334018e-2,1.914519310e0,1.276346207e0,5.229696751e0,-1.282725573e0
train,2775,CC(O)C#CCC=O,6.002831459e0,3.620850146e-1,1.914519310e0,1.276346207e0,6.364916325e0,-3.932952583e-1
train,2776,O=CC1CCC=CCC1,5.986505032e0,2.849648714e0,1.914519310e0,1.276346207e0,8.836153984e0,1.542888403e0
train,2777,CC(C)c1ccn(C)n1,7.006931782e0,1.674438864e-1,1.914519310e0,1.276346207e0,7.174375534e0,2.409058511e-1
train,2778,C1=CC2OC23C=CC1C3,5.907591820e0,1.385882854e0,1.914519310e0,1.276346207e0,7.293474674e0,3.342185318e-1
train,2779,C#CC1(CCC)OC1C,7.766129494e0,-2.248520613e0,1.914519310e0,1.276346207e0,5.517608643e0,-1.057150126e0
train,2780,CC(O)C1(O)C(C)C1C,8.440972328e0,-1.785582542e0,1.914519310e0,1.276346207e0,6.655389786e0,-1.657129526e-1
train,2781,CC(C)C1(C)NC1CO,8.533491135e0,3.791300297e0,1.914519310e0,1.276346207e0,1.232479095e1,4.276191711e0
train,2782,CC12C(=O)[CH-]C3CC1C32,4.372869492e0,-1.441531777e-1,1.914519310e0,1.276346207e0,4.228716373e0,-2.066981077e0
train,2783,CC1C2COC12,8.566143990e0,3.209779039e-2,1.914519310e0,1.276346207e0,8.598241806e0,1.356487155e0
train,2784,CCOCC1CCC1O,8.715806961e0,9.450807571e-1,1.914519310e0,1.276346207e0,9.660887718e0,2.189056873e0
train,2785,CCC12C=CC(C1)C2C,6.432771206e0,-4.159608483e-1,1.914519310e0,1.276346207e0,6.016810417e0,-6.660318375e-1
train,2786,C#CC1=CCOC1=O,5.415065765e0,-8.070627451e-1,1.914519310e0,1.276346207e0,4.608003139e0,-1.769814610e0
train,2787,C#Cc1nc(C)[nH]c1O,5.891264915e0,3.824423790e0,1.914519310e0,1.276346207e0,9.715688705e0,2.231992722e0
train,2788,CC12CCC1(C)C2C=O,6.117119789e0,3.405629694e-1,1.914519310e0,1.276346207e0,6.457682610e0,-3.206140399e-1
train,2789,O=COCC(=O)N1CC1,6.677673817e0,5.792169571e-1,1.914519310e0,1.276346207e0,7.256890774e0,3.055555224e-1
train,2790,CC1C2CC3(CO3)C12O,8.538932800e0,6.436391473e-1,1.914519310e0,1.276346207e0,9.182572365e0,1.814302802e0
train,2791,NC1=NC(CO)COC1,6.832778931e0,2.400600910e0,1.914519310e0,1.276346207e0,9.233379364e0,1.854109526e0
train,2792,N#CC12CC(O)C1C2,7.850484848e0,1.899620891e-1,1.914519310e0,1.276346207e0,8.040447235e0,9.194621444e-1
train,2793,c1cnc2cn[nH]c2c1,5.279008865e0,6.623903513e-1,1.914519310e0,1.276346207e0,5.941399097e0,-7.251156569e-1
train,2794,C#CC12CC1N[CH+][NH2+]2,6.729375839e0,-1.126454711e0,1.914519310e0,1.276346207e0,5.602921009e0,-9.903090000e-1
train,2795,O=CC1(O)C2C3C[NH+]2C31,5.469488621e0,-4.736829102e-1,1.914519310e0,1.276346207e0,4.995805740e0,-1.465976238e0
train,2796,C#CCOC,7.861369133e0,7.638737094e-3,1.914519310e0,1.276346207e0,7.869008064e0,7.851417065e-1
train,2797,C[NH2+]C1CCN1C(N)=O,6.593318939e0,7.210347056e-2,1.914519310e0,1.276346207e0,6.665422440e0,-1.578525007e-1
train,2798,OCc1cnc2n1CC2,6.625972271e0,-3.593125939e-1,1.914519310e0,1.276346207e0,6.266659737e0,-4.702780545e-1
train,2799,[NH-]c1[nH]c(N)cc(=O)[nH+]1,5.630035877e0,-8.042100072e-1,1.914519310e0,1.276346207e0,4.825825691e0,-1.599153399e0
train,2800,OC1CC2CC12C1CC1,8.601518631e0,7.693717480e-1,1.914519310e0,1.276346207e0,9.370890617e0,1.961847782e0
train,2801,[NH-]C1CC2C(O1)C1C[NH+]21,7.328026772e0,1.281447172e0,1.914519310e0,1.276346207e0,8.609474182e0,1.365287662e0
train,2802,CC1=CC([NH-])OC(=O)C1,5.866774559e0,4.076257229e0,1.914519310e0,1.276346207e0,9.943031311e0,2.410112858e0
train,2803,Oc1ccoc1N1CC1,5.839563370e0,-1.568912864e0,1.914519310e0,1.276346207e0,4.270650387e0,-2.034126282e0
train,2804,COCC1CCC([NH-])O1,7.812388420e0,-2.167180300e0,1.914519310e0,1.276346207e0,5.645208359e0,-9.571774006e-1
train,2805,C1C2OC3C2C2OC1C32,8.296751022e0,9.540982246e0,1.914519310e0,1.276346207e0,1.783773422e1,8.595513344e0
train,2806,NC(=O)NC=O,6.585155487e0,2.435025387e-2,1.914519310e0,1.276346207e0,6.609505653e0,-2.016626000e-1
train,2807,COc1nn[nH]c1N,5.831399918e0,-4.453835189e-1,1.914519310e0,1.276346207e0,5.386016369e0,-1.160251021e0
train,2808,C1C[NH2+]C2OC3C(N1)C23,5.945687771e0,-2.298726797e0,1.914519310e0,1.276346207e0,3.646960974e0,-2.522779226e0
train,2809,[NH3+]C1CC1(CO)C(=O)[O-],4.198717117e0,4.732330441e-1,1.914519310e0,1.276346207e0,4.671950340e0,-1.719712853e0
train,2810,CC1=CC(=O)N2C(C)C12,5.455882549e0,-8.261159658e-1,1.914519310e0,1.276346207e0,4.629766464e0,-1.752763391e0
train,2811,O=CC1(C=O)C[NH2+][CH+]N1,5.129346371e0,-1.977050066e0,1.914519310e0,1.276346207e0,3.152296305e0,-2.910342693e0
train,2812,CCCC1OCC12CO2,8.840979576e0,6.981309056e-1,1.914519310e0,1.276346207e0,9.539110184e0,2.093645811e0
train,2813,CNC(C#N)C1COC1,7.529390335e0,1.431234181e-2,1.914519310e0,1.276346207e0,7.543702602e0,5.302689672e-1
train,2814,CC(C)(C)C12CC1CO2,8.370222092e0,5.132649094e-2,1.914519310e0,1.276346207e0,8.421548843e0,1.218050480e0
train,2815,[NH-]C1NC(=O)CNC1=O,5.845005512e0,-2.146611691e0,1.914519310e0,1.276346207e0,3.698393822e0,-2.482482195e0
train,2816,Cc1nnn2c1NCC2,6.119840622e0,-1.592899710e-1,1.914519310e0,1.276346207e0,5.960550785e0,-7.101106048e-1
train,2817,NC(=O)N1C=CC2CC21,5.785140514e0,3.350490332e0,1.914519310e0,1.276346207e0,9.135630608e0,1.777524590e0
train,2818,CCC1(C=O)NC1C=O,5.575613022e0,-5.453661680e-1,1.914519310e0,1.276346207e0,5.030246735e0,-1.438992143e0
train,2819,CCC1C2C(O)C(O)C12,8.288588524e0,-2.097024441e0,1.914519310e0,1.276346207e0,6.191564083e0,-5.291145444e-1
train,2820,COC(C)COC=O,7.676331520e0,1.561608315e0,1.914519310e0,1.276346207e0,9.237939835e0,1.857682586e0
train,2821,CCn1c(O)cnc1C,6.454540730e0,1.614170790e0,1.914519310e0,1.276346207e0,8.068711281e0,9.416067004e-1
train,2822,CCC1COC([NH-])C1O,7.548438072e0,3.971303940e0,1.914519310e0,1.276346207e0,1.151974201e1,3.645445824e0
train,2823,[NH-]C1ONC=C[CH+]1C=O,3.861295700e0,3.480410576e-1,1.914519310e0,1.276346207e0,4.209336758e0,-2.082164764e0
train,2824,CC12C3[NH2+][CH+][NH+]1[CH+][NH2+]C32,5.523910999e0,-1.504894197e-1,1.914519310e0,1.276346207e0,5.373421669e0,-1.170118809e0
train,2825,CC1CN2C(=O)C=CC12,5.602824211e0,-1.268284440e0,1.914519310e0,1.276346207e0,4.334539890e0,-1.984069705e0
train,2826,CC(=O)C1(O)COC1C,5.823236465e0,8.936666846e-1,1.914519310e0,1.276346207e0,6.716903210e0,-1.175179631e-1
train,2827,C#CCOC(=O)C(C)=O,4.933423996e0,-2.933321238e0,1.914519310e0,1.276346207e0,2.000102758e0,-3.813071728e0
train,2828,CC1C2C(O)C3C2[NH+]13,8.157973289e0,3.512571812e0,1.914519310e0,1.276346207e0,1.167054558e1,3.763598680e0
train,2829,CC1NC1C1(C=O)CN1,6.059975624e0,1.742526889e0,1.914519310e0,1.276346207e0,7.802502632e0,7.330355644e-1
train,2830,Cn1ccc(=O)nc1F,5.741602421e0,1.755923271e0,1.914519310e0,1.276346207e0,7.497525692e0,4.940899312e-1
train,2831,CC1NC1C(=O)C1CO1,5.635478020e0,-4.531054020e0,1.914519310e0,1.276346207e0,1.104424000e0,-4.514824867e0
train,2832,C1CC23CC2COCC13,8.960708618e0,-1.703859568e-1,1.914519310e0,1.276346207e0,8.790322304e0,1.506979823e0
train,2833,COC1(C#N)C[NH+](C)C1,6.694001198e0,-3.312001467e0,1.914519310e0,1.276346207e0,3.381999731e0,-2.730372906e0
train,2834,O=CC1CCC1[NH+]1CC1,6.024600506e0,1.472058892e0,1.914519310e0,1.276346207e0,7.496659279e0,4.934111238e-1
train,2835,COc1[nH]c(O)cc1O,6.182426929e0,8.768724799e-1,1.914519310e0,1.276346207e0,7.059299469e0,1.507452130e-1
train,2836,N#CC12CC3CC1CC32,8.334847450e0,-1.324260354e0,1.914519310e0,1.276346207e0,7.010587215e0,1.125797704e-1
train,2837,[NH-][CH+]OCCCC=O,6.258618832e0,7.969000340e-1,1.914519310e0,1.276346207e0,7.055519104e0,1.477833390e-1
train,2838,CC(O)C(C)(O)C(C)O,8.174300194e0,-4.749890268e-1,1.914519310e0,1.276346207e0,7.699311256e0,6.521863937e-1
train,2839,C1CC2CCC1O2,8.906287193e0,1.983202249e-2,1.914519310e0,1.276346207e0,8.926118851e0,1.613374710e0
train,2840,O=CNCC12C[NH+](C1)C2,6.821894169e0,-2.063744545e0,1.914519310e0,1.276346207e0,4.758149624e0,-1.652176738e0
train,2841,COCCN(C)C(N)=O,7.923955917e0,3.803839982e-1,1.914519310e0,1.276346207e0,8.304340363e0,1.126219153e0
train,2842,O=C1C=CNCCCC1,4.903491497e0,-1.343467552e-2,1.914519310e0,1.276346207e0,4.890056610e0,-1.548829317e0
train,2843,C1=CCC2(C=CC1)CO2,6.873596191e0,4.396248236e-2,1.914519310e0,1.276346207e0,6.917558670e0,3.969307244e-2
train,2844,CO[CH+][NH2+]C(C)(C)CO,7.328026772e0,4.887607694e-1,1.914519310e0,1.276346207e0,7.816787720e0,7.442277074e-1
train,2845,[NH-][CH+]OC1CC2NC21,7.189248085e0,1.498295426e0,1.914519310e0,1.276346207e0,8.687543869e0,1.426454186e0
train,2846,C[NH+]1CC2(CO2)C1,8.079060555e0,-6.535857201e0,1.914519310e0,1.276346207e0,1.543203354e0,-4.171046734e0
train,2847,C1=CC2OC1C1OC21,6.615087986e0,-6.640018225e-1,1.914519310e0,1.276346207e0,5.951086044e0,-7.175260782e-1
train,2848,C[NH+]1C(C=O)C1(C)C=O,4.979683399e0,-1.929453492e0,1.914519310e0,1.276346207e0,3.050230026e0,-2.990310431e0
train,2849,NC1[NH2+]CC2[NH2+][CH+]OC12,6.764750481e0,-2.989565611e0,1.914519310e0,1.276346207e0,3.775184870e0,-2.422317266e0
train,2850,COC1=NCC([NH-])N1,6.596040249e0,-3.382841945e-1,1.914519310e0,1.276346207e0,6.257756233e0,-4.772538543e-1
train,2851,C1=CC2CC3CC1C2O3,6.840942383e0,3.172282696e0,1.914519310e0,1.276346207e0,1.001322556e1,2.465109110e0
train,2852,CCC1(CC)CCC1O,8.900844574e0,-9.843198657e-1,1.914519310e0,1.276346207e0,7.916524887e0,8.223705292e-1
train,2853,N#CC1(O)C2OCOC21,6.933460712e0,1.288576722e-1,1.914519310e0,1.276346207e0,7.062318325e0,1.531104445e-1
train,2854,CC1OCOC(=O)C1N,6.658626080e0,3.071840405e-1,1.914519310e0,1.276346207e0,6.965810299e0,7.749761641e-2
train,2855,CC(C(=O)CO)[NH+]1CC1,6.182426929e0,1.095458865e-2,1.914519310e0,1.276346207e0,6.193381310e0,-5.276907682e-1
train,2856,O=C1CC2C(CO)[NH+]2C1,5.602824211e0,-6.719774604e-1,1.914519310e0,1.276346207e0,4.930846691e0,-1.516870856e0
train,2857,CC12CCC(C1)NC2=O,7.230065346e0,1.601833820e0,1.914519310e0,1.276346207e0,8.831899643e0,1.539555192e0
train,2858,CC1(O)C2CC1N2C=O,6.811009407e0,-4.856178463e-1,1.914519310e0,1.276346207e0,6.325391769e0,-4.242622554e-1
train,2859,CC1OCC2(CO)OC12,8.846421242e0,4.309418797e-1,1.914519310e0,1.276346207e0,9.277362823e0,1.888569951e0
train,2860,OC1C2[CH-]C3C4C1C2C34,4.862674713e0,-4.141009152e-1,1.914519310e0,1.276346207e0,4.448573589e0,-1.894725680e0
train,2861,CC(C)C1COC1(C)C,8.547096252e0,-1.824161291e0,1.914519310e0,1.276346207e0,6.722934723e0,-1.127923429e-1
train,2862,CCC1C2C3CC2C13O,8.838258743e0,4.914033115e-1,1.914519310e0,1.276346207e0,9.329662323e0,1.929545999e0
train,2863,CNc1c[nH]c(CO)c1,5.752487183e0,-3.810456693e-1,1.914519310e0,1.276346207e0,5.371441364e0,-1.171670437e0
train,2864,C1C2OC3C2[NH+]2C1C32,8.021917343e0,-1.355397105e-1,1.914519310e0,1.276346207e0,7.886377811e0,7.987506986e-1
train,2865,O=CC1C2C3C[NH+]1C32,5.591939926e0,4.498775899e-1,1.914519310e0,1.276346207e0,6.041817665e0,-6.464390159e-1
train,2866,O=CC1=CNC(=O)C1=O,3.646325827e0,6.308403969e0,1.914519310e0,1.276346207e0,9.954730034e0,2.419278622e0
train,2867,NC(=O)C[NH+]1CC(=O)C1,5.627314568e0,6.015407443e-1,1.914519310e0,1.276346207e0,6.228855133e0,-4.998974800e-1
train,2868,C1C2C3C4CC3[NH+]4C12,8.751181602e0,-1.194586515e0,1.914519310e0,1.276346207e0,7.556594849e0,5.403698683e-1
train,2869,CC1CCC(NO)C1C,6.791961670e0,5.287466645e-1,1.914519310e0,1.276346207e0,7.320708275e0,3.555557132e-1
train,2870,CC(C)C1OC(=O)C1C,7.646399021e0,1.700417757e0,1.914519310e0,1.276346207e0,9.346817017e0,1.942986488e0
train,2871,C#CC1COC2(CC2)C1,7.736196995e0,2.679454982e-1,1.914519310e0,1.276346207e0,8.004142761e0,8.910180330e-1
train,2872,C#CCCNC(=O)C=O,4.759271145e0,-2.281548023e0,1.914519310e0,1.276346207e0,2.477723122e0,-3.438862324e0
train,2873,C#CC(C)(C)O[CH+][NH-],7.684495449e0,-1.184882283e0,1.914519310e0,1.276346207e0,6.499613285e0,-2.877618968e-1
train,2874,C#CC1(O)CC1(O)C#C,7.091287136e0,6.995717525e0,1.914519310e0,1.276346207e0,1.408700466e1,5.656863689e0
train,2875,C#CCC1CC(C)(C)C1,8.487231255e0,3.696363211e0,1.914519310e0,1.276346207e0,1.218359470e1,4.165565968e0
train,2876,[NH-]C1OC2CC(O)C12,7.548438072e0,-7.541031837e0,1.914519310e0,1.276346207e0,7.406234741e-3,-5.374324322e0
train,2877,C[NH+]1CC1(C=O)C1CN1,5.298057079e0,-3.622794449e-1,1.914519310e0,1.276346207e0,4.935777664e0,-1.513007402e0
train,2878,CC12CC3COC1C2O3,8.220560074e0,-4.597032547e0,1.914519310e0,1.276346207e0,3.623527527e0,-2.541138887e0
train,2879,OCCCCC(F)(F)F,9.349832535e0,-1.395033121e0,1.914519310e0,1.276346207e0,7.954799652e0,8.523583412e-1
train,2880,CC(=O)C1(C)CCC1O,5.948409081e0,-1.153138518e0,1.914519310e0,1.276346207e0,4.795270443e0,-1.623093128e0
train,2881,CCCC#CC(=O)CC,5.703506470e0,-1.586353779e0,1.914519310e0,1.276346207e0,4.117152691e0,-2.154389858e0
train,2882,COC1(C)COC12CC2,8.193347931e0,-7.697492838e-1,1.914519310e0,1.276346207e0,7.423598766e0,4.361691177e-1
train,2883,C#CC1(C)COC1[NH2+]C,7.382448673e0,2.154787444e-2,1.914519310e0,1.276346207e0,7.403996468e0,4.208109677e-1
train,2884,N#CC1OC(=O)C1N,6.721211910e0,1.453521013e0,1.914519310e0,1.276346207e0,8.174733162e0,1.024673462e0
train,2885,CC1(C2COCO2)CO1,9.257313728e0,7.745457292e-1,1.914519310e0,1.276346207e0,1.003185940e1,2.479708672e0
train,2886,[NH-]C1OC2C3CC1C2O3,7.518506050e0,-1.092438772e-1,1.914519310e0,1.276346207e0,7.409262180e0,4.249365926e-1
train,2887,[H]N=C(NC=O)OC,6.783798695e0,-1.256607533e0,1.914519310e0,1.276346207e0,5.527191162e0,-1.049642444e0
train,2888,CCc1nn(C)cc1C,6.791961670e0,3.172000349e-1,1.914519310e0,1.276346207e0,7.109161854e0,1.898117661e-1
train,2889,O=CCNc1ccoc1,4.748386860e0,-3.944630325e-1,1.914519310e0,1.276346207e0,4.353923798e0,-1.968882680e0
train,2890,CC#CC1(O)CCC1,7.635515213e0,-1.559729457e0,1.914519310e0,1.276346207e0,6.075785637e0,-6.198255420e-1
train,2891,CC1=CC2OC2C1(C)C,6.596040249e0,4.293774962e-1,1.914519310e0,1.276346207e0,7.025417805e0,1.241993457e-1
train,2892,CC(C=O)c1cnc[nH]1,4.756549835e0,-1.893234730e0,1.914519310e0,1.276346207e0,2.863315105e0,-3.136755705e0
train,2893,CC12C=CCC3OC1C32,6.435492516e0,4.233834445e-1,1.914519310e0,1.276346207e0,6.858875751e0,-6.284256931e-3
train,2894,C[NH+]1CC2OC2(CO)C1,7.189248085e0,1.512447119e0,1.914519310e0,1.276346207e0,8.701695442e0,1.437541842e0
train,2895,C#CC1CC2OC3C1C23,7.738917828e0,2.058418036e0,1.914519310e0,1.276346207e0,9.797335625e0,2.295962095e0
train,2896,O=CC1C(C=O)N1C=O,5.523910999e0,-1.038139701e0,1.914519310e0,1.276346207e0,4.485771179e0,-1.865581870e0
train,2897,CC1CC=CCC1,7.292651653e0,3.143247664e-1,1.914519310e0,1.276346207e0,7.606976509e0,5.798432827e-1
train,2898,C#CC1(O)C(O)C1(C)C,6.816452026e0,-1.766840965e-1,1.914519310e0,1.276346207e0,6.639768124e0,-1.779523343e-1
train,2899,O=C1C=C2CCCC2O1,6.125282764e0,1.386879534e-1,1.914519310e0,1.276346207e0,6.263970852e0,-4.723847806e-1
train,2900,N#CCCOCC(N)=O,7.513063908e0,-1.151964426e0,1.914519310e0,1.276346207e0,6.361099243e0,-3.962858915e-1
train,2901,N#CCCCOC(N)=O,8.416481972e0,5.870098472e-1,1.914519310e0,1.276346207e0,9.003491402e0,1.673995137e0
train,2902,CCC1NC1(C)C1CN1,8.283145905e0,1.755001903e0,1.914519310e0,1.276346207e0,1.003814793e1,2.484635592e0
train,2903,CC1(C)OCC=CC1=O,4.810973167e0,8.703534007e-1,1.914519310e0,1.276346207e0,5.681326389e0,-9.288793802e-1
train,2904,C#Cc1[nH]ncc1N,5.107577324e0,-1.091201976e-1,1.914519310e0,1.276346207e0,4.998456955e0,-1.463899016e0
train,2905,O=Cc1ccoc(=O)n1,4.269466400e0,-8.798165321e-1,1.914519310e0,1.276346207e0,3.389649868e0,-2.724379063e0
train,2906,C#CC(C)(CC)C1CC1,8.606961250e0,-6.300407648e-1,1.914519310e0,1.276346207e0,7.976920605e0,8.696898222e-1
train,2907,CC(C)C1CCOC=N1,7.333467960e0,2.235055447e0,1.914519310e0,1.276346207e0,9.568523407e0,2.116690636e0
train,2908,[NH-]C1CC2OCC2O1,7.774292946e0,-3.334872723e-1,1.914519310e0,1.276346207e0,7.440805435e0,4.496503472e-1
train,2909,N#CC1(C2CO2)CCC1,8.446413994e0,6.040343046e-1,1.914519310e0,1.276346207e0,9.050448418e0,1.710785389e0
train,2910,CC1C2CC3OC1C32,8.549818039e0,-6.810264587e-1,1.914519310e0,1.276346207e0,7.868791580e0,7.849721313e-1
train,2911,CCCC12COCC1C2,9.047785759e0,-2.807524800e-1,1.914519310e0,1.276346207e0,8.767033577e0,1.488733411e0
train,2912,CC#CC1OCC2CC21,7.847763538e0,-4.663187861e-1,1.914519310e0,1.276346207e0,7.381444931e0,4.031421244e-1
train,2913,O=C(CO)C1OC1CO,6.206917286e0,-8.674047589e-1,1.914519310e0,1.276346207e0,5.339512348e0,-1.196686387e0
train,2914,CC(O)C1COC1C,8.329405785e0,-1.627826214e0,1.914519310e0,1.276346207e0,6.701579571e0,-1.295238435e-1
train,2915,CC1NC12CC1C(O)C12,7.970214844e0,2.009593844e-1,1.914519310e0,1.276346207e0,8.171174049e0,1.021884918e0
train,2916,CC(=O)N(C)CC1CO1,7.262719154e0,5.929364264e-2,1.914519310e0,1.276346207e0,7.322012901e0,3.565778732e-1
train,2917,Cc1cc(N)cc(N)c1,5.619151115e0,-4.074330628e-1,1.914519310e0,1.276346207e0,5.211718082e0,-1.296811581e0
train,2918,O=C1OC2CC1CCO2,7.398775578e0,7.752233744e-1,1.914519310e0,1.276346207e0,8.173998833e0,1.024098158e0
train,2919,NC(=O)n1cncc1N,4.838184357e0,-4.462720752e-1,1.914519310e0,1.276346207e0,4.391912460e0,-1.939118981e0
train,2920,C#CC12CC1(O)CO2,6.508963585e0,-1.755034804e0,1.914519310e0,1.276346207e0,4.753928661e0,-1.655483842e0
train,2921,CC12CC3C1C1(C)C2[NH+]31,8.198790550e0,-2.101884842e0,1.914519310e0,1.276346207e0,6.096905708e0,-6.032782197e-1
train,2922,C1CC(CC2CCC2)C1,9.725349426e0,5.127339363e0,1.914519310e0,1.276346207e0,1.485268879e1,6.256767750e0
train,2923,CC1(C#N)CC(NO)C1,6.721211910e0,9.785685539e-1,1.914519310e0,1.276346207e0,7.699780464e0,6.525540352e-1
train,2924,CCOCC1C[NH+]1CC,8.084503174e0,1.424329996e0,1.914519310e0,1.276346207e0,9.508832932e0,2.069923878e0
train,2925,c1onc2c1NCCN2,5.880380630e0,-1.637277305e-1,1.914519310e0,1.276346207e0,5.716652870e0,-9.012015462e-1
train,2926,C1=Cc2ocnc2CC1,4.791924953e0,-2.545264244e0,1.914519310e0,1.276346207e0,2.246660709e0,-3.619896889e0
train,2927,C#CC(C=O)C1CN1,5.823236465e0,-5.955684781e-1,1.914519310e0,1.276346207e0,5.227667809e0,-1.284315228e0
train,2928,C#CC1(CC=O)CC1,5.953851223e0,-1.116944075e0,1.914519310e0,1.276346207e0,4.836907387e0,-1.590471029e0
train,2929,CC(C)(C)n1cccc1,6.740260601e0,6.773611903e-2,1.914519310e0,1.276346207e0,6.807996750e0,-4.614731669e-2
train,2930,Nc1cc(C2CC2)[nH]n1,6.190590382e0,-2.886673212e0,1.914519310e0,1.276346207e0,3.303917170e0,-2.791549683e0
train,2931,C#CC1(CO)COC1=O,6.979720592e0,-1.463428020e0,1.914519310e0,1.276346207e0,5.516292572e0,-1.058181286e0
train,2932,[NH-]C1=CNC=NC(O)=C1,3.853132248e0,-6.447616816e-1,1.914519310e0,1.276346207e0,3.208370686e0,-2.866409063e0
train,2933,Cc1nn(C)cc1O,6.291272163e0,-2.534458935e-1,1.914519310e0,1.276346207e0,6.037826061e0,-6.495663524e-1
train,2934,O=C1CNCC2CCC12,5.202816963e0,1.037775636e0,1.914519310e0,1.276346207e0,6.240592480e0,-4.907014370e-1
train,2935,CCc1cc(O)c(C)o1,5.855890274e0,-1.174343228e-1,1.914519310e0,1.276346207e0,5.738455772e0,-8.841192126e-1
train,2936,C#CC#CCC(=O)C#N,4.514369011e0,-1.799922734e-1,1.914519310e0,1.276346207e0,4.334376812e0,-1.984197497e0
train,2937,N#CC1C2CCCC1O2,7.532111645e0,1.145606399e0,1.914519310e0,1.276346207e0,8.677718163e0,1.418755889e0
train,2938,Cc1c[nH]c(O[CH+][NH-])n1,5.910312653e0,5.323422374e-4,1.914519310e0,1.276346207e0,5.910844803e0,-7.490546107e-1
train,2939,c1cc2c([nH]1)CCCO2,6.182426929e0,-3.367886841e-1,1.914519310e0,1.276346207e0,5.845638275e0,-8.001430631e-1
train,2940,CC1CC=CC(=O)OC1,6.005552769e0,-1.404004455e0,1.914519310e0,1.276346207e0,4.601548195e0,-1.774872065e0
train,2941,CC(O)(C#N)CC1CO1,8.669547081e0,-1.582537293e0,1.914519310e0,1.276346207e0,7.087009907e0,1.724559814e-1
train,2942,CCCNC(=O)N1CC1,7.673610687e0,4.069229066e-1,1.914519310e0,1.276346207e0,8.080533981e0,9.508696198e-1
train,2943,CC1(C#CC#N)CC1O,6.147051811e0,6.400370002e-1,1.914519310e0,1.276346207e0,6.787088871e0,-6.252837926e-2
train,2944,O=CC1C2COCC12O,5.942966461e0,1.716697812e-1,1.914519310e0,1.276346207e0,6.114636421e0,-5.893864036e-1
train,2945,CCC12C(O)C3C1CC32,8.688595772e0,-1.810049176e0,1.914519310e0,1.276346207e0,6.878546715e0,9.127695113e-3
train,2946,O=C1CC2CCCCC12,6.049090862e0,-2.897801399e0,1.914519310e0,1.276346207e0,3.151289463e0,-2.911131620e0
train,2947,O=C1COC12CC1NC12,5.480372906e0,-2.140463114e0,1.914519310e0,1.276346207e0,3.339909792e0,-2.763349771e0
train,2948,CCC1CNC(=O)C1O,7.047749043e0,-2.036063433e0,1.914519310e0,1.276346207e0,5.011685371e0,-1.453534722e0
train,2949,Nc1cc(=O)cc(N)o1,5.708949089e0,-1.324952483e0,1.914519310e0,1.276346207e0,4.383996487e0,-1.945321083e0
train,2950,C#CC1C(C)CN1C=O,7.118498325e0,1.456197262e0,1.914519310e0,1.276346207e0,8.574695587e0,1.338039041e0
train,2951,CC1CC2(C)CC(O)C12,8.557980537e0,7.762830257e-1,1.914519310e0,1.276346207e0,9.334263802e0,1.933151126e0
train,2952,CCCC(=O)CCC=O,6.201474667e0,7.260024548e-1,1.914519310e0,1.276346207e0,6.927476883e0,4.746386781e-2
train,2953,CC(=O)C(O)C#CCO,6.000110626e0,3.497859836e-1,1.914519310e0,1.276346207e0,6.349896431e0,-4.050631523e-1
train,2954,C#CC12CCC1C2C,7.273603439e0,3.646448135e0,1.914519310e0,1.276346207e0,1.092005157e1,3.175595999e0
train,2955,CC12OCC3CC1C32C,8.351174355e0,-1.380394816e0,1.914519310e0,1.276346207e0,6.970779419e0,8.139085770e-2
train,2956,CC(CO)C(C)(C)O,8.928055763e0,-2.047929764e0,1.914519310e0,1.276346207e0,6.880125999e0,1.036504563e-2
train,2957,O=CC12C[NH+]1CCC2O,5.673573971e0,-2.955469131e0,1.914519310e0,1.276346207e0,2.718104839e0,-3.250526190e0
train,2958,CCCc1nc[nH]n1,7.298093796e0,-2.095758915e0,1.914519310e0,1.276346207e0,5.202334881e0,-1.304163218e0
train,2959,OC12C=CC(C1)C1OC12,6.859990120e0,2.682633996e-1,1.914519310e0,1.276346207e0,7.128253460e0,2.047697902e-1
train,2960,C1CC2OC23COC3[NH2+]1,6.813731194e0,2.723641992e-1,1.914519310e0,1.276346207e0,7.086095333e0,1.717394292e-1
train,2961,Nc1n[nH]c(=O)nc1N,4.666752815e0,3.075633347e-1,1.914519310e0,1.276346207e0,4.974316120e0,-1.482813001e0
train,2962,OC12CCCC(C1)C2,8.813768387e0,-1.942006648e-1,1.914519310e0,1.276346207e0,8.619567871e0,1.373195887e0
train,2963,N#CC12CC1CO2,6.914412975e0,-2.501008034e0,1.914519310e0,1.276346207e0,4.413404942e0,-1.922279954e0
train,2964,O=C1CCC2CC2C1,6.095350742e0,-3.636923552e0,1.914519310e0,1.276346207e0,2.458427191e0,-3.453980207e0
train,2965,O=CCc1ncncn1,5.401460171e0,-6.951896548e-1,1.914519310e0,1.276346207e0,4.706270695e0,-1.692823291e0
train,2966,Nc1c[nH]nc1CO,5.934803009e0,5.842677951e-1,1.914519310e0,1.276346207e0,6.519070625e0,-2.725172937e-1
train,2967,COCC1C2C[NH+]1C2,8.343010902e0,-4.525789022e-1,1.914519310e0,1.276346207e0,7.890431881e0,8.019270301e-1
train,2968,O=C1CC2CC(N1)C2O,7.202853680e0,-1.873986274e-1,1.914519310e0,1.276346207e0,7.015455246e0,1.163938120e-1
train,2969,CC1C[NH+]2C(C)C12CO,8.272260666e0,1.121827006e0,1.914519310e0,1.276346207e0,9.394087791e0,1.980022550e0
train,2970,O=C1CC2CNC(=O)C12,5.815073013e0,3.318839550e0,1.914519310e0,1.276346207e0,9.133913040e0,1.776178837e0
train,2971,O=C1NCC2NC12CO,6.996047020e0,4.020456970e-1,1.914519310e0,1.276346207e0,7.398092747e0,4.161854684e-1
train,2972,CC(C)C1OC1(C)C#N,8.130762100e0,7.617811561e-1,1.914519310e0,1.276346207e0,8.892542839e0,1.587068319e0
train,2973,CC1COCC12CCO2,8.353896141e0,-4.526869059e-1,1.914519310e0,1.276346207e0,7.901209354e0,8.103710413e-1
train,2974,CNC(=O)C1CN1,7.363400936e0,6.499941349e-1,1.914519310e0,1.276346207e0,8.013395309e0,8.982673287e-1
train,2975,[H]N=C(C=O)N1CCC1=O,5.216422558e0,5.660687685e-1,1.914519310e0,1.276346207e0,5.782491207e0,-8.496180177e-1
train,2976,O=C1NCC(O)CO1,8.193347931e0,-3.091217995e0,1.914519310e0,1.276346207e0,5.102129936e0,-1.382672548e0
train,2977,CC(O)C12COC(C1)C2,8.068176270e0,-5.044754744e-1,1.914519310e0,1.276346207e0,7.563700676e0,5.459372401e-1
train,2978,COC12CC1COC2C,9.047785759e0,-2.510635853e0,1.914519310e0,1.276346207e0,6.537149906e0,-2.583524287e-1
train,2979,CC12C(O)COC1C2O,8.628729820e0,2.090335846e0,1.914519310e0,1.276346207e0,1.071906567e1,3.018126011e0
train,2980,CCC12CCC1C2OC,8.808325768e0,1.182770729e0,1.914519310e0,1.276346207e0,9.991096497e0,2.447771311e0
train,2981,C#CCC#CC,7.894023418e0,-3.004918814e0,1.914519310e0,1.276346207e0,4.889104843e0,-1.549574971e0
train,2982,C#Cc1cc[nH]c1C,5.896707535e0,-1.332999587e0,1.914519310e0,1.276346207e0,4.563707829e0,-1.804519534e0
train,2983,CC1OCC2CC(=O)C21,5.793303967e0,2.019839764e0,1.914519310e0,1.276346207e0,7.813143730e0,7.413727045e-1
train,2984,C1=C2[CH+][NH2+][CH+]C2=CON1,4.073544502e0,-1.676079035e-1,1.914519310e0,1.276346207e0,3.905936718e0,-2.319875002e0
train,2985,N#CCNC=O,7.542996407e0,9.341158867e-1,1.914519310e0,1.276346207e0,8.477111816e0,1.261583328e0
train,2986,C#CCC1OCC1C#N,7.385169983e0,6.849519014e-1,1.914519310e0,1.276346207e0,8.070121765e0,9.427117705e-1
train,2987,O=COC12C[NH+]3CC1C32,6.394675732e0,5.045719743e-1,1.914519310e0,1.276346207e0,6.899247646e0,2.534661442e-2
train,2988,O=CC(O)C12CC[NH+]1C2,5.575613022e0,-2.440265894e0,1.914519310e0,1.276346207e0,3.135347128e0,-2.923622131e0
train,2989,OC1C2C3C=CC1(O)C32,6.440935135e0,9.906036258e-1,1.914519310e0,1.276346207e0,7.431538582e0,4.423898757e-1
train,2990,C1CC23COC24CC3C14,8.043685913e0,-2.030080557e0,1.914519310e0,1.276346207e0,6.013605118e0,-6.685431600e-1
train,2991,CC1(C=O)COCCN1,5.379690647e0,-2.090204477e0,1.914519310e0,1.276346207e0,3.289486170e0,-2.802856207e0
train,2992,Cc1nc(F)c[nH]c1=O,4.348379135e0,1.864117503e0,1.914519310e0,1.276346207e0,6.212496758e0,-5.127140880e-1
train,2993,C1=CC2OC2(C2CC2)C1,6.623250961e0,-2.337466240e0,1.914519310e0,1.276346207e0,4.285784721e0,-2.022268772e0
train,2994,CC#CC1(C#N)CC1O,7.172921181e0,6.573143601e-1,1.914519310e0,1.276346207e0,7.830235481e0,7.547639012e-1
train,2995,C1NC12C1NC2C12CN2,8.223280907e0,5.996240973e-1,1.914519310e0,1.276346207e0,8.822904587e0,1.532507658e0
train,2996,C1CCC2(CC1)CCC2,9.510379791e0,7.673548907e-2,1.914519310e0,1.276346207e0,9.587115288e0,2.131257057e0
train,2997,c1nnn2c1CNCC2,6.816452026e0,-2.266941220e-2,1.914519310e0,1.276346207e0,6.793782711e0,-5.728383735e-2
train,2998,Cc1c(C=O)c[nH]c1O,4.661310196e0,2.378463984e0,1.914519310e0,1.276346207e0,7.039773941e0,1.354472041e-1
train,2999,C1C2OC1C1C3CC1C23,8.315798759e0,-2.262412071e0,1.914519310e0,1.276346207e0,6.053386688e0,-6.373748183e-1
train,3000,OC1CC2C3C1[NH2+][CH+][NH+]23,6.288550854e0,-3.759224653e0,1.914519310e0,1.276346207e0,2.529326200e0,-3.398431778e0
train,3001,O=C1CC(C(F)(F)F)C1,6.111677170e0,7.227198482e-1,1.914519310e0,1.276346207e0,6.834396839e0,-2.546317689e-2
train,3002,OC1C2[CH-]C3COC3C12,5.975620270e0,1.405664921e0,1.914519310e0,1.276346207e0,7.381285191e0,4.030169845e-1
train,3003,C[NH+]1C=C(C(=O)[O-])CC1,4.179668903e0,-2.550041914e0,1.914519310e0,1.276346207e0,1.629626989e0,-4.103334904e0
train,3004,CC1C(C)(C)C1(C)C=O,6.206917286e0,-3.563801646e-1,1.914519310e0,1.276346207e0,5.850537300e0,-7.963047624e-1
train,3005,CCCCc1ccc[nH]1,6.590597630e0,1.435482621e0,1.914519310e0,1.276346207e0,8.026080132e0,9.082056880e-1
train,3006,CCC1(C#N)CC([NH-])O1,7.630072594e0,1.607113928e-1,1.914519310e0,1.276346207e0,7.790783882e0,7.238540649e-1
train,3007,O=C1CC2CN12,6.470867634e0,-2.865219355e0,1.914519310e0,1.276346207e0,3.605648279e0,-2.555147171e0
train,3008,C#CCC12CC1CCO2,7.689937115e0,-1.157898642e-2,1.914519310e0,1.276346207e0,7.678358078e0,6.357698441e-1
train,3009,COc1nc[nH]c1C#N,5.412344456e0,7.569285631e-1,1.914519310e0,1.276346207e0,6.169272900e0,-5.465794206e-1
train,3010,C#CC12CC(C=O)C1N2,5.455882549e0,-1.000110984e0,1.914519310e0,1.276346207e0,4.455771446e0,-1.889086246e0
train,3011,O=CC12NC1CNC2=O,5.447719574e0,5.663709044e-1,1.914519310e0,1.276346207e0,6.014090538e0,-6.681628823e-1
train,3012,CC1CC(C)C2(O)CC12,8.821931839e0,-9.822289348e-1,1.914519310e0,1.276346207e0,7.839703083e0,7.621816397e-1
train,3013,N#CC1CCC(O)C1,8.732133865e0,2.929035723e-1,1.914519310e0,1.276346207e0,9.025037766e0,1.690876484e0
train,3014,O=C1C=CC2C(O)C2O1,5.706227779e0,-9.894132614e-1,1.914519310e0,1.276346207e0,4.716814518e0,-1.684562325e0
train,3015,CC1OC(=O)C(C=O)O1,6.008274078e0,-4.825941920e-1,1.914519310e0,1.276346207e0,5.525680065e0,-1.050826311e0
train,3016,OC1[CH-]C2CC3(O)C1C23,4.849069118e0,9.953244328e-1,1.914519310e0,1.276346207e0,5.844393730e0,-8.011181951e-1
train,3017,CC1CCC=C2CCC21,6.944345474e0,1.141866207e0,1.914519310e0,1.276346207e0,8.086212158e0,9.553183913e-1
train,3018,C#CC(C)(O)C1CC1C,8.100829124e0,-1.580283642e-1,1.914519310e0,1.276346207e0,7.942800522e0,8.429571986e-1
train,3019,CC1(C)CC1C1CCC1,9.115814209e0,-8.965238929e-2,1.914519310e0,1.276346207e0,9.026162148e0,1.691757441e0
train,3020,C#CC(C)CC(C)=O,6.261340141e0,-9.722331166e-1,1.914519310e0,1.276346207e0,5.289106846e0,-1.236178517e0
train,3021,[NH-]C1OC2C=CCC2O1,6.590597630e0,-5.697574019e-1,1.914519310e0,1.276346207e0,6.020840168e0,-6.628745794e-1
train,3022,CC12CC(C1)C1(C)C[NH+]21,8.751181602e0,-1.945452213e0,1.914519310e0,1.276346207e0,6.805729389e0,-4.792376235e-2
train,3023,CC1C2CC(=O)C1O2,5.763371468e0,2.280590773e0,1.914519310e0,1.276346207e0,8.043962479e0,9.222162962e-1
train,3024,O=CNC1=NCCNC1,5.477651596e0,3.376352191e-1,1.914519310e0,1.276346207e0,5.815286636e0,-8.239232302e-1
train,3025,OC1C2C=CC3C1C23,6.356579781e0,8.227053285e-1,1.914519310e0,1.276346207e0,7.179285049e0,2.447524071e-1
train,3026,OC1C(O)C23CC(C2)C13,7.638236046e0,1.819513559e0,1.914519310e0,1.276346207e0,9.457749367e0,2.029900551e0
train,3027,C1OCC(C2CC2)CO1,9.262756348e0,1.583896279e0,1.914519310e0,1.276346207e0,1.084665298e1,3.118089199e0
train,3028,C#CC1C2NC2C2C[NH+]12,7.447756290e0,4.883095324e-1,1.914519310e0,1.276346207e0,7.936065674e0,8.376805186e-1
train,3029,CNC1CCOC1C#N,6.887201786e0,6.082067490e-1,1.914519310e0,1.276346207e0,7.495408535e0,4.924311936e-1
train,3030,CCn1nncc1N,6.400117874e0,4.325898737e-2,1.914519310e0,1.276346207e0,6.443377018e0,-3.318223059e-1
train,3031,C[NH2+]C1CC(C2CC2)O1,7.605582714e0,5.349346995e-1,1.914519310e0,1.276346207e0,8.140517235e0,9.978657365e-1
train,3032,CCn1nnc(NC)n1,5.638199329e0,2.714273691e0,1.914519310e0,1.276346207e0,8.352473259e0,1.163930655e0
train,3033,CN=CNc1ccno1,5.586497784e0,1.706019491e-1,1.914519310e0,1.276346207e0,5.757099628e0,-8.695120215e-1
train,3034,CNC1=CC=NC(N)O1,4.873559475e0,6.470884085e-1,1.914519310e0,1.276346207e0,5.520648003e0,-1.054768920e0
train,3035,CC1CCC=CC1(C)O,7.025979519e0,-2.416706085e-2,1.914519310e0,1.276346207e0,7.001812458e0,1.057048589e-1
train,3036,N#CC1C2CC(C2)C1O,8.348453522e0,5.047352910e-1,1.914519310e0,1.276346207e0,8.853188515e0,1.556234717e0
train,3037,CC12CCOCCC1C2,8.715806961e0,2.057423592e-1,1.914519310e0,1.276346207e0,8.921548843e0,1.609794140e0
train,3038,CC12NC1C1(C)NC21C,7.191968918e0,7.352767587e-1,1.914519310e0,1.276346207e0,7.927245617e0,8.307701349e-1
train,3039,CCC#CC(=O)CC,5.700785160e0,6.546310186e-1,1.914519310e0,1.276346207e0,6.355416298e0,-4.007384181e-1
train,3040,O=C1CCC(=O)C2NC12,5.812351704e0,2.860328674e0,1.914519310e0,1.276346207e0,8.672679901e0,1.414808512e0
train,3041,c1cnc2cc[nH]c2c1,5.268124104e0,-1.172014356e0,1.914519310e0,1.276346207e0,4.096109867e0,-2.170876503e0
train,3042,CCCC1(C)CC1CO,9.085882187e0,9.245461226e-1,1.914519310e0,1.276346207e0,1.001042843e1,2.462917566e0
train,3043,O=C1C=CC2NC(=O)C12,5.009616375e0,-1.341613889e0,1.914519310e0,1.276346207e0,3.668002605e0,-2.506293297e0
train,3044,NC(=O)C1CO[CH+][NH2+]1,6.830057621e0,-1.357396841e-1,1.914519310e0,1.276346207e0,6.694317818e0,-1.352133304e-1
train,3045,O=C1CCC12C[NH2+][CH+]O2,5.499421120e0,-3.204475939e-1,1.914519310e0,1.276346207e0,5.178973675e0,-1.322466373e0
train,3046,[NH-]c1c(O)c[nH+]nc1N,4.430013657e0,-2.273186445e0,1.914519310e0,1.276346207e0,2.156827211e0,-3.690280437e0
train,3047,COC12C3NC1C2C3O,7.959330082e0,-3.431364894e-1,1.914519310e0,1.276346207e0,7.616193771e0,5.870649219e-1
train,3048,CC(C)c1oncc1N,5.692621708e0,-8.232433200e-1,1.914519310e0,1.276346207e0,4.869378567e0,-1.565030336e0
train,3049,CC(C)C1(C=O)CC1C,6.228686333e0,3.565603495e-1,1.914519310e0,1.276346207e0,6.585246563e0,-2.206692845e-1
train,3050,c1occ2c1C1CC2O1,6.694001198e0,-1.414715409e0,1.914519310e0,1.276346207e0,5.279285908e0,-1.243873000e0
train,3051,[CH+]1[NH2+]C(CC2CO2)CO1,7.328026772e0,4.945082963e-1,1.914519310e0,1.276346207e0,7.822535038e0,7.487306595e-1
train,3052,Cc1cc(=O)n(C)nn1,4.938866615e0,6.033320427e-1,1.914519310e0,1.276346207e0,5.542198658e0,-1.037884235e0
train,3053,CC1C=C(C(=O)[O-])C[NH2+]1,4.108919144e0,-2.569701672e-1,1.914519310e0,1.276346207e0,3.851948977e0,-2.362173557e0
train,3054,COCC(C)(O)C(C)=O,6.193311214e0,4.245071411e-1,1.914519310e0,1.276346207e0,6.617818356e0,-1.951497048e-1
train,3055,CC(O)CC1CC(=O)O1,7.777014256e0,-1.342847466e0,1.914519310e0,1.276346207e0,6.434166908e0,-3.390383124e-1
train,3056,CC12CC(O1)C(C)(C)C2,8.849142075e0,-1.018223643e0,1.914519310e0,1.276346207e0,7.830918312e0,7.552988529e-1
train,3057,CC1CCC1CC=O,6.198753357e0,-2.919369340e-1,1.914519310e0,1.276346207e0,5.906816483e0,-7.522107363e-1
train,3058,CCC1C2CC2C2CC12,8.653220177e0,-4.652474523e-1,1.914519310e0,1.276346207e0,8.187973022e0,1.035046697e0
train,3059,CN1CC(O)(CO)C1=O,7.088566303e0,2.560359716e0,1.914519310e0,1.276346207e0,9.648925781e0,2.179684877e0
train,3060,NC(=O)C(C=O)CCO,5.864053726e0,-3.468515635e0,1.914519310e0,1.276346207e0,2.395538092e0,-3.503252983e0
train,3061,N#CC1=NCCCO1,6.277666569e0,1.477741171e-2,1.914519310e0,1.276346207e0,6.292443752e0,-4.500766098e-1
train,3062,CCC12CC1(O)C(C)O2,8.016474724e0,-3.074690819e0,1.914519310e0,1.276346207e0,4.941783905e0,-1.508301616e0
train,3063,COC(=O)C1CN1C=O,6.411002159e0,-3.329975605e0,1.914519310e0,1.276346207e0,3.081026554e0,-2.966181517e0
train,3064,CC1C(NC=O)C1(C)O,7.115777493e0,-1.339200139e0,1.914519310e0,1.276346207e0,5.776577473e0,-8.542513847e-1
train,3065,CCC1=CCCC(O)C1,7.055912018e0,-7.278003264e-3,1.914519310e0,1.276346207e0,7.048634052e0,1.423889846e-1
train,3066,N#CC[NH+]1C2CC3C2C31,6.985162735e0,4.144631922e-1,1.914519310e0,1.276346207e0,7.399625778e0,4.173865914e-1
train,3067,N#Cc1cc(N)c(O)[nH]1,5.259960651e0,3.043220341e-1,1.914519310e0,1.276346207e0,5.564282894e0,-1.020581484e0
train,3068,CC1=CC(C)NCC1=O,4.914376259e0,-4.516049385e0,1.914519310e0,1.276346207e0,3.983268738e-1,-5.068043232e0
train,3069,CC1(C)OC1C#CCO,7.186526775e0,9.402262568e-1,1.914519310e0,1.276346207e0,8.126752853e0,9.870815277e-1
train,3070,O=C1C2OC3C2C2C3N12,5.820515633e0,6.335169077e-2,1.914519310e0,1.276346207e0,5.883867264e0,-7.701911330e-1
train,3071,CN1C(=O)CC1(C)C=O,5.657247066e0,2.310093164e0,1.914519310e0,1.276346207e0,7.967340469e0,8.621839285e-1
train,3072,N#CC(N)c1ncco1,6.514405727e0,1.908052802e0,1.914519310e0,1.276346207e0,8.422458649e0,1.218763351e0
train,3073,C#CC1C(C)C1C(N)=O,6.870874882e0,2.932790279e0,1.914519310e0,1.276346207e0,9.803665161e0,2.300921202e0
train,3074,CC12CC(O)C=CC1O2,6.389233112e0,1.701456606e-1,1.914519310e0,1.276346207e0,6.559378624e0,-2.409364879e-1
train,3075,C#CC(C)(C)OCCC,8.076338768e0,4.447721243e-1,1.914519310e0,1.276346207e0,8.521110535e0,1.296055794e0
train,3076,CC1C=CC(=O)C2C[NH+]12,4.887165070e0,2.115418911e0,1.914519310e0,1.276346207e0,7.002583981e0,1.063093320e-1
train,3077,CC1C[NH+]1C1COC1=O,6.419166088e0,7.444245815e0,1.914519310e0,1.276346207e0,1.386341190e1,5.481681824e0
train,3078,CCc1c[nH]nc1NC,6.176984310e0,-7.344047427e-1,1.914519310e0,1.276346207e0,5.442579746e0,-1.115934372e0
train,3079,O=CNCc1ncco1,6.609645367e0,-6.567091942e-1,1.914519310e0,1.276346207e0,5.952936172e0,-7.160765529e-1
train,3080,N#CC#CC1(C#N)CO1,6.100792408e0,-4.497304559e-1,1.914519310e0,1.276346207e0,5.651062012e0,-9.525911212e-1
train,3081,O=Cc1ccc(C=O)o1,4.606887817e0,3.132046461e0,1.914519310e0,1.276346207e0,7.738934517e0,6.832306981e-1
train,3082,C#CC1CC2(C)C(C)C12,8.051848412e0,3.002626263e-2,1.914519310e0,1.276346207e0,8.081874847e0,9.519201517e-1
train,3083,O=CC[NH+]1C2CC3C2C31,5.466767311e0,-8.345923424e-1,1.914519310e0,1.276346207e0,4.632174969e0,-1.750876307e0
train,3084,CC12CC3CC3CC1O2,8.805603981e0,1.524093628e0,1.914519310e0,1.276346207e0,1.032969761e1,2.713061094e0
train,3085,CC(O)COCC1CC1,8.634172440e0,2.134171247e0,1.914519310e0,1.276346207e0,1.076834393e1,3.056735039e0
train,3086,CCCCC(O)CO,8.628729820e0,1.417603940e-1,1.914519310e0,1.276346207e0,8.770490646e0,1.491441965e0
train,3087,CCCC(=O)C1COC1,6.266781807e0,-1.690282702e0,1.914519310e0,1.276346207e0,4.576498985e0,-1.794497728e0
train,3088,CCCC1(COC)CN1,8.577029228e0,1.989308149e-1,1.914519310e0,1.276346207e0,8.775959969e0,1.495727181e0
train,3089,CC1(C2COC2)CCC1,8.585191727e0,1.496367753e-1,1.914519310e0,1.276346207e0,8.734828949e0,1.463501453e0
train,3090,C#CC(C#N)NC,6.982441425e0,1.214673162e0,1.914519310e0,1.276346207e0,8.197114944e0,1.042209387e0
train,3091,O=CC1N=COC2CC12,5.861332417e0,-2.000087313e-2,1.914519310e0,1.276346207e0,5.841331482e0,-8.035174012e-1
train,3092,Cc1cnc(C2CO2)[nH]1,6.253176689e0,2.330832481e0,1.914519310e0,1.276346207e0,8.584009171e0,1.345336080e0
train,3093,C#CC12C[NH+]3CCC1C32,7.107614040e0,-1.922498584e0,1.914519310e0,1.276346207e0,5.185115337e0,-1.317654490e0
train,3094,O=COCC1CO1,7.646399021e0,-7.492243052e-1,1.914519310e0,1.276346207e0,6.897174835e0,2.372259460e-2
train,3095,CC12CC(C=O)OC1C2,5.717112064e0,3.082361519e-1,1.914519310e0,1.276346207e0,6.025348186e0,-6.593426466e-1
train,3096,N#CC(O)CO[CH+][NH-],7.295372486e0,4.161541760e-1,1.914519310e0,1.276346207e0,7.711526871e0,6.617571712e-1
train,3097,CC#CC1CC(=O)N1C,7.431428909e0,-2.822829962e0,1.914519310e0,1.276346207e0,4.608598709e0,-1.769348025e0
train,3098,CCCNc1cnno1,5.692621708e0,-7.458485663e-2,1.914519310e0,1.276346207e0,5.618036747e0,-9.784660339e-1
train,3099,CC(C)[NH2+]C(C)OC=O,6.538896084e0,-4.355328977e-1,1.914519310e0,1.276346207e0,6.103363037e0,-5.982189775e-1
train,3100,O=C1COCCC2CN12,6.446377277e0,-1.617391706e0,1.914519310e0,1.276346207e0,4.828985691e0,-1.596677661e0
train,3101,C1OC2OC3C1C1C2C31,8.786556244e0,-1.653409123e0,1.914519310e0,1.276346207e0,7.133147240e0,2.086040080e-1
train,3102,CC12OC3C(O)C1OC32,7.774292946e0,2.605705559e-1,1.914519310e0,1.276346207e0,8.034863472e0,9.150873423e-1
train,3103,Nc1nnn(CC=O)n1,5.287172318e0,-1.174802303e0,1.914519310e0,1.276346207e0,4.112370014e0,-2.158137083e0
train,3104,N#CC1C2C3CC3C[NH+]12,6.723933220e0,6.755309105e-1,1.914519310e0,1.276346207e0,7.399464130e0,4.172599316e-1
train,3105,CCCn1cc(O)cn1,6.296714783e0,-2.597794533e0,1.914519310e0,1.276346207e0,3.698920250e0,-2.482069731e0
train,3106,N#CC#CC(=O)CO,5.058596611e0,-6.462910026e-2,1.914519310e0,1.276346207e0,4.993967533e0,-1.467416406e0
train,3107,CC1C2[NH+]1CC21CCC1,8.206954002e0,1.359971315e-1,1.914519310e0,1.276346207e0,8.342950821e0,1.156469941e0
train,3108,[H]N=CNc1cc(C)co1,5.368806362e0,2.469781637e0,1.914519310e0,1.276346207e0,7.838587761e0,7.613077760e-1
train,3109,C#CC1CC2CC1C2O,8.084503174e0,5.084351636e-3,1.914519310e0,1.276346207e0,8.089587212e0,9.579626918e-1
train,3110,CC1(CC=O)COC1=O,6.106235027e0,-2.719786882e0,1.914519310e0,1.276346207e0,3.386448145e0,-2.726887703e0
train,3111,N#CC1(CO)C[NH2+][CH+]O1,7.341631889e0,4.179549515e-1,1.914519310e0,1.276346207e0,7.759586811e0,6.994115114e-1
train,3112,CCOCC1C(C)C1O,8.511721611e0,5.280921236e-2,1.914519310e0,1.276346207e0,8.564530373e0,1.330074668e0
train,3113,OC12C3NC1C1C([NH2+]3)C12,4.367427349e0,-5.980179310e-1,1.914519310e0,1.276346207e0,3.769409418e0,-2.426842213e0
train,3114,CC(=O)CC(C)(O)C#N,6.307599545e0,-5.267285347e0,1.914519310e0,1.276346207e0,1.040314198e0,-4.565053940e0
train,3115,CCC12OC1C[NH2+]C2N,6.737539291e0,-1.635419726e0,1.914519310e0,1.276346207e0,5.102119446e0,-1.382680774e0
train,3116,CC1OC2[NH2+]CCC12C,7.121219635e0,3.150706768e0,1.914519310e0,1.276346207e0,1.027192688e1,2.667798519e0
train,3117,OC1C=CC2CC(C1)O2,6.397397041e0,3.376461864e-1,1.914519310e0,1.276346207e0,6.735043049e0,-1.033056229e-1
train,3118,CC1C[NH+]1C1CC1O,8.294030190e0,2.266360998e0,1.914519310e0,1.276346207e0,1.056039143e1,2.893806696e0
train,3119,CNc1occ(O)c1C,5.921197414e0,1.007493734e0,1.914519310e0,1.276346207e0,6.928690910e0,4.841504246e-2
train,3120,c1c[nH]c(C2CC2)n1,6.620530128e0,-2.608079910e0,1.914519310e0,1.276346207e0,4.012450218e0,-2.236422777e0
train,3121,[NH-]c1[nH]c(=O)[nH+]cc1O,5.164721012e0,6.770939827e-1,1.914519310e0,1.276346207e0,5.841814995e0,-8.031385541e-1
train,3122,[NH-][CH+]OC(=O)CC(N)=O,5.866774559e0,1.099589229e0,1.914519310e0,1.276346207e0,6.966363907e0,7.793135941e-2
train,3123,OC12COC3OCC1C32,8.615124702e0,-3.258813858e0,1.914519310e0,1.276346207e0,5.356310844e0,-1.183524966e0
train,3124,CC(CO)CC1(O)CC1,8.242328644e0,-2.000269890e0,1.914519310e0,1.276346207e0,6.242058754e0,-4.895526171e-1
train,3125,CC1(C#CCO)CN1,7.382448673e0,3.270138741e0,1.914519310e0,1.276346207e0,1.065258789e1,2.966041565e0
train,3126,CCCC1(C#N)CC1,8.710365295e0,-1.227241635e0,1.914519310e0,1.276346207e0,7.483123779e0,4.828062356e-1
train,3127,CC1(O)C(=O)N2CC21,6.030043125e0,6.721678376e-1,1.914519310e0,1.276346207e0,6.702210903e0,-1.290291995e-1
train,3128,CNC1(C#N)C[NH+]2CC21,6.979720592e0,4.325532019e-1,1.914519310e0,1.276346207e0,7.412273884e0,4.272962213e-1
train,3129,CC1=CC2C3NC1C23O,6.223243713e0,3.023731411e-1,1.914519310e0,1.276346207e0,6.525616646e0,-2.673885822e-1
train,3130,CC12CC(C1)N2C(N)=O,7.458641052e0,1.138011515e-1,1.914519310e0,1.276346207e0,7.572442055e0,5.527859926e-1
train,3131,CCOC(C)(C)C(C)O,8.661384583e0,2.447596550e0,1.914519310e0,1.276346207e0,1.110898113e1,3.323619843e0
train,3132,COC1C2CC1C1OC21,9.023295403e0,-5.539616346e-1,1.914519310e0,1.276346207e0,8.469333649e0,1.255489230e0
train,3133,COCC(C)(C=O)OC,5.815073013e0,-9.531922340e-1,1.914519310e0,1.276346207e0,4.861880779e0,-1.570904732e0
train,3134,CCC1CC2OC(C)C12,8.383827209e0,3.563648462e-1,1.914519310e0,1.276346207e0,8.740192413e0,1.467703700e0
train,3135,C[NH2+][CH+]OCCO,7.469525814e0,7.118745446e-1,1.914519310e0,1.276346207e0,8.181400299e0,1.029897094e0
train,3136,C#CC(O)C1CC1C#C,7.494016171e0,3.897843599e0,1.914519310e0,1.276346207e0,1.139186001e1,3.545251846e0
train,3137,CCC1Cn2ncnc21,7.423265934e0,1.736851811e0,1.914519310e0,1.276346207e0,9.160118103e0,1.796710253e0
train,3138,CC(=O)NCC1CN1,7.488573551e0,-7.102814317e-1,1.914519310e0,1.276346207e0,6.778292179e0,-6.942047179e-2
train,3139,CC#CC1CC(=O)O1,7.439593315e0,-8.153375387e-1,1.914519310e0,1.276346207e0,6.624255657e0,-1.901061535e-1
train,3140,C#CC(C)C1CC1C,8.481788635e0,8.212247863e-3,1.914519310e0,1.276346207e0,8.490000725e0,1.271681666e0
train,3141,CC1(C)C2CC3CC1[NH+]32,8.103550911e0,1.813579679e0,1.914519310e0,1.276346207e0,9.917130470e0,2.389819860e0
train,3142,CCC1OC2(C)C(C)C12,8.353896141e0,8.870568871e-1,1.914519310e0,1.276346207e0,9.240953445e0,1.860043645e0
train,3143,COc1ccnc(O)n1,5.981062412e0,-1.774718523e0,1.914519310e0,1.276346207e0,4.206343651e0,-2.084509850e0
train,3144,OC1C2CC3CC2OC31,8.296751022e0,1.036875099e-1,1.914519310e0,1.276346207e0,8.400438309e0,1.201510668e0
train,3145,OC1CCC2(O)CC12O,8.250492096e0,5.571988225e-1,1.914519310e0,1.276346207e0,8.807690620e0,1.520587683e0
train,3146,N#CC1OC([NH-])CC1N,7.115777493e0,2.189548492e0,1.914519310e0,1.276346207e0,9.305326462e0,1.910479188e0
train,3147,C[NH2+]C1OCC2CC21O,7.096729279e0,1.281932473e0,1.914519310e0,1.276346207e0,8.378662109e0,1.184449315e0
train,3148,CNC(C#N)C1(O)CC1,7.649120808e0,-7.948686928e-2,1.914519310e0,1.276346207e0,7.569633961e0,5.505858660e-1
train,3149,C1=CC2(CCC1)CO2,6.843663692e0,1.981377482e0,1.914519310e0,1.276346207e0,8.825040817e0,1.534181356e0
train,3150,NC1[NH2+]C2CC(O1)C2=O,5.178326607e0,-1.377898306e-1,1.914519310e0,1.276346207e0,5.040536880e0,-1.430929899e0
train,3151,CC12COCC1(O)CO2,8.157973289e0,-1.167780638e0,1.914519310e0,1.276346207e0,6.990192413e0,9.660069644e-2
train,3152,CC(C=O)CC1CC1C,6.136167526e0,8.458291292e-1,1.914519310e0,1.276346207e0,6.981996536e0,9.017933160e-2
train,3153,CCC1C(C)C1C1CO1,9.091323853e0,-6.553147316e0,1.914519310e0,1.276346207e0,2.538176537e0,-3.391497850e0
train,3154,CC12CC3(CO3)CC1N2,8.772951126e0,1.761098146e0,1.914519310e0,1.276346207e0,1.053404903e1,2.873167753e0
train,3155,N#CC1OC12C=CCC2,6.650462627e0,5.551967621e-1,1.914519310e0,1.276346207e0,7.205659389e0,2.654163539e-1
train,3156,CC1OC2C(C=O)CC12,5.904870510e0,-9.044526219e-1,1.914519310e0,1.276346207e0,5.000417709e0,-1.462362766e0
train,3157,CC1(C)COC1C1CN1,8.419202805e0,6.116057187e-2,1.914519310e0,1.276346207e0,8.480363846e0,1.264131308e0
train,3158,COCC(N)=O,7.450477123e0,5.463835001e-1,1.914519310e0,1.276346207e0,7.996860504e0,8.853124976e-1
train,3159,CC(O)c1ocnc1O,5.891264915e0,-7.403951287e-1,1.914519310e0,1.276346207e0,5.150869846e0,-1.344485402e0
train,3160,CC1CC2(C)OC3C1C32,8.351174355e0,-7.856934518e-2,1.914519310e0,1.276346207e0,8.272604942e0,1.101354837e0
train,3161,N#CC1CC2C=CC1C2,6.982441425e0,-9.607525468e-1,1.914519310e0,1.276346207e0,6.021688938e0,-6.622096300e-1
train,3162,OC1C2C=CC=CC1O2,4.644983292e0,1.010263562e0,1.914519310e0,1.276346207e0,5.655246735e0,-9.493124485e-1
train,3163,C[NH2+]C1NC(C)[NH2+]C1C,6.095350742e0,2.441955358e-1,1.914519310e0,1.276346207e0,6.339546204e0,-4.131724238e-1
train,3164,NC(=O)c1c[nH]cc1O,5.036827564e0,-1.983778179e-1,1.914519310e0,1.276346207e0,4.838449955e0,-1.589262486e0
train,3165,Nc1nccnc1CO,4.998731613e0,-1.692316055e0,1.914519310e0,1.276346207e0,3.306415558e0,-2.789592266e0
train,3166,CC1(C)C(=O)CC2NC21,6.095350742e0,3.476920605e0,1.914519310e0,1.276346207e0,9.572271347e0,2.119626999e0
train,3167,C#CC1(O)CC2NC21C,7.001489162e0,-1.313483596e0,1.914519310e0,1.276346207e0,5.688005447e0,-9.236464500e-1
train,3168,CC1OC2CC(C)C2O1,9.026016235e0,-9.340393543e-1,1.914519310e0,1.276346207e0,8.091977119e0,9.598351717e-1
train,3169,Cn1ncc2[nH]ccc21,5.766092300e0,-6.364026070e0,1.914519310e0,1.276346207e0,-5.979337692e-1,-5.848600864e0
train,3170,O=COC1OC2CC1C2,7.420545101e0,1.990479946e0,1.914519310e0,1.276346207e0,9.411025047e0,1.993292689e0
train,3171,CC12C=CC3OC1CC32,6.625972271e0,5.330454111e-1,1.914519310e0,1.276346207e0,7.159017563e0,2.288730741e-1
train,3172,N#CC1=CC2CC1C2O,5.469488621e0,6.101014093e-2,1.914519310e0,1.276346207e0,5.530498981e0,-1.047050714e0
train,3173,C1=Cc2n[nH]cc2C1,5.684458733e0,9.868285656e-1,1.914519310e0,1.276346207e0,6.671287537e0,-1.532572657e-1
train,3174,C#CC1C2COC(=O)C12,7.126662254e0,-2.311055511e-1,1.914519310e0,1.276346207e0,6.895556927e0,2.245498262e-2
train,3175,O=CCNc1c[nH]nn1,4.849069118e0,1.480945110e0,1.914519310e0,1.276346207e0,6.330014229e0,-4.206406176e-1
train,3176,COC1CC(O)CO1,8.797441483e0,-8.313344121e-1,1.914519310e0,1.276346207e0,7.966106892e0,8.612174392e-1
train,3177,C1CC23COC2(CO1)C3,7.967494011e0,2.039019108e0,1.914519310e0,1.276346207e0,1.000651360e1,2.459850550e0
train,3178,C[NH2+]C1C(O)C2C(C)[NH+]12,6.386512280e0,-2.277521342e-1,1.914519310e0,1.276346207e0,6.158760071e0,-5.548160672e-1
train,3179,CC1=CC2CC2OC1=O,5.725275517e0,5.229147077e-1,1.914519310e0,1.276346207e0,6.248190403e0,-4.847485423e-1
train,3180,O=C1C=CC2NC2C=C1,4.835463047e0,3.189154565e-1,1.914519310e0,1.276346207e0,5.154378414e0,-1.341736555e0
train,3181,Nc1cc(N)cc(O)c1,6.024600506e0,-8.394685388e-1,1.914519310e0,1.276346207e0,5.185132027e0,-1.317641377e0
train,3182,C1CC2CC3CC(O1)C23,8.372943878e0,2.762370110e0,1.914519310e0,1.276346207e0,1.113531399e1,3.344251394e0
train,3183,CNc1[nH]nc(C)c1N,6.430050850e0,3.679753542e-1,1.914519310e0,1.276346207e0,6.798026085e0,-5.395920575e-2
train,3184,O=CC1CCCC1C=O,5.855890274e0,1.291427851e0,1.914519310e0,1.276346207e0,7.147317886e0,2.197065353e-1
train,3185,CC1C2C3C([NH+]13)C21CC1,8.683153152e0,-2.655753136e0,1.914519310e0,1.276346207e0,6.027400017e0,-6.577350497e-1
train,3186,CC12C=CCC(C)(C1)C2,6.941624641e0,2.160548419e-1,1.914519310e0,1.276346207e0,7.157679558e0,2.278247774e-1
train,3187,CC12CC3CC(C)(O1)C32,8.544375420e0,1.414988875e0,1.914519310e0,1.276346207e0,9.959363937e0,2.422909260e0
train,3188,CC12NC3C(C1C#N)C32,6.982441425e0,6.394778728e0,1.914519310e0,1.276346207e0,1.337722015e1,5.100756645e0
train,3189,O=C1NC=CCOCO1,6.157936573e0,-2.014324188e0,1.914519310e0,1.276346207e0,4.143612385e0,-2.133658886e0
train,3190,COCC12CC(C)[NH+]1C2,8.285867691e0,-1.459596992e0,1.914519310e0,1.276346207e0,6.826270580e0,-3.182999790e-2
train,3191,OC1C2C3CCC2(O)C13,8.751181602e0,-4.239972115e0,1.914519310e0,1.276346207e0,4.511209488e0,-1.845651269e0
train,3192,NC1[NH2+]C2CC1OC2=O,6.299435616e0,-4.531446397e-1,1.914519310e0,1.276346207e0,5.846291065e0,-7.996316552e-1
train,3193,CC1C2CC3OC(C2)C31,8.509000778e0,-1.886533380e0,1.914519310e0,1.276346207e0,6.622467518e0,-1.915071309e-1
train,3194,OCc1ncncc1F,5.714390755e0,-1.107816505e1,1.914519310e0,1.276346207e0,-5.363774300e0,-9.582576752e0
train,3195,N#CC1NC2CC12CO,6.876317024e0,-1.646482468e0,1.914519310e0,1.276346207e0,5.229834557e0,-1.282617569e0
train,3196,CC1CC2(O)C3NC3C12,7.864090443e0,-1.172642708e0,1.914519310e0,1.276346207e0,6.691447735e0,-1.374620050e-1
train,3197,C#CC1(CCC)CC1C,7.967494011e0,-1.003751278e0,1.914519310e0,1.276346207e0,6.963742733e0,7.587770373e-2
train,3198,C1=CC2C3CC1OC23,6.530732632e0,-8.067895174e-1,1.914519310e0,1.276346207e0,5.723943233e0,-8.954896331e-1
train,3199,CC1(C)CC(O)C([NH-])O1,7.793340683e0,2.382252693e0,1.914519310e0,1.276346207e0,1.017559338e1,2.592322350e0
train,3200,Nc1occc1N1CC1,5.869495869e0,-6.417001486e-1,1.914519310e0,1.276346207e0,5.227795601e0,-1.284215093e0
train,3201,N#CCNc1cnoc1,5.864053726e0,1.833323985e-1,1.914519310e0,1.276346207e0,6.047386169e0,-6.420761347e-1
train,3202,[NH-]c1[nH+]c(=O)occ1O,5.483094215e0,-4.778349772e-2,1.914519310e0,1.276346207e0,5.435310841e0,-1.121629477e0
train,3203,O=CC12CC1CC21CC1,5.970178127e0,3.221835494e-1,1.914519310e0,1.276346207e0,6.292361736e0,-4.501408637e-1
train,3204,CC12CC=CCC(C1)O2,7.240949631e0,-8.407263160e-1,1.914519310e0,1.276346207e0,6.400223255e0,-3.656327128e-1
train,3205,CCC1(C)NCC1NO,6.402839184e0,-1.611911297e0,1.914519310e0,1.276346207e0,4.790927887e0,-1.626495481e0
train,3206,[NH-]C1=NC(F)OC(=O)O1,6.593318939e0,1.664921790e-1,1.914519310e0,1.276346207e0,6.759810925e0,-8.390030265e-2
train,3207,[NH-][CH+]OC1CC1OC=O,7.562044144e0,-5.917235613e-1,1.914519310e0,1.276346207e0,6.970320702e0,8.103146404e-2
train,3208,C#CC(O)C1(CC)CC1,8.133483887e0,1.913999081e0,1.914519310e0,1.276346207e0,1.004748344e1,2.491949797e0
train,3209,CCOCC1(CO)CO1,8.759345055e0,-3.522049427e0,1.914519310e0,1.276346207e0,5.237295628e0,-1.276771903e0
train,3210,Nc1cc(N)c(C=O)[nH]1,4.560628414e0,-1.181185722e0,1.914519310e0,1.276346207e0,3.379442692e0,-2.732376337e0
train,3211,CC1CN(C)C=C1C=O,4.726617813e0,-3.004813433e0,1.914519310e0,1.276346207e0,1.721804380e0,-4.031115055e0
train,3212,Cc1ncc(C#N)[nH]1,5.749765873e0,7.351256013e-1,1.914519310e0,1.276346207e0,6.484891415e0,-2.992962897e-1
train,3213,CC1CC(C)C2CC1C2,9.700859070e0,3.971482754e0,1.914519310e0,1.276346207e0,1.367234230e1,5.331981182e0
train,3214,CC1OC2(C#N)C(C)C12,6.966114998e0,-1.527202725e-1,1.914519310e0,1.276346207e0,6.813394547e0,-4.191821069e-2
train,3215,CC1(C)CN(C=O)[CH+][NH2+]1,6.046370029e0,-2.471817732e-1,1.914519310e0,1.276346207e0,5.799188137e0,-8.365361691e-1
train,3216,CC(O)(CC#N)C1CO1,8.514442444e0,-9.246544242e-1,1.914519310e0,1.276346207e0,7.589787960e0,5.663762689e-1
train,3217,C#CC(C)(C=O)OCC,5.583776474e0,-1.544390321e-1,1.914519310e0,1.276346207e0,5.429337502e0,-1.126309514e0
train,3218,C#CC1CC1C(O)C#N,7.338910580e0,-1.244295001e0,1.914519310e0,1.276346207e0,6.094615459e0,-6.050726175e-1
train,3219,C#CCCOCCC#C,8.443693161e0,9.981807470e-1,1.914519310e0,1.276346207e0,9.441873550e0,2.017462015e0
train,3220,NC(=O)Cn1ccnn1,6.421886921e0,1.844778299e0,1.914519310e0,1.276346207e0,8.266665459e0,1.096701264e0
train,3221,COC(CC=O)C1CC1,6.035485268e0,1.605749279e-1,1.914519310e0,1.276346207e0,6.196060181e0,-5.255919099e-1
train,3222,CC1CC=CC2CC12O,6.617809296e0,1.070663691e0,1.914519310e0,1.276346207e0,7.688472748e0,6.436945796e-1
train,3223,CC1C(O)CCC1C=O,6.136167526e0,-1.285717726e0,1.914519310e0,1.276346207e0,4.850449562e0,-1.579860926e0
train,3224,C#CC1(O)COC([NH-])C1,7.333467960e0,2.110506058e0,1.914519310e0,1.276346207e0,9.443973541e0,2.019107342e0
train,3225,C#CC#CC1NC1CC,5.913033962e0,-9.416869879e-1,1.914519310e0,1.276346207e0,4.971346855e0,-1.485139370e0
train,3226,CC1C2CC(=O)C(=O)N12,4.255860806e0,-4.378044978e-2,1.914519310e0,1.276346207e0,4.212080479e0,-2.080015182e0
train,3227,CC1C=CCNC(=O)O1,6.862711906e0,-3.270357370e0,1.914519310e0,1.276346207e0,3.592354536e0,-2.565562487e0
train,3228,CCC1(COC)CC1,9.004247665e0,3.359767675e0,1.914519310e0,1.276346207e0,1.236401558e1,4.306923389e0
train,3229,O=CC1(C2CCO2)CC1,6.046370029e0,-4.229367077e-1,1.914519310e0,1.276346207e0,5.623433113e0,-9.742380381e-1
train,3230,N#CC1NC(C#N)C1O,6.957951069e0,-3.637225628e-1,1.914519310e0,1.276346207e0,6.594228745e0,-2.136318684e-1
train,3231,CCC1(CC)CCC1C,9.466840744e0,8.179613352e-1,1.914519310e0,1.276346207e0,1.028480244e1,2.677886248e0
train,3232,CCc1onnc1OC,5.344316006e0,-2.401184797e0,1.914519310e0,1.276346207e0,2.943131208e0,-3.074220896e0
train,3233,CC12C(O)[CH-]C3C[NH+]1C32,4.742944717e0,1.437377334e0,1.914519310e0,1.276346207e0,6.180322170e0,-5.379224420e-1
train,3234,CNC(=O)C#CCCO,6.427329540e0,4.984672368e-1,1.914519310e0,1.276346207e0,6.925796986e0,4.614768922e-2
train,3235,CC1C(O)CC2C[NH+]21,7.891301632e0,1.722181320e0,1.914519310e0,1.276346207e0,9.613483429e0,2.151916265e0
train,3236,CC1(C(=O)CO)CCC1,6.408281326e0,-2.305154324e0,1.914519310e0,1.276346207e0,4.103127003e0,-2.165378809e0
train,3237,CC1CC1,1.017161655e1,-1.806258559e0,1.914519310e0,1.276346207e0,8.365358353e0,1.174025893e0
train,3238,O=CCOC1CC2NC21,5.763371468e0,-6.488398910e-1,1.914519310e0,1.276346207e0,5.114531517e0,-1.372956038e0
train,3239,[NH-]C1OC23CC(C2)OC13,7.172921181e0,3.272942066e0,1.914519310e0,1.276346207e0,1.044586372e1,2.804075718e0
train,3240,COC1CNCC(=O)O1,6.470867634e0,-8.119723797e-1,1.914519310e0,1.276346207e0,5.658895493e0,-9.464536905e-1
train,3241,Cc1cnoc1C1CC1,6.166100025e0,-2.852170229e0,1.914519310e0,1.276346207e0,3.313929796e0,-2.783704758e0
train,3242,[NH-]c1o[cH+]nc(O)c1N,4.217764854e0,-1.625515342e0,1.914519310e0,1.276346207e0,2.592249393e0,-3.349132299e0
train,3243,CCOC1(C#N)COC1,7.572928429e0,5.268007517e-1,1.914519310e0,1.276346207e0,8.099729538e0,9.659090638e-1
train,3244,N#CC1C(C#N)C1C=O,5.994668484e0,2.731377363e0,1.914519310e0,1.276346207e0,8.726045609e0,1.456619859e0
train,3245,CC12CC(CC=O)C1N2,6.171542168e0,-1.037029266e0,1.914519310e0,1.276346207e0,5.134512901e0,-1.357300878e0
train,3246,C1=CC2OC2COCC1,6.386512280e0,6.313440204e-1,1.914519310e0,1.276346207e0,7.017856121e0,1.182748675e-1
train,3247,CC1CC2(C)NC2CO1,8.372943878e0,1.448719800e-1,1.914519310e0,1.276346207e0,8.517815590e0,1.293474317e0
train,3248,CC12NC1(C)C(O)C2=O,6.024600506e0,4.234637320e-1,1.914519310e0,1.276346207e0,6.448064327e0,-3.281498551e-1
train,3249,CC12OC1CCC2=O,5.787861824e0,-1.968285918e0,1.914519310e0,1.276346207e0,3.819575787e0,-2.387537479e0
train,3250,O=CNCc1ncno1,6.065417767e0,-2.741462469e0,1.914519310e0,1.276346207e0,3.323955297e0,-2.775850058e0
train,3251,COC(=O)N(C)CCO,8.030079842e0,-4.244672060e-1,1.914519310e0,1.276346207e0,7.605612755e0,5.787748098e-1
train,3252,C#CC1CCC1C(C)=O,6.215080738e0,-3.252423048e0,1.914519310e0,1.276346207e0,2.962657690e0,-3.058922052e0
train,3253,O=CC1(O)CC1C1CN1,5.493978977e0,3.451243639e-1,1.914519310e0,1.276346207e0,5.839103222e0,-8.052632213e-1
train,3254,COCC1C[NH+]1CC=O,5.953851223e0,1.886088610e0,1.914519310e0,1.276346207e0,7.839940071e0,7.623673081e-1
train,3255,CC(=O)NC(C)CO,7.545717239e0,6.135623455e-1,1.914519310e0,1.276346207e0,8.159279823e0,1.012565970e0
train,3256,OCC12CC1CC1NC12,8.449134827e0,1.263253808e0,1.914519310e0,1.276346207e0,9.712388992e0,2.229407549e0
train,3257,Cc1cnc(C#N)[nH]1,5.548401356e0,-3.496278226e-1,1.914519310e0,1.276346207e0,5.198773384e0,-1.306953549e0
train,3258,C[NH+](C)C1CC1(N)C#N,7.118498325e0,2.305186987e0,1.914519310e0,1.276346207e0,9.423685074e0,2.003211498e0
train,3259,OC12COC1CC1CC12,8.555259705e0,-6.833472252e-1,1.914519310e0,1.276346207e0,7.871912479e0,7.874172926e-1
train,3260,C#CCCC(F)(F)F,8.674989700e0,-1.314022779e0,1.914519310e0,1.276346207e0,7.360966682e0,3.870976865e-1
train,3261,Cc1cncn1CCO,6.680395126e0,-4.983996153e-1,1.914519310e0,1.276346207e0,6.181995392e0,-5.366114974e-1
train,3262,Cc1n[nH]cc1C(C)C,7.039586067e0,-2.879414558e0,1.914519310e0,1.276346207e0,4.160171509e0,-2.120685101e0
train,3263,CC1CC2C(CO)C2C1,8.791998863e0,1.258271098e0,1.914519310e0,1.276346207e0,1.005027008e1,2.494132996e0
train,3264,CC1C2CC3(C)C2C13C,8.778392792e0,3.313780203e-2,1.914519310e0,1.276346207e0,8.811531067e0,1.523596644e0
train,3265,CCCC1(C=O)OC1C,5.956572056e0,-6.508408785e-1,1.914519310e0,1.276346207e0,5.305731297e0,-1.223153472e0
train,3266,CCC12OC1(C)C1NC12,8.544375420e0,-1.005742908e0,1.914519310e0,1.276346207e0,7.538632393e0,5.262965560e-1
train,3267,CC(C)(O)C1(C#N)CC1,8.645057678e0,-2.825399399e0,1.914519310e0,1.276346207e0,5.819658279e0,-8.204981089e-1
train,3268,Nc1c(O)c[nH]c1CO,6.108956337e0,8.643349409e-1,1.914519310e0,1.276346207e0,6.973291397e0,8.335896581e-2
train,3269,COC12CCCC1(C)C2,8.949825287e0,3.687933207e0,1.914519310e0,1.276346207e0,1.263775826e1,4.521397591e0
train,3270,COC([NH-])COCCO,7.915791988e0,-1.237610936e0,1.914519310e0,1.276346207e0,6.678181171e0,-1.478561908e-1
train,3271,CC1CC1[NH+]1CC1(C)C,8.332126617e0,-2.663081586e-1,1.914519310e0,1.276346207e0,8.065818787e0,9.393404722e-1
train,3272,[H]N=CN1CC(C)(C)C1=O,6.157936573e0,2.020709217e-2,1.914519310e0,1.276346207e0,6.178143501e0,-5.396293998e-1
train,3273,C#CC(N)c1ncc[nH]1,6.617809296e0,-8.685580254e0,1.914519310e0,1.276346207e0,-2.067770958e0,-7.000199795e0
train,3274,N#Cc1n[nH]cc1C=O,5.401460171e0,9.616700411e-1,1.914519310e0,1.276346207e0,6.363130093e0,-3.946947455e-1
train,3275,CC1C=CC2OCC12C,6.821894169e0,6.307948232e-1,1.914519310e0,1.276346207e0,7.452689171e0,4.589610994e-1
train,3276,CC1CC(O)C1CO,8.468183517e0,-2.172760010e0,1.914519310e0,1.276346207e0,6.295423508e0,-4.477420151e-1
train,3277,CC1CC(=O)C(C)C1,6.035485268e0,3.162238359e0,1.914519310e0,1.276346207e0,9.197723389e0,1.826173425e0
train,3278,CC12C3CC1C2(CO)C3,8.372943878e0,1.398814201e0,1.914519310e0,1.276346207e0,9.771758080e0,2.275922537e0
train,3279,N#CC1CC2(CCO2)C1,7.850484848e0,3.410942078e0,1.914519310e0,1.276346207e0,1.126142693e1,3.443059206e0
train,3280,CNc1nn[nH]c1N,6.212359428e0,-1.007033587e0,1.914519310e0,1.276346207e0,5.205326080e0,-1.301819682e0
train,3281,CCOc1cc(C)c[nH]1,6.604203224e0,-3.606395721e0,1.914519310e0,1.276346207e0,2.997807503e0,-3.031382799e0
train,3282,C#CC1CCC2C[NH+]12,7.572928429e0,-3.931961060e-1,1.914519310e0,1.276346207e0,7.179732323e0,2.451028377e-1
train,3283,OC1CC2C3C4C1C4[NH+]23,7.665446758e0,-6.478399038e-2,1.914519310e0,1.276346207e0,7.600662708e0,5.748965144e-1
train,3284,CC1(NC=O)CCC1=O,5.847726822e0,2.150515795e0,1.914519310e0,1.276346207e0,7.998242378e0,8.863951564e-1
train,3285,COc1coc(N)n1,6.076302528e0,6.860942245e-1,1.914519310e0,1.276346207e0,6.762396812e0,-8.187429607e-2
train,3286,CC1(O)CC2C(O)C21,8.375664711e0,-2.770705700e0,1.914519310e0,1.276346207e0,5.604959011e0,-9.887122512e-1
train,3287,CC1C2NCC(=O)OC12,6.645020485e0,1.658828497e0,1.914519310e0,1.276346207e0,8.303849220e0,1.125834346e0
train,3288,OCC1C=CC2OCC12,6.854547501e0,3.188268244e-1,1.914519310e0,1.276346207e0,7.173374176e0,2.401213050e-1
train,3289,CCC1C(C)C1COC,8.860027313e0,7.382968068e-1,1.914519310e0,1.276346207e0,9.598323822e0,2.140038967e0
train,3290,N#Cc1nc(CO)c[nH]1,5.545680046e0,-8.585560918e-1,1.914519310e0,1.276346207e0,4.687123775e0,-1.707824588e0
train,3291,CC#CC[NH+]1CC1CO,7.270882130e0,2.644251287e-1,1.914519310e0,1.276346207e0,7.535307407e0,5.236914158e-1
train,3292,O=CCC(=O)N1CCC1,5.926640034e0,-8.597579598e-1,1.914519310e0,1.276346207e0,5.066882133e0,-1.410288692e0
train,3293,C#CC1(O)CC2CCC21,7.708985806e0,-2.963192761e-1,1.914519310e0,1.276346207e0,7.412666321e0,4.276036918e-1
train,3294,CC1CC2C(C(N)=O)[NH+]12,7.099450111e0,-1.292280316e0,1.914519310e0,1.276346207e0,5.807169914e0,-8.302825689e-1
train,3295,C#CC(CCO)C1CO1,8.163415909e0,1.974899411e0,1.914519310e0,1.276346207e0,1.013831520e1,2.563115358e0
train,3296,O=CCOc1cn[nH]c1,5.088529110e0,-5.165852308e-1,1.914519310e0,1.276346207e0,4.571943760e0,-1.798066735e0
train,3297,C[NH2+]C1OC2C(C)C12N,6.658626080e0,-3.292634487e-1,1.914519310e0,1.276346207e0,6.329362869e0,-4.211509526e-1
train,3298,N#CC(N)C[NH+]1CCC1,7.156594753e0,-7.513613105e-1,1.914519310e0,1.276346207e0,6.405233383e0,-3.617073596e-1
train,3299,C#CC(CC#N)CC#N,7.896743774e0,-1.496645361e-1,1.914519310e0,1.276346207e0,7.747079372e0,6.896120906e-1
train,3300,O=C1NC2C(CO)NC12,6.808288574e0,-1.995181084e0,1.914519310e0,1.276346207e0,4.813107491e0,-1.609117985e0
train,3301,CC1(C)C2CC3(CO3)C21,9.026016235e0,-8.897494078e-1,1.914519310e0,1.276346207e0,8.136266708e0,9.945355058e-1
train,3302,COC1CCC[NH+]2CC12,8.081781387e0,-1.147123054e-1,1.914519310e0,1.276346207e0,7.967069149e0,8.619713187e-1
train,3303,O=CC1CCNC(=O)N1,5.491257668e0,-5.361503601e0,1.914519310e0,1.276346207e0,1.297540665e-1,-5.278466702e0
train,3304,COCCC(O)C1CC1,8.770229340e0,1.759738445e0,1.914519310e0,1.276346207e0,1.052996826e1,2.869970560e0
train,3305,C#CC12CC3C[NH+]1C32,7.325304985e0,5.820360780e-1,1.914519310e0,1.276346207e0,7.907341003e0,8.151751161e-1
train,3306,O=C1C=CC23COC12C3,4.906212807e0,-6.149005413e0,1.914519310e0,1.276346207e0,-1.242792606e0,-6.353839874e0
train,3307,Cc1cc(N)n(C)c1O,6.157936573e0,-2.153022528e0,1.914519310e0,1.276346207e0,4.004914284e0,-2.242327213e0
train,3308,CC1C([NH-])OC1CC=O,6.119840622e0,-8.380765319e-1,1.914519310e0,1.276346207e0,5.281764030e0,-1.241931438e0
train,3309,CC1C2CC(O)C12C=O,6.114398479e0,-2.389590144e-1,1.914519310e0,1.276346207e0,5.875439644e0,-7.767940760e-1
train,3310,C#CC1C2CCCC12O,7.627351284e0,-1.214588881e0,1.914519310e0,1.276346207e0,6.412762642e0,-3.558082581e-1
train,3311,COCC12C=CC(C1)O2,6.454540730e0,1.307745457e0,1.914519310e0,1.276346207e0,7.762286186e0,7.015264630e-1
train,3312,CC#CCOC,7.719869614e0,-4.636993885e0,1.914519310e0,1.276346207e0,3.082875729e0,-2.964732885e0
train,3313,CCC1CC(C)C1CO,9.080439568e0,-2.295849621e-1,1.914519310e0,1.276346207e0,8.850854874e0,1.554406404e0
train,3314,CC1(C)CC(C2CO2)C1,9.306294441e0,2.242497921e0,1.914519310e0,1.276346207e0,1.154879189e1,3.668206215e0
train,3315,COC(=O)C(O)C1CO1,7.148430824e0,2.874788523e0,1.914519310e0,1.276346207e0,1.002321911e1,2.472939014e0
train,3316,OC1C2CC3NC3C1O2,8.108993530e0,6.955934167e-1,1.914519310e0,1.276346207e0,8.804587364e0,1.518156290e0
train,3317,C#CC1C=CCNC1=O,6.674952984e0,-9.237124920e-1,1.914519310e0,1.276346207e0,5.751240730e0,-8.741023540e-1
train,3318,CCOc1cc(O)c[nH]1,6.457261562e0,1.525048494e0,1.914519310e0,1.276346207e0,7.982310295e0,8.739125729e-1
train,3319,Cc1n[nH]c2ncoc12,5.845005512e0,-2.187251896e-1,1.914519310e0,1.276346207e0,5.626280308e0,-9.720072746e-1
train,3320,CC1(O)C(=O)C2NC21,5.785140514e0,9.112098217e-1,1.914519310e0,1.276346207e0,6.696350098e0,-1.336210668e-1
train,3321,C#CC1CCCC1(C)C,8.375664711e0,-5.379960686e-2,1.914519310e0,1.276346207e0,8.321865082e0,1.139949441e0
train,3322,O=C(NC1CC1)C1CO1,7.020537376e0,-2.776755393e-1,1.914519310e0,1.276346207e0,6.742861748e0,-9.717977047e-2
train,3323,C1NC1C12COCC1O2,8.476346970e0,-3.165182829e0,1.914519310e0,1.276346207e0,5.311163902e0,-1.218896985e0
train,3324,O=C1[CH+][NH+]2CCC2[CH-]1,3.942929745e0,1.076485276e0,1.914519310e0,1.276346207e0,5.019414902e0,-1.447478771e0
train,3325,O=CC1=CC(=O)C(=O)C1,3.219106913e0,3.237394691e-1,1.914519310e0,1.276346207e0,3.542846441e0,-2.604351521e0
train,3326,COC1CC(C(N)=O)C1,7.415102959e0,1.181398511e0,1.914519310e0,1.276346207e0,8.596501350e0,1.355123520e0
train,3327,Cc1ncoc1CC#N,6.511684418e0,-8.547341824e-1,1.914519310e0,1.276346207e0,5.656949997e0,-9.479779601e-1
train,3328,CC1C(=O)C2(C)C[NH+]1C2,5.542959213e0,-3.850903511e-1,1.914519310e0,1.276346207e0,5.157868862e0,-1.339001775e0
train,3329,C#CC1(C#N)NC2CC21,6.394675732e0,-5.776844621e-1,1.914519310e0,1.276346207e0,5.816991329e0,-8.225876093e-1
train,3330,CCc1c(O)c[nH]c1C,6.228686333e0,1.098578945e-1,1.914519310e0,1.276346207e0,6.338544369e0,-4.139573574e-1
train,3331,CC(=O)C1CCOC1C,6.228686333e0,-1.322623968e0,1.914519310e0,1.276346207e0,4.906062126e0,-1.536289215e0
train,3332,N#CCC1COC2CC12,7.513063908e0,2.048487425e0,1.914519310e0,1.276346207e0,9.561551094e0,2.111227989e0
train,3333,O=C1C2CC3C[NH+]2C13,6.065417767e0,-1.406833649e0,1.914519310e0,1.276346207e0,4.658584118e0,-1.730185151e0
train,3334,COC1CC2OC[CH-]C12,6.364743233e0,1.432173729e0,1.914519310e0,1.276346207e0,7.796916962e0,7.286592722e-1
train,3335,CC1CC2(O)C(=O)NC12,7.137547016e0,-2.718175650e0,1.914519310e0,1.276346207e0,4.419371605e0,-1.917605042e0
train,3336,C#CC(C)[NH+]1CC1CO,7.164757729e0,-2.200702667e0,1.914519310e0,1.276346207e0,4.964055061e0,-1.490852475e0
train,3337,C1C2C3CC4(CO4)C1[NH+]23,8.451856613e0,-3.594098389e-1,1.914519310e0,1.276346207e0,8.092446327e0,9.602028131e-1
train,3338,OCC1[NH+]2CCC12CO,8.261377335e0,2.872321129e0,1.914519310e0,1.276346207e0,1.113369846e1,3.342985630e0
train,3339,CC1(O)C(O)C12CCO2,7.597418785e0,-2.229046822e0,1.914519310e0,1.276346207e0,5.368371964e0,-1.174075246e0
train,3340,CC12OC1C1(O)COC12,8.027358055e0,1.892488599e-1,1.914519310e0,1.276346207e0,8.216607094e0,1.057481170e0
train,3341,[NH-]C1NC2C(N)C12O,6.783798695e0,-1.075392007e-3,1.914519310e0,1.276346207e0,6.782723427e0,-6.594864279e-2
train,3342,[NH-]C1=C(N)C=C(N)NO1,4.585118771e0,-3.737480402e0,1.914519310e0,1.276346207e0,8.476383686e-1,-4.716013432e0
train,3343,C#CCC1NC1COC,8.212396622e0,2.645655394e0,1.914519310e0,1.276346207e0,1.085805225e1,3.127020359e0
train,3344,CC1(C2CCC2=O)CN1,5.967456818e0,-1.810195923e0,1.914519310e0,1.276346207e0,4.157260895e0,-2.122965574e0
train,3345,CCC(CO)C(=O)NC,7.523947716e0,-9.602027535e-1,1.914519310e0,1.276346207e0,6.563745022e0,-2.375154793e-1
train,3346,CC1C[NH+]1CCOC=O,6.840942383e0,-2.652106047e0,1.914519310e0,1.276346207e0,4.188836098e0,-2.098226786e0
train,3347,Cc1coc(=O)c(C)n1,4.585118771e0,-2.435429841e-1,1.914519310e0,1.276346207e0,4.341575623e0,-1.978557229e0
train,3348,c1ccc2[nH]nnc2c1,5.404181004e0,1.226006389e0,1.914519310e0,1.276346207e0,6.630187511e0,-1.854586154e-1
train,3349,NC(=O)C1(N)CNC1=O,6.563386440e0,8.602873683e-1,1.914519310e0,1.276346207e0,7.423673630e0,4.362277687e-1
train,3350,N#CC12C3[CH-]CC1C2C3,4.854511261e0,2.591052294e0,1.914519310e0,1.276346207e0,7.445563316e0,4.533780813e-1
train,3351,C#CC1=CCC2CC1C2,5.510305405e0,-3.691655099e-1,1.914519310e0,1.276346207e0,5.141139984e0,-1.352108598e0
train,3352,OC1C2(O)CCC1(O)C2,8.465462685e0,-4.970113337e-1,1.914519310e0,1.276346207e0,7.968451500e0,8.630543947e-1
train,3353,CC1(C2CN2)C=CCO1,6.751144886e0,2.191954851e-1,1.914519310e0,1.276346207e0,6.970340252e0,8.104677498e-2
train,3354,CC1NC12C(=O)CC2O,5.738881111e0,-2.930865049e0,1.914519310e0,1.276346207e0,2.808016062e0,-3.180082083e0
train,3355,C#CC1(C)[NH+]2CC1(O)C2,7.439593315e0,-8.442001939e-1,1.914519310e0,1.276346207e0,6.595393181e0,-2.127195448e-1
train,3356,CC(C)CC1CCC1,9.880454063e0,1.681525350e0,1.914519310e0,1.276346207e0,1.156197929e1,3.678538322e0
train,3357,CCC1CC(=O)C1(C)O,5.948409081e0,-3.462654054e-1,1.914519310e0,1.276346207e0,5.602143764e0,-9.909179807e-1
train,3358,CC(O)C1(CC=O)CN1,5.970178127e0,7.213354111e-1,1.914519310e0,1.276346207e0,6.691513538e0,-1.374104470e-1
train,3359,CC1C(O)C2OCC12C,8.168857574e0,1.733025312e-1,1.914519310e0,1.276346207e0,8.342160225e0,1.155850530e0
train,3360,CC(C#N)C1(C)CN1,7.589255333e0,1.485919237e0,1.914519310e0,1.276346207e0,9.075174332e0,1.730157852e0
train,3361,CC1CC=CC12CC2,6.734817982e0,2.349202156e0,1.914519310e0,1.276346207e0,9.084020615e0,1.737088799e0
train,3362,CC1C=CC2(C)OC12,6.691279888e0,-2.074632883e0,1.914519310e0,1.276346207e0,4.616646767e0,-1.763042450e0
train,3363,C[NH+]1CC12COC2[NH-],7.083124161e0,1.916718960e0,1.914519310e0,1.276346207e0,8.999843597e0,1.671137094e0
train,3364,C#Cc1[nH]nc(N)c1C,5.246355057e0,-1.379547954e0,1.914519310e0,1.276346207e0,3.866806984e0,-2.350532532e0
train,3365,OCC#CC1(O)COC1,7.170200348e0,-1.649868965e0,1.914519310e0,1.276346207e0,5.520331383e0,-1.055016994e0
train,3366,[NH-]C1NC2CN=COC12,6.767471313e0,-2.090328455e0,1.914519310e0,1.276346207e0,4.677143097e0,-1.715644360e0
train,3367,OCC#CCC1CC1O,6.821894169e0,-1.609556913e0,1.914519310e0,1.276346207e0,5.212337494e0,-1.296326280e0
train,3368,CCC1CC(O)(C=O)C1,6.253176689e0,8.279067278e-1,1.914519310e0,1.276346207e0,7.081083298e0,1.678125560e-1
train,3369,CC(=O)NCC(=O)CO,5.651804924e0,4.173007488e0,1.914519310e0,1.276346207e0,9.824811935e0,2.317489386e0
train,3370,CC12COCC(=O)C1C2,5.787861824e0,2.237206936e0,1.914519310e0,1.276346207e0,8.025068283e0,9.074129462e-1
train,3371,CC1C(C)C2(O)CC12C,8.457298279e0,-5.669251680e-1,1.914519310e0,1.276346207e0,7.890373230e0,8.018810749e-1
train,3372,CC1CC1(O)C[NH+]1CC1,8.577029228e0,7.131130219e0,1.914519310e0,1.276346207e0,1.570815945e1,6.927018166e0
train,3373,O=CC12OCC1NC2=O,5.406902313e0,4.672884941e0,1.914519310e0,1.276346207e0,1.007978725e1,2.517259359e0
train,3374,C1OC2CC3CC2C3O1,9.110372543e0,-6.136946678e-1,1.914519310e0,1.276346207e0,8.496677399e0,1.276912808e0
train,3375,N#CC1CNCC(=O)O1,6.397397041e0,2.012828588e0,1.914519310e0,1.276346207e0,8.410225868e0,1.209179044e0
train,3376,C#CC(C#C)C(N)C#N,7.322584152e0,-4.410565495e-1,1.914519310e0,1.276346207e0,6.881527424e0,1.146304328e-2
train,3377,CC1(O)CC(N)(C#N)C1,8.117156029e0,7.670760751e-1,1.914519310e0,1.276346207e0,8.884232521e0,1.580557346e0
train,3378,CCC(=O)CC1COC1,6.138888836e0,-1.804228067e0,1.914519310e0,1.276346207e0,4.334660530e0,-1.983975172e0
train,3379,CC#CC(O)C=O,5.804188728e0,-1.106046915e0,1.914519310e0,1.276346207e0,4.698142052e0,-1.699191928e0
train,3380,CC#CC(C)CC1CC1,8.245050430e0,-4.259681702e0,1.914519310e0,1.276346207e0,3.985368729e0,-2.257640839e0
train,3381,CC1CC2CC3C2C13C,9.045064926e0,-6.405966878e-1,1.914519310e0,1.276346207e0,8.404468536e0,1.204668283e0
train,3382,CC12COC(=O)C1(O)C2,7.050469875e0,-5.433902144e-1,1.914519310e0,1.276346207e0,6.507079601e0,-2.819121182e-1
train,3383,COc1cc(N)on1,6.598761082e0,2.251981020e0,1.914519310e0,1.276346207e0,8.850742340e0,1.554318190e0
train,3384,CCC(=O)C12CC[NH+]1C2,5.899428368e0,2.424868107e0,1.914519310e0,1.276346207e0,8.324296951e0,1.141854882e0
train,3385,C#CC([NH-])OCCOC,6.280387878e0,2.998001337e0,1.914519310e0,1.276346207e0,9.278388977e0,1.889373899e0
train,3386,CC1CN(CCO)C1=O,7.281766891e0,6.876531839e-1,1.914519310e0,1.276346207e0,7.969419956e0,8.638131618e-1
train,3387,N#CCC1CNC1C#N,7.129383087e0,3.247213125e0,1.914519310e0,1.276346207e0,1.037659645e1,2.749805689e0
train,3388,CC(=O)N1C(C)CC1[NH-],6.367464066e0,7.374021411e-1,1.914519310e0,1.276346207e0,7.104866028e0,1.864460260e-1
train,3389,C#CC1(C)C(O)C[NH+]1C,7.186526775e0,-9.365854412e-2,1.914519310e0,1.276346207e0,7.092868328e0,1.770459861e-1
train,3390,CC1OC12C=CCOC2,6.694001198e0,1.759073734e0,1.914519310e0,1.276346207e0,8.453075409e0,1.242751122e0
train,3391,CCc1cc[nH]c1O,6.348416328e0,-9.464928508e-1,1.914519310e0,1.276346207e0,5.401923656e0,-1.147787929e0
train,3392,OCC1COC12CCC2,8.261377335e0,2.077391148e0,1.914519310e0,1.276346207e0,1.033876801e1,2.720167637e0
train,3393,CC1=CCOCC1O,6.987883568e0,9.498357773e-2,1.914519310e0,1.276346207e0,7.082867146e0,1.692101806e-1
train,3394,O=CC(O)C1(CO)CO1,5.888543606e0,1.248397678e-1,1.914519310e0,1.276346207e0,6.013383389e0,-6.687169075e-1
train,3395,CC1C2C3CC3C12CO,7.488573551e0,-1.217335761e-1,1.914519310e0,1.276346207e0,7.366839886e0,3.916992545e-1
train,3396,Nc1[nH]cc(O)c1C=O,4.332052708e0,-4.285036087e0,1.914519310e0,1.276346207e0,4.701662064e-2,-5.343290329e0
train,3397,CC1C2CC3C(C)C1C23,9.004247665e0,-2.800983906e0,1.914519310e0,1.276346207e0,6.203263760e0,-5.199480057e-1
train,3398,CC1CCC(C=O)=CN1,5.126625061e0,-4.223481566e-2,1.914519310e0,1.276346207e0,5.084390163e0,-1.396571398e0
train,3399,CCC(O)(C=O)C(C)=O,5.464046478e0,1.016234383e-1,1.914519310e0,1.276346207e0,5.565670013e0,-1.019494653e0
train,3400,CC(C)(C)NC(=O)C=O,4.696685314e0,1.310670972e0,1.914519310e0,1.276346207e0,6.007356167e0,-6.734391451e-1
train,3401,C#CCCc1cc[nH]c1,6.789240837e0,-1.747840285e0,1.914519310e0,1.276346207e0,5.041400433e0,-1.430253386e0
train,3402,O=C1OCC1C(F)(F)F,7.741639137e0,-5.833783150e-1,1.914519310e0,1.276346207e0,7.158260822e0,2.282801867e-1
train,3403,C[NH+]1CCCCC(=O)C1,5.355200768e0,1.653319359e0,1.914519310e0,1.276346207e0,7.008520126e0,1.109602302e-1
train,3404,C[NH2+]C1OC2CCOC21,7.205575466e0,-5.310823321e-1,1.914519310e0,1.276346207e0,6.674493313e0,-1.507455856e-1
train,3405,CC1C2C3C(C[NH+]2C)[NH+]13,7.534832478e0,-4.145373106e-1,1.914519310e0,1.276346207e0,7.120295048e0,1.985344738e-1
train,3406,CC(C(N)=O)C1(C)CO1,7.466804028e0,-1.803507447e0,1.914519310e0,1.276346207e0,5.663296700e0,-9.430054426e-1
train,3407,C#CC(OC)C(C)=O,5.673573971e0,-9.165718406e-2,1.914519310e0,1.276346207e0,5.581916809e0,-1.006765485e0
train,3408,CC1C(=O)C2C3CC2[NH+]13,5.537517071e0,-3.228980899e-1,1.914519310e0,1.276346207e0,5.214619160e0,-1.294538617e0
train,3409,O=CC1CCC(NO)C1,6.027321815e0,2.575267553e-1,1.914519310e0,1.276346207e0,6.284848690e0,-4.560272396e-1
train,3410,CC(CC#N)C(O)C=O,6.386512280e0,-4.262153804e-1,1.914519310e0,1.276346207e0,5.960297108e0,-7.103093266e-1
train,3411,CC#CC1(C)CO[CH+][NH2+]1,7.251834393e0,5.123088956e-1,1.914519310e0,1.276346207e0,7.764143467e0,7.029816508e-1
train,3412,C1=CC2CCC1OCO2,6.587876320e0,-1.630107015e-1,1.914519310e0,1.276346207e0,6.424865723e0,-3.463256657e-1
train,3413,CC1CCC(OC=O)O1,7.562044144e0,-1.910363793e0,1.914519310e0,1.276346207e0,5.651680470e0,-9.521065950e-1
train,3414,N#CC#Cc1ncc[nH]1,4.704848766e0,-4.547555149e-1,1.914519310e0,1.276346207e0,4.250093460e0,-2.050232410e0
train,3415,C#CC1(CC)NC1C=O,5.670852661e0,1.745088845e-1,1.914519310e0,1.276346207e0,5.845361710e0,-8.003597856e-1
train,3416,C#CCNc1nc[nH]n1,6.215080738e0,5.902424455e-1,1.914519310e0,1.276346207e0,6.805323124e0,-4.824206606e-2
train,3417,Cc1nn(C)cnc1=O,5.104856014e0,-1.687708497e0,1.914519310e0,1.276346207e0,3.417147636e0,-2.702835083e0
train,3418,CC12C3C1C1(O)C2C31O,7.110334873e0,-1.417492777e-1,1.914519310e0,1.276346207e0,6.968585491e0,7.967194170e-2
train,3419,CC(C)c1[nH]ccc1O,6.228686333e0,-2.240313530e0,1.914519310e0,1.276346207e0,3.988372803e0,-2.255287170e0
train,3420,OC12CC3C1C=CC32,6.179705620e0,-3.586011171e0,1.914519310e0,1.276346207e0,2.593694448e0,-3.348000050e0
train,3421,c1ncn2c1C1NC1C2,6.479031086e0,-3.731443584e-1,1.914519310e0,1.276346207e0,6.105886936e0,-5.962415338e-1
train,3422,CC1C(CO)C12CCO2,7.861369133e0,1.256728470e-1,1.914519310e0,1.276346207e0,7.987041950e0,8.776198030e-1
train,3423,CCC1CC23CC(C2)[NH+]13,7.684495449e0,-4.434780478e-1,1.914519310e0,1.276346207e0,7.241017342e0,2.931188643e-1
train,3424,[NH-]C1NC(C=O)=CC1O,4.215043545e0,2.566736341e-1,1.914519310e0,1.276346207e0,4.471717358e0,-1.876592875e0
train,3425,C1OCC12C1C3NC3C12,7.504899979e0,2.912503958e0,1.914519310e0,1.276346207e0,1.041740417e1,2.781778097e0
train,3426,O=CC12C3CC4C3[NH+]1C42,5.847726822e0,3.931163549e0,1.914519310e0,1.276346207e0,9.778890610e0,2.281510592e0
train,3427,CNC1CNC([NH-])C1=O,4.699406624e0,1.886038542e0,1.914519310e0,1.276346207e0,6.585445404e0,-2.205134928e-1
train,3428,N#CC1CCC12CC2O,7.902186394e0,2.916045189e0,1.914519310e0,1.276346207e0,1.081823158e1,3.095821381e0
train,3429,COc1nc(C)[nH]c1O,5.771534920e0,8.287563324e-1,1.914519310e0,1.276346207e0,6.600291252e0,-2.088819593e-1
train,3430,C#CC([NH2+]C)OC(C)C,6.117119789e0,1.922819734e0,1.914519310e0,1.276346207e0,8.039939880e0,9.190646410e-1
train,3431,CC(C)C12CC1C([NH-])O2,7.605582714e0,-1.082367778e0,1.914519310e0,1.276346207e0,6.523214817e0,-2.692703903e-1
train,3432,CC(=O)OC1(C)CC1,7.537554264e0,1.470427513e0,1.914519310e0,1.276346207e0,9.007982254e0,1.677513719e0
train,3433,CC(O)C1OCC1NO,6.525290489e0,-3.202763081e0,1.914519310e0,1.276346207e0,3.322527409e0,-2.776968718e0
train,3434,COC1CC2(C1)CC2C,8.849142075e0,1.871343553e-1,1.914519310e0,1.276346207e0,9.036276817e0,1.699682117e0
train,3435,CC1C2OC3C([NH-])[NH+]1C23,5.866774559e0,-7.801431417e-2,1.914519310e0,1.276346207e0,5.788760185e0,-8.447063565e-1
train,3436,OCC12C3CC1(O)C[NH+]32,7.668168545e0,-6.134506464e-1,1.914519310e0,1.276346207e0,7.054718018e0,1.471557021e-1
train,3437,CC([NH-])OCC(=O)C=O,4.272187710e0,-6.440402865e-1,1.914519310e0,1.276346207e0,3.628147364e0,-2.537519455e0
train,3438,O=CCn1cnc(O)c1,4.438177109e0,2.759526014e0,1.914519310e0,1.276346207e0,7.197703362e0,2.591829300e-1
train,3439,CC12COC13C=CC2C3,6.307599545e0,2.388616323e0,1.914519310e0,1.276346207e0,8.696215630e0,1.433248401e0
train,3440,O=C1OCC2C[NH2+][CH+]N12,6.805567265e0,4.294526279e-1,1.914519310e0,1.276346207e0,7.235019684e0,2.884197831e-1
train,3441,CC(C)(CC=O)CCO,6.027321815e0,-2.937632561e0,1.914519310e0,1.276346207e0,3.089689255e0,-2.959394455e0
train,3442,CC12CC1CC(O)C2O,8.296751022e0,-2.755927324e0,1.914519310e0,1.276346207e0,5.540823936e0,-1.038961291e0
train,3443,N#CC12CC[NH2+]C1OC2,7.001489162e0,4.834168851e-1,1.914519310e0,1.276346207e0,7.484906197e0,4.842027426e-1
train,3444,O=C(CO)C1CO[CH+][NH2+]1,6.068139076e0,-1.510146141e0,1.914519310e0,1.276346207e0,4.557992935e0,-1.808997035e0
train,3445,CC(O)C1CC(O)C1C,8.547096252e0,-3.046336889e0,1.914519310e0,1.276346207e0,5.500759125e0,-1.070351601e0
train,3446,CC1C2CC3C2C13C,9.123977661e0,1.236149073e0,1.914519310e0,1.276346207e0,1.036012650e1,2.736901760e0
train,3447,CCOC1C(=O)CC1C,5.474930763e0,2.209044695e0,1.914519310e0,1.276346207e0,7.683975220e0,6.401708126e-1
train,3448,N#CC1CC2CC2O1,7.472246647e0,3.887906075e0,1.914519310e0,1.276346207e0,1.136015320e1,3.520410061e0
train,3449,CC1OC([NH-])C2COC12,7.542996407e0,-1.978304148e0,1.914519310e0,1.276346207e0,5.564692497e0,-1.020260572e0
train,3450,C[NH2+]C1CC=CCO1,6.734817982e0,4.372489929e0,1.914519310e0,1.276346207e0,1.110730743e1,3.322308540e0
train,3451,CC(=O)C1NCC(C)[NH2+]1,4.631378174e0,-8.423089385e-1,1.914519310e0,1.276346207e0,3.789069176e0,-2.411439180e0
train,3452,CC1C=CC2NC2C1,6.753865719e0,-6.917131543e-1,1.914519310e0,1.276346207e0,6.062152386e0,-6.305069923e-1
train,3453,C#CC1(O)CCC1CC,7.899465561e0,6.749701500e-1,1.914519310e0,1.276346207e0,8.574436188e0,1.337835789e0
train,3454,C1=C2COC2CCCC1,6.805567265e0,-1.475169539e0,1.914519310e0,1.276346207e0,5.330397606e0,-1.203827620e0
train,3455,CC12CCC3C(C1)C32O,8.291309357e0,1.784579396e0,1.914519310e0,1.276346207e0,1.007588863e1,2.514204979e0
train,3456,NC(=O)N1CC2OCC21,7.806946754e0,1.436790824e0,1.914519310e0,1.276346207e0,9.243737221e0,1.862224698e0
train,3457,O=COCCOC1CC1,7.504899979e0,7.817895710e-2,1.914519310e0,1.276346207e0,7.583078861e0,5.611197948e-1
train,3458,COC(CCO)C(N)=O,7.208295822e0,-4.211070538e0,1.914519310e0,1.276346207e0,2.997225285e0,-3.031838894e0
train,3459,CC1C2C(O)C(O)C12O,8.375664711e0,1.198240757e0,1.914519310e0,1.276346207e0,9.573905945e0,2.120907784e0
train,3460,CCN1C(=O)CCC1[NH-],6.702164173e0,-1.190565467e0,1.914519310e0,1.276346207e0,5.511598587e0,-1.061859012e0
train,3461,N#CC1CC2CC3C1C23,8.451856613e0,-4.505970329e-2,1.914519310e0,1.276346207e0,8.406796455e0,1.206492186e0
train,3462,CC1CC2C=CC1C2C,6.963393688e0,1.231136173e-1,1.914519310e0,1.276346207e0,7.086507320e0,1.720622182e-1
train,3463,[NH-]C1CNCCOCO1,6.666789532e0,-4.231361449e-1,1.914519310e0,1.276346207e0,6.243653297e0,-4.883033335e-1
train,3464,CCC1C2COCC1O2,8.408317566e0,5.452539325e-1,1.914519310e0,1.276346207e0,8.953571320e0,1.634883404e0
train,3465,CCC1CC2CC2C1O,8.756624222e0,-8.149488568e-1,1.914519310e0,1.276346207e0,7.941675186e0,8.420754671e-1
train,3466,COC1CC=CC2CC21,6.704885483e0,8.440896273e-1,1.914519310e0,1.276346207e0,7.548974991e0,5.343998075e-1
train,3467,CCCc1nc(N)no1,6.272224426e0,-5.902791619e-1,1.914519310e0,1.276346207e0,5.681945324e0,-9.283944368e-1
train,3468,CC(O)CCC1CC1,9.009689331e0,-2.728966713e0,1.914519310e0,1.276346207e0,6.280722618e0,-4.592599571e-1
train,3469,[NH-]C1OC2C3CC3(O)C12,7.507621288e0,-4.176775932e0,1.914519310e0,1.276346207e0,3.330845356e0,-2.770451784e0
train,3470,Oc1noc2occc12,6.378348827e0,-2.027156591e0,1.914519310e0,1.276346207e0,4.351192474e0,-1.971022606e0
train,3471,[NH-]c1[nH]c(C=O)cc1O,3.444961309e0,-1.592440456e-1,1.914519310e0,1.276346207e0,3.285717249e0,-2.805809021e0
train,3472,N#CCC1(CC=O)CO1,6.087186813e0,1.458466947e-1,1.914519310e0,1.276346207e0,6.233033657e0,-4.966236651e-1
train,3473,CC1CC([NH+]2CC2C)C1,8.204232216e0,3.081283569e-1,1.914519310e0,1.276346207e0,8.512360573e0,1.289200306e0
train,3474,CC(C=O)C1CNC1=O,6.068139076e0,-1.510000974e-1,1.914519310e0,1.276346207e0,5.917139053e0,-7.441231012e-1
train,3475,COC(C)C#CCC#N,7.499457359e0,-2.572227716e0,1.914519310e0,1.276346207e0,4.927229881e0,-1.519704580e0
train,3476,CC#Cc1ccoc1N,5.526632309e0,5.804885030e-1,1.914519310e0,1.276346207e0,6.107120991e0,-5.952746868e-1
train,3477,CC1CC(C)C1C#N,8.996084213e0,-2.355093002e0,1.914519310e0,1.276346207e0,6.640991211e0,-1.769940555e-1
train,3478,CC(=O)c1cncn1C,5.363364220e0,1.857064068e-1,1.914519310e0,1.276346207e0,5.549070835e0,-1.032499909e0
train,3479,C1CC2OC3CCC23O1,8.201511383e0,1.394773722e-1,1.914519310e0,1.276346207e0,8.340989113e0,1.154932976e0
train,3480,CC1(C)[NH2+][CH+]OC12CC2,7.072239399e0,-1.775936782e-1,1.914519310e0,1.276346207e0,6.894645691e0,2.174104191e-2
train,3481,[H]N=CNC(=O)N(C)C=N[H],6.356579781e0,-7.279959917e-1,1.914519310e0,1.276346207e0,5.628583908e0,-9.702024460e-1
train,3482,CC12CC1CCCO2,8.261377335e0,3.461413682e-1,1.914519310e0,1.276346207e0,8.607519150e0,1.363755822e0
train,3483,CNc1ncoc1C=O,4.601445198e0,8.256903291e-1,1.914519310e0,1.276346207e0,5.427135468e0,-1.128034830e0
train,3484,Cc1oc(=O)[nH]c1N,6.457261562e0,4.980985522e-1,1.914519310e0,1.276346207e0,6.955359936e0,6.930989027e-2
train,3485,CCC1CC12CC=CC2,7.178363323e0,-5.580703020e-1,1.914519310e0,1.276346207e0,6.620293140e0,-1.932107359e-1
train,3486,COC12CC3C(=O)C1C32,6.604203224e0,1.584176272e-1,1.914519310e0,1.276346207e0,6.762620926e0,-8.169870079e-2
train,3487,COC(C#N)CO,8.092665672e0,-3.156991243e0,1.914519310e0,1.276346207e0,4.935674667e0,-1.513088107e0
train,3488,CC12C=CC(C1)OC2=O,6.068139076e0,2.851058960e0,1.914519310e0,1.276346207e0,8.919198036e0,1.607952356e0
train,3489,N#CC12C[NH+]3C1C(O)C32,7.591977119e0,-1.694356501e-1,1.914519310e0,1.276346207e0,7.422541618e0,4.353408813e-1
train,3490,CC(C)C1(O)CC(O)C1,8.688595772e0,-1.195768356e0,1.914519310e0,1.276346207e0,7.492827415e0,4.904088974e-1
train,3491,CCOC1(C)CCC1,8.851863861e0,1.449213982e0,1.914519310e0,1.276346207e0,1.030107784e1,2.690637827e0
train,3492,Nc1ncc(O)c(N)n1,5.110298157e0,-8.103678226e-1,1.914519310e0,1.276346207e0,4.299930573e0,-2.011185646e0
train,3493,[H]N=CN1C(=O)CC=C1C,5.559286118e0,4.037275314e-1,1.914519310e0,1.276346207e0,5.963013649e0,-7.081809640e-1
train,3494,CC12C[NH+]1CC21CO1,8.519885063e0,-2.862167917e-2,1.914519310e0,1.276346207e0,8.491263390e0,1.272670984e0
train,3495,CCOCC1CC(=O)O1,7.657283783e0,4.504784644e-1,1.914519310e0,1.276346207e0,8.107762337e0,9.722027183e-1
train,3496,CC1OC2C(CO)C12C,8.266819000e0,6.409907341e-1,1.914519310e0,1.276346207e0,8.907810211e0,1.599030137e0
train,3497,C#CC(=O)CC1(O)CC1,4.898049831e0,5.846934915e-1,1.914519310e0,1.276346207e0,5.482743263e0,-1.084466815e0
train,3498,CC1=C(C)CC(C)CC1,6.922576904e0,-1.193824172e0,1.914519310e0,1.276346207e0,5.728752613e0,-8.917215466e-1
train,3499,OCC1C[NH+]2CC12CO,8.264098167e0,4.096596837e-1,1.914519310e0,1.276346207e0,8.673757553e0,1.415652871e0
train,3500,CN1C(=O)C2CN2C1=O,6.432771206e0,9.976454973e-1,1.914519310e0,1.276346207e0,7.430416584e0,4.415107965e-1
train,3501,CC12NC3C(NC31)C2O,7.771572113e0,7.921443880e-2,1.914519310e0,1.276346207e0,7.850786686e0,7.708655000e-1
train,3502,CCC12COC([NH-])C1O2,7.276324272e0,6.566588879e-1,1.914519310e0,1.276346207e0,7.932983398e0,8.352655768e-1
train,3503,CC1C2N[CH+][NH2+]C12C#N,6.653183937e0,5.724038184e-2,1.914519310e0,1.276346207e0,6.710424423e0,-1.225940064e-1
train,3504,O=CC12NC1C1CC2C1,6.008274078e0,2.144333124e0,1.914519310e0,1.276346207e0,8.152606964e0,1.007337928e0
train,3505,CC1(C)CC2C(C=O)C21,5.913033962e0,9.871637821e-1,1.914519310e0,1.276346207e0,6.900197983e0,2.609119192e-2
train,3506,C1=CCC2(COC2)OC1,7.085844994e0,-1.295285106e0,1.914519310e0,1.276346207e0,5.790559769e0,-8.432964087e-1
train,3507,Cc1nn(C)nnc1=O,4.476273060e0,-1.193201423e0,1.914519310e0,1.276346207e0,3.283071518e0,-2.807881832e0
train,3508,Cc1nn(C)c(O)c1C,6.838221550e0,9.592331648e-1,1.914519310e0,1.276346207e0,7.797454834e0,7.290806770e-1
train,3509,CC#Cc1cnc(N)o1,5.148394108e0,1.703633547e0,1.914519310e0,1.276346207e0,6.852027893e0,-1.164946798e-2
train,3510,CC1COC(C(C)C)[NH2+]1,7.347074509e0,-2.338867903e0,1.914519310e0,1.276346207e0,5.008206367e0,-1.456260443e0
train,3511,C#CC12C3NC1C3[NH+]2C,6.576991558e0,-1.035672545e0,1.914519310e0,1.276346207e0,5.541318893e0,-1.038573503e0
train,3512,CC1=C(C)C(C)NC1=O,6.073581219e0,2.569701910e0,1.914519310e0,1.276346207e0,8.643282890e0,1.391776323e0
train,3513,CC1C2C3CCC(O3)C12,9.015131950e0,-3.033653736e0,1.914519310e0,1.276346207e0,5.981478214e0,-6.937142015e-1
train,3514,CC1C(=O)NC1C=O,5.834120750e0,-1.675672174e0,1.914519310e0,1.276346207e0,4.158448696e0,-2.122035027e0
train,3515,Cn1ncnc1NC=O,6.236849785e0,-8.237856030e-1,1.914519310e0,1.276346207e0,5.413064003e0,-1.139059544e0
train,3516,CCC1C=C(C)NC1=O,5.823236465e0,4.641660452e-1,1.914519310e0,1.276346207e0,6.287402630e0,-4.540262520e-1
train,3517,NC(=O)C1COC1C=O,6.032763958e0,2.922010422e0,1.914519310e0,1.276346207e0,8.954774857e0,1.635826349e0
train,3518,CC1(C=O)C2C[NH+]1C2,5.760650635e0,-4.142527878e-1,1.914519310e0,1.276346207e0,5.346397877e0,-1.191291690e0
train,3519,O=CCC1(O)CC(=O)C1,5.842284679e0,3.498796225e-1,1.914519310e0,1.276346207e0,6.192164421e0,-5.286442041e-1
train,3520,Cc1cc(C#N)n[nH]1,6.400117874e0,4.601105452e-1,1.914519310e0,1.276346207e0,6.860228539e0,-5.224365275e-3
train,3521,CC1CC2CC2C(C)O1,8.808325768e0,1.874541163e0,1.914519310e0,1.276346207e0,1.068286705e1,2.989764929e0
train,3522,O=CC1C=CC2CC1C2,5.635478020e0,-1.468919158e0,1.914519310e0,1.276346207e0,4.166558743e0,-2.115680695e0
train,3523,CCC1OC2CC1(C)C2,8.707643509e0,-2.406135499e-1,1.914519310e0,1.276346207e0,8.467029572e0,1.253684044e0
train,3524,CCOC(C=O)C=O,5.355200768e0,2.572152615e-1,1.914519310e0,1.276346207e0,5.612416267e0,-9.828696251e-1
train,3525,C#CC[NH+](CC)CC=O,5.390575409e0,-2.184016258e-1,1.914519310e0,1.276346207e0,5.172173977e0,-1.327793956e0
train,3526,COCC1CCC1,9.281804085e0,-3.633427918e-1,1.914519310e0,1.276346207e0,8.918460846e0,1.607374787e0
train,3527,CC1=CC(C)OC(=O)C1,7.153872967e0,-3.981142342e-1,1.914519310e0,1.276346207e0,6.755758762e0,-8.707512170e-2
train,3528,[NH-]C1OCC2C[NH+]3C2C13,6.898086548e0,-2.652503848e-1,1.914519310e0,1.276346207e0,6.632836342e0,-1.833833009e-1
train,3529,OC1CC12CCCC2,9.017853737e0,4.017310441e-1,1.914519310e0,1.276346207e0,9.419585228e0,1.999999404e0
train,3530,O=CNC(=O)N1CC1,6.293993473e0,1.406735063e0,1.914519310e0,1.276346207e0,7.700728416e0,6.532967091e-1
train,3531,CNC(=O)CC#CC#N,5.757929325e0,-1.239200592e0,1.914519310e0,1.276346207e0,4.518728733e0,-1.839760065e0
train,3532,CC(O)CCCNC=O,7.711706638e0,-2.084721088e0,1.914519310e0,1.276346207e0,5.626985550e0,-9.714547396e-1
train,3533,COC1OCCC1(C)C,9.132141113e0,7.787125707e-1,1.914519310e0,1.276346207e0,9.910853386e0,2.384901762e0
train,3534,OC1COC2CC2OC1,8.653220177e0,3.744422793e-1,1.914519310e0,1.276346207e0,9.027662277e0,1.692932725e0
train,3535,C1CC2CC2C2(CC2)O1,8.593356133e0,-6.207093596e-1,1.914519310e0,1.276346207e0,7.972646713e0,8.663412929e-1
train,3536,CCC1CC12CCC2=O,5.937524319e0,4.982919693e0,1.914519310e0,1.276346207e0,1.092044449e1,3.175903797e0
train,3537,OC1C2C=CCCC12O,6.544338226e0,1.578760862e0,1.914519310e0,1.276346207e0,8.123099327e0,9.842190146e-1
train,3538,O=C1CCC2CCCN12,7.317142010e0,1.496471167e0,1.914519310e0,1.276346207e0,8.813612938e0,1.525227785e0
train,3539,O=CC1CCOC(=O)C1,6.008274078e0,-1.825035334e0,1.914519310e0,1.276346207e0,4.183238983e0,-2.102612019e0
train,3540,CNC1(C#N)CC1(C)N,7.251834393e0,2.606200933e0,1.914519310e0,1.276346207e0,9.858035088e0,2.343519449e0
train,3541,C#CC(C)C(CC)CO,8.413760185e0,1.580054522e0,1.914519310e0,1.276346207e0,9.993814468e0,2.449900866e0
train,3542,CC1OCC2CC1O2,8.729413033e0,-7.665997744e-1,1.914519310e0,1.276346207e0,7.962813377e0,8.586369753e-1
train,3543,CC1(O)CC2CCC21C,8.620567322e0,-1.511265397e0,1.914519310e0,1.276346207e0,7.109302044e0,1.899216026e-1
train,3544,N#CC(O)C#CC(N)=O,6.253176689e0,7.459042668e-1,1.914519310e0,1.276346207e0,6.999081135e0,1.035648957e-1
train,3545,CC(=O)COC(C)C#N,5.975620270e0,1.841777444e0,1.914519310e0,1.276346207e0,7.817397594e0,7.447055578e-1
train,3546,C1=CC2CC2([NH+]2CC2)C1,6.313041210e0,3.926909685e0,1.914519310e0,1.276346207e0,1.023995113e1,2.642745733e0
train,3547,CCCNc1nn[nH]n1,5.602824211e0,3.868266642e-1,1.914519310e0,1.276346207e0,5.989650726e0,-6.873111129e-1
train,3548,CC1OC2CCC1C2=O,5.654525757e0,-7.977428436e-1,1.914519310e0,1.276346207e0,4.856782913e0,-1.574898839e0
train,3549,CC12CC1CC2C#N,8.182463646e0,4.423769712e-1,1.914519310e0,1.276346207e0,8.624840736e0,1.377327085e0
train,3550,N#CC12CC3OC3C1C2,7.953887463e0,4.132161438e-1,1.914519310e0,1.276346207e0,8.367103577e0,1.175393343e0
train,3551,CC1=CC2(C)OC2C1C,6.571549892e0,9.901015759e-1,1.914519310e0,1.276346207e0,7.561651230e0,5.443314910e-1
train,3552,O=CC#CC1C[NH+]2CC12,5.132067680e0,-3.823394179e-1,1.914519310e0,1.276346207e0,4.749728203e0,-1.658774853e0
train,3553,CC1[NH2+]C(N)C(O)C1O,6.974278450e0,4.964458048e-1,1.914519310e0,1.276346207e0,7.470724106e0,4.730912447e-1
train,3554,N#CC1CC12NCC2O,7.085844994e0,-6.024188176e-2,1.914519310e0,1.276346207e0,7.025603294e0,1.243446767e-1
train,3555,[NH-]C1CCN1C(=O)C=O,4.604166508e0,1.972519308e-1,1.914519310e0,1.276346207e0,4.801418304e0,-1.618276358e0
train,3556,C#CC1(O)CCC1(C)O,7.521226883e0,4.979882836e-1,1.914519310e0,1.276346207e0,8.019215584e0,9.028274417e-1
train,3557,C[NH2+]C1OCC1C(N)=O,7.055912018e0,-3.592073202e0,1.914519310e0,1.276346207e0,3.463838816e0,-2.666253090e0
train,3558,C[NH+]1C2C3C2C(C)(C)C31,7.613745689e0,6.241295934e-1,1.914519310e0,1.276346207e0,8.237874985e0,1.074144363e0
train,3559,O=C1CC2CCCC1C2,5.978341103e0,1.481278658e0,1.914519310e0,1.276346207e0,7.459619522e0,4.643909335e-1
train,3560,CC12C=CC3CC1[NH+]32,5.893986225e0,4.781411171e0,1.914519310e0,1.276346207e0,1.067539787e1,2.983912945e0
train,3561,O=CC12C3C[NH+]1C1C3C12,5.259960651e0,9.156280160e-1,1.914519310e0,1.276346207e0,6.175588608e0,-5.416311622e-1
train,3562,[NH-]C1CCC2(CCC2)O1,7.687216282e0,5.792449117e-1,1.914519310e0,1.276346207e0,8.266461372e0,1.096541405e0
train,3563,C[NH+]1CCC(N)C1C#N,6.993326187e0,1.125379920e0,1.914519310e0,1.276346207e0,8.118705750e0,9.807767272e-1
train,3564,CC12C(O)C1CC1OC12,8.201511383e0,-1.224052310e-1,1.914519310e0,1.276346207e0,8.079106331e0,9.497510791e-1
train,3565,C#CC(=O)C#CCO,5.208259583e0,7.056309283e-2,1.914519310e0,1.276346207e0,5.278822899e0,-1.244235754e0
train,3566,C1CC2CC2C2CC2C1,8.767508507e0,2.070091963e0,1.914519310e0,1.276346207e0,1.083760071e1,3.110996723e0
train,3567,O=C1C2NC2C2C(O)C12,5.436834812e0,1.792854786e0,1.914519310e0,1.276346207e0,7.229689598e0,2.842437327e-1
train,3568,C#CCC1CCC1O,8.514442444e0,1.213493228e0,1.914519310e0,1.276346207e0,9.727935791e0,2.241588116e0
train,3569,CC(=O)C1(C)CCC1=O,5.382411957e0,-3.312131464e-1,1.914519310e0,1.276346207e0,5.051198959e0,-1.422576308e0
train,3570,CC1(C2COCO2)CC1,9.178400040e0,6.200785041e-1,1.914519310e0,1.276346207e0,9.798478127e0,2.296857357e0
train,3571,OC1CC=C2CCC=C21,5.300777912e0,8.600832224e-1,1.914519310e0,1.276346207e0,6.160861015e0,-5.531700253e-1
train,3572,[NH-]C1CC2(C=CCC2)O1,6.917134762e0,2.576270342e0,1.914519310e0,1.276346207e0,9.493405342e0,2.057836533e0
train,3573,Oc1cc2n(c1)CC=C2,4.440898418e0,-1.255332232e0,1.914519310e0,1.276346207e0,3.185566187e0,-2.884276152e0
train,3574,CC1[NH2+]C2C3C1C1C3[NH+]21,4.269466400e0,5.329625215e-3,1.914519310e0,1.276346207e0,4.274796009e0,-2.030878305e0
train,3575,C#CC#CC(=O)CC#N,4.993289471e0,-3.484640598e0,1.914519310e0,1.276346207e0,1.508648872e0,-4.198119640e0
train,3576,C#CCC1(C)CC(=O)C1,6.010994911e0,-5.049089193e-1,1.914519310e0,1.276346207e0,5.506085873e0,-1.066178083e0
train,3577,CC1CC(=O)CC(=O)C1,5.708949089e0,-4.075912952e0,1.914519310e0,1.276346207e0,1.633036137e0,-4.100664139e0
train,3578,N#CCc1[nH]ccc1O,6.198753357e0,2.857869387e0,1.914519310e0,1.276346207e0,9.056622505e0,1.715622663e0
train,3579,COCC12CC(=O)N1C2,6.430050850e0,4.589050114e-1,1.914519310e0,1.276346207e0,6.888956070e0,1.728329435e-2
train,3580,Cc1n[n+]2cc[nH]c2o1,5.828679085e0,1.745661736e0,1.914519310e0,1.276346207e0,7.574340820e0,5.542736053e-1
train,3581,CC1(C)C[NH2+]C2OCC21,7.221901417e0,-2.432769537e0,1.914519310e0,1.276346207e0,4.789132118e0,-1.627902389e0
train,3582,CCC12OC(C)C1C2C,8.383827209e0,-3.676429272e0,1.914519310e0,1.276346207e0,4.707397938e0,-1.691940069e0
train,3583,N#CC1OCOC12CC2,7.480409622e0,-1.384053111e0,1.914519310e0,1.276346207e0,6.096356392e0,-6.037085652e-1
train,3584,O=CC12C[NH+]3C4C(C41)C32,5.398738861e0,9.557585120e-1,1.914519310e0,1.276346207e0,6.354497433e0,-4.014583230e-1
train,3585,N#CC(N)C1CC(=O)O1,7.401497364e0,-2.210380435e-1,1.914519310e0,1.276346207e0,7.180459499e0,2.456725687e-1
train,3586,CC1[NH+](C)CC12CO2,7.782456875e0,-5.120249987e-1,1.914519310e0,1.276346207e0,7.270431995e0,3.161648810e-1
train,3587,N#CC1(O)C2C3OC3C21,7.363400936e0,-1.519985437e0,1.914519310e0,1.276346207e0,5.843415260e0,-8.018847704e-1
train,3588,CC1OC2(CC2)C12CO2,8.408317566e0,-2.791414261e-1,1.914519310e0,1.276346207e0,8.129176140e0,9.889801145e-1
train,3589,O=C1CC(CO)(CO)N1,7.314420223e0,-5.497178435e-1,1.914519310e0,1.276346207e0,6.764702320e0,-8.006795496e-2
train,3590,OC1C(O)C2OCC12,7.763408184e0,1.305833697e0,1.914519310e0,1.276346207e0,9.069241524e0,1.725509524e0
train,3591,O=COC1CCC1=O,5.738881111e0,6.612625718e-1,1.914519310e0,1.276346207e0,6.400143623e0,-3.656951189e-1
train,3592,CC(O)Cn1ccnn1,7.006931782e0,-3.097444534e0,1.914519310e0,1.276346207e0,3.909487247e0,-2.317093134e0
train,3593,C#CC1CC2NC12,7.679053307e0,-1.474634528e0,1.914519310e0,1.276346207e0,6.204418659e0,-5.190431476e-1
train,3594,CC([NH-])Oc1cnc[nH]1,5.542959213e0,-4.940926075e0,1.914519310e0,1.276346207e0,6.020331383e-1,-4.908442020e0
train,3595,CC1C2CCCC12C#N,8.326683998e0,1.684565425e0,1.914519310e0,1.276346207e0,1.001124954e1,2.463561058e0
train,3596,CCC(C)OC(=O)NC,8.609682083e0,-3.428948522e-1,1.914519310e0,1.276346207e0,8.266787529e0,1.096796870e0
train,3597,CC1(C#N)CC(O)C1O,8.125319481e0,5.525778532e-1,1.914519310e0,1.276346207e0,8.677897453e0,1.418896437e0
train,3598,C#CC1(C)OCC(=O)O1,7.483131409e0,5.459409714e0,1.914519310e0,1.276346207e0,1.294254112e1,4.760190964e0
train,3599,C#CC1C2COC12CO,7.553880215e0,2.083269060e-1,1.914519310e0,1.276346207e0,7.762207031e0,7.014644742e-1
train,3600,CCC(C#CCO)C=O,5.937524319e0,-3.413950503e-1,1.914519310e0,1.276346207e0,5.596129417e0,-9.956301451e-1
train,3601,CCC1OCCC1OC,8.794719696e0,5.518360138e-1,1.914519310e0,1.276346207e0,9.346555710e0,1.942781687e0
train,3602,CC1CC1c1cnn[nH]1,6.666789532e0,4.560934305e-1,1.914519310e0,1.276346207e0,7.122882843e0,2.005619854e-1
train,3603,CCCc1cn(C)nn1,6.764750481e0,-3.969713151e-1,1.914519310e0,1.276346207e0,6.367779255e0,-3.910521865e-1
train,3604,NC(=O)N1CCC(O)C1,7.581092358e0,-7.231749892e-1,1.914519310e0,1.276346207e0,6.857917309e0,-7.035184652e-3
train,3605,Nc1onnc1CCO,5.646362305e0,1.531851172e0,1.914519310e0,1.276346207e0,7.178213596e0,2.439129353e-1
train,3606,C#CC1CCC12CC2O,8.016474724e0,1.272230148e-1,1.914519310e0,1.276346207e0,8.143697739e0,1.000357628e0
train,3607,CNC(=O)CC1CN1,7.472246647e0,9.371788502e-1,1.914519310e0,1.276346207e0,8.409425735e0,1.208552122e0
train,3608,CC#CC#CC1COC1,6.027321815e0,4.019937813e-1,1.914519310e0,1.276346207e0,6.429315567e0,-3.428392708e-1
train,3609,CC1=C(C)C2C3CC1C32,6.334810734e0,-9.157498181e-2,1.914519310e0,1.276346207e0,6.243235588e0,-4.886305928e-1
train,3610,CC1=CC2(C)NC2C1O,6.541617393e0,4.699929714e0,1.914519310e0,1.276346207e0,1.124154663e1,3.427483320e0
train,3611,OCC1COCCCO1,8.849142075e0,9.905935526e-1,1.914519310e0,1.276346207e0,9.839735985e0,2.329182386e0
train,3612,C#CC(C)(C#N)C=O,5.937524319e0,-9.270181656e0,1.914519310e0,1.276346207e0,-3.332657337e0,-7.991222858e0
train,3613,OCC1C2CC(O)C1O2,8.400155067e0,1.760837913e0,1.914519310e0,1.276346207e0,1.016099262e1,2.580882788e0
train,3614,Cc1ccn2c1CCC2,6.598761082e0,2.079135895e0,1.914519310e0,1.276346207e0,8.677896500e0,1.418895602e0
train,3615,CCC1OC12C[NH+](C)C2,8.081781387e0,-4.088567257e0,1.914519310e0,1.276346207e0,3.993214130e0,-2.251494169e0
train,3616,N#CC1(O)C(=O)C2NC21,5.469488621e0,3.448697031e-1,1.914519310e0,1.276346207e0,5.814358234e0,-8.246505857e-1
train,3617,C1OC1C1C2CCC1O2,8.881796837e0,-1.238170266e0,1.914519310e0,1.276346207e0,7.643626690e0,6.085582376e-1
train,3618,CC#CC1(N)CC1C#N,7.292651653e0,2.178447247e0,1.914519310e0,1.276346207e0,9.471098900e0,2.040359735e0
train,3619,CC1C(O)C12OC1CC12,7.937561512e0,2.005836181e-2,1.914519310e0,1.276346207e0,7.957619667e0,8.545677662e-1
train,3620,CC1C2C(O)C1C1NC12,7.904907227e0,1.543256760e0,1.914519310e0,1.276346207e0,9.448163986e0,2.022390604e0
train,3621,COCC1NC2COC12,8.076338768e0,-7.304930210e0,1.914519310e0,1.276346207e0,7.714085579e-1,-4.775738239e0
train,3622,COCC1(C)C[NH+]2CC21,8.457298279e0,-5.862481594e-1,1.914519310e0,1.276346207e0,7.871049881e0,7.867414355e-1
train,3623,CC12CC=CC1(C#N)O2,6.479031086e0,-6.832057834e-1,1.914519310e0,1.276346207e0,5.795825481e0,-8.391708136e-1
train,3624,N#CC[NH+]1CC2OC2C1,7.009653091e0,1.079231381e0,1.914519310e0,1.276346207e0,8.088884354e0,9.574120045e-1
train,3625,CN(C=O)CC(C)(C)O,7.366122246e0,2.508918047e0,1.914519310e0,1.276346207e0,9.875040054e0,2.356842518e0
train,3626,COC(=O)C1C=CCN1,6.337531567e0,-4.509370625e-1,1.914519310e0,1.276346207e0,5.886594296e0,-7.680545449e-1
train,3627,CC#CC1[NH2+]C(C)CO1,5.907591820e0,-3.738863945e0,1.914519310e0,1.276346207e0,2.168727875e0,-3.680956125e0
train,3628,COC12CC1C1C(C)C12,7.575649738e0,9.159380198e-2,1.914519310e0,1.276346207e0,7.667243481e0,6.270617247e-1
train,3629,C#CC(CC1CC1)=NO,5.619151115e0,3.270870447e-2,1.914519310e0,1.276346207e0,5.651859760e0,-9.519661069e-1
train,3630,COC1CC2CC1O2,8.925334930e0,1.522118926e0,1.914519310e0,1.276346207e0,1.044745350e1,2.805321217e0
train,3631,C1CC1[NH+]1CC12COC2,8.098108292e0,1.676587939e0,1.914519310e0,1.276346207e0,9.774696350e0,2.278224468e0
train,3632,OCC1CC2C(CO)C12,8.636894226e0,3.519505739e0,1.914519310e0,1.276346207e0,1.215639973e1,4.144258976e0
train,3633,N#CCC1NC2CC12O,7.227344036e0,2.246451855e0,1.914519310e0,1.276346207e0,9.473795891e0,2.042472839e0
train,3634,Cc1[nH]c(CO)nc1O,5.880380630e0,-3.577219844e-1,1.914519310e0,1.276346207e0,5.522658825e0,-1.053193450e0
train,3635,C1CC2C3CCC2C13,9.970252037e0,-5.733286142e-1,1.914519310e0,1.276346207e0,9.396923065e0,1.982243896e0
train,3636,O=COc1nc(O)c[nH]1,5.172884464e0,9.552865624e-1,1.914519310e0,1.276346207e0,6.128170967e0,-5.787822604e-1
train,3637,C#Cc1c(N)noc1N,5.877659321e0,2.259167194e0,1.914519310e0,1.276346207e0,8.136826515e0,9.949741364e-1
train,3638,N#CC1N[CH+][NH2+]C1C=O,5.749765873e0,2.261546552e-1,1.914519310e0,1.276346207e0,5.975920677e0,-6.980684400e-1
train,3639,CCC1(O)CC1(C)CO,8.650499344e0,-1.588830352e0,1.914519310e0,1.276346207e0,7.061668873e0,1.526015997e-1
train,3640,CC(C1CC1)C(C)(C)O,8.985198975e0,6.216061115e-1,1.914519310e0,1.276346207e0,9.606804848e0,2.146683693e0
train,3641,O=CCCC1CCC1,6.225965023e0,4.849074483e-1,1.914519310e0,1.276346207e0,6.710872650e0,-1.222428307e-1
train,3642,OC1C(O)C12CCC2,7.575649738e0,7.171696424e-1,1.914519310e0,1.276346207e0,8.292819023e0,1.117192268e0
train,3643,CC#CC1CC(C#N)O1,6.827336788e0,-8.657621741e-1,1.914519310e0,1.276346207e0,5.961574554e0,-7.093084455e-1
train,3644,CC1CC(=O)CC2OC12,6.122561455e0,6.202088594e-1,1.914519310e0,1.276346207e0,6.742770195e0,-9.725150466e-2
train,3645,CC12CC1OC2CO,8.304915428e0,4.384270012e-1,1.914519310e0,1.276346207e0,8.743342400e0,1.470171690e0
train,3646,C#CC(C#C)(CO)CO,7.934839725e0,1.709276438e-1,1.914519310e0,1.276346207e0,8.105767250e0,9.706395864e-1
train,3647,CCNC1=CC(=O)OC1,5.932082176e0,6.978509426e-1,1.914519310e0,1.276346207e0,6.629933357e0,-1.856577396e-1
train,3648,CCC(O)C1CC1C=O,6.076302528e0,-3.120962381e0,1.914519310e0,1.276346207e0,2.955340147e0,-3.064655304e0
train,3649,C1=COC([NH2+]C2CC2)O1,6.081744671e0,-4.574806690e0,1.914519310e0,1.276346207e0,1.506937981e0,-4.199460030e0
train,3650,CC(C)N1CCC1=O,7.491294384e0,-1.914598465e0,1.914519310e0,1.276346207e0,5.576695919e0,-1.010856032e0
train,3651,CC1(C2CC2)NCC1=O,5.817794323e0,7.288506031e-1,1.914519310e0,1.276346207e0,6.546645164e0,-2.509129941e-1
train,3652,CCC1C2CCC1(O)C2,8.846421242e0,-3.832510710e0,1.914519310e0,1.276346207e0,5.013910294e0,-1.451791525e0
train,3653,CC(C1CC1)C1CCO1,8.838258743e0,-9.281544089e-1,1.914519310e0,1.276346207e0,7.910104275e0,8.173400760e-1
train,3654,CC12CC3C4CC4[NH+]1C32,8.647777557e0,1.317445487e-1,1.914519310e0,1.276346207e0,8.779521942e0,1.498517871e0
train,3655,CCc1cccoc1=O,4.832742214e0,-2.366780192e-1,1.914519310e0,1.276346207e0,4.596064091e0,-1.779168725e0
train,3656,COC(C)[NH2+]C1CC1,6.982441425e0,-7.676851749e-1,1.914519310e0,1.276346207e0,6.214756012e0,-5.109439492e-1
train,3657,CC12CC(O1)C(O)C2=O,5.306220055e0,-4.966105893e-2,1.914519310e0,1.276346207e0,5.256558895e0,-1.261679411e0
train,3658,NC1=NCCN1C=O,5.719833374e0,-5.839338899e-1,1.914519310e0,1.276346207e0,5.135899544e0,-1.356214523e0
train,3659,C#CC#CC#CC,5.091249943e0,1.206164002e0,1.914519310e0,1.276346207e0,6.297413826e0,-4.461826086e-1
train,3660,O=C1NCC[NH+]2CC12,6.781077385e0,-2.283616304e0,1.914519310e0,1.276346207e0,4.497461319e0,-1.856422782e0
train,3661,O=C1CNC12CC2CO,5.874938488e0,5.297986269e-1,1.914519310e0,1.276346207e0,6.404736996e0,-3.620962799e-1
train,3662,O=C1OC2OC1C1OC21,7.121219635e0,-1.509449124e0,1.914519310e0,1.276346207e0,5.611770630e0,-9.833754301e-1
train,3663,O=C1C[NH+]2C3C=CC1C32,5.134788513e0,-1.257831693e0,1.914519310e0,1.276346207e0,3.876956940e0,-2.342580080e0
train,3664,OC(CC1CO1)C1CC1,8.840979576e0,2.726625681e0,1.914519310e0,1.276346207e0,1.156760502e1,3.682945967e0
train,3665,CC1=CCC2(CO)OC12,6.634135723e0,9.845917225e-1,1.914519310e0,1.276346207e0,7.618727684e0,5.890501738e-1
train,3666,CNC(=O)C1CCC1=O,5.651804924e0,-1.631279290e-1,1.914519310e0,1.276346207e0,5.488677025e0,-1.079817772e0
train,3667,CC1CC2(C#N)C[NH+]1C2,7.322584152e0,1.137482166e0,1.914519310e0,1.276346207e0,8.460065842e0,1.248228073e0
train,3668,CC12OCC1C1CC12,8.596076965e0,6.829991341e-1,1.914519310e0,1.276346207e0,9.279075623e0,1.889911890e0
train,3669,OC1C2[NH2+]C3OCC3C12,6.530732632e0,-8.932326436e-1,1.914519310e0,1.276346207e0,5.637499809e0,-9.632169604e-1
train,3670,CCC1(C)C(=O)NC1C,7.562044144e0,-3.480569124e-1,1.914519310e0,1.276346207e0,7.213987350e0,2.719412148e-1
train,3671,Cc1cc2nn[nH]c2[nH]1,5.703506470e0,5.210034251e-1,1.914519310e0,1.276346207e0,6.224509716e0,-5.033020973e-1
train,3672,CC(C)C1C2COC21C,8.351174355e0,2.079471827e0,1.914519310e0,1.276346207e0,1.043064594e1,2.792152882e0
train,3673,C#CC(O)(CO)C(C)O,7.474967480e0,-2.909566462e-1,1.914519310e0,1.276346207e0,7.184010983e0,2.484551072e-1
train,3674,CC1CC1CCCCO,9.319899559e0,3.192197159e-2,1.914519310e0,1.276346207e0,9.351821899e0,1.946907759e0
train,3675,C#CC(C)OCCC,7.970214844e0,1.132791400e0,1.914519310e0,1.276346207e0,9.103006363e0,1.751963854e0
train,3676,CC(C#N)C1CC(=O)O1,7.815110207e0,1.260672092e0,1.914519310e0,1.276346207e0,9.075782776e0,1.730634570e0
train,3677,C#CC1NC1(C)C(C)C,7.542996407e0,-1.949194670e0,1.914519310e0,1.276346207e0,5.593801498e0,-9.974540472e-1
train,3678,CN=C(N)NC(=O)OC,6.498078823e0,3.669674098e-1,1.914519310e0,1.276346207e0,6.865046024e0,-1.449925825e-3
train,3679,C#CC1C2C(C)[NH2+][CH+][NH+]12,6.225965023e0,-1.486174107e0,1.914519310e0,1.276346207e0,4.739790916e0,-1.666560650e0
train,3680,[CH+]1[NH2+]C23CC(CC2O1)C3,6.996047020e0,-2.584009469e-1,1.914519310e0,1.276346207e0,6.737646103e0,-1.012661606e-1
train,3681,CC1CC(O)C(C=O)C1,6.288550854e0,-3.237031698e-1,1.914519310e0,1.276346207e0,5.964847565e0,-7.067441344e-1
train,3682,Cc1onnc1N(C)C,5.545680046e0,1.770989180e0,1.914519310e0,1.276346207e0,7.316669464e0,3.523913622e-1
train,3683,CCC1CC(C)CC1C,1.007093334e1,6.689689308e-2,1.914519310e0,1.276346207e0,1.013782978e1,2.562735081e0
train,3684,CC1(C2NCC2=O)CO1,5.929360867e0,-5.544729829e-1,1.914519310e0,1.276346207e0,5.374887943e0,-1.168970108e0
train,3685,[NH-]C1N=CON=CC1=O,4.691242695e0,-1.845592111e-1,1.914519310e0,1.276346207e0,4.506683350e0,-1.849197388e0
train,3686,C[CH+]1C(O)C=COC1[NH-],4.612329483e0,-3.035871387e-1,1.914519310e0,1.276346207e0,4.308742523e0,-2.004281521e0
train,3687,CC1C2CC2C2C(O)C12,8.114435196e0,-5.074511766e-1,1.914519310e0,1.276346207e0,7.606984138e0,5.798492432e-1
train,3688,C#CC1(O)CC1,7.548438072e0,-4.710638046e0,1.914519310e0,1.276346207e0,2.837800026e0,-3.156746626e0
train,3689,Oc1n[nH]c2[nH]nnc12,5.861332417e0,1.127560377e0,1.914519310e0,1.276346207e0,6.988892555e0,9.558227658e-2
train,3690,COC(C#N)C(O)C#N,8.266819000e0,-1.836106777e0,1.914519310e0,1.276346207e0,6.430712223e0,-3.417449892e-1
train,3691,CCC(C)=O,6.397397041e0,-2.800613403e0,1.914519310e0,1.276346207e0,3.596783638e0,-2.562092543e0
train,3692,CNc1cc[nH+]nc1,4.541580200e0,-1.262201309e0,1.914519310e0,1.276346207e0,3.279378891e0,-2.810775042e0
train,3693,CC1OC([NH-])C1CCO,7.812388420e0,1.057684541e0,1.914519310e0,1.276346207e0,8.870073318e0,1.569463730e0
train,3694,C#CC(=O)COC,5.668131351e0,9.533240795e-1,1.914519310e0,1.276346207e0,6.621455193e0,-1.923002750e-1
train,3695,CC12C=CCC1C(=O)O2,7.006931782e0,5.122017264e-1,1.914519310e0,1.276346207e0,7.519133568e0,5.110194683e-1
train,3696,[H]N=CN1CC(=O)NC1=O,6.470867634e0,3.304120004e-1,1.914519310e0,1.276346207e0,6.801279545e0,-5.141016096e-2
train,3697,C1COC([NH2+]C2CC2)C1,6.911692142e0,-5.226000547e-1,1.914519310e0,1.276346207e0,6.389091969e0,-3.743539453e-1
train,3698,CCC1C2CC3C2[NH+]13,8.909008026e0,3.403677940e0,1.914519310e0,1.276346207e0,1.231268597e1,4.266707420e0
train,3699,N#CC1CC(CC=O)N1,5.619151115e0,-6.710597277e-1,1.914519310e0,1.276346207e0,4.948091507e0,-1.503359675e0
train,3700,CC[NH+]1C(C)C1(C)CO,8.076338768e0,-1.542011976e0,1.914519310e0,1.276346207e0,6.534326553e0,-2.605644763e-1
train,3701,CC1CC(C(O)CO)O1,8.277703285e0,2.556122065e0,1.914519310e0,1.276346207e0,1.083382511e1,3.108038664e0
train,3702,CCC(C)=NO,6.971556664e0,-1.904115200e0,1.914519310e0,1.276346207e0,5.067441463e0,-1.409850478e0
train,3703,CC1COCC2NC12C,8.343010902e0,1.305453420e0,1.914519310e0,1.276346207e0,9.648464203e0,2.179323196e0
train,3704,OC1C2CCCCOC12,8.283145905e0,6.283393502e-1,1.914519310e0,1.276346207e0,8.911485672e0,1.601909876e0
train,3705,CC1[NH2+]C2CC(O1)C2O,6.800125122e0,1.207082748e0,1.914519310e0,1.276346207e0,8.007207870e0,8.934195042e-1
train,3706,O=C1C=CC=CCCO1,4.887165070e0,1.176416874e0,1.914519310e0,1.276346207e0,6.063581944e0,-6.293869615e-1
train,3707,C#CC1C2CCC12OC,7.616467476e0,1.385550976e0,1.914519310e0,1.276346207e0,9.002017975e0,1.672840714e0
train,3708,COCCC(C)(C)C=O,6.217801571e0,-1.619154334e0,1.914519310e0,1.276346207e0,4.598647118e0,-1.777145028e0
train,3709,CC12CC1CNC2=O,7.349795341e0,-1.609483808e-1,1.914519310e0,1.276346207e0,7.188847065e0,2.522441149e-1
train,3710,OCC1=CC2NC1C2O,6.264060974e0,3.418051004e-1,1.914519310e0,1.276346207e0,6.605865955e0,-2.045142502e-1
train,3711,CC(C)(O)C(O)C1CC1,8.911728859e0,3.141367435e0,1.914519310e0,1.276346207e0,1.205309677e1,4.063322544e0
train,3712,C#CC1CC1(CC)CC,7.853205681e0,-8.328344822e-1,1.914519310e0,1.276346207e0,7.020371437e0,1.202455834e-1
train,3713,CC1[NH2+][CH+]OC12CCC2,7.289929867e0,5.230792761e-1,1.914519310e0,1.276346207e0,7.813009262e0,7.412673831e-1
train,3714,CC1CC2(C1)CC2(C)O,8.609682083e0,-3.439723969e0,1.914519310e0,1.276346207e0,5.169958115e0,-1.329530001e0
train,3715,CC#CCC1(C)NC1C,8.087224007e0,-1.328617573e0,1.914519310e0,1.276346207e0,6.758606434e0,-8.484400809e-2
train,3716,Cn1ncc(O)c1N,6.206917286e0,8.416572958e-2,1.914519310e0,1.276346207e0,6.291082859e0,-4.511428475e-1
train,3717,CC1CC1C(C)(C)C,9.159352303e0,-7.262814999e0,1.914519310e0,1.276346207e0,1.896537304e0,-3.894214153e0
train,3718,CCC1(CCOC)CO1,9.300851822e0,1.080920339e0,1.914519310e0,1.276346207e0,1.038177204e1,2.753860712e0
train,3719,CCC1=CCCC2NC12,6.742980957e0,-5.874139309e0,1.914519310e0,1.276346207e0,8.688416481e-1,-4.699400902e0
train,3720,NC(=O)N1CC2C(O)C21,7.333467960e0,-2.080959678e-1,1.914519310e0,1.276346207e0,7.125371933e0,2.025121450e-1
train,3721,CC(CO)C(=O)CCO,6.261340141e0,3.272248983e0,1.914519310e0,1.276346207e0,9.533589363e0,2.089320183e0
train,3722,C1#CCCCCCCC1,7.801504612e0,-1.073277831e0,1.914519310e0,1.276346207e0,6.728226662e0,-1.086461768e-1
train,3723,CC1=CC2CC3C(O2)C13,6.617809296e0,-1.631361246e0,1.914519310e0,1.276346207e0,4.986448288e0,-1.473307610e0
train,3724,CC(O)C1CC(=O)C1O,5.556564808e0,4.565982819e-1,1.914519310e0,1.276346207e0,6.013163090e0,-6.688895226e-1
train,3725,N#CC1CC2OCC=C12,6.277666569e0,-7.213546038e-1,1.914519310e0,1.276346207e0,5.556312084e0,-1.026826501e0
train,3726,C#CC1CC2(CN2)CO1,7.728034019e0,1.275649190e0,1.914519310e0,1.276346207e0,9.003683090e0,1.674145341e0
train,3727,CC(C)OC1(CO)CC1,8.623288155e0,4.851003170e0,1.914519310e0,1.276346207e0,1.347429085e1,5.176810265e0
train,3728,CC1C(O)CC12C[NH+]2C,7.904907227e0,-1.264747262e0,1.914519310e0,1.276346207e0,6.640160084e0,-1.776452363e-1
train,3729,O=C1OCCC12CO2,6.838221550e0,1.087121248e0,1.914519310e0,1.276346207e0,7.925342560e0,8.292790651e-1
train,3730,CNc1c[nH]c(C#N)n1,4.628656864e0,-7.090343833e-1,1.914519310e0,1.276346207e0,3.919622421e0,-2.309152365e0
train,3731,CC1[NH+]2CC1(C#N)C2,7.423265934e0,1.378405213e0,1.914519310e0,1.276346207e0,8.801671028e0,1.515871406e0
train,3732,CCC1CC1(O)C1CN1,8.027358055e0,3.559932709e0,1.914519310e0,1.276346207e0,1.158729076e1,3.698369503e0
train,3733,[NH-]C1OCCCC2NC21,7.053191185e0,3.729963064e0,1.914519310e0,1.276346207e0,1.078315449e1,3.068338871e0
train,3734,CC(O)C1OC(=O)C1N,6.930739880e0,-4.767502844e-1,1.914519310e0,1.276346207e0,6.453989506e0,-3.235075474e-1
train,3735,Nc1cc[nH]c1O,6.508963585e0,-1.709933877e-1,1.914519310e0,1.276346207e0,6.337970257e0,-4.144071639e-1
train,3736,CN1C(=O)C2CC21C#N,6.408281326e0,1.509464860e0,1.914519310e0,1.276346207e0,7.917746067e0,8.233273029e-1
train,3737,CCC1C2COCC1C2,9.015131950e0,-2.704558611e0,1.914519310e0,1.276346207e0,6.310573578e0,-4.358721077e-1
train,3738,C#CCC1(C)CCC1O,8.245050430e0,4.048015177e-1,1.914519310e0,1.276346207e0,8.649851799e0,1.396922946e0
train,3739,O=C1C[NH+]2C1C1C(O)C12,5.406902313e0,-4.015503824e-1,1.914519310e0,1.276346207e0,5.005352020e0,-1.458496809e0
train,3740,O=Cc1nccc(=O)[nH]1,4.220486164e0,2.194144964e0,1.914519310e0,1.276346207e0,6.414630890e0,-3.543445170e-1
train,3741,CC1OC1CCCC=O,6.220522881e0,-1.297831893e0,1.914519310e0,1.276346207e0,4.922690868e0,-1.523260832e0
train,3742,O=CC1C=CC2COC12,6.168820858e0,-8.282260299e-1,1.914519310e0,1.276346207e0,5.340594769e0,-1.195838332e0
train,3743,CCC1(C#N)CCOC1,8.323963165e0,-3.958697617e-1,1.914519310e0,1.276346207e0,7.928093433e0,8.314343691e-1
train,3744,CC1=NCC2[NH2+]CCN12,5.820515633e0,-3.938982487e0,1.914519310e0,1.276346207e0,1.881533146e0,-3.905969620e0
train,3745,CC(C)C1C2CCOC21,8.563423157e0,-1.406615138e0,1.914519310e0,1.276346207e0,7.156807899e0,2.271418422e-1
train,3746,CNC1(C)COC1C#N,6.476309776e0,5.100232363e-1,1.914519310e0,1.276346207e0,6.986332893e0,9.357681125e-2
train,3747,N#CC#Cc1cnno1,4.881722450e0,-5.883509636e0,1.914519310e0,1.276346207e0,-1.001787186e0,-6.165014744e0
train,3748,OC1C=CC2C3C[NH+]2C13,6.133446217e0,7.518595457e-1,1.914519310e0,1.276346207e0,6.885305882e0,1.442341786e-2
train,3749,Oc1ncc(F)nc1O,5.004173756e0,-4.365366101e-1,1.914519310e0,1.276346207e0,4.567636967e0,-1.801441073e0
train,3750,Cc1[nH]cnc1CC#N,6.661347389e0,1.057314873e0,1.914519310e0,1.276346207e0,7.718662262e0,6.673476696e-1
train,3751,OCCC12CC1CC2O,8.707643509e0,-4.740180075e-1,1.914519310e0,1.276346207e0,8.233625412e0,1.070814848e0
train,3752,C#CC1C(C#C)C2CC12,7.782456875e0,-1.883081533e-2,1.914519310e0,1.276346207e0,7.763626099e0,7.025762796e-1
train,3753,CC12CCC3C[NH+]3C1C2,8.138925552e0,2.464603931e-1,1.914519310e0,1.276346207e0,8.385385513e0,1.189716935e0
train,3754,CC(C)C1(C#N)CN1,8.000147820e0,-4.638620317e-1,1.914519310e0,1.276346207e0,7.536285877e0,5.244580507e-1
train,3755,OCC1COC2CC12,8.155252457e0,1.632209569e-1,1.914519310e0,1.276346207e0,8.318473816e0,1.137292504e0
train,3756,O=C1C=CC(CO)OC1,4.868116856e0,-8.779233694e-1,1.914519310e0,1.276346207e0,3.990193367e0,-2.253860950e0
train,3757,CCC(=NC)NC(N)=O,6.609645367e0,7.290982455e-2,1.914519310e0,1.276346207e0,6.682555199e0,-1.444291919e-1
train,3758,[NH-]C1CC(CCO)O1,7.866811275e0,6.169133782e-1,1.914519310e0,1.276346207e0,8.483724594e0,1.266764402e0
train,3759,CC1(O)C2CC3C1C32O,8.353896141e0,-2.687631130e0,1.914519310e0,1.276346207e0,5.666265011e0,-9.406797886e-1
train,3760,C#CC(C)COC(C)[NH-],7.964772224e0,3.064420819e-1,1.914519310e0,1.276346207e0,8.271214485e0,1.100265384e0
train,3761,C#Cc1c(O)noc1N,5.904870510e0,-3.895587444e0,1.914519310e0,1.276346207e0,2.009283066e0,-3.805879116e0
train,3762,CC#CC(C)NCC#N,7.107614040e0,-1.324924946e0,1.914519310e0,1.276346207e0,5.782689095e0,-8.494629860e-1
train,3763,CC12CC(O)CC(C1)O2,8.310358047e0,1.306314707e0,1.914519310e0,1.276346207e0,9.616672516e0,2.154414892e0
train,3764,CCC#CC1NC1C#N,7.039586067e0,-3.156318188e0,1.914519310e0,1.276346207e0,3.883267879e0,-2.337635517e0
train,3765,CC1COC1(C)C1CN1,8.498115540e0,-5.136185884e-2,1.914519310e0,1.276346207e0,8.446753502e0,1.237797976e0
train,3766,CC1CC2CC(=O)C12O,5.913033962e0,2.273844242e0,1.914519310e0,1.276346207e0,8.186878204e0,1.034188986e0
train,3767,O=Cc1cc(CO)n[nH]1,5.227307320e0,-8.677091599e-1,1.914519310e0,1.276346207e0,4.359598160e0,-1.964436889e0
train,3768,N#CC1=C2COC2CC1,5.548401356e0,2.690358758e-1,1.914519310e0,1.276346207e0,5.817437172e0,-8.222383261e-1
train,3769,NC(=O)C12CC=CC1N2,6.351137638e0,-3.430272818e0,1.914519310e0,1.276346207e0,2.920864820e0,-3.091666222e0
train,3770,N#CC12NC1CC2C=O,5.698064327e0,6.825079769e-2,1.914519310e0,1.276346207e0,5.766314983e0,-8.622918725e-1
train,3771,CC(C)c1cc(O)c[nH]1,6.274945736e0,1.165100217e0,1.914519310e0,1.276346207e0,7.440045834e0,4.490551949e-1
train,3772,Cc1cc(O)nc(N)n1,5.727996826e0,4.698595524e0,1.914519310e0,1.276346207e0,1.042659187e1,2.788976431e0
train,3773,C1CC2CC(CO1)C2,8.854584694e0,1.589243174e0,1.914519310e0,1.276346207e0,1.044382763e1,2.802480459e0
train,3774,Nc1coc(O)cc1=O,5.153836727e0,6.039322853e0,1.914519310e0,1.276346207e0,1.119315910e1,3.389572382e0
train,3775,O=CC12CC(CO1)C2O,5.469488621e0,2.883427739e-1,1.914519310e0,1.276346207e0,5.757831573e0,-8.689385056e-1
train,3776,Cc1nc(CO)oc1C,6.364743233e0,8.693433404e-1,1.914519310e0,1.276346207e0,7.234086514e0,2.876886725e-1
train,3777,COC([NH-])C(C=O)OC,6.054533005e0,1.670108676e0,1.914519310e0,1.276346207e0,7.724641800e0,6.720325351e-1
train,3778,N#CCNc1c[nH]cn1,6.076302528e0,-4.869359359e-2,1.914519310e0,1.276346207e0,6.027608871e0,-6.575714350e-1
train,3779,N#CC1COCC([NH-])N1,6.936182499e0,-2.889320612e0,1.914519310e0,1.276346207e0,4.046861649e0,-2.209461927e0
train,3780,CC12NC1C1NC2C1=O,6.269503117e0,-4.658695698e0,1.914519310e0,1.276346207e0,1.610807419e0,-4.118079662e0
train,3781,c1ncc2nnoc2n1,5.077644348e0,-7.931068540e-1,1.914519310e0,1.276346207e0,4.284537315e0,-2.023246050e0
train,3782,OC1C[NH+]2C1C2C1CO1,7.896743774e0,-1.996973276e0,1.914519310e0,1.276346207e0,5.899770737e0,-7.577309608e-1
train,3783,C#CC1OCCC1C=O,6.062696934e0,1.207405567e0,1.914519310e0,1.276346207e0,7.270102501e0,3.159067333e-1
train,3784,C1=CC2C=CC(CC1)O2,6.547059536e0,-8.936635256e-1,1.914519310e0,1.276346207e0,5.653396130e0,-9.507623911e-1
train,3785,O1C2OC3C1C1OC3C21,8.299472809e0,-8.545960784e-1,1.914519310e0,1.276346207e0,7.444876671e0,4.528400898e-1
train,3786,CC(=O)C1CCC(=O)N1,5.823236465e0,1.845466375e0,1.914519310e0,1.276346207e0,7.668703079e0,6.282052994e-1
train,3787,ONC1COC1,6.672231674e0,-1.145459414e0,1.914519310e0,1.276346207e0,5.526772499e0,-1.049970388e0
train,3788,COc1cn[nH]c1N,6.160657883e0,-8.865131140e-1,1.914519310e0,1.276346207e0,5.274144650e0,-1.247901201e0
train,3789,CCCOC1NCC[NH2+]1,7.526669502e0,9.984800220e-1,1.914519310e0,1.276346207e0,8.525149345e0,1.299220204e0
train,3790,[H]N=CN(C=N[H])C(C=O)=N[H],4.933423996e0,-1.174268126e0,1.914519310e0,1.276346207e0,3.759155750e0,-2.434875965e0
train,3791,Cc1[nH]c(N)nc1C#N,5.632756710e0,-2.635400295e-1,1.914519310e0,1.276346207e0,5.369216919e0,-1.173413277e0
train,3792,CC1(C)CCC(=O)CO1,5.733438969e0,-2.432467937e0,1.914519310e0,1.276346207e0,3.300971031e0,-2.793857813e0
train,3793,Nc1c(F)cn[nH]c1=O,4.742944717e0,5.470597148e-1,1.914519310e0,1.276346207e0,5.290004253e0,-1.235475302e0
train,3794,O=C1COCCC12CC2,5.760650635e0,-4.282526016e0,1.914519310e0,1.276346207e0,1.478124619e0,-4.222034931e0
train,3795,[NH-]C1OC2C1OC21CC1,6.881759644e0,8.953796625e-1,1.914519310e0,1.276346207e0,7.777139187e0,7.131636143e-1
train,3796,CN(C=O)CCO,7.341631889e0,4.474801123e-1,1.914519310e0,1.276346207e0,7.789112091e0,7.225442529e-1
train,3797,N#CCC1(O)COC1[NH-],7.605582714e0,3.167707026e-1,1.914519310e0,1.276346207e0,7.922353268e0,8.269370198e-1
train,3798,CNc1ocnc1C#N,5.684458733e0,1.038006663e0,1.914519310e0,1.276346207e0,6.722465515e0,-1.131599620e-1
train,3799,CC(C=O)C(C)(C)C#N,5.975620270e0,-1.138636947e0,1.914519310e0,1.276346207e0,4.836983204e0,-1.590411663e0
train,3800,C1OCC2C3OC1OC23,8.364779472e0,-6.036581993e-1,1.914519310e0,1.276346207e0,7.761121273e0,7.006137967e-1
train,3801,CCc1cocc1NC,6.049090862e0,-2.877164781e-1,1.914519310e0,1.276346207e0,5.761374474e0,-8.661627173e-1
train,3802,CC(O)C(=O)C(=O)C=O,3.684421539e0,-6.286599636e-1,1.914519310e0,1.276346207e0,3.055761576e0,-2.985976458e0
train,3803,CCC(C)CC(C)CO,9.270918846e0,2.631116807e-1,1.914519310e0,1.276346207e0,9.534030914e0,2.089666128e0
train,3804,CC(O)CC1(C)NC1C,8.285867691e0,1.300850749e0,1.914519310e0,1.276346207e0,9.586718559e0,2.130946398e0
train,3805,CC1(C#CC#N)COC1,6.136167526e0,3.135736287e-1,1.914519310e0,1.276346207e0,6.449741364e0,-3.268359005e-1
train,3806,CC1CC(C(C)C=O)C1,6.119840622e0,-1.309844732e0,1.914519310e0,1.276346207e0,4.809995651e0,-1.611556053e0
train,3807,CC1C(=O)CC1NC=O,5.831399918e0,-6.598306894e-1,1.914519310e0,1.276346207e0,5.171569347e0,-1.328267574e0
train,3808,c1[nH]nc2c1C1OC1C2,6.816452026e0,9.711956382e-1,1.914519310e0,1.276346207e0,7.787647724e0,7.213969231e-1
train,3809,C#CC1CC2(C#C)CC12,7.132104397e0,-2.082134008e0,1.914519310e0,1.276346207e0,5.049970627e0,-1.423538685e0
train,3810,CC1=NC(C)C(C)CO1,7.289929867e0,-1.406536222e0,1.914519310e0,1.276346207e0,5.883393764e0,-7.705621123e-1
train,3811,CCC1C2OCC12O,7.820552349e0,1.177777573e-1,1.914519310e0,1.276346207e0,7.938330173e0,8.394547105e-1
train,3812,OCC1=CCOCC1,7.123940468e0,6.464855075e-1,1.914519310e0,1.276346207e0,7.770425797e0,7.079037428e-1
train,3813,CC(C)c1nc[nH]n1,7.328026772e0,1.460545976e-2,1.914519310e0,1.276346207e0,7.342632294e0,3.727329075e-1
train,3814,CC1C[NH+]2CC2C1=O,5.858611107e0,1.028863311e0,1.914519310e0,1.276346207e0,6.887474537e0,1.612253115e-2
train,3815,COCCCCC=O,6.231407166e0,-6.509136558e-1,1.914519310e0,1.276346207e0,5.580493450e0,-1.007880688e0
train,3816,CC1C2COC12C,8.460020065e0,1.367216110e-1,1.914519310e0,1.276346207e0,8.596741676e0,1.355311871e0
train,3817,CC(O)CCCC(C)O,8.925334930e0,4.573609233e-1,1.914519310e0,1.276346207e0,9.382696152e0,1.971097350e0
train,3818,C#CC12C=CC(=O)C1O2,4.576955318e0,2.077704191e0,1.914519310e0,1.276346207e0,6.654659271e0,-1.662853062e-1
train,3819,CC[NH+]1C2COCC21C,8.307636261e0,5.691213012e-1,1.914519310e0,1.276346207e0,8.876757622e0,1.574700832e0
train,3820,CCCC(O)CC(C)O,8.778392792e0,-2.472954512e0,1.914519310e0,1.276346207e0,6.305438042e0,-4.398957491e-1
train,3821,COC(C)(C#N)CN,7.379727840e0,-2.314055413e-1,1.914519310e0,1.276346207e0,7.148322105e0,2.204933167e-1
train,3822,CC1C(C)C1C[NH+]1CC1,8.402875900e0,1.461124301e0,1.914519310e0,1.276346207e0,9.864000320e0,2.348193169e0
train,3823,Cc1cc(O)n(C)n1,6.957951069e0,-2.622811794e0,1.914519310e0,1.276346207e0,4.335139275e0,-1.983600020e0
train,3824,CC12CCOC(C1)C2,8.577029228e0,-1.479656696e0,1.914519310e0,1.276346207e0,7.097372532e0,1.805749685e-1
train,3825,C[NH+]1C2C3COC(C3)C21,8.340289116e0,4.010605812e0,1.914519310e0,1.276346207e0,1.235089493e1,4.296643734e0
train,3826,CC(C)(O)COC=O,7.771572113e0,6.801476479e0,1.914519310e0,1.276346207e0,1.457304859e1,6.037672997e0
train,3827,CC1NC(=O)CC1CO,7.428708553e0,7.814691544e0,1.914519310e0,1.276346207e0,1.524340057e1,6.562885761e0
train,3828,CCC(C)C#CC(C)O,7.825994968e0,-8.424153924e-1,1.914519310e0,1.276346207e0,6.983579636e0,9.141966701e-2
train,3829,OCC1(CO)C2CCC21,8.095387459e0,-9.359179139e-1,1.914519310e0,1.276346207e0,7.159469604e0,2.292272449e-1
train,3830,[NH-]C1OC=C(O)OC1=O,4.361985207e0,1.608283162e0,1.914519310e0,1.276346207e0,5.970268250e0,-7.024970651e-1
train,3831,CC1CCC1C(=O)C=O,4.163341999e0,4.985171556e-1,1.914519310e0,1.276346207e0,4.661859035e0,-1.727619290e0
train,3832,CC1C(O)C2C3CC3[NH+]12,7.178363323e0,8.721923828e-1,1.914519310e0,1.276346207e0,8.050556183e0,9.273824096e-1
train,3833,CCc1noc(OC)n1,7.064075947e0,-4.254932702e-1,1.914519310e0,1.276346207e0,6.638582706e0,-1.788810939e-1
train,3834,NC1[NH2+]C2CCCC2O1,7.594697952e0,-2.744183302e0,1.914519310e0,1.276346207e0,4.850514412e0,-1.579810143e0
train,3835,CC12CC1[NH2+]C(CO)N2,6.402839184e0,-1.665513068e-1,1.914519310e0,1.276346207e0,6.236288071e0,-4.940738678e-1
train,3836,N#CC1C2CNC12CO,7.211016655e0,-1.673028946e0,1.914519310e0,1.276346207e0,5.537987709e0,-1.041183472e0
train,3837,C1=CC2C3CC(C1)CC23,6.647741318e0,-7.352222800e-1,1.914519310e0,1.276346207e0,5.912518978e0,-7.477428913e-1
train,3838,CC(=O)c1ccc[nH]1,5.104856014e0,-2.067737103e0,1.914519310e0,1.276346207e0,3.037118912e0,-3.000582695e0
train,3839,N#CC1=CCCC12CC2,5.591939926e0,9.118661284e-1,1.914519310e0,1.276346207e0,6.503806114e0,-2.844768465e-1
train,3840,Cc1n[nH]cc1O,6.451819897e0,4.946217835e-1,1.914519310e0,1.276346207e0,6.946441650e0,6.232252344e-2
train,3841,C#Cc1cc([NH-])[nH+]cn1,4.405523300e0,-4.359924495e-1,1.914519310e0,1.276346207e0,3.969530821e0,-2.270049810e0
train,3842,C#CC(=O)C#C,5.175605774e0,-5.919082165e-1,1.914519310e0,1.276346207e0,4.583697319e0,-1.788857937e0
train,3843,Nc1cnn(C=O)c1N,4.996010303e0,-4.616729915e-1,1.914519310e0,1.276346207e0,4.534337521e0,-1.827530742e0
train,3844,O=C1C2CC3C1C23CO,6.596040249e0,4.434550107e-1,1.914519310e0,1.276346207e0,7.039495468e0,1.352290213e-1
train,3845,CCC1CC12CCOC2,9.148468018e0,6.330451369e-1,1.914519310e0,1.276346207e0,9.781513214e0,2.283565521e0
train,3846,C#CC1[NH+]2C3CC2C13O,7.401497364e0,-2.998082638e0,1.914519310e0,1.276346207e0,4.403414726e0,-1.930107117e0
train,3847,C#CC1([NH+]2CC2)CCC1,7.499457359e0,-3.336383343e0,1.914519310e0,1.276346207e0,4.163074017e0,-2.118411064e0
train,3848,COC1(C)CCOC1,8.903565407e0,-1.482595682e0,1.914519310e0,1.276346207e0,7.420969963e0,4.341095090e-1
train,3849,CCCNc1ccno1,6.081744671e0,5.405957997e-2,1.914519310e0,1.276346207e0,6.135804176e0,-5.728017688e-1
train,3850,COC(C)C12COC1C2,8.209674835e0,-7.056895494e-1,1.914519310e0,1.276346207e0,7.503985405e0,4.991510510e-1
train,3851,C#Cc1nc(C#N)no1,5.638199329e0,-4.853910446e0,1.914519310e0,1.276346207e0,7.842888832e-1,-4.765646935e0
train,3852,O=c1ccncc(O)c1,4.000073910e0,3.241117597e-1,1.914519310e0,1.276346207e0,4.324185848e0,-1.992181897e0
train,3853,O=CCC1CC2CC2C1,6.190590382e0,4.975850284e-1,1.914519310e0,1.276346207e0,6.688175201e0,-1.400259882e-1
train,3854,C[NH+]1CC1C1CC1,8.495394707e0,-3.579696417e-1,1.914519310e0,1.276346207e0,8.137425423e0,9.954433441e-1
train,3855,COc1[nH]cc(N)c1N,6.182426929e0,2.230073214e0,1.914519310e0,1.276346207e0,8.412500381e0,1.210961103e0
train,3856,CC12CC1(C)C(=O)N2,6.862711906e0,-2.075105906e0,1.914519310e0,1.276346207e0,4.787606239e0,-1.629097939e0
train,3857,[NH-]C1OCC12C1C[NH+]2C1,6.764750481e0,-7.173938751e-1,1.914519310e0,1.276346207e0,6.047356606e0,-6.420993209e-1
train,3858,CC1CC(C(=O)C=O)C1,4.217764854e0,2.737432159e-2,1.914519310e0,1.276346207e0,4.245139122e0,-2.054114103e0
train,3859,C#CC(C)C#CC(C)O,7.760687351e0,2.104408666e-2,1.914519310e0,1.276346207e0,7.781731606e0,7.167617083e-1
train,3860,N#CC(CO)CC1CO1,8.313077927e0,-5.511234403e-1,1.914519310e0,1.276346207e0,7.761954308e0,7.012664676e-1
train,3861,CCC(OC)C(O)C#N,7.382448673e0,2.649365187e0,1.914519310e0,1.276346207e0,1.003181362e1,2.479672670e0
train,3862,Cc1nc(C)[nH]c(=O)n1,5.521190166e0,-9.601131678e-1,1.914519310e0,1.276346207e0,4.561077118e0,-1.806580663e0
train,3863,CN1C=CC(=O)C1=O,4.027285099e0,-2.714276314e0,1.914519310e0,1.276346207e0,1.313008785e0,-4.351401329e0
train,3864,COc1c(C)ccn1C,6.476309776e0,2.407084227e0,1.914519310e0,1.276346207e0,8.883394241e0,1.579900503e0
train,3865,C1=CC2C3CC2C3OC1,6.674952984e0,7.837923765e-1,1.914519310e0,1.276346207e0,7.458745480e0,4.637061357e-1
train,3866,CC1CC(O)(CO)C1=O,5.355200768e0,-4.677179813e0,1.914519310e0,1.276346207e0,6.780209541e-1,-4.848906517e0
train,3867,CC1OCC2(C)OC12,9.317178726e0,-2.165621996e0,1.914519310e0,1.276346207e0,7.151556969e0,2.230277956e-1
train,3868,C[NH+]=C(N)c1nnc[nH]1,4.802809238e0,-7.074278355e0,1.914519310e0,1.276346207e0,-2.271469116e0,-7.159794807e0
train,3869,O=C1NC2C3NC3C12,6.976998806e0,8.509106040e-1,1.914519310e0,1.276346207e0,7.827909470e0,7.529414892e-1
train,3870,O=CNC1CNC1=O,7.466804028e0,-4.739018679e-1,1.914519310e0,1.276346207e0,6.992902279e0,9.872384369e-2
train,3871,CC1(C#N)CCOC1,8.334847450e0,1.553419471e0,1.914519310e0,1.276346207e0,9.888266563e0,2.367205381e0
train,3872,CCC1(C)C(C)C1C,8.966151237e0,-1.347407222e0,1.914519310e0,1.276346207e0,7.618743896e0,5.890628695e-1
train,3873,CC1=C(C)C2(C)CC1O2,6.310320377e0,3.506942391e-1,1.914519310e0,1.276346207e0,6.661014557e0,-1.613060236e-1
train,3874,CCCC1COC1[NH-],7.874975204e0,2.858563662e0,1.914519310e0,1.276346207e0,1.073353863e1,3.029465437e0
train,3875,CC(=O)CCCCCO,6.378348827e0,1.799564004e0,1.914519310e0,1.276346207e0,8.177912712e0,1.027164578e0
train,3876,OC1C2CC13CC=CC23,6.966114998e0,3.187885284e0,1.914519310e0,1.276346207e0,1.015400028e1,2.575404406e0
train,3877,OCC1C(O)C2CC12O,8.138925552e0,5.131441951e-1,1.914519310e0,1.276346207e0,8.652070045e0,1.398660898e0
train,3878,CCOC(C)C(O)C#N,8.057291031e0,1.142920375e0,1.914519310e0,1.276346207e0,9.200211525e0,1.828122854e0
train,3879,CC12CC1CCC2C#N,8.596076965e0,-3.614862561e-1,1.914519310e0,1.276346207e0,8.234590530e0,1.071570992e0
train,3880,NC(=O)C1=CNC(=O)C1,5.216422558e0,-6.908687353e-1,1.914519310e0,1.276346207e0,4.525553703e0,-1.834412813e0
train,3881,C#CCN(C=O)CC=O,5.733438969e0,9.089738131e-1,1.914519310e0,1.276346207e0,6.642412663e0,-1.758803725e-1
train,3882,CC1C2CNC12C#N,6.574271202e0,3.521179199e0,1.914519310e0,1.276346207e0,1.009545040e1,2.529531240e0
train,3883,CC(=O)n1cnc(O)c1,4.704848766e0,-5.480577946e0,1.914519310e0,1.276346207e0,-7.757291794e-1,-5.987901211e0
train,3884,C#CC1C(=O)C2OCC12,5.284451008e0,6.317327619e-1,1.914519310e0,1.276346207e0,5.916183949e0,-7.448714375e-1
train,3885,CCOC(C)(C#N)CC,8.215117455e0,1.890207678e-1,1.914519310e0,1.276346207e0,8.404138565e0,1.204409719e0
train,3886,[NH-]C1=CC(N)C(O)CO1,5.382411957e0,2.230475426e0,1.914519310e0,1.276346207e0,7.612887383e0,5.844743848e-1
train,3887,CCOC(C)C1CC1O,8.040965080e0,-6.568656564e-1,1.914519310e0,1.276346207e0,7.384099483e0,4.052219391e-1
train,3888,CC(C)C12C=CCC1O2,6.748423576e0,4.128721654e-1,1.914519310e0,1.276346207e0,7.161295891e0,2.306581289e-1
train,3889,N#CC1(OC2CC2)CC1,7.589255333e0,3.143513203e0,1.914519310e0,1.276346207e0,1.073276901e1,3.028862476e0
train,3890,C#CC(O[CH+][NH-])C(N)=O,6.955230236e0,-7.230486274e-1,1.914519310e0,1.276346207e0,6.232181549e0,-4.972912967e-1
train,3891,C#CC#CC1(C)OC1C,5.915755272e0,3.997437954e0,1.914519310e0,1.276346207e0,9.913192749e0,2.386734724e0
train,3892,[NH-]C1CC(=O)CCO1,6.114398479e0,1.128567457e0,1.914519310e0,1.276346207e0,7.242965698e0,2.946453989e-1
train,3893,CCC1CC(C)(C)C1=O,5.864053726e0,1.413245082e0,1.914519310e0,1.276346207e0,7.277298927e0,3.215450346e-1
train,3894,CC1C2C=CC1(CO)C2,6.571549892e0,1.824716687e0,1.914519310e0,1.276346207e0,8.396266937e0,1.198242426e0
train,3895,O=C1OC2C1CC1NC12,7.513063908e0,-2.943148613e-1,1.914519310e0,1.276346207e0,7.218749046e0,2.756719589e-1
train,3896,COC1CC1(C)O,8.579750061e0,1.479650497e0,1.914519310e0,1.276346207e0,1.005940056e1,2.501286745e0
train,3897,CC12C=CC(O1)C([NH-])O2,6.462704182e0,-2.777336359e0,1.914519310e0,1.276346207e0,3.685367823e0,-2.492687941e0
train,3898,OC1(c2ccn[nH]2)CC1,6.669510841e0,-5.015372753e0,1.914519310e0,1.276346207e0,1.654138088e0,-4.084130764e0
train,3899,CCC(N)=O,7.600140095e0,-5.219243169e-1,1.914519310e0,1.276346207e0,7.078215599e0,1.655657589e-1
train,3900,C#CC1(O)CCC(O)C1,8.136203766e0,-1.015721202e0,1.914519310e0,1.276346207e0,7.120482445e0,1.986812949e-1
train,3901,CC12CC3COC1C2C3,8.089944839e0,-1.079572439e-1,1.914519310e0,1.276346207e0,7.981987476e0,8.736596704e-1
train,3902,N#CC1CC2CCC1C2,9.162073135e0,-5.314102173e0,1.914519310e0,1.276346207e0,3.847970963e0,-2.365290403e0
train,3903,[H]N=C(C=O)NCC(C)O,4.623214245e0,2.000030363e-3,1.914519310e0,1.276346207e0,4.625214100e0,-1.756330132e0
train,3904,C#CC1(C(C)OC)CN1,7.706264496e0,1.346033454e0,1.914519310e0,1.276346207e0,9.052297592e0,1.712234139e0
train,3905,CC1O[CH+][NH2+]C1C1CN1,6.895365238e0,3.259043396e-1,1.914519310e0,1.276346207e0,7.221269608e0,2.776467800e-1
train,3906,ONC1C2OC2C12CN2,6.236849785e0,1.954100847e0,1.914519310e0,1.276346207e0,8.190950394e0,1.037379503e0
train,3907,COC12CC=CC1OC2,6.840942383e0,1.148639798e0,1.914519310e0,1.276346207e0,7.989582062e0,8.796099424e-1
train,3908,O=C1C=CCCCCC1,5.706227779e0,-9.194430113e-1,1.914519310e0,1.276346207e0,4.786784649e0,-1.629741549e0
train,3909,CC12C[NH+]3CC[NH+]1CC32,7.461361885e0,2.176697969e0,1.914519310e0,1.276346207e0,9.638059616e0,2.171171427e0
train,3910,[H]N=CN1C(=O)C2OCC21,5.763371468e0,-7.040195942e0,1.914519310e0,1.276346207e0,-1.276824474e0,-6.380502701e0
train,3911,OCC(O)C1C2COC21,8.280425072e0,1.501216531e0,1.914519310e0,1.276346207e0,9.781641960e0,2.283666372e0
train,3912,CC1OC(C)(C)C1C#N,7.684495449e0,-3.282361478e-2,1.914519310e0,1.276346207e0,7.651671886e0,6.148615479e-1
train,3913,CC1(CO)C2C=CC1O2,6.269503117e0,-1.961547494e0,1.914519310e0,1.276346207e0,4.307955742e0,-2.004898071e0
train,3914,CCCC(C)(CC)CC,9.907666206e0,-1.277170181e-1,1.914519310e0,1.276346207e0,9.779949188e0,2.282340050e0
train,3915,OC12C[NH+](C1)C2C1CN1,8.174300194e0,2.767547667e-1,1.914519310e0,1.276346207e0,8.451054573e0,1.241167784e0
train,3916,CC#CC1COC([NH-])N1,7.102171898e0,-2.052893877e0,1.914519310e0,1.276346207e0,5.049278259e0,-1.424081206e0
train,3917,COc1oc(N)cc1C,6.084465981e0,9.783304483e-2,1.914519310e0,1.276346207e0,6.182299137e0,-5.363735557e-1
train,3918,CC(=O)C1C=CCCO1,5.779698372e0,-3.329154491e0,1.914519310e0,1.276346207e0,2.450543880e0,-3.460156918e0
train,3919,COC1C2OCCC12O,7.869533062e0,7.916823775e-2,1.914519310e0,1.276346207e0,7.948701382e0,8.475804329e-1
train,3920,CCN=C(C=O)NCC,4.185111046e0,-6.243826747e-1,1.914519310e0,1.276346207e0,3.560728312e0,-2.590341330e0
train,3921,COC1OC(=O)C=C1C,6.065417767e0,-8.486312032e-1,1.914519310e0,1.276346207e0,5.216786385e0,-1.292840600e0
train,3922,C#CCOC1C2COC21,7.211016655e0,6.983697414e-2,1.914519310e0,1.276346207e0,7.280853748e0,3.243302107e-1
train,3923,CCC12C3C4C3[NH+]1C42,7.597418785e0,-3.153677702e0,1.914519310e0,1.276346207e0,4.443740845e0,-1.898512125e0
train,3924,N#CC(O)c1ccn[nH]1,6.566107273e0,8.007520437e-2,1.914519310e0,1.276346207e0,6.646182537e0,-1.729267240e-1
train,3925,CCC1NC1C#CC#N,6.089908123e0,7.440547645e-2,1.914519310e0,1.276346207e0,6.164313793e0,-5.504648089e-1
train,3926,c1cncc(C2CO2)c1,6.114398479e0,2.936678648e0,1.914519310e0,1.276346207e0,9.051076889e0,1.711277843e0
train,3927,C#CC1C2C3C(C)C2C13,8.157973289e0,1.662462592e0,1.914519310e0,1.276346207e0,9.820435524e0,2.314060688e0
train,3928,CC1=C(C)C2(CC2)OC1,6.231407166e0,2.494302839e-1,1.914519310e0,1.276346207e0,6.480837345e0,-3.024725914e-1
train,3929,NC(=O)C[NH+]1CCC1,7.175642490e0,7.320292592e-1,1.914519310e0,1.276346207e0,7.907671928e0,8.154343963e-1
train,3930,N#CC1CC12CO[CH+][NH2+]2,6.691279888e0,-1.574009299e0,1.914519310e0,1.276346207e0,5.117270470e0,-1.370810151e0
train,3931,N#CCC1(C#N)CCO1,7.646399021e0,1.578154564e-1,1.914519310e0,1.276346207e0,7.804214478e0,7.343767285e-1
train,3932,CC1=CCOCCC1,6.783798695e0,1.938218474e-1,1.914519310e0,1.276346207e0,6.977620602e0,8.675084263e-2
train,3933,O=CC1=CCCOC1=O,4.677637100e0,-8.093680143e-1,1.914519310e0,1.276346207e0,3.868268967e0,-2.349387169e0
train,3934,[NH-]C1OC2CC(O)C12O,7.181085110e0,4.440174103e0,1.914519310e0,1.276346207e0,1.162125969e1,3.724983692e0
train,3935,C#CC#CC1C[NH+]1CC,5.570170403e0,7.347309589e-1,1.914519310e0,1.276346207e0,6.304901123e0,-4.403164089e-1
train,3936,N#CC(O)C(=O)O[CH+][NH-],6.699442863e0,-1.488085270e0,1.914519310e0,1.276346207e0,5.211357594e0,-1.297093987e0
train,3937,COC12C3C4CC3C1C42,8.688595772e0,1.665432751e-1,1.914519310e0,1.276346207e0,8.855138779e0,1.557762742e0
train,3938,CC(C#N)C12C[NH+](C1)C2,7.379727840e0,-9.350193143e-1,1.914519310e0,1.276346207e0,6.444708347e0,-3.307792246e-1
train,3939,COCC1(O)CC1OC,8.503558159e0,2.397559881e0,1.914519310e0,1.276346207e0,1.090111828e1,3.160762072e0
train,3940,CC[NH2+]CC(C)C(=O)[O-],4.100755692e0,1.316855192e0,1.914519310e0,1.276346207e0,5.417611122e0,-1.135496974e0
train,3941,N#CCc1onnc1N,5.099413872e0,1.482919306e-1,1.914519310e0,1.276346207e0,5.247705936e0,-1.268615603e0
train,3942,CC#CCCC(O)C#N,7.129383087e0,-9.451175481e-2,1.914519310e0,1.276346207e0,7.034871101e0,1.316058934e-1
train,3943,C#CCCc1cc[nH]n1,7.162036896e0,-2.044459134e-1,1.914519310e0,1.276346207e0,6.957591057e0,7.105794549e-2
train,3944,O=Cc1oc(=O)oc1O,5.238191605e0,-1.046269387e-2,1.914519310e0,1.276346207e0,5.227728844e0,-1.284267306e0
train,3945,O=C1OCC2(CO)CN12,7.845042706e0,-7.922194004e-1,1.914519310e0,1.276346207e0,7.052823067e0,1.456710249e-1
train,3946,O=C1CC[NH+]2C3CC12C3,5.458603859e0,-1.750231832e-1,1.914519310e0,1.276346207e0,5.283580780e0,-1.240508080e0
train,3947,[NH-]C1CCC=CCCO1,6.900807381e0,4.317950308e-1,1.914519310e0,1.276346207e0,7.332602501e0,3.648746908e-1
train,3948,COc1c(N)noc1C,6.506242275e0,-3.217161894e-1,1.914519310e0,1.276346207e0,6.184525967e0,-5.346288681e-1
train,3949,O=C1C=CC2OCC2N1,5.624593258e0,-2.378607035e0,1.914519310e0,1.276346207e0,3.245986223e0,-2.836937904e0
train,3950,CC1N=COC2CCC12,7.472246647e0,4.668262899e-1,1.914519310e0,1.276346207e0,7.939073086e0,8.400368094e-1
train,3951,C#CC1(C#N)CC1C#N,6.933460712e0,4.147714376e-1,1.914519310e0,1.276346207e0,7.348232269e0,3.771204352e-1
train,3952,CC1C2COC([NH-])OC12,8.095387459e0,1.709179878e0,1.914519310e0,1.276346207e0,9.804567337e0,2.301628113e0
train,3953,O=C1NC2CC1(O)C2,7.197411537e0,-5.294973850e-1,1.914519310e0,1.276346207e0,6.667914391e0,-1.559000909e-1
train,3954,NC1=NCCOC1C=O,5.017779827e0,3.819141865e0,1.914519310e0,1.276346207e0,8.836921692e0,1.543489933e0
train,3955,C1C2C3OC4C2C4C13,9.121256828e0,1.147171378e0,1.914519310e0,1.276346207e0,1.026842785e1,2.665056944e0
train,3956,c1cc2[nH]cnc2o[cH+]1,4.541580200e0,-4.194305897e0,1.914519310e0,1.276346207e0,3.472743034e-1,-5.108042240e0
train,3957,Cc1cc2n(n1)CC2,7.191968918e0,-1.570425749e0,1.914519310e0,1.276346207e0,5.621542931e0,-9.757189751e-1
train,3958,COCC1COC(=O)N1,8.500837326e0,5.811609700e-2,1.914519310e0,1.276346207e0,8.558953285e0,1.325705171e0
train,3959,CC1(C)OC2CC(=O)C21,5.896707535e0,1.284290075e0,1.914519310e0,1.276346207e0,7.180997849e0,2.460943609e-1
train,3960,CC1C2NC(C#N)[NH2+]C12,5.284451008e0,-2.626496315e0,1.914519310e0,1.276346207e0,2.657954693e0,-3.297653198e0
train,3961,C1CC2NC2C2OC2C1,8.514442444e0,8.868713379e-1,1.914519310e0,1.276346207e0,9.401313782e0,1.985684037e0
train,3962,C#CCOCC1CO1,7.858648300e0,6.274693608e-1,1.914519310e0,1.276346207e0,8.486117363e0,1.268639088e0
train,3963,OC12C[NH+](C1)C2C1CC1,8.389269829e0,1.846582770e0,1.914519310e0,1.276346207e0,1.023585224e1,2.639534473e0
train,3964,C#CC1(O)C2CC1(C)N2,7.728034019e0,2.306712389e0,1.914519310e0,1.276346207e0,1.003474617e1,2.481970310e0
train,3965,COc1cc[nH]c1C,6.103513718e0,1.325192451e-1,1.914519310e0,1.276346207e0,6.236032963e0,-4.942737520e-1
train,3966,C#CC(O)C12CCC1N2,8.128041267e0,1.955508232e0,1.914519310e0,1.276346207e0,1.008354950e1,2.520207167e0
train,3967,COC1CC1C(C)O,8.832816124e0,3.732617617e0,1.914519310e0,1.276346207e0,1.256543350e1,4.464732170e0
train,3968,[NH-][CH+]OC1(C(N)=O)CC1,6.979720592e0,-9.340846539e-1,1.914519310e0,1.276346207e0,6.045636177e0,-6.434472203e-1
train,3969,CCC12CC3C1C3(O)C2,8.713085175e0,-9.185943604e-1,1.914519310e0,1.276346207e0,7.794490814e0,7.267583609e-1
train,3970,Cc1c(N)cn(C)c1C,6.108956337e0,4.787583351e-1,1.914519310e0,1.276346207e0,6.587714672e0,-2.187355608e-1
train,3971,COCC1CC(=O)C1C,6.027321815e0,-2.400577068e-1,1.914519310e0,1.276346207e0,5.787263870e0,-8.458787203e-1
train,3972,[NH-]c1cc[nH+]c(=O)o1,5.434113503e0,8.078753352e-1,1.914519310e0,1.276346207e0,6.241988659e0,-4.896075428e-1
train,3973,CC1CCN(C)C(=O)O1,8.011032104e0,9.081414938e-1,1.914519310e0,1.276346207e0,8.919173241e0,1.607932925e0
train,3974,CC(=O)C1OC2CNC21,6.054533005e0,-3.731749952e-1,1.914519310e0,1.276346207e0,5.681357861e0,-9.288547039e-1
train,3975,C1C2CC34CCC3(C4)[NH+]12,7.703543663e0,1.489702821e0,1.914519310e0,1.276346207e0,9.193246841e0,1.822666168e0
train,3976,C#CC12C(O)C3CC1C32,7.472246647e0,5.946395874e0,1.914519310e0,1.276346207e0,1.341864204e1,5.133210182e0
train,3977,[H]N=C(NC=O)C(=O)C#C,4.038169384e0,3.949771523e-1,1.914519310e0,1.276346207e0,4.433146477e0,-1.906812668e0
train,3978,CC(=O)NCC(O)C=O,5.458603859e0,1.287691474e0,1.914519310e0,1.276346207e0,6.746295452e0,-9.448950738e-2
train,3979,OCCOC1CC(O)C1,9.034179688e0,8.798026443e-1,1.914519310e0,1.276346207e0,9.913982391e0,2.387353420e0
train,3980,CNC(C#N)=NCC#N,5.537517071e0,-2.201175988e-1,1.914519310e0,1.276346207e0,5.317399502e0,-1.214011550e0
train,3981,CCC(CC)C1OC1C,8.947103500e0,3.721014261e0,1.914519310e0,1.276346207e0,1.266811752e1,4.545183659e0
train,3982,Cc1occc1CO,6.383790970e0,-8.066928387e-1,1.914519310e0,1.276346207e0,5.577097893e0,-1.010541081e0
train,3983,CC1(O)CC(=O)C1CO,5.953851223e0,3.789981902e-1,1.914519310e0,1.276346207e0,6.332849503e0,-4.184192121e-1
train,3984,CCC1(C=O)OC1(C)C,5.885822773e0,-3.711158037e-1,1.914519310e0,1.276346207e0,5.514707088e0,-1.059423566e0
train,3985,CCC1CC2CCC=C12,6.713048935e0,6.343916990e-3,1.914519310e0,1.276346207e0,6.719392776e0,-1.155674160e-1
train,3986,O=C1CC(O)CC1NO,4.522532463e0,2.024168253e0,1.914519310e0,1.276346207e0,6.546700478e0,-2.508696616e-1
train,3987,[H]N=CNc1nc(O)co1,5.276288033e0,7.056797743e-1,1.914519310e0,1.276346207e0,5.981967926e0,-6.933305264e-1
train,3988,O=Cc1c[nH]nc1CO,5.493978977e0,1.038588405e0,1.914519310e0,1.276346207e0,6.532567501e0,-2.619426847e-1
train,3989,CC1C[NH+]2CC2C1O,7.749802589e0,4.145265579e0,1.914519310e0,1.276346207e0,1.189506817e1,3.939509153e0
train,3990,O=CN1C=NCCC1=O,5.953851223e0,-2.107016295e-1,1.914519310e0,1.276346207e0,5.743149757e0,-8.804415464e-1
train,3991,CCC12NC1CNC2=O,6.966114998e0,-2.160449028e0,1.914519310e0,1.276346207e0,4.805665970e0,-1.614948273e0
train,3992,CC1C2C3C4[NH+]3C1C24O,7.396054745e0,-8.733091950e-1,1.914519310e0,1.276346207e0,6.522745609e0,-2.696380019e-1
train,3993,COC(C(N)=O)C1CO1,7.083124161e0,-9.643069655e-2,1.914519310e0,1.276346207e0,6.986693382e0,9.385924786e-2
train,3994,Cn1ccc(O)c1[NH-],3.964698792e0,-1.420331836e0,1.914519310e0,1.276346207e0,2.544366837e0,-3.386647701e0
train,3995,CC1CC1N(C=O)C=O,5.831399918e0,1.840269208e0,1.914519310e0,1.276346207e0,7.671669006e0,6.305290461e-1
train,3996,C1CC2CCC(CC2)O1,8.272260666e0,1.792160869e0,1.914519310e0,1.276346207e0,1.006442165e1,2.505220652e0
train,3997,NC=[NH+]C1=CC(=O)O[CH+]1,1.929287314e0,1.010482788e0,1.914519310e0,1.276346207e0,2.939770222e0,-3.076854229e0
train,3998,C[NH+]1CC12C1C[NH+]3C1C32,8.138925552e0,-2.751122713e-1,1.914519310e0,1.276346207e0,7.863813400e0,7.810717821e-1
train,3999,CCn1nccc1CO,6.775634766e0,-4.911410332e0,1.914519310e0,1.276346207e0,1.864224434e0,-3.919530869e0
val,0,CCC1CC=CC1OC,7.036864281e0,9.899016619e-1,1.914519310e0,1.276346207e0,8.026765823e0,9.087429643e-1
val,1,CC1OC(C)(C#N)C1=O,5.921197414e0,1.489601284e-1,1.914519310e0,1.276346207e0,6.070157528e0,-6.242350936e-1
val,2,CC12OCC3[CH-]CC1C32,5.409623623e0,-8.836356401e-1,1.914519310e0,1.276346207e0,4.525988102e0,-1.834072471e0
val,3,OCCC12CCC1O2,8.821931839e0,-5.642619729e-1,1.914519310e0,1.276346207e0,8.257669449e0,1.089653015e0
val,4,C1=NC2CC(O1)C1CC21,7.314420223e0,-1.489172339e0,1.914519310e0,1.276346207e0,5.825247765e0,-8.161187768e-1
val,5,OCC1C2C=CCC21,6.677673817e0,1.028446198e0,1.914519310e0,1.276346207e0,7.706120014e0,6.575209498e-1
val,6,O=C1CC2C(CO)C12,6.209638119e0,6.919752806e-2,1.914519310e0,1.276346207e0,6.278835773e0,-4.607383013e-1
val,7,CC12C3OC4C3C1(O)C42,8.351174355e0,-7.164040208e-2,1.914519310e0,1.276346207e0,8.279534340e0,1.106783867e0
val,8,O=C1CC2(CCCC2)O1,7.738917828e0,-8.537714481e-1,1.914519310e0,1.276346207e0,6.885146141e0,1.429826301e-2
val,9,CC1(C)C2C=CC(=O)C21,5.006895065e0,-1.241968051e-1,1.914519310e0,1.276346207e0,4.882698059e0,-1.554594636e0
val,10,CCC(N)C#N,8.108993530e0,1.333585143e0,1.914519310e0,1.276346207e0,9.442578316e0,2.018014193e0
val,11,NC1=C(C=O)CCC1O,4.949750900e0,-2.238397837e0,1.914519310e0,1.276346207e0,2.711353064e0,-3.255815983e0
val,12,OC12CC1N1NC=CC12,6.209638119e0,-7.672626525e-2,1.914519310e0,1.276346207e0,6.132911682e0,-5.750679970e-1
val,13,CC12OC(C3CC31)C2O,8.636894226e0,9.356431365e-1,1.914519310e0,1.276346207e0,9.572537422e0,2.119835615e0
val,14,CC(C#N)OC(C)CO,7.760687351e0,1.394389272e0,1.914519310e0,1.276346207e0,9.155076981e0,1.792760611e0
val,15,CC1C=CC(O)C1C#N,7.066796780e0,-7.085788846e-1,1.914519310e0,1.276346207e0,6.358217716e0,-3.985435367e-1
val,16,CNC1=CC(NO)CC1,5.134788513e0,3.818209648e0,1.914519310e0,1.276346207e0,8.952998161e0,1.634434342e0
val,17,CC(C)C(=O)CCC=O,6.174263477e0,9.806718230e-1,1.914519310e0,1.276346207e0,7.154935360e0,2.256747186e-1
val,18,C1=CC23COC2C1CO3,6.576991558e0,2.065043151e-2,1.914519310e0,1.276346207e0,6.597641945e0,-2.109576613e-1
val,19,CC1COC(C)O1,9.314456940e0,2.269505858e-1,1.914519310e0,1.276346207e0,9.541407585e0,2.095445633e0
val,20,COCCC(C)(C)C#N,8.307636261e0,1.136871696e0,1.914519310e0,1.276346207e0,9.444507599e0,2.019525766e0
val,21,O=CN1CCCCCC1,7.270882130e0,5.578694940e-1,1.914519310e0,1.276346207e0,7.828751564e0,7.536012530e-1
val,22,CC1(CO)CC2NC2C1,8.304915428e0,7.589643955e0,1.914519310e0,1.276346207e0,1.589455986e1,7.073060513e0
val,23,CC12CC1(C=O)O[CH+][NH2+]2,5.902149677e0,-2.722566128e-1,1.914519310e0,1.276346207e0,5.629893303e0,-9.691765904e-1
val,24,COC1CCC(=O)O1,7.567486763e0,4.101131856e-1,1.914519310e0,1.276346207e0,7.977600098e0,8.702222109e-1
val,25,C#CC1C2C(=O)C(C)C12,6.027321815e0,1.179695487e0,1.914519310e0,1.276346207e0,7.207017422e0,2.664803565e-1
val,26,CC#CC1=CCCC1O,5.613708973e0,1.211794019e0,1.914519310e0,1.276346207e0,6.825502872e0,-3.243148699e-2
val,27,CC1C2CC=CC12CO,6.680395126e0,8.495545387e-1,1.914519310e0,1.276346207e0,7.529949665e0,5.194936991e-1
val,28,CC1OCC12C=CCC2,6.976998806e0,-1.869843341e-2,1.914519310e0,1.276346207e0,6.958300591e0,7.161385566e-2
val,29,CC1OC2CCCC12,8.781113625e0,-1.595450491e-1,1.914519310e0,1.276346207e0,8.621568680e0,1.374763489e0
val,30,O=C1CC=CC2NC2C1,6.079023361e0,1.378578067e0,1.914519310e0,1.276346207e0,7.457601547e0,4.628098905e-1
val,31,CCC1CC=CC1(C)C,7.194690704e0,9.612140059e-2,1.914519310e0,1.276346207e0,7.290812016e0,3.321323693e-1
val,32,CC1(C)CC(=O)C=C1N,5.594660759e0,1.556348801e0,1.914519310e0,1.276346207e0,7.151009560e0,2.225989103e-1
val,33,CCc1nonc1CO,6.770192623e0,-4.367315292e0,1.914519310e0,1.276346207e0,2.402877331e0,-3.497503042e0
val,34,CC1(C#N)COCO1,8.103550911e0,-1.915227175e0,1.914519310e0,1.276346207e0,6.188323975e0,-5.316531658e-1
val,35,O=C1OC2C[NH+]3CC2C13,6.557943821e0,1.488764644e0,1.914519310e0,1.276346207e0,8.046708107e0,9.243674874e-1
val,36,CCC1=C(CC)CCC1,6.797404289e0,3.169289112e0,1.914519310e0,1.276346207e0,9.966693878e0,2.428652287e0
val,37,CC(C#N)C(=O)CO,6.329368591e0,-6.182664633e-1,1.914519310e0,1.276346207e0,5.711102009e0,-9.055505395e-1
val,38,OC1C2CC3COC1C32,8.489952087e0,-1.175566316e0,1.914519310e0,1.276346207e0,7.314385891e0,3.506022096e-1
val,39,C1C2C3C1C1C2C2C3[NH+]12,8.473625183e0,1.021120906e0,1.914519310e0,1.276346207e0,9.494746208e0,2.058887005e0
val,40,CC#CC1CC=CC1,7.205575466e0,-4.007026926e-2,1.914519310e0,1.276346207e0,7.165505409e0,2.339562327e-1
val,41,CC1C=CC(OC=O)C1,7.047749043e0,5.774171948e-1,1.914519310e0,1.276346207e0,7.625166416e0,5.940948725e-1
val,42,CC1CC=CC1OC=O,7.004210949e0,-2.110920429e0,1.914519310e0,1.276346207e0,4.893290520e0,-1.546295643e0
val,43,N#CC12CCC(O)C1N2,7.357958317e0,-3.682315826e0,1.914519310e0,1.276346207e0,3.675642490e0,-2.500307560e0
val,44,c1cnc2c(n1)COC2,5.216422558e0,-3.951251507e-1,1.914519310e0,1.276346207e0,4.821297646e0,-1.602701068e0
val,45,CC1C2C3OC([NH-])[NH+]1C32,7.240949631e0,2.270622730e0,1.914519310e0,1.276346207e0,9.511571884e0,2.072069883e0
val,46,COC1(C)CC=CC1O,7.175642490e0,1.395355165e-1,1.914519310e0,1.276346207e0,7.315177917e0,3.512227535e-1
val,47,Cc1cc(C2CN2)n[nH]1,6.337531567e0,-4.766345918e-1,1.914519310e0,1.276346207e0,5.860897064e0,-7.881880403e-1
val,48,C1=CC23CC2(C1)[NH+]1CC13,5.793303967e0,2.371380091e0,1.914519310e0,1.276346207e0,8.164684296e0,1.016800284e0
val,49,C#CCCC1OCCO1,8.544375420e0,1.754422545e0,1.914519310e0,1.276346207e0,1.029879761e1,2.688851357e0
val,50,CC12CC1C(=O)C(=O)O2,4.742944717e0,9.590859413e-1,1.914519310e0,1.276346207e0,5.702030659e0,-9.126578569e-1
val,51,CC1C(NO)C2(C)OC12,6.775634766e0,-4.178369641e-1,1.914519310e0,1.276346207e0,6.357797623e0,-3.988726735e-1
val,52,Nc1ncc(N)c(=O)o1,4.372869492e0,2.667674065e0,1.914519310e0,1.276346207e0,7.040543556e0,1.360501796e-1
val,53,CC12C(=O)C(O)C1C2O,5.804188728e0,-4.154069126e-1,1.914519310e0,1.276346207e0,5.388782024e0,-1.158084273e0
val,54,CCc1c[nH]c(=O)n1C,6.152494431e0,-5.336000919e-1,1.914519310e0,1.276346207e0,5.618894577e0,-9.777939320e-1
val,55,N#CCOCC(=O)C#N,5.782419682e0,-2.765910327e-1,1.914519310e0,1.276346207e0,5.505828857e0,-1.066379547e0
val,56,CCC#CCCC,8.130762100e0,9.510232210e-1,1.914519310e0,1.276346207e0,9.081785202e0,1.735337377e0
val,57,CCC1(O)CC2OC21,8.555259705e0,5.633925796e-1,1.914519310e0,1.276346207e0,9.118652344e0,1.764222264e0
val,58,CC#CC#CC(C)C#N,6.065417767e0,-2.647157907e0,1.914519310e0,1.276346207e0,3.418259859e0,-2.701963663e0
val,59,CC(C=O)C12CCC1O2,5.913033962e0,-8.930578232e-1,1.914519310e0,1.276346207e0,5.019976139e0,-1.447039008e0
val,60,O=CC12C(=O)CC1C2O,5.717112064e0,1.965633392e0,1.914519310e0,1.276346207e0,7.682745457e0,6.392073035e-1
val,61,COC1C2[NH2+][CH+]OC21,6.887201786e0,-5.261373520e0,1.914519310e0,1.276346207e0,1.625828266e0,-4.106311321e0
val,62,Cn1cc2c(n1)CCN2,5.687179565e0,1.326604724e0,1.914519310e0,1.276346207e0,7.013784409e0,1.150847301e-1
val,63,CC12COC(CC1O)O2,8.536211014e0,-9.666962028e-1,1.914519310e0,1.276346207e0,7.569514751e0,5.504924655e-1
val,64,C#CCOCCOCC,7.423265934e0,1.639178842e-1,1.914519310e0,1.276346207e0,7.587183952e0,5.643360615e-1
val,65,CNC1=NC([NH-])=CNO1,4.892607212e0,-2.397265911e0,1.914519310e0,1.276346207e0,2.495341301e0,-3.425058603e0
val,66,CC1OCc2[nH]cnc21,6.517127037e0,4.921512306e-1,1.914519310e0,1.276346207e0,7.009278297e0,1.115542501e-1
val,67,CC12NC(C3NC31)C2O,7.673610687e0,-8.079570532e-2,1.914519310e0,1.276346207e0,7.592814922e0,5.687478781e-1
val,68,O=C1OC23COC(C2)C13,6.805567265e0,-2.081676871e-1,1.914519310e0,1.276346207e0,6.597399712e0,-2.111474425e-1
val,69,O=C1NC2CC2CO1,7.888580799e0,1.572687149e0,1.914519310e0,1.276346207e0,9.461267471e0,2.032656908e0
val,70,CCOC1CCC2OC12,8.960708618e0,1.441298366e0,1.914519310e0,1.276346207e0,1.040200710e1,2.769714594e0
val,71,CCC1OC(C)OC1[NH-],7.907628536e0,1.892282367e0,1.914519310e0,1.276346207e0,9.799910545e0,2.297979593e0
val,72,O=C1C[NH+]2CC3NC3C12,5.684458733e0,-7.172000408e-1,1.914519310e0,1.276346207e0,4.967258453e0,-1.488342643e0
val,73,CC(O)C(N)(C#N)C#N,7.461361885e0,1.187884569e0,1.914519310e0,1.276346207e0,8.649246216e0,1.396448493e0
val,74,C#CC1C=CC(C)C1=O,5.858611107e0,2.127073526e0,1.914519310e0,1.276346207e0,7.985684395e0,8.765561581e-1
val,75,CC12CC(C#N)C1O2,8.040965080e0,3.981554747e0,1.914519310e0,1.276346207e0,1.202252007e1,4.039366245e0
val,76,C1C2C3C1C1(CO1)C23,9.374322891e0,2.172448486e-2,1.914519310e0,1.276346207e0,9.396047592e0,1.981557965e0
val,77,CCCCC(C=O)OC,5.801467419e0,5.466066301e-2,1.914519310e0,1.276346207e0,5.856128216e0,-7.919243574e-1
val,78,C#CC1NC(CO)C1=O,5.624593258e0,-8.489009142e-1,1.914519310e0,1.276346207e0,4.775692463e0,-1.638432145e0
val,79,N#CC12CCCC1OC2,7.825994968e0,1.275592446e0,1.914519310e0,1.276346207e0,9.101587296e0,1.750852108e0
val,80,COCC(O)C(=O)C=O,4.378312111e0,-2.940054238e-1,1.914519310e0,1.276346207e0,4.084306717e0,-2.180124283e0
val,81,CC1C=CC2C(C)C12O,6.555222511e0,1.789052367e0,1.914519310e0,1.276346207e0,8.344274521e0,1.157507062e0
val,82,COCC1C(C)C2OC12,9.006968498e0,-9.929401278e-1,1.914519310e0,1.276346207e0,8.014028549e0,8.987634182e-1
val,83,C#CC1CC2(COC2)C1,7.929397583e0,-6.435679793e-1,1.914519310e0,1.276346207e0,7.285829544e0,3.282286823e-1
val,84,OC1C=CCCCCC1,6.919855118e0,-2.051075101e-1,1.914519310e0,1.276346207e0,6.714747429e0,-1.192069873e-1
val,85,C#CC1C=C(C)CC1C,6.982441425e0,4.558436200e-2,1.914519310e0,1.276346207e0,7.028025627e0,1.262425482e-1
val,86,C1C2CC34COC3(C4)C12,7.396054745e0,2.703956962e-1,1.914519310e0,1.276346207e0,7.666450500e0,6.264404058e-1
val,87,C#CC1=CC(CC)CC1,5.668131351e0,-9.702184796e-1,1.914519310e0,1.276346207e0,4.697912693e0,-1.699371696e0
val,88,CC12C(=O)C3C4C(C31)[NH+]42,5.727996826e0,5.027491450e-1,1.914519310e0,1.276346207e0,6.230745792e0,-4.984161854e-1
val,89,OCCCC1CC2OC12,8.979757309e0,-6.476158500e-1,1.914519310e0,1.276346207e0,8.332141876e0,1.148001194e0
val,90,CC12CC3C1COCC32,8.922613144e0,-7.620511651e-1,1.914519310e0,1.276346207e0,8.160561562e0,1.013570189e0
val,91,CCOC1C(O)C2OC12,8.525327682e0,-1.062381715e-1,1.914519310e0,1.276346207e0,8.419089317e0,1.216123462e0
val,92,[CH+]1[NH2+]C2C3NC2C3O1,6.857269287e0,2.887523770e-1,1.914519310e0,1.276346207e0,7.146021843e0,2.186910957e-1
val,93,O=CC1=CCC2CC12,5.213701248e0,-1.761956453e0,1.914519310e0,1.276346207e0,3.451744795e0,-2.675728559e0
val,94,C#CCn1nn[nH]c1=O,6.182426929e0,5.050843209e-2,1.914519310e0,1.276346207e0,6.232935429e0,-4.967006445e-1
val,95,CCC(C)c1cnon1,6.963393688e0,-2.114272833e0,1.914519310e0,1.276346207e0,4.849121094e0,-1.580901742e0
val,96,CC1C2N=CNC=NC12,5.532074928e0,4.459288597e0,1.914519310e0,1.276346207e0,9.991363525e0,2.447980642e0
val,97,CCC(=O)C1C=CCC1,5.834120750e0,-3.969624341e-1,1.914519310e0,1.276346207e0,5.437158108e0,-1.120182157e0
val,98,CC1C=CC(O)C2CC12,7.110334873e0,-4.673593044e0,1.914519310e0,1.276346207e0,2.436741829e0,-3.470970631e0
val,99,CC(C)C#CC(C)(C)C,8.234165192e0,2.062262297e0,1.914519310e0,1.276346207e0,1.029642773e1,2.686994553e0
val,100,C1=CC2(CC1)C[NH+]1CC12,6.699442863e0,8.296326399e-1,1.914519310e0,1.276346207e0,7.529075623e0,5.188089013e-1
val,101,CC1CC2NC(=O)OC12,8.359337807e0,-2.582361937e0,1.914519310e0,1.276346207e0,5.776975632e0,-8.539394140e-1
val,102,OC1N=Nc2[nH+]nnn21,4.966077805e0,-1.856619239e0,1.914519310e0,1.276346207e0,3.109458447e0,-2.943905592e0
val,103,CC1C(=O)C=CC1O,5.142951965e0,-1.786732197e0,1.914519310e0,1.276346207e0,3.356219769e0,-2.750571251e0
val,104,CC12C(O)C3C(O)C1[NH+]32,8.190627098e0,1.713088751e0,1.914519310e0,1.276346207e0,9.903716087e0,2.379309893e0
val,105,CC1=CC2CC(=O)N2C1,6.808288574e0,5.613943338e-1,1.914519310e0,1.276346207e0,7.369682789e0,3.939266503e-1
val,106,CC1C2CC(=O)OC12,7.616467476e0,4.262303829e0,1.914519310e0,1.276346207e0,1.187877083e1,3.926740408e0
val,107,CC1CC=C(C=O)C1=O,4.397359848e0,-1.413835883e-1,1.914519310e0,1.276346207e0,4.255976200e0,-2.045623302e0
val,108,N#Cc1nonc1CO,6.040927887e0,-3.145798445e-1,1.914519310e0,1.276346207e0,5.726347923e0,-8.936055899e-1
val,109,CC1=CC(=O)C2(C)CN12,5.197374821e0,9.098849893e-1,1.914519310e0,1.276346207e0,6.107259750e0,-5.951659679e-1
val,110,CC1=CCC(C)(CO)C1,7.072239399e0,-3.536925614e-1,1.914519310e0,1.276346207e0,6.718546867e0,-1.162301749e-1
val,111,CC(CO)C(C)CC=O,6.220522881e0,-1.048654675e0,1.914519310e0,1.276346207e0,5.171868324e0,-1.328033328e0
val,112,CC1=CCc2cn[nH]c21,5.295335770e0,7.326479554e-1,1.914519310e0,1.276346207e0,6.027983665e0,-6.572777629e-1
val,113,CC12CC(O)(C=O)C1O2,5.815073013e0,-9.624705315e-1,1.914519310e0,1.276346207e0,4.852602482e0,-1.578174114e0
val,114,OCC[NH2+]C1COCO1,7.020537376e0,-2.351753712e-1,1.914519310e0,1.276346207e0,6.785362244e0,-6.388116628e-2
val,115,FC(F)(F)C12CCC1O2,9.189285278e0,2.431329727e0,1.914519310e0,1.276346207e0,1.162061501e1,3.724478722e0
val,116,OC1CCC12COC2,8.258655548e0,1.093494296e0,1.914519310e0,1.276346207e0,9.352149963e0,1.947164774e0
val,117,CC(O)CC1C=CCC1,7.129383087e0,-1.476159811e0,1.914519310e0,1.276346207e0,5.653223038e0,-9.508979917e-1
val,118,C1CC2C3C(O1)C1C2C31,9.064112663e0,1.245474219e0,1.914519310e0,1.276346207e0,1.030958652e1,2.697304249e0
val,119,C[CH+]1NOC(=O)OC1[NH-],5.869495869e0,4.976684570e0,1.914519310e0,1.276346207e0,1.084617996e1,3.117718458e0
val,120,Cn1ccc(=O)[nH]c1=O,5.540238380e0,4.121437669e-1,1.914519310e0,1.276346207e0,5.952382088e0,-7.165106535e-1
val,121,CCC1(C)CCC2OC21,9.113092422e0,2.843861580e0,1.914519310e0,1.276346207e0,1.195695400e1,3.987996101e0
val,122,COC1(C)C=CC(=O)C1,5.151115417e0,-1.927596629e-1,1.914519310e0,1.276346207e0,4.958355904e0,-1.495317698e0
val,123,CCC1C=CC(C)O1,6.734817982e0,-3.432973102e-2,1.914519310e0,1.276346207e0,6.700488091e0,-1.303790063e-1
val,124,O=CC1(O)C=CCC1,5.717112064e0,3.451051712e0,1.914519310e0,1.276346207e0,9.168163300e0,1.803013563e0
val,125,CC12CC3CC(CO1)C32,8.555259705e0,-7.628839612e-1,1.914519310e0,1.276346207e0,7.792375565e0,7.251011133e-1
val,126,N#CCN=C(N)C#N,6.100792408e0,-2.351474762e0,1.914519310e0,1.276346207e0,3.749317646e0,-2.442584038e0
val,127,CC1(C#N)COC(=O)C1,7.542996407e0,-1.596236467e0,1.914519310e0,1.276346207e0,5.946760178e0,-7.209153771e-1
val,128,CC1=CC2(C)CC2(C)C1,6.585155487e0,-2.330123186e-1,1.914519310e0,1.276346207e0,6.352143288e0,-4.033027887e-1
val,129,CC(C)(C)C12CCC1O2,8.783835411e0,-1.436397672e0,1.914519310e0,1.276346207e0,7.347437859e0,3.764980137e-1
val,130,O=C1C=CC2CC12CO,5.121182919e0,-1.996031761e0,1.914519310e0,1.276346207e0,3.125151157e0,-2.931610584e0
val,131,C1Cc2[nH]nnc2CO1,6.628693581e0,-1.324197769e0,1.914519310e0,1.276346207e0,5.304495811e0,-1.224121451e0
val,132,CC1=Nc2[nH+]cnn2[CH+]1,5.782419682e0,-4.823282361e-1,1.914519310e0,1.276346207e0,5.300091267e0,-1.227572322e0
val,133,CCC1C2C=CC(O)C21,6.405560493e0,1.680398583e0,1.914519310e0,1.276346207e0,8.085959435e0,9.551203847e-1
val,134,CC1CC(=O)C(=O)O1,4.696685314e0,1.397108436e-1,1.914519310e0,1.276346207e0,4.836396217e0,-1.590871572e0
val,135,OCC1C(O)CC2OC21,9.004247665e0,7.486531734e-1,1.914519310e0,1.276346207e0,9.752901077e0,2.261148214e0
val,136,O=CC(O)C1CC2OC21,5.967456818e0,1.571074009e0,1.914519310e0,1.276346207e0,7.538530827e0,5.262169242e-1
val,137,N#CC(N)C1C=CCC1,6.756587029e0,-1.014428258e0,1.914519310e0,1.276346207e0,5.742158890e0,-8.812178969e-1
val,138,CC1C(C=O)C2OC12,5.825957775e0,6.940419674e-1,1.914519310e0,1.276346207e0,6.519999504e0,-2.717895508e-1
val,139,C#CC(C)CC#CC=O,5.575613022e0,-8.520905375e-1,1.914519310e0,1.276346207e0,4.723522663e0,-1.679306626e0
val,140,COC(=O)C1OCC1=O,6.049090862e0,-1.137982965e0,1.914519310e0,1.276346207e0,4.911108017e0,-1.532335758e0
val,141,CC1=CC(O)C(=O)C1,6.024600506e0,1.092379570e0,1.914519310e0,1.276346207e0,7.116980076e0,1.959372312e-1
val,142,CCC1C(OC)C2OC12,8.615124702e0,4.973003641e-2,1.914519310e0,1.276346207e0,8.664855003e0,1.408677816e0
val,143,COCCC(C)=NO,6.938903332e0,2.580926657e0,1.914519310e0,1.276346207e0,9.519829750e0,2.078539848e0
val,144,CCc1[nH]c(=O)[nH]c1O,6.234128475e0,-1.787470341e0,1.914519310e0,1.276346207e0,4.446658134e0,-1.896226406e0
val,145,CC1=CC2(O)CC2(C)C1,6.574271202e0,1.217744112e0,1.914519310e0,1.276346207e0,7.792015076e0,7.248187065e-1
val,146,OCC1C2CC3C(C2)C13,9.153910637e0,4.040291905e-1,1.914519310e0,1.276346207e0,9.557939529e0,2.108398199e0
val,147,CCC12CCCC1(C)O2,9.006968498e0,-6.205301881e-1,1.914519310e0,1.276346207e0,8.386438370e0,1.190541863e0
val,148,CC1=CCC(C)C1(C)C,7.069517612e0,4.466111958e-1,1.914519310e0,1.276346207e0,7.516129017e0,5.086654425e-1
val,149,CCC1CC=C(C)C1O,7.066796780e0,9.797247648e-1,1.914519310e0,1.276346207e0,8.046521187e0,9.242210388e-1
val,150,CCOC12CC1C1NC12,7.790619850e0,-1.867485046e0,1.914519310e0,1.276346207e0,5.923134804e0,-7.394255400e-1
val,151,O=CC1(C=O)OCCO1,5.102134705e0,5.914957047e0,1.914519310e0,1.276346207e0,1.101709175e1,3.251625776e0
val,152,COCC12CC1C(=O)O2,7.499457359e0,3.636801243e-1,1.914519310e0,1.276346207e0,7.863137245e0,7.805420160e-1
val,153,O=C1CC2CC1C2O,6.119840622e0,-2.011978626e0,1.914519310e0,1.276346207e0,4.107861996e0,-2.161669016e0
val,154,CC(O)C(O)C(=O)C#N,4.835463047e0,-9.323560596e-1,1.914519310e0,1.276346207e0,3.903106928e0,-2.322092056e0
val,155,OCC1C=CC2C(O)C12,6.182426929e0,-6.880781054e-1,1.914519310e0,1.276346207e0,5.494349003e0,-1.075373769e0
val,156,CC(C)C12CC(O)C1O2,8.813768387e0,-2.639059782e0,1.914519310e0,1.276346207e0,6.174708366e0,-5.423207879e-1
val,157,C#CCC1CCC=C1C,6.955230236e0,5.009639263e0,1.914519310e0,1.276346207e0,1.196486950e1,3.994197607e0
val,158,CC1(CO)C2C=CCC21,6.650462627e0,-4.514028072e0,1.914519310e0,1.276346207e0,2.136434555e0,-3.706257582e0
val,159,C1C2OC3C(O2)C2C1C32,9.015131950e0,-1.754636645e0,1.914519310e0,1.276346207e0,7.260495186e0,3.083795309e-1
val,160,CC1(CCO)C=CCC1,7.145709991e0,6.162137985e-1,1.914519310e0,1.276346207e0,7.761923790e0,7.012425065e-1
val,161,O=C1CCNC1=O,4.693964005e0,-8.311599493e-1,1.914519310e0,1.276346207e0,3.862803936e0,-2.353668928e0
val,162,CC12CC1C=CNC2=O,5.736160278e0,-1.590559632e-2,1.914519310e0,1.276346207e0,5.720254898e0,-8.983793855e-1
val,163,C1CC2C(O1)C1CC[NH+]21,7.763408184e0,1.261961460e0,1.914519310e0,1.276346207e0,9.025369644e0,1.691136479e0
val,164,Cc1coc(N2CC2)n1,6.293993473e0,1.319509506e0,1.914519310e0,1.276346207e0,7.613502979e0,5.849567056e-1
val,165,OCC1OC2COC12,8.193347931e0,-1.681954026e0,1.914519310e0,1.276346207e0,6.511394024e0,-2.785318196e-1
val,166,CC#CCC(O)CC,7.994705200e0,-5.084449053e-1,1.914519310e0,1.276346207e0,7.486260414e0,4.852637351e-1
val,167,CC12OC1CC2(N)C#N,7.379727840e0,-5.433152318e-1,1.914519310e0,1.276346207e0,6.836412430e0,-2.388398722e-2
val,168,CC1=CC(C)OC1,6.786519527e0,-1.839249134e0,1.914519310e0,1.276346207e0,4.947270393e0,-1.504003048e0
val,169,N#CC1OCC([NH-])O1,7.777014256e0,1.737310588e-1,1.914519310e0,1.276346207e0,7.950745106e0,8.491816521e-1
val,170,CC#CCCNC(C)=O,7.347074509e0,1.626226604e-1,1.914519310e0,1.276346207e0,7.509696960e0,5.036259890e-1
val,171,C#CC[NH+]1C2C=CCC21,6.332089424e0,2.310331911e-1,1.914519310e0,1.276346207e0,6.563122749e0,-2.380030155e-1
val,172,CC1C=CCC1NC=O,7.074960232e0,-1.110741496e0,1.914519310e0,1.276346207e0,5.964218616e0,-7.072368860e-1
val,173,CC1C2(O)C=CCC12C,6.620530128e0,-3.326457739e-1,1.914519310e0,1.276346207e0,6.287884235e0,-4.536489248e-1
val,174,C#CC(C)(C)C#CC,7.787898064e0,-5.860702395e-1,1.914519310e0,1.276346207e0,7.201828003e0,2.624145150e-1
val,175,[CH-]1C2CC3C2C2OC1C32,4.672194958e0,1.058694243e0,1.914519310e0,1.276346207e0,5.730889320e0,-8.900474310e-1
val,176,CC1=CCCC1C(N)=O,6.751144886e0,-3.576650321e-1,1.914519310e0,1.276346207e0,6.393479824e0,-3.709161282e-1
val,177,CCC1CC2OC12CC,9.047785759e0,-2.225640714e-1,1.914519310e0,1.276346207e0,8.825222015e0,1.534323335e0
val,178,C#CC#Cc1cnon1,4.974241257e0,3.525708437e0,1.914519310e0,1.276346207e0,8.499949455e0,1.279476404e0
val,179,N#CC1C2C=CC[NH+]1C2,6.152494431e0,2.943463802e0,1.914519310e0,1.276346207e0,9.095958710e0,1.746442080e0
val,180,O=CNC1CCC2OC12,7.591977119e0,-8.957484365e-1,1.914519310e0,1.276346207e0,6.696228504e0,-1.337163299e-1
val,181,[NH-]C1NC2C3OC1C23O,6.185148239e0,1.204086185e0,1.914519310e0,1.276346207e0,7.389234543e0,4.092451930e-1
val,182,O=C1NC2CCCOC12,6.922576904e0,5.273585916e-1,1.914519310e0,1.276346207e0,7.449935436e0,4.568035901e-1
val,183,C1=CC2OC1C1COC21,6.775634766e0,1.773489863e-1,1.914519310e0,1.276346207e0,6.952983856e0,6.744825840e-2
val,184,CCC1CCCC2OC12,9.251871109e0,9.908183217e-1,1.914519310e0,1.276346207e0,1.024268913e1,2.644891024e0
val,185,CC12CC(=O)C(C)(C1)C2,6.198753357e0,-4.704477489e-1,1.914519310e0,1.276346207e0,5.728305817e0,-8.920716047e-1
val,186,c1nc2n(n1)C1CC2C1,6.811009407e0,-5.148524046e-1,1.914519310e0,1.276346207e0,6.296156883e0,-4.471674263e-1
val,187,COC1C=CC2(O)CC12,6.476309776e0,-6.871461272e-1,1.914519310e0,1.276346207e0,5.789163589e0,-8.443902731e-1
val,188,C#CC1CC=CC1,7.216459274e0,-1.379790604e-1,1.914519310e0,1.276346207e0,7.078480244e0,1.657731086e-1
val,189,CC#CC1(O)CC2OC21,7.491294384e0,3.811902285e0,1.914519310e0,1.276346207e0,1.130319691e1,3.475785494e0
val,190,COC(=O)C1CC=CC1,7.006931782e0,3.913089931e-1,1.914519310e0,1.276346207e0,7.398240566e0,4.163013101e-1
val,191,C#CC1=C(C)CC2CC12,5.404181004e0,1.772859097e0,1.914519310e0,1.276346207e0,7.177040100e0,2.429935187e-1
val,192,CC12C[NH+]3CC(CC31)O2,8.070897102e0,2.043828517e-1,1.914519310e0,1.276346207e0,8.275279999e0,1.103450656e0
val,193,Oc1ncoc1N1CC1,5.692621708e0,1.145350695e0,1.914519310e0,1.276346207e0,6.837972641e0,-2.266158164e-2
val,194,C1CC([NH2+]C2COC2)O1,6.846384525e0,-1.054505229e0,1.914519310e0,1.276346207e0,5.791879177e0,-8.422626853e-1
val,195,C#CC1=CC2CC2(C)C1,5.401460171e0,6.277952194e-1,1.914519310e0,1.276346207e0,6.029255390e0,-6.562814116e-1
val,196,COC1CC([NH-])OC1=O,6.574271202e0,-3.387415707e-1,1.914519310e0,1.276346207e0,6.235529423e0,-4.946682751e-1
val,197,Nc1n[nH]c(N2CC2)n1,6.313041210e0,6.850286573e-2,1.914519310e0,1.276346207e0,6.381544113e0,-3.802675903e-1
val,198,C1=CC2C3COC1C[NH+]23,5.804188728e0,-7.506663203e-1,1.914519310e0,1.276346207e0,5.053522587e0,-1.420755744e0
val,199,CC1(O)C=CCC1(C)C,7.006931782e0,-6.264836192e-1,1.914519310e0,1.276346207e0,6.380448341e0,-3.811261356e-1
val,200,C#CC1=CCC(C)C1O,5.703506470e0,2.482125349e-2,1.914519310e0,1.276346207e0,5.728327751e0,-8.920543790e-1
val,201,O=CCC12COC1CO2,5.978341103e0,1.837892681e-1,1.914519310e0,1.276346207e0,6.162130356e0,-5.521755219e-1
val,202,CC(C)C(C)C(O)C=O,6.302156925e0,5.047981143e-1,1.914519310e0,1.276346207e0,6.806954861e0,-4.696362093e-2
val,203,C#CCC1CCC2OC12,8.492672920e0,-8.656153083e-1,1.914519310e0,1.276346207e0,7.627057552e0,5.955765247e-1
val,204,CC(O)C1=CCOC1,6.549780846e0,1.835312396e-1,1.914519310e0,1.276346207e0,6.733312130e0,-1.046617776e-1
val,205,C1=CC2NC3[NH2+]CC1C23,6.128004074e0,2.679624557e0,1.914519310e0,1.276346207e0,8.807628632e0,1.520539165e0
val,206,O=CN1C2CC3C(C2)C31,7.189248085e0,1.754087687e0,1.914519310e0,1.276346207e0,8.943335533e0,1.626863837e0
val,207,O=C1CC2C(CCO)C12,6.239571095e0,2.850780249e0,1.914519310e0,1.276346207e0,9.090351105e0,1.742048621e0
val,208,CCOC1C2[NH2+][CH+]OC21,6.865432262e0,-5.449251533e-1,1.914519310e0,1.276346207e0,6.320507050e0,-4.280893803e-1
val,209,C#CC12CC=CCC1C2,7.036864281e0,7.140647173e-1,1.914519310e0,1.276346207e0,7.750928879e0,6.926281452e-1
val,210,CC12CC(CO1)C2=O,5.643641472e0,-8.726769090e-1,1.914519310e0,1.276346207e0,4.770964622e0,-1.642136335e0
val,211,[H]N=CNC(=O)CCC=O,6.201474667e0,-4.127655625e-1,1.914519310e0,1.276346207e0,5.788709164e0,-8.447463512e-1
val,212,N#CC1CC=CC1CO,7.186526775e0,-5.860707164e-1,1.914519310e0,1.276346207e0,6.600456238e0,-2.087526917e-1
val,213,CC(C)C1=CCCC1=O,5.306220055e0,-2.585564137e0,1.914519310e0,1.276346207e0,2.720655918e0,-3.248527527e0
val,214,CC1C2OC2C1(C)CO,8.631451607e0,1.146151721e-1,1.914519310e0,1.276346207e0,8.746067047e0,1.472306371e0
val,215,CC1CC2OC(=O)NC12,8.519885063e0,-3.503710032e-1,1.914519310e0,1.276346207e0,8.169513702e0,1.020584106e0
val,216,O=C([O-])C1C[NH+]2CCC12,4.824578762e0,-4.126615524e0,1.914519310e0,1.276346207e0,6.979632378e-1,-4.833281994e0
val,217,O=C1CC23CC(C2)C3N1,7.374285698e0,6.940528154e-1,1.914519310e0,1.276346207e0,8.068338394e0,9.413145185e-1
val,218,CC12CC3CC1C2(O)C3,8.544375420e0,9.293410778e-1,1.914519310e0,1.276346207e0,9.473716736e0,2.042410851e0
val,219,O=C1OC2CC3OCC132,7.129383087e0,-2.310765505e0,1.914519310e0,1.276346207e0,4.818617821e0,-1.604800701e0
val,220,CC12CCC(C#N)C1O2,8.394712448e0,2.278117239e-1,1.914519310e0,1.276346207e0,8.622524261e0,1.375512242e0
val,221,C#CC1=CC(O)C(=O)C1,5.540238380e0,4.196941257e-1,1.914519310e0,1.276346207e0,5.959932327e0,-7.105951309e-1
val,222,O=CC1CCC(=O)NC1,5.689900398e0,6.400536299e-1,1.914519310e0,1.276346207e0,6.329954147e0,-4.206876755e-1
val,223,CC12OC1C1(C#N)OC21,6.925297737e0,5.748124599e0,1.914519310e0,1.276346207e0,1.267342186e1,4.549339771e0
val,224,CC12C=CCCC1CC2,7.238228798e0,-2.102461100e0,1.914519310e0,1.276346207e0,5.135767937e0,-1.356317520e0
val,225,O=C1OC2CC3C1CC23,7.355237484e0,-2.201775789e0,1.914519310e0,1.276346207e0,5.153461456e0,-1.342454910e0
val,226,COC12CC1OC2=O,7.012373924e0,2.322580576e0,1.914519310e0,1.276346207e0,9.334954262e0,1.933692098e0
val,227,CN(C)c1noc(=O)[nH]1,6.843663692e0,-1.384806991e0,1.914519310e0,1.276346207e0,5.458856583e0,-1.103181720e0
val,228,CCC(O)(CC)CO,8.220560074e0,3.086124897e0,1.914519310e0,1.276346207e0,1.130668449e1,3.478518009e0
val,229,CC12NC1C1C(CO)C12,7.581092358e0,-2.560416460e0,1.914519310e0,1.276346207e0,5.020675659e0,-1.446490884e0
val,230,O=CN1C=CC=CC=C1,3.834084272e0,2.842202485e-1,1.914519310e0,1.276346207e0,4.118304729e0,-2.153487206e0
val,231,OCC1=CC(O)C(O)C1,6.936182499e0,-9.760502577e-1,1.914519310e0,1.276346207e0,5.960132122e0,-7.104386091e-1
val,232,ONC1C2C(O)C3C1[NH+]23,6.386512280e0,-1.759936213e-1,1.914519310e0,1.276346207e0,6.210518837e0,-5.142637491e-1
val,233,CCC12OC1CC2C=O,5.858611107e0,9.869647026e-1,1.914519310e0,1.276346207e0,6.845575809e0,-1.670459472e-2
val,234,C#CC1=CCC(CC)C1,5.695343018e0,-4.397573471e-1,1.914519310e0,1.276346207e0,5.255585670e0,-1.262441874e0
val,235,OC12COCC(C1)OC2,8.160694122e0,8.952134103e-2,1.914519310e0,1.276346207e0,8.250215530e0,1.083812952e0
val,236,COC1CC(O)C=C1C,6.786519527e0,-2.588595450e-2,1.914519310e0,1.276346207e0,6.760633469e0,-8.325584978e-2
val,237,CC1=CC2C(C1)C2(C)O,6.372906685e0,2.266193330e-1,1.914519310e0,1.276346207e0,6.599525928e0,-2.094815820e-1
val,238,CC(=O)C(C)C(O)C#N,6.239571095e0,1.474597454e-1,1.914519310e0,1.276346207e0,6.387030602e0,-3.759689927e-1
val,239,CC1C=CC2C(O)C12,6.247734070e0,-2.636672854e-1,1.914519310e0,1.276346207e0,5.984066963e0,-6.916859746e-1
val,240,Cc1ncc(O)c(=O)o1,4.859953403e0,-2.016103268e0,1.914519310e0,1.276346207e0,2.843850136e0,-3.152006388e0
val,241,CC1CNC(=O)C(C)C1,7.213738441e0,-1.008303910e-1,1.914519310e0,1.276346207e0,7.112907887e0,1.927467287e-1
val,242,C1C2CN1c1nn[nH]c12,6.171542168e0,-1.409352541e0,1.914519310e0,1.276346207e0,4.762189865e0,-1.649011254e0
val,243,[NH-]C1CC(=O)OCCO1,7.053191185e0,1.175082088e0,1.914519310e0,1.276346207e0,8.228273392e0,1.066621542e0
val,244,CC[NH2+]C1C=CC(C)O1,5.581055164e0,2.817296088e-1,1.914519310e0,1.276346207e0,5.862784863e0,-7.867089510e-1
val,245,[H]N=C(C#C)N1CC(=O)C1,5.347037315e0,-2.649907827e0,1.914519310e0,1.276346207e0,2.697129488e0,-3.266960382e0
val,246,CC(C)OC1CC=CC1,7.287209034e0,-6.219694018e-1,1.914519310e0,1.276346207e0,6.665239811e0,-1.579955816e-1
val,247,C#CC(C)NC(=O)OC,7.907628536e0,3.234582663e0,1.914519310e0,1.276346207e0,1.114221096e1,3.349655151e0
val,248,CCC1OCCC([NH-])O1,7.553880215e0,-4.533905029e0,1.914519310e0,1.276346207e0,3.019975185e0,-3.014014721e0
val,249,C1OC23CC2(O1)C1NC13,7.072239399e0,5.317708850e-2,1.914519310e0,1.276346207e0,7.125416279e0,2.025468946e-1
val,250,CC12CC(O)CC1(C)N2,8.223280907e0,8.546698689e-1,1.914519310e0,1.276346207e0,9.077950478e0,1.732332945e0
val,251,OC1CCC(O)C12CN2,8.245050430e0,-3.365337133e0,1.914519310e0,1.276346207e0,4.879713058e0,-1.556933403e0
val,252,Nc1nc(C2CN2)co1,6.223243713e0,-7.206918597e-1,1.914519310e0,1.276346207e0,5.502552032e0,-1.068946838e0
val,253,CC1(O)CC2(C)OC12C,8.481788635e0,-1.909527540e0,1.914519310e0,1.276346207e0,6.572260857e0,-2.308434248e-1
val,254,O=C1C(O)C2CC1(O)C2,5.926640034e0,1.647837996e0,1.914519310e0,1.276346207e0,7.574478149e0,5.543812513e-1
val,255,ONC1CCC2NC12,6.552501678e0,4.042873681e-1,1.914519310e0,1.276346207e0,6.956789017e0,7.042955607e-2
val,256,C#CCOC(C)C#C,7.472246647e0,2.155528069e0,1.914519310e0,1.276346207e0,9.627775192e0,2.163113594e0
val,257,N#CC(N)C1OCCO1,8.019195557e0,8.859847784e-1,1.914519310e0,1.276346207e0,8.905179977e0,1.596969366e0
val,258,C#CC([NH-])OC=O,6.049090862e0,-2.088945359e-1,1.914519310e0,1.276346207e0,5.840196133e0,-8.044069409e-1
val,259,C#CC1=CC(O)C(O)C1,5.643641472e0,2.257896423e0,1.914519310e0,1.276346207e0,7.901537895e0,8.106284142e-1
val,260,C#CC1C=CCC1=O,5.869495869e0,4.797321260e-1,1.914519310e0,1.276346207e0,6.349227905e0,-4.055869281e-1
val,261,CC12C=CCC1C2O,6.332089424e0,-2.573907077e-1,1.914519310e0,1.276346207e0,6.074698925e0,-6.206769347e-1
val,262,CC1=CC(C)C2(O)CC12,6.658626080e0,-2.348583698e0,1.914519310e0,1.276346207e0,4.310042381e0,-2.003263235e0
val,263,C#CC1OC(CO)C1=O,5.668131351e0,2.687604725e-1,1.914519310e0,1.276346207e0,5.936892033e0,-7.286469340e-1
val,264,OCC1[CH-]C2CC3C2[NH+]13,4.530695915e0,-2.659481287e0,1.914519310e0,1.276346207e0,1.871214628e0,-3.914053917e0
val,265,C[NH+]1C2C3CCC2(O)C31,7.251834393e0,3.134944737e-1,1.914519310e0,1.276346207e0,7.565329075e0,5.472130179e-1
val,266,[NH-]C1C=C(N)C(CO)O1,5.741602421e0,2.768450677e-1,1.914519310e0,1.276346207e0,6.018447399e0,-6.647493243e-1
val,267,[NH-]C1OCC=CCC1=O,5.181047916e0,-7.931539416e-2,1.914519310e0,1.276346207e0,5.101732731e0,-1.382983685e0
val,268,O=C1CCC(O)CN1,7.273603439e0,1.826152921e0,1.914519310e0,1.276346207e0,9.099756241e0,1.749417424e0
val,269,COC1CC(=O)C(=O)O1,4.699406624e0,-1.738848209e0,1.914519310e0,1.276346207e0,2.960558414e0,-3.060566902e0
val,270,CC1C2C(=O)OC12CO,7.434150696e0,-9.987560511e-1,1.914519310e0,1.276346207e0,6.435394764e0,-3.380762935e-1
val,271,COCC(O)C(N)C#N,8.040965080e0,1.166943908e0,1.914519310e0,1.276346207e0,9.207908630e0,1.834153533e0
val,272,C#CCC(=O)C(C)(C)C,6.201474667e0,-1.177126169e-1,1.914519310e0,1.276346207e0,6.083762169e0,-6.135759950e-1
val,273,C#CC1(O)CC2OC2C1,7.937561512e0,7.962591052e-1,1.914519310e0,1.276346207e0,8.733820915e0,1.462711692e0
val,274,OC1CC=CCC=CC1,6.258618832e0,1.226160884e0,1.914519310e0,1.276346207e0,7.484779835e0,4.841037393e-1
val,275,CC12CCC(NO)C1O2,6.620530128e0,-1.309880763e-1,1.914519310e0,1.276346207e0,6.489542007e0,-2.956525981e-1
val,276,c1cnc2n[nH]cc2c1,4.791924953e0,2.225859314e-1,1.914519310e0,1.276346207e0,5.014511108e0,-1.451320767e0
val,277,c1[nH]nc2c1NCC2,5.825957775e0,-9.626630545e-1,1.914519310e0,1.276346207e0,4.863294601e0,-1.569797039e0
val,278,CC(=O)CN=C(N)CO,5.572891712e0,-1.012340426e0,1.914519310e0,1.276346207e0,4.560551167e0,-1.806992650e0
val,279,O=COC1C=CCC1=O,5.741602421e0,1.739420891e-1,1.914519310e0,1.276346207e0,5.915544510e0,-7.453724146e-1
val,280,[NH-]C1CC2(C[NH+]3CC32)O1,7.366122246e0,-8.608136773e-1,1.914519310e0,1.276346207e0,6.505308628e0,-2.832996547e-1
val,281,CC1=CC=CCOC1=O,4.993289471e0,-2.982775211e0,1.914519310e0,1.276346207e0,2.010514259e0,-3.804914474e0
val,282,CCC1CC=CC1C=O,5.692621708e0,2.673920989e-1,1.914519310e0,1.276346207e0,5.960013866e0,-7.105312347e-1
val,283,CC12CC1C1(C)NC21,7.722591400e0,-2.465022087e0,1.914519310e0,1.276346207e0,5.257569313e0,-1.260887742e0
val,284,O=C1NCC2=C1CCN2,5.491257668e0,-7.410321832e-1,1.914519310e0,1.276346207e0,4.750225544e0,-1.658385158e0
val,285,O=CC1OC2CC1C2=O,5.319826126e0,3.293784618e0,1.914519310e0,1.276346207e0,8.613611221e0,1.368528962e0
val,286,CCC1C(=O)OCC1O,7.496736526e0,6.849077065e-3,1.914519310e0,1.276346207e0,7.503585815e0,4.988379776e-1
val,287,CC1=CC2C(O)C2C1C,6.291272163e0,5.886535645e-1,1.914519310e0,1.276346207e0,6.879925728e0,1.020813454e-2
val,288,CCOCC(C)(O)CO,8.702200890e0,-7.496865392e-1,1.914519310e0,1.276346207e0,7.952514172e0,8.505676985e-1
val,289,CC1C(C)C2OC2C1C,8.990641594e0,-8.248050213e-1,1.914519310e0,1.276346207e0,8.165836334e0,1.017702937e0
val,290,CC(O)C1C2CC(=O)C21,6.285830498e0,2.024300814e0,1.914519310e0,1.276346207e0,8.310131073e0,1.130756021e0
val,291,[NH-]c1nc(N)c(F)n[nH+]1,4.264024258e0,1.798526645e0,1.914519310e0,1.276346207e0,6.062551022e0,-6.301946640e-1
val,292,CCC(C#CCO)CC,7.515784740e0,-6.831234694e-1,1.914519310e0,1.276346207e0,6.832661152e0,-2.682306617e-2
val,293,O=C1CC2NC2CN1,7.330747128e0,-2.918942928e0,1.914519310e0,1.276346207e0,4.411804199e0,-1.923534036e0
val,294,CCNC(C#N)CC,7.472246647e0,-8.953267932e-1,1.914519310e0,1.276346207e0,6.576920033e0,-2.271930128e-1
val,295,CCC1(O)C(O)C2OC21,8.190627098e0,-7.194850445e-1,1.914519310e0,1.276346207e0,7.471141815e0,4.734185040e-1
val,296,CCC1=CC(=O)CC1,5.273566723e0,7.486835122e-1,1.914519310e0,1.276346207e0,6.022250175e0,-6.617698669e-1
val,297,CC1=CC(O)CC1,7.028701305e0,5.091042042e0,1.914519310e0,1.276346207e0,1.211974335e1,4.115539551e0
val,298,O=CC1=CNCCOC1,5.259960651e0,1.405457020e0,1.914519310e0,1.276346207e0,6.665417671e0,-1.578562260e-1
val,299,CC1(O)CC=CC1C=O,5.752487183e0,8.769717813e-1,1.914519310e0,1.276346207e0,6.629458904e0,-1.860294789e-1
val,300,CC1OC(C#N)C1=O,6.024600506e0,-1.937301993e0,1.914519310e0,1.276346207e0,4.087298393e0,-2.177780390e0
val,301,CC(=O)OCC(C)=NO,7.042306423e0,8.327580690e-1,1.914519310e0,1.276346207e0,7.875064373e0,7.898867726e-1
val,302,[NH-]c1cc[nH+]c(N)c1F,5.017779827e0,-4.511341155e-1,1.914519310e0,1.276346207e0,4.566645622e0,-1.802217722e0
val,303,COC1C=CCC2OC12,7.224623203e0,1.853347063e0,1.914519310e0,1.276346207e0,9.077970505e0,1.732348561e0
val,304,COC1(C)C=CCC1=O,5.877659321e0,-1.414083093e-1,1.914519310e0,1.276346207e0,5.736250877e0,-8.858467340e-1
val,305,CN=C(C#N)N(C)C=O,5.485815525e0,-2.186569929e0,1.914519310e0,1.276346207e0,3.299245596e0,-2.795209646e0
val,306,C#CCCC(O)C#C,7.752523899e0,-1.602463126e0,1.914519310e0,1.276346207e0,6.150060654e0,-5.616319776e-1
val,307,C#CC1(O)CC=C(C)C1,7.137547016e0,-1.353204995e-1,1.914519310e0,1.276346207e0,7.002226353e0,1.060291380e-1
val,308,CCC1=CC2C(O)C2C1,6.348416328e0,1.997820020e0,1.914519310e0,1.276346207e0,8.346236229e0,1.159044027e0
val,309,O=C1OC2(CO)CC12,7.589255333e0,-1.299708366e0,1.914519310e0,1.276346207e0,6.289546967e0,-4.523462057e-1
val,310,OCC1=CCC(CO)C1,7.072239399e0,2.795524120e0,1.914519310e0,1.276346207e0,9.867763519e0,2.351141453e0
val,311,CC1C(=O)C2CC12,6.176984310e0,5.945092440e-1,1.914519310e0,1.276346207e0,6.771493435e0,-7.474720478e-2
val,312,CC1NC(CC#N)C1=O,5.888543606e0,3.337712049e0,1.914519310e0,1.276346207e0,9.226255417e0,1.848527908e0
val,313,CCOC1COCOC1,8.846421242e0,-3.190761566e0,1.914519310e0,1.276346207e0,5.655659676e0,-9.489889145e-1
val,314,CC(O)C1(C)OCCO1,8.767508507e0,1.147189498e0,1.914519310e0,1.276346207e0,9.914697647e0,2.387913704e0
val,315,CC12CC1C1C2N1C=O,6.307599545e0,1.223011136e0,1.914519310e0,1.276346207e0,7.530610561e0,5.200115442e-1
val,316,O=C1CC(O)C(O)CN1,7.262719154e0,2.348559856e0,1.914519310e0,1.276346207e0,9.611278534e0,2.150188684e0
val,317,CC1C(=O)C=CC1(C)O,5.208259583e0,-6.433740854e-1,1.914519310e0,1.276346207e0,4.564885616e0,-1.803596735e0
val,318,C[NH+]1CC2CC(=O)C21C,4.955193520e0,2.419366121e0,1.914519310e0,1.276346207e0,7.374559402e0,3.977473974e-1
val,319,C1CC1C12C[NH+]3C1CC32,8.557980537e0,-3.216355562e0,1.914519310e0,1.276346207e0,5.341625214e0,-1.195031047e0
val,320,CC1(C)OC2CCCC21,8.666826248e0,1.466814041e0,1.914519310e0,1.276346207e0,1.013364029e1,2.559452534e0
val,321,C[CH+]1C=NC([NH-])OC1F,4.582397461e0,-1.595863461e0,1.914519310e0,1.276346207e0,2.986534119e0,-3.040215254e0
val,322,C#CC12C(=O)OC1C2O,6.465425014e0,-2.237128735e0,1.914519310e0,1.276346207e0,4.228296280e0,-2.067310333e0
val,323,CC1C(O)CC2COC21,8.128041267e0,-1.002915621e0,1.914519310e0,1.276346207e0,7.125125885e0,2.023193836e-1
val,324,CC(C#N)(C#N)OC=O,7.096729279e0,2.811128378e0,1.914519310e0,1.276346207e0,9.907857895e0,2.382555008e0
val,325,CC(=NO)C(C)CC=O,6.209638119e0,1.308225155e0,1.914519310e0,1.276346207e0,7.517863274e0,5.100241899e-1
val,326,CC(O)C(C)C=O,6.239571095e0,1.411428213e0,1.914519310e0,1.276346207e0,7.650999069e0,6.143344045e-1
val,327,C#CC1C=CC2(C)CC12,6.718491554e0,-7.260980010e-1,1.914519310e0,1.276346207e0,5.992393494e0,-6.851622462e-1
val,328,O=C1C=CC2C3CC1C23,4.895328522e0,-2.425863266e0,1.914519310e0,1.276346207e0,2.469465256e0,-3.445332289e0
val,329,N#CC1CCOC([NH-])O1,7.134825230e0,-6.725797057e-1,1.914519310e0,1.276346207e0,6.462245464e0,-3.170391023e-1
val,330,CCC1(C#N)CC=CC1,7.200132847e0,1.289851069e-1,1.914519310e0,1.276346207e0,7.329117775e0,3.621444702e-1
val,331,Oc1coc(N2CC2)n1,5.951130390e0,1.354169607e0,1.914519310e0,1.276346207e0,7.305299759e0,3.434833288e-1
val,332,CCCC12CC3CC1[NH+]32,8.925334930e0,-1.804122329e0,1.914519310e0,1.276346207e0,7.121212482e0,1.992532760e-1
val,333,CC1=CCCC1=O,5.387854576e0,6.369084120e-1,1.914519310e0,1.276346207e0,6.024763107e0,-6.598010063e-1
val,334,OC1C2CC3C1[NH+]23,8.402875900e0,2.655445576e0,1.914519310e0,1.276346207e0,1.105832100e1,3.283928394e0
val,335,CC1=CCC(C=O)C1,6.021879673e0,1.017250299e0,1.914519310e0,1.276346207e0,7.039130211e0,1.349428445e-1
val,336,CC(=O)C1OCOC1C,5.907591820e0,4.307284653e-1,1.914519310e0,1.276346207e0,6.338320255e0,-4.141329527e-1
val,337,CC#CCC12CCC1O2,8.128041267e0,3.084726632e-1,1.914519310e0,1.276346207e0,8.436513901e0,1.229775429e0
val,338,ONC1C2CC3C(C2)C31,6.797404289e0,1.297965765e0,1.914519310e0,1.276346207e0,8.095370293e0,9.624936581e-1
val,339,CC1C2CC3(CN3)C1O2,8.479067802e0,-3.130642414e0,1.914519310e0,1.276346207e0,5.348425388e0,-1.189703107e0
val,340,OCC#CC1CC2OC12,7.450477123e0,3.307465553e0,1.914519310e0,1.276346207e0,1.075794220e1,3.048585415e0
val,341,CC12C(O)C[NH+]1CC2O,7.118498325e0,-1.488253951e0,1.914519310e0,1.276346207e0,5.630244255e0,-9.689015746e-1
val,342,CC1(O)COC(=O)C1=O,4.530695915e0,-7.454507351e-1,1.914519310e0,1.276346207e0,3.785245180e0,-2.414435148e0
val,343,CC#CC(O)(CC)CC,7.934839725e0,-1.093857408e0,1.914519310e0,1.276346207e0,6.840982437e0,-2.030344307e-2
val,344,CC1C(=O)CC2COC21,6.005552769e0,3.436487913e0,1.914519310e0,1.276346207e0,9.442040443e0,2.017592907e0
val,345,c1n[nH]c(C[NH+]2CC2)n1,7.279046059e0,-1.976902008e0,1.914519310e0,1.276346207e0,5.302144051e0,-1.225963950e0
val,346,CC1(C=O)CCC(=O)O1,5.997389793e0,-1.121905446e0,1.914519310e0,1.276346207e0,4.875484467e0,-1.560246348e0
val,347,CC12CC(NO)CC1N2,6.677673817e0,1.037961483e0,1.914519310e0,1.276346207e0,7.715635300e0,6.649760604e-1
val,348,CCC1=C(C)C2CC2C1,6.541617393e0,-1.727802455e-1,1.914519310e0,1.276346207e0,6.368837357e0,-3.902231753e-1
val,349,CC(=O)NC1CC=CC1,7.015095711e0,7.142537236e-1,1.914519310e0,1.276346207e0,7.729349613e0,6.757210493e-1
val,350,C#CCC(=O)C(=O)NC,4.835463047e0,6.209702492e-1,1.914519310e0,1.276346207e0,5.456433296e0,-1.105080247e0
val,351,CC1=CC2(CN2)C2NC12,6.108956337e0,1.271695137e0,1.914519310e0,1.276346207e0,7.380651474e0,4.025204778e-1
val,352,CC1C2CC3(C)C1[NH+]23,8.909008026e0,-1.272224784e-1,1.914519310e0,1.276346207e0,8.781785965e0,1.500291705e0
val,353,CC#CC(C)C#CC=O,5.450440407e0,1.522999406e0,1.914519310e0,1.276346207e0,6.973439693e0,8.347515017e-2
val,354,CC1(C#CC2CC2)CC1,7.567486763e0,3.526262999e0,1.914519310e0,1.276346207e0,1.109375000e1,3.311686516e0
val,355,C[CH+]1C([NH-])N=NOC1N,3.719796658e0,-6.654970050e-1,1.914519310e0,1.276346207e0,3.054299593e0,-2.987121820e0
val,356,C1C([NH+]2CC2)C1[NH+]1CC1,8.465462685e0,4.600357413e-1,1.914519310e0,1.276346207e0,8.925498009e0,1.612888336e0
val,357,[H]N=CN(C)c1cnon1,5.170163155e0,-6.573904157e-1,1.914519310e0,1.276346207e0,4.512772560e0,-1.844426632e0
val,358,CC1C=CC2(O)CC12,6.685837746e0,5.298747420e-1,1.914519310e0,1.276346207e0,7.215712547e0,2.732928991e-1
val,359,COC(=O)c1cnon1,6.174263477e0,-2.103028774e0,1.914519310e0,1.276346207e0,4.071234703e0,-2.190366030e0
val,360,O=C1CC2C1C21CCC1,6.234128475e0,1.396335512e-1,1.914519310e0,1.276346207e0,6.373762131e0,-3.863646686e-1
val,361,C#CCC(C)(CO)CO,8.089944839e0,-8.600245118e-1,1.914519310e0,1.276346207e0,7.229920387e0,2.844245434e-1
val,362,C1C2C3OC2C2OC3C12,7.227344036e0,-2.782804012e0,1.914519310e0,1.276346207e0,4.444540024e0,-1.897885919e0
val,363,CCC1(C)OCC(C)O1,8.990641594e0,-1.136020303e0,1.914519310e0,1.276346207e0,7.854621410e0,7.738699317e-1
val,364,C#CC1C=CC(=O)C1O,5.178326607e0,1.439513326e0,1.914519310e0,1.276346207e0,6.617839813e0,-1.951328814e-1
val,365,CCOCCC(=O)C=O,4.283071995e0,2.522859097e0,1.914519310e0,1.276346207e0,6.805931091e0,-4.776573181e-2
val,366,CC12CCNC(=O)C1C2,7.186526775e0,-9.126063585e-1,1.914519310e0,1.276346207e0,6.273920536e0,-4.645893276e-1
val,367,CC1C[NH+]2C(C#N)CC12,6.821894169e0,2.101606607e0,1.914519310e0,1.276346207e0,8.923501015e0,1.611323714e0
val,368,CC1=CCC2C1C2(C)O,6.479031086e0,1.258741736e0,1.914519310e0,1.276346207e0,7.737772942e0,6.823206544e-1
val,369,O=C1CC=CC=CC1O,5.491257668e0,-3.605175495e0,1.914519310e0,1.276346207e0,1.886082172e0,-3.902405500e0
val,370,CC(C)C1=CCC2CC12,6.715770245e0,1.636516005e-1,1.914519310e0,1.276346207e0,6.879421711e0,9.813244455e-3
val,371,C1#CCC=CC=CC=C1,3.904833794e0,-2.568345547e0,1.914519310e0,1.276346207e0,1.336488247e0,-4.333005428e0
val,372,O=C1NCC2(CC2O)N1,7.970214844e0,-2.361925602e0,1.914519310e0,1.276346207e0,5.608289242e0,-9.861030579e-1
val,373,C1=CC2C=CC(C1)O2,6.323925972e0,1.596234322e0,1.914519310e0,1.276346207e0,7.920160294e0,8.252188563e-1
val,374,N#CC12C3OC4C3C1C42,7.665446758e0,7.347809315e0,1.914519310e0,1.276346207e0,1.501325607e1,6.382570267e0
val,375,CC12CC1C1(CCC1)C2,8.993363380e0,6.084627509e-1,1.914519310e0,1.276346207e0,9.601825714e0,2.142782688e0
val,376,CC1(C)C(=O)C2(C)CC12,6.108956337e0,9.584240317e-1,1.914519310e0,1.276346207e0,7.067380428e0,1.570765376e-1
val,377,C#CCCC(=O)C(C)=O,4.261302948e0,3.111063719e0,1.914519310e0,1.276346207e0,7.372366905e0,3.960296214e-1
val,378,OCC#CC1OCCO1,7.436871529e0,5.280957699e0,1.914519310e0,1.276346207e0,1.271782875e1,4.584131718e0
val,379,CC12OCC1OC2C=O,5.842284679e0,1.145588756e0,1.914519310e0,1.276346207e0,6.987873554e0,9.478390217e-2
val,380,O=C1CC2(C3CO3)OC12,5.847726822e0,-7.651159763e-1,1.914519310e0,1.276346207e0,5.082611084e0,-1.397965312e0
val,381,OC12CC(C1)C1CC2O1,8.596076965e0,-3.916573524e0,1.914519310e0,1.276346207e0,4.679503441e0,-1.713795066e0
val,382,CC1(C)CC(N)C(=O)O1,6.895365238e0,-1.329824179e-1,1.914519310e0,1.276346207e0,6.762382984e0,-8.188512921e-2
val,383,CC(=O)NCC(N)C#N,6.794682980e0,1.906676054e0,1.914519310e0,1.276346207e0,8.701358795e0,1.437278032e0
val,384,Cn1cc(O)n(C)c1=O,6.220522881e0,3.183117390e0,1.914519310e0,1.276346207e0,9.403640747e0,1.987507105e0
val,385,O=C1OC2C(O)CCC12,7.597418785e0,8.788228035e-1,1.914519310e0,1.276346207e0,8.476242065e0,1.260901928e0
val,386,C1CC2COC(C1)C2,8.593356133e0,-1.640091181e0,1.914519310e0,1.276346207e0,6.953265190e0,6.766868383e-2
val,387,C#CC12NC1C1C(O)C12,7.398775578e0,-6.783306599e-1,1.914519310e0,1.276346207e0,6.720444679e0,-1.147432625e-1
val,388,O=C1CCC2CC1O2,5.706227779e0,-2.484426498e-1,1.914519310e0,1.276346207e0,5.457785130e0,-1.104021192e0
val,389,C1CC1c1nnon1,5.962014675e0,-2.281284332e0,1.914519310e0,1.276346207e0,3.680730343e0,-2.496321201e0
val,390,CC1C=C(CO)C(C)O1,6.811009407e0,-5.582346439e0,1.914519310e0,1.276346207e0,1.228662968e0,-4.417485237e0
val,391,OCCC1COCO1,9.066833496e0,3.519051552e0,1.914519310e0,1.276346207e0,1.258588505e1,4.480755329e0
val,392,CC1C2CC3(C=O)C1[NH+]23,5.932082176e0,2.678184986e0,1.914519310e0,1.276346207e0,8.610267639e0,1.365909338e0
val,393,Cn1nnc(C2CC2)n1,6.476309776e0,-3.307446465e-2,1.914519310e0,1.276346207e0,6.443235397e0,-3.319332600e-1
val,394,C#CCC1=CCOC1C,6.590597630e0,-7.300283909e-1,1.914519310e0,1.276346207e0,5.860569000e0,-7.884450555e-1
val,395,OCCC1C2[NH2+][CH+]OC12,6.966114998e0,-9.561015368e-1,1.914519310e0,1.276346207e0,6.010013580e0,-6.713570952e-1
val,396,CC1(C)CC2OC21C,8.857306480e0,4.454638481e0,1.914519310e0,1.276346207e0,1.331194496e1,5.049614429e0
val,397,N#CC1[NH2+]C2CC3C1[NH+]23,5.281730175e0,1.743537545e0,1.914519310e0,1.276346207e0,7.025267601e0,1.240816638e-1
val,398,O=C1CC(O)C2OCC12,5.869495869e0,-2.210975170e0,1.914519310e0,1.276346207e0,3.658520699e0,-2.513722181e0
val,399,CC12CC3CC1C1C3[NH+]12,8.713085175e0,2.505868375e-1,1.914519310e0,1.276346207e0,8.963671684e0,1.642796874e0
val,400,[CH-]1C2CCC34C[NH+](C13)C24,3.961977959e0,1.130003016e-2,1.914519310e0,1.276346207e0,3.973278046e0,-2.267113686e0
val,401,N#CC1=NCCOCO1,5.953851223e0,8.690139651e-1,1.914519310e0,1.276346207e0,6.822865009e0,-3.449822217e-2
val,402,CCC(=NO)C(C)=NO,5.319826126e0,-5.243100524e-1,1.914519310e0,1.276346207e0,4.795516014e0,-1.622900724e0
val,403,O=C1NC2CC3C2N13,7.257276535e0,3.087565660e0,1.914519310e0,1.276346207e0,1.034484196e1,2.724926472e0
val,404,CC#CC1NCC1=O,5.651804924e0,5.106888413e-1,1.914519310e0,1.276346207e0,6.162493706e0,-5.518908501e-1
val,405,OC1C=CC(O)C1O,6.808288574e0,1.097804427e0,1.914519310e0,1.276346207e0,7.906093121e0,8.141974211e-1
val,406,[NH-]C1OC2C3OC2C13O,6.827336788e0,-1.181382656e0,1.914519310e0,1.276346207e0,5.645954132e0,-9.565930963e-1
val,407,O=C1NCC(CO)C1=O,4.598724365e0,1.525577784e0,1.914519310e0,1.276346207e0,6.124301910e0,-5.818136334e-1
val,408,CC(=O)C1CC2OC21,6.084465981e0,1.783649802e0,1.914519310e0,1.276346207e0,7.868115902e0,7.844427228e-1
val,409,CCC12OC1CC2OC,8.688595772e0,1.220233589e-1,1.914519310e0,1.276346207e0,8.810619354e0,1.522882342e0
val,410,C#CC(C)(CC)CCO,8.634172440e0,-1.033293843e0,1.914519310e0,1.276346207e0,7.600878716e0,5.750657320e-1
val,411,CC#CC1=CCOC1,5.556564808e0,5.764734745e0,1.914519310e0,1.276346207e0,1.132129955e1,3.489968777e0
val,412,CCC#CC1CC=CC1,7.181085110e0,1.562919378e0,1.914519310e0,1.276346207e0,8.744004250e0,1.470690250e0
val,413,CC1C(=O)CN1C(N)=O,5.899428368e0,9.544576406e-1,1.914519310e0,1.276346207e0,6.853886127e0,-1.019356493e-2
val,414,CC1C(C=O)C2(C)OC12,5.785140514e0,-1.149907112e0,1.914519310e0,1.276346207e0,4.635233402e0,-1.748480082e0
val,415,C#CC1(C)C2C=CCC21,6.269503117e0,9.208811522e-1,1.914519310e0,1.276346207e0,7.190384388e0,2.534486055e-1
val,416,N#CC12NCC1OC2=O,6.296714783e0,3.666747808e-1,1.914519310e0,1.276346207e0,6.663389683e0,-1.594451368e-1
val,417,C#CC1C[NH+]1CC1CN1,7.115777493e0,-1.849360824e0,1.914519310e0,1.276346207e0,5.266416550e0,-1.253956079e0
val,418,O=C1OC2CCCC1O2,7.273603439e0,7.370883822e-1,1.914519310e0,1.276346207e0,8.010691643e0,8.961490393e-1
val,419,CCC1OC2CC1CO2,9.053228378e0,-6.144754887e0,1.914519310e0,1.276346207e0,2.908473492e0,-3.101374865e0
val,420,CC1C=C(C=O)C(O)C1,5.132067680e0,3.011445105e-1,1.914519310e0,1.276346207e0,5.433212280e0,-1.123273730e0
val,421,CCC12CC1(O)CC2=O,6.198753357e0,-1.447756961e-2,1.914519310e0,1.276346207e0,6.184275627e0,-5.348249674e-1
val,422,CC12CC3C(C1)C3C2O,8.797441483e0,-1.675171614e0,1.914519310e0,1.276346207e0,7.122269630e0,2.000815421e-1
val,423,C#CC1C=CC(C#N)O1,6.990605354e0,2.999816537e-1,1.914519310e0,1.276346207e0,7.290586948e0,3.319560289e-1
val,424,CC12NC1CC21CN1,7.989262581e0,8.578701973e0,1.914519310e0,1.276346207e0,1.656796455e1,7.600664616e0
val,425,C[NH2+][CH+]OC(C)CCO,7.412381172e0,2.324076593e-1,1.914519310e0,1.276346207e0,7.644788742e0,6.094686985e-1
val,426,OC1CCCC2OC12,9.246428490e0,-8.853577375e-1,1.914519310e0,1.276346207e0,8.361070633e0,1.170666575e0
val,427,O=COC1CCC(=O)O1,7.436871529e0,-6.581436098e-2,1.914519310e0,1.276346207e0,7.371057034e0,3.950033486e-1
val,428,N#CC1(C#N)NCC1=O,5.899428368e0,2.344037771e0,1.914519310e0,1.276346207e0,8.243466377e0,1.078525066e0
val,429,N#CC12NC1C1CC12N,6.413723469e0,2.931416333e-1,1.914519310e0,1.276346207e0,6.706865311e0,-1.253825277e-1
val,430,NC1=CC(=O)C(C=O)C1,5.455882549e0,-2.530246258e0,1.914519310e0,1.276346207e0,2.925636292e0,-3.087928057e0
val,431,CC12NC3[NH2+]CC1C32O,4.391917706e0,-2.237139702e0,1.914519310e0,1.276346207e0,2.154778004e0,-3.691885710e0
val,432,C#CC12CC(C)=CC1C2,6.538896084e0,5.552996159e0,1.914519310e0,1.276346207e0,1.209189224e1,4.093718529e0
val,433,CC1(O)COC([NH-])OC1,8.002868652e0,2.863764465e-1,1.914519310e0,1.276346207e0,8.289244652e0,1.114391804e0
val,434,C#CC1C(C)C2OC12,7.932118893e0,2.887448072e-1,1.914519310e0,1.276346207e0,8.220863342e0,1.060815930e0
val,435,CC1(C)C(=O)C2CC1C2,6.106235027e0,2.021471739e0,1.914519310e0,1.276346207e0,8.127706528e0,9.878287315e-1
val,436,[NH-]C1COC(=O)CCO1,7.249113560e0,6.466233730e-1,1.914519310e0,1.276346207e0,7.895736694e0,8.060832620e-1
val,437,CC12CCC(C1)OCO2,8.955266953e0,-7.051238418e-1,1.914519310e0,1.276346207e0,8.250143051e0,1.083756208e0
val,438,[NH-]C1N[CH+][NH2+]C12CC2O,5.630035877e0,-3.274962306e-1,1.914519310e0,1.276346207e0,5.302539825e0,-1.225653887e0
val,439,CC1(C)C2C3NC3C21,7.434150696e0,-2.952777863e0,1.914519310e0,1.276346207e0,4.481372833e0,-1.869027972e0
val,440,CC(O)COCCC=O,6.206917286e0,-9.329195321e-2,1.914519310e0,1.276346207e0,6.113625526e0,-5.901784301e-1
val,441,CCC12NC1CCC2O,8.185184479e0,7.078651786e-1,1.914519310e0,1.276346207e0,8.893049240e0,1.587465167e0
val,442,CCC12CC1CC(=O)O2,7.570207596e0,1.242248058e0,1.914519310e0,1.276346207e0,8.812456131e0,1.524321437e0
val,443,N#CC1C(O)CC2OC21,8.462740898e0,1.022130013e0,1.914519310e0,1.276346207e0,9.484870911e0,2.051149845e0
val,444,O=CC1C2C=CCC12O,5.692621708e0,6.359404922e-1,1.914519310e0,1.276346207e0,6.328562260e0,-4.217782021e-1
val,445,O=C1C=CCOCCO1,5.159278870e0,1.737116098e0,1.914519310e0,1.276346207e0,6.896394730e0,2.311139181e-2
val,446,Oc1n[nH]cc1C1CN1,6.337531567e0,2.932841063e0,1.914519310e0,1.276346207e0,9.270372391e0,1.883092999e0
val,447,COC(C)c1cnon1,6.304878235e0,2.406847239e0,1.914519310e0,1.276346207e0,8.711725235e0,1.445400000e0
val,448,CC1(O)CC2(CO)OC12,8.884517670e0,1.181188077e-1,1.914519310e0,1.276346207e0,9.002636909e0,1.673325658e0
val,449,CCC1C2CC3(C)C1[NH+]23,8.756624222e0,-2.667093873e-1,1.914519310e0,1.276346207e0,8.489914894e0,1.271614432e0
val,450,COC1CC(O)C2OC12,8.938940048e0,5.920636002e-3,1.914519310e0,1.276346207e0,8.944860458e0,1.628058553e0
val,451,C#Cc1nonc1CO,5.817794323e0,2.302966356e0,1.914519310e0,1.276346207e0,8.120760918e0,9.823868871e-1
val,452,COCC1=C(C)CCC1,6.824615955e0,2.884096503e-1,1.914519310e0,1.276346207e0,7.113025665e0,1.928390115e-1
val,453,CCC(=NO)C(C)(C)O,6.938903332e0,-1.791827679e-1,1.914519310e0,1.276346207e0,6.759720802e0,-8.397091180e-2
val,454,CC1CNC(=O)CC1C,7.303536415e0,-4.631545067e0,1.914519310e0,1.276346207e0,2.671991348e0,-3.286655664e0
val,455,O=Cn1cnoc1=O,5.981062412e0,-1.195273042e0,1.914519310e0,1.276346207e0,4.785789490e0,-1.630521297e0
val,456,O=CC12COC1C1C[NH+]12,5.499421120e0,8.366079330e-1,1.914519310e0,1.276346207e0,6.336029053e0,-4.159280658e-1
val,457,C1=CC2C3C=CC2C1C3,6.264060974e0,-3.077454269e-1,1.914519310e0,1.276346207e0,5.956315517e0,-7.134288549e-1
val,458,N#CC1C=CC(=O)C1,5.219143867e0,-6.001539826e-1,1.914519310e0,1.276346207e0,4.618989944e0,-1.761206627e0
val,459,C#CC1CCC(=O)O1,7.532111645e0,-1.408246875e0,1.914519310e0,1.276346207e0,6.123864651e0,-5.821562409e-1
val,460,CC#CC(CC)NC=O,7.344352722e0,-9.801234603e-1,1.914519310e0,1.276346207e0,6.364229202e0,-3.938336074e-1
val,461,CC12CCCC1(C=O)N2,5.962014675e0,6.396761537e-1,1.914519310e0,1.276346207e0,6.601690769e0,-2.077854574e-1
val,462,N#CC(O)C(CO)CO,7.613745689e0,-6.170687824e-2,1.914519310e0,1.276346207e0,7.552038670e0,5.368002057e-1
val,463,CC1C=CC(=O)C1O,5.265403271e0,3.098833561e0,1.914519310e0,1.276346207e0,8.364236832e0,1.173147202e0
val,464,COC1OCC=C1C,7.104892731e0,-2.100561978e-3,1.914519310e0,1.276346207e0,7.102792263e0,1.848212630e-1
val,465,C1OC2CC1C2[NH+]1CC1,8.696758270e0,6.090211272e-1,1.914519310e0,1.276346207e0,9.305779457e0,1.910834074e0
val,466,CCC1CC=CC1(C)O,7.227344036e0,-4.350768566e0,1.914519310e0,1.276346207e0,2.876575470e0,-3.126366377e0
val,467,C1CCC2(CC1)CCO2,8.489952087e0,6.315547943e0,1.914519310e0,1.276346207e0,1.480550003e1,6.219796181e0
val,468,O=CC1CCC2COC12,6.010994911e0,3.085738420e0,1.914519310e0,1.276346207e0,9.096733093e0,1.747048855e0
val,469,c1occ2c1CC1CN21,6.299435616e0,-4.322162628e0,1.914519310e0,1.276346207e0,1.977272987e0,-3.830958605e0
val,470,CC1C2CC(=O)C1C2C,6.149773121e0,-3.305557489e0,1.914519310e0,1.276346207e0,2.844215631e0,-3.151720285e0
val,471,CC1OC1CC1OC1C,9.311736107e0,1.064260960e0,1.914519310e0,1.276346207e0,1.037599754e1,2.749336481e0
val,472,CCCOC(C)C(C)C,8.979757309e0,3.690580130e0,1.914519310e0,1.276346207e0,1.267033768e1,4.546923161e0
val,473,CC1C[NH+](C)CC([NH-])O1,6.824615955e0,-8.911604285e-1,1.914519310e0,1.276346207e0,5.933455467e0,-7.313393950e-1
val,474,O=CC1=CC(O)C(O)C1,5.200095654e0,-1.456975460e0,1.914519310e0,1.276346207e0,3.743120193e0,-2.447439671e0
val,475,CC1(O)C=CC2C(O)C21,6.375627518e0,5.090514660e0,1.914519310e0,1.276346207e0,1.146614265e1,3.603451490e0
val,476,N#Cc1cncc([NH-])[nH+]1,3.749728680e0,-3.527796507e0,1.914519310e0,1.276346207e0,2.219321728e-1,-5.206245899e0
val,477,CCC1(C)C(O)C2OC21,8.707643509e0,9.014183879e-1,1.914519310e0,1.276346207e0,9.609062195e0,2.148452282e0
val,478,CC1CC(O)C=C1C=O,5.178326607e0,-2.315952927e-1,1.914519310e0,1.276346207e0,4.946731091e0,-1.504425526e0
val,479,CC1=CCCC(=O)NC1,6.838221550e0,2.299297333e0,1.914519310e0,1.276346207e0,9.137518883e0,1.779003978e0
val,480,C1C2C3OC4C[NH+](C13)C42,8.013752937e0,8.768382668e-1,1.914519310e0,1.276346207e0,8.890591621e0,1.585539579e0
val,481,OC1C2CC2C12CCC2,8.642336845e0,-6.144195557e0,1.914519310e0,1.276346207e0,2.498141289e0,-3.422864914e0
val,482,C[NH+](CC#N)CCC#N,7.181085110e0,-1.179039478e0,1.914519310e0,1.276346207e0,6.002045631e0,-6.775999069e-1
val,483,CCC12CCCC1OC2,8.628729820e0,-1.193635941e0,1.914519310e0,1.276346207e0,7.435093880e0,4.451754093e-1
val,484,O=c1nc(CO)nn[nH]1,4.514369011e0,-1.487852812e0,1.914519310e0,1.276346207e0,3.026516199e0,-3.008889914e0
val,485,CC1C(O)C(C)C2NC12,8.506278992e0,-1.053413272e0,1.914519310e0,1.276346207e0,7.452865601e0,4.590993226e-1
val,486,C1=CC23CC2(C1)OCO3,6.525290489e0,-4.197805822e-1,1.914519310e0,1.276346207e0,6.105509758e0,-5.965370536e-1
val,487,CC1C(CC#N)C2OC12,8.296751022e0,-1.246926608e-3,1.914519310e0,1.276346207e0,8.295504570e0,1.119296312e0
val,488,C1OC1C1CCC2OC21,9.439629555e0,-1.553528666e0,1.914519310e0,1.276346207e0,7.886100769e0,7.985336185e-1
val,489,C#CCNc1[nH+]cco1,6.016437531e0,1.098122239e0,1.914519310e0,1.276346207e0,7.114559650e0,1.940408647e-1
val,490,O=C1CC2NC2C2OC12,5.858611107e0,-5.776661634e-1,1.914519310e0,1.276346207e0,5.280944824e0,-1.242573261e0
val,491,N#CC1=CCC(O)C1N,5.806910038e0,4.236007929e-1,1.914519310e0,1.276346207e0,6.230510712e0,-4.986003637e-1
val,492,C#CC(=O)CO[CH+][NH2+]C,4.802809238e0,-1.652374983e0,1.914519310e0,1.276346207e0,3.150434256e0,-2.911801577e0
val,493,OC12CC3COC(C1)C32,8.283145905e0,-6.063849926e-1,1.914519310e0,1.276346207e0,7.676760674e0,6.345183253e-1
val,494,CC1CC12OCCC2=O,5.804188728e0,-2.473913878e-1,1.914519310e0,1.276346207e0,5.556797504e0,-1.026446223e0
val,495,COC(=O)N1CC(=O)C1,5.983783722e0,1.148525953e0,1.914519310e0,1.276346207e0,7.132309914e0,2.079479694e-1
val,496,CC1(C=O)OCOC1[NH-],6.049090862e0,6.887638569e-2,1.914519310e0,1.276346207e0,6.117967129e0,-5.867768526e-1
val,497,CCC12OC1CC2C#N,7.989262581e0,1.053318501e0,1.914519310e0,1.276346207e0,9.042581558e0,1.704621792e0
val,498,Cc1cc(NO)cc[nH+]1,4.669473648e0,-3.097716570e-1,1.914519310e0,1.276346207e0,4.359702110e0,-1.964355350e0
val,499,CC12OC1CC2(O)CO,8.081781387e0,-2.244835943e-1,1.914519310e0,1.276346207e0,7.857297897e0,7.759669423e-1
test,0,CC1(C2CC2)CC=CC1,7.213738441e0,0.000000000e0,0.000000000e0,1.276346207e0,7.213738441e0,2.717461884e-1
test,1,CCC1(C2CO2)CN1,8.462740898e0,0.000000000e0,0.000000000e0,1.276346207e0,8.462740898e0,1.250323892e0
test,2,C[NH+]1C2C(O)C(NO)C21,6.283109188e0,0.000000000e0,0.000000000e0,1.276346207e0,6.283109188e0,-4.573901296e-1
test,3,CC1Oc2nc[nH]c2O1,5.627314568e0,0.000000000e0,0.000000000e0,1.276346207e0,5.627314568e0,-9.711969495e-1
test,4,CC(=O)N1CC1C1CO1,6.892644405e0,0.000000000e0,0.000000000e0,1.276346207e0,6.892644405e0,2.017305978e-2
test,5,CC(C)CCCCO,9.317178726e0,0.000000000e0,0.000000000e0,1.276346207e0,9.317178726e0,1.919765234e0
test,6,CC1=CC2C3OCC1C23,6.217801571e0,0.000000000e0,0.000000000e0,1.276346207e0,6.217801571e0,-5.085577965e-1
test,7,[NH-]C1=C(F)N=C(O)NO1,4.484436512e0,0.000000000e0,0.000000000e0,1.276346207e0,4.484436512e0,-1.866627574e0
test,8,C[NH+]1C2C(O)C(C=O)C21,5.249076366e0,0.000000000e0,0.000000000e0,1.276346207e0,5.249076366e0,-1.267541885e0
test,9,CC1(C)C2C3C[NH+]3C21C,7.662726402e0,0.000000000e0,0.000000000e0,1.276346207e0,7.662726402e0,6.235226393e-1
test,10,N#CC1(O)CC2(CO2)C1,7.638236046e0,0.000000000e0,0.000000000e0,1.276346207e0,7.638236046e0,6.043347120e-1
test,11,C1OC1C1OC1C1CO1,8.879075050e0,0.000000000e0,0.000000000e0,1.276346207e0,8.879075050e0,1.576516509e0
test,12,N#CCNC12CC(C1)C2,7.273603439e0,0.000000000e0,0.000000000e0,1.276346207e0,7.273603439e0,3.186496794e-1
test,13,CC(C)C1OC12CCC2,8.985198975e0,0.000000000e0,0.000000000e0,1.276346207e0,8.985198975e0,1.659663320e0
test,14,C1[NH+]2C3C4C5OC13C2C54,8.321241379e0,0.000000000e0,0.000000000e0,1.276346207e0,8.321241379e0,1.139460802e0
test,15,OCc1cc(F)ccn1,6.547059536e0,0.000000000e0,0.000000000e0,1.276346207e0,6.547059536e0,-2.505883574e-1
test,16,[NH-]C1=C(N)N=CNO1,4.873559475e0,0.000000000e0,0.000000000e0,1.276346207e0,4.873559475e0,-1.561754584e0
test,17,CC12CC(O1)C2O,9.055949211e0,0.000000000e0,0.000000000e0,1.276346207e0,9.055949211e0,1.715095162e0
test,18,CCC1C2C3CC3(C)[NH+]12,8.372943878e0,0.000000000e0,0.000000000e0,1.276346207e0,8.372943878e0,1.179969072e0
test,19,N#CC1C(N)C12COC2,7.159315586e0,0.000000000e0,0.000000000e0,1.276346207e0,7.159315586e0,2.291065753e-1
test,20,CCC1C2CC1(O)C2C,9.017853737e0,0.000000000e0,0.000000000e0,1.276346207e0,9.017853737e0,1.685247898e0
test,21,CC1C=CC=CC([NH-])O1,4.680358410e0,0.000000000e0,0.000000000e0,1.276346207e0,4.680358410e0,-1.713125229e0
test,22,COc1n[nH]nc1N,5.798746109e0,0.000000000e0,0.000000000e0,1.276346207e0,5.798746109e0,-8.368825316e-1
test,23,CC12OC(C1O)C2C=O,5.665410519e0,0.000000000e0,0.000000000e0,1.276346207e0,5.665410519e0,-9.413492680e-1
test,24,CNc1ncccc1N,5.221864700e0,0.000000000e0,0.000000000e0,1.276346207e0,5.221864700e0,-1.288861871e0
test,25,Cc1nccncc1=O,4.299399376e0,0.000000000e0,0.000000000e0,1.276346207e0,4.299399376e0,-2.011601925e0
test,26,CC(C)C1CCOCC1,8.879075050e0,0.000000000e0,0.000000000e0,1.276346207e0,8.879075050e0,1.576516509e0
test,27,OC12CC1CC21COC1,8.182463646e0,0.000000000e0,0.000000000e0,1.276346207e0,8.182463646e0,1.030730247e0
test,28,C1CC2(COC2)C2OC12,8.707643509e0,0.000000000e0,0.000000000e0,1.276346207e0,8.707643509e0,1.442202091e0
test,29,OC12COC1C2C1CC1,8.125319481e0,0.000000000e0,0.000000000e0,1.276346207e0,8.125319481e0,9.859585166e-1
test,30,CCC12CC3(C)C(O1)C23,8.152531624e0,0.000000000e0,0.000000000e0,1.276346207e0,8.152531624e0,1.007278919e0
test,31,C#CC1OC1(C)C1CN1,7.036864281e0,0.000000000e0,0.000000000e0,1.276346207e0,7.036864281e0,1.331675202e-1
test,32,ONC1C2CC1O[CH+][NH2+]2,6.506242275e0,0.000000000e0,0.000000000e0,1.276346207e0,6.506242275e0,-2.825681567e-1
test,33,CC1C2OC3C2C13C#N,7.257276535e0,0.000000000e0,0.000000000e0,1.276346207e0,7.257276535e0,3.058577478e-1
test,34,[H]N=C(N(C)C)C(F)(F)F,6.386512280e0,0.000000000e0,0.000000000e0,1.276346207e0,6.386512280e0,-3.763751090e-1
test,35,COC12C=CCOC1C2,6.615087986e0,0.000000000e0,0.000000000e0,1.276346207e0,6.615087986e0,-1.972889006e-1
test,36,CC1OCCCCC1=O,5.828679085e0,0.000000000e0,0.000000000e0,1.276346207e0,5.828679085e0,-8.134304285e-1
test,37,C1=CC2(CCC1)COC2,7.069517612e0,0.000000000e0,0.000000000e0,1.276346207e0,7.069517612e0,1.587509960e-1
test,38,C#CC(C)(C)COC=O,7.556602001e0,0.000000000e0,0.000000000e0,1.276346207e0,7.556602001e0,5.403754711e-1
test,39,O=CNC1CC12COC2,7.045027256e0,0.000000000e0,0.000000000e0,1.276346207e0,7.045027256e0,1.395631135e-1
test,40,CC1=CCC=CC2NC12,6.255897522e0,0.000000000e0,0.000000000e0,1.276346207e0,6.255897522e0,-4.787101150e-1
test,41,CCC(=O)CCOC,6.402839184e0,0.000000000e0,0.000000000e0,1.276346207e0,6.402839184e0,-3.635831773e-1
test,42,Nc1c(F)ccnc1F,5.638199329e0,0.000000000e0,0.000000000e0,1.276346207e0,5.638199329e0,-9.626688957e-1
test,43,Cc1nnc2occn12,6.013716221e0,0.000000000e0,0.000000000e0,1.276346207e0,6.013716221e0,-6.684561372e-1
test,44,[NH-]C1=C(F)C=NNO1,4.620493412e0,0.000000000e0,0.000000000e0,1.276346207e0,4.620493412e0,-1.760028720e0
test,45,OC12CC1CC2C1CC1,8.261377335e0,0.000000000e0,0.000000000e0,1.276346207e0,8.261377335e0,1.092558146e0
test,46,OCC1(O)CCOCC1,8.051848412e0,0.000000000e0,0.000000000e0,1.276346207e0,8.051848412e0,9.283948541e-1
test,47,CC(=O)C12C3CC1C2O3,5.899428368e0,0.000000000e0,0.000000000e0,1.276346207e0,5.899428368e0,-7.579992414e-1
test,48,Cc1cncc(F)c1F,6.345695019e0,0.000000000e0,0.000000000e0,1.276346207e0,6.345695019e0,-4.083549082e-1
test,49,CCC12CCC(N1)C2=O,6.196032524e0,0.000000000e0,0.000000000e0,1.276346207e0,6.196032524e0,-5.256136060e-1
test,50,N#CC1OCOCC1=O,5.464046478e0,0.000000000e0,0.000000000e0,1.276346207e0,5.464046478e0,-1.099115491e0
test,51,c1cncc(C2CN2)c1,6.010994911e0,0.000000000e0,0.000000000e0,1.276346207e0,6.010994911e0,-6.705882549e-1
test,52,CC1(C2(C)CC2)CC1,8.884517670e0,0.000000000e0,0.000000000e0,1.276346207e0,8.884517670e0,1.580780745e0
test,53,O=C1CC2CC(=O)C2N1,5.436834812e0,0.000000000e0,0.000000000e0,1.276346207e0,5.436834812e0,-1.120435476e0
test,54,CC1C2CC(C2=O)[NH+]1C,5.447719574e0,0.000000000e0,0.000000000e0,1.276346207e0,5.447719574e0,-1.111907363e0
test,55,CC1C2C3CC(C[NH+]12)O3,7.823273182e0,0.000000000e0,0.000000000e0,1.276346207e0,7.823273182e0,7.493090034e-1
test,56,OCCCc1cn[nH]n1,7.017816544e0,0.000000000e0,0.000000000e0,1.276346207e0,7.017816544e0,1.182438582e-1
test,57,OC1(C2CC2)COC1,8.506278992e0,0.000000000e0,0.000000000e0,1.276346207e0,8.506278992e0,1.284435511e0
test,58,CC1C=CCC1C1CC1,7.175642490e0,0.000000000e0,0.000000000e0,1.276346207e0,7.175642490e0,2.418985069e-1
test,59,O=C1NCC12COC2,7.363400936e0,0.000000000e0,0.000000000e0,1.276346207e0,7.363400936e0,3.890048862e-1
test,60,CC1CC(C)C(O)CO1,8.743018150e0,0.000000000e0,0.000000000e0,1.276346207e0,8.743018150e0,1.469917655e0
test,61,CNC(C#N)C#CC#N,5.722554207e0,0.000000000e0,0.000000000e0,1.276346207e0,5.722554207e0,-8.965778947e-1
test,62,NC=Nc1n[nH]nc1O,5.020500660e0,0.000000000e0,0.000000000e0,1.276346207e0,5.020500660e0,-1.446628094e0
test,63,CCC1=CCN=COC1,6.272224426e0,0.000000000e0,0.000000000e0,1.276346207e0,6.272224426e0,-4.659182131e-1
test,64,O=C1C2CC1C21CC1O,6.870874882e0,0.000000000e0,0.000000000e0,1.276346207e0,6.870874882e0,3.116910812e-3
test,65,CC1(O)CCCC(O)C1,8.653220177e0,0.000000000e0,0.000000000e0,1.276346207e0,8.653220177e0,1.399562001e0
test,66,CC1C2C1[NH+]1C2C1(C)C,7.445035458e0,0.000000000e0,0.000000000e0,1.276346207e0,7.445035458e0,4.529645145e-1
test,67,C1OC2C3C4C[NH+](C13)C42,8.511721611e0,0.000000000e0,0.000000000e0,1.276346207e0,8.511721611e0,1.288699746e0
test,68,C#CC1(C2CO2)CO1,7.660005569e0,0.000000000e0,0.000000000e0,1.276346207e0,7.660005569e0,6.213908792e-1
test,69,CC1(c2ncn[nH]2)CN1,7.058633804e0,0.000000000e0,0.000000000e0,1.276346207e0,7.058633804e0,1.502236724e-1
test,70,C1C2CC3(COC3)C12,8.596076965e0,0.000000000e0,0.000000000e0,1.276346207e0,8.596076965e0,1.354791045e0
test,71,O=CC1C2C=CC3C2[NH+]13,5.496700287e0,0.000000000e0,0.000000000e0,1.276346207e0,5.496700287e0,-1.073531628e0
test,72,CC1=CCN=COC1,6.334810734e0,0.000000000e0,0.000000000e0,1.276346207e0,6.334810734e0,-4.168826044e-1
test,73,O=Cc1ncnnn1,3.945650816e0,0.000000000e0,0.000000000e0,1.276346207e0,3.945650816e0,-2.288759470e0
test,74,C#CC12NC3C(=O)C1C32,5.932082176e0,0.000000000e0,0.000000000e0,1.276346207e0,5.932082176e0,-7.324153781e-1
test,75,C[NH+]1CCN(C=O)CC1,6.938903332e0,0.000000000e0,0.000000000e0,1.276346207e0,6.938903332e0,5.641634762e-2
test,76,CC12CC3C4C1C[NH+]4C32,8.163415909e0,0.000000000e0,0.000000000e0,1.276346207e0,8.163415909e0,1.015806556e0
test,77,CC(C)c1nccnn1,4.440898418e0,0.000000000e0,0.000000000e0,1.276346207e0,4.440898418e0,-1.900739074e0
test,78,C#CC(C)(OC)C(C)C,8.114435196e0,0.000000000e0,0.000000000e0,1.276346207e0,8.114435196e0,9.774307609e-1
test,79,OCC1C(O)C12COC2,7.932118893e0,0.000000000e0,0.000000000e0,1.276346207e0,7.932118893e0,8.345882297e-1
test,80,COC1CC2(CO2)C1O,8.438250542e0,0.000000000e0,0.000000000e0,1.276346207e0,8.438250542e0,1.231136084e0
test,81,C#CCC(=O)NC(C)=O,6.084465981e0,0.000000000e0,0.000000000e0,1.276346207e0,6.084465981e0,-6.130245924e-1
test,82,CCCC1CC12COC2,8.470904350e0,0.000000000e0,0.000000000e0,1.276346207e0,8.470904350e0,1.256719947e0
test,83,O=CCC(CO)CC=O,5.657247066e0,0.000000000e0,0.000000000e0,1.276346207e0,5.657247066e0,-9.477452040e-1
test,84,CCOC(C)CO,9.088603020e0,0.000000000e0,0.000000000e0,1.276346207e0,9.088603020e0,1.740679026e0
test,85,O=CNC1C2CC1C2,7.521226883e0,0.000000000e0,0.000000000e0,1.276346207e0,7.521226883e0,5.126595497e-1
test,86,CC(C)([NH3+])CC(=O)[O-],3.997352600e0,0.000000000e0,0.000000000e0,1.276346207e0,3.997352600e0,-2.248251677e0
test,87,CCC(=O)C(C)CO,6.274945736e0,0.000000000e0,0.000000000e0,1.276346207e0,6.274945736e0,-4.637860954e-1
test,88,OC12C=CCC3C(C1)C32,6.968835831e0,0.000000000e0,0.000000000e0,1.276346207e0,6.968835831e0,7.986808568e-2
test,89,NC(=O)C1(O)C2CC1C2,6.930739880e0,0.000000000e0,0.000000000e0,1.276346207e0,6.930739880e0,5.002038553e-2
test,90,C1=CC23C=CC1[NH+]2CC3,5.194653511e0,0.000000000e0,0.000000000e0,1.276346207e0,5.194653511e0,-1.310181499e0
test,91,O=COC12CC(C1)C2,7.591977119e0,0.000000000e0,0.000000000e0,1.276346207e0,7.591977119e0,5.680914521e-1
test,92,CNC1=CC=CC(F)O1,4.566070557e0,0.000000000e0,0.000000000e0,1.276346207e0,4.566070557e0,-1.802668333e0
test,93,CCC1C2OC3C1C23,8.272260666e0,0.000000000e0,0.000000000e0,1.276346207e0,8.272260666e0,1.101085067e0
test,94,C#CC1OC1C1OC1C,7.548438072e0,0.000000000e0,0.000000000e0,1.276346207e0,7.548438072e0,5.339791775e-1
test,95,O=CN1C2CC1C21CC1,6.775634766e0,0.000000000e0,0.000000000e0,1.276346207e0,6.775634766e0,-7.150252163e-2
test,96,CC1COCC(C)C1C,8.492672920e0,0.000000000e0,0.000000000e0,1.276346207e0,8.492672920e0,1.273775339e0
test,97,COC1C2C(C)C1C2O,8.653220177e0,0.000000000e0,0.000000000e0,1.276346207e0,8.653220177e0,1.399562001e0
test,98,CCC#CCCC(C)=O,6.117119789e0,0.000000000e0,0.000000000e0,1.276346207e0,6.117119789e0,-5.874407291e-1
test,99,CNC(=O)OCCC=O,6.193311214e0,0.000000000e0,0.000000000e0,1.276346207e0,6.193311214e0,-5.277457237e-1
test,100,Cc1cc[nH]c1C1CC1,6.307599545e0,0.000000000e0,0.000000000e0,1.276346207e0,6.307599545e0,-4.382022321e-1
test,101,N#CCOC([NH-])CCO,7.279046059e0,0.000000000e0,0.000000000e0,1.276346207e0,7.279046059e0,3.229138851e-1
test,102,O=C1CC2NC2CCN1,7.279046059e0,0.000000000e0,0.000000000e0,1.276346207e0,7.279046059e0,3.229138851e-1
test,103,CC1NCC2NC12C#N,6.625972271e0,0.000000000e0,0.000000000e0,1.276346207e0,6.625972271e0,-1.887612045e-1
test,104,OC1CC2(C3CC3)NC12,8.236886978e0,0.000000000e0,0.000000000e0,1.276346207e0,8.236886978e0,1.073370218e0
test,105,CC12CCC1[NH+]2CC=O,6.065417767e0,0.000000000e0,0.000000000e0,1.276346207e0,6.065417767e0,-6.279486418e-1
test,106,COc1ccc(F)nc1,5.425950050e0,0.000000000e0,0.000000000e0,1.276346207e0,5.425950050e0,-1.128963590e0
test,107,CC12CC(=O)C3CC1C32,6.089908123e0,0.000000000e0,0.000000000e0,1.276346207e0,6.089908123e0,-6.087607145e-1
test,108,O=C1C=CC2C3OC3C12,5.053154469e0,0.000000000e0,0.000000000e0,1.276346207e0,5.053154469e0,-1.421044230e0
test,109,C#CC(O)(C=O)CO,5.540238380e0,0.000000000e0,0.000000000e0,1.276346207e0,5.540238380e0,-1.039420009e0
test,110,CC1=CC(C)CNC1=O,5.779698372e0,0.000000000e0,0.000000000e0,1.276346207e0,5.779698372e0,-8.518061638e-1
test,111,CC1(CO)CCC12CO2,8.821931839e0,0.000000000e0,0.000000000e0,1.276346207e0,8.821931839e0,1.531745553e0
test,112,CCC12C[NH+]1C1CC12,7.945724487e0,0.000000000e0,0.000000000e0,1.276346207e0,7.945724487e0,8.452480435e-1
test,113,O=C1C=CCCN1,5.657247066e0,0.000000000e0,0.000000000e0,1.276346207e0,5.657247066e0,-9.477452040e-1
test,114,CC1=NC(=O)OC([NH-])O1,6.136167526e0,0.000000000e0,0.000000000e0,1.276346207e0,6.136167526e0,-5.725170970e-1
test,115,O=C1NC23COC(C2)C13,6.789240837e0,0.000000000e0,0.000000000e0,1.276346207e0,6.789240837e0,-6.084233895e-2
test,116,Cn1nc(N)ncc1=O,3.825920820e0,0.000000000e0,0.000000000e0,1.276346207e0,3.825920820e0,-2.382566452e0
test,117,O=C1CC(C2CCC2)C1,6.059975624e0,0.000000000e0,0.000000000e0,1.276346207e0,6.059975624e0,-6.322124600e-1
test,118,[NH-]c1n[cH+][nH]ccc1=O,4.808251858e0,0.000000000e0,0.000000000e0,1.276346207e0,4.808251858e0,-1.612922311e0
test,119,C#CC12CC(C1)C2C#N,7.668168545e0,0.000000000e0,0.000000000e0,1.276346207e0,7.668168545e0,6.277864575e-1
test,120,C[NH+]1C2CC3C1C2[NH+]3C,7.828715801e0,0.000000000e0,0.000000000e0,1.276346207e0,7.828715801e0,7.535732388e-1
test,121,CCC(C)N(C)C(N)=O,7.874975204e0,0.000000000e0,0.000000000e0,1.276346207e0,7.874975204e0,7.898169160e-1
test,122,C#CC(O)CCOC,7.711706638e0,0.000000000e0,0.000000000e0,1.276346207e0,7.711706638e0,6.618980169e-1
test,123,N#CC1C2CCCCC12,8.291309357e0,0.000000000e0,0.000000000e0,1.276346207e0,8.291309357e0,1.116009474e0
test,124,CC12CC3C4C[NH+](C41)C32,8.166136742e0,0.000000000e0,0.000000000e0,1.276346207e0,8.166136742e0,1.017938256e0
test,125,CC1C2CC1C2(C)O,8.960708618e0,0.000000000e0,0.000000000e0,1.276346207e0,8.960708618e0,1.640475392e0
test,126,CC(C)(C)C(C)(O)C=O,6.054533005e0,0.000000000e0,0.000000000e0,1.276346207e0,6.054533005e0,-6.364766955e-1
test,127,O=CCOC1C2CC1C2,6.231407166e0,0.000000000e0,0.000000000e0,1.276346207e0,6.231407166e0,-4.978980124e-1
test,128,C#Cc1nc(=O)cno1,4.838184357e0,0.000000000e0,0.000000000e0,1.276346207e0,4.838184357e0,-1.589470625e0
test,129,N#CCC12C[NH+]1C1CC12,7.265439510e0,0.000000000e0,0.000000000e0,1.276346207e0,7.265439510e0,3.122533262e-1
test,130,O=C1CCC(=O)OCO1,7.145709991e0,0.000000000e0,0.000000000e0,1.276346207e0,7.145709991e0,2.184467614e-1
test,131,C#CC1CCCOC1[NH-],7.371564865e0,0.000000000e0,0.000000000e0,1.276346207e0,7.371564865e0,3.954012096e-1
test,132,Cc1n[nH]nc1C(C)C,6.813731194e0,0.000000000e0,0.000000000e0,1.276346207e0,6.813731194e0,-4.165445268e-2
test,133,OC12CCC3(CO3)C1C2,8.944382668e0,0.000000000e0,0.000000000e0,1.276346207e0,8.944382668e0,1.627684236e0
test,134,O=Cc1ccc(=O)on1,4.530695915e0,0.000000000e0,0.000000000e0,1.276346207e0,4.530695915e0,-1.830383897e0
test,135,[NH-]C1=C(O)C(N)=NNO1,3.844968557e0,0.000000000e0,0.000000000e0,1.276346207e0,3.844968557e0,-2.367642641e0
test,136,CC1C(O)C1(O)C1CC1,7.640957355e0,0.000000000e0,0.000000000e0,1.276346207e0,7.640957355e0,6.064668298e-1
test,137,CCC1CC2(CO2)C1C,8.922613144e0,0.000000000e0,0.000000000e0,1.276346207e0,8.922613144e0,1.610628009e0
test,138,O=CCC12CC3C(O1)C32,5.866774559e0,0.000000000e0,0.000000000e0,1.276346207e0,5.866774559e0,-7.835830450e-1
test,139,OC1CNc2[nH]cnc21,6.147051811e0,0.000000000e0,0.000000000e0,1.276346207e0,6.147051811e0,-5.639893413e-1
test,140,CC1CCC(NO)CC1,6.857269287e0,0.000000000e0,0.000000000e0,1.276346207e0,6.857269287e0,-7.542901672e-3
test,141,O=C1OC2C(O1)C1OC21,8.914449692e0,0.000000000e0,0.000000000e0,1.276346207e0,8.914449692e0,1.604232073e0
test,142,Oc1ncc(F)cc1F,5.436834812e0,0.000000000e0,0.000000000e0,1.276346207e0,5.436834812e0,-1.120435476e0
test,143,CC1OC2C3C4CC13C42,8.808325768e0,0.000000000e0,0.000000000e0,1.276346207e0,8.808325768e0,1.521085382e0
test,144,COC1C2CC1C2C,9.371601105e0,0.000000000e0,0.000000000e0,1.276346207e0,9.371601105e0,1.962404490e0
test,145,c1n[nH]c2c1NCC2,5.779698372e0,0.000000000e0,0.000000000e0,1.276346207e0,5.779698372e0,-8.518061638e-1
test,146,CCOC([NH-])CC=O,6.065417767e0,0.000000000e0,0.000000000e0,1.276346207e0,6.065417767e0,-6.279486418e-1
test,147,CC1C2(CO2)CC12CO2,8.563423157e0,0.000000000e0,0.000000000e0,1.276346207e0,8.563423157e0,1.329207182e0
test,148,CC12CC(C1)C2(C)O,8.903565407e0,0.000000000e0,0.000000000e0,1.276346207e0,8.903565407e0,1.595704436e0
test,149,CCNc1n[nH]nc1O,5.640920639e0,0.000000000e0,0.000000000e0,1.276346207e0,5.640920639e0,-9.605367780e-1
test,150,OCC1(C2CCO2)CO1,8.674989700e0,0.000000000e0,0.000000000e0,1.276346207e0,8.674989700e0,1.416618228e0
test,151,CC12CC(C1)C2C=O,5.932082176e0,0.000000000e0,0.000000000e0,1.276346207e0,5.932082176e0,-7.324153781e-1
test,152,CC1CCC(C)C(O)C1,9.017853737e0,0.000000000e0,0.000000000e0,1.276346207e0,9.017853737e0,1.685247898e0
test,153,C#CCC(C#N)CC#N,7.820552349e0,0.000000000e0,0.000000000e0,1.276346207e0,7.820552349e0,7.471772432e-1
test,154,CCC1OC1C1CO1,9.224658966e0,0.000000000e0,0.000000000e0,1.276346207e0,9.224658966e0,1.847277164e0
test,155,O=CC1C=CCCC=C1,5.423229218e0,0.000000000e0,0.000000000e0,1.276346207e0,5.423229218e0,-1.131095290e0
test,156,OC1CCn2nncc21,6.870874882e0,0.000000000e0,0.000000000e0,1.276346207e0,6.870874882e0,3.116910812e-3
test,157,C[NH+]1CC2OC3C1C23O,7.200132847e0,0.000000000e0,0.000000000e0,1.276346207e0,7.200132847e0,2.610863745e-1
test,158,Nc1n[nH]nc(N)c1=O,4.024563789e0,0.000000000e0,0.000000000e0,1.276346207e0,4.024563789e0,-2.226932049e0
test,159,CCOC1C2CC1C2,9.360716820e0,0.000000000e0,0.000000000e0,1.276346207e0,9.360716820e0,1.953876734e0
test,160,OC1C2C3C4CC2[NH+]4C13,8.068176270e0,0.000000000e0,0.000000000e0,1.276346207e0,8.068176270e0,9.411875010e-1
test,161,CNc1[nH]nc[n+]1C=O,4.761992455e0,0.000000000e0,0.000000000e0,1.276346207e0,4.761992455e0,-1.649165988e0
test,162,CC12NC1COC2CO,8.215117455e0,0.000000000e0,0.000000000e0,1.276346207e0,8.215117455e0,1.056314111e0
test,163,C#CCc1n[nH]nc1C,6.868154049e0,0.000000000e0,0.000000000e0,1.276346207e0,6.868154049e0,9.851724608e-4
test,164,CC(O)C1C2CC1(C)C2,9.088603020e0,0.000000000e0,0.000000000e0,1.276346207e0,9.088603020e0,1.740679026e0
test,165,CC(O)C1OC12CCC2,8.699480057e0,0.000000000e0,0.000000000e0,1.276346207e0,8.699480057e0,1.435806036e0
test,166,OCC#Cc1cn[nH]n1,5.918476582e0,0.000000000e0,0.000000000e0,1.276346207e0,5.918476582e0,-7.430751920e-1
test,167,N#CC(CCO)O[CH+][NH-],7.551159859e0,0.000000000e0,0.000000000e0,1.276346207e0,7.551159859e0,5.361116529e-1
test,168,CCC1OCC12CC2O,8.419202805e0,0.000000000e0,0.000000000e0,1.276346207e0,8.419202805e0,1.216212392e0
test,169,[NH-]C1OC2CC3CC12N3,7.107614040e0,0.000000000e0,0.000000000e0,1.276346207e0,7.107614040e0,1.885990649e-1
test,170,CC1=CC2COC3C1C23,6.296714783e0,0.000000000e0,0.000000000e0,1.276346207e0,6.296714783e0,-4.467303157e-1
test,171,CC1COC([NH-])C(C)C1,7.496736526e0,0.000000000e0,0.000000000e0,1.276346207e0,7.496736526e0,4.934716523e-1
test,172,CC1C2CC1(O)C2C,9.028738022e0,0.000000000e0,0.000000000e0,1.276346207e0,9.028738022e0,1.693775535e0
test,173,C1CC2C3CC4C(C13)C24,9.458678246e0,0.000000000e0,0.000000000e0,1.276346207e0,9.458678246e0,2.030628443e0
test,174,OCCCC12CC(C1)C2,9.330784798e0,0.000000000e0,0.000000000e0,1.276346207e0,9.330784798e0,1.930425406e0
test,175,CC1OC1C1(C)CN1,8.666826248e0,0.000000000e0,0.000000000e0,1.276346207e0,8.666826248e0,1.410222292e0
test,176,O=C1CC2C3C1CC23O,6.111677170e0,0.000000000e0,0.000000000e0,1.276346207e0,6.111677170e0,-5.917049646e-1
test,177,C#CC1(CC)C2CC1C2,8.117156029e0,0.000000000e0,0.000000000e0,1.276346207e0,8.117156029e0,9.795625210e-1
test,178,OCCCC1C2CC1C2,9.328063011e0,0.000000000e0,0.000000000e0,1.276346207e0,9.328063011e0,1.928292990e0
test,179,OCC1CCC(O)CO1,8.838258743e0,0.000000000e0,0.000000000e0,1.276346207e0,8.838258743e0,1.544537425e0
test,180,[H]N=CN(C)c1cn[nH]n1,5.485815525e0,0.000000000e0,0.000000000e0,1.276346207e0,5.485815525e0,-1.082059741e0
test,181,CNc1nc(O)nn[nH+]1,4.179668903e0,0.000000000e0,0.000000000e0,1.276346207e0,4.179668903e0,-2.105409145e0
test,182,CCC1C2OC1C2=O,6.691279888e0,0.000000000e0,0.000000000e0,1.276346207e0,6.691279888e0,-1.375935078e-1
test,183,C#CC1C2CC1C2CC,8.122598648e0,0.000000000e0,0.000000000e0,1.276346207e0,8.122598648e0,9.838267565e-1
test,184,CC12C3[CH-]C4C(C41)[NH+]2C3,4.922539711e0,0.000000000e0,0.000000000e0,1.276346207e0,4.922539711e0,-1.523379207e0
test,185,CC1[NH+]2C3(C)CC3C12C,7.657283783e0,0.000000000e0,0.000000000e0,1.276346207e0,7.657283783e0,6.192584038e-1
test,186,N#CCn1ncc(N)n1,5.776977062e0,0.000000000e0,0.000000000e0,1.276346207e0,5.776977062e0,-8.539382815e-1
test,187,O=CC1(O)C2C3C[NH+]3C21,5.208259583e0,0.000000000e0,0.000000000e0,1.276346207e0,5.208259583e0,-1.299521327e0
test,188,CC1C2C(C)C1C2(C)O,8.879075050e0,0.000000000e0,0.000000000e0,1.276346207e0,8.879075050e0,1.576516509e0
test,189,CC12C3CC1C(O3)C2O,8.089944839e0,0.000000000e0,0.000000000e0,1.276346207e0,8.089944839e0,9.582428932e-1
test,190,CCC1Cc2cncn21,6.955230236e0,0.000000000e0,0.000000000e0,1.276346207e0,6.955230236e0,6.920827180e-2
test,191,CC1CC2CC2CC1C,8.993363380e0,0.000000000e0,0.000000000e0,1.276346207e0,8.993363380e0,1.666059971e0
test,192,CC(C)C12CC(C1)C2C,9.722628593e0,0.000000000e0,0.000000000e0,1.276346207e0,9.722628593e0,2.237430096e0
test,193,Cc1nc(F)ccc1N,5.145672798e0,0.000000000e0,0.000000000e0,1.276346207e0,5.145672798e0,-1.348557234e0
test,194,CC12COC3CC1OC32,8.699480057e0,0.000000000e0,0.000000000e0,1.276346207e0,8.699480057e0,1.435806036e0
test,195,Cc1ccc(F)nc1F,5.959293365e0,0.000000000e0,0.000000000e0,1.276346207e0,5.959293365e0,-7.110957503e-1
test,196,CC(=O)C1C2CC1C2,6.084465981e0,0.000000000e0,0.000000000e0,1.276346207e0,6.084465981e0,-6.130245924e-1
test,197,CC1C2[NH+]1C1C(O)C21O,7.564764977e0,0.000000000e0,0.000000000e0,1.276346207e0,7.564764977e0,5.467711091e-1
test,198,O=CC(C=O)NCCO,4.802809238e0,0.000000000e0,0.000000000e0,1.276346207e0,4.802809238e0,-1.617186546e0
test,199,CC1(O)C2CC3C(O2)C31,8.775671959e0,0.000000000e0,0.000000000e0,1.276346207e0,8.775671959e0,1.495501518e0
test,200,O=C1CN=COCC1=O,4.149736404e0,0.000000000e0,0.000000000e0,1.276346207e0,4.149736404e0,-2.128860950e0
test,201,CC12C3CC1C2OC3=O,7.330747128e0,0.000000000e0,0.000000000e0,1.276346207e0,7.330747128e0,3.634210229e-1
test,202,[NH-]C1=C[CH-]C(=O)C=NN1,4.367427349e0,0.000000000e0,0.000000000e0,1.276346207e0,4.367427349e0,-1.958302736e0
test,203,C#CCN=C(N)OC,7.559322834e0,0.000000000e0,0.000000000e0,1.276346207e0,7.559322834e0,5.425072312e-1
test,204,[CH-]1C[NH+]2C3C1C1NC1C32,5.314383507e0,0.000000000e0,0.000000000e0,1.276346207e0,5.314383507e0,-1.216374516e0
test,205,COC1C(O)C12COC2,7.986541748e0,0.000000000e0,0.000000000e0,1.276346207e0,7.986541748e0,8.772279024e-1
test,206,CC12C[NH+]3C4C(O1)C4C32,7.439593315e0,0.000000000e0,0.000000000e0,1.276346207e0,7.439593315e0,4.487006664e-1
test,207,CC1OC1C1(C#N)CN1,7.812388420e0,0.000000000e0,0.000000000e0,1.276346207e0,7.812388420e0,7.407809496e-1
test,208,Oc1ccc(O)c(F)n1,5.216422558e0,0.000000000e0,0.000000000e0,1.276346207e0,5.216422558e0,-1.293125749e0
test,209,CC#Cc1ccncc1,5.458603859e0,0.000000000e0,0.000000000e0,1.276346207e0,5.458603859e0,-1.103379726e0
test,210,CCCc1cccnc1,6.204195976e0,0.000000000e0,0.000000000e0,1.276346207e0,6.204195976e0,-5.192176104e-1
test,211,CCCOC12CC(C1)C2,9.211053848e0,0.000000000e0,0.000000000e0,1.276346207e0,9.211053848e0,1.836617708e0
test,212,c1nc(C2CCC2)no1,7.118498325e0,0.000000000e0,0.000000000e0,1.276346207e0,7.118498325e0,1.971267611e-1
test,213,CC#CC(C)(O)CC=O,5.972899437e0,0.000000000e0,0.000000000e0,1.276346207e0,5.972899437e0,-7.004355788e-1
test,214,[NH-]C1CC2CCCC2O1,7.728034019e0,0.000000000e0,0.000000000e0,1.276346207e0,7.728034019e0,6.746903062e-1
test,215,CC12CC(CO)(O1)C2O,8.726691246e0,0.000000000e0,0.000000000e0,1.276346207e0,8.726691246e0,1.457125664e0
test,216,C#CC1(C)OC12CCC2,7.616467476e0,0.000000000e0,0.000000000e0,1.276346207e0,7.616467476e0,5.872793198e-1
test,217,CC1(C)CC(C2CO2)O1,8.857306480e0,0.000000000e0,0.000000000e0,1.276346207e0,8.857306480e0,1.559461117e0
test,218,C1OC2C3CC12C1NC31,8.057291031e0,0.000000000e0,0.000000000e0,1.276346207e0,8.057291031e0,9.326590300e-1
test,219,COC12CC3OC1C32C,7.970214844e0,0.000000000e0,0.000000000e0,1.276346207e0,7.970214844e0,8.644359708e-1
test,220,C[NH+]=C(N)C#CC(=O)[O-],3.398702145e0,0.000000000e0,0.000000000e0,1.276346207e0,3.398702145e0,-2.717286825e0
test,221,CC1C2C=CC(O)C[NH+]12,6.013716221e0,0.000000000e0,0.000000000e0,1.276346207e0,6.013716221e0,-6.684561372e-1
test,222,CC(C)(O)C1C2CC1C2,8.718527794e0,0.000000000e0,0.000000000e0,1.276346207e0,8.718527794e0,1.450729728e0
test,223,CC(=O)C(C)CNC=O,6.220522881e0,0.000000000e0,0.000000000e0,1.276346207e0,6.220522881e0,-5.064257383e-1
test,224,N#Cc1n[nH]nc1CO,6.315762520e0,0.000000000e0,0.000000000e0,1.276346207e0,6.315762520e0,-4.318066537e-1
test,225,C1OCC23C4C5C([NH+]42)C153,7.257276535e0,0.000000000e0,0.000000000e0,1.276346207e0,7.257276535e0,3.058577478e-1
test,226,c1n[nH]c(C2CN2)n1,7.028701305e0,0.000000000e0,0.000000000e0,1.276346207e0,7.028701305e0,1.267719269e-1
test,227,CC1C2(C)CC1(O)C2C,8.898122787e0,0.000000000e0,0.000000000e0,1.276346207e0,8.898122787e0,1.591440201e0
test,228,C#CC1C2C=CC3C2[NH+]13,6.193311214e0,0.000000000e0,0.000000000e0,1.276346207e0,6.193311214e0,-5.277457237e-1
test,229,CCC#CC12CC(C1)C2,7.847763538e0,0.000000000e0,0.000000000e0,1.276346207e0,7.847763538e0,7.684968710e-1
test,230,C[NH2+]C1ONN=C[CH+]1C,4.321168423e0,0.000000000e0,0.000000000e0,1.276346207e0,4.321168423e0,-1.994546056e0
test,231,CCCC12CC(O1)C2=O,6.634135723e0,0.000000000e0,0.000000000e0,1.276346207e0,6.634135723e0,-1.823652387e-1
test,232,OC1(C23CCC2N3)CC1,8.250492096e0,0.000000000e0,0.000000000e0,1.276346207e0,8.250492096e0,1.084029675e0
test,233,OC1C2CCC2C2CC12,8.566143990e0,0.000000000e0,0.000000000e0,1.276346207e0,8.566143990e0,1.331339002e0
test,234,[NH-]C1C=NC(=O)N=CN1,4.914376259e0,0.000000000e0,0.000000000e0,1.276346207e0,4.914376259e0,-1.529775143e0
test,235,CC1=NC(C)C=CCO1,6.544338226e0,0.000000000e0,0.000000000e0,1.276346207e0,6.544338226e0,-2.527204454e-1
test,236,CN(C)c1ncnnn1,4.525253296e0,0.000000000e0,0.000000000e0,1.276346207e0,4.525253296e0,-1.834648132e0
test,237,O=CC1=CC2C[NH+]2CC1,4.704848766e0,0.000000000e0,0.000000000e0,1.276346207e0,4.704848766e0,-1.693937302e0
test,238,CCCC1(C2CN2)CO1,8.906287193e0,0.000000000e0,0.000000000e0,1.276346207e0,8.906287193e0,1.597836852e0
test,239,CC1=CC(=O)CC2CN12,5.091249943e0,0.000000000e0,0.000000000e0,1.276346207e0,5.091249943e0,-1.391196847e0
test,240,O=C1COC1C1CC1,6.002831459e0,0.000000000e0,0.000000000e0,1.276346207e0,6.002831459e0,-6.769841909e-1
test,241,CC1(C2(C#N)CC2)CC1,8.079060555e0,0.000000000e0,0.000000000e0,1.276346207e0,8.079060555e0,9.497151971e-1
test,242,CCC1C(=O)CC12CC2,5.915755272e0,0.000000000e0,0.000000000e0,1.276346207e0,5.915755272e0,-7.452073097e-1
test,243,Cc1nc(F)ccc1O,5.431392670e0,0.000000000e0,0.000000000e0,1.276346207e0,5.431392670e0,-1.124699354e0
test,244,O=CC1CCCCO1,6.163379192e0,0.000000000e0,0.000000000e0,1.276346207e0,6.163379192e0,-5.511970520e-1
test,245,CC1(c2ncco2)CO1,6.353858471e0,0.000000000e0,0.000000000e0,1.276346207e0,6.353858471e0,-4.019589424e-1
test,246,CC1C2CC1C2NO,7.352516651e0,0.000000000e0,0.000000000e0,1.276346207e0,7.352516651e0,3.804771900e-1
test,247,CC1=NCC=CCO1,6.813731194e0,0.000000000e0,0.000000000e0,1.276346207e0,6.813731194e0,-4.165445268e-2
test,248,CC1C2C3C(O)C3(C)[NH+]12,8.098108292e0,0.000000000e0,0.000000000e0,1.276346207e0,8.098108292e0,9.646388888e-1
test,249,O=C1OC2C=CC1OC2,5.891264915e0,0.000000000e0,0.000000000e0,1.276346207e0,5.891264915e0,-7.643951774e-1
test,250,CC(O)C(=O)CC(N)=O,5.687179565e0,0.000000000e0,0.000000000e0,1.276346207e0,5.687179565e0,-9.242935181e-1
test,251,C[NH+]1C2C(O)C1C2C=O,5.630035877e0,0.000000000e0,0.000000000e0,1.276346207e0,5.630035877e0,-9.690648317e-1
test,252,CC1OCCCC1O,8.781113625e0,0.000000000e0,0.000000000e0,1.276346207e0,8.781113625e0,1.499764919e0
test,253,CC(C)C1C2OC1C2=O,6.688558578e0,0.000000000e0,0.000000000e0,1.276346207e0,6.688558578e0,-1.397256255e-1
test,254,O=CC1COC1C1CO1,5.951130390e0,0.000000000e0,0.000000000e0,1.276346207e0,5.951130390e0,-7.174913287e-1
test,255,O=CC(=O)C1C2CC1C2,4.106198311e0,0.000000000e0,0.000000000e0,1.276346207e0,4.106198311e0,-2.162972450e0
test,256,C#Cc1cnccc1C,5.453161716e0,0.000000000e0,0.000000000e0,1.276346207e0,5.453161716e0,-1.107643485e0
test,257,O=CC1=CCC2CC1O2,4.955193520e0,0.000000000e0,0.000000000e0,1.276346207e0,4.955193520e0,-1.497795343e0
test,258,CC1(O)C2C3C2[NH+]2C3C21,7.744359970e0,0.000000000e0,0.000000000e0,1.276346207e0,7.744359970e0,6.874815226e-1
test,259,CC1[NH+](C)C12CCOC2,8.144367218e0,0.000000000e0,0.000000000e0,1.276346207e0,8.144367218e0,1.000882149e0
test,260,CC1(C2CC3CC32)CC1,8.941660881e0,0.000000000e0,0.000000000e0,1.276346207e0,8.941660881e0,1.625551701e0
test,261,C#CC12CC1C1C2[NH+]1C,7.406939030e0,0.000000000e0,0.000000000e0,1.276346207e0,7.406939030e0,4.231164455e-1
test,262,CC1(C=O)CCC12CO2,6.089908123e0,0.000000000e0,0.000000000e0,1.276346207e0,6.089908123e0,-6.087607145e-1
test,263,Cc1ncnnn1,4.389196396e0,0.000000000e0,0.000000000e0,1.276346207e0,4.389196396e0,-1.941246986e0
test,264,CC(=O)C(CO)C(C)C,6.122561455e0,0.000000000e0,0.000000000e0,1.276346207e0,6.122561455e0,-5.831772685e-1
test,265,C1=CC2CCC2=CCC1,6.715770245e0,0.000000000e0,0.000000000e0,1.276346207e0,6.715770245e0,-1.184056252e-1
test,266,CC1OC12CCC2CO,8.930777550e0,0.000000000e0,0.000000000e0,1.276346207e0,8.930777550e0,1.617024779e0
test,267,C1=NCC2CC3C(O1)C23,7.295372486e0,0.000000000e0,0.000000000e0,1.276346207e0,7.295372486e0,3.357054591e-1
test,268,CC1=CC(O)CNC1=O,5.730718136e0,0.000000000e0,0.000000000e0,1.276346207e0,5.730718136e0,-8.901816010e-1
test,269,Nc1ccnc(O)c1O,5.790582657e0,0.000000000e0,0.000000000e0,1.276346207e0,5.790582657e0,-8.432784677e-1
test,270,CC1CC1C1(O)CC1O,8.440972328e0,0.000000000e0,0.000000000e0,1.276346207e0,8.440972328e0,1.233268499e0
test,271,Nc1ccnc(=O)[nH]1,5.055875301e0,0.000000000e0,0.000000000e0,1.276346207e0,5.055875301e0,-1.418912411e0
test,272,CCC12CC(O)C1[NH+]2C,8.024637222e0,0.000000000e0,0.000000000e0,1.276346207e0,8.024637222e0,9.070752263e-1
test,273,C#CC12OC(C1O)C2O,6.851827145e0,0.000000000e0,0.000000000e0,1.276346207e0,6.851827145e0,-1.180675160e-2
test,274,CC1C(=O)N2CC(O)C12,6.476309776e0,0.000000000e0,0.000000000e0,1.276346207e0,6.476309776e0,-3.060199022e-1
test,275,OC1C=CC2CC1O2,6.476309776e0,0.000000000e0,0.000000000e0,1.276346207e0,6.476309776e0,-3.060199022e-1
test,276,C1OCc2nnoc2O1,5.806910038e0,0.000000000e0,0.000000000e0,1.276346207e0,5.806910038e0,-8.304861784e-1
test,277,C1=C2NCC3C[NH+]([CH+]1)C23,5.053154469e0,0.000000000e0,0.000000000e0,1.276346207e0,5.053154469e0,-1.421044230e0
test,278,O=C1COC(=O)C2NC12,5.855890274e0,0.000000000e0,0.000000000e0,1.276346207e0,5.855890274e0,-7.921108007e-1
test,279,C[NH+]1CC2OC3CCC321,7.325304985e0,0.000000000e0,0.000000000e0,1.276346207e0,7.325304985e0,3.591571748e-1
test,280,Cc1cc(C2CO2)n[nH]1,6.710327625e0,0.000000000e0,0.000000000e0,1.276346207e0,6.710327625e0,-1.226698458e-1
test,281,CC1C(C)C12COC2,8.386548996e0,0.000000000e0,0.000000000e0,1.276346207e0,8.386548996e0,1.190628529e0
test,282,CCC(=O)C(C)CC,6.269503117e0,0.000000000e0,0.000000000e0,1.276346207e0,6.269503117e0,-4.680503011e-1
test,283,[NH-]C1CC=CC(=O)N1,5.526632309e0,0.000000000e0,0.000000000e0,1.276346207e0,5.526632309e0,-1.050080299e0
test,284,c1cc2c([nH]1)COCC2,6.538896084e0,0.000000000e0,0.000000000e0,1.276346207e0,6.538896084e0,-2.569842935e-1
test,285,CC(C)n1nccn1,7.039586067e0,0.000000000e0,0.000000000e0,1.276346207e0,7.039586067e0,1.353000104e-1
test,286,[NH-]C1OCC(=O)CO1,5.673573971e0,0.000000000e0,0.000000000e0,1.276346207e0,5.673573971e0,-9.349533319e-1
test,287,C#CCOCC(C)=NO,6.748423576e0,0.000000000e0,0.000000000e0,1.276346207e0,6.748423576e0,-9.282214940e-2
test,288,C[NH+]1CC1C1CC2OC21,8.239607811e0,0.000000000e0,0.000000000e0,1.276346207e0,8.239607811e0,1.075501919e0
test,289,CCC1CCC([NH-])OC1,7.523947716e0,0.000000000e0,0.000000000e0,1.276346207e0,7.523947716e0,5.147912502e-1
test,290,C[n+]1c([NH-])[nH]cnc1=O,5.689900398e0,0.000000000e0,0.000000000e0,1.276346207e0,5.689900398e0,-9.221617579e-1
test,291,C#Cc1ccnc(N)c1,4.827299595e0,0.000000000e0,0.000000000e0,1.276346207e0,4.827299595e0,-1.597998619e0
test,292,CC12CC(CO)(O1)C2=O,6.590597630e0,0.000000000e0,0.000000000e0,1.276346207e0,6.590597630e0,-2.164767981e-1
test,293,CC12CC3CC(C1)C2C3,9.567523003e0,0.000000000e0,0.000000000e0,1.276346207e0,9.567523003e0,2.115906715e0
test,294,C#CC1C2CC1C2(C)O,7.611024857e0,0.000000000e0,0.000000000e0,1.276346207e0,7.611024857e0,5.830151439e-1
test,295,CC1C(O)C12CC(=O)C2,6.040927887e0,0.000000000e0,0.000000000e0,1.276346207e0,6.040927887e0,-6.471361518e-1
test,296,C1NC12COC21CC1,7.970214844e0,0.000000000e0,0.000000000e0,1.276346207e0,7.970214844e0,8.644359708e-1
test,297,CC1C2C(O)C1C2(C)C,8.925334930e0,0.000000000e0,0.000000000e0,1.276346207e0,8.925334930e0,1.612760544e0
test,298,O=CC1C=CCN=CO1,5.790582657e0,0.000000000e0,0.000000000e0,1.276346207e0,5.790582657e0,-8.432784677e-1
test,299,COCC[NH+]1C2CCC21,8.759345055e0,0.000000000e0,0.000000000e0,1.276346207e0,8.759345055e0,1.482709527e0
test,300,CC1=CCC([NH+]2CC2)C1,7.055912018e0,0.000000000e0,0.000000000e0,1.276346207e0,7.055912018e0,1.480911821e-1
test,301,COc1n[nH]nc1CO,6.220522881e0,0.000000000e0,0.000000000e0,1.276346207e0,6.220522881e0,-5.064257383e-1
test,302,CC1(C23CCC2N3)CO1,9.115814209e0,0.000000000e0,0.000000000e0,1.276346207e0,9.115814209e0,1.761998653e0
test,303,N#CC1[NH2+]C2CC3C2[NH+]13,5.469488621e0,0.000000000e0,0.000000000e0,1.276346207e0,5.469488621e0,-1.094851613e0
test,304,C1=Nc2[nH]ncc2CO1,5.219143867e0,0.000000000e0,0.000000000e0,1.276346207e0,5.219143867e0,-1.290993571e0
test,305,C#CCC#CC(O)CO,7.483131409e0,0.000000000e0,0.000000000e0,1.276346207e0,7.483131409e0,4.828121960e-1
test,306,CCC1CC2CC(=O)N12,6.375627518e0,0.000000000e0,0.000000000e0,1.276346207e0,6.375627518e0,-3.849031627e-1
test,307,CCC1C=CC2CC2O1,6.702164173e0,0.000000000e0,0.000000000e0,1.276346207e0,6.702164173e0,-1.290658116e-1
test,308,C1CC2OC3(CC3)C2O1,8.495394707e0,0.000000000e0,0.000000000e0,1.276346207e0,8.495394707e0,1.275907755e0
test,309,CC1C2(O)CC1(O)C2,8.541653633e0,0.000000000e0,0.000000000e0,1.276346207e0,8.541653633e0,1.312151074e0
test,310,CC1(C)C2C3C2[NH+]2C3C21,8.081781387e0,0.000000000e0,0.000000000e0,1.276346207e0,8.081781387e0,9.518469572e-1
test,311,O=CN1C2C3C2C2C3C21,6.976998806e0,0.000000000e0,0.000000000e0,1.276346207e0,6.976998806e0,8.626367152e-2
test,312,Cc1[nH]cnc1C1CC1,6.381070137e0,0.000000000e0,0.000000000e0,1.276346207e0,6.381070137e0,-3.806389570e-1
test,313,OCC12CC(C1)C2,9.202890396e0,0.000000000e0,0.000000000e0,1.276346207e0,9.202890396e0,1.830221772e0
test,314,CCC1=CC2CCC1O2,6.846384525e0,0.000000000e0,0.000000000e0,1.276346207e0,6.846384525e0,-1.607097499e-2
test,315,O=[N+]([O-])c1cccnc1,4.963356972e0,0.000000000e0,0.000000000e0,1.276346207e0,4.963356972e0,-1.491399407e0
test,316,CC1NC1C1COCO1,8.555259705e0,0.000000000e0,0.000000000e0,1.276346207e0,8.555259705e0,1.322811246e0
test,317,COc1cnncn1,4.938866615e0,0.000000000e0,0.000000000e0,1.276346207e0,4.938866615e0,-1.510587335e0
test,318,Nc1cnc(O)nn1,4.383754253e0,0.000000000e0,0.000000000e0,1.276346207e0,4.383754253e0,-1.945510864e0
test,319,CN(C)C(=O)N(C)C,7.529390335e0,0.000000000e0,0.000000000e0,1.276346207e0,7.529390335e0,5.190554857e-1
test,320,[NH-]C1C=CN=C(N)O1,4.960635662e0,0.000000000e0,0.000000000e0,1.276346207e0,4.960635662e0,-1.493531466e0
test,321,CNC(C)(C#N)COC,7.308978081e0,0.000000000e0,0.000000000e0,1.276346207e0,7.308978081e0,3.463652730e-1
test,322,Cn1nc(O)c(O)n1,5.828679085e0,0.000000000e0,0.000000000e0,1.276346207e0,5.828679085e0,-8.134304285e-1
test,323,OC1C2CC3CC1C3C2,8.715806961e0,0.000000000e0,0.000000000e0,1.276346207e0,8.715806961e0,1.448598027e0
test,324,OCCC12COCC1N2,8.794719696e0,0.000000000e0,0.000000000e0,1.276346207e0,8.794719696e0,1.510425091e0
test,325,O=C1CC=C2C3NC3C12,5.796025276e0,0.000000000e0,0.000000000e0,1.276346207e0,5.796025276e0,-8.390142322e-1
test,326,O=C1C2OCC3OC1C32,4.990568161e0,0.000000000e0,0.000000000e0,1.276346207e0,4.990568161e0,-1.470079780e0
test,327,CNC(=O)CC([NH-])OC,6.704885483e0,0.000000000e0,0.000000000e0,1.276346207e0,6.704885483e0,-1.269336939e-1
test,328,CC1CCCC2(O)CC12,8.873632431e0,0.000000000e0,0.000000000e0,1.276346207e0,8.873632431e0,1.572252274e0
test,329,CC1NC1C12CC[NH+]1C2,8.174300194e0,0.000000000e0,0.000000000e0,1.276346207e0,8.174300194e0,1.024334311e0
test,330,CC1=CC(O)C=CCC1,6.220522881e0,0.000000000e0,0.000000000e0,1.276346207e0,6.220522881e0,-5.064257383e-1
test,331,CC1Cn2c1cnc2O,6.816452026e0,0.000000000e0,0.000000000e0,1.276346207e0,6.816452026e0,-3.952271119e-2
test,332,CC1C2C=CC3C(C2)C13,6.683116436e0,0.000000000e0,0.000000000e0,1.276346207e0,6.683116436e0,-1.439894736e-1
test,333,O=C1C2CC[NH+]3C1CC23,5.608266830e0,0.000000000e0,0.000000000e0,1.276346207e0,5.608266830e0,-9.861206412e-1
test,334,[NH-]C1OCC2NC21,7.232786179e0,0.000000000e0,0.000000000e0,1.276346207e0,7.232786179e0,2.866698503e-1
test,335,C1=CC2CC3CC1CC23,6.903528214e0,0.000000000e0,0.000000000e0,1.276346207e0,6.903528214e0,2.870038524e-2
test,336,CC(CCCO)C(N)=O,7.534832478e0,0.000000000e0,0.000000000e0,1.276346207e0,7.534832478e0,5.233193636e-1
test,337,[NH-]C1OC2C3CC[NH+]3C12,6.342973709e0,0.000000000e0,0.000000000e0,1.276346207e0,6.342973709e0,-4.104870260e-1
test,338,CC12CC3(O)C(CC13)O2,8.419202805e0,0.000000000e0,0.000000000e0,1.276346207e0,8.419202805e0,1.216212392e0
test,339,C[NH+]1C2CC(N)C21C#N,6.791961670e0,0.000000000e0,0.000000000e0,1.276346207e0,6.791961670e0,-5.871059746e-2
test,340,CC1CC2(COC2)C1=O,5.703506470e0,0.000000000e0,0.000000000e0,1.276346207e0,5.703506470e0,-9.115015864e-1
test,341,CC1C2C=CCC1C2=O,5.880380630e0,0.000000000e0,0.000000000e0,1.276346207e0,5.880380630e0,-7.729228735e-1
test,342,CCn1ncc(C)n1,6.800125122e0,0.000000000e0,0.000000000e0,1.276346207e0,6.800125122e0,-5.231463537e-2
test,343,Cc1nc(=O)nnn1C,4.593281746e0,0.000000000e0,0.000000000e0,1.276346207e0,4.593281746e0,-1.781348705e0
test,344,CC1OC1CC1CCO1,8.811046600e0,0.000000000e0,0.000000000e0,1.276346207e0,8.811046600e0,1.523217082e0
test,345,NC(=O)N(C=O)CC=O,5.453161716e0,0.000000000e0,0.000000000e0,1.276346207e0,5.453161716e0,-1.107643485e0
test,346,Cc1cnccc1CO,6.258618832e0,0.000000000e0,0.000000000e0,1.276346207e0,6.258618832e0,-4.765779972e-1
test,347,CC12CC1N1C=CNC12,6.111677170e0,0.000000000e0,0.000000000e0,1.276346207e0,6.111677170e0,-5.917049646e-1
test,348,CC(=O)C(C)C(C)(C)C,6.149773121e0,0.000000000e0,0.000000000e0,1.276346207e0,6.149773121e0,-5.618572831e-1
test,349,O=C1C=C2NCC2CC1,5.409623623e0,0.000000000e0,0.000000000e0,1.276346207e0,5.409623623e0,-1.141755104e0
test,350,CC1C(=O)C2(C)OC12,5.787861824e0,0.000000000e0,0.000000000e0,1.276346207e0,5.787861824e0,-8.454102278e-1
test,351,C#CC(CC#N)OCC,7.926676750e0,0.000000000e0,0.000000000e0,1.276346207e0,7.926676750e0,8.303244114e-1
test,352,CCC1C2OC3C1C23C,8.198790550e0,0.000000000e0,0.000000000e0,1.276346207e0,8.198790550e0,1.043522120e0
test,353,Nc1cnoc(=O)c1N,4.329331398e0,0.000000000e0,0.000000000e0,1.276346207e0,4.329331398e0,-1.988150477e0
test,354,CC1CCCCC1C#N,9.238265991e0,0.000000000e0,0.000000000e0,1.276346207e0,9.238265991e0,1.857938051e0
test,355,Fc1ccccn1,6.198753357e0,0.000000000e0,0.000000000e0,1.276346207e0,6.198753357e0,-5.234818459e-1
test,356,CC1(NC=O)C2CC1C2,7.589255333e0,0.000000000e0,0.000000000e0,1.276346207e0,7.589255333e0,5.659589767e-1
test,357,O=c1ncc(F)c[nH]1,4.547022343e0,0.000000000e0,0.000000000e0,1.276346207e0,4.547022343e0,-1.817592382e0
test,358,Cc1cnc(N)nn1,4.522532463e0,0.000000000e0,0.000000000e0,1.276346207e0,4.522532463e0,-1.836779833e0
test,359,Cc1c[nH]c(C2CC2)c1,6.334810734e0,0.000000000e0,0.000000000e0,1.276346207e0,6.334810734e0,-4.168826044e-1
test,360,CCNc1cncnn1,4.549743652e0,0.000000000e0,0.000000000e0,1.276346207e0,4.549743652e0,-1.815460205e0
test,361,CCc1ccncc1C,6.212359428e0,0.000000000e0,0.000000000e0,1.276346207e0,6.212359428e0,-5.128216743e-1
test,362,N#CC#CC(C#N)CO,6.405560493e0,0.000000000e0,0.000000000e0,1.276346207e0,6.405560493e0,-3.614510596e-1
test,363,C#CC12C3CC3C1[NH+]2C,6.487194061e0,0.000000000e0,0.000000000e0,1.276346207e0,6.487194061e0,-2.974921763e-1
test,364,CC1([NH+]2CC2)CCC1=O,5.858611107e0,0.000000000e0,0.000000000e0,1.276346207e0,5.858611107e0,-7.899790406e-1
test,365,c1cc2n(c1)C1CC2C1,6.383790970e0,0.000000000e0,0.000000000e0,1.276346207e0,6.383790970e0,-3.785072267e-1
test,366,O=C1C2C[NH+]2C1C1CN1,5.774256229e0,0.000000000e0,0.000000000e0,1.276346207e0,5.774256229e0,-8.560700417e-1
test,367,CO[CH+][NH2+]CC#CC#N,5.967456818e0,0.000000000e0,0.000000000e0,1.276346207e0,5.967456818e0,-7.046998143e-1
test,368,O=C1CCC2NC2C1,6.084465981e0,0.000000000e0,0.000000000e0,1.276346207e0,6.084465981e0,-6.130245924e-1
test,369,CC1(C2OC2C#N)CO1,7.542996407e0,0.000000000e0,0.000000000e0,1.276346207e0,7.542996407e0,5.297156572e-1
test,370,C1CC2(C1)CC1(CO1)C2,9.069554329e0,0.000000000e0,0.000000000e0,1.276346207e0,9.069554329e0,1.725754619e0
test,371,CC(C=O)C(C#N)CO,6.054533005e0,0.000000000e0,0.000000000e0,1.276346207e0,6.054533005e0,-6.364766955e-1
test,372,[NH-]C1CC(N)=CC(=O)N1,5.444998264e0,0.000000000e0,0.000000000e0,1.276346207e0,5.444998264e0,-1.114039540e0
test,373,C[NH+]1C2C(O)C1(C)C2O,7.624630451e0,0.000000000e0,0.000000000e0,1.276346207e0,7.624630451e0,5.936748981e-1
test,374,Cc1cc(N)cc(F)n1,6.130725384e0,0.000000000e0,0.000000000e0,1.276346207e0,6.130725384e0,-5.767809153e-1
test,375,COc1cnc(=O)[nH]c1,4.359263897e0,0.000000000e0,0.000000000e0,1.276346207e0,4.359263897e0,-1.964698792e0
test,376,CNc1ccn2c1CC2,5.874938488e0,0.000000000e0,0.000000000e0,1.276346207e0,5.874938488e0,-7.771867514e-1
test,377,Oc1cccnc1F,5.749765873e0,0.000000000e0,0.000000000e0,1.276346207e0,5.749765873e0,-8.752579093e-1
test,378,Nc1concc1=O,4.381032944e0,0.000000000e0,0.000000000e0,1.276346207e0,4.381032944e0,-1.947642922e0
test,379,C#CC1CCCCO1,7.815110207e0,0.000000000e0,0.000000000e0,1.276346207e0,7.815110207e0,7.429134250e-1
test,380,O=C1CC2C3CC1(O)C23,6.138888836e0,0.000000000e0,0.000000000e0,1.276346207e0,6.138888836e0,-5.703849792e-1
test,381,c1cncnccoc1,4.884443760e0,0.000000000e0,0.000000000e0,1.276346207e0,4.884443760e0,-1.553226948e0
test,382,O=CC1Cn2cccc21,4.830020905e0,0.000000000e0,0.000000000e0,1.276346207e0,4.830020905e0,-1.595866561e0
test,383,N#CC12CCCCC1C2,8.462740898e0,0.000000000e0,0.000000000e0,1.276346207e0,8.462740898e0,1.250323892e0
test,384,COC(C)CC(O)C=O,6.049090862e0,0.000000000e0,0.000000000e0,1.276346207e0,6.049090862e0,-6.407405138e-1
test,385,Cc1ccn(C)c(=O)n1,5.015058517e0,0.000000000e0,0.000000000e0,1.276346207e0,5.015058517e0,-1.450891852e0
test,386,NC=Nc1nccnn1,4.457224846e0,0.000000000e0,0.000000000e0,1.276346207e0,4.457224846e0,-1.887947559e0
test,387,CC1(C2(C)CO2)CO1,9.216496468e0,0.000000000e0,0.000000000e0,1.276346207e0,9.216496468e0,1.840881944e0
test,388,COCC(O)C(=O)CO,6.264060974e0,0.000000000e0,0.000000000e0,1.276346207e0,6.264060974e0,-4.723141491e-1
test,389,C1=CC2CCOCC2C1,6.968835831e0,0.000000000e0,0.000000000e0,1.276346207e0,6.968835831e0,7.986808568e-2
test,390,COC1CCCC2CC21,8.721248627e0,0.000000000e0,0.000000000e0,1.276346207e0,8.721248627e0,1.452861547e0
test,391,C1=NC2CCC=C2CO1,6.751144886e0,0.000000000e0,0.000000000e0,1.276346207e0,6.751144886e0,-9.069003910e-2
test,392,Cc1cnoc(=O)c1F,5.085808277e0,0.000000000e0,0.000000000e0,1.276346207e0,5.085808277e0,-1.395460367e0
test,393,C1CC2OC3C(CC23)O1,8.136203766e0,0.000000000e0,0.000000000e0,1.276346207e0,8.136203766e0,9.944862127e-1
test,394,O=CC(O)c1cn[nH]n1,5.923918724e0,0.000000000e0,0.000000000e0,1.276346207e0,5.923918724e0,-7.388113141e-1
test,395,CCC1C2OC2C12CO2,8.819210052e0,0.000000000e0,0.000000000e0,1.276346207e0,8.819210052e0,1.529613018e0
test,396,C#CCC(C)(O)C(C)=O,6.187869072e0,0.000000000e0,0.000000000e0,1.276346207e0,6.187869072e0,-5.320095420e-1
test,397,OCC1CCCCCO1,8.960708618e0,0.000000000e0,0.000000000e0,1.276346207e0,8.960708618e0,1.640475392e0
test,398,O=CNCC1C2CC1C2,7.695379734e0,0.000000000e0,0.000000000e0,1.276346207e0,7.695379734e0,6.491060853e-1
test,399,Cc1ccc(C)c(F)n1,5.951130390e0,0.000000000e0,0.000000000e0,1.276346207e0,5.951130390e0,-7.174913287e-1
test,400,CC1OCCCC1CO,8.590634346e0,0.000000000e0,0.000000000e0,1.276346207e0,8.590634346e0,1.350526810e0
test,401,C[NH+]1CC23COCC12C3,7.687216282e0,0.000000000e0,0.000000000e0,1.276346207e0,7.687216282e0,6.427101493e-1
test,402,CC1CC(=O)C2C1[NH+]2C,5.608266830e0,0.000000000e0,0.000000000e0,1.276346207e0,5.608266830e0,-9.861206412e-1
test,403,O=C1C=CC=CC=CN1,4.538859367e0,0.000000000e0,0.000000000e0,1.276346207e0,4.538859367e0,-1.823987961e0
test,404,CC1=CC2(CN2)COC1,6.438213825e0,0.000000000e0,0.000000000e0,1.276346207e0,6.438213825e0,-3.358675838e-1
test,405,COC1C2OC3C2C13C,8.250492096e0,0.000000000e0,0.000000000e0,1.276346207e0,8.250492096e0,1.084029675e0
test,406,CC12CC(=O)CCC1N2,6.016437531e0,0.000000000e0,0.000000000e0,1.276346207e0,6.016437531e0,-6.663240194e-1
test,407,O=c1[nH]c2cn[nH]c2[nH]1,5.923918724e0,0.000000000e0,0.000000000e0,1.276346207e0,5.923918724e0,-7.388113141e-1
test,408,O=C1CC2(COC2)O1,7.289929867e0,0.000000000e0,0.000000000e0,1.276346207e0,7.289929867e0,3.314412236e-1
test,409,O=C1C=CCC2CC2C1,5.113019466e0,0.000000000e0,0.000000000e0,1.276346207e0,5.113019466e0,-1.374140739e0
test,410,CCC(=O)CCOC=O,6.375627518e0,0.000000000e0,0.000000000e0,1.276346207e0,6.375627518e0,-3.849031627e-1
test,411,CC(=O)C(C)(CO)CO,6.296714783e0,0.000000000e0,0.000000000e0,1.276346207e0,6.296714783e0,-4.467303157e-1
test,412,N#CCC1C(=O)C2OC12,5.815073013e0,0.000000000e0,0.000000000e0,1.276346207e0,5.815073013e0,-8.240906000e-1
test,413,CC12C(O)C3C4C1C2[NH+]34,7.923955917e0,0.000000000e0,0.000000000e0,1.276346207e0,7.923955917e0,8.281926513e-1
test,414,Cc1nc(=O)nc(O)o1,5.942966461e0,0.000000000e0,0.000000000e0,1.276346207e0,5.942966461e0,-7.238876820e-1
test,415,Oc1ccccn1,5.804188728e0,0.000000000e0,0.000000000e0,1.276346207e0,5.804188728e0,-8.326182961e-1
test,416,Nc1nc(=O)nc(O)o1,6.411002159e0,0.000000000e0,0.000000000e0,1.276346207e0,6.411002159e0,-3.571875989e-1
test,417,C#CC(C)(C)C(C)=O,6.212359428e0,0.000000000e0,0.000000000e0,1.276346207e0,6.212359428e0,-5.128216743e-1
test,418,CC1(C2COC2[NH-])CC1,7.861369133e0,0.000000000e0,0.000000000e0,1.276346207e0,7.861369133e0,7.791566849e-1
test,419,OCC1(O)CC1C1CC1,8.013752937e0,0.000000000e0,0.000000000e0,1.276346207e0,8.013752937e0,8.985475302e-1
test,420,CC12CCCCC1C2O,8.304915428e0,0.000000000e0,0.000000000e0,1.276346207e0,8.304915428e0,1.126669645e0
test,421,CC12CC3C(C1)C3O2,8.549818039e0,0.000000000e0,0.000000000e0,1.276346207e0,8.549818039e0,1.318547726e0
test,422,CC12OC3C(C1O)C32C,7.869533062e0,0.000000000e0,0.000000000e0,1.276346207e0,7.869533062e0,7.855530381e-1
test,423,O=CCC1OCC12CC2,6.046370029e0,0.000000000e0,0.000000000e0,1.276346207e0,6.046370029e0,-6.428722739e-1
test,424,C[NH+]1CC1C(=O)N1CC1,6.027321815e0,0.000000000e0,0.000000000e0,1.276346207e0,6.027321815e0,-6.577963233e-1
test,425,NC(=O)CC#CC=O,5.570170403e0,0.000000000e0,0.000000000e0,1.276346207e0,5.570170403e0,-1.015968680e0
test,426,CC1=C(NO)CC(=O)[CH-]1,4.756549835e0,0.000000000e0,0.000000000e0,1.276346207e0,4.756549835e0,-1.653430223e0
test,427,[NH-][CH+]Oc1n[nH]nc1N,5.624593258e0,0.000000000e0,0.000000000e0,1.276346207e0,5.624593258e0,-9.733290672e-1
test,428,Oc1cnc2n1[CH+]N=[NH+]2,5.513026714e0,0.000000000e0,0.000000000e0,1.276346207e0,5.513026714e0,-1.060740113e0
test,429,C#CC1CC=CC2C[NH+]12,6.313041210e0,0.000000000e0,0.000000000e0,1.276346207e0,6.313041210e0,-4.339387715e-1
test,430,Cc1n[nH]c(=O)c(F)n1,4.873559475e0,0.000000000e0,0.000000000e0,1.276346207e0,4.873559475e0,-1.561754584e0
test,431,[NH-]C1=NC(F)=CC(N)O1,5.061317921e0,0.000000000e0,0.000000000e0,1.276346207e0,5.061317921e0,-1.414648175e0
test,432,C#CC#CC(O)C(C)=O,5.534795761e0,0.000000000e0,0.000000000e0,1.276346207e0,5.534795761e0,-1.043684244e0
test,433,Cc1ccnc(F)c1,6.261340141e0,0.000000000e0,0.000000000e0,1.276346207e0,6.261340141e0,-4.744459093e-1
test,434,C#CCCOCCOC,8.408317566e0,0.000000000e0,0.000000000e0,1.276346207e0,8.408317566e0,1.207683921e0
test,435,C1OC2CC3(COC23)O1,7.567486763e0,0.000000000e0,0.000000000e0,1.276346207e0,7.567486763e0,5.489035845e-1
test,436,C[NH2+][CH+]Oc1cn[nH]n1,6.179705620e0,0.000000000e0,0.000000000e0,1.276346207e0,6.179705620e0,-5.384055376e-1
test,437,N#CC1CCC12CO2,8.106271744e0,0.000000000e0,0.000000000e0,1.276346207e0,8.106271744e0,9.710348248e-1
test,438,COC1CCCC(O)C1,8.794719696e0,0.000000000e0,0.000000000e0,1.276346207e0,8.794719696e0,1.510425091e0
test,439,[H]N=C(C#N)NC(C)CC,5.687179565e0,0.000000000e0,0.000000000e0,1.276346207e0,5.687179565e0,-9.242935181e-1
test,440,COC(=O)CCNC=O,7.295372486e0,0.000000000e0,0.000000000e0,1.276346207e0,7.295372486e0,3.357054591e-1
test,441,O=C1Cn2cccc2O1,5.156557560e0,0.000000000e0,0.000000000e0,1.276346207e0,5.156557560e0,-1.340029120e0
test,442,CC12CC3C1CC3(C)O2,8.982478142e0,0.000000000e0,0.000000000e0,1.276346207e0,8.982478142e0,1.657531500e0
test,443,CC1=CC2(C)C[NH+]3C1C32,6.310320377e0,0.000000000e0,0.000000000e0,1.276346207e0,6.310320377e0,-4.360705018e-1
test,444,O=CC12C3OC1C2C3O,5.910312653e0,0.000000000e0,0.000000000e0,1.276346207e0,5.910312653e0,-7.494715452e-1
test,445,CC12CC3(CC3)C1O2,9.017853737e0,0.000000000e0,0.000000000e0,1.276346207e0,9.017853737e0,1.685247898e0
test,446,CC(=O)C(C#N)O[CH+][NH-],6.054533005e0,0.000000000e0,0.000000000e0,1.276346207e0,6.054533005e0,-6.364766955e-1
test,447,OCC12C3OC1C2C3O,7.796061993e0,0.000000000e0,0.000000000e0,1.276346207e0,7.796061993e0,7.279893756e-1
test,448,CC1(C2CC2)CC1C=O,6.114398479e0,0.000000000e0,0.000000000e0,1.276346207e0,6.114398479e0,-5.895728469e-1
test,449,C1CC23C1C1C2C2C3[NH+]12,8.021917343e0,0.000000000e0,0.000000000e0,1.276346207e0,8.021917343e0,9.049442410e-1
test,450,CCc1ccc(F)nc1,5.972899437e0,0.000000000e0,0.000000000e0,1.276346207e0,5.972899437e0,-7.004355788e-1
test,451,CCC12OC3(C)CC1C32,8.498115540e0,0.000000000e0,0.000000000e0,1.276346207e0,8.498115540e0,1.278039575e0
test,452,COC1OCC2NC21C,8.427366257e0,0.000000000e0,0.000000000e0,1.276346207e0,8.427366257e0,1.222608328e0
test,453,C1CC23C4CC12C1C4C13,7.774292946e0,0.000000000e0,0.000000000e0,1.276346207e0,7.774292946e0,7.109336257e-1
test,454,C[NH+]1C2CC(C)(CO)C21,7.828715801e0,0.000000000e0,0.000000000e0,1.276346207e0,7.828715801e0,7.535732388e-1
test,455,CCCC(=O)C(C)C=O,5.447719574e0,0.000000000e0,0.000000000e0,1.276346207e0,5.447719574e0,-1.111907363e0
test,456,[NH-][CH+]OC1CC12COC2,7.170200348e0,0.000000000e0,0.000000000e0,1.276346207e0,7.170200348e0,2.376346588e-1
test,457,O=c1ccnc2n1CC2,5.491257668e0,0.000000000e0,0.000000000e0,1.276346207e0,5.491257668e0,-1.077795863e0
test,458,CC1(C)C2(O)CC1(O)C2,8.449134827e0,0.000000000e0,0.000000000e0,1.276346207e0,8.449134827e0,1.239663720e0
test,459,OCC12OC3CC1C2C3,8.781113625e0,0.000000000e0,0.000000000e0,1.276346207e0,8.781113625e0,1.499764919e0
test,460,CC(C)CCC#CC#N,6.688558578e0,0.000000000e0,0.000000000e0,1.276346207e0,6.688558578e0,-1.397256255e-1
test,461,C#CC(O[CH+][NH-])C(C)=O,5.994668484e0,0.000000000e0,0.000000000e0,1.276346207e0,5.994668484e0,-6.833797693e-1
test,462,OCC#CC(CO)CO,7.510342121e0,0.000000000e0,0.000000000e0,1.276346207e0,7.510342121e0,5.041314363e-1
test,463,CC12OC3CC1C2CO3,8.492672920e0,0.000000000e0,0.000000000e0,1.276346207e0,8.492672920e0,1.273775339e0
test,464,[NH-]C1OCC12C1CC[NH+]12,6.957951069e0,0.000000000e0,0.000000000e0,1.276346207e0,6.957951069e0,7.134000957e-2
test,465,ONC1CCCCC1O,6.832778931e0,0.000000000e0,0.000000000e0,1.276346207e0,6.832778931e0,-2.673078887e-2
test,466,CC12C(O)C1[NH+]1CC12,7.605582714e0,0.000000000e0,0.000000000e0,1.276346207e0,7.605582714e0,5.787512660e-1
test,467,CC1=CC(O)C[NH+]2CC12,6.302156925e0,0.000000000e0,0.000000000e0,1.276346207e0,6.302156925e0,-4.424664676e-1
test,468,CC(OC=O)C(N)=O,7.107614040e0,0.000000000e0,0.000000000e0,1.276346207e0,7.107614040e0,1.885990649e-1
test,469,OCC1C=CCCC=C1,6.783798695e0,0.000000000e0,0.000000000e0,1.276346207e0,6.783798695e0,-6.510619074e-2
test,470,N#CCC1OCC12CC2,7.981099606e0,0.000000000e0,0.000000000e0,1.276346207e0,7.981099606e0,8.729640245e-1
test,471,CC1=CC([NH-])OCC=C1,4.756549835e0,0.000000000e0,0.000000000e0,1.276346207e0,4.756549835e0,-1.653430223e0
test,472,CC1=CC2NC3C1OC23,6.266781807e0,0.000000000e0,0.000000000e0,1.276346207e0,6.266781807e0,-4.701824188e-1
test,473,Cc1nc(=O)c(F)no1,5.232749462e0,0.000000000e0,0.000000000e0,1.276346207e0,5.232749462e0,-1.280333757e0
test,474,Oc1cncc(O)c1,5.575613022e0,0.000000000e0,0.000000000e0,1.276346207e0,5.575613022e0,-1.011704445e0
test,475,N#CC12C=CCC[NH+]1C2,6.337531567e0,0.000000000e0,0.000000000e0,1.276346207e0,6.337531567e0,-4.147508740e-1
test,476,COCC(N)(C#N)C#N,7.015095711e0,0.000000000e0,0.000000000e0,1.276346207e0,7.015095711e0,1.161121204e-1
test,477,CC1(CCC2CO2)CO1,9.592013359e0,0.000000000e0,0.000000000e0,1.276346207e0,9.592013359e0,2.135094643e0
test,478,CCC(C)C(C)CC=O,6.236849785e0,0.000000000e0,0.000000000e0,1.276346207e0,6.236849785e0,-4.936337769e-1
test,479,CC12COC(C=O)C1N2,6.000110626e0,0.000000000e0,0.000000000e0,1.276346207e0,6.000110626e0,-6.791159511e-1
test,480,CCc1cncc(N)c1,5.379690647e0,0.000000000e0,0.000000000e0,1.276346207e0,5.379690647e0,-1.165207148e0
test,481,CC12CC3(O)C1C3(C)O2,7.687216282e0,0.000000000e0,0.000000000e0,1.276346207e0,7.687216282e0,6.427101493e-1
test,482,CC12C(CO)C3OC1C32,7.853205681e0,0.000000000e0,0.000000000e0,1.276346207e0,7.853205681e0,7.727607489e-1
test,483,CC1CC2(C3CN3)OC12,8.571586609e0,0.000000000e0,0.000000000e0,1.276346207e0,8.571586609e0,1.335603237e0
test,484,CC1C2C3C2[NH+]2C3C12C,7.991984367e0,0.000000000e0,0.000000000e0,1.276346207e0,7.991984367e0,8.814920783e-1
test,485,CCC12OC1CC2=O,5.877659321e0,0.000000000e0,0.000000000e0,1.276346207e0,5.877659321e0,-7.750549912e-1
test,486,Cn1ccc(F)nc1=O,5.230028629e0,0.000000000e0,0.000000000e0,1.276346207e0,5.230028629e0,-1.282465458e0
test,487,CC1=CC=CCOC1,5.113019466e0,0.000000000e0,0.000000000e0,1.276346207e0,5.113019466e0,-1.374140739e0
test,488,CC[NH+]1C2CC1(C#N)C2,6.669510841e0,0.000000000e0,0.000000000e0,1.276346207e0,6.669510841e0,-1.546492875e-1
test,489,COCCC(O)C(C)C,8.577029228e0,0.000000000e0,0.000000000e0,1.276346207e0,8.577029228e0,1.339867353e0
test,490,CC1OCC2NC1C2O,8.601518631e0,0.000000000e0,0.000000000e0,1.276346207e0,8.601518631e0,1.359054565e0
test,491,CC1OC1C1(CO)CO1,9.072276115e0,0.000000000e0,0.000000000e0,1.276346207e0,9.072276115e0,1.727887154e0
test,492,O=CCC12CC(O)(C1)C2,6.138888836e0,0.000000000e0,0.000000000e0,1.276346207e0,6.138888836e0,-5.703849792e-1
test,493,CC12CC3C(=O)OC1C32,7.347074509e0,0.000000000e0,0.000000000e0,1.276346207e0,7.347074509e0,3.762133420e-1
test,494,O=C1NCC(C2CN2)N1,8.190627098e0,0.000000000e0,0.000000000e0,1.276346207e0,8.190627098e0,1.037126184e0
test,495,CCOc1nccnn1,4.522532463e0,0.000000000e0,0.000000000e0,1.276346207e0,4.522532463e0,-1.836779833e0
test,496,CNc1cncc(O)c1,5.240912914e0,0.000000000e0,0.000000000e0,1.276346207e0,5.240912914e0,-1.273937821e0
test,497,CC1CCC(CO)OC1,8.955266953e0,0.000000000e0,0.000000000e0,1.276346207e0,8.955266953e0,1.636211872e0
test,498,C#CC1C=CCOC=N1,6.225965023e0,0.000000000e0,0.000000000e0,1.276346207e0,6.225965023e0,-5.021618605e-1
test,499,Nc1cc2n(n1)CCC2,6.291272163e0,0.000000000e0,0.000000000e0,1.276346207e0,6.291272163e0,-4.509945214e-1
