split,record_index,canonical_smiles,y_clean_raw,epsilon_raw,noise_scale_raw,noise_pattern_raw,y_noisy_raw,y_written
train,0,COC1C(O)C1(C)OC,7.956609249e0,-7.878168821e-1,7.187088132e-1,9.582784176e-1,7.168792248e0,2.365314215e-1
train,1,Cc1[nH]cnc1C1CN1,6.264060974e0,1.334511995e0,7.187088132e-1,9.582784176e-1,7.598572731e0,5.732590556e-1
train,2,C1C2C3CC4C1C2CC34,9.679089546e0,-8.599904180e-1,7.187088132e-1,9.582784176e-1,8.819099426e0,1.529526353e0
train,3,CC#CC1NCC12CO2,7.349795341e0,1.065207601e0,2.156126499e0,2.874835253e0,8.415002823e0,1.212921739e0
train,4,CC(C)C12CC=CC1N2,6.342973709e0,-7.413926125e-1,7.187088132e-1,9.582784176e-1,5.601581097e0,-9.913588166e-1
train,5,CC1(c2cnoc2)CC1,6.582434177e0,-1.408064961e-1,2.156126499e0,2.874835253e0,6.441627502e0,-3.331930041e-1
train,6,C#CC1(COC)CC1,8.051848412e0,-4.374615848e-1,7.187088132e-1,9.582784176e-1,7.614387035e0,5.856493115e-1
train,7,C#CCC1C2CC(O)C12,8.364779472e0,1.405901313e0,7.187088132e-1,9.582784176e-1,9.770680428e0,2.275078058e0
train,8,Cn1nccc1N1CC1,6.568828583e0,4.750422086e-4,7.187088132e-1,9.582784176e-1,6.569303513e0,-2.331604660e-1
train,9,CCC1CCOC1OC,9.208333015e0,-3.605108261e-1,7.187088132e-1,9.582784176e-1,8.847822189e0,1.552030325e0
train,10,CC1C=CC(=O)OC1C,5.904870510e0,-6.671509147e-1,7.187088132e-1,9.582784176e-1,5.237719536e0,-1.276439786e0
train,11,[NH-]C1OCC23COC12C3,7.004210949e0,-9.342561960e-1,7.187088132e-1,9.582784176e-1,6.069954872e0,-6.243938804e-1
train,12,COC(C=O)C(F)(F)F,6.032763958e0,-7.710959017e-2,7.187088132e-1,9.582784176e-1,5.955654144e0,-7.139470577e-1
train,13,CC#CC1CC1(O)C#N,6.925297737e0,2.657715976e-1,7.187088132e-1,9.582784176e-1,7.191069126e0,2.539850771e-1
train,14,[NH-]C1N=CC=NC(=O)O1,4.680358410e0,-1.473731756e0,7.187088132e-1,9.582784176e-1,3.206626654e0,-2.867775440e0
train,15,N#CC1CCC(=O)C1,6.046370029e0,-3.444265127e-1,7.187088132e-1,9.582784176e-1,5.701943398e0,-9.127262235e-1
train,16,CCOc1cnoc1,6.119840622e0,-2.651343346e0,2.156126499e0,2.874835253e0,3.468497276e0,-2.662603140e0
train,17,C[NH2+]C(C)OC(C)(C)C,7.366122246e0,-6.049945951e-1,7.187088132e-1,9.582784176e-1,6.761127472e0,-8.286880702e-2
train,18,CC(O)C1(C)CC1CO,8.732133865e0,-4.843810573e-2,7.187088132e-1,9.582784176e-1,8.683695793e0,1.423439264e0
train,19,CC1C2C(=O)C[NH+]12,5.929360867e0,2.937830091e-1,7.187088132e-1,9.582784176e-1,6.223144054e0,-5.043720603e-1
train,20,O=C1C2C3OCC1(O)C32,6.596040249e0,-2.223587990e0,7.187088132e-1,9.582784176e-1,4.372452259e0,-1.954365849e0
train,21,CC1CC2C3C1CC23C,4.688521862e0,5.007154867e-2,7.187088132e-1,9.582784176e-1,4.738593578e0,-1.667498708e0
train,22,CC12OC3CCC1C32O,7.894023418e0,6.596898437e-1,7.187088132e-1,9.582784176e-1,8.553712845e0,1.321599364e0
train,23,Nc1cc(OC=O)c[nH]1,5.752487183e0,-7.981865406e-1,7.187088132e-1,9.582784176e-1,4.954300880e0,-1.498494744e0
train,24,CC1=CC(=O)OCCC1,5.970178127e0,-2.816325426e-1,7.187088132e-1,9.582784176e-1,5.688545704e0,-9.232231379e-1
train,25,CCC(C(C)=O)C(C)O,6.193311214e0,9.940010309e-1,7.187088132e-1,9.582784176e-1,7.187312126e0,2.510415018e-1
train,26,CC12CC3(O)CC1OC32,8.381106377e0,3.627120256e-1,7.187088132e-1,9.582784176e-1,8.743818283e0,1.470544577e0
train,27,C#CC1(C)CC1NC=O,6.985162735e0,-5.761978030e-1,7.187088132e-1,9.582784176e-1,6.408965111e0,-3.587836027e-1
train,28,O1C2C3C2C2C4C1C4C32,7.815110207e0,8.055126667e-1,7.187088132e-1,9.582784176e-1,8.620622635e0,1.374022245e0
train,29,CCCC1(C=O)CN1,6.079023361e0,1.469641209e0,7.187088132e-1,9.582784176e-1,7.548664570e0,5.341566205e-1
train,30,COCC(C#N)NC=O,7.553880215e0,1.446709991e0,2.156126499e0,2.874835253e0,9.000590324e0,1.671722174e0
train,31,CC(OC=O)C(O)CO,7.643678188e0,2.645979226e-1,7.187088132e-1,9.582784176e-1,7.908276081e0,8.159077168e-1
train,32,CC1C2OCC3C2[NH+]13,8.596076965e0,9.087255001e-1,7.187088132e-1,9.582784176e-1,9.504802704e0,2.066766262e0
train,33,Cc1n[nH]c2occc12,6.147051811e0,3.437388241e-1,7.187088132e-1,9.582784176e-1,6.490790844e0,-2.946741581e-1
train,34,C[NH2+]C1OC(CO)C1C,7.523947716e0,1.415283203e0,2.156126499e0,2.874835253e0,8.939230919e0,1.623647928e0
train,35,CC12CC(C#N)=CC1N2,5.287172318e0,5.230761766e-1,7.187088132e-1,9.582784176e-1,5.810248375e0,-8.278706074e-1
train,36,COC(C(C)C)C1CO1,8.977036476e0,-1.136347055e0,7.187088132e-1,9.582784176e-1,7.840689659e0,7.629545927e-1
train,37,CC1CC2OC([NH-])C12O,7.559322834e0,3.389980793e-1,7.187088132e-1,9.582784176e-1,7.898321152e0,8.081081510e-1
train,38,CCCC1C=CNC1=O,5.825957775e0,-2.377748489e-1,7.187088132e-1,9.582784176e-1,5.588182926e0,-1.001856089e0
train,39,CC12C3C(O)C1(O)C[NH+]32,7.804225445e0,4.902082384e-1,7.187088132e-1,9.582784176e-1,8.294433594e0,1.118457317e0
train,40,N#CC1COC2C(O)C12,7.643678188e0,5.274993181e-1,7.187088132e-1,9.582784176e-1,8.171177864e0,1.021887898e0
train,41,Cc1occc(=O)c1F,5.472209930e0,5.642777681e-1,7.187088132e-1,9.582784176e-1,6.036487579e0,-6.506150365e-1
train,42,N#CC1COCCN1,6.979720592e0,-1.461814642e0,7.187088132e-1,9.582784176e-1,5.517906189e0,-1.056917071e0
train,43,N#CC12CC1OCCN2,7.104892731e0,5.915723443e-1,7.187088132e-1,9.582784176e-1,7.696465015e0,6.499564052e-1
train,44,O=CC12COC1C2O,5.932082176e0,-1.465834498e0,7.187088132e-1,9.582784176e-1,4.466247559e0,-1.880878329e0
train,45,C#CC(O)C1C(C)C1C,7.959330082e0,-2.754833102e-1,7.187088132e-1,9.582784176e-1,7.683846951e0,6.400703192e-1
train,46,CC(O)C(CO)C(C)O,8.089944839e0,3.200652003e-1,7.187088132e-1,9.582784176e-1,8.410010338e0,1.209010243e0
train,47,C#CCC(C)C(C)CO,8.489952087e0,-1.216260910e0,7.187088132e-1,9.582784176e-1,7.273691177e0,3.187184036e-1
train,48,CC12OCC1C2C(N)=O,6.925297737e0,1.189807534e0,7.187088132e-1,9.582784176e-1,8.115105629e0,9.779560566e-1
train,49,NC1=NCCCC1=O,4.685800552e0,-3.819628656e-1,7.187088132e-1,9.582784176e-1,4.303837776e0,-2.008124352e0
train,50,CC(C#CC#N)[NH+]1CC1,5.888543606e0,8.093015552e-1,7.187088132e-1,9.582784176e-1,6.697844982e0,-1.324498355e-1
train,51,O=C1CC2C3C(O)C2C13,6.141610146e0,4.731054008e-1,7.187088132e-1,9.582784176e-1,6.614715576e0,-1.975806803e-1
train,52,N#CC12CC(CCN1)C2,7.142988205e0,5.378906727e-1,7.187088132e-1,9.582784176e-1,7.680878639e0,6.377446651e-1
train,53,NC1=CC(=O)C2C[NH+]2C1,5.325268269e0,-5.258179903e-1,2.156126499e0,2.874835253e0,4.799450397e0,-1.619818091e0
train,54,CNC(C=O)(C=O)CO,5.327989578e0,-5.273647308e-1,7.187088132e-1,9.582784176e-1,4.800624847e0,-1.618898034e0
train,55,[NH-]C1OC2C=CC1O2,6.459982872e0,-4.461950958e-1,7.187088132e-1,9.582784176e-1,6.013787746e0,-6.684001088e-1
train,56,Cc1n[nH]c(=O)[nH]1,6.590597630e0,4.117814004e-1,7.187088132e-1,9.582784176e-1,7.002378941e0,1.061486900e-1
train,57,CC1(O)C=CC2(CN2)C1,6.563386440e0,-9.921413660e-2,7.187088132e-1,9.582784176e-1,6.464172363e0,-3.155294061e-1
train,58,CC1COC(=O)OC1,8.683153152e0,2.889515460e-1,7.187088132e-1,9.582784176e-1,8.972105026e0,1.649404287e0
train,59,CCCCCC,1.076754570e1,8.434426785e-1,7.187088132e-1,9.582784176e-1,1.161098862e1,3.716936350e0
train,60,C#CCNc1[nH]nn[nH+]1,5.480372906e0,-6.896979809e-1,7.187088132e-1,9.582784176e-1,4.790675163e0,-1.626693487e0
train,61,C#CC1NC1CC(N)=O,6.922576904e0,2.733125687e-1,2.156126499e0,2.874835253e0,7.195889473e0,2.577617466e-1
train,62,N#CC1(C2CCO2)CN1,7.401497364e0,3.323282599e-1,7.187088132e-1,9.582784176e-1,7.733825684e0,6.792280078e-1
train,63,Cc1c[n+]2[nH]cnc2[nH]1,6.378348827e0,6.551559567e-1,7.187088132e-1,9.582784176e-1,7.033504963e0,1.305355430e-1
train,64,CC1(C)CCN(C=O)C1,7.249113560e0,-2.446824014e-1,7.187088132e-1,9.582784176e-1,7.004431248e0,1.077566445e-1
train,65,OC1CC1CCC1CC1,9.083160400e0,-3.121244609e-1,7.187088132e-1,9.582784176e-1,8.771036148e0,1.491869330e0
train,66,CCCC12CCC1C2C,8.805603981e0,1.841144323e0,7.187088132e-1,9.582784176e-1,1.064674854e1,2.961466551e0
train,67,CCC(C)(C#N)NC=O,7.404218197e0,-4.249182045e-1,7.187088132e-1,9.582784176e-1,6.979300022e0,8.806664497e-2
train,68,C#CCn1cnnn1,7.211016655e0,-6.267502904e-1,7.187088132e-1,9.582784176e-1,6.584266186e0,-2.214373946e-1
train,69,C#CCNC(C=O)CO,5.994668484e0,1.149792552e0,7.187088132e-1,9.582784176e-1,7.144461155e0,2.174683213e-1
train,70,N#CC12CCC(CC1)O2,7.934839725e0,-1.965534240e-1,7.187088132e-1,9.582784176e-1,7.738286495e0,6.827229857e-1
train,71,OC12CC1CC1C[NH+]1C2,8.370222092e0,-2.474087626e-1,7.187088132e-1,9.582784176e-1,8.122813225e0,9.839948416e-1
train,72,CC1OCCC(=O)C1C,6.049090862e0,2.701848745e-1,7.187088132e-1,9.582784176e-1,6.319275856e0,-4.290539920e-1
train,73,N#CC#CC1(C#N)CN1,5.823236465e0,-2.768133879e-1,7.187088132e-1,9.582784176e-1,5.546422958e0,-1.034574509e0
train,74,O=C1C(=O)N2CC2C1O,4.046332836e0,9.213587642e-1,7.187088132e-1,9.582784176e-1,4.967691422e0,-1.488003373e0
train,75,CC12CC3C[NH+]3C1C2O,7.766129494e0,2.772401273e-1,7.187088132e-1,9.582784176e-1,8.043369293e0,9.217515588e-1
train,76,C[NH+]1CC1C(O)C(N)=O,6.702164173e0,4.559100270e-1,7.187088132e-1,9.582784176e-1,7.158074379e0,2.281341106e-1
train,77,CC1C2CCC(=O)C[NH+]12,5.412344456e0,1.822560549e0,2.156126499e0,2.874835253e0,7.234905243e0,2.883301377e-1
train,78,CCC1C(O)C1C(C)C,8.250492096e0,-1.066194296e0,2.156126499e0,2.874835253e0,7.184297562e0,2.486796379e-1
train,79,CCC1C(C)C1CCO,9.094044685e0,1.283140928e-1,7.187088132e-1,9.582784176e-1,9.222358704e0,1.845474958e0
train,80,CCCC1CC(=O)N1C,7.559322834e0,-5.062057376e-1,7.187088132e-1,9.582784176e-1,7.053117275e0,1.459015310e-1
train,81,N#CC1(CO)C[NH+]2CC21,7.387890816e0,1.311521232e-1,7.187088132e-1,9.582784176e-1,7.519042969e0,5.109484792e-1
train,82,CC#CC(=O)NC(C)=O,5.472209930e0,-1.027405739e0,7.187088132e-1,9.582784176e-1,4.444804192e0,-1.897678971e0
train,83,O=C1C2COCC1C2O,5.972899437e0,-8.439193368e-1,7.187088132e-1,9.582784176e-1,5.128980160e0,-1.361635685e0
train,84,O=C1C(O)C2NC2C1O,5.937524319e0,-8.031900972e-2,7.187088132e-1,9.582784176e-1,5.857205391e0,-7.910804152e-1
train,85,CC#CC1C=CCCO1,7.006931782e0,-6.235453486e-1,7.187088132e-1,9.582784176e-1,6.383386612e0,-3.788240254e-1
train,86,COCC12CC(N1)C2=O,6.729375839e0,4.775325656e-1,7.187088132e-1,9.582784176e-1,7.206908226e0,2.663948238e-1
train,87,NC(=O)OC12CCC1C2,8.364779472e0,4.868362248e-1,2.156126499e0,2.874835253e0,8.851615906e0,1.555002570e0
train,88,C1=CC2(CO2)C2COC12,6.536174774e0,1.053174615e0,7.187088132e-1,9.582784176e-1,7.589349270e0,5.660325885e-1
train,89,CC1OC(=O)NCC1O,8.049127579e0,-1.362657100e-1,7.187088132e-1,9.582784176e-1,7.912861824e0,8.195005655e-1
train,90,O=CC(=O)C1CCC1,4.190553188e0,-6.003891826e-1,7.187088132e-1,9.582784176e-1,3.590163946e0,-2.567278862e0
train,91,C1CC2C3C4CC(C14)[NH+]23,8.332126617e0,-6.985356212e-1,7.187088132e-1,9.582784176e-1,7.633591175e0,6.006955504e-1
train,92,CCC1OC12C1CC2C1,9.491331100e0,-4.575115442e-1,2.156126499e0,2.874835253e0,9.033819199e0,1.697756648e0
train,93,C#Cc1cc[nH]c1C#C,4.979683399e0,2.634630680e0,2.156126499e0,2.874835253e0,7.614314079e0,5.855921507e-1
train,94,OC1CC2CC1(O)C2O,8.419202805e0,1.153339028e0,7.187088132e-1,9.582784176e-1,9.572542191e0,2.119839191e0
train,95,CC1OC2CC(=O)C1O2,5.866774559e0,4.174794555e-1,7.187088132e-1,9.582784176e-1,6.284254074e0,-4.564931095e-1
train,96,Cc1cc(=O)cc(F)[nH]1,5.572891712e0,-2.237806320e0,2.156126499e0,2.874835253e0,3.335085392e0,-2.767129660e0
train,97,COCCCC1(C)CC1,9.080439568e0,1.236163452e-1,7.187088132e-1,9.582784176e-1,9.204055786e0,1.831134796e0
train,98,C1CC2CC2C2(C1)CO2,8.917170525e0,-1.292312264e0,7.187088132e-1,9.582784176e-1,7.624858379e0,5.938535333e-1
train,99,O=CNC12CC1C1CC12,6.639578342e0,1.278591275e0,7.187088132e-1,9.582784176e-1,7.918169498e0,8.236590624e-1
train,100,COC1CCOC1C,8.468183517e0,5.229661465e-1,7.187088132e-1,9.582784176e-1,8.991149902e0,1.664325714e0
train,101,CC1OCC12OCC2=O,5.801467419e0,-4.610220492e-1,7.187088132e-1,9.582784176e-1,5.340445518e0,-1.195955276e0
train,102,CCC1C(O)C12CCC2,8.345731735e0,-9.913583994e-1,7.187088132e-1,9.582784176e-1,7.354373455e0,3.819319606e-1
train,103,CC1CN(C(N)=O)C1,7.853205681e0,-5.541248322e-1,7.187088132e-1,9.582784176e-1,7.299080849e0,3.386109173e-1
train,104,C#CCN(C)C(N)=O,7.583813190e0,-4.504304379e-2,7.187088132e-1,9.582784176e-1,7.538770199e0,5.264045000e-1
train,105,C#CCC1OCC1O,8.070897102e0,2.923287153e-1,7.187088132e-1,9.582784176e-1,8.363225937e0,1.172355175e0
train,106,COc1cc(C=O)co1,4.533416748e0,6.384219527e-1,7.187088132e-1,9.582784176e-1,5.171838760e0,-1.328056574e0
train,107,CC1COCC1NC=O,7.472246647e0,1.328653455e0,7.187088132e-1,9.582784176e-1,8.800900459e0,1.515267730e0
train,108,CC1(C)CCCC1CO,9.088603020e0,-6.775430441e-1,2.156126499e0,2.874835253e0,8.411060333e0,1.209832907e0
train,109,CC1(O)CC2(O)CC1C2,8.696758270e0,-9.607583284e-1,2.156126499e0,2.874835253e0,7.736000061e0,6.809316278e-1
train,110,C[NH+](C)C(C)(C#N)C=O,5.072202206e0,6.963041425e-1,2.156126499e0,2.874835253e0,5.768506527e0,-8.605748415e-1
train,111,CC1(C)OCC1NO,6.718491554e0,-7.623007894e-1,7.187088132e-1,9.582784176e-1,5.956190586e0,-7.135267258e-1
train,112,O=C1CC2(CCN1)CN2,7.270882130e0,8.525502682e-2,7.187088132e-1,9.582784176e-1,7.356137276e0,3.833138943e-1
train,113,N#CC1CC(O)C1N,7.480409622e0,-7.696762681e-1,7.187088132e-1,9.582784176e-1,6.710733414e0,-1.223519146e-1
train,114,[NH-]C1OC2C=CC1C2,6.451819897e0,3.149484098e-1,7.187088132e-1,9.582784176e-1,6.766768456e0,-7.844916731e-2
train,115,CC1(O)C2C[NH+]2C12CC2,8.174300194e0,-8.996525779e-3,7.187088132e-1,9.582784176e-1,8.165303230e0,1.017285228e0
train,116,CCCc1nnn(C)n1,6.966114998e0,-5.964806080e-1,7.187088132e-1,9.582784176e-1,6.369634628e0,-3.895985186e-1
train,117,C[N+](=CN)C(C#N)C#N,3.654489040e0,-4.670711234e-2,7.187088132e-1,9.582784176e-1,3.607781887e0,-2.553475380e0
train,118,OCC(O)C#CC1CO1,7.216459274e0,5.485355854e-1,7.187088132e-1,9.582784176e-1,7.764994621e0,7.036485076e-1
train,119,CC1(C=O)CCO1,5.790582657e0,7.608142495e-1,7.187088132e-1,9.582784176e-1,6.551396847e0,-2.471901178e-1
train,120,CC(C#N)c1cnno1,6.400117874e0,3.013415337e-1,7.187088132e-1,9.582784176e-1,6.701459408e0,-1.296179891e-1
train,121,O=CC12CC1C1COC12,5.983783722e0,-3.856431544e-1,7.187088132e-1,9.582784176e-1,5.598140717e0,-9.940543175e-1
train,122,CC12CC3C4OC1C4C32,8.141646385e0,-1.676846147e-1,7.187088132e-1,9.582784176e-1,7.973961830e0,8.673716784e-1
train,123,Nc1cnc([N+](=O)[O-])o1,4.117082596e0,5.440602824e-2,7.187088132e-1,9.582784176e-1,4.171488762e0,-2.111818075e0
train,124,O=C(CO)N1CCC1,7.295372486e0,1.021750197e-1,2.156126499e0,2.874835253e0,7.397547722e0,4.157584608e-1
train,125,C#CC#CC#CC=O,4.225928307e0,3.933644593e-1,2.156126499e0,2.874835253e0,4.619292736e0,-1.760969400e0
train,126,C1=Cc2c[nH]cc2C1,5.455882549e0,-4.447095096e-1,7.187088132e-1,9.582784176e-1,5.011173248e0,-1.453935981e0
train,127,CC(C)(C=O)CO[CH+][NH-],6.253176689e0,6.404336691e-1,7.187088132e-1,9.582784176e-1,6.893610477e0,2.092996426e-2
train,128,C[NH2+]C(C=O)OC(C)=O,4.742944717e0,1.199024200e0,7.187088132e-1,9.582784176e-1,5.941968918e0,-7.246692181e-1
train,129,C[NH2+]C(OC=O)C(N)=O,5.243634224e0,-2.155189663e-1,7.187088132e-1,9.582784176e-1,5.028115273e0,-1.440662146e0
train,130,C#CC1C(O)C(O)C1O,7.480409622e0,9.171877801e-2,7.187088132e-1,9.582784176e-1,7.572128296e0,5.525401235e-1
train,131,C[NH2+]C1CCC(OC)O1,7.502179146e0,-3.012105823e-1,7.187088132e-1,9.582784176e-1,7.200968742e0,2.617413104e-1
train,132,CC1C2C3C(O)C3C12O,7.406939030e0,2.292894870e-1,7.187088132e-1,9.582784176e-1,7.636228561e0,6.027619243e-1
train,133,C#CCC1OCC1(C)C,8.098108292e0,6.606373787e-1,7.187088132e-1,9.582784176e-1,8.758745193e0,1.482239604e0
train,134,CC12OC1CC21CCC1,8.743018150e0,-4.306498468e-1,7.187088132e-1,9.582784176e-1,8.312368393e0,1.132508993e0
train,135,C#CCn1cncn1,7.382448673e0,-1.249106765e0,7.187088132e-1,9.582784176e-1,6.133341789e0,-5.747309923e-1
train,136,N#CC1CC(CO)C1O,7.864090443e0,2.538082898e-1,7.187088132e-1,9.582784176e-1,8.117898941e0,9.801446199e-1
train,137,C#CCc1ccc(C)o1,6.204195976e0,6.484308839e-1,7.187088132e-1,9.582784176e-1,6.852626801e0,-1.118023135e-2
train,138,N#CC12CCC1CC2,8.274982452e0,1.125359014e-1,7.187088132e-1,9.582784176e-1,8.387517929e0,1.191387653e0
train,139,CC1C2OC3C(O2)C13,8.971593857e0,-6.693310142e-1,7.187088132e-1,9.582784176e-1,8.302263260e0,1.124591708e0
train,140,[NH-]C1CCC2OC2CO1,7.455919266e0,-3.489219248e-1,7.187088132e-1,9.582784176e-1,7.106997490e0,1.881160140e-1
train,141,C#CC[NH2+][CH+]OC,7.344352722e0,-2.132854760e-1,7.187088132e-1,9.582784176e-1,7.131067276e0,2.069743872e-1
train,142,[NH-]C1OC2C3C2C2C3[NH+]12,7.474967480e0,-2.468412161e0,2.156126499e0,2.874835253e0,5.006555557e0,-1.457553864e0
train,143,CCC1(O)C(C)C1C#N,7.978377819e0,1.620105840e-2,7.187088132e-1,9.582784176e-1,7.994578838e0,8.835248351e-1
train,144,CC1=CC(C)(C)C2OC12,6.650462627e0,-5.679519773e-1,7.187088132e-1,9.582784176e-1,6.082510471e0,-6.145566702e-1
train,145,c1nn[nH]c1C1COC1,6.805567265e0,1.087855577e0,7.187088132e-1,9.582784176e-1,7.893423080e0,8.042705655e-1
train,146,C#CC(=O)CC1C[NH+]1C,4.506205559e0,-1.012247708e-2,7.187088132e-1,9.582784176e-1,4.496083260e0,-1.857502460e0
train,147,CN=CN1CCOC1=O,6.568828583e0,7.658349872e-1,7.187088132e-1,9.582784176e-1,7.334663391e0,3.664893806e-1
train,148,C[NH+]1CC1CCC1CO1,8.362058640e0,-5.071397424e-1,7.187088132e-1,9.582784176e-1,7.854918957e0,7.741031051e-1
train,149,CC1COC2(CO)CC12,8.658662796e0,-3.264928758e-1,7.187088132e-1,9.582784176e-1,8.332169533e0,1.148022890e0
train,150,CCNC(N)=O,8.231444359e0,-3.351548910e-1,7.187088132e-1,9.582784176e-1,7.896289349e0,8.065162897e-1
train,151,C#CC#CC(=O)C1CC1,4.966077805e0,7.579232454e-1,7.187088132e-1,9.582784176e-1,5.724000931e0,-8.954443932e-1
train,152,[NH-]C1NCCC(=O)C1=O,3.757892370e0,3.100982010e-1,7.187088132e-1,9.582784176e-1,4.067990780e0,-2.192907572e0
train,153,CCC1OC2(C)C(O)C12,8.160694122e0,-3.499552980e-2,7.187088132e-1,9.582784176e-1,8.125699043e0,9.862558842e-1
train,154,C1#CCCOCCCC1,7.624630451e0,5.092578530e-1,7.187088132e-1,9.582784176e-1,8.133888245e0,9.926720262e-1
train,155,C#CC#CCC(=O)CC,6.030043125e0,2.690210640e-1,7.187088132e-1,9.582784176e-1,6.299064159e0,-4.448896050e-1
train,156,C#CC12CC3C(C1)[NH+]3C2,7.817831039e0,1.204572201e0,7.187088132e-1,9.582784176e-1,9.022403717e0,1.688812733e0
train,157,CC12C3C4C1C4(CO)C32,7.828715801e0,-5.854865909e-1,7.187088132e-1,9.582784176e-1,7.243229389e0,2.948519886e-1
train,158,C#CC1CC=CC12CN2,6.655904770e0,-9.521003962e-1,7.187088132e-1,9.582784176e-1,5.703804493e0,-9.112680554e-1
train,159,O=c1cc(O)occ1O,5.608266830e0,-7.216343284e-2,7.187088132e-1,9.582784176e-1,5.536103249e0,-1.042659879e0
train,160,C[NH+]1C(C#N)C1C1CO1,7.085844994e0,-1.130117178e0,7.187088132e-1,9.582784176e-1,5.955727577e0,-7.138894796e-1
train,161,CC(C(O)C=O)[NH+]1CC1,5.757929325e0,1.579229683e-1,7.187088132e-1,9.582784176e-1,5.915852070e0,-7.451314330e-1
train,162,OCC12[NH2+][CH+]NC1C2O,6.201474667e0,1.278910756e0,7.187088132e-1,9.582784176e-1,7.480385303e0,4.806606770e-1
train,163,CC1C(C)C1C(C)(C)C,8.781113625e0,5.138975978e-1,7.187088132e-1,9.582784176e-1,9.295011520e0,1.902397513e0
train,164,CC1OC2C=CC1C2,6.628693581e0,-5.883609653e-1,7.187088132e-1,9.582784176e-1,6.040332794e0,-6.476023793e-1
train,165,CC(C)(C)C1C2CC[NH+]21,8.030079842e0,1.055533171e0,2.156126499e0,2.874835253e0,9.085613251e0,1.738336563e0
train,166,CC1(C2CO2)CCC1,9.458678246e0,1.657140493e0,7.187088132e-1,9.582784176e-1,1.111581898e1,3.328977346e0
train,167,O=CC12CC3C1C1C2[NH+]31,5.717112064e0,-5.651497245e-1,7.187088132e-1,9.582784176e-1,5.151962280e0,-1.343629479e0
train,168,OCC1COCC12CC2,8.699480057e0,-3.164260387e-1,7.187088132e-1,9.582784176e-1,8.383053780e0,1.187890053e0
train,169,CNC(=O)C(N)CC#N,7.240949631e0,-1.698695779e0,7.187088132e-1,9.582784176e-1,5.542253971e0,-1.037840843e0
train,170,CCNC1C(=O)OC1C,6.517127037e0,-1.265238404e0,7.187088132e-1,9.582784176e-1,5.251888752e0,-1.265338421e0
train,171,C#CC1(C)CN(C)C1=O,7.208295822e0,5.117547512e-1,2.156126499e0,2.874835253e0,7.720050812e0,6.684355736e-1
train,172,c1cn2c(n1)C1OC1C2,6.280387878e0,8.546008468e-1,7.187088132e-1,9.582784176e-1,7.134988785e0,2.100468278e-1
train,173,CC(=O)C1=CCC(=O)N1,4.457224846e0,-1.017821789e0,7.187088132e-1,9.582784176e-1,3.439403057e0,-2.685398102e0
train,174,CC12CCOC1C1CC12,8.770229340e0,-7.150845528e-1,7.187088132e-1,9.582784176e-1,8.055145264e0,9.309778810e-1
train,175,[NH-]C1C=CC2CC(C2)O1,5.461325169e0,-4.337666035e-1,7.187088132e-1,9.582784176e-1,5.027558327e0,-1.441098452e0
train,176,Cc1cc(N(C)C)c[nH]1,5.956572056e0,-2.240529060e-1,7.187088132e-1,9.582784176e-1,5.732519150e0,-8.887705207e-1
train,177,C#CCOC(=O)CO,7.679053307e0,1.832782775e-1,7.187088132e-1,9.582784176e-1,7.862331390e0,7.799106240e-1
train,178,CC1(CO)CC2CC2C1,9.031458855e0,-4.930893779e-1,7.187088132e-1,9.582784176e-1,8.538369179e0,1.309577703e0
train,179,CCC1(OC(C)=O)CC1,7.521226883e0,1.281335831e0,2.156126499e0,2.874835253e0,8.802562714e0,1.516570091e0
train,180,N#CC(C#N)C(O)C[NH3+],4.024563789e0,-1.674997211e0,7.187088132e-1,9.582784176e-1,2.349566460e0,-3.539271355e0
train,181,CC1C2NC2(C)C1(C)O,8.060012817e0,-4.675080776e-1,7.187088132e-1,9.582784176e-1,7.592504501e0,5.685046315e-1
train,182,CC(O)C1=NCCO1,7.450477123e0,-1.260433078e0,7.187088132e-1,9.582784176e-1,6.190043926e0,-5.303055644e-1
train,183,CCN(C)c1c[nH]nn1,5.357921600e0,-1.038762704e-1,7.187088132e-1,9.582784176e-1,5.254045486e0,-1.263648629e0
train,184,Cc1c(C=O)ccn1C,5.308941364e0,2.038415670e0,2.156126499e0,2.874835253e0,7.347356796e0,3.764345050e-1
train,185,CC12CC1C1OCC12,8.421924591e0,6.429524422e-1,7.187088132e-1,9.582784176e-1,9.064876556e0,1.722089648e0
train,186,CCC1OC1(C=O)C=O,5.322546959e0,-3.708474338e-2,7.187088132e-1,9.582784176e-1,5.285462379e0,-1.239033818e0
train,187,[NH-]C1NC(=O)NCC1O,6.857269287e0,-1.535424590e-1,7.187088132e-1,9.582784176e-1,6.703726768e0,-1.278415322e-1
train,188,C#CC(O)c1nnon1,5.847726822e0,7.996550202e-2,7.187088132e-1,9.582784176e-1,5.927692413e0,-7.358546853e-1
train,189,COC(=O)C1C(C)C1C,7.553880215e0,9.570446014e-1,7.187088132e-1,9.582784176e-1,8.510925293e0,1.288075805e0
train,190,OC1C2CCOC1OC2,8.653220177e0,-8.302723616e-2,7.187088132e-1,9.582784176e-1,8.570193291e0,1.334511518e0
train,191,CCO[CH+][NH2+]C(C)C,7.387890816e0,-3.323256671e-1,7.187088132e-1,9.582784176e-1,7.055565357e0,1.478195786e-1
train,192,CC#CC1CC1(C)C,7.627351284e0,4.148715734e-1,7.187088132e-1,9.582784176e-1,8.042222977e0,9.208534360e-1
train,193,CCNc1nc(N)no1,6.606924534e0,1.122952461e0,7.187088132e-1,9.582784176e-1,7.729876995e0,6.761342883e-1
train,194,CC1[NH2+]C2OCC2C1=O,5.662689686e0,-7.871336341e-1,7.187088132e-1,9.582784176e-1,4.875555992e0,-1.560190320e0
train,195,CC1(O)C2NC13CNC23,7.102171898e0,9.133012295e-1,7.187088132e-1,9.582784176e-1,8.015473366e0,8.998954296e-1
train,196,Cc1n[nH]c(CC#N)n1,7.183805943e0,5.640017390e-1,7.187088132e-1,9.582784176e-1,7.747807503e0,6.901826262e-1
train,197,C[NH2+]C(C=O)C(=O)C=O,3.458567381e0,1.522435546e-1,7.187088132e-1,9.582784176e-1,3.610810995e0,-2.551102161e0
train,198,O=CC1OC12C1CC2C1,5.994668484e0,1.831777692e-1,7.187088132e-1,9.582784176e-1,6.177846432e0,-5.398621559e-1
train,199,CC12CC(C=O)=CC1O2,5.036827564e0,-2.188353240e-1,7.187088132e-1,9.582784176e-1,4.817992210e0,-1.605290890e0
train,200,CC1CC2(O)CCOC12,8.430087090e0,1.140795946e0,7.187088132e-1,9.582784176e-1,9.570882797e0,2.118539095e0
train,201,C1CC2(CO2)C1[NH+]1CC1,8.220560074e0,-5.655304193e-1,7.187088132e-1,9.582784176e-1,7.655029774e0,6.174924374e-1
train,202,O=C1C(CO)C2OCC12,5.785140514e0,-8.031798601e-1,7.187088132e-1,9.582784176e-1,4.981960773e0,-1.476823568e0
train,203,N#CC1(CCO)CNC1,7.300814629e0,2.018254250e-1,7.187088132e-1,9.582784176e-1,7.502640247e0,4.980971217e-1
train,204,O=CNC1CC(CO)C1,7.605582714e0,6.667451859e-1,7.187088132e-1,9.582784176e-1,8.272327423e0,1.101137400e0
train,205,CCNC(=O)C1CC1C,7.442313671e0,-8.176168799e-1,7.187088132e-1,9.582784176e-1,6.624696732e0,-1.897605807e-1
train,206,O=CCn1ccnc1O,4.680358410e0,-9.648450613e-1,7.187088132e-1,9.582784176e-1,3.715513229e0,-2.469069242e0
train,207,C#CC(C)(O)C1COC1,7.499457359e0,1.355785429e-1,7.187088132e-1,9.582784176e-1,7.635035992e0,6.018275619e-1
train,208,O=C(CO)C1(O)COC1,6.206917286e0,3.660566807e-1,7.187088132e-1,9.582784176e-1,6.572974205e0,-2.302845269e-1
train,209,COC(C=O)CC1CO1,5.793303967e0,-1.064520776e-1,7.187088132e-1,9.582784176e-1,5.686851978e0,-9.245501757e-1
train,210,CC1C2C(=O)C1(C)C2C,6.694001198e0,-3.395832479e-1,7.187088132e-1,9.582784176e-1,6.354417801e0,-4.015207291e-1
train,211,CC1C(O)C1(O)C(N)=O,7.317142010e0,3.439663947e-1,7.187088132e-1,9.582784176e-1,7.661108494e0,6.222550273e-1
train,212,N#CCN1CC(O)C1=O,6.990605354e0,-5.055720210e-1,7.187088132e-1,9.582784176e-1,6.485033512e0,-2.991849482e-1
train,213,CC1CC12CC=CCC2,7.308978081e0,1.717490256e-1,7.187088132e-1,9.582784176e-1,7.480727196e0,4.809285402e-1
train,214,CCN(C)C(=O)N1CC1,7.464083195e0,1.455137730e-1,7.187088132e-1,9.582784176e-1,7.609597206e0,5.818965435e-1
train,215,CCOCC1CN1C=O,7.074960232e0,4.047203958e-1,7.187088132e-1,9.582784176e-1,7.479680538e0,4.801084995e-1
train,216,[NH-]C1NC23CCC2OC13,6.582434177e0,-3.223802447e-1,7.187088132e-1,9.582784176e-1,6.260054111e0,-4.754534960e-1
train,217,CC1C=C2COC2C1=O,5.798746109e0,1.695684075e0,7.187088132e-1,9.582784176e-1,7.494430065e0,4.916645586e-1
train,218,CC12CC(C=O)C[NH+]1C2,5.782419682e0,-2.042623162e-1,7.187088132e-1,9.582784176e-1,5.578157425e0,-1.009711027e0
train,219,CCC1(OC)CC1,8.987920761e0,3.715880513e-1,7.187088132e-1,9.582784176e-1,9.359508514e0,1.952930093e0
train,220,COCCn1ccnc1,6.889922619e0,3.845928907e-1,7.187088132e-1,9.582784176e-1,7.274515629e0,3.193643689e-1
train,221,O=Cc1nc[nH]c(=O)n1,4.405523300e0,5.266198516e-1,7.187088132e-1,9.582784176e-1,4.932143211e0,-1.515854955e0
train,222,C1CC23COCC2OC13,8.391991615e0,8.738586307e-1,7.187088132e-1,9.582784176e-1,9.265850067e0,1.879549861e0
train,223,CC1NCCNC1=O,7.045027256e0,8.165188432e-1,7.187088132e-1,9.582784176e-1,7.861546040e0,7.792953253e-1
train,224,C1CC23COC(C2)OC13,8.987920761e0,-5.502368212e-1,7.187088132e-1,9.582784176e-1,8.437684059e0,1.230692267e0
train,225,COC1CCC=CC1=O,4.786482811e0,2.029654533e-1,7.187088132e-1,9.582784176e-1,4.989448071e0,-1.470957398e0
train,226,OC1CC12CC1CC2O1,8.617846489e0,7.417597771e-1,7.187088132e-1,9.582784176e-1,9.359605789e0,1.953006268e0
train,227,CNC(=O)C1CC1(C)O,7.455919266e0,2.388892770e-1,7.187088132e-1,9.582784176e-1,7.694808483e0,6.486585140e-1
train,228,Nc1cc(F)oc(=O)n1,5.793303967e0,1.006495237e0,7.187088132e-1,9.582784176e-1,6.799798965e0,-5.257017538e-2
train,229,O=CC1OC12COC2,5.869495869e0,-6.912983954e-2,2.156126499e0,2.874835253e0,5.800365925e0,-8.356134295e-1
train,230,Cc1nc(C=O)[nH]c1C,4.764713764e0,4.637742937e-1,7.187088132e-1,9.582784176e-1,5.228487968e0,-1.283672571e0
train,231,C1=CC2OC3CC2C1O3,6.666789532e0,-9.769954681e-1,7.187088132e-1,9.582784176e-1,5.689794064e0,-9.222450852e-1
train,232,Cc1cncnc1,5.711669922e0,6.018552780e-1,7.187088132e-1,9.582784176e-1,6.313525200e0,-4.335595667e-1
train,233,CC(O)C1(O[CH+][NH-])CC1,7.502179146e0,-8.376531005e-1,7.187088132e-1,9.582784176e-1,6.664525986e0,-1.585548520e-1
train,234,C#CC12COCC1C2,7.842320919e0,5.741227865e-1,7.187088132e-1,9.582784176e-1,8.416443825e0,1.214050770e0
train,235,O=CNC1CC2CC21O,6.879037857e0,4.777112603e-1,7.187088132e-1,9.582784176e-1,7.356749058e0,3.837932348e-1
train,236,C#CCC12C=CCC1N2,6.759308338e0,-4.197766185e-1,7.187088132e-1,9.582784176e-1,6.339531898e0,-4.131836295e-1
train,237,CC12NC1CC(O)C2=O,5.428671360e0,-3.990621567e-1,7.187088132e-1,9.582784176e-1,5.029609203e0,-1.439491630e0
train,238,N#CCC12NC1C1NC12,6.487194061e0,4.040405273e0,2.156126499e0,2.874835253e0,1.052759933e1,2.868114471e0
train,239,CC1C(O)C2CC1(C)O2,8.204232216e0,1.124992296e-1,7.187088132e-1,9.582784176e-1,8.316731453e0,1.135927320e0
train,240,CC1CC1OCC(N)=O,7.630072594e0,4.256480336e-1,7.187088132e-1,9.582784176e-1,8.055720329e0,9.314284325e-1
train,241,CCc1cc(OC)c[nH]1,6.321204662e0,-3.954200447e-1,7.187088132e-1,9.582784176e-1,5.925784588e0,-7.373494506e-1
train,242,CC1CC(O)(C#N)CO1,7.630072594e0,1.753227353e0,7.187088132e-1,9.582784176e-1,9.383299828e0,1.971570253e0
train,243,CC1(C#N)CNC(N)[NH2+]1,7.064075947e0,3.631223738e-1,7.187088132e-1,9.582784176e-1,7.427198410e0,4.389894009e-1
train,244,NC(=O)c1coc(=O)[nH]1,5.126625061e0,1.158639714e-1,7.187088132e-1,9.582784176e-1,5.242488861e0,-1.272703052e0
train,245,NC1[NH2+]CC(=O)C12CN2,5.352479935e0,1.019739732e-1,7.187088132e-1,9.582784176e-1,5.454453945e0,-1.106631041e0
train,246,Nc1c[nH]c2cc[nH]c12,5.513026714e0,1.650839150e-1,7.187088132e-1,9.582784176e-1,5.678110600e0,-9.313989282e-1
train,247,CC1C2OCC12CC#N,7.434150696e0,-4.090460837e-1,7.187088132e-1,9.582784176e-1,7.025104523e0,1.239538938e-1
train,248,CCC1C(=O)CC1C,5.967456818e0,6.636843085e-1,7.187088132e-1,9.582784176e-1,6.631141186e0,-1.847114265e-1
train,249,CCC12CC[NH+]1C2C=O,5.589218616e0,-1.349765182e0,7.187088132e-1,9.582784176e-1,4.239453316e0,-2.058568716e0
train,250,NC(=O)CCOC1CC1,7.466804028e0,-4.828615114e-2,7.187088132e-1,9.582784176e-1,7.418518066e0,4.321884513e-1
train,251,O=CN1CC(CO)C1=O,5.896707535e0,4.677730501e-1,7.187088132e-1,9.582784176e-1,6.364480495e0,-3.936367333e-1
train,252,O=CC12C[NH+]1CC21CN1,5.230028629e0,2.432274073e-1,7.187088132e-1,9.582784176e-1,5.473256111e0,-1.091899872e0
train,253,CCOC1COC1(C)C,8.726691246e0,1.016854405e0,7.187088132e-1,9.582784176e-1,9.743545532e0,2.253818274e0
train,254,COC1(C)CC(C#N)C1,7.918513298e0,6.606465578e-2,2.156126499e0,2.874835253e0,7.984578133e0,8.756893873e-1
train,255,CCCOc1cn[nH]c1,6.326647282e0,4.426924884e-1,7.187088132e-1,9.582784176e-1,6.769339561e0,-7.643473893e-2
train,256,OCc1ccccc1F,6.356579781e0,6.142799258e-1,7.187088132e-1,9.582784176e-1,6.970859528e0,8.145362139e-2
train,257,C#Cc1nc(N)n[nH]1,5.074923515e0,-4.841017425e-1,7.187088132e-1,9.582784176e-1,4.590821743e0,-1.783276081e0
train,258,Nc1cc(CCO)on1,6.362021923e0,1.895409584e0,7.187088132e-1,9.582784176e-1,8.257431030e0,1.089466214e0
train,259,CC1COCC(C=O)O1,5.676295280e0,-5.661261082e-1,7.187088132e-1,9.582784176e-1,5.110169411e0,-1.376373649e0
train,260,C#CCC1[NH2+]C2CC2O1,6.947066307e0,1.134667754e0,7.187088132e-1,9.582784176e-1,8.081733704e0,9.518095851e-1
train,261,[NH-][CH+]Oc1ccc(N)[nH]1,5.499421120e0,4.445658326e-1,7.187088132e-1,9.582784176e-1,5.943986893e0,-7.230882049e-1
train,262,CC1CC2CC(=O)C2C1,5.864053726e0,7.476680875e-1,7.187088132e-1,9.582784176e-1,6.611721992e0,-1.999261230e-1
train,263,C#CCNc1cnn[nH]1,6.277666569e0,3.219583258e-2,7.187088132e-1,9.582784176e-1,6.309862614e0,-4.364291430e-1
train,264,OC1C2CC2C2COC12,8.337568283e0,4.607702494e-1,7.187088132e-1,9.582784176e-1,8.798338890e0,1.513260722e0
train,265,O=C1CC2C1C2C1CC1,6.247734070e0,-1.362215638e0,2.156126499e0,2.874835253e0,4.885518551e0,-1.552384853e0
train,266,O=CC1C[NH+]1C1CC1O,5.461325169e0,3.596204817e-1,7.187088132e-1,9.582784176e-1,5.820945740e0,-8.194893599e-1
train,267,CC1OC2(C)C(=O)CC12,5.496700287e0,-2.365502119e-1,7.187088132e-1,9.582784176e-1,5.260149956e0,-1.258865833e0
train,268,CC[NH+]1C(C=O)C2CC21,5.020500660e0,-7.699713707e-1,7.187088132e-1,9.582784176e-1,4.250529289e0,-2.049890995e0
train,269,[H]N=C(NC=O)OCCO,6.204195976e0,-1.968102455e-1,7.187088132e-1,9.582784176e-1,6.007385731e0,-6.734159589e-1
train,270,N#CC(O)CC1CCC1,8.307636261e0,6.021035314e-1,7.187088132e-1,9.582784176e-1,8.909739494e0,1.600541711e0
train,271,CCc1nc(O)c(O)[nH]1,5.801467419e0,3.037109971e-1,7.187088132e-1,9.582784176e-1,6.105178356e0,-5.967966914e-1
train,272,C#CC(=O)N1CC1C#C,5.834120750e0,8.105928898e-1,7.187088132e-1,9.582784176e-1,6.644713402e0,-1.740777642e-1
train,273,N1C2C3NC2C2OC2C13,7.638236046e0,3.369110823e-1,7.187088132e-1,9.582784176e-1,7.975147247e0,8.683004379e-1
train,274,CCOC1CC(C=O)C1,6.193311214e0,-2.806974649e-1,7.187088132e-1,9.582784176e-1,5.912613869e0,-7.476685643e-1
train,275,CC1(C(N)=O)C2COC21,7.142988205e0,-9.269976020e-1,7.187088132e-1,9.582784176e-1,6.215990543e0,-5.099767447e-1
train,276,OCC(O)C1CC(O)C1,8.555259705e0,-2.055068910e-1,2.156126499e0,2.874835253e0,8.349752426e0,1.161798835e0
train,277,Cc1occc1C1CO1,6.277666569e0,-1.108834743e0,7.187088132e-1,9.582784176e-1,5.168831825e0,-1.330412388e0
train,278,CC(C)C(=O)OCC#N,7.679053307e0,-1.049592376e0,7.187088132e-1,9.582784176e-1,6.629460812e0,-1.860279739e-1
train,279,CC#CC(=O)C#CC#N,4.696685314e0,-1.105719805e0,7.187088132e-1,9.582784176e-1,3.590965509e0,-2.566650867e0
train,280,O=CC(=O)C1CC(O)C1,4.212322235e0,7.655570507e-1,7.187088132e-1,9.582784176e-1,4.977879524e0,-1.480021119e0
train,281,CNc1[cH-]c(=O)oc1[NH-],4.778319359e0,-1.701551229e-1,7.187088132e-1,9.582784176e-1,4.608164310e0,-1.769688368e0
train,282,CN1C(=O)CNC1[NH-],6.647741318e0,-1.515121460e0,7.187088132e-1,9.582784176e-1,5.132619858e0,-1.358784080e0
train,283,CC#CC(C)C(C)C#N,7.820552349e0,4.178374112e-1,7.187088132e-1,9.582784176e-1,8.238389969e0,1.074547768e0
train,284,O=C1COC12C1CC2N1,5.162000179e0,2.012125999e-1,7.187088132e-1,9.582784176e-1,5.363212585e0,-1.178117514e0
train,285,[NH-][CH+]OC1CNC1C=O,5.589218616e0,2.323676199e-1,7.187088132e-1,9.582784176e-1,5.821586132e0,-8.189876676e-1
train,286,CC1CCCC=C1C#N,6.087186813e0,1.360184550e0,7.187088132e-1,9.582784176e-1,7.447371483e0,4.547947645e-1
train,287,CCC1OC(C)C2CC12,9.102209091e0,5.420231447e-2,7.187088132e-1,9.582784176e-1,9.156411171e0,1.793805838e0
train,288,CC(C)C(C#N)CC=O,6.125282764e0,2.458564192e-1,7.187088132e-1,9.582784176e-1,6.371139050e0,-3.884198368e-1
train,289,CC#CC(C)C(N)=O,7.322584152e0,-6.952077746e-1,7.187088132e-1,9.582784176e-1,6.627376556e0,-1.876609623e-1
train,290,CC1OC2CCC1CC2,8.242328644e0,1.133107543e0,7.187088132e-1,9.582784176e-1,9.375435829e0,1.965408921e0
train,291,C1OC1C12CC3C1[NH+]3C2,8.411039352e0,-1.224874139e0,7.187088132e-1,9.582784176e-1,7.186165333e0,2.501430213e-1
train,292,N#CC(=O)c1cn[nH]c1,5.224586010e0,-9.511814713e-1,7.187088132e-1,9.582784176e-1,4.273404598e0,-2.031968355e0
train,293,N#CC12CC1CC21CO1,7.670889378e0,-1.189898401e-1,7.187088132e-1,9.582784176e-1,7.551899433e0,5.366910696e-1
train,294,CC1=CC(=O)COC1C,4.895328522e0,9.365954250e-2,7.187088132e-1,9.582784176e-1,4.988987923e0,-1.471317887e0
train,295,O=Cc1ccc(=O)oc1,4.936145306e0,6.014732271e-2,7.187088132e-1,9.582784176e-1,4.996292591e0,-1.465594769e0
train,296,Cc1c(F)cn[nH]c1=O,4.966077805e0,1.858766079e0,2.156126499e0,2.874835253e0,6.824843884e0,-3.294779733e-2
train,297,CN1CC(C(N)=O)C1=O,7.047749043e0,-7.229130864e-1,7.187088132e-1,9.582784176e-1,6.324835777e0,-4.246978760e-1
train,298,C#CC12COC1(C)CN2,6.704885483e0,-1.621751904e0,7.187088132e-1,9.582784176e-1,5.083133698e0,-1.397555828e0
train,299,CC12CC1[NH+]1CC1CO2,8.138925552e0,-2.970157862e-1,7.187088132e-1,9.582784176e-1,7.841909885e0,7.639106512e-1
train,300,C[NH+]1C2C3(O)CC2(O)C13,7.570207596e0,2.310929000e-1,7.187088132e-1,9.582784176e-1,7.801300526e0,7.320936918e-1
train,301,[NH-]c1cc(CO)nn[nH+]1,4.470830441e0,8.920491091e-4,7.187088132e-1,9.582784176e-1,4.471722603e0,-1.876588702e0
train,302,COC1C(C)C1CC#N,8.089944839e0,-8.603030443e-1,7.187088132e-1,9.582784176e-1,7.229641914e0,2.842063606e-1
train,303,COCC(=O)C1CC1C,6.283109188e0,2.163158208e-1,7.187088132e-1,9.582784176e-1,6.499424934e0,-2.879094481e-1
train,304,C#CCC1=CC2OC2C1,6.568828583e0,4.659390748e-1,7.187088132e-1,9.582784176e-1,7.034767628e0,1.315248162e-1
train,305,N#Cc1ncon1,6.590597630e0,5.320347548e-1,7.187088132e-1,9.582784176e-1,7.122632504e0,2.003658414e-1
train,306,N#CC12CC3CC1[NH+]3C2,7.314420223e0,2.100448161e-1,7.187088132e-1,9.582784176e-1,7.524465084e0,5.151966214e-1
train,307,CC(=NC1CC1)NC=O,5.918476582e0,1.371324062e0,7.187088132e-1,9.582784176e-1,7.289800644e0,3.313399851e-1
train,308,O=CC12C[NH+](CC1=O)C2,5.317104816e0,6.488933563e-1,7.187088132e-1,9.582784176e-1,5.965998173e0,-7.058426142e-1
train,309,CC(C)CC#CCC=O,5.948409081e0,1.081197143e0,7.187088132e-1,9.582784176e-1,7.029606342e0,1.274810135e-1
train,310,CC1C2CC3(C)OC1C23,8.547096252e0,-4.126583338e-1,7.187088132e-1,9.582784176e-1,8.134437561e0,9.931023717e-1
train,311,CC1C2C(C=O)C3C2[NH+]13,6.163379192e0,5.584098771e-2,7.187088132e-1,9.582784176e-1,6.219220161e0,-5.074463487e-1
train,312,O=CCCC1CCOC1,6.070860386e0,-2.380592823e-1,7.187088132e-1,9.582784176e-1,5.832800865e0,-8.102010489e-1
train,313,O=COC1CC(=O)C1,6.008274078e0,-3.806344032e0,2.156126499e0,2.874835253e0,2.201930046e0,-3.654942751e0
train,314,O=CN1C(=O)NC2CC21,6.484473228e0,-5.871051550e-1,7.187088132e-1,9.582784176e-1,5.897367954e0,-7.596135139e-1
train,315,Cn1nccc1CO,6.976998806e0,6.608414650e-1,7.187088132e-1,9.582784176e-1,7.637840271e0,6.040246487e-1
train,316,OCC1=CCOC12CC2,6.285830498e0,-2.125058174e-1,7.187088132e-1,9.582784176e-1,6.073324680e0,-6.217536330e-1
train,317,C1C2C[NH+]1CC1(CC1)O2,8.177021980e0,4.239201546e-1,2.156126499e0,2.874835253e0,8.600942612e0,1.358603239e0
train,318,O=C1C2CCCCC1O2,6.054533005e0,1.032464504e0,7.187088132e-1,9.582784176e-1,7.086997509e0,1.724462807e-1
train,319,C[NH+]1CC(OCC=O)C1,5.194653511e0,-8.140963912e-1,2.156126499e0,2.874835253e0,4.380557060e0,-1.948015809e0
train,320,CCCN(C)C(=O)C#N,5.940245628e0,4.854083061e-1,7.187088132e-1,9.582784176e-1,6.425653934e0,-3.457081020e-1
train,321,CC1COCC=C1C#N,6.043648720e0,9.112275839e-1,7.187088132e-1,9.582784176e-1,6.954876423e0,6.893106550e-2
train,322,N#CCC1NC1C1CN1,7.749802589e0,1.300940871e0,2.156126499e0,2.874835253e0,9.050743103e0,1.711016297e0
train,323,C#CC(=O)CC#N,5.725275517e0,2.948144972e-1,7.187088132e-1,9.582784176e-1,6.020090103e0,-6.634622812e-1
train,324,CC1(C)C2C3OC3C21C,7.657283783e0,-5.052078962e-1,7.187088132e-1,9.582784176e-1,7.152075768e0,2.234342694e-1
train,325,CC(O)C1C=CCOC1,6.849106312e0,-3.667046502e-2,7.187088132e-1,9.582784176e-1,6.812435627e0,-4.266951233e-2
train,326,OC12CC(C1)C1(CO1)C2,9.001525879e0,-1.628832579e0,7.187088132e-1,9.582784176e-1,7.372693062e0,3.962851465e-1
train,327,C1OC1C1C2COC21,8.538932800e0,6.358518600e-1,7.187088132e-1,9.582784176e-1,9.174784660e0,1.808201313e0
train,328,ONC1C=CN2CCC12,4.751108170e0,-4.563950300e-1,7.187088132e-1,9.582784176e-1,4.294713020e0,-2.015273571e0
train,329,CC1C2C3C(O)C2C13C,8.525327682e0,-2.321792394e-1,7.187088132e-1,9.582784176e-1,8.293148041e0,1.117449999e0
train,330,N#CC1CC=CCN1,6.789240837e0,-1.792379618e0,2.156126499e0,2.874835253e0,4.996861458e0,-1.465149045e0
train,331,CC#CCC1(C)COC1,7.953887463e0,-8.397673368e-1,7.187088132e-1,9.582784176e-1,7.114120007e0,1.936964095e-1
train,332,CC(C)c1n[nH]c(=O)[nH]1,6.571549892e0,6.592148542e-1,7.187088132e-1,9.582784176e-1,7.230764866e0,2.850861847e-1
train,333,O=C1NC2CC1C2,7.069517612e0,1.296627164e0,2.156126499e0,2.874835253e0,8.366145134e0,1.174642324e0
train,334,OCC1(O)CC2OCC21,8.119877815e0,8.863321543e-1,7.187088132e-1,9.582784176e-1,9.006210327e0,1.676125407e0
train,335,N#CCC12C3C4C(C31)[NH+]42,6.887201786e0,-7.785260081e-1,7.187088132e-1,9.582784176e-1,6.108675957e0,-5.940563679e-1
train,336,CC12CC1CC2(N)C#N,7.611024857e0,-3.457337022e-1,7.187088132e-1,9.582784176e-1,7.265291214e0,3.121371567e-1
train,337,COC12CCC1NC2=O,6.830057621e0,-6.444635391e-1,7.187088132e-1,9.582784176e-1,6.185594082e0,-5.337919593e-1
train,338,CCC(=NO)C1CCC1,6.794682980e0,1.299440384e0,7.187088132e-1,9.582784176e-1,8.094123840e0,9.615170956e-1
train,339,C1CC1C12COC(C1)C2,8.781113625e0,-3.050884902e-1,7.187088132e-1,9.582784176e-1,8.476025581e0,1.260732293e0
train,340,[NH-]C1CC(C=O)O1,6.046370029e0,-3.299502134e-1,7.187088132e-1,9.582784176e-1,5.716419697e0,-9.013842344e-1
train,341,CCC1CC(C#N)N1,7.219180584e0,-5.413390398e-1,7.187088132e-1,9.582784176e-1,6.677841663e0,-1.481221914e-1
train,342,Nc1cc(F)ccc1F,5.616430283e0,-6.161122322e-1,7.187088132e-1,9.582784176e-1,5.000318050e0,-1.462440848e0
train,343,O=COC12CCOC1C2,6.669510841e0,7.695376873e-1,7.187088132e-1,9.582784176e-1,7.439048767e0,4.482740164e-1
train,344,C#CC1OC2CC1(O)C2,7.488573551e0,8.596926928e-2,7.187088132e-1,9.582784176e-1,7.574542999e0,5.544320345e-1
train,345,N#CC12NC3C1COC32,7.140267849e0,6.954261661e-2,7.187088132e-1,9.582784176e-1,7.209810257e0,2.686685324e-1
train,346,CCC12OCC1C2C#N,7.719869614e0,-2.819061577e-1,7.187088132e-1,9.582784176e-1,7.437963486e0,4.474236965e-1
train,347,CC1CCC2(CO2)C1=O,5.556564808e0,-8.094687760e-2,7.187088132e-1,9.582784176e-1,5.475617886e0,-1.090049386e0
train,348,CC12C3OC4C[NH+]1C2C43,7.853205681e0,3.013663292e-1,7.187088132e-1,9.582784176e-1,8.154571533e0,1.008877158e0
train,349,C#CC12C[NH+]1C(C)C2O,6.895365238e0,3.152257502e-1,7.187088132e-1,9.582784176e-1,7.210590839e0,2.692801058e-1
train,350,CNC1=N[CH+](C)N=CO1,4.941587925e0,5.523165688e-2,7.187088132e-1,9.582784176e-1,4.996819496e0,-1.465181947e0
train,351,CCC1CC1C(O)C#N,8.247770309e0,8.722713217e-3,7.187088132e-1,9.582784176e-1,8.256492615e0,1.088731050e0
train,352,CC1=CC2CC1OC2[NH-],6.449098587e0,-4.122146964e-1,7.187088132e-1,9.582784176e-1,6.036883831e0,-6.503046155e-1
train,353,COCC12CCC1N2,9.148468018e0,4.643124342e-1,7.187088132e-1,9.582784176e-1,9.612780571e0,2.151365519e0
train,354,CCC1NC2(C#N)CC12,6.642299175e0,1.243847460e-1,7.187088132e-1,9.582784176e-1,6.766684055e0,-7.851529121e-2
train,355,C#CC(=O)C1OC1CO,5.347037315e0,-3.011868000e-1,7.187088132e-1,9.582784176e-1,5.045850754e0,-1.426766515e0
train,356,CCC(O)C(C)(C)CO,8.879075050e0,2.851813436e-1,7.187088132e-1,9.582784176e-1,9.164256096e0,1.799952269e0
train,357,COCC1(C)C(C)C1O,8.587913513e0,-6.858878136e-1,7.187088132e-1,9.582784176e-1,7.902025700e0,8.110105991e-1
train,358,NC1[NH2+]CC23CCC12O3,6.645020485e0,-3.714601994e-1,2.156126499e0,2.874835253e0,6.273560524e0,-4.648713768e-1
train,359,C[NH+]1C(C=O)C2CC21,5.020500660e0,5.041458011e-1,7.187088132e-1,9.582784176e-1,5.524646282e0,-1.051636338e0
train,360,N#CC12CC3[NH+]1CC32N,6.917134762e0,-6.497568488e-1,7.187088132e-1,9.582784176e-1,6.267377853e0,-4.697154164e-1
train,361,C[NH2+]C1OCC2CC21C,7.377007008e0,-5.173081756e-1,7.187088132e-1,9.582784176e-1,6.859698772e0,-5.639430601e-3
train,362,Cn1cc(O)nc1C=O,4.364706516e0,3.389545918e0,2.156126499e0,2.874835253e0,7.754252434e0,6.952320933e-1
train,363,C#CC[NH+]1CCC(=O)C1,5.363364220e0,-9.371021390e-2,7.187088132e-1,9.582784176e-1,5.269653797e0,-1.251419663e0
train,364,N#CC[NH+]1CC(C#N)C1,7.238228798e0,8.191017509e-1,7.187088132e-1,9.582784176e-1,8.057330132e0,9.326896667e-1
train,365,O=C1CC23CC(C2O)C13,5.959293365e0,2.731077969e-1,7.187088132e-1,9.582784176e-1,6.232401371e0,-4.971190691e-1
train,366,O=CC1NC2[NH2+]CCC12,5.164721012e0,-3.751876354e-1,7.187088132e-1,9.582784176e-1,4.789533615e0,-1.627587795e0
train,367,C#CC#CC#CCO,4.887165070e0,-2.529881895e-3,7.187088132e-1,9.582784176e-1,4.884634972e0,-1.553077102e0
train,368,OCC(O)c1cc[nH]n1,6.824615955e0,-4.469136298e-1,7.187088132e-1,9.582784176e-1,6.377702236e0,-3.832776546e-1
train,369,CCC(C)CCC1CO1,9.415139198e0,1.203937888e0,7.187088132e-1,9.582784176e-1,1.061907673e1,2.939785957e0
train,370,CC[NH2+]C1COC(=O)N1,6.906250000e0,-2.690049708e-1,7.187088132e-1,9.582784176e-1,6.637245178e0,-1.799290329e-1
train,371,C#CC1(C)C(C)N1C=O,6.862711906e0,-1.699638367e-2,7.187088132e-1,9.582784176e-1,6.845715523e0,-1.659513079e-2
train,372,CC12C3NC1C2C3C#N,7.371564865e0,1.924826056e-1,7.187088132e-1,9.582784176e-1,7.564047337e0,5.462087989e-1
train,373,C1NC1C12CC3C[NH+]1C32,8.334847450e0,-2.209496498e0,2.156126499e0,2.874835253e0,6.125350952e0,-5.809917450e-1
train,374,C#CCC(=O)OCC=O,6.253176689e0,-7.109090090e-1,2.156126499e0,2.874835253e0,5.542267799e0,-1.037829995e0
train,375,C[NH+]1C(C=O)CC1CO,5.491257668e0,-4.372946918e-1,7.187088132e-1,9.582784176e-1,5.053963184e0,-1.420410514e0
train,376,[NH-]C1OC2C3C(=O)C1C23,6.283109188e0,1.886030436e0,7.187088132e-1,9.582784176e-1,8.169139862e0,1.020291209e0
train,377,CC1C2CCC(=O)C12,6.073581219e0,2.632868588e-1,7.187088132e-1,9.582784176e-1,6.336868286e0,-4.152705371e-1
train,378,CNC1COCOC1=O,6.302156925e0,9.859564304e-1,7.187088132e-1,9.582784176e-1,7.288113594e0,3.300181925e-1
train,379,CC1C2(O)COC12CO,7.923955917e0,7.469640970e-1,7.187088132e-1,9.582784176e-1,8.670920372e0,1.413429976e0
train,380,C1=C2CCOC2OCC1,6.903528214e0,5.412675738e-1,7.187088132e-1,9.582784176e-1,7.444795609e0,4.527765810e-1
train,381,O=CCCc1cn[nH]c1,5.866774559e0,-4.754419625e-1,7.187088132e-1,9.582784176e-1,5.391332626e0,-1.156085849e0
train,382,CC1=CC2OCCC1O2,6.846384525e0,2.924694419e-1,7.187088132e-1,9.582784176e-1,7.138854027e0,2.130752057e-1
train,383,C#CCC(C)CCCO,8.536211014e0,2.855722904e-1,7.187088132e-1,9.582784176e-1,8.821783066e0,1.531628966e0
train,384,CC1(OC=O)CCC1O,7.423265934e0,7.722789645e-1,7.187088132e-1,9.582784176e-1,8.195545197e0,1.040979505e0
train,385,COC(=O)NC1CC1C,8.174300194e0,1.280901551e0,7.187088132e-1,9.582784176e-1,9.455202103e0,2.027904749e0
train,386,[NH-]C1OC2CCC1CO2,7.809667587e0,-1.276273370e0,7.187088132e-1,9.582784176e-1,6.533394337e0,-2.612948418e-1
train,387,C[NH2+]C1NC(C)(C)CO1,7.602860928e0,-1.514217705e-1,7.187088132e-1,9.582784176e-1,7.451439381e0,4.579819143e-1
train,388,C1=NCc2ncoc2N1,5.368806362e0,-2.825035155e-1,7.187088132e-1,9.582784176e-1,5.086302757e0,-1.395072937e0
train,389,COC1CC2C(=O)CC12,6.019158840e0,-3.733009696e-1,7.187088132e-1,9.582784176e-1,5.645857811e0,-9.566685557e-1
train,390,CCCC1(C)C[NH2+][CH+]O1,7.412381172e0,5.797421336e-1,7.187088132e-1,9.582784176e-1,7.992123127e0,8.816007972e-1
train,391,C#CC12C(=O)NC1C2O,6.631414413e0,-1.246102691e0,7.187088132e-1,9.582784176e-1,5.385311604e0,-1.160803199e0
train,392,C#CC1CC1(O)CC=O,5.978341103e0,1.091930747e0,7.187088132e-1,9.582784176e-1,7.070271969e0,1.593420208e-1
train,393,C#Cc1c[nH]c(C#N)c1,5.425950050e0,-1.460735559e0,7.187088132e-1,9.582784176e-1,3.965214491e0,-2.273431540e0
train,394,Oc1cnc2n1[CH+]C=[NH+]2,5.796025276e0,-5.280762315e-1,7.187088132e-1,9.582784176e-1,5.267949104e0,-1.252755284e0
train,395,O=C1C(O)C2C3OC1C32,5.521190166e0,1.003472567e0,7.187088132e-1,9.582784176e-1,6.524662971e0,-2.681357563e-1
train,396,Nc1cnc(F)[nH]c1=O,4.808251858e0,1.271382123e-1,7.187088132e-1,9.582784176e-1,4.935389996e0,-1.513311148e0
train,397,CCC1(C(C)C)CCC1,9.502216339e0,-5.700328201e-2,7.187088132e-1,9.582784176e-1,9.445213318e0,2.020078659e0
train,398,OC1CNc2nnoc21,4.876280308e0,-1.179491043e0,7.187088132e-1,9.582784176e-1,3.696789265e0,-2.483739376e0
train,399,CCn1nnc(C#N)n1,6.645020485e0,-1.953474879e-1,7.187088132e-1,9.582784176e-1,6.449673176e0,-3.268893361e-1
train,400,COC(=O)C1C2CCC21,7.273603439e0,-1.090073824e0,7.187088132e-1,9.582784176e-1,6.183529854e0,-5.354092717e-1
train,401,C1c2nnoc2C2CC12,5.553843975e0,-8.546165228e-1,7.187088132e-1,9.582784176e-1,4.699227333e0,-1.698341608e0
train,402,CCn1nnc(N)c1N,6.166100025e0,-2.190714478e-1,2.156126499e0,2.874835253e0,5.947028637e0,-7.207050323e-1
train,403,OC1C=CCCCOC1,6.898086548e0,1.636413336e0,2.156126499e0,2.874835253e0,8.534500122e0,1.306546330e0
train,404,C#CC(=NO)C(C)C,5.692621708e0,-3.269273341e-1,7.187088132e-1,9.582784176e-1,5.365694523e0,-1.176172972e0
train,405,COc1noc(N)c1N,6.468146324e0,1.457411796e-1,7.187088132e-1,9.582784176e-1,6.613887310e0,-1.982296258e-1
train,406,CC(=O)CC1CC(C)C1,6.342973709e0,-1.152719855e0,7.187088132e-1,9.582784176e-1,5.190253735e0,-1.313628674e0
train,407,C#Cc1n[nH]cc1C,6.098071575e0,-3.197292984e-1,7.187088132e-1,9.582784176e-1,5.778342247e0,-8.528686762e-1
train,408,CCC1C(O)C1CC,8.296751022e0,6.362001300e-1,7.187088132e-1,9.582784176e-1,8.932950974e0,1.618727565e0
train,409,CC(O)CC(C=O)C=O,5.717112064e0,1.438028663e-1,7.187088132e-1,9.582784176e-1,5.860914707e0,-7.881742120e-1
train,410,CCc1onc(O)c1C,6.694001198e0,1.040695161e-1,7.187088132e-1,9.582784176e-1,6.798070908e0,-5.392408744e-2
train,411,CCOc1ncco1,6.688558578e0,-2.374703735e-1,7.187088132e-1,9.582784176e-1,6.451088428e0,-3.257805109e-1
train,412,C1NC1C12CC3CC1[NH+]32,8.421924591e0,1.176429272e0,7.187088132e-1,9.582784176e-1,9.598354340e0,2.140062809e0
train,413,COC1(C(O)CO)CC1,8.000147820e0,7.524563074e-1,7.187088132e-1,9.582784176e-1,8.752604485e0,1.477428436e0
train,414,C#CC1(C(C)=O)CC1,6.217801571e0,-4.368118476e-3,7.187088132e-1,9.582784176e-1,6.213433266e0,-5.119803548e-1
train,415,CC1CC2OC1C2(C)C,8.811046600e0,-6.494235396e-1,7.187088132e-1,9.582784176e-1,8.161623001e0,1.014401793e0
train,416,CC1COCC1(C)C#N,8.182463646e0,5.426849127e-1,2.156126499e0,2.874835253e0,8.725148201e0,1.455916762e0
train,417,COC1CC=CC(=O)C1,5.164721012e0,1.559257030e0,7.187088132e-1,9.582784176e-1,6.723978043e0,-1.119749174e-1
train,418,O=CNCC1C[NH2+][CH+]O1,7.257276535e0,5.604802370e-1,7.187088132e-1,9.582784176e-1,7.817756653e0,7.449868917e-1
train,419,Cc1nc2c(o1)CCN2,5.349758625e0,2.546844780e-1,7.187088132e-1,9.582784176e-1,5.604443073e0,-9.891164899e-1
train,420,CC1=CC(C)OCC1O,6.936182499e0,-3.544663787e-1,7.187088132e-1,9.582784176e-1,6.581716061e0,-2.234353870e-1
train,421,CC1(N)CCC1(N)C#N,7.170200348e0,-8.644195199e-1,7.187088132e-1,9.582784176e-1,6.305780888e0,-4.396271408e-1
train,422,O=CC1CC2(CN2)C1O,5.932082176e0,1.163828373e0,7.187088132e-1,9.582784176e-1,7.095910549e0,1.794295311e-1
train,423,CC1=CC2(CCC1)CO2,6.704885483e0,8.406345844e-1,7.187088132e-1,9.582784176e-1,7.545519829e0,5.316927433e-1
train,424,CC(C)C(=O)CC=O,5.602824211e0,2.282261848e-1,7.187088132e-1,9.582784176e-1,5.831050396e0,-8.115724921e-1
train,425,Nc1nc(N2CC2)co1,6.372906685e0,-8.067076802e-1,7.187088132e-1,9.582784176e-1,5.566198826e0,-1.019080400e0
train,426,CCCC1CC1(O)CO,8.231444359e0,7.753654718e-1,7.187088132e-1,9.582784176e-1,9.006810188e0,1.676595330e0
train,427,CC1(O)C(=O)COC1[NH-],5.719833374e0,8.572216034e-1,7.187088132e-1,9.582784176e-1,6.577054977e0,-2.270872891e-1
train,428,N#CC(N)C12CC[NH+]1C2,7.257276535e0,1.949758381e-1,7.187088132e-1,9.582784176e-1,7.452252388e0,4.586188793e-1
train,429,CO[CH+]Nc1ccn[nH]1,5.162000179e0,4.806100726e-1,7.187088132e-1,9.582784176e-1,5.642610073e0,-9.592131376e-1
train,430,C1=CC23COC2C(C1)N3,6.125282764e0,-1.384168506e0,7.187088132e-1,9.582784176e-1,4.741114140e0,-1.665523887e0
train,431,CC1(O)CCC(O)C1,8.936218262e0,6.203668714e-1,7.187088132e-1,9.582784176e-1,9.556585312e0,2.107337236e0
train,432,N#CC12CC(CC1=O)N2,6.030043125e0,-2.944391072e-1,7.187088132e-1,9.582784176e-1,5.735603809e0,-8.863537312e-1
train,433,C1C[NH+]2C([NH2+]1)OC1CC12,7.113056660e0,1.966458082e0,2.156126499e0,2.874835253e0,9.079514503e0,1.733558297e0
train,434,CC1C2COC(=O)C1O2,6.653183937e0,-1.981406845e-2,7.187088132e-1,9.582784176e-1,6.633369923e0,-1.829652339e-1
train,435,CC12COC3C[NH+]1C32C,8.432807922e0,-2.316154391e-1,7.187088132e-1,9.582784176e-1,8.201192856e0,1.045404315e0
train,436,CC1C(O)C2C3OC3C12,8.397434235e0,9.364590645e-1,7.187088132e-1,9.582784176e-1,9.333892822e0,1.932860494e0
train,437,Cc1coc(CN)n1,6.596040249e0,6.788859963e-1,7.187088132e-1,9.582784176e-1,7.274926186e0,3.196860254e-1
train,438,CC#CC1(O)CC1CO,7.347074509e0,-8.067970276e-1,7.187088132e-1,9.582784176e-1,6.540277481e0,-2.559019923e-1
train,439,CC12CC1C(C#N)C2O,8.002868652e0,-4.855434224e-2,7.187088132e-1,9.582784176e-1,7.954314232e0,8.519780040e-1
train,440,NC(=O)OCCC1CC1,8.800162315e0,5.765762329e-1,7.187088132e-1,9.582784176e-1,9.376738548e0,1.966429591e0
train,441,CC1=CCOCC1C#N,7.017816544e0,-3.517146036e-2,7.187088132e-1,9.582784176e-1,6.982645035e0,9.068742394e-2
train,442,C1CCCOCCC1,8.748460770e0,1.429058313e0,7.187088132e-1,9.582784176e-1,1.017751884e1,2.593830824e0
train,443,C[NH+]1CC1(C#N)C1CN1,7.034143448e0,-3.103702962e-1,7.187088132e-1,9.582784176e-1,6.723773003e0,-1.121355593e-1
train,444,CCC1(NC=O)COC1,7.042306423e0,-7.785888314e-1,7.187088132e-1,9.582784176e-1,6.263717651e0,-4.725831449e-1
train,445,N#CCOC12C[NH+](C1)C2,7.254555702e0,-5.767011046e-1,7.187088132e-1,9.582784176e-1,6.677854538e0,-1.481121033e-1
train,446,C#CC1OCC1CC#N,7.325304985e0,1.841953158e0,7.187088132e-1,9.582784176e-1,9.167258263e0,1.802304387e0
train,447,CC12CC3C1C1C2C31C,8.786556244e0,-7.060905099e-1,7.187088132e-1,9.582784176e-1,8.080465317e0,9.508157969e-1
train,448,N#CC1CCOCOC1,8.313077927e0,9.201993346e-1,7.187088132e-1,9.582784176e-1,9.233277321e0,1.854029536e0
train,449,N#CC1C2C3NC3C[NH+]12,7.039586067e0,-3.170960248e-1,7.187088132e-1,9.582784176e-1,6.722489834e0,-1.131409109e-1
train,450,CNc1c[cH-]c(=O)n1C,4.563349247e0,3.205997348e-1,7.187088132e-1,9.582784176e-1,4.883948803e0,-1.553614736e0
train,451,COC1COCC2NC21,8.269539833e0,-8.460187912e-1,2.156126499e0,2.874835253e0,7.423521042e0,4.361082315e-1
train,452,O=C1CC2OCC2O1,7.379727840e0,1.324239820e-1,7.187088132e-1,9.582784176e-1,7.512151718e0,5.055492520e-1
train,453,O=C1C2C=CC1N2,6.391954422e0,1.590856075e0,2.156126499e0,2.874835253e0,7.982810497e0,8.743044734e-1
train,454,CC1(O)COC(C)(C)C1,8.168857574e0,3.049579144e0,2.156126499e0,2.874835253e0,1.121843719e1,3.409377337e0
train,455,CCC1CC2CC12,9.227380753e0,2.524500154e-2,7.187088132e-1,9.582784176e-1,9.252625465e0,1.869188547e0
train,456,CC(C)OC1C2CCC21,8.636894226e0,1.478028297e0,2.156126499e0,2.874835253e0,1.011492252e1,2.544787407e0
train,457,C#CC(=O)c1cn[nH]c1,5.289893150e0,-5.653342009e-1,7.187088132e-1,9.582784176e-1,4.724558830e0,-1.678494692e0
train,458,NC(=O)COCC(N)=O,6.269503117e0,-1.012200117e0,7.187088132e-1,9.582784176e-1,5.257303238e0,-1.261096239e0
train,459,C#CC1CC1CC(C)O,7.885859489e0,-7.624258399e-1,7.187088132e-1,9.582784176e-1,7.123433590e0,2.009934783e-1
train,460,O=CC12COC3C(C1)C32,5.532074928e0,-1.405248284e0,7.187088132e-1,9.582784176e-1,4.126826763e0,-2.146810293e0
train,461,OC1CCC2C(O)C12,8.302193642e0,-9.011802673e-1,7.187088132e-1,9.582784176e-1,7.401013374e0,4.184737504e-1
train,462,CCC(C#N)C1(C)CO1,8.470904350e0,1.251741052e0,7.187088132e-1,9.582784176e-1,9.722645760e0,2.237443447e0
train,463,CC1[NH+]2CC(O)C12C,7.779735088e0,-1.339409471e0,7.187088132e-1,9.582784176e-1,6.440325737e0,-3.342129290e-1
train,464,CCC1=CC(C)C(=O)N1,5.817794323e0,-7.623836398e-2,7.187088132e-1,9.582784176e-1,5.741556168e0,-8.816900849e-1
train,465,CC1(CC(O)C#N)CN1,8.201511383e0,-6.091986299e-1,7.187088132e-1,9.582784176e-1,7.592312813e0,5.683544874e-1
train,466,O=CCOC1CC1,6.212359428e0,1.601528376e-1,7.187088132e-1,9.582784176e-1,6.372512341e0,-3.873438835e-1
train,467,Cn1cc(N)c(N)n1,5.915755272e0,1.000674129e0,7.187088132e-1,9.582784176e-1,6.916429520e0,3.880839795e-2
train,468,C1C2[NH+]1CC21CC1,8.313077927e0,-2.624913216e0,2.156126499e0,2.874835253e0,5.688164711e0,-9.235216379e-1
train,469,C1=CC2[NH+]3C1C3C21CN1,5.779698372e0,4.942945540e-1,7.187088132e-1,9.582784176e-1,6.273993015e0,-4.645325243e-1
train,470,C#Cc1noc(N)n1,5.828679085e0,-4.316770434e-1,7.187088132e-1,9.582784176e-1,5.397002220e0,-1.151643753e0
train,471,CC(=O)C12CC1OC2C,6.089908123e0,2.235395610e-1,2.156126499e0,2.874835253e0,6.313447475e0,-4.336204529e-1
train,472,CC[NH+]1CC(C)(C#N)C1,7.088566303e0,2.745834291e-1,7.187088132e-1,9.582784176e-1,7.363149643e0,3.888080120e-1
train,473,NC(=O)Cn1nnnn1,6.528011322e0,7.192075998e-2,7.187088132e-1,9.582784176e-1,6.599932194e0,-2.091632783e-1
train,474,CC12CCC3[NH+]1CC32O,8.465462685e0,-1.860524058e0,7.187088132e-1,9.582784176e-1,6.604938507e0,-2.052408904e-1
train,475,OC12CC1C1(CC1)C2,8.789278030e0,8.437430263e-1,7.187088132e-1,9.582784176e-1,9.633021355e0,2.167223930e0
train,476,O=C1CC2(C3CO3)CC12,6.315762520e0,7.069623470e-1,7.187088132e-1,9.582784176e-1,7.022725105e0,1.220896542e-1
train,477,CC1OC1(C)C=O,5.981062412e0,5.573678970e0,2.156126499e0,2.874835253e0,1.155474091e1,3.672867060e0
train,478,OCC1CC=CC=CC1,5.186490059e0,7.048122287e-1,7.187088132e-1,9.582784176e-1,5.891302109e0,-7.643660307e-1
train,479,OC1C=CC(C2CO2)C1,7.042306423e0,-6.055296063e-1,7.187088132e-1,9.582784176e-1,6.436776638e0,-3.369936049e-1
train,480,CC1Cc2ccoc2N1,5.782419682e0,-8.331146240e-1,7.187088132e-1,9.582784176e-1,4.949305058e0,-1.502408862e0
train,481,Cc1ccc(N)[nH]c1=O,4.775598526e0,-2.680474520e-1,7.187088132e-1,9.582784176e-1,4.507551193e0,-1.848517537e0
train,482,CC(C)C#CCC=O,5.953851223e0,-9.376948699e-3,7.187088132e-1,9.582784176e-1,5.944474220e0,-7.227063775e-1
train,483,CC(=O)COCC1CN1,6.002831459e0,5.522630215e-1,7.187088132e-1,9.582784176e-1,6.555094719e0,-2.442928851e-1
train,484,OCC1C=CCCCO1,6.998768330e0,-9.010104835e-2,7.187088132e-1,9.582784176e-1,6.908667088e0,3.272663057e-2
train,485,CCC(O)C(=O)C=O,4.280350685e0,-3.255476952e-1,7.187088132e-1,9.582784176e-1,3.954802990e0,-2.281588793e0
train,486,CCC(O)C1CCOC1,8.889959335e0,-7.189156413e-1,7.187088132e-1,9.582784176e-1,8.171043396e0,1.021782637e0
train,487,C1CC23CC4OC2CC143,8.084503174e0,-3.292082548e0,2.156126499e0,2.874835253e0,4.792420387e0,-1.625326037e0
train,488,O=C1CC2C=CC1CC2,5.801467419e0,5.268619955e-2,7.187088132e-1,9.582784176e-1,5.854153633e0,-7.934713960e-1
train,489,CC1(O)CNC1=O,7.303536415e0,7.312583923e-1,7.187088132e-1,9.582784176e-1,8.034794807e0,9.150335193e-1
train,490,CC(O)C1OCCC1O,8.318520546e0,-1.019909263e0,7.187088132e-1,9.582784176e-1,7.298611164e0,3.382429183e-1
train,491,OCCCc1nn[nH]n1,6.647741318e0,4.002466798e-1,7.187088132e-1,9.582784176e-1,7.047987938e0,1.418827623e-1
train,492,CC1C=CCC2(CC2)C1,7.243670940e0,-5.134868026e-1,7.187088132e-1,9.582784176e-1,6.730184078e0,-1.071125641e-1
train,493,O=C1CC(CO)(CO)C1,6.049090862e0,8.005340695e-1,7.187088132e-1,9.582784176e-1,6.849625111e0,-1.353201829e-2
train,494,CC12OC1C1CC2C1,9.202890396e0,5.449788570e-1,7.187088132e-1,9.582784176e-1,9.747869492e0,2.257205963e0
train,495,COC1(C)C2C=CC1O2,6.236849785e0,-2.395969182e-1,7.187088132e-1,9.582784176e-1,5.997252941e0,-6.813548803e-1
train,496,CC12C([NH-])OC3C[NH+]1C32,6.952508926e0,1.169688776e-1,7.187088132e-1,9.582784176e-1,7.069478035e0,1.587199867e-1
train,497,CCOC([NH-])C1CC1C,7.711706638e0,-1.087174416e0,7.187088132e-1,9.582784176e-1,6.624532223e0,-1.898894608e-1
train,498,CCc1cc(N)ncn1,5.989225864e0,1.015186906e0,7.187088132e-1,9.582784176e-1,7.004412651e0,1.077420786e-1
train,499,c1nc2n(n1)CCCC2,7.191968918e0,-2.097884655e0,7.187088132e-1,9.582784176e-1,5.094084263e0,-1.388976216e0
train,500,CC(O)(C#N)C1(O)CC1,7.962051392e0,-1.210935041e-1,7.187088132e-1,9.582784176e-1,7.840958118e0,7.631649375e-1
train,501,CC12NC1C1NC12C,7.336189747e0,-3.585843563e0,2.156126499e0,2.874835253e0,3.750346184e0,-2.441778183e0
train,502,C1OC(C2CC2)C2CC12,9.115814209e0,1.122724175e0,7.187088132e-1,9.582784176e-1,1.023853874e1,2.641639233e0
train,503,CCC1C(C#N)C1CC,8.443693161e0,-1.683143228e-1,7.187088132e-1,9.582784176e-1,8.275379181e0,1.103528380e0
train,504,CC1(C)COCC1(C)C,8.280425072e0,6.060922146e-1,7.187088132e-1,9.582784176e-1,8.886517525e0,1.582347631e0
train,505,C#CC(C)(O)C(C)O,8.079060555e0,2.117438316e0,2.156126499e0,2.874835253e0,1.019649887e1,2.608701468e0
train,506,CC12CCCC1(C#N)C2,8.272260666e0,1.352777004e0,7.187088132e-1,9.582784176e-1,9.625038147e0,2.160969257e0
train,507,CCCC#CC(=O)NC,6.413723469e0,-5.743893385e-1,7.187088132e-1,9.582784176e-1,5.839334011e0,-8.050823808e-1
train,508,[NH-]C1CC2(CO2)C(=O)N1,6.541617393e0,1.064648986e0,7.187088132e-1,9.582784176e-1,7.606266499e0,5.792869925e-1
train,509,CC1CC1(C#N)CC#N,8.419202805e0,9.552887082e-2,2.156126499e0,2.874835253e0,8.514731407e0,1.291057825e0
train,510,CCc1ccnc(F)n1,5.866774559e0,-4.676300585e-1,7.187088132e-1,9.582784176e-1,5.399144650e0,-1.149965286e0
train,511,COC1(C)C(C)C1(C)C,8.462740898e0,-7.933511138e-1,7.187088132e-1,9.582784176e-1,7.669389725e0,6.287432313e-1
train,512,CN1C(=O)CC2(C)CC12,7.004210949e0,7.937266231e-1,7.187088132e-1,9.582784176e-1,7.797937393e0,7.294587493e-1
train,513,CC1CC=CC(O)C1C,6.979720592e0,-7.672432661e-1,2.156126499e0,2.874835253e0,6.212477207e0,-5.127294064e-1
train,514,C#CCC12CC3C[NH+]1C32,7.937561512e0,-2.133295387e-1,7.187088132e-1,9.582784176e-1,7.724232197e0,6.717116237e-1
train,515,[NH-][CH+]OC(=O)C1CCC1,6.732096672e0,7.539140582e-1,7.187088132e-1,9.582784176e-1,7.486010551e0,4.850679636e-1
train,516,CC1OC1c1ncno1,6.547059536e0,9.559436440e-1,7.187088132e-1,9.582784176e-1,7.503003120e0,4.983814359e-1
train,517,CC#CC1=CC2OC2C1,5.292614460e0,6.470528245e-1,7.187088132e-1,9.582784176e-1,5.939667225e0,-7.264726162e-1
train,518,C#CC#CC(=O)CCO,5.028664112e0,3.948094547e-1,7.187088132e-1,9.582784176e-1,5.423473358e0,-1.130903959e0
train,519,CC1CCCC1(O)C=O,6.108956337e0,-6.060889959e-1,2.156126499e0,2.874835253e0,5.502867222e0,-1.068699956e0
train,520,C#CC12COC3C1NC32,7.559322834e0,-3.627532423e-1,7.187088132e-1,9.582784176e-1,7.196569443e0,2.582944930e-1
train,521,CC1OC(=O)CC12CC2,7.551159859e0,1.201126352e-1,7.187088132e-1,9.582784176e-1,7.671272278e0,6.302182078e-1
train,522,O=c1cc(CO)ocn1,5.619151115e0,-8.288704753e-1,7.187088132e-1,9.582784176e-1,4.790280819e0,-1.627002358e0
train,523,CC1(O)C=CC2NC21C,6.484473228e0,-7.633962035e-1,7.187088132e-1,9.582784176e-1,5.721076965e0,-8.977352977e-1
train,524,CC1C([NH-])OC12COC2,7.660005569e0,-9.822081774e-2,7.187088132e-1,9.582784176e-1,7.561784744e0,5.444360971e-1
train,525,CCC1(C)C(O)C1(C)O,7.981099606e0,-1.426811665e-1,7.187088132e-1,9.582784176e-1,7.838418484e0,7.611751556e-1
train,526,CCCC1C(O)C2NC12,8.424644470e0,-9.078941941e-1,7.187088132e-1,9.582784176e-1,7.516750336e0,5.091522336e-1
train,527,C#CC1OC(C)(C)C1C,7.472246647e0,-4.812401533e-1,7.187088132e-1,9.582784176e-1,6.991006374e0,9.723842889e-2
train,528,CCc1cn[nH]c1C#N,5.945687771e0,-1.666943580e-1,7.187088132e-1,9.582784176e-1,5.778993607e0,-8.523583412e-1
train,529,CC1C2[NH+]1CC2(C)CO,7.782456875e0,-3.131019831e0,2.156126499e0,2.874835253e0,4.651436806e0,-1.735784888e0
train,530,O=CCCC1C(O)C1O,6.187869072e0,-3.939519227e-1,7.187088132e-1,9.582784176e-1,5.793917179e0,-8.406659365e-1
train,531,[NH-]C1CCCO1,7.798782825e0,-1.011630818e-1,7.187088132e-1,9.582784176e-1,7.697619915e0,6.508612633e-1
train,532,OCCc1cc[nH]c1,6.805567265e0,-6.655340195e-1,7.187088132e-1,9.582784176e-1,6.140033245e0,-5.694883466e-1
train,533,CC12C3C4C[NH+]1C2C3O4,7.853205681e0,-3.746857643e-1,7.187088132e-1,9.582784176e-1,7.478519917e0,4.791991711e-1
train,534,CCC(OC)C1COC1,8.566143990e0,-2.212680876e-1,7.187088132e-1,9.582784176e-1,8.344876289e0,1.157978535e0
train,535,CC1C2C3C(=O)C[NH+]3C12,5.488536358e0,-8.797795773e-1,7.187088132e-1,9.582784176e-1,4.608757019e0,-1.769224048e0
train,536,C#CC1C(C=O)C1CO,5.978341103e0,1.666284651e-1,2.156126499e0,2.874835253e0,6.144969463e0,-5.656208396e-1
train,537,CC12CC3CC1C32O,8.231444359e0,-1.031721115e0,7.187088132e-1,9.582784176e-1,7.199723244e0,2.607654631e-1
train,538,CC1CC(OC=O)CO1,7.251834393e0,-6.019972637e-2,7.187088132e-1,9.582784176e-1,7.191634655e0,2.544281483e-1
train,539,CN(C=O)C(=O)CO,6.285830498e0,-2.132165432e0,2.156126499e0,2.874835253e0,4.153665066e0,-2.125782728e0
train,540,CC1(C2(C#N)CN2)CC1,7.983820438e0,9.741809964e-1,7.187088132e-1,9.582784176e-1,8.958001137e0,1.638354063e0
train,541,CC(=O)CCC(O)CO,6.386512280e0,7.609659433e-1,7.187088132e-1,9.582784176e-1,7.147478104e0,2.198320627e-1
train,542,CC1(C=O)CO1,6.035485268e0,-1.102127552e0,7.187088132e-1,9.582784176e-1,4.933357716e0,-1.514903426e0
train,543,[NH-]C1OCC(CO)C1=O,5.077644348e0,4.085063636e-1,7.187088132e-1,9.582784176e-1,5.486150742e0,-1.081797004e0
train,544,C#Cc1cn(C)nc1N,5.581055164e0,-1.398777723e0,7.187088132e-1,9.582784176e-1,4.182277679e0,-2.103365183e0
train,545,CC(O)Cc1cc[nH]c1,6.797404289e0,3.353496492e-1,7.187088132e-1,9.582784176e-1,7.132753849e0,2.082957923e-1
train,546,CC1C([NH+]2CC2)C1(C)C,8.582470894e0,-3.378218114e-1,7.187088132e-1,9.582784176e-1,8.244648933e0,1.079451561e0
train,547,C#CC1CC12OCC2O,7.366122246e0,1.664551854e0,7.187088132e-1,9.582784176e-1,9.030673981e0,1.695292354e0
train,548,CC1(O)CC2CC(C1)O2,8.476346970e0,1.819114923e0,2.156126499e0,2.874835253e0,1.029546165e1,2.686237574e0
train,549,CC1C=CC(C2CO2)O1,6.729375839e0,1.036225080e0,7.187088132e-1,9.582784176e-1,7.765601158e0,7.041236758e-1
train,550,N#CC12NC1C1CNC12,6.438213825e0,-9.479047656e-1,7.187088132e-1,9.582784176e-1,5.490309238e0,-1.078538895e0
train,551,CC1NC([NH-])C(C)[NH2+]1,6.274945736e0,5.846798420e-1,7.187088132e-1,9.582784176e-1,6.859625816e0,-5.696590524e-3
train,552,CC1(C)OC1CC(N)=O,7.357958317e0,-5.655478835e-1,7.187088132e-1,9.582784176e-1,6.792410374e0,-5.835904554e-2
train,553,O=C1C2CCC1C2,6.274945736e0,1.740808606e0,7.187088132e-1,9.582784176e-1,8.015754700e0,9.001158476e-1
train,554,CCC12C[NH+]1CC2(C)C,8.294030190e0,-3.186483979e-1,7.187088132e-1,9.582784176e-1,7.975381851e0,8.684842587e-1
train,555,CC#CC#CCC#N,6.089908123e0,5.899486542e-1,7.187088132e-1,9.582784176e-1,6.679856777e0,-1.465433687e-1
train,556,CCCC(C)(C#N)OC,8.250492096e0,-4.555370659e-2,7.187088132e-1,9.582784176e-1,8.204937935e0,1.048338532e0
train,557,C1OCC2(CN2)C2OC12,8.587913513e0,-8.073785305e-1,7.187088132e-1,9.582784176e-1,7.780534744e0,7.158240080e-1
train,558,COC(=O)CC(=O)OC,7.638236046e0,-6.320986152e-1,2.156126499e0,2.874835253e0,7.006137371e0,1.090933681e-1
train,559,O=C1NC2C[NH+]3CC12C3,6.242291927e0,7.637466788e-1,2.156126499e0,2.874835253e0,7.006038666e0,1.090160385e-1
train,560,CC(C)(CO)O[CH+][NH-],7.749802589e0,-6.082244515e-1,7.187088132e-1,9.582784176e-1,7.141578197e0,2.152095586e-1
train,561,CC1COCC[NH+]2CC12,8.283145905e0,-8.244485259e-1,7.187088132e-1,9.582784176e-1,7.458697319e0,4.636684060e-1
train,562,O=CC1CCC(=O)CO1,5.551122665e0,-5.216594413e-2,7.187088132e-1,9.582784176e-1,5.498956680e0,-1.071763754e0
train,563,CC(C)(C)c1ncco1,6.677673817e0,-2.019779205e0,7.187088132e-1,9.582784176e-1,4.657894611e0,-1.730725288e0
train,564,CC1(C2COC2=O)CN1,7.224623203e0,3.098437190e-1,7.187088132e-1,9.582784176e-1,7.534466743e0,5.230327845e-1
train,565,C1OC2C3C1C2C31CC1,9.262756348e0,-1.150715351e0,7.187088132e-1,9.582784176e-1,8.112041473e0,9.755553603e-1
train,566,CC(C)C1CC(O)C1=O,5.981062412e0,2.066574097e0,2.156126499e0,2.874835253e0,8.047636032e0,9.250944853e-1
train,567,CC1C2COC(=O)C12O,6.947066307e0,1.134670973e0,2.156126499e0,2.874835253e0,8.081737518e0,9.518125653e-1
train,568,C1=NC23CC2CC3CO1,6.519847870e0,-1.602243066e0,7.187088132e-1,9.582784176e-1,4.917604923e0,-1.527245522e0
train,569,CC1=CC2(C#N)CC1N2,6.525290489e0,2.741796076e-1,7.187088132e-1,9.582784176e-1,6.799469948e0,-5.282795802e-2
train,570,NC1=NONC=C1NO,4.348379135e0,-7.096486092e-1,7.187088132e-1,9.582784176e-1,3.638730526e0,-2.529227495e0
train,571,CCC#Cc1cnoc1,5.744323254e0,6.045225635e-2,7.187088132e-1,9.582784176e-1,5.804775715e0,-8.321583867e-1
train,572,O=COCC1C(O)C1O,7.254555702e0,-2.756840289e-1,7.187088132e-1,9.582784176e-1,6.978871822e0,8.773116022e-2
train,573,CC1COC(C)(CO)C1,8.702200890e0,-2.584038973e-1,7.187088132e-1,9.582784176e-1,8.443797112e0,1.235481739e0
train,574,C#CC1COCC1C,8.206954002e0,3.020898625e-2,7.187088132e-1,9.582784176e-1,8.237162590e0,1.073586106e0
train,575,CC12CC(CC13CC3)O2,8.835536957e0,-3.501586020e-1,7.187088132e-1,9.582784176e-1,8.485378265e0,1.268059969e0
train,576,C#CCCC1(CO)CN1,8.209674835e0,-6.610508561e-1,7.187088132e-1,9.582784176e-1,7.548624039e0,5.341248512e-1
train,577,CC1OC1(C)C#CC=O,5.502141953e0,1.179795265e0,7.187088132e-1,9.582784176e-1,6.681937218e0,-1.449133754e-1
train,578,CC1OC2CC2C1CO,8.005589485e0,-5.709894896e-1,7.187088132e-1,9.582784176e-1,7.434599876e0,4.447883666e-1
train,579,OCC1(O)C2CCC1C2,8.538932800e0,-1.452713490e0,7.187088132e-1,9.582784176e-1,7.086219311e0,1.718365699e-1
train,580,O=C1C=C2NCCC2C1,5.687179565e0,-1.232093334e0,7.187088132e-1,9.582784176e-1,4.455086231e0,-1.889623165e0
train,581,CC1C2CCC3(CC3)C12,8.723970413e0,7.733810544e-1,7.187088132e-1,9.582784176e-1,9.497351646e0,2.060928345e0
train,582,CC(=O)C(C)C#CCO,6.019158840e0,-5.705052614e-1,7.187088132e-1,9.582784176e-1,5.448653698e0,-1.111175537e0
train,583,O=C1OC2CCC2C1=O,4.615050793e0,-3.537271544e-2,7.187088132e-1,9.582784176e-1,4.579678059e0,-1.792006969e0
train,584,COC1CCOC1C#N,7.708985806e0,-1.656763703e-1,7.187088132e-1,9.582784176e-1,7.543309212e0,5.299607515e-1
train,585,C#CC12C[NH+]1CC2C=O,5.575613022e0,8.778406307e-3,7.187088132e-1,9.582784176e-1,5.584391594e0,-1.004826546e0
train,586,[H]N=CNc1cc(C)[nH]n1,5.940245628e0,1.605376124e0,2.156126499e0,2.874835253e0,7.545621872e0,5.317726731e-1
train,587,CC(C)c1ncccn1,5.670852661e0,-6.512028724e-2,7.187088132e-1,9.582784176e-1,5.605732441e0,-9.881063104e-1
train,588,OCC1C2CC2C2CC12,8.683153152e0,4.753352106e-1,7.187088132e-1,9.582784176e-1,9.158488274e0,1.795433283e0
train,589,C#CC(C)C(F)(F)F,8.604239464e0,5.527375937e-1,7.187088132e-1,9.582784176e-1,9.156976700e0,1.794248939e0
train,590,CC(O)C(CO)O[CH+][NH-],7.445035458e0,1.081869960e0,7.187088132e-1,9.582784176e-1,8.526905060e0,1.300595760e0
train,591,OC1C2C3CCC3C12,8.367501259e0,-5.794699490e-2,7.187088132e-1,9.582784176e-1,8.309554100e0,1.130303979e0
train,592,C1=NCC2CCOC2O1,7.412381172e0,5.401973724e-1,7.187088132e-1,9.582784176e-1,7.952578545e0,8.506181240e-1
train,593,Cc1cncn1C,6.756587029e0,-9.873107076e-1,7.187088132e-1,9.582784176e-1,5.769276142e0,-8.599718809e-1
train,594,CCC1C(C)[NH+]1CC,7.801504612e0,-6.210688353e-1,7.187088132e-1,9.582784176e-1,7.180435658e0,2.456538826e-1
train,595,C#CC12CC3C(C1)C32O,7.341631889e0,-7.337917089e-1,7.187088132e-1,9.582784176e-1,6.607840061e0,-2.029675692e-1
train,596,O=C1C=Cc2nn[nH]c21,3.779661417e0,-3.056806087e0,2.156126499e0,2.874835253e0,7.228553295e-1,-4.813778877e0
train,597,N#CC(O)c1c[nH]cn1,6.889922619e0,-3.866532445e-1,7.187088132e-1,9.582784176e-1,6.503269196e0,-2.848975360e-1
train,598,CCC1CCC(C=O)O1,5.942966461e0,1.130142093e0,7.187088132e-1,9.582784176e-1,7.073108673e0,1.615645438e-1
train,599,COC1(C)CCOC1[NH-],7.401497364e0,-8.429995179e-2,7.187088132e-1,9.582784176e-1,7.317197323e0,3.528049290e-1
train,600,c1n[nH]cc1C1CC1,6.707606792e0,-1.244650126e0,7.187088132e-1,9.582784176e-1,5.462956429e0,-1.099969506e0
train,601,OC1COC1C1CCC1,8.166136742e0,-2.644126415e-1,7.187088132e-1,9.582784176e-1,7.901723862e0,8.107741475e-1
train,602,CCC1[NH+]2CC1(CO)C2,7.719869614e0,-1.574985504e0,2.156126499e0,2.874835253e0,6.144884109e0,-5.656877160e-1
train,603,O=C1CC2COC(=O)N12,6.879037857e0,-4.315286577e-1,7.187088132e-1,9.582784176e-1,6.447509289e0,-3.285847008e-1
train,604,N#CC12COC(CN1)C2,7.129383087e0,1.871308565e0,2.156126499e0,2.874835253e0,9.000691414e0,1.671801448e0
train,605,OCCC1C2CC(O)C12,8.772951126e0,1.661789268e-1,7.187088132e-1,9.582784176e-1,8.939129829e0,1.623568654e0
train,606,OCC1CCC(CO)C1,9.202890396e0,5.416570306e-1,7.187088132e-1,9.582784176e-1,9.744547844e0,2.254603624e0
train,607,CC1(O)CC12CCCC2,8.726691246e0,6.022030115e-1,7.187088132e-1,9.582784176e-1,9.328894615e0,1.928944468e0
train,608,O=C1CNCC2CN12,6.087186813e0,-1.411686838e-1,7.187088132e-1,9.582784176e-1,5.946018219e0,-7.214966416e-1
train,609,NC=[NH+]CC(CO)=NO,2.179631948e0,5.204204082e0,2.156126499e0,2.874835253e0,7.383835793e0,4.050153494e-1
train,610,CC(O)C#CCO[CH+][NH-],7.553880215e0,-5.844730884e-2,7.187088132e-1,9.582784176e-1,7.495432854e0,4.924502373e-1
train,611,CC1COCC2NC12,8.381106377e0,2.436467648e0,2.156126499e0,2.874835253e0,1.081757355e1,3.095305681e0
train,612,CCCC1(C)OC1C,9.336226463e0,-8.775124699e-2,7.187088132e-1,9.582784176e-1,9.248475075e0,1.865936756e0
train,613,[H]N=C(NC(C)C)C(N)=O,5.472209930e0,-1.255899519e-1,7.187088132e-1,9.582784176e-1,5.346620083e0,-1.191117525e0
train,614,CCC(CC)C(C)=O,6.261340141e0,5.207746029e-1,7.187088132e-1,9.582784176e-1,6.782114983e0,-6.642535329e-2
train,615,C1=CC2(CC=CC2)CC1,7.001489162e0,2.638731599e-1,7.187088132e-1,9.582784176e-1,7.265362263e0,3.121928275e-1
train,616,C[NH2+][CH+]OC1CC(C)C1,7.401497364e0,6.754414439e-1,7.187088132e-1,9.582784176e-1,8.076938629e0,9.480527043e-1
train,617,O=CNC12COC(C1)C2,7.058633804e0,4.590449929e-1,7.187088132e-1,9.582784176e-1,7.517678738e0,5.098795891e-1
train,618,N#Cc1coc(=O)cn1,4.549743652e0,9.584956169e-1,7.187088132e-1,9.582784176e-1,5.508239269e0,-1.064490914e0
train,619,CC(=O)C1(CO)CC1O,5.975620270e0,-7.448366880e-1,7.187088132e-1,9.582784176e-1,5.230783463e0,-1.281874061e0
train,620,O=C1CC2OC1CC2O,5.874938488e0,-3.939008117e-1,7.187088132e-1,9.582784176e-1,5.481037617e0,-1.085803151e0
train,621,C1CC1C1OCC2NC21,8.506278992e0,-7.419783473e-1,7.187088132e-1,9.582784176e-1,7.764300823e0,7.031049132e-1
train,622,CNC1C([NH-])OC1CO,6.849106312e0,-4.410398304e-1,7.187088132e-1,9.582784176e-1,6.408066273e0,-3.594878316e-1
train,623,Cn1cc(N)nc1CO,5.534795761e0,1.240688920e0,7.187088132e-1,9.582784176e-1,6.775484562e0,-7.162020355e-2
train,624,O=CC1CC([NH+]2CC2)C1,6.070860386e0,1.507471919e0,7.187088132e-1,9.582784176e-1,7.578332424e0,5.574010015e-1
train,625,CC12NC1C1NC12,7.385169983e0,-2.590676546e-1,7.187088132e-1,9.582784176e-1,7.126102448e0,2.030844986e-1
train,626,CC1C2COCOC1C2,9.012411118e0,1.680823565e-1,7.187088132e-1,9.582784176e-1,9.180493355e0,1.812673926e0
train,627,OCC1C2C3C1C1C2[NH+]31,8.060012817e0,-3.435206890e0,2.156126499e0,2.874835253e0,4.624805927e0,-1.756649852e0
train,628,C#CC(CC)C1C[NH+]1C,7.447756290e0,-8.563069105e-1,7.187088132e-1,9.582784176e-1,6.591449261e0,-2.158095539e-1
train,629,CC1=C(C)C2OC2C1,6.495357990e0,-1.756076068e-1,7.187088132e-1,9.582784176e-1,6.319750309e0,-4.286822677e-1
train,630,O=CC1C2C3CC[NH+]2C13,5.733438969e0,1.183443785e0,2.156126499e0,2.874835253e0,6.916882515e0,3.916331381e-2
train,631,COC1CC1CC=O,6.136167526e0,-1.118438601e0,7.187088132e-1,9.582784176e-1,5.017728806e0,-1.448799729e0
train,632,C#CC1NC(=O)C1(C)C,7.287209034e0,1.602499038e-1,7.187088132e-1,9.582784176e-1,7.447458744e0,4.548631310e-1
train,633,CC1C(CO)C2(C)CC12,8.626008987e0,6.329574585e-1,7.187088132e-1,9.582784176e-1,9.258966446e0,1.874156594e0
train,634,N#CC1[NH2+][CH+]OC12CC2,7.025979519e0,2.017039508e-1,7.187088132e-1,9.582784176e-1,7.227683544e0,2.826720178e-1
train,635,C[NH+]1C2CC3OC3(C)C21,8.332126617e0,-2.505261600e-1,7.187088132e-1,9.582784176e-1,8.081600189e0,9.517049789e-1
train,636,Nc1nc2occc2o1,5.401460171e0,2.545828223e-1,7.187088132e-1,9.582784176e-1,5.656043053e0,-9.486885667e-1
train,637,CCC12CC3CC1C32O,8.226001740e0,-3.862175047e-1,7.187088132e-1,9.582784176e-1,7.839784145e0,7.622451186e-1
train,638,CNC(=O)C1CC1O,6.914412975e0,-3.997441828e-1,7.187088132e-1,9.582784176e-1,6.514668941e0,-2.759659588e-1
train,639,CC1=CC2CC3C2C13C,6.421886921e0,-2.745891213e-1,7.187088132e-1,9.582784176e-1,6.147297859e0,-5.637965798e-1
train,640,NC(=O)C1(CO)CC1,7.240949631e0,7.193166614e-1,7.187088132e-1,9.582784176e-1,7.960266113e0,8.566412330e-1
train,641,O=CC1C2CC(=O)C1N2,5.306220055e0,1.065915674e-1,7.187088132e-1,9.582784176e-1,5.412811756e0,-1.139257193e0
train,642,COc1nc[nH]c1OC,5.945687771e0,1.476801634e-1,7.187088132e-1,9.582784176e-1,6.093368053e0,-6.060498953e-1
train,643,O=CC(=O)CC1CN1,3.877622366e0,2.682376802e-1,7.187088132e-1,9.582784176e-1,4.145860195e0,-2.131897926e0
train,644,COC(C)CC(N)C#N,7.738917828e0,-6.311868876e-2,7.187088132e-1,9.582784176e-1,7.675799370e0,6.337651610e-1
train,645,CC1(O)C(O)C2(C)NC12,8.334847450e0,-1.078045726e0,7.187088132e-1,9.582784176e-1,7.256801605e0,3.054856360e-1
train,646,C#CC(=O)NC(C)CC,6.313041210e0,6.611418724e-2,7.187088132e-1,9.582784176e-1,6.379155159e0,-3.821393251e-1
train,647,CC1(C#N)C(=O)C2C[NH+]21,5.823236465e0,2.656499483e-2,7.187088132e-1,9.582784176e-1,5.849801540e0,-7.968811989e-1
train,648,OC1CCC12C1CC2C1,8.702200890e0,8.123238087e-1,7.187088132e-1,9.582784176e-1,9.514524460e0,2.074383020e0
train,649,CC1=C2CCC2(C)CC1,6.500800133e0,5.013607144e-1,7.187088132e-1,9.582784176e-1,7.002161026e0,1.059779525e-1
train,650,C#CC1OCC[NH+]2CC12,6.879037857e0,8.074784875e-1,7.187088132e-1,9.582784176e-1,7.686516285e0,6.421617270e-1
train,651,CC(C)C(C#N)C1CN1,7.640957355e0,-1.290401723e-2,7.187088132e-1,9.582784176e-1,7.628053188e0,5.963565707e-1
train,652,N#CC1C2C[NH+]1CCO2,6.838221550e0,1.330751538e0,7.187088132e-1,9.582784176e-1,8.168972969e0,1.020160437e0
train,653,CCC1(CCC#N)CO1,8.579750061e0,-6.384840012e-1,7.187088132e-1,9.582784176e-1,7.941266060e0,8.417549729e-1
train,654,N#CC1C=CC(C=O)N1,5.461325169e0,1.131590381e-1,7.187088132e-1,9.582784176e-1,5.574484348e0,-1.012588739e0
train,655,CC1=CN(C)CCC1=O,4.797367573e0,8.518054485e-1,7.187088132e-1,9.582784176e-1,5.649172783e0,-9.540713429e-1
train,656,C#CC1CC2OCOC12,7.951167107e0,-1.235662103e0,7.187088132e-1,9.582784176e-1,6.715505123e0,-1.186133400e-1
train,657,[H]N=CNc1ncc(N)o1,5.123903751e0,1.152221113e-1,7.187088132e-1,9.582784176e-1,5.239125729e0,-1.275338054e0
train,658,Oc1nc2c([nH]1)CCO2,6.019158840e0,-1.147241473e0,7.187088132e-1,9.582784176e-1,4.871917248e0,-1.563041329e0
train,659,C1OC2CC1C1(CO1)C2,8.974315643e0,8.782358766e-1,7.187088132e-1,9.582784176e-1,9.852551460e0,2.339223146e0
train,660,C#CC12C(=O)C3CC1C32,6.479031086e0,-1.495459229e-1,7.187088132e-1,9.582784176e-1,6.329484940e0,-4.210553169e-1
train,661,CC#CC1([NH+]2CC2)CC1,7.540275097e0,-1.941489935e0,2.156126499e0,2.874835253e0,5.598785400e0,-9.935492277e-1
train,662,COCC1(C#N)CCC1,8.261377335e0,-1.411641598e0,7.187088132e-1,9.582784176e-1,6.849735737e0,-1.344534382e-2
train,663,O=C1CCOCC1O,6.266781807e0,1.124762535e0,7.187088132e-1,9.582784176e-1,7.391544342e0,4.110548794e-1
train,664,N#CC(CN)NCCO,7.428708553e0,-7.143341303e-1,7.187088132e-1,9.582784176e-1,6.714374542e0,-1.194991395e-1
train,665,O=C1CCC12CC2,5.962014675e0,3.166479468e-1,7.187088132e-1,9.582784176e-1,6.278662682e0,-4.608739018e-1
train,666,N#CCCC1CN1,7.940282345e0,5.936952233e-1,7.187088132e-1,9.582784176e-1,8.533977509e0,1.306136966e0
train,667,CC12COC3C1CCC32,8.193347931e0,2.613870800e-1,7.187088132e-1,9.582784176e-1,8.454734802e0,1.244051218e0
train,668,CNC(=O)N(C)CC=O,5.717112064e0,-1.188524365e0,7.187088132e-1,9.582784176e-1,4.528587818e0,-1.832035542e0
train,669,O=CNC1CC1[NH+]1CC1,7.292651653e0,9.212420136e-2,7.187088132e-1,9.582784176e-1,7.384775639e0,4.057517052e-1
train,670,CC1C(C=O)COC1[NH-],6.141610146e0,-1.304189682e0,7.187088132e-1,9.582784176e-1,4.837420464e0,-1.590069056e0
train,671,CC12NC1C1(CO)NC21,7.211016655e0,-6.829807758e-1,7.187088132e-1,9.582784176e-1,6.528036118e0,-2.654929459e-1
train,672,C1OC2C3CC1C1C2[NH+]31,8.707643509e0,-2.104372025e0,2.156126499e0,2.874835253e0,6.603271484e0,-2.065469921e-1
train,673,CCC12CC(C#N)C1N2,7.962051392e0,-1.190812230e0,7.187088132e-1,9.582784176e-1,6.771239281e0,-7.494632900e-2
train,674,C#CC(=O)NCC1CO1,6.323925972e0,-4.221394658e-1,7.187088132e-1,9.582784176e-1,5.901786327e0,-7.561517954e-1
train,675,O=c1cncno1,4.337494850e0,6.044183373e-1,7.187088132e-1,9.582784176e-1,4.941913128e0,-1.508200407e0
train,676,OC12CCC3C1CCC32,8.770229340e0,-2.616560757e-1,7.187088132e-1,9.582784176e-1,8.508573532e0,1.286233187e0
train,677,O=CC1=CC(=O)C(=O)N1,3.368769646e0,1.303201079e0,7.187088132e-1,9.582784176e-1,4.671970844e0,-1.719696760e0
train,678,CC1(C)[NH+]2CC1(CO)C2,7.815110207e0,-2.563090026e-1,7.187088132e-1,9.582784176e-1,7.558801174e0,5.420985222e-1
train,679,CO[CH+][NH2+]CCCCO,7.374285698e0,2.799785733e-1,7.187088132e-1,9.582784176e-1,7.654264450e0,6.168928146e-1
train,680,Nc1c[nH]c(O)c1N,6.111677170e0,-2.491148859e-1,7.187088132e-1,9.582784176e-1,5.862562180e0,-7.868834138e-1
train,681,N#Cc1nccnc1N,4.547022343e0,-5.483564138e-1,7.187088132e-1,9.582784176e-1,3.998665810e0,-2.247222900e0
train,682,CC12CC(O[CH+][NH-])C1N2,7.404218197e0,2.370263338e0,2.156126499e0,2.874835253e0,9.774481773e0,2.278056383e0
train,683,CC1CC2(CC(O)C2)O1,8.522605896e0,3.228590637e-2,7.187088132e-1,9.582784176e-1,8.554891586e0,1.322522879e0
train,684,CC12CC3C1C(C=O)[NH+]32,5.727996826e0,-7.719873190e-1,7.187088132e-1,9.582784176e-1,4.956009388e0,-1.497156143e0
train,685,N#CCCCCC1CC1,8.718527794e0,1.605260670e-1,7.187088132e-1,9.582784176e-1,8.879054070e0,1.576500058e0
train,686,CC(C)OC(C=O)C=O,5.382411957e0,9.141085744e-1,7.187088132e-1,9.582784176e-1,6.296520710e0,-4.468823671e-1
train,687,OCCOC1CCC1O,8.639615059e0,-7.361327410e-1,7.187088132e-1,9.582784176e-1,7.903482437e0,8.121519685e-1
train,688,CC1(O)CC12OC1CC12,8.019195557e0,-1.414791465e0,7.187088132e-1,9.582784176e-1,6.604403973e0,-2.056597024e-1
train,689,ONC1CCC2CC1C2,6.936182499e0,-2.820183039e-1,7.187088132e-1,9.582784176e-1,6.654164314e0,-1.666730940e-1
train,690,CN1C=CCCNC1=O,6.141610146e0,-1.563111395e-1,7.187088132e-1,9.582784176e-1,5.985299110e0,-6.907205582e-1
train,691,CC1NC(C)(C#N)C1O,7.330747128e0,1.814872146e0,7.187088132e-1,9.582784176e-1,9.145619392e0,1.785350680e0
train,692,CC(C)(O)CC1COC1,8.049127579e0,6.084929705e-1,7.187088132e-1,9.582784176e-1,8.657620430e0,1.403009653e0
train,693,CCNc1ncc(N)o1,6.182426929e0,7.503017783e-1,7.187088132e-1,9.582784176e-1,6.932728767e0,5.157865211e-2
train,694,CC(=[NH2+])Nc1c[nH]nn1,4.408244610e0,-2.085228413e-1,7.187088132e-1,9.582784176e-1,4.199721813e0,-2.089697838e0
train,695,C#CCn1ccnc1O,6.342973709e0,1.634656340e-1,7.187088132e-1,9.582784176e-1,6.506439209e0,-2.824138701e-1
train,696,C#CC1(C(C)O)NC1C,7.322584152e0,5.410246849e-1,7.187088132e-1,9.582784176e-1,7.863608837e0,7.809115052e-1
train,697,N#CC(=O)C1NC1C=O,4.323888779e0,-1.196213603e0,7.187088132e-1,9.582784176e-1,3.127675056e0,-2.929633141e0
train,698,OC1C2CC2C2C(O)C12,7.662726402e0,-2.941854894e-1,7.187088132e-1,9.582784176e-1,7.368540764e0,3.930318654e-1
train,699,CCC12CC3C4C(C41)[NH+]32,8.291309357e0,1.016339302e0,7.187088132e-1,9.582784176e-1,9.307648659e0,1.912298560e0
train,700,CC1=CCC2(CO2)C1O,7.137547016e0,-1.750094742e-1,7.187088132e-1,9.582784176e-1,6.962537766e0,7.493362576e-2
train,701,C#CCC(C)(O)C(C)O,8.283145905e0,-7.384858280e-2,7.187088132e-1,9.582784176e-1,8.209297180e0,1.051753998e0
train,702,Cn1cc2c(n1)C=CC2,5.532074928e0,3.282277584e-1,7.187088132e-1,9.582784176e-1,5.860302925e0,-7.886534929e-1
train,703,COCC1OCC2OC12,9.140304565e0,-4.071303308e-1,7.187088132e-1,9.582784176e-1,8.733174324e0,1.462205172e0
train,704,[NH-]c1[nH+]c(N)noc1=O,5.175605774e0,-3.689259887e-1,7.187088132e-1,9.582784176e-1,4.806679726e0,-1.614154100e0
train,705,OC12COCCC1C2,8.557980537e0,2.920224965e-1,7.187088132e-1,9.582784176e-1,8.850003242e0,1.553739071e0
train,706,O=CC(O)C1(O)CC1,5.934803009e0,1.029489517e0,7.187088132e-1,9.582784176e-1,6.964292526e0,7.630845904e-2
train,707,CNC=Nc1nnon1,5.140230656e0,-2.170256823e-1,7.187088132e-1,9.582784176e-1,4.923204899e0,-1.522858024e0
train,708,CNC(=O)c1conn1,5.646362305e0,1.077351570e0,2.156126499e0,2.874835253e0,6.723713875e0,-1.121818870e-1
train,709,Cc1cc2c([nH]1)COC2,6.315762520e0,1.254660487e0,7.187088132e-1,9.582784176e-1,7.570423126e0,5.512041450e-1
train,710,C#CCCC(C#C)C=O,5.978341103e0,-2.633601427e-1,7.187088132e-1,9.582784176e-1,5.714981079e0,-9.025113583e-1
train,711,CCC12NC1C(O)C2O,7.940282345e0,3.111473918e-1,7.187088132e-1,9.582784176e-1,8.251429558e0,1.084764123e0
train,712,[NH-]c1[nH+]ncnc1N,4.729339123e0,-9.970048666e-1,7.187088132e-1,9.582784176e-1,3.732334137e0,-2.455890417e0
train,713,COC12C[NH+]3C1CC32C,8.917170525e0,1.096965551e0,7.187088132e-1,9.582784176e-1,1.001413631e1,2.465822697e0
train,714,CC12CC=CC1OCC2,7.094007969e0,8.117576241e-1,7.187088132e-1,9.582784176e-1,7.905765533e0,8.139407039e-1
train,715,CC12CC3CC1CC32O,8.889959335e0,-9.011844993e-1,7.187088132e-1,9.582784176e-1,7.988774776e0,8.789774179e-1
train,716,CC12CC1C(=O)N2C=O,6.117119789e0,-8.880890608e-1,7.187088132e-1,9.582784176e-1,5.229030609e0,-1.283247471e0
train,717,N#CC1OC2C(O)CC12,7.379727840e0,-1.050298691e0,7.187088132e-1,9.582784176e-1,6.329429150e0,-4.210990071e-1
train,718,C1NC1C12OC3CC1C32,7.902186394e0,2.251287222e0,2.156126499e0,2.874835253e0,1.015347385e1,2.574991941e0
train,719,C#CC1COC1(C)CC,7.763408184e0,-8.210651875e-1,2.156126499e0,2.874835253e0,6.942342758e0,5.911109224e-2
train,720,N#CC12CC1[NH+]1CCC12,6.715770245e0,-1.266220957e-1,7.187088132e-1,9.582784176e-1,6.589148045e0,-2.176125199e-1
train,721,C[NH+]1CC12C1CC2(C)O1,8.628729820e0,-3.827829123e0,2.156126499e0,2.874835253e0,4.800900459e0,-1.618682027e0
train,722,CC(=O)C(C)OC(N)=O,6.258618832e0,1.040266305e-1,7.187088132e-1,9.582784176e-1,6.362645626e0,-3.950743377e-1
train,723,CC12CC3OC4C(C31)C42,8.381106377e0,4.802130222e0,2.156126499e0,2.874835253e0,1.318323708e1,4.948773384e0
train,724,O=CC#CC(=O)C1CN1,5.042269707e0,-3.181006014e-2,7.187088132e-1,9.582784176e-1,5.010459423e0,-1.454495192e0
train,725,O=CC1CC(CCO)C1,6.160657883e0,3.422231376e-1,7.187088132e-1,9.582784176e-1,6.502881050e0,-2.852016389e-1
train,726,C[NH+]=C(N)OCC(=O)[O-],3.785103798e0,-4.637739658e-1,7.187088132e-1,9.582784176e-1,3.321329832e0,-2.777907133e0
train,727,CC1CC2(O)C(CO)C12,7.869533062e0,2.505110204e-1,7.187088132e-1,9.582784176e-1,8.120043755e0,9.818250537e-1
train,728,CNCc1ncon1,5.534795761e0,-5.069174170e-1,7.187088132e-1,9.582784176e-1,5.027878284e0,-1.440847754e0
train,729,CC1OC(C)C2CCC12,8.802883148e0,1.158887982e0,7.187088132e-1,9.582784176e-1,9.961771011e0,2.424795151e0
train,730,[H]N=C(C=O)NCCCO,4.636819839e0,-1.975860447e-1,7.187088132e-1,9.582784176e-1,4.439233780e0,-1.902043343e0
train,731,N#CC(O)(C=O)C1CO1,6.005552769e0,3.085764349e-1,7.187088132e-1,9.582784176e-1,6.314129353e0,-4.330862164e-1
train,732,C#CCC1C[NH+]1CC#N,7.322584152e0,2.997067273e-1,7.187088132e-1,9.582784176e-1,7.622291088e0,5.918420553e-1
train,733,C#CC1CC2CCC12C,8.092665672e0,1.485417485e-1,7.187088132e-1,9.582784176e-1,8.241207123e0,1.076755047e0
train,734,CC1C=CC2C(C)C2C1,6.745702267e0,6.444348022e-3,7.187088132e-1,9.582784176e-1,6.752146721e0,-8.990511298e-2
train,735,COc1n[nH]cc1N,6.049090862e0,-6.604823470e-1,7.187088132e-1,9.582784176e-1,5.388608456e0,-1.158220172e0
train,736,N#CC1C2CCC1CC2,9.162073135e0,-1.772327870e-1,7.187088132e-1,9.582784176e-1,8.984840393e0,1.659382343e0
train,737,C#CC1(C)CCC1C,8.258655548e0,-1.865452528e-1,7.187088132e-1,9.582784176e-1,8.072110176e0,9.442696571e-1
train,738,O=CC12CC[NH+]1C2CO,5.744323254e0,-4.987459779e-1,7.187088132e-1,9.582784176e-1,5.245577335e0,-1.270283341e0
train,739,CC1CC2OC2C12CO2,8.914449692e0,4.016323686e-1,7.187088132e-1,9.582784176e-1,9.316082001e0,1.918905973e0
train,740,CC12COC(C=O)C1O2,6.000110626e0,-5.830641985e-1,7.187088132e-1,9.582784176e-1,5.417046547e0,-1.135939360e0
train,741,N#CCC1(CO)CC1,8.541653633e0,-9.472591877e-1,7.187088132e-1,9.582784176e-1,7.594394684e0,5.699855685e-1
train,742,CCOCC(CO)CO,8.549818039e0,1.856349111e-1,7.187088132e-1,9.582784176e-1,8.735452652e0,1.463990211e0
train,743,OC1C2CCOCC12,8.250492096e0,-3.186484873e-1,7.187088132e-1,9.582784176e-1,7.931843758e0,8.343726993e-1
train,744,CC(O)C1C(O)C1C=O,6.128004074e0,9.370774627e-1,7.187088132e-1,9.582784176e-1,7.065081596e0,1.552754343e-1
train,745,CCC1CC([NH-])OC1C,7.790619850e0,-1.394360065e-1,7.187088132e-1,9.582784176e-1,7.651184082e0,6.144793630e-1
train,746,COCC1COC1C#N,7.279046059e0,1.240288019e0,7.187088132e-1,9.582784176e-1,8.519333839e0,1.294663787e0
train,747,CC1CCC(=O)OC1C,7.409660339e0,4.775779247e-1,7.187088132e-1,9.582784176e-1,7.887238503e0,7.994250655e-1
train,748,CCOC1CCOC1,8.889959335e0,-4.838174284e-1,7.187088132e-1,9.582784176e-1,8.406142235e0,1.205979586e0
train,749,[H]N=CNC(=O)CC=O,5.953851223e0,-2.110408396e-1,7.187088132e-1,9.582784176e-1,5.742810249e0,-8.807075620e-1
train,750,CCC1C2C(C)OC12C,8.435529709e0,1.988056183e0,2.156126499e0,2.874835253e0,1.042358589e1,2.786621332e0
train,751,Cc1nn[nH]c1NC=O,5.575613022e0,8.123064041e-1,7.187088132e-1,9.582784176e-1,6.387919426e0,-3.752726316e-1
train,752,O=C1NCC12C1COC12,7.050469875e0,7.024142742e-1,7.187088132e-1,9.582784176e-1,7.752883911e0,6.941599250e-1
train,753,OCC#CCC1CO1,7.725312233e0,-9.648286104e-1,7.187088132e-1,9.582784176e-1,6.760483742e0,-8.337315917e-2
train,754,CC1(O)C2CNC21C#N,6.473588943e0,3.587785959e-1,7.187088132e-1,9.582784176e-1,6.832367420e0,-2.705320157e-2
train,755,CC#Cc1cc(C)on1,5.929360867e0,7.048304677e-1,7.187088132e-1,9.582784176e-1,6.634191513e0,-1.823215336e-1
train,756,[H]N=C(C[NH+](C)C)NC=O,6.005552769e0,2.284376144e0,2.156126499e0,2.874835253e0,8.289928436e0,1.114927530e0
train,757,C#CC1C(O)C2CC12,7.943003654e0,1.072608232e0,7.187088132e-1,9.582784176e-1,9.015611649e0,1.683491230e0
train,758,O=C1OC2[NH2+]CC3C1C23,5.913033962e0,7.675116658e-1,7.187088132e-1,9.582784176e-1,6.680545807e0,-1.460035294e-1
train,759,CC12C3CC1(O)C[NH+]32,7.937561512e0,-1.147680759e0,7.187088132e-1,9.582784176e-1,6.789880753e0,-6.034097075e-2
train,760,C#CC(C)NC(C)C#N,7.306257248e0,-1.211928576e-1,7.187088132e-1,9.582784176e-1,7.185064316e0,2.492803782e-1
train,761,CC1CC12CCOC2=O,7.551159859e0,-6.227691770e-1,7.187088132e-1,9.582784176e-1,6.928390503e0,4.817967862e-2
train,762,C1OC23C1OC1C2OC13,7.515784740e0,8.504756689e-1,7.187088132e-1,9.582784176e-1,8.366260529e0,1.174732804e0
train,763,CCOC1CC1(O)C#N,7.289929867e0,8.327975273e-1,7.187088132e-1,9.582784176e-1,8.122727394e0,9.839276075e-1
train,764,CC12CC1OC(N)[NH2+]2,7.385169983e0,-1.285391092e0,7.187088132e-1,9.582784176e-1,6.099779129e0,-6.010268927e-1
train,765,OCCC1(O)CC2NC21,8.166136742e0,-2.038338780e-2,7.187088132e-1,9.582784176e-1,8.145752907e0,1.001967788e0
train,766,C1CC2NC23CNC3[NH2+]1,6.601481915e0,-4.801008105e-1,7.187088132e-1,9.582784176e-1,6.121381283e0,-5.841019154e-1
train,767,CC12OC3C4CC4C1C32,7.975656986e0,-1.469390243e-1,7.187088132e-1,9.582784176e-1,7.828718185e0,7.535750866e-1
train,768,CC1OC(=O)NC12CC2,8.060012817e0,1.377494335e0,2.156126499e0,2.874835253e0,9.437507629e0,2.014041424e0
train,769,OC1CC2CC12O,8.914449692e0,5.373810530e-1,7.187088132e-1,9.582784176e-1,9.451830864e0,2.025263548e0
train,770,O=C(C(O)CO)N1CC1,6.525290489e0,-6.616368890e-2,7.187088132e-1,9.582784176e-1,6.459126949e0,-3.194824159e-1
train,771,CC1C2C=CC1OCC2,6.704885483e0,1.004129887e0,7.187088132e-1,9.582784176e-1,7.709015369e0,6.597894430e-1
train,772,CC12CCOC1C2CO,8.666826248e0,-1.799452454e-1,7.187088132e-1,9.582784176e-1,8.486881256e0,1.269237638e0
train,773,CC1=CCC2NC2C=C1,5.132067680e0,1.705822051e-1,7.187088132e-1,9.582784176e-1,5.302649975e0,-1.225567579e0
train,774,Nc1cccc(N)c1N,5.779698372e0,-7.709785104e-1,7.187088132e-1,9.582784176e-1,5.008719921e0,-1.455858111e0
train,775,O=Cc1coc(=O)o1,5.148394108e0,7.417409420e-1,2.156126499e0,2.874835253e0,5.890134811e0,-7.652806044e-1
train,776,CC1=CC2CC1(C)CO2,6.723933220e0,-5.264905095e-1,7.187088132e-1,9.582784176e-1,6.197442532e0,-5.245088935e-1
train,777,CC1CCC(O)C(=O)O1,7.529390335e0,-6.873201132e-1,7.187088132e-1,9.582784176e-1,6.842070103e0,-1.945127174e-2
train,778,Cc1nc(O)n(C)c1N,6.664068222e0,5.117127299e-1,7.187088132e-1,9.582784176e-1,7.175780773e0,2.420068383e-1
train,779,COCC1CN(C=O)C1,7.262719154e0,2.417955846e-1,7.187088132e-1,9.582784176e-1,7.504514694e0,4.995657504e-1
train,780,COCC(N)C(=O)OC,7.015095711e0,1.143033147e0,7.187088132e-1,9.582784176e-1,8.158128738e0,1.011664152e0
train,781,C#CCC(C)(C)CC,8.432807922e0,6.879098415e-1,7.187088132e-1,9.582784176e-1,9.120718002e0,1.765840769e0
train,782,C#CC1(C)OC1COC,7.785177231e0,1.379047632e0,7.187088132e-1,9.582784176e-1,9.164224625e0,1.799927592e0
train,783,c1nc(C2CCO2)co1,6.639578342e0,2.177925706e-1,7.187088132e-1,9.582784176e-1,6.857370853e0,-7.463325746e-3
train,784,CC1(C)C(=O)CNC1=O,5.689900398e0,-6.585803986e0,2.156126499e0,2.874835253e0,-8.959035873e-1,-6.082056522e0
train,785,CCC12OCC1(C)C2C,8.114435196e0,-5.853339434e-1,7.187088132e-1,9.582784176e-1,7.529101372e0,5.188291073e-1
train,786,CC1(CO)OCC1C#N,7.679053307e0,1.887974888e-1,7.187088132e-1,9.582784176e-1,7.867850780e0,7.842350006e-1
train,787,CC12C[NH+]3C(CO1)C32,8.658662796e0,6.135377288e-1,7.187088132e-1,9.582784176e-1,9.272200584e0,1.884525418e0
train,788,CC1C2COCC1C2=O,6.119840622e0,2.606152594e-1,7.187088132e-1,9.582784176e-1,6.380455971e0,-3.811201453e-1
train,789,O=CNC1C(O)C2CC21,7.132104397e0,4.144473076e-1,7.187088132e-1,9.582784176e-1,7.546551704e0,5.325012207e-1
train,790,N#CC1(O)COC1,7.390612602e0,-6.071622372e-1,7.187088132e-1,9.582784176e-1,6.783450127e0,-6.537928432e-2
train,791,OC12CC3CC3(O)C1C2,8.623288155e0,8.985506892e-1,7.187088132e-1,9.582784176e-1,9.521839142e0,2.080114126e0
train,792,OCCc1ncccn1,5.676295280e0,9.644497633e-1,7.187088132e-1,9.582784176e-1,6.640745163e0,-1.771868318e-1
train,793,C1CC2(C[NH+]3CC3)OC12,8.903565407e0,-1.188610673e0,7.187088132e-1,9.582784176e-1,7.714954853e0,6.644429564e-1
train,794,C1=CC23OCC24NC3C14,5.540238380e0,-7.847046256e-1,7.187088132e-1,9.582784176e-1,4.755533695e0,-1.654226303e0
train,795,CCC1(O)C2OCOC21,8.247770309e0,7.901870012e-1,2.156126499e0,2.874835253e0,9.037957191e0,1.700998664e0
train,796,CC1CC(=O)OC(C)C1,7.390612602e0,2.235934734e0,2.156126499e0,2.874835253e0,9.626546860e0,2.162151337e0
train,797,CC1CC2OC(C)C12O,8.095387459e0,2.242463112e0,2.156126499e0,2.874835253e0,1.033785057e1,2.719448805e0
train,798,CC1CC2=CCOCC21,6.974278450e0,-6.634412408e-1,7.187088132e-1,9.582784176e-1,6.310837269e0,-4.356655180e-1
train,799,CCC1CCC(=O)OC1,7.371564865e0,9.405725598e-1,7.187088132e-1,9.582784176e-1,8.312137604e0,1.132328153e0
train,800,Cc1[nH]ccc1C1CC1,6.413723469e0,2.020825148e-1,7.187088132e-1,9.582784176e-1,6.615806103e0,-1.967262775e-1
train,801,C#CCCC#CCCC,7.888580799e0,-1.308534622e0,7.187088132e-1,9.582784176e-1,6.580046177e0,-2.247437239e-1
train,802,CC1C2(O)COCC12O,8.016474724e0,4.167966545e-1,7.187088132e-1,9.582784176e-1,8.433271408e0,1.227234960e0
train,803,[NH-][CH+]OCCC1CO1,7.736196995e0,9.840338230e-1,7.187088132e-1,9.582784176e-1,8.720231056e0,1.452064276e0
train,804,CC[NH+]1C2CCC(O)C21,7.684495449e0,1.447845221e0,7.187088132e-1,9.582784176e-1,9.132340431e0,1.774946809e0
train,805,C1COC2CC(C2)O1,8.579750061e0,3.584517241e-1,7.187088132e-1,9.582784176e-1,8.938201904e0,1.622841597e0
train,806,COc1c[nH]nn1,6.079023361e0,1.682949960e-1,7.187088132e-1,9.582784176e-1,6.247318268e0,-4.854318500e-1
train,807,CCC(CC)COC=O,7.790619850e0,-8.234036565e-1,7.187088132e-1,9.582784176e-1,6.967216015e0,7.859897614e-2
train,808,C#Cc1ccc(C#C)o1,4.617772102e0,9.185577631e-1,7.187088132e-1,9.582784176e-1,5.536329746e0,-1.042482376e0
train,809,CC(=O)CC1=NCCO1,6.359301090e0,-1.637930512e0,7.187088132e-1,9.582784176e-1,4.721370697e0,-1.680992603e0
train,810,C1=NCCCC[NH2+][CH+]N1,5.357921600e0,-3.466794789e-1,7.187088132e-1,9.582784176e-1,5.011241913e0,-1.453882098e0
train,811,Cc1ncccc(=O)n1,4.391917706e0,-6.896468401e-1,2.156126499e0,2.874835253e0,3.702270985e0,-2.479444504e0
train,812,C#Cc1[nH]nnc1CC,5.673573971e0,-8.851873130e-2,7.187088132e-1,9.582784176e-1,5.585055351e0,-1.004306555e0
train,813,CC(C)C1NC1CC#N,8.092665672e0,-2.843931019e-1,7.187088132e-1,9.582784176e-1,7.808272362e0,7.375560403e-1
train,814,O=C1OCCC1C1CC1,7.311699390e0,4.130369723e-1,7.187088132e-1,9.582784176e-1,7.724736214e0,6.721065640e-1
train,815,CC1(NC(=O)CO)CC1,7.447756290e0,5.527625605e-2,7.187088132e-1,9.582784176e-1,7.503032684e0,4.984045923e-1
train,816,Cc1nc(CCO)co1,6.495357990e0,4.488952756e-1,7.187088132e-1,9.582784176e-1,6.944253445e0,6.060809270e-2
train,817,CCC(C)(O)C(=O)NC,7.303536415e0,-4.338336885e-1,7.187088132e-1,9.582784176e-1,6.869702816e0,2.198612085e-3
train,818,O=CC12CCC(C1)OC2,6.062696934e0,1.885503769e0,2.156126499e0,2.874835253e0,7.948200703e0,8.471881747e-1
train,819,CC1=CC=CC(O)CC1,4.987847328e0,-3.156752110e0,2.156126499e0,2.874835253e0,1.831095219e0,-3.945487022e0
train,820,CC1OCC(=O)NC1[NH-],6.498078823e0,-3.733180463e-1,7.187088132e-1,9.582784176e-1,6.124760628e0,-5.814542174e-1
train,821,OC1C2OCC3OC2C31,8.073617935e0,-3.204541683e0,2.156126499e0,2.874835253e0,4.869076252e0,-1.565267205e0
train,822,ONC1COC2CC12O,6.269503117e0,-2.791384459e-1,7.187088132e-1,9.582784176e-1,5.990364552e0,-6.867518425e-1
train,823,C#CC(=O)C[NH+](C)CC,4.492599487e0,-2.583946288e-2,7.187088132e-1,9.582784176e-1,4.466760159e0,-1.880476713e0
train,824,CC(C)C1OCC1(C)O,8.323963165e0,-6.111785769e-1,7.187088132e-1,9.582784176e-1,7.712784767e0,6.627427340e-1
train,825,CC1C2CC(C)(O)C12C,8.557980537e0,3.929026127e-1,7.187088132e-1,9.582784176e-1,8.950882912e0,1.632777095e0
train,826,CCC1(CNC=O)CC1,7.632793427e0,-7.173314095e-1,7.187088132e-1,9.582784176e-1,6.915462017e0,3.805037215e-2
train,827,CC12CC1C(=O)C21CO1,5.910312653e0,7.182555646e-2,7.187088132e-1,9.582784176e-1,5.982138157e0,-6.931971312e-1
train,828,CNC(C#N)C1CC1O,6.990605354e0,5.503318310e-1,7.187088132e-1,9.582784176e-1,7.540937424e0,5.281025171e-1
train,829,O=C1NCC2(CN2)C1=O,4.522532463e0,-1.046608448e0,7.187088132e-1,9.582784176e-1,3.475924015e0,-2.656784534e0
train,830,C#CCNC(C=O)C=O,5.170163155e0,-5.854348540e-1,2.156126499e0,2.874835253e0,4.584728241e0,-1.788050294e0
train,831,C#CCCC1OC1(C)C,8.563423157e0,6.501640081e-1,7.187088132e-1,9.582784176e-1,9.213586807e0,1.838602304e0
train,832,C#CC12CCC1CC2C,7.703543663e0,-1.243642811e-2,7.187088132e-1,9.582784176e-1,7.691107273e0,6.457586884e-1
train,833,OC12CC3CC4C3C1C42,8.277703285e0,-2.791207433e-1,7.187088132e-1,9.582784176e-1,7.998582363e0,8.866615295e-1
train,834,O=C1CC2(CN2)C1CO,5.836842060e0,-4.739939868e-1,7.187088132e-1,9.582784176e-1,5.362848282e0,-1.178403020e0
train,835,CC1(O)CC12OCC2O,7.836878777e0,-1.195227265e0,7.187088132e-1,9.582784176e-1,6.641651630e0,-1.764766276e-1
train,836,CC1=CC2OC2C1C#N,6.576991558e0,-6.678265333e-1,7.187088132e-1,9.582784176e-1,5.909164906e0,-7.503707409e-1
train,837,C#CC(C=O)C(O)C#N,5.893986225e0,-1.690206677e-1,7.187088132e-1,9.582784176e-1,5.724965572e0,-8.946886063e-1
train,838,CC1=CCCCC12CN2,6.547059536e0,-2.976880074e-1,7.187088132e-1,9.582784176e-1,6.249371529e0,-4.838231504e-1
train,839,[NH-][CH+]OC(=O)C(=O)CO,4.753829479e0,-7.292708158e-1,7.187088132e-1,9.582784176e-1,4.024558544e0,-2.226936102e0
train,840,Nc1c[nH]c([N+](=O)[O-])c1,3.779661417e0,5.630133674e-2,7.187088132e-1,9.582784176e-1,3.835962772e0,-2.374698639e0
train,841,CCC(C=O)(C=O)NC,5.153836727e0,-1.282630801e0,7.187088132e-1,9.582784176e-1,3.871205807e0,-2.347086191e0
train,842,CNC(=O)C(=O)C1CO1,4.615050793e0,8.614683151e-1,7.187088132e-1,9.582784176e-1,5.476519108e0,-1.089343309e0
train,843,Cc1ncoc1NC=O,5.736160278e0,6.088337302e-1,7.187088132e-1,9.582784176e-1,6.344994068e0,-4.089041054e-1
train,844,Cc1ccc(NC=O)[nH]1,5.208259583e0,5.254322886e-1,7.187088132e-1,9.582784176e-1,5.733691692e0,-8.878518343e-1
train,845,O=C1OCC=C2CCN12,6.157936573e0,1.894499511e-1,7.187088132e-1,9.582784176e-1,6.347386360e0,-4.070297778e-1
train,846,CCOc1ncc[nH]1,6.857269287e0,7.735677361e-1,7.187088132e-1,9.582784176e-1,7.630836964e0,5.985376239e-1
train,847,CC1OC(C)(C)C1CO,8.299472809e0,6.049631536e-2,7.187088132e-1,9.582784176e-1,8.359969139e0,1.169803500e0
train,848,CNc1cc(C)n(C)n1,5.915755272e0,-1.282169819e0,7.187088132e-1,9.582784176e-1,4.633585453e0,-1.749771237e0
train,849,CC1(C)CC2C=CC1C2,6.884480476e0,-5.036332607e-1,7.187088132e-1,9.582784176e-1,6.380846977e0,-3.808138072e-1
train,850,CCC1C=CC2CC2C1,6.816452026e0,-8.096328378e-1,7.187088132e-1,9.582784176e-1,6.006819248e0,-6.738598347e-1
train,851,Cn1c(N)nnc1N,6.745702267e0,3.149983287e-1,7.187088132e-1,9.582784176e-1,7.060700417e0,1.518428326e-1
train,852,O=C1C2C(O)C3C2C13O,6.421886921e0,7.590684295e-2,7.187088132e-1,9.582784176e-1,6.497793674e0,-2.891875207e-1
train,853,CC1CC2CC(=O)C12,5.874938488e0,4.026912153e-1,7.187088132e-1,9.582784176e-1,6.277629852e0,-4.616831243e-1
train,854,CNC(C#N)C1OC1C,7.469525814e0,1.074899316e0,7.187088132e-1,9.582784176e-1,8.544425011e0,1.314322352e0
train,855,CC12CNC(C1)C([NH-])O2,7.031421661e0,-6.661766171e-1,7.187088132e-1,9.582784176e-1,6.365244865e0,-3.930378556e-1
train,856,O=CC[NH+]1CC2CCC21,5.382411957e0,-7.766352594e-2,7.187088132e-1,9.582784176e-1,5.304748535e0,-1.223923445e0
train,857,CC1=C(CO)CNC1=O,6.062696934e0,1.065033674e-1,7.187088132e-1,9.582784176e-1,6.169200420e0,-5.466362238e-1
train,858,CC(C)C(=O)NCC#N,7.355237484e0,9.227464795e-1,7.187088132e-1,9.582784176e-1,8.277983665e0,1.105569005e0
train,859,COCC1OCC1OC,8.530769348e0,8.543359041e-1,7.187088132e-1,9.582784176e-1,9.385105133e0,1.972984672e0
train,860,N#CC[NH+]1CC2CCC21,6.903528214e0,1.498247385e-1,7.187088132e-1,9.582784176e-1,7.053352833e0,1.460860968e-1
train,861,C#Cc1[nH]cc(N)c1N,5.170163155e0,-8.173694611e-1,7.187088132e-1,9.582784176e-1,4.352793694e0,-1.969768047e0
train,862,C1=CC2(CN2)C[NH+]2CC12,6.049090862e0,-4.784196615e-1,7.187088132e-1,9.582784176e-1,5.570671082e0,-1.015576482e0
train,863,CC(C)(O)C1NC1(C)C,8.446413994e0,-5.372102261e-1,7.187088132e-1,9.582784176e-1,7.909203529e0,8.166343570e-1
train,864,CC12C3C[NH+]1C2C3NO,6.579712868e0,-6.465439498e-2,7.187088132e-1,9.582784176e-1,6.515058517e0,-2.756607533e-1
train,865,[NH-]C1OC23CNC2C1C3,7.015095711e0,1.499771029e-1,7.187088132e-1,9.582784176e-1,7.165072918e0,2.336173803e-1
train,866,CC1CC(C#N)C1(C)O,8.168857574e0,4.148095548e-1,7.187088132e-1,9.582784176e-1,8.583666801e0,1.345067859e0
train,867,C#CC12CC[NH+]1C2C=O,5.368806362e0,-1.623831838e-1,7.187088132e-1,9.582784176e-1,5.206423283e0,-1.300959945e0
train,868,CCn1cncnc1=O,5.477651596e0,-4.966989458e-1,7.187088132e-1,9.582784176e-1,4.980952740e0,-1.477613330e0
train,869,O=C1C2CC3(COC13)N2,5.360642910e0,-2.332595348e0,7.187088132e-1,9.582784176e-1,3.028047562e0,-3.007689953e0
train,870,CCC(C)C(C=O)C=O,5.303499222e0,4.328362346e-1,7.187088132e-1,9.582784176e-1,5.736335278e0,-8.857806325e-1
train,871,CCC1C[NH+]1CCO,8.585191727e0,-2.282553017e-1,7.187088132e-1,9.582784176e-1,8.356936455e0,1.167427421e0
train,872,CC1OC([NH-])CC12CC2,7.774292946e0,3.657638729e-1,7.187088132e-1,9.582784176e-1,8.140056610e0,9.975048304e-1
train,873,CC(=O)OC1C(C)C1O,6.938903332e0,-4.358153641e-1,7.187088132e-1,9.582784176e-1,6.503087997e0,-2.850394845e-1
train,874,CC(O)C(O)C1OC1C,8.568865776e0,-2.105890363e-1,7.187088132e-1,9.582784176e-1,8.358276367e0,1.168477297e0
train,875,CCC1(C)CC1(O)CC,8.694037437e0,6.280953288e-1,7.187088132e-1,9.582784176e-1,9.322133064e0,1.923646927e0
train,876,O=CN1C2C3C=CC2C31,5.880380630e0,-4.424056783e-2,7.187088132e-1,9.582784176e-1,5.836140156e0,-8.075847626e-1
train,877,C#CC1C2CC3C2C13O,7.665446758e0,6.888356060e-2,7.187088132e-1,9.582784176e-1,7.734330177e0,6.796233058e-1
train,878,COC(=O)C1(C)OC1C,7.287209034e0,-6.784127951e-1,7.187088132e-1,9.582784176e-1,6.608796120e0,-2.022185028e-1
train,879,Cn1cnc(C=O)c1O,5.398738861e0,4.044674635e-1,7.187088132e-1,9.582784176e-1,5.803206444e0,-8.333879113e-1
train,880,C1OC2(CC2)C2CC1O2,8.699480057e0,-1.225269318e0,7.187088132e-1,9.582784176e-1,7.474210739e0,4.758229852e-1
train,881,CC12C[NH+](CC1=O)C2,5.591939926e0,-2.043493986e0,7.187088132e-1,9.582784176e-1,3.548445940e0,-2.599964380e0
train,882,COC1(C)C(C)C1O,8.021917343e0,1.338459373e0,7.187088132e-1,9.582784176e-1,9.360376358e0,1.953610063e0
train,883,CCC1OC(C)(C)C1C,8.528048515e0,-2.361730039e-1,7.187088132e-1,9.582784176e-1,8.291875839e0,1.116453290e0
train,884,CC1=C(N)C2CN2C1=O,5.327989578e0,-4.669881165e-1,7.187088132e-1,9.582784176e-1,4.861001492e0,-1.571593642e0
train,885,COC1COC1[NH-],7.360680103e0,6.681167483e-1,7.187088132e-1,9.582784176e-1,8.028797150e0,9.103344679e-1
train,886,CC1NC1(C)C(O)C#N,6.971556664e0,4.851687551e-1,7.187088132e-1,9.582784176e-1,7.456725597e0,4.621235728e-1
train,887,[H]N=CNC(=O)OC(C)C,6.898086548e0,3.395442963e-1,7.187088132e-1,9.582784176e-1,7.237630844e0,2.904655933e-1
train,888,CC1(O)CC=CCCC1,6.840942383e0,6.277613044e-1,7.187088132e-1,9.582784176e-1,7.468703747e0,4.715083241e-1
train,889,Cc1nccn1C(N)=O,5.763371468e0,5.184537172e-1,2.156126499e0,2.874835253e0,6.281825066e0,-4.583962262e-1
train,890,Cc1c(O)cnnc1F,5.327989578e0,1.129844904e0,7.187088132e-1,9.582784176e-1,6.457834244e0,-3.204952478e-1
train,891,C#CC(=O)N(C)C(C)C,5.956572056e0,7.962636650e-2,7.187088132e-1,9.582784176e-1,6.036198616e0,-6.508414745e-1
train,892,C1=C(C2CC2)C2CC1C2,6.141610146e0,-1.429741263e0,7.187088132e-1,9.582784176e-1,4.711868763e0,-1.688437223e0
train,893,CC1(C2(C#N)CO2)CC1,7.943003654e0,8.541622162e-1,7.187088132e-1,9.582784176e-1,8.797165871e0,1.512341738e0
train,894,[NH-][CH+]OCC1CC(=O)O1,7.249113560e0,-7.532809973e-1,7.187088132e-1,9.582784176e-1,6.495832443e0,-2.907241285e-1
train,895,CN(C=O)CC1(O)CC1,7.251834393e0,6.034251451e-1,7.187088132e-1,9.582784176e-1,7.855259418e0,7.743698359e-1
train,896,C#CCC1C(O)C2NC12,8.234165192e0,-4.720974565e-1,7.187088132e-1,9.582784176e-1,7.762067795e0,7.013553381e-1
train,897,C1C2C3COC4C1C2C34,8.519885063e0,-3.074380197e-2,7.187088132e-1,9.582784176e-1,8.489141464e0,1.271008492e0
train,898,CC1(O)C2CC1C1NC12,8.329405785e0,-1.023411006e-1,7.187088132e-1,9.582784176e-1,8.227065086e0,1.065674901e0
train,899,COC(CO)C(C)(C)C,8.522605896e0,-1.453781009e0,7.187088132e-1,9.582784176e-1,7.068824768e0,1.582081616e-1
train,900,O=C(CO)C1(O)CC1,6.315762520e0,-9.252144396e-2,7.187088132e-1,9.582784176e-1,6.223240852e0,-5.042961836e-1
train,901,O=c1[nH]c2c(o1)CCC2,6.536174774e0,-9.213148952e-1,7.187088132e-1,9.582784176e-1,5.614860058e0,-9.809549451e-1
train,902,C#Cc1onc(N)c1N,5.028664112e0,2.334760875e-1,7.187088132e-1,9.582784176e-1,5.262140274e0,-1.257306457e0
train,903,OCC1CC(NO)CO1,6.775634766e0,-6.928794384e-1,7.187088132e-1,9.582784176e-1,6.082755089e0,-6.143650413e-1
train,904,CC12CC3CC1(O)C32,8.231444359e0,3.318864703e-1,7.187088132e-1,9.582784176e-1,8.563330650e0,1.329134703e0
train,905,C[NH2+]C1OCC1[NH+](C)C,6.718491554e0,1.830841064e0,7.187088132e-1,9.582784176e-1,8.549332619e0,1.318167448e0
train,906,N#CCC(C#N)CN,7.513063908e0,-2.819025218e-1,7.187088132e-1,9.582784176e-1,7.231161594e0,2.853970230e-1
train,907,N#CC1CC2CNC2[NH2+]1,6.753865719e0,-1.567214131e-1,7.187088132e-1,9.582784176e-1,6.597144127e0,-2.113476992e-1
train,908,CCc1noc(CN)n1,6.359301090e0,-1.841691285e-1,7.187088132e-1,9.582784176e-1,6.175131798e0,-5.419890285e-1
train,909,N#CC(O)CC#CCO,7.213738441e0,-6.830186844e-1,7.187088132e-1,9.582784176e-1,6.530719757e0,-2.633903623e-1
train,910,C1=CCOCCOC1,6.274945736e0,7.759680599e-2,7.187088132e-1,9.582784176e-1,6.352542400e0,-4.029900730e-1
train,911,CC(C)(O)CNCC#N,7.336189747e0,6.599040329e-2,7.187088132e-1,9.582784176e-1,7.402180195e0,4.193879366e-1
train,912,C#CC(O)C1CC(C)C1,8.040965080e0,-8.388458937e-2,7.187088132e-1,9.582784176e-1,7.957080364e0,8.541452289e-1
train,913,OC1C2C3CC1(O)C2O3,8.049127579e0,-8.648489416e-2,7.187088132e-1,9.582784176e-1,7.962642670e0,8.585032821e-1
train,914,C1=CC23CC2CC(C1)O3,6.362021923e0,-2.597117424e-1,7.187088132e-1,9.582784176e-1,6.102310181e0,-5.990438461e-1
train,915,CCC1CC1(C)CC#N,8.560701370e0,-1.043443799e0,2.156126499e0,2.874835253e0,7.517257690e0,5.095497370e-1
train,916,C1=CC23CC2OCC1O3,5.839563370e0,-2.443478070e-2,7.187088132e-1,9.582784176e-1,5.815128803e0,-8.240468502e-1
train,917,O=Cc1cn(C=O)cn1,4.892607212e0,-1.469329000e0,7.187088132e-1,9.582784176e-1,3.423278332e0,-2.698031664e0
train,918,OCC1CC12C[NH+]1CC12,7.885859489e0,1.491555423e-1,7.187088132e-1,9.582784176e-1,8.035015106e0,9.152061343e-1
train,919,OC1CC2CC12[NH+]1CC1,7.910349369e0,-4.000464082e-1,7.187088132e-1,9.582784176e-1,7.510303020e0,5.041007996e-1
train,920,Nc1cc(O)[nH]c1O,6.008274078e0,5.701851249e-1,7.187088132e-1,9.582784176e-1,6.578459263e0,-2.259870470e-1
train,921,N#Cc1cc[nH]n1,6.598761082e0,-1.827508360e-1,7.187088132e-1,9.582784176e-1,6.416010380e0,-3.532637060e-1
train,922,OCCC1(O)C2COC21,7.975656986e0,5.075260997e-1,7.187088132e-1,9.582784176e-1,8.483182907e0,1.266340017e0
train,923,OC1C[NH+]2CC3CCC132,7.325304985e0,-2.338724613e0,7.187088132e-1,9.582784176e-1,4.986580372e0,-1.473204136e0
train,924,N#CC1NCC1[NH+]1CC1,7.006931782e0,-2.254674584e-1,7.187088132e-1,9.582784176e-1,6.781464100e0,-6.693531573e-2
train,925,CC12C3CC4[CH-]C3C1C42,3.227270365e0,-1.710945129e0,7.187088132e-1,9.582784176e-1,1.516325235e0,-4.192105770e0
train,926,[NH-][CH+]OC12CC[NH+](C1)C2,6.865432262e0,-7.052624822e-1,7.187088132e-1,9.582784176e-1,6.160169601e0,-5.537117720e-1
train,927,CCC1([NH+]2CC2)CC1O,8.255934715e0,1.944650561e-1,7.187088132e-1,9.582784176e-1,8.450399399e0,1.240654469e0
train,928,ONC1CC2CC1(O)C2,6.922576904e0,-7.236449122e-1,7.187088132e-1,9.582784176e-1,6.198932171e0,-5.233417749e-1
train,929,CC(=O)C1CCCC1O,6.198753357e0,1.908393741e0,7.187088132e-1,9.582784176e-1,8.107147217e0,9.717207551e-1
train,930,Cc1cc(C#N)c(N)[nH]1,5.662689686e0,1.550414860e-1,7.187088132e-1,9.582784176e-1,5.817731380e0,-8.220077753e-1
train,931,CC1(C(=O)NC=O)CO1,5.842284679e0,1.805611849e0,2.156126499e0,2.874835253e0,7.647896767e0,6.119037867e-1
train,932,CCC1OCCC(=O)O1,7.401497364e0,1.614016294e0,7.187088132e-1,9.582784176e-1,9.015513420e0,1.683414221e0
train,933,CC1(O)COC1CCO,8.438250542e0,-2.485649884e-1,7.187088132e-1,9.582784176e-1,8.189685822e0,1.036388755e0
train,934,CC(=O)CC12CC[NH+]1C2,5.967456818e0,-5.778738856e-1,2.156126499e0,2.874835253e0,5.389583111e0,-1.157456636e0
train,935,CC1([NH+]2CC2)C2CCC21,8.427366257e0,3.794711828e-1,2.156126499e0,2.874835253e0,8.806837082e0,1.519918919e0
train,936,C#CC12OC3C(C1=O)C32,5.880380630e0,2.269228846e-1,7.187088132e-1,9.582784176e-1,6.107303619e0,-5.951315761e-1
train,937,CCC12CC1CCC2C,9.064112663e0,9.976614267e-2,7.187088132e-1,9.582784176e-1,9.163878441e0,1.799656391e0
train,938,COCc1noc(C)n1,6.598761082e0,4.587039053e-1,7.187088132e-1,9.582784176e-1,7.057465076e0,1.493079811e-1
train,939,CCC1(C)CC1C=O,6.157936573e0,1.585043550e0,7.187088132e-1,9.582784176e-1,7.742980003e0,6.864002943e-1
train,940,CC1C(O)C2(O)C(C)C12,8.511721611e0,-1.021981478e0,7.187088132e-1,9.582784176e-1,7.489740372e0,4.879902601e-1
train,941,O=CC(O)C1=NCCO1,5.991947174e0,1.106607437e0,7.187088132e-1,9.582784176e-1,7.098554611e0,1.815011203e-1
train,942,N#CC(O)CC1CO1,7.834157944e0,2.090045251e-3,7.187088132e-1,9.582784176e-1,7.836247921e0,7.594745755e-1
train,943,C#CCC(OC)C1CC1,7.991984367e0,-1.152968645e0,7.187088132e-1,9.582784176e-1,6.839015961e0,-2.184415422e-2
train,944,OCC1C2OCC12O,7.825994968e0,2.567971051e-1,7.187088132e-1,9.582784176e-1,8.082792282e0,9.526389837e-1
train,945,COCC1(C)CN1,8.598798752e0,3.161720634e-1,7.187088132e-1,9.582784176e-1,8.914970398e0,1.604640007e0
train,946,OCC1CC12C=CCO2,6.138888836e0,5.365795270e-2,7.187088132e-1,9.582784176e-1,6.192546844e0,-5.283445716e-1
train,947,CCC1OC1C(C)(C)C,9.050506592e0,1.713011265e-1,7.187088132e-1,9.582784176e-1,9.221807480e0,1.845043063e0
train,948,CC1=CN(C=O)CC1C,5.605545521e0,4.503576458e-1,7.187088132e-1,9.582784176e-1,6.055902958e0,-6.354033351e-1
train,949,COCCc1ncc[nH]1,6.859990120e0,1.584848881e0,7.187088132e-1,9.582784176e-1,8.444839478e0,1.236298442e0
train,950,CC#CC(C)(C#N)CO,7.616467476e0,-9.836356044e-1,7.187088132e-1,9.582784176e-1,6.632832050e0,-1.833866537e-1
train,951,CC12C([NH-])OC1C1NC12,7.360680103e0,-5.130662918e-1,2.156126499e0,2.874835253e0,6.847613811e0,-1.510784589e-2
train,952,O=CC12C3C4C[NH+]1C2C43,5.548401356e0,5.378699899e-1,7.187088132e-1,9.582784176e-1,6.086271286e0,-6.116101742e-1
train,953,C#CC1C2CC([NH-])OC12,7.170200348e0,-4.029278457e-1,7.187088132e-1,9.582784176e-1,6.767272472e0,-7.805427164e-2
train,954,CNC(=O)OCC(N)=O,7.123940468e0,1.062981561e-1,7.187088132e-1,9.582784176e-1,7.230238438e0,2.846737504e-1
train,955,CC1(O)CC2C3CC1C32,8.827373505e0,7.261473536e-1,7.187088132e-1,9.582784176e-1,9.553521156e0,2.104936600e0
train,956,[H]N=CN(C=NC)CC#C,5.967456818e0,1.444666266e0,7.187088132e-1,9.582784176e-1,7.412123203e0,4.271781743e-1
train,957,COCCCC(C)CO,8.909008026e0,6.599177718e-1,7.187088132e-1,9.582784176e-1,9.568925858e0,2.117006063e0
train,958,CC1C2C(O)C2C12CN2,8.500837326e0,-4.555150867e-2,7.187088132e-1,9.582784176e-1,8.455286026e0,1.244483113e0
train,959,CCC1NC1(C)C#N,7.749802589e0,2.729113996e-1,7.187088132e-1,9.582784176e-1,8.022713661e0,9.055681229e-1
train,960,C#CC(O)C1NC1C,7.553880215e0,2.740521133e-1,7.187088132e-1,9.582784176e-1,7.827932358e0,7.529594302e-1
train,961,CC1C(O)C2CC12C,8.536211014e0,6.289207339e-1,7.187088132e-1,9.582784176e-1,9.165131569e0,1.800638199e0
train,962,C#CC1CCC1[NH+]1CC1,7.635515213e0,-2.725685537e-1,7.187088132e-1,9.582784176e-1,7.362946510e0,3.886488378e-1
train,963,C1C2C1C1CC2C2CC21,9.428745270e0,4.310978055e-1,7.187088132e-1,9.582784176e-1,9.859843254e0,2.344936132e0
train,964,C#CC(=O)C(C)C(C)C,5.518469334e0,-6.661638618e-1,7.187088132e-1,9.582784176e-1,4.852305412e0,-1.578406930e0
train,965,CCC1(CC)CC(O)C1,8.846421242e0,2.106857672e-2,7.187088132e-1,9.582784176e-1,8.867489815e0,1.567439675e0
train,966,CC1(C)C2CC3C2[NH+]31,8.813768387e0,3.080436885e-1,7.187088132e-1,9.582784176e-1,9.121811867e0,1.766697764e0
train,967,CC1=CC2NC3C1C23O,6.171542168e0,-2.991863489e-1,7.187088132e-1,9.582784176e-1,5.872355938e0,-7.792101502e-1
train,968,C1CC2(O1)C1COC2C1,8.274982452e0,6.649339795e-1,7.187088132e-1,9.582784176e-1,8.939916611e0,1.624185085e0
train,969,O=C1CC2OC(=O)C1O2,5.453161716e0,2.107820213e-1,7.187088132e-1,9.582784176e-1,5.663943768e0,-9.424984455e-1
train,970,CC12CCCC1[NH+]1CC12,8.266819000e0,6.310775876e-1,7.187088132e-1,9.582784176e-1,8.897896767e0,1.591263056e0
train,971,OCC[NH+]1C2CCCC21,8.323963165e0,2.466193289e-1,7.187088132e-1,9.582784176e-1,8.570582390e0,1.334816337e0
train,972,O=CC1(O)C2NC(=O)C21,5.279008865e0,2.955579996e0,2.156126499e0,2.874835253e0,8.234588623e0,1.071569443e0
train,973,CC1[NH+]2CC(O)C12C#N,6.876317024e0,1.525692344e0,7.187088132e-1,9.582784176e-1,8.402009010e0,1.202741265e0
train,974,COC1C=CC(O)CC1,6.966114998e0,-1.729565114e-1,7.187088132e-1,9.582784176e-1,6.793158531e0,-5.777287483e-2
train,975,CC1(C)CCC2CC1C2,9.507658958e0,1.092108369e0,7.187088132e-1,9.582784176e-1,1.059976768e1,2.924657583e0
train,976,CC(C)CC(C)C(C)O,8.884517670e0,-5.292292237e-1,7.187088132e-1,9.582784176e-1,8.355288506e0,1.166136384e0
train,977,CC1=CC2CC1C(=O)N2,5.948409081e0,-8.587069511e-1,7.187088132e-1,9.582784176e-1,5.089702129e0,-1.392409563e0
train,978,CC1(C)C2COC=NC21,6.884480476e0,6.701489091e-1,7.187088132e-1,9.582784176e-1,7.554629326e0,5.388299227e-1
train,979,C#CC1NCC(O)C1=O,5.417787075e0,-4.065670669e-1,7.187088132e-1,9.582784176e-1,5.011219978e0,-1.453899384e0
train,980,CCNC(=O)C1CO1,7.208295822e0,-1.302138418e-1,7.187088132e-1,9.582784176e-1,7.078082085e0,1.654611528e-1
train,981,CC1NC1C=O,6.040927887e0,1.373770982e-1,7.187088132e-1,9.582784176e-1,6.178305149e0,-5.395027995e-1
train,982,Cc1coc(=O)c(N)n1,4.446340084e0,-6.090754271e-1,7.187088132e-1,9.582784176e-1,3.837264538e0,-2.373678684e0
train,983,CC(O)CCCCCO,9.088603020e0,-4.287203252e-1,7.187088132e-1,9.582784176e-1,8.659882545e0,1.404781938e0
train,984,CC1CC1(C)C1CCO1,8.862749100e0,1.355449080e0,2.156126499e0,2.874835253e0,1.021819782e1,2.625702381e0
train,985,CCCC(C)(C=O)OC,5.790582657e0,2.056545950e-2,7.187088132e-1,9.582784176e-1,5.811148167e0,-8.271656632e-1
train,986,COCC#CCC(C)O,7.608303070e0,6.330582500e-1,7.187088132e-1,9.582784176e-1,8.241361618e0,1.076876044e0
train,987,CC(O)CC(C)(O)CO,8.013752937e0,-5.125947595e-1,7.187088132e-1,9.582784176e-1,7.501158237e0,4.969359934e-1
train,988,NC(=O)C1CC(O)C1=O,5.404181004e0,-2.546026230e0,2.156126499e0,2.874835253e0,2.858154774e0,-3.140798807e0
train,989,CC1(O)CC1(O)C1CO1,8.509000778e0,-4.713474214e-1,7.187088132e-1,9.582784176e-1,8.037652969e0,9.172728658e-1
train,990,CCCC1CC(O)C1O,8.261377335e0,3.590670824e-1,7.187088132e-1,9.582784176e-1,8.620444298e0,1.373882532e0
train,991,CCn1cnc(=O)cn1,4.955193520e0,-7.513383627e-1,7.187088132e-1,9.582784176e-1,4.203855038e0,-2.086459637e0
train,992,CC12C=CC(C1)C2=O,6.702164173e0,4.041363299e-2,7.187088132e-1,9.582784176e-1,6.742578030e0,-9.740205854e-2
train,993,N#Cc1ncco1,5.659968376e0,-1.638103276e-1,7.187088132e-1,9.582784176e-1,5.496158123e0,-1.073956370e0
train,994,Cc1c(N)nn[nH+]c1[NH-],4.155179024e0,9.813766927e-2,7.187088132e-1,9.582784176e-1,4.253316879e0,-2.047706842e0
train,995,CN1N=COC([NH-])=C1[NH-],4.903491497e0,-2.679349184e-1,2.156126499e0,2.874835253e0,4.635556698e0,-1.748226762e0
train,996,CCC(O)CC(=O)CO,6.473588943e0,-5.414618254e-1,7.187088132e-1,9.582784176e-1,5.932126999e0,-7.323802710e-1
train,997,C#CC(=O)C[NH+]1CC1C,4.908934116e0,1.691041589e0,2.156126499e0,2.874835253e0,6.599975586e0,-2.091292888e-1
train,998,CC(N)C(N)(C#N)CO,7.447756290e0,-6.068692207e-1,7.187088132e-1,9.582784176e-1,6.840887070e0,-2.037816308e-2
train,999,CC1CC2CC1CC2=O,6.070860386e0,1.123205572e-2,7.187088132e-1,9.582784176e-1,6.082092285e0,-6.148843169e-1
train,1000,CC1OCC1NCC#N,7.240949631e0,-1.435804963e-1,7.187088132e-1,9.582784176e-1,7.097369194e0,1.805723608e-1
train,1001,CC1CC(C2CN2)O1,8.560701370e0,9.022025466e-1,7.187088132e-1,9.582784176e-1,9.462903976e0,2.033939123e0
train,1002,CN1C=CC(C)(O)C1=O,5.404181004e0,-2.689341903e-1,7.187088132e-1,9.582784176e-1,5.135246754e0,-1.356725931e0
train,1003,CC1CC2(CN2)C1NO,6.283109188e0,-5.003177524e-1,7.187088132e-1,9.582784176e-1,5.782791615e0,-8.493826389e-1
train,1004,CC(=O)CCCC1CC1,6.372906685e0,1.897682548e-1,7.187088132e-1,9.582784176e-1,6.562674999e0,-2.383538187e-1
train,1005,N#CC#CC1(O)COC1,5.812351704e0,-1.250995696e-2,7.187088132e-1,9.582784176e-1,5.799841881e0,-8.360239863e-1
train,1006,CCC1COCC1=O,5.850448132e0,4.790362716e-2,7.187088132e-1,9.582784176e-1,5.898351669e0,-7.588428259e-1
train,1007,CC1(C)NC1C(O)C#N,7.396054745e0,3.625752628e-1,7.187088132e-1,9.582784176e-1,7.758629799e0,6.986617446e-1
train,1008,O=C1C2CCC1O2,6.405560493e0,-1.271811604e0,7.187088132e-1,9.582784176e-1,5.133749008e0,-1.357899427e0
train,1009,CC12CC(C(N)=O)C1C2,7.439593315e0,-2.898363397e-2,7.187088132e-1,9.582784176e-1,7.410609722e0,4.259923697e-1
train,1010,OC1CC2CC1O2,8.892680168e0,-5.114505887e-1,7.187088132e-1,9.582784176e-1,8.381229401e0,1.186460733e0
train,1011,CC(C)C12C3C4C(C31)[NH+]42,7.657283783e0,2.617587149e-1,7.187088132e-1,9.582784176e-1,7.919042587e0,8.243431449e-1
train,1012,CCC12CCC1C2(C)O,8.383827209e0,2.248452045e-2,7.187088132e-1,9.582784176e-1,8.406311989e0,1.206112623e0
train,1013,CC1C(O)C2(O)COC12,8.021917343e0,5.052328110e-1,7.187088132e-1,9.582784176e-1,8.527150154e0,1.300787807e0
train,1014,CC(C#N)C(O)C#N,8.386548996e0,-8.731219172e-1,7.187088132e-1,9.582784176e-1,7.513427258e0,5.065486431e-1
train,1015,N#CCC12CC1OCO2,7.526669502e0,-3.701003194e-1,7.187088132e-1,9.582784176e-1,7.156569004e0,2.269546688e-1
train,1016,CC12C3CC=CC1C2O3,6.459982872e0,-6.726987958e-1,7.187088132e-1,9.582784176e-1,5.787283897e0,-8.458629847e-1
train,1017,OC1CCC12CCCC2,8.566143990e0,-8.081279695e-2,7.187088132e-1,9.582784176e-1,8.485331535e0,1.268023372e0
train,1018,CC12C3CC1C3C1C[NH+]12,8.802883148e0,-1.492324114e0,7.187088132e-1,9.582784176e-1,7.310559273e0,3.476040959e-1
train,1019,COC(C#N)CCCO,7.896743774e0,2.580221295e-1,7.187088132e-1,9.582784176e-1,8.154766083e0,1.009029508e0
train,1020,CNc1ccccc1O,5.450440407e0,-2.386190653e0,2.156126499e0,2.874835253e0,3.064249754e0,-2.979326010e0
train,1021,O=C1OCC2CC(O)C12,7.066796780e0,-6.353008151e-1,7.187088132e-1,9.582784176e-1,6.431496143e0,-3.411308229e-1
train,1022,C1CC2C3CCC1C23,9.194727898e0,2.793122768e0,2.156126499e0,2.874835253e0,1.198785019e1,4.012202740e0
train,1023,OC1CC2(O)C=CC1C2,6.900807381e0,1.596760750e-1,7.187088132e-1,9.582784176e-1,7.060483456e0,1.516728401e-1
train,1024,C#CC[NH+]1CC1C(N)=O,6.489915371e0,-9.385767579e-2,7.187088132e-1,9.582784176e-1,6.396057606e0,-3.688964546e-1
train,1025,N#CC1C2CC1C1CC21,8.318520546e0,4.170288444e-1,7.187088132e-1,9.582784176e-1,8.735548973e0,1.464065671e0
train,1026,N#CC12CC[NH+]3CC1C32,7.287209034e0,-5.098525286e-1,7.187088132e-1,9.582784176e-1,6.777356625e0,-7.015346736e-2
train,1027,Cc1c(CO)nnn1C,6.617809296e0,-2.986997366e-1,7.187088132e-1,9.582784176e-1,6.319109440e0,-4.291843772e-1
train,1028,O=Cn1ccc(O)c1O,4.560628414e0,-1.645868868e-1,7.187088132e-1,9.582784176e-1,4.396041393e0,-1.935883999e0
train,1029,CC1C(N)C2(C#N)C[NH+]12,6.748423576e0,-3.969322443e-1,7.187088132e-1,9.582784176e-1,6.351491451e0,-4.038134813e-1
train,1030,OCC12COCCC1N2,8.808325768e0,4.248499274e-1,7.187088132e-1,9.582784176e-1,9.233175278e0,1.853949547e0
train,1031,CC(CC1CCC1)=NO,6.903528214e0,-2.658132911e-1,7.187088132e-1,9.582784176e-1,6.637714863e0,-1.795610338e-1
train,1032,CC1OC(=O)C1(O)C=O,5.744323254e0,8.245248199e-1,7.187088132e-1,9.582784176e-1,6.568848133e0,-2.335172445e-1
train,1033,CCCCC1(C)CC1O,9.061391830e0,1.835713387e-1,7.187088132e-1,9.582784176e-1,9.244962692e0,1.863184929e0
train,1034,CC1(C=O)CCCC1=O,5.466767311e0,9.778600931e-1,2.156126499e0,2.874835253e0,6.444627285e0,-3.308427334e-1
train,1035,CC#Cc1[nH]cnc1N,5.066760063e0,2.862946391e-1,7.187088132e-1,9.582784176e-1,5.353054523e0,-1.186076283e0
train,1036,CC1=CC(O)C(=O)C1=O,3.836805344e0,1.908903718e-1,7.187088132e-1,9.582784176e-1,4.027695656e0,-2.224478245e0
train,1037,CC1C2CC3C1C23C#N,7.542996407e0,-1.464308798e-1,7.187088132e-1,9.582784176e-1,7.396565437e0,4.149888456e-1
train,1038,CC(C=O)OCC#N,6.166100025e0,1.155999064e0,7.187088132e-1,9.582784176e-1,7.322099209e0,3.566454947e-1
train,1039,COC(=O)C1CO[CH+][NH2+]1,6.772913933e0,7.169061899e-1,7.187088132e-1,9.582784176e-1,7.489820004e0,4.880526364e-1
train,1040,CC1CCC(C)C1C=O,6.038206577e0,-8.308799267e-1,7.187088132e-1,9.582784176e-1,5.207326889e0,-1.300252080e0
train,1041,COC1C(O)C1[NH+]1CC1,8.051848412e0,1.826707721e-1,7.187088132e-1,9.582784176e-1,8.234519005e0,1.071514964e0
train,1042,CCC1COCC1CO,8.582470894e0,1.574975967e0,2.156126499e0,2.874835253e0,1.015744686e1,2.578104734e0
train,1043,OC1[CH-]C2CC[NH+]3C1C23,5.665410519e0,-4.578979313e-1,7.187088132e-1,9.582784176e-1,5.207512379e0,-1.300106764e0
train,1044,C#CCC(O)C(N)=O,7.542996407e0,1.709261835e-1,7.187088132e-1,9.582784176e-1,7.713922501e0,6.636341214e-1
train,1045,CC1CC(CO)OC=N1,7.357958317e0,2.215283394e0,2.156126499e0,2.874835253e0,9.573242188e0,2.120387793e0
train,1046,CNC12COC1CC2=O,5.074923515e0,-7.571144700e-1,7.187088132e-1,9.582784176e-1,4.317809105e0,-1.997178078e0
train,1047,CC1C(O)C2COC12,8.294030190e0,-3.673079610e-1,7.187088132e-1,9.582784176e-1,7.926722050e0,8.303598762e-1
train,1048,C#CC(=NO)C(C)CC,5.681737423e0,-5.320726633e-1,7.187088132e-1,9.582784176e-1,5.149664879e0,-1.345429540e0
train,1049,Cn1nc2c(n1)OCC2,5.828679085e0,1.056371629e-1,7.187088132e-1,9.582784176e-1,5.934316158e0,-7.306650877e-1
train,1050,Cn1nccc1CC=O,5.477651596e0,-2.929952145e-1,7.187088132e-1,9.582784176e-1,5.184656143e0,-1.318014264e0
train,1051,N#CC(N)C#CC1CN1,6.723933220e0,-1.023262180e-2,7.187088132e-1,9.582784176e-1,6.713700771e0,-1.200270280e-1
train,1052,OC12CC1C=CC21CC1,6.362021923e0,-3.258849144e0,2.156126499e0,2.874835253e0,3.103172779e0,-2.948830366e0
train,1053,CC(=O)C1NC1(C)C,6.005552769e0,-2.170654058e0,7.187088132e-1,9.582784176e-1,3.834898710e0,-2.375532150e0
train,1054,C#CC1(C)OC1CC,7.787898064e0,-5.954831243e-1,7.187088132e-1,9.582784176e-1,7.192414761e0,2.550393641e-1
train,1055,CC(=O)C(O)CCCO,6.481751919e0,-2.321457257e-3,7.187088132e-1,9.582784176e-1,6.479430676e0,-3.035747111e-1
train,1056,CC1C2CCCC1C2O,8.884517670e0,-1.330527902e0,7.187088132e-1,9.582784176e-1,7.553989887e0,5.383289456e-1
train,1057,c1cc2cconc-2c1,3.567412615e0,-1.069298625e0,7.187088132e-1,9.582784176e-1,2.498114109e0,-3.422886133e0
train,1058,COCC1CC1(C)CO,8.756624222e0,1.560678005e0,7.187088132e-1,9.582784176e-1,1.031730270e1,2.703349829e0
train,1059,C#CC1(C(N)=O)CC1O,6.721211910e0,3.052815199e-1,7.187088132e-1,9.582784176e-1,7.026493549e0,1.250421852e-1
train,1060,C#CCC1CC(=O)O1,7.619187832e0,3.793847263e-1,7.187088132e-1,9.582784176e-1,7.998572350e0,8.866537213e-1
train,1061,OC1C2C3C=CC(C3)C12,6.851827145e0,-1.379210055e-1,7.187088132e-1,9.582784176e-1,6.713906288e0,-1.198660135e-1
train,1062,CC12CCC1C1CCC12,8.759345055e0,5.353272557e-1,7.187088132e-1,9.582784176e-1,9.294672012e0,1.902131557e0
train,1063,CCC(C)CC(O)C#N,8.498115540e0,6.391834021e-1,7.187088132e-1,9.582784176e-1,9.137298584e0,1.778831363e0
train,1064,CC(=O)NC=O,6.021879673e0,7.846059799e-1,7.187088132e-1,9.582784176e-1,6.806485653e0,-4.733124003e-2
train,1065,C1=CC2NC2C2CCC12,6.560665131e0,1.647507668e0,7.187088132e-1,9.582784176e-1,8.208172798e0,1.050873041e0
train,1066,CC12OC3[NH2+]CC1(O)C32,4.519811153e0,1.267517686e0,7.187088132e-1,9.582784176e-1,5.787328720e0,-8.458278775e-1
train,1067,CC12C(C=O)C3CC1C32,5.823236465e0,2.198675275e-1,7.187088132e-1,9.582784176e-1,6.043104172e0,-6.454310417e-1
train,1068,Cc1cc(C2CO2)on1,6.378348827e0,-2.410532087e-1,7.187088132e-1,9.582784176e-1,6.137295723e0,-5.716331601e-1
train,1069,CCOC12C3C4C1[NH+]4C32,7.537554264e0,-7.219250202e-1,7.187088132e-1,9.582784176e-1,6.815629005e0,-4.016754031e-2
train,1070,CC1OC2C(C)C(C)C12,8.291309357e0,-3.316966891e-1,7.187088132e-1,9.582784176e-1,7.959612846e0,8.561294079e-1
train,1071,O=c1occ2n1CCC2,6.293993473e0,5.237294827e-3,7.187088132e-1,9.582784176e-1,6.299230576e0,-4.447592199e-1
train,1072,CC(C)C1CC=CCC1,7.298093796e0,2.855505049e-1,7.187088132e-1,9.582784176e-1,7.583644390e0,5.615628362e-1
train,1073,O=C1OCC2(O)CC12O,6.933460712e0,-5.284541249e-1,7.187088132e-1,9.582784176e-1,6.405006409e0,-3.618851900e-1
train,1074,CC1CNC(=O)NC=N1,6.530732632e0,8.191502690e-1,7.187088132e-1,9.582784176e-1,7.349883080e0,3.784138262e-1
train,1075,O=Cn1cnc(O)n1,5.474930763e0,-1.221556738e-1,7.187088132e-1,9.582784176e-1,5.352775097e0,-1.186295152e0
train,1076,CC1=CC2(C)CC1(C)O2,6.359301090e0,-5.370213389e-1,7.187088132e-1,9.582784176e-1,5.822279930e0,-8.184440732e-1
train,1077,CC(=O)CC(C)NC=O,5.771534920e0,1.770724058e0,7.187088132e-1,9.582784176e-1,7.542259216e0,5.291380882e-1
train,1078,CC1C(O)C2C(=O)NC12,7.360680103e0,-9.167668968e-2,7.187088132e-1,9.582784176e-1,7.269003391e0,3.150455952e-1
train,1079,CC12NC1C(C=O)C2O,5.474930763e0,1.149372935e0,7.187088132e-1,9.582784176e-1,6.624303818e0,-1.900684237e-1
train,1080,C1=Cc2n[nH]cc2CC1,5.518469334e0,-2.008954063e-2,7.187088132e-1,9.582784176e-1,5.498379707e0,-1.072215796e0
train,1081,N#CCOC(=O)N1CC1,7.583813190e0,-5.382159352e-1,7.187088132e-1,9.582784176e-1,7.045597076e0,1.400095522e-1
train,1082,OC1CC=C2CC(O)C21,6.770192623e0,-1.304162025e0,7.187088132e-1,9.582784176e-1,5.466030598e0,-1.097560883e0
train,1083,CC1C2CC3(C)OC2C13,8.715806961e0,1.625160873e-1,7.187088132e-1,9.582784176e-1,8.878322601e0,1.575927019e0
train,1084,CC1C2C3C(C[NH+]23)[NH+]1C,7.711706638e0,-5.859040618e-1,7.187088132e-1,9.582784176e-1,7.125802517e0,2.028495073e-1
train,1085,CCC(C)(C)C1CO1,9.219218254e0,7.694011927e-1,7.187088132e-1,9.582784176e-1,9.988619804e0,2.445830822e0
train,1086,CCC1(CC2CO2)CC1,9.189285278e0,-9.667152762e-1,7.187088132e-1,9.582784176e-1,8.222570419e0,1.062153339e0
train,1087,CC1(C)CC1NC=O,7.363400936e0,-3.809866309e-1,7.187088132e-1,9.582784176e-1,6.982414246e0,9.050659835e-2
train,1088,CC1C2CC3CC3C12O,8.487231255e0,1.407874525e-1,7.187088132e-1,9.582784176e-1,8.628018379e0,1.379816771e0
train,1089,Nc1cc(=O)[nH]nc1O,4.805530548e0,-2.223793983e0,2.156126499e0,2.874835253e0,2.581736565e0,-3.357368946e0
train,1090,CC1CCC2(C1)OC2C,9.064112663e0,3.914068043e-1,7.187088132e-1,9.582784176e-1,9.455519676e0,2.028153658e0
train,1091,C#CCNc1c[nH]nn1,5.815073013e0,1.224515676e0,7.187088132e-1,9.582784176e-1,7.039588928e0,1.353022456e-1
train,1092,N#CC(O)CCC1CO1,7.812388420e0,5.655344576e-2,7.187088132e-1,9.582784176e-1,7.868941784e0,7.850897908e-1
train,1093,N#Cc1[nH]nnc1N,5.096692562e0,5.791886523e-2,7.187088132e-1,9.582784176e-1,5.154611588e0,-1.341553807e0
train,1094,CC(C)C12OC3C1OC32,7.972936153e0,-2.884470224e-1,7.187088132e-1,9.582784176e-1,7.684489250e0,6.405735612e-1
train,1095,N#CCC1(N)C[NH+]2CC21,7.115777493e0,1.715182811e-1,7.187088132e-1,9.582784176e-1,7.287295818e0,3.293774724e-1
train,1096,CC(C#N)C(C)C(N)=O,7.257276535e0,1.527103931e-1,2.156126499e0,2.874835253e0,7.409986973e0,4.255044460e-1
train,1097,CCC#CC1CC(C)C1,7.953887463e0,4.599266350e-1,7.187088132e-1,9.582784176e-1,8.413814545e0,1.211990714e0
train,1098,Cc1cc[nH]c1CO,6.367464066e0,-8.345723152e-1,7.187088132e-1,9.582784176e-1,5.532891750e0,-1.045176029e0
train,1099,CN=C(C=O)N1CCC1,4.215043545e0,-3.662612289e-2,7.187088132e-1,9.582784176e-1,4.178417206e0,-2.106389761e0
train,1100,[NH-]C1NC(C=O)C1O,5.809630871e0,1.029644608e0,7.187088132e-1,9.582784176e-1,6.839275360e0,-2.164091729e-2
train,1101,CNc1ncoc(=O)n1,5.760650635e0,6.824658513e-1,7.187088132e-1,9.582784176e-1,6.443116665e0,-3.320262730e-1
train,1102,C#Cc1coc(C#C)n1,5.167441845e0,2.265115641e-2,7.187088132e-1,9.582784176e-1,5.190093040e0,-1.313754559e0
train,1103,OC1C=CCC2CC1O2,7.091287136e0,8.632392883e-1,2.156126499e0,2.874835253e0,7.954526424e0,8.521443009e-1
train,1104,N#CC1C(O)C1CO,7.850484848e0,-5.006198287e-1,7.187088132e-1,9.582784176e-1,7.349864960e0,3.783996105e-1
train,1105,C1CC2(C1)CCC1CC12,9.338947296e0,1.974256992e0,7.187088132e-1,9.582784176e-1,1.131320381e1,3.483625889e0
train,1106,C#CC#CC(C#C)CC,6.223243713e0,7.966248989e-1,7.187088132e-1,9.582784176e-1,7.019868851e0,1.198518127e-1
train,1107,CC1C2CCCC1C2C,9.387928009e0,2.728862762e-1,7.187088132e-1,9.582784176e-1,9.660814285e0,2.188999414e0
train,1108,C[NH2+][CH+]OCC#CC#N,5.638199329e0,-8.135995865e-1,7.187088132e-1,9.582784176e-1,4.824599743e0,-1.600113988e0
train,1109,C#CC(O)C(C#N)NC,7.336189747e0,-3.650408685e-1,2.156126499e0,2.874835253e0,6.971148968e0,8.168039471e-2
train,1110,COC1C(C)C2(O)CC12,8.378385544e0,-2.309850305e-1,7.187088132e-1,9.582784176e-1,8.147400856e0,1.003258944e0
train,1111,OC1CCC2C3C[NH+]3C12,7.597418785e0,-3.436166942e-1,7.187088132e-1,9.582784176e-1,7.253802299e0,3.031357229e-1
train,1112,O=C1OC2C3C=CC2C13,5.692621708e0,1.045803308e0,7.187088132e-1,9.582784176e-1,6.738425255e0,-1.006557047e-1
train,1113,CC(C)N=C(N)NC=O,5.902149677e0,5.022627115e-1,7.187088132e-1,9.582784176e-1,6.404412270e0,-3.623506725e-1
train,1114,OC1CC1C(F)(F)F,8.944382668e0,5.776708126e-1,2.156126499e0,2.874835253e0,9.522053719e0,2.080282211e0
train,1115,CC(O)C1[NH2+][CH+]NC1[NH-],6.046370029e0,-3.177358806e-1,7.187088132e-1,9.582784176e-1,5.728634357e0,-8.918141723e-1
train,1116,CC1C(=O)CC1C#N,6.032763958e0,2.014368922e-1,7.187088132e-1,9.582784176e-1,6.234200954e0,-4.957091212e-1
train,1117,[NH-]C1OCC2(O)CC12,7.542996407e0,-8.114416599e-1,7.187088132e-1,9.582784176e-1,6.731554985e0,-1.060384810e-1
train,1118,O=C1CC2(C3CC3)CN12,6.462704182e0,1.435824335e-1,7.187088132e-1,9.582784176e-1,6.606286526e0,-2.041847408e-1
train,1119,CC(=O)C1=CCC2NC12,5.113019466e0,-3.011840880e-1,7.187088132e-1,9.582784176e-1,4.811835289e0,-1.610114694e0
train,1120,CC1(C)CCC(CO)C1,9.276361465e0,-2.955849171e0,7.187088132e-1,9.582784176e-1,6.320512295e0,-4.280852675e-1
train,1121,COC1C2OCC3C1C32,8.424644470e0,6.864962578e-1,7.187088132e-1,9.582784176e-1,9.111141205e0,1.758337379e0
train,1122,CC1NC2(C#N)C(N)C12,6.389233112e0,4.571107030e-1,7.187088132e-1,9.582784176e-1,6.846343994e0,-1.610273123e-2
train,1123,OC12CCC3CC3C1C2,8.609682083e0,-1.386192441e0,7.187088132e-1,9.582784176e-1,7.223489761e0,2.793862522e-1
train,1124,C#CC(O)C(=O)C(C)=O,4.296678066e0,-9.936753511e-1,7.187088132e-1,9.582784176e-1,3.303002834e0,-2.792265892e0
train,1125,CC12OC1CC=C2C#N,5.738881111e0,-2.730598450e-1,7.187088132e-1,9.582784176e-1,5.465821266e0,-1.097724915e0
train,1126,NC1=CC(=O)CCC1O,5.314383507e0,2.126245975e0,7.187088132e-1,9.582784176e-1,7.440629482e0,4.495124817e-1
train,1127,CC1(CO)CC1CO,8.971593857e0,-4.663653672e-1,7.187088132e-1,9.582784176e-1,8.505228043e0,1.283612132e0
train,1128,CNC(=O)C1OC1CO,7.238228798e0,-6.318003535e-1,7.187088132e-1,9.582784176e-1,6.606428623e0,-2.040734142e-1
train,1129,CNc1cn[nH]c1C,5.885822773e0,-1.363034993e-1,7.187088132e-1,9.582784176e-1,5.749519348e0,-8.754510880e-1
train,1130,Cc1nc(F)nc(=O)o1,5.945687771e0,-6.905417889e-2,7.187088132e-1,9.582784176e-1,5.876633644e0,-7.758585811e-1
train,1131,C[NH2+]C1NC([NH-])OCO1,6.813731194e0,5.627398491e-1,7.187088132e-1,9.582784176e-1,7.376471043e0,3.992451429e-1
train,1132,CNC1(C#N)COC1=O,6.473588943e0,5.802164078e-1,7.187088132e-1,9.582784176e-1,7.053805351e0,1.464406401e-1
train,1133,CC1CC1C1(C)CO1,9.069554329e0,4.115759730e-1,7.187088132e-1,9.582784176e-1,9.481130600e0,2.048219442e0
train,1134,C#CCC1(O)CC(=O)C1,5.972899437e0,3.706344068e-1,7.187088132e-1,9.582784176e-1,6.343533993e0,-4.100480378e-1
train,1135,CNc1cnn(C=O)c1,4.568791389e0,-5.610231161e-1,7.187088132e-1,9.582784176e-1,4.007768154e0,-2.240091324e0
train,1136,C#CC12C[NH2+][CH+][NH+]1C2,6.533453465e0,3.754617646e-2,7.187088132e-1,9.582784176e-1,6.570999622e0,-2.318315804e-1
train,1137,N#CCNc1cocn1,5.962014675e0,-5.200099349e-1,7.187088132e-1,9.582784176e-1,5.442004681e0,-1.116384983e0
train,1138,O=C1NCC2(CC2O)O1,8.351174355e0,-1.196513414e0,7.187088132e-1,9.582784176e-1,7.154661179e0,2.254599035e-1
train,1139,C#CC1COC2COC12,8.013752937e0,3.205721974e-1,7.187088132e-1,9.582784176e-1,8.334324837e0,1.149711609e0
train,1140,CC1=CC(C#N)[NH+](C)C1,6.223243713e0,2.341102213e-1,7.187088132e-1,9.582784176e-1,6.457354069e0,-3.208714426e-1
train,1141,CC1C2CC1(C)C1CC21,9.213775635e0,-4.205535352e-1,7.187088132e-1,9.582784176e-1,8.793222427e0,1.509252071e0
train,1142,C#Cc1cncnc1C,5.404181004e0,-1.031848431e0,7.187088132e-1,9.582784176e-1,4.372332573e0,-1.954459548e0
train,1143,NC1[NH2+]CC(OC=O)O1,6.457261562e0,8.977060914e-1,7.187088132e-1,9.582784176e-1,7.354967594e0,3.823974729e-1
train,1144,CCCC1C2OC(C)C12,8.606961250e0,2.305289172e-2,7.187088132e-1,9.582784176e-1,8.630014420e0,1.381380677e0
train,1145,O=CC(O)C1CNC1=O,5.959293365e0,-3.127987862e0,2.156126499e0,2.874835253e0,2.831305504e0,-3.161834955e0
train,1146,N#CCNc1[nH+]cno1,6.204195976e0,5.115957856e-1,7.187088132e-1,9.582784176e-1,6.715791702e0,-1.183888093e-1
train,1147,CC(O)C1=CCCCC1,7.039586067e0,-1.110661507e0,7.187088132e-1,9.582784176e-1,5.928924561e0,-7.348893285e-1
train,1148,N#C[CH+]1C=COC([NH-])=N1,4.046332836e0,2.813331485e-1,7.187088132e-1,9.582784176e-1,4.327665806e0,-1.989455462e0
train,1149,Nc1cocc1CO,6.255897522e0,-7.568717003e-2,2.156126499e0,2.874835253e0,6.180210114e0,-5.380102396e-1
train,1150,CC1CCC1=O,6.016437531e0,1.094559580e-2,7.187088132e-1,9.582784176e-1,6.027383327e0,-6.577481031e-1
train,1151,CC1C2CC(C)(C)C12,8.987920761e0,-9.721568227e-2,7.187088132e-1,9.582784176e-1,8.890705109e0,1.585628510e0
train,1152,CC1COCCC(=O)N1,7.200132847e0,-2.868016362e-1,7.187088132e-1,9.582784176e-1,6.913331032e0,3.638077155e-2
train,1153,CCCC1OC1COC,9.221939087e0,-7.955676317e-1,7.187088132e-1,9.582784176e-1,8.426371574e0,1.221829057e0
train,1154,N#CC(CO)O[CH+][NH-],7.763408184e0,1.012705326e0,7.187088132e-1,9.582784176e-1,8.776113510e0,1.495847464e0
train,1155,CC12OC1CNC2C=O,5.597382069e0,7.002947927e-1,7.187088132e-1,9.582784176e-1,6.297677040e0,-4.459764063e-1
train,1156,O=CC1NC1(C=O)CO,5.542959213e0,9.011292458e-2,7.187088132e-1,9.582784176e-1,5.633071899e0,-9.666861892e-1
train,1157,C[NH+]1C2CC1C21CC1O,7.420545101e0,-8.445375413e-2,7.187088132e-1,9.582784176e-1,7.336091518e0,3.676083088e-1
train,1158,Cn1nccc1CC#N,6.919855118e0,-2.739351094e-1,7.187088132e-1,9.582784176e-1,6.645919800e0,-1.731325686e-1
train,1159,NC(=O)C(O)CCC=O,6.182426929e0,2.827923186e-2,7.187088132e-1,9.582784176e-1,6.210706234e0,-5.141169429e-1
train,1160,[NH-]C1OC(O)=CN=C1O,4.315725803e0,1.068074584e0,7.187088132e-1,9.582784176e-1,5.383800507e0,-1.161987185e0
train,1161,c1nnoc1OC1CC1,5.975620270e0,6.387705207e-1,7.187088132e-1,9.582784176e-1,6.614390850e0,-1.978351027e-1
train,1162,CCC1OCCCCO1,8.960708618e0,1.521480531e-1,7.187088132e-1,9.582784176e-1,9.112856865e0,1.759681582e0
train,1163,C[NH2+]C1CC2CC2(C)O1,7.211016655e0,2.527679205e-1,7.187088132e-1,9.582784176e-1,7.463784695e0,4.676542878e-1
train,1164,CC(C)OCC1CO1,9.064112663e0,-1.687548012e-1,7.187088132e-1,9.582784176e-1,8.895358086e0,1.589274049e0
train,1165,N#CC12C3CC1N2C3=O,6.710327625e0,5.643340945e-1,7.187088132e-1,9.582784176e-1,7.274661541e0,3.194786906e-1
train,1166,CCC1CC1C#CCO,7.360680103e0,3.336101472e-1,7.187088132e-1,9.582784176e-1,7.694290161e0,6.482524276e-1
train,1167,OC1CC1c1cnno1,5.608266830e0,3.442001343e-1,7.187088132e-1,9.582784176e-1,5.952466965e0,-7.164441347e-1
train,1168,NC(=O)CC1(C=O)CC1,6.277666569e0,-3.864756525e-1,7.187088132e-1,9.582784176e-1,5.891191006e0,-7.644531131e-1
train,1169,CC(CO)OC1CCC1,8.824651718e0,-2.636033893e-1,7.187088132e-1,9.582784176e-1,8.561048508e0,1.327346683e0
train,1170,CC(C)C1C(C)C1C=O,6.111677170e0,9.092968106e-1,7.187088132e-1,9.582784176e-1,7.020974159e0,1.207178086e-1
train,1171,C#CC1O[CH+][NH2+]C1CO,6.971556664e0,9.583649039e-1,7.187088132e-1,9.582784176e-1,7.929921627e0,8.328667283e-1
train,1172,C1=CCCC2(CC1)CO2,7.001489162e0,7.783380896e-2,7.187088132e-1,9.582784176e-1,7.079322815e0,1.664332449e-1
train,1173,CC12CC3(O)CC[NH+]1C32,8.245050430e0,3.545125723e-1,7.187088132e-1,9.582784176e-1,8.599562645e0,1.357522011e0
train,1174,N#CC12C(O)C3CC1C32,7.959330082e0,1.399400473e0,7.187088132e-1,9.582784176e-1,9.358730316e0,1.952320337e0
train,1175,O=CNC1CNC1C=O,5.521190166e0,-4.156935215e-1,7.187088132e-1,9.582784176e-1,5.105496407e0,-1.380034924e0
train,1176,N#CC1CC2NC12C=O,5.981062412e0,-4.873164594e-1,7.187088132e-1,9.582784176e-1,5.493745804e0,-1.075846434e0
train,1177,C1=CC2CC3C1C[NH+]23,6.059975624e0,-7.970933914e-1,7.187088132e-1,9.582784176e-1,5.262882233e0,-1.256725073e0
train,1178,C#CC(O)(C#N)C#N,7.270882130e0,-1.129423141e0,7.187088132e-1,9.582784176e-1,6.141458988e0,-5.683712959e-1
train,1179,Cc1noc(N=CN)n1,5.360642910e0,-6.495029926e-1,7.187088132e-1,9.582784176e-1,4.711139679e0,-1.689008474e0
train,1180,Nc1cc[nH]c(=O)c1F,4.982404709e0,-1.108065963e0,7.187088132e-1,9.582784176e-1,3.874338627e0,-2.344631672e0
train,1181,COC1CNC(=O)NC1,8.128041267e0,-1.091313362e0,7.187088132e-1,9.582784176e-1,7.036727905e0,1.330606639e-1
train,1182,COC1C(O)CC1NO,6.642299175e0,6.282786131e-1,7.187088132e-1,9.582784176e-1,7.270577908e0,3.162792027e-1
train,1183,CC(O)C1C(C)C1O,8.367501259e0,-3.747540712e-1,7.187088132e-1,9.582784176e-1,7.992747307e0,8.820898533e-1
train,1184,CC1CC2(CCC2=O)O1,5.330710411e0,-3.185008094e-2,7.187088132e-1,9.582784176e-1,5.298860550e0,-1.228536606e0
train,1185,COc1[nH]cnc1CO,6.574271202e0,6.499606371e-1,7.187088132e-1,9.582784176e-1,7.224231720e0,2.799675465e-1
train,1186,C#CCC12C[NH+]1CC2=O,6.046370029e0,6.932355762e-1,7.187088132e-1,9.582784176e-1,6.739605427e0,-9.973105788e-2
train,1187,OC1CC2(O)CCC=C12,6.530732632e0,-3.779584169e-1,2.156126499e0,2.874835253e0,6.152774334e0,-5.595058203e-1
train,1188,[NH-]C1OC2C(O)C2C1O,6.987883568e0,-2.944110334e-1,7.187088132e-1,9.582784176e-1,6.693472385e0,-1.358757168e-1
train,1189,NC1=NCC=CC(=O)N1,5.404181004e0,-1.077994585e0,7.187088132e-1,9.582784176e-1,4.326186180e0,-1.990614653e0
train,1190,[NH-]C1C[NH+]2CC2CO1,7.102171898e0,-9.979338646e-1,7.187088132e-1,9.582784176e-1,6.104238033e0,-5.975334048e-1
train,1191,Oc1nc(C2CC2)co1,6.579712868e0,1.406848907e0,7.187088132e-1,9.582784176e-1,7.986561775e0,8.772435784e-1
train,1192,N#CC12C=CC(O)C1N2,6.250455379e0,1.325299889e-1,7.187088132e-1,9.582784176e-1,6.382985592e0,-3.791382313e-1
train,1193,CC#Cc1cn[nH]c1O,6.225965023e0,2.006214857e-2,7.187088132e-1,9.582784176e-1,6.246026993e0,-4.864435494e-1
train,1194,CC12OC1C1NC12CO,7.189248085e0,1.716554761e0,7.187088132e-1,9.582784176e-1,8.905802727e0,1.597457290e0
train,1195,C#CCC#CCCC=O,6.021879673e0,-1.729531586e-1,7.187088132e-1,9.582784176e-1,5.848926544e0,-7.975667715e-1
train,1196,C#CC(O)C(O)CC#N,7.825994968e0,-1.317719340e0,7.187088132e-1,9.582784176e-1,6.508275509e0,-2.809751332e-1
train,1197,N#CC1(N)C2COC21,7.298093796e0,-1.674879193e0,7.187088132e-1,9.582784176e-1,5.623214722e0,-9.744091630e-1
train,1198,COC1CCC(C)C1C,8.674989700e0,-5.610288382e-1,7.187088132e-1,9.582784176e-1,8.113961220e0,9.770594239e-1
train,1199,C1CC(CCC2CC2)O1,8.985198975e0,-1.224079967e0,7.187088132e-1,9.582784176e-1,7.761118889e0,7.006118894e-1
train,1200,OCC1C2CCCC1O2,8.190627098e0,4.142068624e-1,7.187088132e-1,9.582784176e-1,8.604833603e0,1.361651778e0
train,1201,CC1C2COC3C(O2)C13,8.155252457e0,-6.454662681e-1,7.187088132e-1,9.582784176e-1,7.509786129e0,5.036958456e-1
train,1202,CC#CC1(C)C(C)[NH+]1C,7.023258686e0,1.960229501e-2,7.187088132e-1,9.582784176e-1,7.042860985e0,1.378658563e-1
train,1203,c1noc(C2CO2)n1,6.655904770e0,-4.457822815e-2,7.187088132e-1,9.582784176e-1,6.611326694e0,-2.002358288e-1
train,1204,CC(C)(C)C(=O)C1CC1,6.201474667e0,1.711394072e0,2.156126499e0,2.874835253e0,7.912868500e0,8.195058107e-1
train,1205,CC1OC23CC=CC12C3,6.348416328e0,-1.042562962e0,7.187088132e-1,9.582784176e-1,5.305853367e0,-1.223057747e0
train,1206,C#CC12OC1CNC2=O,6.424608231e0,3.138579428e-1,7.187088132e-1,9.582784176e-1,6.738466263e0,-1.006235778e-1
train,1207,CC(O)C1(O)CC1C#N,7.964772224e0,-5.974819660e-1,7.187088132e-1,9.582784176e-1,7.367290497e0,3.920522928e-1
train,1208,CC1CCC(=O)NC1=O,6.397397041e0,3.906525671e-1,7.187088132e-1,9.582784176e-1,6.788049698e0,-6.177558005e-2
train,1209,C#CC12CC1(C#N)CN2,6.367464066e0,1.071984768e0,7.187088132e-1,9.582784176e-1,7.439448833e0,4.485874474e-1
train,1210,CCc1nnon1,6.748423576e0,-1.511397123e0,7.187088132e-1,9.582784176e-1,5.237026215e0,-1.276983023e0
train,1211,OC12CCC1=CC1CC12,6.468146324e0,-6.063512564e-1,7.187088132e-1,9.582784176e-1,5.861794949e0,-7.874845266e-1
train,1212,CNC=Nc1ncon1,5.714390755e0,-2.394073009e-1,7.187088132e-1,9.582784176e-1,5.474983215e0,-1.090546727e0
train,1213,C#CC(C)C#CC1CC1,7.363400936e0,6.732872128e-2,7.187088132e-1,9.582784176e-1,7.430729866e0,4.417562485e-1
train,1214,COC12CCC1CC2,8.707643509e0,-1.237227172e-1,7.187088132e-1,9.582784176e-1,8.583920479e0,1.345266581e0
train,1215,CC1CC12CCOC2[NH-],7.556602001e0,4.199896455e-1,7.187088132e-1,9.582784176e-1,7.976591587e0,8.694320321e-1
train,1216,CC1COc2cn[nH]c21,5.986505032e0,1.069596708e-1,7.187088132e-1,9.582784176e-1,6.093464851e0,-6.059740782e-1
train,1217,C#CCC1NC1(C)CO,8.171579361e0,-2.580498457e-1,7.187088132e-1,9.582784176e-1,7.913529396e0,8.200235963e-1
train,1218,CCCC1C(=O)C2NC12,5.869495869e0,7.326061130e-1,7.187088132e-1,9.582784176e-1,6.602101803e0,-2.074634135e-1
train,1219,CCCOC1C(C)C1C,8.517163277e0,-6.174128056e-1,7.187088132e-1,9.582784176e-1,7.899750710e0,8.092281818e-1
train,1220,CC(C)(C)C1(C)COC1,8.364779472e0,3.601318300e-1,7.187088132e-1,9.582784176e-1,8.724911690e0,1.455731511e0
train,1221,C#CC1(C)C2CC[NH+]21,7.469525814e0,9.746819735e-1,7.187088132e-1,9.582784176e-1,8.444208145e0,1.235803723e0
train,1222,OCc1cc[nH]c1O,6.370185375e0,1.809752285e-1,7.187088132e-1,9.582784176e-1,6.551160812e0,-2.473750412e-1
train,1223,OCC1OC1CC1CC1,9.205611229e0,-2.053546757e-1,7.187088132e-1,9.582784176e-1,9.000256538e0,1.671460629e0
train,1224,OC1CCC1OC1CC1,8.563423157e0,-3.165777624e-1,7.187088132e-1,9.582784176e-1,8.246845245e0,1.081172347e0
train,1225,CC1CN=COC(=O)C1,6.465425014e0,4.762974679e-1,7.187088132e-1,9.582784176e-1,6.941722393e0,5.862504616e-2
train,1226,CC1CC2C3CC2C13,1.037842178e1,7.511258125e-1,7.187088132e-1,9.582784176e-1,1.112954712e1,3.339733124e0
train,1227,COc1cnc(N)o1,6.272224426e0,-6.884718686e-2,7.187088132e-1,9.582784176e-1,6.203377247e0,-5.198590755e-1
train,1228,CNC1[NH2+]CC2(C)OC12,6.544338226e0,8.755314350e-2,7.187088132e-1,9.582784176e-1,6.631891251e0,-1.841237545e-1
train,1229,C#CC1=CCCC(=O)C1,5.662689686e0,5.690450072e-1,7.187088132e-1,9.582784176e-1,6.231734753e0,-4.976413548e-1
train,1230,CCc1noc(C=O)n1,5.172884464e0,6.365501285e-1,7.187088132e-1,9.582784176e-1,5.809434414e0,-8.285083771e-1
train,1231,C#Cc1cnc(C#N)[nH]1,4.990568161e0,-3.276582956e-1,7.187088132e-1,9.582784176e-1,4.662909985e0,-1.726795793e0
train,1232,O=CC(=O)NC1CCC1,4.748386860e0,2.120523751e-1,7.187088132e-1,9.582784176e-1,4.960439205e0,-1.493685484e0
train,1233,CCC1C(=O)COC1C,5.790582657e0,-1.269502193e-1,7.187088132e-1,9.582784176e-1,5.663632393e0,-9.427424073e-1
train,1234,C1CC2(O1)C1CC3C1C32,8.688595772e0,2.110468864e0,2.156126499e0,2.874835253e0,1.079906464e1,3.080804110e0
train,1235,C#CC1CC2OC1C2=O,6.345695019e0,4.143730700e-1,7.187088132e-1,9.582784176e-1,6.760067940e0,-8.369893581e-2
train,1236,OC1CC2=CCOCC21,6.963393688e0,-7.979064584e-1,7.187088132e-1,9.582784176e-1,6.165487289e0,-5.495454073e-1
train,1237,CCCC(=O)C(=O)OC,4.944308758e0,-1.410843879e-1,7.187088132e-1,9.582784176e-1,4.803224564e0,-1.616861105e0
train,1238,OCC(O)C1OC2CC21,8.002868652e0,-2.584037483e-1,7.187088132e-1,9.582784176e-1,7.744464874e0,6.875637174e-1
train,1239,CC12OCCC1C2C#N,7.436871529e0,4.657799006e-1,7.187088132e-1,9.582784176e-1,7.902651310e0,8.115007877e-1
train,1240,CNc1c[nH]c(O)c1C,5.967456818e0,-1.895396590e0,7.187088132e-1,9.582784176e-1,4.072060108e0,-2.189719200e0
train,1241,CC12CC3C(C1=O)[NH+]3C2,5.910312653e0,7.318893075e-1,7.187088132e-1,9.582784176e-1,6.642201900e0,-1.760454923e-1
train,1242,CC(O)C1OC2CC21C,8.084503174e0,-6.694684625e-1,2.156126499e0,2.874835253e0,7.415034771e0,4.294593334e-1
train,1243,O=CCC12C3C4C1[NH+]4C32,5.230028629e0,6.055035591e-1,7.187088132e-1,9.582784176e-1,5.835532188e0,-8.080610633e-1
train,1244,CC12CCCC3C1CC32,9.948482513e0,9.389609694e-1,7.187088132e-1,9.582784176e-1,1.088744354e1,3.150048018e0
train,1245,CC(C)(O)C#N,8.566143990e0,1.198347569e0,7.187088132e-1,9.582784176e-1,9.764492035e0,2.270229578e0
train,1246,CC1CCOC1[NH-],7.736196995e0,-7.703842968e-2,7.187088132e-1,9.582784176e-1,7.659158707e0,6.207273602e-1
train,1247,CC#CC1CC(O)C1,8.032800674e0,-3.830889761e-1,7.187088132e-1,9.582784176e-1,7.649711609e0,6.133257151e-1
train,1248,O=C1CC(O)CC2OC12,5.864053726e0,8.967096917e-3,7.187088132e-1,9.582784176e-1,5.873020649e0,-7.786893249e-1
train,1249,COCC1=CCOC1=O,6.231407166e0,1.209848881e0,7.187088132e-1,9.582784176e-1,7.441256046e0,4.500033855e-1
train,1250,CCC1OC2CC12OC,8.362058640e0,2.501658499e-1,7.187088132e-1,9.582784176e-1,8.612224579e0,1.367442489e0
train,1251,Oc1ccn2c1C=CC2,4.585118771e0,1.036294460e0,7.187088132e-1,9.582784176e-1,5.621413231e0,-9.758206010e-1
train,1252,CCc1cnnnn1,4.500762939e0,-1.331025600e0,7.187088132e-1,9.582784176e-1,3.169737339e0,-2.896677732e0
train,1253,CC1CC2C(C)C(=O)C12,5.820515633e0,-3.894081116e-1,7.187088132e-1,9.582784176e-1,5.431107521e0,-1.124922752e0
train,1254,CC1NC12CNC2C#N,7.104892731e0,4.109631479e-1,7.187088132e-1,9.582784176e-1,7.515855789e0,5.084513426e-1
train,1255,CC1C2CC13OC(=O)C23,6.982441425e0,5.690497756e-1,7.187088132e-1,9.582784176e-1,7.551491261e0,5.363712907e-1
train,1256,C#CC(O)(C#N)CCC,7.635515213e0,-2.541553378e-1,7.187088132e-1,9.582784176e-1,7.381360054e0,4.030756354e-1
train,1257,OC1COc2[nH]ccc21,6.459982872e0,2.504326403e-1,7.187088132e-1,9.582784176e-1,6.710415363e0,-1.226011068e-1
train,1258,O=C1Cn2nncc2N1,5.771534920e0,1.024405599e0,7.187088132e-1,9.582784176e-1,6.795940399e0,-5.559331551e-2
train,1259,CN1C(=O)CCC1[NH-],6.819173336e0,-7.797755003e-1,7.187088132e-1,9.582784176e-1,6.039397717e0,-6.483349800e-1
train,1260,CNc1n[nH]c(C#N)n1,4.699406624e0,-2.411999553e-1,7.187088132e-1,9.582784176e-1,4.458206654e0,-1.887178302e0
train,1261,CC1C=CC2(O)COC12,6.781077385e0,2.219336510e0,7.187088132e-1,9.582784176e-1,9.000413895e0,1.671584010e0
train,1262,Nc1nnoc(=O)n1,4.593281746e0,-1.395295374e-3,7.187088132e-1,9.582784176e-1,4.591886520e0,-1.782441854e0
train,1263,c1nonc1CC1CN1,5.929360867e0,-1.361723542e0,2.156126499e0,2.874835253e0,4.567637444e0,-1.801440716e0
train,1264,C#CC1CC(C)C1=O,5.806910038e0,1.344697237e0,7.187088132e-1,9.582784176e-1,7.151607513e0,2.230674028e-1
train,1265,CC(=O)C1(C)CC(=O)N1,5.964735985e0,-3.531093597e-1,7.187088132e-1,9.582784176e-1,5.611626625e0,-9.834882617e-1
train,1266,COC1(C)C[NH2+][CH+]O1,7.594697952e0,-6.756662577e-2,7.187088132e-1,9.582784176e-1,7.527131557e0,5.172857642e-1
train,1267,CC(C)C(C=O)O[CH+][NH-],5.785140514e0,-2.613764703e-1,7.187088132e-1,9.582784176e-1,5.523764133e0,-1.052327394e0
train,1268,C1=CC2CCCCC1C2,7.045027256e0,1.193882078e-1,7.187088132e-1,9.582784176e-1,7.164415359e0,2.331021875e-1
train,1269,O=COC1CCC(O)C1,7.638236046e0,-2.988259792e0,2.156126499e0,2.874835253e0,4.649976254e0,-1.736929297e0
train,1270,C1C2CC3C2C1C31CC1,9.153910637e0,7.217966318e-1,7.187088132e-1,9.582784176e-1,9.875707626e0,2.357365608e0
train,1271,C#CC12COC1(C)C2C,7.080402374e0,3.177834451e-1,7.187088132e-1,9.582784176e-1,7.398185730e0,4.162583351e-1
train,1272,C#CCC1(O)CC1OC,7.575649738e0,-2.070713997e0,2.156126499e0,2.874835253e0,5.504935741e0,-1.067079186e0
train,1273,CC1CC2C3COC3C12,8.217838287e0,-8.184818029e-1,7.187088132e-1,9.582784176e-1,7.399356365e0,4.171755016e-1
train,1274,CC1CCN1C(=O)CO,7.254555702e0,1.791924424e-2,7.187088132e-1,9.582784176e-1,7.272474766e0,3.177653849e-1
train,1275,[H]N=C(C#N)N1CCC1[NH-],5.349758625e0,-5.400153995e-1,7.187088132e-1,9.582784176e-1,4.809743404e0,-1.611753702e0
train,1276,C1C[NH+]2C3COC(O1)C32,8.329405785e0,-2.237298042e-1,7.187088132e-1,9.582784176e-1,8.105675697e0,9.705678225e-1
train,1277,CC1=CC(O)C(=O)CC1,6.005552769e0,2.563109100e-1,7.187088132e-1,9.582784176e-1,6.261863708e0,-4.740356803e-1
train,1278,CC12OC1COC2C#N,7.902186394e0,5.105836987e-1,7.187088132e-1,9.582784176e-1,8.412770271e0,1.211172581e0
train,1279,O=CC12CC1CCCO2,6.128004074e0,5.050593019e-1,7.187088132e-1,9.582784176e-1,6.633063316e0,-1.832054555e-1
train,1280,CC(O)C1CCN=CO1,7.401497364e0,-3.266004622e-1,7.187088132e-1,9.582784176e-1,7.074896812e0,1.629655361e-1
train,1281,CC(=O)CC1OC1C#N,6.416444778e0,-4.417557418e-1,7.187088132e-1,9.582784176e-1,5.974689007e0,-6.990334392e-1
train,1282,OC1C=CC2(CC1)CO2,6.650462627e0,3.694326401e0,2.156126499e0,2.874835253e0,1.034478951e1,2.724885464e0
train,1283,CCC1CC(CCO)C1,9.306294441e0,3.478325009e-1,7.187088132e-1,9.582784176e-1,9.654127121e0,2.183760166e0
train,1284,CC1OC2(C)C(CO)C12,8.264098167e0,-6.417795420e-1,7.187088132e-1,9.582784176e-1,7.622318745e0,5.918637514e-1
train,1285,O=C1CCNC2COC12,5.521190166e0,-8.628305197e-1,7.187088132e-1,9.582784176e-1,4.658359528e0,-1.730361104e0
train,1286,CC(C1CC1)C1(C)CO1,9.227380753e0,6.115396023e-1,7.187088132e-1,9.582784176e-1,9.838920593e0,2.328543425e0
train,1287,CCCC1(C)CC2NC21,8.492672920e0,1.005075216e0,7.187088132e-1,9.582784176e-1,9.497748375e0,2.061239243e0
train,1288,CC1CC(C)C1C=O,5.994668484e0,-4.209942520e-1,7.187088132e-1,9.582784176e-1,5.573674202e0,-1.013223529e0
train,1289,OC12C=CCC1CCC2,7.066796780e0,3.437497616e-1,7.187088132e-1,9.582784176e-1,7.410546303e0,4.259426892e-1
train,1290,CC[NH2+][CH+]OCCCO,7.458641052e0,-2.334383488e0,2.156126499e0,2.874835253e0,5.124257565e0,-1.365335822e0
train,1291,O=C1NC2CC3(CO3)C12,7.295372486e0,1.476666808e0,7.187088132e-1,9.582784176e-1,8.772039413e0,1.492655396e0
train,1292,c1ccc2occc2c1,5.526632309e0,-3.294371665e-1,7.187088132e-1,9.582784176e-1,5.197195053e0,-1.308190227e0
train,1293,CC1NC12CCC2(C)O,8.057291031e0,-4.827948809e-1,7.187088132e-1,9.582784176e-1,7.574496269e0,5.543954372e-1
train,1294,O=C1CC2C[NH+]3CC2C13,5.602824211e0,8.830967546e-2,7.187088132e-1,9.582784176e-1,5.691133976e0,-9.211952686e-1
train,1295,CCN1C=CC(=O)CC1,4.957914352e0,6.950228661e-2,7.187088132e-1,9.582784176e-1,5.027416706e0,-1.441209435e0
train,1296,O=C1NC2C=CC1(O)C2,6.076302528e0,-3.992383480e-1,7.187088132e-1,9.582784176e-1,5.677063942e0,-9.322189689e-1
train,1297,OC1CC2C3OC3C12,8.416481972e0,-1.013098717e0,7.187088132e-1,9.582784176e-1,7.403383255e0,4.203305244e-1
train,1298,O=[N+]([O-])c1ncno1,5.357921600e0,-8.258394003e-1,7.187088132e-1,9.582784176e-1,4.532082081e0,-1.829297900e0
train,1299,Cc1c(CO)cnn1C,6.748423576e0,-1.833245903e-1,7.187088132e-1,9.582784176e-1,6.565098763e0,-2.364548296e-1
train,1300,C1=CC2(CO2)C2CC1C2,6.528011322e0,-7.515314817e-1,7.187088132e-1,9.582784176e-1,5.776479721e0,-8.543279171e-1
train,1301,C1=CC2(C3CO3)CC2C1,6.694001198e0,-4.227028191e-1,7.187088132e-1,9.582784176e-1,6.271298409e0,-4.666437209e-1
train,1302,C1C2CC3(CO3)C[NH+]12,8.457298279e0,-2.726907730e-1,7.187088132e-1,9.582784176e-1,8.184607506e0,1.032409906e0
train,1303,C(CC1CC1)C[NH+]1CC1,8.732133865e0,-1.109803081e0,7.187088132e-1,9.582784176e-1,7.622330666e0,5.918730497e-1
train,1304,[H]N=C(NCCO)C(C)=O,5.085808277e0,3.435480222e-2,7.187088132e-1,9.582784176e-1,5.120162964e0,-1.368543863e0
train,1305,Cc1nc(C2CC2)no1,6.596040249e0,1.628137678e-1,7.187088132e-1,9.582784176e-1,6.758853912e0,-8.465011418e-2
train,1306,C1OC12C1OC2C2NC21,8.400155067e0,1.712610275e-1,2.156126499e0,2.874835253e0,8.571415901e0,1.335469484e0
train,1307,OC12CC3(O)C4C1C2C43,7.619187832e0,-5.038322806e-1,7.187088132e-1,9.582784176e-1,7.115355492e0,1.946644038e-1
train,1308,CC(C)C12CC1C1OC12,7.926676750e0,-9.101375341e-1,7.187088132e-1,9.582784176e-1,7.016539097e0,1.172429919e-1
train,1309,O=C1CC=CC[NH+]2CC12,5.526632309e0,4.015406609e0,2.156126499e0,2.874835253e0,9.542038918e0,2.095940351e0
train,1310,C#CC1(N)CC1(N)C#N,7.031421661e0,-7.393498719e-2,7.187088132e-1,9.582784176e-1,6.957486629e0,7.097612321e-2
train,1311,NC(=O)C1C2C3CC2C31,7.205575466e0,8.523446918e-1,7.187088132e-1,9.582784176e-1,8.057920456e0,9.331521988e-1
train,1312,CC[NH+]1CC(C(=O)[O-])C1,4.786482811e0,2.026166916e-1,7.187088132e-1,9.582784176e-1,4.989099503e0,-1.471230507e0
train,1313,Cc1nc(N)c(C#N)[nH]1,5.191932201e0,5.282515883e-1,7.187088132e-1,9.582784176e-1,5.720183849e0,-8.984350562e-1
train,1314,C#CC12CCC(=O)N1C2,6.508963585e0,2.569093704e-1,7.187088132e-1,9.582784176e-1,6.765872955e0,-7.915078104e-2
train,1315,CCC1C2CC3OC3C12,8.906287193e0,1.098744154e0,2.156126499e0,2.874835253e0,1.000503159e1,2.458689213e0
train,1316,C#CC1C2COC12C#N,6.664068222e0,1.816131920e-1,7.187088132e-1,9.582784176e-1,6.845681190e0,-1.662202924e-2
train,1317,CC1[NH+]2C3C(O)C2C13C,7.913071156e0,9.375979304e-1,7.187088132e-1,9.582784176e-1,8.850668907e0,1.554260612e0
train,1318,O=CCCC1(O)CCC1,6.223243713e0,-7.405609488e-1,7.187088132e-1,9.582784176e-1,5.482682705e0,-1.084514260e0
train,1319,CC1CC(=O)NCCO1,7.259997368e0,5.783624053e-1,7.187088132e-1,9.582784176e-1,7.838359833e0,7.611292005e-1
train,1320,OCC1C2CCOCC12,8.386548996e0,-5.803532004e-1,7.187088132e-1,9.582784176e-1,7.806195736e0,7.359290719e-1
train,1321,CC12CC(COC1[NH-])C2,7.806946754e0,2.370003611e-1,7.187088132e-1,9.582784176e-1,8.043947220e0,9.222043753e-1
train,1322,CCC[NH+]1CC1(C)CO,8.119877815e0,-4.770382047e-1,7.187088132e-1,9.582784176e-1,7.642839432e0,6.079414487e-1
train,1323,OC1CC2CC3(CC3)C12,8.726691246e0,1.223610520e0,7.187088132e-1,9.582784176e-1,9.950302124e0,2.415809393e0
train,1324,N#CC1NCC2C(O)C12,7.162036896e0,5.650245547e-1,7.187088132e-1,9.582784176e-1,7.727061272e0,6.739282012e-1
train,1325,C1C2CC3C1C23[NH+]1CC1,8.525327682e0,2.179742575e0,2.156126499e0,2.874835253e0,1.070507050e1,3.007160902e0
train,1326,O=C1CC(C2CC2)O1,7.730754375e0,-1.501670718e0,7.187088132e-1,9.582784176e-1,6.229083538e0,-4.997185469e-1
train,1327,C1C[NH+]2CCOC(C2)O1,7.485852242e0,6.422901154e-1,7.187088132e-1,9.582784176e-1,8.128142357e0,9.881702065e-1
train,1328,CC1NC12CC(=O)C2,5.883101463e0,3.239884377e-1,7.187088132e-1,9.582784176e-1,6.207089901e0,-5.169503093e-1
train,1329,CCC1OC2CC1C2C,8.952546120e0,-6.011264920e-1,7.187088132e-1,9.582784176e-1,8.351419449e0,1.163105011e0
train,1330,NC(=O)C(O)CNC=O,7.126662254e0,-1.368056059e0,7.187088132e-1,9.582784176e-1,5.758605957e0,-8.683317900e-1
train,1331,CCC1=CCCC(=O)C1,6.073581219e0,-5.943640471e-1,7.187088132e-1,9.582784176e-1,5.479217052e0,-1.087229490e0
train,1332,CCC1C(O)C12CCO2,7.469525814e0,6.319661736e-1,7.187088132e-1,9.582784176e-1,8.101491928e0,9.672899246e-1
train,1333,NC(=O)CC1CO[CH+][NH2+]1,6.479031086e0,-1.895328015e-1,7.187088132e-1,9.582784176e-1,6.289498329e0,-4.523843229e-1
train,1334,C#CC#CC(=O)OCC,5.308941364e0,-3.565880299e0,2.156126499e0,2.874835253e0,1.743061066e0,-4.014460564e0
train,1335,CC1C2C(O)C(=O)C[NH+]12,5.333431244e0,7.658424973e-1,7.187088132e-1,9.582784176e-1,6.099273682e0,-6.014229059e-1
train,1336,CC1(O)C2CC2C1(C)O,8.266819000e0,2.899880111e-1,7.187088132e-1,9.582784176e-1,8.556806564e0,1.324023247e0
train,1337,O=c1ccc(CO)c[nH]1,4.761992455e0,3.305869401e-1,7.187088132e-1,9.582784176e-1,5.092579365e0,-1.390155315e0
train,1338,O=CC12CC3NC3C1O2,5.774256229e0,2.905178964e-1,7.187088132e-1,9.582784176e-1,6.064774036e0,-6.284529567e-1
train,1339,C1=Nc2[nH]ccc2CO1,4.906212807e0,-1.811354160e-1,7.187088132e-1,9.582784176e-1,4.725077629e0,-1.678088307e0
train,1340,OCCC1OCC1NO,6.628693581e0,2.281291783e-1,7.187088132e-1,9.582784176e-1,6.856822968e0,-7.892587222e-3
train,1341,CC(CNCC#N)=NO,6.816452026e0,-2.476415411e-2,2.156126499e0,2.874835253e0,6.791687965e0,-5.892504379e-2
train,1342,CC1OC(=O)C1C=O,6.114398479e0,4.264670014e-1,7.187088132e-1,9.582784176e-1,6.540865421e0,-2.554413676e-1
train,1343,C#CC1C=C(C)C2NC12,6.620530128e0,6.642565727e-1,7.187088132e-1,9.582784176e-1,7.284786701e0,3.274116218e-1
train,1344,[NH-]C1COCC(C=O)N1,5.162000179e0,-3.568713069e-1,7.187088132e-1,9.582784176e-1,4.805129051e0,-1.615368962e0
train,1345,CCC1COC([NH-])C1=O,5.061317921e0,-1.300539970e0,7.187088132e-1,9.582784176e-1,3.760777950e0,-2.433604956e0
train,1346,CC(=O)c1cc[nH]c1O,4.862674713e0,5.911841989e-2,7.187088132e-1,9.582784176e-1,4.921792984e0,-1.523964286e0
train,1347,CC(O)C1C(C)C1C#N,8.079060555e0,-5.836830735e-1,7.187088132e-1,9.582784176e-1,7.495377541e0,4.924069047e-1
train,1348,C#CC(CC(C)O)OC,8.068176270e0,-2.343456000e-1,7.187088132e-1,9.582784176e-1,7.833830833e0,7.575808167e-1
train,1349,C#CC1CCCOC1=O,6.960672855e0,3.037628531e-1,7.187088132e-1,9.582784176e-1,7.264435768e0,3.114669323e-1
train,1350,[NH-]C1OCC12NC1CC12,6.541617393e0,-1.920468211e0,7.187088132e-1,9.582784176e-1,4.621149063e0,-1.759515047e0
train,1351,C[NH2+]C1CCCOCO1,7.178363323e0,-1.912627101e0,2.156126499e0,2.874835253e0,5.265736103e0,-1.254489183e0
train,1352,CC12C3C[NH+]1C1C3C12,8.223280907e0,-1.425058395e-1,7.187088132e-1,9.582784176e-1,8.080775261e0,9.510586262e-1
train,1353,CC(C)C1CN(C=O)C1,7.238228798e0,5.163550377e-1,2.156126499e0,2.874835253e0,7.754583836e0,6.954917908e-1
train,1354,OCC1(CC2CC2)CN1,8.130762100e0,-1.675915718e0,7.187088132e-1,9.582784176e-1,6.454846382e0,-3.228361905e-1
train,1355,CCC(C)(OC)C(C)C,8.694037437e0,-1.446563125e0,7.187088132e-1,9.582784176e-1,7.247474194e0,2.981777489e-1
train,1356,N#CC12CC3CC1C3C2,8.653220177e0,1.595242321e-1,7.187088132e-1,9.582784176e-1,8.812744141e0,1.524547100e0
train,1357,CC1(CCO)CC(O)C1,8.909008026e0,7.798758894e-2,7.187088132e-1,9.582784176e-1,8.986995697e0,1.661070943e0
train,1358,COC1COC2CC2O1,8.081781387e0,-5.956460238e-1,7.187088132e-1,9.582784176e-1,7.486135483e0,4.851658642e-1
train,1359,CC1C2C3CC3CC12C,8.451856613e0,-3.115812242e-1,7.187088132e-1,9.582784176e-1,8.140275002e0,9.976759553e-1
train,1360,O=C1CCC2OC2CC1,6.155215263e0,5.663660526e0,2.156126499e0,2.874835253e0,1.181887627e1,3.879813910e0
train,1361,N#CC1OC1C(O)C=O,6.225965023e0,1.412975073e0,2.156126499e0,2.874835253e0,7.638939857e0,6.048861742e-1
train,1362,C1=CC2(CCC2)C2OC12,6.549780846e0,1.640704423e-1,7.187088132e-1,9.582784176e-1,6.713851452e0,-1.199089736e-1
train,1363,C1CC2COCC12,8.944382668e0,-1.768894315e0,2.156126499e0,2.874835253e0,7.175488472e0,2.417778373e-1
train,1364,O=CC1CC(O)(C=O)C1,5.630035877e0,-3.263392448e-1,7.187088132e-1,9.582784176e-1,5.303696632e0,-1.224747539e0
train,1365,CCC1(O)CNCC1=O,5.191932201e0,-7.097194195e-1,7.187088132e-1,9.582784176e-1,4.482213020e0,-1.868369699e0
train,1366,CC1=COC([NH-])C(=O)N1,4.835463047e0,1.422953486e0,2.156126499e0,2.874835253e0,6.258416653e0,-4.767364264e-1
train,1367,O=C1CCC1(O)C1CN1,5.540238380e0,-1.797686219e0,2.156126499e0,2.874835253e0,3.742552280e0,-2.447884560e0
train,1368,C#Cc1coc(CO)c1,5.766092300e0,1.496854901e0,7.187088132e-1,9.582784176e-1,7.262947083e0,3.103005588e-1
train,1369,CC(C)CC1(C)CO1,9.254591942e0,7.926724553e-1,7.187088132e-1,9.582784176e-1,1.004726410e1,2.491777897e0
train,1370,CCC1C(C=O)C1CC,6.114398479e0,-2.239571095e0,2.156126499e0,2.874835253e0,3.874827385e0,-2.344248772e0
train,1371,CC12CC1(O)C(C=O)O2,5.638199329e0,7.035894990e-1,7.187088132e-1,9.582784176e-1,6.341788769e0,-4.114153981e-1
train,1372,C1C2C[NH+]3C2C3C2NC12,7.668168545e0,7.105866671e-1,7.187088132e-1,9.582784176e-1,8.378755569e0,1.184522510e0
train,1373,CC1(C2CN2)OC2CC21,8.555259705e0,3.999513686e-1,7.187088132e-1,9.582784176e-1,8.955210686e0,1.636167765e0
train,1374,CC12C=CC3C(N1)C32O,6.130725384e0,4.268364608e-2,7.187088132e-1,9.582784176e-1,6.173408985e0,-5.433388352e-1
train,1375,CC1(O[CH+][NH-])COC1[NH-],7.249113560e0,1.019181490e0,7.187088132e-1,9.582784176e-1,8.268295288e0,1.097978234e0
train,1376,C1=CC2([NH+]3CC3)CC1C2,6.402839184e0,6.087259054e-1,7.187088132e-1,9.582784176e-1,7.011565208e0,1.133460104e-1
train,1377,O=C([O-])C1=CC[NH2+]C1,3.994631290e0,1.297881842e0,7.187088132e-1,9.582784176e-1,5.292512894e0,-1.233509898e0
train,1378,C#CC[NH+]1C(C)C1CC,7.328026772e0,3.649773598e-1,7.187088132e-1,9.582784176e-1,7.693004131e0,6.472448707e-1
train,1379,CC1=C2CCC2C(=O)C1,5.842284679e0,1.147665262e0,7.187088132e-1,9.582784176e-1,6.989950180e0,9.641090780e-2
train,1380,NC(=O)c1ccccc1,5.749765873e0,-1.251375377e-1,7.187088132e-1,9.582784176e-1,5.624628544e0,-9.733014107e-1
train,1381,OC12CC3C4C3C1C42,7.858648300e0,9.273421764e-1,7.187088132e-1,9.582784176e-1,8.785990715e0,1.503586054e0
train,1382,CC12CC(O)C1C1CC12,8.062733650e0,-1.352573931e-1,7.187088132e-1,9.582784176e-1,7.927476406e0,8.309509158e-1
train,1383,CC([NH-])OCC1(O)CC1,7.551159859e0,-8.049029857e-2,7.187088132e-1,9.582784176e-1,7.470669746e0,4.730486572e-1
train,1384,CC1(C#N)[NH+]2CCC21C,7.455919266e0,2.120331675e-1,7.187088132e-1,9.582784176e-1,7.667952538e0,6.276172400e-1
train,1385,CC12CC(N)C1(C#N)N2,7.156594753e0,4.851306975e-1,7.187088132e-1,9.582784176e-1,7.641725540e0,6.070687175e-1
train,1386,C1CC2CC3CC3(C1)O2,8.626008987e0,-4.859579355e-2,7.187088132e-1,9.582784176e-1,8.577413559e0,1.340168476e0
train,1387,CCC1C(CC)C1OC,8.424644470e0,-4.422864616e-1,7.187088132e-1,9.582784176e-1,7.982357979e0,8.739499450e-1
train,1388,COC1C(C#N)C1C=O,6.051812172e0,3.954046965e-1,7.187088132e-1,9.582784176e-1,6.447216988e0,-3.288137317e-1
train,1389,CC1C(O)C(C)C1CO,8.416481972e0,5.419806242e-1,7.187088132e-1,9.582784176e-1,8.958462715e0,1.638715744e0
train,1390,CC(=O)C1OC1(C)C=O,5.572891712e0,3.185191453e-1,7.187088132e-1,9.582784176e-1,5.891410828e0,-7.642808557e-1
train,1391,O=CN1C=CC(O)C1,5.730718136e0,-5.549551845e-1,7.187088132e-1,9.582784176e-1,5.175763130e0,-1.324981809e0
train,1392,O=CCCC(=O)CO,6.035485268e0,2.589688599e-1,7.187088132e-1,9.582784176e-1,6.294454098e0,-4.485015273e-1
train,1393,CC(C)C12C[NH+](C1)C2C,7.945724487e0,9.830605984e-1,7.187088132e-1,9.582784176e-1,8.928785324e0,1.615463853e0
train,1394,NC(=O)c1[nH]nnc1N,4.797367573e0,-1.374274254e0,7.187088132e-1,9.582784176e-1,3.423093319e0,-2.698176622e0
train,1395,N#CCCC1C2CCC12,8.250492096e0,-4.982704520e-1,7.187088132e-1,9.582784176e-1,7.752221584e0,6.936409473e-1
train,1396,OCC1C2(O)CCC12O,7.888580799e0,1.535996050e-1,2.156126499e0,2.874835253e0,8.042180061e0,9.208198190e-1
train,1397,C#CC(C)(O)CCC,8.182463646e0,4.829086959e-1,7.187088132e-1,9.582784176e-1,8.665371895e0,1.409082770e0
train,1398,O=C([O-])C1=CC2CC1[NH2+]2,4.430013657e0,-1.099660248e-2,7.187088132e-1,9.582784176e-1,4.419016838e0,-1.917883039e0
train,1399,CNC(=O)CN(C)C=O,6.966114998e0,-1.458795547e0,7.187088132e-1,9.582784176e-1,5.507319450e0,-1.065211654e0
train,1400,CC1(C=O)CC(C=O)N1,5.698064327e0,-4.270642102e-1,7.187088132e-1,9.582784176e-1,5.270999908e0,-1.250365019e0
train,1401,CC1C2OC1C1CCC12,8.876354218e0,1.792956591e-1,7.187088132e-1,9.582784176e-1,9.055649757e0,1.714860559e0
train,1402,CC(C)CC1(C)CCO1,8.568865776e0,1.011833668e0,7.187088132e-1,9.582784176e-1,9.580699921e0,2.126230717e0
train,1403,O=C1C2C3CC4C1C4C32,5.978341103e0,1.285005808e0,7.187088132e-1,9.582784176e-1,7.263346672e0,3.106136322e-1
train,1404,CC1C2C3OC3C12CO,7.673610687e0,-1.605182141e-1,7.187088132e-1,9.582784176e-1,7.513092518e0,5.062863827e-1
train,1405,O=C1CC=C2CCC2C1,6.070860386e0,3.207120895e-1,7.187088132e-1,9.582784176e-1,6.391572475e0,-3.724105060e-1
train,1406,Nc1ncc[nH]c1=O,4.628656864e0,-5.303624272e-1,7.187088132e-1,9.582784176e-1,4.098294258e0,-2.169165134e0
train,1407,OCCC1CC=CCC1,7.292651653e0,5.191658810e-2,7.187088132e-1,9.582784176e-1,7.344568253e0,3.742497265e-1
train,1408,CCC1C(C)CC2CC21,9.080439568e0,-6.123768166e-2,7.187088132e-1,9.582784176e-1,9.019202232e0,1.686304450e0
train,1409,CNc1onc(O)c1N,6.266781807e0,-7.037845999e-2,7.187088132e-1,9.582784176e-1,6.196403503e0,-5.253229141e-1
train,1410,CCC1C2OC3C(O2)C13,8.794719696e0,-7.588601112e-1,7.187088132e-1,9.582784176e-1,8.035860062e0,9.158681631e-1
train,1411,c1cnc2cnnn2c1,4.617772102e0,1.519830078e-1,7.187088132e-1,9.582784176e-1,4.769754887e0,-1.643084168e0
train,1412,C#CC#CCCC,6.296714783e0,9.813355803e-1,7.187088132e-1,9.582784176e-1,7.278050423e0,3.221338391e-1
train,1413,OC12CCC1=CC1NC12,6.375627518e0,2.680402994e0,2.156126499e0,2.874835253e0,9.056030273e0,1.715158701e0
train,1414,[CH+]1[NH2+]CC23CC2[NH2+][CH+][NH+]13,6.103513718e0,7.832288146e-1,7.187088132e-1,9.582784176e-1,6.886742592e0,1.554906182e-2
train,1415,CC#CC(C)C(C)CC,8.242328644e0,-1.509184241e-1,7.187088132e-1,9.582784176e-1,8.091410637e0,9.593913555e-1
train,1416,N#CC12CC3(O)C[NH+]1C32,7.496736526e0,-1.488198400e0,7.187088132e-1,9.582784176e-1,6.008538246e0,-6.725130081e-1
train,1417,C#CC(C)(O)C(C)C=O,6.002831459e0,3.806121945e-1,7.187088132e-1,9.582784176e-1,6.383443832e0,-3.787792027e-1
train,1418,NC(=O)C1NC1C(N)=O,6.378348827e0,4.732757211e-1,7.187088132e-1,9.582784176e-1,6.851624489e0,-1.196552999e-2
train,1419,c1cnc(C2CC2)cn1,5.444998264e0,-1.461474001e-1,7.187088132e-1,9.582784176e-1,5.298851013e0,-1.228543997e0
train,1420,COC(C)(C=O)C1CN1,5.668131351e0,3.869394064e-1,7.187088132e-1,9.582784176e-1,6.055070877e0,-6.360552907e-1
train,1421,CC1C=CC2CCC12O,6.974278450e0,-3.543390632e-1,7.187088132e-1,9.582784176e-1,6.619939327e0,-1.934879422e-1
train,1422,C[NH2+]Cc1noc([NH-])n1,4.272187710e0,1.221133590e0,7.187088132e-1,9.582784176e-1,5.493321419e0,-1.076178908e0
train,1423,C#CC1NC2COC12C,7.189248085e0,6.889494658e-1,7.187088132e-1,9.582784176e-1,7.878197670e0,7.923416495e-1
train,1424,CCC1CC2CC1C2,1.030767345e1,-1.127031684e0,7.187088132e-1,9.582784176e-1,9.180642128e0,1.812790513e0
train,1425,N#CC#CC1OC2CC12,5.583776474e0,-3.277724981e-1,7.187088132e-1,9.582784176e-1,5.256003857e0,-1.262114286e0
train,1426,C1=C2CCCC3C(C1)C23,6.405560493e0,1.202758193e0,7.187088132e-1,9.582784176e-1,7.608318806e0,5.808949471e-1
train,1427,OC1COc2ncoc21,5.649083614e0,-7.105962634e-1,7.187088132e-1,9.582784176e-1,4.938487530e0,-1.510884285e0
train,1428,CCc1cn[nH]c1,7.047749043e0,8.801106215e-1,7.187088132e-1,9.582784176e-1,7.927859783e0,8.312513232e-1
train,1429,C#CC12CCC3C(C1)[NH+]32,7.393333435e0,-4.769930840e0,2.156126499e0,2.874835253e0,2.623402596e0,-3.324724197e0
train,1430,CC1=CC(=O)C2OC2C1,5.121182919e0,7.724996805e-1,7.187088132e-1,9.582784176e-1,5.893682480e0,-7.625010610e-1
train,1431,COc1cnn(C)c1O,6.253176689e0,-2.562086657e-2,7.187088132e-1,9.582784176e-1,6.227555752e0,-5.009155273e-1
train,1432,CC(O)(C#N)C(O)CO,8.070897102e0,7.265364379e-2,7.187088132e-1,9.582784176e-1,8.143550873e0,1.000242591e0
train,1433,CCc1cc(N)oc1O,6.068139076e0,6.934009790e-1,7.187088132e-1,9.582784176e-1,6.761539936e0,-8.254564553e-2
train,1434,OCC12CCC(O1)C2O,8.645057678e0,1.200122535e-1,7.187088132e-1,9.582784176e-1,8.765069962e0,1.487194896e0
train,1435,COC(CO)C1(O)CC1,8.566143990e0,-7.300983667e-1,7.187088132e-1,9.582784176e-1,7.836045742e0,7.593161464e-1
train,1436,CCOC([NH-])C1(C)CC1,7.855927467e0,-1.826037019e-1,7.187088132e-1,9.582784176e-1,7.673323631e0,6.318254471e-1
train,1437,CC1(O)C2C3C4C1C2[NH+]34,7.817831039e0,-1.740413904e-1,7.187088132e-1,9.582784176e-1,7.643789768e0,6.086860299e-1
train,1438,C#CCC1CCCO1,8.108993530e0,1.137482524e0,7.187088132e-1,9.582784176e-1,9.246476173e0,1.864370704e0
train,1439,OCCCC1OCC1O,8.329405785e0,-2.907716632e-1,7.187088132e-1,9.582784176e-1,8.038634300e0,9.180417657e-1
train,1440,CCC#CCC(C)O,8.084503174e0,-8.621016145e-2,7.187088132e-1,9.582784176e-1,7.998292923e0,8.864347935e-1
train,1441,N#CC1C=CC2COC12,6.960672855e0,-9.898295999e-2,7.187088132e-1,9.582784176e-1,6.861690044e0,-4.079293925e-3
train,1442,CC12C3[CH-]COC1C2C3,5.722554207e0,-3.954171836e-1,7.187088132e-1,9.582784176e-1,5.327136993e0,-1.206382275e0
train,1443,C[NH+]1CC1(C)C1(C)CC1,8.299472809e0,-1.111677408e0,7.187088132e-1,9.582784176e-1,7.187795639e0,2.514203489e-1
train,1444,C#CC(C)(C=O)C1CN1,5.657247066e0,-4.438460469e-1,7.187088132e-1,9.582784176e-1,5.213400841e0,-1.295493126e0
train,1445,O=C1C2CC2NC12CC2,5.455882549e0,2.226711810e-1,7.187088132e-1,9.582784176e-1,5.678553581e0,-9.310518503e-1
train,1446,CC1CC(O)C(=O)C1O,5.921197414e0,1.433003187e0,7.187088132e-1,9.582784176e-1,7.354200363e0,3.817963600e-1
train,1447,C[NH+]1CCNC(=O)C1,6.974278450e0,4.013555050e-1,7.187088132e-1,9.582784176e-1,7.375634193e0,3.985894918e-1
train,1448,CC1(C)C(=O)NC1C=O,5.730718136e0,-2.494346797e-1,2.156126499e0,2.874835253e0,5.481283665e0,-1.085610390e0
train,1449,CC#CCC(=O)NC=O,5.940245628e0,5.771250725e-1,7.187088132e-1,9.582784176e-1,6.517370701e0,-2.738491595e-1
train,1450,C1CC(C23C[NH+](C2)C3)C1,8.196069717e0,4.198931456e-1,7.187088132e-1,9.582784176e-1,8.615962982e0,1.370371461e0
train,1451,CCOC(=O)C1CO1,7.153872967e0,-4.068084061e-1,7.187088132e-1,9.582784176e-1,6.747064590e0,-9.388689697e-2
train,1452,CC12CC3CC1(C)C32C,8.313077927e0,-9.251357317e-1,2.156126499e0,2.874835253e0,7.387942314e0,4.082327485e-1
train,1453,CC1(C)OC1C#CC#N,6.062696934e0,-4.782189131e-1,7.187088132e-1,9.582784176e-1,5.584477901e0,-1.004758954e0
train,1454,CC12CNCC1(C#N)O2,6.557943821e0,-1.041796446e0,7.187088132e-1,9.582784176e-1,5.516147614e0,-1.058294892e0
train,1455,CC1CC(N)C1(O)C#N,8.277703285e0,3.826079369e-1,7.187088132e-1,9.582784176e-1,8.660310745e0,1.405117393e0
train,1456,CC12C[NH+]1[CH+][NH2+]C2CO,6.459982872e0,8.754861355e-1,7.187088132e-1,9.582784176e-1,7.335469246e0,3.671207428e-1
train,1457,CCOC(N)=NCC#N,7.515784740e0,-2.065177917e0,7.187088132e-1,9.582784176e-1,5.450606823e0,-1.109645247e0
train,1458,CCC1=CC2CC1C2C,6.440935135e0,-6.120825410e-1,7.187088132e-1,9.582784176e-1,5.828852654e0,-8.132944107e-1
train,1459,CCOC1C2C3OC3C12,7.434150696e0,1.215441711e-2,2.156126499e0,2.874835253e0,7.446305275e0,4.539594054e-1
train,1460,C#CC1(C)C2COC1C2,7.586534500e0,-3.471063077e-1,7.187088132e-1,9.582784176e-1,7.239428043e0,2.918736935e-1
train,1461,O=CCC(CO)[NH+]1CC1,5.975620270e0,-4.880746305e-1,7.187088132e-1,9.582784176e-1,5.487545490e0,-1.080704331e0
train,1462,CC(CO)C(C)C1CO1,9.181120872e0,9.125104547e-2,7.187088132e-1,9.582784176e-1,9.272372246e0,1.884659886e0
train,1463,c1cnc(C2CC2)cn1,5.444998264e0,6.883316040e-1,7.187088132e-1,9.582784176e-1,6.133329868e0,-5.747403502e-1
train,1464,CC#CC1C2C(=O)C[NH+]12,5.771534920e0,-1.103225350e0,7.187088132e-1,9.582784176e-1,4.668309689e0,-1.722565293e0
train,1465,CCC(O)C1C2CC[NH+]21,8.231444359e0,3.962017968e-2,7.187088132e-1,9.582784176e-1,8.271064758e0,1.100148082e0
train,1466,O=CCNc1ncco1,5.200095654e0,-7.708349228e-1,7.187088132e-1,9.582784176e-1,4.429260731e0,-1.909857154e0
train,1467,N#CC#Cc1ncno1,5.113019466e0,-6.803273559e-1,7.187088132e-1,9.582784176e-1,4.432692051e0,-1.907168746e0
train,1468,CC12C=CC(C)(O1)C2O,6.473588943e0,2.251145989e-1,7.187088132e-1,9.582784176e-1,6.698703766e0,-1.317769885e-1
train,1469,CC1(OC=O)COC1,7.186526775e0,-9.048818611e-3,7.187088132e-1,9.582784176e-1,7.177477837e0,2.433364689e-1
train,1470,OC12C3COCC1C2O3,7.836878777e0,1.287023187e0,7.187088132e-1,9.582784176e-1,9.123902321e0,1.768335581e0
train,1471,CC#CC(C)CC,8.258655548e0,2.269791365e-1,7.187088132e-1,9.582784176e-1,8.485634804e0,1.268261075e0
train,1472,Cn1ncc(C2CN2)n1,6.024600506e0,-5.060334504e-2,7.187088132e-1,9.582784176e-1,5.973997116e0,-6.995755434e-1
train,1473,CC(C)OC(C=O)CO,5.809630871e0,-2.204378843e0,7.187088132e-1,9.582784176e-1,3.605252028e0,-2.555457592e0
train,1474,CC(O)C(O)(C#N)C#N,7.398775578e0,-1.788277030e-1,7.187088132e-1,9.582784176e-1,7.219947815e0,2.766111791e-1
train,1475,OCC1(O)C2CCC1O2,7.997426510e0,5.060986876e-1,7.187088132e-1,9.582784176e-1,8.503524780e0,1.282277584e0
train,1476,CC1=CC(=O)C(C)NC1,4.898049831e0,1.534749746e0,7.187088132e-1,9.582784176e-1,6.432799339e0,-3.401097655e-1
train,1477,CC#CC1=CCC(=O)N1,4.998731613e0,1.029058099e0,7.187088132e-1,9.582784176e-1,6.027789593e0,-6.574298143e-1
train,1478,O=C1NC2CCC12O,6.976998806e0,1.536447763e0,7.187088132e-1,9.582784176e-1,8.513446808e0,1.290051341e0
train,1479,O=c1ccnc[nH]1,5.349758625e0,8.998717666e-1,7.187088132e-1,9.582784176e-1,6.249630451e0,-4.836202860e-1
train,1480,CC#Cc1oncc1N,4.835463047e0,-1.791308373e-1,7.187088132e-1,9.582784176e-1,4.656332016e0,-1.731949568e0
train,1481,CC1CC2CCCC2C1,9.929434776e0,4.944354892e-1,7.187088132e-1,9.582784176e-1,1.042387009e1,2.786844015e0
train,1482,CCCCC#N,9.632830620e0,1.696581095e-1,7.187088132e-1,9.582784176e-1,9.802488327e0,2.299999237e0
train,1483,COCc1cnc(C)[nH]1,6.517127037e0,2.530402541e-1,7.187088132e-1,9.582784176e-1,6.770167351e0,-7.578617334e-2
train,1484,O=C1NCC2(O)COC12,6.653183937e0,9.316409230e-1,7.187088132e-1,9.582784176e-1,7.584825039e0,5.624879003e-1
train,1485,OC12CC3CC(C1)C32,8.710365295e0,-6.584370732e-1,7.187088132e-1,9.582784176e-1,8.051928520e0,9.284576178e-1
train,1486,CCC([NH2+]C)OC1CC1,7.382448673e0,-9.529162645e-1,7.187088132e-1,9.582784176e-1,6.429532528e0,-3.426692784e-1
train,1487,CC1=CC2(C)C3CC1[NH+]32,5.932082176e0,1.194808364e0,2.156126499e0,2.874835253e0,7.126890659e0,2.037020624e-1
train,1488,Nc1c[nH]nc1[N+](=O)[O-],4.114361286e0,-1.076991633e-1,7.187088132e-1,9.582784176e-1,4.006661892e0,-2.240957975e0
train,1489,C#CC(CC)COC,8.528048515e0,1.031423807e0,7.187088132e-1,9.582784176e-1,9.559472084e0,2.109599113e0
train,1490,Nc1nncc(O)c1F,5.491257668e0,-1.084610701e0,7.187088132e-1,9.582784176e-1,4.406646729e0,-1.927574873e0
train,1491,CC1COCC2C(C)[NH+]12,7.845042706e0,4.559313506e-2,2.156126499e0,2.874835253e0,7.890635967e0,8.020868897e-1
train,1492,CN1C(=O)CC1C1CO1,7.613745689e0,-2.054014355e-1,7.187088132e-1,9.582784176e-1,7.408344269e0,4.242174327e-1
train,1493,c1n[nH]nc1C1CC1,6.634135723e0,7.061676383e-1,7.187088132e-1,9.582784176e-1,7.340303421e0,3.709082603e-1
train,1494,CC(O)CC1(O)COC1,8.307636261e0,-3.039156199e-1,7.187088132e-1,9.582784176e-1,8.003720284e0,8.906870484e-1
train,1495,N#CC12C3C4CC1[NH+]4C32,6.952508926e0,3.949560225e-1,7.187088132e-1,9.582784176e-1,7.347465038e0,3.765193224e-1
train,1496,C1CC2CC3OC2CC13,8.898122787e0,-1.442495584e-1,7.187088132e-1,9.582784176e-1,8.753872871e0,1.478422165e0
train,1497,CC1C2CC3C1C23CO,8.196069717e0,1.660632342e-1,7.187088132e-1,9.582784176e-1,8.362133026e0,1.171498895e0
train,1498,[NH-]C1C=CC(C2CN2)O1,5.610987663e0,1.253689528e0,7.187088132e-1,9.582784176e-1,6.864677429e0,-1.738715451e-3
train,1499,O=CC(CO)C1CCC1,6.147051811e0,-5.458065271e-1,7.187088132e-1,9.582784176e-1,5.601245403e0,-9.916218519e-1
train,1500,CC([NH+]1CC1)C1(C)CC1,8.549818039e0,-7.282525301e-1,7.187088132e-1,9.582784176e-1,7.821565628e0,7.479711771e-1
train,1501,O=CC1=CC2CC1CO2,5.004173756e0,-3.216680586e-1,7.187088132e-1,9.582784176e-1,4.682505608e0,-1.711442947e0
train,1502,CCC1CC12CCCO2,8.408317566e0,-1.159468517e-1,7.187088132e-1,9.582784176e-1,8.292370796e0,1.116841078e0
train,1503,CCOC12COC(C1)C2,8.655941963e0,-6.368120085e-4,7.187088132e-1,9.582784176e-1,8.655304909e0,1.401195407e0
train,1504,C1OC2CC3(CC3)C2O1,8.789278030e0,1.556931257e0,2.156126499e0,2.874835253e0,1.034620953e1,2.725997925e0
train,1505,CC1C[NH+]1C1CC1(C)C,8.446413994e0,-6.920240819e-2,7.187088132e-1,9.582784176e-1,8.377211571e0,1.183312774e0
train,1506,CC1(C)C[NH+]2CC21CO,8.321241379e0,-4.242304862e-1,7.187088132e-1,9.582784176e-1,7.897010803e0,8.070815206e-1
train,1507,C#Cc1nc(C)c(C)[nH]1,5.281730175e0,7.366288900e-1,7.187088132e-1,9.582784176e-1,6.018359184e0,-6.648184061e-1
train,1508,CC1(C)CCOC(=O)O1,8.762065887e0,-3.770508170e-1,7.187088132e-1,9.582784176e-1,8.385015488e0,1.189427018e0
train,1509,C#CC(CO)C(O)C=O,6.032763958e0,9.164745361e-2,7.187088132e-1,9.582784176e-1,6.124411583e0,-5.817276835e-1
train,1510,CCC1(O)CCCC1O,8.925334930e0,-1.740623266e-1,7.187088132e-1,9.582784176e-1,8.751272202e0,1.476384640e0
train,1511,CC1(O)C2CC1C1CC12,8.579750061e0,-6.345798969e-1,7.187088132e-1,9.582784176e-1,7.945170403e0,8.448139429e-1
train,1512,N#CC#CC1NCC[NH2+]1,4.481715202e0,-9.222297072e-1,7.187088132e-1,9.582784176e-1,3.559485435e0,-2.591315031e0
train,1513,CC1C=CC2C=CC1C2,6.285830498e0,5.261940360e-1,7.187088132e-1,9.582784176e-1,6.812024593e0,-4.299155250e-2
train,1514,CC(=O)NC1COC1,7.469525814e0,1.467724591e-1,7.187088132e-1,9.582784176e-1,7.616298199e0,5.871466994e-1
train,1515,CCC1(CC#N)OC1C,8.307636261e0,1.431679633e-2,7.187088132e-1,9.582784176e-1,8.321952820e0,1.140018225e0
train,1516,CCCc1ncnn1C,7.148430824e0,2.483054698e-1,7.187088132e-1,9.582784176e-1,7.396736145e0,4.151225984e-1
train,1517,CNc1cc(OC)no1,6.430050850e0,-4.517227113e-1,7.187088132e-1,9.582784176e-1,5.978328228e0,-6.961821914e-1
train,1518,CC(=O)n1cc(N)cn1,4.835463047e0,-1.492194980e-1,7.187088132e-1,9.582784176e-1,4.686243534e0,-1.708514333e0
train,1519,C#CC1CC2NC12C=O,5.896707535e0,8.404399753e-1,7.187088132e-1,9.582784176e-1,6.737147331e0,-1.016569436e-1
train,1520,CC1(C)NC=CC1=O,5.175605774e0,2.681236029e0,2.156126499e0,2.874835253e0,7.856842041e0,7.756097913e-1
train,1521,O=C1CC23CC12N[CH+][NH2+]3,5.839563370e0,1.697559357e-1,7.187088132e-1,9.582784176e-1,6.009319305e0,-6.719010472e-1
train,1522,[NH-]C1C=NC(N)=C(O)O1,3.466730356e0,-1.342986673e-1,7.187088132e-1,9.582784176e-1,3.332431793e0,-2.769208670e0
train,1523,Cc1ccn(C)c1,6.680395126e0,6.075596809e-1,7.187088132e-1,9.582784176e-1,7.287954807e0,3.298937976e-1
train,1524,C1C2CC34CCC23C1C4,8.070897102e0,-4.037251472e-1,7.187088132e-1,9.582784176e-1,7.667171955e0,6.270056367e-1
train,1525,Cn1cc(O)c(O)c1,6.310320377e0,-6.637725830e-1,2.156126499e0,2.874835253e0,5.646547794e0,-9.561280012e-1
train,1526,CNCc1noc(C)n1,5.651804924e0,2.599470019e-1,7.187088132e-1,9.582784176e-1,5.911751747e0,-7.483440042e-1
train,1527,CCc1cc(O)n(C)n1,6.906250000e0,1.665021062e0,7.187088132e-1,9.582784176e-1,8.571270943e0,1.335355878e0
train,1528,CC#CC1[NH2+]C2CC2O1,5.711669922e0,-3.200320244e0,2.156126499e0,2.874835253e0,2.511349678e0,-3.412516356e0
train,1529,COC(=O)C1C2C[NH+]1C2,6.272224426e0,-1.046298265e0,7.187088132e-1,9.582784176e-1,5.225926399e0,-1.285679579e0
train,1530,Cc1cn(C=O)c(C)n1,5.061317921e0,-1.232570633e-1,7.187088132e-1,9.582784176e-1,4.938060760e0,-1.511218667e0
train,1531,CC1(C)NC1CCO,8.587913513e0,-1.041508317e0,7.187088132e-1,9.582784176e-1,7.546405315e0,5.323865414e-1
train,1532,COC1C=CC2(CC2)O1,6.394675732e0,-1.343094945e0,7.187088132e-1,9.582784176e-1,5.051580906e0,-1.422277093e0
train,1533,CC(C=O)CC#CC=O,5.474930763e0,-4.070948660e-1,7.187088132e-1,9.582784176e-1,5.067835808e0,-1.409541488e0
train,1534,CCN=C(N)C#N,5.959293365e0,1.199113131e0,7.187088132e-1,9.582784176e-1,7.158406258e0,2.283941358e-1
train,1535,OC1C2OC3C2[NH+]2C1C32,7.847763538e0,-8.105211258e-1,2.156126499e0,2.874835253e0,7.037242413e0,1.334637851e-1
train,1536,CCC1C=CCC12CC2,7.091287136e0,-5.085030794e-1,7.187088132e-1,9.582784176e-1,6.582784176e0,-2.225985378e-1
train,1537,CC1C2C3CC4C1C2C34,8.800162315e0,-1.798622459e-1,7.187088132e-1,9.582784176e-1,8.620300293e0,1.373769760e0
train,1538,C[NH2+]C1NC(C)C1O,7.017816544e0,-1.700094938e-1,7.187088132e-1,9.582784176e-1,6.847806931e0,-1.495653950e-2
train,1539,NC(=O)C1(O)COC1,7.368843079e0,-3.859348595e-1,7.187088132e-1,9.582784176e-1,6.982908249e0,9.089364856e-2
train,1540,N#CCOCCCCO,7.684495449e0,9.161486030e-1,7.187088132e-1,9.582784176e-1,8.600644112e0,1.358369350e0
train,1541,C1=C2CCCOC2OC1,6.903528214e0,-5.682185650e0,2.156126499e0,2.874835253e0,1.221342564e0,-4.423220634e0
train,1542,CCOC1=NCCOC1,7.129383087e0,-2.098768502e-1,7.187088132e-1,9.582784176e-1,6.919506073e0,4.121883959e-2
train,1543,CC1=CC(=O)NC=NC1,5.649083614e0,5.737082362e-1,7.187088132e-1,9.582784176e-1,6.222791672e0,-5.046481490e-1
train,1544,CC1(C)C[NH+](CC#N)C1,7.066796780e0,-1.554290648e-3,7.187088132e-1,9.582784176e-1,7.065242290e0,1.554013342e-1
train,1545,[CH+]1[NH2+]C2COCCC2O1,7.202853680e0,9.326319695e-1,7.187088132e-1,9.582784176e-1,8.135485649e0,9.939235449e-1
train,1546,[NH-][CH+]Oc1c[nH]nc1O,6.419166088e0,5.831564590e-2,7.187088132e-1,9.582784176e-1,6.477481842e0,-3.051016033e-1
train,1547,CC(=O)C1(C(C)O)CC1,6.277666569e0,8.606740832e-1,7.187088132e-1,9.582784176e-1,7.138340473e0,2.126728445e-1
train,1548,CC1(O)CC(O)C2CC21,8.642336845e0,2.307092398e-1,7.187088132e-1,9.582784176e-1,8.873045921e0,1.571792722e0
train,1549,C[CH+]1NO[CH+]C(N)=C1[NH-],4.658589363e0,3.729821444e-1,7.187088132e-1,9.582784176e-1,5.031571388e0,-1.437954307e0
train,1550,CC(O)(CC=O)C1CO1,6.070860386e0,2.681051493e-1,7.187088132e-1,9.582784176e-1,6.338965416e0,-4.136274755e-1
train,1551,CC1=CNC(=O)C1(C)C,5.785140514e0,-6.437006593e-1,7.187088132e-1,9.582784176e-1,5.141439915e0,-1.351873636e0
train,1552,CC12CC3[CH-]C(=O)C1C32,4.359263897e0,1.428040862e0,7.187088132e-1,9.582784176e-1,5.787304878e0,-8.458465934e-1
train,1553,C#CC1C2NC(=O)NC12,7.175642490e0,2.689945400e-1,7.187088132e-1,9.582784176e-1,7.444636822e0,4.526521862e-1
train,1554,CC1CC2OC2CO1,9.238265991e0,-1.688265800e-1,7.187088132e-1,9.582784176e-1,9.069438934e0,1.725664258e0
train,1555,CC1C=C(C=O)C2OC12,5.121182919e0,-4.759564102e-1,7.187088132e-1,9.582784176e-1,4.645226479e0,-1.740650654e0
train,1556,CC12CNC(=O)C(C1)O2,6.819173336e0,-1.395256370e-1,7.187088132e-1,9.582784176e-1,6.679647923e0,-1.467070132e-1
train,1557,O=CN1C=NCC(O)C1,6.087186813e0,4.785533905e0,2.156126499e0,2.874835253e0,1.087272072e1,3.138512850e0
train,1558,NC1CC2(CC2)OC1=O,6.862711906e0,-1.159511805e0,7.187088132e-1,9.582784176e-1,5.703200340e0,-9.117414355e-1
train,1559,O=C1CC2CC1(O)CO2,6.152494431e0,-2.352210283e-1,7.187088132e-1,9.582784176e-1,5.917273521e0,-7.440177798e-1
train,1560,CCNc1ncnn1C,6.669510841e0,1.490259171e0,2.156126499e0,2.874835253e0,8.159770012e0,1.012950063e0
train,1561,O=C1C2OC2C2(O)CC12,5.545680046e0,-1.058854237e-1,7.187088132e-1,9.582784176e-1,5.439794540e0,-1.118116498e0
train,1562,COC1(C)CCC1,8.862749100e0,-4.966110289e-1,7.187088132e-1,9.582784176e-1,8.366138458e0,1.174637079e0
train,1563,OC1C2CC13C=CC[NH+]23,5.910312653e0,-1.155718118e-1,7.187088132e-1,9.582784176e-1,5.794740677e0,-8.400207162e-1
train,1564,Nc1cn[nH]c(=O)n1,5.093971252e0,-2.351179272e-1,7.187088132e-1,9.582784176e-1,4.858853340e0,-1.573276639e0
train,1565,CCC(=NO)C1(O)CC1,6.655904770e0,1.391120195e0,7.187088132e-1,9.582784176e-1,8.047024727e0,9.246155620e-1
train,1566,CC1C2OC3C1C(O)C23,8.362058640e0,-6.492133737e-1,7.187088132e-1,9.582784176e-1,7.712845325e0,6.627901793e-1
train,1567,CC1C2C3(C)C[NH+]1C23C,8.269539833e0,9.943853021e-1,7.187088132e-1,9.582784176e-1,9.263925552e0,1.878041983e0
train,1568,COC(C)CC#N,8.299472809e0,-5.910179615e-1,7.187088132e-1,9.582784176e-1,7.708455086e0,6.593504548e-1
train,1569,[NH-]c1cnnc(N)[nH+]1,4.821857452e0,1.029026985e0,7.187088132e-1,9.582784176e-1,5.850884438e0,-7.960327864e-1
train,1570,C1C2[NH+]1CC13CCC21O3,8.299472809e0,1.199774742e0,7.187088132e-1,9.582784176e-1,9.499247551e0,2.062413931e0
train,1571,CC1=CCC=C(C)C=C1,5.099413872e0,1.869912624e0,2.156126499e0,2.874835253e0,6.969326496e0,8.025251329e-2
train,1572,c1cc(C2CC2)ncn1,5.842284679e0,-7.494453788e-1,7.187088132e-1,9.582784176e-1,5.092839241e0,-1.389951706e0
train,1573,c1nc2occc2o1,5.480372906e0,7.880305648e-1,7.187088132e-1,9.582784176e-1,6.268403530e0,-4.689118266e-1
train,1574,CCCC1(C)CC1OC,8.639615059e0,3.441251755e0,2.156126499e0,2.874835253e0,1.208086681e1,4.085080147e0
train,1575,CC1(O)C(=O)C[NH2+]C1N,5.594660759e0,5.771418214e-1,7.187088132e-1,9.582784176e-1,6.171802521e0,-5.445975065e-1
train,1576,OCCC(O)CC1CO1,8.865469933e0,6.993030310e-1,7.187088132e-1,9.582784176e-1,9.564772606e0,2.113751888e0
train,1577,CCC1(OC)CC1OC,8.933498383e0,-1.323622558e-2,7.187088132e-1,9.582784176e-1,8.920262337e0,1.608786225e0
train,1578,CC1C2C(=O)C3C2C[NH+]13,6.000110626e0,-8.472638130e-1,7.187088132e-1,9.582784176e-1,5.152846813e0,-1.342936516e0
train,1579,CC1(C2CNC2=O)CC1,7.673610687e0,-1.835916758e0,2.156126499e0,2.874835253e0,5.837694168e0,-8.063672185e-1
train,1580,CC#CC1CC(CO)O1,7.308978081e0,-1.948489249e-1,7.187088132e-1,9.582784176e-1,7.114129066e0,1.937035024e-1
train,1581,C#CC1=CC(C)NC1=O,5.431392670e0,5.632581115e-1,7.187088132e-1,9.582784176e-1,5.994650841e0,-6.833935976e-1
train,1582,CNc1cc(C)no1,6.196032524e0,2.592225373e-2,7.187088132e-1,9.582784176e-1,6.221954823e0,-5.053038001e-1
train,1583,CCCN(C=O)CCO,7.020537376e0,3.359391987e-1,7.187088132e-1,9.582784176e-1,7.356476784e0,3.835799098e-1
train,1584,CC1[NH2+]C2C=CCC2O1,6.914412975e0,-1.173750833e-1,7.187088132e-1,9.582784176e-1,6.797038078e0,-5.473329872e-2
train,1585,CC(O)C12CCOC1C2,7.989262581e0,4.984099269e-1,7.187088132e-1,9.582784176e-1,8.487672806e0,1.269857764e0
train,1586,CC#CCC(=O)CCC,6.209638119e0,-3.702420294e-1,7.187088132e-1,9.582784176e-1,5.839396000e0,-8.050338030e-1
train,1587,CC1CC12CCC2C#N,8.304915428e0,-9.534824640e-2,7.187088132e-1,9.582784176e-1,8.209567070e0,1.051965475e0
train,1588,C#CC1C2OC(C)C12,7.548438072e0,-1.301186442e0,7.187088132e-1,9.582784176e-1,6.247251511e0,-4.854841530e-1
train,1589,CC1CCC=CC1CO,7.191968918e0,1.501327753e-2,7.187088132e-1,9.582784176e-1,7.206982136e0,2.664527297e-1
train,1590,N#CC1(O)C=CNC1=O,5.357921600e0,3.394845426e-1,7.187088132e-1,9.582784176e-1,5.697406292e0,-9.162809849e-1
train,1591,C#CC(=O)C1CC1,5.605545521e0,3.632887602e0,2.156126499e0,2.874835253e0,9.238432884e0,1.858068824e0
train,1592,CC1(COC=O)CC1,7.719869614e0,-5.986464620e-1,7.187088132e-1,9.582784176e-1,7.121222973e0,1.992615014e-1
train,1593,N#CC1CC(C#N)C1N,7.227344036e0,2.749816477e-1,7.187088132e-1,9.582784176e-1,7.502325535e0,4.978505671e-1
train,1594,CC(O)C(C=O)CC=O,5.962014675e0,-7.984126210e-1,7.187088132e-1,9.582784176e-1,5.163601875e0,-1.334510088e0
train,1595,CC12OC([NH-])C1C2C=O,5.885822773e0,-5.551642179e-1,7.187088132e-1,9.582784176e-1,5.330658436e0,-1.203623295e0
train,1596,CC12CC3(CO3)C1CO2,8.343010902e0,8.451314569e-1,7.187088132e-1,9.582784176e-1,9.188142776e0,1.818667173e0
train,1597,CC1=CCCC1C1CO1,7.020537376e0,3.473027050e-1,7.187088132e-1,9.582784176e-1,7.367840290e0,3.924830556e-1
train,1598,O=CC1NC=CC1NO,4.462667465e0,-2.218807302e-2,7.187088132e-1,9.582784176e-1,4.440479279e0,-1.901067495e0
train,1599,OCC12CC[NH2+]C1OC2,6.922576904e0,-1.419627428e0,7.187088132e-1,9.582784176e-1,5.502949715e0,-1.068635225e0
train,1600,N#CCNC1C[NH+]2CC12,6.957951069e0,6.371747255e-1,7.187088132e-1,9.582784176e-1,7.595125675e0,5.705583096e-1
train,1601,CC(=O)C1OCC1C#N,5.937524319e0,-5.310310721e-1,7.187088132e-1,9.582784176e-1,5.406493187e0,-1.144207716e0
train,1602,CCC12CC(O1)C1NC12,8.258655548e0,6.264598966e-1,7.187088132e-1,9.582784176e-1,8.885115623e0,1.581249237e0
train,1603,C[NH+]1C(CO)C2(O)CC12,7.238228798e0,3.464034498e-1,7.187088132e-1,9.582784176e-1,7.584632397e0,5.623369813e-1
train,1604,CC(C(O)C#N)C1CN1,7.151152611e0,1.013647914e-1,7.187088132e-1,9.582784176e-1,7.252517223e0,3.021288812e-1
train,1605,O=C1CC2C=CC1CO2,5.755208015e0,-3.807800114e-1,7.187088132e-1,9.582784176e-1,5.374427795e0,-1.169330597e0
train,1606,CCOCC1(C)COC1,8.732133865e0,2.790909708e-1,7.187088132e-1,9.582784176e-1,9.011224747e0,1.680054188e0
train,1607,CC(O)C1(C)COC1=O,7.534832478e0,4.981037378e-1,7.187088132e-1,9.582784176e-1,8.032936096e0,9.135772586e-1
train,1608,O=CCC1CO[CH+][NH2+]1,6.068139076e0,-5.112929344e-1,7.187088132e-1,9.582784176e-1,5.556846142e0,-1.026408076e0
train,1609,Cn1ncnc1C(N)=O,6.182426929e0,-4.618726075e-1,7.187088132e-1,9.582784176e-1,5.720554352e0,-8.981447816e-1
train,1610,OC1C2CC(O2)C2CC12,8.147089005e0,3.008478321e-2,7.187088132e-1,9.582784176e-1,8.177173615e0,1.026585579e0
train,1611,CC1NC1C1NC1C=O,6.005552769e0,1.586299092e-1,7.187088132e-1,9.582784176e-1,6.164182663e0,-5.505675673e-1
train,1612,CCOCCOC,9.145747185e0,6.222750247e-2,7.187088132e-1,9.582784176e-1,9.207974434e0,1.834205031e0
train,1613,CCCC1(C2CC2)CO1,9.382485390e0,-2.590541728e-2,7.187088132e-1,9.582784176e-1,9.356579781e0,1.950635433e0
train,1614,Nc1n[nH]cc1C=O,5.077644348e0,4.837829471e-1,7.187088132e-1,9.582784176e-1,5.561427116e0,-1.022818923e0
train,1615,CC1CCC(C#N)N1,7.415102959e0,4.730662405e-1,7.187088132e-1,9.582784176e-1,7.888169289e0,8.001542687e-1
train,1616,CCC[NH+]1CC(=O)C1,5.624593258e0,-4.742764533e-1,7.187088132e-1,9.582784176e-1,5.150316715e0,-1.344918847e0
train,1617,CC(C#N)C1C[NH2+][CH+]O1,7.412381172e0,-1.234717011e0,7.187088132e-1,9.582784176e-1,6.177664280e0,-5.400049090e-1
train,1618,CCC1C2CC1C2=O,6.838221550e0,1.566361189e-1,7.187088132e-1,9.582784176e-1,6.994857788e0,1.002559587e-1
train,1619,C#CC12OCC1OC2=O,6.348416328e0,-2.930722237e-1,7.187088132e-1,9.582784176e-1,6.055344105e0,-6.358411908e-1
train,1620,C1COCC2CC2OC1,8.364779472e0,7.559380531e-1,7.187088132e-1,9.582784176e-1,9.120718002e0,1.765840769e0
train,1621,C1C2OC1C1CC2O1,7.529390335e0,-8.065799475e-1,7.187088132e-1,9.582784176e-1,6.722810268e0,-1.128898561e-1
train,1622,Nc1[nH]cnc1[N+](=O)[O-],4.566070557e0,3.394639790e-1,7.187088132e-1,9.582784176e-1,4.905534744e0,-1.536702394e0
train,1623,CC(O)C(O)C1(O)CC1,8.258655548e0,1.191549778e0,7.187088132e-1,9.582784176e-1,9.450204849e0,2.023989439e0
train,1624,O=CC1C2NC(=O)C12,5.466767311e0,-1.409890652e0,7.187088132e-1,9.582784176e-1,4.056876659e0,-2.201615334e0
train,1625,CC1(O)C2COC21C,8.106271744e0,9.891440272e-1,7.187088132e-1,9.582784176e-1,9.095416069e0,1.746016979e0
train,1626,O=CC1=CN2CC2CC1,5.140230656e0,2.184246331e-1,7.187088132e-1,9.582784176e-1,5.358655453e0,-1.181687951e0
train,1627,NC=Nc1nc[nH]n1,5.757929325e0,1.933875322e0,2.156126499e0,2.874835253e0,7.691804886e0,6.463052630e-1
train,1628,O=CC12C=CC(=O)C1N2,4.824578762e0,2.589630485e-1,7.187088132e-1,9.582784176e-1,5.083541870e0,-1.397235990e0
train,1629,C#CC1C(C)C(O)C1C,8.274982452e0,-9.869573712e-1,7.187088132e-1,9.582784176e-1,7.288024902e0,3.299487233e-1
train,1630,CC1(O)CC1(C)CO,8.745738983e0,-1.912161708e-2,7.187088132e-1,9.582784176e-1,8.726617813e0,1.457068205e0
train,1631,Cc1cc(NO)c([NH-])[nH]1,3.975583553e0,8.234971762e-1,7.187088132e-1,9.582784176e-1,4.799080849e0,-1.620107651e0
train,1632,CC1OC2C3C2C2C1C32,7.853205681e0,6.311950088e-1,7.187088132e-1,9.582784176e-1,8.484400749e0,1.267294168e0
train,1633,COCC(C=O)C(C)O,5.926640034e0,-6.079845428e-1,7.187088132e-1,9.582784176e-1,5.318655491e0,-1.213027477e0
train,1634,C#CC1C2C[NH+]1C2CC,6.952508926e0,9.752716422e-1,7.187088132e-1,9.582784176e-1,7.927780628e0,8.311892748e-1
train,1635,CCC(=O)C(C)O[CH+][NH-],6.209638119e0,-3.211269677e-1,7.187088132e-1,9.582784176e-1,5.888511181e0,-7.665526867e-1
train,1636,Cn1cc(O[CH+][NH-])nn1,6.114398479e0,9.420135021e-1,7.187088132e-1,9.582784176e-1,7.056411743e0,1.484827101e-1
train,1637,C#CCCC1OC1CC,8.590634346e0,-2.664445639e-1,7.187088132e-1,9.582784176e-1,8.324190140e0,1.141771197e0
train,1638,[H]N=CN1CC(C)(O)C1=O,5.942966461e0,7.613202333e-1,7.187088132e-1,9.582784176e-1,6.704286575e0,-1.274029315e-1
train,1639,OC12C3CC1CC2C3,8.296751022e0,-1.354892254e0,7.187088132e-1,9.582784176e-1,6.941858768e0,5.873189494e-2
train,1640,CNC(C#N)C(N)CO,7.597418785e0,1.215205550e0,7.187088132e-1,9.582784176e-1,8.812623978e0,1.524452925e0
train,1641,OC1C2[NH2+]C3C4C1[NH+]2C34,5.118461609e0,1.859982848e0,7.187088132e-1,9.582784176e-1,6.978444576e0,8.739641309e-2
train,1642,[H]N=C(NC)c1ncno1,4.846347809e0,1.509789824e-1,7.187088132e-1,9.582784176e-1,4.997326851e0,-1.464784384e0
train,1643,CC#CC1C2CC(=O)N12,6.209638119e0,-1.061411262e0,7.187088132e-1,9.582784176e-1,5.148226738e0,-1.346556306e0
train,1644,N#CC1NCC1(O)CO,7.216459274e0,1.035748005e0,7.187088132e-1,9.582784176e-1,8.252206802e0,1.085373163e0
train,1645,CC1=C(C=O)C(=O)OC1,4.775598526e0,-1.168141603e0,2.156126499e0,2.874835253e0,3.607456923e0,-2.553730011e0
train,1646,C#CCC(C=O)C1CO1,6.005552769e0,4.678728282e-1,7.187088132e-1,9.582784176e-1,6.473425388e0,-3.082797825e-1
train,1647,O=C1CC2C3CC2C13O,6.138888836e0,-6.562624574e-1,7.187088132e-1,9.582784176e-1,5.482626438e0,-1.084558249e0
train,1648,C[NH+]1C2C=CC1C1CC12,5.847726822e0,1.180336401e-1,7.187088132e-1,9.582784176e-1,5.965760231e0,-7.060290575e-1
train,1649,CC1CC12C1CCC2C1,9.545754433e0,8.002700210e-1,7.187088132e-1,9.582784176e-1,1.034602451e1,2.725852966e0
train,1650,Nc1c[nH]cc1CO,6.449098587e0,-2.342470735e-1,7.187088132e-1,9.582784176e-1,6.214851379e0,-5.108692646e-1
train,1651,CC1[NH+](C)C12CCC2O,7.768850327e0,2.125811875e-1,7.187088132e-1,9.582784176e-1,7.981431484e0,8.732240796e-1
train,1652,[H]N=CN1C([NH-])C2OCC21,5.910312653e0,3.155309260e-1,7.187088132e-1,9.582784176e-1,6.225843430e0,-5.022571087e-1
train,1653,CC12OCOC1C1CC12,9.121256828e0,4.872849882e-1,7.187088132e-1,9.582784176e-1,9.608541489e0,2.148044348e0
train,1654,C#CC(C)c1ncn[nH]1,7.341631889e0,1.505586356e-1,7.187088132e-1,9.582784176e-1,7.492190361e0,4.899097681e-1
train,1655,CC(C)(C#N)CC1CN1,7.997426510e0,1.178256273e0,7.187088132e-1,9.582784176e-1,9.175683022e0,1.808905125e0
train,1656,N#CCC12CC1CO2,7.553880215e0,1.676252604e0,2.156126499e0,2.874835253e0,9.230133057e0,1.851566076e0
train,1657,N#Cc1nc[nH]c1CO,6.117119789e0,-3.361058235e-1,7.187088132e-1,9.582784176e-1,5.781013966e0,-8.507754207e-1
train,1658,O=CC12OC3CC1NC32,5.455882549e0,-8.311458826e-1,7.187088132e-1,9.582784176e-1,4.624736786e0,-1.756704092e0
train,1659,C1=CC2(OC1)C1COC12,5.845005512e0,-7.119199038e-1,7.187088132e-1,9.582784176e-1,5.133085728e0,-1.358419061e0
train,1660,CCC(C)(C)NC(N)=O,8.166136742e0,-5.821512938e-1,7.187088132e-1,9.582784176e-1,7.583985329e0,5.618299842e-1
train,1661,C#CCCCCOC,8.424644470e0,1.339884698e-1,2.156126499e0,2.874835253e0,8.558632851e0,1.325454116e0
train,1662,CCC1(O)CC2NC21,8.035522461e0,-2.564515769e-1,7.187088132e-1,9.582784176e-1,7.779070854e0,7.146770358e-1
train,1663,O=CC#CC1CCCO1,5.553843975e0,-3.328324854e-1,7.187088132e-1,9.582784176e-1,5.221011639e0,-1.289530158e0
train,1664,CC1CC(C)C2C(O)C12,7.986541748e0,1.277858317e-1,7.187088132e-1,9.582784176e-1,8.114327431e0,9.773463607e-1
train,1665,O=CCOc1ccno1,5.314383507e0,-7.395880818e-1,7.187088132e-1,9.582784176e-1,4.574795246e0,-1.795832634e0
train,1666,CC12CCC(C1)C1OC12,9.205611229e0,1.564981341e-1,7.187088132e-1,9.582784176e-1,9.362109184e0,1.954967737e0
train,1667,OC12C3C4OC1C2(O)C43,7.591977119e0,-7.199184895e-1,7.187088132e-1,9.582784176e-1,6.872058868e0,4.044549540e-3
train,1668,CCCc1cc(C)co1,6.394675732e0,-3.132527769e-1,7.187088132e-1,9.582784176e-1,6.081422806e0,-6.154088974e-1
train,1669,CC(O)C1CC(NO)C1,6.770192623e0,1.716264784e-1,7.187088132e-1,9.582784176e-1,6.941819191e0,5.870088562e-2
train,1670,CC#CC12CCC1(C)C2,7.080402374e0,4.838490859e-2,7.187088132e-1,9.582784176e-1,7.128787518e0,2.051882148e-1
train,1671,OCCC12CC3C1C[NH+]32,8.332126617e0,-1.682035208e0,2.156126499e0,2.874835253e0,6.650091171e0,-1.698643565e-1
train,1672,C#CC1COC1C,7.858648300e0,-4.281404614e-1,7.187088132e-1,9.582784176e-1,7.430507660e0,4.415821731e-1
train,1673,CC(=O)C(=O)C(C)(C)C,4.182389736e0,-2.773472965e-1,7.187088132e-1,9.582784176e-1,3.905042410e0,-2.320575476e0
train,1674,CC1C(O)C1[NH+]1CC1C,8.264098167e0,6.829003096e-1,7.187088132e-1,9.582784176e-1,8.946998596e0,1.629733801e0
train,1675,CC12CC1C(C#N)O2,7.175642490e0,-3.262368739e-1,7.187088132e-1,9.582784176e-1,6.849405766e0,-1.370387245e-2
train,1676,CCCc1n[nH]c(C)n1,7.110334873e0,-2.378266305e-1,7.187088132e-1,9.582784176e-1,6.872508049e0,4.396476783e-3
train,1677,C1=CC2=CC3OC3C2C1,5.167441845e0,-1.685605198e-1,7.187088132e-1,9.582784176e-1,4.998881340e0,-1.463566542e0
train,1678,CC1C(=O)CC(=O)C1C,5.420508385e0,-9.957905412e-1,7.187088132e-1,9.582784176e-1,4.424717903e0,-1.913416386e0
train,1679,CCc1nnoc1CO,6.027321815e0,2.036311626e-1,7.187088132e-1,9.582784176e-1,6.230953217e0,-4.982536733e-1
train,1680,O=COC12CCC(C1)C2,7.594697952e0,1.191543818e0,7.187088132e-1,9.582784176e-1,8.786241531e0,1.503782630e0
train,1681,c1nc2c([nH]1)C1CC2O1,6.141610146e0,3.327923715e-1,7.187088132e-1,9.582784176e-1,6.474402428e0,-3.075142801e-1
train,1682,[NH-]C1OC2C3C(O)C2C13,7.553880215e0,7.984592915e-1,7.187088132e-1,9.582784176e-1,8.352339745e0,1.163825989e0
train,1683,O=C1CC=CC=CCO1,5.243634224e0,-2.726283371e-1,7.187088132e-1,9.582784176e-1,4.971005917e0,-1.485406518e0
train,1684,[H]N=CNC(=O)O[CH+][NH-],6.579712868e0,-7.595521212e-1,7.187088132e-1,9.582784176e-1,5.820160866e0,-8.201043010e-1
train,1685,[NH-]C1=C([NH-])OC(CO)O1,6.370185375e0,9.711879492e-1,7.187088132e-1,9.582784176e-1,7.341373444e0,3.717466295e-1
train,1686,CC(C)n1cc(N)cn1,6.081744671e0,4.737395346e-1,7.187088132e-1,9.582784176e-1,6.555484295e0,-2.439876497e-1
train,1687,CC(C)C[NH+]1CC1C#N,7.306257248e0,-1.350736618e0,7.187088132e-1,9.582784176e-1,5.955520630e0,-7.140516639e-1
train,1688,CCc1cnno1,6.378348827e0,1.403008342e0,7.187088132e-1,9.582784176e-1,7.781357288e0,7.164684534e-1
train,1689,Cc1ccc(C=O)o1,4.966077805e0,-1.173899770e0,2.156126499e0,2.874835253e0,3.792178154e0,-2.409003258e0
train,1690,C#CC1C=CC(=O)CC1,5.093971252e0,-3.723939508e-2,7.187088132e-1,9.582784176e-1,5.056731701e0,-1.418241501e0
train,1691,C1OC2CC2[NH+]2CC12,8.196069717e0,-8.846372366e-1,7.187088132e-1,9.582784176e-1,7.311432362e0,3.482881486e-1
train,1692,CCOCC(C)C1CO1,9.298130035e0,-1.073123440e-1,7.187088132e-1,9.582784176e-1,9.190817833e0,1.820763111e0
train,1693,CN(C=O)C1CC(O)C1,7.273603439e0,-1.838887334e-1,7.187088132e-1,9.582784176e-1,7.089714527e0,1.745750159e-1
train,1694,[NH-]C1OCC2C=CC1C2,6.647741318e0,7.829905748e-1,7.187088132e-1,9.582784176e-1,7.430731773e0,4.417577386e-1
train,1695,Cc1nocc1N(C)C,5.722554207e0,5.179495811e-1,7.187088132e-1,9.582784176e-1,6.240503788e0,-4.907709062e-1
train,1696,[H]N=CNc1cn[nH]c1O,5.915755272e0,-6.637332439e-1,7.187088132e-1,9.582784176e-1,5.252021790e0,-1.265234113e0
train,1697,Nc1ccn(C2CC2)n1,6.179705620e0,5.900430679e-1,7.187088132e-1,9.582784176e-1,6.769748688e0,-7.611419261e-2
train,1698,O=C1COCC(CO)C1,5.749765873e0,-1.423822790e-1,7.187088132e-1,9.582784176e-1,5.607383728e0,-9.868125319e-1
train,1699,C1COC2CC2O1,8.416481972e0,-1.114279509e0,7.187088132e-1,9.582784176e-1,7.302202225e0,3.410564661e-1
train,1700,[NH-]C1OCOCC2OC12,7.083124161e0,3.742153347e-1,7.187088132e-1,9.582784176e-1,7.457339287e0,4.626044035e-1
train,1701,Nc1[nH]ncc1CCO,6.495357990e0,-1.228149235e-1,7.187088132e-1,9.582784176e-1,6.372542858e0,-3.873199821e-1
train,1702,OC1COC2C=CC1C2,6.685837746e0,-5.598846674e-1,7.187088132e-1,9.582784176e-1,6.125953197e0,-5.805198550e-1
train,1703,CC(CO)C(=O)C(N)=O,4.783761501e0,1.078549981e0,7.187088132e-1,9.582784176e-1,5.862311363e0,-7.870799303e-1
train,1704,N#CCC(C#N)O[CH+][NH-],7.532111645e0,1.444486715e-2,7.187088132e-1,9.582784176e-1,7.546556473e0,5.325049758e-1
train,1705,C1CC2C(CO1)C1OC21,8.626008987e0,1.379661679e0,7.187088132e-1,9.582784176e-1,1.000567055e1,2.459189892e0
train,1706,CCCOC1CC2NC21,8.367501259e0,8.656663895e-1,7.187088132e-1,9.582784176e-1,9.233167648e0,1.853943586e0
train,1707,CC(O)C(CO)CC=O,6.223243713e0,-6.437099576e-1,7.187088132e-1,9.582784176e-1,5.579533577e0,-1.008632779e0
train,1708,CCC1(C=O)OCC1O,5.804188728e0,-1.115338922e0,7.187088132e-1,9.582784176e-1,4.688849926e0,-1.706472278e0
train,1709,NC1CCC(=O)NC1=O,6.098071575e0,-5.946160555e-1,7.187088132e-1,9.582784176e-1,5.503455639e0,-1.068238854e0
train,1710,c1onc2c1OCC2,5.896707535e0,3.571693182e0,2.156126499e0,2.874835253e0,9.468400955e0,2.038245916e0
train,1711,CC1(CC#N)CC(O)C1,8.081781387e0,2.133306265e0,2.156126499e0,2.874835253e0,1.021508789e1,2.623265743e0
train,1712,CC1CC1C1CC2OC21,9.077718735e0,9.147734046e-1,7.187088132e-1,9.582784176e-1,9.992491722e0,2.448864460e0
train,1713,O=C1CCC=CNC1=O,4.778319359e0,3.652683198e-1,7.187088132e-1,9.582784176e-1,5.143587589e0,-1.350190997e0
train,1714,C#CC1OCC1COC,7.377007008e0,-2.212503999e-1,7.187088132e-1,9.582784176e-1,7.155756474e0,2.263180614e-1
train,1715,CC1(C#N)C([NH-])[NH+]2CC21,6.778356075e0,5.248678923e-1,7.187088132e-1,9.582784176e-1,7.303224087e0,3.418570757e-1
train,1716,CC(C)OC12CCC1C2,8.694037437e0,-4.987500310e-1,7.187088132e-1,9.582784176e-1,8.195287704e0,1.040777683e0
train,1717,CC1C(=O)CC1CCO,6.013716221e0,2.271106720e0,2.156126499e0,2.874835253e0,8.284822464e0,1.110927105e0
train,1718,CC(C)(C=O)C1CC1,6.128004074e0,6.357576251e-1,7.187088132e-1,9.582784176e-1,6.763761520e0,-8.080506325e-2
train,1719,[NH-]C1=CC(N)CC(=O)O1,5.360642910e0,-4.087715149e-1,7.187088132e-1,9.582784176e-1,4.951871395e0,-1.500398159e0
train,1720,N#CC12C=CC3C(C1)[NH+]32,5.899428368e0,-1.008712530e0,7.187088132e-1,9.582784176e-1,4.890715599e0,-1.548313022e0
train,1721,O=C1C2CC1C1OC21,6.451819897e0,-6.209301353e-1,7.187088132e-1,9.582784176e-1,5.830889702e0,-8.116984367e-1
train,1722,CCC(C)c1cnn[nH]1,6.865432262e0,1.770546198e0,7.187088132e-1,9.582784176e-1,8.635978699e0,1.386053562e0
train,1723,O=CC12NC1CC2=O,5.453161716e0,-4.270321429e-1,7.187088132e-1,9.582784176e-1,5.026129723e0,-1.442217708e0
train,1724,Nc1cc(=O)cc(F)[nH]1,5.744323254e0,-3.555152416e0,2.156126499e0,2.874835253e0,2.189170837e0,-3.664939404e0
train,1725,CCc1[nH]ccc1OC,6.089908123e0,7.489136457e-1,7.187088132e-1,9.582784176e-1,6.838821888e0,-2.199620754e-2
train,1726,CCC1(C#N)CC1(C)O,8.465462685e0,-6.448636055e-1,7.187088132e-1,9.582784176e-1,7.820599079e0,7.472139001e-1
train,1727,C1=NCC2C3[NH2+][CH+]N1C23,5.904870510e0,-5.372275710e-1,7.187088132e-1,9.582784176e-1,5.367642879e0,-1.174646497e0
train,1728,C1=CC2OC3CC(C1)C23,6.623250961e0,-9.393930435e-1,2.156126499e0,2.874835253e0,5.683857918e0,-9.268959761e-1
train,1729,[H]N=C(C=O)NC=NCC,4.242255211e0,9.289374948e-1,7.187088132e-1,9.582784176e-1,5.171192646e0,-1.328562737e0
train,1730,O=C1C2C=CC1C=C2,6.625972271e0,1.064344883e0,7.187088132e-1,9.582784176e-1,7.690317154e0,6.451396346e-1
train,1731,CC(O)CC1OC1C=O,5.866774559e0,-1.375172734e0,2.156126499e0,2.874835253e0,4.491601944e0,-1.861013532e0
train,1732,CC1OC1C1CC2CC21,8.996084213e0,8.124873638e-1,7.187088132e-1,9.582784176e-1,9.808571815e0,2.304765463e0
train,1733,CC1OC2(C(C)C)CC12,8.549818039e0,-6.897630692e-1,7.187088132e-1,9.582784176e-1,7.860054970e0,7.781270742e-1
train,1734,OC1CC2CCC12O,8.204232216e0,-3.568906486e-1,7.187088132e-1,9.582784176e-1,7.847341537e0,7.681662440e-1
train,1735,C1OCC2C3CC1C2O3,8.838258743e0,6.635860801e-1,7.187088132e-1,9.582784176e-1,9.501844406e0,2.064448357e0
train,1736,CCC1C2CCC1C2=O,6.196032524e0,1.478761077e0,2.156126499e0,2.874835253e0,7.674793720e0,6.329772472e-1
train,1737,Nc1coc(=O)c(F)n1,3.885786057e0,3.113374487e-2,7.187088132e-1,9.582784176e-1,3.916919708e0,-2.311269760e0
train,1738,N#CC12CCC1N2,7.896743774e0,-4.092171788e-1,7.187088132e-1,9.582784176e-1,7.487526417e0,4.862556458e-1
train,1739,COC1CC23C[NH+](C2)C13,6.917134762e0,-1.234625220e0,7.187088132e-1,9.582784176e-1,5.682509422e0,-9.279524684e-1
train,1740,OC1C2CC3C(CO2)C13,8.291309357e0,-2.308520377e-1,7.187088132e-1,9.582784176e-1,8.060457230e0,9.351397157e-1
train,1741,Cc1ccc(NC=O)o1,5.246355057e0,2.324835211e-1,7.187088132e-1,9.582784176e-1,5.478838444e0,-1.087526202e0
train,1742,O=C1C[NH+]2CC12C1CO1,6.043648720e0,8.188092709e-1,7.187088132e-1,9.582784176e-1,6.862458229e0,-3.477430902e-3
train,1743,O=C1C2OC3C1OC23,5.265403271e0,1.235519409e0,7.187088132e-1,9.582784176e-1,6.500922680e0,-2.867359817e-1
train,1744,O=C1CC(O)CNC1=O,4.895328522e0,5.913063884e-1,7.187088132e-1,9.582784176e-1,5.486634731e0,-1.081417799e0
train,1745,CC12NC3C(OC1[NH-])C32,6.704885483e0,8.614822626e-1,7.187088132e-1,9.582784176e-1,7.566367626e0,5.480267406e-1
train,1746,C#CC(=O)C(=O)N(C)C,4.527974606e0,-4.474689364e-1,7.187088132e-1,9.582784176e-1,4.080505848e0,-2.183102131e0
train,1747,CC1=CCC2(CC1)CC2,7.142988205e0,6.336923838e-1,7.187088132e-1,9.582784176e-1,7.776680470e0,7.128041983e-1
train,1748,COc1cncc(=O)o1,4.334773540e0,5.714328289e-1,7.187088132e-1,9.582784176e-1,4.906206131e0,-1.536176324e0
train,1749,CC1CC1(C)CC1CC1,9.270918846e0,-1.669507384e0,2.156126499e0,2.874835253e0,7.601411343e0,5.754830241e-1
train,1750,COC1(C)C=CC2NC21,6.432771206e0,-9.040038586e-1,7.187088132e-1,9.582784176e-1,5.528767586e0,-1.048407316e0
train,1751,[NH-]C1OC=CN[CH+]1CO,4.530695915e0,2.315458298e0,2.156126499e0,2.874835253e0,6.846154213e0,-1.625142246e-2
train,1752,CC1CCCC1(C)C=O,6.239571095e0,2.957220078e-1,7.187088132e-1,9.582784176e-1,6.535293102e0,-2.598071992e-1
train,1753,CC#Cc1nc(N)n[nH]1,5.137509823e0,4.925755262e-1,7.187088132e-1,9.582784176e-1,5.630085468e0,-9.690260291e-1
train,1754,OC12C3CC1C1C3OC12,8.141646385e0,-3.721866012e-2,7.187088132e-1,9.582784176e-1,8.104427338e0,9.695897698e-1
train,1755,CC1C(O)C1C(N)C#N,7.989262581e0,1.300091505e0,7.187088132e-1,9.582784176e-1,9.289354324e0,1.897965193e0
train,1756,CC(C)C(O)C1NC1C,8.465462685e0,-6.369118690e-1,7.187088132e-1,9.582784176e-1,7.828550816e0,7.534439564e-1
train,1757,O=CC12CNC1C(=O)N2,5.142951965e0,1.297020435e0,7.187088132e-1,9.582784176e-1,6.439972401e0,-3.344897628e-1
train,1758,Cc1ncc(O)c(N)n1,5.521190166e0,4.836770147e-2,7.187088132e-1,9.582784176e-1,5.569557667e0,-1.016448736e0
train,1759,C#CC(C)(C)C1CC1C,8.440972328e0,8.327262402e-1,2.156126499e0,2.874835253e0,9.273698807e0,1.885699272e0
train,1760,CCNc1cnccn1,4.873559475e0,1.164275527e0,7.187088132e-1,9.582784176e-1,6.037835121e0,-6.495592594e-1
train,1761,CC12CNC(=O)CC1O2,7.488573551e0,7.555212080e-2,7.187088132e-1,9.582784176e-1,7.564125538e0,5.462700725e-1
train,1762,CC[NH+]1CC1(C)CC=O,5.747044563e0,-4.542170167e-1,7.187088132e-1,9.582784176e-1,5.292827606e0,-1.233263254e0
train,1763,OCC1=CC2C3OC1C23,6.157936573e0,-3.224993050e-1,7.187088132e-1,9.582784176e-1,5.835437298e0,-8.081354499e-1
train,1764,CCCC1CCOC1C,8.677710533e0,-6.179050356e-2,7.187088132e-1,9.582784176e-1,8.615920067e0,1.370337844e0
train,1765,C1=C2C(CC23CC3)OC1,6.245012760e0,3.691999912e-1,7.187088132e-1,9.582784176e-1,6.614212990e0,-1.979744583e-1
train,1766,OCC1C2C(O)CC12O,8.381106377e0,-1.382656693e0,7.187088132e-1,9.582784176e-1,6.998449802e0,1.030702591e-1
train,1767,CC1N=COC2C(C)C12,7.357958317e0,-2.104067802e-1,7.187088132e-1,9.582784176e-1,7.147551537e0,2.198895961e-1
train,1768,CC12CCC(=O)N1CC2,6.968835831e0,5.832423568e-1,7.187088132e-1,9.582784176e-1,7.552078247e0,5.368312001e-1
train,1769,C#CC12CC(N1)C2(C)O,7.211016655e0,-1.196681619e0,7.187088132e-1,9.582784176e-1,6.014335155e0,-6.679711938e-1
train,1770,CC1(C(O)C2CC2)CO1,9.309015274e0,-1.105714917e0,2.156126499e0,2.874835253e0,8.203300476e0,1.047055602e0
train,1771,N#CC1=CC2C3CC1[NH+]23,4.906212807e0,1.517557353e-1,7.187088132e-1,9.582784176e-1,5.057968616e0,-1.417272329e0
train,1772,OCC1C2CC3C[NH+]1C32,7.510342121e0,-5.115593225e-2,7.187088132e-1,9.582784176e-1,7.459186077e0,4.640513361e-1
train,1773,O=CCc1nc(O)c[nH]1,4.157899380e0,-6.820468903e-1,7.187088132e-1,9.582784176e-1,3.475852489e0,-2.656840563e0
train,1774,C#CC1COC2CC2O1,7.088566303e0,7.340272516e-2,7.187088132e-1,9.582784176e-1,7.161969185e0,2.311856449e-1
train,1775,NC(=O)NC1C[NH+]2CC12,7.926676750e0,-6.747033000e-1,7.187088132e-1,9.582784176e-1,7.251973629e0,3.017029762e-1
train,1776,Oc1nocc1C1CO1,6.664068222e0,-8.987082243e-1,7.187088132e-1,9.582784176e-1,5.765359879e0,-8.630402088e-1
train,1777,CC1OCc2conc21,6.416444778e0,-7.574323416e-1,7.187088132e-1,9.582784176e-1,5.659012318e0,-9.463621974e-1
train,1778,N#CC1CC(O)CO1,7.913071156e0,-3.230853975e-1,7.187088132e-1,9.582784176e-1,7.589985847e0,5.665313005e-1
train,1779,CC1C(=O)C(O)C[NH+]1C,5.107577324e0,1.806307316e0,2.156126499e0,2.874835253e0,6.913884640e0,3.681451455e-2
train,1780,CCCC1COC1(C)C,8.631451607e0,-5.078519881e-2,7.187088132e-1,9.582784176e-1,8.580666542e0,1.342717171e0
train,1781,CCn1cc(O)cc1O,6.288550854e0,9.311113507e-2,7.187088132e-1,9.582784176e-1,6.381661892e0,-3.801753223e-1
train,1782,[NH-]C1OC(N)=C2CCN21,5.834120750e0,-5.577471256e-1,7.187088132e-1,9.582784176e-1,5.276373863e0,-1.246154547e0
train,1783,C1C2C3C4C2C12C[NH+]4C32,7.959330082e0,-9.778509289e-2,7.187088132e-1,9.582784176e-1,7.861545086e0,7.792945504e-1
train,1784,Cc1nc(O)[nH]c1C=O,4.947029591e0,-1.246873885e-1,7.187088132e-1,9.582784176e-1,4.822342396e0,-1.601882577e0
train,1785,O=c1ccoc(=O)[nH]1,6.125282764e0,4.893300831e-1,7.187088132e-1,9.582784176e-1,6.614613056e0,-1.976610124e-1
train,1786,C1C2CC3(C12)C1CCC13,8.938940048e0,3.944399953e-1,7.187088132e-1,9.582784176e-1,9.333379745e0,1.932458520e0
train,1787,CCC(C)CC(C)(C)C,9.915828705e0,6.726990342e-1,7.187088132e-1,9.582784176e-1,1.058852768e1,2.915851116e0
train,1788,CC1COC2C(O)CC12,8.264098167e0,1.083971739e0,7.187088132e-1,9.582784176e-1,9.348070145e0,1.943968296e0
train,1789,N#CC1CCC1C1CC1,8.479067802e0,-8.816995621e-1,2.156126499e0,2.874835253e0,7.597368240e0,5.723153353e-1
train,1790,OCC1C2C3C2C2C1C32,8.100829124e0,3.094489098e0,2.156126499e0,2.874835253e0,1.119531822e1,3.391263962e0
train,1791,NC1=NC2COC2CO1,7.474967480e0,-8.267277479e-1,7.187088132e-1,9.582784176e-1,6.648239613e0,-1.713150293e-1
train,1792,CC1C2(O)C3CC2C13O,8.144367218e0,-1.478766918e0,7.187088132e-1,9.582784176e-1,6.665600300e0,-1.577131450e-1
train,1793,COC12CCC1C2C,8.819210052e0,8.955274224e-1,7.187088132e-1,9.582784176e-1,9.714737892e0,2.231247902e0
train,1794,OCC12CC1CCCO2,8.421924591e0,-3.868472576e-1,7.187088132e-1,9.582784176e-1,8.035077095e0,9.152547121e-1
train,1795,CC1CNc2cccn21,6.288550854e0,1.546331681e-2,7.187088132e-1,9.582784176e-1,6.304014206e0,-4.410113096e-1
train,1796,CC1=CCCOC=NC1,6.492636681e0,9.429041296e-2,7.187088132e-1,9.582784176e-1,6.586926937e0,-2.193527371e-1
train,1797,CCCc1coc(C)c1,6.383790970e0,1.055134416e0,7.187088132e-1,9.582784176e-1,7.438925266e0,4.481772482e-1
train,1798,C#CC(C)OC(C)C,8.051848412e0,-6.903556734e-2,7.187088132e-1,9.582784176e-1,7.982812881e0,8.743063807e-1
train,1799,COC(C)[NH2+]C1CC1C,6.903528214e0,-1.166373119e-1,2.156126499e0,2.874835253e0,6.786890984e0,-6.268341839e-2
train,1800,C1OC1C12C3CC1C2C3,8.811046600e0,-1.593181372e0,7.187088132e-1,9.582784176e-1,7.217864990e0,2.749792933e-1
train,1801,CC1CCC1CC1CO1,9.390648842e0,-6.330018640e-1,7.187088132e-1,9.582784176e-1,8.757646561e0,1.481378794e0
train,1802,FC(F)(F)C1CCN1,8.623288155e0,-3.963788450e-1,7.187088132e-1,9.582784176e-1,8.226909637e0,1.065553069e0
train,1803,CC(O)C1CC2(CC2)C1,8.843700409e0,-1.739722192e-1,7.187088132e-1,9.582784176e-1,8.669728279e0,1.412495971e0
train,1804,C#CC12OC1C=CC2C,6.487194061e0,1.131156445e0,7.187088132e-1,9.582784176e-1,7.618350506e0,5.887546539e-1
train,1805,O=CC1CC(O)(CO)C1,6.103513718e0,4.120101452e0,2.156126499e0,2.874835253e0,1.022361565e1,2.629947186e0
train,1806,CC1OC(C)C2OCC12,8.759345055e0,-3.164172918e-2,7.187088132e-1,9.582784176e-1,8.727703094e0,1.457918525e0
train,1807,CCC1(C)COC1[NH2+]C,7.679053307e0,-7.876843214e-1,7.187088132e-1,9.582784176e-1,6.891368866e0,1.917368919e-2
train,1808,CCC1CN(C=O)C1=O,5.899428368e0,3.238305151e-1,7.187088132e-1,9.582784176e-1,6.223258972e0,-5.042819977e-1
train,1809,CC#CCC(CO)CO,8.057291031e0,-6.381872892e-1,7.187088132e-1,9.582784176e-1,7.419103622e0,4.326472282e-1
train,1810,CC12C[NH+]3C(C1C#N)C32,7.401497364e0,-3.332356922e-3,7.187088132e-1,9.582784176e-1,7.398165226e0,4.162422717e-1
train,1811,[NH-]C1OCC2CN2C1=O,5.790582657e0,-9.663121700e-1,7.187088132e-1,9.582784176e-1,4.824270248e0,-1.600372076e0
train,1812,CCn1cnn(C)c1=O,6.318483829e0,4.187212884e-1,7.187088132e-1,9.582784176e-1,6.737205029e0,-1.016117409e-1
train,1813,CC1=C(CO)C2NC2C1,6.459982872e0,-8.651621938e-1,7.187088132e-1,9.582784176e-1,5.594820499e0,-9.966556430e-1
train,1814,[NH-]C1NC2(CO)COC12,6.764750481e0,5.559578165e-2,7.187088132e-1,9.582784176e-1,6.820346355e0,-3.647155315e-2
train,1815,C1=CC23CCCC2C1O3,6.196032524e0,-1.182818413e0,7.187088132e-1,9.582784176e-1,5.013214111e0,-1.452336907e0
train,1816,CC1NC1(C)C(O)C=O,5.412344456e0,-9.763553739e-2,7.187088132e-1,9.582784176e-1,5.314708710e0,-1.216119766e0
train,1817,CCCc1c[nH]nc1C,7.028701305e0,-6.313909292e-1,7.187088132e-1,9.582784176e-1,6.397310257e0,-3.679150343e-1
train,1818,C#CC1=CCCOC1=O,5.178326607e0,-1.289839894e-1,7.187088132e-1,9.582784176e-1,5.049342632e0,-1.424030662e0
train,1819,CCC(COC)C(C)O,8.525327682e0,-5.990257263e-1,7.187088132e-1,9.582784176e-1,7.926301956e0,8.300307393e-1
train,1820,CCCN1CC(O)C1=O,7.265439510e0,-2.914047837e-1,7.187088132e-1,9.582784176e-1,6.974034786e0,8.394140005e-2
train,1821,C#CC(CO)NC(C)=O,7.387890816e0,7.785717845e-1,7.187088132e-1,9.582784176e-1,8.166462898e0,1.018193841e0
train,1822,C#CC12CC1OC2C=O,5.591939926e0,-1.048591495e0,7.187088132e-1,9.582784176e-1,4.543348312e0,-1.820470929e0
train,1823,CC1CC2(C)CC12,9.077718735e0,4.021266103e-1,7.187088132e-1,9.582784176e-1,9.479845047e0,2.047212362e0
train,1824,[CH+]1[NH2+]C(C2CN2)CO1,7.330747128e0,5.623565912e-1,7.187088132e-1,9.582784176e-1,7.893103600e0,8.040202856e-1
train,1825,O=C1CC2CC(O)C12,5.923918724e0,7.879314423e-1,7.187088132e-1,9.582784176e-1,6.711850166e0,-1.214769557e-1
train,1826,c1cnc(N2CC2)nn1,4.489878654e0,-4.711522907e-2,7.187088132e-1,9.582784176e-1,4.442763329e0,-1.899277925e0
train,1827,N#Cc1cc(O)ncn1,5.624593258e0,-3.869741559e-1,7.187088132e-1,9.582784176e-1,5.237618923e0,-1.276518583e0
train,1828,O=C1CNC2C(O)C2N1,6.748423576e0,1.660255156e-2,7.187088132e-1,9.582784176e-1,6.765026093e0,-7.981428504e-2
train,1829,CC(C#N)c1ccco1,6.337531567e0,-9.506251216e-1,7.187088132e-1,9.582784176e-1,5.386906624e0,-1.159553528e0
train,1830,CCOCC1OC2CC12,8.381106377e0,-1.066420436e0,7.187088132e-1,9.582784176e-1,7.314685822e0,3.508372009e-1
train,1831,CC1=CC2CC3(O)C1C23,6.351137638e0,2.692799270e-1,7.187088132e-1,9.582784176e-1,6.620417595e0,-1.931132227e-1
train,1832,OC1C2OCC3C1C32O,8.280425072e0,5.840287805e-1,7.187088132e-1,9.582784176e-1,8.864454269e0,1.565061331e0
train,1833,CC1OCC1(C)CC#N,7.698101044e0,3.392551243e-1,7.187088132e-1,9.582784176e-1,8.037356377e0,9.170405269e-1
train,1834,COC1C(O)C1(C)CO,8.065455437e0,1.501859307e0,2.156126499e0,2.874835253e0,9.567315102e0,2.115743876e0
train,1835,Cc1cccc(=O)o1,4.805530548e0,-3.112933040e-1,7.187088132e-1,9.582784176e-1,4.494237423e0,-1.858948708e0
train,1836,CN1CC(CO)OC1=O,8.226001740e0,6.602355838e-1,7.187088132e-1,9.582784176e-1,8.886237144e0,1.582127929e0
train,1837,N#CC1(C2(O)CC2)CO1,7.515784740e0,1.709732175e0,7.187088132e-1,9.582784176e-1,9.225517273e0,1.847949624e0
train,1838,CC1CC12OC1C(O)C12,7.738917828e0,-7.563117743e-1,7.187088132e-1,9.582784176e-1,6.982605934e0,9.065678716e-2
train,1839,CC1C(C)C1C1CCO1,8.664105415e0,-3.228866160e-1,7.187088132e-1,9.582784176e-1,8.341218948e0,1.155112982e0
train,1840,O=C1CCOCCC1O,6.255897522e0,1.014632463e0,7.187088132e-1,9.582784176e-1,7.270529747e0,3.162414730e-1
train,1841,C1=CC2C3C[NH+]2C13,5.676295280e0,-1.720307112e0,7.187088132e-1,9.582784176e-1,3.955988169e0,-2.280660152e0
train,1842,COC(C)C1(C=O)CC1,6.370185375e0,-2.408442944e-1,7.187088132e-1,9.582784176e-1,6.129341125e0,-5.778654814e-1
train,1843,NC(C=O)=NCCC=O,4.914376259e0,-7.390283346e-1,7.187088132e-1,9.582784176e-1,4.175347805e0,-2.108794689e0
train,1844,CC1C2CC1(O)C(=O)N2,7.216459274e0,2.390555739e-1,7.187088132e-1,9.582784176e-1,7.455514908e0,4.611750245e-1
train,1845,N#CC1(C#N)C2C[NH+]1C2,6.411002159e0,-1.332404494e0,2.156126499e0,2.874835253e0,5.078597546e0,-1.401109815e0
train,1846,C#Cc1c(O)nnn1C,5.281730175e0,8.251844645e-1,7.187088132e-1,9.582784176e-1,6.106914520e0,-5.954364538e-1
train,1847,N#CCC1CC(C=O)C1,6.215080738e0,1.563178897e-1,7.187088132e-1,9.582784176e-1,6.371398449e0,-3.882165849e-1
train,1848,OCC(O)CCC1CO1,8.691316605e0,-3.254346848e-1,7.187088132e-1,9.582784176e-1,8.365881920e0,1.174436092e0
train,1849,CCC1(CC)OC1CO,8.985198975e0,-3.322264194e0,2.156126499e0,2.874835253e0,5.662934780e0,-9.432889819e-1
train,1850,CC1OCC1(C#N)CO,7.643678188e0,-3.042432666e-1,7.187088132e-1,9.582784176e-1,7.339435101e0,3.702279627e-1
train,1851,Nc1ncc(CO)cn1,5.385133266e0,-1.818321943e-1,7.187088132e-1,9.582784176e-1,5.203300953e0,-1.303406358e0
train,1852,N#CC(CO)CCCO,8.168857574e0,3.743448555e-1,7.187088132e-1,9.582784176e-1,8.543202400e0,1.313364506e0
train,1853,O=C1C2CCC1(CO)O2,6.258618832e0,-8.785295486e-1,7.187088132e-1,9.582784176e-1,5.380089283e0,-1.164894819e0
train,1854,CC1C2C3CC(=O)C2C13,6.068139076e0,-1.148658872e0,2.156126499e0,2.874835253e0,4.919480324e0,-1.525776148e0
train,1855,C#CC1C2CCOCC12,7.681774139e0,-9.948090315e-1,7.187088132e-1,9.582784176e-1,6.686964989e0,-1.409741789e-1
train,1856,CC1(CCO)CO1,9.175679207e0,5.139694214e-1,7.187088132e-1,9.582784176e-1,9.689648628e0,2.211590767e0
train,1857,CC[NH+]1CC2CC21C=O,5.325268269e0,3.286391497e-1,7.187088132e-1,9.582784176e-1,5.653907299e0,-9.503619075e-1
train,1858,N#CC1C(O)C1O[CH+][NH-],7.216459274e0,-5.048669577e-1,7.187088132e-1,9.582784176e-1,6.711592197e0,-1.216790676e-1
train,1859,CC1=CC2C3C(O)C1C23,6.274945736e0,1.007258415e0,7.187088132e-1,9.582784176e-1,7.282204151e0,3.253882229e-1
train,1860,OC12CC3C4OC1C4C32,7.967494011e0,-1.443017423e-1,7.187088132e-1,9.582784176e-1,7.823192120e0,7.492455244e-1
train,1861,N#CCCC1C2CC[NH+]12,7.474967480e0,-3.375180438e-2,7.187088132e-1,9.582784176e-1,7.441215515e0,4.499716163e-1
train,1862,CC(=O)CC1(C#N)CO1,6.215080738e0,6.018276215e-1,7.187088132e-1,9.582784176e-1,6.816908360e0,-3.916518018e-2
train,1863,COC1CC1CC(C)C,8.884517670e0,-5.249087214e-1,7.187088132e-1,9.582784176e-1,8.359608650e0,1.169521093e0
train,1864,C[CH+]1[CH-]C(O)=COC1[NH-],4.291235447e0,2.647266090e-1,7.187088132e-1,9.582784176e-1,4.555962086e0,-1.810588121e0
train,1865,Cc1cc(CO)nn1C,6.933460712e0,-9.884511232e-1,7.187088132e-1,9.582784176e-1,5.945009708e0,-7.222868204e-1
train,1866,C#CC(=O)CCC#CC,5.077644348e0,2.705469169e-2,7.187088132e-1,9.582784176e-1,5.104699135e0,-1.380659580e0
train,1867,O1C2C3C4C1C1C4[NH+]1C23,8.220560074e0,-2.250655890e-1,7.187088132e-1,9.582784176e-1,7.995494366e0,8.842421174e-1
train,1868,O=COc1cnccn1,5.423229218e0,1.202708006e0,7.187088132e-1,9.582784176e-1,6.625937462e0,-1.887884736e-1
train,1869,N#CC#CC1CC1O,5.880380630e0,1.967253834e-1,7.187088132e-1,9.582784176e-1,6.077105999e0,-6.187910438e-1
train,1870,CCC12CC3C1COC32,8.794719696e0,-1.625200212e-1,7.187088132e-1,9.582784176e-1,8.632199287e0,1.383092403e0
train,1871,COC1=NCC(=O)CN1,5.673573971e0,-2.433272600e0,2.156126499e0,2.874835253e0,3.240301371e0,-2.841391802e0
train,1872,Oc1n[nH]c2[nH]ncc12,6.147051811e0,4.227515161e-1,7.187088132e-1,9.582784176e-1,6.569803238e0,-2.327689379e-1
train,1873,C1Cc2nonc2CN1,5.586497784e0,-3.747186959e-1,7.187088132e-1,9.582784176e-1,5.211779118e0,-1.296763778e0
train,1874,CCOc1ccnn1C,6.819173336e0,-5.167291760e-1,7.187088132e-1,9.582784176e-1,6.302443981e0,-4.422415495e-1
train,1875,N#CC[NH+]1CC2CC21,7.004210949e0,-2.517030835e-1,7.187088132e-1,9.582784176e-1,6.752507687e0,-8.962229639e-2
train,1876,CC12CNC1C(C#N)N2,7.145709991e0,-7.236772776e-1,7.187088132e-1,9.582784176e-1,6.422032833e0,-3.485451937e-1
train,1877,Cc1coc(NC=O)n1,5.594660759e0,2.338061631e-1,7.187088132e-1,9.582784176e-1,5.828466892e0,-8.135966659e-1
train,1878,CC1CCOC12COC2,8.530769348e0,-5.962070227e-1,7.187088132e-1,9.582784176e-1,7.934562206e0,8.365025520e-1
train,1879,CN1C=CC2NC2C1=O,5.526632309e0,-2.780043706e-2,7.187088132e-1,9.582784176e-1,5.498831749e0,-1.071861625e0
train,1880,O=CC1NC1CC1CC1,6.032763958e0,-3.670780957e-1,7.187088132e-1,9.582784176e-1,5.665685654e0,-9.411336780e-1
train,1881,COC1CC12CCOC2,8.683153152e0,3.830757737e-1,7.187088132e-1,9.582784176e-1,9.066228867e0,1.723149180e0
train,1882,[NH-]C1OC2C(C(N)=O)C12,6.547059536e0,4.909518361e-1,7.187088132e-1,9.582784176e-1,7.038011551e0,1.340663880e-1
train,1883,OCC1C2C[NH+]3CC1C23,7.379727840e0,-1.907755733e-1,7.187088132e-1,9.582784176e-1,7.188952446e0,2.523266971e-1
train,1884,CCC1(O)C2CC3C2C31,8.440972328e0,-1.063435197e0,7.187088132e-1,9.582784176e-1,7.377537251e0,4.000805020e-1
train,1885,N#CC1CC1C#CC=O,5.458603859e0,-8.905898780e-2,7.187088132e-1,9.582784176e-1,5.369544983e0,-1.173156142e0
train,1886,COC1CC2(C)CC12O,8.909008026e0,-1.635675192e0,2.156126499e0,2.874835253e0,7.273332596e0,3.184374869e-1
train,1887,CNC1=NCCCC1=O,4.462667465e0,2.098472714e-1,7.187088132e-1,9.582784176e-1,4.672514915e0,-1.719270468e0
train,1888,CCC1CC2CC=CC12,7.055912018e0,1.734246016e0,7.187088132e-1,9.582784176e-1,8.790158272e0,1.506851315e0
train,1889,OC1CC12COC21CC1,7.972936153e0,-4.758730531e-1,7.187088132e-1,9.582784176e-1,7.497063160e0,4.937275648e-1
train,1890,N#CC1(CO)C[NH2+][CH+]N1,6.846384525e0,5.362185240e-1,7.187088132e-1,9.582784176e-1,7.382603168e0,4.040496051e-1
train,1891,C#CC1(CC=O)OC1C,6.089908123e0,-2.660552502e0,2.156126499e0,2.874835253e0,3.429355621e0,-2.693270206e0
train,1892,N#CC12C3CC4C(C41)C32,7.148430824e0,-1.875472963e-1,7.187088132e-1,9.582784176e-1,6.960883617e0,7.363762707e-2
train,1893,CC1CC(C)(C=O)C1C,6.108956337e0,6.421418190e-1,7.187088132e-1,9.582784176e-1,6.751098156e0,-9.072665125e-2
train,1894,O=C1C=CNCCCO1,5.295335770e0,9.994299710e-2,7.187088132e-1,9.582784176e-1,5.395278931e0,-1.152993917e0
train,1895,C#CC1=C(C)C(=O)NC1,5.292614460e0,-6.952228546e-1,7.187088132e-1,9.582784176e-1,4.597391605e0,-1.778128624e0
train,1896,CCC1C2OC3C[NH+]1C32,7.581092358e0,-8.321458697e-1,7.187088132e-1,9.582784176e-1,6.748946667e0,-9.241231531e-2
train,1897,CCCC(O)C1CN1,8.623288155e0,1.920789003e0,2.156126499e0,2.874835253e0,1.054407692e1,2.881024599e0
train,1898,Cc1cccc(N)c1F,5.700785160e0,-6.753700972e-1,7.187088132e-1,9.582784176e-1,5.025414944e0,-1.442777753e0
train,1899,CC1(O)CCOCC1=O,5.491257668e0,3.428333402e-1,7.187088132e-1,9.582784176e-1,5.834091187e0,-8.091900945e-1
train,1900,O=C1NC2CC12,6.968835831e0,2.178230435e-1,7.187088132e-1,9.582784176e-1,7.186658859e0,2.505296767e-1
train,1901,CC(C)Nc1c[nH]cn1,5.899428368e0,-4.453552142e-2,7.187088132e-1,9.582784176e-1,5.854892731e0,-7.928923368e-1
train,1902,COc1cnoc1C#N,5.159278870e0,1.325117826e0,7.187088132e-1,9.582784176e-1,6.484396935e0,-2.996836901e-1
train,1903,NC(=O)C[NH+]1CC2CC21,7.083124161e0,4.628769308e-2,7.187088132e-1,9.582784176e-1,7.129411697e0,2.056772560e-1
train,1904,Oc1cnc(F)c(F)n1,5.145672798e0,6.076004505e-1,7.187088132e-1,9.582784176e-1,5.753273010e0,-8.725101352e-1
train,1905,CC1[NH+]2C3CC1(C=O)C32,5.534795761e0,-8.448801041e-1,7.187088132e-1,9.582784176e-1,4.689915657e0,-1.705637217e0
train,1906,COC1CC1(C)C(C)=O,6.185148239e0,-3.566271961e-1,7.187088132e-1,9.582784176e-1,5.828521252e0,-8.135540485e-1
train,1907,NC(=O)C1CCC1O,7.162036896e0,6.520159245e-1,7.187088132e-1,9.582784176e-1,7.814052582e0,7.420848012e-1
train,1908,C#CC1=NCC2CC2O1,6.114398479e0,-5.888183713e-1,7.187088132e-1,9.582784176e-1,5.525579929e0,-1.050904751e0
train,1909,C#CC1C(=O)N2CC12,6.220522881e0,-6.035187840e-1,7.187088132e-1,9.582784176e-1,5.617003918e0,-9.792752266e-1
train,1910,C#CC1C[NH+]1CC1CC1,7.162036896e0,9.007507563e-1,7.187088132e-1,9.582784176e-1,8.062788010e0,9.369658828e-1
train,1911,C#CC(=O)CC(O)C=O,5.322546959e0,9.611651301e-2,7.187088132e-1,9.582784176e-1,5.418663502e0,-1.134672403e0
train,1912,CC1OC1C(C)(O)C=O,5.738881111e0,1.878016591e-1,7.187088132e-1,9.582784176e-1,5.926682949e0,-7.366455793e-1
train,1913,O=CCN1C=NCC1=O,5.610987663e0,1.958123893e-1,7.187088132e-1,9.582784176e-1,5.806799889e0,-8.305724859e-1
train,1914,C[NH2+]C(C)OC1(C)CC1,7.428708553e0,4.427915812e-1,7.187088132e-1,9.582784176e-1,7.871500015e0,7.870941162e-1
train,1915,C#CC(=O)C(C)(O)CO,5.368806362e0,-1.099191606e-1,7.187088132e-1,9.582784176e-1,5.258887291e0,-1.259855151e0
train,1916,CCC1OCCC12CC2,8.957987785e0,1.016968012e0,7.187088132e-1,9.582784176e-1,9.974955559e0,2.435125113e0
train,1917,O=CC1CC1C1CCC1,6.217801571e0,8.974226564e-2,7.187088132e-1,9.582784176e-1,6.307543755e0,-4.382459521e-1
train,1918,CCC1(C#N)C[NH2+][CH+]N1,6.889922619e0,-6.635296941e-1,7.187088132e-1,9.582784176e-1,6.226392746e0,-5.018267632e-1
train,1919,CCC1C(C2CC2)[NH+]1C,7.834157944e0,-4.883227944e-1,7.187088132e-1,9.582784176e-1,7.345835209e0,3.752423525e-1
train,1920,CC1=CC(O)CCOC1,6.696722031e0,-4.031339586e-1,7.187088132e-1,9.582784176e-1,6.293588161e0,-4.491799772e-1
train,1921,[H]N=C(C(=O)C#C)N1CC1,4.655868053e0,2.095491886e0,2.156126499e0,2.874835253e0,6.751359940e0,-9.052154422e-2
train,1922,[NH-]C1OC2(CO)CC12,7.589255333e0,-3.519888520e-1,7.187088132e-1,9.582784176e-1,7.237266541e0,2.901801765e-1
train,1923,CCC1(C)C=CCCO1,7.232786179e0,1.286379546e-1,7.187088132e-1,9.582784176e-1,7.361423969e0,3.874559700e-1
train,1924,CC12C3C4C3C1(C=O)[NH+]42,5.317104816e0,-3.998783231e-1,7.187088132e-1,9.582784176e-1,4.917226315e0,-1.527542233e0
train,1925,CCNc1nnoc1C,5.015058517e0,6.330506206e-1,7.187088132e-1,9.582784176e-1,5.648108959e0,-9.549047947e-1
train,1926,[NH-]c1ccnc(F)[nH+]1,5.137509823e0,-2.584092617e-1,7.187088132e-1,9.582784176e-1,4.879100800e0,-1.557413101e0
train,1927,O=CC1(C2CN2)CC1O,5.638199329e0,-6.536963582e-1,7.187088132e-1,9.582784176e-1,4.984502792e0,-1.474831939e0
train,1928,NC1=NCCNC1=O,5.480372906e0,-2.158742398e-1,7.187088132e-1,9.582784176e-1,5.264498711e0,-1.255458593e0
train,1929,CC(C)OCCC(N)=O,7.496736526e0,1.776249409e0,7.187088132e-1,9.582784176e-1,9.272985458e0,1.885140419e0
train,1930,C[NH+]1CC1c1ccco1,6.149773121e0,6.531165838e-1,7.187088132e-1,9.582784176e-1,6.802889824e0,-5.014852807e-2
train,1931,CC12[NH2+][CH+][NH+]3CC1(N)C32,6.032763958e0,6.283320785e-1,7.187088132e-1,9.582784176e-1,6.661096096e0,-1.612421274e-1
train,1932,[NH-]C1OC2(CO)CNC12,6.805567265e0,-8.974532038e-2,7.187088132e-1,9.582784176e-1,6.715821743e0,-1.183652729e-1
train,1933,C[CH+]1N=C([NH-])OC=C1F,4.421850204e0,1.268604636e0,7.187088132e-1,9.582784176e-1,5.690454960e0,-9.217272401e-1
train,1934,C#CC(C#N)(C#N)NC,6.694001198e0,-1.447007060e-1,7.187088132e-1,9.582784176e-1,6.549300671e0,-2.488324493e-1
train,1935,COCc1cc(O)[nH]n1,6.919855118e0,-4.803938866e-1,7.187088132e-1,9.582784176e-1,6.439461231e0,-3.348902762e-1
train,1936,N#CC1CN(C=O)[CH+][NH2+]1,6.106235027e0,-9.621506929e-1,7.187088132e-1,9.582784176e-1,5.144084454e0,-1.349801660e0
train,1937,COC1C(C)(O)C1(C)O,8.021917343e0,-3.232825100e-1,7.187088132e-1,9.582784176e-1,7.698634624e0,6.516562700e-1
train,1938,Cc1nc(C#N)nn1C,6.391954422e0,-7.472706437e-1,7.187088132e-1,9.582784176e-1,5.644683838e0,-9.575883746e-1
train,1939,C1CC2C3CCC2C3O1,8.672267914e0,6.998148561e-1,7.187088132e-1,9.582784176e-1,9.372082710e0,1.962781787e0
train,1940,CC#CCOC1CC1O,7.211016655e0,1.580640078e0,7.187088132e-1,9.582784176e-1,8.791656494e0,1.508025169e0
train,1941,CC1COC(C)C1C#N,8.095387459e0,2.648190260e-1,7.187088132e-1,9.582784176e-1,8.360206604e0,1.169989586e0
train,1942,N#CC1C2OC2C2C[NH+]12,7.349795341e0,-1.010432601e0,7.187088132e-1,9.582784176e-1,6.339362621e0,-4.133162796e-1
train,1943,CC1=C(C)CN(C=O)C1,6.699442863e0,1.171589971e0,7.187088132e-1,9.582784176e-1,7.871032715e0,7.867280245e-1
train,1944,O=CC1C(O)CC1O,6.144330502e0,-4.159176257e-3,7.187088132e-1,9.582784176e-1,6.140171528e0,-5.693799853e-1
train,1945,OCC1CC(CO)C1O,8.264098167e0,-1.593212485e0,7.187088132e-1,9.582784176e-1,6.670885563e0,-1.535722017e-1
train,1946,CC1OC12C=CC1CC12,6.487194061e0,1.648784131e-1,7.187088132e-1,9.582784176e-1,6.652072430e0,-1.683120579e-1
train,1947,[NH-]C1OC(C=O)C1O,5.962014675e0,-2.730255723e-1,7.187088132e-1,9.582784176e-1,5.688989162e0,-9.228757024e-1
train,1948,CCCC1(C)CCCO1,8.650499344e0,4.597472847e-1,7.187088132e-1,9.582784176e-1,9.110246658e0,1.757636547e0
train,1949,Cc1cc(=O)occ1F,4.693964005e0,1.030897021e0,7.187088132e-1,9.582784176e-1,5.724861145e0,-8.947704434e-1
train,1950,CNc1c(N)noc1N,6.427329540e0,-1.066859126e0,7.187088132e-1,9.582784176e-1,5.360470295e0,-1.180266142e0
train,1951,CCOc1conc1O,6.313041210e0,-1.182721853e0,7.187088132e-1,9.582784176e-1,5.130319595e0,-1.360586286e0
train,1952,CC1CC=C2CCC21C,6.669510841e0,5.755094066e-2,7.187088132e-1,9.582784176e-1,6.727061749e0,-1.095588729e-1
train,1953,C1=CC2C3C1C1C2[NH+]31,6.628693581e0,1.007223845e0,7.187088132e-1,9.582784176e-1,7.635917664e0,6.025183201e-1
train,1954,CCC#CC1CC(O)C1,7.948446274e0,-2.991629243e-1,7.187088132e-1,9.582784176e-1,7.649283409e0,6.129902005e-1
train,1955,CCC1C(=O)C(C)[NH+]1C,5.659968376e0,-1.274705887e0,2.156126499e0,2.874835253e0,4.385262489e0,-1.944329143e0
train,1956,CCC1CCNCC1=O,5.695343018e0,7.997515202e-1,7.187088132e-1,9.582784176e-1,6.495094299e0,-2.913024426e-1
train,1957,O=C1CC[NH+](C2CC2)C1,5.338873863e0,8.304013014e-1,7.187088132e-1,9.582784176e-1,6.169275284e0,-5.465775728e-1
train,1958,C#CC1(C)COCCO1,7.597418785e0,-6.592611074e-1,7.187088132e-1,9.582784176e-1,6.938157558e0,5.583204329e-2
train,1959,COC1C(C)OC1C#N,7.472246647e0,4.097428024e-1,7.187088132e-1,9.582784176e-1,7.881989479e0,7.953124642e-1
train,1960,O=C1C[NH+]2CC(O)C1C2,5.483094215e0,-7.828539014e-1,7.187088132e-1,9.582784176e-1,4.700240135e0,-1.697548151e0
train,1961,CN1CC(OC=O)C1=O,7.077681541e0,-3.913950622e-1,7.187088132e-1,9.582784176e-1,6.686286449e0,-1.415058076e-1
train,1962,CC1(C#N)CCOC=N1,7.300814629e0,-3.926790655e-1,7.187088132e-1,9.582784176e-1,6.908135414e0,3.231006861e-2
train,1963,CCn1ccnc1,6.906250000e0,6.270831823e-1,2.156126499e0,2.874835253e0,7.533333302e0,5.221447349e-1
train,1964,CC1=CNC(=O)C([NH-])O1,4.819136620e0,9.297092557e-1,7.187088132e-1,9.582784176e-1,5.748846054e0,-8.759785891e-1
train,1965,NC(=O)C#CCC1CC1,6.367464066e0,9.899040461e-1,7.187088132e-1,9.582784176e-1,7.357367992e0,3.842781484e-1
train,1966,[H]N=CN(C=N[H])C(=O)CO,6.261340141e0,4.922769070e-1,7.187088132e-1,9.582784176e-1,6.753617287e0,-8.875294030e-2
train,1967,CCC1OC(C#N)C1N,7.006931782e0,1.282809734e0,7.187088132e-1,9.582784176e-1,8.289741516e0,1.114781141e0
train,1968,O=CC1OC2C(C=O)C12,5.319826126e0,-5.288965702e-1,7.187088132e-1,9.582784176e-1,4.790929794e0,-1.626493931e0
train,1969,CC[NH+]1C([NH-])C2OCC21,6.680395126e0,-3.119676709e-1,7.187088132e-1,9.582784176e-1,6.368427277e0,-3.905444741e-1
train,1970,c1onc2onnc12,5.123903751e0,1.076835632e0,7.187088132e-1,9.582784176e-1,6.200739384e0,-5.219258070e-1
train,1971,Cn1nc(O)n(C)c1=O,6.791961670e0,-1.859444022e0,7.187088132e-1,9.582784176e-1,4.932517529e0,-1.515561700e0
train,1972,C#CC#CC1NC1CO,5.883101463e0,-4.230653644e-1,7.187088132e-1,9.582784176e-1,5.460036278e0,-1.102257371e0
train,1973,CCn1c(C)ccc1N,6.206917286e0,1.459194779e0,7.187088132e-1,9.582784176e-1,7.666111946e0,6.261751652e-1
train,1974,OCC(O)C1(O)CCC1,8.226001740e0,1.128302336e0,7.187088132e-1,9.582784176e-1,9.354304314e0,1.948852658e0
train,1975,N#CCC1OC([NH-])C1O,7.708985806e0,5.839935541e-1,7.187088132e-1,9.582784176e-1,8.292979240e0,1.117317796e0
train,1976,[NH-]c1o[cH+]nc(N)c1N,4.258581638e0,9.288040996e-1,7.187088132e-1,9.582784176e-1,5.187385559e0,-1.315875769e0
train,1977,COCC12CC3C1C[NH+]32,8.299472809e0,-4.821502790e-2,7.187088132e-1,9.582784176e-1,8.251257896e0,1.084629655e0
train,1978,CC1=CCC(=O)N2CC12,6.432771206e0,-1.044799089e0,7.187088132e-1,9.582784176e-1,5.387971878e0,-1.158718944e0
train,1979,N#CC12C=CC3C(C1)C32,6.473588943e0,-1.006909534e-1,7.187088132e-1,9.582784176e-1,6.372898102e0,-3.870416284e-1
train,1980,CC1C2C3[NH+]2CC13O,7.839600563e0,-2.434458971e0,2.156126499e0,2.874835253e0,5.405141830e0,-1.145266533e0
train,1981,CC1[NH2+]CC2CC(=O)N21,6.372906685e0,-8.803791404e-1,7.187088132e-1,9.582784176e-1,5.492527485e0,-1.076800942e0
train,1982,CC1CC2(CCO2)C1O,8.236886978e0,2.638188839e0,2.156126499e0,2.874835253e0,1.087507629e1,3.140358448e0
train,1983,OC1CC2CCCC=C12,6.821894169e0,4.045487568e-2,7.187088132e-1,9.582784176e-1,6.862349033e0,-3.562984290e-3
train,1984,CC1[NH2+]C(N)OC1C#N,6.715770245e0,-1.069012165e0,7.187088132e-1,9.582784176e-1,5.646758080e0,-9.559631944e-1
train,1985,CC#CCCC(O)CC,8.234165192e0,4.543923140e-1,7.187088132e-1,9.582784176e-1,8.688557625e0,1.427248478e0
train,1986,CCC1(C)CC(C)C1,9.640994072e0,-2.418026447e0,2.156126499e0,2.874835253e0,7.222967625e0,2.789771557e-1
train,1987,Cc1nc(C)c(C=O)[nH]1,5.042269707e0,9.904796481e-1,7.187088132e-1,9.582784176e-1,6.032749176e0,-6.535440683e-1
train,1988,CC1(C#CCC=O)CN1,5.926640034e0,6.743097901e-1,7.187088132e-1,9.582784176e-1,6.600949764e0,-2.083660215e-1
train,1989,[H]N=C(OC)n1cccn1,6.432771206e0,2.426087856e-1,7.187088132e-1,9.582784176e-1,6.675379753e0,-1.500510722e-1
train,1990,C1=CC2C3C1C2C1CC13,6.231407166e0,-7.193423808e-2,7.187088132e-1,9.582784176e-1,6.159472942e0,-5.542575717e-1
train,1991,[NH-]C1OC(F)=COC1=O,4.816415310e0,1.227088794e-1,7.187088132e-1,9.582784176e-1,4.939124107e0,-1.510385513e0
train,1992,CC#CC1(C)CO1,7.624630451e0,6.741908789e-1,7.187088132e-1,9.582784176e-1,8.298821449e0,1.121895075e0
train,1993,O=C1NCC12C1CC[NH+]12,7.118498325e0,1.066789865e0,7.187088132e-1,9.582784176e-1,8.185288429e0,1.032943368e0
train,1994,C#CC12CC1(O)CCO2,7.091287136e0,3.151884079e-1,7.187088132e-1,9.582784176e-1,7.406475544e0,4.227533042e-1
train,1995,CC1(C2OCC2O)CC1,8.326683998e0,-2.151801586e-1,7.187088132e-1,9.582784176e-1,8.111503601e0,9.751338959e-1
train,1996,CCC1(O)CCC1(C)C,8.696758270e0,-1.343512833e-1,7.187088132e-1,9.582784176e-1,8.562406540e0,1.328410745e0
train,1997,OC1CC12C[NH2+][CH+]O2,7.066796780e0,2.723775208e-1,7.187088132e-1,9.582784176e-1,7.339174271e0,3.700236082e-1
train,1998,N#CC12CC3C(N1)C32O,6.824615955e0,7.899429649e-2,7.187088132e-1,9.582784176e-1,6.903610229e0,2.876464464e-2
train,1999,OC1CC2CC3CC2C13,8.985198975e0,-1.992672443e0,7.187088132e-1,9.582784176e-1,6.992526531e0,9.842944890e-2
train,2000,CC1N2C(=O)C3C2C31C,6.617809296e0,-2.474717796e-1,7.187088132e-1,9.582784176e-1,6.370337486e0,-3.890478611e-1
train,2001,CCCC1(O)CCOC1,8.628729820e0,-2.675872743e-1,7.187088132e-1,9.582784176e-1,8.361142159e0,1.170722604e0
train,2002,Nc1nc(N)c(CO)o1,5.711669922e0,9.467660785e-1,7.187088132e-1,9.582784176e-1,6.658435822e0,-1.633264273e-1
train,2003,C#CC(C)(O)C1CC1,8.133483887e0,-3.120833874e0,2.156126499e0,2.874835253e0,5.012650013e0,-1.452778935e0
train,2004,OC12C[NH+](CC3OC31)C2,7.760687351e0,-2.854979932e-1,7.187088132e-1,9.582784176e-1,7.475189209e0,4.765895903e-1
train,2005,CC1NC2(CO)COC12,7.322584152e0,-4.064514339e-1,7.187088132e-1,9.582784176e-1,6.916132927e0,3.857602179e-2
train,2006,C#CC#CC(CO)OC,6.021879673e0,2.492182702e-1,7.187088132e-1,9.582784176e-1,6.271098137e0,-4.668006301e-1
train,2007,C1CC2CCC(O1)O2,8.892680168e0,-7.495443523e-2,7.187088132e-1,9.582784176e-1,8.817726135e0,1.528450370e0
train,2008,COc1nnn(C)c1C,5.921197414e0,1.681519598e-1,7.187088132e-1,9.582784176e-1,6.089349270e0,-6.091985703e-1
train,2009,OC1C2(O)C3CC2C13O,8.019195557e0,7.332875729e-1,7.187088132e-1,9.582784176e-1,8.752483368e0,1.477333546e0
train,2010,O=C1CC2COC(=O)C12,5.880380630e0,-3.578366339e-1,7.187088132e-1,9.582784176e-1,5.522543907e0,-1.053283453e0
train,2011,CC1N=COCC1C#N,7.308978081e0,3.344220296e-2,7.187088132e-1,9.582784176e-1,7.342420101e0,3.725666702e-1
train,2012,N#CC#Cc1cn[nH]c1,5.336152554e0,6.053094268e-1,7.187088132e-1,9.582784176e-1,5.941462040e0,-7.250663638e-1
train,2013,C[NH+]1Cc2nonc2C1,5.134788513e0,-6.476983428e-1,7.187088132e-1,9.582784176e-1,4.487090111e0,-1.864548445e0
train,2014,CC(O)COCC1CN1,8.718527794e0,1.303938150e0,7.187088132e-1,9.582784176e-1,1.002246571e1,2.472348690e0
train,2015,N#CCCNCC1CO1,7.597418785e0,-1.764165759e-1,7.187088132e-1,9.582784176e-1,7.421002388e0,4.341349006e-1
train,2016,CC1[NH2+]CC(CC#N)O1,7.455919266e0,-9.238795638e-1,7.187088132e-1,9.582784176e-1,6.532039642e0,-2.623562515e-1
train,2017,COC1(C2CO2)CC1O,8.348453522e0,2.074828893e-1,7.187088132e-1,9.582784176e-1,8.555936813e0,1.323341727e0
train,2018,CNc1oncc1CO,5.910312653e0,2.313739806e-1,7.187088132e-1,9.582784176e-1,6.141686440e0,-5.681930780e-1
train,2019,CCC1=CCCC12CN2,6.394675732e0,-5.113420486e-1,7.187088132e-1,9.582784176e-1,5.883333683e0,-7.706092000e-1
train,2020,[H]N=CN1C(C)C(O)C1[NH-],5.967456818e0,2.909410559e-2,7.187088132e-1,9.582784176e-1,5.996551037e0,-6.819048524e-1
train,2021,N#CC12CCC(N1)C2O,7.216459274e0,-6.936149597e-1,7.187088132e-1,9.582784176e-1,6.522844315e0,-2.695606649e-1
train,2022,CCC(=O)C(C)(C)O,6.280387878e0,1.573194861e0,7.187088132e-1,9.582784176e-1,7.853582859e0,7.730562687e-1
train,2023,CC1C(=O)C2NC12CO,5.899428368e0,1.941951923e-3,7.187088132e-1,9.582784176e-1,5.901370525e0,-7.564775944e-1
train,2024,C#CC1(O)CC1NC=O,7.036864281e0,-9.750612825e-2,7.187088132e-1,9.582784176e-1,6.939358234e0,5.677275732e-2
train,2025,COC1CCC2(CC2)O1,8.805603981e0,-6.708806157e-1,7.187088132e-1,9.582784176e-1,8.134723663e0,9.933265448e-1
train,2026,C[NH+]1C(CO)C1C1CC1,7.823273182e0,1.229188919e0,7.187088132e-1,9.582784176e-1,9.052461624e0,1.712362766e0
train,2027,C#CCC(O)C(C)=NO,6.843663692e0,-5.027384758e-1,7.187088132e-1,9.582784176e-1,6.340925217e0,-4.120920002e-1
train,2028,Nc1ocnc1CCO,5.956572056e0,-7.524880767e-1,7.187088132e-1,9.582784176e-1,5.204083920e0,-1.302792907e0
train,2029,C#Cc1c[nH]c(O)c1C,5.545680046e0,4.902654588e-1,7.187088132e-1,9.582784176e-1,6.035945415e0,-6.510398388e-1
train,2030,CC1CC12OCC2O,7.815110207e0,1.422524899e-1,7.187088132e-1,9.582784176e-1,7.957362652e0,8.543664217e-1
train,2031,CC12OC1CC2C1CC1,8.941660881e0,-3.192011416e-1,7.187088132e-1,9.582784176e-1,8.622459412e0,1.375461340e0
train,2032,C#CCC(C)OC,8.372943878e0,-1.119222283e0,7.187088132e-1,9.582784176e-1,7.253721714e0,3.030726016e-1
train,2033,CC1[NH+]2CC3OC1(C)C32,7.608303070e0,-1.599886656e0,2.156126499e0,2.874835253e0,6.008416176e0,-6.726086736e-1
train,2034,CC12COC([NH-])C1(O)C2,7.083124161e0,2.085680068e-1,7.187088132e-1,9.582784176e-1,7.291692257e0,3.328220248e-1
train,2035,O=CNC(=O)C1CN1,5.959293365e0,-1.216012910e-1,7.187088132e-1,9.582784176e-1,5.837692261e0,-8.063687086e-1
train,2036,O=C1OC2CC3C(O1)C23,8.547096252e0,-7.689518929e-1,7.187088132e-1,9.582784176e-1,7.778144360e0,7.139511704e-1
train,2037,CC1(C)OC(=O)N2CC21,7.899465561e0,3.972308338e-1,7.187088132e-1,9.582784176e-1,8.296696663e0,1.120230317e0
train,2038,CCC12C3CC1C1C3[NH+]12,8.389269829e0,-5.811752677e-1,7.187088132e-1,9.582784176e-1,7.808094501e0,7.374166846e-1
train,2039,CC1CC2C1C2C1CC1,8.998806000e0,-4.973812699e-1,7.187088132e-1,9.582784176e-1,8.501424789e0,1.280632257e0
train,2040,C#CC1CC(O)C12CC2,8.209674835e0,-1.077966094e-1,7.187088132e-1,9.582784176e-1,8.101878166e0,9.675925374e-1
train,2041,C[NH2+][CH+]OCC(C)C=O,5.983783722e0,-5.286321044e-1,7.187088132e-1,9.582784176e-1,5.455151558e0,-1.106084466e0
train,2042,CCC#CC(C)(O)CC,7.951167107e0,-8.827713877e-2,2.156126499e0,2.874835253e0,7.862889767e0,7.803481221e-1
train,2043,OC12CCOC3C1CC32,8.571586609e0,-1.406379223e0,7.187088132e-1,9.582784176e-1,7.165207386e0,2.337227315e-1
train,2044,CCC12CC1NC(=O)O2,8.119877815e0,-6.594530493e-2,7.187088132e-1,9.582784176e-1,8.053932190e0,9.300274253e-1
train,2045,C1OCC1[NH+]1CC1,8.470904350e0,-1.113008782e-1,7.187088132e-1,9.582784176e-1,8.359603882e0,1.169517398e0
train,2046,OC1(C2CCO2)COC1,8.489952087e0,9.770224690e-1,7.187088132e-1,9.582784176e-1,9.466974258e0,2.037128210e0
train,2047,Cc1cnn2c1C=CC2,5.023221493e0,1.628621578e0,7.187088132e-1,9.582784176e-1,6.651843071e0,-1.684917659e-1
train,2048,Cc1nc2c(o1)NCC2,5.597382069e0,6.249772310e-1,2.156126499e0,2.874835253e0,6.222359180e0,-5.049870014e-1
train,2049,CC1(C)CC2(C)CC12C,8.509000778e0,-1.208719388e-1,7.187088132e-1,9.582784176e-1,8.388129234e0,1.191866636e0
train,2050,COC1CC12CC([NH-])O2,7.191968918e0,1.021029726e-1,7.187088132e-1,9.582784176e-1,7.294071674e0,3.346862793e-1
train,2051,CCc1nccc(F)n1,6.087186813e0,-1.094354033e0,7.187088132e-1,9.582784176e-1,4.992832661e0,-1.468305588e0
train,2052,N#CC12CCC1(CO)N2,7.488573551e0,1.116382122e0,7.187088132e-1,9.582784176e-1,8.604955673e0,1.361747384e0
train,2053,C#CC1OC2CCC=C12,6.590597630e0,6.594121456e-2,7.187088132e-1,9.582784176e-1,6.656538963e0,-1.648125947e-1
train,2054,C#CC1CC(CCO)O1,7.548438072e0,1.694714546e0,7.187088132e-1,9.582784176e-1,9.243152618e0,1.861766696e0
train,2055,CN1CCCN(C)C1=O,7.581092358e0,6.144633889e-1,2.156126499e0,2.874835253e0,8.195555687e0,1.040987730e0
train,2056,CCC[NH+]1C2C3OC3C21,7.153872967e0,-1.096645296e-1,7.187088132e-1,9.582784176e-1,7.044208527e0,1.389216483e-1
train,2057,C#Cc1ncc(C)cn1,5.474930763e0,4.064834416e-1,7.187088132e-1,9.582784176e-1,5.881414413e0,-7.721129060e-1
train,2058,O=CNC1CC2OCC12,7.523947716e0,-4.393778741e-1,7.187088132e-1,9.582784176e-1,7.084569931e0,1.705442965e-1
train,2059,CC1=CCC2(CO2)C1C,7.129383087e0,-3.029291332e-2,7.187088132e-1,9.582784176e-1,7.099090099e0,1.819206625e-1
train,2060,Cc1nc2c([nH]1)CC=C2,5.191932201e0,-2.106410503e0,2.156126499e0,2.874835253e0,3.085521698e0,-2.962659836e0
train,2061,CC1C(N)=CC(=O)N1C,5.845005512e0,-6.307111979e-1,7.187088132e-1,9.582784176e-1,5.214294434e0,-1.294793010e0
train,2062,CCC(C=O)N(C)C=O,5.589218616e0,-5.000787377e-1,7.187088132e-1,9.582784176e-1,5.089139938e0,-1.392850041e0
train,2063,CC1(O)C2C[NH+]3C1C23C,8.147089005e0,1.220596313e0,7.187088132e-1,9.582784176e-1,9.367685318e0,1.959336519e0
train,2064,CC1Cn2nccc2O1,6.710327625e0,4.038007855e-1,7.187088132e-1,9.582784176e-1,7.114128590e0,1.937031299e-1
train,2065,CC1COCCC([NH-])O1,7.534832478e0,-8.575237393e-1,7.187088132e-1,9.582784176e-1,6.677308559e0,-1.485398710e-1
train,2066,O=c1ccc(=O)onn1,4.206880093e0,-6.534997821e-1,7.187088132e-1,9.582784176e-1,3.553380251e0,-2.596098423e0
train,2067,C#CC1CNC(=O)N1,7.586534500e0,1.304660320e0,7.187088132e-1,9.582784176e-1,8.891195297e0,1.586012602e0
train,2068,CCC1=CC2(O)CC1C2,6.397397041e0,6.574225426e-2,7.187088132e-1,9.582784176e-1,6.463139534e0,-3.163385987e-1
train,2069,C1C[NH+]2C1C1C2C2C[NH+]21,7.442313671e0,2.674199045e-1,7.187088132e-1,9.582784176e-1,7.709733486e0,6.603521109e-1
train,2070,COCC1CCC(C)C1,8.990641594e0,4.126666784e-1,7.187088132e-1,9.582784176e-1,9.403307915e0,1.987246394e0
train,2071,C1=CC2(OC1)C1CC2C1,6.421886921e0,2.636834979e-1,7.187088132e-1,9.582784176e-1,6.685570240e0,-1.420669407e-1
train,2072,C#CC1OC([NH-])C1(C)O,7.442313671e0,-1.589911103e0,7.187088132e-1,9.582784176e-1,5.852402687e0,-7.948432565e-1
train,2073,CC1C(C)(C)C1(O)C=O,5.760650635e0,5.338503718e-1,7.187088132e-1,9.582784176e-1,6.294500828e0,-4.484649301e-1
train,2074,CC([NH-])OC(N)=O,7.200132847e0,7.468826771e-1,7.187088132e-1,9.582784176e-1,7.947015762e0,8.462597728e-1
train,2075,Cc1occ(N)c1N,6.084465981e0,-1.978567392e-1,7.187088132e-1,9.582784176e-1,5.886609077e0,-7.680429816e-1
train,2076,Nc1oncc1OC=O,5.842284679e0,-3.141522110e-1,7.187088132e-1,9.582784176e-1,5.528132439e0,-1.048904896e0
train,2077,CC12CCC(C#N)(C1)O2,7.431428909e0,6.381354332e-1,7.187088132e-1,9.582784176e-1,8.069564819e0,9.422754049e-1
train,2078,COC(C)C(C)O,8.838258743e0,1.078442216e0,7.187088132e-1,9.582784176e-1,9.916701317e0,2.389483690e0
train,2079,CC1=CC2CC(C=C1)O2,4.770155907e0,-2.693348750e-2,7.187088132e-1,9.582784176e-1,4.743222237e0,-1.663872242e0
train,2080,CC1C(=O)CC1C=O,6.040927887e0,6.031946540e-1,7.187088132e-1,9.582784176e-1,6.644122601e0,-1.745406538e-1
train,2081,CC(O)CC1NC1CO,8.313077927e0,2.634890079e-1,7.187088132e-1,9.582784176e-1,8.576566696e0,1.339504957e0
train,2082,C#CC1CC2(C1)CC2C,8.201511383e0,-4.350278974e-1,7.187088132e-1,9.582784176e-1,7.766483307e0,7.048148513e-1
train,2083,Nc1noc(CC=O)n1,5.529353619e0,-7.994279861e-1,7.187088132e-1,9.582784176e-1,4.729925632e0,-1.674289942e0
train,2084,COC1CC(CO)CO1,9.083160400e0,-9.437842369e-1,7.187088132e-1,9.582784176e-1,8.139375687e0,9.969713688e-1
train,2085,CC(=O)C1CC(=O)N1,6.032763958e0,2.160799265e0,2.156126499e0,2.874835253e0,8.193563461e0,1.039426804e0
train,2086,CNC1CCNC1C#N,7.058633804e0,-1.014031053e0,7.187088132e-1,9.582784176e-1,6.044602871e0,-6.442568302e-1
train,2087,N#CC1=CC2OC1C2O,5.483094215e0,4.854416847e-1,7.187088132e-1,9.582784176e-1,5.968535900e0,-7.038543224e-1
train,2088,CC12C3C4CC([NH+]41)C32O,7.670889378e0,2.705977261e-1,7.187088132e-1,9.582784176e-1,7.941487312e0,8.419283032e-1
train,2089,C#CC12CCC(O)(C1)C2,8.079060555e0,2.513092041e0,2.156126499e0,2.874835253e0,1.059215260e1,2.918691158e0
train,2090,CC(=O)C1([NH+]2CC2)CC1,6.030043125e0,5.528081656e-1,7.187088132e-1,9.582784176e-1,6.582851410e0,-2.225458622e-1
train,2091,C1C[NH+]2C1C1C3NC3C12,7.115777493e0,-4.172750711e-1,7.187088132e-1,9.582784176e-1,6.698502541e0,-1.319346577e-1
train,2092,O=C1CCC2NC2C1=O,4.576955318e0,-3.778827488e-1,7.187088132e-1,9.582784176e-1,4.199072361e0,-2.090206861e0
train,2093,CC12C(=O)C3C=CC1[NH+]32,5.197374821e0,-8.286942244e-1,7.187088132e-1,9.582784176e-1,4.368680477e0,-1.957320929e0
train,2094,CCC12CC3(O)C[NH+]1C32,7.972936153e0,2.424565107e-1,7.187088132e-1,9.582784176e-1,8.215393066e0,1.056529999e0
train,2095,N#CCC1C[NH+]2CC12,7.613745689e0,7.866706848e-1,7.187088132e-1,9.582784176e-1,8.400416374e0,1.201493502e0
train,2096,O=CC1OC12C1CC2N1,5.679016113e0,9.408761263e-1,7.187088132e-1,9.582784176e-1,6.619892120e0,-1.935249269e-1
train,2097,CCC(CO)C(C)C=O,6.217801571e0,-5.290072560e-1,7.187088132e-1,9.582784176e-1,5.688794136e0,-9.230285287e-1
train,2098,CC1C(O)C2COCC12,8.473625183e0,-1.417641789e-1,7.187088132e-1,9.582784176e-1,8.331860542e0,1.147780776e0
train,2099,O=CNC1C2CC1C2=O,6.476309776e0,-1.062892079e0,7.187088132e-1,9.582784176e-1,5.413417816e0,-1.138782382e0
train,2100,OC1(C2CO2)CC2OC21,8.394712448e0,-7.593129873e-1,7.187088132e-1,9.582784176e-1,7.635399342e0,6.021122336e-1
train,2101,CC1(C#N)CCC1O,8.332126617e0,-1.093383953e-1,7.187088132e-1,9.582784176e-1,8.222787857e0,1.062323689e0
train,2102,CCC1(OC)C2COC21,8.348453522e0,-6.665799618e-1,7.187088132e-1,9.582784176e-1,7.681873322e0,6.385239959e-1
train,2103,CC12CC1OCC21CC1,8.285867691e0,-2.714041233e0,2.156126499e0,2.874835253e0,5.571826458e0,-1.014671206e0
train,2104,CC1(O)C(=O)COC1=O,5.668131351e0,2.225770950e0,7.187088132e-1,9.582784176e-1,7.893902302e0,8.046460152e-1
train,2105,CC(CO)c1cocn1,6.628693581e0,-7.550082803e-1,7.187088132e-1,9.582784176e-1,5.873685360e0,-7.781685591e-1
train,2106,COC1(C#N)CNC1,6.990605354e0,-1.083884597e0,2.156126499e0,2.874835253e0,5.906720638e0,-7.522858381e-1
train,2107,COC(C)C1CC(=O)N1,7.660005569e0,7.734475136e-1,7.187088132e-1,9.582784176e-1,8.433452606e0,1.227376938e0
train,2108,CCCCC1CN1C=O,6.887201786e0,-2.366083860e-1,7.187088132e-1,9.582784176e-1,6.650593281e0,-1.694709510e-1
train,2109,CCCC#N,9.660041809e0,9.001479745e-1,7.187088132e-1,9.582784176e-1,1.056019020e1,2.893649101e0
train,2110,CC1(C)C2C3OC3(C)C21,8.740297318e0,1.222051501e0,7.187088132e-1,9.582784176e-1,9.962348938e0,2.425247908e0
train,2111,Cn1ccc(=O)cc1O,5.575613022e0,-5.283293724e-1,2.156126499e0,2.874835253e0,5.047283649e0,-1.425643921e0
train,2112,C[NH+]1C(C)(C)C1(C)C=O,5.624593258e0,-1.317540705e-1,7.187088132e-1,9.582784176e-1,5.492839336e0,-1.076556563e0
train,2113,O=C1C[NH+]2C3C1C1C3C12,5.230028629e0,1.098327875e0,7.187088132e-1,9.582784176e-1,6.328356743e0,-4.219392240e-1
train,2114,[H]N=CNc1ccon1,5.981062412e0,-7.326887846e-1,7.187088132e-1,9.582784176e-1,5.248373508e0,-1.268092513e0
train,2115,CC1C(O)C1(C)C=O,6.176984310e0,-1.440336585e0,7.187088132e-1,9.582784176e-1,4.736647606e0,-1.669023395e0
train,2116,NC(=O)OCC1CCO1,8.343010902e0,1.244457841e0,7.187088132e-1,9.582784176e-1,9.587469101e0,2.131534338e0
train,2117,CC1NC2=CC(=O)CC21,5.616430283e0,-5.030601025e-1,7.187088132e-1,9.582784176e-1,5.113369942e0,-1.373866081e0
train,2118,COC(CO)CC(C)C,8.620567322e0,1.371009350e0,7.187088132e-1,9.582784176e-1,9.991577148e0,2.448148012e0
train,2119,[CH-]1CC23CC4C2C1C[NH+]43,4.465388775e0,-1.092366502e-2,7.187088132e-1,9.582784176e-1,4.454464912e0,-1.890109897e0
train,2120,N#CCc1ccon1,6.868154049e0,1.200532615e-1,7.187088132e-1,9.582784176e-1,6.988207340e0,9.504541755e-2
train,2121,O=C1CC2C(O)CCC12,5.874938488e0,-3.989056587e0,2.156126499e0,2.874835253e0,1.885881901e0,-3.902562380e0
train,2122,O=C1C=CC2C3NC3C12,4.917097569e0,5.276872516e-1,7.187088132e-1,9.582784176e-1,5.444784641e0,-1.114206910e0
train,2123,COC1(CO)CCC1O,8.261377335e0,4.893845916e-1,7.187088132e-1,9.582784176e-1,8.750761986e0,1.475984812e0
train,2124,C#CC1CCC(OC)O1,8.038243294e0,-2.036687374e0,7.187088132e-1,9.582784176e-1,6.001555920e0,-6.779835820e-1
train,2125,CC12CC3C=CC1C2O3,6.443655968e0,-1.070518732e0,7.187088132e-1,9.582784176e-1,5.373137474e0,-1.170341492e0
train,2126,CCn1cc(N)nn1,5.864053726e0,-1.238709331e0,7.187088132e-1,9.582784176e-1,4.625344276e0,-1.756228089e0
train,2127,OCCC12OC1C1NC12,7.581092358e0,-2.432911694e-1,7.187088132e-1,9.582784176e-1,7.337800980e0,3.689476550e-1
train,2128,C#CC12C[NH+](C)C1CO2,6.356579781e0,1.002004594e-1,7.187088132e-1,9.582784176e-1,6.456780434e0,-3.213208914e-1
train,2129,C#CC1C2OCCOC12,7.262719154e0,-9.773769975e-1,7.187088132e-1,9.582784176e-1,6.285342216e0,-4.556405842e-1
train,2130,OCC1CC=CCOC1,7.170200348e0,8.130311370e-1,7.187088132e-1,9.582784176e-1,7.983231544e0,8.746343851e-1
train,2131,CC12CC1C1(C#N)OC21,6.552501678e0,-1.486079097e-1,7.187088132e-1,9.582784176e-1,6.403893948e0,-3.627567887e-1
train,2132,O=C1OC2C[NH+]3CC3C12,6.726654530e0,-3.615565896e-1,7.187088132e-1,9.582784176e-1,6.365098000e0,-3.931529224e-1
train,2133,CC(O)C1(C)C(C)C1O,7.790619850e0,8.616280556e-1,7.187088132e-1,9.582784176e-1,8.652248383e0,1.398800611e0
train,2134,CN(C=O)C(=O)C1CN1,6.119840622e0,2.967194021e-1,7.187088132e-1,9.582784176e-1,6.416560173e0,-3.528329432e-1
train,2135,CCCCCC1COC1,8.721248627e0,-6.607794762e-1,7.187088132e-1,9.582784176e-1,8.060468674e0,9.351487160e-1
train,2136,CC1(C=O)CCC([NH-])O1,5.815073013e0,-2.162488401e-1,7.187088132e-1,9.582784176e-1,5.598824024e0,-9.935189486e-1
train,2137,O=CC1=CCC2NC12,5.061317921e0,-2.106199414e-1,7.187088132e-1,9.582784176e-1,4.850697994e0,-1.579666257e0
train,2138,NC(=O)CC#CC1CO1,6.908970833e0,9.385283589e-1,2.156126499e0,2.874835253e0,7.847499371e0,7.682899237e-1
train,2139,C#CC1C2CC3CC1[NH+]32,7.216459274e0,-8.549969643e-2,7.187088132e-1,9.582784176e-1,7.130959511e0,2.068899423e-1
train,2140,CCC12CC3C1C[NH+]32,8.699480057e0,-2.039187402e-1,7.187088132e-1,9.582784176e-1,8.495561600e0,1.276038527e0
train,2141,CC1C2C([NH-])OC12C,7.548438072e0,-1.781236939e-2,7.187088132e-1,9.582784176e-1,7.530625820e0,5.200234652e-1
train,2142,CC1C2C=CC=CCC12,5.246355057e0,1.954199910e0,2.156126499e0,2.874835253e0,7.200554848e0,2.614170313e-1
train,2143,CC(O)C1OC(=O)C1O,7.113056660e0,-6.000759080e-3,7.187088132e-1,9.582784176e-1,7.107055664e0,1.881615818e-1
train,2144,CC12CC1C1=CCCC12,6.541617393e0,3.591342568e-1,7.187088132e-1,9.582784176e-1,6.900751591e0,2.652493678e-2
train,2145,[NH-][CH+]OC1C=CCCO1,7.123940468e0,-2.300045341e-1,7.187088132e-1,9.582784176e-1,6.893936157e0,2.118512988e-2
train,2146,CNC1=CC(=O)OCC1,5.605545521e0,-1.717521399e-1,7.187088132e-1,9.582784176e-1,5.433793545e0,-1.122818232e0
train,2147,O=C1NCC(O)C2OC12,6.865432262e0,-1.423424035e-1,7.187088132e-1,9.582784176e-1,6.723089695e0,-1.126709282e-1
train,2148,COC1C2NCC21OC,7.747081757e0,2.960078418e-1,7.187088132e-1,9.582784176e-1,8.043089867e0,9.215326309e-1
train,2149,CC(C#N)c1cnco1,6.593318939e0,1.177231908e0,7.187088132e-1,9.582784176e-1,7.770550728e0,7.080016136e-1
train,2150,O=CCCC1NC1CO,6.176984310e0,-2.388000786e-1,7.187088132e-1,9.582784176e-1,5.938184261e0,-7.276344895e-1
train,2151,CCC12NC1CC2C=O,5.594660759e0,-1.346130013e0,7.187088132e-1,9.582784176e-1,4.248530865e0,-2.051456690e0
train,2152,O=CC12CC[NH+]3CC1C32,5.711669922e0,-3.830803558e-2,7.187088132e-1,9.582784176e-1,5.673361778e0,-9.351195693e-1
train,2153,CC(O)C(C)C(O)C#N,8.223280907e0,-7.693367600e-1,2.156126499e0,2.874835253e0,7.453944206e0,4.599443972e-1
train,2154,NC1[NH2+]C2C(=O)CC2O1,5.298057079e0,5.721193552e-2,7.187088132e-1,9.582784176e-1,5.355268955e0,-1.184341311e0
train,2155,O=CC1C[NH2+][CH+]N1C=O,5.502141953e0,-2.567610443e-1,7.187088132e-1,9.582784176e-1,5.245380878e0,-1.270437241e0
train,2156,CC1C2CC3COC31C2,8.634172440e0,-1.087775469e0,7.187088132e-1,9.582784176e-1,7.546397209e0,5.323801637e-1
train,2157,C#CC(C)C(=O)C1CO1,5.760650635e0,1.495291442e-1,7.187088132e-1,9.582784176e-1,5.910179615e0,-7.495757341e-1
train,2158,[NH-]C1=C([NH-])OCC([NH-])N1,5.368806362e0,-7.855284810e-1,7.187088132e-1,9.582784176e-1,4.583277702e0,-1.789186716e0
train,2159,c1ncc2conc2n1,4.644983292e0,3.729961514e-1,7.187088132e-1,9.582784176e-1,5.017979622e0,-1.448603272e0
train,2160,C#CC(CC)NC(N)=O,7.747081757e0,-4.977114201e-1,7.187088132e-1,9.582784176e-1,7.249370575e0,2.996635437e-1
train,2161,OC12CC3CC1C32O,8.065455437e0,1.732150078e0,2.156126499e0,2.874835253e0,9.797605515e0,2.296173573e0
train,2162,CC12C3CC(=O)N1C2C3,6.459982872e0,6.005216837e-1,7.187088132e-1,9.582784176e-1,7.060504436e0,1.516892910e-1
train,2163,C#CCC12CC1C1CC12,7.118498325e0,-1.624122262e-1,7.187088132e-1,9.582784176e-1,6.956086159e0,6.987887621e-2
train,2164,CC#CC1(C)CCC1,8.038243294e0,-3.884705305e-1,7.187088132e-1,9.582784176e-1,7.649772644e0,6.133735180e-1
train,2165,N#CC12C3CC[NH+]1CC32,6.996047020e0,5.757279992e-1,7.187088132e-1,9.582784176e-1,7.571774960e0,5.522633195e-1
train,2166,CCC(=O)C1CC1OC,6.351137638e0,-7.365613580e-1,7.187088132e-1,9.582784176e-1,5.614576340e0,-9.811772108e-1
train,2167,C[NH2+]C1NC2CC2C1=O,5.009616375e0,-2.007079124e-1,7.187088132e-1,9.582784176e-1,4.808908463e0,-1.612407923e0
train,2168,O=C1CCCCC2CN12,6.791961670e0,-1.463346481e-1,7.187088132e-1,9.582784176e-1,6.645627022e0,-1.733619571e-1
train,2169,CC1(C)CC1(C=O)CO,6.079023361e0,8.144851029e-2,7.187088132e-1,9.582784176e-1,6.160471916e0,-5.534749031e-1
train,2170,[NH-]C1C=COC(=O)O1,5.864053726e0,-2.283466578e0,7.187088132e-1,9.582784176e-1,3.580587149e0,-2.574782133e0
train,2171,CNc1nc(N)c(O)o1,5.850448132e0,1.630383730e-1,7.187088132e-1,9.582784176e-1,6.013486385e0,-6.686362028e-1
train,2172,CC1C=CC(C#N)CO1,7.151152611e0,4.507463276e-1,7.187088132e-1,9.582784176e-1,7.601899147e0,5.758652091e-1
train,2173,CCc1cc(O)c(C)[nH]1,5.978341103e0,-6.649970412e-1,2.156126499e0,2.874835253e0,5.313344002e0,-1.217188954e0
train,2174,CC1C2C=CC1C2O,6.544338226e0,5.342114568e-1,7.187088132e-1,9.582784176e-1,7.078549862e0,1.658276469e-1
train,2175,O=C1CNC12CC1CC12,5.591939926e0,6.784060597e-1,7.187088132e-1,9.582784176e-1,6.270346165e0,-4.673897922e-1
train,2176,Nc1c[nH]c(=O)c(F)n1,4.002794743e0,-3.259428218e-2,7.187088132e-1,9.582784176e-1,3.970200539e0,-2.269525051e0
train,2177,C#CC(O)C1COC1C,7.284487724e0,3.027543128e-1,7.187088132e-1,9.582784176e-1,7.587242126e0,5.643816590e-1
train,2178,CCC1C(C)OC1[NH-],7.858648300e0,-3.702881038e-1,7.187088132e-1,9.582784176e-1,7.488360405e0,4.869090617e-1
train,2179,CC(=O)C1CCC1O,6.062696934e0,4.709132314e-1,7.187088132e-1,9.582784176e-1,6.533610344e0,-2.611256242e-1
train,2180,C[NH+](C)C(C)(C#N)CO,6.919855118e0,-1.262032688e-1,2.156126499e0,2.874835253e0,6.793652058e0,-5.738620088e-2
train,2181,NC1=CC(=O)CNC1,5.268124104e0,-7.418574691e-1,7.187088132e-1,9.582784176e-1,4.526266575e0,-1.833854198e0
train,2182,CC1C(=O)CC2C(O)C12,6.209638119e0,1.779334784e0,7.187088132e-1,9.582784176e-1,7.988972664e0,8.791324496e-1
train,2183,O=C1C2C3[NH+]2CC13O,6.204195976e0,4.823544621e-1,7.187088132e-1,9.582784176e-1,6.686550617e0,-1.412988305e-1
train,2184,CC#CC(C)C(C)O,8.040965080e0,1.431078166e-1,7.187088132e-1,9.582784176e-1,8.184072495e0,1.031990767e0
train,2185,[NH-]C1CC23CCC2(C3)O1,7.012373924e0,-3.823773861e-1,7.187088132e-1,9.582784176e-1,6.629996300e0,-1.856084317e-1
train,2186,OC12C=CC3CC1CC32,6.751144886e0,-7.263498902e-1,7.187088132e-1,9.582784176e-1,6.024795055e0,-6.597759724e-1
train,2187,N#CC1COCCOC1,8.236886978e0,6.889985800e-1,7.187088132e-1,9.582784176e-1,8.925885201e0,1.613191724e0
train,2188,C#CC(O)C1CC2C[NH+]21,7.140267849e0,-5.788837075e-1,2.156126499e0,2.874835253e0,6.561384201e0,-2.393651456e-1
train,2189,CCCNC(=O)C=O,4.819136620e0,-6.902961731e-1,2.156126499e0,2.874835253e0,4.128840446e0,-2.145232677e0
train,2190,[NH-]c1n[cH+]ccc(N)n1,4.318447113e0,-2.686778605e-1,7.187088132e-1,9.582784176e-1,4.049769402e0,-2.207183838e0
train,2191,CCC1(OC)COC1[NH-],7.572928429e0,1.797965527e0,2.156126499e0,2.874835253e0,9.370893478e0,1.961850047e0
train,2192,C#CC1COC1,7.910349369e0,-4.436191320e-1,7.187088132e-1,9.582784176e-1,7.466730118e0,4.699620008e-1
train,2193,COCC(O)CC(C)O,8.928055763e0,-1.950664259e-2,7.187088132e-1,9.582784176e-1,8.908549309e0,1.599609256e0
train,2194,O=Cc1ncoc1CO,5.330710411e0,-7.523356378e-2,7.187088132e-1,9.582784176e-1,5.255476952e0,-1.262527108e0
train,2195,COC1C2CC(C)CC21,8.590634346e0,1.369500160e-2,7.187088132e-1,9.582784176e-1,8.604329109e0,1.361256480e0
train,2196,C[NH2+]C1ON=COC1=O,5.420508385e0,-9.773266315e-1,7.187088132e-1,9.582784176e-1,4.443181992e0,-1.898949981e0
train,2197,CC1C(=O)CNC1C#N,6.010994911e0,-4.185440242e-1,7.187088132e-1,9.582784176e-1,5.592451096e0,-9.985120893e-1
train,2198,CCOc1ncon1,6.715770245e0,-6.817272305e-1,7.187088132e-1,9.582784176e-1,6.034042835e0,-6.525304914e-1
train,2199,C#CCC1(CC)CC1,8.492672920e0,1.982556283e-1,7.187088132e-1,9.582784176e-1,8.690928459e0,1.429105997e0
train,2200,CC(O)C1NC1(C)C=O,6.019158840e0,-4.733046889e-1,7.187088132e-1,9.582784176e-1,5.545854092e0,-1.035020232e0
train,2201,CC(O)c1cc(N)co1,5.899428368e0,3.478565216e-1,7.187088132e-1,9.582784176e-1,6.247284889e0,-4.854580164e-1
train,2202,CC[NH2+]C1ON=NO1,5.589218616e0,1.654272676e-1,7.187088132e-1,9.582784176e-1,5.754645824e0,-8.714345098e-1
train,2203,OCCc1cncnc1,5.711669922e0,-1.028973684e-1,7.187088132e-1,9.582784176e-1,5.608772755e0,-9.857242703e-1
train,2204,CC1C2CC3(O)C1CC23,8.699480057e0,3.781171888e-2,7.187088132e-1,9.582784176e-1,8.737291336e0,1.465430737e0
train,2205,N#CC1=CCOCCC1,5.962014675e0,1.246170327e-2,7.187088132e-1,9.582784176e-1,5.974476337e0,-6.992000937e-1
train,2206,CC1=C(NO)COC[CH-]1,5.390575409e0,-4.599843919e-1,7.187088132e-1,9.582784176e-1,4.930591106e0,-1.517071009e0
train,2207,CC(CCO)NC=O,7.657283783e0,9.263050556e-2,7.187088132e-1,9.582784176e-1,7.749914169e0,6.918331385e-1
train,2208,CC#CC(=O)C(C)=O,4.152457714e0,8.549389839e-1,7.187088132e-1,9.582784176e-1,5.007396698e0,-1.456894875e0
train,2209,CC1OC12CC1NC1C2,8.500837326e0,-2.459969819e-1,7.187088132e-1,9.582784176e-1,8.254839897e0,1.087436080e0
train,2210,CCCC1C2OCC12C,8.283145905e0,-6.030915976e-1,7.187088132e-1,9.582784176e-1,7.680054188e0,6.370987296e-1
train,2211,C[NH2+]C1CC=CN1C=O,5.532074928e0,7.173940539e-1,7.187088132e-1,9.582784176e-1,6.249468803e0,-4.837469459e-1
train,2212,O=C1CNCCC12CN2,5.268124104e0,-2.845949829e-1,7.187088132e-1,9.582784176e-1,4.983529091e0,-1.475594759e0
train,2213,O=CCc1cnccn1,5.132067680e0,-1.816078424e-1,7.187088132e-1,9.582784176e-1,4.950459957e0,-1.501504064e0
train,2214,O=CC1CCC1O,6.141610146e0,-7.218464017e-1,7.187088132e-1,9.582784176e-1,5.419763565e0,-1.133810520e0
train,2215,Cc1coc(C)c1O,6.076302528e0,-9.590467215e-1,7.187088132e-1,9.582784176e-1,5.117255688e0,-1.370821714e0
train,2216,CC1C(C)C(C)(O)C1C,8.383827209e0,2.218383998e-1,7.187088132e-1,9.582784176e-1,8.605665207e0,1.362303376e0
train,2217,COc1nc(N)c(N)[nH]1,6.283109188e0,-9.104725122e-1,7.187088132e-1,9.582784176e-1,5.372636795e0,-1.170733809e0
train,2218,Cc1c(C#N)c[nH]c1O,5.548401356e0,-1.387804598e-1,7.187088132e-1,9.582784176e-1,5.409620762e0,-1.141757369e0
train,2219,Cc1cc(O)c(C)n1C,5.964735985e0,2.163470984e-1,7.187088132e-1,9.582784176e-1,6.181083202e0,-5.373262167e-1
train,2220,COC1CC2C(=O)OC12,7.458641052e0,1.355185211e-1,7.187088132e-1,9.582784176e-1,7.594159603e0,5.698013902e-1
train,2221,CCC1(C=O)NC1CO,6.163379192e0,-1.445029676e-1,7.187088132e-1,9.582784176e-1,6.018876076e0,-6.644134521e-1
train,2222,C#CC1C=CC2(CC2)C1,6.680395126e0,-2.299840748e-1,7.187088132e-1,9.582784176e-1,6.450410843e0,-3.263113797e-1
train,2223,COC(C)CNC=O,7.711706638e0,1.214733601e0,2.156126499e0,2.874835253e0,8.926440239e0,1.613626480e0
train,2224,Cn1ncn(C=O)c1=O,5.243634224e0,7.250326276e-1,7.187088132e-1,9.582784176e-1,5.968667030e0,-7.037516236e-1
train,2225,[NH-]C1NC2COC12C=O,5.540238380e0,1.211893439e0,7.187088132e-1,9.582784176e-1,6.752131939e0,-8.991669118e-2
train,2226,CCC1CC=CCC1,7.289929867e0,4.719644785e-1,7.187088132e-1,9.582784176e-1,7.761894226e0,7.012193799e-1
train,2227,O=c1cccc(F)o1,4.873559475e0,-9.495574236e-1,7.187088132e-1,9.582784176e-1,3.924002171e0,-2.305720806e0
train,2228,CC12CC1C1(O)COC21,7.940282345e0,-7.321718931e-1,7.187088132e-1,9.582784176e-1,7.208110332e0,2.673366368e-1
train,2229,C#CC1CC2(CC2)C1O,7.915791988e0,-4.047027111e0,2.156126499e0,2.874835253e0,3.868764877e0,-2.348998547e0
train,2230,CC1CC2C1N2C=O,6.645020485e0,-5.563387871e-1,7.187088132e-1,9.582784176e-1,6.088681698e0,-6.097216010e-1
train,2231,CC1(CO)CC1OC=O,7.366122246e0,-1.576344520e-1,7.187088132e-1,9.582784176e-1,7.208487988e0,2.676325440e-1
train,2232,C#CC(C#C)(C#N)OC,7.050469875e0,6.154893041e-1,7.187088132e-1,9.582784176e-1,7.665959358e0,6.260555983e-1
train,2233,C#CC1NC(=O)C1O,7.265439510e0,9.125314355e-1,7.187088132e-1,9.582784176e-1,8.177970886e0,1.027210236e0
train,2234,C#CC1NC1CC#CC,7.379727840e0,-7.057815790e-1,7.187088132e-1,9.582784176e-1,6.673946381e0,-1.511740983e-1
train,2235,CC1(COC(N)=O)CO1,8.626008987e0,-6.323291454e-3,7.187088132e-1,9.582784176e-1,8.619686127e0,1.373288512e0
train,2236,CC(O)C(=O)CC1CO1,6.299435616e0,-3.255382478e-1,7.187088132e-1,9.582784176e-1,5.973897457e0,-6.996536255e-1
train,2237,CC1C(C)C1OCCO,8.364779472e0,-1.386153698e-1,7.187088132e-1,9.582784176e-1,8.226163864e0,1.064968824e0
train,2238,C#CC1(O)CNC1=O,6.726654530e0,-1.440357924e0,7.187088132e-1,9.582784176e-1,5.286296844e0,-1.238380075e0
train,2239,CC12C3CC1(C#N)NC32,6.862711906e0,-4.679195881e0,2.156126499e0,2.874835253e0,2.183516026e0,-3.669369936e0
train,2240,CC12CNC1(C#N)C2,6.476309776e0,-1.537476063e0,7.187088132e-1,9.582784176e-1,4.938833714e0,-1.510613084e0
train,2241,C1=CCC2(C1)CC=CC2,7.091287136e0,4.505069554e-1,7.187088132e-1,9.582784176e-1,7.541794300e0,5.287738442e-1
train,2242,NC(=O)N1CCCC1,7.902186394e0,-3.335329592e-1,7.187088132e-1,9.582784176e-1,7.568653584e0,5.498177409e-1
train,2243,C#CC(=O)c1ccc[nH]1,4.508926868e0,-7.358613610e-1,7.187088132e-1,9.582784176e-1,3.773065567e0,-2.423977852e0
train,2244,O=C1CC(C#CCO)O1,7.491294384e0,-6.960831881e-1,7.187088132e-1,9.582784176e-1,6.795211315e0,-5.616454408e-2
train,2245,Fc1ccccc1F,6.329368591e0,8.510493636e-1,7.187088132e-1,9.582784176e-1,7.180418015e0,2.456400692e-1
train,2246,CC(=O)C1NC1C(C)=O,5.578333855e0,-3.751795888e-1,7.187088132e-1,9.582784176e-1,5.203154087e0,-1.303521395e0
train,2247,CC#CC1OCCC1C,7.864090443e0,-4.638000727e-1,7.187088132e-1,9.582784176e-1,7.400290489e0,4.179073870e-1
train,2248,CC(CC=O)C[NH+]1CC1,5.997389793e0,-2.311312914e0,7.187088132e-1,9.582784176e-1,3.686076880e0,-2.492132187e0
train,2249,CC1(C)CN(C=O)C1[NH-],6.236849785e0,-1.290193439e0,7.187088132e-1,9.582784176e-1,4.946656227e0,-1.504484177e0
train,2250,O=C1C2CC3OCC13O2,6.223243713e0,1.083148599e0,7.187088132e-1,9.582784176e-1,7.306392193e0,3.443392515e-1
train,2251,Cc1cnc2onnn12,4.772877216e0,-9.893211722e-2,7.187088132e-1,9.582784176e-1,4.673944950e0,-1.718150139e0
train,2252,CCC12NC1C(C)C2=O,5.872217178e0,-1.978361964e0,2.156126499e0,2.874835253e0,3.893855095e0,-2.329340696e0
train,2253,C1=CCC(=C2CCC2)C1,6.427329540e0,-9.927238226e-1,7.187088132e-1,9.582784176e-1,5.434605598e0,-1.122182012e0
train,2254,C[NH2+]C1[NH+](C)C2CC21O,6.054533005e0,-2.242863894e0,2.156126499e0,2.874835253e0,3.811669111e0,-2.393732309e0
train,2255,CCOC([NH-])CO,8.081781387e0,-1.381043345e-1,7.187088132e-1,9.582784176e-1,7.943676949e0,8.436438441e-1
train,2256,C[NH2+]C1OCC1C1CO1,7.526669502e0,-2.081612824e-3,7.187088132e-1,9.582784176e-1,7.524588108e0,5.152930021e-1
train,2257,CC1=CCC=CC2CC12,6.299435616e0,-2.812556922e-1,7.187088132e-1,9.582784176e-1,6.018179893e0,-6.649588943e-1
train,2258,CC(C#N)C1CCCC1,9.461399078e0,5.704120398e-1,7.187088132e-1,9.582784176e-1,1.003181076e1,2.479670525e0
train,2259,CCC1C2C3COC3C12,8.432807922e0,-1.406582117e0,2.156126499e0,2.874835253e0,7.026226044e0,1.248325929e-1
train,2260,CC1(O)C(O)C1(O)C#N,6.976998806e0,-7.559942454e-2,7.187088132e-1,9.582784176e-1,6.901399612e0,2.703265287e-2
train,2261,CC#CC(C)C(C)OC,8.217838287e0,1.258978844e-1,7.187088132e-1,9.582784176e-1,8.343736649e0,1.157085538e0
train,2262,CC(OC=O)C1CO1,7.545717239e0,2.831957638e-1,7.187088132e-1,9.582784176e-1,7.828913212e0,7.537279129e-1
train,2263,C#CCC(C#N)[NH+]1CC1,7.469525814e0,3.333179653e-1,7.187088132e-1,9.582784176e-1,7.802843571e0,7.333026528e-1
train,2264,CN1C(=O)C2C1C[NH+]2C,6.323925972e0,-2.596312165e-1,7.187088132e-1,9.582784176e-1,6.064294815e0,-6.288284063e-1
train,2265,OCC1[NH2+]C2CC(C2)O1,7.298093796e0,-8.866011500e-1,7.187088132e-1,9.582784176e-1,6.411492825e0,-3.568031490e-1
train,2266,C1C2OC34CCC23OC14,7.747081757e0,7.405713797e-1,7.187088132e-1,9.582784176e-1,8.487652779e0,1.269842029e0
train,2267,C#CC1C([NH-])OC12CC2,7.461361885e0,-2.998763025e-1,7.187088132e-1,9.582784176e-1,7.161485672e0,2.308068126e-1
train,2268,C1OC2[NH2+]C3CC3NC12,6.775634766e0,-4.485347867e-1,7.187088132e-1,9.582784176e-1,6.327099800e0,-4.229240417e-1
train,2269,COC1C=CC2(C)OC12,6.525290489e0,5.061513558e-2,7.187088132e-1,9.582784176e-1,6.575905800e0,-2.279876620e-1
train,2270,CC12CC3C(N1)C3C2=O,5.763371468e0,8.649064302e-1,7.187088132e-1,9.582784176e-1,6.628277779e0,-1.869548708e-1
train,2271,CN(C=O)C(=O)C#N,5.398738861e0,-5.072218180e-2,7.187088132e-1,9.582784176e-1,5.348016739e0,-1.190023303e0
train,2272,O=CNCC1CC2CC12,7.526669502e0,-4.309904948e-2,2.156126499e0,2.874835253e0,7.483570576e0,4.831562936e-1
train,2273,OC1C[NH+]2C3C=CC2C13,5.989225864e0,-6.769350767e-1,7.187088132e-1,9.582784176e-1,5.312290668e0,-1.218014240e0
train,2274,C#CC1CCC=C(C)C1,7.091287136e0,-7.210817933e-1,7.187088132e-1,9.582784176e-1,6.370205402e0,-3.891513348e-1
train,2275,OCC1(O)C2CC(O)C21,8.141646385e0,-4.951431751e-1,7.187088132e-1,9.582784176e-1,7.646503448e0,6.108121276e-1
train,2276,C1=CN2C3COC3C2N1,6.522569180e0,2.638700604e-1,7.187088132e-1,9.582784176e-1,6.786439419e0,-6.303721666e-2
train,2277,N#CCOCC1CO1,7.779735088e0,2.214560270e0,7.187088132e-1,9.582784176e-1,9.994295120e0,2.450277328e0
train,2278,CC1C2CC(C)(C=O)C12,5.945687771e0,7.492482066e-1,7.187088132e-1,9.582784176e-1,6.694935799e0,-1.347291470e-1
train,2279,C#CC1C(C)C1C(C)=O,5.989225864e0,-2.595591545e-1,7.187088132e-1,9.582784176e-1,5.729666710e0,-8.910053372e-1
train,2280,C1=CCc2onnc2C1,5.953851223e0,3.165542483e-1,7.187088132e-1,9.582784176e-1,6.270405293e0,-4.673434794e-1
train,2281,C#CC12CNC(=O)C1O2,6.525290489e0,-1.509456430e-2,2.156126499e0,2.874835253e0,6.510195732e0,-2.794706821e-1
train,2282,N#CC12CC3C(=O)C1[NH+]32,6.206917286e0,-1.187605619e0,7.187088132e-1,9.582784176e-1,5.019311905e0,-1.447559357e0
train,2283,C#Cc1c(N)coc1C,5.322546959e0,-5.896072835e-2,7.187088132e-1,9.582784176e-1,5.263586044e0,-1.256173730e0
train,2284,CC(C)CC(C)O,9.058670044e0,4.212916791e-1,7.187088132e-1,9.582784176e-1,9.479961395e0,2.047303438e0
train,2285,COC1C(C)C1(O)C=O,5.488536358e0,-7.189280391e-1,7.187088132e-1,9.582784176e-1,4.769608498e0,-1.643198848e0
train,2286,CC1(C)CC(C)(O)C1,8.756624222e0,-8.452503085e-1,7.187088132e-1,9.582784176e-1,7.911374092e0,8.183349967e-1
train,2287,CC1C(O)C=CC12CC2,6.691279888e0,7.062724829e-1,7.187088132e-1,9.582784176e-1,7.397552490e0,4.157621861e-1
train,2288,O=Cc1cocn1,5.485815525e0,3.046989441e-1,7.187088132e-1,9.582784176e-1,5.790514469e0,-8.433318734e-1
train,2289,O=C1CC2[NH+]3CC2(C3)O1,6.737539291e0,4.125880301e-1,7.187088132e-1,9.582784176e-1,7.150127411e0,2.219077647e-1
train,2290,CC1COC2CC(C2)O1,8.587913513e0,6.648067832e-1,7.187088132e-1,9.582784176e-1,9.252719879e0,1.869262576e0
train,2291,C#CC[NH+]1CC2OCC21,7.050469875e0,-2.438696921e-1,7.187088132e-1,9.582784176e-1,6.806600094e0,-4.724157602e-2
train,2292,CC#CC1C2OCC12C,7.466804028e0,1.957246363e-1,7.187088132e-1,9.582784176e-1,7.662528515e0,6.233676076e-1
train,2293,C#CCC1C2OCC12O,7.891301632e0,3.075992465e-1,7.187088132e-1,9.582784176e-1,8.198901176e0,1.043608785e0
train,2294,CC(=O)c1ccoc1N,4.879001141e0,-6.875144839e-1,2.156126499e0,2.874835253e0,4.191486835e0,-2.096149921e0
train,2295,CC1Cc2[nH]nnc2O1,5.725275517e0,1.104810715e0,7.187088132e-1,9.582784176e-1,6.830086231e0,-2.884048410e-2
train,2296,CC12CC1[NH2+]C(N)C2=O,4.653147221e0,-4.711835682e-1,7.187088132e-1,9.582784176e-1,4.181963444e0,-2.103611469e0
train,2297,CC1C(CO)CN1C=O,7.181085110e0,-3.325771391e-1,7.187088132e-1,9.582784176e-1,6.848507881e0,-1.440735348e-2
train,2298,O=C1CCN1CCO,7.540275097e0,-7.342317104e-1,7.187088132e-1,9.582784176e-1,6.806043625e0,-4.767756537e-2
train,2299,CC1CC2C(O)CC12,8.764787674e0,-2.270409316e-1,7.187088132e-1,9.582784176e-1,8.537746429e0,1.309089780e0
train,2300,CC12C3CC1(C#N)C2N3,7.036864281e0,-2.049484730e0,7.187088132e-1,9.582784176e-1,4.987379551e0,-1.472578049e0
train,2301,C#CC12OC3C=CC1C32,5.602824211e0,-8.982617855e-1,7.187088132e-1,9.582784176e-1,4.704562187e0,-1.694161892e0
train,2302,C#CC12CC1C1CCC12,6.996047020e0,1.449280381e0,7.187088132e-1,9.582784176e-1,8.445327759e0,1.236680984e0
train,2303,CNc1cocc1OC,6.155215263e0,1.252804518e0,2.156126499e0,2.874835253e0,7.408020020e0,4.239633679e-1
train,2304,Cn1ccnc1C1CO1,6.288550854e0,1.059390187e0,7.187088132e-1,9.582784176e-1,7.347940922e0,3.768921494e-1
train,2305,Cc1cc2n(n1)C=CC2,5.412344456e0,-1.184203744e0,7.187088132e-1,9.582784176e-1,4.228140831e0,-2.067431927e0
train,2306,O=C1C=CC2C3CC12C3,4.884443760e0,-3.040188253e-1,7.187088132e-1,9.582784176e-1,4.580424786e0,-1.791422009e0
train,2307,C#CCNC1COC1[NH-],7.140267849e0,-9.609382153e-1,7.187088132e-1,9.582784176e-1,6.179329872e0,-5.386999249e-1
train,2308,C[NH+]1C2C1C1(C)C2[NH+]1C,6.968835831e0,-7.690788247e-3,7.187088132e-1,9.582784176e-1,6.961144924e0,7.384235412e-2
train,2309,CC1C2C3CC2(C)C13O,8.783835411e0,-8.187178373e-1,7.187088132e-1,9.582784176e-1,7.965117455e0,8.604422212e-1
train,2310,CC1=CCCCC(=O)N1,5.896707535e0,-6.491920352e-1,7.187088132e-1,9.582784176e-1,5.247515678e0,-1.268764615e0
train,2311,O=C1CC2NC1C2O,5.934803009e0,1.128055930e0,7.187088132e-1,9.582784176e-1,7.062859058e0,1.535340995e-1
train,2312,C1C2C3OCC4C2C4C13,8.634172440e0,-9.674732089e-1,7.187088132e-1,9.582784176e-1,7.666699409e0,6.266354322e-1
train,2313,CC12CC1C=CN2C=O,5.518469334e0,7.678806186e-1,7.187088132e-1,9.582784176e-1,6.286349773e0,-4.548511803e-1
train,2314,Nc1occc(=O)c1F,5.254518509e0,6.598415971e-1,7.187088132e-1,9.582784176e-1,5.914360046e0,-7.463004589e-1
train,2315,O=C1NC2CC3OC1C23,6.647741318e0,6.149760485e-1,7.187088132e-1,9.582784176e-1,7.262717247e0,3.101204932e-1
train,2316,O=CC(=O)OCC1CO1,4.922539711e0,-1.020588040e0,7.187088132e-1,9.582784176e-1,3.901951790e0,-2.322997093e0
train,2317,O=C1CC2C=CC3C2N13,5.983783722e0,6.085288897e-2,7.187088132e-1,9.582784176e-1,6.044636726e0,-6.442303061e-1
train,2318,O=C1COC2CCC12,5.744323254e0,-5.155158043e-1,7.187088132e-1,9.582784176e-1,5.228807449e0,-1.283422232e0
train,2319,CCC1(O)CC(=O)C1O,5.964735985e0,-2.081929594e-1,7.187088132e-1,9.582784176e-1,5.756543159e0,-8.699479699e-1
train,2320,CC1CC([NH-])OC1CO,7.714427471e0,-3.593663871e-1,7.187088132e-1,9.582784176e-1,7.355061054e0,3.824706972e-1
train,2321,N#CC1(O)COCC1N,6.843663692e0,7.374271154e-1,7.187088132e-1,9.582784176e-1,7.581090927e0,5.595622659e-1
train,2322,C#CC1CN1C(=O)CO,6.873596191e0,4.945990443e-1,7.187088132e-1,9.582784176e-1,7.368195057e0,3.927610219e-1
train,2323,N#CC1CC2CN2C1=O,6.500800133e0,-9.743426442e-1,7.187088132e-1,9.582784176e-1,5.526457310e0,-1.050217390e0
train,2324,O=C1C2C(O)C3C2N13,6.677673817e0,5.854014754e-1,7.187088132e-1,9.582784176e-1,7.263075352e0,3.104010522e-1
train,2325,CCC#CC(N)CC#N,7.382448673e0,1.039927006e0,7.187088132e-1,9.582784176e-1,8.422375679e0,1.218698263e0
train,2326,O=CC12NC1C1OCC12,5.700785160e0,1.308017373e0,7.187088132e-1,9.582784176e-1,7.008802414e0,1.111814007e-1
train,2327,CC12CC(C#N)[NH+](C1)C2,7.308978081e0,7.333733439e-1,7.187088132e-1,9.582784176e-1,8.042351723e0,9.209542871e-1
train,2328,CC1=CC2(C)CC1C2O,6.517127037e0,-3.282546997e0,2.156126499e0,2.874835253e0,3.234580040e0,-2.845874310e0
train,2329,CC#CC(=O)C#CC,5.085808277e0,-3.427902699e0,2.156126499e0,2.874835253e0,1.657905579e0,-4.081179142e0
train,2330,CN1C=CCOCC1=O,5.782419682e0,1.948796064e-1,7.187088132e-1,9.582784176e-1,5.977299213e0,-6.969884038e-1
train,2331,C#CC(O)CC(=O)CC,6.215080738e0,-2.368193150e0,2.156126499e0,2.874835253e0,3.846887589e0,-2.366139174e0
train,2332,C1CCC(C2CC2)C1,9.526706696e0,2.057121843e-1,7.187088132e-1,9.582784176e-1,9.732419014e0,2.245100737e0
train,2333,CC1CC2CC12[NH+]1CC1,8.364779472e0,-5.010443926e-1,7.187088132e-1,9.582784176e-1,7.863735199e0,7.810105085e-1
train,2334,C#CC12CC(C)=CC1O2,6.440935135e0,-4.287302196e-1,7.187088132e-1,9.582784176e-1,6.012205124e0,-6.696400642e-1
train,2335,CCC(CO)OC(C)=O,7.483131409e0,-2.454182655e-1,7.187088132e-1,9.582784176e-1,7.237713337e0,2.905302346e-1
train,2336,C#CC1(CO)CCC1C,8.068176270e0,5.860452652e-1,7.187088132e-1,9.582784176e-1,8.654221535e0,1.400346637e0
train,2337,NC(=O)C#CC1CO1,6.236849785e0,2.006031275e-1,7.187088132e-1,9.582784176e-1,6.437452793e0,-3.364638388e-1
train,2338,O=C1NCC2OCC12O,7.178363323e0,5.048615932e-1,7.187088132e-1,9.582784176e-1,7.683224678e0,6.395827532e-1
train,2339,CC1OC12CNC2C=O,5.744323254e0,-5.222801566e-1,7.187088132e-1,9.582784176e-1,5.222043037e0,-1.288722157e0
train,2340,CCc1ccoc1,6.593318939e0,1.162161231e0,7.187088132e-1,9.582784176e-1,7.755480289e0,6.961941123e-1
train,2341,[NH-]c1nc([NH+]=CN)no1,1.883027911e0,-9.339734912e-2,7.187088132e-1,9.582784176e-1,1.789630532e0,-3.977974176e0
train,2342,C1=NCCCCCO1,7.031421661e0,-1.139114022e0,7.187088132e-1,9.582784176e-1,5.892307758e0,-7.635781169e-1
train,2343,COCC#CC1CO1,7.344352722e0,7.135515213e-1,7.187088132e-1,9.582784176e-1,8.057904243e0,9.331395030e-1
train,2344,CCC(C#N)(CC)CC,9.523984909e0,-3.050201535e-1,7.187088132e-1,9.582784176e-1,9.218964577e0,1.842815638e0
train,2345,N#CCc1cc(N)on1,6.141610146e0,-2.970083952e-1,7.187088132e-1,9.582784176e-1,5.844601631e0,-8.009552956e-1
train,2346,CC1(C)OC(=O)C1CO,7.567486763e0,-3.939113617e0,2.156126499e0,2.874835253e0,3.628373146e0,-2.537342548e0
train,2347,C#CC1OC1C(F)(F)F,7.651841640e0,-1.001826882e0,7.187088132e-1,9.582784176e-1,6.650014877e0,-1.699241251e-1
train,2348,CC1CC2CC(O1)C2O,8.609682083e0,-2.754430175e-1,7.187088132e-1,9.582784176e-1,8.334239006e0,1.149644256e0
train,2349,Cc1cocnc1=O,5.684458733e0,-8.708343506e-1,7.187088132e-1,9.582784176e-1,4.813624382e0,-1.608713031e0
train,2350,CC(=O)NCCCC=O,6.160657883e0,-1.146598577e0,7.187088132e-1,9.582784176e-1,5.014059067e0,-1.451674938e0
train,2351,C[CH+]1N=NOC([NH-])=C1N,4.430013657e0,-1.659985304e0,7.187088132e-1,9.582784176e-1,2.770028353e0,-3.209845066e0
train,2352,CNCC(C#N)C(N)=O,6.647741318e0,3.063760698e-1,7.187088132e-1,9.582784176e-1,6.954117298e0,6.833630055e-2
train,2353,CCC(C(C)=O)C1CC1,6.204195976e0,-5.507362485e-1,7.187088132e-1,9.582784176e-1,5.653459549e0,-9.507126808e-1
train,2354,CC1CC=CC2CC12,6.710327625e0,-7.322430015e-1,7.187088132e-1,9.582784176e-1,5.978084564e0,-6.963731050e-1
train,2355,CCNc1n[nH]cc1N,6.030043125e0,3.492907763e0,2.156126499e0,2.874835253e0,9.522951126e0,2.080985308e0
train,2356,N#CC1(C=O)CN1,6.157936573e0,3.388252556e-1,7.187088132e-1,9.582784176e-1,6.496761799e0,-2.899959981e-1
train,2357,CC1(C=O)COC(=O)N1,5.747044563e0,6.927747726e-1,7.187088132e-1,9.582784176e-1,6.439819336e0,-3.346096873e-1
train,2358,CC1C2OCC12CCO,8.269539833e0,3.559589982e-1,7.187088132e-1,9.582784176e-1,8.625498772e0,1.377842665e0
train,2359,O=C1OCC12OC1CC12,6.704885483e0,-1.442357749e-1,2.156126499e0,2.874835253e0,6.560649872e0,-2.399404794e-1
train,2360,O=C1OCOC12CNC2,6.421886921e0,4.513210356e-1,7.187088132e-1,9.582784176e-1,6.873208046e0,4.944915418e-3
train,2361,OCC1C2OC3C[NH+]1C32,7.270882130e0,-1.408011556e0,7.187088132e-1,9.582784176e-1,5.862870693e0,-7.866417170e-1
train,2362,[H]N=CNC(=O)C(C)C#C,6.402839184e0,1.131515503e-1,7.187088132e-1,9.582784176e-1,6.515990734e0,-2.749303579e-1
train,2363,O=C1CC=CCOCO1,6.372906685e0,5.282493830e-1,7.187088132e-1,9.582784176e-1,6.901155949e0,2.684174664e-2
train,2364,N#CC(O)CCO[CH+][NH-],7.420545101e0,1.771511734e-1,7.187088132e-1,9.582784176e-1,7.597696304e0,5.725723505e-1
train,2365,[NH-]C1OC(CCO)C1N,7.289929867e0,9.265611768e-1,7.187088132e-1,9.582784176e-1,8.216490746e0,1.057389975e0
train,2366,C1OC(C2CO2)C2CC12,9.175679207e0,-1.712307781e-1,7.187088132e-1,9.582784176e-1,9.004448891e0,1.674745321e0
train,2367,O=Cc1ccccc1,5.227307320e0,4.663377404e-1,7.187088132e-1,9.582784176e-1,5.693645000e0,-9.192278981e-1
train,2368,C1=CC2(C=CCC1)CN2,6.285830498e0,-1.874175310e0,2.156126499e0,2.874835253e0,4.411655426e0,-1.923650622e0
train,2369,CC1CC2C(C1)C2(C)C,9.064112663e0,-1.536614597e-1,7.187088132e-1,9.582784176e-1,8.910450935e0,1.601099133e0
train,2370,CC(C=O)C1CC1C=O,5.981062412e0,1.519493103e0,7.187088132e-1,9.582784176e-1,7.500555515e0,4.964637756e-1
train,2371,CC1C2C(CO)[NH2+][CH+][NH+]12,6.242291927e0,1.469869733e0,7.187088132e-1,9.582784176e-1,7.712161541e0,6.622544527e-1
train,2372,CC1CC2(C[NH2+][CH+]O2)C1,7.333467960e0,-8.423093557e-1,7.187088132e-1,9.582784176e-1,6.491158485e0,-2.943861187e-1
train,2373,CCC12CC=C(C)C1N2,6.424608231e0,-4.232850969e-1,7.187088132e-1,9.582784176e-1,6.001323223e0,-6.781659126e-1
train,2374,CC1C2C=CC1(C)CC2,7.004210949e0,-2.549829893e-3,7.187088132e-1,9.582784176e-1,7.001661301e0,1.055864245e-1
train,2375,FC(F)(F)c1ccoc1,6.655904770e0,9.675997496e-1,7.187088132e-1,9.582784176e-1,7.623504639e0,5.927928686e-1
train,2376,CC12NC(=O)C1(C)C2O,6.726654530e0,-5.009494424e-1,7.187088132e-1,9.582784176e-1,6.225705147e0,-5.023654699e-1
train,2377,CC(N)(C#N)CC1CN1,7.447756290e0,3.718100190e-1,7.187088132e-1,9.582784176e-1,7.819566250e0,7.464046478e-1
train,2378,CC#CCCCC(C)C,8.269539833e0,6.365365386e-1,7.187088132e-1,9.582784176e-1,8.906076431e0,1.597671747e0
train,2379,C1C2NC2C2[NH+]3CC12C3,7.782456875e0,-8.139437437e-1,7.187088132e-1,9.582784176e-1,6.968513012e0,7.961516082e-2
train,2380,C#Cc1cc(O)[nH]c1N,5.344316006e0,4.692202806e-1,7.187088132e-1,9.582784176e-1,5.813536167e0,-8.252946734e-1
train,2381,c1[nH]nc2c1C1NC1C2,6.729375839e0,-7.266804576e-1,7.187088132e-1,9.582784176e-1,6.002695560e0,-6.770907044e-1
train,2382,CCCOC,9.322620392e0,1.244894862e0,7.187088132e-1,9.582784176e-1,1.056751537e1,2.899388313e0
train,2383,CC1[NH+]2C3C(=O)C1(O)C32,6.193311214e0,-2.003103867e-2,7.187088132e-1,9.582784176e-1,6.173280239e0,-5.434397459e-1
train,2384,CCC(C#N)C1(C)CN1,7.553880215e0,-5.723075867e-1,7.187088132e-1,9.582784176e-1,6.981572628e0,8.984720707e-2
train,2385,c1cc2cncnn2n1,4.791924953e0,1.000584245e0,7.187088132e-1,9.582784176e-1,5.792509079e0,-8.417691588e-1
train,2386,O=CC(O)c1ncno1,5.997389793e0,-4.302016795e-1,7.187088132e-1,9.582784176e-1,5.567188263e0,-1.018305182e0
train,2387,O=CC12CCC1(C=O)C2,5.259960651e0,-1.274714470e0,7.187088132e-1,9.582784176e-1,3.985246181e0,-2.257736921e0
train,2388,CC1NC1COCC#N,7.314420223e0,9.544441700e-1,7.187088132e-1,9.582784176e-1,8.268864632e0,1.098424315e0
train,2389,CCC1CC=C(C)CO1,7.142988205e0,-4.295052588e-1,7.187088132e-1,9.582784176e-1,6.713482857e0,-1.201977655e-1
train,2390,C#CC1NC(=O)C12CN2,7.107614040e0,2.520669699e-1,2.156126499e0,2.874835253e0,7.359681129e0,3.860904574e-1
train,2391,CC1=CC(=O)NC1,5.926640034e0,-5.035240054e-1,7.187088132e-1,9.582784176e-1,5.423116207e0,-1.131183863e0
train,2392,C#CC1(O)CC1C#N,7.306257248e0,9.122574329e-2,7.187088132e-1,9.582784176e-1,7.397482872e0,4.157076478e-1
train,2393,C[NH2+]C1OC=CN=C1N,4.465388775e0,5.256485939e-1,7.187088132e-1,9.582784176e-1,4.991037369e0,-1.469712138e0
train,2394,CCOc1c[nH]c(N)n1,6.092629433e0,-5.007413626e-1,7.187088132e-1,9.582784176e-1,5.591887951e0,-9.989532828e-1
train,2395,CC12C3CC1C2C3C#N,8.013752937e0,3.742169142e-1,2.156126499e0,2.874835253e0,8.387969971e0,1.191741824e0
train,2396,CNC1=NCCC1=O,4.783761501e0,5.991089344e-1,7.187088132e-1,9.582784176e-1,5.382870674e0,-1.162715673e0
train,2397,CC#Cc1c[nH]cc1C,5.923918724e0,-3.399539590e-1,7.187088132e-1,9.582784176e-1,5.583964825e0,-1.005160928e0
train,2398,N#CC1CC(=O)CC1O,6.008274078e0,1.160634875e0,7.187088132e-1,9.582784176e-1,7.168909073e0,2.366229594e-1
train,2399,C#CCc1cn(C)cn1,6.791961670e0,1.446445704e0,7.187088132e-1,9.582784176e-1,8.238407135e0,1.074561238e0
train,2400,CC([NH-])OC1CC2CC21,7.801504612e0,-4.183133543e-1,7.187088132e-1,9.582784176e-1,7.383191109e0,4.045102298e-1
train,2401,Nc1ncnc(=O)cn1,4.481715202e0,-8.325639963e-1,7.187088132e-1,9.582784176e-1,3.649151325e0,-2.521063089e0
train,2402,CC12C=CC(CO)C1O2,6.704885483e0,-4.953016639e-1,7.187088132e-1,9.582784176e-1,6.209583759e0,-5.149963498e-1
train,2403,OC12C=CC3OC1CC32,6.402839184e0,-2.857488692e-1,7.187088132e-1,9.582784176e-1,6.117090225e0,-5.874639153e-1
train,2404,CCC1=C(C=O)CCN1,4.810973167e0,7.117477655e-1,7.187088132e-1,9.582784176e-1,5.522720814e0,-1.053144813e0
train,2405,OCC1(O)CCC12CC2,8.343010902e0,-2.730946057e-2,7.187088132e-1,9.582784176e-1,8.315701485e0,1.135120392e0
train,2406,CCC(O)C(O)C1CC1,8.413760185e0,2.221968472e-1,7.187088132e-1,9.582784176e-1,8.635956764e0,1.386036396e0
train,2407,CCCN=C(C)NC=O,6.348416328e0,8.988928050e-2,7.187088132e-1,9.582784176e-1,6.438305378e0,-3.357958496e-1
train,2408,[CH-]1C[NH+]2C3C1C1(CC1)C32,4.394639015e0,-1.241926432e0,7.187088132e-1,9.582784176e-1,3.152712584e0,-2.910016537e0
train,2409,CC1=C(C)C2C3CC1[NH+]32,5.953851223e0,-1.024764851e-1,7.187088132e-1,9.582784176e-1,5.851374626e0,-7.956487536e-1
train,2410,CC(=O)CC1C2COC21,6.239571095e0,-2.074746937e-1,7.187088132e-1,9.582784176e-1,6.032096386e0,-6.540554762e-1
train,2411,CC1CC2(C)COC12,8.460020065e0,-3.237002790e-1,2.156126499e0,2.874835253e0,8.136320114e0,9.945773482e-1
train,2412,C#CC1CCC(O)C1,8.465462685e0,-1.519710273e-1,7.187088132e-1,9.582784176e-1,8.313491821e0,1.133389115e0
train,2413,CCNC1C(C)OC1[NH-],6.952508926e0,6.641115546e-1,7.187088132e-1,9.582784176e-1,7.616620541e0,5.873992443e-1
train,2414,C1OCC(C2CC2)O1,9.235544205e0,1.543669701e0,7.187088132e-1,9.582784176e-1,1.077921391e1,3.065251350e0
train,2415,C[NH+]1CC2OCC21C,7.491294384e0,5.543541908e-1,7.187088132e-1,9.582784176e-1,8.045648575e0,9.235373139e-1
train,2416,[NH-]C1C(=O)C2CC3C2[NH+]13,4.751108170e0,5.994907618e-1,7.187088132e-1,9.582784176e-1,5.350598812e0,-1.188000321e0
train,2417,[NH-]C1CCCCC(=O)O1,6.781077385e0,3.607853055e-1,7.187088132e-1,9.582784176e-1,7.141862869e0,2.154325992e-1
train,2418,CC(=O)C1[NH2+][CH+]OC1C,5.975620270e0,8.545669168e-2,7.187088132e-1,9.582784176e-1,6.061077118e0,-6.313494444e-1
train,2419,CNC(=O)CCNC=O,7.412381172e0,-1.021045923e0,7.187088132e-1,9.582784176e-1,6.391335487e0,-3.725961745e-1
train,2420,CCC1C2COCC12C,8.827373505e0,4.216280878e-1,7.187088132e-1,9.582784176e-1,9.249001503e0,1.866349220e0
train,2421,C#CCC1(C#N)COC1,7.777014256e0,8.239511847e-1,7.187088132e-1,9.582784176e-1,8.600965500e0,1.358621120e0
train,2422,[NH-]C(C#CC=O)OC=O,5.235470295e0,-6.630437374e-1,7.187088132e-1,9.582784176e-1,4.572426796e0,-1.797688246e0
train,2423,C#CCCC1(C)CO1,8.536211014e0,-7.932706475e-1,7.187088132e-1,9.582784176e-1,7.742940426e0,6.863692999e-1
train,2424,CC1(C)C(NO)C2C[NH+]21,6.405560493e0,-3.141113818e-1,7.187088132e-1,9.582784176e-1,6.091449261e0,-6.075532436e-1
train,2425,CC1(C)C2C3CC2C31,1.008181858e1,-8.450240493e-1,7.187088132e-1,9.582784176e-1,9.236794472e0,1.856785178e0
train,2426,C#Cc1ccco1,5.357921600e0,-1.129608393e0,7.187088132e-1,9.582784176e-1,4.228313446e0,-2.067296743e0
train,2427,O=C1NC23CCOC12C3,6.721211910e0,-5.108785033e-1,7.187088132e-1,9.582784176e-1,6.210333347e0,-5.144090652e-1
train,2428,COC1C2CCC1C2C,9.107650757e0,2.999851406e-1,7.187088132e-1,9.582784176e-1,9.407635689e0,1.990637183e0
train,2429,OCC1[NH2+]C2CCC2O1,7.279046059e0,2.921562791e-1,7.187088132e-1,9.582784176e-1,7.571202278e0,5.518146157e-1
train,2430,CCC1C2OC(C)C12C,8.413760185e0,7.628294230e-1,7.187088132e-1,9.582784176e-1,9.176589966e0,1.809615731e0
train,2431,CCOC([NH-])C1COC1,7.447756290e0,7.303852439e-1,7.187088132e-1,9.582784176e-1,8.178141594e0,1.027343988e0
train,2432,CC1CC2COC12C#N,7.336189747e0,-6.009025127e-2,7.187088132e-1,9.582784176e-1,7.276099682e0,3.206054568e-1
train,2433,OC12CC34OCC(C13)C24,8.068176270e0,-2.067477942e0,2.156126499e0,2.874835253e0,6.000698090e0,-6.786556840e-1
train,2434,O=CCNC(=O)NC=O,6.040927887e0,-4.056529701e-1,7.187088132e-1,9.582784176e-1,5.635274887e0,-9.649601579e-1
train,2435,C#Cc1nn[nH]c1CO,6.166100025e0,1.004573032e-1,7.187088132e-1,9.582784176e-1,6.266557217e0,-4.703583717e-1
train,2436,C#CC1C2OCC12C=O,5.630035877e0,1.925015748e-1,7.187088132e-1,9.582784176e-1,5.822537422e0,-8.182423115e-1
train,2437,c1cc2oncc2[nH]1,5.619151115e0,3.554862142e-1,7.187088132e-1,9.582784176e-1,5.974637508e0,-6.990737915e-1
train,2438,CCC1(C(C)=O)C[NH+]1C,5.869495869e0,-1.735735416e0,7.187088132e-1,9.582784176e-1,4.133760452e0,-2.141377926e0
train,2439,OCC1C[NH+]1CC1CO1,7.831437111e0,-9.555863217e-3,7.187088132e-1,9.582784176e-1,7.821881294e0,7.482184768e-1
train,2440,CC12CC1OC1(CC1)C2,8.397434235e0,5.360760689e-1,7.187088132e-1,9.582784176e-1,8.933509827e0,1.619165421e0
train,2441,O=CN1CC12CC1OC12,6.791961670e0,9.040168524e-1,7.187088132e-1,9.582784176e-1,7.695978642e0,6.495753527e-1
train,2442,COC(C(C)O)C1CN1,8.737575531e0,-2.982591987e-1,2.156126499e0,2.874835253e0,8.439316750e0,1.231971383e0
train,2443,COCC(=O)CCO,6.391954422e0,8.821330667e-1,7.187088132e-1,9.582784176e-1,7.274087429e0,3.190288842e-1
train,2444,COC1C2C3COC3C12,8.228722572e0,1.591807306e-1,7.187088132e-1,9.582784176e-1,8.387903214e0,1.191689491e0
train,2445,COCC(C)(C)C(C)C,8.922613144e0,-2.460268289e-1,7.187088132e-1,9.582784176e-1,8.676586151e0,1.417868972e0
train,2446,CC1=CCC(C)C(=O)C1,6.089908123e0,9.605582952e-1,7.187088132e-1,9.582784176e-1,7.050466537e0,1.438247114e-1
train,2447,CC12CC(O)C(C)(C1)O2,8.827373505e0,4.890094399e-1,7.187088132e-1,9.582784176e-1,9.316383362e0,1.919142127e0
train,2448,c1nocc1C1CC1,6.563386440e0,-1.312136769e0,7.187088132e-1,9.582784176e-1,5.251249790e0,-1.265838981e0
train,2449,CC1C2C(C)C(C)(C)C12,8.868190765e0,1.425294995e0,7.187088132e-1,9.582784176e-1,1.029348564e1,2.684689522e0
train,2450,CNc1ccnc(C)n1,5.714390755e0,-3.911652565e-1,7.187088132e-1,9.582784176e-1,5.323225498e0,-1.209446907e0
train,2451,CC12CC3C(O)C(C1)[NH+]32,7.630072594e0,-2.021028250e-1,7.187088132e-1,9.582784176e-1,7.427969933e0,4.395938814e-1
train,2452,Nc1coc(OC=O)c1,5.336152554e0,4.992569387e-1,7.187088132e-1,9.582784176e-1,5.835409641e0,-8.081570864e-1
train,2453,C[NH+](C)CC(=O)CC=O,5.504863262e0,-6.014197469e-1,7.187088132e-1,9.582784176e-1,4.903443336e0,-1.538340926e0
train,2454,CCn1cc(N)c(O)c1,6.119840622e0,-1.121544480e0,7.187088132e-1,9.582784176e-1,4.998296261e0,-1.464024901e0
train,2455,COc1cc(C)c(C)[nH]1,6.375627518e0,-5.852687731e-2,7.187088132e-1,9.582784176e-1,6.317100525e0,-4.307583272e-1
train,2456,CC(C)C12CC(=O)C1N2,6.030043125e0,5.491803885e-1,7.187088132e-1,9.582784176e-1,6.579223633e0,-2.253881842e-1
train,2457,O=C1C=C2NCCC2N1,5.850448132e0,1.865331829e-1,7.187088132e-1,9.582784176e-1,6.036981106e0,-6.502283812e-1
train,2458,CC1(C)C(O)C1(C)C#N,7.994705200e0,8.658818156e-2,7.187088132e-1,9.582784176e-1,8.081293106e0,9.514643550e-1
train,2459,[NH-]C1OC(=O)C2(O)CC12,6.625972271e0,-1.654832363e0,7.187088132e-1,9.582784176e-1,4.971139908e0,-1.485301614e0
train,2460,O=C1OCC12NC2CO,7.113056660e0,-4.376335740e-1,7.187088132e-1,9.582784176e-1,6.675423145e0,-1.500170678e-1
train,2461,N#CCNc1ncon1,6.236849785e0,1.484063715e-1,7.187088132e-1,9.582784176e-1,6.385256290e0,-3.773591518e-1
train,2462,CC1(O)COC2CC21C,7.763408184e0,-2.959059775e-1,7.187088132e-1,9.582784176e-1,7.467502117e0,4.705668390e-1
train,2463,NC(=O)CCC(O)C=O,5.760650635e0,1.043138742e0,7.187088132e-1,9.582784176e-1,6.803789139e0,-4.944392666e-2
train,2464,CC12CC(O)(C1)C21CC1,9.001525879e0,-2.913334370e-1,7.187088132e-1,9.582784176e-1,8.710192680e0,1.444199324e0
train,2465,N#CC1CC2C[NH+]3C1C23,7.496736526e0,-1.051095486e0,7.187088132e-1,9.582784176e-1,6.445641041e0,-3.300484717e-1
train,2466,C#CC12OCC1C2O,6.590597630e0,2.397959530e-1,7.187088132e-1,9.582784176e-1,6.830393791e0,-2.859951556e-2
train,2467,CC1(O)COCC1C=O,5.921197414e0,-6.758540869e-1,2.156126499e0,2.874835253e0,5.245343208e0,-1.270466685e0
train,2468,CC(O)C1NC1C,8.609682083e0,-7.267341614e-1,7.187088132e-1,9.582784176e-1,7.882947922e0,7.960634232e-1
train,2469,CC1CC2OC1CC2=O,5.847726822e0,2.249534577e-1,7.187088132e-1,9.582784176e-1,6.072680473e0,-6.222583652e-1
train,2470,C[NH+]1C2C3CC(C3)C21C,8.103550911e0,8.976343870e-1,7.187088132e-1,9.582784176e-1,9.001185417e0,1.672188401e0
train,2471,C[NH2+]C1NCC(C#N)O1,6.315762520e0,-1.029080987e0,7.187088132e-1,9.582784176e-1,5.286681652e0,-1.238078594e0
train,2472,CC1(O)C2CC3(C)C2C13,8.571586609e0,1.985782832e-1,7.187088132e-1,9.582784176e-1,8.770164490e0,1.491186500e0
train,2473,CC(=O)C1(C=O)CC1,6.057254314e0,1.940917671e-1,7.187088132e-1,9.582784176e-1,6.251346111e0,-4.822760820e-1
train,2474,[NH-]C1OCC1C(=O)C=O,4.277629852e0,3.148906678e-2,7.187088132e-1,9.582784176e-1,4.309118748e0,-2.003986835e0
train,2475,COC(C)C(C)NC=O,7.600140095e0,-6.359034777e-1,7.187088132e-1,9.582784176e-1,6.964236736e0,7.626475394e-2
train,2476,CCC12CC(C1=O)C2O,6.342973709e0,-9.904152155e-1,2.156126499e0,2.874835253e0,5.352558613e0,-1.186464787e0
train,2477,COC1(C#N)CCC1,7.975656986e0,-2.835411765e-2,7.187088132e-1,9.582784176e-1,7.947302818e0,8.464846611e-1
train,2478,CC1=CC(C#N)OCC1,7.058633804e0,-7.184822559e-1,7.187088132e-1,9.582784176e-1,6.340151787e0,-4.126979709e-1
train,2479,Cc1[nH]ncc1[N+](=O)[O-],5.434113503e0,5.525689945e-2,7.187088132e-1,9.582784176e-1,5.489370346e0,-1.079274535e0
train,2480,C#CC12OCC1C2OC,6.421886921e0,-3.423498273e-1,7.187088132e-1,9.582784176e-1,6.079536915e0,-6.168864369e-1
train,2481,C1OC2CC1OC21CC1,8.617846489e0,-1.098320007e0,7.187088132e-1,9.582784176e-1,7.519526482e0,5.113272667e-1
train,2482,CCOCC1CC(C)O1,8.846421242e0,-1.135833263e0,7.187088132e-1,9.582784176e-1,7.710587978e0,6.610215902e-1
train,2483,CCC1(C=O)CC([NH-])O1,5.872217178e0,-1.675975323e0,2.156126499e0,2.874835253e0,4.196241856e0,-2.092424393e0
train,2484,N#CCC(=NO)C1CC1,6.514405727e0,1.510103345e0,7.187088132e-1,9.582784176e-1,8.024509430e0,9.069750905e-1
train,2485,O=C1OC2CCC3C2N13,7.575649738e0,9.067370296e-1,7.187088132e-1,9.582784176e-1,8.482386589e0,1.265716076e0
train,2486,COC1CC2C(C)C2O1,8.639615059e0,-2.295863628e-1,7.187088132e-1,9.582784176e-1,8.410028458e0,1.209024429e0
train,2487,N#CC1OC2CC=CC12,6.985162735e0,-1.927582622e-1,7.187088132e-1,9.582784176e-1,6.792404652e0,-5.836352706e-2
train,2488,CC(C)C1OCC1C,8.653220177e0,-3.628197610e-1,7.187088132e-1,9.582784176e-1,8.290400505e0,1.115297437e0
train,2489,OCCC1[NH2+]C2CC2O1,7.118498325e0,1.191426396e0,7.187088132e-1,9.582784176e-1,8.309925079e0,1.130594611e0
train,2490,ONC1C2C3CC1(O)C32,6.996047020e0,5.967484713e-1,7.187088132e-1,9.582784176e-1,7.592795372e0,5.687325597e-1
train,2491,CC1C(C)C1CCC=O,6.160657883e0,-3.834639788e-1,7.187088132e-1,9.582784176e-1,5.777194023e0,-8.537682891e-1
train,2492,[NH-]C1OCCNC1CO,6.734817982e0,4.967350364e-1,7.187088132e-1,9.582784176e-1,7.231553078e0,2.857037485e-1
train,2493,OCC1(C2CC2)CCO1,8.707643509e0,-6.739067435e-1,7.187088132e-1,9.582784176e-1,8.033737183e0,9.142048955e-1
train,2494,CC1N2C(=O)C(O)C12C,6.057254314e0,-2.408504635e-1,7.187088132e-1,9.582784176e-1,5.816403866e0,-8.230478764e-1
train,2495,N#CCC1CN1,7.831437111e0,1.514370561e0,7.187088132e-1,9.582784176e-1,9.345808029e0,1.942195892e0
train,2496,CC1OC1C1(O)CC1O,8.457298279e0,1.321396589e0,7.187088132e-1,9.582784176e-1,9.778695107e0,2.281357527e0
train,2497,C[NH+]1CC(OCCO)C1,7.981099606e0,-1.141738743e-1,7.187088132e-1,9.582784176e-1,7.866925716e0,7.835102081e-1
train,2498,[H]N=CNc1cnc(C)o1,6.370185375e0,-6.084320545e-1,7.187088132e-1,9.582784176e-1,5.761753082e0,-8.658660650e-1
train,2499,CC1CC2C1=CC1CC12,6.459982872e0,-5.819705129e-1,7.187088132e-1,9.582784176e-1,5.878012180e0,-7.747785449e-1
train,2500,O=C1OC2CC=CC12,6.721211910e0,-1.930810064e-1,7.187088132e-1,9.582784176e-1,6.528131008e0,-2.654186189e-1
train,2501,CC1=CC2OC2C1CO,6.530732632e0,-5.019843578e-1,7.187088132e-1,9.582784176e-1,6.028748512e0,-6.566784978e-1
train,2502,CC(C)(O)c1ccon1,6.868154049e0,-2.194555700e-1,2.156126499e0,2.874835253e0,6.648698330e0,-1.709556282e-1
train,2503,CC1CCCC2CC1O2,8.636894226e0,7.631106675e-2,7.187088132e-1,9.582784176e-1,8.713205338e0,1.446559668e0
train,2504,Oc1cccc(F)c1F,6.250455379e0,-5.093684196e-1,7.187088132e-1,9.582784176e-1,5.741086960e0,-8.820577264e-1
train,2505,C[NH+]1CC1C1OC2CC21,7.962051392e0,7.222284377e-2,7.187088132e-1,9.582784176e-1,8.034274101e0,9.146255851e-1
train,2506,COc1cc(O)no1,6.748423576e0,-1.007590771e0,7.187088132e-1,9.582784176e-1,5.740832806e0,-8.822568655e-1
train,2507,CC1C2[NH+]1CC21NC1C,7.845042706e0,2.134850770e-1,7.187088132e-1,9.582784176e-1,8.058527946e0,9.336281419e-1
train,2508,c1n[nH]cc1OC1CC1,6.348416328e0,2.558395863e-1,7.187088132e-1,9.582784176e-1,6.604255676e0,-2.057758868e-1
train,2509,COC1C2CC3C1[NH+]3C2,8.669547081e0,-4.400391877e-1,7.187088132e-1,9.582784176e-1,8.229507446e0,1.067588449e0
train,2510,O=COCC(O)CCO,7.747081757e0,-6.900902390e-1,7.187088132e-1,9.582784176e-1,7.056991577e0,1.489370018e-1
train,2511,O=C1OC=NC2CC1C2,6.160657883e0,-2.246685624e-1,7.187088132e-1,9.582784176e-1,5.935989380e0,-7.293541431e-1
train,2512,COCC1C[NH+]1C1CC1,8.198790550e0,-6.475858092e-1,7.187088132e-1,9.582784176e-1,7.551204681e0,5.361467600e-1
train,2513,CC12CCC1(C)OC2,8.514442444e0,-3.812457621e-1,7.187088132e-1,9.582784176e-1,8.133196831e0,9.921302795e-1
train,2514,[H]N=CNC(=O)C1(C)CC1,6.506242275e0,-2.408975363e0,2.156126499e0,2.874835253e0,4.097267151e0,-2.169969797e0
train,2515,CC1(O)COC1C=O,5.858611107e0,1.289689094e-1,7.187088132e-1,9.582784176e-1,5.987579823e0,-6.889336705e-1
train,2516,Cc1onc(CO)c1C,6.451819897e0,-1.582420617e-1,7.187088132e-1,9.582784176e-1,6.293577671e0,-4.491882026e-1
train,2517,C#CC(C)(O)C#CC#N,6.326647282e0,-1.831837445e-1,7.187088132e-1,9.582784176e-1,6.143463612e0,-5.668006539e-1
train,2518,[NH-]C1C=C(C=O)C(=O)O1,4.144294262e0,1.277176857e0,7.187088132e-1,9.582784176e-1,5.421471119e0,-1.132472754e0
train,2519,CN1CCn2cccc21,6.065417767e0,-8.769717216e-1,7.187088132e-1,9.582784176e-1,5.188446045e0,-1.315044999e0
train,2520,CC(CC1COC1)=NO,6.900807381e0,-1.284847140e0,7.187088132e-1,9.582784176e-1,5.615960121e0,-9.800930619e-1
train,2521,CCCCC1(C)COC1,8.568865776e0,2.573119290e-2,7.187088132e-1,9.582784176e-1,8.594596863e0,1.353631377e0
train,2522,CC(=O)C1(O)C2CCC21,5.850448132e0,6.174178720e-1,7.187088132e-1,9.582784176e-1,6.467865944e0,-3.126355410e-1
train,2523,O=CC1CC2(C=O)C[NH+]12,5.570170403e0,6.689491868e-1,7.187088132e-1,9.582784176e-1,6.239119530e0,-4.918554723e-1
train,2524,O=CC#CCOC=O,5.534795761e0,-6.081435084e-2,7.187088132e-1,9.582784176e-1,5.473981380e0,-1.091331601e0
train,2525,CC12CC3CC(O1)C3O2,9.148468018e0,7.625705749e-2,7.187088132e-1,9.582784176e-1,9.224724770e0,1.847328663e0
train,2526,CC1=CC(C)C2(C)NC12,6.647741318e0,-1.355996877e-1,7.187088132e-1,9.582784176e-1,6.512141705e0,-2.779460251e-1
train,2527,CC1CC(O)C2CC1O2,8.492672920e0,-3.950934887e0,2.156126499e0,2.874835253e0,4.541738033e0,-1.821732521e0
train,2528,CC1(O)C([NH-])OC2CC21,7.349795341e0,2.037283406e-2,2.156126499e0,2.874835253e0,7.370168209e0,3.943069577e-1
train,2529,CC(CC(N)=O)C1CO1,7.581092358e0,7.485203147e-1,7.187088132e-1,9.582784176e-1,8.329612732e0,1.146019697e0
train,2530,[NH-]c1nc(O)c[cH+]o1,4.947029591e0,4.247682691e-1,7.187088132e-1,9.582784176e-1,5.371798038e0,-1.171391010e0
train,2531,C#CC1C2C(C#N)C[NH+]12,7.167478561e0,-1.325598955e-1,7.187088132e-1,9.582784176e-1,7.034918785e0,1.316432506e-1
train,2532,CC(C)C1C2CC1C2=O,6.835499763e0,2.998811305e-1,7.187088132e-1,9.582784176e-1,7.135380745e0,2.103539258e-1
train,2533,C#CC#CCC(N)C#N,6.163379192e0,-5.544077158e-1,7.187088132e-1,9.582784176e-1,5.608971596e0,-9.855684638e-1
train,2534,Cc1cnc(N)nc1O,5.551122665e0,1.122520208e0,7.187088132e-1,9.582784176e-1,6.673643112e0,-1.514116973e-1
train,2535,N#CC1(N)C2OC([NH-])C21,6.982441425e0,-1.421667188e-1,7.187088132e-1,9.582784176e-1,6.840274811e0,-2.085785940e-2
train,2536,COC1COCC2OC12,8.699480057e0,-3.593136966e-1,7.187088132e-1,9.582784176e-1,8.340166092e0,1.154288054e0
train,2537,C#CC(C)C(C=O)CO,6.157936573e0,-3.626170754e-1,7.187088132e-1,9.582784176e-1,5.795319557e0,-8.395671844e-1
train,2538,CC1C(O)C2(O)C(O)C12,7.847763538e0,-2.522200346e-1,7.187088132e-1,9.582784176e-1,7.595543385e0,5.708855987e-1
train,2539,C#CC1CN(C(N)=O)C1,7.428708553e0,-4.400919974e-1,7.187088132e-1,9.582784176e-1,6.988616467e0,9.536596388e-2
train,2540,CC(O)c1ccc(N)o1,5.888543606e0,-4.883776605e-1,7.187088132e-1,9.582784176e-1,5.400166035e0,-1.149165034e0
train,2541,OC1CC(O)C2NC2C1,8.479067802e0,1.495524645e-1,7.187088132e-1,9.582784176e-1,8.628620148e0,1.380288243e0
train,2542,O=CC12CCOC1CN2,5.646362305e0,-1.323129416e0,7.187088132e-1,9.582784176e-1,4.323232651e0,-1.992928743e0
train,2543,O=C1N[CH+]C2C[NH+]3C1C23,5.145672798e0,2.901209295e-1,7.187088132e-1,9.582784176e-1,5.435793877e0,-1.121250987e0
train,2544,Cc1nc(N)nn1C,6.163379192e0,4.252620339e-1,7.187088132e-1,9.582784176e-1,6.588641167e0,-2.180096656e-1
train,2545,O=CCOCC1CCC1,6.231407166e0,5.468751192e-1,7.187088132e-1,9.582784176e-1,6.778282166e0,-6.942831725e-2
train,2546,OCCC1C2CCOC12,8.552538872e0,-1.132425427e0,7.187088132e-1,9.582784176e-1,7.420113564e0,4.334385097e-1
train,2547,CC1CC2C3C1CC23O,8.838258743e0,-1.388052255e-1,7.187088132e-1,9.582784176e-1,8.699453354e0,1.435785174e0
train,2548,c1ccn2ncnc2c1,5.251797676e0,-2.734514177e-1,7.187088132e-1,9.582784176e-1,4.978346348e0,-1.479655385e0
train,2549,CC12C3C4CC1(C)[NH+]4C32,8.168857574e0,-1.552455664e0,7.187088132e-1,9.582784176e-1,6.616401672e0,-1.962596476e-1
train,2550,[NH-]C1CC2(C=O)CC2O1,6.122561455e0,-4.435390830e-1,7.187088132e-1,9.582784176e-1,5.679022312e0,-9.306846261e-1
train,2551,c1nonc1N1CCC1,5.396018028e0,-5.449649096e-1,7.187088132e-1,9.582784176e-1,4.851053238e0,-1.579388022e0
train,2552,N#CC1=CCCC2CC12,5.853169441e0,9.978151321e-1,7.187088132e-1,9.582784176e-1,6.850984573e0,-1.246689633e-2
train,2553,Cc1nc(O)c(C#N)[nH]1,5.474930763e0,-1.867804676e-1,7.187088132e-1,9.582784176e-1,5.288150311e0,-1.236927867e0
train,2554,C1CC2CCC1CO2,8.228722572e0,9.734354615e-1,7.187088132e-1,9.582784176e-1,9.202157974e0,1.829647899e0
train,2555,CC1C2NC2C2C(C)[NH+]12,7.586534500e0,-8.556893468e-1,7.187088132e-1,9.582784176e-1,6.730844975e0,-1.065947637e-1
train,2556,CC1OCCC1C(N)=O,7.341631889e0,-3.791791201e-1,7.187088132e-1,9.582784176e-1,6.962452888e0,7.486712933e-2
train,2557,O=C1CC(O)C1C1CO1,5.850448132e0,2.359858900e-1,2.156126499e0,2.874835253e0,6.086433887e0,-6.114827394e-1
train,2558,O=C1OC2C1CC21CC1,7.581092358e0,-1.075927138e0,7.187088132e-1,9.582784176e-1,6.505165100e0,-2.834120989e-1
train,2559,O=C1CNC12CCCC2,5.842284679e0,-3.810627460e-1,7.187088132e-1,9.582784176e-1,5.461221695e0,-1.101328611e0
train,2560,CC12CC(CC1CO)C2,9.265477180e0,-1.180066392e-1,7.187088132e-1,9.582784176e-1,9.147470474e0,1.786800981e0
train,2561,C#CCC1CN1C(N)=O,7.627351284e0,-5.724071860e-1,7.187088132e-1,9.582784176e-1,7.054944038e0,1.473327875e-1
train,2562,CC1C(NO)C2C[NH+]1C2,6.579712868e0,1.089129090e0,7.187088132e-1,9.582784176e-1,7.668841839e0,6.283140182e-1
train,2563,CC1(C#N)CC1(C)C#N,8.174300194e0,-2.317869067e-1,7.187088132e-1,9.582784176e-1,7.942513466e0,8.427322507e-1
train,2564,c1nncnn1,3.687142849e0,-1.087076187e0,7.187088132e-1,9.582784176e-1,2.600066662e0,-3.343007565e0
train,2565,CC1=C(C)C2OCC1O2,6.587876320e0,-1.834057719e-1,7.187088132e-1,9.582784176e-1,6.404470444e0,-3.623051047e-1
train,2566,O=COCCCC1CO1,7.714427471e0,-7.571065426e-1,7.187088132e-1,9.582784176e-1,6.957321167e0,7.084649056e-2
train,2567,CCC(O)C#CCO,7.806946754e0,-8.988828659e-1,7.187088132e-1,9.582784176e-1,6.908063889e0,3.225402907e-2
train,2568,CC1CCC(=O)C1NO,4.506205559e0,-8.903202415e-1,7.187088132e-1,9.582784176e-1,3.615885258e0,-2.547126532e0
train,2569,O=C1NCC=CC12CO2,6.454540730e0,2.359137684e-1,7.187088132e-1,9.582784176e-1,6.690454483e0,-1.382402033e-1
train,2570,C1=CC2C(C1)OC1CC12,6.957951069e0,-3.702533841e-1,7.187088132e-1,9.582784176e-1,6.587697506e0,-2.187490016e-1
train,2571,CC12C3C[NH+]4C1C4(C)C32,8.196069717e0,-3.666082621e-1,7.187088132e-1,9.582784176e-1,7.829461575e0,7.541575432e-1
train,2572,Nc1[nH]ccc1NC=O,5.825957775e0,9.925907105e-2,7.187088132e-1,9.582784176e-1,5.925216675e0,-7.377943993e-1
train,2573,[NH-]C1OCC12CCCN2,6.873596191e0,-3.253221214e-1,7.187088132e-1,9.582784176e-1,6.548274040e0,-2.496367991e-1
train,2574,C1OC2CC3(CN3)C2O1,8.299472809e0,3.337208331e-1,7.187088132e-1,9.582784176e-1,8.633193970e0,1.383871794e0
train,2575,CC1C2C3OC3C12,7.763408184e0,-1.817457974e-1,2.156126499e0,2.874835253e0,7.581662178e0,5.600098372e-1
train,2576,CCC1(O)C2C=CC1C2,6.511684418e0,4.071944579e-2,7.187088132e-1,9.582784176e-1,6.552403927e0,-2.464010864e-1
train,2577,C#CC1(COC)COC1,8.002868652e0,-7.953560352e-2,7.187088132e-1,9.582784176e-1,7.923333168e0,8.277047276e-1
train,2578,CC12CCC(CO1)C2=O,5.605545521e0,3.659185767e-2,7.187088132e-1,9.582784176e-1,5.642137527e0,-9.595833421e-1
train,2579,C#CC(CO)C(C)(C)O,7.891301632e0,-3.043697178e-1,7.187088132e-1,9.582784176e-1,7.586931705e0,5.641384125e-1
train,2580,Cc1ccc(C(N)=O)o1,5.458603859e0,-1.107601151e-1,7.187088132e-1,9.582784176e-1,5.347843647e0,-1.190158963e0
train,2581,CNc1n[nH]c(NC)n1,6.519847870e0,3.763792291e-2,7.187088132e-1,9.582784176e-1,6.557485580e0,-2.424196750e-1
train,2582,N#CC(N)C1(CO)CN1,7.379727840e0,1.280788779e0,7.187088132e-1,9.582784176e-1,8.660516739e0,1.405278802e0
train,2583,O=C1CC2(O1)C1CCC12,7.570207596e0,3.087012768e-1,7.187088132e-1,9.582784176e-1,7.878909111e0,7.928990722e-1
train,2584,CCC1OC2(C#N)CC12,6.966114998e0,2.773614228e-1,7.187088132e-1,9.582784176e-1,7.243476391e0,2.950455248e-1
train,2585,C#CC12CC(=O)C1N2,5.692621708e0,2.074024677e0,2.156126499e0,2.874835253e0,7.766646385e0,7.049426436e-1
train,2586,[CH+]1[NH2+]C2C(CC3OC32)O1,7.295372486e0,-1.161390319e-1,7.187088132e-1,9.582784176e-1,7.179233551e0,2.447120547e-1
train,2587,CCCC1CC1(C)O,8.827373505e0,-3.594876230e-1,7.187088132e-1,9.582784176e-1,8.467885971e0,1.254355073e0
train,2588,O=C1CC2C(=O)C1C2O,5.529353619e0,-4.850661755e-2,7.187088132e-1,9.582784176e-1,5.480846882e0,-1.085952520e0
train,2589,CC1CC2(CC2)C([NH-])O1,7.572928429e0,8.670157194e-1,7.187088132e-1,9.582784176e-1,8.439944267e0,1.232463002e0
train,2590,CC(CCO)C1OC1C,9.080439568e0,-3.705222011e-1,7.187088132e-1,9.582784176e-1,8.709917068e0,1.443983316e0
train,2591,Nc1nccnc1F,5.123903751e0,-5.492246151e-1,7.187088132e-1,9.582784176e-1,4.574679375e0,-1.795923471e0
train,2592,CNC1=C[CH-]C(C)O1,5.621871948e0,-3.972920477e-1,7.187088132e-1,9.582784176e-1,5.224579811e0,-1.286734581e0
train,2593,CC#CC1C(=O)CC1C,5.711669922e0,-3.854839802e-1,7.187088132e-1,9.582784176e-1,5.326186180e0,-1.207127333e0
train,2594,CC#CC#CC(C)=O,4.903491497e0,4.609838128e-1,7.187088132e-1,9.582784176e-1,5.364475250e0,-1.177128315e0
train,2595,C1=CC2C3CCOC1C23,6.492636681e0,3.517915606e-1,7.187088132e-1,9.582784176e-1,6.844428062e0,-1.760384068e-2
train,2596,CC1OC(C2CC2)C1O,8.163415909e0,-7.133889198e-1,7.187088132e-1,9.582784176e-1,7.450026989e0,4.568752944e-1
train,2597,OC1CCc2cocc21,6.280387878e0,8.963311464e-2,7.187088132e-1,9.582784176e-1,6.370020866e0,-3.892959058e-1
train,2598,OC12CCC1OC2,8.133483887e0,-4.349185944e0,2.156126499e0,2.874835253e0,3.784297943e0,-2.415177345e0
train,2599,CCC1(O)CCC1C=O,5.951130390e0,-1.016610503e0,7.187088132e-1,9.582784176e-1,4.934519768e0,-1.513993025e0
train,2600,C1CC23CC(C4OC42)[NH+]13,7.828715801e0,7.063740492e-1,7.187088132e-1,9.582784176e-1,8.535089493e0,1.307008147e0
train,2601,CNc1cc(C)c(N)o1,5.877659321e0,-8.999931067e-2,7.187088132e-1,9.582784176e-1,5.787660122e0,-8.455682397e-1
train,2602,CCC1CC(C)N=CO1,7.385169983e0,3.741284460e-2,7.187088132e-1,9.582784176e-1,7.422582626e0,4.353730083e-1
train,2603,COCC(CO)OC,9.129420280e0,-3.465893269e-1,7.187088132e-1,9.582784176e-1,8.782831192e0,1.501110673e0
train,2604,OC1CC23CCC2OC13,7.823273182e0,-4.666208327e-1,7.187088132e-1,9.582784176e-1,7.356652260e0,3.837173879e-1
train,2605,C#CC1(O)C2COC21,6.892644405e0,-6.972695589e-1,7.187088132e-1,9.582784176e-1,6.195374966e0,-5.261287689e-1
train,2606,CC(O)C1OCC12CO2,8.394712448e0,1.105716467e0,7.187088132e-1,9.582784176e-1,9.500429153e0,2.063339710e0
train,2607,CCCC(C)C#N,9.567523003e0,4.793804884e-1,7.187088132e-1,9.582784176e-1,1.004690361e1,2.491495609e0
train,2608,N#CC1C(=O)C[NH+]2CC12,5.491257668e0,-4.582274556e-1,7.187088132e-1,9.582784176e-1,5.033030033e0,-1.436811447e0
train,2609,[NH-][CH+]OC(=O)CN,6.293993473e0,8.357244134e-1,7.187088132e-1,9.582784176e-1,7.129717827e0,2.059171051e-1
train,2610,CNC(=O)NCCO,8.155252457e0,9.806345105e-1,7.187088132e-1,9.582784176e-1,9.135887146e0,1.777725577e0
train,2611,CC1OCCC1C=O,6.065417767e0,4.396734536e-1,7.187088132e-1,9.582784176e-1,6.505091190e0,-2.834700048e-1
train,2612,CC1OC2C[NH+]3C1C23C,8.492672920e0,2.828991413e-1,7.187088132e-1,9.582784176e-1,8.775571823e0,1.495423079e0
train,2613,CC#CC(C)COC,8.318520546e0,-5.019360781e-1,7.187088132e-1,9.582784176e-1,7.816584587e0,7.440685630e-1
train,2614,C#CC1CC2C(C)C2O1,7.551159859e0,7.843801379e-1,7.187088132e-1,9.582784176e-1,8.335539818e0,1.150663495e0
train,2615,CCC(O)C12CCC1C2,8.604239464e0,3.508034945e-1,7.187088132e-1,9.582784176e-1,8.955042839e0,1.636036277e0
train,2616,COCCCNCC#N,7.357958317e0,1.308200061e-1,7.187088132e-1,9.582784176e-1,7.488778114e0,4.872363210e-1
train,2617,CC1=CC(C)C(C)CC1,7.118498325e0,-1.493210793e0,7.187088132e-1,9.582784176e-1,5.625287533e0,-9.727851152e-1
train,2618,CC1COC1C1CC1,8.781113625e0,8.318315148e-1,7.187088132e-1,9.582784176e-1,9.612945557e0,2.151494741e0
train,2619,CC(C)[NH+]1CC1CC=O,5.589218616e0,-6.917968392e-1,7.187088132e-1,9.582784176e-1,4.897421837e0,-1.543058753e0
train,2620,CO[CH+][NH2+]C1(C)CC1,6.824615955e0,-1.196075827e-1,7.187088132e-1,9.582784176e-1,6.705008507e0,-1.268373132e-1
train,2621,COC12CCCC1C2,9.034179688e0,1.086108208e0,7.187088132e-1,9.582784176e-1,1.012028790e1,2.548991203e0
train,2622,C#CC12CNC1CN2,6.865432262e0,2.381674200e-1,7.187088132e-1,9.582784176e-1,7.103599548e0,1.854537576e-1
train,2623,COC1(C(C)(C)O)CC1,8.696758270e0,2.995517552e-1,7.187088132e-1,9.582784176e-1,8.996310234e0,1.668368816e0
train,2624,CC(C)(C)C12CCC1C2,8.699480057e0,-9.224417210e-1,7.187088132e-1,9.582784176e-1,7.777038574e0,7.130847573e-1
train,2625,C#CC12CCC1(C#N)C2,6.601481915e0,-6.242166162e-1,7.187088132e-1,9.582784176e-1,5.977265358e0,-6.970149279e-1
train,2626,C[NH2+]C1NCC(=O)C1O,5.159278870e0,9.928163886e-1,7.187088132e-1,9.582784176e-1,6.152095318e0,-5.600378513e-1
train,2627,C[NH+]1CCC(=O)C1CO,5.872217178e0,3.909149766e-1,7.187088132e-1,9.582784176e-1,6.263132095e0,-4.730419219e-1
train,2628,CC1NC2[NH2+]CCC12O,6.421886921e0,1.074216485e0,7.187088132e-1,9.582784176e-1,7.496103287e0,4.929755032e-1
train,2629,CCC(C)OCC(C)C,9.026016235e0,2.571027875e-1,7.187088132e-1,9.582784176e-1,9.283119202e0,1.893079996e0
train,2630,C#CC1=NC2CC2CO1,5.640920639e0,-5.032428503e-1,7.187088132e-1,9.582784176e-1,5.137677670e0,-1.354821324e0
train,2631,CC12CCC=CC1OC2,6.865432262e0,-2.624816895e-1,7.187088132e-1,9.582784176e-1,6.602950573e0,-2.067984194e-1
train,2632,OC1C=C2CC(O)C2C1,6.691279888e0,-5.416513085e-1,7.187088132e-1,9.582784176e-1,6.149628639e0,-5.619704723e-1
train,2633,CC1C2CC(O2)C1(C)O,8.351174355e0,4.787456989e-2,7.187088132e-1,9.582784176e-1,8.399048805e0,1.200421929e0
train,2634,[NH-]C1NC=NCC1O,6.234128475e0,2.428886175e0,2.156126499e0,2.874835253e0,8.663014412e0,1.407235742e0
train,2635,CCc1nc(O)cn1C,6.035485268e0,1.784082800e-1,7.187088132e-1,9.582784176e-1,6.213893414e0,-5.116198063e-1
train,2636,C#CC1[CH-]C=C(NO)C1,5.243634224e0,3.729566932e-1,7.187088132e-1,9.582784176e-1,5.616590977e0,-9.795987606e-1
train,2637,O=CC12CC3CC(O1)C32,5.586497784e0,8.378572762e-2,7.187088132e-1,9.582784176e-1,5.670283318e0,-9.375314713e-1
train,2638,CCCc1cc(N)on1,6.332089424e0,9.501564503e-1,7.187088132e-1,9.582784176e-1,7.282245636e0,3.254207373e-1
train,2639,CC1NC1c1cc[nH]c1,6.688558578e0,-3.828358352e-1,7.187088132e-1,9.582784176e-1,6.305722713e0,-4.396727085e-1
train,2640,O=C1OCC1C1CO1,7.499457359e0,5.162222981e-1,7.187088132e-1,9.582784176e-1,8.015679359e0,9.000568390e-1
train,2641,CC1NC12C1CC2C1=O,6.840942383e0,4.916668236e-1,7.187088132e-1,9.582784176e-1,7.332609177e0,3.648799360e-1
train,2642,N#CC1CCN=CO1,7.240949631e0,-6.026956718e-3,7.187088132e-1,9.582784176e-1,7.234922886e0,2.883439362e-1
train,2643,C1C2OC3C1C1C2CC31,8.794719696e0,-2.895257473e-1,7.187088132e-1,9.582784176e-1,8.505193710e0,1.283585191e0
train,2644,Nc1nc(O)nc(=O)[nH]1,6.247734070e0,-2.418868691e-1,7.187088132e-1,9.582784176e-1,6.005846977e0,-6.746215820e-1
train,2645,OC1C2OCC3OC3C12,8.136203766e0,-1.415987015e0,7.187088132e-1,9.582784176e-1,6.720216751e0,-1.149218380e-1
train,2646,CC1NC1C1(O)CC1C,7.894023418e0,1.689184010e-1,7.187088132e-1,9.582784176e-1,8.062941551e0,9.370861650e-1
train,2647,CC12C[NH+]3CC(O)C1C32,7.703543663e0,6.966493130e-1,7.187088132e-1,9.582784176e-1,8.400193214e0,1.201318622e0
train,2648,C1=CC23NCC2OC3C1,5.929360867e0,-1.879772544e-1,7.187088132e-1,9.582784176e-1,5.741383553e0,-8.818253279e-1
train,2649,N#CC(N)C(N)C1CN1,7.213738441e0,6.229869723e-1,7.187088132e-1,9.582784176e-1,7.836725235e0,7.598485351e-1
train,2650,C1OC2C3NC3C2O1,8.005589485e0,8.982662559e-1,7.187088132e-1,9.582784176e-1,8.903855324e0,1.595931530e0
train,2651,CC1C(C=O)C1(C)C#N,5.942966461e0,-1.209589187e-2,7.187088132e-1,9.582784176e-1,5.930870533e0,-7.333647013e-1
train,2652,CC1(C2CO2)COC1,8.609682083e0,4.634021223e-1,7.187088132e-1,9.582784176e-1,9.073083878e0,1.728520036e0
train,2653,O=CC12OCC1OC2=O,5.518469334e0,2.036111355e-1,7.187088132e-1,9.582784176e-1,5.722080231e0,-8.969492912e-1
train,2654,CC(O)C1NC(=O)C1O,7.289929867e0,8.866331726e-2,7.187088132e-1,9.582784176e-1,7.378592968e0,4.009076655e-1
train,2655,C1OCC23COCC12O3,8.903565407e0,6.235241294e-1,7.187088132e-1,9.582784176e-1,9.527089119e0,2.084227324e0
train,2656,OC1(C2CO2)CCC1,9.026016235e0,1.512506247e0,2.156126499e0,2.874835253e0,1.053852272e1,2.876672983e0
train,2657,CC1C=CC2C(=O)OC12,6.710327625e0,-7.706685066e-1,7.187088132e-1,9.582784176e-1,5.939659119e0,-7.264789343e-1
train,2658,CCc1c[nH]nc1C#N,6.386512280e0,3.766152859e-1,7.187088132e-1,9.582784176e-1,6.763127327e0,-8.130194247e-2
train,2659,N#CC1C2C3CCC3C12,7.994705200e0,3.048599362e-1,7.187088132e-1,9.582784176e-1,8.299565315e0,1.122477889e0
train,2660,C1=CC2C3C=CC1C23,6.364743233e0,-4.553471878e-2,7.187088132e-1,9.582784176e-1,6.319208622e0,-4.291066825e-1
train,2661,OC1CC2[CH-]COC12,6.342973709e0,-4.671736360e-1,7.187088132e-1,9.582784176e-1,5.875800133e0,-7.765116692e-1
train,2662,COC1CCC(NO)C1,6.783798695e0,1.463915825e0,2.156126499e0,2.874835253e0,8.247714996e0,1.081853867e0
train,2663,CCC1OCC1NO,6.666789532e0,-3.038604259e-1,2.156126499e0,2.874835253e0,6.362929344e0,-3.948520422e-1
train,2664,O=CC1NC(=O)N2CC12,5.771534920e0,2.802180767e0,2.156126499e0,2.874835253e0,8.573715210e0,1.337270856e0
train,2665,COC(=O)C(=O)CCO,4.960635662e0,-7.096369267e-1,7.187088132e-1,9.582784176e-1,4.250998497e0,-2.049523354e0
train,2666,CCOCc1ncon1,6.299435616e0,-1.436576992e-1,7.187088132e-1,9.582784176e-1,6.155777931e0,-5.571525693e-1
train,2667,CC1Cc2ocnc2O1,5.556564808e0,1.956995130e0,7.187088132e-1,9.582784176e-1,7.513559818e0,5.066524744e-1
train,2668,COc1cc(N)[nH]c1N,6.111677170e0,-3.973008096e-1,7.187088132e-1,9.582784176e-1,5.714376450e0,-9.029850960e-1
train,2669,CC1(C2CNC2=O)CN1,7.624630451e0,5.428575277e-1,7.187088132e-1,9.582784176e-1,8.167488098e0,1.018997073e0
train,2670,CC(=O)c1cnnnn1,3.975583553e0,-2.794943333e0,2.156126499e0,2.874835253e0,1.180640221e0,-4.455110550e0
train,2671,O=C1C[NH+]2CC3C(O1)C32,6.386512280e0,2.296642661e-1,7.187088132e-1,9.582784176e-1,6.616176605e0,-1.964359879e-1
train,2672,N#CC#CC(=O)C1CO1,4.898049831e0,-4.434449971e-2,7.187088132e-1,9.582784176e-1,4.853705406e0,-1.577309966e0
train,2673,CCCCC(C)CC#N,9.409697533e0,-3.726922572e-1,7.187088132e-1,9.582784176e-1,9.037005424e0,1.700253010e0
train,2674,CC1CCCCOC=N1,7.083124161e0,-1.385083318e0,7.187088132e-1,9.582784176e-1,5.698040962e0,-9.157837033e-1
train,2675,Cn1nnc(N)n1,5.937524319e0,1.483948708e0,7.187088132e-1,9.582784176e-1,7.421473026e0,4.345036447e-1
train,2676,N#CC1=CC2CC[NH+]2C1,5.104856014e0,-6.920348406e-1,7.187088132e-1,9.582784176e-1,4.412821293e0,-1.922737241e0
train,2677,CCCC(=O)N1CC1,6.898086548e0,-6.114536524e-1,7.187088132e-1,9.582784176e-1,6.286633015e0,-4.546292424e-1
train,2678,C[n+]1ccc([NH-])c(O)n1,4.693964005e0,1.192219496e0,7.187088132e-1,9.582784176e-1,5.886183739e0,-7.683762312e-1
train,2679,CC12COC1C(CO)N2,7.567486763e0,-1.004598737e-1,7.187088132e-1,9.582784176e-1,7.467026711e0,4.701943696e-1
train,2680,C1C2OC34CC(C3)[NH+]1C24,6.699442863e0,9.066953659e-1,7.187088132e-1,9.582784176e-1,7.606138229e0,5.791864991e-1
train,2681,c1cnccoccn1,4.430013657e0,5.041732192e-1,7.187088132e-1,9.582784176e-1,4.934186935e0,-1.514253736e0
train,2682,C#CC1(C)CC12CCO2,7.491294384e0,-4.063205719e-1,7.187088132e-1,9.582784176e-1,7.084973812e0,1.708607376e-1
train,2683,C#CCC1CC1(C)CO,8.517163277e0,-1.222594738e0,7.187088132e-1,9.582784176e-1,7.294568539e0,3.350755572e-1
train,2684,COC(C)C(=O)C1CC1,6.130725384e0,-1.091220677e-1,7.187088132e-1,9.582784176e-1,6.021603107e0,-6.622768641e-1
train,2685,CC1CCCCC(=O)O1,7.148430824e0,-4.247539639e-1,7.187088132e-1,9.582784176e-1,6.723676682e0,-1.122110263e-1
train,2686,[NH-]C1OCC1NC1CC1,6.715770245e0,-1.896768361e-1,7.187088132e-1,9.582784176e-1,6.526093483e0,-2.670149803e-1
train,2687,C#Cc1oc(C)nc1N,4.919818878e0,-8.051161170e-1,7.187088132e-1,9.582784176e-1,4.114702702e0,-2.156309366e0
train,2688,Cc1oc(=O)[nH]c1CO,6.190590382e0,3.951951861e-1,7.187088132e-1,9.582784176e-1,6.585785389e0,-2.202471197e-1
train,2689,C[NH+]1CC(O)C1CC#N,7.311699390e0,1.440679193e0,7.187088132e-1,9.582784176e-1,8.752378464e0,1.477251291e0
train,2690,OC12C3C[NH+]4C3C1(O)C42,7.458641052e0,2.277340181e-2,7.187088132e-1,9.582784176e-1,7.481414318e0,4.814668894e-1
train,2691,O=C1OCOCC2NC12,6.778356075e0,1.093279362e0,7.187088132e-1,9.582784176e-1,7.871635437e0,7.872002125e-1
train,2692,CC(=O)Nc1ncon1,6.288550854e0,-8.185544014e-1,7.187088132e-1,9.582784176e-1,5.469996452e0,-1.094453692e0
train,2693,CC1[NH+](C)C12CC(O)C2,7.951167107e0,3.710266948e-1,2.156126499e0,2.874835253e0,8.322194099e0,1.140207291e0
train,2694,O=C1CCC2OCC1O2,5.806910038e0,-2.174656093e-1,7.187088132e-1,9.582784176e-1,5.589444637e0,-1.000867605e0
train,2695,Cc1cc(=O)nc(N)o1,5.703506470e0,-5.348674059e-1,7.187088132e-1,9.582784176e-1,5.168639183e0,-1.330563426e0
train,2696,CC1=C(NO)C2NC2[CH-]1,5.151115417e0,1.070018560e-1,7.187088132e-1,9.582784176e-1,5.258117199e0,-1.260458469e0
train,2697,COc1c[nH]nc1C=O,5.194653511e0,-3.101138473e-1,7.187088132e-1,9.582784176e-1,4.884539604e0,-1.553151846e0
train,2698,C1C(C[NH+]2CC2)C2OC12,8.778392792e0,1.210079312e0,7.187088132e-1,9.582784176e-1,9.988471985e0,2.445714951e0
train,2699,COc1c[nH]c(CO)n1,6.016437531e0,6.597158313e-1,7.187088132e-1,9.582784176e-1,6.676153183e0,-1.494450867e-1
train,2700,C#CC1(C(C)CO)CO1,7.692658901e0,2.866266109e-2,2.156126499e0,2.874835253e0,7.721321583e0,6.694312096e-1
train,2701,Nc1no[cH+]cc1NO,4.707569599e0,6.784675121e-1,7.187088132e-1,9.582784176e-1,5.386036873e0,-1.160235047e0
train,2702,Nc1nc(O)c[nH]1,6.206917286e0,1.029521465e0,7.187088132e-1,9.582784176e-1,7.236438751e0,2.895316184e-1
train,2703,C#CCn1nnnn1,6.802846432e0,8.370700479e-1,7.187088132e-1,9.582784176e-1,7.639916420e0,6.056513190e-1
train,2704,CCNc1cc(N)c[nH]1,5.959293365e0,-1.089029074e0,7.187088132e-1,9.582784176e-1,4.870264053e0,-1.564336538e0
train,2705,CC1CCC1C1CC1,9.379764557e0,1.093219757e0,7.187088132e-1,9.582784176e-1,1.047298431e1,2.825324297e0
train,2706,CC(=NO)C1(O)CC1,6.617809296e0,-7.412698865e-1,7.187088132e-1,9.582784176e-1,5.876539230e0,-7.759325504e-1
train,2707,CNc1nc[nH]c(=O)n1,5.714390755e0,-1.095224500e0,7.187088132e-1,9.582784176e-1,4.619166374e0,-1.761068463e0
train,2708,N#CC#CC[NH+]1CC1,5.864053726e0,9.459236264e-1,7.187088132e-1,9.582784176e-1,6.809977531e0,-4.459539801e-2
train,2709,C#CC1NC1CCC=O,6.168820858e0,1.154083535e-1,7.187088132e-1,9.582784176e-1,6.284229279e0,-4.565125406e-1
train,2710,COC1CC2C3CC1[NH+]23,8.430087090e0,8.044730425e-1,7.187088132e-1,9.582784176e-1,9.234560013e0,1.855034471e0
train,2711,CC1([NH+]2CC2)CC1CO,8.040965080e0,-1.204848140e-1,7.187088132e-1,9.582784176e-1,7.920480251e0,8.254695535e-1
train,2712,CC1(C#N)CCC(O)C1,8.865469933e0,9.996213317e-1,7.187088132e-1,9.582784176e-1,9.865091324e0,2.349047899e0
train,2713,CCC(CO)CCC=O,6.231407166e0,7.757337093e-1,7.187088132e-1,9.582784176e-1,7.007141113e0,1.098797917e-1
train,2714,CC1(C)CC2(C)CC12O,8.389269829e0,4.148003459e-1,7.187088132e-1,9.582784176e-1,8.804070473e0,1.517751336e0
train,2715,CC1(O)C[NH2+]C2NCC21,6.859990120e0,3.792816639e0,2.156126499e0,2.874835253e0,1.065280724e1,2.966213465e0
train,2716,CC1OC2C3NC2C13O,7.692658901e0,-6.910203695e-1,7.187088132e-1,9.582784176e-1,7.001638412e0,1.055684909e-1
train,2717,C#CC(CC)C(C)C=O,6.133446217e0,-2.802620530e-1,7.187088132e-1,9.582784176e-1,5.853184223e0,-7.942309380e-1
train,2718,C#CC1C2NC2C1(C)C,7.621908665e0,7.389658689e-1,7.187088132e-1,9.582784176e-1,8.360874176e0,1.170512676e0
train,2719,CC1(C#N)CC1O,8.457298279e0,-5.313071012e-1,7.187088132e-1,9.582784176e-1,7.925991058e0,8.297871947e-1
train,2720,CC12CC(C=O)[NH+]1C2,5.877659321e0,-5.602464676e-1,7.187088132e-1,9.582784176e-1,5.317412853e0,-1.214001060e0
train,2721,CC12CC(=O)C1(CO)N2,5.948409081e0,-1.644842029e-1,7.187088132e-1,9.582784176e-1,5.783925056e0,-8.484945893e-1
train,2722,C[NH2+][CH+]OC(C)C#N,7.308978081e0,-1.879492551e-1,7.187088132e-1,9.582784176e-1,7.121028900e0,1.991094351e-1
train,2723,Nc1nc(N)c(C=O)o1,4.843626976e0,2.041677535e-1,2.156126499e0,2.874835253e0,5.047794819e0,-1.425243378e0
train,2724,O=CCC1OC1CO,6.098071575e0,1.021805871e-2,7.187088132e-1,9.582784176e-1,6.108289719e0,-5.943589807e-1
train,2725,CCC12CC1C1CC12O,7.526669502e0,1.167376280e0,7.187088132e-1,9.582784176e-1,8.694046021e0,1.431548595e0
train,2726,CC12CC1C(O)C21CO1,8.375664711e0,1.165441751e0,7.187088132e-1,9.582784176e-1,9.541106224e0,2.095209599e0
train,2727,CCCCNC(=O)C=O,4.819136620e0,-1.461907327e-1,7.187088132e-1,9.582784176e-1,4.672945976e0,-1.718932748e0
train,2728,C#CCC(O)COCC,8.076338768e0,-3.622823358e-1,7.187088132e-1,9.582784176e-1,7.714056492e0,6.637390852e-1
train,2729,N#CC1C=CC2NC12,6.606924534e0,-2.855129242e-1,7.187088132e-1,9.582784176e-1,6.321411610e0,-4.273806512e-1
train,2730,CC#CC(C)C[NH+]1CC1,8.084503174e0,1.608983755e0,7.187088132e-1,9.582784176e-1,9.693487167e0,2.214598179e0
train,2731,CC1C2C=CC3C1[NH+]23,5.812351704e0,9.123679996e-2,7.187088132e-1,9.582784176e-1,5.903588295e0,-7.547399998e-1
train,2732,CC1=CCCC(O)CC1,6.922576904e0,6.590808630e-1,7.187088132e-1,9.582784176e-1,7.581657887e0,5.600064397e-1
train,2733,C#CCCc1cnn[nH]1,6.805567265e0,-1.228155732e0,7.187088132e-1,9.582784176e-1,5.577411652e0,-1.010295272e0
train,2734,CC12COC1C21CCC1,8.065455437e0,-7.257825732e-1,7.187088132e-1,9.582784176e-1,7.339673042e0,3.704143763e-1
train,2735,C#CC12CCC(O1)C2C,7.314420223e0,3.262539506e-1,7.187088132e-1,9.582784176e-1,7.640674114e0,6.062449217e-1
train,2736,CCC1CC2OC2CO1,9.202890396e0,1.047169685e0,7.187088132e-1,9.582784176e-1,1.025006008e1,2.650665998e0
train,2737,C[n+]1nn[nH]c(=O)c1[NH-],5.281730175e0,-8.962737322e-1,7.187088132e-1,9.582784176e-1,4.385456562e0,-1.944177151e0
train,2738,O=C1CC(CO)CCO1,7.379727840e0,3.014670014e-1,7.187088132e-1,9.582784176e-1,7.681194782e0,6.379923820e-1
train,2739,CC1C=CCC(CO)O1,7.224623203e0,9.127981067e-1,7.187088132e-1,9.582784176e-1,8.137421608e0,9.954403639e-1
train,2740,C1=CC(C2CCO2)OC1,6.593318939e0,-9.855793417e-2,7.187088132e-1,9.582784176e-1,6.494760990e0,-2.915636003e-1
train,2741,O=C1CCCC=CCN1,6.342973709e0,3.379378319e0,2.156126499e0,2.874835253e0,9.722352028e0,2.237213373e0
train,2742,CC1(C)C(=O)OC12CC2,7.640957355e0,-8.460906148e-2,2.156126499e0,2.874835253e0,7.556348324e0,5.401767492e-1
train,2743,CC12COC3C1NC32,8.557980537e0,3.641348779e-1,2.156126499e0,2.874835253e0,8.922115326e0,1.610238075e0
train,2744,C1=CC(C2CO2)CCC1,7.178363323e0,8.937828988e-2,7.187088132e-1,9.582784176e-1,7.267741680e0,3.140570521e-1
train,2745,CCC1CCC1(C)CC,9.600176811e0,-2.203053236e-2,7.187088132e-1,9.582784176e-1,9.578145981e0,2.124229908e0
train,2746,NC(=[NH+]CCO)C(=O)[O-],5.371527672e0,-5.355059505e-1,7.187088132e-1,9.582784176e-1,4.836021900e0,-1.591164827e0
train,2747,CC1OC2C=CC1C2O,6.707606792e0,1.300833970e-1,7.187088132e-1,9.582784176e-1,6.837690353e0,-2.288275026e-2
train,2748,CC12CC(NO)C1C2,6.669510841e0,3.429174423e0,2.156126499e0,2.874835253e0,1.009868526e1,2.532065868e0
train,2749,CNC(C#N)C(C)CO,7.491294384e0,-6.135235429e-1,7.187088132e-1,9.582784176e-1,6.877770901e0,8.519855328e-3
train,2750,CC1C2C(=O)C3[NH+]1C23C,6.174263477e0,-1.413168460e-1,7.187088132e-1,9.582784176e-1,6.032946587e0,-6.533893943e-1
train,2751,C1=CC(C2CC2)OC1,6.849106312e0,-2.909553349e-1,7.187088132e-1,9.582784176e-1,6.558150768e0,-2.418985069e-1
train,2752,O=CNC(C=O)C1CN1,5.613708973e0,-5.533834100e-1,7.187088132e-1,9.582784176e-1,5.060325623e0,-1.415425658e0
train,2753,Nc1ccc(=O)[nH]c1,4.231370449e0,-7.307452559e-1,7.187088132e-1,9.582784176e-1,3.500625134e0,-2.637431383e0
train,2754,O=CNc1nn[nH]n1,6.144330502e0,-4.027397633e-1,7.187088132e-1,9.582784176e-1,5.741590500e0,-8.816632032e-1
train,2755,CC1CC(O)(C#N)C1=O,5.472209930e0,-1.201183721e-2,7.187088132e-1,9.582784176e-1,5.460197926e0,-1.102130771e0
train,2756,COC1(C)C(O)C1C#N,7.551159859e0,-5.385870337e-1,7.187088132e-1,9.582784176e-1,7.012572765e0,1.141354218e-1
train,2757,CC1NC(C#N)C1C#N,7.208295822e0,2.757318020e-1,7.187088132e-1,9.582784176e-1,7.484027863e0,4.835145772e-1
train,2758,C#CC12C3CC1(C)C[NH+]32,6.928018570e0,5.726569146e-2,7.187088132e-1,9.582784176e-1,6.985284328e0,9.275527298e-2
train,2759,CC1[NH2+]C(CO)C(=O)O1,6.636857033e0,-5.358004570e-1,7.187088132e-1,9.582784176e-1,6.101056576e0,-6.000260711e-1
train,2760,[NH-]c1[nH+]nnc(N)c1N,4.046332836e0,4.764568508e-1,7.187088132e-1,9.582784176e-1,4.522789478e0,-1.836578488e0
train,2761,CC1C2CC(C)(C)C12O,8.522605896e0,-1.595835388e-1,7.187088132e-1,9.582784176e-1,8.363022804e0,1.172196031e0
train,2762,N#CCCc1ccno1,6.625972271e0,1.492391825e0,7.187088132e-1,9.582784176e-1,8.118364334e0,9.805092216e-1
train,2763,N#CCC1=NCC([NH-])N1,6.250455379e0,-3.718063235e-1,7.187088132e-1,9.582784176e-1,5.878649235e0,-7.742794156e-1
train,2764,C#CC(N)c1ncco1,6.606924534e0,-5.649498701e-1,7.187088132e-1,9.582784176e-1,6.041974545e0,-6.463161111e-1
train,2765,O=CC1C=CC2OC12,5.714390755e0,-3.278181255e-1,7.187088132e-1,9.582784176e-1,5.386572838e0,-1.159815073e0
train,2766,OC1(CC2CC2)CC1,8.876354218e0,-2.377721369e-1,7.187088132e-1,9.582784176e-1,8.638582230e0,1.388093352e0
train,2767,O=C1CC2(O)C=CCC12,5.934803009e0,-9.356609583e-1,7.187088132e-1,9.582784176e-1,4.999142170e0,-1.463362098e0
train,2768,CCC1OC1(C#N)CC,8.144367218e0,-1.170415878e0,7.187088132e-1,9.582784176e-1,6.973951340e0,8.387602121e-2
train,2769,O=CC1OCC1(O)C=O,5.156557560e0,6.663517952e-1,7.187088132e-1,9.582784176e-1,5.822909355e0,-8.179509044e-1
train,2770,CC(=O)CC1NC1C#N,6.389233112e0,1.225634813e0,7.187088132e-1,9.582784176e-1,7.614868164e0,5.860263109e-1
train,2771,Cn1cc(N)nn1,5.864053726e0,-7.292245030e-1,7.187088132e-1,9.582784176e-1,5.134829044e0,-1.357053161e0
train,2772,C#CC12C[NH+]1C(C)(C)C2,6.922576904e0,3.194659948e-1,7.187088132e-1,9.582784176e-1,7.242043018e0,2.939224839e-1
train,2773,O=CCc1cnco1,5.616430283e0,-1.215490818e0,2.156126499e0,2.874835253e0,4.400939465e0,-1.932046413e0
train,2774,[NH-]c1nc(O)n[cH+]o1,5.194653511e0,2.282017708e0,7.187088132e-1,9.582784176e-1,7.476671219e0,4.777507186e-1
train,2775,CC(O)C#CCC=O,6.002831459e0,6.001919508e-1,7.187088132e-1,9.582784176e-1,6.603023529e0,-2.067412585e-1
train,2776,O=CC1CCC=CCC1,5.986505032e0,-9.717553258e-1,7.187088132e-1,9.582784176e-1,5.014749527e0,-1.451133966e0
train,2777,CC(C)c1ccn(C)n1,7.006931782e0,3.068158031e-1,7.187088132e-1,9.582784176e-1,7.313747406e0,3.501019776e-1
train,2778,C1=CC2OC23C=CC1C3,5.907591820e0,5.460903049e-1,7.187088132e-1,9.582784176e-1,6.453681946e0,-3.237484992e-1
train,2779,C#CC1(CCC)OC1C,7.766129494e0,8.099223375e-1,7.187088132e-1,9.582784176e-1,8.576051712e0,1.339101553e0
train,2780,CC(O)C1(O)C(C)C1C,8.440972328e0,-1.590891182e-1,2.156126499e0,2.874835253e0,8.281883240e0,1.108624220e0
train,2781,CC(C)C1(C)NC1CO,8.533491135e0,4.259686172e-1,7.187088132e-1,9.582784176e-1,8.959459305e0,1.639496565e0
train,2782,CC12C(=O)[CH-]C3CC1C32,4.372869492e0,-6.118908525e-1,7.187088132e-1,9.582784176e-1,3.760978699e0,-2.433447599e0
train,2783,CC1C2COC12,8.566143990e0,-4.364095926e-1,7.187088132e-1,9.582784176e-1,8.129734039e0,9.894172549e-1
train,2784,CCOCC1CCC1O,8.715806961e0,1.486405015e0,7.187088132e-1,9.582784176e-1,1.020221233e1,2.613178015e0
train,2785,CCC12C=CC(C1)C2C,6.432771206e0,-9.020271301e-1,7.187088132e-1,9.582784176e-1,5.530744076e0,-1.046858788e0
train,2786,C#CC1=CCOC1=O,5.415065765e0,9.183762670e-1,7.187088132e-1,9.582784176e-1,6.333442211e0,-4.179548323e-1
train,2787,C#Cc1nc(C)[nH]c1O,5.891264915e0,9.364852905e-1,7.187088132e-1,9.582784176e-1,6.827750206e0,-3.067073040e-2
train,2788,CC12CCC1(C)C2C=O,6.117119789e0,2.703874744e-2,7.187088132e-1,9.582784176e-1,6.144158363e0,-5.662563443e-1
train,2789,O=COCC(=O)N1CC1,6.677673817e0,1.594199538e-1,7.187088132e-1,9.582784176e-1,6.837093830e0,-2.335011959e-2
train,2790,CC1C2CC3(CO3)C12O,8.538932800e0,3.868203759e-1,7.187088132e-1,9.582784176e-1,8.925753593e0,1.613088608e0
train,2791,NC1=NC(CO)COC1,6.832778931e0,-6.204359531e-1,7.187088132e-1,9.582784176e-1,6.212343216e0,-5.128343701e-1
train,2792,N#CC12CC(O)C1C2,7.850484848e0,-1.399222255e0,7.187088132e-1,9.582784176e-1,6.451262474e0,-3.256441355e-1
train,2793,c1cnc2cn[nH]c2c1,5.279008865e0,-1.512975693e0,2.156126499e0,2.874835253e0,3.766033173e0,-2.429487467e0
train,2794,C#CC12CC1N[CH+][NH2+]2,6.729375839e0,3.030991256e-1,7.187088132e-1,9.582784176e-1,7.032474995e0,1.297285706e-1
train,2795,O=CC1(O)C2C3C[NH+]2C31,5.469488621e0,-3.131860495e-2,7.187088132e-1,9.582784176e-1,5.438169956e0,-1.119389415e0
train,2796,C#CCOC,7.861369133e0,-9.914818406e-2,7.187088132e-1,9.582784176e-1,7.762220860e0,7.014752626e-1
train,2797,C[NH2+]C1CCN1C(N)=O,6.593318939e0,-1.067892194e0,7.187088132e-1,9.582784176e-1,5.525426865e0,-1.051024675e0
train,2798,OCc1cnc2n1CC2,6.625972271e0,-3.123206794e-1,7.187088132e-1,9.582784176e-1,6.313651562e0,-4.334605634e-1
train,2799,[NH-]c1[nH]c(N)cc(=O)[nH+]1,5.630035877e0,-1.561298966e-1,2.156126499e0,2.874835253e0,5.473906040e0,-1.091390610e0
train,2800,OC1CC2CC12C1CC1,8.601518631e0,-3.883798420e-1,7.187088132e-1,9.582784176e-1,8.213138580e0,1.054763675e0
train,2801,[NH-]C1CC2C(O1)C1C[NH+]21,7.328026772e0,2.468345463e-1,7.187088132e-1,9.582784176e-1,7.574861526e0,5.546815991e-1
train,2802,CC1=CC([NH-])OC(=O)C1,5.866774559e0,1.100427136e-1,7.187088132e-1,9.582784176e-1,5.976817131e0,-6.973661184e-1
train,2803,Oc1ccoc1N1CC1,5.839563370e0,4.401527941e-1,7.187088132e-1,9.582784176e-1,6.279716015e0,-4.600486457e-1
train,2804,COCC1CCC([NH-])O1,7.812388420e0,9.049152732e-1,7.187088132e-1,9.582784176e-1,8.717303276e0,1.449770331e0
train,2805,C1C2OC3C2C2OC1C32,8.296751022e0,-6.652863622e-1,7.187088132e-1,9.582784176e-1,7.631464481e0,5.990293026e-1
train,2806,NC(=O)NC=O,6.585155487e0,-2.365996093e-1,7.187088132e-1,9.582784176e-1,6.348556042e0,-4.061133265e-1
train,2807,COc1nn[nH]c1N,5.831399918e0,1.015762687e0,7.187088132e-1,9.582784176e-1,6.847162724e0,-1.546126697e-2
train,2808,C1C[NH2+]C2OC3C(N1)C23,5.945687771e0,5.943916366e-2,7.187088132e-1,9.582784176e-1,6.005126953e0,-6.751857400e-1
train,2809,[NH3+]C1CC1(CO)C(=O)[O-],4.198717117e0,1.682356000e0,7.187088132e-1,9.582784176e-1,5.881072998e0,-7.723804116e-1
train,2810,CC1=CC(=O)N2C(C)C12,5.455882549e0,-8.159604073e-1,7.187088132e-1,9.582784176e-1,4.639922142e0,-1.744806528e0
train,2811,O=CC1(C=O)C[NH2+][CH+]N1,5.129346371e0,-5.312906951e-2,7.187088132e-1,9.582784176e-1,5.076217175e0,-1.402974844e0
train,2812,CCCC1OCC12CO2,8.840979576e0,4.496814609e-1,7.187088132e-1,9.582784176e-1,9.290660858e0,1.898988843e0
train,2813,CNC(C#N)C1COC1,7.529390335e0,5.527591109e-1,7.187088132e-1,9.582784176e-1,8.082149506e0,9.521353841e-1
train,2814,CC(C)(C)C12CC1CO2,8.370222092e0,-1.684829593e-1,7.187088132e-1,9.582784176e-1,8.201739311e0,1.045832515e0
train,2815,[NH-]C1NC(=O)CNC1=O,5.845005512e0,-5.121214986e-1,7.187088132e-1,9.582784176e-1,5.332883835e0,-1.201879740e0
train,2816,Cc1nnn2c1NCC2,6.119840622e0,-3.083144426e-1,7.187088132e-1,9.582784176e-1,5.811526299e0,-8.268693686e-1
train,2817,NC(=O)N1C=CC2CC21,5.785140514e0,-4.555917159e-2,7.187088132e-1,9.582784176e-1,5.739581108e0,-8.832375407e-1
train,2818,CCC1(C=O)NC1C=O,5.575613022e0,8.220977336e-2,7.187088132e-1,9.582784176e-1,5.657822609e0,-9.472942948e-1
train,2819,CCC1C2C(O)C(O)C12,8.288588524e0,-2.542772293e-1,7.187088132e-1,9.582784176e-1,8.034311295e0,9.146547318e-1
train,2820,COC(C)COC=O,7.676331520e0,1.325449497e-1,7.187088132e-1,9.582784176e-1,7.808876514e0,7.380294204e-1
train,2821,CCn1c(O)cnc1C,6.454540730e0,4.470277727e-1,7.187088132e-1,9.582784176e-1,6.901568413e0,2.716490626e-2
train,2822,CCC1COC([NH-])C1O,7.548438072e0,-4.303966761e-1,7.187088132e-1,9.582784176e-1,7.118041515e0,1.967688650e-1
train,2823,[NH-]C1ONC=C[CH+]1C=O,3.861295700e0,2.086657435e-1,7.187088132e-1,9.582784176e-1,4.069961548e0,-2.191363573e0
train,2824,CC12C3[NH2+][CH+][NH+]1[CH+][NH2+]C32,5.523910999e0,-4.212063551e-1,7.187088132e-1,9.582784176e-1,5.102704525e0,-1.382222295e0
train,2825,CC1CN2C(=O)C=CC12,5.602824211e0,1.549481004e-1,7.187088132e-1,9.582784176e-1,5.757772446e0,-8.689848781e-1
train,2826,CC(=O)C1(O)COC1C,5.823236465e0,-2.083034962e-1,7.187088132e-1,9.582784176e-1,5.614933014e0,-9.808977842e-1
train,2827,C#CCOC(=O)C(C)=O,4.933423996e0,-6.285710633e-2,7.187088132e-1,9.582784176e-1,4.870566845e0,-1.564099312e0
train,2828,CC1C2C(O)C3C2[NH+]13,8.157973289e0,4.002100229e-1,7.187088132e-1,9.582784176e-1,8.558183670e0,1.325102091e0
train,2829,CC1NC1C1(C=O)CN1,6.059975624e0,-7.895761728e-1,7.187088132e-1,9.582784176e-1,5.270399570e0,-1.250835419e0
train,2830,Cn1ccc(=O)nc1F,5.741602421e0,3.782678843e-1,7.187088132e-1,9.582784176e-1,6.119870186e0,-5.852858424e-1
train,2831,CC1NC1C(=O)C1CO1,5.635478020e0,-1.847410440e0,2.156126499e0,2.874835253e0,3.788067579e0,-2.412223816e0
train,2832,C1CC23CC2COCC13,8.960708618e0,-1.231569052e0,7.187088132e-1,9.582784176e-1,7.729139328e0,6.755563021e-1
train,2833,COC1(C#N)C[NH+](C)C1,6.694001198e0,-1.138536334e0,7.187088132e-1,9.582784176e-1,5.555464745e0,-1.027490377e0
train,2834,O=CC1CCC1[NH+]1CC1,6.024600506e0,-2.184367329e-1,7.187088132e-1,9.582784176e-1,5.806163788e0,-8.310708404e-1
train,2835,COc1[nH]c(O)cc1O,6.182426929e0,5.517596602e-1,7.187088132e-1,9.582784176e-1,6.734186649e0,-1.039765999e-1
train,2836,N#CC12CC3CC1CC32,8.334847450e0,-5.828040242e-1,2.156126499e0,2.874835253e0,7.752043247e0,6.935012341e-1
train,2837,[NH-][CH+]OCCCC=O,6.258618832e0,3.989793062e-1,7.187088132e-1,9.582784176e-1,6.657598019e0,-1.639828384e-1
train,2838,CC(O)C(C)(O)C(C)O,8.174300194e0,7.012503147e-1,7.187088132e-1,9.582784176e-1,8.875550270e0,1.573754907e0
train,2839,C1CC2CCC1O2,8.906287193e0,3.145947158e-1,7.187088132e-1,9.582784176e-1,9.220881462e0,1.844317555e0
train,2840,O=CNCC12C[NH+](C1)C2,6.821894169e0,-8.789693713e-1,7.187088132e-1,9.582784176e-1,5.942924976e0,-7.239201665e-1
train,2841,COCCN(C)C(N)=O,7.923955917e0,-3.268563449e-1,7.187088132e-1,9.582784176e-1,7.597099781e0,5.721049905e-1
train,2842,O=C1C=CNCCCC1,4.903491497e0,2.136927694e-1,7.187088132e-1,9.582784176e-1,5.117184162e0,-1.370877743e0
train,2843,C1=CCC2(C=CC1)CO2,6.873596191e0,8.014991879e-1,7.187088132e-1,9.582784176e-1,7.675095558e0,6.332136989e-1
train,2844,CO[CH+][NH2+]C(C)(C)CO,7.328026772e0,2.650640011e-1,7.187088132e-1,9.582784176e-1,7.593091011e0,5.689641833e-1
train,2845,[NH-][CH+]OC1CC2NC21,7.189248085e0,1.376204342e-1,7.187088132e-1,9.582784176e-1,7.326868534e0,3.603821993e-1
train,2846,C[NH+]1CC2(CO2)C1,8.079060555e0,7.020752430e-1,7.187088132e-1,9.582784176e-1,8.781135559e0,1.499782205e0
train,2847,C1=CC2OC1C1OC21,6.615087986e0,1.241701171e-1,7.187088132e-1,9.582784176e-1,6.739258289e0,-1.000030339e-1
train,2848,C[NH+]1C(C=O)C1(C)C=O,4.979683399e0,-2.467767954e0,2.156126499e0,2.874835253e0,2.511915445e0,-3.412073135e0
train,2849,NC1[NH2+]CC2[NH2+][CH+]OC12,6.764750481e0,1.555398941e0,7.187088132e-1,9.582784176e-1,8.320149422e0,1.138605356e0
train,2850,COC1=NCC([NH-])N1,6.596040249e0,1.410690546e0,7.187088132e-1,9.582784176e-1,8.006731033e0,8.930459619e-1
train,2851,C1=CC2CC3CC1C2O3,6.840942383e0,5.728566051e-1,7.187088132e-1,9.582784176e-1,7.413798809e0,4.284909964e-1
train,2852,CCC1(CC)CCC1O,8.900844574e0,6.909101605e-1,7.187088132e-1,9.582784176e-1,9.591754913e0,2.134892225e0
train,2853,N#CC1(O)C2OCOC21,6.933460712e0,-2.706500292e0,2.156126499e0,2.874835253e0,4.226960182e0,-2.068356991e0
train,2854,CC1OCOC(=O)C1N,6.658626080e0,-7.159585953e-1,7.187088132e-1,9.582784176e-1,5.942667484e0,-7.241219282e-1
train,2855,CC(C(=O)CO)[NH+]1CC1,6.182426929e0,-3.532855213e-1,7.187088132e-1,9.582784176e-1,5.829141617e0,-8.130680323e-1
train,2856,O=C1CC2C(CO)[NH+]2C1,5.602824211e0,-8.529865146e-1,7.187088132e-1,9.582784176e-1,4.749837875e0,-1.658688903e0
train,2857,CC12CCC(C1)NC2=O,7.230065346e0,-4.955727160e-1,7.187088132e-1,9.582784176e-1,6.734492779e0,-1.037367508e-1
train,2858,CC1(O)C2CC1N2C=O,6.811009407e0,3.441169560e-1,7.187088132e-1,9.582784176e-1,7.155126572e0,2.258245349e-1
train,2859,CC1OCC2(CO)OC12,8.846421242e0,5.556794405e-1,7.187088132e-1,9.582784176e-1,9.402100563e0,1.986300468e0
train,2860,OC1C2[CH-]C3C4C1C2C34,4.862674713e0,7.477252483e-1,7.187088132e-1,9.582784176e-1,5.610400200e0,-9.844491482e-1
train,2861,CC(C)C1COC1(C)C,8.547096252e0,3.062633872e-1,7.187088132e-1,9.582784176e-1,8.853359222e0,1.556368470e0
train,2862,CCC1C2C3CC2C13O,8.838258743e0,2.948943079e-1,7.187088132e-1,9.582784176e-1,9.133152962e0,1.775583386e0
train,2863,CNc1c[nH]c(CO)c1,5.752487183e0,-2.474391758e-1,7.187088132e-1,9.582784176e-1,5.505047798e0,-1.066991448e0
train,2864,C1C2OC3C2[NH+]2C1C32,8.021917343e0,6.060316563e-1,7.187088132e-1,9.582784176e-1,8.627948761e0,1.379762173e0
train,2865,O=CC1C2C3C[NH+]1C32,5.591939926e0,-1.718088090e-1,7.187088132e-1,9.582784176e-1,5.420131207e0,-1.133522511e0
train,2866,O=CC1=CNC(=O)C1=O,3.646325827e0,8.240560442e-2,7.187088132e-1,9.582784176e-1,3.728731394e0,-2.458713055e0
train,2867,NC(=O)C[NH+]1CC(=O)C1,5.627314568e0,-2.138074398e0,2.156126499e0,2.874835253e0,3.489240170e0,-2.646351337e0
train,2868,C1C2C3C4CC3[NH+]4C12,8.751181602e0,6.035390496e-1,7.187088132e-1,9.582784176e-1,9.354721069e0,1.949179173e0
train,2869,CC1CCC(NO)C1C,6.791961670e0,4.904407263e-1,7.187088132e-1,9.582784176e-1,7.282402515e0,3.255436420e-1
train,2870,CC(C)C1OC(=O)C1C,7.646399021e0,2.412811518e-1,7.187088132e-1,9.582784176e-1,7.887680054e0,7.997710109e-1
train,2871,C#CC1COC2(CC2)C1,7.736196995e0,-1.673820019e-1,7.187088132e-1,9.582784176e-1,7.568815231e0,5.499444008e-1
train,2872,C#CCCNC(=O)C=O,4.759271145e0,-7.823252678e-2,7.187088132e-1,9.582784176e-1,4.681038857e0,-1.712592125e0
train,2873,C#CC(C)(C)O[CH+][NH-],7.684495449e0,-4.334805012e-1,7.187088132e-1,9.582784176e-1,7.251014709e0,3.009516895e-1
train,2874,C#CC1(O)CC1(O)C#C,7.091287136e0,1.350534916e0,2.156126499e0,2.874835253e0,8.441822052e0,1.233934283e0
train,2875,C#CCC1CC(C)(C)C1,8.487231255e0,4.919188023e-1,7.187088132e-1,9.582784176e-1,8.979149818e0,1.654923797e0
train,2876,[NH-]C1OC2CC(O)C12,7.548438072e0,-4.649300873e-1,7.187088132e-1,9.582784176e-1,7.083508015e0,1.697123051e-1
train,2877,C[NH+]1CC1(C=O)C1CN1,5.298057079e0,2.640858591e-1,7.187088132e-1,9.582784176e-1,5.562142849e0,-1.022258162e0
train,2878,CC12CC3COC1C2O3,8.220560074e0,9.614704847e-1,7.187088132e-1,9.582784176e-1,9.182030678e0,1.813878417e0
train,2879,OCCCCC(F)(F)F,9.349832535e0,-3.195940554e-1,7.187088132e-1,9.582784176e-1,9.030238152e0,1.694950938e0
train,2880,CC(=O)C1(C)CCC1O,5.948409081e0,1.879102290e-1,7.187088132e-1,9.582784176e-1,6.136319160e0,-5.723982453e-1
train,2881,CCCC#CC(=O)CC,5.703506470e0,1.502795368e-1,7.187088132e-1,9.582784176e-1,5.853785992e0,-7.937594652e-1
train,2882,COC1(C)COC12CC2,8.193347931e0,3.787575364e-1,7.187088132e-1,9.582784176e-1,8.572105408e0,1.336009622e0
train,2883,C#CC1(C)COC1[NH2+]C,7.382448673e0,-7.222359776e-1,7.187088132e-1,9.582784176e-1,6.660212517e0,-1.619344056e-1
train,2884,N#CC1OC(=O)C1N,6.721211910e0,7.624906898e-1,7.187088132e-1,9.582784176e-1,7.483702660e0,4.832597673e-1
train,2885,CC1(C2COCO2)CO1,9.257313728e0,2.557086349e-1,7.187088132e-1,9.582784176e-1,9.513022423e0,2.073206425e0
train,2886,[NH-]C1OC2C3CC1C2O3,7.518506050e0,-1.172939777e0,2.156126499e0,2.874835253e0,6.345566273e0,-4.084557891e-1
train,2887,[H]N=C(NC=O)OC,6.783798695e0,-9.377406240e-1,7.187088132e-1,9.582784176e-1,5.846057892e0,-7.998143435e-1
train,2888,CCc1nn(C)cc1C,6.791961670e0,-2.849256992e-1,7.187088132e-1,9.582784176e-1,6.507036209e0,-2.819461226e-1
train,2889,O=CCNc1ccoc1,4.748386860e0,-1.232143521e0,7.187088132e-1,9.582784176e-1,3.516243458e0,-2.625194550e0
train,2890,CC#CC1(O)CCC1,7.635515213e0,5.842908472e-2,7.187088132e-1,9.582784176e-1,7.693944454e0,6.479815841e-1
train,2891,CC1=CC2OC2C1(C)C,6.596040249e0,-4.202207327e-1,7.187088132e-1,9.582784176e-1,6.175819397e0,-5.414503217e-1
train,2892,CC(C=O)c1cnc[nH]1,4.756549835e0,1.004063368e0,7.187088132e-1,9.582784176e-1,5.760613441e0,-8.667590022e-1
train,2893,CC12C=CCC3OC1C32,6.435492516e0,2.008761168e-1,7.187088132e-1,9.582784176e-1,6.636368752e0,-1.806156933e-1
train,2894,C[NH+]1CC2OC2(CO)C1,7.189248085e0,-6.759878993e-1,7.187088132e-1,9.582784176e-1,6.513260365e0,-2.770695686e-1
train,2895,C#CC1CC2OC3C1C23,7.738917828e0,3.563870788e-1,7.187088132e-1,9.582784176e-1,8.095304489e0,9.624421000e-1
train,2896,O=CC1C(C=O)N1C=O,5.523910999e0,1.617102027e0,7.187088132e-1,9.582784176e-1,7.141013145e0,2.147668451e-1
train,2897,CC1CC=CCC1,7.292651653e0,-1.055477619e0,7.187088132e-1,9.582784176e-1,6.237174034e0,-4.933797419e-1
train,2898,C#CC1(O)C(O)C1(C)C,6.816452026e0,7.536144853e-1,7.187088132e-1,9.582784176e-1,7.570066452e0,5.509247184e-1
train,2899,O=C1C=C2CCCC2O1,6.125282764e0,7.761046886e-1,7.187088132e-1,9.582784176e-1,6.901387215e0,2.702294104e-2
train,2900,N#CCCOCC(N)=O,7.513063908e0,-7.232218981e-1,7.187088132e-1,9.582784176e-1,6.789842129e0,-6.037123129e-2
train,2901,N#CCCCOC(N)=O,8.416481972e0,-2.679736137e0,7.187088132e-1,9.582784176e-1,5.736745834e0,-8.854589462e-1
train,2902,CCC1NC1(C)C1CN1,8.283145905e0,1.859495789e-1,7.187088132e-1,9.582784176e-1,8.469095230e0,1.255302429e0
train,2903,CC1(C)OCC=CC1=O,4.810973167e0,2.129012644e-1,7.187088132e-1,9.582784176e-1,5.023874283e0,-1.443984866e0
train,2904,C#Cc1[nH]ncc1N,5.107577324e0,-5.002261996e-1,7.187088132e-1,9.582784176e-1,4.607351303e0,-1.770325422e0
train,2905,O=Cc1ccoc(=O)n1,4.269466400e0,3.862259388e-1,7.187088132e-1,9.582784176e-1,4.655692101e0,-1.732450962e0
train,2906,C#CC(C)(CC)C1CC1,8.606961250e0,-6.090161856e-3,7.187088132e-1,9.582784176e-1,8.600871086e0,1.358547211e0
train,2907,CC(C)C1CCOC=N1,7.333467960e0,5.310857892e-1,7.187088132e-1,9.582784176e-1,7.864553928e0,7.816519737e-1
train,2908,[NH-]C1CC2OCC2O1,7.774292946e0,-2.215864420e0,2.156126499e0,2.874835253e0,5.558428764e0,-1.025168180e0
train,2909,N#CC1(C2CO2)CCC1,8.446413994e0,1.233119726e0,7.187088132e-1,9.582784176e-1,9.679533958e0,2.203665972e0
train,2910,CC1C2CC3OC1C32,8.549818039e0,-1.395606250e-1,7.187088132e-1,9.582784176e-1,8.410257339e0,1.209203720e0
train,2911,CCCC12COCC1C2,9.047785759e0,6.486825943e-1,7.187088132e-1,9.582784176e-1,9.696468353e0,2.216933966e0
train,2912,CC#CC1OCC2CC21,7.847763538e0,1.983224452e-1,7.187088132e-1,9.582784176e-1,8.046086311e0,9.238802791e-1
train,2913,O=C(CO)C1OC1CO,6.206917286e0,5.512012169e-2,7.187088132e-1,9.582784176e-1,6.262037277e0,-4.738996923e-1
train,2914,CC(O)C1COC1C,8.329405785e0,-3.950894475e-1,7.187088132e-1,9.582784176e-1,7.934316158e0,8.363097906e-1
train,2915,CC1NC12CC1C(O)C12,7.970214844e0,-2.034683973e-1,7.187088132e-1,9.582784176e-1,7.766746521e0,7.050210834e-1
train,2916,CC(=O)N(C)CC1CO1,7.262719154e0,3.263122141e-1,7.187088132e-1,9.582784176e-1,7.589031219e0,5.657833815e-1
train,2917,Cc1cc(N)cc(N)c1,5.619151115e0,7.067178488e-1,7.187088132e-1,9.582784176e-1,6.325869083e0,-4.238882959e-1
train,2918,O=C1OC2CC1CCO2,7.398775578e0,9.046293795e-2,7.187088132e-1,9.582784176e-1,7.489238739e0,4.875972271e-1
train,2919,NC(=O)n1cncc1N,4.838184357e0,-6.918012351e-2,7.187088132e-1,9.582784176e-1,4.769004345e0,-1.643672228e0
train,2920,C#CC12CC1(O)CO2,6.508963585e0,-1.678836107e0,7.187088132e-1,9.582784176e-1,4.830127716e0,-1.595782876e0
train,2921,CC12CC3C1C1(C)C2[NH+]31,8.198790550e0,4.386523366e-1,7.187088132e-1,9.582784176e-1,8.637442589e0,1.387200475e0
train,2922,C1CC(CC2CCC2)C1,9.725349426e0,8.656631708e-1,7.187088132e-1,9.582784176e-1,1.059101295e1,2.917798281e0
train,2923,CC1(C#N)CC(NO)C1,6.721211910e0,-1.970826149e0,7.187088132e-1,9.582784176e-1,4.750385761e0,-1.658259630e0
train,2924,CCOCC1C[NH+]1CC,8.084503174e0,-1.051774621e0,7.187088132e-1,9.582784176e-1,7.032728672e0,1.299273223e-1
train,2925,c1onc2c1NCCN2,5.880380630e0,1.396750569e0,7.187088132e-1,9.582784176e-1,7.277131081e0,3.214135468e-1
train,2926,C1=Cc2ocnc2CC1,4.791924953e0,8.524467945e-1,7.187088132e-1,9.582784176e-1,5.644371986e0,-9.578326941e-1
train,2927,C#CC(C=O)C1CN1,5.823236465e0,-1.020401001e0,7.187088132e-1,9.582784176e-1,4.802835464e0,-1.617166042e0
train,2928,C#CC1(CC=O)CC1,5.953851223e0,-3.069522142e0,2.156126499e0,2.874835253e0,2.884329081e0,-3.120291710e0
train,2929,CC(C)(C)n1cccc1,6.740260601e0,-3.261248022e-2,7.187088132e-1,9.582784176e-1,6.707648277e0,-1.247690842e-1
train,2930,Nc1cc(C2CC2)[nH]n1,6.190590382e0,7.826629877e-1,7.187088132e-1,9.582784176e-1,6.973253250e0,8.332907408e-2
train,2931,C#CC1(CO)COC1=O,6.979720592e0,3.411490917e-1,7.187088132e-1,9.582784176e-1,7.320869446e0,3.556819856e-1
train,2932,[NH-]C1=CNC=NC(O)=C1,3.853132248e0,-5.449349880e-1,7.187088132e-1,9.582784176e-1,3.308197260e0,-2.788196325e0
train,2933,Cc1nn(C)cc1O,6.291272163e0,2.190417945e-1,7.187088132e-1,9.582784176e-1,6.510313988e0,-2.793780267e-1
train,2934,O=C1CNCC2CCC12,5.202816963e0,1.734724045e-1,7.187088132e-1,9.582784176e-1,5.376289368e0,-1.167872071e0
train,2935,CCc1cc(O)c(C)o1,5.855890274e0,-4.673304856e-1,7.187088132e-1,9.582784176e-1,5.388559818e0,-1.158258319e0
train,2936,C#CC#CCC(=O)C#N,4.514369011e0,1.540069222e0,7.187088132e-1,9.582784176e-1,6.054438114e0,-6.365510225e-1
train,2937,N#CC1C2CCCC1O2,7.532111645e0,-6.658966541e-1,7.187088132e-1,9.582784176e-1,6.866214752e0,-5.342421937e-4
train,2938,Cc1c[nH]c(O[CH+][NH-])n1,5.910312653e0,3.152135611e-1,7.187088132e-1,9.582784176e-1,6.225526333e0,-5.025055408e-1
train,2939,c1cc2c([nH]1)CCCO2,6.182426929e0,-6.067639589e-1,7.187088132e-1,9.582784176e-1,5.575663090e0,-1.011665225e0
train,2940,CC1CC=CC(=O)OC1,6.005552769e0,8.119083643e-1,7.187088132e-1,9.582784176e-1,6.817461014e0,-3.873218223e-2
train,2941,CC(O)(C#N)CC1CO1,8.669547081e0,1.209833860e0,7.187088132e-1,9.582784176e-1,9.879381180e0,2.360243797e0
train,2942,CCCNC(=O)N1CC1,7.673610687e0,-5.923870802e-1,7.187088132e-1,9.582784176e-1,7.081223488e0,1.679224074e-1
train,2943,CC1(C#CC#N)CC1O,6.147051811e0,-8.807809949e-1,7.187088132e-1,9.582784176e-1,5.266270638e0,-1.254070401e0
train,2944,O=CC1C2COCC12O,5.942966461e0,-3.223890960e-1,2.156126499e0,2.874835253e0,5.620577335e0,-9.764754772e-1
train,2945,CCC12C(O)C3C1CC32,8.688595772e0,-4.417755306e-1,7.187088132e-1,9.582784176e-1,8.246820450e0,1.081152916e0
train,2946,O=C1CC2CCCCC12,6.049090862e0,-7.351685315e-2,7.187088132e-1,9.582784176e-1,5.975574017e0,-6.983400583e-1
train,2947,O=C1COC12CC1NC12,5.480372906e0,3.992307931e-2,7.187088132e-1,9.582784176e-1,5.520296097e0,-1.055044651e0
train,2948,CCC1CNC(=O)C1O,7.047749043e0,-4.245488167e0,2.156126499e0,2.874835253e0,2.802260876e0,-3.184591055e0
train,2949,Nc1cc(=O)cc(N)o1,5.708949089e0,-1.289046526e0,7.187088132e-1,9.582784176e-1,4.419902802e0,-1.917188883e0
train,2950,C#CC1C(C)CN1C=O,7.118498325e0,6.128857136e-1,7.187088132e-1,9.582784176e-1,7.731384277e0,6.773152351e-1
train,2951,CC1CC2(C)CC(O)C12,8.557980537e0,-1.370900273e-1,7.187088132e-1,9.582784176e-1,8.420890808e0,1.217534900e0
train,2952,CCCC(=O)CCC=O,6.201474667e0,1.600073576e0,7.187088132e-1,9.582784176e-1,7.801548004e0,7.322875857e-1
train,2953,CC(=O)C(O)C#CCO,6.000110626e0,-2.960222773e-2,7.187088132e-1,9.582784176e-1,5.970508575e0,-7.023087740e-1
train,2954,C#CC12CCC1C2C,7.273603439e0,2.371042252e0,7.187088132e-1,9.582784176e-1,9.644645691e0,2.176331520e0
train,2955,CC12OCC3CC1C32C,8.351174355e0,1.619141817e0,7.187088132e-1,9.582784176e-1,9.970315933e0,2.431489944e0
train,2956,CC(CO)C(C)(C)O,8.928055763e0,4.897148311e-1,7.187088132e-1,9.582784176e-1,9.417770386e0,1.998577476e0
train,2957,O=CC12C[NH+]1CCC2O,5.673573971e0,-2.513111234e-1,7.187088132e-1,9.582784176e-1,5.422262669e0,-1.131852508e0
train,2958,CCCc1nc[nH]n1,7.298093796e0,1.318003774e0,7.187088132e-1,9.582784176e-1,8.616097450e0,1.370476842e0
train,2959,OC12C=CC(C1)C1OC12,6.859990120e0,3.866443038e-1,7.187088132e-1,9.582784176e-1,7.246634483e0,2.975198328e-1
train,2960,C1CC2OC23COC3[NH2+]1,6.813731194e0,-5.085237026e-1,2.156126499e0,2.874835253e0,6.305207253e0,-4.400765598e-1
train,2961,Nc1n[nH]c(=O)nc1N,4.666752815e0,4.102016389e-1,7.187088132e-1,9.582784176e-1,5.076954365e0,-1.402397275e0
train,2962,OC12CCCC(C1)C2,8.813768387e0,5.796840787e-1,7.187088132e-1,9.582784176e-1,9.393452644e0,1.979524851e0
train,2963,N#CC12CC1CO2,6.914412975e0,-2.429157309e-2,7.187088132e-1,9.582784176e-1,6.890121460e0,1.819636300e-2
train,2964,O=C1CCC2CC2C1,6.095350742e0,-7.515694201e-2,7.187088132e-1,9.582784176e-1,6.020193577e0,-6.633812189e-1
train,2965,O=CCc1ncncn1,5.401460171e0,1.887960672e0,7.187088132e-1,9.582784176e-1,7.289421082e0,3.310425878e-1
train,2966,Nc1c[nH]nc1CO,5.934803009e0,5.147083998e-1,7.187088132e-1,9.582784176e-1,6.449511528e0,-3.270159960e-1
train,2967,COCC1C2C[NH+]1C2,8.343010902e0,7.991633415e-1,7.187088132e-1,9.582784176e-1,9.142173767e0,1.782651067e0
train,2968,O=C1CC2CC(N1)C2O,7.202853680e0,1.660418510e0,7.187088132e-1,9.582784176e-1,8.863271713e0,1.564134836e0
train,2969,CC1C[NH+]2C(C)C12CO,8.272260666e0,-1.514453888e-1,7.187088132e-1,9.582784176e-1,8.120815277e0,9.824295044e-1
train,2970,O=C1CC2CNC(=O)C12,5.815073013e0,1.166903138e0,7.187088132e-1,9.582784176e-1,6.981976032e0,9.016326815e-2
train,2971,O=C1NCC2NC12CO,6.996047020e0,4.957070053e-1,7.187088132e-1,9.582784176e-1,7.491754055e0,4.895679355e-1
train,2972,CC(C)C1OC1(C)C#N,8.130762100e0,-1.775873452e-1,7.187088132e-1,9.582784176e-1,7.953174591e0,8.510851264e-1
train,2973,CC1COCC12CCO2,8.353896141e0,-1.119561791e0,7.187088132e-1,9.582784176e-1,7.234334469e0,2.878829241e-1
train,2974,CNC(=O)C1CN1,7.363400936e0,4.549149871e-1,7.187088132e-1,9.582784176e-1,7.818315983e0,7.454251051e-1
train,2975,[H]N=C(C=O)N1CCC1=O,5.216422558e0,-1.085304141e0,7.187088132e-1,9.582784176e-1,4.131118298e0,-2.143447876e0
train,2976,O=C1NCC(O)CO1,8.193347931e0,-2.974207401e-1,7.187088132e-1,9.582784176e-1,7.895927429e0,8.062326908e-1
train,2977,CC(O)C12COC(C1)C2,8.068176270e0,7.754024267e-1,7.187088132e-1,9.582784176e-1,8.843578339e0,1.548705339e0
train,2978,COC12CC1COC2C,9.047785759e0,-9.245505929e-1,7.187088132e-1,9.582784176e-1,8.123234749e0,9.843251109e-1
train,2979,CC12C(O)COC1C2O,8.628729820e0,-6.813458204e-1,7.187088132e-1,9.582784176e-1,7.947383881e0,8.465481997e-1
train,2980,CCC12CCC1C2OC,8.808325768e0,-1.547890902e-1,7.187088132e-1,9.582784176e-1,8.653536797e0,1.399810076e0
train,2981,C#CCC#CC,7.894023418e0,1.219767705e-1,7.187088132e-1,9.582784176e-1,8.015999794e0,9.003078938e-1
train,2982,C#Cc1cc[nH]c1C,5.896707535e0,2.324956656e-1,7.187088132e-1,9.582784176e-1,6.129203320e0,-5.779734254e-1
train,2983,CC1OCC2CC(=O)C21,5.793303967e0,-5.493537784e-1,7.187088132e-1,9.582784176e-1,5.243950367e0,-1.271558046e0
train,2984,C1=C2[CH+][NH2+][CH+]C2=CON1,4.073544502e0,-1.280142069e0,7.187088132e-1,9.582784176e-1,2.793402433e0,-3.191531420e0
train,2985,N#CCNC=O,7.542996407e0,7.304682136e-1,7.187088132e-1,9.582784176e-1,8.273464203e0,1.102028012e0
train,2986,C#CCC1OCC1C#N,7.385169983e0,-1.950573683e0,2.156126499e0,2.874835253e0,5.434596062e0,-1.122189522e0
train,2987,O=COC12C[NH+]3CC1C32,6.394675732e0,7.552709579e-1,7.187088132e-1,9.582784176e-1,7.149946690e0,2.217661589e-1
train,2988,O=CC(O)C12CC[NH+]1C2,5.575613022e0,2.692243159e-1,7.187088132e-1,9.582784176e-1,5.844837189e0,-8.007707000e-1
train,2989,OC1C2C3C=CC1(O)C32,6.440935135e0,2.023590803e-1,7.187088132e-1,9.582784176e-1,6.643294334e0,-1.751895845e-1
train,2990,C1CC23COC24CC3C14,8.043685913e0,9.741125703e-1,7.187088132e-1,9.582784176e-1,9.017798424e0,1.685204506e0
train,2991,CC1(C=O)COCCN1,5.379690647e0,1.105892882e-1,7.187088132e-1,9.582784176e-1,5.490280151e0,-1.078561664e0
train,2992,Cc1nc(F)c[nH]c1=O,4.348379135e0,-3.201577365e-1,7.187088132e-1,9.582784176e-1,4.028221607e0,-2.224066257e0
train,2993,C1=CC2OC2(C2CC2)C1,6.623250961e0,8.186751604e-1,7.187088132e-1,9.582784176e-1,7.441926003e0,4.505282938e-1
train,2994,CC#CC1(C#N)CC1O,7.172921181e0,-1.082771271e-1,7.187088132e-1,9.582784176e-1,7.064643860e0,1.549324691e-1
train,2995,C1NC12C1NC2C12CN2,8.223280907e0,-2.294684947e-1,2.156126499e0,2.874835253e0,7.993812561e0,8.829244971e-1
train,2996,C1CCC2(CC1)CCC2,9.510379791e0,9.934042096e-1,2.156126499e0,2.874835253e0,1.050378418e1,2.849455595e0
train,2997,c1nnn2c1CNCC2,6.816452026e0,-9.533706307e-1,7.187088132e-1,9.582784176e-1,5.863081455e0,-7.864765525e-1
train,2998,Cc1c(C=O)c[nH]c1O,4.661310196e0,-6.117343903e-1,7.187088132e-1,9.582784176e-1,4.049575806e0,-2.207335472e0
train,2999,C1C2OC1C1C3CC1C23,8.315798759e0,-3.651464581e-1,7.187088132e-1,9.582784176e-1,7.950652122e0,8.491088152e-1
train,3000,OC1CC2C3C1[NH2+][CH+][NH+]23,6.288550854e0,9.068813920e-1,7.187088132e-1,9.582784176e-1,7.195432186e0,2.574034929e-1
train,3001,O=C1CC(C(F)(F)F)C1,6.111677170e0,-9.579144418e-2,7.187088132e-1,9.582784176e-1,6.015885830e0,-6.667562723e-1
train,3002,OC1C2[CH-]C3COC3C12,5.975620270e0,9.424058199e-1,7.187088132e-1,9.582784176e-1,6.918025970e0,4.005919769e-2
train,3003,C[NH+]1C=C(C(=O)[O-])CC1,4.179668903e0,2.051325440e-1,7.187088132e-1,9.582784176e-1,4.384801388e0,-1.944690466e0
train,3004,CC1C(C)(C)C1(C)C=O,6.206917286e0,2.366100103e-1,7.187088132e-1,9.582784176e-1,6.443527222e0,-3.317046165e-1
train,3005,CCCCc1ccc[nH]1,6.590597630e0,1.811728776e-1,7.187088132e-1,9.582784176e-1,6.771770477e0,-7.453014702e-2
train,3006,CCC1(C#N)CC([NH-])O1,7.630072594e0,1.275167704e0,7.187088132e-1,9.582784176e-1,8.905240059e0,1.597016454e0
train,3007,O=C1CC2CN12,6.470867634e0,-6.064149141e-1,7.187088132e-1,9.582784176e-1,5.864452839e0,-7.854021192e-1
train,3008,C#CCC12CC1CCO2,7.689937115e0,-3.691231310e-1,7.187088132e-1,9.582784176e-1,7.320814133e0,3.556386530e-1
train,3009,COc1nc[nH]c1C#N,5.412344456e0,5.967601016e-2,7.187088132e-1,9.582784176e-1,5.472020626e0,-1.092867851e0
train,3010,C#CC12CC(C=O)C1N2,5.455882549e0,-3.819881976e-1,7.187088132e-1,9.582784176e-1,5.073894501e0,-1.404794693e0
train,3011,O=CC12NC1CNC2=O,5.447719574e0,1.086529970e0,7.187088132e-1,9.582784176e-1,6.534249306e0,-2.606250048e-1
train,3012,CC1CC(C)C2(O)CC12,8.821931839e0,1.825847663e-2,7.187088132e-1,9.582784176e-1,8.840189934e0,1.546050549e0
train,3013,N#CC1CCC(O)C1,8.732133865e0,4.605611563e-1,7.187088132e-1,9.582784176e-1,9.192694664e0,1.822233558e0
train,3014,O=C1C=CC2C(O)C2O1,5.706227779e0,-1.140322447e0,2.156126499e0,2.874835253e0,4.565905571e0,-1.802797556e0
train,3015,CC1OC(=O)C(C=O)O1,6.008274078e0,1.370004535e0,7.187088132e-1,9.582784176e-1,7.378278732e0,4.006614387e-1
train,3016,OC1[CH-]C2CC3(O)C1C23,4.849069118e0,2.413572520e-1,7.187088132e-1,9.582784176e-1,5.090426445e0,-1.391842008e0
train,3017,CC1CCC=C2CCC21,6.944345474e0,1.919077486e-1,7.187088132e-1,9.582784176e-1,7.136253357e0,2.110376060e-1
train,3018,C#CC(C)(O)C1CC1C,8.100829124e0,4.970939755e-1,7.187088132e-1,9.582784176e-1,8.597923279e0,1.356237650e0
train,3019,CC1(C)CC1C1CCC1,9.115814209e0,-3.985896409e-1,7.187088132e-1,9.582784176e-1,8.717224121e0,1.449708343e0
train,3020,C#CC(C)CC(C)=O,6.261340141e0,1.047651172e0,7.187088132e-1,9.582784176e-1,7.308991432e0,3.463757336e-1
train,3021,[NH-]C1OC2C=CCC2O1,6.590597630e0,-2.058755904e-1,7.187088132e-1,9.582784176e-1,6.384722233e0,-3.777775764e-1
train,3022,CC12CC(C1)C1(C)C[NH+]21,8.751181602e0,-1.926846355e-1,7.187088132e-1,9.582784176e-1,8.558497429e0,1.325348020e0
train,3023,CC1C2CC(=O)C1O2,5.763371468e0,4.876569808e-1,7.187088132e-1,9.582784176e-1,6.251028538e0,-4.825249016e-1
train,3024,O=CNC1=NCCNC1,5.477651596e0,-3.011269867e-1,7.187088132e-1,9.582784176e-1,5.176524639e0,-1.324385166e0
train,3025,OC1C2C=CC3C1C23,6.356579781e0,-1.603103578e-1,2.156126499e0,2.874835253e0,6.196269512e0,-5.254279375e-1
train,3026,OC1C(O)C23CC(C2)C13,7.638236046e0,3.354727626e-1,7.187088132e-1,9.582784176e-1,7.973708630e0,8.671733141e-1
train,3027,C1OCC(C2CC2)CO1,9.262756348e0,-1.089286923e0,7.187088132e-1,9.582784176e-1,8.173469543e0,1.023683429e0
train,3028,C#CC1C2NC2C2C[NH+]12,7.447756290e0,6.280945539e-1,7.187088132e-1,9.582784176e-1,8.075850487e0,9.472001791e-1
train,3029,CNC1CCOC1C#N,6.887201786e0,4.097993970e-1,7.187088132e-1,9.582784176e-1,7.297001362e0,3.369816542e-1
train,3030,CCn1nncc1N,6.400117874e0,6.554100513e-1,7.187088132e-1,9.582784176e-1,7.055527687e0,1.477900594e-1
train,3031,C[NH2+]C1CC(C2CC2)O1,7.605582714e0,-8.051125333e-3,7.187088132e-1,9.582784176e-1,7.597531796e0,5.724434853e-1
train,3032,CCn1nnc(NC)n1,5.638199329e0,2.614614069e-1,7.187088132e-1,9.582784176e-1,5.899660587e0,-7.578172684e-1
train,3033,CN=CNc1ccno1,5.586497784e0,1.421521306e0,7.187088132e-1,9.582784176e-1,7.008018970e0,1.105675846e-1
train,3034,CNC1=CC=NC(N)O1,4.873559475e0,2.624286152e-2,7.187088132e-1,9.582784176e-1,4.899802208e0,-1.541193724e0
train,3035,CC1CCC=CC1(C)O,7.025979519e0,-7.555175573e-2,7.187088132e-1,9.582784176e-1,6.950427532e0,6.544541568e-2
train,3036,N#CC1C2CC(C2)C1O,8.348453522e0,-2.990497351e-1,7.187088132e-1,9.582784176e-1,8.049404144e0,9.264797568e-1
train,3037,CC12CCOCCC1C2,8.715806961e0,-4.632388651e-1,7.187088132e-1,9.582784176e-1,8.252568245e0,1.085656285e0
train,3038,CC12NC1C1(C)NC21C,7.191968918e0,-2.428299427e0,2.156126499e0,2.874835253e0,4.763669491e0,-1.647852063e0
train,3039,CCC#CC(=O)CC,5.700785160e0,-2.126241662e-2,7.187088132e-1,9.582784176e-1,5.679522514e0,-9.302927256e-1
train,3040,O=C1CCC(=O)C2NC12,5.812351704e0,6.982542276e-1,7.187088132e-1,9.582784176e-1,6.510605812e0,-2.791493833e-1
train,3041,c1cnc2cc[nH]c2c1,5.268124104e0,1.534702480e-1,7.187088132e-1,9.582784176e-1,5.421594143e0,-1.132376313e0
train,3042,CCCC1(C)CC1CO,9.085882187e0,-2.261996865e-1,7.187088132e-1,9.582784176e-1,8.859682083e0,1.561322331e0
train,3043,O=C1C=CC2NC(=O)C12,5.009616375e0,-6.216925979e-1,7.187088132e-1,9.582784176e-1,4.387923717e0,-1.942244172e0
train,3044,NC(=O)C1CO[CH+][NH2+]1,6.830057621e0,-5.361164361e-2,7.187088132e-1,9.582784176e-1,6.776445866e0,-7.086703926e-2
train,3045,O=C1CCC12C[NH2+][CH+]O2,5.499421120e0,6.281491835e-3,7.187088132e-1,9.582784176e-1,5.505702496e0,-1.066478491e0
train,3046,[NH-]c1c(O)c[nH+]nc1N,4.430013657e0,-4.089043736e-1,7.187088132e-1,9.582784176e-1,4.021109104e0,-2.229638815e0
train,3047,COC12C3NC1C2C3O,7.959330082e0,-5.226776004e-1,7.187088132e-1,9.582784176e-1,7.436652660e0,4.463966787e-1
train,3048,CC(C)c1oncc1N,5.692621708e0,-3.555407524e-1,7.187088132e-1,9.582784176e-1,5.337080956e0,-1.198591352e0
train,3049,CC(C)C1(C=O)CC1C,6.228686333e0,-3.043801486e-1,7.187088132e-1,9.582784176e-1,5.924306393e0,-7.385076284e-1
train,3050,c1occ2c1C1CC2O1,6.694001198e0,4.234186113e-1,7.187088132e-1,9.582784176e-1,7.117419720e0,1.962816864e-1
train,3051,[CH+]1[NH2+]C(CC2CO2)CO1,7.328026772e0,-4.725783467e-1,7.187088132e-1,9.582784176e-1,6.855448246e0,-8.969664574e-3
train,3052,Cc1cc(=O)n(C)nn1,4.938866615e0,4.594398499e0,2.156126499e0,2.874835253e0,9.533265114e0,2.089066267e0
train,3053,CC1C=C(C(=O)[O-])C[NH2+]1,4.108919144e0,7.421508431e-1,7.187088132e-1,9.582784176e-1,4.851069927e0,-1.579374909e0
train,3054,COCC(C)(O)C(C)=O,6.193311214e0,-9.009761214e-1,7.187088132e-1,9.582784176e-1,5.292335033e0,-1.233649254e0
train,3055,CC(O)CC1CC(=O)O1,7.777014256e0,1.149099991e-1,7.187088132e-1,9.582784176e-1,7.891924381e0,8.030963540e-1
train,3056,CC12CC(O1)C(C)(C)C2,8.849142075e0,4.647576809e-1,7.187088132e-1,9.582784176e-1,9.313899994e0,1.917196393e0
train,3057,CC1CCC1CC=O,6.198753357e0,-1.150891185e0,7.187088132e-1,9.582784176e-1,5.047862053e0,-1.425190687e0
train,3058,CCC1C2CC2C2CC12,8.653220177e0,-1.373035610e-1,7.187088132e-1,9.582784176e-1,8.515916824e0,1.291986585e0
train,3059,CN1CC(O)(CO)C1=O,7.088566303e0,4.065954983e-1,7.187088132e-1,9.582784176e-1,7.495162010e0,4.922380447e-1
train,3060,NC(=O)C(C=O)CCO,5.864053726e0,4.914025664e-1,7.187088132e-1,9.582784176e-1,6.355456352e0,-4.007070363e-1
train,3061,N#CC1=NCCCO1,6.277666569e0,-1.759626158e-2,7.187088132e-1,9.582784176e-1,6.260070324e0,-4.754407704e-1
train,3062,CCC12CC1(O)C(C)O2,8.016474724e0,-2.093025148e-1,7.187088132e-1,9.582784176e-1,7.807172298e0,7.366941571e-1
train,3063,COC(=O)C1CN1C=O,6.411002159e0,-7.350053191e-1,7.187088132e-1,9.582784176e-1,5.675996780e0,-9.330550432e-1
train,3064,CC1C(NC=O)C1(C)O,7.115777493e0,-2.422280312e0,2.156126499e0,2.874835253e0,4.693497181e0,-1.702831149e0
train,3065,CCC1=CCCC(O)C1,7.055912018e0,-8.154482245e-1,7.187088132e-1,9.582784176e-1,6.240463734e0,-4.908022881e-1
train,3066,N#CC[NH+]1C2CC3C2C31,6.985162735e0,-5.683849454e-1,7.187088132e-1,9.582784176e-1,6.416777611e0,-3.526625931e-1
train,3067,N#Cc1cc(N)c(O)[nH]1,5.259960651e0,-3.861166537e-1,7.187088132e-1,9.582784176e-1,4.873844147e0,-1.561531544e0
train,3068,CC1=CC(C)NCC1=O,4.914376259e0,-1.229969025e0,7.187088132e-1,9.582784176e-1,3.684407234e0,-2.493440390e0
train,3069,CC1(C)OC1C#CCO,7.186526775e0,-1.741731524e0,7.187088132e-1,9.582784176e-1,5.444795132e0,-1.114198685e0
train,3070,O=C1C2OC3C2C2C3N12,5.820515633e0,2.898602188e-1,7.187088132e-1,9.582784176e-1,6.110375881e0,-5.927245021e-1
train,3071,CN1C(=O)CC1(C)C=O,5.657247066e0,-1.152809858e0,7.187088132e-1,9.582784176e-1,4.504437447e0,-1.850957036e0
train,3072,N#CC(N)c1ncco1,6.514405727e0,2.951946855e-1,7.187088132e-1,9.582784176e-1,6.809600353e0,-4.489091411e-2
train,3073,C#CC1C(C)C1C(N)=O,6.870874882e0,5.031585097e-1,7.187088132e-1,9.582784176e-1,7.374033451e0,3.973353207e-1
train,3074,CC12CC(O)C=CC1O2,6.389233112e0,-8.986331224e-1,7.187088132e-1,9.582784176e-1,5.490600109e0,-1.078311086e0
train,3075,C#CC(C)(C)OCCC,8.076338768e0,-2.218331099e0,2.156126499e0,2.874835253e0,5.858007431e0,-7.904520035e-1
train,3076,CC1C=CC(=O)C2C[NH+]12,4.887165070e0,6.760134101e-1,7.187088132e-1,9.582784176e-1,5.563178539e0,-1.021446705e0
train,3077,CC1C[NH+]1C1COC1=O,6.419166088e0,4.371178895e-2,7.187088132e-1,9.582784176e-1,6.462877750e0,-3.165437281e-1
train,3078,CCc1c[nH]nc1NC,6.176984310e0,6.966025233e-1,7.187088132e-1,9.582784176e-1,6.873586655e0,5.241550971e-3
train,3079,O=CNCc1ncco1,6.609645367e0,1.376283616e-1,7.187088132e-1,9.582784176e-1,6.747273922e0,-9.372288734e-2
train,3080,N#CC#CC1(C#N)CO1,6.100792408e0,-1.059667110e0,7.187088132e-1,9.582784176e-1,5.041125298e0,-1.430468917e0
train,3081,O=Cc1ccc(C=O)o1,4.606887817e0,-1.846242696e-1,7.187088132e-1,9.582784176e-1,4.422263622e0,-1.915339231e0
train,3082,C#CC1CC2(C)C(C)C12,8.051848412e0,9.586350918e-1,7.187088132e-1,9.582784176e-1,9.010483742e0,1.679473519e0
train,3083,O=CC[NH+]1C2CC3C2C31,5.466767311e0,1.278076291e0,2.156126499e0,2.874835253e0,6.744843483e0,-9.562710673e-2
train,3084,CC12CC3CC3CC1O2,8.805603981e0,2.240736410e-2,7.187088132e-1,9.582784176e-1,8.828011513e0,1.536508918e0
train,3085,CC(O)COCC1CC1,8.634172440e0,-4.555976018e-3,7.187088132e-1,9.582784176e-1,8.629616737e0,1.381069064e0
train,3086,CCCCC(O)CO,8.628729820e0,3.272385120e0,2.156126499e0,2.874835253e0,1.190111542e1,3.944247246e0
train,3087,CCCC(=O)C1COC1,6.266781807e0,-8.276210427e-1,7.187088132e-1,9.582784176e-1,5.439160824e0,-1.118613005e0
train,3088,CCCC1(COC)CN1,8.577029228e0,1.006583929e0,7.187088132e-1,9.582784176e-1,9.583613396e0,2.128513336e0
train,3089,CC1(C2COC2)CCC1,8.585191727e0,-5.187368989e-1,7.187088132e-1,9.582784176e-1,8.066454887e0,9.398388267e-1
train,3090,C#CC(C#N)NC,6.982441425e0,2.273106724e-1,7.187088132e-1,9.582784176e-1,7.209752083e0,2.686229348e-1
train,3091,O=CC1N=COC2CC12,5.861332417e0,-2.091909170e0,7.187088132e-1,9.582784176e-1,3.769423246e0,-2.426831484e0
train,3092,Cc1cnc(C2CO2)[nH]1,6.253176689e0,6.507316232e-1,2.156126499e0,2.874835253e0,6.903908253e0,2.899814211e-2
train,3093,C#CC12C[NH+]3CCC1C32,7.107614040e0,1.015624166e0,7.187088132e-1,9.582784176e-1,8.123238564e0,9.843280911e-1
train,3094,O=COCC1CO1,7.646399021e0,-8.873438835e-1,7.187088132e-1,9.582784176e-1,6.759055138e0,-8.449245244e-2
train,3095,CC12CC(C=O)OC1C2,5.717112064e0,-3.065735698e-1,7.187088132e-1,9.582784176e-1,5.410538673e0,-1.141038179e0
train,3096,N#CC(O)CO[CH+][NH-],7.295372486e0,1.688325107e-1,7.187088132e-1,9.582784176e-1,7.464204788e0,4.679834247e-1
train,3097,CC#CC1CC(=O)N1C,7.431428909e0,1.270513892e0,7.187088132e-1,9.582784176e-1,8.701942444e0,1.437735319e0
train,3098,CCCNc1cnno1,5.692621708e0,-8.526657820e-1,7.187088132e-1,9.582784176e-1,4.839955807e0,-1.588082671e0
train,3099,CC(C)[NH2+]C(C)OC=O,6.538896084e0,9.793428332e-2,7.187088132e-1,9.582784176e-1,6.636830330e0,-1.802540570e-1
train,3100,O=C1COCCC2CN12,6.446377277e0,-1.421798915e-1,7.187088132e-1,9.582784176e-1,6.304197311e0,-4.408678412e-1
train,3101,C1OC2OC3C1C1C2C31,8.786556244e0,-1.055684805e0,7.187088132e-1,9.582784176e-1,7.730871201e0,6.769132018e-1
train,3102,CC12OC3C(O)C1OC32,7.774292946e0,-9.794972539e-1,7.187088132e-1,9.582784176e-1,6.794795513e0,-5.649031699e-2
train,3103,Nc1nnn(CC=O)n1,5.287172318e0,8.993737698e-1,7.187088132e-1,9.582784176e-1,6.186546326e0,-5.330458879e-1
train,3104,N#CC1C2C3CC3C[NH+]12,6.723933220e0,-1.856291890e-1,7.187088132e-1,9.582784176e-1,6.538303852e0,-2.574483156e-1
train,3105,CCCn1cc(O)cn1,6.296714783e0,3.932778537e-1,7.187088132e-1,9.582784176e-1,6.689992428e0,-1.386022121e-1
train,3106,N#CC#CC(=O)CO,5.058596611e0,-3.223654628e-1,7.187088132e-1,9.582784176e-1,4.736231327e0,-1.669349432e0
train,3107,CC1C2[NH+]1CC21CCC1,8.206954002e0,-7.049392462e-1,7.187088132e-1,9.582784176e-1,7.502014637e0,4.976069927e-1
train,3108,[H]N=CNc1cc(C)co1,5.368806362e0,-5.756286979e-1,7.187088132e-1,9.582784176e-1,4.793177605e0,-1.624732852e0
train,3109,C#CC1CC2CC1C2O,8.084503174e0,-6.476480961e-1,7.187088132e-1,9.582784176e-1,7.436855316e0,4.465554655e-1
train,3110,CC1(CC=O)COC1=O,6.106235027e0,-4.603865445e-1,7.187088132e-1,9.582784176e-1,5.645848274e0,-9.566760659e-1
train,3111,N#CC1(CO)C[NH2+][CH+]O1,7.341631889e0,5.942170620e-1,7.187088132e-1,9.582784176e-1,7.935849190e0,8.375108838e-1
train,3112,CCOCC1C(C)C1O,8.511721611e0,1.513123631e0,7.187088132e-1,9.582784176e-1,1.002484512e1,2.474212885e0
train,3113,OC12C3NC1C1C([NH2+]3)C12,4.367427349e0,7.262479067e-1,2.156126499e0,2.874835253e0,5.093675137e0,-1.389296770e0
train,3114,CC(=O)CC(C)(O)C#N,6.307599545e0,-2.112002522e-1,7.187088132e-1,9.582784176e-1,6.096399307e0,-6.036749482e-1
train,3115,CCC12OC1C[NH2+]C2N,6.737539291e0,-4.198121727e-1,7.187088132e-1,9.582784176e-1,6.317727089e0,-4.302674234e-1
train,3116,CC1OC2[NH2+]CCC12C,7.121219635e0,-8.995620012e-1,7.187088132e-1,9.582784176e-1,6.221657753e0,-5.055365562e-1
train,3117,OC1C=CC2CC(C1)O2,6.397397041e0,-7.707032561e-2,7.187088132e-1,9.582784176e-1,6.320326805e0,-4.282305837e-1
train,3118,CC1C[NH+]1C1CC1O,8.294030190e0,-9.314502478e-1,7.187088132e-1,9.582784176e-1,7.362579823e0,3.883615434e-1
train,3119,CNc1occ(O)c1C,5.921197414e0,3.477848172e-1,7.187088132e-1,9.582784176e-1,6.268982410e0,-4.684582651e-1
train,3120,c1c[nH]c(C2CC2)n1,6.620530128e0,-1.379003190e-2,2.156126499e0,2.874835253e0,6.606739998e0,-2.038294524e-1
train,3121,[NH-]c1[nH]c(=O)[nH+]cc1O,5.164721012e0,-6.065170765e-1,7.187088132e-1,9.582784176e-1,4.558203697e0,-1.808831930e0
train,3122,[NH-][CH+]OC(=O)CC(N)=O,5.866774559e0,-3.613922000e-1,7.187088132e-1,9.582784176e-1,5.505382538e0,-1.066729188e0
train,3123,OC12COC3OCC1C32,8.615124702e0,-1.486515522e0,7.187088132e-1,9.582784176e-1,7.128609180e0,2.050485015e-1
train,3124,CC(CO)CC1(O)CC1,8.242328644e0,3.309152722e-1,7.187088132e-1,9.582784176e-1,8.573244095e0,1.336901784e0
train,3125,CC1(C#CCO)CN1,7.382448673e0,3.470479548e-1,7.187088132e-1,9.582784176e-1,7.729496479e0,6.758361459e-1
train,3126,CCCC1(C#N)CC1,8.710365295e0,-6.448581815e-1,7.187088132e-1,9.582784176e-1,8.065506935e0,9.390960932e-1
train,3127,CC1(O)C(=O)N2CC21,6.030043125e0,1.678939223e0,7.187088132e-1,9.582784176e-1,7.708982468e0,6.597636938e-1
train,3128,CNC1(C#N)C[NH+]2CC21,6.979720592e0,-1.357231975e0,7.187088132e-1,9.582784176e-1,5.622488499e0,-9.749781489e-1
train,3129,CC1=CC2C3NC1C23O,6.223243713e0,4.502373561e-2,7.187088132e-1,9.582784176e-1,6.268267632e0,-4.690183103e-1
train,3130,CC12CC(C1)N2C(N)=O,7.458641052e0,8.365636468e-1,7.187088132e-1,9.582784176e-1,8.295205116e0,1.119061708e0
train,3131,CCOC(C)(C)C(C)O,8.661384583e0,5.262356400e-1,7.187088132e-1,9.582784176e-1,9.187620163e0,1.818257689e0
train,3132,COC1C2CC1C1OC21,9.023295403e0,1.068680286e-1,7.187088132e-1,9.582784176e-1,9.130163193e0,1.773240924e0
train,3133,COCC(C)(C=O)OC,5.815073013e0,3.789912760e-1,7.187088132e-1,9.582784176e-1,6.194064140e0,-5.271558166e-1
train,3134,CCC1CC2OC(C)C12,8.383827209e0,-9.396266937e-1,7.187088132e-1,9.582784176e-1,7.444200516e0,4.523103535e-1
train,3135,C[NH2+][CH+]OCCO,7.469525814e0,-4.826764762e-1,7.187088132e-1,9.582784176e-1,6.986849308e0,9.398141503e-2
train,3136,C#CC(O)C1CC1C#C,7.494016171e0,1.009001970e0,2.156126499e0,2.874835253e0,8.503018379e0,1.281880856e0
train,3137,CCC1Cn2ncnc21,7.423265934e0,1.109125838e-1,7.187088132e-1,9.582784176e-1,7.534178734e0,5.228071213e-1
train,3138,CC(=O)NCC1CN1,7.488573551e0,1.102215201e-1,7.187088132e-1,9.582784176e-1,7.598794937e0,5.734331012e-1
train,3139,CC#CC1CC(=O)O1,7.439593315e0,1.731034927e-2,7.187088132e-1,9.582784176e-1,7.456903458e0,4.622629285e-1
train,3140,C#CC(C)C1CC1C,8.481788635e0,8.946926892e-2,7.187088132e-1,9.582784176e-1,8.571257591e0,1.335345387e0
train,3141,CC1(C)C2CC3CC1[NH+]32,8.103550911e0,-9.358757734e-1,7.187088132e-1,9.582784176e-1,7.167675018e0,2.356560826e-1
train,3142,CCC1OC2(C)C(C)C12,8.353896141e0,-1.170433402e0,7.187088132e-1,9.582784176e-1,7.183462620e0,2.480254769e-1
train,3143,COc1ccnc(O)n1,5.981062412e0,4.136872590e-1,7.187088132e-1,9.582784176e-1,6.394749641e0,-3.699212372e-1
train,3144,OC1C2CC3CC2OC31,8.296751022e0,-8.974583745e-1,7.187088132e-1,9.582784176e-1,7.399292469e0,4.171254635e-1
train,3145,OC1CCC2(O)CC12O,8.250492096e0,-6.593871713e-1,7.187088132e-1,9.582784176e-1,7.591104984e0,5.674081445e-1
train,3146,N#CC1OC([NH-])CC1N,7.115777493e0,-1.383257031e0,7.187088132e-1,9.582784176e-1,5.732520580e0,-8.887693882e-1
train,3147,C[NH2+]C1OCC2CC21O,7.096729279e0,-3.762629330e-1,7.187088132e-1,9.582784176e-1,6.720466137e0,-1.147264540e-1
train,3148,CNC(C#N)C1(O)CC1,7.649120808e0,3.818283230e-2,7.187088132e-1,9.582784176e-1,7.687303543e0,6.427785158e-1
train,3149,C1=CC2(CCC1)CO2,6.843663692e0,-1.634579301e-1,7.187088132e-1,9.582784176e-1,6.680205822e0,-1.462699026e-1
train,3150,NC1[NH2+]C2CC(O1)C2=O,5.178326607e0,1.141713619e0,7.187088132e-1,9.582784176e-1,6.320040226e0,-4.284551144e-1
train,3151,CC12COCC1(O)CO2,8.157973289e0,-4.142165482e-1,7.187088132e-1,9.582784176e-1,7.743756771e0,6.870089173e-1
train,3152,CC(C=O)CC1CC1C,6.136167526e0,-4.131871760e-1,7.187088132e-1,9.582784176e-1,5.722980499e0,-8.962439299e-1
train,3153,CCC1C(C)C1C1CO1,9.091323853e0,1.545452118e0,2.156126499e0,2.874835253e0,1.063677597e1,2.953653097e0
train,3154,CC12CC3(CO3)CC1N2,8.772951126e0,6.047310233e-1,7.187088132e-1,9.582784176e-1,9.377681732e0,1.967168570e0
train,3155,N#CC1OC12C=CCC2,6.650462627e0,-8.836056590e-1,7.187088132e-1,9.582784176e-1,5.766857147e0,-8.618671298e-1
train,3156,CC1OC2C(C=O)CC12,5.904870510e0,-1.728725553e0,2.156126499e0,2.874835253e0,4.176145077e0,-2.108170033e0
train,3157,CC1(C)COC1C1CN1,8.419202805e0,-6.958916783e-1,7.187088132e-1,9.582784176e-1,7.723310947e0,6.709898710e-1
train,3158,COCC(N)=O,7.450477123e0,4.714092016e-1,7.187088132e-1,9.582784176e-1,7.921886444e0,8.265712857e-1
train,3159,CC(O)c1ocnc1O,5.891264915e0,-1.590324193e-1,7.187088132e-1,9.582784176e-1,5.732232571e0,-8.889950514e-1
train,3160,CC1CC2(C)OC3C1C32,8.351174355e0,-3.093917370e-1,7.187088132e-1,9.582784176e-1,8.041782379e0,9.205082059e-1
train,3161,N#CC1CC2C=CC1C2,6.982441425e0,-5.345542431e-1,7.187088132e-1,9.582784176e-1,6.447887421e0,-3.282884359e-1
train,3162,OC1C2C=CC=CC1O2,4.644983292e0,7.670530677e-1,7.187088132e-1,9.582784176e-1,5.412036419e0,-1.139864683e0
train,3163,C[NH2+]C1NC(C)[NH2+]C1C,6.095350742e0,3.399879456e0,2.156126499e0,2.874835253e0,9.495229721e0,2.059265852e0
train,3164,NC(=O)c1c[nH]cc1O,5.036827564e0,-2.174127698e-1,7.187088132e-1,9.582784176e-1,4.819414616e0,-1.604176402e0
train,3165,Nc1nccnc1CO,4.998731613e0,-1.545489728e-1,7.187088132e-1,9.582784176e-1,4.844182491e0,-1.584771156e0
train,3166,CC1(C)C(=O)CC2NC21,6.095350742e0,-2.540998459e-1,7.187088132e-1,9.582784176e-1,5.841250896e0,-8.035805225e-1
train,3167,C#CC1(O)CC2NC21C,7.001489162e0,1.071787238e0,7.187088132e-1,9.582784176e-1,8.073276520e0,9.451834559e-1
train,3168,CC1OC2CC(C)C2O1,9.026016235e0,-1.022695079e-1,7.187088132e-1,9.582784176e-1,8.923747063e0,1.611516476e0
train,3169,Cn1ncc2[nH]ccc21,5.766092300e0,1.572536230e0,2.156126499e0,2.874835253e0,7.338628769e0,3.695962131e-1
train,3170,O=COC1OC2CC1C2,7.420545101e0,-4.586614966e-1,7.187088132e-1,9.582784176e-1,6.961883545e0,7.442105561e-2
train,3171,CC12C=CC3OC1CC32,6.625972271e0,2.987805903e-1,7.187088132e-1,9.582784176e-1,6.924752712e0,4.532951489e-2
train,3172,N#CC1=CC2CC1C2O,5.469488621e0,5.001809001e-1,7.187088132e-1,9.582784176e-1,5.969669342e0,-7.029663324e-1
train,3173,C1=Cc2n[nH]cc2C1,5.684458733e0,2.630699873e-1,7.187088132e-1,9.582784176e-1,5.947528839e0,-7.203131318e-1
train,3174,C#CC1C2COC(=O)C12,7.126662254e0,-1.272730589e0,7.187088132e-1,9.582784176e-1,5.853931427e0,-7.936455011e-1
train,3175,O=CCNc1c[nH]nn1,4.849069118e0,-4.732318819e-1,7.187088132e-1,9.582784176e-1,4.375837326e0,-1.951713681e0
train,3176,COC1CC(O)CO1,8.797441483e0,-4.767954350e-1,7.187088132e-1,9.582784176e-1,8.320646286e0,1.138994575e0
train,3177,C1CC23COC2(CO1)C3,7.967494011e0,-5.601705313e-1,7.187088132e-1,9.582784176e-1,7.407323360e0,4.234175384e-1
train,3178,C[NH2+]C1C(O)C2C(C)[NH+]12,6.386512280e0,1.194161892e0,7.187088132e-1,9.582784176e-1,7.580674171e0,5.592357516e-1
train,3179,CC1=CC2CC2OC1=O,5.725275517e0,-5.020847797e0,2.156126499e0,2.874835253e0,7.044277191e-1,-4.828217030e0
train,3180,O=C1C=CC2NC2C=C1,4.835463047e0,6.249491498e-2,7.187088132e-1,9.582784176e-1,4.897957802e0,-1.542638779e0
train,3181,Nc1cc(N)cc(O)c1,6.024600506e0,-7.100014687e-1,7.187088132e-1,9.582784176e-1,5.314599037e0,-1.216205716e0
train,3182,C1CC2CC3CC(O1)C23,8.372943878e0,-5.888763070e-1,7.187088132e-1,9.582784176e-1,7.784067631e0,7.185919285e-1
train,3183,CNc1[nH]nc(C)c1N,6.430050850e0,1.145650268e0,7.187088132e-1,9.582784176e-1,7.575701237e0,5.553395152e-1
train,3184,O=CC1CCCC1C=O,5.855890274e0,-1.866495371e0,2.156126499e0,2.874835253e0,3.989394903e0,-2.254486561e0
train,3185,CC1C2C3C([NH+]13)C21CC1,8.683153152e0,-4.973641410e-2,7.187088132e-1,9.582784176e-1,8.633417130e0,1.384046555e0
train,3186,CC12C=CCC(C)(C1)C2,6.941624641e0,-2.103974372e-1,7.187088132e-1,9.582784176e-1,6.731227398e0,-1.062951386e-1
train,3187,CC12CC3CC(C)(O1)C32,8.544375420e0,1.018852234e0,7.187088132e-1,9.582784176e-1,9.563227654e0,2.112541437e0
train,3188,CC12NC3C(C1C#N)C32,6.982441425e0,1.386655092e0,2.156126499e0,2.874835253e0,8.369096756e0,1.176954865e0
train,3189,O=C1NC=CCOCO1,6.157936573e0,-7.113189101e-1,7.187088132e-1,9.582784176e-1,5.446617603e0,-1.112770796e0
train,3190,COCC12CC(C)[NH+]1C2,8.285867691e0,1.565379798e-1,7.187088132e-1,9.582784176e-1,8.442405701e0,1.234391570e0
train,3191,OC1C2C3CCC2(O)C13,8.751181602e0,5.594676137e-1,7.187088132e-1,9.582784176e-1,9.310648918e0,1.914649248e0
train,3192,NC1[NH2+]C2CC1OC2=O,6.299435616e0,-4.016086161e-1,7.187088132e-1,9.582784176e-1,5.897827148e0,-7.592537403e-1
train,3193,CC1C2CC3OC(C2)C31,8.509000778e0,5.792928934e-1,7.187088132e-1,9.582784176e-1,9.088294029e0,1.740436912e0
train,3194,OCc1ncncc1F,5.714390755e0,-3.740271628e-1,7.187088132e-1,9.582784176e-1,5.340363503e0,-1.196019530e0
train,3195,N#CC1NC2CC12CO,6.876317024e0,2.158465862e0,2.156126499e0,2.874835253e0,9.034782410e0,1.698511243e0
train,3196,CC1CC2(O)C3NC3C12,7.864090443e0,4.442342222e-1,7.187088132e-1,9.582784176e-1,8.308324814e0,1.129340887e0
train,3197,C#CC1(CCC)CC1C,7.967494011e0,1.897924542e-1,7.187088132e-1,9.582784176e-1,8.157286644e0,1.011004329e0
train,3198,C1=CC2C3CC1OC23,6.530732632e0,7.727909684e-1,7.187088132e-1,9.582784176e-1,7.303523540e0,3.420917094e-1
train,3199,CC1(C)CC(O)C([NH-])O1,7.793340683e0,1.533169627e0,7.187088132e-1,9.582784176e-1,9.326510429e0,1.927076459e0
train,3200,Nc1occc1N1CC1,5.869495869e0,-8.005127311e-1,7.187088132e-1,9.582784176e-1,5.068983078e0,-1.408642650e0
train,3201,N#CCNc1cnoc1,5.864053726e0,1.182497501e0,7.187088132e-1,9.582784176e-1,7.046551228e0,1.407571137e-1
train,3202,[NH-]c1[nH+]c(=O)occ1O,5.483094215e0,-5.327017307e-1,7.187088132e-1,9.582784176e-1,4.950392723e0,-1.501556754e0
train,3203,O=CC12CC1CC21CC1,5.970178127e0,2.323052883e-1,7.187088132e-1,9.582784176e-1,6.202483177e0,-5.205596089e-1
train,3204,CC12CC=CCC(C1)O2,7.240949631e0,9.618976712e-1,7.187088132e-1,9.582784176e-1,8.202847481e0,1.046700716e0
train,3205,CCC1(C)NCC1NO,6.402839184e0,-7.976350784e-1,7.187088132e-1,9.582784176e-1,5.605204105e0,-9.885202646e-1
train,3206,[NH-]C1=NC(F)OC(=O)O1,6.593318939e0,3.157551587e-1,7.187088132e-1,9.582784176e-1,6.909074306e0,3.304567933e-2
train,3207,[NH-][CH+]OC1CC1OC=O,7.562044144e0,-2.057082765e-2,7.187088132e-1,9.582784176e-1,7.541473389e0,5.285224319e-1
train,3208,C#CC(O)C1(CC)CC1,8.133483887e0,-1.213659286e0,7.187088132e-1,9.582784176e-1,6.919824600e0,4.146840051e-2
train,3209,CCOCC1(CO)CO1,8.759345055e0,1.408103704e0,7.187088132e-1,9.582784176e-1,1.016744900e1,2.585941315e0
train,3210,Nc1cc(N)c(C=O)[nH]1,4.560628414e0,-9.710162878e-1,2.156126499e0,2.874835253e0,3.589612007e0,-2.567711353e0
train,3211,CC1CN(C)C=C1C=O,4.726617813e0,-9.789788723e-1,7.187088132e-1,9.582784176e-1,3.747638941e0,-2.443899155e0
train,3212,Cc1ncc(C#N)[nH]1,5.749765873e0,-2.178500593e-1,7.187088132e-1,9.582784176e-1,5.531915665e0,-1.045940757e0
train,3213,CC1CC(C)C2CC1C2,9.700859070e0,-9.207233787e-1,7.187088132e-1,9.582784176e-1,8.780136108e0,1.498999119e0
train,3214,CC1OC2(C#N)C(C)C12,6.966114998e0,-1.367967576e-1,7.187088132e-1,9.582784176e-1,6.829318047e0,-2.944234759e-2
train,3215,CC1(C)CN(C=O)[CH+][NH2+]1,6.046370029e0,4.032767564e-2,7.187088132e-1,9.582784176e-1,6.086697578e0,-6.112761497e-1
train,3216,CC(O)(CC#N)C1CO1,8.514442444e0,-1.468557715e0,7.187088132e-1,9.582784176e-1,7.045884609e0,1.402348280e-1
train,3217,C#CC(C)(C=O)OCC,5.583776474e0,-2.384419739e-2,7.187088132e-1,9.582784176e-1,5.559932232e0,-1.023990154e0
train,3218,C#CC1CC1C(O)C#N,7.338910580e0,-1.322015077e-1,7.187088132e-1,9.582784176e-1,7.206708908e0,2.662386596e-1
train,3219,C#CCCOCCC#C,8.443693161e0,-1.094002008e0,7.187088132e-1,9.582784176e-1,7.349691391e0,3.782636225e-1
train,3220,NC(=O)Cn1ccnn1,6.421886921e0,-1.256531954e0,7.187088132e-1,9.582784176e-1,5.165354729e0,-1.333136678e0
train,3221,COC(CC=O)C1CC1,6.035485268e0,-9.971998334e-1,7.187088132e-1,9.582784176e-1,5.038285255e0,-1.432694077e0
train,3222,CC1CC=CC2CC12O,6.617809296e0,3.676906228e-1,7.187088132e-1,9.582784176e-1,6.985499859e0,9.292414039e-2
train,3223,CC1C(O)CCC1C=O,6.136167526e0,1.016414881e0,7.187088132e-1,9.582784176e-1,7.152582169e0,2.238310277e-1
train,3224,C#CC1(O)COC([NH-])C1,7.333467960e0,7.456880212e-1,7.187088132e-1,9.582784176e-1,8.079155922e0,9.497899413e-1
train,3225,C#CC#CC1NC1CC,5.913033962e0,1.015285134e0,7.187088132e-1,9.582784176e-1,6.928318977e0,4.812363908e-2
train,3226,CC1C2CC(=O)C(=O)N12,4.255860806e0,-1.033356667e0,7.187088132e-1,9.582784176e-1,3.222504139e0,-2.855335712e0
train,3227,CC1C=CCNC(=O)O1,6.862711906e0,-1.275962591e0,7.187088132e-1,9.582784176e-1,5.586749077e0,-1.002979517e0
train,3228,CCC1(COC)CC1,9.004247665e0,1.203783870e0,2.156126499e0,2.874835253e0,1.020803165e1,2.617737293e0
train,3229,O=CC1(C2CCO2)CC1,6.046370029e0,1.727221966e0,2.156126499e0,2.874835253e0,7.773591995e0,7.103844285e-1
train,3230,N#CC1NC(C#N)C1O,6.957951069e0,-1.653323025e-1,7.187088132e-1,9.582784176e-1,6.792618752e0,-5.819578469e-2
train,3231,CCC1(CC)CCC1C,9.466840744e0,-6.019653082e-1,7.187088132e-1,9.582784176e-1,8.864875793e0,1.565391541e0
train,3232,CCc1onnc1OC,5.344316006e0,1.822479516e-1,7.187088132e-1,9.582784176e-1,5.526564121e0,-1.050133705e0
train,3233,CC12C(O)[CH-]C3C[NH+]1C32,4.742944717e0,-6.326354742e-1,7.187088132e-1,9.582784176e-1,4.110309124e0,-2.159751654e0
train,3234,CNC(=O)C#CCCO,6.427329540e0,2.393479586e0,2.156126499e0,2.874835253e0,8.820809364e0,1.530866027e0
train,3235,CC1C(O)CC2C[NH+]21,7.891301632e0,-4.092492461e-1,7.187088132e-1,9.582784176e-1,7.482052326e0,4.819667637e-1
train,3236,CC1(C(=O)CO)CCC1,6.408281326e0,6.304065585e-1,7.187088132e-1,9.582784176e-1,7.038687706e0,1.345961541e-1
train,3237,CC1CC1,1.017161655e1,-2.713054419e-1,7.187088132e-1,9.582784176e-1,9.900311470e0,2.376642466e0
train,3238,O=CCOC1CC2NC21,5.763371468e0,1.494568586e-1,7.187088132e-1,9.582784176e-1,5.912828445e0,-7.475004196e-1
train,3239,[NH-]C1OC23CC(C2)OC13,7.172921181e0,6.547351480e-1,7.187088132e-1,9.582784176e-1,7.827656269e0,7.527431250e-1
train,3240,COC1CNCC(=O)O1,6.470867634e0,-5.751724243e-1,7.187088132e-1,9.582784176e-1,5.895695210e0,-7.609241009e-1
train,3241,Cc1cnoc1C1CC1,6.166100025e0,9.755568579e-3,7.187088132e-1,9.582784176e-1,6.175855637e0,-5.414219499e-1
train,3242,[NH-]c1o[cH+]nc(O)c1N,4.217764854e0,8.185743093e-1,7.187088132e-1,9.582784176e-1,5.036339283e0,-1.434218645e0
train,3243,CCOC1(C#N)COC1,7.572928429e0,3.041072786e-1,7.187088132e-1,9.582784176e-1,7.877035618e0,7.914311886e-1
train,3244,N#CC1C(C#N)C1C=O,5.994668484e0,-1.954646856e-1,7.187088132e-1,9.582784176e-1,5.799203873e0,-8.365238309e-1
train,3245,CC12CC(CC=O)C1N2,6.171542168e0,6.714830399e-1,7.187088132e-1,9.582784176e-1,6.843025208e0,-1.870295964e-2
train,3246,C1=CC2OC2COCC1,6.386512280e0,1.025616050e0,7.187088132e-1,9.582784176e-1,7.412128448e0,4.271822870e-1
train,3247,CC1CC2(C)NC2CO1,8.372943878e0,-2.807021737e-1,7.187088132e-1,9.582784176e-1,8.092241287e0,9.600421190e-1
train,3248,CC12NC1(C)C(O)C2=O,6.024600506e0,3.333815336e-1,2.156126499e0,2.874835253e0,6.357982159e0,-3.987281024e-1
train,3249,CC12OC1CCC2=O,5.787861824e0,1.813068241e-1,7.187088132e-1,9.582784176e-1,5.969168663e0,-7.033585906e-1
train,3250,O=CNCc1ncno1,6.065417767e0,6.278795600e-1,7.187088132e-1,9.582784176e-1,6.693297386e0,-1.360128224e-1
train,3251,COC(=O)N(C)CCO,8.030079842e0,-6.356214285e-1,7.187088132e-1,9.582784176e-1,7.394458294e0,4.133379459e-1
train,3252,C#CC1CCC1C(C)=O,6.215080738e0,4.248756766e-1,7.187088132e-1,9.582784176e-1,6.639956474e0,-1.778047532e-1
train,3253,O=CC1(O)CC1C1CN1,5.493978977e0,-1.101824522e0,7.187088132e-1,9.582784176e-1,4.392154694e0,-1.938929200e0
train,3254,COCC1C[NH+]1CC=O,5.953851223e0,1.012079120e0,7.187088132e-1,9.582784176e-1,6.965930462e0,7.759176195e-2
train,3255,CC(=O)NC(C)CO,7.545717239e0,1.650899649e-1,7.187088132e-1,9.582784176e-1,7.710807323e0,6.611934304e-1
train,3256,OCC12CC1CC1NC12,8.449134827e0,-4.275246561e-1,7.187088132e-1,9.582784176e-1,8.021610260e0,9.047036171e-1
train,3257,Cc1cnc(C#N)[nH]1,5.548401356e0,1.333945245e-2,7.187088132e-1,9.582784176e-1,5.561740875e0,-1.022573113e0
train,3258,C[NH+](C)C1CC1(N)C#N,7.118498325e0,4.313682616e-1,7.187088132e-1,9.582784176e-1,7.549866676e0,5.350984335e-1
train,3259,OC12COC1CC1CC12,8.555259705e0,-1.434058845e-1,2.156126499e0,2.874835253e0,8.411853790e0,1.210454464e0
train,3260,C#CCCC(F)(F)F,8.674989700e0,-1.147144198e0,7.187088132e-1,9.582784176e-1,7.527845383e0,5.178450346e-1
train,3261,Cc1cncn1CCO,6.680395126e0,1.018342853e0,7.187088132e-1,9.582784176e-1,7.698738098e0,6.517373323e-1
train,3262,Cc1n[nH]cc1C(C)C,7.039586067e0,1.358109474e0,7.187088132e-1,9.582784176e-1,8.397695541e0,1.199361682e0
train,3263,CC1CC2C(CO)C2C1,8.791998863e0,-2.513093710e0,2.156126499e0,2.874835253e0,6.278904915e0,-4.606841207e-1
train,3264,CC1C2CC3(C)C2C13C,8.778392792e0,-6.413536072e-1,7.187088132e-1,9.582784176e-1,8.137039185e0,9.951407313e-1
train,3265,CCCC1(C=O)OC1C,5.956572056e0,7.871137261e-1,7.187088132e-1,9.582784176e-1,6.743685722e0,-9.653420001e-2
train,3266,CCC12OC1(C)C1NC12,8.544375420e0,1.768587530e-1,7.187088132e-1,9.582784176e-1,8.721234322e0,1.452850223e0
train,3267,CC(C)(O)C1(C#N)CC1,8.645057678e0,6.025559902e-1,7.187088132e-1,9.582784176e-1,9.247613907e0,1.865262032e0
train,3268,Nc1c(O)c[nH]c1CO,6.108956337e0,8.367735147e-1,7.187088132e-1,9.582784176e-1,6.945729733e0,6.176474690e-2
train,3269,COC12CCCC1(C)C2,8.949825287e0,-9.577682614e-2,7.187088132e-1,9.582784176e-1,8.854048729e0,1.556908727e0
train,3270,COC([NH-])COCCO,7.915791988e0,8.495385051e-1,7.187088132e-1,9.582784176e-1,8.765330315e0,1.487398982e0
train,3271,CC1CC1[NH+]1CC1(C)C,8.332126617e0,-1.178098693e-1,7.187088132e-1,9.582784176e-1,8.214316368e0,1.055686474e0
train,3272,[H]N=CN1CC(C)(C)C1=O,6.157936573e0,-4.563955218e-2,2.156126499e0,2.874835253e0,6.112297058e0,-5.912193060e-1
train,3273,C#CC(N)c1ncc[nH]1,6.617809296e0,-7.944686413e-1,7.187088132e-1,9.582784176e-1,5.823340416e0,-8.176131845e-1
train,3274,N#Cc1n[nH]cc1C=O,5.401460171e0,1.322482824e0,7.187088132e-1,9.582784176e-1,6.723942757e0,-1.120025665e-1
train,3275,CC1C=CC2OCC12C,6.821894169e0,7.430215478e-1,7.187088132e-1,9.582784176e-1,7.564915657e0,5.468891263e-1
train,3276,CC1CC(O)C1CO,8.468183517e0,1.213848814e-1,7.187088132e-1,9.582784176e-1,8.589568138e0,1.349691510e0
train,3277,CC1CC(=O)C(C)C1,6.035485268e0,1.135021448e0,7.187088132e-1,9.582784176e-1,7.170506477e0,2.378745079e-1
train,3278,CC12C3CC1C2(CO)C3,8.372943878e0,-1.230935216e0,7.187088132e-1,9.582784176e-1,7.142008781e0,2.155469209e-1
train,3279,N#CC1CC2(CCO2)C1,7.850484848e0,1.449958444e0,7.187088132e-1,9.582784176e-1,9.300443649e0,1.906653523e0
train,3280,CNc1nn[nH]c1N,6.212359428e0,2.710861683e0,2.156126499e0,2.874835253e0,8.923221588e0,1.611104727e0
train,3281,CCOc1cc(C)c[nH]1,6.604203224e0,5.758572221e-1,7.187088132e-1,9.582784176e-1,7.180060387e0,2.453598678e-1
train,3282,C#CC1CCC2C[NH+]12,7.572928429e0,-4.482721984e-1,7.187088132e-1,9.582784176e-1,7.124656200e0,2.019513845e-1
train,3283,OC1CC2C3C4C1C4[NH+]23,7.665446758e0,-2.437153459e-1,7.187088132e-1,9.582784176e-1,7.421731472e0,4.347061217e-1
train,3284,CC1(NC=O)CCC1=O,5.847726822e0,1.432194114e0,7.187088132e-1,9.582784176e-1,7.279921055e0,3.235994577e-1
train,3285,COc1coc(N)n1,6.076302528e0,-2.220151275e-1,7.187088132e-1,9.582784176e-1,5.854287624e0,-7.933664322e-1
train,3286,CC1(O)CC2C(O)C21,8.375664711e0,-1.180899978e0,7.187088132e-1,9.582784176e-1,7.194764614e0,2.568804324e-1
train,3287,CC1C2NCC(=O)OC12,6.645020485e0,-9.932010770e-1,7.187088132e-1,9.582784176e-1,5.651819229e0,-9.519978762e-1
train,3288,OCC1C=CC2OCC12,6.854547501e0,-9.429313987e-2,7.187088132e-1,9.582784176e-1,6.760254383e0,-8.355285972e-2
train,3289,CCC1C(C)C1COC,8.860027313e0,-5.685603023e-1,7.187088132e-1,9.582784176e-1,8.291466713e0,1.116132736e0
train,3290,N#Cc1nc(CO)c[nH]1,5.545680046e0,3.893015981e-1,7.187088132e-1,9.582784176e-1,5.934981823e0,-7.301435471e-1
train,3291,CC#CC[NH+]1CC1CO,7.270882130e0,-9.555555582e-1,7.187088132e-1,9.582784176e-1,6.315326691e0,-4.321481287e-1
train,3292,O=CCC(=O)N1CCC1,5.926640034e0,8.775408864e-1,7.187088132e-1,9.582784176e-1,6.804181099e0,-4.913682863e-2
train,3293,C#CC1(O)CC2CCC21,7.708985806e0,-6.661005616e-1,7.187088132e-1,9.582784176e-1,7.042885303e0,1.378849149e-1
train,3294,CC1CC2C(C(N)=O)[NH+]12,7.099450111e0,-3.237658739e-1,7.187088132e-1,9.582784176e-1,6.775684357e0,-7.146366686e-2
train,3295,C#CC(CCO)C1CO1,8.163415909e0,-1.136637568e0,7.187088132e-1,9.582784176e-1,7.026778221e0,1.252652109e-1
train,3296,O=CCOc1cn[nH]c1,5.088529110e0,-2.092655897e0,7.187088132e-1,9.582784176e-1,2.995873213e0,-3.032898188e0
train,3297,C[NH2+]C1OC2C(C)C12N,6.658626080e0,-9.323932528e-1,7.187088132e-1,9.582784176e-1,5.726233006e0,-8.936955929e-1
train,3298,N#CC(N)C[NH+]1CCC1,7.156594753e0,3.892080307e0,2.156126499e0,2.874835253e0,1.104867554e1,3.276371241e0
train,3299,C#CC(CC#N)CC#N,7.896743774e0,1.084793687e0,2.156126499e0,2.874835253e0,8.981537819e0,1.656794786e0
train,3300,O=C1NC2C(CO)NC12,6.808288574e0,-3.250956833e-1,7.187088132e-1,9.582784176e-1,6.483192921e0,-3.006270230e-1
train,3301,CC1(C)C2CC3(CO3)C21,9.026016235e0,-4.834010005e-1,7.187088132e-1,9.582784176e-1,8.542614937e0,1.312904239e0
train,3302,COC1CCC[NH+]2CC12,8.081781387e0,4.966604114e-1,7.187088132e-1,9.582784176e-1,8.578441620e0,1.340973973e0
train,3303,O=CC1CCNC(=O)N1,5.491257668e0,-2.260591984e-1,7.187088132e-1,9.582784176e-1,5.265198708e0,-1.254910231e0
train,3304,COCCC(O)C1CC1,8.770229340e0,3.141186476e0,2.156126499e0,2.874835253e0,1.191141605e1,3.952317476e0
train,3305,C#CC12CC3C[NH+]1C32,7.325304985e0,-1.154480100e0,7.187088132e-1,9.582784176e-1,6.170825005e0,-5.453633666e-1
train,3306,O=C1C=CC23COC12C3,4.906212807e0,1.399061561e0,7.187088132e-1,9.582784176e-1,6.305274487e0,-4.400238991e-1
train,3307,Cc1cc(N)n(C)c1O,6.157936573e0,2.086197585e-1,7.187088132e-1,9.582784176e-1,6.366556168e0,-3.920104504e-1
train,3308,CC1C([NH-])OC1CC=O,6.119840622e0,2.014648020e-1,7.187088132e-1,9.582784176e-1,6.321305275e0,-4.274639785e-1
train,3309,CC1C2CC(O)C12C=O,6.114398479e0,-3.379508257e-1,7.187088132e-1,9.582784176e-1,5.776447773e0,-8.543529510e-1
train,3310,C#CC1C2CCCC12O,7.627351284e0,-2.136359662e-1,7.187088132e-1,9.582784176e-1,7.413715363e0,4.284256101e-1
train,3311,COCC12C=CC(C1)O2,6.454540730e0,1.491956562e-1,7.187088132e-1,9.582784176e-1,6.603736401e0,-2.061827332e-1
train,3312,CC#CCOC,7.719869614e0,-1.731451869e0,7.187088132e-1,9.582784176e-1,5.988417625e0,-6.882772446e-1
train,3313,CCC1CC(C)C1CO,9.080439568e0,-1.773255825e0,2.156126499e0,2.874835253e0,7.307183743e0,3.449594080e-1
train,3314,CC1(C)CC(C2CO2)C1,9.306294441e0,-4.362117052e-1,7.187088132e-1,9.582784176e-1,8.870082855e0,1.569471240e0
train,3315,COC(=O)C(O)C1CO1,7.148430824e0,7.599690557e-1,7.187088132e-1,9.582784176e-1,7.908400059e0,8.160048723e-1
train,3316,OC1C2CC3NC3C1O2,8.108993530e0,3.424343467e-1,7.187088132e-1,9.582784176e-1,8.451427460e0,1.241459966e0
train,3317,C#CC1C=CCNC1=O,6.674952984e0,-6.076617241e-1,7.187088132e-1,9.582784176e-1,6.067291260e0,-6.264807582e-1
train,3318,CCOc1cc(O)c[nH]1,6.457261562e0,-1.769296646e0,7.187088132e-1,9.582784176e-1,4.687964916e0,-1.707165599e0
train,3319,Cc1n[nH]c2ncoc12,5.845005512e0,6.323885918e-1,7.187088132e-1,9.582784176e-1,6.477394104e0,-3.051703274e-1
train,3320,CC1(O)C(=O)C2NC21,5.785140514e0,1.080094695e0,7.187088132e-1,9.582784176e-1,6.865235329e0,-1.301608165e-3
train,3321,C#CC1CCCC1(C)C,8.375664711e0,3.682389259e-1,7.187088132e-1,9.582784176e-1,8.743904114e0,1.470611811e0
train,3322,O=C(NC1CC1)C1CO1,7.020537376e0,3.097322583e-1,7.187088132e-1,9.582784176e-1,7.330269814e0,3.630470634e-1
train,3323,C1NC1C12COCC1O2,8.476346970e0,-1.206309676e0,2.156126499e0,2.874835253e0,7.270037174e0,3.158555627e-1
train,3324,O=C1[CH+][NH+]2CCC2[CH-]1,3.942929745e0,-8.639670610e-1,7.187088132e-1,9.582784176e-1,3.078962803e0,-2.967798471e0
train,3325,O=CC1=CC(=O)C(=O)C1,3.219106913e0,-2.631151915e0,2.156126499e0,2.874835253e0,5.879549980e-1,-4.919471741e0
train,3326,COC1CC(C(N)=O)C1,7.415102959e0,-5.493902564e-1,7.187088132e-1,9.582784176e-1,6.865712643e0,-9.276386700e-4
train,3327,Cc1ncoc1CC#N,6.511684418e0,-6.861587763e-1,7.187088132e-1,9.582784176e-1,5.825525761e0,-8.159009814e-1
train,3328,CC1C(=O)C2(C)C[NH+]1C2,5.542959213e0,3.461911976e-1,7.187088132e-1,9.582784176e-1,5.889150620e0,-7.660517097e-1
train,3329,C#CC1(C#N)NC2CC21,6.394675732e0,-8.316440582e-1,7.187088132e-1,9.582784176e-1,5.563031673e0,-1.021561861e0
train,3330,CCc1c(O)c[nH]c1C,6.228686333e0,6.099508405e-1,7.187088132e-1,9.582784176e-1,6.838637352e0,-2.214078791e-2
train,3331,CC(=O)C1CCOC1C,6.228686333e0,8.103923798e-1,7.187088132e-1,9.582784176e-1,7.039078712e0,1.349024922e-1
train,3332,N#CCC1COC2CC12,7.513063908e0,1.803602338e0,7.187088132e-1,9.582784176e-1,9.316666603e0,1.919363976e0
train,3333,O=C1C2CC3C[NH+]2C13,6.065417767e0,1.721004844e0,7.187088132e-1,9.582784176e-1,7.786422729e0,7.204371691e-1
train,3334,COC1CC2OC[CH-]C12,6.364743233e0,-2.217902094e-1,7.187088132e-1,9.582784176e-1,6.142952919e0,-5.672007799e-1
train,3335,CC1CC2(O)C(=O)NC12,7.137547016e0,2.603843510e-1,7.187088132e-1,9.582784176e-1,7.397931576e0,4.160591960e-1
train,3336,C#CC(C)[NH+]1CC1CO,7.164757729e0,-1.204643965e0,7.187088132e-1,9.582784176e-1,5.960113525e0,-7.104531527e-1
train,3337,C1C2C3CC4(CO4)C1[NH+]23,8.451856613e0,-9.388695955e-1,7.187088132e-1,9.582784176e-1,7.512987137e0,5.062037706e-1
train,3338,OCC1[NH+]2CCC12CO,8.261377335e0,-1.320853978e-1,7.187088132e-1,9.582784176e-1,8.129291534e0,9.890705347e-1
train,3339,CC1(O)C(O)C12CCO2,7.597418785e0,1.000917554e0,2.156126499e0,2.874835253e0,8.598336220e0,1.356561184e0
train,3340,CC12OC1C1(O)COC12,8.027358055e0,-8.670403063e-2,7.187088132e-1,9.582784176e-1,7.940653801e0,8.412752748e-1
train,3341,[NH-]C1NC2C(N)C12O,6.783798695e0,-1.029850125e0,7.187088132e-1,9.582784176e-1,5.753948689e0,-8.719807267e-1
train,3342,[NH-]C1=C(N)C=C(N)NO1,4.585118771e0,-1.048131227e0,7.187088132e-1,9.582784176e-1,3.536987543e0,-2.608942032e0
train,3343,C#CCC1NC1COC,8.212396622e0,3.553107083e-1,7.187088132e-1,9.582784176e-1,8.567707062e0,1.332563639e0
train,3344,CC1(C2CCC2=O)CN1,5.967456818e0,-4.020614922e-1,7.187088132e-1,9.582784176e-1,5.565395355e0,-1.019709945e0
train,3345,CCC(CO)C(=O)NC,7.523947716e0,7.918091863e-2,7.187088132e-1,9.582784176e-1,7.603128433e0,5.768283606e-1
train,3346,CC1C[NH+]1CCOC=O,6.840942383e0,-7.351043224e-1,7.187088132e-1,9.582784176e-1,6.105837822e0,-5.962800384e-1
train,3347,Cc1coc(=O)c(C)n1,4.585118771e0,-8.175022602e-1,2.156126499e0,2.874835253e0,3.767616510e0,-2.428246975e0
train,3348,c1ccc2[nH]nnc2c1,5.404181004e0,-9.641603231e-1,7.187088132e-1,9.582784176e-1,4.440020561e0,-1.901426911e0
train,3349,NC(=O)C1(N)CNC1=O,6.563386440e0,-6.108557582e-1,7.187088132e-1,9.582784176e-1,5.952530861e0,-7.163940668e-1
train,3350,N#CC12C3[CH-]CC1C2C3,4.854511261e0,-1.878089428e0,7.187088132e-1,9.582784176e-1,2.976421833e0,-3.048138142e0
train,3351,C#CC1=CCC2CC1C2,5.510305405e0,3.125768304e-1,7.187088132e-1,9.582784176e-1,5.822882175e0,-8.179721832e-1
train,3352,OC1C2(O)CCC1(O)C2,8.465462685e0,6.996731739e-3,7.187088132e-1,9.582784176e-1,8.472459793e0,1.257938504e0
train,3353,CC1(C2CN2)C=CCO1,6.751144886e0,-3.793395460e-1,7.187088132e-1,9.582784176e-1,6.371805191e0,-3.878979087e-1
train,3354,CC1NC12C(=O)CC2O,5.738881111e0,6.990985870e-1,7.187088132e-1,9.582784176e-1,6.437979698e0,-3.360510170e-1
train,3355,C#CC1(C)[NH+]2CC1(O)C2,7.439593315e0,-3.622845411e-1,7.187088132e-1,9.582784176e-1,7.077308655e0,1.648551822e-1
train,3356,CC(C)CC1CCC1,9.880454063e0,4.470295012e-1,7.187088132e-1,9.582784176e-1,1.032748318e1,2.711326122e0
train,3357,CCC1CC(=O)C1(C)O,5.948409081e0,-1.465890557e-1,7.187088132e-1,9.582784176e-1,5.801819801e0,-8.344743252e-1
train,3358,CC(O)C1(CC=O)CN1,5.970178127e0,7.045927048e-1,7.187088132e-1,9.582784176e-1,6.674770832e0,-1.505281478e-1
train,3359,CC1C(O)C2OCC12C,8.168857574e0,6.260095835e-1,7.187088132e-1,9.582784176e-1,8.794867516e0,1.510540962e0
train,3360,CC(C#N)C1(C)CN1,7.589255333e0,5.636067390e-1,2.156126499e0,2.874835253e0,8.152862549e0,1.007538080e0
train,3361,CC1CC=CC12CC2,6.734817982e0,-1.380645037e0,7.187088132e-1,9.582784176e-1,5.354172707e0,-1.185200214e0
train,3362,CC1C=CC2(C)OC12,6.691279888e0,-1.847752035e-1,7.187088132e-1,9.582784176e-1,6.506504536e0,-2.823626697e-1
train,3363,C[NH+]1CC12COC2[NH-],7.083124161e0,-1.400090903e-1,7.187088132e-1,9.582784176e-1,6.943115234e0,5.971631780e-2
train,3364,C#Cc1[nH]nc(N)c1C,5.246355057e0,4.295099378e-1,7.187088132e-1,9.582784176e-1,5.675865173e0,-9.331581593e-1
train,3365,OCC#CC1(O)COC1,7.170200348e0,5.299690962e-1,7.187088132e-1,9.582784176e-1,7.700169563e0,6.528588533e-1
train,3366,[NH-]C1NC2CN=COC12,6.767471313e0,8.459685445e-1,7.187088132e-1,9.582784176e-1,7.613440037e0,5.849073529e-1
train,3367,OCC#CCC1CC1O,6.821894169e0,-6.827076674e-1,7.187088132e-1,9.582784176e-1,6.139186382e0,-5.701518059e-1
train,3368,CCC1CC(O)(C=O)C1,6.253176689e0,-4.228776097e-1,7.187088132e-1,9.582784176e-1,5.830298901e0,-8.121612668e-1
train,3369,CC(=O)NCC(=O)CO,5.651804924e0,3.444665968e-1,7.187088132e-1,9.582784176e-1,5.996271610e0,-6.821237803e-1
train,3370,CC12COCC(=O)C1C2,5.787861824e0,4.456481338e-1,7.187088132e-1,9.582784176e-1,6.233510017e0,-4.962504506e-1
train,3371,CC1C(C)C2(O)CC12C,8.457298279e0,9.315414429e-1,7.187088132e-1,9.582784176e-1,9.388839722e0,1.975910664e0
train,3372,CC1CC1(O)C[NH+]1CC1,8.577029228e0,1.341504574e0,7.187088132e-1,9.582784176e-1,9.918533325e0,2.390918970e0
train,3373,O=CC12OCC1NC2=O,5.406902313e0,-2.638320029e-1,7.187088132e-1,9.582784176e-1,5.143070221e0,-1.350596309e0
train,3374,C1OC2CC3CC2C3O1,9.110372543e0,1.110996127e0,7.187088132e-1,9.582784176e-1,1.022136879e1,2.628186703e0
train,3375,N#CC1CNCC(=O)O1,6.397397041e0,1.192226291e0,7.187088132e-1,9.582784176e-1,7.589623451e0,5.662474036e-1
train,3376,C#CC(C#C)C(N)C#N,7.322584152e0,-3.408256531e0,2.156126499e0,2.874835253e0,3.914327621e0,-2.313300610e0
train,3377,CC1(O)CC(N)(C#N)C1,8.117156029e0,1.288948178e0,7.187088132e-1,9.582784176e-1,9.406104088e0,1.989437103e0
train,3378,CCC(=O)CC1COC1,6.138888836e0,-4.614784718e-1,7.187088132e-1,9.582784176e-1,5.677410126e0,-9.319477081e-1
train,3379,CC#CC(O)C=O,5.804188728e0,-9.745359421e-1,7.187088132e-1,9.582784176e-1,4.829652786e0,-1.596154928e0
train,3380,CC#CC(C)CC1CC1,8.245050430e0,-4.954826832e-2,7.187088132e-1,9.582784176e-1,8.195502281e0,1.040945888e0
train,3381,CC1CC2CC3C2C13C,9.045064926e0,6.186745763e-1,7.187088132e-1,9.582784176e-1,9.663739204e0,2.191291094e0
train,3382,CC12COC(=O)C1(O)C2,7.050469875e0,-1.631552726e-1,7.187088132e-1,9.582784176e-1,6.887314796e0,1.599737816e-2
train,3383,COc1cc(N)on1,6.598761082e0,-1.001382098e-1,7.187088132e-1,9.582784176e-1,6.498622894e0,-2.885378301e-1
train,3384,CCC(=O)C12CC[NH+]1C2,5.899428368e0,1.728951633e-1,7.187088132e-1,9.582784176e-1,6.072323322e0,-6.225382090e-1
train,3385,C#CC([NH-])OCCOC,6.280387878e0,-9.369199872e-1,7.187088132e-1,9.582784176e-1,5.343467712e0,-1.193587422e0
train,3386,CC1CN(CCO)C1=O,7.281766891e0,-1.944856793e-1,7.187088132e-1,9.582784176e-1,7.087281227e0,1.726685613e-1
train,3387,N#CCC1CNC1C#N,7.129383087e0,-2.094195604e0,7.187088132e-1,9.582784176e-1,5.035187721e0,-1.435120940e0
train,3388,CC(=O)N1C(C)CC1[NH-],6.367464066e0,5.021175742e-1,7.187088132e-1,9.582784176e-1,6.869581699e0,2.103718696e-3
train,3389,C#CC1(C)C(O)C[NH+]1C,7.186526775e0,-6.371690631e-1,7.187088132e-1,9.582784176e-1,6.549357891e0,-2.487876117e-1
train,3390,CC1OC12C=CCOC2,6.694001198e0,-2.623327374e-1,7.187088132e-1,9.582784176e-1,6.431668282e0,-3.409959376e-1
train,3391,CCc1cc[nH]c1O,6.348416328e0,5.035916567e-1,7.187088132e-1,9.582784176e-1,6.852007866e0,-1.166515891e-2
train,3392,OCC1COC12CCC2,8.261377335e0,1.040291227e-2,7.187088132e-1,9.582784176e-1,8.271780014e0,1.100708485e0
train,3393,CC1=CCOCC1O,6.987883568e0,4.769818783e-1,7.187088132e-1,9.582784176e-1,7.464865685e0,4.685012400e-1
train,3394,O=CC(O)C1(CO)CO1,5.888543606e0,8.142964542e-2,7.187088132e-1,9.582784176e-1,5.969973087e0,-7.027283311e-1
train,3395,CC1C2C3CC3C12CO,7.488573551e0,1.276175141e0,7.187088132e-1,9.582784176e-1,8.764748573e0,1.486943126e0
train,3396,Nc1[nH]cc(O)c1C=O,4.332052708e0,1.737470180e-2,7.187088132e-1,9.582784176e-1,4.349427223e0,-1.972405672e0
train,3397,CC1C2CC3C(C)C1C23,9.004247665e0,-2.581380844e0,2.156126499e0,2.874835253e0,6.422866821e0,-3.478917778e-1
train,3398,CC1CCC(C=O)=CN1,5.126625061e0,-3.719919026e-1,7.187088132e-1,9.582784176e-1,4.754632950e0,-1.654932022e0
train,3399,CCC(O)(C=O)C(C)=O,5.464046478e0,-3.506737947e-1,7.187088132e-1,9.582784176e-1,5.113372803e0,-1.373863935e0
train,3400,CC(C)(C)NC(=O)C=O,4.696685314e0,-6.012668014e-1,7.187088132e-1,9.582784176e-1,4.095418453e0,-2.171418428e0
train,3401,C#CCCc1cc[nH]c1,6.789240837e0,-5.305549502e-1,2.156126499e0,2.874835253e0,6.258686066e0,-4.765253365e-1
train,3402,O=C1OCC1C(F)(F)F,7.741639137e0,-1.937909126e-1,7.187088132e-1,9.582784176e-1,7.547848225e0,5.335170031e-1
train,3403,C[NH+]1CCCCC(=O)C1,5.355200768e0,-6.898710728e-1,7.187088132e-1,9.582784176e-1,4.665329933e0,-1.724899888e0
train,3404,C[NH2+]C1OC2CCOC21,7.205575466e0,2.913550436e-1,7.187088132e-1,9.582784176e-1,7.496930599e0,4.936237037e-1
train,3405,CC1C2C3C(C[NH+]2C)[NH+]13,7.534832478e0,6.536808014e-1,7.187088132e-1,9.582784176e-1,8.188512802e0,1.035469651e0
train,3406,CC(C(N)=O)C1(C)CO1,7.466804028e0,-7.257249951e-1,7.187088132e-1,9.582784176e-1,6.741078854e0,-9.857664257e-2
train,3407,C#CC(OC)C(C)=O,5.673573971e0,-2.359028757e-1,7.187088132e-1,9.582784176e-1,5.437671185e0,-1.119780183e0
train,3408,CC1C(=O)C2C3CC2[NH+]13,5.537517071e0,8.599002659e-2,7.187088132e-1,9.582784176e-1,5.623507023e0,-9.741801023e-1
train,3409,O=CC1CCC(NO)C1,6.027321815e0,1.357497692e0,7.187088132e-1,9.582784176e-1,7.384819508e0,4.057860672e-1
train,3410,CC(CC#N)C(O)C=O,6.386512280e0,-1.846138835e-1,7.187088132e-1,9.582784176e-1,6.201898575e0,-5.210176110e-1
train,3411,CC#CC1(C)CO[CH+][NH2+]1,7.251834393e0,-1.942949295e0,7.187088132e-1,9.582784176e-1,5.308885098e0,-1.220682502e0
train,3412,C1=CC2CCC1OCO2,6.587876320e0,-3.849992752e-1,7.187088132e-1,9.582784176e-1,6.202877045e0,-5.202509761e-1
train,3413,CC1CCC(OC=O)O1,7.562044144e0,-1.717300862e-1,7.187088132e-1,9.582784176e-1,7.390314102e0,4.100910127e-1
train,3414,N#CC#Cc1ncc[nH]1,4.704848766e0,-8.602652550e-1,7.187088132e-1,9.582784176e-1,3.844583511e0,-2.367944241e0
train,3415,C#CC1(CC)NC1C=O,5.670852661e0,-2.447537482e-1,7.187088132e-1,9.582784176e-1,5.426098824e0,-1.128847003e0
train,3416,C#CCNc1nc[nH]n1,6.215080738e0,-5.625801086e-1,7.187088132e-1,9.582784176e-1,5.652500629e0,-9.514639974e-1
train,3417,Cc1nn(C)cnc1=O,5.104856014e0,-8.853654861e-1,7.187088132e-1,9.582784176e-1,4.219490528e0,-2.074209452e0
train,3418,CC12C3C1C1(O)C2C31O,7.110334873e0,-4.213538468e-1,2.156126499e0,2.874835253e0,6.688981056e0,-1.393946111e-1
train,3419,CC(C)c1[nH]ccc1O,6.228686333e0,-5.019943118e-1,7.187088132e-1,9.582784176e-1,5.726692200e0,-8.933358192e-1
train,3420,OC12CC3C1C=CC32,6.179705620e0,2.954830825e-1,7.187088132e-1,9.582784176e-1,6.475188732e0,-3.068982065e-1
train,3421,c1ncn2c1C1NC1C2,6.479031086e0,8.927220702e-1,7.187088132e-1,9.582784176e-1,7.371753216e0,3.955487907e-1
train,3422,CC1C(CO)C12CCO2,7.861369133e0,-3.183847904e0,2.156126499e0,2.874835253e0,4.677521229e0,-1.715348125e0
train,3423,CCC1CC23CC(C2)[NH+]13,7.684495449e0,4.637576342e-1,7.187088132e-1,9.582784176e-1,8.148253441e0,1.003926992e0
train,3424,[NH-]C1NC(C=O)=CC1O,4.215043545e0,8.415287137e-1,7.187088132e-1,9.582784176e-1,5.056572437e0,-1.418366313e0
train,3425,C1OCC12C1C3NC3C12,7.504899979e0,2.544645786e0,2.156126499e0,2.874835253e0,1.004954529e1,2.493565321e0
train,3426,O=CC12C3CC4C3[NH+]1C42,5.847726822e0,-1.472201824e0,7.187088132e-1,9.582784176e-1,4.375524998e0,-1.951958418e0
train,3427,CNC1CNC([NH-])C1=O,4.699406624e0,2.250016481e-1,7.187088132e-1,9.582784176e-1,4.924408436e0,-1.521915078e0
train,3428,N#CC1CCC12CC2O,7.902186394e0,-5.648812056e-1,7.187088132e-1,9.582784176e-1,7.337305069e0,3.685590923e-1
train,3429,COc1nc(C)[nH]c1O,5.771534920e0,3.298373222e-1,7.187088132e-1,9.582784176e-1,6.101372242e0,-5.997787118e-1
train,3430,C#CC([NH2+]C)OC(C)C,6.117119789e0,-3.033626080e0,2.156126499e0,2.874835253e0,3.083493710e0,-2.964248657e0
train,3431,CC(C)C12CC1C([NH-])O2,7.605582714e0,-3.354395032e-1,7.187088132e-1,9.582784176e-1,7.270143032e0,3.159385026e-1
train,3432,CC(=O)OC1(C)CC1,7.537554264e0,1.513097763e0,7.187088132e-1,9.582784176e-1,9.050651550e0,1.710944533e0
train,3433,CC(O)C1OCC1NO,6.525290489e0,-2.177952081e-1,7.187088132e-1,9.582784176e-1,6.307495117e0,-4.382840693e-1
train,3434,COC1CC2(C1)CC2C,8.849142075e0,-5.760349035e-1,7.187088132e-1,9.582784176e-1,8.273107529e0,1.101748586e0
train,3435,CC1C2OC3C([NH-])[NH+]1C23,5.866774559e0,8.289744854e-1,7.187088132e-1,9.582784176e-1,6.695749283e0,-1.340917945e-1
train,3436,OCC12C3CC1(O)C[NH+]32,7.668168545e0,4.444361031e-1,7.187088132e-1,9.582784176e-1,8.112605095e0,9.759969115e-1
train,3437,CC([NH-])OCC(=O)C=O,4.272187710e0,6.633544564e-1,7.187088132e-1,9.582784176e-1,4.935542107e0,-1.513192058e0
train,3438,O=CCn1cnc(O)c1,4.438177109e0,4.213726521e-1,7.187088132e-1,9.582784176e-1,4.859549522e0,-1.572731256e0
train,3439,CC12COC13C=CC2C3,6.307599545e0,-3.302466571e-1,7.187088132e-1,9.582784176e-1,5.977353096e0,-6.969462037e-1
train,3440,O=C1OCC2C[NH2+][CH+]N12,6.805567265e0,-1.052763343e0,7.187088132e-1,9.582784176e-1,5.752803802e0,-8.728777170e-1
train,3441,CC(C)(CC=O)CCO,6.027321815e0,-3.161999956e-2,7.187088132e-1,9.582784176e-1,5.995701790e0,-6.825702190e-1
train,3442,CC12CC1CC(O)C2O,8.296751022e0,-2.700637095e-2,7.187088132e-1,9.582784176e-1,8.269744873e0,1.099113941e0
train,3443,N#CC12CC[NH2+]C1OC2,7.001489162e0,2.362001538e-1,7.187088132e-1,9.582784176e-1,7.237689495e0,2.905115485e-1
train,3444,O=C(CO)C1CO[CH+][NH2+]1,6.068139076e0,-4.381023347e-1,7.187088132e-1,9.582784176e-1,5.630036831e0,-9.690641165e-1
train,3445,CC(O)C1CC(O)C1C,8.547096252e0,1.118617415e0,7.187088132e-1,9.582784176e-1,9.665713310e0,2.192837715e0
train,3446,CC1C2CC3C2C13C,9.123977661e0,2.134341449e-1,7.187088132e-1,9.582784176e-1,9.337411880e0,1.935617685e0
train,3447,CCOC1C(=O)CC1C,5.474930763e0,-5.579787493e-1,7.187088132e-1,9.582784176e-1,4.916952133e0,-1.527757049e0
train,3448,N#CC1CC2CC2O1,7.472246647e0,7.468335629e-1,7.187088132e-1,9.582784176e-1,8.219079971e0,1.059418678e0
train,3449,CC1OC([NH-])C2COC12,7.542996407e0,-3.180443645e-1,7.187088132e-1,9.582784176e-1,7.224952221e0,2.805320621e-1
train,3450,C[NH2+]C1CC=CCO1,6.734817982e0,-6.071248651e-1,7.187088132e-1,9.582784176e-1,6.127693176e0,-5.791566372e-1
train,3451,CC(=O)C1NCC(C)[NH2+]1,4.631378174e0,-6.124363542e-1,7.187088132e-1,9.582784176e-1,4.018941879e0,-2.231336832e0
train,3452,CC1C=CC2NC2C1,6.753865719e0,3.065371513e-1,7.187088132e-1,9.582784176e-1,7.060402870e0,1.516097039e-1
train,3453,C#CC1(O)CCC1CC,7.899465561e0,-6.687837243e-1,7.187088132e-1,9.582784176e-1,7.230681896e0,2.850211859e-1
train,3454,C1=C2COC2CCCC1,6.805567265e0,-4.510039091e-1,7.187088132e-1,9.582784176e-1,6.354563236e0,-4.014067650e-1
train,3455,CC12CCC3C(C1)C32O,8.291309357e0,-4.926028252e-1,7.187088132e-1,9.582784176e-1,7.798706532e0,7.300613523e-1
train,3456,NC(=O)N1CC2OCC21,7.806946754e0,-3.568261564e-1,7.187088132e-1,9.582784176e-1,7.450120449e0,4.569485486e-1
train,3457,O=COCCOC1CC1,7.504899979e0,5.672783405e-2,7.187088132e-1,9.582784176e-1,7.561627865e0,5.443131924e-1
train,3458,COC(CCO)C(N)=O,7.208295822e0,-2.763329260e-2,7.187088132e-1,9.582784176e-1,7.180662632e0,2.458317131e-1
train,3459,CC1C2C(O)C(O)C12O,8.375664711e0,6.657019258e-1,7.187088132e-1,9.582784176e-1,9.041366577e0,1.703669906e0
train,3460,CCN1C(=O)CCC1[NH-],6.702164173e0,-3.403192997e0,2.156126499e0,2.874835253e0,3.298971176e0,-2.795424700e0
train,3461,N#CC1CC2CC3C1C23,8.451856613e0,-1.635930091e-1,7.187088132e-1,9.582784176e-1,8.288263321e0,1.113622904e0
train,3462,CC1CC2C=CC1C2C,6.963393688e0,-1.619908363e-1,7.187088132e-1,9.582784176e-1,6.801403046e0,-5.131340027e-2
train,3463,[NH-]C1CNCCOCO1,6.666789532e0,-1.079113364e0,7.187088132e-1,9.582784176e-1,5.587676048e0,-1.002253294e0
train,3464,CCC1C2COCC1O2,8.408317566e0,1.358981282e-1,7.187088132e-1,9.582784176e-1,8.544216156e0,1.314158797e0
train,3465,CCC1CC2CC2C1O,8.756624222e0,-1.312649399e-1,7.187088132e-1,9.582784176e-1,8.625359535e0,1.377733588e0
train,3466,COC1CC=CC2CC21,6.704885483e0,1.027142048e0,7.187088132e-1,9.582784176e-1,7.732027531e0,6.778191924e-1
train,3467,CCCc1nc(N)no1,6.272224426e0,-6.341678500e-1,7.187088132e-1,9.582784176e-1,5.638056755e0,-9.627805948e-1
train,3468,CC(O)CCC1CC1,9.009689331e0,1.083059788e0,7.187088132e-1,9.582784176e-1,1.009274864e1,2.527414560e0
train,3469,[NH-]C1OC2C3CC3(O)C12,7.507621288e0,8.370415568e-1,7.187088132e-1,9.582784176e-1,8.344662666e0,1.157811165e0
train,3470,Oc1noc2occc12,6.378348827e0,-4.223880172e-1,7.187088132e-1,9.582784176e-1,5.955960751e0,-7.137067914e-1
train,3471,[NH-]c1[nH]c(C=O)cc1O,3.444961309e0,3.399883583e-2,7.187088132e-1,9.582784176e-1,3.478960037e0,-2.654405832e0
train,3472,N#CCC1(CC=O)CO1,6.087186813e0,-8.967805654e-2,7.187088132e-1,9.582784176e-1,5.997508526e0,-6.811546683e-1
train,3473,CC1CC([NH+]2CC2C)C1,8.204232216e0,2.994986773e-1,7.187088132e-1,9.582784176e-1,8.503730774e0,1.282438993e0
train,3474,CC(C=O)C1CNC1=O,6.068139076e0,-6.168957949e-1,7.187088132e-1,9.582784176e-1,5.451243401e0,-1.109146476e0
train,3475,COC(C)C#CCC#N,7.499457359e0,1.933901757e-1,7.187088132e-1,9.582784176e-1,7.692847729e0,6.471223235e-1
train,3476,CC#Cc1ccoc1N,5.526632309e0,8.183064461e-1,7.187088132e-1,9.582784176e-1,6.344938755e0,-4.089474380e-1
train,3477,CC1CC(C)C1C#N,8.996084213e0,8.157373667e-1,2.156126499e0,2.874835253e0,9.811821938e0,2.307312012e0
train,3478,CC(=O)c1cncn1C,5.363364220e0,-1.280726194e-1,7.187088132e-1,9.582784176e-1,5.235291481e0,-1.278342128e0
train,3479,C1CC2OC3CCC23O1,8.201511383e0,-5.482268985e-3,7.187088132e-1,9.582784176e-1,8.196028709e0,1.041358232e0
train,3480,CC1(C)[NH2+][CH+]OC12CC2,7.072239399e0,-1.078925967e0,7.187088132e-1,9.582784176e-1,5.993313313e0,-6.844415665e-1
train,3481,[H]N=CNC(=O)N(C)C=N[H],6.356579781e0,-9.695949554e-1,7.187088132e-1,9.582784176e-1,5.386984825e0,-1.159492254e0
train,3482,CC12CC1CCCO2,8.261377335e0,6.158385426e-2,7.187088132e-1,9.582784176e-1,8.322960854e0,1.140807986e0
train,3483,CNc1ncoc1C=O,4.601445198e0,-1.087969393e-1,7.187088132e-1,9.582784176e-1,4.492648125e0,-1.860193849e0
train,3484,Cc1oc(=O)[nH]c1N,6.457261562e0,-8.273892850e-2,7.187088132e-1,9.582784176e-1,6.374522686e0,-3.857688010e-1
train,3485,CCC1CC12CC=CC2,7.178363323e0,-3.466069996e-1,7.187088132e-1,9.582784176e-1,6.831756115e0,-2.753215097e-2
train,3486,COC12CC3C(=O)C1C32,6.604203224e0,1.172261685e-1,7.187088132e-1,9.582784176e-1,6.721429348e0,-1.139717847e-1
train,3487,COC(C#N)CO,8.092665672e0,-1.746442914e-1,7.187088132e-1,9.582784176e-1,7.918021202e0,8.235428929e-1
train,3488,CC12C=CC(C1)OC2=O,6.068139076e0,3.313845098e-1,7.187088132e-1,9.582784176e-1,6.399523735e0,-3.661807775e-1
train,3489,N#CC12C[NH+]3C1C(O)C32,7.591977119e0,-3.813674927e0,2.156126499e0,2.874835253e0,3.778302193e0,-2.419874907e0
train,3490,CC(C)C1(O)CC(O)C1,8.688595772e0,6.159469485e-2,7.187088132e-1,9.582784176e-1,8.750190735e0,1.475537300e0
train,3491,CCOC1(C)CCC1,8.851863861e0,4.079728425e-1,7.187088132e-1,9.582784176e-1,9.259837151e0,1.874838829e0
train,3492,Nc1ncc(O)c(N)n1,5.110298157e0,-2.194859982e-1,7.187088132e-1,9.582784176e-1,4.890811920e0,-1.548237562e0
train,3493,[H]N=CN1C(=O)CC=C1C,5.559286118e0,4.843403995e-1,7.187088132e-1,9.582784176e-1,6.043626308e0,-6.450219750e-1
train,3494,CC12C[NH+]1CC21CO1,8.519885063e0,2.009708405e0,7.187088132e-1,9.582784176e-1,1.052959347e1,2.869676828e0
train,3495,CCOCC1CC(=O)O1,7.657283783e0,6.371020079e-1,7.187088132e-1,9.582784176e-1,8.294385910e0,1.118419886e0
train,3496,CC1OC2C(CO)C12C,8.266819000e0,5.382660627e-1,2.156126499e0,2.874835253e0,8.805085182e0,1.518546343e0
train,3497,C#CC(=O)CC1(O)CC1,4.898049831e0,-6.224527359e-1,7.187088132e-1,9.582784176e-1,4.275597095e0,-2.030250549e0
train,3498,CC1=C(C)CC(C)CC1,6.922576904e0,2.124050617e0,2.156126499e0,2.874835253e0,9.046627045e0,1.707791448e0
train,3499,OCC1C[NH+]2CC12CO,8.264098167e0,6.050190330e-1,7.187088132e-1,9.582784176e-1,8.869116783e0,1.568714380e0
train,3500,CN1C(=O)C2CN2C1=O,6.432771206e0,1.269740462e0,2.156126499e0,2.874835253e0,7.702511787e0,6.546939611e-1
train,3501,CC12NC3C(NC31)C2O,7.771572113e0,7.884891033e-1,7.187088132e-1,9.582784176e-1,8.560061455e0,1.326573372e0
train,3502,CCC12COC([NH-])C1O2,7.276324272e0,7.424827218e-1,7.187088132e-1,9.582784176e-1,8.018807411e0,9.025076032e-1
train,3503,CC1C2N[CH+][NH2+]C12C#N,6.653183937e0,6.927282214e-1,7.187088132e-1,9.582784176e-1,7.345911980e0,3.753024936e-1
train,3504,O=CC12NC1C1CC2C1,6.008274078e0,1.324166417e0,7.187088132e-1,9.582784176e-1,7.332440376e0,3.647476733e-1
train,3505,CC1(C)CC2C(C=O)C21,5.913033962e0,-6.244704127e-1,7.187088132e-1,9.582784176e-1,5.288563728e0,-1.236603975e0
train,3506,C1=CCC2(COC2)OC1,7.085844994e0,5.139138103e-1,7.187088132e-1,9.582784176e-1,7.599758625e0,5.741881728e-1
train,3507,Cc1nn(C)nnc1=O,4.476273060e0,1.376225650e-1,7.187088132e-1,9.582784176e-1,4.613895416e0,-1.765198112e0
train,3508,Cc1nn(C)c(O)c1C,6.838221550e0,6.025716066e-1,7.187088132e-1,9.582784176e-1,7.440793037e0,4.496406317e-1
train,3509,CC#Cc1cnc(N)o1,5.148394108e0,-4.474538267e-1,7.187088132e-1,9.582784176e-1,4.700940132e0,-1.696999669e0
train,3510,CC1COC(C(C)C)[NH2+]1,7.347074509e0,-6.477263570e-1,7.187088132e-1,9.582784176e-1,6.699347973e0,-1.312722713e-1
train,3511,C#CC12C3NC1C3[NH+]2C,6.576991558e0,6.813857555e-1,2.156126499e0,2.874835253e0,7.258377075e0,3.067200184e-1
train,3512,CC1=C(C)C(C)NC1=O,6.073581219e0,-1.123637199e0,2.156126499e0,2.874835253e0,4.949944019e0,-1.501908302e0
train,3513,CC1C2C3CCC(O3)C12,9.015131950e0,2.276604772e-1,7.187088132e-1,9.582784176e-1,9.242792130e0,1.861484289e0
train,3514,CC1C(=O)NC1C=O,5.834120750e0,-1.838920236e0,7.187088132e-1,9.582784176e-1,3.995200634e0,-2.249937773e0
train,3515,Cn1ncnc1NC=O,6.236849785e0,-1.143752813e0,7.187088132e-1,9.582784176e-1,5.093096733e0,-1.389749885e0
train,3516,CCC1C=C(C)NC1=O,5.823236465e0,-1.258544028e-1,7.187088132e-1,9.582784176e-1,5.697381973e0,-9.163000584e-1
train,3517,NC(=O)C1COC1C=O,6.032763958e0,-5.935896635e-1,7.187088132e-1,9.582784176e-1,5.439174175e0,-1.118602633e0
train,3518,CC1(C=O)C2C[NH+]1C2,5.760650635e0,9.187595248e-1,7.187088132e-1,9.582784176e-1,6.679409981e0,-1.468934268e-1
train,3519,O=CCC1(O)CC(=O)C1,5.842284679e0,-1.683517098e0,7.187088132e-1,9.582784176e-1,4.158767700e0,-2.121784925e0
train,3520,Cc1cc(C#N)n[nH]1,6.400117874e0,-2.188474238e-1,7.187088132e-1,9.582784176e-1,6.181270599e0,-5.371793509e-1
train,3521,CC1CC2CC2C(C)O1,8.808325768e0,-8.181272447e-2,7.187088132e-1,9.582784176e-1,8.726512909e0,1.456985950e0
train,3522,O=CC1C=CC2CC1C2,5.635478020e0,1.391954303e0,7.187088132e-1,9.582784176e-1,7.027432442e0,1.257777959e-1
train,3523,CCC1OC2CC1(C)C2,8.707643509e0,-1.170322180e0,7.187088132e-1,9.582784176e-1,7.537321091e0,5.252691507e-1
train,3524,CCOC(C=O)C=O,5.355200768e0,3.221069276e-1,7.187088132e-1,9.582784176e-1,5.677307606e0,-9.320280552e-1
train,3525,C#CC[NH+](CC)CC=O,5.390575409e0,-4.284950793e-1,7.187088132e-1,9.582784176e-1,4.962080479e0,-1.492399573e0
train,3526,COCC1CCC1,9.281804085e0,2.368970156e0,2.156126499e0,2.874835253e0,1.165077400e1,3.748107910e0
train,3527,CC1=CC(C)OC(=O)C1,7.153872967e0,1.010786533e0,7.187088132e-1,9.582784176e-1,8.164659500e0,1.016780853e0
train,3528,[NH-]C1OCC2C[NH+]3C2C13,6.898086548e0,-3.606718034e-2,7.187088132e-1,9.582784176e-1,6.862019539e0,-3.821138991e-3
train,3529,OC1CC12CCCC2,9.017853737e0,-1.465499520e0,7.187088132e-1,9.582784176e-1,7.552354336e0,5.370475054e-1
train,3530,O=CNC(=O)N1CC1,6.293993473e0,3.280939460e-1,7.187088132e-1,9.582784176e-1,6.622087479e0,-1.918048859e-1
train,3531,CNC(=O)CC#CC#N,5.757929325e0,1.035262495e-1,7.187088132e-1,9.582784176e-1,5.861455441e0,-7.877505422e-1
train,3532,CC(O)CCCNC=O,7.711706638e0,-6.539902687e-1,7.187088132e-1,9.582784176e-1,7.057716370e0,1.495048702e-1
train,3533,COC1OCCC1(C)C,9.132141113e0,-6.462280750e-1,7.187088132e-1,9.582784176e-1,8.485913277e0,1.268479228e0
train,3534,OC1COC2CC2OC1,8.653220177e0,1.551454306e0,7.187088132e-1,9.582784176e-1,1.020467472e1,2.615107298e0
train,3535,C1CC2CC2C2(CC2)O1,8.593356133e0,9.519167542e-1,7.187088132e-1,9.582784176e-1,9.545272827e0,2.098474026e0
train,3536,CCC1CC12CCC2=O,5.937524319e0,-9.456370771e-2,7.187088132e-1,9.582784176e-1,5.842960835e0,-8.022408485e-1
train,3537,OC1C2C=CCCC12O,6.544338226e0,-1.282537222e0,2.156126499e0,2.874835253e0,5.261800766e0,-1.257572412e0
train,3538,O=C1CCC2CCCN12,7.317142010e0,-1.691909879e-1,7.187088132e-1,9.582784176e-1,7.147951126e0,2.202026695e-1
train,3539,O=CC1CCOC(=O)C1,6.008274078e0,1.136851788e0,7.187088132e-1,9.582784176e-1,7.145125866e0,2.179891169e-1
train,3540,CNC1(C#N)CC1(C)N,7.251834393e0,-1.965869069e-1,7.187088132e-1,9.582784176e-1,7.055247307e0,1.475703865e-1
train,3541,C#CC(C)C(CC)CO,8.413760185e0,4.640578926e-1,7.187088132e-1,9.582784176e-1,8.877818108e0,1.575531721e0
train,3542,CC1OCC2CC1O2,8.729413033e0,9.511976242e-1,7.187088132e-1,9.582784176e-1,9.680610657e0,2.204509497e0
train,3543,CC1(O)CC2CCC21C,8.620567322e0,1.456451565e-1,7.187088132e-1,9.582784176e-1,8.766212463e0,1.488090038e0
train,3544,N#CC(O)C#CC(N)=O,6.253176689e0,6.924673319e-1,7.187088132e-1,9.582784176e-1,6.945643902e0,6.169749796e-2
train,3545,CC(=O)COC(C)C#N,5.975620270e0,-2.393838912e-1,7.187088132e-1,9.582784176e-1,5.736236572e0,-8.858579397e-1
train,3546,C1=CC2CC2([NH+]2CC2)C1,6.313041210e0,-3.160307705e-1,7.187088132e-1,9.582784176e-1,5.997010231e0,-6.815450788e-1
train,3547,CCCNc1nn[nH]n1,5.602824211e0,5.862014294e-1,7.187088132e-1,9.582784176e-1,6.189025879e0,-5.311031938e-1
train,3548,CC1OC2CCC1C2=O,5.654525757e0,3.963105083e-1,7.187088132e-1,9.582784176e-1,6.050836086e0,-6.393731833e-1
train,3549,CC12CC1CC2C#N,8.182463646e0,3.897615075e-1,7.187088132e-1,9.582784176e-1,8.572225571e0,1.336103797e0
train,3550,N#CC12CC3OC3C1C2,7.953887463e0,-5.080980659e-1,7.187088132e-1,9.582784176e-1,7.445789337e0,4.535551667e-1
train,3551,CC1=CC2(C)OC2C1C,6.571549892e0,6.220561862e-1,7.187088132e-1,9.582784176e-1,7.193605900e0,2.559725940e-1
train,3552,O=CC#CC1C[NH+]2CC12,5.132067680e0,-1.208967924e0,7.187088132e-1,9.582784176e-1,3.923099756e0,-2.306427956e0
train,3553,CC1[NH2+]C(N)C(O)C1O,6.974278450e0,-3.902608752e-1,7.187088132e-1,9.582784176e-1,6.584017754e0,-2.216320485e-1
train,3554,N#CC1CC12NCC2O,7.085844994e0,3.345654905e-1,7.187088132e-1,9.582784176e-1,7.420410633e0,4.336712658e-1
train,3555,[NH-]C1CCN1C(=O)C=O,4.604166508e0,3.907128572e-1,2.156126499e0,2.874835253e0,4.994879246e0,-1.466702104e0
train,3556,C#CC1(O)CCC1(C)O,7.521226883e0,8.928876519e-1,7.187088132e-1,9.582784176e-1,8.414114952e0,1.212226152e0
train,3557,C[NH2+]C1OCC1C(N)=O,7.055912018e0,1.243411422e0,7.187088132e-1,9.582784176e-1,8.299323082e0,1.122288108e0
train,3558,C[NH+]1C2C3C2C(C)(C)C31,7.613745689e0,6.745960116e-1,7.187088132e-1,9.582784176e-1,8.288341522e0,1.113684177e0
train,3559,O=C1CC2CCCC1C2,5.978341103e0,-5.912405849e-1,7.187088132e-1,9.582784176e-1,5.387100697e0,-1.159401536e0
train,3560,CC12C=CC3CC1[NH+]32,5.893986225e0,-8.084264398e-1,7.187088132e-1,9.582784176e-1,5.085559845e0,-1.395655036e0
train,3561,O=CC12C3C[NH+]1C1C3C12,5.259960651e0,3.522325158e-1,7.187088132e-1,9.582784176e-1,5.612193108e0,-9.830444455e-1
train,3562,[NH-]C1CCC2(CCC2)O1,7.687216282e0,1.516810209e-1,7.187088132e-1,9.582784176e-1,7.838897228e0,7.615502477e-1
train,3563,C[NH+]1CCC(N)C1C#N,6.993326187e0,1.465585530e-1,7.187088132e-1,9.582784176e-1,7.139884949e0,2.138829231e-1
train,3564,CC12C(O)C1CC1OC12,8.201511383e0,-6.515311003e-1,7.187088132e-1,9.582784176e-1,7.549980164e0,5.351873636e-1
train,3565,C#CC(=O)C#CCO,5.208259583e0,-2.968108952e-1,7.187088132e-1,9.582784176e-1,4.911448479e0,-1.532069087e0
train,3566,C1CC2CC2C2CC2C1,8.767508507e0,8.814796805e-1,7.187088132e-1,9.582784176e-1,9.648987770e0,2.179733515e0
train,3567,O=C1C2NC2C2C(O)C12,5.436834812e0,3.703632355e-1,7.187088132e-1,9.582784176e-1,5.807198048e0,-8.302605152e-1
train,3568,C#CCC1CCC1O,8.514442444e0,1.670775890e0,2.156126499e0,2.874835253e0,1.018521881e1,2.599863768e0
train,3569,CC(=O)C1(C)CCC1=O,5.382411957e0,-2.834346890e-1,7.187088132e-1,9.582784176e-1,5.098977089e0,-1.385142803e0
train,3570,CC1(C2COCO2)CC1,9.178400040e0,-9.238588214e-1,7.187088132e-1,9.582784176e-1,8.254541397e0,1.087202191e0
train,3571,OC1CC=C2CCC=C21,5.300777912e0,8.250509948e-2,7.187088132e-1,9.582784176e-1,5.383283138e0,-1.162392497e0
train,3572,[NH-]C1CC2(C=CCC2)O1,6.917134762e0,3.958852589e-1,7.187088132e-1,9.582784176e-1,7.313020229e0,3.495322466e-1
train,3573,Oc1cc2n(c1)CC=C2,4.440898418e0,-1.556264520e0,7.187088132e-1,9.582784176e-1,2.884634018e0,-3.120052814e0
train,3574,CC1[NH2+]C2C3C1C1C3[NH+]21,4.269466400e0,3.444586098e-1,7.187088132e-1,9.582784176e-1,4.613924980e0,-1.765174985e0
train,3575,C#CC#CC(=O)CC#N,4.993289471e0,1.087131143e0,7.187088132e-1,9.582784176e-1,6.080420494e0,-6.161941886e-1
train,3576,C#CCC1(C)CC(=O)C1,6.010994911e0,7.809295058e-1,7.187088132e-1,9.582784176e-1,6.791924477e0,-5.873974040e-2
train,3577,CC1CC(=O)CC(=O)C1,5.708949089e0,3.662649691e-1,7.187088132e-1,9.582784176e-1,6.075213909e0,-6.202734709e-1
train,3578,N#CCc1[nH]ccc1O,6.198753357e0,3.283863887e-2,7.187088132e-1,9.582784176e-1,6.231592178e0,-4.977530539e-1
train,3579,COCC12CC(=O)N1C2,6.430050850e0,1.267255664e0,7.187088132e-1,9.582784176e-1,7.697306633e0,6.506158113e-1
train,3580,Cc1n[n+]2cc[nH]c2o1,5.828679085e0,-6.898503751e-2,7.187088132e-1,9.582784176e-1,5.759694099e0,-8.674792647e-1
train,3581,CC1(C)C[NH2+]C2OCC21,7.221901417e0,-9.704324007e-1,7.187088132e-1,9.582784176e-1,6.251469135e0,-4.821797013e-1
train,3582,CCC12OC(C)C1C2C,8.383827209e0,2.358632386e-1,7.187088132e-1,9.582784176e-1,8.619690895e0,1.373292327e0
train,3583,N#CC1OCOC12CC2,7.480409622e0,-1.705571711e-1,7.187088132e-1,9.582784176e-1,7.309852600e0,3.470504284e-1
train,3584,O=CC12C[NH+]3C4C(C41)C32,5.398738861e0,1.264543891e0,7.187088132e-1,9.582784176e-1,6.663282871e0,-1.595288217e-1
train,3585,N#CC(N)C1CC(=O)O1,7.401497364e0,2.995875776e-1,7.187088132e-1,9.582784176e-1,7.701085091e0,6.535761952e-1
train,3586,CC1[NH+](C)CC12CO2,7.782456875e0,-5.856369734e-1,7.187088132e-1,9.582784176e-1,7.196819782e0,2.584906518e-1
train,3587,N#CC1(O)C2C3OC3C21,7.363400936e0,1.319847822e0,7.187088132e-1,9.582784176e-1,8.683248520e0,1.423088908e0
train,3588,CC1OC2(CC2)C12CO2,8.408317566e0,1.321622729e-2,7.187088132e-1,9.582784176e-1,8.421533585e0,1.218038559e0
train,3589,O=C1CC(CO)(CO)N1,7.314420223e0,-2.056992650e-1,7.187088132e-1,9.582784176e-1,7.108720779e0,1.894661784e-1
train,3590,OC1C(O)C2OCC12,7.763408184e0,-5.050595999e-1,7.187088132e-1,9.582784176e-1,7.258348465e0,3.066976070e-1
train,3591,O=COC1CCC1=O,5.738881111e0,-7.924718857e-1,7.187088132e-1,9.582784176e-1,4.946409225e0,-1.504677773e0
train,3592,CC(O)Cn1ccnn1,7.006931782e0,-2.520086765e-1,7.187088132e-1,9.582784176e-1,6.754922867e0,-8.773003519e-2
train,3593,C#CC1CC2NC12,7.679053307e0,9.773826599e-1,7.187088132e-1,9.582784176e-1,8.656435966e0,1.402081609e0
train,3594,CC([NH-])Oc1cnc[nH]1,5.542959213e0,8.877719641e-1,7.187088132e-1,9.582784176e-1,6.430731297e0,-3.417300582e-1
train,3595,CC1C2CCCC12C#N,8.326683998e0,1.621088028e0,2.156126499e0,2.874835253e0,9.947772026e0,2.413827181e0
train,3596,CCC(C)OC(=O)NC,8.609682083e0,-3.042035103e-1,7.187088132e-1,9.582784176e-1,8.305479050e0,1.127111197e0
train,3597,CC1(C#N)CC(O)C1O,8.125319481e0,-1.341206193e0,7.187088132e-1,9.582784176e-1,6.784113407e0,-6.485961378e-2
train,3598,C#CC1(C)OCC(=O)O1,7.483131409e0,2.626446448e-2,7.187088132e-1,9.582784176e-1,7.509396076e0,5.033902526e-1
train,3599,C#CC1C2COC12CO,7.553880215e0,-5.328631997e-1,7.187088132e-1,9.582784176e-1,7.021017075e0,1.207514331e-1
train,3600,CCC(C#CCO)C=O,5.937524319e0,1.925421059e-1,7.187088132e-1,9.582784176e-1,6.130066395e0,-5.772972107e-1
train,3601,CCC1OCCC1OC,8.794719696e0,-2.232871532e0,2.156126499e0,2.874835253e0,6.561848164e0,-2.390016466e-1
train,3602,CC1CC1c1cnn[nH]1,6.666789532e0,-9.501914680e-2,7.187088132e-1,9.582784176e-1,6.571770191e0,-2.312278599e-1
train,3603,CCCc1cn(C)nn1,6.764750481e0,-2.354257107e-1,7.187088132e-1,9.582784176e-1,6.529324532e0,-2.644835114e-1
train,3604,NC(=O)N1CCC(O)C1,7.581092358e0,-4.491822124e-1,7.187088132e-1,9.582784176e-1,7.131910324e0,2.076348960e-1
train,3605,Nc1onnc1CCO,5.646362305e0,-1.023731947e0,7.187088132e-1,9.582784176e-1,4.622630119e0,-1.758354664e0
train,3606,C#CC1CCC12CC2O,8.016474724e0,2.961167693e-2,7.187088132e-1,9.582784176e-1,8.046086311e0,9.238802791e-1
train,3607,CNC(=O)CC1CN1,7.472246647e0,-2.603826225e-1,7.187088132e-1,9.582784176e-1,7.211863995e0,2.702775896e-1
train,3608,CC#CC#CC1COC1,6.027321815e0,-2.767960310e0,2.156126499e0,2.874835253e0,3.259361506e0,-2.826458454e0
train,3609,CC1=C(C)C2C3CC1C32,6.334810734e0,-1.229446828e-1,7.187088132e-1,9.582784176e-1,6.211865902e0,-5.132083297e-1
train,3610,CC1=CC2(C)NC2C1O,6.541617393e0,5.966524482e-1,7.187088132e-1,9.582784176e-1,7.138269901e0,2.126175463e-1
train,3611,OCC1COCCCO1,8.849142075e0,-1.853452325e-1,7.187088132e-1,9.582784176e-1,8.663796425e0,1.407848358e0
train,3612,C#CC(C)(C#N)C=O,5.937524319e0,-2.331714034e-1,7.187088132e-1,9.582784176e-1,5.704352856e0,-9.108384252e-1
train,3613,OCC1C2CC(O)C1O2,8.400155067e0,-5.187609792e-1,7.187088132e-1,9.582784176e-1,7.881393909e0,7.948458791e-1
train,3614,Cc1ccn2c1CCC2,6.598761082e0,9.924694896e-2,7.187088132e-1,9.582784176e-1,6.698008060e0,-1.323220730e-1
train,3615,CCC1OC12C[NH+](C)C2,8.081781387e0,-6.985609978e-2,7.187088132e-1,9.582784176e-1,8.011925697e0,8.971158862e-1
train,3616,N#CC1(O)C(=O)C2NC21,5.469488621e0,2.562843263e-1,7.187088132e-1,9.582784176e-1,5.725772858e0,-8.940561414e-1
train,3617,C1OC1C1C2CCC1O2,8.881796837e0,1.842554659e-1,7.187088132e-1,9.582784176e-1,9.066052437e0,1.723010898e0
train,3618,CC#CC1(N)CC1C#N,7.292651653e0,1.111003086e-1,7.187088132e-1,9.582784176e-1,7.403751850e0,4.206193089e-1
train,3619,CC1C(O)C12OC1CC12,7.937561512e0,6.196616292e-1,7.187088132e-1,9.582784176e-1,8.557223320e0,1.324349761e0
train,3620,CC1C2C(O)C1C1NC12,7.904907227e0,-3.232949227e-2,7.187088132e-1,9.582784176e-1,7.872577667e0,7.879384756e-1
train,3621,COCC1NC2COC12,8.076338768e0,-5.953489542e-1,7.187088132e-1,9.582784176e-1,7.480989933e0,4.811343849e-1
train,3622,COCC1(C)C[NH+]2CC21,8.457298279e0,-2.386356741e-1,7.187088132e-1,9.582784176e-1,8.218662262e0,1.059091330e0
train,3623,CC12CC=CC1(C#N)O2,6.479031086e0,8.545441180e-2,7.187088132e-1,9.582784176e-1,6.564485550e0,-2.369352877e-1
train,3624,N#CC[NH+]1CC2OC2C1,7.009653091e0,-1.036396503e0,2.156126499e0,2.874835253e0,5.973256588e0,-7.001557350e-1
train,3625,CN(C=O)CC(C)(C)O,7.366122246e0,6.317891181e-2,7.187088132e-1,9.582784176e-1,7.429301262e0,4.406369627e-1
train,3626,COC(=O)C1C=CCN1,6.337531567e0,-2.230286449e-1,7.187088132e-1,9.582784176e-1,6.114502907e0,-5.894910097e-1
train,3627,CC#CC1[NH2+]C(C)CO1,5.907591820e0,-4.200433791e-1,7.187088132e-1,9.582784176e-1,5.487548351e0,-1.080702066e0
train,3628,COC12CC1C1C(C)C12,7.575649738e0,-3.019367158e-1,7.187088132e-1,9.582784176e-1,7.273713112e0,3.187355995e-1
train,3629,C#CC(CC1CC1)=NO,5.619151115e0,9.854739904e-1,7.187088132e-1,9.582784176e-1,6.604625225e0,-2.054863423e-1
train,3630,COC1CC2CC1O2,8.925334930e0,-8.939871937e-2,7.187088132e-1,9.582784176e-1,8.835936546e0,1.542718053e0
train,3631,C1CC1[NH+]1CC12COC2,8.098108292e0,-5.109729171e-1,2.156126499e0,2.874835253e0,7.587135315e0,5.642979741e-1
train,3632,OCC1CC2C(CO)C12,8.636894226e0,7.330027819e-1,7.187088132e-1,9.582784176e-1,9.369896889e0,1.961069226e0
train,3633,N#CCC1NC2CC12O,7.227344036e0,-1.057034954e-1,7.187088132e-1,9.582784176e-1,7.121640682e0,1.995887607e-1
train,3634,Cc1[nH]c(CO)nc1O,5.880380630e0,2.167239189e0,2.156126499e0,2.874835253e0,8.047619820e0,9.250817895e-1
train,3635,C1CC2C3CCC2C13,9.970252037e0,-3.418202996e-1,7.187088132e-1,9.582784176e-1,9.628431320e0,2.163627625e0
train,3636,O=COc1nc(O)c[nH]1,5.172884464e0,-1.352594495e-1,7.187088132e-1,9.582784176e-1,5.037624836e0,-1.433211446e0
train,3637,C#Cc1c(N)noc1N,5.877659321e0,-3.829388618e-1,7.187088132e-1,9.582784176e-1,5.494720459e0,-1.075082779e0
train,3638,N#CC1N[CH+][NH2+]C1C=O,5.749765873e0,-7.071612030e-2,7.187088132e-1,9.582784176e-1,5.679049969e0,-9.306629300e-1
train,3639,CCC1(O)CC1(C)CO,8.650499344e0,1.437622607e-1,2.156126499e0,2.874835253e0,8.794261932e0,1.510066509e0
train,3640,CC(C1CC1)C(C)(C)O,8.985198975e0,1.499131322e-1,7.187088132e-1,9.582784176e-1,9.135111809e0,1.777118087e0
train,3641,O=CCCC1CCC1,6.225965023e0,9.649968892e-2,7.187088132e-1,9.582784176e-1,6.322464943e0,-4.265553951e-1
train,3642,OC1C(O)C12CCC2,7.575649738e0,-2.790652514e-1,7.187088132e-1,9.582784176e-1,7.296584606e0,3.366551399e-1
train,3643,CC#CC1CC(C#N)O1,6.827336788e0,4.428262711e-1,7.187088132e-1,9.582784176e-1,7.270163059e0,3.159541786e-1
train,3644,CC1CC(=O)CC2OC12,6.122561455e0,-2.784617543e-1,7.187088132e-1,9.582784176e-1,5.844099522e0,-8.013486862e-1
train,3645,CC12CC1OC2CO,8.304915428e0,-8.235855103e-1,7.187088132e-1,9.582784176e-1,7.481329918e0,4.814007580e-1
train,3646,C#CC(C#C)(CO)CO,7.934839725e0,-4.520598054e-1,7.187088132e-1,9.582784176e-1,7.482779980e0,4.825368524e-1
train,3647,CCNC1=CC(=O)OC1,5.932082176e0,-8.971191049e-1,7.187088132e-1,9.582784176e-1,5.034963131e0,-1.435296893e0
train,3648,CCC(O)C1CC1C=O,6.076302528e0,5.149143934e-1,7.187088132e-1,9.582784176e-1,6.591217041e0,-2.159914970e-1
train,3649,C1=COC([NH2+]C2CC2)O1,6.081744671e0,-7.345703244e-1,7.187088132e-1,9.582784176e-1,5.347174168e0,-1.190683484e0
train,3650,CC(C)N1CCC1=O,7.491294384e0,-3.318219185e0,2.156126499e0,2.874835253e0,4.173075199e0,-2.110575199e0
train,3651,CC1(C2CC2)NCC1=O,5.817794323e0,1.655808449e0,2.156126499e0,2.874835253e0,7.473602772e0,4.753466249e-1
train,3652,CCC1C2CCC1(O)C2,8.846421242e0,6.401009560e-1,7.187088132e-1,9.582784176e-1,9.486522675e0,2.052443981e0
train,3653,CC(C1CC1)C1CCO1,8.838258743e0,-1.932885289e0,2.156126499e0,2.874835253e0,6.905373573e0,3.014620207e-2
train,3654,CC12CC3C4CC4[NH+]1C32,8.647777557e0,-5.836626887e-1,7.187088132e-1,9.582784176e-1,8.064114571e0,9.380052090e-1
train,3655,CCc1cccoc1=O,4.832742214e0,-5.626252294e-1,2.156126499e0,2.874835253e0,4.270116806e0,-2.034544468e0
train,3656,COC(C)[NH2+]C1CC1,6.982441425e0,6.448666006e-2,7.187088132e-1,9.582784176e-1,7.046927929e0,1.410522610e-1
train,3657,CC12CC(O1)C(O)C2=O,5.306220055e0,-2.094630748e-1,7.187088132e-1,9.582784176e-1,5.096756935e0,-1.386882186e0
train,3658,NC1=NCCN1C=O,5.719833374e0,-2.692296267e0,2.156126499e0,2.874835253e0,3.027537107e0,-3.008090019e0
train,3659,C#CC#CC#CC,5.091249943e0,8.991373181e-1,7.187088132e-1,9.582784176e-1,5.990387440e0,-6.867339611e-1
train,3660,O=C1NCC[NH+]2CC12,6.781077385e0,-8.208574653e-1,7.187088132e-1,9.582784176e-1,5.960219860e0,-7.103698850e-1
train,3661,O=C1CNC12CC2CO,5.874938488e0,6.461157799e-1,7.187088132e-1,9.582784176e-1,6.521054268e0,-2.709631324e-1
train,3662,O=C1OC2OC1C1OC21,7.121219635e0,-1.260711253e-1,7.187088132e-1,9.582784176e-1,6.995148659e0,1.004838571e-1
train,3663,O=C1C[NH+]2C3C=CC1C32,5.134788513e0,-5.205918550e-1,7.187088132e-1,9.582784176e-1,4.614196777e0,-1.764962077e0
train,3664,OC(CC1CO1)C1CC1,8.840979576e0,-3.798624575e-1,7.187088132e-1,9.582784176e-1,8.461116791e0,1.249051452e0
train,3665,CC1=CCC2(CO)OC12,6.634135723e0,-4.982816279e-1,7.187088132e-1,9.582784176e-1,6.135854244e0,-5.727625489e-1
train,3666,CNC(=O)C1CCC1=O,5.651804924e0,9.942090511e-1,7.187088132e-1,9.582784176e-1,6.646014214e0,-1.730585992e-1
train,3667,CC1CC2(C#N)C[NH+]1C2,7.322584152e0,-1.124641776e0,7.187088132e-1,9.582784176e-1,6.197942257e0,-5.241173506e-1
train,3668,CC12OCC1C1CC12,8.596076965e0,2.027069181e-1,7.187088132e-1,9.582784176e-1,8.798784256e0,1.513609648e0
train,3669,OC1C2[NH2+]C3OCC3C12,6.530732632e0,-1.937525272e0,7.187088132e-1,9.582784176e-1,4.593207359e0,-1.781406999e0
train,3670,CCC1(C)C(=O)NC1C,7.562044144e0,2.731110156e-1,7.187088132e-1,9.582784176e-1,7.835155010e0,7.586182952e-1
train,3671,Cc1cc2nn[nH]c2[nH]1,5.703506470e0,-3.622624651e-2,7.187088132e-1,9.582784176e-1,5.667280197e0,-9.398844242e-1
train,3672,CC(C)C1C2COC21C,8.351174355e0,-5.710758567e-1,7.187088132e-1,9.582784176e-1,7.780098438e0,7.154821157e-1
train,3673,C#CC(O)(CO)C(C)O,7.474967480e0,-8.751661777e-1,7.187088132e-1,9.582784176e-1,6.599801064e0,-2.092660218e-1
train,3674,CC1CC1CCCCO,9.319899559e0,-4.673615098e-1,7.187088132e-1,9.582784176e-1,8.852538109e0,1.555725098e0
train,3675,C#CC(C)OCCC,7.970214844e0,2.944541872e-1,7.187088132e-1,9.582784176e-1,8.264669418e0,1.095137358e0
train,3676,CC(C#N)C1CC(=O)O1,7.815110207e0,-8.121512532e-1,7.187088132e-1,9.582784176e-1,7.002958775e0,1.066029817e-1
train,3677,C#CC1NC1(C)C(C)C,7.542996407e0,2.170292139e0,2.156126499e0,2.874835253e0,9.713288307e0,2.230112076e0
train,3678,CN=C(N)NC(=O)OC,6.498078823e0,-1.249941662e-1,7.187088132e-1,9.582784176e-1,6.373084545e0,-3.868955672e-1
train,3679,C#CC1C2C(C)[NH2+][CH+][NH+]12,6.225965023e0,1.647984505e0,7.187088132e-1,9.582784176e-1,7.873949528e0,7.890132666e-1
train,3680,[CH+]1[NH2+]C23CC(CC2O1)C3,6.996047020e0,-6.016047001e-1,7.187088132e-1,9.582784176e-1,6.394442558e0,-3.701618314e-1
train,3681,CC1CC(O)C(C=O)C1,6.288550854e0,-2.980523109e-1,7.187088132e-1,9.582784176e-1,5.990498543e0,-6.866468787e-1
train,3682,Cc1onnc1N(C)C,5.545680046e0,-7.094785571e-1,7.187088132e-1,9.582784176e-1,4.836201668e0,-1.591024041e0
train,3683,CCC1CC(C)CC1C,1.007093334e1,-1.048133373e0,2.156126499e0,2.874835253e0,9.022800446e0,1.689123511e0
train,3684,CC1(C2NCC2=O)CO1,5.929360867e0,8.604711294e-1,7.187088132e-1,9.582784176e-1,6.789832115e0,-6.037907675e-2
train,3685,[NH-]C1N=CON=CC1=O,4.691242695e0,1.300956964e0,7.187088132e-1,9.582784176e-1,5.992199898e0,-6.853138804e-1
train,3686,C[CH+]1C(O)C=COC1[NH-],4.612329483e0,3.882639408e-1,7.187088132e-1,9.582784176e-1,5.000593185e0,-1.462225318e0
train,3687,CC1C2CC2C2C(O)C12,8.114435196e0,-1.112280488e0,2.156126499e0,2.874835253e0,7.002154827e0,1.059730947e-1
train,3688,C#CC1(O)CC1,7.548438072e0,-8.171245456e-1,7.187088132e-1,9.582784176e-1,6.731313705e0,-1.062275171e-1
train,3689,Oc1n[nH]c2[nH]nnc12,5.861332417e0,-6.566685438e-2,7.187088132e-1,9.582784176e-1,5.795665741e0,-8.392959237e-1
train,3690,COC(C#N)C(O)C#N,8.266819000e0,7.868841887e-1,7.187088132e-1,9.582784176e-1,9.053703308e0,1.713335514e0
train,3691,CCC(C)=O,6.397397041e0,-2.419459224e-1,7.187088132e-1,9.582784176e-1,6.155451298e0,-5.574084520e-1
train,3692,CNc1cc[nH+]nc1,4.541580200e0,5.110126734e-1,7.187088132e-1,9.582784176e-1,5.052592754e0,-1.421484232e0
train,3693,CC1OC([NH-])C1CCO,7.812388420e0,3.502901495e-1,7.187088132e-1,9.582784176e-1,8.162678719e0,1.015228987e0
train,3694,C#CC(=O)COC,5.668131351e0,-1.251628041e0,7.187088132e-1,9.582784176e-1,4.416503429e0,-1.919852257e0
train,3695,CC12C=CCC1C(=O)O2,7.006931782e0,4.291509837e-2,7.187088132e-1,9.582784176e-1,7.049846649e0,1.433390379e-1
train,3696,[H]N=CN1CC(=O)NC1=O,6.470867634e0,4.645790458e-1,7.187088132e-1,9.582784176e-1,6.935446739e0,5.370815098e-2
train,3697,C1COC([NH2+]C2CC2)C1,6.911692142e0,6.622351408e-1,7.187088132e-1,9.582784176e-1,7.573927402e0,5.539497137e-1
train,3698,CCC1C2CC3C2[NH+]13,8.909008026e0,8.092089891e-1,7.187088132e-1,9.582784176e-1,9.718216896e0,2.233973503e0
train,3699,N#CC1CC(CC=O)N1,5.619151115e0,9.219619632e-1,7.187088132e-1,9.582784176e-1,6.541112900e0,-2.552474439e-1
train,3700,CC[NH+]1C(C)C1(C)CO,8.076338768e0,-4.002973735e-1,7.187088132e-1,9.582784176e-1,7.676041603e0,6.339549422e-1
train,3701,CC1CC(C(O)CO)O1,8.277703285e0,1.506814510e-1,7.187088132e-1,9.582784176e-1,8.428384781e0,1.223406315e0
train,3702,CCC(C)=NO,6.971556664e0,3.211057186e-1,7.187088132e-1,9.582784176e-1,7.292662621e0,3.335823119e-1
train,3703,CC1COCC2NC12C,8.343010902e0,4.364095330e-1,7.187088132e-1,9.582784176e-1,8.779420853e0,1.498438716e0
train,3704,OC1C2CCCCOC12,8.283145905e0,7.258351445e-1,7.187088132e-1,9.582784176e-1,9.008980751e0,1.678295970e0
train,3705,CC1[NH2+]C2CC(O1)C2O,6.800125122e0,5.202216506e-1,7.187088132e-1,9.582784176e-1,7.320346832e0,3.552725315e-1
train,3706,O=C1C=CC=CCCO1,4.887165070e0,-1.881380320e0,2.156126499e0,2.874835253e0,3.005784750e0,-3.025132656e0
train,3707,C#CC1C2CCC12OC,7.616467476e0,1.818599105e-1,7.187088132e-1,9.582784176e-1,7.798327446e0,7.297643423e-1
train,3708,COCCC(C)(C)C=O,6.217801571e0,-1.315336943e0,7.187088132e-1,9.582784176e-1,4.902464867e0,-1.539107561e0
train,3709,CC12CC1CNC2=O,7.349795341e0,-9.877858683e-3,7.187088132e-1,9.582784176e-1,7.339917660e0,3.706060350e-1
train,3710,OCC1=CC2NC1C2O,6.264060974e0,7.166531682e-1,7.187088132e-1,9.582784176e-1,6.980714321e0,8.917473257e-2
train,3711,CC(C)(O)C(O)C1CC1,8.911728859e0,-1.156996846e0,2.156126499e0,2.874835253e0,7.754732132e0,6.956079602e-1
train,3712,C#CC1CC1(CC)CC,7.853205681e0,5.839757323e-1,7.187088132e-1,9.582784176e-1,8.437181473e0,1.230298400e0
train,3713,CC1[NH2+][CH+]OC12CCC2,7.289929867e0,-5.046415925e-1,7.187088132e-1,9.582784176e-1,6.785288334e0,-6.393907219e-2
train,3714,CC1CC2(C1)CC2(C)O,8.609682083e0,-2.257062048e-1,7.187088132e-1,9.582784176e-1,8.383975983e0,1.188612580e0
train,3715,CC#CCC1(C)NC1C,8.087224007e0,5.426740050e-1,7.187088132e-1,9.582784176e-1,8.629898071e0,1.381289482e0
train,3716,Cn1ncc(O)c1N,6.206917286e0,5.182420611e-1,7.187088132e-1,9.582784176e-1,6.725159168e0,-1.110495180e-1
train,3717,CC1CC1C(C)(C)C,9.159352303e0,-1.741059721e-1,7.187088132e-1,9.582784176e-1,8.985246658e0,1.659700632e0
train,3718,CCC1(CCOC)CO1,9.300851822e0,7.067694664e-1,7.187088132e-1,9.582784176e-1,1.000762177e1,2.460718632e0
train,3719,CCC1=CCCC2NC12,6.742980957e0,7.690770626e-1,2.156126499e0,2.874835253e0,7.512058258e0,5.054760575e-1
train,3720,NC(=O)N1CC2C(O)C21,7.333467960e0,-1.689592153e-1,7.187088132e-1,9.582784176e-1,7.164508820e0,2.331754118e-1
train,3721,CC(CO)C(=O)CCO,6.261340141e0,2.149231732e-1,2.156126499e0,2.874835253e0,6.476263523e0,-3.060561419e-1
train,3722,C1#CCCCCCCC1,7.801504612e0,-7.246550918e-2,7.187088132e-1,9.582784176e-1,7.729039192e0,6.754778624e-1
train,3723,CC1=CC2CC3C(O2)C13,6.617809296e0,-2.582539916e-1,7.187088132e-1,9.582784176e-1,6.359555244e0,-3.974955976e-1
train,3724,CC(O)C1CC(=O)C1O,5.556564808e0,-7.706584930e-1,7.187088132e-1,9.582784176e-1,4.785906315e0,-1.630429745e0
train,3725,N#CC1CC2OCC=C12,6.277666569e0,2.526639700e-1,7.187088132e-1,9.582784176e-1,6.530330658e0,-2.636952102e-1
train,3726,C#CC1CC2(CN2)CO1,7.728034019e0,1.551839232e0,7.187088132e-1,9.582784176e-1,9.279872894e0,1.890536547e0
train,3727,CC(C)OC1(CO)CC1,8.623288155e0,2.093311250e-1,7.187088132e-1,9.582784176e-1,8.832619667e0,1.540119290e0
train,3728,CC1C(O)CC12C[NH+]2C,7.904907227e0,-2.064919710e0,2.156126499e0,2.874835253e0,5.839987755e0,-8.045701981e-1
train,3729,O=C1OCCC12CO2,6.838221550e0,7.256688476e-1,7.187088132e-1,9.582784176e-1,7.563890457e0,5.460858941e-1
train,3730,CNc1c[nH]c(C#N)n1,4.628656864e0,-5.867915750e-1,7.187088132e-1,9.582784176e-1,4.041865349e0,-2.213376522e0
train,3731,CC1[NH+]2CC1(C#N)C2,7.423265934e0,-6.903284192e-1,7.187088132e-1,9.582784176e-1,6.732937336e0,-1.049554199e-1
train,3732,CCC1CC1(O)C1CN1,8.027358055e0,2.750275731e-1,2.156126499e0,2.874835253e0,8.302385330e0,1.124687314e0
train,3733,[NH-]C1OCCCC2NC21,7.053191185e0,8.999272585e-1,7.187088132e-1,9.582784176e-1,7.953118324e0,8.510410190e-1
train,3734,CC(O)C1OC(=O)C1N,6.930739880e0,-3.864875793e0,2.156126499e0,2.874835253e0,3.065864086e0,-2.978061199e0
train,3735,Nc1cc[nH]c1O,6.508963585e0,-5.194180012e-1,7.187088132e-1,9.582784176e-1,5.989545822e0,-6.873933077e-1
train,3736,CN1C(=O)C2CC21C#N,6.408281326e0,6.666922569e-2,7.187088132e-1,9.582784176e-1,6.474950790e0,-3.070846498e-1
train,3737,CCC1C2COCC1C2,9.015131950e0,5.747028589e-1,7.187088132e-1,9.582784176e-1,9.589835167e0,2.133388042e0
train,3738,C#CCC1(C)CCC1O,8.245050430e0,2.787541449e-1,7.187088132e-1,9.582784176e-1,8.523804665e0,1.298166633e0
train,3739,O=C1C[NH+]2C1C1C(O)C12,5.406902313e0,-1.485046148e-1,7.187088132e-1,9.582784176e-1,5.258397579e0,-1.260238767e0
train,3740,O=Cc1nccc(=O)[nH]1,4.220486164e0,-6.164625287e-1,7.187088132e-1,9.582784176e-1,3.604023695e0,-2.556419849e0
train,3741,CC1OC1CCCC=O,6.220522881e0,-2.431816757e-1,7.187088132e-1,9.582784176e-1,5.977341175e0,-6.969555020e-1
train,3742,O=CC1C=CC2COC12,6.168820858e0,-2.719722271e0,2.156126499e0,2.874835253e0,3.449098587e0,-2.677801847e0
train,3743,CCC1(C#N)CCOC1,8.323963165e0,3.010603189e-1,7.187088132e-1,9.582784176e-1,8.625023842e0,1.377470613e0
train,3744,CC1=NCC2[NH2+]CCN12,5.820515633e0,5.358877778e-1,7.187088132e-1,9.582784176e-1,6.356403351e0,-3.999650776e-1
train,3745,CC(C)C1C2CCOC21,8.563423157e0,-8.450621963e-1,7.187088132e-1,9.582784176e-1,7.718360901e0,6.671115756e-1
train,3746,CNC1(C)COC1C#N,6.476309776e0,-3.240700066e-1,2.156126499e0,2.874835253e0,6.152239799e0,-5.599246621e-1
train,3747,N#CC#Cc1cnno1,4.881722450e0,2.945674658e-1,7.187088132e-1,9.582784176e-1,5.176290035e0,-1.324568987e0
train,3748,OC1C=CC2C3C[NH+]2C13,6.133446217e0,1.892718822e-1,7.187088132e-1,9.582784176e-1,6.322718143e0,-4.263570011e-1
train,3749,Oc1ncc(F)nc1O,5.004173756e0,4.794601798e-1,7.187088132e-1,9.582784176e-1,5.483633995e0,-1.083768845e0
train,3750,Cc1[nH]cnc1CC#N,6.661347389e0,1.249942303e0,7.187088132e-1,9.582784176e-1,7.911289692e0,8.182688355e-1
train,3751,OCCC12CC1CC2O,8.707643509e0,-3.590355217e-1,7.187088132e-1,9.582784176e-1,8.348608017e0,1.160902262e0
train,3752,C#CC1C(C#C)C2CC12,7.782456875e0,9.470270597e-4,7.187088132e-1,9.582784176e-1,7.783403873e0,7.180719376e-1
train,3753,CC12CCC3C[NH+]3C1C2,8.138925552e0,8.000787348e-2,7.187088132e-1,9.582784176e-1,8.218933105e0,1.059303641e0
train,3754,CC(C)C1(C#N)CN1,8.000147820e0,-6.861911416e-1,7.187088132e-1,9.582784176e-1,7.313956738e0,3.502659798e-1
train,3755,OCC1COC2CC12,8.155252457e0,3.341930389e0,2.156126499e0,2.874835253e0,1.149718285e1,3.627771139e0
train,3756,O=C1C=CC(CO)OC1,4.868116856e0,1.156893522e-1,7.187088132e-1,9.582784176e-1,4.983806133e0,-1.475377798e0
train,3757,CCC(=NC)NC(N)=O,6.609645367e0,-2.324251980e-1,7.187088132e-1,9.582784176e-1,6.377220154e0,-3.836553693e-1
train,3758,[NH-]C1CC(CCO)O1,7.866811275e0,-2.568647861e-1,7.187088132e-1,9.582784176e-1,7.609946251e0,5.821700692e-1
train,3759,CC1(O)C2CC3C1C32O,8.353896141e0,4.284738302e-1,7.187088132e-1,9.582784176e-1,8.782369614e0,1.500748992e0
train,3760,C#CC(C)COC(C)[NH-],7.964772224e0,-1.147901297e0,7.187088132e-1,9.582784176e-1,6.816870689e0,-3.919469565e-2
train,3761,C#Cc1c(O)noc1N,5.904870510e0,-3.109373152e-2,7.187088132e-1,9.582784176e-1,5.873776913e0,-7.780967951e-1
train,3762,CC#CC(C)NCC#N,7.107614040e0,-9.127753973e-2,7.187088132e-1,9.582784176e-1,7.016336441e0,1.170842126e-1
train,3763,CC12CC(O)CC(C1)O2,8.310358047e0,-5.560886264e-1,7.187088132e-1,9.582784176e-1,7.754269600e0,6.952455640e-1
train,3764,CCC#CC1NC1C#N,7.039586067e0,4.742169082e-1,7.187088132e-1,9.582784176e-1,7.513803005e0,5.068430305e-1
train,3765,CC1COC1(C)C1CN1,8.498115540e0,4.843188226e-1,7.187088132e-1,9.582784176e-1,8.982434273e0,1.657497168e0
train,3766,CC1CC2CC(=O)C12O,5.913033962e0,-4.065433741e-1,7.187088132e-1,9.582784176e-1,5.506490707e0,-1.065860987e0
train,3767,O=Cc1cc(CO)n[nH]1,5.227307320e0,-5.869084001e-1,7.187088132e-1,9.582784176e-1,4.640398979e0,-1.744432926e0
train,3768,N#CC1=C2COC2CC1,5.548401356e0,-1.016062871e-1,7.187088132e-1,9.582784176e-1,5.446794987e0,-1.112631798e0
train,3769,NC(=O)C12CC=CC1N2,6.351137638e0,1.009857535e0,7.187088132e-1,9.582784176e-1,7.360995293e0,3.871200979e-1
train,3770,N#CC12NC1CC2C=O,5.698064327e0,6.294997334e-1,7.187088132e-1,9.582784176e-1,6.327564240e0,-4.225601554e-1
train,3771,CC(C)c1cc(O)c[nH]1,6.274945736e0,5.817178488e-1,7.187088132e-1,9.582784176e-1,6.856663704e0,-8.017368615e-3
train,3772,Cc1cc(O)nc(N)n1,5.727996826e0,-1.876084656e-1,7.187088132e-1,9.582784176e-1,5.540388584e0,-1.039302349e0
train,3773,C1CC2CC(CO1)C2,8.854584694e0,-6.417860836e-2,7.187088132e-1,9.582784176e-1,8.790406227e0,1.507045627e0
train,3774,Nc1coc(O)cc1=O,5.153836727e0,2.270507812e-1,7.187088132e-1,9.582784176e-1,5.380887508e0,-1.164269447e0
train,3775,O=CC12CC(CO1)C2O,5.469488621e0,-7.410745621e-1,7.187088132e-1,9.582784176e-1,4.728414059e0,-1.675474167e0
train,3776,Cc1nc(CO)oc1C,6.364743233e0,7.114309072e-2,7.187088132e-1,9.582784176e-1,6.435886383e0,-3.376910985e-1
train,3777,COC([NH-])C(C=O)OC,6.054533005e0,1.258056879e0,7.187088132e-1,9.582784176e-1,7.312589645e0,3.491948843e-1
train,3778,N#CCNc1c[nH]cn1,6.076302528e0,1.321180724e-2,7.187088132e-1,9.582784176e-1,6.089514256e0,-6.090693474e-1
train,3779,N#CC1COCC([NH-])N1,6.936182499e0,5.905987024e-1,7.187088132e-1,9.582784176e-1,7.526781082e0,5.170111656e-1
train,3780,CC12NC1C1NC2C1=O,6.269503117e0,5.107313991e-1,7.187088132e-1,9.582784176e-1,6.780234337e0,-6.789881736e-2
train,3781,c1ncc2nnoc2n1,5.077644348e0,1.019605696e-1,7.187088132e-1,9.582784176e-1,5.179605007e0,-1.321971774e0
train,3782,OC1C[NH+]2C1C2C1CO1,7.896743774e0,-1.174320936e0,7.187088132e-1,9.582784176e-1,6.722422600e0,-1.131935865e-1
train,3783,C#CC1OCCC1C=O,6.062696934e0,1.461887453e-2,7.187088132e-1,9.582784176e-1,6.077315807e0,-6.186266541e-1
train,3784,C1=CC2C=CC(CC1)O2,6.547059536e0,1.570968032e-1,7.187088132e-1,9.582784176e-1,6.704156399e0,-1.275049299e-1
train,3785,O1C2OC3C1C1OC3C21,8.299472809e0,-3.533595502e-1,7.187088132e-1,9.582784176e-1,7.946113110e0,8.455525637e-1
train,3786,CC(=O)C1CCC(=O)N1,5.823236465e0,-1.632408649e-1,7.187088132e-1,9.582784176e-1,5.659995556e0,-9.455918074e-1
train,3787,ONC1COC1,6.672231674e0,-4.905449972e-2,7.187088132e-1,9.582784176e-1,6.623177052e0,-1.909512281e-1
train,3788,COc1cn[nH]c1N,6.160657883e0,-7.019206882e-1,7.187088132e-1,9.582784176e-1,5.458737373e0,-1.103275061e0
train,3789,CCCOC1NCC[NH2+]1,7.526669502e0,-9.533293247e-1,7.187088132e-1,9.582784176e-1,6.573340416e0,-2.299976051e-1
train,3790,[H]N=CN(C=N[H])C(C=O)=N[H],4.933423996e0,-1.559084505e-1,7.187088132e-1,9.582784176e-1,4.777515411e0,-1.637003899e0
train,3791,Cc1[nH]c(N)nc1C#N,5.632756710e0,5.896521211e-1,7.187088132e-1,9.582784176e-1,6.222408772e0,-5.049481392e-1
train,3792,CC1(C)CCC(=O)CO1,5.733438969e0,-4.115572572e-1,7.187088132e-1,9.582784176e-1,5.321881771e0,-1.210499763e0
train,3793,Nc1c(F)cn[nH]c1=O,4.742944717e0,-1.431651950e0,7.187088132e-1,9.582784176e-1,3.311292648e0,-2.785771132e0
train,3794,O=C1COCCC12CC2,5.760650635e0,-6.896626353e-1,7.187088132e-1,9.582784176e-1,5.070988178e0,-1.407071710e0
train,3795,[NH-]C1OC2C1OC21CC1,6.881759644e0,2.071478665e-1,7.187088132e-1,9.582784176e-1,7.088907719e0,1.739428937e-1
train,3796,CN(C=O)CCO,7.341631889e0,1.696859300e-1,7.187088132e-1,9.582784176e-1,7.511317730e0,5.048958063e-1
train,3797,N#CCC1(O)COC1[NH-],7.605582714e0,3.546226025e-1,7.187088132e-1,9.582784176e-1,7.960205078e0,8.565934300e-1
train,3798,CNc1ocnc1C#N,5.684458733e0,-6.059225202e-1,7.187088132e-1,9.582784176e-1,5.078536034e0,-1.401158094e0
train,3799,CC(C=O)C(C)(C)C#N,5.975620270e0,-5.817094934e-4,7.187088132e-1,9.582784176e-1,5.975038528e0,-6.987596154e-1
train,3800,C1OCC2C3OC1OC23,8.364779472e0,1.172532067e-1,7.187088132e-1,9.582784176e-1,8.482032776e0,1.265438914e0
train,3801,CCc1cocc1NC,6.049090862e0,-4.369861186e-1,7.187088132e-1,9.582784176e-1,5.612104893e0,-9.831135869e-1
train,3802,CC(O)C(=O)C(=O)C=O,3.684421539e0,1.994548082e0,7.187088132e-1,9.582784176e-1,5.678969383e0,-9.307260513e-1
train,3803,CCC(C)CC(C)CO,9.270918846e0,2.918022573e-1,7.187088132e-1,9.582784176e-1,9.562721252e0,2.112144709e0
train,3804,CC(O)CC1(C)NC1C,8.285867691e0,1.649121284e0,7.187088132e-1,9.582784176e-1,9.934988976e0,2.403811693e0
train,3805,CC1(C#CC#N)COC1,6.136167526e0,-1.521597803e-1,2.156126499e0,2.874835253e0,5.984007835e0,-6.917322874e-1
train,3806,CC1CC(C(C)C=O)C1,6.119840622e0,1.392922401e0,2.156126499e0,2.874835253e0,7.512763023e0,5.060281754e-1
train,3807,CC1C(=O)CC1NC=O,5.831399918e0,2.248116536e-3,7.187088132e-1,9.582784176e-1,5.833648205e0,-8.095371723e-1
train,3808,c1[nH]nc2c1C1OC1C2,6.816452026e0,1.195911169e0,7.187088132e-1,9.582784176e-1,8.012363434e0,8.974588513e-1
train,3809,C#CC1CC2(C#C)CC12,7.132104397e0,-5.871519446e-1,7.187088132e-1,9.582784176e-1,6.544952393e0,-2.522392571e-1
train,3810,CC1=NC(C)C(C)CO1,7.289929867e0,-5.004510880e-1,7.187088132e-1,9.582784176e-1,6.789478779e0,-6.065591425e-2
train,3811,CCC1C2OCC12O,7.820552349e0,1.180711150e0,7.187088132e-1,9.582784176e-1,9.001263618e0,1.672249675e0
train,3812,OCC1=CCOCC1,7.123940468e0,7.834084630e-1,7.187088132e-1,9.582784176e-1,7.907349110e0,8.151814342e-1
train,3813,CC(C)c1nc[nH]n1,7.328026772e0,-4.971333146e-1,7.187088132e-1,9.582784176e-1,6.830893517e0,-2.820798568e-2
train,3814,CC1C[NH+]2CC2C1=O,5.858611107e0,-2.831654549e-1,7.187088132e-1,9.582784176e-1,5.575445652e0,-1.011835575e0
train,3815,COCCCCC=O,6.231407166e0,5.154165030e-1,7.187088132e-1,9.582784176e-1,6.746823788e0,-9.407556057e-2
train,3816,CC1C2COC12C,8.460020065e0,8.680739254e-2,7.187088132e-1,9.582784176e-1,8.546827316e0,1.316204548e0
train,3817,CC(O)CCCC(C)O,8.925334930e0,5.091577768e-1,7.187088132e-1,9.582784176e-1,9.434493065e0,2.011679649e0
train,3818,C#CC12C=CC(=O)C1O2,4.576955318e0,6.708543301e-1,7.187088132e-1,9.582784176e-1,5.247809410e0,-1.268534541e0
train,3819,CC[NH+]1C2COCC21C,8.307636261e0,-3.239988685e-1,7.187088132e-1,9.582784176e-1,7.983637333e0,8.749523163e-1
train,3820,CCCC(O)CC(C)O,8.778392792e0,-3.444403410e-1,7.187088132e-1,9.582784176e-1,8.433952332e0,1.227768421e0
train,3821,COC(C)(C#N)CN,7.379727840e0,-6.896413565e-1,7.187088132e-1,9.582784176e-1,6.690086365e0,-1.385286152e-1
train,3822,CC1C(C)C1C[NH+]1CC1,8.402875900e0,-1.345013857e0,7.187088132e-1,9.582784176e-1,7.057862282e0,1.496191919e-1
train,3823,Cc1cc(O)n(C)n1,6.957951069e0,-2.576024644e-2,7.187088132e-1,9.582784176e-1,6.932190895e0,5.115723610e-2
train,3824,CC12CCOC(C1)C2,8.577029228e0,1.094262838e0,7.187088132e-1,9.582784176e-1,9.671292305e0,2.197208881e0
train,3825,C[NH+]1C2C3COC(C3)C21,8.340289116e0,1.163691998e0,2.156126499e0,2.874835253e0,9.503980637e0,2.066122293e0
train,3826,CC(C)(O)COC=O,7.771572113e0,1.091117024e0,7.187088132e-1,9.582784176e-1,8.862689018e0,1.563678265e0
train,3827,CC1NC(=O)CC1CO,7.428708553e0,7.953480482e-1,7.187088132e-1,9.582784176e-1,8.224056244e0,1.063317537e0
train,3828,CCC(C)C#CC(C)O,7.825994968e0,1.848452091e-1,7.187088132e-1,9.582784176e-1,8.010840416e0,8.962655663e-1
train,3829,OCC1(CO)C2CCC21,8.095387459e0,1.268391162e-1,7.187088132e-1,9.582784176e-1,8.222226143e0,1.061883688e0
train,3830,[NH-]C1OC=C(O)OC1=O,4.361985207e0,2.739336014e0,2.156126499e0,2.874835253e0,7.101321220e0,1.836687177e-1
train,3831,CC1CCC1C(=O)C=O,4.163341999e0,-7.974362373e-1,7.187088132e-1,9.582784176e-1,3.365905762e0,-2.742982388e0
train,3832,CC1C(O)C2C3CC3[NH+]12,7.178363323e0,-4.884482384e0,2.156126499e0,2.874835253e0,2.293880939e0,-3.582900286e0
train,3833,CCc1noc(OC)n1,7.064075947e0,1.646970510e0,7.187088132e-1,9.582784176e-1,8.711046219e0,1.444868088e0
train,3834,NC1[NH2+]C2CCCC2O1,7.594697952e0,8.341185749e-2,7.187088132e-1,9.582784176e-1,7.678109646e0,6.355751753e-1
train,3835,CC12CC1[NH2+]C(CO)N2,6.402839184e0,-4.673843384e-1,7.187088132e-1,9.582784176e-1,5.935454845e0,-7.297729254e-1
train,3836,N#CC1C2CNC12CO,7.211016655e0,1.871616840e-1,7.187088132e-1,9.582784176e-1,7.398178101e0,4.162523448e-1
train,3837,C1=CC2C3CC(C1)CC23,6.647741318e0,-3.604580462e-1,2.156126499e0,2.874835253e0,6.287283421e0,-4.541196525e-1
train,3838,CC(=O)c1ccc[nH]1,5.104856014e0,9.328461289e-1,7.187088132e-1,9.582784176e-1,6.037702084e0,-6.496635079e-1
train,3839,N#CC1=CCCC12CC2,5.591939926e0,-9.642378688e-1,7.187088132e-1,9.582784176e-1,4.627702236e0,-1.754380703e0
train,3840,Cc1n[nH]cc1O,6.451819897e0,4.182369113e-1,7.187088132e-1,9.582784176e-1,6.870056629e0,2.475820249e-3
train,3841,C#Cc1cc([NH-])[nH+]cn1,4.405523300e0,5.919405222e-1,7.187088132e-1,9.582784176e-1,4.997463703e0,-1.464677215e0
train,3842,C#CC(=O)C#C,5.175605774e0,-6.123141050e-1,7.187088132e-1,9.582784176e-1,4.563291550e0,-1.804845691e0
train,3843,Nc1cnn(C=O)c1N,4.996010303e0,4.567670524e-1,7.187088132e-1,9.582784176e-1,5.452777386e0,-1.107944608e0
train,3844,O=C1C2CC3C1C23CO,6.596040249e0,-7.480683327e-1,7.187088132e-1,9.582784176e-1,5.847971916e0,-7.983146906e-1
train,3845,CCC1CC12CCOC2,9.148468018e0,1.227717400e0,2.156126499e0,2.874835253e0,1.037618542e1,2.749483585e0
train,3846,C#CC1[NH+]2C3CC2C13O,7.401497364e0,-6.530302167e-1,7.187088132e-1,9.582784176e-1,6.748466969e0,-9.278815240e-2
train,3847,C#CC1([NH+]2CC2)CCC1,7.499457359e0,1.604909062e0,7.187088132e-1,9.582784176e-1,9.104366302e0,1.753029346e0
train,3848,COC1(C)CCOC1,8.903565407e0,-1.743043363e-1,7.187088132e-1,9.582784176e-1,8.729261398e0,1.459139347e0
train,3849,CCCNc1ccno1,6.081744671e0,-8.098988533e-1,7.187088132e-1,9.582784176e-1,5.271845818e0,-1.249702215e0
train,3850,COC(C)C12COC1C2,8.209674835e0,1.064181685e0,7.187088132e-1,9.582784176e-1,9.273856163e0,1.885822535e0
train,3851,C#Cc1nc(C#N)no1,5.638199329e0,-3.283125460e-1,7.187088132e-1,9.582784176e-1,5.309886932e0,-1.219897509e0
train,3852,O=c1ccncc(O)c1,4.000073910e0,-1.677192211e0,2.156126499e0,2.874835253e0,2.322881699e0,-3.560178518e0
train,3853,O=CCC1CC2CC2C1,6.190590382e0,-8.620169163e-1,7.187088132e-1,9.582784176e-1,5.328573227e0,-1.205257058e0
train,3854,C[NH+]1CC1C1CC1,8.495394707e0,-1.192486808e-1,7.187088132e-1,9.582784176e-1,8.376146317e0,1.182478189e0
train,3855,COc1[nH]cc(N)c1N,6.182426929e0,6.421331167e-1,7.187088132e-1,9.582784176e-1,6.824560165e0,-3.317008913e-2
train,3856,CC12CC1(C)C(=O)N2,6.862711906e0,-1.239241362e0,7.187088132e-1,9.582784176e-1,5.623470306e0,-9.742088914e-1
train,3857,[NH-]C1OCC12C1C[NH+]2C1,6.764750481e0,7.056828737e-1,7.187088132e-1,9.582784176e-1,7.470433235e0,4.728633463e-1
train,3858,CC1CC(C(=O)C=O)C1,4.217764854e0,4.689283073e-1,7.187088132e-1,9.582784176e-1,4.686693192e0,-1.708161950e0
train,3859,C#CC(C)C#CC(C)O,7.760687351e0,-8.070308566e-1,7.187088132e-1,9.582784176e-1,6.953656673e0,6.797540188e-2
train,3860,N#CC(CO)CC1CO1,8.313077927e0,-8.125512004e-1,7.187088132e-1,9.582784176e-1,7.500526905e0,4.964413643e-1
train,3861,CCC(OC)C(O)C#N,7.382448673e0,-1.841361076e-1,7.187088132e-1,9.582784176e-1,7.198312759e0,2.596603632e-1
train,3862,Cc1nc(C)[nH]c(=O)n1,5.521190166e0,-4.377898872e-1,7.187088132e-1,9.582784176e-1,5.083400249e0,-1.397346973e0
train,3863,CN1C=CC(=O)C1=O,4.027285099e0,1.338785529e0,7.187088132e-1,9.582784176e-1,5.366070747e0,-1.175878167e0
train,3864,COc1c(C)ccn1C,6.476309776e0,-4.078986049e-1,7.187088132e-1,9.582784176e-1,6.068411350e0,-6.256031990e-1
train,3865,C1=CC2C3CC2C3OC1,6.674952984e0,2.454650104e-1,7.187088132e-1,9.582784176e-1,6.920417786e0,4.193315282e-2
train,3866,CC1CC(O)(CO)C1=O,5.355200768e0,1.112688705e-1,7.187088132e-1,9.582784176e-1,5.466469765e0,-1.097216845e0
train,3867,CC1OCC2(C)OC12,9.317178726e0,2.303610146e-1,7.187088132e-1,9.582784176e-1,9.547539711e0,2.100250244e0
train,3868,C[NH+]=C(N)c1nnc[nH]1,4.802809238e0,1.096098423e0,7.187088132e-1,9.582784176e-1,5.898907661e0,-7.584071755e-1
train,3869,O=C1NC2C3NC3C12,6.976998806e0,-2.397341132e-1,7.187088132e-1,9.582784176e-1,6.737264633e0,-1.015650406e-1
train,3870,O=CNC1CNC1=O,7.466804028e0,1.835024506e-1,7.187088132e-1,9.582784176e-1,7.650306702e0,6.137919426e-1
train,3871,CC1(C#N)CCOC1,8.334847450e0,-6.224079058e-2,7.187088132e-1,9.582784176e-1,8.272606850e0,1.101356268e0
train,3872,CCC1(C)C(C)C1C,8.966151237e0,3.043077886e-2,7.187088132e-1,9.582784176e-1,8.996582031e0,1.668581724e0
train,3873,CC1=C(C)C2(C)CC1O2,6.310320377e0,-5.135557652e-1,7.187088132e-1,9.582784176e-1,5.796764374e0,-8.384351730e-1
train,3874,CCCC1COC1[NH-],7.874975204e0,8.463485837e-1,7.187088132e-1,9.582784176e-1,8.721323967e0,1.452920556e0
train,3875,CC(=O)CCCCCO,6.378348827e0,-9.762299657e-1,7.187088132e-1,9.582784176e-1,5.402118683e0,-1.147635102e0
train,3876,OC1C2CC13CC=CC23,6.966114998e0,3.723675907e-1,7.187088132e-1,9.582784176e-1,7.338482380e0,3.694815040e-1
train,3877,OCC1C(O)C2CC12O,8.138925552e0,-3.799816370e-1,7.187088132e-1,9.582784176e-1,7.758944035e0,6.989079118e-1
train,3878,CCOC(C)C(O)C#N,8.057291031e0,-1.488524303e-2,2.156126499e0,2.874835253e0,8.042406082e0,9.209969044e-1
train,3879,CC12CC1CCC2C#N,8.596076965e0,1.262094975e0,2.156126499e0,2.874835253e0,9.858171463e0,2.343626261e0
train,3880,NC(=O)C1=CNC(=O)C1,5.216422558e0,2.760697342e-2,7.187088132e-1,9.582784176e-1,5.244029522e0,-1.271495938e0
train,3881,C#CCN(C=O)CC=O,5.733438969e0,-7.950882912e-1,7.187088132e-1,9.582784176e-1,4.938350677e0,-1.510991573e0
train,3882,CC1C2CNC12C#N,6.574271202e0,-1.022889972e0,7.187088132e-1,9.582784176e-1,5.551381111e0,-1.030689836e0
train,3883,CC(=O)n1cnc(O)c1,4.704848766e0,1.298356056e0,7.187088132e-1,9.582784176e-1,6.003204823e0,-6.766916513e-1
train,3884,C#CC1C(=O)C2OCC12,5.284451008e0,6.796946526e-1,7.187088132e-1,9.582784176e-1,5.964145660e0,-7.072940469e-1
train,3885,CCOC(C)(C#N)CC,8.215117455e0,-9.355956912e-1,7.187088132e-1,9.582784176e-1,7.279521942e0,3.232867420e-1
train,3886,[NH-]C1=CC(N)C(O)CO1,5.382411957e0,1.647744626e-1,7.187088132e-1,9.582784176e-1,5.547186375e0,-1.033976436e0
train,3887,CCOC(C)C1CC1O,8.040965080e0,-3.580300510e-1,7.187088132e-1,9.582784176e-1,7.682935238e0,6.393560171e-1
train,3888,CC(C)C12C=CCC1O2,6.748423576e0,8.714595437e-1,7.187088132e-1,9.582784176e-1,7.619883060e0,5.899553895e-1
train,3889,N#CC1(OC2CC2)CC1,7.589255333e0,-1.728208154e-3,7.187088132e-1,9.582784176e-1,7.587527275e0,5.646050572e-1
train,3890,C#CC(O[CH+][NH-])C(N)=O,6.955230236e0,-9.494103789e-1,7.187088132e-1,9.582784176e-1,6.005819798e0,-6.746428609e-1
train,3891,C#CC#CC1(C)OC1C,5.915755272e0,-5.687724352e-1,7.187088132e-1,9.582784176e-1,5.346982956e0,-1.190833211e0
train,3892,[NH-]C1CC(=O)CCO1,6.114398479e0,6.156136394e-1,7.187088132e-1,9.582784176e-1,6.730011940e0,-1.072474346e-1
train,3893,CCC1CC(C)(C)C1=O,5.864053726e0,-5.236272216e-1,7.187088132e-1,9.582784176e-1,5.340426445e0,-1.195970178e0
train,3894,CC1C2C=CC1(CO)C2,6.571549892e0,-1.498388529e0,7.187088132e-1,9.582784176e-1,5.073161125e0,-1.405369282e0
train,3895,O=C1OC2C1CC1NC12,7.513063908e0,7.788721323e-1,7.187088132e-1,9.582784176e-1,8.291935921e0,1.116500378e0
train,3896,COC1CC1(C)O,8.579750061e0,-1.121716261e0,7.187088132e-1,9.582784176e-1,7.458033562e0,4.631483555e-1
train,3897,CC12C=CC(O1)C([NH-])O2,6.462704182e0,-7.487834096e-1,7.187088132e-1,9.582784176e-1,5.713920593e0,-9.033422470e-1
train,3898,OC1(c2ccn[nH]2)CC1,6.669510841e0,-2.849104702e-1,7.187088132e-1,9.582784176e-1,6.384600163e0,-3.778732121e-1
train,3899,CCC(N)=O,7.600140095e0,-3.953974545e-1,7.187088132e-1,9.582784176e-1,7.204742432e0,2.646979392e-1
train,3900,C#CC1(O)CCC(O)C1,8.136203766e0,-2.660406113e0,2.156126499e0,2.874835253e0,5.475797653e0,-1.089908600e0
train,3901,CC12CC3COC1C2C3,8.089944839e0,6.580612659e-1,7.187088132e-1,9.582784176e-1,8.748005867e0,1.473825455e0
train,3902,N#CC1CC2CCC1C2,9.162073135e0,2.607909441e-1,7.187088132e-1,9.582784176e-1,9.422863960e0,2.002568245e0
train,3903,[H]N=C(C=O)NCC(C)O,4.623214245e0,-3.409628868e-1,7.187088132e-1,9.582784176e-1,4.282251358e0,-2.025037050e0
train,3904,C#CC1(C(C)OC)CN1,7.706264496e0,3.363214135e-1,7.187088132e-1,9.582784176e-1,8.042586327e0,9.211381078e-1
train,3905,CC1O[CH+][NH2+]C1C1CN1,6.895365238e0,-1.001714692e-1,7.187088132e-1,9.582784176e-1,6.795193672e0,-5.617836490e-2
train,3906,ONC1C2OC2C12CN2,6.236849785e0,-1.141622305e0,7.187088132e-1,9.582784176e-1,5.095227242e0,-1.388080716e0
train,3907,COC12CC=CC1OC2,6.840942383e0,1.608546734e0,2.156126499e0,2.874835253e0,8.449489594e0,1.239941716e0
train,3908,O=C1C=CCCCCC1,5.706227779e0,-4.994415864e-2,7.187088132e-1,9.582784176e-1,5.656283855e0,-9.484999180e-1
train,3909,CC12C[NH+]3CC[NH+]1CC32,7.461361885e0,4.802083131e-3,7.187088132e-1,9.582784176e-1,7.466164112e0,4.695185423e-1
train,3910,[H]N=CN1C(=O)C2OCC21,5.763371468e0,1.242252827e0,7.187088132e-1,9.582784176e-1,7.005624294e0,1.086913794e-1
train,3911,OCC(O)C1C2COC21,8.280425072e0,-2.946549654e-1,7.187088132e-1,9.582784176e-1,7.985770226e0,8.766233921e-1
train,3912,CC1OC(C)(C)C1C#N,7.684495449e0,-7.795972228e-1,7.187088132e-1,9.582784176e-1,6.904898167e0,2.977372706e-2
train,3913,CC1(CO)C2C=CC1O2,6.269503117e0,6.369625330e-1,7.187088132e-1,9.582784176e-1,6.906465530e0,3.100173734e-2
train,3914,CCCC(C)(CC)CC,9.907666206e0,7.407001257e-1,7.187088132e-1,9.582784176e-1,1.064836597e1,2.962733746e0
train,3915,OC12C[NH+](C1)C2C1CN1,8.174300194e0,-6.962311864e-1,7.187088132e-1,9.582784176e-1,7.478068829e0,4.788457453e-1
train,3916,CC#CC1COC([NH-])N1,7.102171898e0,5.752927661e-1,7.187088132e-1,9.582784176e-1,7.677464485e0,6.350697279e-1
train,3917,COc1oc(N)cc1C,6.084465981e0,4.758884609e-1,7.187088132e-1,9.582784176e-1,6.560354233e0,-2.401721179e-1
train,3918,CC(=O)C1C=CCCO1,5.779698372e0,8.199406862e-1,7.187088132e-1,9.582784176e-1,6.599638939e0,-2.093930393e-1
train,3919,COC1C2OCCC12O,7.869533062e0,-3.765643835e-1,7.187088132e-1,9.582784176e-1,7.492968559e0,4.905194938e-1
train,3920,CCN=C(C=O)NCC,4.185111046e0,-2.862462997e-1,7.187088132e-1,9.582784176e-1,3.898864746e0,-2.325415611e0
train,3921,COC1OC(=O)C=C1C,6.065417767e0,-5.705649257e-1,7.187088132e-1,9.582784176e-1,5.494853020e0,-1.074978948e0
train,3922,C#CCOC1C2COC21,7.211016655e0,-6.734179854e-1,7.187088132e-1,9.582784176e-1,6.537598610e0,-2.580008507e-1
train,3923,CCC12C3C4C3[NH+]1C42,7.597418785e0,1.324895382e0,7.187088132e-1,9.582784176e-1,8.922313690e0,1.610393405e0
train,3924,N#CC(O)c1ccn[nH]1,6.566107273e0,1.564954996e0,7.187088132e-1,9.582784176e-1,8.131062508e0,9.904580712e-1
train,3925,CCC1NC1C#CC#N,6.089908123e0,-6.495952141e-3,7.187088132e-1,9.582784176e-1,6.083412170e0,-6.138502359e-1
train,3926,c1cncc(C2CO2)c1,6.114398479e0,-6.694821119e-1,7.187088132e-1,9.582784176e-1,5.444916248e0,-1.114103794e0
train,3927,C#CC1C2C3C(C)C2C13,8.157973289e0,-8.349459767e-1,7.187088132e-1,9.582784176e-1,7.323027134e0,3.573725224e-1
train,3928,CC1=C(C)C2(CC2)OC1,6.231407166e0,-1.153523326e-1,7.187088132e-1,9.582784176e-1,6.116055012e0,-5.882749557e-1
train,3929,NC(=O)C[NH+]1CCC1,7.175642490e0,8.603009582e-1,7.187088132e-1,9.582784176e-1,8.035943031e0,9.159331918e-1
train,3930,N#CC1CC12CO[CH+][NH2+]2,6.691279888e0,9.600158930e-1,7.187088132e-1,9.582784176e-1,7.651295662e0,6.145668030e-1
train,3931,N#CCC1(C#N)CCO1,7.646399021e0,-3.599350154e-2,7.187088132e-1,9.582784176e-1,7.610405445e0,5.825298429e-1
train,3932,CC1=CCOCCC1,6.783798695e0,4.566185176e-2,7.187088132e-1,9.582784176e-1,6.829460621e0,-2.933064289e-2
train,3933,O=CC1=CCCOC1=O,4.677637100e0,-2.270322293e-1,7.187088132e-1,9.582784176e-1,4.450604916e0,-1.893134236e0
train,3934,[NH-]C1OC2CC(O)C12O,7.181085110e0,-3.249799311e-1,7.187088132e-1,9.582784176e-1,6.856105328e0,-8.454849012e-3
train,3935,C#CC#CC1C[NH+]1CC,5.570170403e0,1.170687079e0,2.156126499e0,2.874835253e0,6.740857601e0,-9.874999523e-2
train,3936,N#CC(O)C(=O)O[CH+][NH-],6.699442863e0,-2.579340935e0,2.156126499e0,2.874835253e0,4.120101929e0,-2.152079105e0
train,3937,COC12C3C4CC3C1C42,8.688595772e0,1.680840254e-1,7.187088132e-1,9.582784176e-1,8.856679916e0,1.558970213e0
train,3938,CC(C#N)C12C[NH+](C1)C2,7.379727840e0,2.380163193e0,2.156126499e0,2.874835253e0,9.759891510e0,2.266625166e0
train,3939,COCC1(O)CC1OC,8.503558159e0,4.454236627e-1,7.187088132e-1,9.582784176e-1,8.948982239e0,1.631287932e0
train,3940,CC[NH2+]CC(C)C(=O)[O-],4.100755692e0,2.450116158e0,2.156126499e0,2.874835253e0,6.550871849e0,-2.476014495e-1
train,3941,N#CCc1onnc1N,5.099413872e0,4.587114453e-1,7.187088132e-1,9.582784176e-1,5.558125496e0,-1.025405765e0
train,3942,CC#CCCC(O)C#N,7.129383087e0,5.164456367e-1,7.187088132e-1,9.582784176e-1,7.645828724e0,6.102834940e-1
train,3943,C#CCCc1cc[nH]n1,7.162036896e0,-1.562106252e0,7.187088132e-1,9.582784176e-1,5.599930763e0,-9.926518202e-1
train,3944,O=Cc1oc(=O)oc1O,5.238191605e0,4.951555729e0,2.156126499e0,2.874835253e0,1.018974686e1,2.603411436e0
train,3945,O=C1OCC2(CO)CN12,7.845042706e0,9.679309279e-2,7.187088132e-1,9.582784176e-1,7.941835880e0,8.422014117e-1
train,3946,O=C1CC[NH+]2C3CC12C3,5.458603859e0,-1.852031112e0,7.187088132e-1,9.582784176e-1,3.606572628e0,-2.554422855e0
train,3947,[NH-]C1CCC=CCCO1,6.900807381e0,5.514829159e0,2.156126499e0,2.874835253e0,1.241563606e1,4.347367764e0
train,3948,COc1c(N)noc1C,6.506242275e0,6.364797354e-1,7.187088132e-1,9.582784176e-1,7.142722130e0,2.161058187e-1
train,3949,O=C1C=CC2OCC2N1,5.624593258e0,-4.697321653e-1,7.187088132e-1,9.582784176e-1,5.154860973e0,-1.341358423e0
train,3950,CC1N=COC2CCC12,7.472246647e0,1.698937118e-1,7.187088132e-1,9.582784176e-1,7.642140388e0,6.073937416e-1
train,3951,C#CC1(C#N)CC1C#N,6.933460712e0,2.692514956e-1,7.187088132e-1,9.582784176e-1,7.202712059e0,2.631071806e-1
train,3952,CC1C2COC([NH-])OC12,8.095387459e0,-8.162255883e-1,7.187088132e-1,9.582784176e-1,7.279161930e0,3.230046928e-1
train,3953,O=C1NC2CC1(O)C2,7.197411537e0,-8.147014976e-1,7.187088132e-1,9.582784176e-1,6.382709980e0,-3.793541491e-1
train,3954,NC1=NCCOC1C=O,5.017779827e0,2.138251364e-1,7.187088132e-1,9.582784176e-1,5.231605053e0,-1.281230450e0
train,3955,C1C2C3OC4C2C4C13,9.121256828e0,-9.200671315e-1,7.187088132e-1,9.582784176e-1,8.201189995e0,1.045402050e0
train,3956,c1cc2[nH]cnc2o[cH+]1,4.541580200e0,5.040786266e-1,7.187088132e-1,9.582784176e-1,5.045659065e0,-1.426916718e0
train,3957,Cc1cc2n(n1)CC2,7.191968918e0,3.118359745e-1,2.156126499e0,2.874835253e0,7.503804684e0,4.990094602e-1
train,3958,COCC1COC(=O)N1,8.500837326e0,-3.258054554e-1,7.187088132e-1,9.582784176e-1,8.175031662e0,1.024907351e0
train,3959,CC1(C)OC2CC(=O)C21,5.896707535e0,-5.107240081e-1,7.187088132e-1,9.582784176e-1,5.385983467e0,-1.160276890e0
train,3960,CC1C2NC(C#N)[NH2+]C12,5.284451008e0,-2.366311103e-1,7.187088132e-1,9.582784176e-1,5.047820091e0,-1.425223589e0
train,3961,C1CC2NC2C2OC2C1,8.514442444e0,2.501066029e-1,7.187088132e-1,9.582784176e-1,8.764549255e0,1.486786962e0
train,3962,C#CCOCC1CO1,7.858648300e0,-4.783208072e-1,7.187088132e-1,9.582784176e-1,7.380327702e0,4.022668004e-1
train,3963,OC12C[NH+](C1)C2C1CC1,8.389269829e0,1.212980077e-1,7.187088132e-1,9.582784176e-1,8.510567665e0,1.287795544e0
train,3964,C#CC1(O)C2CC1(C)N2,7.728034019e0,3.560227454e-1,7.187088132e-1,9.582784176e-1,8.084056854e0,9.536297321e-1
train,3965,COc1cc[nH]c1C,6.103513718e0,-6.445478797e-1,2.156126499e0,2.874835253e0,5.458965778e0,-1.103096128e0
train,3966,C#CC(O)C12CCC1N2,8.128041267e0,3.386873603e-1,7.187088132e-1,9.582784176e-1,8.466728210e0,1.253447890e0
train,3967,COC1CC1C(C)O,8.832816124e0,-9.869258851e-2,7.187088132e-1,9.582784176e-1,8.734123230e0,1.462948561e0
train,3968,[NH-][CH+]OC1(C(N)=O)CC1,6.979720592e0,-1.427176118e0,7.187088132e-1,9.582784176e-1,5.552544594e0,-1.029778361e0
train,3969,CCC12CC3C1C3(O)C2,8.713085175e0,-8.615469187e-2,7.187088132e-1,9.582784176e-1,8.626930237e0,1.378964186e0
train,3970,Cc1c(N)cn(C)c1C,6.108956337e0,-1.048072577e0,7.187088132e-1,9.582784176e-1,5.060883522e0,-1.414988518e0
train,3971,COCC1CC(=O)C1C,6.027321815e0,1.202443480e0,7.187088132e-1,9.582784176e-1,7.229765415e0,2.843031287e-1
train,3972,[NH-]c1cc[nH+]c(=O)o1,5.434113503e0,-9.487210512e-1,7.187088132e-1,9.582784176e-1,4.485392570e0,-1.865878463e0
train,3973,CC1CCN(C)C(=O)O1,8.011032104e0,-5.378263593e-1,7.187088132e-1,9.582784176e-1,7.473205566e0,4.750354290e-1
train,3974,CC(=O)C1OC2CNC21,6.054533005e0,1.085883752e-1,7.187088132e-1,9.582784176e-1,6.163121223e0,-5.513991714e-1
train,3975,C1C2CC34CCC3(C4)[NH+]12,7.703543663e0,-1.050418973e0,7.187088132e-1,9.582784176e-1,6.653124809e0,-1.674875319e-1
train,3976,C#CC12C(O)C3CC1C32,7.472246647e0,2.526367903e-1,7.187088132e-1,9.582784176e-1,7.724883556e0,6.722219586e-1
train,3977,[H]N=C(NC=O)C(=O)C#C,4.038169384e0,-9.229697585e-1,7.187088132e-1,9.582784176e-1,3.115199566e0,-2.939407587e0
train,3978,CC(=O)NCC(O)C=O,5.458603859e0,-4.884444773e-1,7.187088132e-1,9.582784176e-1,4.970159531e0,-1.486069679e0
train,3979,OCCOC1CC(O)C1,9.034179688e0,-4.271050990e-1,7.187088132e-1,9.582784176e-1,8.607074738e0,1.363407731e0
train,3980,CNC(C#N)=NCC#N,5.537517071e0,-5.715166330e-1,7.187088132e-1,9.582784176e-1,4.966000557e0,-1.489328146e0
train,3981,CCC(CC)C1OC1C,8.947103500e0,2.963609934e0,2.156126499e0,2.874835253e0,1.191071320e1,3.951766968e0
train,3982,Cc1occc1CO,6.383790970e0,3.842076659e-1,7.187088132e-1,9.582784176e-1,6.767998695e0,-7.748528570e-2
train,3983,CC1(O)CC(=O)C1CO,5.953851223e0,-5.885213614e-1,7.187088132e-1,9.582784176e-1,5.365329742e0,-1.176458836e0
train,3984,CCC1(C=O)OC1(C)C,5.885822773e0,4.442130029e-1,7.187088132e-1,9.582784176e-1,6.330035686e0,-4.206238091e-1
train,3985,CCC1CC2CCC=C12,6.713048935e0,-9.526728988e-1,7.187088132e-1,9.582784176e-1,5.760375977e0,-8.669450283e-1
train,3986,O=C1CC(O)CC1NO,4.522532463e0,8.551949859e-1,7.187088132e-1,9.582784176e-1,5.377727509e0,-1.166745305e0
train,3987,[H]N=CNc1nc(O)co1,5.276288033e0,-2.085053325e-1,7.187088132e-1,9.582784176e-1,5.067782879e0,-1.409582973e0
train,3988,O=Cc1c[nH]nc1CO,5.493978977e0,1.612237543e-1,7.187088132e-1,9.582784176e-1,5.655202866e0,-9.493468404e-1
train,3989,CC1C[NH+]2CC2C1O,7.749802589e0,8.064579964e-2,7.187088132e-1,9.582784176e-1,7.830448151e0,7.549304962e-1
train,3990,O=CN1C=NCCC1=O,5.953851223e0,-4.429505020e-2,7.187088132e-1,9.582784176e-1,5.909556389e0,-7.500640750e-1
train,3991,CCC12NC1CNC2=O,6.966114998e0,3.799013793e-1,7.187088132e-1,9.582784176e-1,7.346016407e0,3.753843307e-1
train,3992,CC1C2C3C4[NH+]3C1C24O,7.396054745e0,-9.108874798e-1,7.187088132e-1,9.582784176e-1,6.485167503e0,-2.990799844e-1
train,3993,COC(C(N)=O)C1CO1,7.083124161e0,7.521733046e-1,7.187088132e-1,9.582784176e-1,7.835297585e0,7.587299943e-1
train,3994,Cn1ccc(O)c1[NH-],3.964698792e0,-9.401347041e-1,7.187088132e-1,9.582784176e-1,3.024564028e0,-3.010419369e0
train,3995,CC1CC1N(C=O)C=O,5.831399918e0,1.919913292e-2,7.187088132e-1,9.582784176e-1,5.850599289e0,-7.962561846e-1
train,3996,C1CC2CCC(CC2)O1,8.272260666e0,1.929010153e0,7.187088132e-1,9.582784176e-1,1.020127106e1,2.612440348e0
train,3997,NC=[NH+]C1=CC(=O)O[CH+]1,1.929287314e0,-1.546138048e0,7.187088132e-1,9.582784176e-1,3.831492662e-1,-5.079934597e0
train,3998,C[NH+]1CC12C1C[NH+]3C1C32,8.138925552e0,-3.492249012e0,2.156126499e0,2.874835253e0,4.646676540e0,-1.739514589e0
train,3999,CCn1nccc1CO,6.775634766e0,-1.135601640e0,7.187088132e-1,9.582784176e-1,5.640033245e0,-9.612320662e-1
val,0,CCC1CC=CC1OC,7.036864281e0,1.827235699e0,7.367897034e-1,9.823862314e-1,8.864099503e0,1.564783335e0
val,1,CC1OC(C)(C#N)C1=O,5.921197414e0,-3.550463617e-1,7.367897034e-1,9.823862314e-1,5.566151142e0,-1.019117713e0
val,2,CC12OCC3[CH-]CC1C32,5.409623623e0,2.988869697e-2,7.367897034e-1,9.823862314e-1,5.439512253e0,-1.118337750e0
val,3,OCCC12CCC1O2,8.821931839e0,-5.623931885e-1,7.367897034e-1,9.823862314e-1,8.259538651e0,1.091117501e0
val,4,C1=NC2CC(O1)C1CC21,7.314420223e0,-5.491778255e-1,7.367897034e-1,9.823862314e-1,6.765242577e0,-7.964467257e-2
val,5,OCC1C2C=CCC21,6.677673817e0,-5.517479777e-1,7.367897034e-1,9.823862314e-1,6.125926018e0,-5.805411339e-1
val,6,O=C1CC2C(CO)C12,6.209638119e0,-5.238469243e-1,7.367897034e-1,9.823862314e-1,5.685791016e0,-9.253814220e-1
val,7,CC12C3OC4C3C1(O)C42,8.351174355e0,3.954611063e0,2.210368872e0,2.947158575e0,1.230578518e1,4.261301041e0
val,8,O=C1CC2(CCCC2)O1,7.738917828e0,6.366899610e-1,7.367897034e-1,9.823862314e-1,8.375607491e0,1.182055950e0
val,9,CC1(C)C2C=CC(=O)C21,5.006895065e0,4.369102418e-1,7.367897034e-1,9.823862314e-1,5.443805218e0,-1.114974260e0
val,10,CCC(N)C#N,8.108993530e0,6.013940573e-1,7.367897034e-1,9.823862314e-1,8.710387230e0,1.444351673e0
val,11,NC1=C(C=O)CCC1O,4.949750900e0,-1.250298500e0,7.367897034e-1,9.823862314e-1,3.699452400e0,-2.481652737e0
val,12,OC12CC1N1NC=CC12,6.209638119e0,4.120782912e-1,7.367897034e-1,9.823862314e-1,6.621716499e0,-1.920955479e-1
val,13,CC12OC(C3CC31)C2O,8.636894226e0,8.419358134e-1,7.367897034e-1,9.823862314e-1,9.478830338e0,2.046417236e0
val,14,CC(C#N)OC(C)CO,7.760687351e0,-2.811426520e-1,7.367897034e-1,9.823862314e-1,7.479544640e0,4.800020158e-1
val,15,CC1C=CC(O)C1C#N,7.066796780e0,4.327143133e-1,7.367897034e-1,9.823862314e-1,7.499511242e0,4.956456125e-1
val,16,CNC1=CC(NO)CC1,5.134788513e0,-2.477709651e-1,7.367897034e-1,9.823862314e-1,4.887017727e0,-1.551210284e0
val,17,CC(C)C(=O)CCC=O,6.174263477e0,-1.871460080e-1,7.367897034e-1,9.823862314e-1,5.987117290e0,-6.892960668e-1
val,18,C1=CC23COC2C1CO3,6.576991558e0,5.799645782e-1,7.367897034e-1,9.823862314e-1,7.156956196e0,2.272580266e-1
val,19,CC1COC(C)O1,9.314456940e0,-7.342445850e-1,7.367897034e-1,9.823862314e-1,8.580212593e0,1.342361569e0
val,20,COCCC(C)(C)C#N,8.307636261e0,-3.243479729e-1,7.367897034e-1,9.823862314e-1,7.983288288e0,8.746788502e-1
val,21,O=CN1CCCCCC1,7.270882130e0,-3.593074903e-2,7.367897034e-1,9.823862314e-1,7.234951496e0,2.883663774e-1
val,22,CC1(CO)CC2NC2C1,8.304915428e0,-8.957368731e-1,7.367897034e-1,9.823862314e-1,7.409178734e0,4.248712063e-1
val,23,CC12CC1(C=O)O[CH+][NH2+]2,5.902149677e0,6.725357175e-1,7.367897034e-1,9.823862314e-1,6.574685574e0,-2.289436907e-1
val,24,COC1CCC(=O)O1,7.567486763e0,-2.830152512e-1,7.367897034e-1,9.823862314e-1,7.284471512e0,3.271646798e-1
val,25,C#CC1C2C(=O)C(C)C12,6.027321815e0,1.523753881e0,2.210368872e0,2.947158575e0,7.551075935e0,5.360459089e-1
val,26,CC#CC1=CCCC1O,5.613708973e0,-2.110952288e-1,7.367897034e-1,9.823862314e-1,5.402613640e0,-1.147247314e0
val,27,CC1C2CC=CC12CO,6.680395126e0,1.782939434e-1,7.367897034e-1,9.823862314e-1,6.858689308e0,-6.430333015e-3
val,28,CC1OCC12C=CCC2,6.976998806e0,-2.905324660e-2,7.367897034e-1,9.823862314e-1,6.947945595e0,6.350084394e-2
val,29,CC1OC2CCCC12,8.781113625e0,-3.429908678e-2,7.367897034e-1,9.823862314e-1,8.746814728e0,1.472892165e0
val,30,O=C1CC=CC2NC2C1,6.079023361e0,-5.383551121e-1,7.367897034e-1,9.823862314e-1,5.540668488e0,-1.039083123e0
val,31,CCC1CC=CC1(C)C,7.194690704e0,6.798321605e-1,7.367897034e-1,9.823862314e-1,7.874522686e0,7.894623280e-1
val,32,CC1(C)CC(=O)C=C1N,5.594660759e0,-8.531994224e-1,2.210368872e0,2.947158575e0,4.741461277e0,-1.665251851e0
val,33,CCc1nonc1CO,6.770192623e0,1.514922678e-1,7.367897034e-1,9.823862314e-1,6.921684742e0,4.292579740e-2
val,34,CC1(C#N)COCO1,8.103550911e0,-3.036355674e-1,7.367897034e-1,9.823862314e-1,7.799915314e0,7.310084105e-1
val,35,O=C1OC2C[NH+]3CC2C13,6.557943821e0,-4.930184409e-2,7.367897034e-1,9.823862314e-1,6.508642197e0,-2.806878388e-1
val,36,CCC1=C(CC)CCC1,6.797404289e0,-1.275537729e0,7.367897034e-1,9.823862314e-1,5.521866798e0,-1.053813934e0
val,37,CC(C#N)C(=O)CO,6.329368591e0,-2.286470532e-1,7.367897034e-1,9.823862314e-1,6.100721359e0,-6.002886891e-1
val,38,OC1C2CC3COC1C32,8.489952087e0,-3.509142697e-1,7.367897034e-1,9.823862314e-1,8.139038086e0,9.967068434e-1
val,39,C1C2C3C1C1C2C2C3[NH+]12,8.473625183e0,-2.304924726e0,2.210368872e0,2.947158575e0,6.168700218e0,-5.470281243e-1
val,40,CC#CC1CC=CC1,7.205575466e0,3.711462915e-1,7.367897034e-1,9.823862314e-1,7.576721668e0,5.561389923e-1
val,41,CC1C=CC(OC=O)C1,7.047749043e0,-7.013475299e-1,7.367897034e-1,9.823862314e-1,6.346401691e0,-4.078012407e-1
val,42,CC1CC=CC1OC=O,7.004210949e0,-4.705039412e-2,7.367897034e-1,9.823862314e-1,6.957160473e0,7.072059065e-2
val,43,N#CC12CCC(O)C1N2,7.357958317e0,1.012382627e0,7.367897034e-1,9.823862314e-1,8.370341301e0,1.177929997e0
val,44,c1cnc2c(n1)COC2,5.216422558e0,7.310436368e-1,7.367897034e-1,9.823862314e-1,5.947466373e0,-7.203620672e-1
val,45,CC1C2C3OC([NH-])[NH+]1C32,7.240949631e0,-1.958161592e-1,7.367897034e-1,9.823862314e-1,7.045133591e0,1.396464258e-1
val,46,COC1(C)CC=CC1O,7.175642490e0,-7.532678246e-1,7.367897034e-1,9.823862314e-1,6.422374725e0,-3.482773304e-1
val,47,Cc1cc(C2CN2)n[nH]1,6.337531567e0,-5.730677024e-2,7.367897034e-1,9.823862314e-1,6.280224800e0,-4.596500099e-1
val,48,C1=CC23CC2(C1)[NH+]1CC13,5.793303967e0,5.930875540e-1,7.367897034e-1,9.823862314e-1,6.386391640e0,-3.764696121e-1
val,49,C#CCCC1OCCO1,8.544375420e0,2.734697104e0,2.210368872e0,2.947158575e0,1.127907276e1,3.456884623e0
val,50,CC12CC1C(=O)C(=O)O2,4.742944717e0,-5.518528819e-1,7.367897034e-1,9.823862314e-1,4.191092014e0,-2.096459389e0
val,51,CC1C(NO)C2(C)OC12,6.775634766e0,-7.157403231e-2,7.367897034e-1,9.823862314e-1,6.704060555e0,-1.275800169e-1
val,52,Nc1ncc(N)c(=O)o1,4.372869492e0,-2.204283699e-2,7.367897034e-1,9.823862314e-1,4.350826740e0,-1.971309185e0
val,53,CC12C(=O)C(O)C1C2O,5.804188728e0,-8.855815530e-1,7.367897034e-1,9.823862314e-1,4.918607235e0,-1.526460290e0
val,54,CCc1c[nH]c(=O)n1C,6.152494431e0,-3.777045608e-1,7.367897034e-1,9.823862314e-1,5.774789810e0,-8.556519747e-1
val,55,N#CCOCC(=O)C#N,5.782419682e0,-1.248070449e-1,7.367897034e-1,9.823862314e-1,5.657612801e0,-9.474586844e-1
val,56,CCC#CCCC,8.130762100e0,-2.570778728e-1,7.367897034e-1,9.823862314e-1,7.873684406e0,7.888055444e-1
val,57,CCC1(O)CC2OC21,8.555259705e0,-7.727940679e-1,7.367897034e-1,9.823862314e-1,7.782465458e0,7.173366547e-1
val,58,CC#CC#CC(C)C#N,6.065417767e0,-4.228032753e-2,7.367897034e-1,9.823862314e-1,6.023137569e0,-6.610746384e-1
val,59,CC(C=O)C12CCC1O2,5.913033962e0,3.213934302e-1,7.367897034e-1,9.823862314e-1,6.234427452e0,-4.955316484e-1
val,60,O=CC12C(=O)CC1C2O,5.717112064e0,-3.513365686e-1,7.367897034e-1,9.823862314e-1,5.365775585e0,-1.176109433e0
val,61,COC1C2[NH2+][CH+]OC21,6.887201786e0,3.625664413e-1,7.367897034e-1,9.823862314e-1,7.249768257e0,2.999750972e-1
val,62,Cn1cc2c(n1)CCN2,5.687179565e0,-1.720231175e0,7.367897034e-1,9.823862314e-1,3.966948509e0,-2.272072792e0
val,63,CC12COC(CC1O)O2,8.536211014e0,9.095054865e-1,7.367897034e-1,9.823862314e-1,9.445716858e0,2.020473242e0
val,64,C#CCOCCOCC,7.423265934e0,1.591114163e0,7.367897034e-1,9.823862314e-1,9.014380455e0,1.682526588e0
val,65,CNC1=NC([NH-])=CNO1,4.892607212e0,1.325868368e0,7.367897034e-1,9.823862314e-1,6.218475342e0,-5.080299377e-1
val,66,CC1OCc2[nH]cnc21,6.517127037e0,7.837243676e-1,7.367897034e-1,9.823862314e-1,7.300851345e0,3.399980664e-1
val,67,CC12NC(C3NC31)C2O,7.673610687e0,-1.404842138e0,7.367897034e-1,9.823862314e-1,6.268768311e0,-4.686260223e-1
val,68,O=C1OC23COC(C2)C13,6.805567265e0,-4.919089377e-1,7.367897034e-1,9.823862314e-1,6.313658237e0,-4.334553182e-1
val,69,O=C1NC2CC2CO1,7.888580799e0,4.267223358e0,2.210368872e0,2.947158575e0,1.215580368e1,4.143792152e0
val,70,CCOC1CCC2OC12,8.960708618e0,-6.366635114e-2,7.367897034e-1,9.823862314e-1,8.897042274e0,1.590593576e0
val,71,CCC1OC(C)OC1[NH-],7.907628536e0,4.172532558e-1,7.367897034e-1,9.823862314e-1,8.324881554e0,1.142312884e0
val,72,O=C1C[NH+]2CC3NC3C12,5.684458733e0,7.194817662e-1,7.367897034e-1,9.823862314e-1,6.403940678e0,-3.627201617e-1
val,73,CC(O)C(N)(C#N)C#N,7.461361885e0,-1.183132648e0,7.367897034e-1,9.823862314e-1,6.278229237e0,-4.612134993e-1
val,74,C#CC1C=CC(C)C1=O,5.858611107e0,-7.304905057e-1,7.367897034e-1,9.823862314e-1,5.128120422e0,-1.362309337e0
val,75,CC12CC(C#N)C1O2,8.040965080e0,-3.173408806e-1,7.367897034e-1,9.823862314e-1,7.723624229e0,6.712353230e-1
val,76,C1C2C3C1C1(CO1)C23,9.374322891e0,7.810164094e-1,7.367897034e-1,9.823862314e-1,1.015533924e1,2.576453447e0
val,77,CCCCC(C=O)OC,5.801467419e0,-9.541918039e-1,7.367897034e-1,9.823862314e-1,4.847275734e0,-1.582347631e0
val,78,C#CC1NC(CO)C1=O,5.624593258e0,2.688518465e-1,7.367897034e-1,9.823862314e-1,5.893445015e0,-7.626870871e-1
val,79,N#CC12CCCC1OC2,7.825994968e0,1.101705283e-1,7.367897034e-1,9.823862314e-1,7.936165333e0,8.377586007e-1
val,80,COCC(O)C(=O)C=O,4.378312111e0,2.317509502e-1,7.367897034e-1,9.823862314e-1,4.610063076e0,-1.768200755e0
val,81,CC1C=CC2C(C)C12O,6.555222511e0,-4.610453248e-1,7.367897034e-1,9.823862314e-1,6.094177246e0,-6.054159403e-1
val,82,COCC1C(C)C2OC12,9.006968498e0,-2.275386602e-1,7.367897034e-1,9.823862314e-1,8.779429436e0,1.498445392e0
val,83,C#CC1CC2(COC2)C1,7.929397583e0,4.975795746e-1,7.367897034e-1,9.823862314e-1,8.426977158e0,1.222303510e0
val,84,OC1C=CCCCCC1,6.919855118e0,6.263179183e-1,7.367897034e-1,9.823862314e-1,7.546173096e0,5.322045684e-1
val,85,C#CC1C=C(C)CC1C,6.982441425e0,4.910996258e-1,7.367897034e-1,9.823862314e-1,7.473541260e0,4.752984345e-1
val,86,C1C2CC34COC3(C4)C12,7.396054745e0,9.988940954e-1,7.367897034e-1,9.823862314e-1,8.394948959e0,1.197209835e0
val,87,C#CC1=CC(CC)CC1,5.668131351e0,-4.196553230e-1,2.210368872e0,2.947158575e0,5.248476028e0,-1.268012166e0
val,88,CC12C(=O)C3C4C(C31)[NH+]42,5.727996826e0,1.095148802e0,7.367897034e-1,9.823862314e-1,6.823145866e0,-3.427817300e-2
val,89,OCCCC1CC2OC12,8.979757309e0,1.917152256e-1,2.210368872e0,2.947158575e0,9.171472549e0,1.805606246e0
val,90,CC12CC3C1COCC32,8.922613144e0,-9.307992458e-1,7.367897034e-1,9.823862314e-1,7.991813660e0,8.813583851e-1
val,91,CCOC1C(O)C2OC12,8.525327682e0,-8.497080952e-2,7.367897034e-1,9.823862314e-1,8.440357208e0,1.232786536e0
val,92,[CH+]1[NH2+]C2C3NC2C3O1,6.857269287e0,1.342420697e0,7.367897034e-1,9.823862314e-1,8.199689865e0,1.044226766e0
val,93,O=CC1=CCC2CC12,5.213701248e0,2.259149402e-1,7.367897034e-1,9.823862314e-1,5.439616203e0,-1.118256330e0
val,94,C#CCn1nn[nH]c1=O,6.182426929e0,4.455844462e-1,7.367897034e-1,9.823862314e-1,6.628011227e0,-1.871637106e-1
val,95,CCC(C)c1cnon1,6.963393688e0,-1.025138646e-1,7.367897034e-1,9.823862314e-1,6.860879898e0,-4.714033566e-3
val,96,CC1C2N=CNC=NC12,5.532074928e0,-1.149231315e0,7.367897034e-1,9.823862314e-1,4.382843494e0,-1.946224451e0
val,97,CCC(=O)C1C=CCC1,5.834120750e0,-3.861534875e-3,7.367897034e-1,9.823862314e-1,5.830259323e0,-8.121923208e-1
val,98,CC1C=CC(O)C2CC12,7.110334873e0,-1.151997447e0,7.367897034e-1,9.823862314e-1,5.958337307e0,-7.118448019e-1
val,99,CC(C)C#CC(C)(C)C,8.234165192e0,-8.231442422e-2,7.367897034e-1,9.823862314e-1,8.151850700e0,1.006745338e0
val,100,C1=CC2(CC1)C[NH+]1CC12,6.699442863e0,1.133611798e0,7.367897034e-1,9.823862314e-1,7.833054543e0,7.569726110e-1
val,101,CC1CC2NC(=O)OC12,8.359337807e0,6.293592453e-1,7.367897034e-1,9.823862314e-1,8.988697052e0,1.662403941e0
val,102,OC1N=Nc2[nH+]nnn21,4.966077805e0,-3.693483174e-1,7.367897034e-1,9.823862314e-1,4.596729279e0,-1.778647542e0
val,103,CC1C(=O)C=CC1O,5.142951965e0,-3.740275502e-1,7.367897034e-1,9.823862314e-1,4.768924236e0,-1.643735051e0
val,104,CC12C(O)C3C(O)C1[NH+]32,8.190627098e0,7.909315825e-1,2.210368872e0,2.947158575e0,8.981558800e0,1.656811237e0
val,105,CC1=CC2CC(=O)N2C1,6.808288574e0,-3.802065849e-1,7.367897034e-1,9.823862314e-1,6.428081989e0,-3.438057601e-1
val,106,CC1C2CC(=O)OC12,7.616467476e0,3.248089254e-1,7.367897034e-1,9.823862314e-1,7.941276550e0,8.417631388e-1
val,107,CC1CC=C(C=O)C1=O,4.397359848e0,-2.840637043e-2,7.367897034e-1,9.823862314e-1,4.368953705e0,-1.957106948e0
val,108,N#Cc1nonc1CO,6.040927887e0,-2.510295808e-1,7.367897034e-1,9.823862314e-1,5.789898396e0,-8.438146114e-1
val,109,CC1=CC(=O)C2(C)CN12,5.197374821e0,-7.781945467e-1,7.367897034e-1,9.823862314e-1,4.419180393e0,-1.917754889e0
val,110,CC1=CCC(C)(CO)C1,7.072239399e0,-6.143705249e-1,7.367897034e-1,9.823862314e-1,6.457869053e0,-3.204679787e-1
val,111,CC(CO)C(C)CC=O,6.220522881e0,8.592595458e-1,7.367897034e-1,9.823862314e-1,7.079782486e0,1.667933911e-1
val,112,CC1=CCc2cn[nH]c21,5.295335770e0,1.980814636e-1,7.367897034e-1,9.823862314e-1,5.493417263e0,-1.076103806e0
val,113,CC12CC(O)(C=O)C1O2,5.815073013e0,3.458510935e-1,7.367897034e-1,9.823862314e-1,6.160923958e0,-5.531207323e-1
val,114,OCC[NH2+]C1COCO1,7.020537376e0,6.480366588e-1,7.367897034e-1,9.823862314e-1,7.668573856e0,6.281040311e-1
val,115,FC(F)(F)C12CCC1O2,9.189285278e0,-9.736208320e-1,7.367897034e-1,9.823862314e-1,8.215664864e0,1.056742907e0
val,116,OC1CCC12COC2,8.258655548e0,-8.888492584e-1,7.367897034e-1,9.823862314e-1,7.369806290e0,3.940233886e-1
val,117,CC(O)CC1C=CCC1,7.129383087e0,1.049996734e0,7.367897034e-1,9.823862314e-1,8.179379463e0,1.028313756e0
val,118,C1CC2C3C(O1)C1C2C31,9.064112663e0,2.207517624e0,2.210368872e0,2.947158575e0,1.127163029e1,3.451053381e0
val,119,C[CH+]1NOC(=O)OC1[NH-],5.869495869e0,-1.497704983e0,7.367897034e-1,9.823862314e-1,4.371790886e0,-1.954884052e0
val,120,Cn1ccc(=O)[nH]c1=O,5.540238380e0,8.001767993e-1,7.367897034e-1,9.823862314e-1,6.340415001e0,-4.124917388e-1
val,121,CCC1(C)CCC2OC21,9.113092422e0,-2.592559159e-1,7.367897034e-1,9.823862314e-1,8.853836060e0,1.556742072e0
val,122,COC1(C)C=CC(=O)C1,5.151115417e0,2.066641487e-2,7.367897034e-1,9.823862314e-1,5.171782017e0,-1.328101039e0
val,123,CCC1C=CC(C)O1,6.734817982e0,2.126870453e-1,7.367897034e-1,9.823862314e-1,6.947504997e0,6.315564364e-2
val,124,O=CC1(O)C=CCC1,5.717112064e0,-5.444438457e-1,7.367897034e-1,9.823862314e-1,5.172668457e0,-1.327406526e0
val,125,CC12CC3CC(CO1)C32,8.555259705e0,8.534449339e-1,7.367897034e-1,9.823862314e-1,9.408704758e0,1.991474748e0
val,126,N#CCN=C(N)C#N,6.100792408e0,-2.101738453e-1,7.367897034e-1,9.823862314e-1,5.890618324e0,-7.649017572e-1
val,127,CC1(C#N)COC(=O)C1,7.542996407e0,-3.201429248e-1,7.367897034e-1,9.823862314e-1,7.222853661e0,2.788878679e-1
val,128,CC1=CC2(C)CC2(C)C1,6.585155487e0,-7.854516506e-1,7.367897034e-1,9.823862314e-1,5.799703598e0,-8.361323476e-1
val,129,CC(C)(C)C12CCC1O2,8.783835411e0,-3.731119260e-2,7.367897034e-1,9.823862314e-1,8.746523857e0,1.472664356e0
val,130,O=C1C=CC2CC12CO,5.121182919e0,-3.653671741e0,2.210368872e0,2.947158575e0,1.467511177e0,-4.230350494e0
val,131,C1Cc2[nH]nnc2CO1,6.628693581e0,-7.459062934e-1,7.367897034e-1,9.823862314e-1,5.882787228e0,-7.710373402e-1
val,132,CC1=Nc2[nH+]cnn2[CH+]1,5.782419682e0,1.273055315e0,7.367897034e-1,9.823862314e-1,7.055475235e0,1.477489620e-1
val,133,CCC1C2C=CC(O)C21,6.405560493e0,8.284544349e-1,7.367897034e-1,9.823862314e-1,7.234014988e0,2.876326144e-1
val,134,CC1CC(=O)C(=O)O1,4.696685314e0,4.888208508e-1,7.367897034e-1,9.823862314e-1,5.185506344e0,-1.317348123e0
val,135,OCC1C(O)CC2OC21,9.004247665e0,-4.010801911e-1,7.367897034e-1,9.823862314e-1,8.603167534e0,1.360346437e0
val,136,O=CC(O)C1CC2OC21,5.967456818e0,-8.096215725e-1,7.367897034e-1,9.823862314e-1,5.157835007e0,-1.339028358e0
val,137,N#CC(N)C1C=CCC1,6.756587029e0,-2.625592709e0,2.210368872e0,2.947158575e0,4.130994320e0,-2.143545151e0
val,138,CC1C(C=O)C2OC12,5.825957775e0,2.285403728e0,2.210368872e0,2.947158575e0,8.111361504e0,9.750226140e-1
val,139,C#CC(C)CC#CC=O,5.575613022e0,5.582124591e-1,7.367897034e-1,9.823862314e-1,6.133825302e0,-5.743521452e-1
val,140,COC(=O)C1OCC1=O,6.049090862e0,5.668218136e-1,7.367897034e-1,9.823862314e-1,6.615912437e0,-1.966429651e-1
val,141,CC1=CC(O)C(=O)C1,6.024600506e0,3.691044152e-1,7.367897034e-1,9.823862314e-1,6.393704891e0,-3.707397878e-1
val,142,CCC1C(OC)C2OC12,8.615124702e0,7.987481952e-1,7.367897034e-1,9.823862314e-1,9.413872719e0,1.995523810e0
val,143,COCCC(C)=NO,6.938903332e0,-5.114902258e-1,7.367897034e-1,9.823862314e-1,6.427412987e0,-3.443299234e-1
val,144,CCc1[nH]c(=O)[nH]c1O,6.234128475e0,-6.487137079e-1,7.367897034e-1,9.823862314e-1,5.585414886e0,-1.004024863e0
val,145,CC1=CC2(O)CC2(C)C1,6.574271202e0,2.866272330e-1,7.367897034e-1,9.823862314e-1,6.860898495e0,-4.699463025e-3
val,146,OCC1C2CC3C(C2)C13,9.153910637e0,-3.476204872e-1,2.210368872e0,2.947158575e0,8.806289673e0,1.519490123e0
val,147,CCC12CCCC1(C)O2,9.006968498e0,-1.521021128e-1,7.367897034e-1,9.823862314e-1,8.854866028e0,1.557549000e0
val,148,CC1=CCC(C)C1(C)C,7.069517612e0,-3.024987280e-1,7.367897034e-1,9.823862314e-1,6.767018795e0,-7.825303078e-2
val,149,CCC1CC=C(C)C1O,7.066796780e0,-1.354618549e0,7.367897034e-1,9.823862314e-1,5.712178230e0,-9.047073722e-1
val,150,CCOC12CC1C1NC12,7.790619850e0,-1.050134897e-1,7.367897034e-1,9.823862314e-1,7.685606480e0,6.414488554e-1
val,151,O=CC1(C=O)OCCO1,5.102134705e0,-2.805536747e0,2.210368872e0,2.947158575e0,2.296597958e0,-3.580771685e0
val,152,COCC12CC1C(=O)O2,7.499457359e0,-5.249381438e-2,7.367897034e-1,9.823862314e-1,7.446963310e0,4.544749558e-1
val,153,O=C1CC2CC1C2O,6.119840622e0,2.638856471e-1,7.367897034e-1,9.823862314e-1,6.383726120e0,-3.785580099e-1
val,154,CC(O)C(O)C(=O)C#N,4.835463047e0,1.036518514e-1,7.367897034e-1,9.823862314e-1,4.939115047e0,-1.510392666e0
val,155,OCC1C=CC2C(O)C12,6.182426929e0,-2.358116806e-1,7.367897034e-1,9.823862314e-1,5.946615219e0,-7.210289240e-1
val,156,CC(C)C12CC(O)C1O2,8.813768387e0,8.555883765e-1,7.367897034e-1,9.823862314e-1,9.669356346e0,2.195692062e0
val,157,C#CCC1CCC=C1C,6.955230236e0,-5.428617001e-1,2.210368872e0,2.947158575e0,6.412368774e0,-3.561168611e-1
val,158,CC1(CO)C2C=CCC21,6.650462627e0,1.248624206e0,7.367897034e-1,9.823862314e-1,7.899086952e0,8.087081313e-1
val,159,C1C2OC3C(O2)C2C1C32,9.015131950e0,-5.594518185e-1,7.367897034e-1,9.823862314e-1,8.455679893e0,1.244791746e0
val,160,CC1(CCO)C=CCC1,7.145709991e0,-1.951518178e0,7.367897034e-1,9.823862314e-1,5.194191933e0,-1.310543060e0
val,161,O=C1CCNC1=O,4.693964005e0,-2.092419863e-1,7.367897034e-1,9.823862314e-1,4.484722137e0,-1.866403818e0
val,162,CC12CC1C=CNC2=O,5.736160278e0,1.016521305e-1,7.367897034e-1,9.823862314e-1,5.837812424e0,-8.062745333e-1
val,163,C1CC2C(O1)C1CC[NH+]21,7.763408184e0,-9.457121491e-1,7.367897034e-1,9.823862314e-1,6.817696095e0,-3.854800016e-2
val,164,Cc1coc(N2CC2)n1,6.293993473e0,2.000420541e-2,7.367897034e-1,9.823862314e-1,6.313997746e0,-4.331893325e-1
val,165,OCC1OC2COC12,8.193347931e0,4.897734225e-1,7.367897034e-1,9.823862314e-1,8.683121681e0,1.422989488e0
val,166,CC#CCC(O)CC,7.994705200e0,-1.225643158e0,7.367897034e-1,9.823862314e-1,6.769062042e0,-7.665216923e-2
val,167,CC12OC1CC2(N)C#N,7.379727840e0,-1.829649448e0,2.210368872e0,2.947158575e0,5.550078392e0,-1.031710505e0
val,168,CC1=CC(C)OC1,6.786519527e0,3.450727090e-2,7.367897034e-1,9.823862314e-1,6.821026802e0,-3.593843430e-2
val,169,N#CC1OCC([NH-])O1,7.777014256e0,-1.631182194e0,7.367897034e-1,9.823862314e-1,6.145832062e0,-5.649450421e-1
val,170,CC#CCCNC(C)=O,7.347074509e0,-1.020140886e0,7.367897034e-1,9.823862314e-1,6.326933861e0,-4.230540395e-1
val,171,C#CC[NH+]1C2C=CCC21,6.332089424e0,-8.320251852e-2,2.210368872e0,2.947158575e0,6.248887062e0,-4.842027426e-1
val,172,CC1C=CCC1NC=O,7.074960232e0,1.337134600e0,7.367897034e-1,9.823862314e-1,8.412095070e0,1.210643530e0
val,173,CC1C2(O)C=CCC12C,6.620530128e0,-6.753960252e-1,7.367897034e-1,9.823862314e-1,5.945134163e0,-7.221893072e-1
val,174,C#CC(C)(C)C#CC,7.787898064e0,2.483775914e-1,7.367897034e-1,9.823862314e-1,8.036275864e0,9.161939621e-1
val,175,[CH-]1C2CC3C2C2OC1C32,4.672194958e0,4.154833257e-1,7.367897034e-1,9.823862314e-1,5.087678432e0,-1.393995047e0
val,176,CC1=CCCC1C(N)=O,6.751144886e0,-5.731506348e-1,7.367897034e-1,9.823862314e-1,6.177994251e0,-5.397463441e-1
val,177,CCC1CC2OC12CC,9.047785759e0,9.924970865e-1,7.367897034e-1,9.823862314e-1,1.004028320e1,2.486308575e0
val,178,C#CC#Cc1cnon1,4.974241257e0,9.481352568e-1,7.367897034e-1,9.823862314e-1,5.922376633e0,-7.400195599e-1
val,179,N#CC1C2C=CC[NH+]1C2,6.152494431e0,-9.388352931e-2,2.210368872e0,2.947158575e0,6.058610916e0,-6.332817078e-1
val,180,O=CNC1CCC2OC12,7.591977119e0,1.852381349e0,7.367897034e-1,9.823862314e-1,9.444358826e0,2.019409180e0
val,181,[NH-]C1NC2C3OC1C23O,6.185148239e0,-1.762839854e-1,7.367897034e-1,9.823862314e-1,6.008864403e0,-6.722574830e-1
val,182,O=C1NC2CCCOC12,6.922576904e0,-5.192202330e-1,7.367897034e-1,9.823862314e-1,6.403356552e0,-3.631778359e-1
val,183,C1=CC2OC1C1COC21,6.775634766e0,1.798935890e0,2.210368872e0,2.947158575e0,8.574570656e0,1.337941170e0
val,184,CCC1CCCC2OC12,9.251871109e0,2.294136733e-1,2.210368872e0,2.947158575e0,9.481285095e0,2.048340559e0
val,185,CC12CC(=O)C(C)(C1)C2,6.198753357e0,1.107056141e0,7.367897034e-1,9.823862314e-1,7.305809498e0,3.438827097e-1
val,186,c1nc2n(n1)C1CC2C1,6.811009407e0,-5.844503045e-1,7.367897034e-1,9.823862314e-1,6.226559162e0,-5.016963482e-1
val,187,COC1C=CC2(O)CC12,6.476309776e0,4.321919680e-1,7.367897034e-1,9.823862314e-1,6.908501625e0,3.259699047e-2
val,188,C#CC1CC=CC1,7.216459274e0,4.801613808e0,2.210368872e0,2.947158575e0,1.201807308e1,4.035881996e0
val,189,CC#CC1(O)CC2OC21,7.491294384e0,-2.872276306e-1,7.367897034e-1,9.823862314e-1,7.204066753e0,2.641685605e-1
val,190,COC(=O)C1CC=CC1,7.006931782e0,-7.827714831e-2,7.367897034e-1,9.823862314e-1,6.928654671e0,4.838664830e-2
val,191,C#CC1=C(C)CC2CC12,5.404181004e0,5.365984440e-1,7.367897034e-1,9.823862314e-1,5.940779686e0,-7.256009579e-1
val,192,CC12C[NH+]3CC(CC31)O2,8.070897102e0,2.645002902e-1,7.367897034e-1,9.823862314e-1,8.335397720e0,1.150552154e0
val,193,Oc1ncoc1N1CC1,5.692621708e0,-1.115695834e0,7.367897034e-1,9.823862314e-1,4.576925755e0,-1.794163346e0
val,194,C1CC([NH2+]C2COC2)O1,6.846384525e0,8.021578938e-2,7.367897034e-1,9.823862314e-1,6.926600456e0,4.677719995e-2
val,195,C#CC1=CC2CC2(C)C1,5.401460171e0,9.761767387e-1,7.367897034e-1,9.823862314e-1,6.377636909e0,-3.833288550e-1
val,196,COC1CC([NH-])OC1=O,6.574271202e0,2.064082146e0,7.367897034e-1,9.823862314e-1,8.638353348e0,1.387914062e0
val,197,Nc1n[nH]c(N2CC2)n1,6.313041210e0,-9.539263844e-1,7.367897034e-1,9.823862314e-1,5.359114647e0,-1.181328177e0
val,198,C1=CC2C3COC1C[NH+]23,5.804188728e0,7.000377774e-1,7.367897034e-1,9.823862314e-1,6.504226685e0,-2.841473520e-1
val,199,CC1(O)C=CCC1(C)C,7.006931782e0,1.029634953e0,7.367897034e-1,9.823862314e-1,8.036566734e0,9.164218307e-1
val,200,C#CC1=CCC(C)C1O,5.703506470e0,-1.922870129e-1,7.367897034e-1,9.823862314e-1,5.511219501e0,-1.062155962e0
val,201,O=CCC12COC1CO2,5.978341103e0,8.031199574e-1,7.367897034e-1,9.823862314e-1,6.781461239e0,-6.693755835e-2
val,202,CC(C)C(C)C(O)C=O,6.302156925e0,9.336470366e-1,7.367897034e-1,9.823862314e-1,7.235804081e0,2.890343666e-1
val,203,C#CCC1CCC2OC12,8.492672920e0,-4.640042186e-1,7.367897034e-1,9.823862314e-1,8.028668404e0,9.102335572e-1
val,204,CC(O)C1=CCOC1,6.549780846e0,9.996471554e-2,7.367897034e-1,9.823862314e-1,6.649745464e0,-1.701352149e-1
val,205,C1=CC2NC3[NH2+]CC1C23,6.128004074e0,7.431991696e-1,7.367897034e-1,9.823862314e-1,6.871203423e0,3.374318359e-3
val,206,O=CN1C2CC3C(C2)C31,7.189248085e0,-1.040038824e0,7.367897034e-1,9.823862314e-1,6.149209023e0,-5.622991920e-1
val,207,O=C1CC2C(CCO)C12,6.239571095e0,-2.099932432e-1,7.367897034e-1,9.823862314e-1,6.029577732e0,-6.560288072e-1
val,208,CCOC1C2[NH2+][CH+]OC21,6.865432262e0,-5.999858975e-1,7.367897034e-1,9.823862314e-1,6.265446186e0,-4.712288678e-1
val,209,C#CC12CC=CCC1C2,7.036864281e0,6.338216662e-1,7.367897034e-1,9.823862314e-1,7.670685768e0,6.297587156e-1
val,210,CC12CC(CO1)C2=O,5.643641472e0,-3.624668419e-1,7.367897034e-1,9.823862314e-1,5.281174660e0,-1.242393255e0
val,211,[H]N=CNC(=O)CCC=O,6.201474667e0,-4.718399644e-1,7.367897034e-1,9.823862314e-1,5.729634762e0,-8.910303712e-1
val,212,N#CC1CC=CC1CO,7.186526775e0,-2.138609886e0,2.210368872e0,2.947158575e0,5.047916889e0,-1.425147772e0
val,213,CC(C)C1=CCCC1=O,5.306220055e0,-7.909001410e-2,7.367897034e-1,9.823862314e-1,5.227129936e0,-1.284736633e0
val,214,CC1C2OC2C1(C)CO,8.631451607e0,-1.774161905e-1,7.367897034e-1,9.823862314e-1,8.454035759e0,1.243503571e0
val,215,CC1CC2OC(=O)NC12,8.519885063e0,-6.020961404e-1,7.367897034e-1,9.823862314e-1,7.917788982e0,8.233609796e-1
val,216,O=C([O-])C1C[NH+]2CCC12,4.824578762e0,7.212600112e-1,7.367897034e-1,9.823862314e-1,5.545838833e0,-1.035032153e0
val,217,O=C1CC23CC(C2)C3N1,7.374285698e0,1.290899396e0,7.367897034e-1,9.823862314e-1,8.665184975e0,1.408936262e0
val,218,CC12CC3CC1C2(O)C3,8.544375420e0,2.114205509e-1,7.367897034e-1,9.823862314e-1,8.755796432e0,1.479929209e0
val,219,O=C1OC2CC3OCC132,7.129383087e0,1.590713501e0,2.210368872e0,2.947158575e0,8.720096588e0,1.451958895e0
val,220,CC12CCC(C#N)C1O2,8.394712448e0,-5.979583859e-1,7.367897034e-1,9.823862314e-1,7.796753883e0,7.285314798e-1
val,221,C#CC1=CC(O)C(=O)C1,5.540238380e0,2.586663961e-1,7.367897034e-1,9.823862314e-1,5.798904896e0,-8.367580771e-1
val,222,O=CC1CCC(=O)NC1,5.689900398e0,-5.745638609e-1,7.367897034e-1,9.823862314e-1,5.115336418e0,-1.372325420e0
val,223,CC12OC1C1(C#N)OC21,6.925297737e0,1.994276643e-1,7.367897034e-1,9.823862314e-1,7.124725342e0,2.020055503e-1
val,224,CC12C=CCCC1CC2,7.238228798e0,2.826659977e-1,7.367897034e-1,9.823862314e-1,7.520895004e0,5.123994946e-1
val,225,O=C1OC2CC3C1CC23,7.355237484e0,-2.540326677e-2,7.367897034e-1,9.823862314e-1,7.329833984e0,3.627055883e-1
val,226,COC12CC1OC2=O,7.012373924e0,3.469285369e-1,7.367897034e-1,9.823862314e-1,7.359302521e0,3.857938349e-1
val,227,CN(C)c1noc(=O)[nH]1,6.843663692e0,-5.534857512e-1,7.367897034e-1,9.823862314e-1,6.290177822e0,-4.518519342e-1
val,228,CCC(O)(CC)CO,8.220560074e0,-3.187079355e-2,7.367897034e-1,9.823862314e-1,8.188689232e0,1.035607934e0
val,229,CC12NC1C1C(CO)C12,7.581092358e0,1.702158332e0,7.367897034e-1,9.823862314e-1,9.283250809e0,1.893183112e0
val,230,O=CN1C=CC=CC=C1,3.834084272e0,-7.846347094e-1,7.367897034e-1,9.823862314e-1,3.049449444e0,-2.990921974e0
val,231,OCC1=CC(O)C(O)C1,6.936182499e0,4.517863691e-1,7.367897034e-1,9.823862314e-1,7.387969017e0,4.082536697e-1
val,232,ONC1C2C(O)C3C1[NH+]23,6.386512280e0,3.725635707e-1,7.367897034e-1,9.823862314e-1,6.759075642e0,-8.447638899e-2
val,233,CCC12OC1CC2C=O,5.858611107e0,3.329896554e-2,7.367897034e-1,9.823862314e-1,5.891910076e0,-7.638897300e-1
val,234,C#CC1=CCC(CC)C1,5.695343018e0,-5.254342780e-2,7.367897034e-1,9.823862314e-1,5.642799377e0,-9.590648413e-1
val,235,OC12COCC(C1)OC2,8.160694122e0,-8.460771292e-2,7.367897034e-1,9.823862314e-1,8.076086044e0,9.473847151e-1
val,236,COC1CC(O)C=C1C,6.786519527e0,-2.880081534e-1,7.367897034e-1,9.823862314e-1,6.498511314e0,-2.886252701e-1
val,237,CC1=CC2C(C1)C2(C)O,6.372906685e0,-1.036833167e0,7.367897034e-1,9.823862314e-1,5.336073399e0,-1.199380755e0
val,238,CC(=O)C(C)C(O)C#N,6.239571095e0,-1.128779888e0,7.367897034e-1,9.823862314e-1,5.110791206e0,-1.375886559e0
val,239,CC1C=CC2C(O)C12,6.247734070e0,7.157847285e-1,7.367897034e-1,9.823862314e-1,6.963518620e0,7.570211589e-2
val,240,Cc1ncc(O)c(=O)o1,4.859953403e0,2.509597540e-1,7.367897034e-1,9.823862314e-1,5.110913277e0,-1.375790834e0
val,241,CC1CNC(=O)C(C)C1,7.213738441e0,-8.152884245e-1,7.367897034e-1,9.823862314e-1,6.398449898e0,-3.670221269e-1
val,242,C1C2CN1c1nn[nH]c12,6.171542168e0,1.193593815e-1,7.367897034e-1,9.823862314e-1,6.290901661e0,-4.512848258e-1
val,243,[NH-]C1CC(=O)OCCO1,7.053191185e0,8.556330800e-1,7.367897034e-1,9.823862314e-1,7.908824444e0,8.163373470e-1
val,244,CC[NH2+]C1C=CC(C)O1,5.581055164e0,-8.297485113e-1,7.367897034e-1,9.823862314e-1,4.751306534e0,-1.657538295e0
val,245,[H]N=C(C#C)N1CC(=O)C1,5.347037315e0,-4.624148011e-1,7.367897034e-1,9.823862314e-1,4.884622574e0,-1.553086758e0
val,246,CC(C)OC1CC=CC1,7.287209034e0,-1.576118171e-1,7.367897034e-1,9.823862314e-1,7.129597187e0,2.058225870e-1
val,247,C#CC(C)NC(=O)OC,7.907628536e0,8.888481185e-3,7.367897034e-1,9.823862314e-1,7.916516781e0,8.223642111e-1
val,248,CCC1OCCC([NH-])O1,7.553880215e0,-1.052026525e-1,7.367897034e-1,9.823862314e-1,7.448677540e0,4.558180273e-1
val,249,C1OC23CC2(O1)C1NC13,7.072239399e0,1.666502595e0,7.367897034e-1,9.823862314e-1,8.738741875e0,1.466567278e0
val,250,CC12CC(O)CC1(C)N2,8.223280907e0,-6.246279478e-1,2.210368872e0,2.947158575e0,7.598652840e0,5.733218193e-1
val,251,OC1CCC(O)C12CN2,8.245050430e0,-1.112232685e0,7.367897034e-1,9.823862314e-1,7.132817745e0,2.083458453e-1
val,252,Nc1nc(C2CN2)co1,6.223243713e0,8.656699955e-2,7.367897034e-1,9.823862314e-1,6.309810638e0,-4.364698827e-1
val,253,CC1(O)CC2(C)OC12C,8.481788635e0,-5.379539728e-1,7.367897034e-1,9.823862314e-1,7.943834782e0,8.437675238e-1
val,254,O=C1C(O)C2CC1(O)C2,5.926640034e0,6.867063642e-1,7.367897034e-1,9.823862314e-1,6.613346577e0,-1.986532807e-1
val,255,ONC1CCC2NC12,6.552501678e0,9.681651592e-1,7.367897034e-1,9.823862314e-1,7.520667076e0,5.122209191e-1
val,256,C#CCOC(C)C#C,7.472246647e0,7.170154452e-1,7.367897034e-1,9.823862314e-1,8.189262390e0,1.036056995e0
val,257,N#CC(N)C1OCCO1,8.019195557e0,-4.973327518e-1,7.367897034e-1,9.823862314e-1,7.521862984e0,5.131579041e-1
val,258,C#CC([NH-])OC=O,6.049090862e0,-3.200636506e-1,7.367897034e-1,9.823862314e-1,5.729027271e0,-8.915063143e-1
val,259,C#CC1=CC(O)C(O)C1,5.643641472e0,5.225985050e-1,7.367897034e-1,9.823862314e-1,6.166239738e0,-5.489558578e-1
val,260,C#CC1C=CCC1=O,5.869495869e0,-8.655039072e-1,7.367897034e-1,9.823862314e-1,5.003992081e0,-1.459562302e0
val,261,CC12C=CCC1C2O,6.332089424e0,1.246595740e0,7.367897034e-1,9.823862314e-1,7.578685284e0,5.576774478e-1
val,262,CC1=CC(C)C2(O)CC12,6.658626080e0,-7.122777700e-1,7.367897034e-1,9.823862314e-1,5.946348190e0,-7.212381363e-1
val,263,C#CC1OC(CO)C1=O,5.668131351e0,-3.921600431e-2,7.367897034e-1,9.823862314e-1,5.628915310e0,-9.699428082e-1
val,264,OCC1[CH-]C2CC3C2[NH+]13,4.530695915e0,2.850539088e-1,7.367897034e-1,9.823862314e-1,4.815749645e0,-1.607047915e0
val,265,C[NH+]1C2C3CCC2(O)C31,7.251834393e0,5.369390845e-1,7.367897034e-1,9.823862314e-1,7.788773537e0,7.222789526e-1
val,266,[NH-]C1C=C(N)C(CO)O1,5.741602421e0,1.410649300e0,2.210368872e0,2.947158575e0,7.152251720e0,2.235721350e-1
val,267,[NH-]C1OCC=CCC1=O,5.181047916e0,-2.192705683e-2,7.367897034e-1,9.823862314e-1,5.159121037e0,-1.338020682e0
val,268,O=C1CCC(O)CN1,7.273603439e0,5.563972592e-1,7.367897034e-1,9.823862314e-1,7.830000877e0,7.545800805e-1
val,269,COC1CC(=O)C(=O)O1,4.699406624e0,1.838897765e-1,7.367897034e-1,9.823862314e-1,4.883296490e0,-1.554125786e0
val,270,CC1C2C(=O)OC12CO,7.434150696e0,2.702746391e-1,7.367897034e-1,9.823862314e-1,7.704425335e0,6.561931968e-1
val,271,COCC(O)C(N)C#N,8.040965080e0,-1.225646496e0,7.367897034e-1,9.823862314e-1,6.815318584e0,-4.041074961e-2
val,272,C#CCC(=O)C(C)(C)C,6.201474667e0,-1.110151768e0,7.367897034e-1,9.823862314e-1,5.091322899e0,-1.391139746e0
val,273,C#CC1(O)CC2OC2C1,7.937561512e0,2.433297783e-1,7.367897034e-1,9.823862314e-1,8.180891037e0,1.029498100e0
val,274,OC1CC=CCC=CC1,6.258618832e0,-1.707633734e0,2.210368872e0,2.947158575e0,4.550985336e0,-1.814487338e0
val,275,CC12CCC(NO)C1O2,6.620530128e0,8.366498947e-1,7.367897034e-1,9.823862314e-1,7.457180023e0,4.624796212e-1
val,276,c1cnc2n[nH]cc2c1,4.791924953e0,-9.399603307e-2,7.367897034e-1,9.823862314e-1,4.697928905e0,-1.699358940e0
val,277,c1[nH]nc2c1NCC2,5.825957775e0,-8.924116492e-1,7.367897034e-1,9.823862314e-1,4.933546066e0,-1.514755845e0
val,278,CC(=O)CN=C(N)CO,5.572891712e0,-4.435330331e-1,7.367897034e-1,9.823862314e-1,5.129358768e0,-1.361339092e0
val,279,O=COC1C=CCC1=O,5.741602421e0,1.341811419e0,7.367897034e-1,9.823862314e-1,7.083414078e0,1.696386933e-1
val,280,[NH-]C1CC2(C[NH+]3CC32)O1,7.366122246e0,3.315780461e-1,7.367897034e-1,9.823862314e-1,7.697700500e0,6.509243846e-1
val,281,CC1=CC=CCOC1=O,4.993289471e0,-9.581217766e-1,7.367897034e-1,9.823862314e-1,4.035167694e0,-2.218624115e0
val,282,CCC1CC=CC1C=O,5.692621708e0,-9.237252474e-1,7.367897034e-1,9.823862314e-1,4.768896580e0,-1.643756628e0
val,283,CC12CC1C1(C)NC21,7.722591400e0,-9.817658663e-1,7.367897034e-1,9.823862314e-1,6.740825653e0,-9.877502918e-2
val,284,O=C1NCC2=C1CCN2,5.491257668e0,-2.027840853e0,2.210368872e0,2.947158575e0,3.463416815e0,-2.666583776e0
val,285,O=CC1OC2CC1C2=O,5.319826126e0,-8.099500537e-1,7.367897034e-1,9.823862314e-1,4.509876251e0,-1.846695900e0
val,286,CCC1C(=O)OCC1O,7.496736526e0,-2.069059849e0,2.210368872e0,2.947158575e0,5.427676678e0,-1.127610803e0
val,287,CC1=CC2C(O)C2C1C,6.291272163e0,5.378155783e-2,7.367897034e-1,9.823862314e-1,6.345053673e0,-4.088574052e-1
val,288,CCOCC(C)(O)CO,8.702200890e0,-6.089298725e-1,2.210368872e0,2.947158575e0,8.093271255e0,9.608491063e-1
val,289,CC1C(C)C2OC2C1C,8.990641594e0,-3.150742054e-1,7.367897034e-1,9.823862314e-1,8.675567627e0,1.417070985e0
val,290,CC(O)C1C2CC(=O)C21,6.285830498e0,9.603436589e-1,7.367897034e-1,9.823862314e-1,7.246174335e0,2.971593142e-1
val,291,[NH-]c1nc(N)c(F)n[nH+]1,4.264024258e0,2.058634311e-1,7.367897034e-1,9.823862314e-1,4.469887733e0,-1.878026366e0
val,292,CCC(C#CCO)CC,7.515784740e0,9.051249176e-2,7.367897034e-1,9.823862314e-1,7.606297016e0,5.793108940e-1
val,293,O=C1CC2NC2CN1,7.330747128e0,-4.126601815e-1,7.367897034e-1,9.823862314e-1,6.918087006e0,4.010701552e-2
val,294,CCNC(C#N)CC,7.472246647e0,3.442176878e-1,7.367897034e-1,9.823862314e-1,7.816464424e0,7.439744473e-1
val,295,CCC1(O)C(O)C2OC21,8.190627098e0,-1.300409079e0,7.367897034e-1,9.823862314e-1,6.890217781e0,1.827182993e-2
val,296,CCC1=CC(=O)CC1,5.273566723e0,3.401066363e-1,7.367897034e-1,9.823862314e-1,5.613673210e0,-9.818847775e-1
val,297,CC1=CC(O)CC1,7.028701305e0,-4.125248432e0,2.210368872e0,2.947158575e0,2.903452873e0,-3.105308294e0
val,298,O=CC1=CNCCOC1,5.259960651e0,4.156682789e-1,7.367897034e-1,9.823862314e-1,5.675629139e0,-9.333431125e-1
val,299,CC1(O)CC=CC1C=O,5.752487183e0,-5.633380264e-2,7.367897034e-1,9.823862314e-1,5.696153164e0,-9.172627926e-1
val,300,CC1OC(C#N)C1=O,6.024600506e0,-4.983899370e-2,7.367897034e-1,9.823862314e-1,5.974761486e0,-6.989766955e-1
val,301,CC(=O)OCC(C)=NO,7.042306423e0,-8.403625488e-1,7.367897034e-1,9.823862314e-1,6.201943874e0,-5.209821463e-1
val,302,[NH-]c1cc[nH+]c(N)c1F,5.017779827e0,1.195913255e-1,7.367897034e-1,9.823862314e-1,5.137371063e0,-1.355061531e0
val,303,COC1C=CCC2OC12,7.224623203e0,4.269431233e-1,7.367897034e-1,9.823862314e-1,7.651566505e0,6.147789955e-1
val,304,COC1(C)C=CCC1=O,5.877659321e0,-1.341297984e0,7.367897034e-1,9.823862314e-1,4.536361217e0,-1.825945258e0
val,305,CN=C(C#N)N(C)C=O,5.485815525e0,-1.092042446e0,7.367897034e-1,9.823862314e-1,4.393773079e0,-1.937661171e0
val,306,C#CCCC(O)C#C,7.752523899e0,-2.881970406e-1,7.367897034e-1,9.823862314e-1,7.464326859e0,4.680790901e-1
val,307,C#CC1(O)CC=C(C)C1,7.137547016e0,-5.112988949e-1,7.367897034e-1,9.823862314e-1,6.626248360e0,-1.885448992e-1
val,308,CCC1=CC2C(O)C2C1,6.348416328e0,-4.563374817e-1,7.367897034e-1,9.823862314e-1,5.892078876e0,-7.637574673e-1
val,309,O=C1OC2(CO)CC12,7.589255333e0,-1.733509004e-1,7.367897034e-1,9.823862314e-1,7.415904522e0,4.301407933e-1
val,310,OCC1=CCC(CO)C1,7.072239399e0,-9.572402835e-1,7.367897034e-1,9.823862314e-1,6.114999294e0,-5.891020894e-1
val,311,CC1C(=O)C2CC12,6.176984310e0,-3.502273560e-1,7.367897034e-1,9.823862314e-1,5.826756954e0,-8.149363399e-1
val,312,CC1NC(CC#N)C1=O,5.888543606e0,5.088522434e-1,7.367897034e-1,9.823862314e-1,6.397396088e0,-3.678477705e-1
val,313,CCOC1COCOC1,8.846421242e0,-9.518361092e-1,7.367897034e-1,9.823862314e-1,7.894585133e0,8.051810265e-1
val,314,CC(O)C1(C)OCCO1,8.767508507e0,-9.033275396e-2,7.367897034e-1,9.823862314e-1,8.677175522e0,1.418330789e0
val,315,CC12CC1C1C2N1C=O,6.307599545e0,-4.016803205e-1,7.367897034e-1,9.823862314e-1,5.905919075e0,-7.529138327e-1
val,316,O=C1CC(O)C(O)CN1,7.262719154e0,-6.926574111e-1,7.367897034e-1,9.823862314e-1,6.570061684e0,-2.325664461e-1
val,317,CC1C(=O)C=CC1(C)O,5.208259583e0,-1.025905252e0,7.367897034e-1,9.823862314e-1,4.182354450e0,-2.103305101e0
val,318,C[NH+]1CC2CC(=O)C21C,4.955193520e0,8.530228734e-1,7.367897034e-1,9.823862314e-1,5.808216572e0,-8.294625282e-1
val,319,C1CC1C12C[NH+]3C1CC32,8.557980537e0,-2.342690229e-1,7.367897034e-1,9.823862314e-1,8.323711395e0,1.141396046e0
val,320,CC1(C)OC2CCCC21,8.666826248e0,-1.039584041e0,7.367897034e-1,9.823862314e-1,7.627242088e0,5.957211256e-1
val,321,C[CH+]1C=NC([NH-])OC1F,4.582397461e0,3.561252356e-2,7.367897034e-1,9.823862314e-1,4.618010044e0,-1.761974335e0
val,322,C#CC12C(=O)OC1C2O,6.465425014e0,-2.482515424e-1,7.367897034e-1,9.823862314e-1,6.217173576e0,-5.090498328e-1
val,323,CC1C(O)CC2COC21,8.128041267e0,1.384361506e0,7.367897034e-1,9.823862314e-1,9.512402534e0,2.072720528e0
val,324,CC(C#N)(C#N)OC=O,7.096729279e0,-2.138524354e-1,7.367897034e-1,9.823862314e-1,6.882876873e0,1.252031978e-2
val,325,CC(=NO)C(C)CC=O,6.209638119e0,-3.813128769e-1,7.367897034e-1,9.823862314e-1,5.828325272e0,-8.137075901e-1
val,326,CC(O)C(C)C=O,6.239571095e0,3.280836940e-1,7.367897034e-1,9.823862314e-1,6.567654610e0,-2.344523668e-1
val,327,C#CC1C=CC2(C)CC12,6.718491554e0,5.337543413e-2,7.367897034e-1,9.823862314e-1,6.771866798e0,-7.445468009e-2
val,328,O=C1C=CC2C3CC1C23,4.895328522e0,1.020117044e0,7.367897034e-1,9.823862314e-1,5.915445328e0,-7.454501390e-1
val,329,N#CC1CCOC([NH-])O1,7.134825230e0,1.831877381e-1,7.367897034e-1,9.823862314e-1,7.318013191e0,3.534441590e-1
val,330,CCC1(C#N)CC=CC1,7.200132847e0,1.898044161e-2,7.367897034e-1,9.823862314e-1,7.219113350e0,2.759573758e-1
val,331,Oc1coc(N2CC2)n1,5.951130390e0,7.846038938e-1,7.367897034e-1,9.823862314e-1,6.735734463e0,-1.027639061e-1
val,332,CCCC12CC3CC1[NH+]32,8.925334930e0,-5.544571877e-1,7.367897034e-1,9.823862314e-1,8.370878220e0,1.178350687e0
val,333,CC1=CCCC1=O,5.387854576e0,6.167082191e-1,7.367897034e-1,9.823862314e-1,6.004562855e0,-6.756276488e-1
val,334,OC1C2CC3C1[NH+]23,8.402875900e0,5.049309731e-1,7.367897034e-1,9.823862314e-1,8.907806396e0,1.599027157e0
val,335,CC1=CCC(C=O)C1,6.021879673e0,2.937249541e-1,7.367897034e-1,9.823862314e-1,6.315604687e0,-4.319303036e-1
val,336,CC(=O)C1OCOC1C,5.907591820e0,4.532650411e-1,7.367897034e-1,9.823862314e-1,6.360857010e0,-3.964756727e-1
val,337,CC#CCC12CCC1O2,8.128041267e0,-1.143097058e-1,7.367897034e-1,9.823862314e-1,8.013731956e0,8.985310793e-1
val,338,ONC1C2CC3C(C2)C31,6.797404289e0,3.122769892e-1,7.367897034e-1,9.823862314e-1,7.109681129e0,1.902185977e-1
val,339,CC1C2CC3(CN3)C1O2,8.479067802e0,1.372149289e-1,7.367897034e-1,9.823862314e-1,8.616282463e0,1.370621800e0
val,340,OCC#CC1CC2OC12,7.450477123e0,7.646185756e-1,7.367897034e-1,9.823862314e-1,8.215095520e0,1.056296945e0
val,341,CC12C(O)C[NH+]1CC2O,7.118498325e0,6.234215498e-1,7.367897034e-1,9.823862314e-1,7.741919994e0,6.855698228e-1
val,342,CC1(O)COC(=O)C1=O,4.530695915e0,1.367979527e0,2.210368872e0,2.947158575e0,5.898675442e0,-7.585891485e-1
val,343,CC#CC(O)(CC)CC,7.934839725e0,-2.978347242e-1,7.367897034e-1,9.823862314e-1,7.637004852e0,6.033701301e-1
val,344,CC1C(=O)CC2COC21,6.005552769e0,-1.412541121e-1,7.367897034e-1,9.823862314e-1,5.864298820e0,-7.855227590e-1
val,345,c1n[nH]c(C[NH+]2CC2)n1,7.279046059e0,3.997804224e-2,7.367897034e-1,9.823862314e-1,7.319024086e0,3.542361856e-1
val,346,CC1(C=O)CCC(=O)O1,5.997389793e0,-1.986492872e-1,7.367897034e-1,9.823862314e-1,5.798740387e0,-8.368870020e-1
val,347,CC12CC(NO)CC1N2,6.677673817e0,5.323301554e-1,7.367897034e-1,9.823862314e-1,7.210003853e0,2.688201964e-1
val,348,CCC1=C(C)C2CC2C1,6.541617393e0,9.826514125e-2,2.210368872e0,2.947158575e0,6.639882565e0,-1.778626740e-1
val,349,CC(=O)NC1CC=CC1,7.015095711e0,3.462896943e-1,7.367897034e-1,9.823862314e-1,7.361385345e0,3.874256909e-1
val,350,C#CCC(=O)C(=O)NC,4.835463047e0,-1.277973503e-1,7.367897034e-1,9.823862314e-1,4.707665920e0,-1.691730142e0
val,351,CC1=CC2(CN2)C2NC12,6.108956337e0,3.589380160e-2,7.367897034e-1,9.823862314e-1,6.144850254e0,-5.657142401e-1
val,352,CC1C2CC3(C)C1[NH+]23,8.909008026e0,2.752335370e-1,7.367897034e-1,9.823862314e-1,9.184241295e0,1.815610409e0
val,353,CC#CC(C)C#CC=O,5.450440407e0,-3.893462196e-2,7.367897034e-1,9.823862314e-1,5.411505699e0,-1.140280485e0
val,354,CC1(C#CC2CC2)CC1,7.567486763e0,4.618228972e-1,7.367897034e-1,9.823862314e-1,8.029309273e0,9.107357264e-1
val,355,C[CH+]1C([NH-])N=NOC1N,3.719796658e0,-4.693410397e-1,7.367897034e-1,9.823862314e-1,3.250455618e0,-2.833436012e0
val,356,C1C([NH+]2CC2)C1[NH+]1CC1,8.465462685e0,3.557676375e-1,7.367897034e-1,9.823862314e-1,8.821229935e0,1.531195641e0
val,357,[H]N=CN(C)c1cnon1,5.170163155e0,-4.446972311e-1,7.367897034e-1,9.823862314e-1,4.725465775e0,-1.677784204e0
val,358,CC1C=CC2(O)CC12,6.685837746e0,-9.836778045e-1,7.367897034e-1,9.823862314e-1,5.702159882e0,-9.125565886e-1
val,359,COC(=O)c1cnon1,6.174263477e0,5.218403935e-1,7.367897034e-1,9.823862314e-1,6.696104050e0,-1.338138431e-1
val,360,O=C1CC2C1C21CCC1,6.234128475e0,2.277098894e-1,7.367897034e-1,9.823862314e-1,6.461838245e0,-3.173581660e-1
val,361,C#CCC(C)(CO)CO,8.089944839e0,1.460442990e-1,7.367897034e-1,9.823862314e-1,8.235989571e0,1.072667122e0
val,362,C1C2C3OC2C2OC3C12,7.227344036e0,7.460263371e-2,7.367897034e-1,9.823862314e-1,7.301946640e0,3.408562243e-1
val,363,CCC1(C)OCC(C)O1,8.990641594e0,8.702686429e-1,7.367897034e-1,9.823862314e-1,9.860910416e0,2.345772266e0
val,364,C#CC1C=CC(=O)C1O,5.178326607e0,1.022441506e0,7.367897034e-1,9.823862314e-1,6.200767994e0,-5.219033957e-1
val,365,CCOCCC(=O)C=O,4.283071995e0,1.475203037e-1,7.367897034e-1,9.823862314e-1,4.430592537e0,-1.908813596e0
val,366,CC12CCNC(=O)C1C2,7.186526775e0,2.863538861e-1,7.367897034e-1,9.823862314e-1,7.472880840e0,4.747810066e-1
val,367,CC1C[NH+]2C(C#N)CC12,6.821894169e0,9.592658281e-2,7.367897034e-1,9.823862314e-1,6.917820930e0,3.989854828e-2
val,368,CC1=CCC2C1C2(C)O,6.479031086e0,3.997758962e-3,7.367897034e-1,9.823862314e-1,6.483028889e0,-3.007555604e-1
val,369,O=C1CC=CC=CC1O,5.491257668e0,-3.037164174e-2,7.367897034e-1,9.823862314e-1,5.460886002e0,-1.101591706e0
val,370,CC(C)C1=CCC2CC12,6.715770245e0,1.260675311e0,2.210368872e0,2.947158575e0,7.976445675e0,8.693177104e-1
val,371,C1#CCC=CC=CC=C1,3.904833794e0,-3.467330039e-1,7.367897034e-1,9.823862314e-1,3.558100700e0,-2.592400074e0
val,372,O=C1NCC2(CC2O)N1,7.970214844e0,9.669770598e-1,7.367897034e-1,9.823862314e-1,8.937191963e0,1.622050405e0
val,373,C1=CC2C=CC(C1)O2,6.323925972e0,-2.757476568e-1,7.367897034e-1,9.823862314e-1,6.048178196e0,-6.414555907e-1
val,374,N#CC12C3OC4C3C1C42,7.665446758e0,5.302196145e-1,7.367897034e-1,9.823862314e-1,8.195666313e0,1.041074395e0
val,375,CC12CC1C1(CCC1)C2,8.993363380e0,-9.607963562e-1,7.367897034e-1,9.823862314e-1,8.032567024e0,9.132881165e-1
val,376,CC1(C)C(=O)C2(C)CC12,6.108956337e0,2.656562626e-1,7.367897034e-1,9.823862314e-1,6.374612808e0,-3.856981993e-1
val,377,C#CCCC(=O)C(C)=O,4.261302948e0,1.655877084e-1,7.367897034e-1,9.823862314e-1,4.426890850e0,-1.911713839e0
val,378,OCC#CC1OCCO1,7.436871529e0,-1.466128826e0,2.210368872e0,2.947158575e0,5.970742702e0,-7.021253109e-1
val,379,CC12OCC1OC2C=O,5.842284679e0,-6.355296969e-1,7.367897034e-1,9.823862314e-1,5.206755161e0,-1.300699949e0
val,380,O=C1CC2(C3CO3)OC12,5.847726822e0,1.626354605e-1,7.367897034e-1,9.823862314e-1,6.010362148e0,-6.710839868e-1
val,381,OC12CC(C1)C1CC2O1,8.596076965e0,9.784530848e-2,7.367897034e-1,9.823862314e-1,8.693922043e0,1.431451440e0
val,382,CC1(C)CC(N)C(=O)O1,6.895365238e0,2.213572711e-1,7.367897034e-1,9.823862314e-1,7.116722584e0,1.957354993e-1
val,383,CC(=O)NCC(N)C#N,6.794682980e0,-9.473876655e-2,7.367897034e-1,9.823862314e-1,6.699944019e0,-1.308052689e-1
val,384,Cn1cc(O)n(C)c1=O,6.220522881e0,1.038056850e0,7.367897034e-1,9.823862314e-1,7.258579731e0,3.068787754e-1
val,385,O=C1OC2C(O)CCC12,7.597418785e0,1.436436653e0,7.367897034e-1,9.823862314e-1,9.033855438e0,1.697785020e0
val,386,C1CC2COC(C1)C2,8.593356133e0,-1.511458158e-1,7.367897034e-1,9.823862314e-1,8.442210197e0,1.234238386e0
val,387,C#CC12NC1C1C(O)C12,7.398775578e0,-1.301688105e-1,7.367897034e-1,9.823862314e-1,7.268606663e0,3.147347569e-1
val,388,O=C1CCC2CC1O2,5.706227779e0,-2.014111131e-1,7.367897034e-1,9.823862314e-1,5.504816532e0,-1.067172647e0
val,389,C1CC1c1nnon1,5.962014675e0,4.261001572e-2,7.367897034e-1,9.823862314e-1,6.004624844e0,-6.755791306e-1
val,390,CC1C=C(CO)C(C)O1,6.811009407e0,-7.442584634e-1,2.210368872e0,2.947158575e0,6.066751003e0,-6.269040704e-1
val,391,OCCC1COCO1,9.066833496e0,2.169090748e0,2.210368872e0,2.947158575e0,1.123592377e1,3.423077822e0
val,392,CC1C2CC3(C=O)C1[NH+]23,5.932082176e0,-3.023388386e-1,7.367897034e-1,9.823862314e-1,5.629743576e0,-9.692938924e-1
val,393,Cn1nnc(C2CC2)n1,6.476309776e0,2.190830559e-1,7.367897034e-1,9.823862314e-1,6.695392609e0,-1.343712509e-1
val,394,C#CCC1=CCOC1C,6.590597630e0,-2.256028503e-1,7.367897034e-1,9.823862314e-1,6.364995003e0,-3.932336271e-1
val,395,OCCC1C2[NH2+][CH+]OC12,6.966114998e0,1.047960043e0,7.367897034e-1,9.823862314e-1,8.014075279e0,8.988000751e-1
val,396,CC1(C)CC2OC21C,8.857306480e0,-2.776857913e-1,7.367897034e-1,9.823862314e-1,8.579620361e0,1.341897488e0
val,397,N#CC1[NH2+]C2CC3C1[NH+]23,5.281730175e0,7.372227311e-1,7.367897034e-1,9.823862314e-1,6.018952847e0,-6.643533111e-1
val,398,O=C1CC(O)C2OCC12,5.869495869e0,-8.118022680e-1,7.367897034e-1,9.823862314e-1,5.057693481e0,-1.417487979e0
val,399,CC12CC3CC1C1C3[NH+]12,8.713085175e0,-1.412038088e0,7.367897034e-1,9.823862314e-1,7.301047325e0,3.401516080e-1
val,400,[CH-]1C2CCC34C[NH+](C13)C24,3.961977959e0,1.356950402e-1,7.367897034e-1,9.823862314e-1,4.097672939e0,-2.169651985e0
val,401,N#CC1=NCCOCO1,5.953851223e0,2.983192503e-1,7.367897034e-1,9.823862314e-1,6.252170563e0,-4.816301465e-1
val,402,CCC(=NO)C(C)=NO,5.319826126e0,3.356063068e-1,7.367897034e-1,9.823862314e-1,5.655432224e0,-9.491671324e-1
val,403,O=C1NC2CC3C2N13,7.257276535e0,-1.002865553e0,7.367897034e-1,9.823862314e-1,6.254410744e0,-4.798749983e-1
val,404,CC#CC1NCC1=O,5.651804924e0,-1.238613963e0,7.367897034e-1,9.823862314e-1,4.413190842e0,-1.922447681e0
val,405,OC1C=CC(O)C1O,6.808288574e0,1.197858214e0,7.367897034e-1,9.823862314e-1,8.006146431e0,8.925879002e-1
val,406,[NH-]C1OC2C3OC2C13O,6.827336788e0,-1.663221717e-1,7.367897034e-1,9.823862314e-1,6.661014557e0,-1.613060236e-1
val,407,O=C1NCC(CO)C1=O,4.598724365e0,-9.024469256e-1,7.367897034e-1,9.823862314e-1,3.696277380e0,-2.484140396e0
val,408,CC(=O)C1CC2OC21,6.084465981e0,-5.390479565e-1,7.367897034e-1,9.823862314e-1,5.545417786e0,-1.035362124e0
val,409,CCC12OC1CC2OC,8.688595772e0,3.796105087e-1,7.367897034e-1,9.823862314e-1,9.068205833e0,1.724698067e0
val,410,C#CC(C)(CC)CCO,8.634172440e0,7.664580941e-1,7.367897034e-1,9.823862314e-1,9.400630951e0,1.985149026e0
val,411,CC#CC1=CCOC1,5.556564808e0,-2.645073235e-1,7.367897034e-1,9.823862314e-1,5.292057514e0,-1.233866692e0
val,412,CCC#CC1CC=CC1,7.181085110e0,-3.351661265e-1,7.367897034e-1,9.823862314e-1,6.845919132e0,-1.643560454e-2
val,413,CC1C(=O)CN1C(N)=O,5.899428368e0,2.589321136e-1,7.367897034e-1,9.823862314e-1,6.158360481e0,-5.551291704e-1
val,414,CC1C(C=O)C2(C)OC12,5.785140514e0,-1.815788746e-1,7.367897034e-1,9.823862314e-1,5.603561401e0,-9.898072481e-1
val,415,C#CC1(C)C2C=CCC21,6.269503117e0,8.565872908e-1,7.367897034e-1,9.823862314e-1,7.126090527e0,2.030751556e-1
val,416,N#CC12NCC1OC2=O,6.296714783e0,3.279208839e-1,7.367897034e-1,9.823862314e-1,6.624635696e0,-1.898083985e-1
val,417,C#CC1C[NH+]1CC1CN1,7.115777493e0,-7.872734070e-1,7.367897034e-1,9.823862314e-1,6.328504086e0,-4.218237996e-1
val,418,O=C1OC2CCCC1O2,7.273603439e0,2.562555075e-1,7.367897034e-1,9.823862314e-1,7.529859066e0,5.194227099e-1
val,419,CCC1OC2CC1CO2,9.053228378e0,-9.656205773e-1,7.367897034e-1,9.823862314e-1,8.087607384e0,9.564115405e-1
val,420,CC1C=C(C=O)C(O)C1,5.132067680e0,1.761464328e-1,7.367897034e-1,9.823862314e-1,5.308214188e0,-1.221208096e0
val,421,CCC12CC1(O)CC2=O,6.198753357e0,-2.771141529e-1,7.367897034e-1,9.823862314e-1,5.921639442e0,-7.405971289e-1
val,422,CC12CC3C(C1)C3C2O,8.797441483e0,1.533800721e0,7.367897034e-1,9.823862314e-1,1.033124256e1,2.714271545e0
val,423,C#CC1C=CC(C#N)O1,6.990605354e0,1.090078831e0,7.367897034e-1,9.823862314e-1,8.080684662e0,9.509876966e-1
val,424,CC12NC1CC21CN1,7.989262581e0,4.874349535e-1,7.367897034e-1,9.823862314e-1,8.476697922e0,1.261259079e0
val,425,C[NH2+][CH+]OC(C)CCO,7.412381172e0,-1.938593030e0,7.367897034e-1,9.823862314e-1,5.473788261e0,-1.091482878e0
val,426,OC1CCCC2OC12,9.246428490e0,-2.737118959e0,2.210368872e0,2.947158575e0,6.509309769e0,-2.801648080e-1
val,427,O=COC1CCC(=O)O1,7.436871529e0,-1.715551168e-1,7.367897034e-1,9.823862314e-1,7.265316486e0,3.121569455e-1
val,428,N#CC1(C#N)NCC1=O,5.899428368e0,2.548615694e0,7.367897034e-1,9.823862314e-1,8.448043823e0,1.238808990e0
val,429,N#CC12NC1C1CC12N,6.413723469e0,1.204410672e0,2.210368872e0,2.947158575e0,7.618134022e0,5.885850787e-1
val,430,NC1=CC(=O)C(C=O)C1,5.455882549e0,1.095829725e0,7.367897034e-1,9.823862314e-1,6.551712036e0,-2.469431609e-1
val,431,CC12NC3[NH2+]CC1C32O,4.391917706e0,4.348237813e-1,7.367897034e-1,9.823862314e-1,4.826741695e0,-1.598435760e0
val,432,C#CC12CC(C)=CC1C2,6.538896084e0,5.490580201e-1,7.367897034e-1,9.823862314e-1,7.087954044e0,1.731957048e-1
val,433,CC1(O)COC([NH-])OC1,8.002868652e0,-1.190288663e0,7.367897034e-1,9.823862314e-1,6.812580109e0,-4.255631194e-2
val,434,C#CC1C(C)C2OC12,7.932118893e0,2.488356531e-1,7.367897034e-1,9.823862314e-1,8.180954933e0,1.029548168e0
val,435,CC1(C)C(=O)C2CC1C2,6.106235027e0,4.554466903e-2,7.367897034e-1,9.823862314e-1,6.151779652e0,-5.602851510e-1
val,436,[NH-]C1COC(=O)CCO1,7.249113560e0,1.785827398e0,7.367897034e-1,9.823862314e-1,9.034940720e0,1.698635340e0
val,437,CC12CCC(C1)OCO2,8.955266953e0,-1.382892847e0,7.367897034e-1,9.823862314e-1,7.572374344e0,5.527329445e-1
val,438,[NH-]C1N[CH+][NH2+]C12CC2O,5.630035877e0,-6.116340756e-1,7.367897034e-1,9.823862314e-1,5.018401623e0,-1.448272586e0
val,439,CC1(C)C2C3NC3C21,7.434150696e0,2.657918930e-1,7.367897034e-1,9.823862314e-1,7.699942589e0,6.526810527e-1
val,440,CC(O)COCCC=O,6.206917286e0,2.525800467e-1,7.367897034e-1,9.823862314e-1,6.459497452e0,-3.191921413e-1
val,441,CCC12NC1CCC2O,8.185184479e0,-3.295331895e-1,7.367897034e-1,9.823862314e-1,7.855651379e0,7.746769190e-1
val,442,CCC12CC1CC(=O)O2,7.570207596e0,-2.174425721e-1,7.367897034e-1,9.823862314e-1,7.352765083e0,3.806718290e-1
val,443,N#CC1C(O)CC2OC21,8.462740898e0,-5.709058791e-2,7.367897034e-1,9.823862314e-1,8.405650139e0,1.205594063e0
val,444,O=CC1C2C=CCC12O,5.692621708e0,3.263829350e-1,7.367897034e-1,9.823862314e-1,6.019004822e0,-6.643126011e-1
val,445,O=C1C=CCOCCO1,5.159278870e0,3.262852907e0,2.210368872e0,2.947158575e0,8.422131538e0,1.218507051e0
val,446,Oc1n[nH]cc1C1CN1,6.337531567e0,-2.240590334e0,7.367897034e-1,9.823862314e-1,4.096940994e0,-2.170225382e0
val,447,COC(C)c1cnon1,6.304878235e0,-1.279593259e-1,7.367897034e-1,9.823862314e-1,6.176918983e0,-5.405887961e-1
val,448,CC1(O)CC2(CO)OC12,8.884517670e0,-7.419376373e-1,7.367897034e-1,9.823862314e-1,8.142580032e0,9.994819164e-1
val,449,CCC1C2CC3(C)C1[NH+]23,8.756624222e0,-4.663131535e-1,7.367897034e-1,9.823862314e-1,8.290310860e0,1.115227103e0
val,450,COC1CC(O)C2OC12,8.938940048e0,-1.228157878e0,7.367897034e-1,9.823862314e-1,7.710782051e0,6.611736417e-1
val,451,C#Cc1nonc1CO,5.817794323e0,9.583389759e-1,7.367897034e-1,9.823862314e-1,6.776133537e0,-7.111173868e-2
val,452,COCC1=C(C)CCC1,6.824615955e0,-3.866980076e0,2.210368872e0,2.947158575e0,2.957635880e0,-3.062856674e0
val,453,CCC(=NO)C(C)(C)O,6.938903332e0,4.185802042e-1,7.367897034e-1,9.823862314e-1,7.357483387e0,3.843685687e-1
val,454,CC1CNC(=O)CC1C,7.303536415e0,-1.307902932e-1,7.367897034e-1,9.823862314e-1,7.172746181e0,2.396292835e-1
val,455,O=Cn1cnoc1=O,5.981062412e0,-1.234525561e0,7.367897034e-1,9.823862314e-1,4.746536732e0,-1.661275387e0
val,456,O=CC12COC1C1C[NH+]12,5.499421120e0,-9.310486913e-1,7.367897034e-1,9.823862314e-1,4.568372250e0,-1.800864935e0
val,457,C1=CC2C3C=CC2C1C3,6.264060974e0,-2.239150554e-1,7.367897034e-1,9.823862314e-1,6.040145874e0,-6.477488279e-1
val,458,N#CC1C=CC(=O)C1,5.219143867e0,1.475107074e0,7.367897034e-1,9.823862314e-1,6.694251060e0,-1.352656335e-1
val,459,C#CC1CCC(=O)O1,7.532111645e0,1.223654747e0,7.367897034e-1,9.823862314e-1,8.755765915e0,1.479905367e0
val,460,CC#CC(CC)NC=O,7.344352722e0,2.734838724e-1,7.367897034e-1,9.823862314e-1,7.617836475e0,5.883519053e-1
val,461,CC12CCCC1(C=O)N2,5.962014675e0,-1.415354133e0,7.367897034e-1,9.823862314e-1,4.546660423e0,-1.817875862e0
val,462,N#CC(O)C(CO)CO,7.613745689e0,1.068005919e0,7.367897034e-1,9.823862314e-1,8.681751251e0,1.421915770e0
val,463,CC1C=CC(=O)C1O,5.265403271e0,-8.556609154e-1,7.367897034e-1,9.823862314e-1,4.409742355e0,-1.925149441e0
val,464,COC1OCC=C1C,7.104892731e0,-7.914500833e-1,7.367897034e-1,9.823862314e-1,6.313442707e0,-4.336242080e-1
val,465,C1OC2CC1C2[NH+]1CC1,8.696758270e0,-2.193676680e-1,7.367897034e-1,9.823862314e-1,8.477390289e0,1.261801600e0
val,466,CCC1CC=CC1(C)O,7.227344036e0,2.122423053e-1,7.367897034e-1,9.823862314e-1,7.439586163e0,4.486950636e-1
val,467,C1CCC2(CC1)CCO2,8.489952087e0,-1.504166961e0,7.367897034e-1,9.823862314e-1,6.985785007e0,9.314755350e-2
val,468,O=CC1CCC2COC12,6.010994911e0,-2.794428766e-1,7.367897034e-1,9.823862314e-1,5.731552124e0,-8.895281553e-1
val,469,c1occ2c1CC1CN21,6.299435616e0,-5.165911913e-1,7.367897034e-1,9.823862314e-1,5.782844543e0,-8.493412137e-1
val,470,CC1C2CC(=O)C1C2C,6.149773121e0,-4.134737551e-1,7.367897034e-1,9.823862314e-1,5.736299515e0,-8.858086467e-1
val,471,CC1OC1CC1OC1C,9.311736107e0,1.268134713e0,7.367897034e-1,9.823862314e-1,1.057987118e1,2.909068823e0
val,472,CCCOC(C)C(C)C,8.979757309e0,8.463405371e-1,7.367897034e-1,9.823862314e-1,9.826097488e0,2.318496704e0
val,473,CC1C[NH+](C)CC([NH-])O1,6.824615955e0,5.364112854e-1,7.367897034e-1,9.823862314e-1,7.361027241e0,3.871451318e-1
val,474,O=CC1=CC(O)C(O)C1,5.200095654e0,3.841051757e-1,7.367897034e-1,9.823862314e-1,5.584200859e0,-1.004976034e0
val,475,CC1(O)C=CC2C(O)C21,6.375627518e0,-2.391611785e-1,7.367897034e-1,9.823862314e-1,6.136466503e0,-5.722828507e-1
val,476,N#Cc1cncc([NH-])[nH+]1,3.749728680e0,-7.797757387e-1,7.367897034e-1,9.823862314e-1,2.969953060e0,-3.053206205e0
val,477,CCC1(C)C(O)C2OC21,8.707643509e0,-6.092851162e-1,7.367897034e-1,9.823862314e-1,8.098358154e0,9.648346305e-1
val,478,CC1CC(O)C=C1C=O,5.178326607e0,-1.996037662e-1,7.367897034e-1,9.823862314e-1,4.978723049e0,-1.479360223e0
val,479,CC1=CCCC(=O)NC1,6.838221550e0,4.085226059e-1,7.367897034e-1,9.823862314e-1,7.246744156e0,2.976057529e-1
val,480,C1C2C3OC4C[NH+](C13)C42,8.013752937e0,-4.835546911e-1,7.367897034e-1,9.823862314e-1,7.530198097e0,5.196883678e-1
val,481,OC1C2CC2C12CCC2,8.642336845e0,1.586282104e-1,7.367897034e-1,9.823862314e-1,8.800965309e0,1.515318513e0
val,482,C[NH+](CC#N)CCC#N,7.181085110e0,-2.057701498e-1,7.367897034e-1,9.823862314e-1,6.975315094e0,8.494450152e-2
val,483,CCC12CCCC1OC2,8.628729820e0,-1.087403893e-1,7.367897034e-1,9.823862314e-1,8.519989014e0,1.295177102e0
val,484,O=c1nc(CO)nn[nH]1,4.514369011e0,2.167400718e-1,7.367897034e-1,9.823862314e-1,4.731109142e0,-1.673362613e0
val,485,CC1C(O)C(C)C2NC12,8.506278992e0,-1.441958189e0,7.367897034e-1,9.823862314e-1,7.064320564e0,1.546791792e-1
val,486,C1=CC23CC2(C1)OCO3,6.525290489e0,-1.531294227e0,2.210368872e0,2.947158575e0,4.993996143e0,-1.467393994e0
val,487,CC1C(CC#N)C2OC12,8.296751022e0,-2.664480209e-1,2.210368872e0,2.947158575e0,8.030303001e0,9.115142822e-1
val,488,C1OC1C1CCC2OC21,9.439629555e0,3.435397446e-1,7.367897034e-1,9.823862314e-1,9.783169746e0,2.284863234e0
val,489,C#CCNc1[nH+]cco1,6.016437531e0,-8.485936522e-1,7.367897034e-1,9.823862314e-1,5.167843819e0,-1.331186533e0
val,490,O=C1CC2NC2C2OC12,5.858611107e0,-3.534798697e-2,7.367897034e-1,9.823862314e-1,5.823263168e0,-8.176736832e-1
val,491,N#CC1=CCC(O)C1N,5.806910038e0,1.039779782e0,7.367897034e-1,9.823862314e-1,6.846689701e0,-1.583187468e-2
val,492,C#CC(=O)CO[CH+][NH2+]C,4.802809238e0,6.116520166e-1,7.367897034e-1,9.823862314e-1,5.414461136e0,-1.137964964e0
val,493,OC12CC3COC(C1)C32,8.283145905e0,-2.501598895e-1,7.367897034e-1,9.823862314e-1,8.032985687e0,9.136161208e-1
val,494,CC1CC12OCCC2=O,5.804188728e0,-1.737631410e-1,7.367897034e-1,9.823862314e-1,5.630425453e0,-9.687596560e-1
val,495,COC(=O)N1CC(=O)C1,5.983783722e0,7.959644794e-1,7.367897034e-1,9.823862314e-1,6.779747963e0,-6.827988476e-2
val,496,CC1(C=O)OCOC1[NH-],6.049090862e0,-2.897436023e-1,7.367897034e-1,9.823862314e-1,5.759347439e0,-8.677508831e-1
val,497,CCC12OC1CC2C#N,7.989262581e0,1.127838969e0,7.367897034e-1,9.823862314e-1,9.117101669e0,1.763007402e0
val,498,Cc1cc(NO)cc[nH+]1,4.669473648e0,-8.604780436e-1,7.367897034e-1,9.823862314e-1,3.808995724e0,-2.395826817e0
val,499,CC12OC1CC2(O)CO,8.081781387e0,7.121062279e-1,7.367897034e-1,9.823862314e-1,8.793888092e0,1.509773612e0
test,0,CC1(C2CC2)CC=CC1,7.213738441e0,0.000000000e0,0.000000000e0,1.276346207e0,7.213738441e0,2.717461884e-1
test,1,CCC1(C2CO2)CN1,8.462740898e0,0.000000000e0,0.000000000e0,1.276346207e0,8.462740898e0,1.250323892e0
test,2,C[NH+]1C2C(O)C(NO)C21,6.283109188e0,0.000000000e0,0.000000000e0,1.276346207e0,6.283109188e0,-4.573901296e-1
test,3,CC1Oc2nc[nH]c2O1,5.627314568e0,0.000000000e0,0.000000000e0,1.276346207e0,5.627314568e0,-9.711969495e-1
test,4,CC(=O)N1CC1C1CO1,6.892644405e0,0.000000000e0,0.000000000e0,1.276346207e0,6.892644405e0,2.017305978e-2
test,5,CC(C)CCCCO,9.317178726e0,0.000000000e0,0.000000000e0,1.276346207e0,9.317178726e0,1.919765234e0
test,6,CC1=CC2C3OCC1C23,6.217801571e0,0.000000000e0,0.000000000e0,1.276346207e0,6.217801571e0,-5.085577965e-1
test,7,[NH-]C1=C(F)N=C(O)NO1,4.484436512e0,0.000000000e0,0.000000000e0,1.276346207e0,4.484436512e0,-1.866627574e0
test,8,C[NH+]1C2C(O)C(C=O)C21,5.249076366e0,0.000000000e0,0.000000000e0,1.276346207e0,5.249076366e0,-1.267541885e0
test,9,CC1(C)C2C3C[NH+]3C21C,7.662726402e0,0.000000000e0,0.000000000e0,1.276346207e0,7.662726402e0,6.235226393e-1
test,10,N#CC1(O)CC2(CO2)C1,7.638236046e0,0.000000000e0,0.000000000e0,1.276346207e0,7.638236046e0,6.043347120e-1
test,11,C1OC1C1OC1C1CO1,8.879075050e0,0.000000000e0,0.000000000e0,1.276346207e0,8.879075050e0,1.576516509e0
test,12,N#CCNC12CC(C1)C2,7.273603439e0,0.000000000e0,0.000000000e0,1.276346207e0,7.273603439e0,3.186496794e-1
test,13,CC(C)C1OC12CCC2,8.985198975e0,0.000000000e0,0.000000000e0,1.276346207e0,8.985198975e0,1.659663320e0
test,14,C1[NH+]2C3C4C5OC13C2C54,8.321241379e0,0.000000000e0,0.000000000e0,1.276346207e0,8.321241379e0,1.139460802e0
test,15,OCc1cc(F)ccn1,6.547059536e0,0.000000000e0,0.000000000e0,1.276346207e0,6.547059536e0,-2.505883574e-1
test,16,[NH-]C1=C(N)N=CNO1,4.873559475e0,0.000000000e0,0.000000000e0,1.276346207e0,4.873559475e0,-1.561754584e0
test,17,CC12CC(O1)C2O,9.055949211e0,0.000000000e0,0.000000000e0,1.276346207e0,9.055949211e0,1.715095162e0
test,18,CCC1C2C3CC3(C)[NH+]12,8.372943878e0,0.000000000e0,0.000000000e0,1.276346207e0,8.372943878e0,1.179969072e0
test,19,N#CC1C(N)C12COC2,7.159315586e0,0.000000000e0,0.000000000e0,1.276346207e0,7.159315586e0,2.291065753e-1
test,20,CCC1C2CC1(O)C2C,9.017853737e0,0.000000000e0,0.000000000e0,1.276346207e0,9.017853737e0,1.685247898e0
test,21,CC1C=CC=CC([NH-])O1,4.680358410e0,0.000000000e0,0.000000000e0,1.276346207e0,4.680358410e0,-1.713125229e0
test,22,COc1n[nH]nc1N,5.798746109e0,0.000000000e0,0.000000000e0,1.276346207e0,5.798746109e0,-8.368825316e-1
test,23,CC12OC(C1O)C2C=O,5.665410519e0,0.000000000e0,0.000000000e0,1.276346207e0,5.665410519e0,-9.413492680e-1
test,24,CNc1ncccc1N,5.221864700e0,0.000000000e0,0.000000000e0,1.276346207e0,5.221864700e0,-1.288861871e0
test,25,Cc1nccncc1=O,4.299399376e0,0.000000000e0,0.000000000e0,1.276346207e0,4.299399376e0,-2.011601925e0
test,26,CC(C)C1CCOCC1,8.879075050e0,0.000000000e0,0.000000000e0,1.276346207e0,8.879075050e0,1.576516509e0
test,27,OC12CC1CC21COC1,8.182463646e0,0.000000000e0,0.000000000e0,1.276346207e0,8.182463646e0,1.030730247e0
test,28,C1CC2(COC2)C2OC12,8.707643509e0,0.000000000e0,0.000000000e0,1.276346207e0,8.707643509e0,1.442202091e0
test,29,OC12COC1C2C1CC1,8.125319481e0,0.000000000e0,0.000000000e0,1.276346207e0,8.125319481e0,9.859585166e-1
test,30,CCC12CC3(C)C(O1)C23,8.152531624e0,0.000000000e0,0.000000000e0,1.276346207e0,8.152531624e0,1.007278919e0
test,31,C#CC1OC1(C)C1CN1,7.036864281e0,0.000000000e0,0.000000000e0,1.276346207e0,7.036864281e0,1.331675202e-1
test,32,ONC1C2CC1O[CH+][NH2+]2,6.506242275e0,0.000000000e0,0.000000000e0,1.276346207e0,6.506242275e0,-2.825681567e-1
test,33,CC1C2OC3C2C13C#N,7.257276535e0,0.000000000e0,0.000000000e0,1.276346207e0,7.257276535e0,3.058577478e-1
test,34,[H]N=C(N(C)C)C(F)(F)F,6.386512280e0,0.000000000e0,0.000000000e0,1.276346207e0,6.386512280e0,-3.763751090e-1
test,35,COC12C=CCOC1C2,6.615087986e0,0.000000000e0,0.000000000e0,1.276346207e0,6.615087986e0,-1.972889006e-1
test,36,CC1OCCCCC1=O,5.828679085e0,0.000000000e0,0.000000000e0,1.276346207e0,5.828679085e0,-8.134304285e-1
test,37,C1=CC2(CCC1)COC2,7.069517612e0,0.000000000e0,0.000000000e0,1.276346207e0,7.069517612e0,1.587509960e-1
test,38,C#CC(C)(C)COC=O,7.556602001e0,0.000000000e0,0.000000000e0,1.276346207e0,7.556602001e0,5.403754711e-1
test,39,O=CNC1CC12COC2,7.045027256e0,0.000000000e0,0.000000000e0,1.276346207e0,7.045027256e0,1.395631135e-1
test,40,CC1=CCC=CC2NC12,6.255897522e0,0.000000000e0,0.000000000e0,1.276346207e0,6.255897522e0,-4.787101150e-1
test,41,CCC(=O)CCOC,6.402839184e0,0.000000000e0,0.000000000e0,1.276346207e0,6.402839184e0,-3.635831773e-1
test,42,Nc1c(F)ccnc1F,5.638199329e0,0.000000000e0,0.000000000e0,1.276346207e0,5.638199329e0,-9.626688957e-1
test,43,Cc1nnc2occn12,6.013716221e0,0.000000000e0,0.000000000e0,1.276346207e0,6.013716221e0,-6.684561372e-1
test,44,[NH-]C1=C(F)C=NNO1,4.620493412e0,0.000000000e0,0.000000000e0,1.276346207e0,4.620493412e0,-1.760028720e0
test,45,OC12CC1CC2C1CC1,8.261377335e0,0.000000000e0,0.000000000e0,1.276346207e0,8.261377335e0,1.092558146e0
test,46,OCC1(O)CCOCC1,8.051848412e0,0.000000000e0,0.000000000e0,1.276346207e0,8.051848412e0,9.283948541e-1
test,47,CC(=O)C12C3CC1C2O3,5.899428368e0,0.000000000e0,0.000000000e0,1.276346207e0,5.899428368e0,-7.579992414e-1
test,48,Cc1cncc(F)c1F,6.345695019e0,0.000000000e0,0.000000000e0,1.276346207e0,6.345695019e0,-4.083549082e-1
test,49,CCC12CCC(N1)C2=O,6.196032524e0,0.000000000e0,0.000000000e0,1.276346207e0,6.196032524e0,-5.256136060e-1
test,50,N#CC1OCOCC1=O,5.464046478e0,0.000000000e0,0.000000000e0,1.276346207e0,5.464046478e0,-1.099115491e0
test,51,c1cncc(C2CN2)c1,6.010994911e0,0.000000000e0,0.000000000e0,1.276346207e0,6.010994911e0,-6.705882549e-1
test,52,CC1(C2(C)CC2)CC1,8.884517670e0,0.000000000e0,0.000000000e0,1.276346207e0,8.884517670e0,1.580780745e0
test,53,O=C1CC2CC(=O)C2N1,5.436834812e0,0.000000000e0,0.000000000e0,1.276346207e0,5.436834812e0,-1.120435476e0
test,54,CC1C2CC(C2=O)[NH+]1C,5.447719574e0,0.000000000e0,0.000000000e0,1.276346207e0,5.447719574e0,-1.111907363e0
test,55,CC1C2C3CC(C[NH+]12)O3,7.823273182e0,0.000000000e0,0.000000000e0,1.276346207e0,7.823273182e0,7.493090034e-1
test,56,OCCCc1cn[nH]n1,7.017816544e0,0.000000000e0,0.000000000e0,1.276346207e0,7.017816544e0,1.182438582e-1
test,57,OC1(C2CC2)COC1,8.506278992e0,0.000000000e0,0.000000000e0,1.276346207e0,8.506278992e0,1.284435511e0
test,58,CC1C=CCC1C1CC1,7.175642490e0,0.000000000e0,0.000000000e0,1.276346207e0,7.175642490e0,2.418985069e-1
test,59,O=C1NCC12COC2,7.363400936e0,0.000000000e0,0.000000000e0,1.276346207e0,7.363400936e0,3.890048862e-1
test,60,CC1CC(C)C(O)CO1,8.743018150e0,0.000000000e0,0.000000000e0,1.276346207e0,8.743018150e0,1.469917655e0
test,61,CNC(C#N)C#CC#N,5.722554207e0,0.000000000e0,0.000000000e0,1.276346207e0,5.722554207e0,-8.965778947e-1
test,62,NC=Nc1n[nH]nc1O,5.020500660e0,0.000000000e0,0.000000000e0,1.276346207e0,5.020500660e0,-1.446628094e0
test,63,CCC1=CCN=COC1,6.272224426e0,0.000000000e0,0.000000000e0,1.276346207e0,6.272224426e0,-4.659182131e-1
test,64,O=C1C2CC1C21CC1O,6.870874882e0,0.000000000e0,0.000000000e0,1.276346207e0,6.870874882e0,3.116910812e-3
test,65,CC1(O)CCCC(O)C1,8.653220177e0,0.000000000e0,0.000000000e0,1.276346207e0,8.653220177e0,1.399562001e0
test,66,CC1C2C1[NH+]1C2C1(C)C,7.445035458e0,0.000000000e0,0.000000000e0,1.276346207e0,7.445035458e0,4.529645145e-1
test,67,C1OC2C3C4C[NH+](C13)C42,8.511721611e0,0.000000000e0,0.000000000e0,1.276346207e0,8.511721611e0,1.288699746e0
test,68,C#CC1(C2CO2)CO1,7.660005569e0,0.000000000e0,0.000000000e0,1.276346207e0,7.660005569e0,6.213908792e-1
test,69,CC1(c2ncn[nH]2)CN1,7.058633804e0,0.000000000e0,0.000000000e0,1.276346207e0,7.058633804e0,1.502236724e-1
test,70,C1C2CC3(COC3)C12,8.596076965e0,0.000000000e0,0.000000000e0,1.276346207e0,8.596076965e0,1.354791045e0
test,71,O=CC1C2C=CC3C2[NH+]13,5.496700287e0,0.000000000e0,0.000000000e0,1.276346207e0,5.496700287e0,-1.073531628e0
test,72,CC1=CCN=COC1,6.334810734e0,0.000000000e0,0.000000000e0,1.276346207e0,6.334810734e0,-4.168826044e-1
test,73,O=Cc1ncnnn1,3.945650816e0,0.000000000e0,0.000000000e0,1.276346207e0,3.945650816e0,-2.288759470e0
test,74,C#CC12NC3C(=O)C1C32,5.932082176e0,0.000000000e0,0.000000000e0,1.276346207e0,5.932082176e0,-7.324153781e-1
test,75,C[NH+]1CCN(C=O)CC1,6.938903332e0,0.000000000e0,0.000000000e0,1.276346207e0,6.938903332e0,5.641634762e-2
test,76,CC12CC3C4C1C[NH+]4C32,8.163415909e0,0.000000000e0,0.000000000e0,1.276346207e0,8.163415909e0,1.015806556e0
test,77,CC(C)c1nccnn1,4.440898418e0,0.000000000e0,0.000000000e0,1.276346207e0,4.440898418e0,-1.900739074e0
test,78,C#CC(C)(OC)C(C)C,8.114435196e0,0.000000000e0,0.000000000e0,1.276346207e0,8.114435196e0,9.774307609e-1
test,79,OCC1C(O)C12COC2,7.932118893e0,0.000000000e0,0.000000000e0,1.276346207e0,7.932118893e0,8.345882297e-1
test,80,COC1CC2(CO2)C1O,8.438250542e0,0.000000000e0,0.000000000e0,1.276346207e0,8.438250542e0,1.231136084e0
test,81,C#CCC(=O)NC(C)=O,6.084465981e0,0.000000000e0,0.000000000e0,1.276346207e0,6.084465981e0,-6.130245924e-1
test,82,CCCC1CC12COC2,8.470904350e0,0.000000000e0,0.000000000e0,1.276346207e0,8.470904350e0,1.256719947e0
test,83,O=CCC(CO)CC=O,5.657247066e0,0.000000000e0,0.000000000e0,1.276346207e0,5.657247066e0,-9.477452040e-1
test,84,CCOC(C)CO,9.088603020e0,0.000000000e0,0.000000000e0,1.276346207e0,9.088603020e0,1.740679026e0
test,85,O=CNC1C2CC1C2,7.521226883e0,0.000000000e0,0.000000000e0,1.276346207e0,7.521226883e0,5.126595497e-1
test,86,CC(C)([NH3+])CC(=O)[O-],3.997352600e0,0.000000000e0,0.000000000e0,1.276346207e0,3.997352600e0,-2.248251677e0
test,87,CCC(=O)C(C)CO,6.274945736e0,0.000000000e0,0.000000000e0,1.276346207e0,6.274945736e0,-4.637860954e-1
test,88,OC12C=CCC3C(C1)C32,6.968835831e0,0.000000000e0,0.000000000e0,1.276346207e0,6.968835831e0,7.986808568e-2
test,89,NC(=O)C1(O)C2CC1C2,6.930739880e0,0.000000000e0,0.000000000e0,1.276346207e0,6.930739880e0,5.002038553e-2
test,90,C1=CC23C=CC1[NH+]2CC3,5.194653511e0,0.000000000e0,0.000000000e0,1.276346207e0,5.194653511e0,-1.310181499e0
test,91,O=COC12CC(C1)C2,7.591977119e0,0.000000000e0,0.000000000e0,1.276346207e0,7.591977119e0,5.680914521e-1
test,92,CNC1=CC=CC(F)O1,4.566070557e0,0.000000000e0,0.000000000e0,1.276346207e0,4.566070557e0,-1.802668333e0
test,93,CCC1C2OC3C1C23,8.272260666e0,0.000000000e0,0.000000000e0,1.276346207e0,8.272260666e0,1.101085067e0
test,94,C#CC1OC1C1OC1C,7.548438072e0,0.000000000e0,0.000000000e0,1.276346207e0,7.548438072e0,5.339791775e-1
test,95,O=CN1C2CC1C21CC1,6.775634766e0,0.000000000e0,0.000000000e0,1.276346207e0,6.775634766e0,-7.150252163e-2
test,96,CC1COCC(C)C1C,8.492672920e0,0.000000000e0,0.000000000e0,1.276346207e0,8.492672920e0,1.273775339e0
test,97,COC1C2C(C)C1C2O,8.653220177e0,0.000000000e0,0.000000000e0,1.276346207e0,8.653220177e0,1.399562001e0
test,98,CCC#CCCC(C)=O,6.117119789e0,0.000000000e0,0.000000000e0,1.276346207e0,6.117119789e0,-5.874407291e-1
test,99,CNC(=O)OCCC=O,6.193311214e0,0.000000000e0,0.000000000e0,1.276346207e0,6.193311214e0,-5.277457237e-1
test,100,Cc1cc[nH]c1C1CC1,6.307599545e0,0.000000000e0,0.000000000e0,1.276346207e0,6.307599545e0,-4.382022321e-1
test,101,N#CCOC([NH-])CCO,7.279046059e0,0.000000000e0,0.000000000e0,1.276346207e0,7.279046059e0,3.229138851e-1
test,102,O=C1CC2NC2CCN1,7.279046059e0,0.000000000e0,0.000000000e0,1.276346207e0,7.279046059e0,3.229138851e-1
test,103,CC1NCC2NC12C#N,6.625972271e0,0.000000000e0,0.000000000e0,1.276346207e0,6.625972271e0,-1.887612045e-1
test,104,OC1CC2(C3CC3)NC12,8.236886978e0,0.000000000e0,0.000000000e0,1.276346207e0,8.236886978e0,1.073370218e0
test,105,CC12CCC1[NH+]2CC=O,6.065417767e0,0.000000000e0,0.000000000e0,1.276346207e0,6.065417767e0,-6.279486418e-1
test,106,COc1ccc(F)nc1,5.425950050e0,0.000000000e0,0.000000000e0,1.276346207e0,5.425950050e0,-1.128963590e0
test,107,CC12CC(=O)C3CC1C32,6.089908123e0,0.000000000e0,0.000000000e0,1.276346207e0,6.089908123e0,-6.087607145e-1
test,108,O=C1C=CC2C3OC3C12,5.053154469e0,0.000000000e0,0.000000000e0,1.276346207e0,5.053154469e0,-1.421044230e0
test,109,C#CC(O)(C=O)CO,5.540238380e0,0.000000000e0,0.000000000e0,1.276346207e0,5.540238380e0,-1.039420009e0
test,110,CC1=CC(C)CNC1=O,5.779698372e0,0.000000000e0,0.000000000e0,1.276346207e0,5.779698372e0,-8.518061638e-1
test,111,CC1(CO)CCC12CO2,8.821931839e0,0.000000000e0,0.000000000e0,1.276346207e0,8.821931839e0,1.531745553e0
test,112,CCC12C[NH+]1C1CC12,7.945724487e0,0.000000000e0,0.000000000e0,1.276346207e0,7.945724487e0,8.452480435e-1
test,113,O=C1C=CCCN1,5.657247066e0,0.000000000e0,0.000000000e0,1.276346207e0,5.657247066e0,-9.477452040e-1
test,114,CC1=NC(=O)OC([NH-])O1,6.136167526e0,0.000000000e0,0.000000000e0,1.276346207e0,6.136167526e0,-5.725170970e-1
test,115,O=C1NC23COC(C2)C13,6.789240837e0,0.000000000e0,0.000000000e0,1.276346207e0,6.789240837e0,-6.084233895e-2
test,116,Cn1nc(N)ncc1=O,3.825920820e0,0.000000000e0,0.000000000e0,1.276346207e0,3.825920820e0,-2.382566452e0
test,117,O=C1CC(C2CCC2)C1,6.059975624e0,0.000000000e0,0.000000000e0,1.276346207e0,6.059975624e0,-6.322124600e-1
test,118,[NH-]c1n[cH+][nH]ccc1=O,4.808251858e0,0.000000000e0,0.000000000e0,1.276346207e0,4.808251858e0,-1.612922311e0
test,119,C#CC12CC(C1)C2C#N,7.668168545e0,0.000000000e0,0.000000000e0,1.276346207e0,7.668168545e0,6.277864575e-1
test,120,C[NH+]1C2CC3C1C2[NH+]3C,7.828715801e0,0.000000000e0,0.000000000e0,1.276346207e0,7.828715801e0,7.535732388e-1
test,121,CCC(C)N(C)C(N)=O,7.874975204e0,0.000000000e0,0.000000000e0,1.276346207e0,7.874975204e0,7.898169160e-1
test,122,C#CC(O)CCOC,7.711706638e0,0.000000000e0,0.000000000e0,1.276346207e0,7.711706638e0,6.618980169e-1
test,123,N#CC1C2CCCCC12,8.291309357e0,0.000000000e0,0.000000000e0,1.276346207e0,8.291309357e0,1.116009474e0
test,124,CC12CC3C4C[NH+](C41)C32,8.166136742e0,0.000000000e0,0.000000000e0,1.276346207e0,8.166136742e0,1.017938256e0
test,125,CC1C2CC1C2(C)O,8.960708618e0,0.000000000e0,0.000000000e0,1.276346207e0,8.960708618e0,1.640475392e0
test,126,CC(C)(C)C(C)(O)C=O,6.054533005e0,0.000000000e0,0.000000000e0,1.276346207e0,6.054533005e0,-6.364766955e-1
test,127,O=CCOC1C2CC1C2,6.231407166e0,0.000000000e0,0.000000000e0,1.276346207e0,6.231407166e0,-4.978980124e-1
test,128,C#Cc1nc(=O)cno1,4.838184357e0,0.000000000e0,0.000000000e0,1.276346207e0,4.838184357e0,-1.589470625e0
test,129,N#CCC12C[NH+]1C1CC12,7.265439510e0,0.000000000e0,0.000000000e0,1.276346207e0,7.265439510e0,3.122533262e-1
test,130,O=C1CCC(=O)OCO1,7.145709991e0,0.000000000e0,0.000000000e0,1.276346207e0,7.145709991e0,2.184467614e-1
test,131,C#CC1CCCOC1[NH-],7.371564865e0,0.000000000e0,0.000000000e0,1.276346207e0,7.371564865e0,3.954012096e-1
test,132,Cc1n[nH]nc1C(C)C,6.813731194e0,0.000000000e0,0.000000000e0,1.276346207e0,6.813731194e0,-4.165445268e-2
test,133,OC12CCC3(CO3)C1C2,8.944382668e0,0.000000000e0,0.000000000e0,1.276346207e0,8.944382668e0,1.627684236e0
test,134,O=Cc1ccc(=O)on1,4.530695915e0,0.000000000e0,0.000000000e0,1.276346207e0,4.530695915e0,-1.830383897e0
test,135,[NH-]C1=C(O)C(N)=NNO1,3.844968557e0,0.000000000e0,0.000000000e0,1.276346207e0,3.844968557e0,-2.367642641e0
test,136,CC1C(O)C1(O)C1CC1,7.640957355e0,0.000000000e0,0.000000000e0,1.276346207e0,7.640957355e0,6.064668298e-1
test,137,CCC1CC2(CO2)C1C,8.922613144e0,0.000000000e0,0.000000000e0,1.276346207e0,8.922613144e0,1.610628009e0
test,138,O=CCC12CC3C(O1)C32,5.866774559e0,0.000000000e0,0.000000000e0,1.276346207e0,5.866774559e0,-7.835830450e-1
test,139,OC1CNc2[nH]cnc21,6.147051811e0,0.000000000e0,0.000000000e0,1.276346207e0,6.147051811e0,-5.639893413e-1
test,140,CC1CCC(NO)CC1,6.857269287e0,0.000000000e0,0.000000000e0,1.276346207e0,6.857269287e0,-7.542901672e-3
test,141,O=C1OC2C(O1)C1OC21,8.914449692e0,0.000000000e0,0.000000000e0,1.276346207e0,8.914449692e0,1.604232073e0
test,142,Oc1ncc(F)cc1F,5.436834812e0,0.000000000e0,0.000000000e0,1.276346207e0,5.436834812e0,-1.120435476e0
test,143,CC1OC2C3C4CC13C42,8.808325768e0,0.000000000e0,0.000000000e0,1.276346207e0,8.808325768e0,1.521085382e0
test,144,COC1C2CC1C2C,9.371601105e0,0.000000000e0,0.000000000e0,1.276346207e0,9.371601105e0,1.962404490e0
test,145,c1n[nH]c2c1NCC2,5.779698372e0,0.000000000e0,0.000000000e0,1.276346207e0,5.779698372e0,-8.518061638e-1
test,146,CCOC([NH-])CC=O,6.065417767e0,0.000000000e0,0.000000000e0,1.276346207e0,6.065417767e0,-6.279486418e-1
test,147,CC1C2(CO2)CC12CO2,8.563423157e0,0.000000000e0,0.000000000e0,1.276346207e0,8.563423157e0,1.329207182e0
test,148,CC12CC(C1)C2(C)O,8.903565407e0,0.000000000e0,0.000000000e0,1.276346207e0,8.903565407e0,1.595704436e0
test,149,CCNc1n[nH]nc1O,5.640920639e0,0.000000000e0,0.000000000e0,1.276346207e0,5.640920639e0,-9.605367780e-1
test,150,OCC1(C2CCO2)CO1,8.674989700e0,0.000000000e0,0.000000000e0,1.276346207e0,8.674989700e0,1.416618228e0
test,151,CC12CC(C1)C2C=O,5.932082176e0,0.000000000e0,0.000000000e0,1.276346207e0,5.932082176e0,-7.324153781e-1
test,152,CC1CCC(C)C(O)C1,9.017853737e0,0.000000000e0,0.000000000e0,1.276346207e0,9.017853737e0,1.685247898e0
test,153,C#CCC(C#N)CC#N,7.820552349e0,0.000000000e0,0.000000000e0,1.276346207e0,7.820552349e0,7.471772432e-1
test,154,CCC1OC1C1CO1,9.224658966e0,0.000000000e0,0.000000000e0,1.276346207e0,9.224658966e0,1.847277164e0
test,155,O=CC1C=CCCC=C1,5.423229218e0,0.000000000e0,0.000000000e0,1.276346207e0,5.423229218e0,-1.131095290e0
test,156,OC1CCn2nncc21,6.870874882e0,0.000000000e0,0.000000000e0,1.276346207e0,6.870874882e0,3.116910812e-3
test,157,C[NH+]1CC2OC3C1C23O,7.200132847e0,0.000000000e0,0.000000000e0,1.276346207e0,7.200132847e0,2.610863745e-1
test,158,Nc1n[nH]nc(N)c1=O,4.024563789e0,0.000000000e0,0.000000000e0,1.276346207e0,4.024563789e0,-2.226932049e0
test,159,CCOC1C2CC1C2,9.360716820e0,0.000000000e0,0.000000000e0,1.276346207e0,9.360716820e0,1.953876734e0
test,160,OC1C2C3C4CC2[NH+]4C13,8.068176270e0,0.000000000e0,0.000000000e0,1.276346207e0,8.068176270e0,9.411875010e-1
test,161,CNc1[nH]nc[n+]1C=O,4.761992455e0,0.000000000e0,0.000000000e0,1.276346207e0,4.761992455e0,-1.649165988e0
test,162,CC12NC1COC2CO,8.215117455e0,0.000000000e0,0.000000000e0,1.276346207e0,8.215117455e0,1.056314111e0
test,163,C#CCc1n[nH]nc1C,6.868154049e0,0.000000000e0,0.000000000e0,1.276346207e0,6.868154049e0,9.851724608e-4
test,164,CC(O)C1C2CC1(C)C2,9.088603020e0,0.000000000e0,0.000000000e0,1.276346207e0,9.088603020e0,1.740679026e0
test,165,CC(O)C1OC12CCC2,8.699480057e0,0.000000000e0,0.000000000e0,1.276346207e0,8.699480057e0,1.435806036e0
test,166,OCC#Cc1cn[nH]n1,5.918476582e0,0.000000000e0,0.000000000e0,1.276346207e0,5.918476582e0,-7.430751920e-1
test,167,N#CC(CCO)O[CH+][NH-],7.551159859e0,0.000000000e0,0.000000000e0,1.276346207e0,7.551159859e0,5.361116529e-1
test,168,CCC1OCC12CC2O,8.419202805e0,0.000000000e0,0.000000000e0,1.276346207e0,8.419202805e0,1.216212392e0
test,169,[NH-]C1OC2CC3CC12N3,7.107614040e0,0.000000000e0,0.000000000e0,1.276346207e0,7.107614040e0,1.885990649e-1
test,170,CC1=CC2COC3C1C23,6.296714783e0,0.000000000e0,0.000000000e0,1.276346207e0,6.296714783e0,-4.467303157e-1
test,171,CC1COC([NH-])C(C)C1,7.496736526e0,0.000000000e0,0.000000000e0,1.276346207e0,7.496736526e0,4.934716523e-1
test,172,CC1C2CC1(O)C2C,9.028738022e0,0.000000000e0,0.000000000e0,1.276346207e0,9.028738022e0,1.693775535e0
test,173,C1CC2C3CC4C(C13)C24,9.458678246e0,0.000000000e0,0.000000000e0,1.276346207e0,9.458678246e0,2.030628443e0
test,174,OCCCC12CC(C1)C2,9.330784798e0,0.000000000e0,0.000000000e0,1.276346207e0,9.330784798e0,1.930425406e0
test,175,CC1OC1C1(C)CN1,8.666826248e0,0.000000000e0,0.000000000e0,1.276346207e0,8.666826248e0,1.410222292e0
test,176,O=C1CC2C3C1CC23O,6.111677170e0,0.000000000e0,0.000000000e0,1.276346207e0,6.111677170e0,-5.917049646e-1
test,177,C#CC1(CC)C2CC1C2,8.117156029e0,0.000000000e0,0.000000000e0,1.276346207e0,8.117156029e0,9.795625210e-1
test,178,OCCCC1C2CC1C2,9.328063011e0,0.000000000e0,0.000000000e0,1.276346207e0,9.328063011e0,1.928292990e0
test,179,OCC1CCC(O)CO1,8.838258743e0,0.000000000e0,0.000000000e0,1.276346207e0,8.838258743e0,1.544537425e0
test,180,[H]N=CN(C)c1cn[nH]n1,5.485815525e0,0.000000000e0,0.000000000e0,1.276346207e0,5.485815525e0,-1.082059741e0
test,181,CNc1nc(O)nn[nH+]1,4.179668903e0,0.000000000e0,0.000000000e0,1.276346207e0,4.179668903e0,-2.105409145e0
test,182,CCC1C2OC1C2=O,6.691279888e0,0.000000000e0,0.000000000e0,1.276346207e0,6.691279888e0,-1.375935078e-1
test,183,C#CC1C2CC1C2CC,8.122598648e0,0.000000000e0,0.000000000e0,1.276346207e0,8.122598648e0,9.838267565e-1
test,184,CC12C3[CH-]C4C(C41)[NH+]2C3,4.922539711e0,0.000000000e0,0.000000000e0,1.276346207e0,4.922539711e0,-1.523379207e0
test,185,CC1[NH+]2C3(C)CC3C12C,7.657283783e0,0.000000000e0,0.000000000e0,1.276346207e0,7.657283783e0,6.192584038e-1
test,186,N#CCn1ncc(N)n1,5.776977062e0,0.000000000e0,0.000000000e0,1.276346207e0,5.776977062e0,-8.539382815e-1
test,187,O=CC1(O)C2C3C[NH+]3C21,5.208259583e0,0.000000000e0,0.000000000e0,1.276346207e0,5.208259583e0,-1.299521327e0
test,188,CC1C2C(C)C1C2(C)O,8.879075050e0,0.000000000e0,0.000000000e0,1.276346207e0,8.879075050e0,1.576516509e0
test,189,CC12C3CC1C(O3)C2O,8.089944839e0,0.000000000e0,0.000000000e0,1.276346207e0,8.089944839e0,9.582428932e-1
test,190,CCC1Cc2cncn21,6.955230236e0,0.000000000e0,0.000000000e0,1.276346207e0,6.955230236e0,6.920827180e-2
test,191,CC1CC2CC2CC1C,8.993363380e0,0.000000000e0,0.000000000e0,1.276346207e0,8.993363380e0,1.666059971e0
test,192,CC(C)C12CC(C1)C2C,9.722628593e0,0.000000000e0,0.000000000e0,1.276346207e0,9.722628593e0,2.237430096e0
test,193,Cc1nc(F)ccc1N,5.145672798e0,0.000000000e0,0.000000000e0,1.276346207e0,5.145672798e0,-1.348557234e0
test,194,CC12COC3CC1OC32,8.699480057e0,0.000000000e0,0.000000000e0,1.276346207e0,8.699480057e0,1.435806036e0
test,195,Cc1ccc(F)nc1F,5.959293365e0,0.000000000e0,0.000000000e0,1.276346207e0,5.959293365e0,-7.110957503e-1
test,196,CC(=O)C1C2CC1C2,6.084465981e0,0.000000000e0,0.000000000e0,1.276346207e0,6.084465981e0,-6.130245924e-1
test,197,CC1C2[NH+]1C1C(O)C21O,7.564764977e0,0.000000000e0,0.000000000e0,1.276346207e0,7.564764977e0,5.467711091e-1
test,198,O=CC(C=O)NCCO,4.802809238e0,0.000000000e0,0.000000000e0,1.276346207e0,4.802809238e0,-1.617186546e0
test,199,CC1(O)C2CC3C(O2)C31,8.775671959e0,0.000000000e0,0.000000000e0,1.276346207e0,8.775671959e0,1.495501518e0
test,200,O=C1CN=COCC1=O,4.149736404e0,0.000000000e0,0.000000000e0,1.276346207e0,4.149736404e0,-2.128860950e0
test,201,CC12C3CC1C2OC3=O,7.330747128e0,0.000000000e0,0.000000000e0,1.276346207e0,7.330747128e0,3.634210229e-1
test,202,[NH-]C1=C[CH-]C(=O)C=NN1,4.367427349e0,0.000000000e0,0.000000000e0,1.276346207e0,4.367427349e0,-1.958302736e0
test,203,C#CCN=C(N)OC,7.559322834e0,0.000000000e0,0.000000000e0,1.276346207e0,7.559322834e0,5.425072312e-1
test,204,[CH-]1C[NH+]2C3C1C1NC1C32,5.314383507e0,0.000000000e0,0.000000000e0,1.276346207e0,5.314383507e0,-1.216374516e0
test,205,COC1C(O)C12COC2,7.986541748e0,0.000000000e0,0.000000000e0,1.276346207e0,7.986541748e0,8.772279024e-1
test,206,CC12C[NH+]3C4C(O1)C4C32,7.439593315e0,0.000000000e0,0.000000000e0,1.276346207e0,7.439593315e0,4.487006664e-1
test,207,CC1OC1C1(C#N)CN1,7.812388420e0,0.000000000e0,0.000000000e0,1.276346207e0,7.812388420e0,7.407809496e-1
test,208,Oc1ccc(O)c(F)n1,5.216422558e0,0.000000000e0,0.000000000e0,1.276346207e0,5.216422558e0,-1.293125749e0
test,209,CC#Cc1ccncc1,5.458603859e0,0.000000000e0,0.000000000e0,1.276346207e0,5.458603859e0,-1.103379726e0
test,210,CCCc1cccnc1,6.204195976e0,0.000000000e0,0.000000000e0,1.276346207e0,6.204195976e0,-5.192176104e-1
test,211,CCCOC12CC(C1)C2,9.211053848e0,0.000000000e0,0.000000000e0,1.276346207e0,9.211053848e0,1.836617708e0
test,212,c1nc(C2CCC2)no1,7.118498325e0,0.000000000e0,0.000000000e0,1.276346207e0,7.118498325e0,1.971267611e-1
test,213,CC#CC(C)(O)CC=O,5.972899437e0,0.000000000e0,0.000000000e0,1.276346207e0,5.972899437e0,-7.004355788e-1
test,214,[NH-]C1CC2CCCC2O1,7.728034019e0,0.000000000e0,0.000000000e0,1.276346207e0,7.728034019e0,6.746903062e-1
test,215,CC12CC(CO)(O1)C2O,8.726691246e0,0.000000000e0,0.000000000e0,1.276346207e0,8.726691246e0,1.457125664e0
test,216,C#CC1(C)OC12CCC2,7.616467476e0,0.000000000e0,0.000000000e0,1.276346207e0,7.616467476e0,5.872793198e-1
test,217,CC1(C)CC(C2CO2)O1,8.857306480e0,0.000000000e0,0.000000000e0,1.276346207e0,8.857306480e0,1.559461117e0
test,218,C1OC2C3CC12C1NC31,8.057291031e0,0.000000000e0,0.000000000e0,1.276346207e0,8.057291031e0,9.326590300e-1
test,219,COC12CC3OC1C32C,7.970214844e0,0.000000000e0,0.000000000e0,1.276346207e0,7.970214844e0,8.644359708e-1
test,220,C[NH+]=C(N)C#CC(=O)[O-],3.398702145e0,0.000000000e0,0.000000000e0,1.276346207e0,3.398702145e0,-2.717286825e0
test,221,CC1C2C=CC(O)C[NH+]12,6.013716221e0,0.000000000e0,0.000000000e0,1.276346207e0,6.013716221e0,-6.684561372e-1
test,222,CC(C)(O)C1C2CC1C2,8.718527794e0,0.000000000e0,0.000000000e0,1.276346207e0,8.718527794e0,1.450729728e0
test,223,CC(=O)C(C)CNC=O,6.220522881e0,0.000000000e0,0.000000000e0,1.276346207e0,6.220522881e0,-5.064257383e-1
test,224,N#Cc1n[nH]nc1CO,6.315762520e0,0.000000000e0,0.000000000e0,1.276346207e0,6.315762520e0,-4.318066537e-1
test,225,C1OCC23C4C5C([NH+]42)C153,7.257276535e0,0.000000000e0,0.000000000e0,1.276346207e0,7.257276535e0,3.058577478e-1
test,226,c1n[nH]c(C2CN2)n1,7.028701305e0,0.000000000e0,0.000000000e0,1.276346207e0,7.028701305e0,1.267719269e-1
test,227,CC1C2(C)CC1(O)C2C,8.898122787e0,0.000000000e0,0.000000000e0,1.276346207e0,8.898122787e0,1.591440201e0
test,228,C#CC1C2C=CC3C2[NH+]13,6.193311214e0,0.000000000e0,0.000000000e0,1.276346207e0,6.193311214e0,-5.277457237e-1
test,229,CCC#CC12CC(C1)C2,7.847763538e0,0.000000000e0,0.000000000e0,1.276346207e0,7.847763538e0,7.684968710e-1
test,230,C[NH2+]C1ONN=C[CH+]1C,4.321168423e0,0.000000000e0,0.000000000e0,1.276346207e0,4.321168423e0,-1.994546056e0
test,231,CCCC12CC(O1)C2=O,6.634135723e0,0.000000000e0,0.000000000e0,1.276346207e0,6.634135723e0,-1.823652387e-1
test,232,OC1(C23CCC2N3)CC1,8.250492096e0,0.000000000e0,0.000000000e0,1.276346207e0,8.250492096e0,1.084029675e0
test,233,OC1C2CCC2C2CC12,8.566143990e0,0.000000000e0,0.000000000e0,1.276346207e0,8.566143990e0,1.331339002e0
test,234,[NH-]C1C=NC(=O)N=CN1,4.914376259e0,0.000000000e0,0.000000000e0,1.276346207e0,4.914376259e0,-1.529775143e0
test,235,CC1=NC(C)C=CCO1,6.544338226e0,0.000000000e0,0.000000000e0,1.276346207e0,6.544338226e0,-2.527204454e-1
test,236,CN(C)c1ncnnn1,4.525253296e0,0.000000000e0,0.000000000e0,1.276346207e0,4.525253296e0,-1.834648132e0
test,237,O=CC1=CC2C[NH+]2CC1,4.704848766e0,0.000000000e0,0.000000000e0,1.276346207e0,4.704848766e0,-1.693937302e0
test,238,CCCC1(C2CN2)CO1,8.906287193e0,0.000000000e0,0.000000000e0,1.276346207e0,8.906287193e0,1.597836852e0
test,239,CC1=CC(=O)CC2CN12,5.091249943e0,0.000000000e0,0.000000000e0,1.276346207e0,5.091249943e0,-1.391196847e0
test,240,O=C1COC1C1CC1,6.002831459e0,0.000000000e0,0.000000000e0,1.276346207e0,6.002831459e0,-6.769841909e-1
test,241,CC1(C2(C#N)CC2)CC1,8.079060555e0,0.000000000e0,0.000000000e0,1.276346207e0,8.079060555e0,9.497151971e-1
test,242,CCC1C(=O)CC12CC2,5.915755272e0,0.000000000e0,0.000000000e0,1.276346207e0,5.915755272e0,-7.452073097e-1
test,243,Cc1nc(F)ccc1O,5.431392670e0,0.000000000e0,0.000000000e0,1.276346207e0,5.431392670e0,-1.124699354e0
test,244,O=CC1CCCCO1,6.163379192e0,0.000000000e0,0.000000000e0,1.276346207e0,6.163379192e0,-5.511970520e-1
test,245,CC1(c2ncco2)CO1,6.353858471e0,0.000000000e0,0.000000000e0,1.276346207e0,6.353858471e0,-4.019589424e-1
test,246,CC1C2CC1C2NO,7.352516651e0,0.000000000e0,0.000000000e0,1.276346207e0,7.352516651e0,3.804771900e-1
test,247,CC1=NCC=CCO1,6.813731194e0,0.000000000e0,0.000000000e0,1.276346207e0,6.813731194e0,-4.165445268e-2
test,248,CC1C2C3C(O)C3(C)[NH+]12,8.098108292e0,0.000000000e0,0.000000000e0,1.276346207e0,8.098108292e0,9.646388888e-1
test,249,O=C1OC2C=CC1OC2,5.891264915e0,0.000000000e0,0.000000000e0,1.276346207e0,5.891264915e0,-7.643951774e-1
test,250,CC(O)C(=O)CC(N)=O,5.687179565e0,0.000000000e0,0.000000000e0,1.276346207e0,5.687179565e0,-9.242935181e-1
test,251,C[NH+]1C2C(O)C1C2C=O,5.630035877e0,0.000000000e0,0.000000000e0,1.276346207e0,5.630035877e0,-9.690648317e-1
test,252,CC1OCCCC1O,8.781113625e0,0.000000000e0,0.000000000e0,1.276346207e0,8.781113625e0,1.499764919e0
test,253,CC(C)C1C2OC1C2=O,6.688558578e0,0.000000000e0,0.000000000e0,1.276346207e0,6.688558578e0,-1.397256255e-1
test,254,O=CC1COC1C1CO1,5.951130390e0,0.000000000e0,0.000000000e0,1.276346207e0,5.951130390e0,-7.174913287e-1
test,255,O=CC(=O)C1C2CC1C2,4.106198311e0,0.000000000e0,0.000000000e0,1.276346207e0,4.106198311e0,-2.162972450e0
test,256,C#Cc1cnccc1C,5.453161716e0,0.000000000e0,0.000000000e0,1.276346207e0,5.453161716e0,-1.107643485e0
test,257,O=CC1=CCC2CC1O2,4.955193520e0,0.000000000e0,0.000000000e0,1.276346207e0,4.955193520e0,-1.497795343e0
test,258,CC1(O)C2C3C2[NH+]2C3C21,7.744359970e0,0.000000000e0,0.000000000e0,1.276346207e0,7.744359970e0,6.874815226e-1
test,259,CC1[NH+](C)C12CCOC2,8.144367218e0,0.000000000e0,0.000000000e0,1.276346207e0,8.144367218e0,1.000882149e0
test,260,CC1(C2CC3CC32)CC1,8.941660881e0,0.000000000e0,0.000000000e0,1.276346207e0,8.941660881e0,1.625551701e0
test,261,C#CC12CC1C1C2[NH+]1C,7.406939030e0,0.000000000e0,0.000000000e0,1.276346207e0,7.406939030e0,4.231164455e-1
test,262,CC1(C=O)CCC12CO2,6.089908123e0,0.000000000e0,0.000000000e0,1.276346207e0,6.089908123e0,-6.087607145e-1
test,263,Cc1ncnnn1,4.389196396e0,0.000000000e0,0.000000000e0,1.276346207e0,4.389196396e0,-1.941246986e0
test,264,CC(=O)C(CO)C(C)C,6.122561455e0,0.000000000e0,0.000000000e0,1.276346207e0,6.122561455e0,-5.831772685e-1
test,265,C1=CC2CCC2=CCC1,6.715770245e0,0.000000000e0,0.000000000e0,1.276346207e0,6.715770245e0,-1.184056252e-1
test,266,CC1OC12CCC2CO,8.930777550e0,0.000000000e0,0.000000000e0,1.276346207e0,8.930777550e0,1.617024779e0
test,267,C1=NCC2CC3C(O1)C23,7.295372486e0,0.000000000e0,0.000000000e0,1.276346207e0,7.295372486e0,3.357054591e-1
test,268,CC1=CC(O)CNC1=O,5.730718136e0,0.000000000e0,0.000000000e0,1.276346207e0,5.730718136e0,-8.901816010e-1
test,269,Nc1ccnc(O)c1O,5.790582657e0,0.000000000e0,0.000000000e0,1.276346207e0,5.790582657e0,-8.432784677e-1
test,270,CC1CC1C1(O)CC1O,8.440972328e0,0.000000000e0,0.000000000e0,1.276346207e0,8.440972328e0,1.233268499e0
test,271,Nc1ccnc(=O)[nH]1,5.055875301e0,0.000000000e0,0.000000000e0,1.276346207e0,5.055875301e0,-1.418912411e0
test,272,CCC12CC(O)C1[NH+]2C,8.024637222e0,0.000000000e0,0.000000000e0,1.276346207e0,8.024637222e0,9.070752263e-1
test,273,C#CC12OC(C1O)C2O,6.851827145e0,0.000000000e0,0.000000000e0,1.276346207e0,6.851827145e0,-1.180675160e-2
test,274,CC1C(=O)N2CC(O)C12,6.476309776e0,0.000000000e0,0.000000000e0,1.276346207e0,6.476309776e0,-3.060199022e-1
test,275,OC1C=CC2CC1O2,6.476309776e0,0.000000000e0,0.000000000e0,1.276346207e0,6.476309776e0,-3.060199022e-1
test,276,C1OCc2nnoc2O1,5.806910038e0,0.000000000e0,0.000000000e0,1.276346207e0,5.806910038e0,-8.304861784e-1
test,277,C1=C2NCC3C[NH+]([CH+]1)C23,5.053154469e0,0.000000000e0,0.000000000e0,1.276346207e0,5.053154469e0,-1.421044230e0
test,278,O=C1COC(=O)C2NC12,5.855890274e0,0.000000000e0,0.000000000e0,1.276346207e0,5.855890274e0,-7.921108007e-1
test,279,C[NH+]1CC2OC3CCC321,7.325304985e0,0.000000000e0,0.000000000e0,1.276346207e0,7.325304985e0,3.591571748e-1
test,280,Cc1cc(C2CO2)n[nH]1,6.710327625e0,0.000000000e0,0.000000000e0,1.276346207e0,6.710327625e0,-1.226698458e-1
test,281,CC1C(C)C12COC2,8.386548996e0,0.000000000e0,0.000000000e0,1.276346207e0,8.386548996e0,1.190628529e0
test,282,CCC(=O)C(C)CC,6.269503117e0,0.000000000e0,0.000000000e0,1.276346207e0,6.269503117e0,-4.680503011e-1
test,283,[NH-]C1CC=CC(=O)N1,5.526632309e0,0.000000000e0,0.000000000e0,1.276346207e0,5.526632309e0,-1.050080299e0
test,284,c1cc2c([nH]1)COCC2,6.538896084e0,0.000000000e0,0.000000000e0,1.276346207e0,6.538896084e0,-2.569842935e-1
test,285,CC(C)n1nccn1,7.039586067e0,0.000000000e0,0.000000000e0,1.276346207e0,7.039586067e0,1.353000104e-1
test,286,[NH-]C1OCC(=O)CO1,5.673573971e0,0.000000000e0,0.000000000e0,1.276346207e0,5.673573971e0,-9.349533319e-1
test,287,C#CCOCC(C)=NO,6.748423576e0,0.000000000e0,0.000000000e0,1.276346207e0,6.748423576e0,-9.282214940e-2
test,288,C[NH+]1CC1C1CC2OC21,8.239607811e0,0.000000000e0,0.000000000e0,1.276346207e0,8.239607811e0,1.075501919e0
test,289,CCC1CCC([NH-])OC1,7.523947716e0,0.000000000e0,0.000000000e0,1.276346207e0,7.523947716e0,5.147912502e-1
test,290,C[n+]1c([NH-])[nH]cnc1=O,5.689900398e0,0.000000000e0,0.000000000e0,1.276346207e0,5.689900398e0,-9.221617579e-1
test,291,C#Cc1ccnc(N)c1,4.827299595e0,0.000000000e0,0.000000000e0,1.276346207e0,4.827299595e0,-1.597998619e0
test,292,CC12CC(CO)(O1)C2=O,6.590597630e0,0.000000000e0,0.000000000e0,1.276346207e0,6.590597630e0,-2.164767981e-1
test,293,CC12CC3CC(C1)C2C3,9.567523003e0,0.000000000e0,0.000000000e0,1.276346207e0,9.567523003e0,2.115906715e0
test,294,C#CC1C2CC1C2(C)O,7.611024857e0,0.000000000e0,0.000000000e0,1.276346207e0,7.611024857e0,5.830151439e-1
test,295,CC1C(O)C12CC(=O)C2,6.040927887e0,0.000000000e0,0.000000000e0,1.276346207e0,6.040927887e0,-6.471361518e-1
test,296,C1NC12COC21CC1,7.970214844e0,0.000000000e0,0.000000000e0,1.276346207e0,7.970214844e0,8.644359708e-1
test,297,CC1C2C(O)C1C2(C)C,8.925334930e0,0.000000000e0,0.000000000e0,1.276346207e0,8.925334930e0,1.612760544e0
test,298,O=CC1C=CCN=CO1,5.790582657e0,0.000000000e0,0.000000000e0,1.276346207e0,5.790582657e0,-8.432784677e-1
test,299,COCC[NH+]1C2CCC21,8.759345055e0,0.000000000e0,0.000000000e0,1.276346207e0,8.759345055e0,1.482709527e0
test,300,CC1=CCC([NH+]2CC2)C1,7.055912018e0,0.000000000e0,0.000000000e0,1.276346207e0,7.055912018e0,1.480911821e-1
test,301,COc1n[nH]nc1CO,6.220522881e0,0.000000000e0,0.000000000e0,1.276346207e0,6.220522881e0,-5.064257383e-1
test,302,CC1(C23CCC2N3)CO1,9.115814209e0,0.000000000e0,0.000000000e0,1.276346207e0,9.115814209e0,1.761998653e0
test,303,N#CC1[NH2+]C2CC3C2[NH+]13,5.469488621e0,0.000000000e0,0.000000000e0,1.276346207e0,5.469488621e0,-1.094851613e0
test,304,C1=Nc2[nH]ncc2CO1,5.219143867e0,0.000000000e0,0.000000000e0,1.276346207e0,5.219143867e0,-1.290993571e0
test,305,C#CCC#CC(O)CO,7.483131409e0,0.000000000e0,0.000000000e0,1.276346207e0,7.483131409e0,4.828121960e-1
test,306,CCC1CC2CC(=O)N12,6.375627518e0,0.000000000e0,0.000000000e0,1.276346207e0,6.375627518e0,-3.849031627e-1
test,307,CCC1C=CC2CC2O1,6.702164173e0,0.000000000e0,0.000000000e0,1.276346207e0,6.702164173e0,-1.290658116e-1
test,308,C1CC2OC3(CC3)C2O1,8.495394707e0,0.000000000e0,0.000000000e0,1.276346207e0,8.495394707e0,1.275907755e0
test,309,CC1C2(O)CC1(O)C2,8.541653633e0,0.000000000e0,0.000000000e0,1.276346207e0,8.541653633e0,1.312151074e0
test,310,CC1(C)C2C3C2[NH+]2C3C21,8.081781387e0,0.000000000e0,0.000000000e0,1.276346207e0,8.081781387e0,9.518469572e-1
test,311,O=CN1C2C3C2C2C3C21,6.976998806e0,0.000000000e0,0.000000000e0,1.276346207e0,6.976998806e0,8.626367152e-2
test,312,Cc1[nH]cnc1C1CC1,6.381070137e0,0.000000000e0,0.000000000e0,1.276346207e0,6.381070137e0,-3.806389570e-1
test,313,OCC12CC(C1)C2,9.202890396e0,0.000000000e0,0.000000000e0,1.276346207e0,9.202890396e0,1.830221772e0
test,314,CCC1=CC2CCC1O2,6.846384525e0,0.000000000e0,0.000000000e0,1.276346207e0,6.846384525e0,-1.607097499e-2
test,315,O=[N+]([O-])c1cccnc1,4.963356972e0,0.000000000e0,0.000000000e0,1.276346207e0,4.963356972e0,-1.491399407e0
test,316,CC1NC1C1COCO1,8.555259705e0,0.000000000e0,0.000000000e0,1.276346207e0,8.555259705e0,1.322811246e0
test,317,COc1cnncn1,4.938866615e0,0.000000000e0,0.000000000e0,1.276346207e0,4.938866615e0,-1.510587335e0
test,318,Nc1cnc(O)nn1,4.383754253e0,0.000000000e0,0.000000000e0,1.276346207e0,4.383754253e0,-1.945510864e0
test,319,CN(C)C(=O)N(C)C,7.529390335e0,0.000000000e0,0.000000000e0,1.276346207e0,7.529390335e0,5.190554857e-1
test,320,[NH-]C1C=CN=C(N)O1,4.960635662e0,0.000000000e0,0.000000000e0,1.276346207e0,4.960635662e0,-1.493531466e0
test,321,CNC(C)(C#N)COC,7.308978081e0,0.000000000e0,0.000000000e0,1.276346207e0,7.308978081e0,3.463652730e-1
test,322,Cn1nc(O)c(O)n1,5.828679085e0,0.000000000e0,0.000000000e0,1.276346207e0,5.828679085e0,-8.134304285e-1
test,323,OC1C2CC3CC1C3C2,8.715806961e0,0.000000000e0,0.000000000e0,1.276346207e0,8.715806961e0,1.448598027e0
test,324,OCCC12COCC1N2,8.794719696e0,0.000000000e0,0.000000000e0,1.276346207e0,8.794719696e0,1.510425091e0
test,325,O=C1CC=C2C3NC3C12,5.796025276e0,0.000000000e0,0.000000000e0,1.276346207e0,5.796025276e0,-8.390142322e-1
test,326,O=C1C2OCC3OC1C32,4.990568161e0,0.000000000e0,0.000000000e0,1.276346207e0,4.990568161e0,-1.470079780e0
test,327,CNC(=O)CC([NH-])OC,6.704885483e0,0.000000000e0,0.000000000e0,1.276346207e0,6.704885483e0,-1.269336939e-1
test,328,CC1CCCC2(O)CC12,8.873632431e0,0.000000000e0,0.000000000e0,1.276346207e0,8.873632431e0,1.572252274e0
test,329,CC1NC1C12CC[NH+]1C2,8.174300194e0,0.000000000e0,0.000000000e0,1.276346207e0,8.174300194e0,1.024334311e0
test,330,CC1=CC(O)C=CCC1,6.220522881e0,0.000000000e0,0.000000000e0,1.276346207e0,6.220522881e0,-5.064257383e-1
test,331,CC1Cn2c1cnc2O,6.816452026e0,0.000000000e0,0.000000000e0,1.276346207e0,6.816452026e0,-3.952271119e-2
test,332,CC1C2C=CC3C(C2)C13,6.683116436e0,0.000000000e0,0.000000000e0,1.276346207e0,6.683116436e0,-1.439894736e-1
test,333,O=C1C2CC[NH+]3C1CC23,5.608266830e0,0.000000000e0,0.000000000e0,1.276346207e0,5.608266830e0,-9.861206412e-1
test,334,[NH-]C1OCC2NC21,7.232786179e0,0.000000000e0,0.000000000e0,1.276346207e0,7.232786179e0,2.866698503e-1
test,335,C1=CC2CC3CC1CC23,6.903528214e0,0.000000000e0,0.000000000e0,1.276346207e0,6.903528214e0,2.870038524e-2
test,336,CC(CCCO)C(N)=O,7.534832478e0,0.000000000e0,0.000000000e0,1.276346207e0,7.534832478e0,5.233193636e-1
test,337,[NH-]C1OC2C3CC[NH+]3C12,6.342973709e0,0.000000000e0,0.000000000e0,1.276346207e0,6.342973709e0,-4.104870260e-1
test,338,CC12CC3(O)C(CC13)O2,8.419202805e0,0.000000000e0,0.000000000e0,1.276346207e0,8.419202805e0,1.216212392e0
test,339,C[NH+]1C2CC(N)C21C#N,6.791961670e0,0.000000000e0,0.000000000e0,1.276346207e0,6.791961670e0,-5.871059746e-2
test,340,CC1CC2(COC2)C1=O,5.703506470e0,0.000000000e0,0.000000000e0,1.276346207e0,5.703506470e0,-9.115015864e-1
test,341,CC1C2C=CCC1C2=O,5.880380630e0,0.000000000e0,0.000000000e0,1.276346207e0,5.880380630e0,-7.729228735e-1
test,342,CCn1ncc(C)n1,6.800125122e0,0.000000000e0,0.000000000e0,1.276346207e0,6.800125122e0,-5.231463537e-2
test,343,Cc1nc(=O)nnn1C,4.593281746e0,0.000000000e0,0.000000000e0,1.276346207e0,4.593281746e0,-1.781348705e0
test,344,CC1OC1CC1CCO1,8.811046600e0,0.000000000e0,0.000000000e0,1.276346207e0,8.811046600e0,1.523217082e0
test,345,NC(=O)N(C=O)CC=O,5.453161716e0,0.000000000e0,0.000000000e0,1.276346207e0,5.453161716e0,-1.107643485e0
test,346,Cc1cnccc1CO,6.258618832e0,0.000000000e0,0.000000000e0,1.276346207e0,6.258618832e0,-4.765779972e-1
test,347,CC12CC1N1C=CNC12,6.111677170e0,0.000000000e0,0.000000000e0,1.276346207e0,6.111677170e0,-5.917049646e-1
test,348,CC(=O)C(C)C(C)(C)C,6.149773121e0,0.000000000e0,0.000000000e0,1.276346207e0,6.149773121e0,-5.618572831e-1
test,349,O=C1C=C2NCC2CC1,5.409623623e0,0.000000000e0,0.000000000e0,1.276346207e0,5.409623623e0,-1.141755104e0
test,350,CC1C(=O)C2(C)OC12,5.787861824e0,0.000000000e0,0.000000000e0,1.276346207e0,5.787861824e0,-8.454102278e-1
test,351,C#CC(CC#N)OCC,7.926676750e0,0.000000000e0,0.000000000e0,1.276346207e0,7.926676750e0,8.303244114e-1
test,352,CCC1C2OC3C1C23C,8.198790550e0,0.000000000e0,0.000000000e0,1.276346207e0,8.198790550e0,1.043522120e0
test,353,Nc1cnoc(=O)c1N,4.329331398e0,0.000000000e0,0.000000000e0,1.276346207e0,4.329331398e0,-1.988150477e0
test,354,CC1CCCCC1C#N,9.238265991e0,0.000000000e0,0.000000000e0,1.276346207e0,9.238265991e0,1.857938051e0
test,355,Fc1ccccn1,6.198753357e0,0.000000000e0,0.000000000e0,1.276346207e0,6.198753357e0,-5.234818459e-1
test,356,CC1(NC=O)C2CC1C2,7.589255333e0,0.000000000e0,0.000000000e0,1.276346207e0,7.589255333e0,5.659589767e-1
test,357,O=c1ncc(F)c[nH]1,4.547022343e0,0.000000000e0,0.000000000e0,1.276346207e0,4.547022343e0,-1.817592382e0
test,358,Cc1cnc(N)nn1,4.522532463e0,0.000000000e0,0.000000000e0,1.276346207e0,4.522532463e0,-1.836779833e0
test,359,Cc1c[nH]c(C2CC2)c1,6.334810734e0,0.000000000e0,0.000000000e0,1.276346207e0,6.334810734e0,-4.168826044e-1
test,360,CCNc1cncnn1,4.549743652e0,0.000000000e0,0.000000000e0,1.276346207e0,4.549743652e0,-1.815460205e0
test,361,CCc1ccncc1C,6.212359428e0,0.000000000e0,0.000000000e0,1.276346207e0,6.212359428e0,-5.128216743e-1
test,362,N#CC#CC(C#N)CO,6.405560493e0,0.000000000e0,0.000000000e0,1.276346207e0,6.405560493e0,-3.614510596e-1
test,363,C#CC12C3CC3C1[NH+]2C,6.487194061e0,0.000000000e0,0.000000000e0,1.276346207e0,6.487194061e0,-2.974921763e-1
test,364,CC1([NH+]2CC2)CCC1=O,5.858611107e0,0.000000000e0,0.000000000e0,1.276346207e0,5.858611107e0,-7.899790406e-1
test,365,c1cc2n(c1)C1CC2C1,6.383790970e0,0.000000000e0,0.000000000e0,1.276346207e0,6.383790970e0,-3.785072267e-1
test,366,O=C1C2C[NH+]2C1C1CN1,5.774256229e0,0.000000000e0,0.000000000e0,1.276346207e0,5.774256229e0,-8.560700417e-1
test,367,CO[CH+][NH2+]CC#CC#N,5.967456818e0,0.000000000e0,0.000000000e0,1.276346207e0,5.967456818e0,-7.046998143e-1
test,368,O=C1CCC2NC2C1,6.084465981e0,0.000000000e0,0.000000000e0,1.276346207e0,6.084465981e0,-6.130245924e-1
test,369,CC1(C2OC2C#N)CO1,7.542996407e0,0.000000000e0,0.000000000e0,1.276346207e0,7.542996407e0,5.297156572e-1
test,370,C1CC2(C1)CC1(CO1)C2,9.069554329e0,0.000000000e0,0.000000000e0,1.276346207e0,9.069554329e0,1.725754619e0
test,371,CC(C=O)C(C#N)CO,6.054533005e0,0.000000000e0,0.000000000e0,1.276346207e0,6.054533005e0,-6.364766955e-1
test,372,[NH-]C1CC(N)=CC(=O)N1,5.444998264e0,0.000000000e0,0.000000000e0,1.276346207e0,5.444998264e0,-1.114039540e0
test,373,C[NH+]1C2C(O)C1(C)C2O,7.624630451e0,0.000000000e0,0.000000000e0,1.276346207e0,7.624630451e0,5.936748981e-1
test,374,Cc1cc(N)cc(F)n1,6.130725384e0,0.000000000e0,0.000000000e0,1.276346207e0,6.130725384e0,-5.767809153e-1
test,375,COc1cnc(=O)[nH]c1,4.359263897e0,0.000000000e0,0.000000000e0,1.276346207e0,4.359263897e0,-1.964698792e0
test,376,CNc1ccn2c1CC2,5.874938488e0,0.000000000e0,0.000000000e0,1.276346207e0,5.874938488e0,-7.771867514e-1
test,377,Oc1cccnc1F,5.749765873e0,0.000000000e0,0.000000000e0,1.276346207e0,5.749765873e0,-8.752579093e-1
test,378,Nc1concc1=O,4.381032944e0,0.000000000e0,0.000000000e0,1.276346207e0,4.381032944e0,-1.947642922e0
test,379,C#CC1CCCCO1,7.815110207e0,0.000000000e0,0.000000000e0,1.276346207e0,7.815110207e0,7.429134250e-1
test,380,O=C1CC2C3CC1(O)C23,6.138888836e0,0.000000000e0,0.000000000e0,1.276346207e0,6.138888836e0,-5.703849792e-1
test,381,c1cncnccoc1,4.884443760e0,0.000000000e0,0.000000000e0,1.276346207e0,4.884443760e0,-1.553226948e0
test,382,O=CC1Cn2cccc21,4.830020905e0,0.000000000e0,0.000000000e0,1.276346207e0,4.830020905e0,-1.595866561e0
test,383,N#CC12CCCCC1C2,8.462740898e0,0.000000000e0,0.000000000e0,1.276346207e0,8.462740898e0,1.250323892e0
test,384,COC(C)CC(O)C=O,6.049090862e0,0.000000000e0,0.000000000e0,1.276346207e0,6.049090862e0,-6.407405138e-1
test,385,Cc1ccn(C)c(=O)n1,5.015058517e0,0.000000000e0,0.000000000e0,1.276346207e0,5.015058517e0,-1.450891852e0
test,386,NC=Nc1nccnn1,4.457224846e0,0.000000000e0,0.000000000e0,1.276346207e0,4.457224846e0,-1.887947559e0
test,387,CC1(C2(C)CO2)CO1,9.216496468e0,0.000000000e0,0.000000000e0,1.276346207e0,9.216496468e0,1.840881944e0
test,388,COCC(O)C(=O)CO,6.264060974e0,0.000000000e0,0.000000000e0,1.276346207e0,6.264060974e0,-4.723141491e-1
test,389,C1=CC2CCOCC2C1,6.968835831e0,0.000000000e0,0.000000000e0,1.276346207e0,6.968835831e0,7.986808568e-2
test,390,COC1CCCC2CC21,8.721248627e0,0.000000000e0,0.000000000e0,1.276346207e0,8.721248627e0,1.452861547e0
test,391,C1=NC2CCC=C2CO1,6.751144886e0,0.000000000e0,0.000000000e0,1.276346207e0,6.751144886e0,-9.069003910e-2
test,392,Cc1cnoc(=O)c1F,5.085808277e0,0.000000000e0,0.000000000e0,1.276346207e0,5.085808277e0,-1.395460367e0
test,393,C1CC2OC3C(CC23)O1,8.136203766e0,0.000000000e0,0.000000000e0,1.276346207e0,8.136203766e0,9.944862127e-1
test,394,O=CC(O)c1cn[nH]n1,5.923918724e0,0.000000000e0,0.000000000e0,1.276346207e0,5.923918724e0,-7.388113141e-1
test,395,CCC1C2OC2C12CO2,8.819210052e0,0.000000000e0,0.000000000e0,1.276346207e0,8.819210052e0,1.529613018e0
test,396,C#CCC(C)(O)C(C)=O,6.187869072e0,0.000000000e0,0.000000000e0,1.276346207e0,6.187869072e0,-5.320095420e-1
test,397,OCC1CCCCCO1,8.960708618e0,0.000000000e0,0.000000000e0,1.276346207e0,8.960708618e0,1.640475392e0
test,398,O=CNCC1C2CC1C2,7.695379734e0,0.000000000e0,0.000000000e0,1.276346207e0,7.695379734e0,6.491060853e-1
test,399,Cc1ccc(C)c(F)n1,5.951130390e0,0.000000000e0,0.000000000e0,1.276346207e0,5.951130390e0,-7.174913287e-1
test,400,CC1OCCCC1CO,8.590634346e0,0.000000000e0,0.000000000e0,1.276346207e0,8.590634346e0,1.350526810e0
test,401,C[NH+]1CC23COCC12C3,7.687216282e0,0.000000000e0,0.000000000e0,1.276346207e0,7.687216282e0,6.427101493e-1
test,402,CC1CC(=O)C2C1[NH+]2C,5.608266830e0,0.000000000e0,0.000000000e0,1.276346207e0,5.608266830e0,-9.861206412e-1
test,403,O=C1C=CC=CC=CN1,4.538859367e0,0.000000000e0,0.000000000e0,1.276346207e0,4.538859367e0,-1.823987961e0
test,404,CC1=CC2(CN2)COC1,6.438213825e0,0.000000000e0,0.000000000e0,1.276346207e0,6.438213825e0,-3.358675838e-1
test,405,COC1C2OC3C2C13C,8.250492096e0,0.000000000e0,0.000000000e0,1.276346207e0,8.250492096e0,1.084029675e0
test,406,CC12CC(=O)CCC1N2,6.016437531e0,0.000000000e0,0.000000000e0,1.276346207e0,6.016437531e0,-6.663240194e-1
test,407,O=c1[nH]c2cn[nH]c2[nH]1,5.923918724e0,0.000000000e0,0.000000000e0,1.276346207e0,5.923918724e0,-7.388113141e-1
test,408,O=C1CC2(COC2)O1,7.289929867e0,0.000000000e0,0.000000000e0,1.276346207e0,7.289929867e0,3.314412236e-1
test,409,O=C1C=CCC2CC2C1,5.113019466e0,0.000000000e0,0.000000000e0,1.276346207e0,5.113019466e0,-1.374140739e0
test,410,CCC(=O)CCOC=O,6.375627518e0,0.000000000e0,0.000000000e0,1.276346207e0,6.375627518e0,-3.849031627e-1
test,411,CC(=O)C(C)(CO)CO,6.296714783e0,0.000000000e0,0.000000000e0,1.276346207e0,6.296714783e0,-4.467303157e-1
test,412,N#CCC1C(=O)C2OC12,5.815073013e0,0.000000000e0,0.000000000e0,1.276346207e0,5.815073013e0,-8.240906000e-1
test,413,CC12C(O)C3C4C1C2[NH+]34,7.923955917e0,0.000000000e0,0.000000000e0,1.276346207e0,7.923955917e0,8.281926513e-1
test,414,Cc1nc(=O)nc(O)o1,5.942966461e0,0.000000000e0,0.000000000e0,1.276346207e0,5.942966461e0,-7.238876820e-1
test,415,Oc1ccccn1,5.804188728e0,0.000000000e0,0.000000000e0,1.276346207e0,5.804188728e0,-8.326182961e-1
test,416,Nc1nc(=O)nc(O)o1,6.411002159e0,0.000000000e0,0.000000000e0,1.276346207e0,6.411002159e0,-3.571875989e-1
test,417,C#CC(C)(C)C(C)=O,6.212359428e0,0.000000000e0,0.000000000e0,1.276346207e0,6.212359428e0,-5.128216743e-1
test,418,CC1(C2COC2[NH-])CC1,7.861369133e0,0.000000000e0,0.000000000e0,1.276346207e0,7.861369133e0,7.791566849e-1
test,419,OCC1(O)CC1C1CC1,8.013752937e0,0.000000000e0,0.000000000e0,1.276346207e0,8.013752937e0,8.985475302e-1
test,420,CC12CCCCC1C2O,8.304915428e0,0.000000000e0,0.000000000e0,1.276346207e0,8.304915428e0,1.126669645e0
test,421,CC12CC3C(C1)C3O2,8.549818039e0,0.000000000e0,0.000000000e0,1.276346207e0,8.549818039e0,1.318547726e0
test,422,CC12OC3C(C1O)C32C,7.869533062e0,0.000000000e0,0.000000000e0,1.276346207e0,7.869533062e0,7.855530381e-1
test,423,O=CCC1OCC12CC2,6.046370029e0,0.000000000e0,0.000000000e0,1.276346207e0,6.046370029e0,-6.428722739e-1
test,424,C[NH+]1CC1C(=O)N1CC1,6.027321815e0,0.000000000e0,0.000000000e0,1.276346207e0,6.027321815e0,-6.577963233e-1
test,425,NC(=O)CC#CC=O,5.570170403e0,0.000000000e0,0.000000000e0,1.276346207e0,5.570170403e0,-1.015968680e0
test,426,CC1=C(NO)CC(=O)[CH-]1,4.756549835e0,0.000000000e0,0.000000000e0,1.276346207e0,4.756549835e0,-1.653430223e0
test,427,[NH-][CH+]Oc1n[nH]nc1N,5.624593258e0,0.000000000e0,0.000000000e0,1.276346207e0,5.624593258e0,-9.733290672e-1
test,428,Oc1cnc2n1[CH+]N=[NH+]2,5.513026714e0,0.000000000e0,0.000000000e0,1.276346207e0,5.513026714e0,-1.060740113e0
test,429,C#CC1CC=CC2C[NH+]12,6.313041210e0,0.000000000e0,0.000000000e0,1.276346207e0,6.313041210e0,-4.339387715e-1
test,430,Cc1n[nH]c(=O)c(F)n1,4.873559475e0,0.000000000e0,0.000000000e0,1.276346207e0,4.873559475e0,-1.561754584e0
test,431,[NH-]C1=NC(F)=CC(N)O1,5.061317921e0,0.000000000e0,0.000000000e0,1.276346207e0,5.061317921e0,-1.414648175e0
test,432,C#CC#CC(O)C(C)=O,5.534795761e0,0.000000000e0,0.000000000e0,1.276346207e0,5.534795761e0,-1.043684244e0
test,433,Cc1ccnc(F)c1,6.261340141e0,0.000000000e0,0.000000000e0,1.276346207e0,6.261340141e0,-4.744459093e-1
test,434,C#CCCOCCOC,8.408317566e0,0.000000000e0,0.000000000e0,1.276346207e0,8.408317566e0,1.207683921e0
test,435,C1OC2CC3(COC23)O1,7.567486763e0,0.000000000e0,0.000000000e0,1.276346207e0,7.567486763e0,5.489035845e-1
test,436,C[NH2+][CH+]Oc1cn[nH]n1,6.179705620e0,0.000000000e0,0.000000000e0,1.276346207e0,6.179705620e0,-5.384055376e-1
test,437,N#CC1CCC12CO2,8.106271744e0,0.000000000e0,0.000000000e0,1.276346207e0,8.106271744e0,9.710348248e-1
test,438,COC1CCCC(O)C1,8.794719696e0,0.000000000e0,0.000000000e0,1.276346207e0,8.794719696e0,1.510425091e0
test,439,[H]N=C(C#N)NC(C)CC,5.687179565e0,0.000000000e0,0.000000000e0,1.276346207e0,5.687179565e0,-9.242935181e-1
test,440,COC(=O)CCNC=O,7.295372486e0,0.000000000e0,0.000000000e0,1.276346207e0,7.295372486e0,3.357054591e-1
test,441,O=C1Cn2cccc2O1,5.156557560e0,0.000000000e0,0.000000000e0,1.276346207e0,5.156557560e0,-1.340029120e0
test,442,CC12CC3C1CC3(C)O2,8.982478142e0,0.000000000e0,0.000000000e0,1.276346207e0,8.982478142e0,1.657531500e0
test,443,CC1=CC2(C)C[NH+]3C1C32,6.310320377e0,0.000000000e0,0.000000000e0,1.276346207e0,6.310320377e0,-4.360705018e-1
test,444,O=CC12C3OC1C2C3O,5.910312653e0,0.000000000e0,0.000000000e0,1.276346207e0,5.910312653e0,-7.494715452e-1
test,445,CC12CC3(CC3)C1O2,9.017853737e0,0.000000000e0,0.000000000e0,1.276346207e0,9.017853737e0,1.685247898e0
test,446,CC(=O)C(C#N)O[CH+][NH-],6.054533005e0,0.000000000e0,0.000000000e0,1.276346207e0,6.054533005e0,-6.364766955e-1
test,447,OCC12C3OC1C2C3O,7.796061993e0,0.000000000e0,0.000000000e0,1.276346207e0,7.796061993e0,7.279893756e-1
test,448,CC1(C2CC2)CC1C=O,6.114398479e0,0.000000000e0,0.000000000e0,1.276346207e0,6.114398479e0,-5.895728469e-1
test,449,C1CC23C1C1C2C2C3[NH+]12,8.021917343e0,0.000000000e0,0.000000000e0,1.276346207e0,8.021917343e0,9.049442410e-1
test,450,CCc1ccc(F)nc1,5.972899437e0,0.000000000e0,0.000000000e0,1.276346207e0,5.972899437e0,-7.004355788e-1
test,451,CCC12OC3(C)CC1C32,8.498115540e0,0.000000000e0,0.000000000e0,1.276346207e0,8.498115540e0,1.278039575e0
test,452,COC1OCC2NC21C,8.427366257e0,0.000000000e0,0.000000000e0,1.276346207e0,8.427366257e0,1.222608328e0
test,453,C1CC23C4CC12C1C4C13,7.774292946e0,0.000000000e0,0.000000000e0,1.276346207e0,7.774292946e0,7.109336257e-1
test,454,C[NH+]1C2CC(C)(CO)C21,7.828715801e0,0.000000000e0,0.000000000e0,1.276346207e0,7.828715801e0,7.535732388e-1
test,455,CCCC(=O)C(C)C=O,5.447719574e0,0.000000000e0,0.000000000e0,1.276346207e0,5.447719574e0,-1.111907363e0
test,456,[NH-][CH+]OC1CC12COC2,7.170200348e0,0.000000000e0,0.000000000e0,1.276346207e0,7.170200348e0,2.376346588e-1
test,457,O=c1ccnc2n1CC2,5.491257668e0,0.000000000e0,0.000000000e0,1.276346207e0,5.491257668e0,-1.077795863e0
test,458,CC1(C)C2(O)CC1(O)C2,8.449134827e0,0.000000000e0,0.000000000e0,1.276346207e0,8.449134827e0,1.239663720e0
test,459,OCC12OC3CC1C2C3,8.781113625e0,0.000000000e0,0.000000000e0,1.276346207e0,8.781113625e0,1.499764919e0
test,460,CC(C)CCC#CC#N,6.688558578e0,0.000000000e0,0.000000000e0,1.276346207e0,6.688558578e0,-1.397256255e-1
test,461,C#CC(O[CH+][NH-])C(C)=O,5.994668484e0,0.000000000e0,0.000000000e0,1.276346207e0,5.994668484e0,-6.833797693e-1
test,462,OCC#CC(CO)CO,7.510342121e0,0.000000000e0,0.000000000e0,1.276346207e0,7.510342121e0,5.041314363e-1
test,463,CC12OC3CC1C2CO3,8.492672920e0,0.000000000e0,0.000000000e0,1.276346207e0,8.492672920e0,1.273775339e0
test,464,[NH-]C1OCC12C1CC[NH+]12,6.957951069e0,0.000000000e0,0.000000000e0,1.276346207e0,6.957951069e0,7.134000957e-2
test,465,ONC1CCCCC1O,6.832778931e0,0.000000000e0,0.000000000e0,1.276346207e0,6.832778931e0,-2.673078887e-2
test,466,CC12C(O)C1[NH+]1CC12,7.605582714e0,0.000000000e0,0.000000000e0,1.276346207e0,7.605582714e0,5.787512660e-1
test,467,CC1=CC(O)C[NH+]2CC12,6.302156925e0,0.000000000e0,0.000000000e0,1.276346207e0,6.302156925e0,-4.424664676e-1
test,468,CC(OC=O)C(N)=O,7.107614040e0,0.000000000e0,0.000000000e0,1.276346207e0,7.107614040e0,1.885990649e-1
test,469,OCC1C=CCCC=C1,6.783798695e0,0.000000000e0,0.000000000e0,1.276346207e0,6.783798695e0,-6.510619074e-2
test,470,N#CCC1OCC12CC2,7.981099606e0,0.000000000e0,0.000000000e0,1.276346207e0,7.981099606e0,8.729640245e-1
test,471,CC1=CC([NH-])OCC=C1,4.756549835e0,0.000000000e0,0.000000000e0,1.276346207e0,4.756549835e0,-1.653430223e0
test,472,CC1=CC2NC3C1OC23,6.266781807e0,0.000000000e0,0.000000000e0,1.276346207e0,6.266781807e0,-4.701824188e-1
test,473,Cc1nc(=O)c(F)no1,5.232749462e0,0.000000000e0,0.000000000e0,1.276346207e0,5.232749462e0,-1.280333757e0
test,474,Oc1cncc(O)c1,5.575613022e0,0.000000000e0,0.000000000e0,1.276346207e0,5.575613022e0,-1.011704445e0
test,475,N#CC12C=CCC[NH+]1C2,6.337531567e0,0.000000000e0,0.000000000e0,1.276346207e0,6.337531567e0,-4.147508740e-1
test,476,COCC(N)(C#N)C#N,7.015095711e0,0.000000000e0,0.000000000e0,1.276346207e0,7.015095711e0,1.161121204e-1
test,477,CC1(CCC2CO2)CO1,9.592013359e0,0.000000000e0,0.000000000e0,1.276346207e0,9.592013359e0,2.135094643e0
test,478,CCC(C)C(C)CC=O,6.236849785e0,0.000000000e0,0.000000000e0,1.276346207e0,6.236849785e0,-4.936337769e-1
test,479,CC12COC(C=O)C1N2,6.000110626e0,0.000000000e0,0.000000000e0,1.276346207e0,6.000110626e0,-6.791159511e-1
test,480,CCc1cncc(N)c1,5.379690647e0,0.000000000e0,0.000000000e0,1.276346207e0,5.379690647e0,-1.165207148e0
test,481,CC12CC3(O)C1C3(C)O2,7.687216282e0,0.000000000e0,0.000000000e0,1.276346207e0,7.687216282e0,6.427101493e-1
test,482,CC12C(CO)C3OC1C32,7.853205681e0,0.000000000e0,0.000000000e0,1.276346207e0,7.853205681e0,7.727607489e-1
test,483,CC1CC2(C3CN3)OC12,8.571586609e0,0.000000000e0,0.000000000e0,1.276346207e0,8.571586609e0,1.335603237e0
test,484,CC1C2C3C2[NH+]2C3C12C,7.991984367e0,0.000000000e0,0.000000000e0,1.276346207e0,7.991984367e0,8.814920783e-1
test,485,CCC12OC1CC2=O,5.877659321e0,0.000000000e0,0.000000000e0,1.276346207e0,5.877659321e0,-7.750549912e-1
test,486,Cn1ccc(F)nc1=O,5.230028629e0,0.000000000e0,0.000000000e0,1.276346207e0,5.230028629e0,-1.282465458e0
test,487,CC1=CC=CCOC1,5.113019466e0,0.000000000e0,0.000000000e0,1.276346207e0,5.113019466e0,-1.374140739e0
test,488,CC[NH+]1C2CC1(C#N)C2,6.669510841e0,0.000000000e0,0.000000000e0,1.276346207e0,6.669510841e0,-1.546492875e-1
test,489,COCCC(O)C(C)C,8.577029228e0,0.000000000e0,0.000000000e0,1.276346207e0,8.577029228e0,1.339867353e0
test,490,CC1OCC2NC1C2O,8.601518631e0,0.000000000e0,0.000000000e0,1.276346207e0,8.601518631e0,1.359054565e0
test,491,CC1OC1C1(CO)CO1,9.072276115e0,0.000000000e0,0.000000000e0,1.276346207e0,9.072276115e0,1.727887154e0
test,492,O=CCC12CC(O)(C1)C2,6.138888836e0,0.000000000e0,0.000000000e0,1.276346207e0,6.138888836e0,-5.703849792e-1
test,493,CC12CC3C(=O)OC1C32,7.347074509e0,0.000000000e0,0.000000000e0,1.276346207e0,7.347074509e0,3.762133420e-1
test,494,O=C1NCC(C2CN2)N1,8.190627098e0,0.000000000e0,0.000000000e0,1.276346207e0,8.190627098e0,1.037126184e0
test,495,CCOc1nccnn1,4.522532463e0,0.000000000e0,0.000000000e0,1.276346207e0,4.522532463e0,-1.836779833e0
test,496,CNc1cncc(O)c1,5.240912914e0,0.000000000e0,0.000000000e0,1.276346207e0,5.240912914e0,-1.273937821e0
test,497,CC1CCC(CO)OC1,8.955266953e0,0.000000000e0,0.000000000e0,1.276346207e0,8.955266953e0,1.636211872e0
test,498,C#CC1C=CCOC=N1,6.225965023e0,0.000000000e0,0.000000000e0,1.276346207e0,6.225965023e0,-5.021618605e-1
test,499,Nc1cc2n(n1)CCC2,6.291272163e0,0.000000000e0,0.000000000e0,1.276346207e0,6.291272163e0,-4.509945214e-1
