split,record_index,canonical_smiles,y_clean_raw,epsilon_raw,noise_scale_raw,noise_pattern_raw,y_noisy_raw,y_written
train,0,COC1C(O)C1(C)OC,7.956609249e0,0.000000000e0,0.000000000e0,1.271353364e0,7.956609249e0,8.318786025e-1
train,1,CCC1CC=CC1OC,7.036864281e0,0.000000000e0,0.000000000e0,1.271353364e0,7.036864281e0,1.084410846e-1
train,2,Cc1[nH]cnc1C1CN1,6.264060974e0,0.000000000e0,0.000000000e0,1.271353364e0,6.264060974e0,-4.994175136e-1
train,3,C1C2C3CC4C1C2CC34,9.679089546e0,0.000000000e0,0.000000000e0,1.271353364e0,9.679089546e0,2.186718225e0
train,4,CC#CC1NCC12CO2,7.349795341e0,0.000000000e0,0.000000000e0,1.271353364e0,7.349795341e0,3.545811176e-1
train,5,CC(C)C12CC=CC1N2,6.342973709e0,0.000000000e0,0.000000000e0,1.271353364e0,6.342973709e0,-4.373476803e-1
train,6,CC1(c2cnoc2)CC1,6.582434177e0,0.000000000e0,0.000000000e0,1.271353364e0,6.582434177e0,-2.489968985e-1
train,7,C#CC1(COC)CC1,8.051848412e0,0.000000000e0,0.000000000e0,1.271353364e0,8.051848412e0,9.067901969e-1
train,8,C#CCC1C2CC(O)C12,8.364779472e0,0.000000000e0,0.000000000e0,1.271353364e0,8.364779472e0,1.152930260e0
train,9,CC1OC(C)(C#N)C1=O,5.921197414e0,0.000000000e0,0.000000000e0,1.271353364e0,5.921197414e0,-7.691013813e-1
train,10,Cn1nccc1N1CC1,6.568828583e0,0.000000000e0,0.000000000e0,1.271353364e0,6.568828583e0,-2.596985400e-1
train,11,CCC1CCOC1OC,9.208333015e0,0.000000000e0,0.000000000e0,1.271353364e0,9.208333015e0,1.816438437e0
train,12,CC1C=CC(=O)OC1C,5.904870510e0,0.000000000e0,0.000000000e0,1.271353364e0,5.904870510e0,-7.819435000e-1
train,13,[NH-]C1OCC23COC12C3,7.004210949e0,0.000000000e0,0.000000000e0,1.271353364e0,7.004210949e0,8.275717497e-2
train,14,CC1(C2CC2)CC=CC1,7.213738441e0,0.000000000e0,0.000000000e0,1.271353364e0,7.213738441e0,2.475637794e-1
train,15,CCC1(C2CO2)CN1,8.462740898e0,0.000000000e0,0.000000000e0,1.271353364e0,8.462740898e0,1.229983091e0
train,16,COC(C=O)C(F)(F)F,6.032763958e0,0.000000000e0,0.000000000e0,1.271353364e0,6.032763958e0,-6.813472509e-1
train,17,CC12OCC3[CH-]CC1C32,5.409623623e0,0.000000000e0,0.000000000e0,1.271353364e0,5.409623623e0,-1.171486497e0
train,18,OCCC12CCC1O2,8.821931839e0,0.000000000e0,0.000000000e0,1.271353364e0,8.821931839e0,1.512509465e0
train,19,CC#CC1CC1(O)C#N,6.925297737e0,0.000000000e0,0.000000000e0,1.271353364e0,6.925297737e0,2.068694867e-2
train,20,[NH-]C1N=CC=NC(=O)O1,4.680358410e0,0.000000000e0,0.000000000e0,1.271353364e0,4.680358410e0,-1.745099664e0
train,21,C1=NC2CC(O1)C1CC21,7.314420223e0,0.000000000e0,0.000000000e0,1.271353364e0,7.314420223e0,3.267563581e-1
train,22,C[NH+]1C2C(O)C(NO)C21,6.283109188e0,0.000000000e0,0.000000000e0,1.271353364e0,6.283109188e0,-4.844349027e-1
train,23,CC1Oc2nc[nH]c2O1,5.627314568e0,0.000000000e0,0.000000000e0,1.271353364e0,5.627314568e0,-1.000258803e0
train,24,N#CC1CCC(=O)C1,6.046370029e0,0.000000000e0,0.000000000e0,1.271353364e0,6.046370029e0,-6.706451774e-1
train,25,CCOc1cnoc1,6.119840622e0,0.000000000e0,0.000000000e0,1.271353364e0,6.119840622e0,-6.128559709e-1
train,26,C[NH2+]C(C)OC(C)(C)C,7.366122246e0,0.000000000e0,0.000000000e0,1.271353364e0,7.366122246e0,3.674232662e-1
train,27,CC(O)C1(C)CC1CO,8.732133865e0,0.000000000e0,0.000000000e0,1.271353364e0,8.732133865e0,1.441877723e0
train,28,CC1C2C(=O)C[NH+]12,5.929360867e0,0.000000000e0,0.000000000e0,1.271353364e0,5.929360867e0,-7.626802921e-1
train,29,OCC1C2C=CCC21,6.677673817e0,0.000000000e0,0.000000000e0,1.271353364e0,6.677673817e0,-1.740849018e-1
train,30,O=C1C2C3OCC1(O)C32,6.596040249e0,0.000000000e0,0.000000000e0,1.271353364e0,6.596040249e0,-2.382948548e-1
train,31,CC1CC2C3C1CC23C,4.688521862e0,0.000000000e0,0.000000000e0,1.271353364e0,4.688521862e0,-1.738678575e0
train,32,CC12OC3CCC1C32O,7.894023418e0,0.000000000e0,0.000000000e0,1.271353364e0,7.894023418e0,7.826508880e-1
train,33,CC(=O)N1CC1C1CO1,6.892644405e0,0.000000000e0,0.000000000e0,1.271353364e0,6.892644405e0,-4.996958189e-3
train,34,Nc1cc(OC=O)c[nH]1,5.752487183e0,0.000000000e0,0.000000000e0,1.271353364e0,5.752487183e0,-9.018025994e-1
train,35,CC1=CC(=O)OCCC1,5.970178127e0,0.000000000e0,0.000000000e0,1.271353364e0,5.970178127e0,-7.305749655e-1
train,36,CCC(C(C)=O)C(C)O,6.193311214e0,0.000000000e0,0.000000000e0,1.271353364e0,6.193311214e0,-5.550667048e-1
train,37,CC12CC3(O)CC1OC32,8.381106377e0,0.000000000e0,0.000000000e0,1.271353364e0,8.381106377e0,1.165772438e0
train,38,CC(C)CCCCO,9.317178726e0,0.000000000e0,0.000000000e0,1.271353364e0,9.317178726e0,1.902052402e0
train,39,C#CC1(C)CC1NC=O,6.985162735e0,0.000000000e0,0.000000000e0,1.271353364e0,6.985162735e0,6.777454913e-2
train,40,O=C1CC2C(CO)C12,6.209638119e0,0.000000000e0,0.000000000e0,1.271353364e0,6.209638119e0,-5.422245264e-1
train,41,O1C2C3C2C2C4C1C4C32,7.815110207e0,0.000000000e0,0.000000000e0,1.271353364e0,7.815110207e0,7.205806375e-1
train,42,CC12C3OC4C3C1(O)C42,8.351174355e0,0.000000000e0,0.000000000e0,1.271353364e0,8.351174355e0,1.142228961e0
train,43,CCCC1(C=O)CN1,6.079023361e0,0.000000000e0,0.000000000e0,1.271353364e0,6.079023361e0,-6.449612975e-1
train,44,COCC(C#N)NC=O,7.553880215e0,0.000000000e0,0.000000000e0,1.271353364e0,7.553880215e0,5.151067972e-1
train,45,CC1=CC2C3OCC1C23,6.217801571e0,0.000000000e0,0.000000000e0,1.271353364e0,6.217801571e0,-5.358034968e-1
train,46,CC(OC=O)C(O)CO,7.643678188e0,0.000000000e0,0.000000000e0,1.271353364e0,7.643678188e0,5.857385397e-1
train,47,CC1C2OCC3C2[NH+]13,8.596076965e0,0.000000000e0,0.000000000e0,1.271353364e0,8.596076965e0,1.334860325e0
train,48,Cc1n[nH]c2occc12,6.147051811e0,0.000000000e0,0.000000000e0,1.271353364e0,6.147051811e0,-5.914525986e-1
train,49,C[NH2+]C1OC(CO)C1C,7.523947716e0,0.000000000e0,0.000000000e0,1.271353364e0,7.523947716e0,4.915629625e-1
train,50,CC12CC(C#N)=CC1N2,5.287172318e0,0.000000000e0,0.000000000e0,1.271353364e0,5.287172318e0,-1.267802119e0
train,51,COC(C(C)C)C1CO1,8.977036476e0,0.000000000e0,0.000000000e0,1.271353364e0,8.977036476e0,1.634509087e0
train,52,CC1CC2OC([NH-])C12O,7.559322834e0,0.000000000e0,0.000000000e0,1.271353364e0,7.559322834e0,5.193877220e-1
train,53,CCCC1C=CNC1=O,5.825957775e0,0.000000000e0,0.000000000e0,1.271353364e0,5.825957775e0,-8.440133929e-1
train,54,CC12C3C(O)C1(O)C[NH+]32,7.804225445e0,0.000000000e0,0.000000000e0,1.271353364e0,7.804225445e0,7.120190859e-1
train,55,N#CC1COC2C(O)C12,7.643678188e0,0.000000000e0,0.000000000e0,1.271353364e0,7.643678188e0,5.857385397e-1
train,56,O=C1CC2(CCCC2)O1,7.738917828e0,0.000000000e0,0.000000000e0,1.271353364e0,7.738917828e0,6.606505513e-1
train,57,Cc1occc(=O)c1F,5.472209930e0,0.000000000e0,0.000000000e0,1.271353364e0,5.472209930e0,-1.122258425e0
train,58,N#CC1COCCN1,6.979720592e0,0.000000000e0,0.000000000e0,1.271353364e0,6.979720592e0,6.349395961e-2
train,59,CC1(C)C2C=CC(=O)C21,5.006895065e0,0.000000000e0,0.000000000e0,1.271353364e0,5.006895065e0,-1.488257885e0
train,60,N#CC12CC1OCCN2,7.104892731e0,0.000000000e0,0.000000000e0,1.271353364e0,7.104892731e0,1.619497538e-1
train,61,O=CC12COC1C2O,5.932082176e0,0.000000000e0,0.000000000e0,1.271353364e0,5.932082176e0,-7.605398297e-1
train,62,C#CC(O)C1C(C)C1C,7.959330082e0,0.000000000e0,0.000000000e0,1.271353364e0,7.959330082e0,8.340187073e-1
train,63,CC(O)C(CO)C(C)O,8.089944839e0,0.000000000e0,0.000000000e0,1.271353364e0,8.089944839e0,9.367554784e-1
train,64,C#CCC(C)C(C)CO,8.489952087e0,0.000000000e0,0.000000000e0,1.271353364e0,8.489952087e0,1.251386404e0
train,65,CC12OCC1C2C(N)=O,6.925297737e0,0.000000000e0,0.000000000e0,1.271353364e0,6.925297737e0,2.068694867e-2
train,66,NC1=NCCCC1=O,4.685800552e0,0.000000000e0,0.000000000e0,1.271353364e0,4.685800552e0,-1.740818977e0
train,67,CC(C#CC#N)[NH+]1CC1,5.888543606e0,0.000000000e0,0.000000000e0,1.271353364e0,5.888543606e0,-7.947856784e-1
train,68,O=C1CC2C3C(O)C2C13,6.141610146e0,0.000000000e0,0.000000000e0,1.271353364e0,6.141610146e0,-5.957328677e-1
train,69,N#CC12CC(CCN1)C2,7.142988205e0,0.000000000e0,0.000000000e0,1.271353364e0,7.142988205e0,1.919142455e-1
train,70,NC1=CC(=O)C2C[NH+]2C1,5.325268269e0,0.000000000e0,0.000000000e0,1.271353364e0,5.325268269e0,-1.237837315e0
train,71,CNC(C=O)(C=O)CO,5.327989578e0,0.000000000e0,0.000000000e0,1.271353364e0,5.327989578e0,-1.235696793e0
train,72,[NH-]C1=C(F)N=C(O)NO1,4.484436512e0,0.000000000e0,0.000000000e0,1.271353364e0,4.484436512e0,-1.899204612e0
train,73,[NH-]C1OC2C=CC1O2,6.459982872e0,0.000000000e0,0.000000000e0,1.271353364e0,6.459982872e0,-3.453125954e-1
train,74,Cc1n[nH]c(=O)[nH]1,6.590597630e0,0.000000000e0,0.000000000e0,1.271353364e0,6.590597630e0,-2.425758243e-1
train,75,CC1(O)C=CC2(CN2)C1,6.563386440e0,0.000000000e0,0.000000000e0,1.271353364e0,6.563386440e0,-2.639791369e-1
train,76,CC1COC(=O)OC1,8.683153152e0,0.000000000e0,0.000000000e0,1.271353364e0,8.683153152e0,1.403351307e0
train,77,CCCCCC,1.076754570e1,0.000000000e0,0.000000000e0,1.271353364e0,1.076754570e1,3.042857647e0
train,78,C#CCNc1[nH]nn[nH+]1,5.480372906e0,0.000000000e0,0.000000000e0,1.271353364e0,5.480372906e0,-1.115837693e0
train,79,C#CC1NC1CC(N)=O,6.922576904e0,0.000000000e0,0.000000000e0,1.271353364e0,6.922576904e0,1.854684204e-2
train,80,N#CC1(C2CCO2)CN1,7.401497364e0,0.000000000e0,0.000000000e0,1.271353364e0,7.401497364e0,3.952480257e-1
train,81,Cc1c[n+]2[nH]cnc2[nH]1,6.378348827e0,0.000000000e0,0.000000000e0,1.271353364e0,6.378348827e0,-4.095229208e-1
train,82,CC1(C)CCN(C=O)C1,7.249113560e0,0.000000000e0,0.000000000e0,1.271353364e0,7.249113560e0,2.753885388e-1
train,83,OC1CC1CCC1CC1,9.083160400e0,0.000000000e0,0.000000000e0,1.271353364e0,9.083160400e0,1.717982173e0
train,84,CCCC12CCC1C2C,8.805603981e0,0.000000000e0,0.000000000e0,1.271353364e0,8.805603981e0,1.499666572e0
train,85,CCC(C)(C#N)NC=O,7.404218197e0,0.000000000e0,0.000000000e0,1.271353364e0,7.404218197e0,3.973881304e-1
train,86,C#CCn1cnnn1,7.211016655e0,0.000000000e0,0.000000000e0,1.271353364e0,7.211016655e0,2.454229295e-1
train,87,C#CCNC(C=O)CO,5.994668484e0,0.000000000e0,0.000000000e0,1.271353364e0,5.994668484e0,-7.113117576e-1
train,88,N#CC12CCC(CC1)O2,7.934839725e0,0.000000000e0,0.000000000e0,1.271353364e0,7.934839725e0,8.147554994e-1
train,89,OC12CC1CC1C[NH+]1C2,8.370222092e0,0.000000000e0,0.000000000e0,1.271353364e0,8.370222092e0,1.157211185e0
train,90,C[NH+]1C2C(O)C(C=O)C21,5.249076366e0,0.000000000e0,0.000000000e0,1.271353364e0,5.249076366e0,-1.297767043e0
train,91,CC1OCCC(=O)C1C,6.049090862e0,0.000000000e0,0.000000000e0,1.271353364e0,6.049090862e0,-6.685050726e-1
train,92,N#CC#CC1(C#N)CN1,5.823236465e0,0.000000000e0,0.000000000e0,1.271353364e0,5.823236465e0,-8.461538553e-1
train,93,O=C1C(=O)N2CC2C1O,4.046332836e0,0.000000000e0,0.000000000e0,1.271353364e0,4.046332836e0,-2.243800879e0
train,94,CC12CC3C[NH+]3C1C2O,7.766129494e0,0.000000000e0,0.000000000e0,1.271353364e0,7.766129494e0,6.820542216e-1
train,95,C[NH+]1CC1C(O)C(N)=O,6.702164173e0,0.000000000e0,0.000000000e0,1.271353364e0,6.702164173e0,-1.548216939e-1
train,96,CC1C2CCC(=O)C[NH+]12,5.412344456e0,0.000000000e0,0.000000000e0,1.271353364e0,5.412344456e0,-1.169346333e0
train,97,CCC1C(O)C1C(C)C,8.250492096e0,0.000000000e0,0.000000000e0,1.271353364e0,8.250492096e0,1.063035965e0
train,98,CCC1C(C)C1CCO,9.094044685e0,0.000000000e0,0.000000000e0,1.271353364e0,9.094044685e0,1.726543427e0
train,99,CCCC1CC(=O)N1C,7.559322834e0,0.000000000e0,0.000000000e0,1.271353364e0,7.559322834e0,5.193877220e-1
train,100,N#CC1(CO)C[NH+]2CC21,7.387890816e0,0.000000000e0,0.000000000e0,1.271353364e0,7.387890816e0,3.845456243e-1
train,101,CC#CC(=O)NC(C)=O,5.472209930e0,0.000000000e0,0.000000000e0,1.271353364e0,5.472209930e0,-1.122258425e0
train,102,CC1(C)C2C3C[NH+]3C21C,7.662726402e0,0.000000000e0,0.000000000e0,1.271353364e0,7.662726402e0,6.007211804e-1
train,103,O=C1C2COCC1C2O,5.972899437e0,0.000000000e0,0.000000000e0,1.271353364e0,5.972899437e0,-7.284344435e-1
train,104,O=C1C(O)C2NC2C1O,5.937524319e0,0.000000000e0,0.000000000e0,1.271353364e0,5.937524319e0,-7.562592030e-1
train,105,CC#CC1C=CCCO1,7.006931782e0,0.000000000e0,0.000000000e0,1.271353364e0,7.006931782e0,8.489727974e-2
train,106,N#CC1(O)CC2(CO2)C1,7.638236046e0,0.000000000e0,0.000000000e0,1.271353364e0,7.638236046e0,5.814579725e-1
train,107,COCC12CC(N1)C2=O,6.729375839e0,0.000000000e0,0.000000000e0,1.271353364e0,6.729375839e0,-1.334179938e-1
train,108,NC(=O)OC12CCC1C2,8.364779472e0,0.000000000e0,0.000000000e0,1.271353364e0,8.364779472e0,1.152930260e0
train,109,C1=CC2(CO2)C2COC12,6.536174774e0,0.000000000e0,0.000000000e0,1.271353364e0,6.536174774e0,-2.853828371e-1
train,110,CC1OC(=O)NCC1O,8.049127579e0,0.000000000e0,0.000000000e0,1.271353364e0,8.049127579e0,9.046500921e-1
train,111,C1OC1C1OC1C1CO1,8.879075050e0,0.000000000e0,0.000000000e0,1.271353364e0,8.879075050e0,1.557456255e0
train,112,O=CC(=O)C1CCC1,4.190553188e0,0.000000000e0,0.000000000e0,1.271353364e0,4.190553188e0,-2.130362272e0
train,113,C1CC2C3C4CC(C14)[NH+]23,8.332126617e0,0.000000000e0,0.000000000e0,1.271353364e0,8.332126617e0,1.127246737e0
train,114,N#CCNC12CC(C1)C2,7.273603439e0,0.000000000e0,0.000000000e0,1.271353364e0,7.273603439e0,2.946513891e-1
train,115,CCC1OC12C1CC2C1,9.491331100e0,0.000000000e0,0.000000000e0,1.271353364e0,9.491331100e0,2.039034367e0
train,116,C#Cc1cc[nH]c1C#C,4.979683399e0,0.000000000e0,0.000000000e0,1.271353364e0,4.979683399e0,-1.509661555e0
train,117,OC1CC2CC1(O)C2O,8.419202805e0,0.000000000e0,0.000000000e0,1.271353364e0,8.419202805e0,1.195737600e0
train,118,CC1OC2CC(=O)C1O2,5.866774559e0,0.000000000e0,0.000000000e0,1.271353364e0,5.866774559e0,-8.119083643e-1
train,119,Cc1cc(=O)cc(F)[nH]1,5.572891712e0,0.000000000e0,0.000000000e0,1.271353364e0,5.572891712e0,-1.043065786e0
train,120,COCCCC1(C)CC1,9.080439568e0,0.000000000e0,0.000000000e0,1.271353364e0,9.080439568e0,1.715842128e0
train,121,CC(C)C1OC12CCC2,8.985198975e0,0.000000000e0,0.000000000e0,1.271353364e0,8.985198975e0,1.640929341e0
train,122,CCC(N)C#N,8.108993530e0,0.000000000e0,0.000000000e0,1.271353364e0,8.108993530e0,9.517384768e-1
train,123,C1CC2CC2C2(C1)CO2,8.917170525e0,0.000000000e0,0.000000000e0,1.271353364e0,8.917170525e0,1.587420702e0
train,124,O=CNC12CC1C1CC12,6.639578342e0,0.000000000e0,0.000000000e0,1.271353364e0,6.639578342e0,-2.040493935e-1
train,125,NC1=C(C=O)CCC1O,4.949750900e0,0.000000000e0,0.000000000e0,1.271353364e0,4.949750900e0,-1.533205390e0
train,126,COC1CCOC1C,8.468183517e0,0.000000000e0,0.000000000e0,1.271353364e0,8.468183517e0,1.234264016e0
train,127,CC1OCC12OCC2=O,5.801467419e0,0.000000000e0,0.000000000e0,1.271353364e0,5.801467419e0,-8.632766008e-1
train,128,CCC1C(O)C12CCC2,8.345731735e0,0.000000000e0,0.000000000e0,1.271353364e0,8.345731735e0,1.137948036e0
train,129,CC1CN(C(N)=O)C1,7.853205681e0,0.000000000e0,0.000000000e0,1.271353364e0,7.853205681e0,7.505451441e-1
train,130,C#CCN(C)C(N)=O,7.583813190e0,0.000000000e0,0.000000000e0,1.271353364e0,7.583813190e0,5.386509299e-1
train,131,C#CCC1OCC1O,8.070897102e0,0.000000000e0,0.000000000e0,1.271353364e0,8.070897102e0,9.217731953e-1
train,132,COc1cc(C=O)co1,4.533416748e0,0.000000000e0,0.000000000e0,1.271353364e0,4.533416748e0,-1.860678554e0
train,133,CC1COCC1NC=O,7.472246647e0,0.000000000e0,0.000000000e0,1.271353364e0,7.472246647e0,4.508967996e-1
train,134,CC1(C)CCCC1CO,9.088603020e0,0.000000000e0,0.000000000e0,1.271353364e0,9.088603020e0,1.722263217e0
train,135,OC12CC1N1NC=CC12,6.209638119e0,0.000000000e0,0.000000000e0,1.271353364e0,6.209638119e0,-5.422245264e-1
train,136,CC1(O)CC2(O)CC1C2,8.696758270e0,0.000000000e0,0.000000000e0,1.271353364e0,8.696758270e0,1.414052486e0
train,137,C[NH+](C)C(C)(C#N)C=O,5.072202206e0,0.000000000e0,0.000000000e0,1.271353364e0,5.072202206e0,-1.436889768e0
train,138,CC1(C)OCC1NO,6.718491554e0,0.000000000e0,0.000000000e0,1.271353364e0,6.718491554e0,-1.419791728e-1
train,139,O=C1CC2(CCN1)CN2,7.270882130e0,0.000000000e0,0.000000000e0,1.271353364e0,7.270882130e0,2.925108969e-1
train,140,N#CC1CC(O)C1N,7.480409622e0,0.000000000e0,0.000000000e0,1.271353364e0,7.480409622e0,4.573175013e-1
train,141,[NH-]C1OC2C=CC1C2,6.451819897e0,0.000000000e0,0.000000000e0,1.271353364e0,6.451819897e0,-3.517332673e-1
train,142,CC1(O)C2C[NH+]2C12CC2,8.174300194e0,0.000000000e0,0.000000000e0,1.271353364e0,8.174300194e0,1.003106236e0
train,143,CCCc1nnn(C)n1,6.966114998e0,0.000000000e0,0.000000000e0,1.271353364e0,6.966114998e0,5.279230326e-2
train,144,C[N+](=CN)C(C#N)C#N,3.654489040e0,0.000000000e0,0.000000000e0,1.271353364e0,3.654489040e0,-2.552010775e0
train,145,OCC(O)C#CC1CO1,7.216459274e0,0.000000000e0,0.000000000e0,1.271353364e0,7.216459274e0,2.497038841e-1
train,146,CC1(C=O)CCO1,5.790582657e0,0.000000000e0,0.000000000e0,1.271353364e0,5.790582657e0,-8.718381524e-1
train,147,CC(C#N)c1cnno1,6.400117874e0,0.000000000e0,0.000000000e0,1.271353364e0,6.400117874e0,-3.924001753e-1
train,148,O=CC12CC1C1COC12,5.983783722e0,0.000000000e0,0.000000000e0,1.271353364e0,5.983783722e0,-7.198733091e-1
train,149,CC12CC3C4OC1C4C32,8.141646385e0,0.000000000e0,0.000000000e0,1.271353364e0,8.141646385e0,9.774219990e-1
train,150,CC12OC(C3CC31)C2O,8.636894226e0,0.000000000e0,0.000000000e0,1.271353364e0,8.636894226e0,1.366965652e0
train,151,Nc1cnc([N+](=O)[O-])o1,4.117082596e0,0.000000000e0,0.000000000e0,1.271353364e0,4.117082596e0,-2.188151598e0
train,152,O=C(CO)N1CCC1,7.295372486e0,0.000000000e0,0.000000000e0,1.271353364e0,7.295372486e0,3.117741048e-1
train,153,C#CC#CC#CC=O,4.225928307e0,0.000000000e0,0.000000000e0,1.271353364e0,4.225928307e0,-2.102537632e0
train,154,C1=Cc2c[nH]cc2C1,5.455882549e0,0.000000000e0,0.000000000e0,1.271353364e0,5.455882549e0,-1.135100961e0
train,155,CC(C)(C=O)CO[CH+][NH-],6.253176689e0,0.000000000e0,0.000000000e0,1.271353364e0,6.253176689e0,-5.079786777e-1
train,156,CC(C#N)OC(C)CO,7.760687351e0,0.000000000e0,0.000000000e0,1.271353364e0,7.760687351e0,6.777736545e-1
train,157,C[NH2+]C(C=O)OC(C)=O,4.742944717e0,0.000000000e0,0.000000000e0,1.271353364e0,4.742944717e0,-1.695871592e0
train,158,C[NH2+]C(OC=O)C(N)=O,5.243634224e0,0.000000000e0,0.000000000e0,1.271353364e0,5.243634224e0,-1.302047610e0
train,159,C#CC1C(O)C(O)C1O,7.480409622e0,0.000000000e0,0.000000000e0,1.271353364e0,7.480409622e0,4.573175013e-1
train,160,C[NH2+]C1CCC(OC)O1,7.502179146e0,0.000000000e0,0.000000000e0,1.271353364e0,7.502179146e0,4.744406044e-1
train,161,C1[NH+]2C3C4C5OC13C2C54,8.321241379e0,0.000000000e0,0.000000000e0,1.271353364e0,8.321241379e0,1.118684769e0
train,162,CC1C2C3C(O)C3C12O,7.406939030e0,0.000000000e0,0.000000000e0,1.271353364e0,7.406939030e0,3.995282352e-1
train,163,C#CCC1OCC1(C)C,8.098108292e0,0.000000000e0,0.000000000e0,1.271353364e0,8.098108292e0,9.431765079e-1
train,164,CC12OC1CC21CCC1,8.743018150e0,0.000000000e0,0.000000000e0,1.271353364e0,8.743018150e0,1.450438857e0
train,165,C#CCn1cncn1,7.382448673e0,0.000000000e0,0.000000000e0,1.271353364e0,7.382448673e0,3.802650273e-1
train,166,N#CC1CC(CO)C1O,7.864090443e0,0.000000000e0,0.000000000e0,1.271353364e0,7.864090443e0,7.591066957e-1
train,167,C#CCc1ccc(C)o1,6.204195976e0,0.000000000e0,0.000000000e0,1.271353364e0,6.204195976e0,-5.465051532e-1
train,168,N#CC12CCC1CC2,8.274982452e0,0.000000000e0,0.000000000e0,1.271353364e0,8.274982452e0,1.082299232e0
train,169,OCc1cc(F)ccn1,6.547059536e0,0.000000000e0,0.000000000e0,1.271353364e0,6.547059536e0,-2.768212855e-1
train,170,CC1C2OC3C(O2)C13,8.971593857e0,0.000000000e0,0.000000000e0,1.271353364e0,8.971593857e0,1.630228043e0
train,171,[NH-]C1CCC2OC2CO1,7.455919266e0,0.000000000e0,0.000000000e0,1.271353364e0,7.455919266e0,4.380542934e-1
train,172,CC1C=CC(O)C1C#N,7.066796780e0,0.000000000e0,0.000000000e0,1.271353364e0,7.066796780e0,1.319848895e-1
train,173,C#CC[NH2+][CH+]OC,7.344352722e0,0.000000000e0,0.000000000e0,1.271353364e0,7.344352722e0,3.503001630e-1
train,174,[NH-]C1OC2C3C2C2C3[NH+]12,7.474967480e0,0.000000000e0,0.000000000e0,1.271353364e0,7.474967480e0,4.530369043e-1
train,175,CCC1(O)C(C)C1C#N,7.978377819e0,0.000000000e0,0.000000000e0,1.271353364e0,7.978377819e0,8.490009308e-1
train,176,CC1=CC(C)(C)C2OC12,6.650462627e0,0.000000000e0,0.000000000e0,1.271353364e0,6.650462627e0,-1.954882294e-1
train,177,c1nn[nH]c1C1COC1,6.805567265e0,0.000000000e0,0.000000000e0,1.271353364e0,6.805567265e0,-7.348863035e-2
train,178,C#CC(=O)CC1C[NH+]1C,4.506205559e0,0.000000000e0,0.000000000e0,1.271353364e0,4.506205559e0,-1.882081866e0
train,179,CN=CN1CCOC1=O,6.568828583e0,0.000000000e0,0.000000000e0,1.271353364e0,6.568828583e0,-2.596985400e-1
train,180,CNC1=CC(NO)CC1,5.134788513e0,0.000000000e0,0.000000000e0,1.271353364e0,5.134788513e0,-1.387661695e0
train,181,C[NH+]1CC1CCC1CO1,8.362058640e0,0.000000000e0,0.000000000e0,1.271353364e0,8.362058640e0,1.150790095e0
train,182,CC1COC2(CO)CC12,8.658662796e0,0.000000000e0,0.000000000e0,1.271353364e0,8.658662796e0,1.384088039e0
train,183,CC(C)C(=O)CCC=O,6.174263477e0,0.000000000e0,0.000000000e0,1.271353364e0,6.174263477e0,-5.700489283e-1
train,184,CCNC(N)=O,8.231444359e0,0.000000000e0,0.000000000e0,1.271353364e0,8.231444359e0,1.048053741e0
train,185,C#CC#CC(=O)C1CC1,4.966077805e0,0.000000000e0,0.000000000e0,1.271353364e0,4.966077805e0,-1.520363212e0
train,186,[NH-]C1NCCC(=O)C1=O,3.757892370e0,0.000000000e0,0.000000000e0,1.271353364e0,3.757892370e0,-2.470677376e0
train,187,C1=CC23COC2C1CO3,6.576991558e0,0.000000000e0,0.000000000e0,1.271353364e0,6.576991558e0,-2.532778680e-1
train,188,[NH-]C1=C(N)N=CNO1,4.873559475e0,0.000000000e0,0.000000000e0,1.271353364e0,4.873559475e0,-1.593134761e0
train,189,CCC1OC2(C)C(O)C12,8.160694122e0,0.000000000e0,0.000000000e0,1.271353364e0,8.160694122e0,9.924042225e-1
train,190,C1#CCCOCCCC1,7.624630451e0,0.000000000e0,0.000000000e0,1.271353364e0,7.624630451e0,5.707563162e-1
train,191,C#CC#CCC(=O)CC,6.030043125e0,0.000000000e0,0.000000000e0,1.271353364e0,6.030043125e0,-6.834873557e-1
train,192,C#CC12CC3C(C1)[NH+]3C2,7.817831039e0,0.000000000e0,0.000000000e0,1.271353364e0,7.817831039e0,7.227207422e-1
train,193,CC1COC(C)O1,9.314456940e0,0.000000000e0,0.000000000e0,1.271353364e0,9.314456940e0,1.899911523e0
train,194,COCCC(C)(C)C#N,8.307636261e0,0.000000000e0,0.000000000e0,1.271353364e0,8.307636261e0,1.107983470e0
train,195,O=CN1CCCCCC1,7.270882130e0,0.000000000e0,0.000000000e0,1.271353364e0,7.270882130e0,2.925108969e-1
train,196,CC12C3C4C1C4(CO)C32,7.828715801e0,0.000000000e0,0.000000000e0,1.271353364e0,7.828715801e0,7.312822938e-1
train,197,C#CC1CC=CC12CN2,6.655904770e0,0.000000000e0,0.000000000e0,1.271353364e0,6.655904770e0,-1.912076324e-1
train,198,CC1(CO)CC2NC2C1,8.304915428e0,0.000000000e0,0.000000000e0,1.271353364e0,8.304915428e0,1.105843425e0
train,199,O=c1cc(O)occ1O,5.608266830e0,0.000000000e0,0.000000000e0,1.271353364e0,5.608266830e0,-1.015241027e0
train,200,C[NH+]1C(C#N)C1C1CO1,7.085844994e0,0.000000000e0,0.000000000e0,1.271353364e0,7.085844994e0,1.469675004e-1
train,201,CC(C(O)C=O)[NH+]1CC1,5.757929325e0,0.000000000e0,0.000000000e0,1.271353364e0,5.757929325e0,-8.975220323e-1
train,202,OCC12[NH2+][CH+]NC1C2O,6.201474667e0,0.000000000e0,0.000000000e0,1.271353364e0,6.201474667e0,-5.486456156e-1
train,203,CC1C(C)C1C(C)(C)C,8.781113625e0,0.000000000e0,0.000000000e0,1.271353364e0,8.781113625e0,1.480403304e0
train,204,CC1OC2C=CC1C2,6.628693581e0,0.000000000e0,0.000000000e0,1.271353364e0,6.628693581e0,-2.126109600e-1
train,205,CC12CC1(C=O)O[CH+][NH2+]2,5.902149677e0,0.000000000e0,0.000000000e0,1.271353364e0,5.902149677e0,-7.840836048e-1
train,206,CC(C)(C)C1C2CC[NH+]21,8.030079842e0,0.000000000e0,0.000000000e0,1.271353364e0,8.030079842e0,8.896678686e-1
train,207,CC1(C2CO2)CCC1,9.458678246e0,0.000000000e0,0.000000000e0,1.271353364e0,9.458678246e0,2.013350725e0
train,208,O=CC12CC3C1C1C2[NH+]31,5.717112064e0,0.000000000e0,0.000000000e0,1.271353364e0,5.717112064e0,-9.296274185e-1
train,209,COC1CCC(=O)O1,7.567486763e0,0.000000000e0,0.000000000e0,1.271353364e0,7.567486763e0,5.258091688e-1
train,210,CC12CC(O1)C2O,9.055949211e0,0.000000000e0,0.000000000e0,1.271353364e0,9.055949211e0,1.696578860e0
train,211,OCC1COCC12CC2,8.699480057e0,0.000000000e0,0.000000000e0,1.271353364e0,8.699480057e0,1.416193366e0
train,212,C#CC1C2C(=O)C(C)C12,6.027321815e0,0.000000000e0,0.000000000e0,1.271353364e0,6.027321815e0,-6.856278181e-1
train,213,CNC(=O)C(N)CC#N,7.240949631e0,0.000000000e0,0.000000000e0,1.271353364e0,7.240949631e0,2.689670920e-1
train,214,CCNC1C(=O)OC1C,6.517127037e0,0.000000000e0,0.000000000e0,1.271353364e0,6.517127037e0,-3.003650904e-1
train,215,C#CC1(C)CN(C)C1=O,7.208295822e0,0.000000000e0,0.000000000e0,1.271353364e0,7.208295822e0,2.432828248e-1
train,216,c1cn2c(n1)C1OC1C2,6.280387878e0,0.000000000e0,0.000000000e0,1.271353364e0,6.280387878e0,-4.865753949e-1
train,217,CC(=O)C1=CCC(=O)N1,4.457224846e0,0.000000000e0,0.000000000e0,1.271353364e0,4.457224846e0,-1.920608282e0
train,218,CCC1C2C3CC3(C)[NH+]12,8.372943878e0,0.000000000e0,0.000000000e0,1.271353364e0,8.372943878e0,1.159352064e0
train,219,N#CC1C(N)C12COC2,7.159315586e0,0.000000000e0,0.000000000e0,1.271353364e0,7.159315586e0,2.047567666e-1
train,220,CC12CCOC1C1CC12,8.770229340e0,0.000000000e0,0.000000000e0,1.271353364e0,8.770229340e0,1.471842170e0
train,221,[NH-]C1C=CC2CC(C2)O1,5.461325169e0,0.000000000e0,0.000000000e0,1.271353364e0,5.461325169e0,-1.130819917e0
train,222,Cc1cc(N(C)C)c[nH]1,5.956572056e0,0.000000000e0,0.000000000e0,1.271353364e0,5.956572056e0,-7.412769794e-1
train,223,C#CCOC(=O)CO,7.679053307e0,0.000000000e0,0.000000000e0,1.271353364e0,7.679053307e0,6.135632992e-1
train,224,CC1(CO)CC2CC2C1,9.031458855e0,0.000000000e0,0.000000000e0,1.271353364e0,9.031458855e0,1.677315712e0
train,225,CCC1(OC(C)=O)CC1,7.521226883e0,0.000000000e0,0.000000000e0,1.271353364e0,7.521226883e0,4.894228578e-1
train,226,N#CC(C#N)C(O)C[NH3+],4.024563789e0,0.000000000e0,0.000000000e0,1.271353364e0,4.024563789e0,-2.260923624e0
train,227,CC1C2NC2(C)C1(C)O,8.060012817e0,0.000000000e0,0.000000000e0,1.271353364e0,8.060012817e0,9.132120013e-1
train,228,CC(O)C1=NCCO1,7.450477123e0,0.000000000e0,0.000000000e0,1.271353364e0,7.450477123e0,4.337736964e-1
train,229,CCN(C)c1c[nH]nn1,5.357921600e0,0.000000000e0,0.000000000e0,1.271353364e0,5.357921600e0,-1.212153435e0
train,230,Cc1c(C=O)ccn1C,5.308941364e0,0.000000000e0,0.000000000e0,1.271353364e0,5.308941364e0,-1.250679374e0
train,231,CCC1C2CC1(O)C2C,9.017853737e0,0.000000000e0,0.000000000e0,1.271353364e0,9.017853737e0,1.666614413e0
train,232,CC12CC1C1OCC12,8.421924591e0,0.000000000e0,0.000000000e0,1.271353364e0,8.421924591e0,1.197878480e0
train,233,CCC1OC1(C=O)C=O,5.322546959e0,0.000000000e0,0.000000000e0,1.271353364e0,5.322546959e0,-1.239977717e0
train,234,CC#CC1=CCCC1O,5.613708973e0,0.000000000e0,0.000000000e0,1.271353364e0,5.613708973e0,-1.010960460e0
train,235,[NH-]C1NC(=O)NCC1O,6.857269287e0,0.000000000e0,0.000000000e0,1.271353364e0,6.857269287e0,-3.282172233e-2
train,236,C#CC(O)c1nnon1,5.847726822e0,0.000000000e0,0.000000000e0,1.271353364e0,5.847726822e0,-8.268906474e-1
train,237,COC(=O)C1C(C)C1C,7.553880215e0,0.000000000e0,0.000000000e0,1.271353364e0,7.553880215e0,5.151067972e-1
train,238,OC1C2CCOC1OC2,8.653220177e0,0.000000000e0,0.000000000e0,1.271353364e0,8.653220177e0,1.379807115e0
train,239,CCO[CH+][NH2+]C(C)C,7.387890816e0,0.000000000e0,0.000000000e0,1.271353364e0,7.387890816e0,3.845456243e-1
train,240,CC#CC1CC1(C)C,7.627351284e0,0.000000000e0,0.000000000e0,1.271353364e0,7.627351284e0,5.728964210e-1
train,241,CCNc1nc(N)no1,6.606924534e0,0.000000000e0,0.000000000e0,1.271353364e0,6.606924534e0,-2.297336757e-1
train,242,CC1C2CC=CC12CO,6.680395126e0,0.000000000e0,0.000000000e0,1.271353364e0,6.680395126e0,-1.719444245e-1
train,243,CC1OCC12C=CCC2,6.976998806e0,0.000000000e0,0.000000000e0,1.271353364e0,6.976998806e0,6.135310605e-2
train,244,CC1[NH2+]C2OCC2C1=O,5.662689686e0,0.000000000e0,0.000000000e0,1.271353364e0,5.662689686e0,-9.724340439e-1
train,245,CC1(O)C2NC13CNC23,7.102171898e0,0.000000000e0,0.000000000e0,1.271353364e0,7.102171898e0,1.598096490e-1
train,246,Cc1n[nH]c(CC#N)n1,7.183805943e0,0.000000000e0,0.000000000e0,1.271353364e0,7.183805943e0,2.240199745e-1
train,247,C[NH2+]C(C=O)C(=O)C=O,3.458567381e0,0.000000000e0,0.000000000e0,1.271353364e0,3.458567381e0,-2.706115484e0
train,248,O=CC1OC12C1CC2C1,5.994668484e0,0.000000000e0,0.000000000e0,1.271353364e0,5.994668484e0,-7.113117576e-1
train,249,CC12CC(C=O)=CC1O2,5.036827564e0,0.000000000e0,0.000000000e0,1.271353364e0,5.036827564e0,-1.464714170e0
train,250,CC1CC2(O)CCOC12,8.430087090e0,0.000000000e0,0.000000000e0,1.271353364e0,8.430087090e0,1.204298854e0
train,251,C1CC2(CO2)C1[NH+]1CC1,8.220560074e0,0.000000000e0,0.000000000e0,1.271353364e0,8.220560074e0,1.039492607e0
train,252,CC1OC2CCCC12,8.781113625e0,0.000000000e0,0.000000000e0,1.271353364e0,8.781113625e0,1.480403304e0
train,253,CC1C=CC=CC([NH-])O1,4.680358410e0,0.000000000e0,0.000000000e0,1.271353364e0,4.680358410e0,-1.745099664e0
train,254,O=C1C(CO)C2OCC12,5.785140514e0,0.000000000e0,0.000000000e0,1.271353364e0,5.785140514e0,-8.761187196e-1
train,255,N#CC1(CCO)CNC1,7.300814629e0,0.000000000e0,0.000000000e0,1.271353364e0,7.300814629e0,3.160547018e-1
train,256,COc1n[nH]nc1N,5.798746109e0,0.000000000e0,0.000000000e0,1.271353364e0,5.798746109e0,-8.654170632e-1
train,257,O=CNC1CC(CO)C1,7.605582714e0,0.000000000e0,0.000000000e0,1.271353364e0,7.605582714e0,5.557740331e-1
train,258,CC12OC(C1O)C2C=O,5.665410519e0,0.000000000e0,0.000000000e0,1.271353364e0,5.665410519e0,-9.702939391e-1
train,259,CCNC(=O)C1CC1C,7.442313671e0,0.000000000e0,0.000000000e0,1.271353364e0,7.442313671e0,4.273526371e-1
train,260,O=C1CC=CC2NC2C1,6.079023361e0,0.000000000e0,0.000000000e0,1.271353364e0,6.079023361e0,-6.449612975e-1
train,261,O=CCn1ccnc1O,4.680358410e0,0.000000000e0,0.000000000e0,1.271353364e0,4.680358410e0,-1.745099664e0
train,262,C#CC(C)(O)C1COC1,7.499457359e0,0.000000000e0,0.000000000e0,1.271353364e0,7.499457359e0,4.722997546e-1
train,263,O=C(CO)C1(O)COC1,6.206917286e0,0.000000000e0,0.000000000e0,1.271353364e0,6.206917286e0,-5.443646312e-1
train,264,COC(C=O)CC1CO1,5.793303967e0,0.000000000e0,0.000000000e0,1.271353364e0,5.793303967e0,-8.696976304e-1
train,265,CC1C2C(=O)C1(C)C2C,6.694001198e0,0.000000000e0,0.000000000e0,1.271353364e0,6.694001198e0,-1.612423807e-1
train,266,CC1C(O)C1(O)C(N)=O,7.317142010e0,0.000000000e0,0.000000000e0,1.271353364e0,7.317142010e0,3.288972080e-1
train,267,CCC1CC=CC1(C)C,7.194690704e0,0.000000000e0,0.000000000e0,1.271353364e0,7.194690704e0,2.325815260e-1
train,268,N#CCN1CC(O)C1=O,6.990605354e0,0.000000000e0,0.000000000e0,1.271353364e0,6.990605354e0,7.205551863e-2
train,269,CNc1ncccc1N,5.221864700e0,0.000000000e0,0.000000000e0,1.271353364e0,5.221864700e0,-1.319170713e0
train,270,CC1CC12CC=CCC2,7.308978081e0,0.000000000e0,0.000000000e0,1.271353364e0,7.308978081e0,3.224757612e-1
train,271,CCN(C)C(=O)N1CC1,7.464083195e0,0.000000000e0,0.000000000e0,1.271353364e0,7.464083195e0,4.444757402e-1
train,272,CCOCC1CN1C=O,7.074960232e0,0.000000000e0,0.000000000e0,1.271353364e0,7.074960232e0,1.384059489e-1
train,273,[NH-]C1NC23CCC2OC13,6.582434177e0,0.000000000e0,0.000000000e0,1.271353364e0,6.582434177e0,-2.489968985e-1
train,274,CC1C=C2COC2C1=O,5.798746109e0,0.000000000e0,0.000000000e0,1.271353364e0,5.798746109e0,-8.654170632e-1
train,275,CC12CC(C=O)C[NH+]1C2,5.782419682e0,0.000000000e0,0.000000000e0,1.271353364e0,5.782419682e0,-8.782588243e-1
train,276,CC1(C)CC(=O)C=C1N,5.594660759e0,0.000000000e0,0.000000000e0,1.271353364e0,5.594660759e0,-1.025943041e0
train,277,CCC1(OC)CC1,8.987920761e0,0.000000000e0,0.000000000e0,1.271353364e0,8.987920761e0,1.643070221e0
train,278,COCCn1ccnc1,6.889922619e0,0.000000000e0,0.000000000e0,1.271353364e0,6.889922619e0,-7.137815002e-3
train,279,O=Cc1nc[nH]c(=O)n1,4.405523300e0,0.000000000e0,0.000000000e0,1.271353364e0,4.405523300e0,-1.961274743e0
train,280,C1CC23COCC2OC13,8.391991615e0,0.000000000e0,0.000000000e0,1.271353364e0,8.391991615e0,1.174334288e0
train,281,Cc1nccncc1=O,4.299399376e0,0.000000000e0,0.000000000e0,1.271353364e0,4.299399376e0,-2.044748068e0
train,282,CC(C)C1CCOCC1,8.879075050e0,0.000000000e0,0.000000000e0,1.271353364e0,8.879075050e0,1.557456255e0
train,283,CCc1nonc1CO,6.770192623e0,0.000000000e0,0.000000000e0,1.271353364e0,6.770192623e0,-1.013130173e-1
train,284,CC1NCCNC1=O,7.045027256e0,0.000000000e0,0.000000000e0,1.271353364e0,7.045027256e0,1.148617789e-1
train,285,C1CC23COC(C2)OC13,8.987920761e0,0.000000000e0,0.000000000e0,1.271353364e0,8.987920761e0,1.643070221e0
train,286,OC12CC1CC21COC1,8.182463646e0,0.000000000e0,0.000000000e0,1.271353364e0,8.182463646e0,1.009527326e0
train,287,CC1(C#N)COCO1,8.103550911e0,0.000000000e0,0.000000000e0,1.271353364e0,8.103550911e0,9.474574924e-1
train,288,C1CC2(COC2)C2OC12,8.707643509e0,0.000000000e0,0.000000000e0,1.271353364e0,8.707643509e0,1.422614455e0
train,289,O=C1OC2C[NH+]3CC2C13,6.557943821e0,0.000000000e0,0.000000000e0,1.271353364e0,6.557943821e0,-2.682601213e-1
train,290,CCC1=C(CC)CCC1,6.797404289e0,0.000000000e0,0.000000000e0,1.271353364e0,6.797404289e0,-7.990932465e-2
train,291,COC1CCC=CC1=O,4.786482811e0,0.000000000e0,0.000000000e0,1.271353364e0,4.786482811e0,-1.661626101e0
train,292,OC1CC12CC1CC2O1,8.617846489e0,0.000000000e0,0.000000000e0,1.271353364e0,8.617846489e0,1.351983428e0
train,293,CNC(=O)C1CC1(C)O,7.455919266e0,0.000000000e0,0.000000000e0,1.271353364e0,7.455919266e0,4.380542934e-1
train,294,Nc1cc(F)oc(=O)n1,5.793303967e0,0.000000000e0,0.000000000e0,1.271353364e0,5.793303967e0,-8.696976304e-1
train,295,O=CC1OC12COC2,5.869495869e0,0.000000000e0,0.000000000e0,1.271353364e0,5.869495869e0,-8.097679019e-1
train,296,Cc1nc(C=O)[nH]c1C,4.764713764e0,0.000000000e0,0.000000000e0,1.271353364e0,4.764713764e0,-1.678748846e0
train,297,C1=CC2OC3CC2C1O3,6.666789532e0,0.000000000e0,0.000000000e0,1.271353364e0,6.666789532e0,-1.826460809e-1
train,298,Cc1cncnc1,5.711669922e0,0.000000000e0,0.000000000e0,1.271353364e0,5.711669922e0,-9.339079857e-1
train,299,CC(O)C1(O[CH+][NH-])CC1,7.502179146e0,0.000000000e0,0.000000000e0,1.271353364e0,7.502179146e0,4.744406044e-1
train,300,C#CC12COCC1C2,7.842320919e0,0.000000000e0,0.000000000e0,1.271353364e0,7.842320919e0,7.419835925e-1
train,301,O=CNC1CC2CC21O,6.879037857e0,0.000000000e0,0.000000000e0,1.271353364e0,6.879037857e0,-1.569936797e-2
train,302,C#CCC12C=CCC1N2,6.759308338e0,0.000000000e0,0.000000000e0,1.271353364e0,6.759308338e0,-1.098741964e-1
train,303,CC12NC1CC(O)C2=O,5.428671360e0,0.000000000e0,0.000000000e0,1.271353364e0,5.428671360e0,-1.156504273e0
train,304,OC12COC1C2C1CC1,8.125319481e0,0.000000000e0,0.000000000e0,1.271353364e0,8.125319481e0,9.645798206e-1
train,305,N#CCC12NC1C1NC12,6.487194061e0,0.000000000e0,0.000000000e0,1.271353364e0,6.487194061e0,-3.239092529e-1
train,306,CC1C(O)C2CC1(C)O2,8.204232216e0,0.000000000e0,0.000000000e0,1.271353364e0,8.204232216e0,1.026649714e0
train,307,CC1CC1OCC(N)=O,7.630072594e0,0.000000000e0,0.000000000e0,1.271353364e0,7.630072594e0,5.750368834e-1
train,308,CC(C#N)C(=O)CO,6.329368591e0,0.000000000e0,0.000000000e0,1.271353364e0,6.329368591e0,-4.480489492e-1
train,309,CCc1cc(OC)c[nH]1,6.321204662e0,0.000000000e0,0.000000000e0,1.271353364e0,6.321204662e0,-4.544703960e-1
train,310,CC1CC(O)(C#N)CO1,7.630072594e0,0.000000000e0,0.000000000e0,1.271353364e0,7.630072594e0,5.750368834e-1
train,311,CC1(C#N)CNC(N)[NH2+]1,7.064075947e0,0.000000000e0,0.000000000e0,1.271353364e0,7.064075947e0,1.298447698e-1
train,312,NC(=O)c1coc(=O)[nH]1,5.126625061e0,0.000000000e0,0.000000000e0,1.271353364e0,5.126625061e0,-1.394082665e0
train,313,NC1[NH2+]CC(=O)C12CN2,5.352479935e0,0.000000000e0,0.000000000e0,1.271353364e0,5.352479935e0,-1.216433644e0
train,314,Nc1c[nH]c2cc[nH]c12,5.513026714e0,0.000000000e0,0.000000000e0,1.271353364e0,5.513026714e0,-1.090153456e0
train,315,CC1C2OCC12CC#N,7.434150696e0,0.000000000e0,0.000000000e0,1.271353364e0,7.434150696e0,4.209319353e-1
train,316,CCC1C(=O)CC1C,5.967456818e0,0.000000000e0,0.000000000e0,1.271353364e0,5.967456818e0,-7.327154279e-1
train,317,OC1C2CC3COC1C32,8.489952087e0,0.000000000e0,0.000000000e0,1.271353364e0,8.489952087e0,1.251386404e0
train,318,CCC12CC[NH+]1C2C=O,5.589218616e0,0.000000000e0,0.000000000e0,1.271353364e0,5.589218616e0,-1.030223608e0
train,319,NC(=O)CCOC1CC1,7.466804028e0,0.000000000e0,0.000000000e0,1.271353364e0,7.466804028e0,4.466158450e-1
train,320,O=CN1CC(CO)C1=O,5.896707535e0,0.000000000e0,0.000000000e0,1.271353364e0,5.896707535e0,-7.883642316e-1
train,321,O=CC12C[NH+]1CC21CN1,5.230028629e0,0.000000000e0,0.000000000e0,1.271353364e0,5.230028629e0,-1.312749267e0
train,322,CCOC1COC1(C)C,8.726691246e0,0.000000000e0,0.000000000e0,1.271353364e0,8.726691246e0,1.437596679e0
train,323,COC1(C)CC(C#N)C1,7.918513298e0,0.000000000e0,0.000000000e0,1.271353364e0,7.918513298e0,8.019137383e-1
train,324,CCCOc1cn[nH]c1,6.326647282e0,0.000000000e0,0.000000000e0,1.271353364e0,6.326647282e0,-4.501894414e-1
train,325,OCc1ccccc1F,6.356579781e0,0.000000000e0,0.000000000e0,1.271353364e0,6.356579781e0,-4.266456366e-1
train,326,C#Cc1nc(N)n[nH]1,5.074923515e0,0.000000000e0,0.000000000e0,1.271353364e0,5.074923515e0,-1.434749246e0
train,327,C1C2C3C1C1C2C2C3[NH+]12,8.473625183e0,0.000000000e0,0.000000000e0,1.271353364e0,8.473625183e0,1.238544226e0
train,328,CCC12CC3(C)C(O1)C23,8.152531624e0,0.000000000e0,0.000000000e0,1.271353364e0,8.152531624e0,9.859839082e-1
train,329,Nc1cc(CCO)on1,6.362021923e0,0.000000000e0,0.000000000e0,1.271353364e0,6.362021923e0,-4.223650396e-1
train,330,CC1COCC(C=O)O1,5.676295280e0,0.000000000e0,0.000000000e0,1.271353364e0,5.676295280e0,-9.617323875e-1
train,331,C#CCC1[NH2+]C2CC2O1,6.947066307e0,0.000000000e0,0.000000000e0,1.271353364e0,6.947066307e0,3.780930489e-2
train,332,[NH-][CH+]Oc1ccc(N)[nH]1,5.499421120e0,0.000000000e0,0.000000000e0,1.271353364e0,5.499421120e0,-1.100855112e0
train,333,CC1CC2CC(=O)C2C1,5.864053726e0,0.000000000e0,0.000000000e0,1.271353364e0,5.864053726e0,-8.140484691e-1
train,334,C#CC1OC1(C)C1CN1,7.036864281e0,0.000000000e0,0.000000000e0,1.271353364e0,7.036864281e0,1.084410846e-1
train,335,C#CCNc1cnn[nH]1,6.277666569e0,0.000000000e0,0.000000000e0,1.271353364e0,6.277666569e0,-4.887158573e-1
train,336,OC1C2CC2C2COC12,8.337568283e0,0.000000000e0,0.000000000e0,1.271353364e0,8.337568283e0,1.131526947e0
train,337,O=C1CC2C1C2C1CC1,6.247734070e0,0.000000000e0,0.000000000e0,1.271353364e0,6.247734070e0,-5.122596622e-1
train,338,O=CC1C[NH+]1C1CC1O,5.461325169e0,0.000000000e0,0.000000000e0,1.271353364e0,5.461325169e0,-1.130819917e0
train,339,CC#CC1CC=CC1,7.205575466e0,0.000000000e0,0.000000000e0,1.271353364e0,7.205575466e0,2.411430925e-1
train,340,CC1OC2(C)C(=O)CC12,5.496700287e0,0.000000000e0,0.000000000e0,1.271353364e0,5.496700287e0,-1.102995157e0
train,341,CC[NH+]1C(C=O)C2CC21,5.020500660e0,0.000000000e0,0.000000000e0,1.271353364e0,5.020500660e0,-1.477556229e0
train,342,[H]N=C(NC=O)OCCO,6.204195976e0,0.000000000e0,0.000000000e0,1.271353364e0,6.204195976e0,-5.465051532e-1
train,343,CC1C=CC(OC=O)C1,7.047749043e0,0.000000000e0,0.000000000e0,1.271353364e0,7.047749043e0,1.170026362e-1
train,344,CC1CC=CC1OC=O,7.004210949e0,0.000000000e0,0.000000000e0,1.271353364e0,7.004210949e0,8.275717497e-2
train,345,N#CC(O)CC1CCC1,8.307636261e0,0.000000000e0,0.000000000e0,1.271353364e0,8.307636261e0,1.107983470e0
train,346,CCc1nc(O)c(O)[nH]1,5.801467419e0,0.000000000e0,0.000000000e0,1.271353364e0,5.801467419e0,-8.632766008e-1
train,347,C#CC(=O)N1CC1C#C,5.834120750e0,0.000000000e0,0.000000000e0,1.271353364e0,5.834120750e0,-8.375926614e-1
train,348,N1C2C3NC2C2OC2C13,7.638236046e0,0.000000000e0,0.000000000e0,1.271353364e0,7.638236046e0,5.814579725e-1
train,349,ONC1C2CC1O[CH+][NH2+]2,6.506242275e0,0.000000000e0,0.000000000e0,1.271353364e0,6.506242275e0,-3.089266419e-1
train,350,CCOC1CC(C=O)C1,6.193311214e0,0.000000000e0,0.000000000e0,1.271353364e0,6.193311214e0,-5.550667048e-1
train,351,CC1(C(N)=O)C2COC21,7.142988205e0,0.000000000e0,0.000000000e0,1.271353364e0,7.142988205e0,1.919142455e-1
train,352,OCC(O)C1CC(O)C1,8.555259705e0,0.000000000e0,0.000000000e0,1.271353364e0,8.555259705e0,1.302754998e0
train,353,Cc1occc1C1CO1,6.277666569e0,0.000000000e0,0.000000000e0,1.271353364e0,6.277666569e0,-4.887158573e-1
train,354,N#CC12CCC(O)C1N2,7.357958317e0,0.000000000e0,0.000000000e0,1.271353364e0,7.357958317e0,3.610018194e-1
train,355,CC(C)C(=O)OCC#N,7.679053307e0,0.000000000e0,0.000000000e0,1.271353364e0,7.679053307e0,6.135632992e-1
train,356,CC#CC(=O)C#CC#N,4.696685314e0,0.000000000e0,0.000000000e0,1.271353364e0,4.696685314e0,-1.732257485e0
train,357,O=CC(=O)C1CC(O)C1,4.212322235e0,0.000000000e0,0.000000000e0,1.271353364e0,4.212322235e0,-2.113239527e0
train,358,c1cnc2c(n1)COC2,5.216422558e0,0.000000000e0,0.000000000e0,1.271353364e0,5.216422558e0,-1.323451281e0
train,359,CC1C2OC3C2C13C#N,7.257276535e0,0.000000000e0,0.000000000e0,1.271353364e0,7.257276535e0,2.818092406e-1
train,360,CC1C2C3OC([NH-])[NH+]1C32,7.240949631e0,0.000000000e0,0.000000000e0,1.271353364e0,7.240949631e0,2.689670920e-1
train,361,CNc1[cH-]c(=O)oc1[NH-],4.778319359e0,0.000000000e0,0.000000000e0,1.271353364e0,4.778319359e0,-1.668047190e0
train,362,CN1C(=O)CNC1[NH-],6.647741318e0,0.000000000e0,0.000000000e0,1.271353364e0,6.647741318e0,-1.976287067e-1
train,363,CC#CC(C)C(C)C#N,7.820552349e0,0.000000000e0,0.000000000e0,1.271353364e0,7.820552349e0,7.248612642e-1
train,364,COC1(C)CC=CC1O,7.175642490e0,0.000000000e0,0.000000000e0,1.271353364e0,7.175642490e0,2.175989151e-1
train,365,O=C1COC12C1CC2N1,5.162000179e0,0.000000000e0,0.000000000e0,1.271353364e0,5.162000179e0,-1.366257906e0
train,366,[NH-][CH+]OC1CNC1C=O,5.589218616e0,0.000000000e0,0.000000000e0,1.271353364e0,5.589218616e0,-1.030223608e0
train,367,CC1CCCC=C1C#N,6.087186813e0,0.000000000e0,0.000000000e0,1.271353364e0,6.087186813e0,-6.385402083e-1
train,368,[H]N=C(N(C)C)C(F)(F)F,6.386512280e0,0.000000000e0,0.000000000e0,1.271353364e0,6.386512280e0,-4.031018317e-1
train,369,Cc1cc(C2CN2)n[nH]1,6.337531567e0,0.000000000e0,0.000000000e0,1.271353364e0,6.337531567e0,-4.416282773e-1
train,370,CCC1OC(C)C2CC12,9.102209091e0,0.000000000e0,0.000000000e0,1.271353364e0,9.102209091e0,1.732965231e0
train,371,CC(C)C(C#N)CC=O,6.125282764e0,0.000000000e0,0.000000000e0,1.271353364e0,6.125282764e0,-6.085753441e-1
train,372,CC#CC(C)C(N)=O,7.322584152e0,0.000000000e0,0.000000000e0,1.271353364e0,7.322584152e0,3.331778049e-1
train,373,CC1OC2CCC1CC2,8.242328644e0,0.000000000e0,0.000000000e0,1.271353364e0,8.242328644e0,1.056614995e0
train,374,C1OC1C12CC3C1[NH+]3C2,8.411039352e0,0.000000000e0,0.000000000e0,1.271353364e0,8.411039352e0,1.189316511e0
train,375,N#CC(=O)c1cn[nH]c1,5.224586010e0,0.000000000e0,0.000000000e0,1.271353364e0,5.224586010e0,-1.317030191e0
train,376,N#CC12CC1CC21CO1,7.670889378e0,0.000000000e0,0.000000000e0,1.271353364e0,7.670889378e0,6.071418524e-1
train,377,CC1=CC(=O)COC1C,4.895328522e0,0.000000000e0,0.000000000e0,1.271353364e0,4.895328522e0,-1.576012015e0
train,378,O=Cc1ccc(=O)oc1,4.936145306e0,0.000000000e0,0.000000000e0,1.271353364e0,4.936145306e0,-1.543907046e0
train,379,Cc1c(F)cn[nH]c1=O,4.966077805e0,0.000000000e0,0.000000000e0,1.271353364e0,4.966077805e0,-1.520363212e0
train,380,CN1CC(C(N)=O)C1=O,7.047749043e0,0.000000000e0,0.000000000e0,1.271353364e0,7.047749043e0,1.170026362e-1
train,381,C1=CC23CC2(C1)[NH+]1CC13,5.793303967e0,0.000000000e0,0.000000000e0,1.271353364e0,5.793303967e0,-8.696976304e-1
train,382,C#CC12COC1(C)CN2,6.704885483e0,0.000000000e0,0.000000000e0,1.271353364e0,6.704885483e0,-1.526812166e-1
train,383,CC12CC1[NH+]1CC1CO2,8.138925552e0,0.000000000e0,0.000000000e0,1.271353364e0,8.138925552e0,9.752818942e-1
train,384,C[NH+]1C2C3(O)CC2(O)C13,7.570207596e0,0.000000000e0,0.000000000e0,1.271353364e0,7.570207596e0,5.279492736e-1
train,385,[NH-]c1cc(CO)nn[nH+]1,4.470830441e0,0.000000000e0,0.000000000e0,1.271353364e0,4.470830441e0,-1.909906626e0
train,386,COC1C(C)C1CC#N,8.089944839e0,0.000000000e0,0.000000000e0,1.271353364e0,8.089944839e0,9.367554784e-1
train,387,COCC(=O)C1CC1C,6.283109188e0,0.000000000e0,0.000000000e0,1.271353364e0,6.283109188e0,-4.844349027e-1
train,388,C#CCC1=CC2OC2C1,6.568828583e0,0.000000000e0,0.000000000e0,1.271353364e0,6.568828583e0,-2.596985400e-1
train,389,N#Cc1ncon1,6.590597630e0,0.000000000e0,0.000000000e0,1.271353364e0,6.590597630e0,-2.425758243e-1
train,390,C#CCCC1OCCO1,8.544375420e0,0.000000000e0,0.000000000e0,1.271353364e0,8.544375420e0,1.294193864e0
train,391,N#CC12CC3CC1[NH+]3C2,7.314420223e0,0.000000000e0,0.000000000e0,1.271353364e0,7.314420223e0,3.267563581e-1
train,392,CC(=NC1CC1)NC=O,5.918476582e0,0.000000000e0,0.000000000e0,1.271353364e0,5.918476582e0,-7.712414861e-1
train,393,O=CC12C[NH+](CC1=O)C2,5.317104816e0,0.000000000e0,0.000000000e0,1.271353364e0,5.317104816e0,-1.244258404e0
train,394,COC12C=CCOC1C2,6.615087986e0,0.000000000e0,0.000000000e0,1.271353364e0,6.615087986e0,-2.233126163e-1
train,395,CC(C)CC#CCC=O,5.948409081e0,0.000000000e0,0.000000000e0,1.271353364e0,5.948409081e0,-7.476976514e-1
train,396,CC1C2CC3(C)OC1C23,8.547096252e0,0.000000000e0,0.000000000e0,1.271353364e0,8.547096252e0,1.296333909e0
train,397,CC1C2C(C=O)C3C2[NH+]13,6.163379192e0,0.000000000e0,0.000000000e0,1.271353364e0,6.163379192e0,-5.786101222e-1
train,398,O=CCCC1CCOC1,6.070860386e0,0.000000000e0,0.000000000e0,1.271353364e0,6.070860386e0,-6.513819695e-1
train,399,O=COC1CC(=O)C1,6.008274078e0,0.000000000e0,0.000000000e0,1.271353364e0,6.008274078e0,-7.006101012e-1
train,400,O=CN1C(=O)NC2CC21,6.484473228e0,0.000000000e0,0.000000000e0,1.271353364e0,6.484473228e0,-3.260493577e-1
train,401,Cn1nccc1CO,6.976998806e0,0.000000000e0,0.000000000e0,1.271353364e0,6.976998806e0,6.135310605e-2
train,402,OCC1=CCOC12CC2,6.285830498e0,0.000000000e0,0.000000000e0,1.271353364e0,6.285830498e0,-4.822944105e-1
train,403,C1C2C[NH+]1CC1(CC1)O2,8.177021980e0,0.000000000e0,0.000000000e0,1.271353364e0,8.177021980e0,1.005247116e0
train,404,O=C1C2CCCCC1O2,6.054533005e0,0.000000000e0,0.000000000e0,1.271353364e0,6.054533005e0,-6.642245054e-1
train,405,CC1OCCCCC1=O,5.828679085e0,0.000000000e0,0.000000000e0,1.271353364e0,5.828679085e0,-8.418728709e-1
train,406,C[NH+]1CC(OCC=O)C1,5.194653511e0,0.000000000e0,0.000000000e0,1.271353364e0,5.194653511e0,-1.340574026e0
train,407,CCCN(C)C(=O)C#N,5.940245628e0,0.000000000e0,0.000000000e0,1.271353364e0,5.940245628e0,-7.541187406e-1
train,408,CC12CC1C(=O)C(=O)O2,4.742944717e0,0.000000000e0,0.000000000e0,1.271353364e0,4.742944717e0,-1.695871592e0
train,409,CC1COCC=C1C#N,6.043648720e0,0.000000000e0,0.000000000e0,1.271353364e0,6.043648720e0,-6.727856994e-1
train,410,CC1C(NO)C2(C)OC12,6.775634766e0,0.000000000e0,0.000000000e0,1.271353364e0,6.775634766e0,-9.703242779e-2
train,411,N#CCC1NC1C1CN1,7.749802589e0,0.000000000e0,0.000000000e0,1.271353364e0,7.749802589e0,6.692121029e-1
train,412,C#CC(=O)CC#N,5.725275517e0,0.000000000e0,0.000000000e0,1.271353364e0,5.725275517e0,-9.232063293e-1
train,413,CC1(C)C2C3OC3C21C,7.657283783e0,0.000000000e0,0.000000000e0,1.271353364e0,7.657283783e0,5.964401960e-1
train,414,CC(O)C1C=CCOC1,6.849106312e0,0.000000000e0,0.000000000e0,1.271353364e0,6.849106312e0,-3.924242035e-2
train,415,Nc1ncc(N)c(=O)o1,4.372869492e0,0.000000000e0,0.000000000e0,1.271353364e0,4.372869492e0,-1.986959100e0
train,416,OC12CC(C1)C1(CO1)C2,9.001525879e0,0.000000000e0,0.000000000e0,1.271353364e0,9.001525879e0,1.653771520e0
train,417,C1OC1C1C2COC21,8.538932800e0,0.000000000e0,0.000000000e0,1.271353364e0,8.538932800e0,1.289912820e0
train,418,CC12C(=O)C(O)C1C2O,5.804188728e0,0.000000000e0,0.000000000e0,1.271353364e0,5.804188728e0,-8.611360788e-1
train,419,ONC1C=CN2CCC12,4.751108170e0,0.000000000e0,0.000000000e0,1.271353364e0,4.751108170e0,-1.689450502e0
train,420,CC1C2C3C(O)C2C13C,8.525327682e0,0.000000000e0,0.000000000e0,1.271353364e0,8.525327682e0,1.279211521e0
train,421,C1=CC2(CCC1)COC2,7.069517612e0,0.000000000e0,0.000000000e0,1.271353364e0,7.069517612e0,1.341249943e-1
train,422,N#CC1CC=CCN1,6.789240837e0,0.000000000e0,0.000000000e0,1.271353364e0,6.789240837e0,-8.633039892e-2
train,423,CC#CCC1(C)COC1,7.953887463e0,0.000000000e0,0.000000000e0,1.271353364e0,7.953887463e0,8.297377229e-1
train,424,CC(C)c1n[nH]c(=O)[nH]1,6.571549892e0,0.000000000e0,0.000000000e0,1.271353364e0,6.571549892e0,-2.575580776e-1
train,425,O=C1NC2CC1C2,7.069517612e0,0.000000000e0,0.000000000e0,1.271353364e0,7.069517612e0,1.341249943e-1
train,426,OCC1(O)CC2OCC21,8.119877815e0,0.000000000e0,0.000000000e0,1.271353364e0,8.119877815e0,9.602996111e-1
train,427,N#CCC12C3C4C(C31)[NH+]42,6.887201786e0,0.000000000e0,0.000000000e0,1.271353364e0,6.887201786e0,-9.277922101e-3
train,428,CC12CC1CC2(N)C#N,7.611024857e0,0.000000000e0,0.000000000e0,1.271353364e0,7.611024857e0,5.600546598e-1
train,429,COC12CCC1NC2=O,6.830057621e0,0.000000000e0,0.000000000e0,1.271353364e0,6.830057621e0,-5.422541872e-2
train,430,CCC(=NO)C1CCC1,6.794682980e0,0.000000000e0,0.000000000e0,1.271353364e0,6.794682980e0,-8.204980940e-2
train,431,CCc1c[nH]c(=O)n1C,6.152494431e0,0.000000000e0,0.000000000e0,1.271353364e0,6.152494431e0,-5.871716738e-1
train,432,C1CC1C12COC(C1)C2,8.781113625e0,0.000000000e0,0.000000000e0,1.271353364e0,8.781113625e0,1.480403304e0
train,433,[NH-]C1CC(C=O)O1,6.046370029e0,0.000000000e0,0.000000000e0,1.271353364e0,6.046370029e0,-6.706451774e-1
train,434,CCC1CC(C#N)N1,7.219180584e0,0.000000000e0,0.000000000e0,1.271353364e0,7.219180584e0,2.518443763e-1
train,435,Nc1cc(F)ccc1F,5.616430283e0,0.000000000e0,0.000000000e0,1.271353364e0,5.616430283e0,-1.008819938e0
train,436,C#CC(C)(C)COC=O,7.556602001e0,0.000000000e0,0.000000000e0,1.271353364e0,7.556602001e0,5.172476172e-1
train,437,O=COC12CCOC1C2,6.669510841e0,0.000000000e0,0.000000000e0,1.271353364e0,6.669510841e0,-1.805056036e-1
train,438,C#CC1OC2CC1(O)C2,7.488573551e0,0.000000000e0,0.000000000e0,1.271353364e0,7.488573551e0,4.637389481e-1
train,439,N#CC12NC3C1COC32,7.140267849e0,0.000000000e0,0.000000000e0,1.271353364e0,7.140267849e0,1.897745132e-1
train,440,CCC12OCC1C2C#N,7.719869614e0,0.000000000e0,0.000000000e0,1.271353364e0,7.719869614e0,6.456679106e-1
train,441,CC1CCC2(CO2)C1=O,5.556564808e0,0.000000000e0,0.000000000e0,1.271353364e0,5.556564808e0,-1.055907965e0
train,442,CC12C3OC4C[NH+]1C2C43,7.853205681e0,0.000000000e0,0.000000000e0,1.271353364e0,7.853205681e0,7.505451441e-1
train,443,C#CC12C[NH+]1C(C)C2O,6.895365238e0,0.000000000e0,0.000000000e0,1.271353364e0,6.895365238e0,-2.856851323e-3
train,444,CNC1=N[CH+](C)N=CO1,4.941587925e0,0.000000000e0,0.000000000e0,1.271353364e0,4.941587925e0,-1.539626122e0
train,445,CCC1CC1C(O)C#N,8.247770309e0,0.000000000e0,0.000000000e0,1.271353364e0,8.247770309e0,1.060895205e0
train,446,CC1=CC2CC1OC2[NH-],6.449098587e0,0.000000000e0,0.000000000e0,1.271353364e0,6.449098587e0,-3.538737595e-1
train,447,O=CNC1CC12COC2,7.045027256e0,0.000000000e0,0.000000000e0,1.271353364e0,7.045027256e0,1.148617789e-1
train,448,COCC12CCC1N2,9.148468018e0,0.000000000e0,0.000000000e0,1.271353364e0,9.148468018e0,1.769350767e0
train,449,N#CCOCC(=O)C#N,5.782419682e0,0.000000000e0,0.000000000e0,1.271353364e0,5.782419682e0,-8.782588243e-1
train,450,CCC1NC2(C#N)CC12,6.642299175e0,0.000000000e0,0.000000000e0,1.271353364e0,6.642299175e0,-2.019092888e-1
train,451,C#CC(=O)C1OC1CO,5.347037315e0,0.000000000e0,0.000000000e0,1.271353364e0,5.347037315e0,-1.220714569e0
train,452,CCC(O)C(C)(C)CO,8.879075050e0,0.000000000e0,0.000000000e0,1.271353364e0,8.879075050e0,1.557456255e0
train,453,COCC1(C)C(C)C1O,8.587913513e0,0.000000000e0,0.000000000e0,1.271353364e0,8.587913513e0,1.328439236e0
train,454,NC1[NH2+]CC23CCC12O3,6.645020485e0,0.000000000e0,0.000000000e0,1.271353364e0,6.645020485e0,-1.997688115e-1
train,455,C[NH+]1C(C=O)C2CC21,5.020500660e0,0.000000000e0,0.000000000e0,1.271353364e0,5.020500660e0,-1.477556229e0
train,456,N#CC12CC3[NH+]1CC32N,6.917134762e0,0.000000000e0,0.000000000e0,1.271353364e0,6.917134762e0,1.426625345e-2
train,457,C[NH2+]C1OCC2CC21C,7.377007008e0,0.000000000e0,0.000000000e0,1.271353364e0,7.377007008e0,3.759848177e-1
train,458,Cn1cc(O)nc1C=O,4.364706516e0,0.000000000e0,0.000000000e0,1.271353364e0,4.364706516e0,-1.993379712e0
train,459,C#CC[NH+]1CCC(=O)C1,5.363364220e0,0.000000000e0,0.000000000e0,1.271353364e0,5.363364220e0,-1.207872391e0
train,460,N#CC[NH+]1CC(C#N)C1,7.238228798e0,0.000000000e0,0.000000000e0,1.271353364e0,7.238228798e0,2.668269873e-1
train,461,O=C1CC23CC(C2O)C13,5.959293365e0,0.000000000e0,0.000000000e0,1.271353364e0,5.959293365e0,-7.391365170e-1
train,462,O=CC1NC2[NH2+]CCC12,5.164721012e0,0.000000000e0,0.000000000e0,1.271353364e0,5.164721012e0,-1.364117861e0
train,463,C#CC#CC#CCO,4.887165070e0,0.000000000e0,0.000000000e0,1.271353364e0,4.887165070e0,-1.582433105e0
train,464,OCC(O)c1cc[nH]n1,6.824615955e0,0.000000000e0,0.000000000e0,1.271353364e0,6.824615955e0,-5.850563198e-2
train,465,CCC(C)CCC1CO1,9.415139198e0,0.000000000e0,0.000000000e0,1.271353364e0,9.415139198e0,1.979104519e0
train,466,CC[NH2+]C1COC(=O)N1,6.906250000e0,0.000000000e0,0.000000000e0,1.271353364e0,6.906250000e0,5.704701412e-3
train,467,C#CC1(C)C(C)N1C=O,6.862711906e0,0.000000000e0,0.000000000e0,1.271353364e0,6.862711906e0,-2.854075842e-2
train,468,CC12C3NC1C2C3C#N,7.371564865e0,0.000000000e0,0.000000000e0,1.271353364e0,7.371564865e0,3.717042208e-1
train,469,C1NC1C12CC3C[NH+]1C32,8.334847450e0,0.000000000e0,0.000000000e0,1.271353364e0,8.334847450e0,1.129386783e0
train,470,C#CCC(=O)OCC=O,6.253176689e0,0.000000000e0,0.000000000e0,1.271353364e0,6.253176689e0,-5.079786777e-1
train,471,C[NH+]1C(C=O)CC1CO,5.491257668e0,0.000000000e0,0.000000000e0,1.271353364e0,5.491257668e0,-1.107276082e0
train,472,[NH-]C1OC2C3C(=O)C1C23,6.283109188e0,0.000000000e0,0.000000000e0,1.271353364e0,6.283109188e0,-4.844349027e-1
train,473,CC1C2CCC(=O)C12,6.073581219e0,0.000000000e0,0.000000000e0,1.271353364e0,6.073581219e0,-6.492418647e-1
train,474,CNC1COCOC1=O,6.302156925e0,0.000000000e0,0.000000000e0,1.271353364e0,6.302156925e0,-4.694526494e-1
train,475,CC1C2(O)COC12CO,7.923955917e0,0.000000000e0,0.000000000e0,1.271353364e0,7.923955917e0,8.061946630e-1
train,476,CC1=CCC=CC2NC12,6.255897522e0,0.000000000e0,0.000000000e0,1.271353364e0,6.255897522e0,-5.058385730e-1
train,477,C1=C2CCOC2OCC1,6.903528214e0,0.000000000e0,0.000000000e0,1.271353364e0,6.903528214e0,3.563844366e-3
train,478,CCC(=O)CCOC,6.402839184e0,0.000000000e0,0.000000000e0,1.271353364e0,6.402839184e0,-3.902597129e-1
train,479,O=CCCc1cn[nH]c1,5.866774559e0,0.000000000e0,0.000000000e0,1.271353364e0,5.866774559e0,-8.119083643e-1
train,480,CC1=CC2OCCC1O2,6.846384525e0,0.000000000e0,0.000000000e0,1.271353364e0,6.846384525e0,-4.138327390e-2
train,481,C#CCC(C)CCCO,8.536211014e0,0.000000000e0,0.000000000e0,1.271353364e0,8.536211014e0,1.287771940e0
train,482,CC1(OC=O)CCC1O,7.423265934e0,0.000000000e0,0.000000000e0,1.271353364e0,7.423265934e0,4.123703837e-1
train,483,COC(=O)NC1CC1C,8.174300194e0,0.000000000e0,0.000000000e0,1.271353364e0,8.174300194e0,1.003106236e0
train,484,CCC#CCCC,8.130762100e0,0.000000000e0,0.000000000e0,1.271353364e0,8.130762100e0,9.688608050e-1
train,485,[NH-]C1OC2CCC1CO2,7.809667587e0,0.000000000e0,0.000000000e0,1.271353364e0,7.809667587e0,7.162997127e-1
train,486,C[NH2+]C1NC(C)(C)CO1,7.602860928e0,0.000000000e0,0.000000000e0,1.271353364e0,7.602860928e0,5.536332130e-1
train,487,C1=NCc2ncoc2N1,5.368806362e0,0.000000000e0,0.000000000e0,1.271353364e0,5.368806362e0,-1.203591824e0
train,488,COC1CC2C(=O)CC12,6.019158840e0,0.000000000e0,0.000000000e0,1.271353364e0,6.019158840e0,-6.920485497e-1
train,489,CCCC1(C)C[NH2+][CH+]O1,7.412381172e0,0.000000000e0,0.000000000e0,1.271353364e0,7.412381172e0,4.038088322e-1
train,490,C#CC12C(=O)NC1C2O,6.631414413e0,0.000000000e0,0.000000000e0,1.271353364e0,6.631414413e0,-2.104708403e-1
train,491,C#CC1CC1(O)CC=O,5.978341103e0,0.000000000e0,0.000000000e0,1.271353364e0,5.978341103e0,-7.241542339e-1
train,492,C#Cc1c[nH]c(C#N)c1,5.425950050e0,0.000000000e0,0.000000000e0,1.271353364e0,5.425950050e0,-1.158644676e0
train,493,Oc1cnc2n1[CH+]C=[NH+]2,5.796025276e0,0.000000000e0,0.000000000e0,1.271353364e0,5.796025276e0,-8.675571680e-1
train,494,O=C1C(O)C2C3OC1C32,5.521190166e0,0.000000000e0,0.000000000e0,1.271353364e0,5.521190166e0,-1.083732367e0
train,495,Nc1cnc(F)[nH]c1=O,4.808251858e0,0.000000000e0,0.000000000e0,1.271353364e0,4.808251858e0,-1.644503355e0
train,496,Nc1c(F)ccnc1F,5.638199329e0,0.000000000e0,0.000000000e0,1.271353364e0,5.638199329e0,-9.916972518e-1
train,497,Cc1nnc2occn12,6.013716221e0,0.000000000e0,0.000000000e0,1.271353364e0,6.013716221e0,-6.963294744e-1
train,498,CCC1(C(C)C)CCC1,9.502216339e0,0.000000000e0,0.000000000e0,1.271353364e0,9.502216339e0,2.047596216e0
train,499,OC1CNc2nnoc21,4.876280308e0,0.000000000e0,0.000000000e0,1.271353364e0,4.876280308e0,-1.590994716e0
train,500,CCn1nnc(C#N)n1,6.645020485e0,0.000000000e0,0.000000000e0,1.271353364e0,6.645020485e0,-1.997688115e-1
train,501,COC(=O)C1C2CCC21,7.273603439e0,0.000000000e0,0.000000000e0,1.271353364e0,7.273603439e0,2.946513891e-1
train,502,C1c2nnoc2C2CC12,5.553843975e0,0.000000000e0,0.000000000e0,1.271353364e0,5.553843975e0,-1.058048010e0
train,503,CCn1nnc(N)c1N,6.166100025e0,0.000000000e0,0.000000000e0,1.271353364e0,6.166100025e0,-5.764700174e-1
train,504,OC1C=CCCCOC1,6.898086548e0,0.000000000e0,0.000000000e0,1.271353364e0,6.898086548e0,-7.163694827e-4
train,505,C#CC(=NO)C(C)C,5.692621708e0,0.000000000e0,0.000000000e0,1.271353364e0,5.692621708e0,-9.488906264e-1
train,506,CCC1(O)CC2OC21,8.555259705e0,0.000000000e0,0.000000000e0,1.271353364e0,8.555259705e0,1.302754998e0
train,507,COc1noc(N)c1N,6.468146324e0,0.000000000e0,0.000000000e0,1.271353364e0,6.468146324e0,-3.388915062e-1
train,508,CC(=O)CC1CC(C)C1,6.342973709e0,0.000000000e0,0.000000000e0,1.271353364e0,6.342973709e0,-4.373476803e-1
train,509,C#Cc1n[nH]cc1C,6.098071575e0,0.000000000e0,0.000000000e0,1.271353364e0,6.098071575e0,-6.299786568e-1
train,510,CCC1C(O)C1CC,8.296751022e0,0.000000000e0,0.000000000e0,1.271353364e0,8.296751022e0,1.099421620e0
train,511,CC(O)CC(C=O)C=O,5.717112064e0,0.000000000e0,0.000000000e0,1.271353364e0,5.717112064e0,-9.296274185e-1
train,512,CCc1onc(O)c1C,6.694001198e0,0.000000000e0,0.000000000e0,1.271353364e0,6.694001198e0,-1.612423807e-1
train,513,CCOc1ncco1,6.688558578e0,0.000000000e0,0.000000000e0,1.271353364e0,6.688558578e0,-1.655233502e-1
train,514,C1NC1C12CC3CC1[NH+]32,8.421924591e0,0.000000000e0,0.000000000e0,1.271353364e0,8.421924591e0,1.197878480e0
train,515,[NH-]C1=C(F)C=NNO1,4.620493412e0,0.000000000e0,0.000000000e0,1.271353364e0,4.620493412e0,-1.792187214e0
train,516,COC1(C(O)CO)CC1,8.000147820e0,0.000000000e0,0.000000000e0,1.271353364e0,8.000147820e0,8.661244512e-1
train,517,C#CC1(C(C)=O)CC1,6.217801571e0,0.000000000e0,0.000000000e0,1.271353364e0,6.217801571e0,-5.358034968e-1
train,518,CC1CC2OC1C2(C)C,8.811046600e0,0.000000000e0,0.000000000e0,1.271353364e0,8.811046600e0,1.503947496e0
train,519,CC1COCC1(C)C#N,8.182463646e0,0.000000000e0,0.000000000e0,1.271353364e0,8.182463646e0,1.009527326e0
train,520,COC1CC=CC(=O)C1,5.164721012e0,0.000000000e0,0.000000000e0,1.271353364e0,5.164721012e0,-1.364117861e0
train,521,O=CNCC1C[NH2+][CH+]O1,7.257276535e0,0.000000000e0,0.000000000e0,1.271353364e0,7.257276535e0,2.818092406e-1
train,522,Cc1nc2c(o1)CCN2,5.349758625e0,0.000000000e0,0.000000000e0,1.271353364e0,5.349758625e0,-1.218574047e0
train,523,CC1=CC(C)OCC1O,6.936182499e0,0.000000000e0,0.000000000e0,1.271353364e0,6.936182499e0,2.924850211e-2
train,524,CC1(N)CCC1(N)C#N,7.170200348e0,0.000000000e0,0.000000000e0,1.271353364e0,7.170200348e0,2.133183181e-1
train,525,O=CC1CC2(CN2)C1O,5.932082176e0,0.000000000e0,0.000000000e0,1.271353364e0,5.932082176e0,-7.605398297e-1
train,526,CC1=CC2(CCC1)CO2,6.704885483e0,0.000000000e0,0.000000000e0,1.271353364e0,6.704885483e0,-1.526812166e-1
train,527,CC(C)C(=O)CC=O,5.602824211e0,0.000000000e0,0.000000000e0,1.271353364e0,5.602824211e0,-1.019521952e0
train,528,Nc1nc(N2CC2)co1,6.372906685e0,0.000000000e0,0.000000000e0,1.271353364e0,6.372906685e0,-4.138034880e-1
train,529,OC12CC1CC2C1CC1,8.261377335e0,0.000000000e0,0.000000000e0,1.271353364e0,8.261377335e0,1.071597934e0
train,530,CCCC1CC1(O)CO,8.231444359e0,0.000000000e0,0.000000000e0,1.271353364e0,8.231444359e0,1.048053741e0
train,531,CC1(O)C(=O)COC1[NH-],5.719833374e0,0.000000000e0,0.000000000e0,1.271353364e0,5.719833374e0,-9.274868965e-1
train,532,CC#CC#CC(C)C#N,6.065417767e0,0.000000000e0,0.000000000e0,1.271353364e0,6.065417767e0,-6.556629539e-1
train,533,N#CC(N)C12CC[NH+]1C2,7.257276535e0,0.000000000e0,0.000000000e0,1.271353364e0,7.257276535e0,2.818092406e-1
train,534,CO[CH+]Nc1ccn[nH]1,5.162000179e0,0.000000000e0,0.000000000e0,1.271353364e0,5.162000179e0,-1.366257906e0
train,535,C1=CC23COC2C(C1)N3,6.125282764e0,0.000000000e0,0.000000000e0,1.271353364e0,6.125282764e0,-6.085753441e-1
train,536,CC1(O)CCC(O)C1,8.936218262e0,0.000000000e0,0.000000000e0,1.271353364e0,8.936218262e0,1.602402925e0
train,537,N#CC12CC(CC1=O)N2,6.030043125e0,0.000000000e0,0.000000000e0,1.271353364e0,6.030043125e0,-6.834873557e-1
train,538,C1C[NH+]2C([NH2+]1)OC1CC12,7.113056660e0,0.000000000e0,0.000000000e0,1.271353364e0,7.113056660e0,1.683712006e-1
train,539,CC1C2COC(=O)C1O2,6.653183937e0,0.000000000e0,0.000000000e0,1.271353364e0,6.653183937e0,-1.933477372e-1
train,540,CC12COC3C[NH+]1C32C,8.432807922e0,0.000000000e0,0.000000000e0,1.271353364e0,8.432807922e0,1.206438899e0
train,541,CC1C(O)C2C3OC3C12,8.397434235e0,0.000000000e0,0.000000000e0,1.271353364e0,8.397434235e0,1.178615332e0
train,542,Cc1coc(CN)n1,6.596040249e0,0.000000000e0,0.000000000e0,1.271353364e0,6.596040249e0,-2.382948548e-1
train,543,CC#CC1(O)CC1CO,7.347074509e0,0.000000000e0,0.000000000e0,1.271353364e0,7.347074509e0,3.524410129e-1
train,544,CC12CC1C(C#N)C2O,8.002868652e0,0.000000000e0,0.000000000e0,1.271353364e0,8.002868652e0,8.682645559e-1
train,545,NC(=O)OCCC1CC1,8.800162315e0,0.000000000e0,0.000000000e0,1.271353364e0,8.800162315e0,1.495386362e0
train,546,CC1=CCOCC1C#N,7.017816544e0,0.000000000e0,0.000000000e0,1.271353364e0,7.017816544e0,9.345883131e-2
train,547,C1CCCOCCC1,8.748460770e0,0.000000000e0,0.000000000e0,1.271353364e0,8.748460770e0,1.454719782e0
train,548,C[NH+]1CC1(C#N)C1CN1,7.034143448e0,0.000000000e0,0.000000000e0,1.271353364e0,7.034143448e0,1.063009724e-1
train,549,CCC1(NC=O)COC1,7.042306423e0,0.000000000e0,0.000000000e0,1.271353364e0,7.042306423e0,1.127216741e-1
train,550,CC(C=O)C12CCC1O2,5.913033962e0,0.000000000e0,0.000000000e0,1.271353364e0,5.913033962e0,-7.755224705e-1
train,551,N#CCOC12C[NH+](C1)C2,7.254555702e0,0.000000000e0,0.000000000e0,1.271353364e0,7.254555702e0,2.796691358e-1
train,552,C#CC1OCC1CC#N,7.325304985e0,0.000000000e0,0.000000000e0,1.271353364e0,7.325304985e0,3.353179097e-1
train,553,CC12CC3C1C1C2C31C,8.786556244e0,0.000000000e0,0.000000000e0,1.271353364e0,8.786556244e0,1.484684348e0
train,554,N#CC1CCOCOC1,8.313077927e0,0.000000000e0,0.000000000e0,1.271353364e0,8.313077927e0,1.112263680e0
train,555,N#CC1C2C3NC3C[NH+]12,7.039586067e0,0.000000000e0,0.000000000e0,1.271353364e0,7.039586067e0,1.105819419e-1
train,556,CNc1c[cH-]c(=O)n1C,4.563349247e0,0.000000000e0,0.000000000e0,1.271353364e0,4.563349247e0,-1.837134719e0
train,557,COC1COCC2NC21,8.269539833e0,0.000000000e0,0.000000000e0,1.271353364e0,8.269539833e0,1.078018308e0
train,558,O=C1CC2OCC2O1,7.379727840e0,0.000000000e0,0.000000000e0,1.271353364e0,7.379727840e0,3.781249225e-1
train,559,O=C1C2C=CC1N2,6.391954422e0,0.000000000e0,0.000000000e0,1.271353364e0,6.391954422e0,-3.988212645e-1
train,560,CC1(O)COC(C)(C)C1,8.168857574e0,0.000000000e0,0.000000000e0,1.271353364e0,8.168857574e0,9.988253117e-1
train,561,OCC1(O)CCOCC1,8.051848412e0,0.000000000e0,0.000000000e0,1.271353364e0,8.051848412e0,9.067901969e-1
train,562,CCC1CC2CC12,9.227380753e0,0.000000000e0,0.000000000e0,1.271353364e0,9.227380753e0,1.831420660e0
train,563,CC(C)OC1C2CCC21,8.636894226e0,0.000000000e0,0.000000000e0,1.271353364e0,8.636894226e0,1.366965652e0
train,564,C#CC(=O)c1cn[nH]c1,5.289893150e0,0.000000000e0,0.000000000e0,1.271353364e0,5.289893150e0,-1.265662074e0
train,565,CC(=O)C12C3CC1C2O3,5.899428368e0,0.000000000e0,0.000000000e0,1.271353364e0,5.899428368e0,-7.862241268e-1
train,566,NC(=O)COCC(N)=O,6.269503117e0,0.000000000e0,0.000000000e0,1.271353364e0,6.269503117e0,-4.951369464e-1
train,567,C#CC1CC1CC(C)O,7.885859489e0,0.000000000e0,0.000000000e0,1.271353364e0,7.885859489e0,7.762294412e-1
train,568,O=CC12COC3C(C1)C32,5.532074928e0,0.000000000e0,0.000000000e0,1.271353364e0,5.532074928e0,-1.075170755e0
train,569,OC1CCC2C(O)C12,8.302193642e0,0.000000000e0,0.000000000e0,1.271353364e0,8.302193642e0,1.103702545e0
train,570,Cc1cncc(F)c1F,6.345695019e0,0.000000000e0,0.000000000e0,1.271353364e0,6.345695019e0,-4.352071881e-1
train,571,CCC(C#N)C1(C)CO1,8.470904350e0,0.000000000e0,0.000000000e0,1.271353364e0,8.470904350e0,1.236404181e0
train,572,CC1[NH+]2CC(O)C12C,7.779735088e0,0.000000000e0,0.000000000e0,1.271353364e0,7.779735088e0,6.927558780e-1
train,573,CCC1=CC(C)C(=O)N1,5.817794323e0,0.000000000e0,0.000000000e0,1.271353364e0,5.817794323e0,-8.504344225e-1
train,574,CC1(CC(O)C#N)CN1,8.201511383e0,0.000000000e0,0.000000000e0,1.271353364e0,8.201511383e0,1.024509549e0
train,575,O=CCOC1CC1,6.212359428e0,0.000000000e0,0.000000000e0,1.271353364e0,6.212359428e0,-5.400840640e-1
train,576,Cn1cc(N)c(N)n1,5.915755272e0,0.000000000e0,0.000000000e0,1.271353364e0,5.915755272e0,-7.733819485e-1
train,577,C1C2[NH+]1CC21CC1,8.313077927e0,0.000000000e0,0.000000000e0,1.271353364e0,8.313077927e0,1.112263680e0
train,578,C1=CC2[NH+]3C1C3C21CN1,5.779698372e0,0.000000000e0,0.000000000e0,1.271353364e0,5.779698372e0,-8.803992867e-1
train,579,C#Cc1noc(N)n1,5.828679085e0,0.000000000e0,0.000000000e0,1.271353364e0,5.828679085e0,-8.418728709e-1
train,580,CC(=O)C12CC1OC2C,6.089908123e0,0.000000000e0,0.000000000e0,1.271353364e0,6.089908123e0,-6.363997459e-1
train,581,CC[NH+]1CC(C)(C#N)C1,7.088566303e0,0.000000000e0,0.000000000e0,1.271353364e0,7.088566303e0,1.491079926e-1
train,582,NC(=O)Cn1nnnn1,6.528011322e0,0.000000000e0,0.000000000e0,1.271353364e0,6.528011322e0,-2.918038964e-1
train,583,CC12CCC3[NH+]1CC32O,8.465462685e0,0.000000000e0,0.000000000e0,1.271353364e0,8.465462685e0,1.232123971e0
train,584,OC12CC1C1(CC1)C2,8.789278030e0,0.000000000e0,0.000000000e0,1.271353364e0,8.789278030e0,1.486825228e0
train,585,O=C1CC2(C3CO3)CC12,6.315762520e0,0.000000000e0,0.000000000e0,1.271353364e0,6.315762520e0,-4.587509930e-1
train,586,CC1OC1(C)C=O,5.981062412e0,0.000000000e0,0.000000000e0,1.271353364e0,5.981062412e0,-7.220137715e-1
train,587,OCC1CC=CC=CC1,5.186490059e0,0.000000000e0,0.000000000e0,1.271353364e0,5.186490059e0,-1.346995115e0
train,588,OC1C=CC(C2CO2)C1,7.042306423e0,0.000000000e0,0.000000000e0,1.271353364e0,7.042306423e0,1.127216741e-1
train,589,CC1Cc2ccoc2N1,5.782419682e0,0.000000000e0,0.000000000e0,1.271353364e0,5.782419682e0,-8.782588243e-1
train,590,O=CC12C(=O)CC1C2O,5.717112064e0,0.000000000e0,0.000000000e0,1.271353364e0,5.717112064e0,-9.296274185e-1
train,591,Cc1ccc(N)[nH]c1=O,4.775598526e0,0.000000000e0,0.000000000e0,1.271353364e0,4.775598526e0,-1.670187235e0
train,592,CC(C)C#CCC=O,5.953851223e0,0.000000000e0,0.000000000e0,1.271353364e0,5.953851223e0,-7.434170842e-1
train,593,CC(=O)COCC1CN1,6.002831459e0,0.000000000e0,0.000000000e0,1.271353364e0,6.002831459e0,-7.048910260e-1
train,594,OCC1C=CCCCO1,6.998768330e0,0.000000000e0,0.000000000e0,1.271353364e0,6.998768330e0,7.847621292e-2
train,595,CCC(O)C(=O)C=O,4.280350685e0,0.000000000e0,0.000000000e0,1.271353364e0,4.280350685e0,-2.059731007e0
train,596,CCC(O)C1CCOC1,8.889959335e0,0.000000000e0,0.000000000e0,1.271353364e0,8.889959335e0,1.566017389e0
train,597,C1CC23CC4OC2CC143,8.084503174e0,0.000000000e0,0.000000000e0,1.271353364e0,8.084503174e0,9.324752688e-1
train,598,O=C1CC2C=CC1CC2,5.801467419e0,0.000000000e0,0.000000000e0,1.271353364e0,5.801467419e0,-8.632766008e-1
train,599,CCC12CCC(N1)C2=O,6.196032524e0,0.000000000e0,0.000000000e0,1.271353364e0,6.196032524e0,-5.529261827e-1
train,600,CC1(O)CNC1=O,7.303536415e0,0.000000000e0,0.000000000e0,1.271353364e0,7.303536415e0,3.181955516e-1
train,601,CC(O)C1OCCC1O,8.318520546e0,0.000000000e0,0.000000000e0,1.271353364e0,8.318520546e0,1.116544724e0
train,602,OCCCc1nn[nH]n1,6.647741318e0,0.000000000e0,0.000000000e0,1.271353364e0,6.647741318e0,-1.976287067e-1
train,603,N#CC1OCOCC1=O,5.464046478e0,0.000000000e0,0.000000000e0,1.271353364e0,5.464046478e0,-1.128679514e0
train,604,CC1C=CCC2(CC2)C1,7.243670940e0,0.000000000e0,0.000000000e0,1.271353364e0,7.243670940e0,2.711075842e-1
train,605,O=C1CC(CO)(CO)C1,6.049090862e0,0.000000000e0,0.000000000e0,1.271353364e0,6.049090862e0,-6.685050726e-1
train,606,CC12OC1C1CC2C1,9.202890396e0,0.000000000e0,0.000000000e0,1.271353364e0,9.202890396e0,1.812157393e0
train,607,COC1(C)C2C=CC1O2,6.236849785e0,0.000000000e0,0.000000000e0,1.271353364e0,6.236849785e0,-5.208208561e-1
train,608,CC12C([NH-])OC3C[NH+]1C32,6.952508926e0,0.000000000e0,0.000000000e0,1.271353364e0,6.952508926e0,4.209026694e-2
train,609,CCOC([NH-])C1CC1C,7.711706638e0,0.000000000e0,0.000000000e0,1.271353364e0,7.711706638e0,6.392472386e-1
train,610,CCc1cc(N)ncn1,5.989225864e0,0.000000000e0,0.000000000e0,1.271353364e0,5.989225864e0,-7.155926824e-1
train,611,c1nc2n(n1)CCCC2,7.191968918e0,0.000000000e0,0.000000000e0,1.271353364e0,7.191968918e0,2.304406762e-1
train,612,CC(O)(C#N)C1(O)CC1,7.962051392e0,0.000000000e0,0.000000000e0,1.271353364e0,7.962051392e0,8.361591697e-1
train,613,CC12NC1C1NC12C,7.336189747e0,0.000000000e0,0.000000000e0,1.271353364e0,7.336189747e0,3.438794613e-1
train,614,COC1C2[NH2+][CH+]OC21,6.887201786e0,0.000000000e0,0.000000000e0,1.271353364e0,6.887201786e0,-9.277922101e-3
train,615,C1OC(C2CC2)C2CC12,9.115814209e0,0.000000000e0,0.000000000e0,1.271353364e0,9.115814209e0,1.743666530e0
train,616,CCC1C(C#N)C1CC,8.443693161e0,0.000000000e0,0.000000000e0,1.271353364e0,8.443693161e0,1.215000868e0
train,617,Cn1cc2c(n1)CCN2,5.687179565e0,0.000000000e0,0.000000000e0,1.271353364e0,5.687179565e0,-9.531711936e-1
train,618,CC1(C)COCC1(C)C,8.280425072e0,0.000000000e0,0.000000000e0,1.271353364e0,8.280425072e0,1.086580157e0
train,619,c1cncc(C2CN2)c1,6.010994911e0,0.000000000e0,0.000000000e0,1.271353364e0,6.010994911e0,-6.984699965e-1
train,620,C#CC(C)(O)C(C)O,8.079060555e0,0.000000000e0,0.000000000e0,1.271353364e0,8.079060555e0,9.281942844e-1
train,621,CC12CCCC1(C#N)C2,8.272260666e0,0.000000000e0,0.000000000e0,1.271353364e0,8.272260666e0,1.080158353e0
train,622,CC1(C2(C)CC2)CC1,8.884517670e0,0.000000000e0,0.000000000e0,1.271353364e0,8.884517670e0,1.561737180e0
train,623,CCCC#CC(=O)NC,6.413723469e0,0.000000000e0,0.000000000e0,1.271353364e0,6.413723469e0,-3.816985190e-1
train,624,[NH-]C1CC2(CO2)C(=O)N1,6.541617393e0,0.000000000e0,0.000000000e0,1.271353364e0,6.541617393e0,-2.811018825e-1
train,625,CC1CC1(C#N)CC#N,8.419202805e0,0.000000000e0,0.000000000e0,1.271353364e0,8.419202805e0,1.195737600e0
train,626,CCc1ccnc(F)n1,5.866774559e0,0.000000000e0,0.000000000e0,1.271353364e0,5.866774559e0,-8.119083643e-1
train,627,COC1(C)C(C)C1(C)C,8.462740898e0,0.000000000e0,0.000000000e0,1.271353364e0,8.462740898e0,1.229983091e0
train,628,CN1C(=O)CC2(C)CC12,7.004210949e0,0.000000000e0,0.000000000e0,1.271353364e0,7.004210949e0,8.275717497e-2
train,629,CC1CC=CC(O)C1C,6.979720592e0,0.000000000e0,0.000000000e0,1.271353364e0,6.979720592e0,6.349395961e-2
train,630,O=C1CC2CC(=O)C2N1,5.436834812e0,0.000000000e0,0.000000000e0,1.271353364e0,5.436834812e0,-1.150083184e0
train,631,C#CCC12CC3C[NH+]1C32,7.937561512e0,0.000000000e0,0.000000000e0,1.271353364e0,7.937561512e0,8.168963194e-1
train,632,[NH-][CH+]OC(=O)C1CCC1,6.732096672e0,0.000000000e0,0.000000000e0,1.271353364e0,6.732096672e0,-1.312778890e-1
train,633,CC1C2CC(C2=O)[NH+]1C,5.447719574e0,0.000000000e0,0.000000000e0,1.271353364e0,5.447719574e0,-1.141521573e0
train,634,CC1OC1c1ncno1,6.547059536e0,0.000000000e0,0.000000000e0,1.271353364e0,6.547059536e0,-2.768212855e-1
train,635,CC#CC1=CC2OC2C1,5.292614460e0,0.000000000e0,0.000000000e0,1.271353364e0,5.292614460e0,-1.263521552e0
train,636,C#CC#CC(=O)CCO,5.028664112e0,0.000000000e0,0.000000000e0,1.271353364e0,5.028664112e0,-1.471135139e0
train,637,CC1CCCC1(O)C=O,6.108956337e0,0.000000000e0,0.000000000e0,1.271353364e0,6.108956337e0,-6.214171052e-1
train,638,C#CC12COC3C1NC32,7.559322834e0,0.000000000e0,0.000000000e0,1.271353364e0,7.559322834e0,5.193877220e-1
train,639,CC1OC(=O)CC12CC2,7.551159859e0,0.000000000e0,0.000000000e0,1.271353364e0,7.551159859e0,5.129670501e-1
train,640,O=c1cc(CO)ocn1,5.619151115e0,0.000000000e0,0.000000000e0,1.271353364e0,5.619151115e0,-1.006679893e0
train,641,CC1C2C3CC(C[NH+]12)O3,7.823273182e0,0.000000000e0,0.000000000e0,1.271353364e0,7.823273182e0,7.270013690e-1
train,642,CC1(O)C=CC2NC21C,6.484473228e0,0.000000000e0,0.000000000e0,1.271353364e0,6.484473228e0,-3.260493577e-1
train,643,CC1C([NH-])OC12COC2,7.660005569e0,0.000000000e0,0.000000000e0,1.271353364e0,7.660005569e0,5.985810757e-1
train,644,CC12COC(CC1O)O2,8.536211014e0,0.000000000e0,0.000000000e0,1.271353364e0,8.536211014e0,1.287771940e0
train,645,CCC1(C)C(O)C1(C)O,7.981099606e0,0.000000000e0,0.000000000e0,1.271353364e0,7.981099606e0,8.511418104e-1
train,646,OCCCc1cn[nH]n1,7.017816544e0,0.000000000e0,0.000000000e0,1.271353364e0,7.017816544e0,9.345883131e-2
train,647,C#CCOCCOCC,7.423265934e0,0.000000000e0,0.000000000e0,1.271353364e0,7.423265934e0,4.123703837e-1
train,648,CCCC1C(O)C2NC12,8.424644470e0,0.000000000e0,0.000000000e0,1.271353364e0,8.424644470e0,1.200017810e0
train,649,C#CC1OC(C)(C)C1C,7.472246647e0,0.000000000e0,0.000000000e0,1.271353364e0,7.472246647e0,4.508967996e-1
train,650,OC1(C2CC2)COC1,8.506278992e0,0.000000000e0,0.000000000e0,1.271353364e0,8.506278992e0,1.264228582e0
train,651,CNC1=NC([NH-])=CNO1,4.892607212e0,0.000000000e0,0.000000000e0,1.271353364e0,4.892607212e0,-1.578152537e0
train,652,CCc1cn[nH]c1C#N,5.945687771e0,0.000000000e0,0.000000000e0,1.271353364e0,5.945687771e0,-7.498381734e-1
train,653,CC1C2[NH+]1CC2(C)CO,7.782456875e0,0.000000000e0,0.000000000e0,1.271353364e0,7.782456875e0,6.948967576e-1
train,654,O=CCCC1C(O)C1O,6.187869072e0,0.000000000e0,0.000000000e0,1.271353364e0,6.187869072e0,-5.593472719e-1
train,655,[NH-]C1CCCO1,7.798782825e0,0.000000000e0,0.000000000e0,1.271353364e0,7.798782825e0,7.077381611e-1
train,656,OCCc1cc[nH]c1,6.805567265e0,0.000000000e0,0.000000000e0,1.271353364e0,6.805567265e0,-7.348863035e-2
train,657,CC12C3C4C[NH+]1C2C3O4,7.853205681e0,0.000000000e0,0.000000000e0,1.271353364e0,7.853205681e0,7.505451441e-1
train,658,CCC(OC)C1COC1,8.566143990e0,0.000000000e0,0.000000000e0,1.271353364e0,8.566143990e0,1.311316133e0
train,659,CC1C=CCC1C1CC1,7.175642490e0,0.000000000e0,0.000000000e0,1.271353364e0,7.175642490e0,2.175989151e-1
train,660,CC1OCc2[nH]cnc21,6.517127037e0,0.000000000e0,0.000000000e0,1.271353364e0,6.517127037e0,-3.003650904e-1
train,661,CC1C2C3C(=O)C[NH+]3C12,5.488536358e0,0.000000000e0,0.000000000e0,1.271353364e0,5.488536358e0,-1.109416604e0
train,662,C#CC1C(C=O)C1CO,5.978341103e0,0.000000000e0,0.000000000e0,1.271353364e0,5.978341103e0,-7.241542339e-1
train,663,CC12CC3CC1C32O,8.231444359e0,0.000000000e0,0.000000000e0,1.271353364e0,8.231444359e0,1.048053741e0
train,664,O=C1NCC12COC2,7.363400936e0,0.000000000e0,0.000000000e0,1.271353364e0,7.363400936e0,3.652827740e-1
train,665,CC12NC(C3NC31)C2O,7.673610687e0,0.000000000e0,0.000000000e0,1.271353364e0,7.673610687e0,6.092823744e-1
train,666,CC1CC(OC=O)CO1,7.251834393e0,0.000000000e0,0.000000000e0,1.271353364e0,7.251834393e0,2.775286436e-1
train,667,CN(C=O)C(=O)CO,6.285830498e0,0.000000000e0,0.000000000e0,1.271353364e0,6.285830498e0,-4.822944105e-1
train,668,CC1(C2(C#N)CN2)CC1,7.983820438e0,0.000000000e0,0.000000000e0,1.271353364e0,7.983820438e0,8.532819152e-1
train,669,CC(=O)CCC(O)CO,6.386512280e0,0.000000000e0,0.000000000e0,1.271353364e0,6.386512280e0,-4.031018317e-1
train,670,CC1(C=O)CO1,6.035485268e0,0.000000000e0,0.000000000e0,1.271353364e0,6.035485268e0,-6.792067289e-1
train,671,[NH-]C1OCC(CO)C1=O,5.077644348e0,0.000000000e0,0.000000000e0,1.271353364e0,5.077644348e0,-1.432609081e0
train,672,C#Cc1cn(C)nc1N,5.581055164e0,0.000000000e0,0.000000000e0,1.271353364e0,5.581055164e0,-1.036644697e0
train,673,CC(O)Cc1cc[nH]c1,6.797404289e0,0.000000000e0,0.000000000e0,1.271353364e0,6.797404289e0,-7.990932465e-2
train,674,CC1C([NH+]2CC2)C1(C)C,8.582470894e0,0.000000000e0,0.000000000e0,1.271353364e0,8.582470894e0,1.324158311e0
train,675,CC1CC(C)C(O)CO1,8.743018150e0,0.000000000e0,0.000000000e0,1.271353364e0,8.743018150e0,1.450438857e0
train,676,C#CC1CC12OCC2O,7.366122246e0,0.000000000e0,0.000000000e0,1.271353364e0,7.366122246e0,3.674232662e-1
train,677,CC1(O)CC2CC(C1)O2,8.476346970e0,0.000000000e0,0.000000000e0,1.271353364e0,8.476346970e0,1.240685105e0
train,678,CC1C=CC(C2CO2)O1,6.729375839e0,0.000000000e0,0.000000000e0,1.271353364e0,6.729375839e0,-1.334179938e-1
train,679,N#CC12NC1C1CNC12,6.438213825e0,0.000000000e0,0.000000000e0,1.271353364e0,6.438213825e0,-3.624353111e-1
train,680,CC1NC([NH-])C(C)[NH2+]1,6.274945736e0,0.000000000e0,0.000000000e0,1.271353364e0,6.274945736e0,-4.908559620e-1
train,681,CC1(C)OC1CC(N)=O,7.357958317e0,0.000000000e0,0.000000000e0,1.271353364e0,7.357958317e0,3.610018194e-1
train,682,O=C1C2CCC1C2,6.274945736e0,0.000000000e0,0.000000000e0,1.271353364e0,6.274945736e0,-4.908559620e-1
train,683,CCC12C[NH+]1CC2(C)C,8.294030190e0,0.000000000e0,0.000000000e0,1.271353364e0,8.294030190e0,1.097281456e0
train,684,CC#CC#CCC#N,6.089908123e0,0.000000000e0,0.000000000e0,1.271353364e0,6.089908123e0,-6.363997459e-1
train,685,CCCC(C)(C#N)OC,8.250492096e0,0.000000000e0,0.000000000e0,1.271353364e0,8.250492096e0,1.063035965e0
train,686,CNC(C#N)C#CC#N,5.722554207e0,0.000000000e0,0.000000000e0,1.271353364e0,5.722554207e0,-9.253467917e-1
train,687,C1OCC2(CN2)C2OC12,8.587913513e0,0.000000000e0,0.000000000e0,1.271353364e0,8.587913513e0,1.328439236e0
train,688,COC(=O)CC(=O)OC,7.638236046e0,0.000000000e0,0.000000000e0,1.271353364e0,7.638236046e0,5.814579725e-1
train,689,O=C1NC2C[NH+]3CC12C3,6.242291927e0,0.000000000e0,0.000000000e0,1.271353364e0,6.242291927e0,-5.165402293e-1
train,690,CC(C)(CO)O[CH+][NH-],7.749802589e0,0.000000000e0,0.000000000e0,1.271353364e0,7.749802589e0,6.692121029e-1
train,691,CC1COCC[NH+]2CC12,8.283145905e0,0.000000000e0,0.000000000e0,1.271353364e0,8.283145905e0,1.088720322e0
train,692,O=CC1CCC(=O)CO1,5.551122665e0,0.000000000e0,0.000000000e0,1.271353364e0,5.551122665e0,-1.060188532e0
train,693,CC(C)(C)c1ncco1,6.677673817e0,0.000000000e0,0.000000000e0,1.271353364e0,6.677673817e0,-1.740849018e-1
train,694,CC1(C2COC2=O)CN1,7.224623203e0,0.000000000e0,0.000000000e0,1.271353364e0,7.224623203e0,2.561253309e-1
train,695,C1OC2C3C1C2C31CC1,9.262756348e0,0.000000000e0,0.000000000e0,1.271353364e0,9.262756348e0,1.859245777e0
train,696,CC(C)C1CC(O)C1=O,5.981062412e0,0.000000000e0,0.000000000e0,1.271353364e0,5.981062412e0,-7.220137715e-1
train,697,CC1C2COC(=O)C12O,6.947066307e0,0.000000000e0,0.000000000e0,1.271353364e0,6.947066307e0,3.780930489e-2
train,698,C1=NC23CC2CC3CO1,6.519847870e0,0.000000000e0,0.000000000e0,1.271353364e0,6.519847870e0,-2.982249856e-1
train,699,CC1=CC2(C#N)CC1N2,6.525290489e0,0.000000000e0,0.000000000e0,1.271353364e0,6.525290489e0,-2.939440012e-1
train,700,NC=Nc1n[nH]nc1O,5.020500660e0,0.000000000e0,0.000000000e0,1.271353364e0,5.020500660e0,-1.477556229e0
train,701,NC1=NONC=C1NO,4.348379135e0,0.000000000e0,0.000000000e0,1.271353364e0,4.348379135e0,-2.006222248e0
train,702,CCC#Cc1cnoc1,5.744323254e0,0.000000000e0,0.000000000e0,1.271353364e0,5.744323254e0,-9.082240462e-1
train,703,O=COCC1C(O)C1O,7.254555702e0,0.000000000e0,0.000000000e0,1.271353364e0,7.254555702e0,2.796691358e-1
train,704,CC1COC(C)(CO)C1,8.702200890e0,0.000000000e0,0.000000000e0,1.271353364e0,8.702200890e0,1.418333530e0
train,705,C#CC1COCC1C,8.206954002e0,0.000000000e0,0.000000000e0,1.271353364e0,8.206954002e0,1.028790593e0
train,706,CC12CC(CC13CC3)O2,8.835536957e0,0.000000000e0,0.000000000e0,1.271353364e0,8.835536957e0,1.523210764e0
train,707,C#CCCC1(CO)CN1,8.209674835e0,0.000000000e0,0.000000000e0,1.271353364e0,8.209674835e0,1.030930638e0
train,708,CC1OC1(C)C#CC=O,5.502141953e0,0.000000000e0,0.000000000e0,1.271353364e0,5.502141953e0,-1.098714948e0
train,709,CC1OC2CC2C1CO,8.005589485e0,0.000000000e0,0.000000000e0,1.271353364e0,8.005589485e0,8.704046607e-1
train,710,OCC1(O)C2CCC1C2,8.538932800e0,0.000000000e0,0.000000000e0,1.271353364e0,8.538932800e0,1.289912820e0
train,711,O=C1C=C2NCCC2C1,5.687179565e0,0.000000000e0,0.000000000e0,1.271353364e0,5.687179565e0,-9.531711936e-1
train,712,CC1C2CCC3(CC3)C12,8.723970413e0,0.000000000e0,0.000000000e0,1.271353364e0,8.723970413e0,1.435456634e0
train,713,CC(=O)C(C)C#CCO,6.019158840e0,0.000000000e0,0.000000000e0,1.271353364e0,6.019158840e0,-6.920485497e-1
train,714,O=C1OC2CCC2C1=O,4.615050793e0,0.000000000e0,0.000000000e0,1.271353364e0,4.615050793e0,-1.796468139e0
train,715,COC1CCOC1C#N,7.708985806e0,0.000000000e0,0.000000000e0,1.271353364e0,7.708985806e0,6.371071339e-1
train,716,C#CC12C[NH+]1CC2C=O,5.575613022e0,0.000000000e0,0.000000000e0,1.271353364e0,5.575613022e0,-1.040925384e0
train,717,[H]N=CNc1cc(C)[nH]n1,5.940245628e0,0.000000000e0,0.000000000e0,1.271353364e0,5.940245628e0,-7.541187406e-1
train,718,CC(C)c1ncccn1,5.670852661e0,0.000000000e0,0.000000000e0,1.271353364e0,5.670852661e0,-9.660133123e-1
train,719,OCC1C2CC2C2CC12,8.683153152e0,0.000000000e0,0.000000000e0,1.271353364e0,8.683153152e0,1.403351307e0
train,720,C#CC(C)C(F)(F)F,8.604239464e0,0.000000000e0,0.000000000e0,1.271353364e0,8.604239464e0,1.341280699e0
train,721,O=C1OC23COC(C2)C13,6.805567265e0,0.000000000e0,0.000000000e0,1.271353364e0,6.805567265e0,-7.348863035e-2
train,722,CC(O)C(CO)O[CH+][NH-],7.445035458e0,0.000000000e0,0.000000000e0,1.271353364e0,7.445035458e0,4.294934869e-1
train,723,OC1C2C3CCC3C12,8.367501259e0,0.000000000e0,0.000000000e0,1.271353364e0,8.367501259e0,1.155071139e0
train,724,C1=NCC2CCOC2O1,7.412381172e0,0.000000000e0,0.000000000e0,1.271353364e0,7.412381172e0,4.038088322e-1
train,725,CCC1=CCN=COC1,6.272224426e0,0.000000000e0,0.000000000e0,1.271353364e0,6.272224426e0,-4.929964542e-1
train,726,Cc1cncn1C,6.756587029e0,0.000000000e0,0.000000000e0,1.271353364e0,6.756587029e0,-1.120146811e-1
train,727,CCC1C(C)[NH+]1CC,7.801504612e0,0.000000000e0,0.000000000e0,1.271353364e0,7.801504612e0,7.098789811e-1
train,728,C#CC12CC3C(C1)C32O,7.341631889e0,0.000000000e0,0.000000000e0,1.271353364e0,7.341631889e0,3.481600583e-1
train,729,O=C1C=Cc2nn[nH]c21,3.779661417e0,0.000000000e0,0.000000000e0,1.271353364e0,3.779661417e0,-2.453554630e0
train,730,N#CC(O)c1c[nH]cn1,6.889922619e0,0.000000000e0,0.000000000e0,1.271353364e0,6.889922619e0,-7.137815002e-3
train,731,CCC1CCC(C=O)O1,5.942966461e0,0.000000000e0,0.000000000e0,1.271353364e0,5.942966461e0,-7.519786358e-1
train,732,COC1(C)CCOC1[NH-],7.401497364e0,0.000000000e0,0.000000000e0,1.271353364e0,7.401497364e0,3.952480257e-1
train,733,c1n[nH]cc1C1CC1,6.707606792e0,0.000000000e0,0.000000000e0,1.271353364e0,6.707606792e0,-1.505407244e-1
train,734,OC1COC1C1CCC1,8.166136742e0,0.000000000e0,0.000000000e0,1.271353364e0,8.166136742e0,9.966852069e-1
train,735,CCC1[NH+]2CC1(CO)C2,7.719869614e0,0.000000000e0,0.000000000e0,1.271353364e0,7.719869614e0,6.456679106e-1
train,736,O=C1CC2COC(=O)N12,6.879037857e0,0.000000000e0,0.000000000e0,1.271353364e0,6.879037857e0,-1.569936797e-2
train,737,N#CC12COC(CN1)C2,7.129383087e0,0.000000000e0,0.000000000e0,1.271353364e0,7.129383087e0,1.812129617e-1
train,738,OCCC1C2CC(O)C12,8.772951126e0,0.000000000e0,0.000000000e0,1.271353364e0,8.772951126e0,1.473983049e0
train,739,OCC1CCC(CO)C1,9.202890396e0,0.000000000e0,0.000000000e0,1.271353364e0,9.202890396e0,1.812157393e0
train,740,CC1(O)CC12CCCC2,8.726691246e0,0.000000000e0,0.000000000e0,1.271353364e0,8.726691246e0,1.437596679e0
train,741,O=C1CNCC2CN12,6.087186813e0,0.000000000e0,0.000000000e0,1.271353364e0,6.087186813e0,-6.385402083e-1
train,742,NC=[NH+]CC(CO)=NO,2.179631948e0,0.000000000e0,0.000000000e0,1.271353364e0,2.179631948e0,-3.712078810e0
train,743,CC(O)C#CCO[CH+][NH-],7.553880215e0,0.000000000e0,0.000000000e0,1.271353364e0,7.553880215e0,5.151067972e-1
train,744,CC1COCC2NC12,8.381106377e0,0.000000000e0,0.000000000e0,1.271353364e0,8.381106377e0,1.165772438e0
train,745,CCCC1(C)OC1C,9.336226463e0,0.000000000e0,0.000000000e0,1.271353364e0,9.336226463e0,1.917034626e0
train,746,[H]N=C(NC(C)C)C(N)=O,5.472209930e0,0.000000000e0,0.000000000e0,1.271353364e0,5.472209930e0,-1.122258425e0
train,747,O=C1NC2CC2CO1,7.888580799e0,0.000000000e0,0.000000000e0,1.271353364e0,7.888580799e0,7.783699036e-1
train,748,CCC(CC)C(C)=O,6.261340141e0,0.000000000e0,0.000000000e0,1.271353364e0,6.261340141e0,-5.015576482e-1
train,749,C1=CC2(CC=CC2)CC1,7.001489162e0,0.000000000e0,0.000000000e0,1.271353364e0,7.001489162e0,8.061631769e-2
train,750,O=C1C2CC1C21CC1O,6.870874882e0,0.000000000e0,0.000000000e0,1.271353364e0,6.870874882e0,-2.212006412e-2
train,751,C[NH2+][CH+]OC1CC(C)C1,7.401497364e0,0.000000000e0,0.000000000e0,1.271353364e0,7.401497364e0,3.952480257e-1
train,752,O=CNC12COC(C1)C2,7.058633804e0,0.000000000e0,0.000000000e0,1.271353364e0,7.058633804e0,1.255641878e-1
train,753,N#Cc1coc(=O)cn1,4.549743652e0,0.000000000e0,0.000000000e0,1.271353364e0,4.549743652e0,-1.847836375e0
train,754,CC(=O)C1(CO)CC1O,5.975620270e0,0.000000000e0,0.000000000e0,1.271353364e0,5.975620270e0,-7.262943387e-1
train,755,O=C1CC2OC1CC2O,5.874938488e0,0.000000000e0,0.000000000e0,1.271353364e0,5.874938488e0,-8.054869175e-1
train,756,C1CC1C1OCC2NC21,8.506278992e0,0.000000000e0,0.000000000e0,1.271353364e0,8.506278992e0,1.264228582e0
train,757,CNC1C([NH-])OC1CO,6.849106312e0,0.000000000e0,0.000000000e0,1.271353364e0,6.849106312e0,-3.924242035e-2
train,758,Cn1cc(N)nc1CO,5.534795761e0,0.000000000e0,0.000000000e0,1.271353364e0,5.534795761e0,-1.073030710e0
train,759,CC1(O)CCCC(O)C1,8.653220177e0,0.000000000e0,0.000000000e0,1.271353364e0,8.653220177e0,1.379807115e0
train,760,O=CC1CC([NH+]2CC2)C1,6.070860386e0,0.000000000e0,0.000000000e0,1.271353364e0,6.070860386e0,-6.513819695e-1
train,761,CC12NC1C1NC12,7.385169983e0,0.000000000e0,0.000000000e0,1.271353364e0,7.385169983e0,3.824055195e-1
train,762,CC1C2COCOC1C2,9.012411118e0,0.000000000e0,0.000000000e0,1.271353364e0,9.012411118e0,1.662333488e0
train,763,OCC1C2C3C1C1C2[NH+]31,8.060012817e0,0.000000000e0,0.000000000e0,1.271353364e0,8.060012817e0,9.132120013e-1
train,764,CCOC1CCC2OC12,8.960708618e0,0.000000000e0,0.000000000e0,1.271353364e0,8.960708618e0,1.621666193e0
train,765,C#CC(CC)C1C[NH+]1C,7.447756290e0,0.000000000e0,0.000000000e0,1.271353364e0,7.447756290e0,4.316335917e-1
train,766,CC1C2C1[NH+]1C2C1(C)C,7.445035458e0,0.000000000e0,0.000000000e0,1.271353364e0,7.445035458e0,4.294934869e-1
train,767,CC1=C(C)C2OC2C1,6.495357990e0,0.000000000e0,0.000000000e0,1.271353364e0,6.495357990e0,-3.174878061e-1
train,768,O=CC1C2C3CC[NH+]2C13,5.733438969e0,0.000000000e0,0.000000000e0,1.271353364e0,5.733438969e0,-9.167852402e-1
train,769,COC1CC1CC=O,6.136167526e0,0.000000000e0,0.000000000e0,1.271353364e0,6.136167526e0,-6.000137925e-1
train,770,C#CC1NC(=O)C1(C)C,7.287209034e0,0.000000000e0,0.000000000e0,1.271353364e0,7.287209034e0,3.053530455e-1
train,771,CC1C(CO)C2(C)CC12,8.626008987e0,0.000000000e0,0.000000000e0,1.271353364e0,8.626008987e0,1.358403802e0
train,772,N#CC1[NH2+][CH+]OC12CC2,7.025979519e0,0.000000000e0,0.000000000e0,1.271353364e0,7.025979519e0,9.987953305e-2
train,773,C1OC2C3C4C[NH+](C13)C42,8.511721611e0,0.000000000e0,0.000000000e0,1.271353364e0,8.511721611e0,1.268509507e0
train,774,C[NH+]1C2CC3OC3(C)C21,8.332126617e0,0.000000000e0,0.000000000e0,1.271353364e0,8.332126617e0,1.127246737e0
train,775,Nc1nc2occc2o1,5.401460171e0,0.000000000e0,0.000000000e0,1.271353364e0,5.401460171e0,-1.177907586e0
train,776,CCC12CC3CC1C32O,8.226001740e0,0.000000000e0,0.000000000e0,1.271353364e0,8.226001740e0,1.043772817e0
train,777,CCC1OC(C)OC1[NH-],7.907628536e0,0.000000000e0,0.000000000e0,1.271353364e0,7.907628536e0,7.933521867e-1
train,778,CNC(=O)C1CC1O,6.914412975e0,0.000000000e0,0.000000000e0,1.271353364e0,6.914412975e0,1.212539710e-2
train,779,O=C1C[NH+]2CC3NC3C12,5.684458733e0,0.000000000e0,0.000000000e0,1.271353364e0,5.684458733e0,-9.553112984e-1
train,780,CC(O)C(N)(C#N)C#N,7.461361885e0,0.000000000e0,0.000000000e0,1.271353364e0,7.461361885e0,4.423352480e-1
train,781,CC1=CC2CC3C2C13C,6.421886921e0,0.000000000e0,0.000000000e0,1.271353364e0,6.421886921e0,-3.752774596e-1
train,782,C#CC1C=CC(C)C1=O,5.858611107e0,0.000000000e0,0.000000000e0,1.271353364e0,5.858611107e0,-8.183294535e-1
train,783,NC(=O)C1(CO)CC1,7.240949631e0,0.000000000e0,0.000000000e0,1.271353364e0,7.240949631e0,2.689670920e-1
train,784,O=CC1C2CC(=O)C1N2,5.306220055e0,0.000000000e0,0.000000000e0,1.271353364e0,5.306220055e0,-1.252819896e0
train,785,COc1nc[nH]c1OC,5.945687771e0,0.000000000e0,0.000000000e0,1.271353364e0,5.945687771e0,-7.498381734e-1
train,786,O=CC(=O)CC1CN1,3.877622366e0,0.000000000e0,0.000000000e0,1.271353364e0,3.877622366e0,-2.376502275e0
train,787,COC(C)CC(N)C#N,7.738917828e0,0.000000000e0,0.000000000e0,1.271353364e0,7.738917828e0,6.606505513e-1
train,788,CC1(O)C(O)C2(C)NC12,8.334847450e0,0.000000000e0,0.000000000e0,1.271353364e0,8.334847450e0,1.129386783e0
train,789,CC12CC(C#N)C1O2,8.040965080e0,0.000000000e0,0.000000000e0,1.271353364e0,8.040965080e0,8.982297778e-1
train,790,C#CC1(C2CO2)CO1,7.660005569e0,0.000000000e0,0.000000000e0,1.271353364e0,7.660005569e0,5.985810757e-1
train,791,C#CC(=O)NC(C)CC,6.313041210e0,0.000000000e0,0.000000000e0,1.271353364e0,6.313041210e0,-4.608914852e-1
train,792,C1C2C3C1C1(CO1)C23,9.374322891e0,0.000000000e0,0.000000000e0,1.271353364e0,9.374322891e0,1.946999907e0
train,793,CC1(C#N)C(=O)C2C[NH+]21,5.823236465e0,0.000000000e0,0.000000000e0,1.271353364e0,5.823236465e0,-8.461538553e-1
train,794,OC1CCC12C1CC2C1,8.702200890e0,0.000000000e0,0.000000000e0,1.271353364e0,8.702200890e0,1.418333530e0
train,795,CC1=C2CCC2(C)CC1,6.500800133e0,0.000000000e0,0.000000000e0,1.271353364e0,6.500800133e0,-3.132072389e-1
train,796,C#CC1OCC[NH+]2CC12,6.879037857e0,0.000000000e0,0.000000000e0,1.271353364e0,6.879037857e0,-1.569936797e-2
train,797,CC(C)C(C#N)C1CN1,7.640957355e0,0.000000000e0,0.000000000e0,1.271353364e0,7.640957355e0,5.835984349e-1
train,798,N#CC1C2C[NH+]1CCO2,6.838221550e0,0.000000000e0,0.000000000e0,1.271353364e0,6.838221550e0,-4.780397192e-2
train,799,CCC1(CCC#N)CO1,8.579750061e0,0.000000000e0,0.000000000e0,1.271353364e0,8.579750061e0,1.322018147e0
train,800,N#CC1C=CC(C=O)N1,5.461325169e0,0.000000000e0,0.000000000e0,1.271353364e0,5.461325169e0,-1.130819917e0
train,801,CC1=CN(C)CCC1=O,4.797367573e0,0.000000000e0,0.000000000e0,1.271353364e0,4.797367573e0,-1.653064489e0
train,802,C#CC1CC2OCOC12,7.951167107e0,0.000000000e0,0.000000000e0,1.271353364e0,7.951167107e0,8.275979757e-1
train,803,CC1(c2ncn[nH]2)CN1,7.058633804e0,0.000000000e0,0.000000000e0,1.271353364e0,7.058633804e0,1.255641878e-1
train,804,[H]N=CNc1ncc(N)o1,5.123903751e0,0.000000000e0,0.000000000e0,1.271353364e0,5.123903751e0,-1.396223187e0
train,805,C1C2CC3(COC3)C12,8.596076965e0,0.000000000e0,0.000000000e0,1.271353364e0,8.596076965e0,1.334860325e0
train,806,Oc1nc2c([nH]1)CCO2,6.019158840e0,0.000000000e0,0.000000000e0,1.271353364e0,6.019158840e0,-6.920485497e-1
train,807,C1OC2CC1C1(CO1)C2,8.974315643e0,0.000000000e0,0.000000000e0,1.271353364e0,8.974315643e0,1.632368922e0
train,808,C#CC12C(=O)C3CC1C32,6.479031086e0,0.000000000e0,0.000000000e0,1.271353364e0,6.479031086e0,-3.303299546e-1
train,809,CCCCC(C=O)OC,5.801467419e0,0.000000000e0,0.000000000e0,1.271353364e0,5.801467419e0,-8.632766008e-1
train,810,CC#CC1([NH+]2CC2)CC1,7.540275097e0,0.000000000e0,0.000000000e0,1.271353364e0,7.540275097e0,5.044054985e-1
train,811,C#CC1NC(CO)C1=O,5.624593258e0,0.000000000e0,0.000000000e0,1.271353364e0,5.624593258e0,-1.002399325e0
train,812,COCC1(C#N)CCC1,8.261377335e0,0.000000000e0,0.000000000e0,1.271353364e0,8.261377335e0,1.071597934e0
train,813,O=C1CCOCC1O,6.266781807e0,0.000000000e0,0.000000000e0,1.271353364e0,6.266781807e0,-4.972774088e-1
train,814,N#CC(CN)NCCO,7.428708553e0,0.000000000e0,0.000000000e0,1.271353364e0,7.428708553e0,4.166513383e-1
train,815,O=C1CCC12CC2,5.962014675e0,0.000000000e0,0.000000000e0,1.271353364e0,5.962014675e0,-7.369959950e-1
train,816,N#CCCC1CN1,7.940282345e0,0.000000000e0,0.000000000e0,1.271353364e0,7.940282345e0,8.190364242e-1
train,817,O=CC1C2C=CC3C2[NH+]13,5.496700287e0,0.000000000e0,0.000000000e0,1.271353364e0,5.496700287e0,-1.102995157e0
train,818,CC12COC3C1CCC32,8.193347931e0,0.000000000e0,0.000000000e0,1.271353364e0,8.193347931e0,1.018088460e0
train,819,N#CC12CCCC1OC2,7.825994968e0,0.000000000e0,0.000000000e0,1.271353364e0,7.825994968e0,7.291421890e-1
train,820,CNC(=O)N(C)CC=O,5.717112064e0,0.000000000e0,0.000000000e0,1.271353364e0,5.717112064e0,-9.296274185e-1
train,821,O=CNC1CC1[NH+]1CC1,7.292651653e0,0.000000000e0,0.000000000e0,1.271353364e0,7.292651653e0,3.096340001e-1
train,822,CC1C(C=O)COC1[NH-],6.141610146e0,0.000000000e0,0.000000000e0,1.271353364e0,6.141610146e0,-5.957328677e-1
train,823,CC12NC1C1(CO)NC21,7.211016655e0,0.000000000e0,0.000000000e0,1.271353364e0,7.211016655e0,2.454229295e-1
train,824,C1OC2C3CC1C1C2[NH+]31,8.707643509e0,0.000000000e0,0.000000000e0,1.271353364e0,8.707643509e0,1.422614455e0
train,825,CCC12CC(C#N)C1N2,7.962051392e0,0.000000000e0,0.000000000e0,1.271353364e0,7.962051392e0,8.361591697e-1
train,826,C#CC(=O)NCC1CO1,6.323925972e0,0.000000000e0,0.000000000e0,1.271353364e0,6.323925972e0,-4.523299336e-1
train,827,COCC(O)C(=O)C=O,4.378312111e0,0.000000000e0,0.000000000e0,1.271353364e0,4.378312111e0,-1.982678056e0
train,828,O=c1cncno1,4.337494850e0,0.000000000e0,0.000000000e0,1.271353364e0,4.337494850e0,-2.014783382e0
train,829,OC12CCC3C1CCC32,8.770229340e0,0.000000000e0,0.000000000e0,1.271353364e0,8.770229340e0,1.471842170e0
train,830,O=CC1=CC(=O)C(=O)N1,3.368769646e0,0.000000000e0,0.000000000e0,1.271353364e0,3.368769646e0,-2.776746988e0
train,831,CC1(C)[NH+]2CC1(CO)C2,7.815110207e0,0.000000000e0,0.000000000e0,1.271353364e0,7.815110207e0,7.205806375e-1
train,832,CO[CH+][NH2+]CCCCO,7.374285698e0,0.000000000e0,0.000000000e0,1.271353364e0,7.374285698e0,3.738443255e-1
train,833,Nc1c[nH]c(O)c1N,6.111677170e0,0.000000000e0,0.000000000e0,1.271353364e0,6.111677170e0,-6.192770004e-1
train,834,N#Cc1nccnc1N,4.547022343e0,0.000000000e0,0.000000000e0,1.271353364e0,4.547022343e0,-1.849976897e0
train,835,CC12CC(O[CH+][NH-])C1N2,7.404218197e0,0.000000000e0,0.000000000e0,1.271353364e0,7.404218197e0,3.973881304e-1
train,836,CC1=CCN=COC1,6.334810734e0,0.000000000e0,0.000000000e0,1.271353364e0,6.334810734e0,-4.437683821e-1
train,837,O=Cc1ncnnn1,3.945650816e0,0.000000000e0,0.000000000e0,1.271353364e0,3.945650816e0,-2.322993517e0
train,838,CC1CC2(CC(O)C2)O1,8.522605896e0,0.000000000e0,0.000000000e0,1.271353364e0,8.522605896e0,1.277070761e0
train,839,CC1C=CC2C(C)C12O,6.555222511e0,0.000000000e0,0.000000000e0,1.271353364e0,6.555222511e0,-2.704005837e-1
train,840,CC12CC3C1C(C=O)[NH+]32,5.727996826e0,0.000000000e0,0.000000000e0,1.271353364e0,5.727996826e0,-9.210658669e-1
train,841,N#CCCCCC1CC1,8.718527794e0,0.000000000e0,0.000000000e0,1.271353364e0,8.718527794e0,1.431175590e0
train,842,CC(C)OC(C=O)C=O,5.382411957e0,0.000000000e0,0.000000000e0,1.271353364e0,5.382411957e0,-1.192890167e0
train,843,OCCOC1CCC1O,8.639615059e0,0.000000000e0,0.000000000e0,1.271353364e0,8.639615059e0,1.369105816e0
train,844,CC1(O)CC12OC1CC12,8.019195557e0,0.000000000e0,0.000000000e0,1.271353364e0,8.019195557e0,8.811066747e-1
train,845,ONC1CCC2CC1C2,6.936182499e0,0.000000000e0,0.000000000e0,1.271353364e0,6.936182499e0,2.924850211e-2
train,846,COCC1C(C)C2OC12,9.006968498e0,0.000000000e0,0.000000000e0,1.271353364e0,9.006968498e0,1.658052444e0
train,847,CN1C=CCCNC1=O,6.141610146e0,0.000000000e0,0.000000000e0,1.271353364e0,6.141610146e0,-5.957328677e-1
train,848,CC1NC(C)(C#N)C1O,7.330747128e0,0.000000000e0,0.000000000e0,1.271353364e0,7.330747128e0,3.395985067e-1
train,849,CC(C)(O)CC1COC1,8.049127579e0,0.000000000e0,0.000000000e0,1.271353364e0,8.049127579e0,9.046500921e-1
train,850,CCNc1ncc(N)o1,6.182426929e0,0.000000000e0,0.000000000e0,1.271353364e0,6.182426929e0,-5.636278391e-1
train,851,C#CC12NC3C(=O)C1C32,5.932082176e0,0.000000000e0,0.000000000e0,1.271353364e0,5.932082176e0,-7.605398297e-1
train,852,CC(=[NH2+])Nc1c[nH]nn1,4.408244610e0,0.000000000e0,0.000000000e0,1.271353364e0,4.408244610e0,-1.959134340e0
train,853,C#CCn1ccnc1O,6.342973709e0,0.000000000e0,0.000000000e0,1.271353364e0,6.342973709e0,-4.373476803e-1
train,854,C#CC1(C(C)O)NC1C,7.322584152e0,0.000000000e0,0.000000000e0,1.271353364e0,7.322584152e0,3.331778049e-1
train,855,C#CC1CC2(COC2)C1,7.929397583e0,0.000000000e0,0.000000000e0,1.271353364e0,7.929397583e0,8.104748726e-1
train,856,N#CC(=O)C1NC1C=O,4.323888779e0,0.000000000e0,0.000000000e0,1.271353364e0,4.323888779e0,-2.025485516e0
train,857,OC1C2CC2C2C(O)C12,7.662726402e0,0.000000000e0,0.000000000e0,1.271353364e0,7.662726402e0,6.007211804e-1
train,858,C[NH+]1CCN(C=O)CC1,6.938903332e0,0.000000000e0,0.000000000e0,1.271353364e0,6.938903332e0,3.138861060e-2
train,859,OC1C=CCCCCC1,6.919855118e0,0.000000000e0,0.000000000e0,1.271353364e0,6.919855118e0,1.640598662e-2
train,860,CCC12CC3C4C(C41)[NH+]32,8.291309357e0,0.000000000e0,0.000000000e0,1.271353364e0,8.291309357e0,1.095141411e0
train,861,C#CC1C=C(C)CC1C,6.982441425e0,0.000000000e0,0.000000000e0,1.271353364e0,6.982441425e0,6.563407183e-2
train,862,CC1=CCC2(CO2)C1O,7.137547016e0,0.000000000e0,0.000000000e0,1.271353364e0,7.137547016e0,1.876344085e-1
train,863,C#CCC(C)(O)C(C)O,8.283145905e0,0.000000000e0,0.000000000e0,1.271353364e0,8.283145905e0,1.088720322e0
train,864,Cn1cc2c(n1)C=CC2,5.532074928e0,0.000000000e0,0.000000000e0,1.271353364e0,5.532074928e0,-1.075170755e0
train,865,COCC1OCC2OC12,9.140304565e0,0.000000000e0,0.000000000e0,1.271353364e0,9.140304565e0,1.762929678e0
train,866,C1C2CC34COC3(C4)C12,7.396054745e0,0.000000000e0,0.000000000e0,1.271353364e0,7.396054745e0,3.909670711e-1
train,867,[NH-]c1[nH+]c(N)noc1=O,5.175605774e0,0.000000000e0,0.000000000e0,1.271353364e0,5.175605774e0,-1.355556250e0
train,868,C#CC1=CC(CC)CC1,5.668131351e0,0.000000000e0,0.000000000e0,1.271353364e0,5.668131351e0,-9.681538343e-1
train,869,OC12COCCC1C2,8.557980537e0,0.000000000e0,0.000000000e0,1.271353364e0,8.557980537e0,1.304895043e0
train,870,CC12CC3C4C1C[NH+]4C32,8.163415909e0,0.000000000e0,0.000000000e0,1.271353364e0,8.163415909e0,9.945451021e-1
train,871,O=CC(O)C1(O)CC1,5.934803009e0,0.000000000e0,0.000000000e0,1.271353364e0,5.934803009e0,-7.583997250e-1
train,872,CNC=Nc1nnon1,5.140230656e0,0.000000000e0,0.000000000e0,1.271353364e0,5.140230656e0,-1.383381009e0
train,873,CNC(=O)c1conn1,5.646362305e0,0.000000000e0,0.000000000e0,1.271353364e0,5.646362305e0,-9.852765203e-1
train,874,Cc1cc2c([nH]1)COC2,6.315762520e0,0.000000000e0,0.000000000e0,1.271353364e0,6.315762520e0,-4.587509930e-1
train,875,C#CCCC(C#C)C=O,5.978341103e0,0.000000000e0,0.000000000e0,1.271353364e0,5.978341103e0,-7.241542339e-1
train,876,CCC12NC1C(O)C2O,7.940282345e0,0.000000000e0,0.000000000e0,1.271353364e0,7.940282345e0,8.190364242e-1
train,877,[NH-]c1[nH+]ncnc1N,4.729339123e0,0.000000000e0,0.000000000e0,1.271353364e0,4.729339123e0,-1.706573248e0
train,878,CC(C)c1nccnn1,4.440898418e0,0.000000000e0,0.000000000e0,1.271353364e0,4.440898418e0,-1.933449984e0
train,879,COC12C[NH+]3C1CC32C,8.917170525e0,0.000000000e0,0.000000000e0,1.271353364e0,8.917170525e0,1.587420702e0
train,880,CC12CC=CC1OCC2,7.094007969e0,0.000000000e0,0.000000000e0,1.271353364e0,7.094007969e0,1.533882022e-1
train,881,CC12CC3CC1CC32O,8.889959335e0,0.000000000e0,0.000000000e0,1.271353364e0,8.889959335e0,1.566017389e0
train,882,CC12CC1C(=O)N2C=O,6.117119789e0,0.000000000e0,0.000000000e0,1.271353364e0,6.117119789e0,-6.149960756e-1
train,883,N#CC1OC2C(O)CC12,7.379727840e0,0.000000000e0,0.000000000e0,1.271353364e0,7.379727840e0,3.781249225e-1
train,884,C1NC1C12OC3CC1C32,7.902186394e0,0.000000000e0,0.000000000e0,1.271353364e0,7.902186394e0,7.890715599e-1
train,885,C#CC1COC1(C)CC,7.763408184e0,0.000000000e0,0.000000000e0,1.271353364e0,7.763408184e0,6.799137592e-1
train,886,N#CC12CC1[NH+]1CCC12,6.715770245e0,0.000000000e0,0.000000000e0,1.271353364e0,6.715770245e0,-1.441196501e-1
train,887,C[NH+]1CC12C1CC2(C)O1,8.628729820e0,0.000000000e0,0.000000000e0,1.271353364e0,8.628729820e0,1.360543847e0
train,888,CC(=O)C(C)OC(N)=O,6.258618832e0,0.000000000e0,0.000000000e0,1.271353364e0,6.258618832e0,-5.036981106e-1
train,889,CC12CC3OC4C(C31)C42,8.381106377e0,0.000000000e0,0.000000000e0,1.271353364e0,8.381106377e0,1.165772438e0
train,890,O=CC#CC(=O)C1CN1,5.042269707e0,0.000000000e0,0.000000000e0,1.271353364e0,5.042269707e0,-1.460433483e0
train,891,O=CC1CC(CCO)C1,6.160657883e0,0.000000000e0,0.000000000e0,1.271353364e0,6.160657883e0,-5.807505846e-1
train,892,C[NH+]=C(N)OCC(=O)[O-],3.785103798e0,0.000000000e0,0.000000000e0,1.271353364e0,3.785103798e0,-2.449273825e0
train,893,CC1CC2(O)C(CO)C12,7.869533062e0,0.000000000e0,0.000000000e0,1.271353364e0,7.869533062e0,7.633876801e-1
train,894,CNCc1ncon1,5.534795761e0,0.000000000e0,0.000000000e0,1.271353364e0,5.534795761e0,-1.073030710e0
train,895,CC1OC(C)C2CCC12,8.802883148e0,0.000000000e0,0.000000000e0,1.271353364e0,8.802883148e0,1.497526407e0
train,896,[H]N=C(C=O)NCCCO,4.636819839e0,0.000000000e0,0.000000000e0,1.271353364e0,4.636819839e0,-1.779345512e0
train,897,N#CC(O)(C=O)C1CO1,6.005552769e0,0.000000000e0,0.000000000e0,1.271353364e0,6.005552769e0,-7.027505636e-1
train,898,C#CCC1C[NH+]1CC#N,7.322584152e0,0.000000000e0,0.000000000e0,1.271353364e0,7.322584152e0,3.331778049e-1
train,899,C#CC1CC2CCC12C,8.092665672e0,0.000000000e0,0.000000000e0,1.271353364e0,8.092665672e0,9.388955832e-1
train,900,CC1C=CC2C(C)C2C1,6.745702267e0,0.000000000e0,0.000000000e0,1.271353364e0,6.745702267e0,-1.205762327e-1
train,901,COc1n[nH]cc1N,6.049090862e0,0.000000000e0,0.000000000e0,1.271353364e0,6.049090862e0,-6.685050726e-1
train,902,N#CC1C2CCC1CC2,9.162073135e0,0.000000000e0,0.000000000e0,1.271353364e0,9.162073135e0,1.780052066e0
train,903,C#CC1(C)CCC1C,8.258655548e0,0.000000000e0,0.000000000e0,1.271353364e0,8.258655548e0,1.069457054e0
train,904,CC12C(=O)C3C4C(C31)[NH+]42,5.727996826e0,0.000000000e0,0.000000000e0,1.271353364e0,5.727996826e0,-9.210658669e-1
train,905,O=CC12CC[NH+]1C2CO,5.744323254e0,0.000000000e0,0.000000000e0,1.271353364e0,5.744323254e0,-9.082240462e-1
train,906,CC1CC2OC2C12CO2,8.914449692e0,0.000000000e0,0.000000000e0,1.271353364e0,8.914449692e0,1.585280538e0
train,907,CC12COC(C=O)C1O2,6.000110626e0,0.000000000e0,0.000000000e0,1.271353364e0,6.000110626e0,-7.070311308e-1
train,908,N#CCC1(CO)CC1,8.541653633e0,0.000000000e0,0.000000000e0,1.271353364e0,8.541653633e0,1.292052984e0
train,909,CCOCC(CO)CO,8.549818039e0,0.000000000e0,0.000000000e0,1.271353364e0,8.549818039e0,1.298474789e0
train,910,OC1C2CCOCC12,8.250492096e0,0.000000000e0,0.000000000e0,1.271353364e0,8.250492096e0,1.063035965e0
train,911,OCCCC1CC2OC12,8.979757309e0,0.000000000e0,0.000000000e0,1.271353364e0,8.979757309e0,1.636649132e0
train,912,CC(O)C1C(O)C1C=O,6.128004074e0,0.000000000e0,0.000000000e0,1.271353364e0,6.128004074e0,-6.064348817e-1
train,913,CCC1CC([NH-])OC1C,7.790619850e0,0.000000000e0,0.000000000e0,1.271353364e0,7.790619850e0,7.013174295e-1
train,914,C#CC(C)(OC)C(C)C,8.114435196e0,0.000000000e0,0.000000000e0,1.271353364e0,8.114435196e0,9.560186863e-1
train,915,COCC1COC1C#N,7.279046059e0,0.000000000e0,0.000000000e0,1.271353364e0,7.279046059e0,2.989323437e-1
train,916,CC1CCC(=O)OC1C,7.409660339e0,0.000000000e0,0.000000000e0,1.271353364e0,7.409660339e0,4.016687274e-1
train,917,CCOC1CCOC1,8.889959335e0,0.000000000e0,0.000000000e0,1.271353364e0,8.889959335e0,1.566017389e0
train,918,[H]N=CNC(=O)CC=O,5.953851223e0,0.000000000e0,0.000000000e0,1.271353364e0,5.953851223e0,-7.434170842e-1
train,919,CCC1C2C(C)OC12C,8.435529709e0,0.000000000e0,0.000000000e0,1.271353364e0,8.435529709e0,1.208579779e0
train,920,Cc1nn[nH]c1NC=O,5.575613022e0,0.000000000e0,0.000000000e0,1.271353364e0,5.575613022e0,-1.040925384e0
train,921,O=C1NCC12C1COC12,7.050469875e0,0.000000000e0,0.000000000e0,1.271353364e0,7.050469875e0,1.191427410e-1
train,922,OCC#CCC1CO1,7.725312233e0,0.000000000e0,0.000000000e0,1.271353364e0,7.725312233e0,6.499488950e-1
train,923,CC1(O)C2CNC21C#N,6.473588943e0,0.000000000e0,0.000000000e0,1.271353364e0,6.473588943e0,-3.346105516e-1
train,924,CC#Cc1cc(C)on1,5.929360867e0,0.000000000e0,0.000000000e0,1.271353364e0,5.929360867e0,-7.626802921e-1
train,925,[H]N=C(C[NH+](C)C)NC=O,6.005552769e0,0.000000000e0,0.000000000e0,1.271353364e0,6.005552769e0,-7.027505636e-1
train,926,C#CC1C(O)C2CC12,7.943003654e0,0.000000000e0,0.000000000e0,1.271353364e0,7.943003654e0,8.211769462e-1
train,927,O=C1OC2[NH2+]CC3C1C23,5.913033962e0,0.000000000e0,0.000000000e0,1.271353364e0,5.913033962e0,-7.755224705e-1
train,928,CC12CC3C1COCC32,8.922613144e0,0.000000000e0,0.000000000e0,1.271353364e0,8.922613144e0,1.591701627e0
train,929,CC12C3CC1(O)C[NH+]32,7.937561512e0,0.000000000e0,0.000000000e0,1.271353364e0,7.937561512e0,8.168963194e-1
train,930,OCC1C(O)C12COC2,7.932118893e0,0.000000000e0,0.000000000e0,1.271353364e0,7.932118893e0,8.126153946e-1
train,931,C#CC(C)NC(C)C#N,7.306257248e0,0.000000000e0,0.000000000e0,1.271353364e0,7.306257248e0,3.203356564e-1
train,932,CCOC1C(O)C2OC12,8.525327682e0,0.000000000e0,0.000000000e0,1.271353364e0,8.525327682e0,1.279211521e0
train,933,CC1CC12CCOC2=O,7.551159859e0,0.000000000e0,0.000000000e0,1.271353364e0,7.551159859e0,5.129670501e-1
train,934,C1OC23C1OC1C2OC13,7.515784740e0,0.000000000e0,0.000000000e0,1.271353364e0,7.515784740e0,4.851422608e-1
train,935,[CH+]1[NH2+]C2C3NC2C3O1,6.857269287e0,0.000000000e0,0.000000000e0,1.271353364e0,6.857269287e0,-3.282172233e-2
train,936,CCOC1CC1(O)C#N,7.289929867e0,0.000000000e0,0.000000000e0,1.271353364e0,7.289929867e0,3.074931502e-1
train,937,CC12CC1OC(N)[NH2+]2,7.385169983e0,0.000000000e0,0.000000000e0,1.271353364e0,7.385169983e0,3.824055195e-1
train,938,O=CC1=CCC2CC12,5.213701248e0,0.000000000e0,0.000000000e0,1.271353364e0,5.213701248e0,-1.325591803e0
train,939,OCCC1(O)CC2NC21,8.166136742e0,0.000000000e0,0.000000000e0,1.271353364e0,8.166136742e0,9.966852069e-1
train,940,C1CC2NC23CNC3[NH2+]1,6.601481915e0,0.000000000e0,0.000000000e0,1.271353364e0,6.601481915e0,-2.340146452e-1
train,941,CC12OC3C4CC4C1C32,7.975656986e0,0.000000000e0,0.000000000e0,1.271353364e0,7.975656986e0,8.468608260e-1
train,942,CC1OC(=O)NC12CC2,8.060012817e0,0.000000000e0,0.000000000e0,1.271353364e0,8.060012817e0,9.132120013e-1
train,943,OC1CC2CC12O,8.914449692e0,0.000000000e0,0.000000000e0,1.271353364e0,8.914449692e0,1.585280538e0
train,944,O=C(C(O)CO)N1CC1,6.525290489e0,0.000000000e0,0.000000000e0,1.271353364e0,6.525290489e0,-2.939440012e-1
train,945,COC1CC2(CO2)C1O,8.438250542e0,0.000000000e0,0.000000000e0,1.271353364e0,8.438250542e0,1.210719943e0
train,946,CC1C2C=CC1OCC2,6.704885483e0,0.000000000e0,0.000000000e0,1.271353364e0,6.704885483e0,-1.526812166e-1
train,947,CC12CCOC1C2CO,8.666826248e0,0.000000000e0,0.000000000e0,1.271353364e0,8.666826248e0,1.390509129e0
train,948,CC1=CCC2NC2C=C1,5.132067680e0,0.000000000e0,0.000000000e0,1.271353364e0,5.132067680e0,-1.389801741e0
train,949,Nc1cccc(N)c1N,5.779698372e0,0.000000000e0,0.000000000e0,1.271353364e0,5.779698372e0,-8.803992867e-1
train,950,C#CCC(=O)NC(C)=O,6.084465981e0,0.000000000e0,0.000000000e0,1.271353364e0,6.084465981e0,-6.406803131e-1
train,951,CCCC1CC12COC2,8.470904350e0,0.000000000e0,0.000000000e0,1.271353364e0,8.470904350e0,1.236404181e0
train,952,O=Cc1coc(=O)o1,5.148394108e0,0.000000000e0,0.000000000e0,1.271353364e0,5.148394108e0,-1.376960039e0
train,953,CC1=CC2CC1(C)CO2,6.723933220e0,0.000000000e0,0.000000000e0,1.271353364e0,6.723933220e0,-1.376989633e-1
train,954,CC1CCC(O)C(=O)O1,7.529390335e0,0.000000000e0,0.000000000e0,1.271353364e0,7.529390335e0,4.958439171e-1
train,955,Cc1nc(O)n(C)c1N,6.664068222e0,0.000000000e0,0.000000000e0,1.271353364e0,6.664068222e0,-1.847865582e-1
train,956,COCC1CN(C=O)C1,7.262719154e0,0.000000000e0,0.000000000e0,1.271353364e0,7.262719154e0,2.860901952e-1
train,957,COCC(N)C(=O)OC,7.015095711e0,0.000000000e0,0.000000000e0,1.271353364e0,7.015095711e0,9.131872654e-2
train,958,C#CCC(C)(C)CC,8.432807922e0,0.000000000e0,0.000000000e0,1.271353364e0,8.432807922e0,1.206438899e0
train,959,C#CC1(C)OC1COC,7.785177231e0,0.000000000e0,0.000000000e0,1.271353364e0,7.785177231e0,6.970365047e-1
train,960,c1nc(C2CCO2)co1,6.639578342e0,0.000000000e0,0.000000000e0,1.271353364e0,6.639578342e0,-2.040493935e-1
train,961,CC1(C)C(=O)CNC1=O,5.689900398e0,0.000000000e0,0.000000000e0,1.271353364e0,5.689900398e0,-9.510310888e-1
train,962,O=CCC(CO)CC=O,5.657247066e0,0.000000000e0,0.000000000e0,1.271353364e0,5.657247066e0,-9.767149687e-1
train,963,CCC12OCC1(C)C2C,8.114435196e0,0.000000000e0,0.000000000e0,1.271353364e0,8.114435196e0,9.560186863e-1
train,964,CC1(CO)OCC1C#N,7.679053307e0,0.000000000e0,0.000000000e0,1.271353364e0,7.679053307e0,6.135632992e-1
train,965,CC12C[NH+]3C(CO1)C32,8.658662796e0,0.000000000e0,0.000000000e0,1.271353364e0,8.658662796e0,1.384088039e0
train,966,CC1C2COCC1C2=O,6.119840622e0,0.000000000e0,0.000000000e0,1.271353364e0,6.119840622e0,-6.128559709e-1
train,967,CCOC(C)CO,9.088603020e0,0.000000000e0,0.000000000e0,1.271353364e0,9.088603020e0,1.722263217e0
train,968,O=CNC1C2CC1C2,7.521226883e0,0.000000000e0,0.000000000e0,1.271353364e0,7.521226883e0,4.894228578e-1
train,969,O=CNC1C(O)C2CC21,7.132104397e0,0.000000000e0,0.000000000e0,1.271353364e0,7.132104397e0,1.833534539e-1
train,970,CC(C)([NH3+])CC(=O)[O-],3.997352600e0,0.000000000e0,0.000000000e0,1.271353364e0,3.997352600e0,-2.282326937e0
train,971,N#CC1(O)COC1,7.390612602e0,0.000000000e0,0.000000000e0,1.271353364e0,7.390612602e0,3.866864741e-1
train,972,OC12CC3CC3(O)C1C2,8.623288155e0,0.000000000e0,0.000000000e0,1.271353364e0,8.623288155e0,1.356263638e0
train,973,CCC(=O)C(C)CO,6.274945736e0,0.000000000e0,0.000000000e0,1.271353364e0,6.274945736e0,-4.908559620e-1
train,974,OCCc1ncccn1,5.676295280e0,0.000000000e0,0.000000000e0,1.271353364e0,5.676295280e0,-9.617323875e-1
train,975,C1CC2(C[NH+]3CC3)OC12,8.903565407e0,0.000000000e0,0.000000000e0,1.271353364e0,8.903565407e0,1.576719403e0
train,976,C1=CC23OCC24NC3C14,5.540238380e0,0.000000000e0,0.000000000e0,1.271353364e0,5.540238380e0,-1.068749666e0
train,977,CCC1(O)C2OCOC21,8.247770309e0,0.000000000e0,0.000000000e0,1.271353364e0,8.247770309e0,1.060895205e0
train,978,CC1CC(=O)OC(C)C1,7.390612602e0,0.000000000e0,0.000000000e0,1.271353364e0,7.390612602e0,3.866864741e-1
train,979,CC1CC2OC(C)C12O,8.095387459e0,0.000000000e0,0.000000000e0,1.271353364e0,8.095387459e0,9.410364032e-1
train,980,C#CCn1nn[nH]c1=O,6.182426929e0,0.000000000e0,0.000000000e0,1.271353364e0,6.182426929e0,-5.636278391e-1
train,981,CC1CC2=CCOCC21,6.974278450e0,0.000000000e0,0.000000000e0,1.271353364e0,6.974278450e0,5.921337381e-2
train,982,CCC(C)c1cnon1,6.963393688e0,0.000000000e0,0.000000000e0,1.271353364e0,6.963393688e0,5.065182224e-2
train,983,CCC1CCC(=O)OC1,7.371564865e0,0.000000000e0,0.000000000e0,1.271353364e0,7.371564865e0,3.717042208e-1
train,984,Cc1[nH]ccc1C1CC1,6.413723469e0,0.000000000e0,0.000000000e0,1.271353364e0,6.413723469e0,-3.816985190e-1
train,985,C#CCCC#CCCC,7.888580799e0,0.000000000e0,0.000000000e0,1.271353364e0,7.888580799e0,7.783699036e-1
train,986,CC1C2(O)COCC12O,8.016474724e0,0.000000000e0,0.000000000e0,1.271353364e0,8.016474724e0,8.789665699e-1
train,987,[NH-][CH+]OCCC1CO1,7.736196995e0,0.000000000e0,0.000000000e0,1.271353364e0,7.736196995e0,6.585104465e-1
train,988,CC[NH+]1C2CCC(O)C21,7.684495449e0,0.000000000e0,0.000000000e0,1.271353364e0,7.684495449e0,6.178439260e-1
train,989,CC1C2N=CNC=NC12,5.532074928e0,0.000000000e0,0.000000000e0,1.271353364e0,5.532074928e0,-1.075170755e0
train,990,C1COC2CC(C2)O1,8.579750061e0,0.000000000e0,0.000000000e0,1.271353364e0,8.579750061e0,1.322018147e0
train,991,COc1c[nH]nn1,6.079023361e0,0.000000000e0,0.000000000e0,1.271353364e0,6.079023361e0,-6.449612975e-1
train,992,CCC(CC)COC=O,7.790619850e0,0.000000000e0,0.000000000e0,1.271353364e0,7.790619850e0,7.013174295e-1
train,993,C#Cc1ccc(C#C)o1,4.617772102e0,0.000000000e0,0.000000000e0,1.271353364e0,4.617772102e0,-1.794327736e0
train,994,OC12C=CCC3C(C1)C32,6.968835831e0,0.000000000e0,0.000000000e0,1.271353364e0,6.968835831e0,5.493241176e-2
train,995,CC(=O)CC1=NCCO1,6.359301090e0,0.000000000e0,0.000000000e0,1.271353364e0,6.359301090e0,-4.245051742e-1
train,996,C1=NCCCC[NH2+][CH+]N1,5.357921600e0,0.000000000e0,0.000000000e0,1.271353364e0,5.357921600e0,-1.212153435e0
train,997,Cc1ncccc(=O)n1,4.391917706e0,0.000000000e0,0.000000000e0,1.271353364e0,4.391917706e0,-1.971976399e0
train,998,C#Cc1[nH]nnc1CC,5.673573971e0,0.000000000e0,0.000000000e0,1.271353364e0,5.673573971e0,-9.638728499e-1
train,999,CC(C)C1NC1CC#N,8.092665672e0,0.000000000e0,0.000000000e0,1.271353364e0,8.092665672e0,9.388955832e-1
train,1000,O=C1OCCC1C1CC1,7.311699390e0,0.000000000e0,0.000000000e0,1.271353364e0,7.311699390e0,3.246162534e-1
train,1001,CCC(=O)C1C=CCC1,5.834120750e0,0.000000000e0,0.000000000e0,1.271353364e0,5.834120750e0,-8.375926614e-1
train,1002,CC1(NC(=O)CO)CC1,7.447756290e0,0.000000000e0,0.000000000e0,1.271353364e0,7.447756290e0,4.316335917e-1
train,1003,Cc1nc(CCO)co1,6.495357990e0,0.000000000e0,0.000000000e0,1.271353364e0,6.495357990e0,-3.174878061e-1
train,1004,CCC(C)(O)C(=O)NC,7.303536415e0,0.000000000e0,0.000000000e0,1.271353364e0,7.303536415e0,3.181955516e-1
train,1005,O=CC12CCC(C1)OC2,6.062696934e0,0.000000000e0,0.000000000e0,1.271353364e0,6.062696934e0,-6.578030586e-1
train,1006,CC1=CC=CC(O)CC1,4.987847328e0,0.000000000e0,0.000000000e0,1.271353364e0,4.987847328e0,-1.503240108e0
train,1007,CC1OCC(=O)NC1[NH-],6.498078823e0,0.000000000e0,0.000000000e0,1.271353364e0,6.498078823e0,-3.153477013e-1
train,1008,OC1C2OCC3OC2C31,8.073617935e0,0.000000000e0,0.000000000e0,1.271353364e0,8.073617935e0,9.239133000e-1
train,1009,ONC1COC2CC12O,6.269503117e0,0.000000000e0,0.000000000e0,1.271353364e0,6.269503117e0,-4.951369464e-1
train,1010,C#CC(=O)C[NH+](C)CC,4.492599487e0,0.000000000e0,0.000000000e0,1.271353364e0,4.492599487e0,-1.892783880e0
train,1011,CC(C)C1OCC1(C)O,8.323963165e0,0.000000000e0,0.000000000e0,1.271353364e0,8.323963165e0,1.120825648e0
train,1012,CC1C=CC(O)C2CC12,7.110334873e0,0.000000000e0,0.000000000e0,1.271353364e0,7.110334873e0,1.662303507e-1
train,1013,CC1C2CC(C)(O)C12C,8.557980537e0,0.000000000e0,0.000000000e0,1.271353364e0,8.557980537e0,1.304895043e0
train,1014,CCC1(CNC=O)CC1,7.632793427e0,0.000000000e0,0.000000000e0,1.271353364e0,7.632793427e0,5.771769881e-1
train,1015,CC12CC1C(=O)C21CO1,5.910312653e0,0.000000000e0,0.000000000e0,1.271353364e0,5.910312653e0,-7.776629329e-1
train,1016,CNC(C#N)C1CC1O,6.990605354e0,0.000000000e0,0.000000000e0,1.271353364e0,6.990605354e0,7.205551863e-2
train,1017,O=C1NCC2(CN2)C1=O,4.522532463e0,0.000000000e0,0.000000000e0,1.271353364e0,4.522532463e0,-1.869239688e0
train,1018,C#CCNC(C=O)C=O,5.170163155e0,0.000000000e0,0.000000000e0,1.271353364e0,5.170163155e0,-1.359837294e0
train,1019,C#CCCC1OC1(C)C,8.563423157e0,0.000000000e0,0.000000000e0,1.271353364e0,8.563423157e0,1.309176087e0
train,1020,NC(=O)C1(O)C2CC1C2,6.930739880e0,0.000000000e0,0.000000000e0,1.271353364e0,6.930739880e0,2.496753819e-2
train,1021,C#CC12CCC1CC2C,7.703543663e0,0.000000000e0,0.000000000e0,1.271353364e0,7.703543663e0,6.328265071e-1
train,1022,OC12CC3CC4C3C1C42,8.277703285e0,0.000000000e0,0.000000000e0,1.271353364e0,8.277703285e0,1.084439278e0
train,1023,O=C1CC2(CN2)C1CO,5.836842060e0,0.000000000e0,0.000000000e0,1.271353364e0,5.836842060e0,-8.354521990e-1
train,1024,CC1(O)CC12OCC2O,7.836878777e0,0.000000000e0,0.000000000e0,1.271353364e0,7.836878777e0,7.377030253e-1
train,1025,CC1=CC2OC2C1C#N,6.576991558e0,0.000000000e0,0.000000000e0,1.271353364e0,6.576991558e0,-2.532778680e-1
train,1026,C1=CC23C=CC1[NH+]2CC3,5.194653511e0,0.000000000e0,0.000000000e0,1.271353364e0,5.194653511e0,-1.340574026e0
train,1027,C#CC(C=O)C(O)C#N,5.893986225e0,0.000000000e0,0.000000000e0,1.271353364e0,5.893986225e0,-7.905046940e-1
train,1028,CC1=CCCCC12CN2,6.547059536e0,0.000000000e0,0.000000000e0,1.271353364e0,6.547059536e0,-2.768212855e-1
train,1029,[NH-][CH+]OC(=O)C(=O)CO,4.753829479e0,0.000000000e0,0.000000000e0,1.271353364e0,4.753829479e0,-1.687309980e0
train,1030,Nc1c[nH]c([N+](=O)[O-])c1,3.779661417e0,0.000000000e0,0.000000000e0,1.271353364e0,3.779661417e0,-2.453554630e0
train,1031,CCC(C=O)(C=O)NC,5.153836727e0,0.000000000e0,0.000000000e0,1.271353364e0,5.153836727e0,-1.372678995e0
train,1032,O=COC12CC(C1)C2,7.591977119e0,0.000000000e0,0.000000000e0,1.271353364e0,7.591977119e0,5.450723767e-1
train,1033,CNC(=O)C(=O)C1CO1,4.615050793e0,0.000000000e0,0.000000000e0,1.271353364e0,4.615050793e0,-1.796468139e0
train,1034,Cc1ncoc1NC=O,5.736160278e0,0.000000000e0,0.000000000e0,1.271353364e0,5.736160278e0,-9.146447778e-1
train,1035,Cc1ccc(NC=O)[nH]1,5.208259583e0,0.000000000e0,0.000000000e0,1.271353364e0,5.208259583e0,-1.329872012e0
train,1036,O=C1OCC=C2CCN12,6.157936573e0,0.000000000e0,0.000000000e0,1.271353364e0,6.157936573e0,-5.828910470e-1
train,1037,CCOc1ncc[nH]1,6.857269287e0,0.000000000e0,0.000000000e0,1.271353364e0,6.857269287e0,-3.282172233e-2
train,1038,CC1OC(C)(C)C1CO,8.299472809e0,0.000000000e0,0.000000000e0,1.271353364e0,8.299472809e0,1.101562381e0
train,1039,CNc1cc(C)n(C)n1,5.915755272e0,0.000000000e0,0.000000000e0,1.271353364e0,5.915755272e0,-7.733819485e-1
train,1040,CC1(C)CC2C=CC1C2,6.884480476e0,0.000000000e0,0.000000000e0,1.271353364e0,6.884480476e0,-1.141840406e-2
train,1041,CCC1C=CC2CC2C1,6.816452026e0,0.000000000e0,0.000000000e0,1.271353364e0,6.816452026e0,-6.492707878e-2
train,1042,Cn1c(N)nnc1N,6.745702267e0,0.000000000e0,0.000000000e0,1.271353364e0,6.745702267e0,-1.205762327e-1
train,1043,CNC1=CC=CC(F)O1,4.566070557e0,0.000000000e0,0.000000000e0,1.271353364e0,4.566070557e0,-1.834994197e0
train,1044,O=C1C2C(O)C3C2C13O,6.421886921e0,0.000000000e0,0.000000000e0,1.271353364e0,6.421886921e0,-3.752774596e-1
train,1045,CC1CC2CC(=O)C12,5.874938488e0,0.000000000e0,0.000000000e0,1.271353364e0,5.874938488e0,-8.054869175e-1
train,1046,CNC(C#N)C1OC1C,7.469525814e0,0.000000000e0,0.000000000e0,1.271353364e0,7.469525814e0,4.487566948e-1
train,1047,CC12CNC(C1)C([NH-])O2,7.031421661e0,0.000000000e0,0.000000000e0,1.271353364e0,7.031421661e0,1.041601151e-1
train,1048,O=CC[NH+]1CC2CCC21,5.382411957e0,0.000000000e0,0.000000000e0,1.271353364e0,5.382411957e0,-1.192890167e0
train,1049,CC1=C(CO)CNC1=O,6.062696934e0,0.000000000e0,0.000000000e0,1.271353364e0,6.062696934e0,-6.578030586e-1
train,1050,CC(C)C(=O)NCC#N,7.355237484e0,0.000000000e0,0.000000000e0,1.271353364e0,7.355237484e0,3.588617146e-1
train,1051,COCC1OCC1OC,8.530769348e0,0.000000000e0,0.000000000e0,1.271353364e0,8.530769348e0,1.283491731e0
train,1052,N#CC[NH+]1CC2CCC21,6.903528214e0,0.000000000e0,0.000000000e0,1.271353364e0,6.903528214e0,3.563844366e-3
train,1053,C#Cc1[nH]cc(N)c1N,5.170163155e0,0.000000000e0,0.000000000e0,1.271353364e0,5.170163155e0,-1.359837294e0
train,1054,C1=CC2(CN2)C[NH+]2CC12,6.049090862e0,0.000000000e0,0.000000000e0,1.271353364e0,6.049090862e0,-6.685050726e-1
train,1055,CC(C)(O)C1NC1(C)C,8.446413994e0,0.000000000e0,0.000000000e0,1.271353364e0,8.446413994e0,1.217140913e0
train,1056,CC12C3C[NH+]1C2C3NO,6.579712868e0,0.000000000e0,0.000000000e0,1.271353364e0,6.579712868e0,-2.511373758e-1
train,1057,[NH-]C1OC23CNC2C1C3,7.015095711e0,0.000000000e0,0.000000000e0,1.271353364e0,7.015095711e0,9.131872654e-2
train,1058,CC1CC(C#N)C1(C)O,8.168857574e0,0.000000000e0,0.000000000e0,1.271353364e0,8.168857574e0,9.988253117e-1
train,1059,C#CC12CC[NH+]1C2C=O,5.368806362e0,0.000000000e0,0.000000000e0,1.271353364e0,5.368806362e0,-1.203591824e0
train,1060,CCn1cncnc1=O,5.477651596e0,0.000000000e0,0.000000000e0,1.271353364e0,5.477651596e0,-1.117978215e0
train,1061,CC(C)C#CC(C)(C)C,8.234165192e0,0.000000000e0,0.000000000e0,1.271353364e0,8.234165192e0,1.050193906e0
train,1062,O=C1C2CC3(COC13)N2,5.360642910e0,0.000000000e0,0.000000000e0,1.271353364e0,5.360642910e0,-1.210012913e0
train,1063,C1=CC2(CC1)C[NH+]1CC12,6.699442863e0,0.000000000e0,0.000000000e0,1.271353364e0,6.699442863e0,-1.569621712e-1
train,1064,CCC(C)C(C=O)C=O,5.303499222e0,0.000000000e0,0.000000000e0,1.271353364e0,5.303499222e0,-1.254960060e0
train,1065,CCC1C[NH+]1CCO,8.585191727e0,0.000000000e0,0.000000000e0,1.271353364e0,8.585191727e0,1.326298356e0
train,1066,CC1OC([NH-])CC12CC2,7.774292946e0,0.000000000e0,0.000000000e0,1.271353364e0,7.774292946e0,6.884753108e-1
train,1067,CCC1C2OC3C1C23,8.272260666e0,0.000000000e0,0.000000000e0,1.271353364e0,8.272260666e0,1.080158353e0
train,1068,CC(=O)OC1C(C)C1O,6.938903332e0,0.000000000e0,0.000000000e0,1.271353364e0,6.938903332e0,3.138861060e-2
train,1069,CC(O)C(O)C1OC1C,8.568865776e0,0.000000000e0,0.000000000e0,1.271353364e0,8.568865776e0,1.313457012e0
train,1070,C#CC1OC1C1OC1C,7.548438072e0,0.000000000e0,0.000000000e0,1.271353364e0,7.548438072e0,5.108261704e-1
train,1071,CCC1(C)CC1(O)CC,8.694037437e0,0.000000000e0,0.000000000e0,1.271353364e0,8.694037437e0,1.411912441e0
train,1072,O=CN1C2C3C=CC2C31,5.880380630e0,0.000000000e0,0.000000000e0,1.271353364e0,5.880380630e0,-8.012063503e-1
train,1073,C#CC1C2CC3C2C13O,7.665446758e0,0.000000000e0,0.000000000e0,1.271353364e0,7.665446758e0,6.028609276e-1
train,1074,COC(=O)C1(C)OC1C,7.287209034e0,0.000000000e0,0.000000000e0,1.271353364e0,7.287209034e0,3.053530455e-1
train,1075,Cn1cnc(C=O)c1O,5.398738861e0,0.000000000e0,0.000000000e0,1.271353364e0,5.398738861e0,-1.180047989e0
train,1076,C1OC2(CC2)C2CC1O2,8.699480057e0,0.000000000e0,0.000000000e0,1.271353364e0,8.699480057e0,1.416193366e0
train,1077,O=CN1C2CC1C21CC1,6.775634766e0,0.000000000e0,0.000000000e0,1.271353364e0,6.775634766e0,-9.703242779e-2
train,1078,CC12C[NH+](CC1=O)C2,5.591939926e0,0.000000000e0,0.000000000e0,1.271353364e0,5.591939926e0,-1.028083205e0
train,1079,COC1(C)C(C)C1O,8.021917343e0,0.000000000e0,0.000000000e0,1.271353364e0,8.021917343e0,8.832475543e-1
train,1080,CCC1OC(C)(C)C1C,8.528048515e0,0.000000000e0,0.000000000e0,1.271353364e0,8.528048515e0,1.281351686e0
train,1081,CC1=C(N)C2CN2C1=O,5.327989578e0,0.000000000e0,0.000000000e0,1.271353364e0,5.327989578e0,-1.235696793e0
train,1082,COC1COC1[NH-],7.360680103e0,0.000000000e0,0.000000000e0,1.271353364e0,7.360680103e0,3.631426692e-1
train,1083,CC1COCC(C)C1C,8.492672920e0,0.000000000e0,0.000000000e0,1.271353364e0,8.492672920e0,1.253526568e0
train,1084,CC1NC1(C)C(O)C#N,6.971556664e0,0.000000000e0,0.000000000e0,1.271353364e0,6.971556664e0,5.707251653e-2
train,1085,[H]N=CNC(=O)OC(C)C,6.898086548e0,0.000000000e0,0.000000000e0,1.271353364e0,6.898086548e0,-7.163694827e-4
train,1086,CC1(O)CC=CCCC1,6.840942383e0,0.000000000e0,0.000000000e0,1.271353364e0,6.840942383e0,-4.566386342e-2
train,1087,Cc1nccn1C(N)=O,5.763371468e0,0.000000000e0,0.000000000e0,1.271353364e0,5.763371468e0,-8.932414651e-1
train,1088,Cc1c(O)cnnc1F,5.327989578e0,0.000000000e0,0.000000000e0,1.271353364e0,5.327989578e0,-1.235696793e0
train,1089,C#CC(=O)N(C)C(C)C,5.956572056e0,0.000000000e0,0.000000000e0,1.271353364e0,5.956572056e0,-7.412769794e-1
train,1090,C1=C(C2CC2)C2CC1C2,6.141610146e0,0.000000000e0,0.000000000e0,1.271353364e0,6.141610146e0,-5.957328677e-1
train,1091,CC1(C2(C#N)CO2)CC1,7.943003654e0,0.000000000e0,0.000000000e0,1.271353364e0,7.943003654e0,8.211769462e-1
train,1092,[NH-][CH+]OCC1CC(=O)O1,7.249113560e0,0.000000000e0,0.000000000e0,1.271353364e0,7.249113560e0,2.753885388e-1
train,1093,CN(C=O)CC1(O)CC1,7.251834393e0,0.000000000e0,0.000000000e0,1.271353364e0,7.251834393e0,2.775286436e-1
train,1094,C#CCC1C(O)C2NC12,8.234165192e0,0.000000000e0,0.000000000e0,1.271353364e0,8.234165192e0,1.050193906e0
train,1095,C1C2C3COC4C1C2C34,8.519885063e0,0.000000000e0,0.000000000e0,1.271353364e0,8.519885063e0,1.274930596e0
train,1096,CC1(O)C2CC1C1NC12,8.329405785e0,0.000000000e0,0.000000000e0,1.271353364e0,8.329405785e0,1.125106573e0
train,1097,COC(CO)C(C)(C)C,8.522605896e0,0.000000000e0,0.000000000e0,1.271353364e0,8.522605896e0,1.277070761e0
train,1098,O=C(CO)C1(O)CC1,6.315762520e0,0.000000000e0,0.000000000e0,1.271353364e0,6.315762520e0,-4.587509930e-1
train,1099,CC1CC2NC(=O)OC12,8.359337807e0,0.000000000e0,0.000000000e0,1.271353364e0,8.359337807e0,1.148650050e0
train,1100,O=c1[nH]c2c(o1)CCC2,6.536174774e0,0.000000000e0,0.000000000e0,1.271353364e0,6.536174774e0,-2.853828371e-1
train,1101,C#Cc1onc(N)c1N,5.028664112e0,0.000000000e0,0.000000000e0,1.271353364e0,5.028664112e0,-1.471135139e0
train,1102,COC1C2C(C)C1C2O,8.653220177e0,0.000000000e0,0.000000000e0,1.271353364e0,8.653220177e0,1.379807115e0
train,1103,OC1N=Nc2[nH+]nnn21,4.966077805e0,0.000000000e0,0.000000000e0,1.271353364e0,4.966077805e0,-1.520363212e0
train,1104,OCC1CC(NO)CO1,6.775634766e0,0.000000000e0,0.000000000e0,1.271353364e0,6.775634766e0,-9.703242779e-2
train,1105,CC12CC3CC1(O)C32,8.231444359e0,0.000000000e0,0.000000000e0,1.271353364e0,8.231444359e0,1.048053741e0
train,1106,C[NH2+]C1OCC1[NH+](C)C,6.718491554e0,0.000000000e0,0.000000000e0,1.271353364e0,6.718491554e0,-1.419791728e-1
train,1107,N#CCC(C#N)CN,7.513063908e0,0.000000000e0,0.000000000e0,1.271353364e0,7.513063908e0,4.830021560e-1
train,1108,N#CC1CC2CNC2[NH2+]1,6.753865719e0,0.000000000e0,0.000000000e0,1.271353364e0,6.753865719e0,-1.141551584e-1
train,1109,CCc1noc(CN)n1,6.359301090e0,0.000000000e0,0.000000000e0,1.271353364e0,6.359301090e0,-4.245051742e-1
train,1110,CC1C(=O)C=CC1O,5.142951965e0,0.000000000e0,0.000000000e0,1.271353364e0,5.142951965e0,-1.381240606e0
train,1111,CCC#CCCC(C)=O,6.117119789e0,0.000000000e0,0.000000000e0,1.271353364e0,6.117119789e0,-6.149960756e-1
train,1112,N#CC(O)CC#CCO,7.213738441e0,0.000000000e0,0.000000000e0,1.271353364e0,7.213738441e0,2.475637794e-1
train,1113,C1=CCOCCOC1,6.274945736e0,0.000000000e0,0.000000000e0,1.271353364e0,6.274945736e0,-4.908559620e-1
train,1114,CC(C)(O)CNCC#N,7.336189747e0,0.000000000e0,0.000000000e0,1.271353364e0,7.336189747e0,3.438794613e-1
train,1115,C#CC(O)C1CC(C)C1,8.040965080e0,0.000000000e0,0.000000000e0,1.271353364e0,8.040965080e0,8.982297778e-1
train,1116,OC1C2C3CC1(O)C2O3,8.049127579e0,0.000000000e0,0.000000000e0,1.271353364e0,8.049127579e0,9.046500921e-1
train,1117,C1=CC23CC2CC(C1)O3,6.362021923e0,0.000000000e0,0.000000000e0,1.271353364e0,6.362021923e0,-4.223650396e-1
train,1118,CCC1CC1(C)CC#N,8.560701370e0,0.000000000e0,0.000000000e0,1.271353364e0,8.560701370e0,1.307035208e0
train,1119,CNC(=O)OCCC=O,6.193311214e0,0.000000000e0,0.000000000e0,1.271353364e0,6.193311214e0,-5.550667048e-1
train,1120,C1=CC23CC2OCC1O3,5.839563370e0,0.000000000e0,0.000000000e0,1.271353364e0,5.839563370e0,-8.333116770e-1
train,1121,O=Cc1cn(C=O)cn1,4.892607212e0,0.000000000e0,0.000000000e0,1.271353364e0,4.892607212e0,-1.578152537e0
train,1122,OCC1CC12C[NH+]1CC12,7.885859489e0,0.000000000e0,0.000000000e0,1.271353364e0,7.885859489e0,7.762294412e-1
train,1123,OC1CC2CC12[NH+]1CC1,7.910349369e0,0.000000000e0,0.000000000e0,1.271353364e0,7.910349369e0,7.954922915e-1
train,1124,Nc1cc(O)[nH]c1O,6.008274078e0,0.000000000e0,0.000000000e0,1.271353364e0,6.008274078e0,-7.006101012e-1
train,1125,N#Cc1cc[nH]n1,6.598761082e0,0.000000000e0,0.000000000e0,1.271353364e0,6.598761082e0,-2.361547500e-1
train,1126,OCCC1(O)C2COC21,7.975656986e0,0.000000000e0,0.000000000e0,1.271353364e0,7.975656986e0,8.468608260e-1
train,1127,OC1C[NH+]2CC3CCC132,7.325304985e0,0.000000000e0,0.000000000e0,1.271353364e0,7.325304985e0,3.353179097e-1
train,1128,N#CC1NCC1[NH+]1CC1,7.006931782e0,0.000000000e0,0.000000000e0,1.271353364e0,7.006931782e0,8.489727974e-2
train,1129,CC12C3CC4[CH-]C3C1C42,3.227270365e0,0.000000000e0,0.000000000e0,1.271353364e0,3.227270365e0,-2.888045073e0
train,1130,[NH-][CH+]OC12CC[NH+](C1)C2,6.865432262e0,0.000000000e0,0.000000000e0,1.271353364e0,6.865432262e0,-2.640102804e-2
train,1131,CCC1([NH+]2CC2)CC1O,8.255934715e0,0.000000000e0,0.000000000e0,1.271353364e0,8.255934715e0,1.067317009e0
train,1132,ONC1CC2CC1(O)C2,6.922576904e0,0.000000000e0,0.000000000e0,1.271353364e0,6.922576904e0,1.854684204e-2
train,1133,CC(=O)C1CCCC1O,6.198753357e0,0.000000000e0,0.000000000e0,1.271353364e0,6.198753357e0,-5.507860780e-1
train,1134,CC12C(O)C3C(O)C1[NH+]32,8.190627098e0,0.000000000e0,0.000000000e0,1.271353364e0,8.190627098e0,1.015948415e0
train,1135,Cc1cc(C#N)c(N)[nH]1,5.662689686e0,0.000000000e0,0.000000000e0,1.271353364e0,5.662689686e0,-9.724340439e-1
train,1136,CC1(C(=O)NC=O)CO1,5.842284679e0,0.000000000e0,0.000000000e0,1.271353364e0,5.842284679e0,-8.311712146e-1
train,1137,CC1=CC2CC(=O)N2C1,6.808288574e0,0.000000000e0,0.000000000e0,1.271353364e0,6.808288574e0,-7.134814560e-2
train,1138,CC1C2CC(=O)OC12,7.616467476e0,0.000000000e0,0.000000000e0,1.271353364e0,7.616467476e0,5.643355846e-1
train,1139,CCC1OCCC(=O)O1,7.401497364e0,0.000000000e0,0.000000000e0,1.271353364e0,7.401497364e0,3.952480257e-1
train,1140,CC1(O)COC1CCO,8.438250542e0,0.000000000e0,0.000000000e0,1.271353364e0,8.438250542e0,1.210719943e0
train,1141,Cc1cc[nH]c1C1CC1,6.307599545e0,0.000000000e0,0.000000000e0,1.271353364e0,6.307599545e0,-4.651716948e-1
train,1142,CC(=O)CC12CC[NH+]1C2,5.967456818e0,0.000000000e0,0.000000000e0,1.271353364e0,5.967456818e0,-7.327154279e-1
train,1143,CC1([NH+]2CC2)C2CCC21,8.427366257e0,0.000000000e0,0.000000000e0,1.271353364e0,8.427366257e0,1.202158689e0
train,1144,C#CC12OC3C(C1=O)C32,5.880380630e0,0.000000000e0,0.000000000e0,1.271353364e0,5.880380630e0,-8.012063503e-1
train,1145,CCC12CC1CCC2C,9.064112663e0,0.000000000e0,0.000000000e0,1.271353364e0,9.064112663e0,1.702999949e0
train,1146,N#CCOC([NH-])CCO,7.279046059e0,0.000000000e0,0.000000000e0,1.271353364e0,7.279046059e0,2.989323437e-1
train,1147,CC1CC=C(C=O)C1=O,4.397359848e0,0.000000000e0,0.000000000e0,1.271353364e0,4.397359848e0,-1.967695832e0
train,1148,COCc1noc(C)n1,6.598761082e0,0.000000000e0,0.000000000e0,1.271353364e0,6.598761082e0,-2.361547500e-1
train,1149,CCC1(C)CC1C=O,6.157936573e0,0.000000000e0,0.000000000e0,1.271353364e0,6.157936573e0,-5.828910470e-1
train,1150,CC1C(O)C2(O)C(C)C12,8.511721611e0,0.000000000e0,0.000000000e0,1.271353364e0,8.511721611e0,1.268509507e0
train,1151,O=CC(O)C1=NCCO1,5.991947174e0,0.000000000e0,0.000000000e0,1.271353364e0,5.991947174e0,-7.134522200e-1
train,1152,O=C1CC2NC2CCN1,7.279046059e0,0.000000000e0,0.000000000e0,1.271353364e0,7.279046059e0,2.989323437e-1
train,1153,N#CC(O)CC1CO1,7.834157944e0,0.000000000e0,0.000000000e0,1.271353364e0,7.834157944e0,7.355629206e-1
train,1154,CC1NCC2NC12C#N,6.625972271e0,0.000000000e0,0.000000000e0,1.271353364e0,6.625972271e0,-2.147514373e-1
train,1155,C#CCC(OC)C1CC1,7.991984367e0,0.000000000e0,0.000000000e0,1.271353364e0,7.991984367e0,8.597033620e-1
train,1156,OC1CC2(C3CC3)NC12,8.236886978e0,0.000000000e0,0.000000000e0,1.271353364e0,8.236886978e0,1.052334785e0
train,1157,OCC1C2OCC12O,7.825994968e0,0.000000000e0,0.000000000e0,1.271353364e0,7.825994968e0,7.291421890e-1
train,1158,COCC1(C)CN1,8.598798752e0,0.000000000e0,0.000000000e0,1.271353364e0,8.598798752e0,1.337001204e0
train,1159,OCC1CC12C=CCO2,6.138888836e0,0.000000000e0,0.000000000e0,1.271353364e0,6.138888836e0,-5.978733301e-1
train,1160,CCC1OC1C(C)(C)C,9.050506592e0,0.000000000e0,0.000000000e0,1.271353364e0,9.050506592e0,1.692297935e0
train,1161,CC1=CN(C=O)CC1C,5.605545521e0,0.000000000e0,0.000000000e0,1.271353364e0,5.605545521e0,-1.017381549e0
train,1162,COCCc1ncc[nH]1,6.859990120e0,0.000000000e0,0.000000000e0,1.271353364e0,6.859990120e0,-3.068161570e-2
train,1163,CC#CC(C)(C#N)CO,7.616467476e0,0.000000000e0,0.000000000e0,1.271353364e0,7.616467476e0,5.643355846e-1
train,1164,CC12C([NH-])OC1C1NC12,7.360680103e0,0.000000000e0,0.000000000e0,1.271353364e0,7.360680103e0,3.631426692e-1
train,1165,O=CC12C3C4C[NH+]1C2C43,5.548401356e0,0.000000000e0,0.000000000e0,1.271353364e0,5.548401356e0,-1.062329054e0
train,1166,CC12CCC1[NH+]2CC=O,6.065417767e0,0.000000000e0,0.000000000e0,1.271353364e0,6.065417767e0,-6.556629539e-1
train,1167,N#Cc1nonc1CO,6.040927887e0,0.000000000e0,0.000000000e0,1.271353364e0,6.040927887e0,-6.749258041e-1
train,1168,C#CC1C2CC([NH-])OC12,7.170200348e0,0.000000000e0,0.000000000e0,1.271353364e0,7.170200348e0,2.133183181e-1
train,1169,CC1=CC(=O)C2(C)CN12,5.197374821e0,0.000000000e0,0.000000000e0,1.271353364e0,5.197374821e0,-1.338433504e0
train,1170,CNC(=O)OCC(N)=O,7.123940468e0,0.000000000e0,0.000000000e0,1.271353364e0,7.123940468e0,1.769320071e-1
train,1171,COc1ccc(F)nc1,5.425950050e0,0.000000000e0,0.000000000e0,1.271353364e0,5.425950050e0,-1.158644676e0
train,1172,CC1(O)CC2C3CC1C32,8.827373505e0,0.000000000e0,0.000000000e0,1.271353364e0,8.827373505e0,1.516789675e0
train,1173,[H]N=CN(C=NC)CC#C,5.967456818e0,0.000000000e0,0.000000000e0,1.271353364e0,5.967456818e0,-7.327154279e-1
train,1174,COCCCC(C)CO,8.909008026e0,0.000000000e0,0.000000000e0,1.271353364e0,8.909008026e0,1.581000328e0
train,1175,CC1C2C(O)C2C12CN2,8.500837326e0,0.000000000e0,0.000000000e0,1.271353364e0,8.500837326e0,1.259948373e0
train,1176,CCC1NC1(C)C#N,7.749802589e0,0.000000000e0,0.000000000e0,1.271353364e0,7.749802589e0,6.692121029e-1
train,1177,C#CC(O)C1NC1C,7.553880215e0,0.000000000e0,0.000000000e0,1.271353364e0,7.553880215e0,5.151067972e-1
train,1178,CC1C(O)C2CC12C,8.536211014e0,0.000000000e0,0.000000000e0,1.271353364e0,8.536211014e0,1.287771940e0
train,1179,CC1=CCC(C)(CO)C1,7.072239399e0,0.000000000e0,0.000000000e0,1.271353364e0,7.072239399e0,1.362658441e-1
train,1180,C#CC1CCC1[NH+]1CC1,7.635515213e0,0.000000000e0,0.000000000e0,1.271353364e0,7.635515213e0,5.793178678e-1
train,1181,CC(CO)C(C)CC=O,6.220522881e0,0.000000000e0,0.000000000e0,1.271353364e0,6.220522881e0,-5.336629748e-1
train,1182,CC1=CCc2cn[nH]c21,5.295335770e0,0.000000000e0,0.000000000e0,1.271353364e0,5.295335770e0,-1.261381030e0
train,1183,CC12CC(O)(C=O)C1O2,5.815073013e0,0.000000000e0,0.000000000e0,1.271353364e0,5.815073013e0,-8.525749445e-1
train,1184,C1C2C1C1CC2C2CC21,9.428745270e0,0.000000000e0,0.000000000e0,1.271353364e0,9.428745270e0,1.989806533e0
train,1185,C#CC(=O)C(C)C(C)C,5.518469334e0,0.000000000e0,0.000000000e0,1.271353364e0,5.518469334e0,-1.085872412e0
train,1186,CCC1(CC)CC(O)C1,8.846421242e0,0.000000000e0,0.000000000e0,1.271353364e0,8.846421242e0,1.531771898e0
train,1187,CC1(C)C2CC3C2[NH+]31,8.813768387e0,0.000000000e0,0.000000000e0,1.271353364e0,8.813768387e0,1.506088376e0
train,1188,OCC[NH2+]C1COCO1,7.020537376e0,0.000000000e0,0.000000000e0,1.271353364e0,7.020537376e0,9.559894353e-2
train,1189,CC1=CC2NC3C1C23O,6.171542168e0,0.000000000e0,0.000000000e0,1.271353364e0,6.171542168e0,-5.721893907e-1
train,1190,FC(F)(F)C12CCC1O2,9.189285278e0,0.000000000e0,0.000000000e0,1.271353364e0,9.189285278e0,1.801456094e0
train,1191,CC12CC(=O)C3CC1C32,6.089908123e0,0.000000000e0,0.000000000e0,1.271353364e0,6.089908123e0,-6.363997459e-1
train,1192,C1CC2(O1)C1COC2C1,8.274982452e0,0.000000000e0,0.000000000e0,1.271353364e0,8.274982452e0,1.082299232e0
train,1193,O=C1CC2OC(=O)C1O2,5.453161716e0,0.000000000e0,0.000000000e0,1.271353364e0,5.453161716e0,-1.137241006e0
train,1194,CC12CCCC1[NH+]1CC12,8.266819000e0,0.000000000e0,0.000000000e0,1.271353364e0,8.266819000e0,1.075878143e0
train,1195,OCC[NH+]1C2CCCC21,8.323963165e0,0.000000000e0,0.000000000e0,1.271353364e0,8.323963165e0,1.120825648e0
train,1196,O=CC1(O)C2NC(=O)C21,5.279008865e0,0.000000000e0,0.000000000e0,1.271353364e0,5.279008865e0,-1.274223208e0
train,1197,CC1[NH+]2CC(O)C12C#N,6.876317024e0,0.000000000e0,0.000000000e0,1.271353364e0,6.876317024e0,-1.783947460e-2
train,1198,COC1C=CC(O)CC1,6.966114998e0,0.000000000e0,0.000000000e0,1.271353364e0,6.966114998e0,5.279230326e-2
train,1199,CC1(C)CCC2CC1C2,9.507658958e0,0.000000000e0,0.000000000e0,1.271353364e0,9.507658958e0,2.051877260e0
train,1200,CC(C)CC(C)C(C)O,8.884517670e0,0.000000000e0,0.000000000e0,1.271353364e0,8.884517670e0,1.561737180e0
train,1201,CC1=CC2CC1C(=O)N2,5.948409081e0,0.000000000e0,0.000000000e0,1.271353364e0,5.948409081e0,-7.476976514e-1
train,1202,CC1(C)C2COC=NC21,6.884480476e0,0.000000000e0,0.000000000e0,1.271353364e0,6.884480476e0,-1.141840406e-2
train,1203,C#CC1NCC(O)C1=O,5.417787075e0,0.000000000e0,0.000000000e0,1.271353364e0,5.417787075e0,-1.165065408e0
train,1204,CCNC(=O)C1CO1,7.208295822e0,0.000000000e0,0.000000000e0,1.271353364e0,7.208295822e0,2.432828248e-1
train,1205,CC1NC1C=O,6.040927887e0,0.000000000e0,0.000000000e0,1.271353364e0,6.040927887e0,-6.749258041e-1
train,1206,Cc1coc(=O)c(N)n1,4.446340084e0,0.000000000e0,0.000000000e0,1.271353364e0,4.446340084e0,-1.929169774e0
train,1207,OC1CCC12COC2,8.258655548e0,0.000000000e0,0.000000000e0,1.271353364e0,8.258655548e0,1.069457054e0
train,1208,CC(O)CCCCCO,9.088603020e0,0.000000000e0,0.000000000e0,1.271353364e0,9.088603020e0,1.722263217e0
train,1209,CC1CC1(C)C1CCO1,8.862749100e0,0.000000000e0,0.000000000e0,1.271353364e0,8.862749100e0,1.544614792e0
train,1210,CCCC(C)(C=O)OC,5.790582657e0,0.000000000e0,0.000000000e0,1.271353364e0,5.790582657e0,-8.718381524e-1
train,1211,COCC#CCC(C)O,7.608303070e0,0.000000000e0,0.000000000e0,1.271353364e0,7.608303070e0,5.579137802e-1
train,1212,CC(O)CC(C)(O)CO,8.013752937e0,0.000000000e0,0.000000000e0,1.271353364e0,8.013752937e0,8.768256903e-1
train,1213,NC(=O)C1CC(O)C1=O,5.404181004e0,0.000000000e0,0.000000000e0,1.271353364e0,5.404181004e0,-1.175767422e0
train,1214,CC1(O)CC1(O)C1CO1,8.509000778e0,0.000000000e0,0.000000000e0,1.271353364e0,8.509000778e0,1.266369462e0
train,1215,CCCC1CC(O)C1O,8.261377335e0,0.000000000e0,0.000000000e0,1.271353364e0,8.261377335e0,1.071597934e0
train,1216,CCn1cnc(=O)cn1,4.955193520e0,0.000000000e0,0.000000000e0,1.271353364e0,4.955193520e0,-1.528924465e0
train,1217,CC12C=CC(C1)C2=O,6.702164173e0,0.000000000e0,0.000000000e0,1.271353364e0,6.702164173e0,-1.548216939e-1
train,1218,N#Cc1ncco1,5.659968376e0,0.000000000e0,0.000000000e0,1.271353364e0,5.659968376e0,-9.745745063e-1
train,1219,Cc1c(N)nn[nH+]c1[NH-],4.155179024e0,0.000000000e0,0.000000000e0,1.271353364e0,4.155179024e0,-2.158186436e0
train,1220,CN1N=COC([NH-])=C1[NH-],4.903491497e0,0.000000000e0,0.000000000e0,1.271353364e0,4.903491497e0,-1.569591403e0
train,1221,CCC(O)CC(=O)CO,6.473588943e0,0.000000000e0,0.000000000e0,1.271353364e0,6.473588943e0,-3.346105516e-1
train,1222,C#CC(=O)C[NH+]1CC1C,4.908934116e0,0.000000000e0,0.000000000e0,1.271353364e0,4.908934116e0,-1.565310359e0
train,1223,CC(N)C(N)(C#N)CO,7.447756290e0,0.000000000e0,0.000000000e0,1.271353364e0,7.447756290e0,4.316335917e-1
train,1224,O=C1C=CC2C3OC3C12,5.053154469e0,0.000000000e0,0.000000000e0,1.271353364e0,5.053154469e0,-1.451871991e0
train,1225,CC1CC2CC1CC2=O,6.070860386e0,0.000000000e0,0.000000000e0,1.271353364e0,6.070860386e0,-6.513819695e-1
train,1226,C#CC(O)(C=O)CO,5.540238380e0,0.000000000e0,0.000000000e0,1.271353364e0,5.540238380e0,-1.068749666e0
train,1227,CC(O)CC1C=CCC1,7.129383087e0,0.000000000e0,0.000000000e0,1.271353364e0,7.129383087e0,1.812129617e-1
train,1228,CC1OCC1NCC#N,7.240949631e0,0.000000000e0,0.000000000e0,1.271353364e0,7.240949631e0,2.689670920e-1
train,1229,CC1CC(C2CN2)O1,8.560701370e0,0.000000000e0,0.000000000e0,1.271353364e0,8.560701370e0,1.307035208e0
train,1230,CN1C=CC(C)(O)C1=O,5.404181004e0,0.000000000e0,0.000000000e0,1.271353364e0,5.404181004e0,-1.175767422e0
train,1231,CC1CC2(CN2)C1NO,6.283109188e0,0.000000000e0,0.000000000e0,1.271353364e0,6.283109188e0,-4.844349027e-1
train,1232,C1CC2C3C(O1)C1C2C31,9.064112663e0,0.000000000e0,0.000000000e0,1.271353364e0,9.064112663e0,1.702999949e0
train,1233,C[CH+]1NOC(=O)OC1[NH-],5.869495869e0,0.000000000e0,0.000000000e0,1.271353364e0,5.869495869e0,-8.097679019e-1
train,1234,CC(=O)CCCC1CC1,6.372906685e0,0.000000000e0,0.000000000e0,1.271353364e0,6.372906685e0,-4.138034880e-1
train,1235,N#CC#CC1(O)COC1,5.812351704e0,0.000000000e0,0.000000000e0,1.271353364e0,5.812351704e0,-8.547154069e-1
train,1236,CCC1COCC1=O,5.850448132e0,0.000000000e0,0.000000000e0,1.271353364e0,5.850448132e0,-8.247501254e-1
train,1237,CC1=CC(C)CNC1=O,5.779698372e0,0.000000000e0,0.000000000e0,1.271353364e0,5.779698372e0,-8.803992867e-1
train,1238,Cn1ccc(=O)[nH]c1=O,5.540238380e0,0.000000000e0,0.000000000e0,1.271353364e0,5.540238380e0,-1.068749666e0
train,1239,CC1(CO)CCC12CO2,8.821931839e0,0.000000000e0,0.000000000e0,1.271353364e0,8.821931839e0,1.512509465e0
train,1240,CC1(C)NC1C(O)C#N,7.396054745e0,0.000000000e0,0.000000000e0,1.271353364e0,7.396054745e0,3.909670711e-1
train,1241,O=C1C2CCC1O2,6.405560493e0,0.000000000e0,0.000000000e0,1.271353364e0,6.405560493e0,-3.881192207e-1
train,1242,CC12CC(C(N)=O)C1C2,7.439593315e0,0.000000000e0,0.000000000e0,1.271353364e0,7.439593315e0,4.252128899e-1
train,1243,OC1CC2CC1O2,8.892680168e0,0.000000000e0,0.000000000e0,1.271353364e0,8.892680168e0,1.568157434e0
train,1244,CCC12C[NH+]1C1CC12,7.945724487e0,0.000000000e0,0.000000000e0,1.271353364e0,7.945724487e0,8.233170509e-1
train,1245,CC(C)C12C3C4C(C31)[NH+]42,7.657283783e0,0.000000000e0,0.000000000e0,1.271353364e0,7.657283783e0,5.964401960e-1
train,1246,CCC12CCC1C2(C)O,8.383827209e0,0.000000000e0,0.000000000e0,1.271353364e0,8.383827209e0,1.167912483e0
train,1247,CC1C(O)C2(O)COC12,8.021917343e0,0.000000000e0,0.000000000e0,1.271353364e0,8.021917343e0,8.832475543e-1
train,1248,CC(C#N)C(O)C#N,8.386548996e0,0.000000000e0,0.000000000e0,1.271353364e0,8.386548996e0,1.170053363e0
train,1249,N#CCC12CC1OCO2,7.526669502e0,0.000000000e0,0.000000000e0,1.271353364e0,7.526669502e0,4.937038124e-1
train,1250,CC12C3CC=CC1C2O3,6.459982872e0,0.000000000e0,0.000000000e0,1.271353364e0,6.459982872e0,-3.453125954e-1
train,1251,OC1CCC12CCCC2,8.566143990e0,0.000000000e0,0.000000000e0,1.271353364e0,8.566143990e0,1.311316133e0
train,1252,CCC1(C)CCC2OC21,9.113092422e0,0.000000000e0,0.000000000e0,1.271353364e0,9.113092422e0,1.741525650e0
train,1253,CC12C3CC1C3C1C[NH+]12,8.802883148e0,0.000000000e0,0.000000000e0,1.271353364e0,8.802883148e0,1.497526407e0
train,1254,COC(C#N)CCCO,7.896743774e0,0.000000000e0,0.000000000e0,1.271353364e0,7.896743774e0,7.847906351e-1
train,1255,O=C1C=CCCN1,5.657247066e0,0.000000000e0,0.000000000e0,1.271353364e0,5.657247066e0,-9.767149687e-1
train,1256,CNc1ccccc1O,5.450440407e0,0.000000000e0,0.000000000e0,1.271353364e0,5.450440407e0,-1.139381528e0
train,1257,O=C1OCC2CC(O)C12,7.066796780e0,0.000000000e0,0.000000000e0,1.271353364e0,7.066796780e0,1.319848895e-1
train,1258,C1CC2C3CCC1C23,9.194727898e0,0.000000000e0,0.000000000e0,1.271353364e0,9.194727898e0,1.805737138e0
train,1259,COC1(C)C=CC(=O)C1,5.151115417e0,0.000000000e0,0.000000000e0,1.271353364e0,5.151115417e0,-1.374819517e0
train,1260,OC1CC2(O)C=CC1C2,6.900807381e0,0.000000000e0,0.000000000e0,1.271353364e0,6.900807381e0,1.423737383e-3
train,1261,C#CC[NH+]1CC1C(N)=O,6.489915371e0,0.000000000e0,0.000000000e0,1.271353364e0,6.489915371e0,-3.217687905e-1
train,1262,N#CC1C2CC1C1CC21,8.318520546e0,0.000000000e0,0.000000000e0,1.271353364e0,8.318520546e0,1.116544724e0
train,1263,N#CC12CC[NH+]3CC1C32,7.287209034e0,0.000000000e0,0.000000000e0,1.271353364e0,7.287209034e0,3.053530455e-1
train,1264,CCC1C=CC(C)O1,6.734817982e0,0.000000000e0,0.000000000e0,1.271353364e0,6.734817982e0,-1.291374117e-1
train,1265,Cc1c(CO)nnn1C,6.617809296e0,0.000000000e0,0.000000000e0,1.271353364e0,6.617809296e0,-2.211721241e-1
train,1266,CC1=NC(=O)OC([NH-])O1,6.136167526e0,0.000000000e0,0.000000000e0,1.271353364e0,6.136167526e0,-6.000137925e-1
train,1267,O=Cn1ccc(O)c1O,4.560628414e0,0.000000000e0,0.000000000e0,1.271353364e0,4.560628414e0,-1.839274883e0
train,1268,CC1C(N)C2(C#N)C[NH+]12,6.748423576e0,0.000000000e0,0.000000000e0,1.271353364e0,6.748423576e0,-1.184357479e-1
train,1269,OCC12COCCC1N2,8.808325768e0,0.000000000e0,0.000000000e0,1.271353364e0,8.808325768e0,1.501807451e0
train,1270,CC(CC1CCC1)=NO,6.903528214e0,0.000000000e0,0.000000000e0,1.271353364e0,6.903528214e0,3.563844366e-3
train,1271,CC1OC(=O)C1(O)C=O,5.744323254e0,0.000000000e0,0.000000000e0,1.271353364e0,5.744323254e0,-9.082240462e-1
train,1272,CCCCC1(C)CC1O,9.061391830e0,0.000000000e0,0.000000000e0,1.271353364e0,9.061391830e0,1.700859904e0
train,1273,CC1(C=O)CCCC1=O,5.466767311e0,0.000000000e0,0.000000000e0,1.271353364e0,5.466767311e0,-1.126539350e0
train,1274,CC#Cc1[nH]cnc1N,5.066760063e0,0.000000000e0,0.000000000e0,1.271353364e0,5.066760063e0,-1.441170335e0
train,1275,CC1=CC(O)C(=O)C1=O,3.836805344e0,0.000000000e0,0.000000000e0,1.271353364e0,3.836805344e0,-2.408607483e0
train,1276,CC1C2CC3C1C23C#N,7.542996407e0,0.000000000e0,0.000000000e0,1.271353364e0,7.542996407e0,5.065459609e-1
train,1277,CC(C=O)OCC#N,6.166100025e0,0.000000000e0,0.000000000e0,1.271353364e0,6.166100025e0,-5.764700174e-1
train,1278,COC(=O)C1CO[CH+][NH2+]1,6.772913933e0,0.000000000e0,0.000000000e0,1.271353364e0,6.772913933e0,-9.917254001e-2
train,1279,O=C1NC23COC(C2)C13,6.789240837e0,0.000000000e0,0.000000000e0,1.271353364e0,6.789240837e0,-8.633039892e-2
train,1280,CC1CCC(C)C1C=O,6.038206577e0,0.000000000e0,0.000000000e0,1.271353364e0,6.038206577e0,-6.770662665e-1
train,1281,COC1C(O)C1[NH+]1CC1,8.051848412e0,0.000000000e0,0.000000000e0,1.271353364e0,8.051848412e0,9.067901969e-1
train,1282,CCC1COCC1CO,8.582470894e0,0.000000000e0,0.000000000e0,1.271353364e0,8.582470894e0,1.324158311e0
train,1283,OC1[CH-]C2CC[NH+]3C1C23,5.665410519e0,0.000000000e0,0.000000000e0,1.271353364e0,5.665410519e0,-9.702939391e-1
train,1284,C#CCC(O)C(N)=O,7.542996407e0,0.000000000e0,0.000000000e0,1.271353364e0,7.542996407e0,5.065459609e-1
train,1285,CC1CC(CO)OC=N1,7.357958317e0,0.000000000e0,0.000000000e0,1.271353364e0,7.357958317e0,3.610018194e-1
train,1286,CNC12COC1CC2=O,5.074923515e0,0.000000000e0,0.000000000e0,1.271353364e0,5.074923515e0,-1.434749246e0
train,1287,CC1C(O)C2COC12,8.294030190e0,0.000000000e0,0.000000000e0,1.271353364e0,8.294030190e0,1.097281456e0
train,1288,C#CC(=NO)C(C)CC,5.681737423e0,0.000000000e0,0.000000000e0,1.271353364e0,5.681737423e0,-9.574517608e-1
train,1289,Cn1nc2c(n1)OCC2,5.828679085e0,0.000000000e0,0.000000000e0,1.271353364e0,5.828679085e0,-8.418728709e-1
train,1290,Cn1nccc1CC=O,5.477651596e0,0.000000000e0,0.000000000e0,1.271353364e0,5.477651596e0,-1.117978215e0
train,1291,N#CC(N)C#CC1CN1,6.723933220e0,0.000000000e0,0.000000000e0,1.271353364e0,6.723933220e0,-1.376989633e-1
train,1292,OC12CC1C=CC21CC1,6.362021923e0,0.000000000e0,0.000000000e0,1.271353364e0,6.362021923e0,-4.223650396e-1
train,1293,CC(=O)C1NC1(C)C,6.005552769e0,0.000000000e0,0.000000000e0,1.271353364e0,6.005552769e0,-7.027505636e-1
train,1294,C#CC1(C)OC1CC,7.787898064e0,0.000000000e0,0.000000000e0,1.271353364e0,7.787898064e0,6.991766095e-1
train,1295,Cn1nc(N)ncc1=O,3.825920820e0,0.000000000e0,0.000000000e0,1.271353364e0,3.825920820e0,-2.417168856e0
train,1296,CC(=O)C(O)CCCO,6.481751919e0,0.000000000e0,0.000000000e0,1.271353364e0,6.481751919e0,-3.281898499e-1
train,1297,CC1C2CCCC1C2O,8.884517670e0,0.000000000e0,0.000000000e0,1.271353364e0,8.884517670e0,1.561737180e0
train,1298,c1cc2cconc-2c1,3.567412615e0,0.000000000e0,0.000000000e0,1.271353364e0,3.567412615e0,-2.620501757e0
train,1299,COCC1CC1(C)CO,8.756624222e0,0.000000000e0,0.000000000e0,1.271353364e0,8.756624222e0,1.461140871e0
train,1300,C#CC1(C(N)=O)CC1O,6.721211910e0,0.000000000e0,0.000000000e0,1.271353364e0,6.721211910e0,-1.398394406e-1
train,1301,C#CCC1CC(=O)O1,7.619187832e0,0.000000000e0,0.000000000e0,1.271353364e0,7.619187832e0,5.664753318e-1
train,1302,OC1C2C3C=CC(C3)C12,6.851827145e0,0.000000000e0,0.000000000e0,1.271353364e0,6.851827145e0,-3.710231185e-2
train,1303,CC12CCC1C1CCC12,8.759345055e0,0.000000000e0,0.000000000e0,1.271353364e0,8.759345055e0,1.463281035e0
train,1304,O=CC1(O)C=CCC1,5.717112064e0,0.000000000e0,0.000000000e0,1.271353364e0,5.717112064e0,-9.296274185e-1
train,1305,CCC(C)CC(O)C#N,8.498115540e0,0.000000000e0,0.000000000e0,1.271353364e0,8.498115540e0,1.257807493e0
train,1306,CC(=O)NC=O,6.021879673e0,0.000000000e0,0.000000000e0,1.271353364e0,6.021879673e0,-6.899084449e-1
train,1307,C1=CC2NC2C2CCC12,6.560665131e0,0.000000000e0,0.000000000e0,1.271353364e0,6.560665131e0,-2.661196291e-1
train,1308,CC12OC3[NH2+]CC1(O)C32,4.519811153e0,0.000000000e0,0.000000000e0,1.271353364e0,4.519811153e0,-1.871380210e0
train,1309,CC12C(C=O)C3CC1C32,5.823236465e0,0.000000000e0,0.000000000e0,1.271353364e0,5.823236465e0,-8.461538553e-1
train,1310,Cc1cc(C2CO2)on1,6.378348827e0,0.000000000e0,0.000000000e0,1.271353364e0,6.378348827e0,-4.095229208e-1
train,1311,CCOC12C3C4C1[NH+]4C32,7.537554264e0,0.000000000e0,0.000000000e0,1.271353364e0,7.537554264e0,5.022653937e-1
train,1312,O=C1CC(C2CCC2)C1,6.059975624e0,0.000000000e0,0.000000000e0,1.271353364e0,6.059975624e0,-6.599435210e-1
train,1313,CC1OC2C(C)C(C)C12,8.291309357e0,0.000000000e0,0.000000000e0,1.271353364e0,8.291309357e0,1.095141411e0
train,1314,O=c1occ2n1CCC2,6.293993473e0,0.000000000e0,0.000000000e0,1.271353364e0,6.293993473e0,-4.758737385e-1
train,1315,CC12CC3CC(CO1)C32,8.555259705e0,0.000000000e0,0.000000000e0,1.271353364e0,8.555259705e0,1.302754998e0
train,1316,CC(C)C1CC=CCC1,7.298093796e0,0.000000000e0,0.000000000e0,1.271353364e0,7.298093796e0,3.139145970e-1
train,1317,O=C1OCC2(O)CC12O,6.933460712e0,0.000000000e0,0.000000000e0,1.271353364e0,6.933460712e0,2.710764483e-2
train,1318,CC1CNC(=O)NC=N1,6.530732632e0,0.000000000e0,0.000000000e0,1.271353364e0,6.530732632e0,-2.896634340e-1
train,1319,O=Cn1cnc(O)n1,5.474930763e0,0.000000000e0,0.000000000e0,1.271353364e0,5.474930763e0,-1.120118260e0
train,1320,CC1=CC2(C)CC1(C)O2,6.359301090e0,0.000000000e0,0.000000000e0,1.271353364e0,6.359301090e0,-4.245051742e-1
train,1321,CC(=O)CC(C)NC=O,5.771534920e0,0.000000000e0,0.000000000e0,1.271353364e0,5.771534920e0,-8.868203759e-1
train,1322,CC1C(O)C2C(=O)NC12,7.360680103e0,0.000000000e0,0.000000000e0,1.271353364e0,7.360680103e0,3.631426692e-1
train,1323,CC12NC1C(C=O)C2O,5.474930763e0,0.000000000e0,0.000000000e0,1.271353364e0,5.474930763e0,-1.120118260e0
train,1324,C1=Cc2n[nH]cc2CC1,5.518469334e0,0.000000000e0,0.000000000e0,1.271353364e0,5.518469334e0,-1.085872412e0
train,1325,N#CCOC(=O)N1CC1,7.583813190e0,0.000000000e0,0.000000000e0,1.271353364e0,7.583813190e0,5.386509299e-1
train,1326,OC1CC=C2CC(O)C21,6.770192623e0,0.000000000e0,0.000000000e0,1.271353364e0,6.770192623e0,-1.013130173e-1
train,1327,CC1C2CC3(C)OC2C13,8.715806961e0,0.000000000e0,0.000000000e0,1.271353364e0,8.715806961e0,1.429035544e0
train,1328,CC1C2C3C(C[NH+]23)[NH+]1C,7.711706638e0,0.000000000e0,0.000000000e0,1.271353364e0,7.711706638e0,6.392472386e-1
train,1329,CCC(C)(C)C1CO1,9.219218254e0,0.000000000e0,0.000000000e0,1.271353364e0,9.219218254e0,1.825000286e0
train,1330,[NH-]c1n[cH+][nH]ccc1=O,4.808251858e0,0.000000000e0,0.000000000e0,1.271353364e0,4.808251858e0,-1.644503355e0
train,1331,N#CCN=C(N)C#N,6.100792408e0,0.000000000e0,0.000000000e0,1.271353364e0,6.100792408e0,-6.278385520e-1
train,1332,CCC1(CC2CO2)CC1,9.189285278e0,0.000000000e0,0.000000000e0,1.271353364e0,9.189285278e0,1.801456094e0
train,1333,CC1(C)CC1NC=O,7.363400936e0,0.000000000e0,0.000000000e0,1.271353364e0,7.363400936e0,3.652827740e-1
train,1334,CC1C2CC3CC3C12O,8.487231255e0,0.000000000e0,0.000000000e0,1.271353364e0,8.487231255e0,1.249246359e0
train,1335,Nc1cc(=O)[nH]nc1O,4.805530548e0,0.000000000e0,0.000000000e0,1.271353364e0,4.805530548e0,-1.646643877e0
train,1336,CC1CCC2(C1)OC2C,9.064112663e0,0.000000000e0,0.000000000e0,1.271353364e0,9.064112663e0,1.702999949e0
train,1337,C#CCNc1c[nH]nn1,5.815073013e0,0.000000000e0,0.000000000e0,1.271353364e0,5.815073013e0,-8.525749445e-1
train,1338,CC1(C#N)COC(=O)C1,7.542996407e0,0.000000000e0,0.000000000e0,1.271353364e0,7.542996407e0,5.065459609e-1
train,1339,CC1=CC2(C)CC2(C)C1,6.585155487e0,0.000000000e0,0.000000000e0,1.271353364e0,6.585155487e0,-2.468564063e-1
train,1340,N#CC(O)CCC1CO1,7.812388420e0,0.000000000e0,0.000000000e0,1.271353364e0,7.812388420e0,7.184398174e-1
train,1341,N#Cc1[nH]nnc1N,5.096692562e0,0.000000000e0,0.000000000e0,1.271353364e0,5.096692562e0,-1.417626500e0
train,1342,C#CC12CC(C1)C2C#N,7.668168545e0,0.000000000e0,0.000000000e0,1.271353364e0,7.668168545e0,6.050017476e-1
train,1343,C[NH+]1C2CC3C1C2[NH+]3C,7.828715801e0,0.000000000e0,0.000000000e0,1.271353364e0,7.828715801e0,7.312822938e-1
train,1344,CC(C)C12OC3C1OC32,7.972936153e0,0.000000000e0,0.000000000e0,1.271353364e0,7.972936153e0,8.447207212e-1
train,1345,N#CCC1(N)C[NH+]2CC21,7.115777493e0,0.000000000e0,0.000000000e0,1.271353364e0,7.115777493e0,1.705113053e-1
train,1346,CC(C#N)C(C)C(N)=O,7.257276535e0,0.000000000e0,0.000000000e0,1.271353364e0,7.257276535e0,2.818092406e-1
train,1347,CCC#CC1CC(C)C1,7.953887463e0,0.000000000e0,0.000000000e0,1.271353364e0,7.953887463e0,8.297377229e-1
train,1348,Cc1cc[nH]c1CO,6.367464066e0,0.000000000e0,0.000000000e0,1.271353364e0,6.367464066e0,-4.180844724e-1
train,1349,CN=C(C=O)N1CCC1,4.215043545e0,0.000000000e0,0.000000000e0,1.271353364e0,4.215043545e0,-2.111099243e0
train,1350,[NH-]C1NC(C=O)C1O,5.809630871e0,0.000000000e0,0.000000000e0,1.271353364e0,5.809630871e0,-8.568555117e-1
train,1351,CNc1ncoc(=O)n1,5.760650635e0,0.000000000e0,0.000000000e0,1.271353364e0,5.760650635e0,-8.953815699e-1
train,1352,C#Cc1coc(C#C)n1,5.167441845e0,0.000000000e0,0.000000000e0,1.271353364e0,5.167441845e0,-1.361977696e0
train,1353,OC1C=CCC2CC1O2,7.091287136e0,0.000000000e0,0.000000000e0,1.271353364e0,7.091287136e0,1.512480974e-1
train,1354,N#CC1C(O)C1CO,7.850484848e0,0.000000000e0,0.000000000e0,1.271353364e0,7.850484848e0,7.484050393e-1
train,1355,C1CC2(C1)CCC1CC12,9.338947296e0,0.000000000e0,0.000000000e0,1.271353364e0,9.338947296e0,1.919174790e0
train,1356,C#CC#CC(C#C)CC,6.223243713e0,0.000000000e0,0.000000000e0,1.271353364e0,6.223243713e0,-5.315228701e-1
train,1357,CC1C2CCCC1C2C,9.387928009e0,0.000000000e0,0.000000000e0,1.271353364e0,9.387928009e0,1.957701206e0
train,1358,C[NH2+][CH+]OCC#CC#N,5.638199329e0,0.000000000e0,0.000000000e0,1.271353364e0,5.638199329e0,-9.916972518e-1
train,1359,C#CC(O)C(C#N)NC,7.336189747e0,0.000000000e0,0.000000000e0,1.271353364e0,7.336189747e0,3.438794613e-1
train,1360,COC1C(C)C2(O)CC12,8.378385544e0,0.000000000e0,0.000000000e0,1.271353364e0,8.378385544e0,1.163632274e0
train,1361,OC1CCC2C3C[NH+]3C12,7.597418785e0,0.000000000e0,0.000000000e0,1.271353364e0,7.597418785e0,5.493525863e-1
train,1362,O=C1OC2C3C=CC2C13,5.692621708e0,0.000000000e0,0.000000000e0,1.271353364e0,5.692621708e0,-9.488906264e-1
train,1363,CC(C)N=C(N)NC=O,5.902149677e0,0.000000000e0,0.000000000e0,1.271353364e0,5.902149677e0,-7.840836048e-1
train,1364,OC1CC1C(F)(F)F,8.944382668e0,0.000000000e0,0.000000000e0,1.271353364e0,8.944382668e0,1.608824730e0
train,1365,CC(O)C1[NH2+][CH+]NC1[NH-],6.046370029e0,0.000000000e0,0.000000000e0,1.271353364e0,6.046370029e0,-6.706451774e-1
train,1366,CC1C(=O)CC1C#N,6.032763958e0,0.000000000e0,0.000000000e0,1.271353364e0,6.032763958e0,-6.813472509e-1
train,1367,CC(C)(C)C12CCC1O2,8.783835411e0,0.000000000e0,0.000000000e0,1.271353364e0,8.783835411e0,1.482544184e0
train,1368,[NH-]C1OCC2(O)CC12,7.542996407e0,0.000000000e0,0.000000000e0,1.271353364e0,7.542996407e0,5.065459609e-1
train,1369,O=C1CC2(C3CC3)CN12,6.462704182e0,0.000000000e0,0.000000000e0,1.271353364e0,6.462704182e0,-3.431721032e-1
train,1370,CC(=O)C1=CCC2NC12,5.113019466e0,0.000000000e0,0.000000000e0,1.271353364e0,5.113019466e0,-1.404784322e0
train,1371,CC1(C)CCC(CO)C1,9.276361465e0,0.000000000e0,0.000000000e0,1.271353364e0,9.276361465e0,1.869947076e0
train,1372,CCC(C)N(C)C(N)=O,7.874975204e0,0.000000000e0,0.000000000e0,1.271353364e0,7.874975204e0,7.676682472e-1
train,1373,COC1C2OCC3C1C32,8.424644470e0,0.000000000e0,0.000000000e0,1.271353364e0,8.424644470e0,1.200017810e0
train,1374,CC1NC2(C#N)C(N)C12,6.389233112e0,0.000000000e0,0.000000000e0,1.271353364e0,6.389233112e0,-4.009617269e-1
train,1375,OC12CCC3CC3C1C2,8.609682083e0,0.000000000e0,0.000000000e0,1.271353364e0,8.609682083e0,1.345561624e0
train,1376,C#CC(O)C(=O)C(C)=O,4.296678066e0,0.000000000e0,0.000000000e0,1.271353364e0,4.296678066e0,-2.046888351e0
train,1377,CC12OC1CC=C2C#N,5.738881111e0,0.000000000e0,0.000000000e0,1.271353364e0,5.738881111e0,-9.125046730e-1
train,1378,NC1=CC(=O)CCC1O,5.314383507e0,0.000000000e0,0.000000000e0,1.271353364e0,5.314383507e0,-1.246398807e0
train,1379,CC1(CO)CC1CO,8.971593857e0,0.000000000e0,0.000000000e0,1.271353364e0,8.971593857e0,1.630228043e0
train,1380,O=C1C=CC2CC12CO,5.121182919e0,0.000000000e0,0.000000000e0,1.271353364e0,5.121182919e0,-1.398363352e0
train,1381,CNC(=O)C1OC1CO,7.238228798e0,0.000000000e0,0.000000000e0,1.271353364e0,7.238228798e0,2.668269873e-1
train,1382,CNc1cn[nH]c1C,5.885822773e0,0.000000000e0,0.000000000e0,1.271353364e0,5.885822773e0,-7.969257832e-1
train,1383,Cc1nc(F)nc(=O)o1,5.945687771e0,0.000000000e0,0.000000000e0,1.271353364e0,5.945687771e0,-7.498381734e-1
train,1384,C[NH2+]C1NC([NH-])OCO1,6.813731194e0,0.000000000e0,0.000000000e0,1.271353364e0,6.813731194e0,-6.706718355e-2
train,1385,C#CC(O)CCOC,7.711706638e0,0.000000000e0,0.000000000e0,1.271353364e0,7.711706638e0,6.392472386e-1
train,1386,N#CC1C2CCCCC12,8.291309357e0,0.000000000e0,0.000000000e0,1.271353364e0,8.291309357e0,1.095141411e0
train,1387,CNC1(C#N)COC1=O,6.473588943e0,0.000000000e0,0.000000000e0,1.271353364e0,6.473588943e0,-3.346105516e-1
train,1388,CC1CC1C1(C)CO1,9.069554329e0,0.000000000e0,0.000000000e0,1.271353364e0,9.069554329e0,1.707280159e0
train,1389,C#CCC1(O)CC(=O)C1,5.972899437e0,0.000000000e0,0.000000000e0,1.271353364e0,5.972899437e0,-7.284344435e-1
train,1390,C1Cc2[nH]nnc2CO1,6.628693581e0,0.000000000e0,0.000000000e0,1.271353364e0,6.628693581e0,-2.126109600e-1
train,1391,CNc1cnn(C=O)c1,4.568791389e0,0.000000000e0,0.000000000e0,1.271353364e0,4.568791389e0,-1.832854152e0
train,1392,C#CC12C[NH2+][CH+][NH+]1C2,6.533453465e0,0.000000000e0,0.000000000e0,1.271353364e0,6.533453465e0,-2.875233293e-1
train,1393,N#CCNc1cocn1,5.962014675e0,0.000000000e0,0.000000000e0,1.271353364e0,5.962014675e0,-7.369959950e-1
train,1394,CC1=Nc2[nH+]cnn2[CH+]1,5.782419682e0,0.000000000e0,0.000000000e0,1.271353364e0,5.782419682e0,-8.782588243e-1
train,1395,O=C1NCC2(CC2O)O1,8.351174355e0,0.000000000e0,0.000000000e0,1.271353364e0,8.351174355e0,1.142228961e0
train,1396,C#CC1COC2COC12,8.013752937e0,0.000000000e0,0.000000000e0,1.271353364e0,8.013752937e0,8.768256903e-1
train,1397,CC1=CC(C#N)[NH+](C)C1,6.223243713e0,0.000000000e0,0.000000000e0,1.271353364e0,6.223243713e0,-5.315228701e-1
train,1398,CC1C2CC1(C)C1CC21,9.213775635e0,0.000000000e0,0.000000000e0,1.271353364e0,9.213775635e0,1.820719361e0
train,1399,CC12CC3C4C[NH+](C41)C32,8.166136742e0,0.000000000e0,0.000000000e0,1.271353364e0,8.166136742e0,9.966852069e-1
train,1400,CCC1C2C=CC(O)C21,6.405560493e0,0.000000000e0,0.000000000e0,1.271353364e0,6.405560493e0,-3.881192207e-1
train,1401,C#Cc1cncnc1C,5.404181004e0,0.000000000e0,0.000000000e0,1.271353364e0,5.404181004e0,-1.175767422e0
train,1402,NC1[NH2+]CC(OC=O)O1,6.457261562e0,0.000000000e0,0.000000000e0,1.271353364e0,6.457261562e0,-3.474530578e-1
train,1403,CCCC1C2OC(C)C12,8.606961250e0,0.000000000e0,0.000000000e0,1.271353364e0,8.606961250e0,1.343421459e0
train,1404,O=CC(O)C1CNC1=O,5.959293365e0,0.000000000e0,0.000000000e0,1.271353364e0,5.959293365e0,-7.391365170e-1
train,1405,N#CCNc1[nH+]cno1,6.204195976e0,0.000000000e0,0.000000000e0,1.271353364e0,6.204195976e0,-5.465051532e-1
train,1406,CC(O)C1=CCCCC1,7.039586067e0,0.000000000e0,0.000000000e0,1.271353364e0,7.039586067e0,1.105819419e-1
train,1407,CC1C2CC1C2(C)O,8.960708618e0,0.000000000e0,0.000000000e0,1.271353364e0,8.960708618e0,1.621666193e0
train,1408,N#C[CH+]1C=COC([NH-])=N1,4.046332836e0,0.000000000e0,0.000000000e0,1.271353364e0,4.046332836e0,-2.243800879e0
train,1409,Nc1cocc1CO,6.255897522e0,0.000000000e0,0.000000000e0,1.271353364e0,6.255897522e0,-5.058385730e-1
train,1410,CC1CCC1=O,6.016437531e0,0.000000000e0,0.000000000e0,1.271353364e0,6.016437531e0,-6.941890121e-1
train,1411,CC1C2CC(C)(C)C12,8.987920761e0,0.000000000e0,0.000000000e0,1.271353364e0,8.987920761e0,1.643070221e0
train,1412,CC1CC(=O)C(=O)O1,4.696685314e0,0.000000000e0,0.000000000e0,1.271353364e0,4.696685314e0,-1.732257485e0
train,1413,CC1COCCC(=O)N1,7.200132847e0,0.000000000e0,0.000000000e0,1.271353364e0,7.200132847e0,2.368621230e-1
train,1414,CCCC1OC1COC,9.221939087e0,0.000000000e0,0.000000000e0,1.271353364e0,9.221939087e0,1.827140450e0
train,1415,N#CC(CO)O[CH+][NH-],7.763408184e0,0.000000000e0,0.000000000e0,1.271353364e0,7.763408184e0,6.799137592e-1
train,1416,CC12OC1CNC2C=O,5.597382069e0,0.000000000e0,0.000000000e0,1.271353364e0,5.597382069e0,-1.023802638e0
train,1417,O=CC1NC1(C=O)CO,5.542959213e0,0.000000000e0,0.000000000e0,1.271353364e0,5.542959213e0,-1.066609621e0
train,1418,C[NH+]1C2CC1C21CC1O,7.420545101e0,0.000000000e0,0.000000000e0,1.271353364e0,7.420545101e0,4.102302790e-1
train,1419,Cn1nccc1CC#N,6.919855118e0,0.000000000e0,0.000000000e0,1.271353364e0,6.919855118e0,1.640598662e-2
train,1420,CC(C)(C)C(C)(O)C=O,6.054533005e0,0.000000000e0,0.000000000e0,1.271353364e0,6.054533005e0,-6.642245054e-1
train,1421,NC(=O)C(O)CCC=O,6.182426929e0,0.000000000e0,0.000000000e0,1.271353364e0,6.182426929e0,-5.636278391e-1
train,1422,O=CCOC1C2CC1C2,6.231407166e0,0.000000000e0,0.000000000e0,1.271353364e0,6.231407166e0,-5.251018405e-1
train,1423,[NH-]C1OC(O)=CN=C1O,4.315725803e0,0.000000000e0,0.000000000e0,1.271353364e0,4.315725803e0,-2.031906128e0
train,1424,C#Cc1nc(=O)cno1,4.838184357e0,0.000000000e0,0.000000000e0,1.271353364e0,4.838184357e0,-1.620959520e0
train,1425,c1nnoc1OC1CC1,5.975620270e0,0.000000000e0,0.000000000e0,1.271353364e0,5.975620270e0,-7.262943387e-1
train,1426,CCC1OCCCCO1,8.960708618e0,0.000000000e0,0.000000000e0,1.271353364e0,8.960708618e0,1.621666193e0
train,1427,C[NH2+]C1CC2CC2(C)O1,7.211016655e0,0.000000000e0,0.000000000e0,1.271353364e0,7.211016655e0,2.454229295e-1
train,1428,CC(C)OCC1CO1,9.064112663e0,0.000000000e0,0.000000000e0,1.271353364e0,9.064112663e0,1.702999949e0
train,1429,N#CCC12C[NH+]1C1CC12,7.265439510e0,0.000000000e0,0.000000000e0,1.271353364e0,7.265439510e0,2.882299423e-1
train,1430,N#CC12C3CC1N2C3=O,6.710327625e0,0.000000000e0,0.000000000e0,1.271353364e0,6.710327625e0,-1.484006196e-1
train,1431,O=C1CCC(=O)OCO1,7.145709991e0,0.000000000e0,0.000000000e0,1.271353364e0,7.145709991e0,1.940551102e-1
train,1432,OCC1C(O)CC2OC21,9.004247665e0,0.000000000e0,0.000000000e0,1.271353364e0,9.004247665e0,1.655912399e0
train,1433,CCC1CC1C#CCO,7.360680103e0,0.000000000e0,0.000000000e0,1.271353364e0,7.360680103e0,3.631426692e-1
train,1434,O=CC(O)C1CC2OC21,5.967456818e0,0.000000000e0,0.000000000e0,1.271353364e0,5.967456818e0,-7.327154279e-1
train,1435,C#CC1CCCOC1[NH-],7.371564865e0,0.000000000e0,0.000000000e0,1.271353364e0,7.371564865e0,3.717042208e-1
train,1436,OC1CC1c1cnno1,5.608266830e0,0.000000000e0,0.000000000e0,1.271353364e0,5.608266830e0,-1.015241027e0
train,1437,NC(=O)CC1(C=O)CC1,6.277666569e0,0.000000000e0,0.000000000e0,1.271353364e0,6.277666569e0,-4.887158573e-1
train,1438,CC(CO)OC1CCC1,8.824651718e0,0.000000000e0,0.000000000e0,1.271353364e0,8.824651718e0,1.514648795e0
train,1439,Cc1n[nH]nc1C(C)C,6.813731194e0,0.000000000e0,0.000000000e0,1.271353364e0,6.813731194e0,-6.706718355e-2
train,1440,CC(C)C1C(C)C1C=O,6.111677170e0,0.000000000e0,0.000000000e0,1.271353364e0,6.111677170e0,-6.192770004e-1
train,1441,N#CC(N)C1C=CCC1,6.756587029e0,0.000000000e0,0.000000000e0,1.271353364e0,6.756587029e0,-1.120146811e-1
train,1442,C#CC1O[CH+][NH2+]C1CO,6.971556664e0,0.000000000e0,0.000000000e0,1.271353364e0,6.971556664e0,5.707251653e-2
train,1443,C1=CCCC2(CC1)CO2,7.001489162e0,0.000000000e0,0.000000000e0,1.271353364e0,7.001489162e0,8.061631769e-2
train,1444,CC12CC3(O)CC[NH+]1C32,8.245050430e0,0.000000000e0,0.000000000e0,1.271353364e0,8.245050430e0,1.058755755e0
train,1445,N#CC12C(O)C3CC1C32,7.959330082e0,0.000000000e0,0.000000000e0,1.271353364e0,7.959330082e0,8.340187073e-1
train,1446,O=CNC1CNC1C=O,5.521190166e0,0.000000000e0,0.000000000e0,1.271353364e0,5.521190166e0,-1.083732367e0
train,1447,N#CC1CC2NC12C=O,5.981062412e0,0.000000000e0,0.000000000e0,1.271353364e0,5.981062412e0,-7.220137715e-1
train,1448,C1=CC2CC3C1C[NH+]23,6.059975624e0,0.000000000e0,0.000000000e0,1.271353364e0,6.059975624e0,-6.599435210e-1
train,1449,C#CC(O)(C#N)C#N,7.270882130e0,0.000000000e0,0.000000000e0,1.271353364e0,7.270882130e0,2.925108969e-1
train,1450,Cc1noc(N=CN)n1,5.360642910e0,0.000000000e0,0.000000000e0,1.271353364e0,5.360642910e0,-1.210012913e0
train,1451,Nc1cc[nH]c(=O)c1F,4.982404709e0,0.000000000e0,0.000000000e0,1.271353364e0,4.982404709e0,-1.507521152e0
train,1452,COC1CNC(=O)NC1,8.128041267e0,0.000000000e0,0.000000000e0,1.271353364e0,8.128041267e0,9.667207003e-1
train,1453,OC12CCC3(CO3)C1C2,8.944382668e0,0.000000000e0,0.000000000e0,1.271353364e0,8.944382668e0,1.608824730e0
train,1454,COC1C(O)CC1NO,6.642299175e0,0.000000000e0,0.000000000e0,1.271353364e0,6.642299175e0,-2.019092888e-1
train,1455,O=Cc1ccc(=O)on1,4.530695915e0,0.000000000e0,0.000000000e0,1.271353364e0,4.530695915e0,-1.862818599e0
train,1456,[NH-]C1=C(O)C(N)=NNO1,3.844968557e0,0.000000000e0,0.000000000e0,1.271353364e0,3.844968557e0,-2.402186394e0
train,1457,CC(O)C1C(C)C1O,8.367501259e0,0.000000000e0,0.000000000e0,1.271353364e0,8.367501259e0,1.155071139e0
train,1458,CC1CC2(CCC2=O)O1,5.330710411e0,0.000000000e0,0.000000000e0,1.271353364e0,5.330710411e0,-1.233556747e0
train,1459,CC1C(O)C1(O)C1CC1,7.640957355e0,0.000000000e0,0.000000000e0,1.271353364e0,7.640957355e0,5.835984349e-1
train,1460,COc1[nH]cnc1CO,6.574271202e0,0.000000000e0,0.000000000e0,1.271353364e0,6.574271202e0,-2.554175854e-1
train,1461,C#CCC12C[NH+]1CC2=O,6.046370029e0,0.000000000e0,0.000000000e0,1.271353364e0,6.046370029e0,-6.706451774e-1
train,1462,CCC1CC2(CO2)C1C,8.922613144e0,0.000000000e0,0.000000000e0,1.271353364e0,8.922613144e0,1.591701627e0
train,1463,OC1CC2(O)CCC=C12,6.530732632e0,0.000000000e0,0.000000000e0,1.271353364e0,6.530732632e0,-2.896634340e-1
train,1464,[NH-]C1OC2C(O)C2C1O,6.987883568e0,0.000000000e0,0.000000000e0,1.271353364e0,6.987883568e0,6.991466135e-2
train,1465,NC1=NCC=CC(=O)N1,5.404181004e0,0.000000000e0,0.000000000e0,1.271353364e0,5.404181004e0,-1.175767422e0
train,1466,O=CCC12CC3C(O1)C32,5.866774559e0,0.000000000e0,0.000000000e0,1.271353364e0,5.866774559e0,-8.119083643e-1
train,1467,OC1CNc2[nH]cnc21,6.147051811e0,0.000000000e0,0.000000000e0,1.271353364e0,6.147051811e0,-5.914525986e-1
train,1468,[NH-]C1C[NH+]2CC2CO1,7.102171898e0,0.000000000e0,0.000000000e0,1.271353364e0,7.102171898e0,1.598096490e-1
train,1469,Oc1nc(C2CC2)co1,6.579712868e0,0.000000000e0,0.000000000e0,1.271353364e0,6.579712868e0,-2.511373758e-1
train,1470,N#CC12C=CC(O)C1N2,6.250455379e0,0.000000000e0,0.000000000e0,1.271353364e0,6.250455379e0,-5.101191998e-1
train,1471,CC#Cc1cn[nH]c1O,6.225965023e0,0.000000000e0,0.000000000e0,1.271353364e0,6.225965023e0,-5.293824077e-1
train,1472,CC12OC1C1NC12CO,7.189248085e0,0.000000000e0,0.000000000e0,1.271353364e0,7.189248085e0,2.283005714e-1
train,1473,CC1C(C=O)C2OC12,5.825957775e0,0.000000000e0,0.000000000e0,1.271353364e0,5.825957775e0,-8.440133929e-1
train,1474,C#CCC#CCCC=O,6.021879673e0,0.000000000e0,0.000000000e0,1.271353364e0,6.021879673e0,-6.899084449e-1
train,1475,C#CC(O)C(O)CC#N,7.825994968e0,0.000000000e0,0.000000000e0,1.271353364e0,7.825994968e0,7.291421890e-1
train,1476,C#CC(C)CC#CC=O,5.575613022e0,0.000000000e0,0.000000000e0,1.271353364e0,5.575613022e0,-1.040925384e0
train,1477,COC(=O)C1OCC1=O,6.049090862e0,0.000000000e0,0.000000000e0,1.271353364e0,6.049090862e0,-6.685050726e-1
train,1478,N#CC1(N)C2COC21,7.298093796e0,0.000000000e0,0.000000000e0,1.271353364e0,7.298093796e0,3.139145970e-1
train,1479,COC1CCC(C)C1C,8.674989700e0,0.000000000e0,0.000000000e0,1.271353364e0,8.674989700e0,1.396930218e0
train,1480,C1CC(CCC2CC2)O1,8.985198975e0,0.000000000e0,0.000000000e0,1.271353364e0,8.985198975e0,1.640929341e0
train,1481,CC1=CC(O)C(=O)C1,6.024600506e0,0.000000000e0,0.000000000e0,1.271353364e0,6.024600506e0,-6.877683401e-1
train,1482,OCC1C2CCCC1O2,8.190627098e0,0.000000000e0,0.000000000e0,1.271353364e0,8.190627098e0,1.015948415e0
train,1483,CCC1C(OC)C2OC12,8.615124702e0,0.000000000e0,0.000000000e0,1.271353364e0,8.615124702e0,1.349842548e0
train,1484,CC1C2COC3C(O2)C13,8.155252457e0,0.000000000e0,0.000000000e0,1.271353364e0,8.155252457e0,9.881240129e-1
train,1485,CC#CC1(C)C(C)[NH+]1C,7.023258686e0,0.000000000e0,0.000000000e0,1.271353364e0,7.023258686e0,9.773942083e-2
train,1486,c1noc(C2CO2)n1,6.655904770e0,0.000000000e0,0.000000000e0,1.271353364e0,6.655904770e0,-1.912076324e-1
train,1487,CC1CCC(NO)CC1,6.857269287e0,0.000000000e0,0.000000000e0,1.271353364e0,6.857269287e0,-3.282172233e-2
train,1488,CC(C)(C)C(=O)C1CC1,6.201474667e0,0.000000000e0,0.000000000e0,1.271353364e0,6.201474667e0,-5.486456156e-1
train,1489,CC1OC23CC=CC12C3,6.348416328e0,0.000000000e0,0.000000000e0,1.271353364e0,6.348416328e0,-4.330667257e-1
train,1490,C#CC12OC1CNC2=O,6.424608231e0,0.000000000e0,0.000000000e0,1.271353364e0,6.424608231e0,-3.731369674e-1
train,1491,CC(O)C1(O)CC1C#N,7.964772224e0,0.000000000e0,0.000000000e0,1.271353364e0,7.964772224e0,8.382992744e-1
train,1492,CC1CCC(=O)NC1=O,6.397397041e0,0.000000000e0,0.000000000e0,1.271353364e0,6.397397041e0,-3.945402801e-1
train,1493,C#CC12CC1(C#N)CN2,6.367464066e0,0.000000000e0,0.000000000e0,1.271353364e0,6.367464066e0,-4.180844724e-1
train,1494,CCc1nnon1,6.748423576e0,0.000000000e0,0.000000000e0,1.271353364e0,6.748423576e0,-1.184357479e-1
train,1495,OC12CCC1=CC1CC12,6.468146324e0,0.000000000e0,0.000000000e0,1.271353364e0,6.468146324e0,-3.388915062e-1
train,1496,O=C1OC2C(O1)C1OC21,8.914449692e0,0.000000000e0,0.000000000e0,1.271353364e0,8.914449692e0,1.585280538e0
train,1497,CNC=Nc1ncon1,5.714390755e0,0.000000000e0,0.000000000e0,1.271353364e0,5.714390755e0,-9.317678809e-1
train,1498,C#CC(C)C#CC1CC1,7.363400936e0,0.000000000e0,0.000000000e0,1.271353364e0,7.363400936e0,3.652827740e-1
train,1499,COC12CCC1CC2,8.707643509e0,0.000000000e0,0.000000000e0,1.271353364e0,8.707643509e0,1.422614455e0
train,1500,CC1CC12CCOC2[NH-],7.556602001e0,0.000000000e0,0.000000000e0,1.271353364e0,7.556602001e0,5.172476172e-1
train,1501,CC1COc2cn[nH]c21,5.986505032e0,0.000000000e0,0.000000000e0,1.271353364e0,5.986505032e0,-7.177327871e-1
train,1502,C#CCC1NC1(C)CO,8.171579361e0,0.000000000e0,0.000000000e0,1.271353364e0,8.171579361e0,1.000966191e0
train,1503,Oc1ncc(F)cc1F,5.436834812e0,0.000000000e0,0.000000000e0,1.271353364e0,5.436834812e0,-1.150083184e0
train,1504,CCCC1C(=O)C2NC12,5.869495869e0,0.000000000e0,0.000000000e0,1.271353364e0,5.869495869e0,-8.097679019e-1
train,1505,CCCOC1C(C)C1C,8.517163277e0,0.000000000e0,0.000000000e0,1.271353364e0,8.517163277e0,1.272789717e0
train,1506,CC(C)(C)C1(C)COC1,8.364779472e0,0.000000000e0,0.000000000e0,1.271353364e0,8.364779472e0,1.152930260e0
train,1507,CC1OC2C3C4CC13C42,8.808325768e0,0.000000000e0,0.000000000e0,1.271353364e0,8.808325768e0,1.501807451e0
train,1508,COC1C2CC1C2C,9.371601105e0,0.000000000e0,0.000000000e0,1.271353364e0,9.371601105e0,1.944859028e0
train,1509,C#CC1(C)C2CC[NH+]21,7.469525814e0,0.000000000e0,0.000000000e0,1.271353364e0,7.469525814e0,4.487566948e-1
train,1510,c1n[nH]c2c1NCC2,5.779698372e0,0.000000000e0,0.000000000e0,1.271353364e0,5.779698372e0,-8.803992867e-1
train,1511,OCc1cc[nH]c1O,6.370185375e0,0.000000000e0,0.000000000e0,1.271353364e0,6.370185375e0,-4.159439802e-1
train,1512,OCC1OC1CC1CC1,9.205611229e0,0.000000000e0,0.000000000e0,1.271353364e0,9.205611229e0,1.814297557e0
train,1513,OC1CCC1OC1CC1,8.563423157e0,0.000000000e0,0.000000000e0,1.271353364e0,8.563423157e0,1.309176087e0
train,1514,COCCC(C)=NO,6.938903332e0,0.000000000e0,0.000000000e0,1.271353364e0,6.938903332e0,3.138861060e-2
train,1515,CCc1[nH]c(=O)[nH]c1O,6.234128475e0,0.000000000e0,0.000000000e0,1.271353364e0,6.234128475e0,-5.229613185e-1
train,1516,CC1CN=COC(=O)C1,6.465425014e0,0.000000000e0,0.000000000e0,1.271353364e0,6.465425014e0,-3.410319984e-1
train,1517,CC1CC2C3CC2C13,1.037842178e1,0.000000000e0,0.000000000e0,1.271353364e0,1.037842178e1,2.736787081e0
train,1518,CC1=CC2(O)CC2(C)C1,6.574271202e0,0.000000000e0,0.000000000e0,1.271353364e0,6.574271202e0,-2.554175854e-1
train,1519,OCC1C2CC3C(C2)C13,9.153910637e0,0.000000000e0,0.000000000e0,1.271353364e0,9.153910637e0,1.773631811e0
train,1520,COc1cnc(N)o1,6.272224426e0,0.000000000e0,0.000000000e0,1.271353364e0,6.272224426e0,-4.929964542e-1
train,1521,CNC1[NH2+]CC2(C)OC12,6.544338226e0,0.000000000e0,0.000000000e0,1.271353364e0,6.544338226e0,-2.789617777e-1
train,1522,C#CC1=CCCC(=O)C1,5.662689686e0,0.000000000e0,0.000000000e0,1.271353364e0,5.662689686e0,-9.724340439e-1
train,1523,CCc1noc(C=O)n1,5.172884464e0,0.000000000e0,0.000000000e0,1.271353364e0,5.172884464e0,-1.357696772e0
train,1524,C#Cc1cnc(C#N)[nH]1,4.990568161e0,0.000000000e0,0.000000000e0,1.271353364e0,4.990568161e0,-1.501100063e0
train,1525,O=CC(=O)NC1CCC1,4.748386860e0,0.000000000e0,0.000000000e0,1.271353364e0,4.748386860e0,-1.691590905e0
train,1526,CCC1C(=O)COC1C,5.790582657e0,0.000000000e0,0.000000000e0,1.271353364e0,5.790582657e0,-8.718381524e-1
train,1527,C1CC2(O1)C1CC3C1C32,8.688595772e0,0.000000000e0,0.000000000e0,1.271353364e0,8.688595772e0,1.407632232e0
train,1528,CCOC([NH-])CC=O,6.065417767e0,0.000000000e0,0.000000000e0,1.271353364e0,6.065417767e0,-6.556629539e-1
train,1529,CCC12CCCC1(C)O2,9.006968498e0,0.000000000e0,0.000000000e0,1.271353364e0,9.006968498e0,1.658052444e0
train,1530,CC1C2(CO2)CC12CO2,8.563423157e0,0.000000000e0,0.000000000e0,1.271353364e0,8.563423157e0,1.309176087e0
train,1531,C#CC1CC2OC1C2=O,6.345695019e0,0.000000000e0,0.000000000e0,1.271353364e0,6.345695019e0,-4.352071881e-1
train,1532,OC1CC2=CCOCC21,6.963393688e0,0.000000000e0,0.000000000e0,1.271353364e0,6.963393688e0,5.065182224e-2
train,1533,CCCC(=O)C(=O)OC,4.944308758e0,0.000000000e0,0.000000000e0,1.271353364e0,4.944308758e0,-1.537485957e0
train,1534,OCC(O)C1OC2CC21,8.002868652e0,0.000000000e0,0.000000000e0,1.271353364e0,8.002868652e0,8.682645559e-1
train,1535,CC12OCCC1C2C#N,7.436871529e0,0.000000000e0,0.000000000e0,1.271353364e0,7.436871529e0,4.230720401e-1
train,1536,CC12CC(C1)C2(C)O,8.903565407e0,0.000000000e0,0.000000000e0,1.271353364e0,8.903565407e0,1.576719403e0
train,1537,CNc1c[nH]c(O)c1C,5.967456818e0,0.000000000e0,0.000000000e0,1.271353364e0,5.967456818e0,-7.327154279e-1
train,1538,CC12CC3C(C1=O)[NH+]3C2,5.910312653e0,0.000000000e0,0.000000000e0,1.271353364e0,5.910312653e0,-7.776629329e-1
train,1539,CCNc1n[nH]nc1O,5.640920639e0,0.000000000e0,0.000000000e0,1.271353364e0,5.640920639e0,-9.895567298e-1
train,1540,CC(O)C1OC2CC21C,8.084503174e0,0.000000000e0,0.000000000e0,1.271353364e0,8.084503174e0,9.324752688e-1
train,1541,O=CCC12C3C4C1[NH+]4C32,5.230028629e0,0.000000000e0,0.000000000e0,1.271353364e0,5.230028629e0,-1.312749267e0
train,1542,CC12CCCC3C1CC32,9.948482513e0,0.000000000e0,0.000000000e0,1.271353364e0,9.948482513e0,2.398612738e0
train,1543,CC(C)(O)C#N,8.566143990e0,0.000000000e0,0.000000000e0,1.271353364e0,8.566143990e0,1.311316133e0
train,1544,CC1=CCC(C)C1(C)C,7.069517612e0,0.000000000e0,0.000000000e0,1.271353364e0,7.069517612e0,1.341249943e-1
train,1545,CC1CCOC1[NH-],7.736196995e0,0.000000000e0,0.000000000e0,1.271353364e0,7.736196995e0,6.585104465e-1
train,1546,CC#CC1CC(O)C1,8.032800674e0,0.000000000e0,0.000000000e0,1.271353364e0,8.032800674e0,8.918079734e-1
train,1547,O=C1CC(O)CC2OC12,5.864053726e0,0.000000000e0,0.000000000e0,1.271353364e0,5.864053726e0,-8.140484691e-1
train,1548,COCC1=CCOC1=O,6.231407166e0,0.000000000e0,0.000000000e0,1.271353364e0,6.231407166e0,-5.251018405e-1
train,1549,CCC1OC2CC12OC,8.362058640e0,0.000000000e0,0.000000000e0,1.271353364e0,8.362058640e0,1.150790095e0
train,1550,Oc1ccn2c1C=CC2,4.585118771e0,0.000000000e0,0.000000000e0,1.271353364e0,4.585118771e0,-1.820011616e0
train,1551,CCc1cnnnn1,4.500762939e0,0.000000000e0,0.000000000e0,1.271353364e0,4.500762939e0,-1.886362791e0
train,1552,CCC1CC=C(C)C1O,7.066796780e0,0.000000000e0,0.000000000e0,1.271353364e0,7.066796780e0,1.319848895e-1
train,1553,CC1CC2C(C)C(=O)C12,5.820515633e0,0.000000000e0,0.000000000e0,1.271353364e0,5.820515633e0,-8.482939601e-1
train,1554,CC1NC12CNC2C#N,7.104892731e0,0.000000000e0,0.000000000e0,1.271353364e0,7.104892731e0,1.619497538e-1
train,1555,OCC1(C2CCO2)CO1,8.674989700e0,0.000000000e0,0.000000000e0,1.271353364e0,8.674989700e0,1.396930218e0
train,1556,CC1C2CC13OC(=O)C23,6.982441425e0,0.000000000e0,0.000000000e0,1.271353364e0,6.982441425e0,6.563407183e-2
train,1557,C#CC(O)(C#N)CCC,7.635515213e0,0.000000000e0,0.000000000e0,1.271353364e0,7.635515213e0,5.793178678e-1
train,1558,OC1COc2[nH]ccc21,6.459982872e0,0.000000000e0,0.000000000e0,1.271353364e0,6.459982872e0,-3.453125954e-1
train,1559,O=C1Cn2nncc2N1,5.771534920e0,0.000000000e0,0.000000000e0,1.271353364e0,5.771534920e0,-8.868203759e-1
train,1560,CN1C(=O)CCC1[NH-],6.819173336e0,0.000000000e0,0.000000000e0,1.271353364e0,6.819173336e0,-6.278659403e-2
train,1561,CC12CC(C1)C2C=O,5.932082176e0,0.000000000e0,0.000000000e0,1.271353364e0,5.932082176e0,-7.605398297e-1
train,1562,CCOC12CC1C1NC12,7.790619850e0,0.000000000e0,0.000000000e0,1.271353364e0,7.790619850e0,7.013174295e-1
train,1563,O=CC1(C=O)OCCO1,5.102134705e0,0.000000000e0,0.000000000e0,1.271353364e0,5.102134705e0,-1.413345933e0
train,1564,CNc1n[nH]c(C#N)n1,4.699406624e0,0.000000000e0,0.000000000e0,1.271353364e0,4.699406624e0,-1.730116963e0
train,1565,CC1C=CC2(O)COC12,6.781077385e0,0.000000000e0,0.000000000e0,1.271353364e0,6.781077385e0,-9.275146574e-2
train,1566,Nc1nnoc(=O)n1,4.593281746e0,0.000000000e0,0.000000000e0,1.271353364e0,4.593281746e0,-1.813590884e0
train,1567,c1nonc1CC1CN1,5.929360867e0,0.000000000e0,0.000000000e0,1.271353364e0,5.929360867e0,-7.626802921e-1
train,1568,C#CC1CC(C)C1=O,5.806910038e0,0.000000000e0,0.000000000e0,1.271353364e0,5.806910038e0,-8.589956164e-1
train,1569,CC1CCC(C)C(O)C1,9.017853737e0,0.000000000e0,0.000000000e0,1.271353364e0,9.017853737e0,1.666614413e0
train,1570,CC(=O)C1(C)CC(=O)N1,5.964735985e0,0.000000000e0,0.000000000e0,1.271353364e0,5.964735985e0,-7.348555326e-1
train,1571,COC1(C)C[NH2+][CH+]O1,7.594697952e0,0.000000000e0,0.000000000e0,1.271353364e0,7.594697952e0,5.472124815e-1
train,1572,CC(C)C(C=O)O[CH+][NH-],5.785140514e0,0.000000000e0,0.000000000e0,1.271353364e0,5.785140514e0,-8.761187196e-1
train,1573,C1=CC2CCCCC1C2,7.045027256e0,0.000000000e0,0.000000000e0,1.271353364e0,7.045027256e0,1.148617789e-1
train,1574,O=COC1CCC(O)C1,7.638236046e0,0.000000000e0,0.000000000e0,1.271353364e0,7.638236046e0,5.814579725e-1
train,1575,COCC12CC1C(=O)O2,7.499457359e0,0.000000000e0,0.000000000e0,1.271353364e0,7.499457359e0,4.722997546e-1
train,1576,C1C2CC3C2C1C31CC1,9.153910637e0,0.000000000e0,0.000000000e0,1.271353364e0,9.153910637e0,1.773631811e0
train,1577,C#CC12COC1(C)C2C,7.080402374e0,0.000000000e0,0.000000000e0,1.271353364e0,7.080402374e0,1.426865458e-1
train,1578,C#CCC1(O)CC1OC,7.575649738e0,0.000000000e0,0.000000000e0,1.271353364e0,7.575649738e0,5.322299004e-1
train,1579,CC1CC2C3COC3C12,8.217838287e0,0.000000000e0,0.000000000e0,1.271353364e0,8.217838287e0,1.037351727e0
train,1580,CC1CCN1C(=O)CO,7.254555702e0,0.000000000e0,0.000000000e0,1.271353364e0,7.254555702e0,2.796691358e-1
train,1581,[H]N=C(C#N)N1CCC1[NH-],5.349758625e0,0.000000000e0,0.000000000e0,1.271353364e0,5.349758625e0,-1.218574047e0
train,1582,C1C[NH+]2C3COC(O1)C32,8.329405785e0,0.000000000e0,0.000000000e0,1.271353364e0,8.329405785e0,1.125106573e0
train,1583,CC1=CC(O)C(=O)CC1,6.005552769e0,0.000000000e0,0.000000000e0,1.271353364e0,6.005552769e0,-7.027505636e-1
train,1584,CC12OC1COC2C#N,7.902186394e0,0.000000000e0,0.000000000e0,1.271353364e0,7.902186394e0,7.890715599e-1
train,1585,C#CCC(C#N)CC#N,7.820552349e0,0.000000000e0,0.000000000e0,1.271353364e0,7.820552349e0,7.248612642e-1
train,1586,O=CC12CC1CCCO2,6.128004074e0,0.000000000e0,0.000000000e0,1.271353364e0,6.128004074e0,-6.064348817e-1
train,1587,CCC1OC1C1CO1,9.224658966e0,0.000000000e0,0.000000000e0,1.271353364e0,9.224658966e0,1.829279780e0
train,1588,CC(O)C1CCN=CO1,7.401497364e0,0.000000000e0,0.000000000e0,1.271353364e0,7.401497364e0,3.952480257e-1
train,1589,CC(=O)CC1OC1C#N,6.416444778e0,0.000000000e0,0.000000000e0,1.271353364e0,6.416444778e0,-3.795580268e-1
train,1590,OC1C=CC2(CC1)CO2,6.650462627e0,0.000000000e0,0.000000000e0,1.271353364e0,6.650462627e0,-1.954882294e-1
train,1591,CCC1CC(CCO)C1,9.306294441e0,0.000000000e0,0.000000000e0,1.271353364e0,9.306294441e0,1.893491268e0
train,1592,CC1OC2(C)C(CO)C12,8.264098167e0,0.000000000e0,0.000000000e0,1.271353364e0,8.264098167e0,1.073738098e0
train,1593,O=C1CC2CC1C2O,6.119840622e0,0.000000000e0,0.000000000e0,1.271353364e0,6.119840622e0,-6.128559709e-1
train,1594,O=C1CCNC2COC12,5.521190166e0,0.000000000e0,0.000000000e0,1.271353364e0,5.521190166e0,-1.083732367e0
train,1595,CC(O)C(O)C(=O)C#N,4.835463047e0,0.000000000e0,0.000000000e0,1.271353364e0,4.835463047e0,-1.623100042e0
train,1596,CC(C1CC1)C1(C)CO1,9.227380753e0,0.000000000e0,0.000000000e0,1.271353364e0,9.227380753e0,1.831420660e0
train,1597,CCCC1(C)CC2NC21,8.492672920e0,0.000000000e0,0.000000000e0,1.271353364e0,8.492672920e0,1.253526568e0
train,1598,CC1CC(C)C1C=O,5.994668484e0,0.000000000e0,0.000000000e0,1.271353364e0,5.994668484e0,-7.113117576e-1
train,1599,OC12C=CCC1CCC2,7.066796780e0,0.000000000e0,0.000000000e0,1.271353364e0,7.066796780e0,1.319848895e-1
train,1600,CC[NH2+][CH+]OCCCO,7.458641052e0,0.000000000e0,0.000000000e0,1.271353364e0,7.458641052e0,4.401951432e-1
train,1601,OCC1C=CC2C(O)C12,6.182426929e0,0.000000000e0,0.000000000e0,1.271353364e0,6.182426929e0,-5.636278391e-1
train,1602,O=C1NC2CC3(CO3)C12,7.295372486e0,0.000000000e0,0.000000000e0,1.271353364e0,7.295372486e0,3.117741048e-1
train,1603,c1ccc2occc2c1,5.526632309e0,0.000000000e0,0.000000000e0,1.271353364e0,5.526632309e0,-1.079451799e0
train,1604,CC1NC12CCC2(C)O,8.057291031e0,0.000000000e0,0.000000000e0,1.271353364e0,8.057291031e0,9.110711813e-1
train,1605,O=CC1C=CCCC=C1,5.423229218e0,0.000000000e0,0.000000000e0,1.271353364e0,5.423229218e0,-1.160784841e0
train,1606,O=C1CC2C[NH+]3CC2C13,5.602824211e0,0.000000000e0,0.000000000e0,1.271353364e0,5.602824211e0,-1.019521952e0
train,1607,CCN1C=CC(=O)CC1,4.957914352e0,0.000000000e0,0.000000000e0,1.271353364e0,4.957914352e0,-1.526784301e0
train,1608,O=C1NC2C=CC1(O)C2,6.076302528e0,0.000000000e0,0.000000000e0,1.271353364e0,6.076302528e0,-6.471014023e-1
train,1609,OC1CC2C3OC3C12,8.416481972e0,0.000000000e0,0.000000000e0,1.271353364e0,8.416481972e0,1.193597555e0
train,1610,O=[N+]([O-])c1ncno1,5.357921600e0,0.000000000e0,0.000000000e0,1.271353364e0,5.357921600e0,-1.212153435e0
train,1611,Cc1c(CO)cnn1C,6.748423576e0,0.000000000e0,0.000000000e0,1.271353364e0,6.748423576e0,-1.184357479e-1
train,1612,C1=CC2(CO2)C2CC1C2,6.528011322e0,0.000000000e0,0.000000000e0,1.271353364e0,6.528011322e0,-2.918038964e-1
train,1613,C1=CC2(C3CO3)CC2C1,6.694001198e0,0.000000000e0,0.000000000e0,1.271353364e0,6.694001198e0,-1.612423807e-1
train,1614,C1C2CC3(CO3)C[NH+]12,8.457298279e0,0.000000000e0,0.000000000e0,1.271353364e0,8.457298279e0,1.225702167e0
train,1615,C(CC1CC1)C[NH+]1CC1,8.732133865e0,0.000000000e0,0.000000000e0,1.271353364e0,8.732133865e0,1.441877723e0
train,1616,[H]N=C(NCCO)C(C)=O,5.085808277e0,0.000000000e0,0.000000000e0,1.271353364e0,5.085808277e0,-1.426187634e0
train,1617,Cc1nc(C2CC2)no1,6.596040249e0,0.000000000e0,0.000000000e0,1.271353364e0,6.596040249e0,-2.382948548e-1
train,1618,C1OC12C1OC2C2NC21,8.400155067e0,0.000000000e0,0.000000000e0,1.271353364e0,8.400155067e0,1.180755377e0
train,1619,OC12CC3(O)C4C1C2C43,7.619187832e0,0.000000000e0,0.000000000e0,1.271353364e0,7.619187832e0,5.664753318e-1
train,1620,CC(C)C12CC1C1OC12,7.926676750e0,0.000000000e0,0.000000000e0,1.271353364e0,7.926676750e0,8.083347678e-1
train,1621,O=C1CC=CC[NH+]2CC12,5.526632309e0,0.000000000e0,0.000000000e0,1.271353364e0,5.526632309e0,-1.079451799e0
train,1622,C#CC1(N)CC1(N)C#N,7.031421661e0,0.000000000e0,0.000000000e0,1.271353364e0,7.031421661e0,1.041601151e-1
train,1623,CC(C)C12CC(O)C1O2,8.813768387e0,0.000000000e0,0.000000000e0,1.271353364e0,8.813768387e0,1.506088376e0
train,1624,NC(=O)C1C2C3CC2C31,7.205575466e0,0.000000000e0,0.000000000e0,1.271353364e0,7.205575466e0,2.411430925e-1
train,1625,CC[NH+]1CC(C(=O)[O-])C1,4.786482811e0,0.000000000e0,0.000000000e0,1.271353364e0,4.786482811e0,-1.661626101e0
train,1626,Cc1nc(N)c(C#N)[nH]1,5.191932201e0,0.000000000e0,0.000000000e0,1.271353364e0,5.191932201e0,-1.342714548e0
train,1627,C#CC12CCC(=O)N1C2,6.508963585e0,0.000000000e0,0.000000000e0,1.271353364e0,6.508963585e0,-3.067861497e-1
train,1628,C#CCC1CCC=C1C,6.955230236e0,0.000000000e0,0.000000000e0,1.271353364e0,6.955230236e0,4.423075169e-2
train,1629,CC1(CO)C2C=CCC21,6.650462627e0,0.000000000e0,0.000000000e0,1.271353364e0,6.650462627e0,-1.954882294e-1
train,1630,CCC1C2CC3OC3C12,8.906287193e0,0.000000000e0,0.000000000e0,1.271353364e0,8.906287193e0,1.578860283e0
train,1631,C#CC1C2COC12C#N,6.664068222e0,0.000000000e0,0.000000000e0,1.271353364e0,6.664068222e0,-1.847865582e-1
train,1632,CC1[NH+]2C3C(O)C2C13C,7.913071156e0,0.000000000e0,0.000000000e0,1.271353364e0,7.913071156e0,7.976331115e-1
train,1633,C1C2OC3C(O2)C2C1C32,9.015131950e0,0.000000000e0,0.000000000e0,1.271353364e0,9.015131950e0,1.664473534e0
train,1634,CC1(CCO)C=CCC1,7.145709991e0,0.000000000e0,0.000000000e0,1.271353364e0,7.145709991e0,1.940551102e-1
train,1635,O=C1CCNC1=O,4.693964005e0,0.000000000e0,0.000000000e0,1.271353364e0,4.693964005e0,-1.734398007e0
train,1636,O=CCCC1(O)CCC1,6.223243713e0,0.000000000e0,0.000000000e0,1.271353364e0,6.223243713e0,-5.315228701e-1
train,1637,CC1CC(=O)NCCO1,7.259997368e0,0.000000000e0,0.000000000e0,1.271353364e0,7.259997368e0,2.839493454e-1
train,1638,OCC1C2CCOCC12,8.386548996e0,0.000000000e0,0.000000000e0,1.271353364e0,8.386548996e0,1.170053363e0
train,1639,CC12CC(COC1[NH-])C2,7.806946754e0,0.000000000e0,0.000000000e0,1.271353364e0,7.806946754e0,7.141596079e-1
train,1640,OC1CCn2nncc21,6.870874882e0,0.000000000e0,0.000000000e0,1.271353364e0,6.870874882e0,-2.212006412e-2
train,1641,CCC[NH+]1CC1(C)CO,8.119877815e0,0.000000000e0,0.000000000e0,1.271353364e0,8.119877815e0,9.602996111e-1
train,1642,OC1CC2CC3(CC3)C12,8.726691246e0,0.000000000e0,0.000000000e0,1.271353364e0,8.726691246e0,1.437596679e0
train,1643,N#CC1NCC2C(O)C12,7.162036896e0,0.000000000e0,0.000000000e0,1.271353364e0,7.162036896e0,2.068972439e-1
train,1644,C1C2CC3C1C23[NH+]1CC1,8.525327682e0,0.000000000e0,0.000000000e0,1.271353364e0,8.525327682e0,1.279211521e0
train,1645,C[NH+]1CC2OC3C1C23O,7.200132847e0,0.000000000e0,0.000000000e0,1.271353364e0,7.200132847e0,2.368621230e-1
train,1646,O=C1CC(C2CC2)O1,7.730754375e0,0.000000000e0,0.000000000e0,1.271353364e0,7.730754375e0,6.542294621e-1
train,1647,C1C[NH+]2CCOC(C2)O1,7.485852242e0,0.000000000e0,0.000000000e0,1.271353364e0,7.485852242e0,4.615984857e-1
train,1648,CC1NC12CC(=O)C2,5.883101463e0,0.000000000e0,0.000000000e0,1.271353364e0,5.883101463e0,-7.990662456e-1
train,1649,Nc1n[nH]nc(N)c1=O,4.024563789e0,0.000000000e0,0.000000000e0,1.271353364e0,4.024563789e0,-2.260923624e0
train,1650,CCC1OC2CC1C2C,8.952546120e0,0.000000000e0,0.000000000e0,1.271353364e0,8.952546120e0,1.615245819e0
train,1651,NC(=O)C(O)CNC=O,7.126662254e0,0.000000000e0,0.000000000e0,1.271353364e0,7.126662254e0,1.790728569e-1
train,1652,CCC1=CCCC(=O)C1,6.073581219e0,0.000000000e0,0.000000000e0,1.271353364e0,6.073581219e0,-6.492418647e-1
train,1653,CCC1C(O)C12CCO2,7.469525814e0,0.000000000e0,0.000000000e0,1.271353364e0,7.469525814e0,4.487566948e-1
train,1654,NC(=O)CC1CO[CH+][NH2+]1,6.479031086e0,0.000000000e0,0.000000000e0,1.271353364e0,6.479031086e0,-3.303299546e-1
train,1655,C#CC#CC(=O)OCC,5.308941364e0,0.000000000e0,0.000000000e0,1.271353364e0,5.308941364e0,-1.250679374e0
train,1656,CC1C2C(O)C(=O)C[NH+]12,5.333431244e0,0.000000000e0,0.000000000e0,1.271353364e0,5.333431244e0,-1.231416583e0
train,1657,CC1(O)C2CC2C1(C)O,8.266819000e0,0.000000000e0,0.000000000e0,1.271353364e0,8.266819000e0,1.075878143e0
train,1658,O=c1ccc(CO)c[nH]1,4.761992455e0,0.000000000e0,0.000000000e0,1.271353364e0,4.761992455e0,-1.680889249e0
train,1659,O=CC12CC3NC3C1O2,5.774256229e0,0.000000000e0,0.000000000e0,1.271353364e0,5.774256229e0,-8.846799135e-1
train,1660,C1=Nc2[nH]ccc2CO1,4.906212807e0,0.000000000e0,0.000000000e0,1.271353364e0,4.906212807e0,-1.567450881e0
train,1661,OCCC1OCC1NO,6.628693581e0,0.000000000e0,0.000000000e0,1.271353364e0,6.628693581e0,-2.126109600e-1
train,1662,CC(CNCC#N)=NO,6.816452026e0,0.000000000e0,0.000000000e0,1.271353364e0,6.816452026e0,-6.492707878e-2
train,1663,CCOC1C2CC1C2,9.360716820e0,0.000000000e0,0.000000000e0,1.271353364e0,9.360716820e0,1.936297894e0
train,1664,CC1OC(=O)C1C=O,6.114398479e0,0.000000000e0,0.000000000e0,1.271353364e0,6.114398479e0,-6.171365380e-1
train,1665,C#CC1C=C(C)C2NC12,6.620530128e0,0.000000000e0,0.000000000e0,1.271353364e0,6.620530128e0,-2.190320194e-1
train,1666,OC1C2C3C4CC2[NH+]4C13,8.068176270e0,0.000000000e0,0.000000000e0,1.271353364e0,8.068176270e0,9.196330905e-1
train,1667,[NH-]C1COCC(C=O)N1,5.162000179e0,0.000000000e0,0.000000000e0,1.271353364e0,5.162000179e0,-1.366257906e0
train,1668,CCC1COC([NH-])C1=O,5.061317921e0,0.000000000e0,0.000000000e0,1.271353364e0,5.061317921e0,-1.445450902e0
train,1669,CC(=O)c1cc[nH]c1O,4.862674713e0,0.000000000e0,0.000000000e0,1.271353364e0,4.862674713e0,-1.601696372e0
train,1670,CC(O)C1C(C)C1C#N,8.079060555e0,0.000000000e0,0.000000000e0,1.271353364e0,8.079060555e0,9.281942844e-1
train,1671,CNc1[nH]nc[n+]1C=O,4.761992455e0,0.000000000e0,0.000000000e0,1.271353364e0,4.761992455e0,-1.680889249e0
train,1672,C#CC(CC(C)O)OC,8.068176270e0,0.000000000e0,0.000000000e0,1.271353364e0,8.068176270e0,9.196330905e-1
train,1673,C#CC1CCCOC1=O,6.960672855e0,0.000000000e0,0.000000000e0,1.271353364e0,6.960672855e0,4.851171374e-2
train,1674,[NH-]C1OCC12NC1CC12,6.541617393e0,0.000000000e0,0.000000000e0,1.271353364e0,6.541617393e0,-2.811018825e-1
train,1675,C[NH2+]C1CCCOCO1,7.178363323e0,0.000000000e0,0.000000000e0,1.271353364e0,7.178363323e0,2.197390199e-1
train,1676,CC12C3C[NH+]1C1C3C12,8.223280907e0,0.000000000e0,0.000000000e0,1.271353364e0,8.223280907e0,1.041632652e0
train,1677,CC(C)C1CN(C=O)C1,7.238228798e0,0.000000000e0,0.000000000e0,1.271353364e0,7.238228798e0,2.668269873e-1
train,1678,OCC1(CC2CC2)CN1,8.130762100e0,0.000000000e0,0.000000000e0,1.271353364e0,8.130762100e0,9.688608050e-1
train,1679,CCC(C)(OC)C(C)C,8.694037437e0,0.000000000e0,0.000000000e0,1.271353364e0,8.694037437e0,1.411912441e0
train,1680,N#CC12CC3CC1C3C2,8.653220177e0,0.000000000e0,0.000000000e0,1.271353364e0,8.653220177e0,1.379807115e0
train,1681,CC12CC1C=CNC2=O,5.736160278e0,0.000000000e0,0.000000000e0,1.271353364e0,5.736160278e0,-9.146447778e-1
train,1682,CC1(CCO)CC(O)C1,8.909008026e0,0.000000000e0,0.000000000e0,1.271353364e0,8.909008026e0,1.581000328e0
train,1683,CC12NC1COC2CO,8.215117455e0,0.000000000e0,0.000000000e0,1.271353364e0,8.215117455e0,1.035211563e0
train,1684,COC1COC2CC2O1,8.081781387e0,0.000000000e0,0.000000000e0,1.271353364e0,8.081781387e0,9.303343892e-1
train,1685,CC1C2C3CC3CC12C,8.451856613e0,0.000000000e0,0.000000000e0,1.271353364e0,8.451856613e0,1.221421957e0
train,1686,C1CC2C(O1)C1CC[NH+]21,7.763408184e0,0.000000000e0,0.000000000e0,1.271353364e0,7.763408184e0,6.799137592e-1
train,1687,O=C1CCC2OC2CC1,6.155215263e0,0.000000000e0,0.000000000e0,1.271353364e0,6.155215263e0,-5.850315690e-1
train,1688,N#CC1OC1C(O)C=O,6.225965023e0,0.000000000e0,0.000000000e0,1.271353364e0,6.225965023e0,-5.293824077e-1
train,1689,C1=CC2(CCC2)C2OC12,6.549780846e0,0.000000000e0,0.000000000e0,1.271353364e0,6.549780846e0,-2.746807933e-1
train,1690,C1CC2COCC12,8.944382668e0,0.000000000e0,0.000000000e0,1.271353364e0,8.944382668e0,1.608824730e0
train,1691,O=CC1CC(O)(C=O)C1,5.630035877e0,0.000000000e0,0.000000000e0,1.271353364e0,5.630035877e0,-9.981183410e-1
train,1692,CCC1(O)CNCC1=O,5.191932201e0,0.000000000e0,0.000000000e0,1.271353364e0,5.191932201e0,-1.342714548e0
train,1693,Cc1coc(N2CC2)n1,6.293993473e0,0.000000000e0,0.000000000e0,1.271353364e0,6.293993473e0,-4.758737385e-1
train,1694,CC1=COC([NH-])C(=O)N1,4.835463047e0,0.000000000e0,0.000000000e0,1.271353364e0,4.835463047e0,-1.623100042e0
train,1695,O=C1CCC1(O)C1CN1,5.540238380e0,0.000000000e0,0.000000000e0,1.271353364e0,5.540238380e0,-1.068749666e0
train,1696,C#Cc1coc(CO)c1,5.766092300e0,0.000000000e0,0.000000000e0,1.271353364e0,5.766092300e0,-8.911013603e-1
train,1697,C#CCc1n[nH]nc1C,6.868154049e0,0.000000000e0,0.000000000e0,1.271353364e0,6.868154049e0,-2.426017076e-2
train,1698,CC(C)CC1(C)CO1,9.254591942e0,0.000000000e0,0.000000000e0,1.271353364e0,9.254591942e0,1.852823973e0
train,1699,CCC1C(C=O)C1CC,6.114398479e0,0.000000000e0,0.000000000e0,1.271353364e0,6.114398479e0,-6.171365380e-1
train,1700,CC12CC1(O)C(C=O)O2,5.638199329e0,0.000000000e0,0.000000000e0,1.271353364e0,5.638199329e0,-9.916972518e-1
train,1701,C1C2C[NH+]3C2C3C2NC12,7.668168545e0,0.000000000e0,0.000000000e0,1.271353364e0,7.668168545e0,6.050017476e-1
train,1702,CC1(C2CN2)OC2CC21,8.555259705e0,0.000000000e0,0.000000000e0,1.271353364e0,8.555259705e0,1.302754998e0
train,1703,CC12C=CC3C(N1)C32O,6.130725384e0,0.000000000e0,0.000000000e0,1.271353364e0,6.130725384e0,-6.042944193e-1
train,1704,CC1(O[CH+][NH-])COC1[NH-],7.249113560e0,0.000000000e0,0.000000000e0,1.271353364e0,7.249113560e0,2.753885388e-1
train,1705,CC(O)C1C2CC1(C)C2,9.088603020e0,0.000000000e0,0.000000000e0,1.271353364e0,9.088603020e0,1.722263217e0
train,1706,C1=CC2([NH+]3CC3)CC1C2,6.402839184e0,0.000000000e0,0.000000000e0,1.271353364e0,6.402839184e0,-3.902597129e-1
train,1707,O=C([O-])C1=CC[NH2+]C1,3.994631290e0,0.000000000e0,0.000000000e0,1.271353364e0,3.994631290e0,-2.284467220e0
train,1708,CC(O)C1OC12CCC2,8.699480057e0,0.000000000e0,0.000000000e0,1.271353364e0,8.699480057e0,1.416193366e0
train,1709,C#CC[NH+]1C(C)C1CC,7.328026772e0,0.000000000e0,0.000000000e0,1.271353364e0,7.328026772e0,3.374587595e-1
train,1710,CC1=C2CCC2C(=O)C1,5.842284679e0,0.000000000e0,0.000000000e0,1.271353364e0,5.842284679e0,-8.311712146e-1
train,1711,NC(=O)c1ccccc1,5.749765873e0,0.000000000e0,0.000000000e0,1.271353364e0,5.749765873e0,-9.039431214e-1
train,1712,OC12CC3C4C3C1C42,7.858648300e0,0.000000000e0,0.000000000e0,1.271353364e0,7.858648300e0,7.548261285e-1
train,1713,CC12CC(O)C1C1CC12,8.062733650e0,0.000000000e0,0.000000000e0,1.271353364e0,8.062733650e0,9.153521061e-1
train,1714,CC([NH-])OCC1(O)CC1,7.551159859e0,0.000000000e0,0.000000000e0,1.271353364e0,7.551159859e0,5.129670501e-1
train,1715,CC1(C#N)[NH+]2CCC21C,7.455919266e0,0.000000000e0,0.000000000e0,1.271353364e0,7.455919266e0,4.380542934e-1
train,1716,CC12CC(N)C1(C#N)N2,7.156594753e0,0.000000000e0,0.000000000e0,1.271353364e0,7.156594753e0,2.026166618e-1
train,1717,C1CC2CC3CC3(C1)O2,8.626008987e0,0.000000000e0,0.000000000e0,1.271353364e0,8.626008987e0,1.358403802e0
train,1718,CCC1C(CC)C1OC,8.424644470e0,0.000000000e0,0.000000000e0,1.271353364e0,8.424644470e0,1.200017810e0
train,1719,OCC#Cc1cn[nH]n1,5.918476582e0,0.000000000e0,0.000000000e0,1.271353364e0,5.918476582e0,-7.712414861e-1
train,1720,N#CC(CCO)O[CH+][NH-],7.551159859e0,0.000000000e0,0.000000000e0,1.271353364e0,7.551159859e0,5.129670501e-1
train,1721,COC1C(C#N)C1C=O,6.051812172e0,0.000000000e0,0.000000000e0,1.271353364e0,6.051812172e0,-6.663646102e-1
train,1722,CCC1OCC12CC2O,8.419202805e0,0.000000000e0,0.000000000e0,1.271353364e0,8.419202805e0,1.195737600e0
train,1723,CC1C(O)C(C)C1CO,8.416481972e0,0.000000000e0,0.000000000e0,1.271353364e0,8.416481972e0,1.193597555e0
train,1724,CC(=O)C1OC1(C)C=O,5.572891712e0,0.000000000e0,0.000000000e0,1.271353364e0,5.572891712e0,-1.043065786e0
train,1725,O=CN1C=CC(O)C1,5.730718136e0,0.000000000e0,0.000000000e0,1.271353364e0,5.730718136e0,-9.189253449e-1
train,1726,O=CCCC(=O)CO,6.035485268e0,0.000000000e0,0.000000000e0,1.271353364e0,6.035485268e0,-6.792067289e-1
train,1727,CC(C)C12C[NH+](C1)C2C,7.945724487e0,0.000000000e0,0.000000000e0,1.271353364e0,7.945724487e0,8.233170509e-1
train,1728,NC(=O)c1[nH]nnc1N,4.797367573e0,0.000000000e0,0.000000000e0,1.271353364e0,4.797367573e0,-1.653064489e0
train,1729,N#CCCC1C2CCC12,8.250492096e0,0.000000000e0,0.000000000e0,1.271353364e0,8.250492096e0,1.063035965e0
train,1730,OCC1C2(O)CCC12O,7.888580799e0,0.000000000e0,0.000000000e0,1.271353364e0,7.888580799e0,7.783699036e-1
train,1731,C#CC(C)(O)CCC,8.182463646e0,0.000000000e0,0.000000000e0,1.271353364e0,8.182463646e0,1.009527326e0
train,1732,O=C([O-])C1=CC2CC1[NH2+]2,4.430013657e0,0.000000000e0,0.000000000e0,1.271353364e0,4.430013657e0,-1.942011595e0
train,1733,CNC(=O)CN(C)C=O,6.966114998e0,0.000000000e0,0.000000000e0,1.271353364e0,6.966114998e0,5.279230326e-2
train,1734,OCC1OC2COC12,8.193347931e0,0.000000000e0,0.000000000e0,1.271353364e0,8.193347931e0,1.018088460e0
train,1735,[NH-]C1OC2CC3CC12N3,7.107614040e0,0.000000000e0,0.000000000e0,1.271353364e0,7.107614040e0,1.640902311e-1
train,1736,CC1(C=O)CC(C=O)N1,5.698064327e0,0.000000000e0,0.000000000e0,1.271353364e0,5.698064327e0,-9.446096420e-1
train,1737,CC1C2OC1C1CCC12,8.876354218e0,0.000000000e0,0.000000000e0,1.271353364e0,8.876354218e0,1.555316091e0
train,1738,CC(C)CC1(C)CCO1,8.568865776e0,0.000000000e0,0.000000000e0,1.271353364e0,8.568865776e0,1.313457012e0
train,1739,O=C1C2C3CC4C1C4C32,5.978341103e0,0.000000000e0,0.000000000e0,1.271353364e0,5.978341103e0,-7.241542339e-1
train,1740,CC1C2C3OC3C12CO,7.673610687e0,0.000000000e0,0.000000000e0,1.271353364e0,7.673610687e0,6.092823744e-1
train,1741,O=C1CC=C2CCC2C1,6.070860386e0,0.000000000e0,0.000000000e0,1.271353364e0,6.070860386e0,-6.513819695e-1
train,1742,Nc1ncc[nH]c1=O,4.628656864e0,0.000000000e0,0.000000000e0,1.271353364e0,4.628656864e0,-1.785766125e0
train,1743,CC#CCC(O)CC,7.994705200e0,0.000000000e0,0.000000000e0,1.271353364e0,7.994705200e0,8.618434668e-1
train,1744,CC12OC1CC2(N)C#N,7.379727840e0,0.000000000e0,0.000000000e0,1.271353364e0,7.379727840e0,3.781249225e-1
train,1745,OCCC1CC=CCC1,7.292651653e0,0.000000000e0,0.000000000e0,1.271353364e0,7.292651653e0,3.096340001e-1
train,1746,CC1=CC(C)OC1,6.786519527e0,0.000000000e0,0.000000000e0,1.271353364e0,6.786519527e0,-8.847087622e-2
train,1747,CCC1C(C)CC2CC21,9.080439568e0,0.000000000e0,0.000000000e0,1.271353364e0,9.080439568e0,1.715842128e0
train,1748,CNc1onc(O)c1N,6.266781807e0,0.000000000e0,0.000000000e0,1.271353364e0,6.266781807e0,-4.972774088e-1
train,1749,N#CC1OCC([NH-])O1,7.777014256e0,0.000000000e0,0.000000000e0,1.271353364e0,7.777014256e0,6.906157732e-1
train,1750,CCC1C2OC3C(O2)C13,8.794719696e0,0.000000000e0,0.000000000e0,1.271353364e0,8.794719696e0,1.491105437e0
train,1751,c1cnc2cnnn2c1,4.617772102e0,0.000000000e0,0.000000000e0,1.271353364e0,4.617772102e0,-1.794327736e0
train,1752,C#CC#CCCC,6.296714783e0,0.000000000e0,0.000000000e0,1.271353364e0,6.296714783e0,-4.737332463e-1
train,1753,OC12CCC1=CC1NC12,6.375627518e0,0.000000000e0,0.000000000e0,1.271353364e0,6.375627518e0,-4.116633832e-1
train,1754,[CH+]1[NH2+]CC23CC2[NH2+][CH+][NH+]13,6.103513718e0,0.000000000e0,0.000000000e0,1.271353364e0,6.103513718e0,-6.256980896e-1
train,1755,CC#CC(C)C(C)CC,8.242328644e0,0.000000000e0,0.000000000e0,1.271353364e0,8.242328644e0,1.056614995e0
train,1756,N#CC12CC3(O)C[NH+]1C32,7.496736526e0,0.000000000e0,0.000000000e0,1.271353364e0,7.496736526e0,4.701596498e-1
train,1757,C#CC(C)(O)C(C)C=O,6.002831459e0,0.000000000e0,0.000000000e0,1.271353364e0,6.002831459e0,-7.048910260e-1
train,1758,NC(=O)C1NC1C(N)=O,6.378348827e0,0.000000000e0,0.000000000e0,1.271353364e0,6.378348827e0,-4.095229208e-1
train,1759,c1cnc(C2CC2)cn1,5.444998264e0,0.000000000e0,0.000000000e0,1.271353364e0,5.444998264e0,-1.143662095e0
train,1760,COC(C)(C=O)C1CN1,5.668131351e0,0.000000000e0,0.000000000e0,1.271353364e0,5.668131351e0,-9.681538343e-1
train,1761,CC1C=CC2CCC12O,6.974278450e0,0.000000000e0,0.000000000e0,1.271353364e0,6.974278450e0,5.921337381e-2
train,1762,C[NH2+]Cc1noc([NH-])n1,4.272187710e0,0.000000000e0,0.000000000e0,1.271353364e0,4.272187710e0,-2.066151619e0
train,1763,C#CC1NC2COC12C,7.189248085e0,0.000000000e0,0.000000000e0,1.271353364e0,7.189248085e0,2.283005714e-1
train,1764,CCC1CC2CC1C2,1.030767345e1,0.000000000e0,0.000000000e0,1.271353364e0,1.030767345e1,2.681138992e0
train,1765,N#CC#CC1OC2CC12,5.583776474e0,0.000000000e0,0.000000000e0,1.271353364e0,5.583776474e0,-1.034504294e0
train,1766,CC1=CC2COC3C1C23,6.296714783e0,0.000000000e0,0.000000000e0,1.271353364e0,6.296714783e0,-4.737332463e-1
train,1767,C1=C2CCCC3C(C1)C23,6.405560493e0,0.000000000e0,0.000000000e0,1.271353364e0,6.405560493e0,-3.881192207e-1
train,1768,OC1COc2ncoc21,5.649083614e0,0.000000000e0,0.000000000e0,1.271353364e0,5.649083614e0,-9.831360579e-1
train,1769,CC#CCCNC(C)=O,7.347074509e0,0.000000000e0,0.000000000e0,1.271353364e0,7.347074509e0,3.524410129e-1
train,1770,CCc1cn[nH]c1,7.047749043e0,0.000000000e0,0.000000000e0,1.271353364e0,7.047749043e0,1.170026362e-1
train,1771,C#CC12CCC3C(C1)[NH+]32,7.393333435e0,0.000000000e0,0.000000000e0,1.271353364e0,7.393333435e0,3.888265789e-1
train,1772,CC1=CC(=O)C2OC2C1,5.121182919e0,0.000000000e0,0.000000000e0,1.271353364e0,5.121182919e0,-1.398363352e0
train,1773,COc1cnn(C)c1O,6.253176689e0,0.000000000e0,0.000000000e0,1.271353364e0,6.253176689e0,-5.079786777e-1
train,1774,CC(O)(C#N)C(O)CO,8.070897102e0,0.000000000e0,0.000000000e0,1.271353364e0,8.070897102e0,9.217731953e-1
train,1775,CCc1cc(N)oc1O,6.068139076e0,0.000000000e0,0.000000000e0,1.271353364e0,6.068139076e0,-6.535224915e-1
train,1776,OCC12CCC(O1)C2O,8.645057678e0,0.000000000e0,0.000000000e0,1.271353364e0,8.645057678e0,1.373386741e0
train,1777,COC(CO)C1(O)CC1,8.566143990e0,0.000000000e0,0.000000000e0,1.271353364e0,8.566143990e0,1.311316133e0
train,1778,CCOC([NH-])C1(C)CC1,7.855927467e0,0.000000000e0,0.000000000e0,1.271353364e0,7.855927467e0,7.526860237e-1
train,1779,CC1(O)C2C3C4C1C2[NH+]34,7.817831039e0,0.000000000e0,0.000000000e0,1.271353364e0,7.817831039e0,7.227207422e-1
train,1780,C#CCC1CCCO1,8.108993530e0,0.000000000e0,0.000000000e0,1.271353364e0,8.108993530e0,9.517384768e-1
train,1781,OCCCC1OCC1O,8.329405785e0,0.000000000e0,0.000000000e0,1.271353364e0,8.329405785e0,1.125106573e0
train,1782,CCC#CCC(C)O,8.084503174e0,0.000000000e0,0.000000000e0,1.271353364e0,8.084503174e0,9.324752688e-1
train,1783,CC1COC([NH-])C(C)C1,7.496736526e0,0.000000000e0,0.000000000e0,1.271353364e0,7.496736526e0,4.701596498e-1
train,1784,N#CC1C=CC2COC12,6.960672855e0,0.000000000e0,0.000000000e0,1.271353364e0,6.960672855e0,4.851171374e-2
train,1785,CC12C3[CH-]COC1C2C3,5.722554207e0,0.000000000e0,0.000000000e0,1.271353364e0,5.722554207e0,-9.253467917e-1
train,1786,C[NH+]1CC1(C)C1(C)CC1,8.299472809e0,0.000000000e0,0.000000000e0,1.271353364e0,8.299472809e0,1.101562381e0
train,1787,C#CC[NH+]1C2C=CCC21,6.332089424e0,0.000000000e0,0.000000000e0,1.271353364e0,6.332089424e0,-4.459088445e-1
train,1788,C#CC(C)(C=O)C1CN1,5.657247066e0,0.000000000e0,0.000000000e0,1.271353364e0,5.657247066e0,-9.767149687e-1
train,1789,O=C1C2CC2NC12CC2,5.455882549e0,0.000000000e0,0.000000000e0,1.271353364e0,5.455882549e0,-1.135100961e0
train,1790,CC1CC(O)C(=O)C1O,5.921197414e0,0.000000000e0,0.000000000e0,1.271353364e0,5.921197414e0,-7.691013813e-1
train,1791,C[NH+]1CCNC(=O)C1,6.974278450e0,0.000000000e0,0.000000000e0,1.271353364e0,6.974278450e0,5.921337381e-2
train,1792,CC1(C)C(=O)NC1C=O,5.730718136e0,0.000000000e0,0.000000000e0,1.271353364e0,5.730718136e0,-9.189253449e-1
train,1793,CC#CCC(=O)NC=O,5.940245628e0,0.000000000e0,0.000000000e0,1.271353364e0,5.940245628e0,-7.541187406e-1
train,1794,C1CC(C23C[NH+](C2)C3)C1,8.196069717e0,0.000000000e0,0.000000000e0,1.271353364e0,8.196069717e0,1.020229340e0
train,1795,CCOC(=O)C1CO1,7.153872967e0,0.000000000e0,0.000000000e0,1.271353364e0,7.153872967e0,2.004757971e-1
train,1796,CC12CC3CC1(C)C32C,8.313077927e0,0.000000000e0,0.000000000e0,1.271353364e0,8.313077927e0,1.112263680e0
train,1797,CC1(C)OC1C#CC#N,6.062696934e0,0.000000000e0,0.000000000e0,1.271353364e0,6.062696934e0,-6.578030586e-1
train,1798,CC12CNCC1(C#N)O2,6.557943821e0,0.000000000e0,0.000000000e0,1.271353364e0,6.557943821e0,-2.682601213e-1
train,1799,CC1CC(N)C1(O)C#N,8.277703285e0,0.000000000e0,0.000000000e0,1.271353364e0,8.277703285e0,1.084439278e0
train,1800,CC12C[NH+]1[CH+][NH2+]C2CO,6.459982872e0,0.000000000e0,0.000000000e0,1.271353364e0,6.459982872e0,-3.453125954e-1
train,1801,CC1C=CCC1NC=O,7.074960232e0,0.000000000e0,0.000000000e0,1.271353364e0,7.074960232e0,1.384059489e-1
train,1802,CCOC(N)=NCC#N,7.515784740e0,0.000000000e0,0.000000000e0,1.271353364e0,7.515784740e0,4.851422608e-1
train,1803,CCC1=CC2CC1C2C,6.440935135e0,0.000000000e0,0.000000000e0,1.271353364e0,6.440935135e0,-3.602948189e-1
train,1804,CCOC1C2C3OC3C12,7.434150696e0,0.000000000e0,0.000000000e0,1.271353364e0,7.434150696e0,4.209319353e-1
train,1805,C#CC1(C)C2COC1C2,7.586534500e0,0.000000000e0,0.000000000e0,1.271353364e0,7.586534500e0,5.407914519e-1
train,1806,CC1C2(O)C=CCC12C,6.620530128e0,0.000000000e0,0.000000000e0,1.271353364e0,6.620530128e0,-2.190320194e-1
train,1807,CC1C2CC1(O)C2C,9.028738022e0,0.000000000e0,0.000000000e0,1.271353364e0,9.028738022e0,1.675175548e0
train,1808,O=CCC(CO)[NH+]1CC1,5.975620270e0,0.000000000e0,0.000000000e0,1.271353364e0,5.975620270e0,-7.262943387e-1
train,1809,C#CC(C)(C)C#CC,7.787898064e0,0.000000000e0,0.000000000e0,1.271353364e0,7.787898064e0,6.991766095e-1
train,1810,CC(CO)C(C)C1CO1,9.181120872e0,0.000000000e0,0.000000000e0,1.271353364e0,9.181120872e0,1.795034289e0
train,1811,c1cnc(C2CC2)cn1,5.444998264e0,0.000000000e0,0.000000000e0,1.271353364e0,5.444998264e0,-1.143662095e0
train,1812,CC#CC1C2C(=O)C[NH+]12,5.771534920e0,0.000000000e0,0.000000000e0,1.271353364e0,5.771534920e0,-8.868203759e-1
train,1813,CCC(O)C1C2CC[NH+]21,8.231444359e0,0.000000000e0,0.000000000e0,1.271353364e0,8.231444359e0,1.048053741e0
train,1814,O=CCNc1ncco1,5.200095654e0,0.000000000e0,0.000000000e0,1.271353364e0,5.200095654e0,-1.336293459e0
train,1815,N#CC#Cc1ncno1,5.113019466e0,0.000000000e0,0.000000000e0,1.271353364e0,5.113019466e0,-1.404784322e0
train,1816,[CH-]1C2CC3C2C2OC1C32,4.672194958e0,0.000000000e0,0.000000000e0,1.271353364e0,4.672194958e0,-1.751520634e0
train,1817,CC1=CCCC1C(N)=O,6.751144886e0,0.000000000e0,0.000000000e0,1.271353364e0,6.751144886e0,-1.162952706e-1
train,1818,C1CC2C3CC4C(C13)C24,9.458678246e0,0.000000000e0,0.000000000e0,1.271353364e0,9.458678246e0,2.013350725e0
train,1819,CC12C=CC(C)(O1)C2O,6.473588943e0,0.000000000e0,0.000000000e0,1.271353364e0,6.473588943e0,-3.346105516e-1
train,1820,CCC1CC2OC12CC,9.047785759e0,0.000000000e0,0.000000000e0,1.271353364e0,9.047785759e0,1.690157890e0
train,1821,CC1(OC=O)COC1,7.186526775e0,0.000000000e0,0.000000000e0,1.271353364e0,7.186526775e0,2.261600941e-1
train,1822,OC12C3COCC1C2O3,7.836878777e0,0.000000000e0,0.000000000e0,1.271353364e0,7.836878777e0,7.377030253e-1
train,1823,CC#CC(C)CC,8.258655548e0,0.000000000e0,0.000000000e0,1.271353364e0,8.258655548e0,1.069457054e0
train,1824,Cn1ncc(C2CN2)n1,6.024600506e0,0.000000000e0,0.000000000e0,1.271353364e0,6.024600506e0,-6.877683401e-1
train,1825,CC(C)OC(C=O)CO,5.809630871e0,0.000000000e0,0.000000000e0,1.271353364e0,5.809630871e0,-8.568555117e-1
train,1826,CC(O)C(O)(C#N)C#N,7.398775578e0,0.000000000e0,0.000000000e0,1.271353364e0,7.398775578e0,3.931071758e-1
train,1827,OCC1(O)C2CCC1O2,7.997426510e0,0.000000000e0,0.000000000e0,1.271353364e0,7.997426510e0,8.639839292e-1
train,1828,CC1=CC(=O)C(C)NC1,4.898049831e0,0.000000000e0,0.000000000e0,1.271353364e0,4.898049831e0,-1.573871613e0
train,1829,CC#CC1=CCC(=O)N1,4.998731613e0,0.000000000e0,0.000000000e0,1.271353364e0,4.998731613e0,-1.494678974e0
train,1830,O=C1NC2CCC12O,6.976998806e0,0.000000000e0,0.000000000e0,1.271353364e0,6.976998806e0,6.135310605e-2
train,1831,O=c1ccnc[nH]1,5.349758625e0,0.000000000e0,0.000000000e0,1.271353364e0,5.349758625e0,-1.218574047e0
train,1832,OCCCC12CC(C1)C2,9.330784798e0,0.000000000e0,0.000000000e0,1.271353364e0,9.330784798e0,1.912754416e0
train,1833,CC#Cc1oncc1N,4.835463047e0,0.000000000e0,0.000000000e0,1.271353364e0,4.835463047e0,-1.623100042e0
train,1834,CC1OC1C1(C)CN1,8.666826248e0,0.000000000e0,0.000000000e0,1.271353364e0,8.666826248e0,1.390509129e0
train,1835,CC1CC2CCCC2C1,9.929434776e0,0.000000000e0,0.000000000e0,1.271353364e0,9.929434776e0,2.383630514e0
train,1836,CCCCC#N,9.632830620e0,0.000000000e0,0.000000000e0,1.271353364e0,9.632830620e0,2.150332451e0
train,1837,COCc1cnc(C)[nH]1,6.517127037e0,0.000000000e0,0.000000000e0,1.271353364e0,6.517127037e0,-3.003650904e-1
train,1838,O=C1CC2C3C1CC23O,6.111677170e0,0.000000000e0,0.000000000e0,1.271353364e0,6.111677170e0,-6.192770004e-1
train,1839,O=C1NCC2(O)COC12,6.653183937e0,0.000000000e0,0.000000000e0,1.271353364e0,6.653183937e0,-1.933477372e-1
train,1840,OC12CC3CC(C1)C32,8.710365295e0,0.000000000e0,0.000000000e0,1.271353364e0,8.710365295e0,1.424755335e0
train,1841,CCC([NH2+]C)OC1CC1,7.382448673e0,0.000000000e0,0.000000000e0,1.271353364e0,7.382448673e0,3.802650273e-1
train,1842,CC1=CC2(C)C3CC1[NH+]32,5.932082176e0,0.000000000e0,0.000000000e0,1.271353364e0,5.932082176e0,-7.605398297e-1
train,1843,Nc1c[nH]nc1[N+](=O)[O-],4.114361286e0,0.000000000e0,0.000000000e0,1.271353364e0,4.114361286e0,-2.190292120e0
train,1844,C#CC(CC)COC,8.528048515e0,0.000000000e0,0.000000000e0,1.271353364e0,8.528048515e0,1.281351686e0
train,1845,Nc1nncc(O)c1F,5.491257668e0,0.000000000e0,0.000000000e0,1.271353364e0,5.491257668e0,-1.107276082e0
train,1846,CC1COCC2C(C)[NH+]12,7.845042706e0,0.000000000e0,0.000000000e0,1.271353364e0,7.845042706e0,7.441244721e-1
train,1847,CN1C(=O)CC1C1CO1,7.613745689e0,0.000000000e0,0.000000000e0,1.271353364e0,7.613745689e0,5.621947646e-1
train,1848,C#CC1(CC)C2CC1C2,8.117156029e0,0.000000000e0,0.000000000e0,1.271353364e0,8.117156029e0,9.581587911e-1
train,1849,c1n[nH]nc1C1CC1,6.634135723e0,0.000000000e0,0.000000000e0,1.271353364e0,6.634135723e0,-2.083303630e-1
train,1850,CC(O)CC1(O)COC1,8.307636261e0,0.000000000e0,0.000000000e0,1.271353364e0,8.307636261e0,1.107983470e0
train,1851,N#CC12C3C4CC1[NH+]4C32,6.952508926e0,0.000000000e0,0.000000000e0,1.271353364e0,6.952508926e0,4.209026694e-2
train,1852,C1CC2CC3OC2CC13,8.898122787e0,0.000000000e0,0.000000000e0,1.271353364e0,8.898122787e0,1.572438478e0
train,1853,CC1C2CC3C1C23CO,8.196069717e0,0.000000000e0,0.000000000e0,1.271353364e0,8.196069717e0,1.020229340e0
train,1854,OCCCC1C2CC1C2,9.328063011e0,0.000000000e0,0.000000000e0,1.271353364e0,9.328063011e0,1.910613537e0
train,1855,OCC1CCC(O)CO1,8.838258743e0,0.000000000e0,0.000000000e0,1.271353364e0,8.838258743e0,1.525351644e0
train,1856,[NH-]C1C=CC(C2CN2)O1,5.610987663e0,0.000000000e0,0.000000000e0,1.271353364e0,5.610987663e0,-1.013100982e0
train,1857,O=CC(CO)C1CCC1,6.147051811e0,0.000000000e0,0.000000000e0,1.271353364e0,6.147051811e0,-5.914525986e-1
train,1858,CC([NH+]1CC1)C1(C)CC1,8.549818039e0,0.000000000e0,0.000000000e0,1.271353364e0,8.549818039e0,1.298474789e0
train,1859,O=CC1=CC2CC1CO2,5.004173756e0,0.000000000e0,0.000000000e0,1.271353364e0,5.004173756e0,-1.490398407e0
train,1860,CCC1CC12CCCO2,8.408317566e0,0.000000000e0,0.000000000e0,1.271353364e0,8.408317566e0,1.187175751e0
train,1861,CCOC12COC(C1)C2,8.655941963e0,0.000000000e0,0.000000000e0,1.271353364e0,8.655941963e0,1.381947994e0
train,1862,C#CC#Cc1cnon1,4.974241257e0,0.000000000e0,0.000000000e0,1.271353364e0,4.974241257e0,-1.513942242e0
train,1863,C1OC2CC3(CC3)C2O1,8.789278030e0,0.000000000e0,0.000000000e0,1.271353364e0,8.789278030e0,1.486825228e0
train,1864,[H]N=CN(C)c1cn[nH]n1,5.485815525e0,0.000000000e0,0.000000000e0,1.271353364e0,5.485815525e0,-1.111556768e0
train,1865,CC1C[NH+]1C1CC1(C)C,8.446413994e0,0.000000000e0,0.000000000e0,1.271353364e0,8.446413994e0,1.217140913e0
train,1866,CC1(C)C[NH+]2CC21CO,8.321241379e0,0.000000000e0,0.000000000e0,1.271353364e0,8.321241379e0,1.118684769e0
train,1867,C#Cc1nc(C)c(C)[nH]1,5.281730175e0,0.000000000e0,0.000000000e0,1.271353364e0,5.281730175e0,-1.272082686e0
train,1868,CC1(C)CCOC(=O)O1,8.762065887e0,0.000000000e0,0.000000000e0,1.271353364e0,8.762065887e0,1.465421081e0
train,1869,C#CC(CO)C(O)C=O,6.032763958e0,0.000000000e0,0.000000000e0,1.271353364e0,6.032763958e0,-6.813472509e-1
train,1870,CCC1(O)CCCC1O,8.925334930e0,0.000000000e0,0.000000000e0,1.271353364e0,8.925334930e0,1.593842506e0
train,1871,CC1(O)C2CC1C1CC12,8.579750061e0,0.000000000e0,0.000000000e0,1.271353364e0,8.579750061e0,1.322018147e0
train,1872,N#CC#CC1NCC[NH2+]1,4.481715202e0,0.000000000e0,0.000000000e0,1.271353364e0,4.481715202e0,-1.901345015e0
train,1873,CC1C=CC2C=CC1C2,6.285830498e0,0.000000000e0,0.000000000e0,1.271353364e0,6.285830498e0,-4.822944105e-1
train,1874,CC(=O)NC1COC1,7.469525814e0,0.000000000e0,0.000000000e0,1.271353364e0,7.469525814e0,4.487566948e-1
train,1875,CCC1(CC#N)OC1C,8.307636261e0,0.000000000e0,0.000000000e0,1.271353364e0,8.307636261e0,1.107983470e0
train,1876,CCCc1ncnn1C,7.148430824e0,0.000000000e0,0.000000000e0,1.271353364e0,7.148430824e0,1.961952150e-1
train,1877,CNc1cc(OC)no1,6.430050850e0,0.000000000e0,0.000000000e0,1.271353364e0,6.430050850e0,-3.688560128e-1
train,1878,CC(=O)n1cc(N)cn1,4.835463047e0,0.000000000e0,0.000000000e0,1.271353364e0,4.835463047e0,-1.623100042e0
train,1879,C#CC1CC2NC12C=O,5.896707535e0,0.000000000e0,0.000000000e0,1.271353364e0,5.896707535e0,-7.883642316e-1
train,1880,O=CNC1CCC2OC12,7.591977119e0,0.000000000e0,0.000000000e0,1.271353364e0,7.591977119e0,5.450723767e-1
train,1881,[NH-]C1C=NC(N)=C(O)O1,3.466730356e0,0.000000000e0,0.000000000e0,1.271353364e0,3.466730356e0,-2.699694633e0
train,1882,Cc1ccn(C)c1,6.680395126e0,0.000000000e0,0.000000000e0,1.271353364e0,6.680395126e0,-1.719444245e-1
train,1883,CCC1C2OC1C2=O,6.691279888e0,0.000000000e0,0.000000000e0,1.271353364e0,6.691279888e0,-1.633828729e-1
train,1884,C#CC1C2CC1C2CC,8.122598648e0,0.000000000e0,0.000000000e0,1.271353364e0,8.122598648e0,9.624397159e-1
train,1885,Cn1cc(O)c(O)c1,6.310320377e0,0.000000000e0,0.000000000e0,1.271353364e0,6.310320377e0,-4.630315900e-1
train,1886,CNCc1noc(C)n1,5.651804924e0,0.000000000e0,0.000000000e0,1.271353364e0,5.651804924e0,-9.809955955e-1
train,1887,CCc1cc(O)n(C)n1,6.906250000e0,0.000000000e0,0.000000000e0,1.271353364e0,6.906250000e0,5.704701412e-3
train,1888,CC#CC1[NH2+]C2CC2O1,5.711669922e0,0.000000000e0,0.000000000e0,1.271353364e0,5.711669922e0,-9.339079857e-1
train,1889,COC(=O)C1C2C[NH+]1C2,6.272224426e0,0.000000000e0,0.000000000e0,1.271353364e0,6.272224426e0,-4.929964542e-1
train,1890,Cc1cn(C=O)c(C)n1,5.061317921e0,0.000000000e0,0.000000000e0,1.271353364e0,5.061317921e0,-1.445450902e0
train,1891,CC1[NH+]2C3(C)CC3C12C,7.657283783e0,0.000000000e0,0.000000000e0,1.271353364e0,7.657283783e0,5.964401960e-1
train,1892,CC1(C)NC1CCO,8.587913513e0,0.000000000e0,0.000000000e0,1.271353364e0,8.587913513e0,1.328439236e0
train,1893,CCC1CCCC2OC12,9.251871109e0,0.000000000e0,0.000000000e0,1.271353364e0,9.251871109e0,1.850683808e0
train,1894,COC1C=CC2(CC2)O1,6.394675732e0,0.000000000e0,0.000000000e0,1.271353364e0,6.394675732e0,-3.966807723e-1
train,1895,OC1C2OC3C2[NH+]2C1C32,7.847763538e0,0.000000000e0,0.000000000e0,1.271353364e0,7.847763538e0,7.462645769e-1
train,1896,CCC1C=CCC12CC2,7.091287136e0,0.000000000e0,0.000000000e0,1.271353364e0,7.091287136e0,1.512480974e-1
train,1897,CC12CC(=O)C(C)(C1)C2,6.198753357e0,0.000000000e0,0.000000000e0,1.271353364e0,6.198753357e0,-5.507860780e-1
train,1898,N#CCn1ncc(N)n1,5.776977062e0,0.000000000e0,0.000000000e0,1.271353364e0,5.776977062e0,-8.825398088e-1
train,1899,O=CC1(O)C2C3C[NH+]3C21,5.208259583e0,0.000000000e0,0.000000000e0,1.271353364e0,5.208259583e0,-1.329872012e0
train,1900,C[NH2+]C1NC(C)C1O,7.017816544e0,0.000000000e0,0.000000000e0,1.271353364e0,7.017816544e0,9.345883131e-2
train,1901,NC(=O)C1(O)COC1,7.368843079e0,0.000000000e0,0.000000000e0,1.271353364e0,7.368843079e0,3.695633709e-1
train,1902,CCOC1=NCCOC1,7.129383087e0,0.000000000e0,0.000000000e0,1.271353364e0,7.129383087e0,1.812129617e-1
train,1903,CC1=CC(=O)NC=NC1,5.649083614e0,0.000000000e0,0.000000000e0,1.271353364e0,5.649083614e0,-9.831360579e-1
train,1904,CC1(C)C[NH+](CC#N)C1,7.066796780e0,0.000000000e0,0.000000000e0,1.271353364e0,7.066796780e0,1.319848895e-1
train,1905,[NH-][CH+]Oc1c[nH]nc1O,6.419166088e0,0.000000000e0,0.000000000e0,1.271353364e0,6.419166088e0,-3.774175644e-1
train,1906,COC1C=CC2(O)CC12,6.476309776e0,0.000000000e0,0.000000000e0,1.271353364e0,6.476309776e0,-3.324704468e-1
train,1907,CC(=O)C1(C(C)O)CC1,6.277666569e0,0.000000000e0,0.000000000e0,1.271353364e0,6.277666569e0,-4.887158573e-1
train,1908,CC1C2C(C)C1C2(C)O,8.879075050e0,0.000000000e0,0.000000000e0,1.271353364e0,8.879075050e0,1.557456255e0
train,1909,C#CC1CC=CC1,7.216459274e0,0.000000000e0,0.000000000e0,1.271353364e0,7.216459274e0,2.497038841e-1
train,1910,CC12C3CC1C(O3)C2O,8.089944839e0,0.000000000e0,0.000000000e0,1.271353364e0,8.089944839e0,9.367554784e-1
train,1911,CC1(O)CC(O)C2CC21,8.642336845e0,0.000000000e0,0.000000000e0,1.271353364e0,8.642336845e0,1.371246696e0
train,1912,CC(O)(CC=O)C1CO1,6.070860386e0,0.000000000e0,0.000000000e0,1.271353364e0,6.070860386e0,-6.513819695e-1
train,1913,CC#CC1(O)CC2OC21,7.491294384e0,0.000000000e0,0.000000000e0,1.271353364e0,7.491294384e0,4.658790529e-1
train,1914,COC(=O)C1CC=CC1,7.006931782e0,0.000000000e0,0.000000000e0,1.271353364e0,7.006931782e0,8.489727974e-2
train,1915,CC1=CNC(=O)C1(C)C,5.785140514e0,0.000000000e0,0.000000000e0,1.271353364e0,5.785140514e0,-8.761187196e-1
train,1916,CC12CC3[CH-]C(=O)C1C32,4.359263897e0,0.000000000e0,0.000000000e0,1.271353364e0,4.359263897e0,-1.997660756e0
train,1917,C#CC1C2NC(=O)NC12,7.175642490e0,0.000000000e0,0.000000000e0,1.271353364e0,7.175642490e0,2.175989151e-1
train,1918,CCC1Cc2cncn21,6.955230236e0,0.000000000e0,0.000000000e0,1.271353364e0,6.955230236e0,4.423075169e-2
train,1919,CC1CC2OC2CO1,9.238265991e0,0.000000000e0,0.000000000e0,1.271353364e0,9.238265991e0,1.839982510e0
train,1920,CC1C=C(C=O)C2OC12,5.121182919e0,0.000000000e0,0.000000000e0,1.271353364e0,5.121182919e0,-1.398363352e0
train,1921,O=CN1C=NCC(O)C1,6.087186813e0,0.000000000e0,0.000000000e0,1.271353364e0,6.087186813e0,-6.385402083e-1
train,1922,C#CC1=C(C)CC2CC12,5.404181004e0,0.000000000e0,0.000000000e0,1.271353364e0,5.404181004e0,-1.175767422e0
train,1923,CCNc1ncnn1C,6.669510841e0,0.000000000e0,0.000000000e0,1.271353364e0,6.669510841e0,-1.805056036e-1
train,1924,COC1(C)CCC1,8.862749100e0,0.000000000e0,0.000000000e0,1.271353364e0,8.862749100e0,1.544614792e0
train,1925,Nc1cn[nH]c(=O)n1,5.093971252e0,0.000000000e0,0.000000000e0,1.271353364e0,5.093971252e0,-1.419767022e0
train,1926,CCC(=NO)C1(O)CC1,6.655904770e0,0.000000000e0,0.000000000e0,1.271353364e0,6.655904770e0,-1.912076324e-1
train,1927,CC1C2OC3C1C(O)C23,8.362058640e0,0.000000000e0,0.000000000e0,1.271353364e0,8.362058640e0,1.150790095e0
train,1928,CC1C2C3(C)C[NH+]1C23C,8.269539833e0,0.000000000e0,0.000000000e0,1.271353364e0,8.269539833e0,1.078018308e0
train,1929,CC1CC2CC2CC1C,8.993363380e0,0.000000000e0,0.000000000e0,1.271353364e0,8.993363380e0,1.647351146e0
train,1930,CC(C)C12CC(C1)C2C,9.722628593e0,0.000000000e0,0.000000000e0,1.271353364e0,9.722628593e0,2.220964432e0
train,1931,Cc1nc(F)ccc1N,5.145672798e0,0.000000000e0,0.000000000e0,1.271353364e0,5.145672798e0,-1.379100442e0
train,1932,c1nc2occc2o1,5.480372906e0,0.000000000e0,0.000000000e0,1.271353364e0,5.480372906e0,-1.115837693e0
train,1933,CCCC1(C)CC1OC,8.639615059e0,0.000000000e0,0.000000000e0,1.271353364e0,8.639615059e0,1.369105816e0
train,1934,CC1(O)C(=O)C[NH2+]C1N,5.594660759e0,0.000000000e0,0.000000000e0,1.271353364e0,5.594660759e0,-1.025943041e0
train,1935,OCCC(O)CC1CO1,8.865469933e0,0.000000000e0,0.000000000e0,1.271353364e0,8.865469933e0,1.546754956e0
train,1936,CCC1(OC)CC1OC,8.933498383e0,0.000000000e0,0.000000000e0,1.271353364e0,8.933498383e0,1.600263596e0
train,1937,CC#CC1CC(CO)O1,7.308978081e0,0.000000000e0,0.000000000e0,1.271353364e0,7.308978081e0,3.224757612e-1
train,1938,C#CC1=CC(C)NC1=O,5.431392670e0,0.000000000e0,0.000000000e0,1.271353364e0,5.431392670e0,-1.154363751e0
train,1939,CNc1cc(C)no1,6.196032524e0,0.000000000e0,0.000000000e0,1.271353364e0,6.196032524e0,-5.529261827e-1
train,1940,Cc1ccc(F)nc1F,5.959293365e0,0.000000000e0,0.000000000e0,1.271353364e0,5.959293365e0,-7.391365170e-1
train,1941,CC(O)C12CCOC1C2,7.989262581e0,0.000000000e0,0.000000000e0,1.271353364e0,7.989262581e0,8.575624824e-1
train,1942,CC(=O)C1C2CC1C2,6.084465981e0,0.000000000e0,0.000000000e0,1.271353364e0,6.084465981e0,-6.406803131e-1
train,1943,CC1CC12CCC2C#N,8.304915428e0,0.000000000e0,0.000000000e0,1.271353364e0,8.304915428e0,1.105843425e0
train,1944,C#CC1C2OC(C)C12,7.548438072e0,0.000000000e0,0.000000000e0,1.271353364e0,7.548438072e0,5.108261704e-1
train,1945,CC1CCC=CC1CO,7.191968918e0,0.000000000e0,0.000000000e0,1.271353364e0,7.191968918e0,2.304406762e-1
train,1946,N#CC1(O)C=CNC1=O,5.357921600e0,0.000000000e0,0.000000000e0,1.271353364e0,5.357921600e0,-1.212153435e0
train,1947,C#CC(=O)C1CC1,5.605545521e0,0.000000000e0,0.000000000e0,1.271353364e0,5.605545521e0,-1.017381549e0
train,1948,C#CC1=CC2CC2(C)C1,5.401460171e0,0.000000000e0,0.000000000e0,1.271353364e0,5.401460171e0,-1.177907586e0
train,1949,CC1(COC=O)CC1,7.719869614e0,0.000000000e0,0.000000000e0,1.271353364e0,7.719869614e0,6.456679106e-1
train,1950,N#CC1CC(C#N)C1N,7.227344036e0,0.000000000e0,0.000000000e0,1.271353364e0,7.227344036e0,2.582654357e-1
train,1951,CC12OC([NH-])C1C2C=O,5.885822773e0,0.000000000e0,0.000000000e0,1.271353364e0,5.885822773e0,-7.969257832e-1
train,1952,CC1C2[NH+]1C1C(O)C21O,7.564764977e0,0.000000000e0,0.000000000e0,1.271353364e0,7.564764977e0,5.236683488e-1
train,1953,CC1=CCCC1C1CO1,7.020537376e0,0.000000000e0,0.000000000e0,1.271353364e0,7.020537376e0,9.559894353e-2
train,1954,O=CC1NC=CC1NO,4.462667465e0,0.000000000e0,0.000000000e0,1.271353364e0,4.462667465e0,-1.916327238e0
train,1955,OCC12CC[NH2+]C1OC2,6.922576904e0,0.000000000e0,0.000000000e0,1.271353364e0,6.922576904e0,1.854684204e-2
train,1956,N#CCNC1C[NH+]2CC12,6.957951069e0,0.000000000e0,0.000000000e0,1.271353364e0,6.957951069e0,4.637085646e-2
train,1957,CC(=O)C1OCC1C#N,5.937524319e0,0.000000000e0,0.000000000e0,1.271353364e0,5.937524319e0,-7.562592030e-1
train,1958,C[NH+]1C(CO)C2(O)CC12,7.238228798e0,0.000000000e0,0.000000000e0,1.271353364e0,7.238228798e0,2.668269873e-1
train,1959,CC(C(O)C#N)C1CN1,7.151152611e0,0.000000000e0,0.000000000e0,1.271353364e0,7.151152611e0,1.983360797e-1
train,1960,CCOCC1(C)COC1,8.732133865e0,0.000000000e0,0.000000000e0,1.271353364e0,8.732133865e0,1.441877723e0
train,1961,CC(O)C1(C)COC1=O,7.534832478e0,0.000000000e0,0.000000000e0,1.271353364e0,7.534832478e0,5.001245141e-1
train,1962,O=CCC1CO[CH+][NH2+]1,6.068139076e0,0.000000000e0,0.000000000e0,1.271353364e0,6.068139076e0,-6.535224915e-1
train,1963,Cn1ncnc1C(N)=O,6.182426929e0,0.000000000e0,0.000000000e0,1.271353364e0,6.182426929e0,-5.636278391e-1
train,1964,CC1NC1C1NC1C=O,6.005552769e0,0.000000000e0,0.000000000e0,1.271353364e0,6.005552769e0,-7.027505636e-1
train,1965,COC1CC([NH-])OC1=O,6.574271202e0,0.000000000e0,0.000000000e0,1.271353364e0,6.574271202e0,-2.554175854e-1
train,1966,CCCC1(C2CC2)CO1,9.382485390e0,0.000000000e0,0.000000000e0,1.271353364e0,9.382485390e0,1.953420281e0
train,1967,Nc1n[nH]cc1C=O,5.077644348e0,0.000000000e0,0.000000000e0,1.271353364e0,5.077644348e0,-1.432609081e0
train,1968,CC1CCC(C#N)N1,7.415102959e0,0.000000000e0,0.000000000e0,1.271353364e0,7.415102959e0,4.059496820e-1
train,1969,CCC[NH+]1CC(=O)C1,5.624593258e0,0.000000000e0,0.000000000e0,1.271353364e0,5.624593258e0,-1.002399325e0
train,1970,CC(C#N)C1C[NH2+][CH+]O1,7.412381172e0,0.000000000e0,0.000000000e0,1.271353364e0,7.412381172e0,4.038088322e-1
train,1971,CCC1C2CC1C2=O,6.838221550e0,0.000000000e0,0.000000000e0,1.271353364e0,6.838221550e0,-4.780397192e-2
train,1972,C#CC12OCC1OC2=O,6.348416328e0,0.000000000e0,0.000000000e0,1.271353364e0,6.348416328e0,-4.330667257e-1
train,1973,Nc1[nH]cnc1[N+](=O)[O-],4.566070557e0,0.000000000e0,0.000000000e0,1.271353364e0,4.566070557e0,-1.834994197e0
train,1974,CC(O)C(O)C1(O)CC1,8.258655548e0,0.000000000e0,0.000000000e0,1.271353364e0,8.258655548e0,1.069457054e0
train,1975,O=CC1C2NC(=O)C12,5.466767311e0,0.000000000e0,0.000000000e0,1.271353364e0,5.466767311e0,-1.126539350e0
train,1976,CC1(O)C2COC21C,8.106271744e0,0.000000000e0,0.000000000e0,1.271353364e0,8.106271744e0,9.495975971e-1
train,1977,NC=Nc1nc[nH]n1,5.757929325e0,0.000000000e0,0.000000000e0,1.271353364e0,5.757929325e0,-8.975220323e-1
train,1978,C#CC1C(C)C(O)C1C,8.274982452e0,0.000000000e0,0.000000000e0,1.271353364e0,8.274982452e0,1.082299232e0
train,1979,CC1(O)CC1(C)CO,8.745738983e0,0.000000000e0,0.000000000e0,1.271353364e0,8.745738983e0,1.452579021e0
train,1980,Cc1cc(NO)c([NH-])[nH]1,3.975583553e0,0.000000000e0,0.000000000e0,1.271353364e0,3.975583553e0,-2.299449444e0
train,1981,CC1(O)C2CC3C(O2)C31,8.775671959e0,0.000000000e0,0.000000000e0,1.271353364e0,8.775671959e0,1.476123095e0
train,1982,C#CC1C2C[NH+]1C2CC,6.952508926e0,0.000000000e0,0.000000000e0,1.271353364e0,6.952508926e0,4.209026694e-2
train,1983,Cn1cc(O[CH+][NH-])nn1,6.114398479e0,0.000000000e0,0.000000000e0,1.271353364e0,6.114398479e0,-6.171365380e-1
train,1984,C#CCCC1OC1CC,8.590634346e0,0.000000000e0,0.000000000e0,1.271353364e0,8.590634346e0,1.330579400e0
train,1985,CC12C3CC1C2OC3=O,7.330747128e0,0.000000000e0,0.000000000e0,1.271353364e0,7.330747128e0,3.395985067e-1
train,1986,[H]N=CN1CC(C)(O)C1=O,5.942966461e0,0.000000000e0,0.000000000e0,1.271353364e0,5.942966461e0,-7.519786358e-1
train,1987,OC12C3CC1CC2C3,8.296751022e0,0.000000000e0,0.000000000e0,1.271353364e0,8.296751022e0,1.099421620e0
train,1988,CC1(O)C=CCC1(C)C,7.006931782e0,0.000000000e0,0.000000000e0,1.271353364e0,7.006931782e0,8.489727974e-2
train,1989,[H]N=C(NC)c1ncno1,4.846347809e0,0.000000000e0,0.000000000e0,1.271353364e0,4.846347809e0,-1.614538431e0
train,1990,CC#CC1C2CC(=O)N12,6.209638119e0,0.000000000e0,0.000000000e0,1.271353364e0,6.209638119e0,-5.422245264e-1
train,1991,N#CC1NCC1(O)CO,7.216459274e0,0.000000000e0,0.000000000e0,1.271353364e0,7.216459274e0,2.497038841e-1
train,1992,CC1=C(C=O)C(=O)OC1,4.775598526e0,0.000000000e0,0.000000000e0,1.271353364e0,4.775598526e0,-1.670187235e0
train,1993,C#CCC(C=O)C1CO1,6.005552769e0,0.000000000e0,0.000000000e0,1.271353364e0,6.005552769e0,-7.027505636e-1
train,1994,C#CC1=CCC(C)C1O,5.703506470e0,0.000000000e0,0.000000000e0,1.271353364e0,5.703506470e0,-9.403290749e-1
train,1995,O=C1CC2C3CC2C13O,6.138888836e0,0.000000000e0,0.000000000e0,1.271353364e0,6.138888836e0,-5.978733301e-1
train,1996,Nc1c[nH]cc1CO,6.449098587e0,0.000000000e0,0.000000000e0,1.271353364e0,6.449098587e0,-3.538737595e-1
train,1997,CC1[NH+](C)C12CCC2O,7.768850327e0,0.000000000e0,0.000000000e0,1.271353364e0,7.768850327e0,6.841943264e-1
train,1998,[H]N=CN1C([NH-])C2OCC21,5.910312653e0,0.000000000e0,0.000000000e0,1.271353364e0,5.910312653e0,-7.776629329e-1
train,1999,C#CC(C)c1ncn[nH]1,7.341631889e0,0.000000000e0,0.000000000e0,1.271353364e0,7.341631889e0,3.481600583e-1
train,2000,CC(C)(C#N)CC1CN1,7.997426510e0,0.000000000e0,0.000000000e0,1.271353364e0,7.997426510e0,8.639839292e-1
train,2001,N#CCC12CC1CO2,7.553880215e0,0.000000000e0,0.000000000e0,1.271353364e0,7.553880215e0,5.151067972e-1
train,2002,N#Cc1nc[nH]c1CO,6.117119789e0,0.000000000e0,0.000000000e0,1.271353364e0,6.117119789e0,-6.149960756e-1
train,2003,COC1C(O)C12COC2,7.986541748e0,0.000000000e0,0.000000000e0,1.271353364e0,7.986541748e0,8.554223776e-1
train,2004,CCC1(O)CC2NC21,8.035522461e0,0.000000000e0,0.000000000e0,1.271353364e0,8.035522461e0,8.939487934e-1
train,2005,O=CC#CC1CCCO1,5.553843975e0,0.000000000e0,0.000000000e0,1.271353364e0,5.553843975e0,-1.058048010e0
train,2006,CC1CC(C)C2C(O)C12,7.986541748e0,0.000000000e0,0.000000000e0,1.271353364e0,7.986541748e0,8.554223776e-1
train,2007,O=CCOc1ccno1,5.314383507e0,0.000000000e0,0.000000000e0,1.271353364e0,5.314383507e0,-1.246398807e0
train,2008,CCCc1cc(C)co1,6.394675732e0,0.000000000e0,0.000000000e0,1.271353364e0,6.394675732e0,-3.966807723e-1
train,2009,CC(O)C1CC(NO)C1,6.770192623e0,0.000000000e0,0.000000000e0,1.271353364e0,6.770192623e0,-1.013130173e-1
train,2010,O=CCC12COC1CO2,5.978341103e0,0.000000000e0,0.000000000e0,1.271353364e0,5.978341103e0,-7.241542339e-1
train,2011,CC#CC12CCC1(C)C2,7.080402374e0,0.000000000e0,0.000000000e0,1.271353364e0,7.080402374e0,1.426865458e-1
train,2012,OCCC12CC3C1C[NH+]32,8.332126617e0,0.000000000e0,0.000000000e0,1.271353364e0,8.332126617e0,1.127246737e0
train,2013,C#CC1COC1C,7.858648300e0,0.000000000e0,0.000000000e0,1.271353364e0,7.858648300e0,7.548261285e-1
train,2014,CC1C(O)C1[NH+]1CC1C,8.264098167e0,0.000000000e0,0.000000000e0,1.271353364e0,8.264098167e0,1.073738098e0
train,2015,CC1OC1C1(C#N)CN1,7.812388420e0,0.000000000e0,0.000000000e0,1.271353364e0,7.812388420e0,7.184398174e-1
train,2016,CC12CC1C(C#N)O2,7.175642490e0,0.000000000e0,0.000000000e0,1.271353364e0,7.175642490e0,2.175989151e-1
train,2017,CCCc1n[nH]c(C)n1,7.110334873e0,0.000000000e0,0.000000000e0,1.271353364e0,7.110334873e0,1.662303507e-1
train,2018,CCc1nnoc1CO,6.027321815e0,0.000000000e0,0.000000000e0,1.271353364e0,6.027321815e0,-6.856278181e-1
train,2019,O=COC12CCC(C1)C2,7.594697952e0,0.000000000e0,0.000000000e0,1.271353364e0,7.594697952e0,5.472124815e-1
train,2020,[NH-]C1OC2C3C(O)C2C13,7.553880215e0,0.000000000e0,0.000000000e0,1.271353364e0,7.553880215e0,5.151067972e-1
train,2021,CC(C)n1cc(N)cn1,6.081744671e0,0.000000000e0,0.000000000e0,1.271353364e0,6.081744671e0,-6.428208351e-1
train,2022,CC(C)C[NH+]1CC1C#N,7.306257248e0,0.000000000e0,0.000000000e0,1.271353364e0,7.306257248e0,3.203356564e-1
train,2023,CCc1cnno1,6.378348827e0,0.000000000e0,0.000000000e0,1.271353364e0,6.378348827e0,-4.095229208e-1
train,2024,Cc1ccc(C=O)o1,4.966077805e0,0.000000000e0,0.000000000e0,1.271353364e0,4.966077805e0,-1.520363212e0
train,2025,C#CC1C=CC(=O)CC1,5.093971252e0,0.000000000e0,0.000000000e0,1.271353364e0,5.093971252e0,-1.419767022e0
train,2026,C1OC2CC2[NH+]2CC12,8.196069717e0,0.000000000e0,0.000000000e0,1.271353364e0,8.196069717e0,1.020229340e0
train,2027,Oc1ccc(O)c(F)n1,5.216422558e0,0.000000000e0,0.000000000e0,1.271353364e0,5.216422558e0,-1.323451281e0
train,2028,CC#Cc1ccncc1,5.458603859e0,0.000000000e0,0.000000000e0,1.271353364e0,5.458603859e0,-1.132960439e0
train,2029,CCOCC(C)C1CO1,9.298130035e0,0.000000000e0,0.000000000e0,1.271353364e0,9.298130035e0,1.887069464e0
train,2030,CN(C=O)C1CC(O)C1,7.273603439e0,0.000000000e0,0.000000000e0,1.271353364e0,7.273603439e0,2.946513891e-1
train,2031,Cc1nocc1N(C)C,5.722554207e0,0.000000000e0,0.000000000e0,1.271353364e0,5.722554207e0,-9.253467917e-1
train,2032,[H]N=CNc1cn[nH]c1O,5.915755272e0,0.000000000e0,0.000000000e0,1.271353364e0,5.915755272e0,-7.733819485e-1
train,2033,C#CCC1CCC2OC12,8.492672920e0,0.000000000e0,0.000000000e0,1.271353364e0,8.492672920e0,1.253526568e0
train,2034,O=C1COCC(CO)C1,5.749765873e0,0.000000000e0,0.000000000e0,1.271353364e0,5.749765873e0,-9.039431214e-1
train,2035,C1COC2CC2O1,8.416481972e0,0.000000000e0,0.000000000e0,1.271353364e0,8.416481972e0,1.193597555e0
train,2036,CCCc1cccnc1,6.204195976e0,0.000000000e0,0.000000000e0,1.271353364e0,6.204195976e0,-5.465051532e-1
train,2037,Nc1[nH]ncc1CCO,6.495357990e0,0.000000000e0,0.000000000e0,1.271353364e0,6.495357990e0,-3.174878061e-1
train,2038,CCCOC12CC(C1)C2,9.211053848e0,0.000000000e0,0.000000000e0,1.271353364e0,9.211053848e0,1.818578482e0
train,2039,OC1COC2C=CC1C2,6.685837746e0,0.000000000e0,0.000000000e0,1.271353364e0,6.685837746e0,-1.676634550e-1
train,2040,CC(O)C1=CCOC1,6.549780846e0,0.000000000e0,0.000000000e0,1.271353364e0,6.549780846e0,-2.746807933e-1
train,2041,CCCOC1CC2NC21,8.367501259e0,0.000000000e0,0.000000000e0,1.271353364e0,8.367501259e0,1.155071139e0
train,2042,CCC1(C=O)OCC1O,5.804188728e0,0.000000000e0,0.000000000e0,1.271353364e0,5.804188728e0,-8.611360788e-1
train,2043,NC1CCC(=O)NC1=O,6.098071575e0,0.000000000e0,0.000000000e0,1.271353364e0,6.098071575e0,-6.299786568e-1
train,2044,CC1(CC#N)CC(O)C1,8.081781387e0,0.000000000e0,0.000000000e0,1.271353364e0,8.081781387e0,9.303343892e-1
train,2045,CC1CC1C1CC2OC21,9.077718735e0,0.000000000e0,0.000000000e0,1.271353364e0,9.077718735e0,1.713701963e0
train,2046,C#CC1OCC1COC,7.377007008e0,0.000000000e0,0.000000000e0,1.271353364e0,7.377007008e0,3.759848177e-1
train,2047,CC1(C#N)C([NH-])[NH+]2CC21,6.778356075e0,0.000000000e0,0.000000000e0,1.271353364e0,6.778356075e0,-9.489195049e-2
train,2048,CC(C)OC12CCC1C2,8.694037437e0,0.000000000e0,0.000000000e0,1.271353364e0,8.694037437e0,1.411912441e0
train,2049,CC1C(=O)CC1CCO,6.013716221e0,0.000000000e0,0.000000000e0,1.271353364e0,6.013716221e0,-6.963294744e-1
train,2050,CC12CC(CO)(O1)C2O,8.726691246e0,0.000000000e0,0.000000000e0,1.271353364e0,8.726691246e0,1.437596679e0
train,2051,CC(C)(C=O)C1CC1,6.128004074e0,0.000000000e0,0.000000000e0,1.271353364e0,6.128004074e0,-6.064348817e-1
train,2052,C#CC1(C)OC12CCC2,7.616467476e0,0.000000000e0,0.000000000e0,1.271353364e0,7.616467476e0,5.643355846e-1
train,2053,N#CC12C=CC3C(C1)[NH+]32,5.899428368e0,0.000000000e0,0.000000000e0,1.271353364e0,5.899428368e0,-7.862241268e-1
train,2054,O=C1CC2C(CCO)C12,6.239571095e0,0.000000000e0,0.000000000e0,1.271353364e0,6.239571095e0,-5.186803937e-1
train,2055,CC1(C)CC(C2CO2)O1,8.857306480e0,0.000000000e0,0.000000000e0,1.271353364e0,8.857306480e0,1.540333867e0
train,2056,CCC(C)c1cnn[nH]1,6.865432262e0,0.000000000e0,0.000000000e0,1.271353364e0,6.865432262e0,-2.640102804e-2
train,2057,CCOC1C2[NH2+][CH+]OC21,6.865432262e0,0.000000000e0,0.000000000e0,1.271353364e0,6.865432262e0,-2.640102804e-2
train,2058,O=CC12NC1CC2=O,5.453161716e0,0.000000000e0,0.000000000e0,1.271353364e0,5.453161716e0,-1.137241006e0
train,2059,Nc1cc(=O)cc(F)[nH]1,5.744323254e0,0.000000000e0,0.000000000e0,1.271353364e0,5.744323254e0,-9.082240462e-1
train,2060,CCc1[nH]ccc1OC,6.089908123e0,0.000000000e0,0.000000000e0,1.271353364e0,6.089908123e0,-6.363997459e-1
train,2061,CCC1(C#N)CC1(C)O,8.465462685e0,0.000000000e0,0.000000000e0,1.271353364e0,8.465462685e0,1.232123971e0
train,2062,COC12CC3OC1C32C,7.970214844e0,0.000000000e0,0.000000000e0,1.271353364e0,7.970214844e0,8.425802588e-1
train,2063,C#CC12CC=CCC1C2,7.036864281e0,0.000000000e0,0.000000000e0,1.271353364e0,7.036864281e0,1.084410846e-1
train,2064,CC12CC(CO1)C2=O,5.643641472e0,0.000000000e0,0.000000000e0,1.271353364e0,5.643641472e0,-9.874166250e-1
train,2065,CC(O)CC1OC1C=O,5.866774559e0,0.000000000e0,0.000000000e0,1.271353364e0,5.866774559e0,-8.119083643e-1
train,2066,CC1OC2(C(C)C)CC12,8.549818039e0,0.000000000e0,0.000000000e0,1.271353364e0,8.549818039e0,1.298474789e0
train,2067,OC1CC2CCC12O,8.204232216e0,0.000000000e0,0.000000000e0,1.271353364e0,8.204232216e0,1.026649714e0
train,2068,CCC1C2CCC1C2=O,6.196032524e0,0.000000000e0,0.000000000e0,1.271353364e0,6.196032524e0,-5.529261827e-1
train,2069,N#CC1CC=CC1CO,7.186526775e0,0.000000000e0,0.000000000e0,1.271353364e0,7.186526775e0,2.261600941e-1
train,2070,Nc1coc(=O)c(F)n1,3.885786057e0,0.000000000e0,0.000000000e0,1.271353364e0,3.885786057e0,-2.370080948e0
train,2071,N#CC12CCC1N2,7.896743774e0,0.000000000e0,0.000000000e0,1.271353364e0,7.896743774e0,7.847906351e-1
train,2072,Cc1ccc(NC=O)o1,5.246355057e0,0.000000000e0,0.000000000e0,1.271353364e0,5.246355057e0,-1.299907565e0
train,2073,CC1C2C=CC(O)C[NH+]12,6.013716221e0,0.000000000e0,0.000000000e0,1.271353364e0,6.013716221e0,-6.963294744e-1
train,2074,CC(C)(O)C1C2CC1C2,8.718527794e0,0.000000000e0,0.000000000e0,1.271353364e0,8.718527794e0,1.431175590e0
train,2075,CC(C)C1=CCCC1=O,5.306220055e0,0.000000000e0,0.000000000e0,1.271353364e0,5.306220055e0,-1.252819896e0
train,2076,CC1C2OC2C1(C)CO,8.631451607e0,0.000000000e0,0.000000000e0,1.271353364e0,8.631451607e0,1.362684727e0
train,2077,CC1=CCC2(CC1)CC2,7.142988205e0,0.000000000e0,0.000000000e0,1.271353364e0,7.142988205e0,1.919142455e-1
train,2078,N#Cc1n[nH]nc1CO,6.315762520e0,0.000000000e0,0.000000000e0,1.271353364e0,6.315762520e0,-4.587509930e-1
train,2079,COc1cncc(=O)o1,4.334773540e0,0.000000000e0,0.000000000e0,1.271353364e0,4.334773540e0,-2.016923904e0
train,2080,CC1CC1(C)CC1CC1,9.270918846e0,0.000000000e0,0.000000000e0,1.271353364e0,9.270918846e0,1.865666151e0
train,2081,COC1(C)C=CC2NC21,6.432771206e0,0.000000000e0,0.000000000e0,1.271353364e0,6.432771206e0,-3.667162657e-1
train,2082,CC1CCCC1(C)C=O,6.239571095e0,0.000000000e0,0.000000000e0,1.271353364e0,6.239571095e0,-5.186803937e-1
train,2083,CC#Cc1nc(N)n[nH]1,5.137509823e0,0.000000000e0,0.000000000e0,1.271353364e0,5.137509823e0,-1.385521173e0
train,2084,CC1C(O)C1C(N)C#N,7.989262581e0,0.000000000e0,0.000000000e0,1.271353364e0,7.989262581e0,8.575624824e-1
train,2085,CC(C)C(O)C1NC1C,8.465462685e0,0.000000000e0,0.000000000e0,1.271353364e0,8.465462685e0,1.232123971e0
train,2086,O=CC12CNC1C(=O)N2,5.142951965e0,0.000000000e0,0.000000000e0,1.271353364e0,5.142951965e0,-1.381240606e0
train,2087,Cc1ncc(O)c(N)n1,5.521190166e0,0.000000000e0,0.000000000e0,1.271353364e0,5.521190166e0,-1.083732367e0
train,2088,C#CC(C)(C)C1CC1C,8.440972328e0,0.000000000e0,0.000000000e0,1.271353364e0,8.440972328e0,1.212860703e0
train,2089,CCNc1cnccn1,4.873559475e0,0.000000000e0,0.000000000e0,1.271353364e0,4.873559475e0,-1.593134761e0
train,2090,CC[NH+]1CC1(C)CC=O,5.747044563e0,0.000000000e0,0.000000000e0,1.271353364e0,5.747044563e0,-9.060835838e-1
train,2091,OCC1=CC2C3OC1C23,6.157936573e0,0.000000000e0,0.000000000e0,1.271353364e0,6.157936573e0,-5.828910470e-1
train,2092,c1n[nH]c(C2CN2)n1,7.028701305e0,0.000000000e0,0.000000000e0,1.271353364e0,7.028701305e0,1.020203903e-1
train,2093,CC1C2(C)CC1(O)C2C,8.898122787e0,0.000000000e0,0.000000000e0,1.271353364e0,8.898122787e0,1.572438478e0
train,2094,CCCC1CCOC1C,8.677710533e0,0.000000000e0,0.000000000e0,1.271353364e0,8.677710533e0,1.399070263e0
train,2095,C#CC1C2C=CC3C2[NH+]13,6.193311214e0,0.000000000e0,0.000000000e0,1.271353364e0,6.193311214e0,-5.550667048e-1
train,2096,OCC1C2C(O)CC12O,8.381106377e0,0.000000000e0,0.000000000e0,1.271353364e0,8.381106377e0,1.165772438e0
train,2097,CCC#CC12CC(C1)C2,7.847763538e0,0.000000000e0,0.000000000e0,1.271353364e0,7.847763538e0,7.462645769e-1
train,2098,CC1N=COC2C(C)C12,7.357958317e0,0.000000000e0,0.000000000e0,1.271353364e0,7.357958317e0,3.610018194e-1
train,2099,C#CC12CC(N1)C2(C)O,7.211016655e0,0.000000000e0,0.000000000e0,1.271353364e0,7.211016655e0,2.454229295e-1
train,2100,CC1(C(O)C2CC2)CO1,9.309015274e0,0.000000000e0,0.000000000e0,1.271353364e0,9.309015274e0,1.895631313e0
train,2101,N#CC1=CC2C3CC1[NH+]23,4.906212807e0,0.000000000e0,0.000000000e0,1.271353364e0,4.906212807e0,-1.567450881e0
train,2102,OCC1C2CC3C[NH+]1C32,7.510342121e0,0.000000000e0,0.000000000e0,1.271353364e0,7.510342121e0,4.808613062e-1
train,2103,O=CCc1nc(O)c[nH]1,4.157899380e0,0.000000000e0,0.000000000e0,1.271353364e0,4.157899380e0,-2.156046629e0
train,2104,C#CC1COC2CC2O1,7.088566303e0,0.000000000e0,0.000000000e0,1.271353364e0,7.088566303e0,1.491079926e-1
train,2105,NC(=O)NC1C[NH+]2CC12,7.926676750e0,0.000000000e0,0.000000000e0,1.271353364e0,7.926676750e0,8.083347678e-1
train,2106,N#CC1CC(O)CO1,7.913071156e0,0.000000000e0,0.000000000e0,1.271353364e0,7.913071156e0,7.976331115e-1
train,2107,CC1C(=O)C(O)C[NH+]1C,5.107577324e0,0.000000000e0,0.000000000e0,1.271353364e0,5.107577324e0,-1.409065008e0
train,2108,CCCC1COC1(C)C,8.631451607e0,0.000000000e0,0.000000000e0,1.271353364e0,8.631451607e0,1.362684727e0
train,2109,CCn1cc(O)cc1O,6.288550854e0,0.000000000e0,0.000000000e0,1.271353364e0,6.288550854e0,-4.801546931e-1
train,2110,CCCC12CC(O1)C2=O,6.634135723e0,0.000000000e0,0.000000000e0,1.271353364e0,6.634135723e0,-2.083303630e-1
train,2111,CC1CC2OC(=O)NC12,8.519885063e0,0.000000000e0,0.000000000e0,1.271353364e0,8.519885063e0,1.274930596e0
train,2112,Cc1nc(O)[nH]c1C=O,4.947029591e0,0.000000000e0,0.000000000e0,1.271353364e0,4.947029591e0,-1.535345912e0
train,2113,CC1COC2C(O)CC12,8.264098167e0,0.000000000e0,0.000000000e0,1.271353364e0,8.264098167e0,1.073738098e0
train,2114,N#CC1CCC1C1CC1,8.479067802e0,0.000000000e0,0.000000000e0,1.271353364e0,8.479067802e0,1.242825270e0
train,2115,OC1(C23CCC2N3)CC1,8.250492096e0,0.000000000e0,0.000000000e0,1.271353364e0,8.250492096e0,1.063035965e0
train,2116,OCC1C2C3C2C2C1C32,8.100829124e0,0.000000000e0,0.000000000e0,1.271353364e0,8.100829124e0,9.453166127e-1
train,2117,CC1C2(O)C3CC2C13O,8.144367218e0,0.000000000e0,0.000000000e0,1.271353364e0,8.144367218e0,9.795621037e-1
train,2118,COC12CCC1C2C,8.819210052e0,0.000000000e0,0.000000000e0,1.271353364e0,8.819210052e0,1.510368586e0
train,2119,OCC12CC1CCCO2,8.421924591e0,0.000000000e0,0.000000000e0,1.271353364e0,8.421924591e0,1.197878480e0
train,2120,CC1CNc2cccn21,6.288550854e0,0.000000000e0,0.000000000e0,1.271353364e0,6.288550854e0,-4.801546931e-1
train,2121,CCCc1coc(C)c1,6.383790970e0,0.000000000e0,0.000000000e0,1.271353364e0,6.383790970e0,-4.052423239e-1
train,2122,COC(C)[NH2+]C1CC1C,6.903528214e0,0.000000000e0,0.000000000e0,1.271353364e0,6.903528214e0,3.563844366e-3
train,2123,FC(F)(F)C1CCN1,8.623288155e0,0.000000000e0,0.000000000e0,1.271353364e0,8.623288155e0,1.356263638e0
train,2124,CC(O)C1CC2(CC2)C1,8.843700409e0,0.000000000e0,0.000000000e0,1.271353364e0,8.843700409e0,1.529631853e0
train,2125,C#CC12OC1C=CC2C,6.487194061e0,0.000000000e0,0.000000000e0,1.271353364e0,6.487194061e0,-3.239092529e-1
train,2126,O=CC1CC(O)(CO)C1,6.103513718e0,0.000000000e0,0.000000000e0,1.271353364e0,6.103513718e0,-6.256980896e-1
train,2127,CC1OC(C)C2OCC12,8.759345055e0,0.000000000e0,0.000000000e0,1.271353364e0,8.759345055e0,1.463281035e0
train,2128,CCC1(C)COC1[NH2+]C,7.679053307e0,0.000000000e0,0.000000000e0,1.271353364e0,7.679053307e0,6.135632992e-1
train,2129,CCC1CN(C=O)C1=O,5.899428368e0,0.000000000e0,0.000000000e0,1.271353364e0,5.899428368e0,-7.862241268e-1
train,2130,CC1=NC(C)C=CCO1,6.544338226e0,0.000000000e0,0.000000000e0,1.271353364e0,6.544338226e0,-2.789617777e-1
train,2131,CN(C)c1ncnnn1,4.525253296e0,0.000000000e0,0.000000000e0,1.271353364e0,4.525253296e0,-1.867099643e0
train,2132,CC12C[NH+]3C(C1C#N)C32,7.401497364e0,0.000000000e0,0.000000000e0,1.271353364e0,7.401497364e0,3.952480257e-1
train,2133,CCn1cnn(C)c1=O,6.318483829e0,0.000000000e0,0.000000000e0,1.271353364e0,6.318483829e0,-4.566105008e-1
train,2134,CC1=C(CO)C2NC2C1,6.459982872e0,0.000000000e0,0.000000000e0,1.271353364e0,6.459982872e0,-3.453125954e-1
train,2135,O=C([O-])C1C[NH+]2CCC12,4.824578762e0,0.000000000e0,0.000000000e0,1.271353364e0,4.824578762e0,-1.631661177e0
train,2136,[NH-]C1NC2(CO)COC12,6.764750481e0,0.000000000e0,0.000000000e0,1.271353364e0,6.764750481e0,-1.055936068e-1
train,2137,CC1NC1(C)C(O)C=O,5.412344456e0,0.000000000e0,0.000000000e0,1.271353364e0,5.412344456e0,-1.169346333e0
train,2138,CCCc1c[nH]nc1C,7.028701305e0,0.000000000e0,0.000000000e0,1.271353364e0,7.028701305e0,1.020203903e-1
train,2139,C#CC1=CCCOC1=O,5.178326607e0,0.000000000e0,0.000000000e0,1.271353364e0,5.178326607e0,-1.353416204e0
train,2140,CCCN1CC(O)C1=O,7.265439510e0,0.000000000e0,0.000000000e0,1.271353364e0,7.265439510e0,2.882299423e-1
train,2141,O=CC1=CC2C[NH+]2CC1,4.704848766e0,0.000000000e0,0.000000000e0,1.271353364e0,4.704848766e0,-1.725836396e0
train,2142,C#CC12CC1OC2C=O,5.591939926e0,0.000000000e0,0.000000000e0,1.271353364e0,5.591939926e0,-1.028083205e0
train,2143,CC1CC2(C)CC12,9.077718735e0,0.000000000e0,0.000000000e0,1.271353364e0,9.077718735e0,1.713701963e0
train,2144,[CH+]1[NH2+]C(C2CN2)CO1,7.330747128e0,0.000000000e0,0.000000000e0,1.271353364e0,7.330747128e0,3.395985067e-1
train,2145,O=C1CC2CC(O)C12,5.923918724e0,0.000000000e0,0.000000000e0,1.271353364e0,5.923918724e0,-7.669609189e-1
train,2146,CCCC1(C2CN2)CO1,8.906287193e0,0.000000000e0,0.000000000e0,1.271353364e0,8.906287193e0,1.578860283e0
train,2147,N#Cc1cc(O)ncn1,5.624593258e0,0.000000000e0,0.000000000e0,1.271353364e0,5.624593258e0,-1.002399325e0
train,2148,CC(C#N)c1ccco1,6.337531567e0,0.000000000e0,0.000000000e0,1.271353364e0,6.337531567e0,-4.416282773e-1
train,2149,CCOCC1OC2CC12,8.381106377e0,0.000000000e0,0.000000000e0,1.271353364e0,8.381106377e0,1.165772438e0
train,2150,CC1=CC2CC3(O)C1C23,6.351137638e0,0.000000000e0,0.000000000e0,1.271353364e0,6.351137638e0,-4.309262335e-1
train,2151,OC1C2OCC3C1C32O,8.280425072e0,0.000000000e0,0.000000000e0,1.271353364e0,8.280425072e0,1.086580157e0
train,2152,CC1OCC1(C)CC#N,7.698101044e0,0.000000000e0,0.000000000e0,1.271353364e0,7.698101044e0,6.285455823e-1
train,2153,COC1C(O)C1(C)CO,8.065455437e0,0.000000000e0,0.000000000e0,1.271353364e0,8.065455437e0,9.174929857e-1
train,2154,Cc1cccc(=O)o1,4.805530548e0,0.000000000e0,0.000000000e0,1.271353364e0,4.805530548e0,-1.646643877e0
train,2155,CN1CC(CO)OC1=O,8.226001740e0,0.000000000e0,0.000000000e0,1.271353364e0,8.226001740e0,1.043772817e0
train,2156,N#CC1(C2(O)CC2)CO1,7.515784740e0,0.000000000e0,0.000000000e0,1.271353364e0,7.515784740e0,4.851422608e-1
train,2157,CC1CC12OC1C(O)C12,7.738917828e0,0.000000000e0,0.000000000e0,1.271353364e0,7.738917828e0,6.606505513e-1
train,2158,CC1C(C)C1C1CCO1,8.664105415e0,0.000000000e0,0.000000000e0,1.271353364e0,8.664105415e0,1.388368964e0
train,2159,COC(C)C1(C=O)CC1,6.370185375e0,0.000000000e0,0.000000000e0,1.271353364e0,6.370185375e0,-4.159439802e-1
train,2160,CC1C2CC1(O)C(=O)N2,7.216459274e0,0.000000000e0,0.000000000e0,1.271353364e0,7.216459274e0,2.497038841e-1
train,2161,N#CC1(C#N)C2C[NH+]1C2,6.411002159e0,0.000000000e0,0.000000000e0,1.271353364e0,6.411002159e0,-3.838390112e-1
train,2162,CC12CC3CC1C2(O)C3,8.544375420e0,0.000000000e0,0.000000000e0,1.271353364e0,8.544375420e0,1.294193864e0
train,2163,C#Cc1c(O)nnn1C,5.281730175e0,0.000000000e0,0.000000000e0,1.271353364e0,5.281730175e0,-1.272082686e0
train,2164,N#CCC1CC(C=O)C1,6.215080738e0,0.000000000e0,0.000000000e0,1.271353364e0,6.215080738e0,-5.379436016e-1
train,2165,OCC(O)CCC1CO1,8.691316605e0,0.000000000e0,0.000000000e0,1.271353364e0,8.691316605e0,1.409772277e0
train,2166,CCC1(CC)OC1CO,8.985198975e0,0.000000000e0,0.000000000e0,1.271353364e0,8.985198975e0,1.640929341e0
train,2167,CC1OCC1(C#N)CO,7.643678188e0,0.000000000e0,0.000000000e0,1.271353364e0,7.643678188e0,5.857385397e-1
train,2168,Nc1ncc(CO)cn1,5.385133266e0,0.000000000e0,0.000000000e0,1.271353364e0,5.385133266e0,-1.190749645e0
train,2169,O=C1C2CCC1(CO)O2,6.258618832e0,0.000000000e0,0.000000000e0,1.271353364e0,6.258618832e0,-5.036981106e-1
train,2170,CC1(C2(C#N)CC2)CC1,8.079060555e0,0.000000000e0,0.000000000e0,1.271353364e0,8.079060555e0,9.281942844e-1
train,2171,CC1C2C3CC(=O)C2C13,6.068139076e0,0.000000000e0,0.000000000e0,1.271353364e0,6.068139076e0,-6.535224915e-1
train,2172,CCC1C(=O)CC12CC2,5.915755272e0,0.000000000e0,0.000000000e0,1.271353364e0,5.915755272e0,-7.733819485e-1
train,2173,C#CC1C2CCOCC12,7.681774139e0,0.000000000e0,0.000000000e0,1.271353364e0,7.681774139e0,6.157034039e-1
train,2174,CC12CCC(C#N)C1O2,8.394712448e0,0.000000000e0,0.000000000e0,1.271353364e0,8.394712448e0,1.176474452e0
train,2175,CC1(CCO)CO1,9.175679207e0,0.000000000e0,0.000000000e0,1.271353364e0,9.175679207e0,1.790754080e0
train,2176,CC[NH+]1CC2CC21C=O,5.325268269e0,0.000000000e0,0.000000000e0,1.271353364e0,5.325268269e0,-1.237837315e0
train,2177,N#CC1C(O)C1O[CH+][NH-],7.216459274e0,0.000000000e0,0.000000000e0,1.271353364e0,7.216459274e0,2.497038841e-1
train,2178,CC1=CC2C3C(O)C1C23,6.274945736e0,0.000000000e0,0.000000000e0,1.271353364e0,6.274945736e0,-4.908559620e-1
train,2179,Cc1nc(F)ccc1O,5.431392670e0,0.000000000e0,0.000000000e0,1.271353364e0,5.431392670e0,-1.154363751e0
train,2180,OC12CC3C4OC1C4C32,7.967494011e0,0.000000000e0,0.000000000e0,1.271353364e0,7.967494011e0,8.404401541e-1
train,2181,N#CCCC1C2CC[NH+]12,7.474967480e0,0.000000000e0,0.000000000e0,1.271353364e0,7.474967480e0,4.530369043e-1
train,2182,C#CC1=CC(O)C(=O)C1,5.540238380e0,0.000000000e0,0.000000000e0,1.271353364e0,5.540238380e0,-1.068749666e0
train,2183,CC(=O)CC1(C#N)CO1,6.215080738e0,0.000000000e0,0.000000000e0,1.271353364e0,6.215080738e0,-5.379436016e-1
train,2184,COC1CC1CC(C)C,8.884517670e0,0.000000000e0,0.000000000e0,1.271353364e0,8.884517670e0,1.561737180e0
train,2185,Cc1cc(CO)nn1C,6.933460712e0,0.000000000e0,0.000000000e0,1.271353364e0,6.933460712e0,2.710764483e-2
train,2186,O=COc1cnccn1,5.423229218e0,0.000000000e0,0.000000000e0,1.271353364e0,5.423229218e0,-1.160784841e0
train,2187,N#CC#CC1CC1O,5.880380630e0,0.000000000e0,0.000000000e0,1.271353364e0,5.880380630e0,-8.012063503e-1
train,2188,CCC12CC3C1COC32,8.794719696e0,0.000000000e0,0.000000000e0,1.271353364e0,8.794719696e0,1.491105437e0
train,2189,O=CC1CCC(=O)NC1,5.689900398e0,0.000000000e0,0.000000000e0,1.271353364e0,5.689900398e0,-9.510310888e-1
train,2190,O=CC1CCCCO1,6.163379192e0,0.000000000e0,0.000000000e0,1.271353364e0,6.163379192e0,-5.786101222e-1
train,2191,CCOc1ccnn1C,6.819173336e0,0.000000000e0,0.000000000e0,1.271353364e0,6.819173336e0,-6.278659403e-2
train,2192,N#CC[NH+]1CC2CC21,7.004210949e0,0.000000000e0,0.000000000e0,1.271353364e0,7.004210949e0,8.275717497e-2
train,2193,CC12CNC1C(C#N)N2,7.145709991e0,0.000000000e0,0.000000000e0,1.271353364e0,7.145709991e0,1.940551102e-1
train,2194,Cc1coc(NC=O)n1,5.594660759e0,0.000000000e0,0.000000000e0,1.271353364e0,5.594660759e0,-1.025943041e0
train,2195,O=CC1NC1CC1CC1,6.032763958e0,0.000000000e0,0.000000000e0,1.271353364e0,6.032763958e0,-6.813472509e-1
train,2196,COC1CC12CCOC2,8.683153152e0,0.000000000e0,0.000000000e0,1.271353364e0,8.683153152e0,1.403351307e0
train,2197,[NH-]C1OC2C(C(N)=O)C12,6.547059536e0,0.000000000e0,0.000000000e0,1.271353364e0,6.547059536e0,-2.768212855e-1
train,2198,OCC1C2C[NH+]3CC1C23,7.379727840e0,0.000000000e0,0.000000000e0,1.271353364e0,7.379727840e0,3.781249225e-1
train,2199,CCC1(O)C2CC3C2C31,8.440972328e0,0.000000000e0,0.000000000e0,1.271353364e0,8.440972328e0,1.212860703e0
train,2200,N#CC1CC1C#CC=O,5.458603859e0,0.000000000e0,0.000000000e0,1.271353364e0,5.458603859e0,-1.132960439e0
train,2201,COC1CC2(C)CC12O,8.909008026e0,0.000000000e0,0.000000000e0,1.271353364e0,8.909008026e0,1.581000328e0
train,2202,CNC1=NCCCC1=O,4.462667465e0,0.000000000e0,0.000000000e0,1.271353364e0,4.462667465e0,-1.916327238e0
train,2203,CCC1CC2CC=CC12,7.055912018e0,0.000000000e0,0.000000000e0,1.271353364e0,7.055912018e0,1.234233305e-1
train,2204,N#CC1(CO)C[NH2+][CH+]N1,6.846384525e0,0.000000000e0,0.000000000e0,1.271353364e0,6.846384525e0,-4.138327390e-2
train,2205,C#CC1(CC=O)OC1C,6.089908123e0,0.000000000e0,0.000000000e0,1.271353364e0,6.089908123e0,-6.363997459e-1
train,2206,N#CC12C3CC4C(C41)C32,7.148430824e0,0.000000000e0,0.000000000e0,1.271353364e0,7.148430824e0,1.961952150e-1
train,2207,CC1CC(C)(C=O)C1C,6.108956337e0,0.000000000e0,0.000000000e0,1.271353364e0,6.108956337e0,-6.214171052e-1
train,2208,C#CC1=C(C)C(=O)NC1,5.292614460e0,0.000000000e0,0.000000000e0,1.271353364e0,5.292614460e0,-1.263521552e0
train,2209,CCC1C2OC3C[NH+]1C32,7.581092358e0,0.000000000e0,0.000000000e0,1.271353364e0,7.581092358e0,5.365108252e-1
train,2210,CCCC(O)C1CN1,8.623288155e0,0.000000000e0,0.000000000e0,1.271353364e0,8.623288155e0,1.356263638e0
train,2211,Cc1cccc(N)c1F,5.700785160e0,0.000000000e0,0.000000000e0,1.271353364e0,5.700785160e0,-9.424695373e-1
train,2212,CC1(O)CCOCC1=O,5.491257668e0,0.000000000e0,0.000000000e0,1.271353364e0,5.491257668e0,-1.107276082e0
train,2213,COC12CC1OC2=O,7.012373924e0,0.000000000e0,0.000000000e0,1.271353364e0,7.012373924e0,8.917786926e-2
train,2214,O=C1NC2CC12,6.968835831e0,0.000000000e0,0.000000000e0,1.271353364e0,6.968835831e0,5.493241176e-2
train,2215,CC(C)Nc1c[nH]cn1,5.899428368e0,0.000000000e0,0.000000000e0,1.271353364e0,5.899428368e0,-7.862241268e-1
train,2216,COc1cnoc1C#N,5.159278870e0,0.000000000e0,0.000000000e0,1.271353364e0,5.159278870e0,-1.368398428e0
train,2217,CC1C2CC1C2NO,7.352516651e0,0.000000000e0,0.000000000e0,1.271353364e0,7.352516651e0,3.567216098e-1
train,2218,NC(=O)C[NH+]1CC2CC21,7.083124161e0,0.000000000e0,0.000000000e0,1.271353364e0,7.083124161e0,1.448273957e-1
train,2219,Oc1cnc(F)c(F)n1,5.145672798e0,0.000000000e0,0.000000000e0,1.271353364e0,5.145672798e0,-1.379100442e0
train,2220,CC1[NH+]2C3CC1(C=O)C32,5.534795761e0,0.000000000e0,0.000000000e0,1.271353364e0,5.534795761e0,-1.073030710e0
train,2221,COC1CC1(C)C(C)=O,6.185148239e0,0.000000000e0,0.000000000e0,1.271353364e0,6.185148239e0,-5.614873767e-1
train,2222,CC1=NCC=CCO1,6.813731194e0,0.000000000e0,0.000000000e0,1.271353364e0,6.813731194e0,-6.706718355e-2
train,2223,NC(=O)C1CCC1O,7.162036896e0,0.000000000e0,0.000000000e0,1.271353364e0,7.162036896e0,2.068972439e-1
train,2224,CN(C)c1noc(=O)[nH]1,6.843663692e0,0.000000000e0,0.000000000e0,1.271353364e0,6.843663692e0,-4.352338240e-2
train,2225,C#CC1=NCC2CC2O1,6.114398479e0,0.000000000e0,0.000000000e0,1.271353364e0,6.114398479e0,-6.171365380e-1
train,2226,C#CC1C(=O)N2CC12,6.220522881e0,0.000000000e0,0.000000000e0,1.271353364e0,6.220522881e0,-5.336629748e-1
train,2227,CC1C2C3C(O)C3(C)[NH+]12,8.098108292e0,0.000000000e0,0.000000000e0,1.271353364e0,8.098108292e0,9.431765079e-1
train,2228,C#CC1C[NH+]1CC1CC1,7.162036896e0,0.000000000e0,0.000000000e0,1.271353364e0,7.162036896e0,2.068972439e-1
train,2229,CC1OC1C(C)(O)C=O,5.738881111e0,0.000000000e0,0.000000000e0,1.271353364e0,5.738881111e0,-9.125046730e-1
train,2230,C[NH2+]C(C)OC1(C)CC1,7.428708553e0,0.000000000e0,0.000000000e0,1.271353364e0,7.428708553e0,4.166513383e-1
train,2231,CCC1OCCC12CC2,8.957987785e0,0.000000000e0,0.000000000e0,1.271353364e0,8.957987785e0,1.619526029e0
train,2232,O=CC1CC1C1CCC1,6.217801571e0,0.000000000e0,0.000000000e0,1.271353364e0,6.217801571e0,-5.358034968e-1
train,2233,CCC1(C#N)C[NH2+][CH+]N1,6.889922619e0,0.000000000e0,0.000000000e0,1.271353364e0,6.889922619e0,-7.137815002e-3
train,2234,CCC1C(C2CC2)[NH+]1C,7.834157944e0,0.000000000e0,0.000000000e0,1.271353364e0,7.834157944e0,7.355629206e-1
train,2235,CC1=CC(O)CCOC1,6.696722031e0,0.000000000e0,0.000000000e0,1.271353364e0,6.696722031e0,-1.591022760e-1
train,2236,[H]N=C(C(=O)C#C)N1CC1,4.655868053e0,0.000000000e0,0.000000000e0,1.271353364e0,4.655868053e0,-1.764362812e0
train,2237,[NH-]C1OC2(CO)CC12,7.589255333e0,0.000000000e0,0.000000000e0,1.271353364e0,7.589255333e0,5.429315567e-1
train,2238,CCC1(C)C=CCCO1,7.232786179e0,0.000000000e0,0.000000000e0,1.271353364e0,7.232786179e0,2.625460327e-1
train,2239,CC12C3C4C3C1(C=O)[NH+]42,5.317104816e0,0.000000000e0,0.000000000e0,1.271353364e0,5.317104816e0,-1.244258404e0
train,2240,CCNc1nnoc1C,5.015058517e0,0.000000000e0,0.000000000e0,1.271353364e0,5.015058517e0,-1.481836796e0
train,2241,[NH-]c1ccnc(F)[nH+]1,5.137509823e0,0.000000000e0,0.000000000e0,1.271353364e0,5.137509823e0,-1.385521173e0
train,2242,CC12NC1C1C(CO)C12,7.581092358e0,0.000000000e0,0.000000000e0,1.271353364e0,7.581092358e0,5.365108252e-1
train,2243,O=CC1(C2CN2)CC1O,5.638199329e0,0.000000000e0,0.000000000e0,1.271353364e0,5.638199329e0,-9.916972518e-1
train,2244,OCC1=CC(O)C(O)C1,6.936182499e0,0.000000000e0,0.000000000e0,1.271353364e0,6.936182499e0,2.924850211e-2
train,2245,ONC1C2C(O)C3C1[NH+]23,6.386512280e0,0.000000000e0,0.000000000e0,1.271353364e0,6.386512280e0,-4.031018317e-1
train,2246,[NH-]C1OC2(CO)CNC12,6.805567265e0,0.000000000e0,0.000000000e0,1.271353364e0,6.805567265e0,-7.348863035e-2
train,2247,C[CH+]1N=C([NH-])OC=C1F,4.421850204e0,0.000000000e0,0.000000000e0,1.271353364e0,4.421850204e0,-1.948432684e0
train,2248,CCC12OC1CC2C=O,5.858611107e0,0.000000000e0,0.000000000e0,1.271353364e0,5.858611107e0,-8.183294535e-1
train,2249,COCc1cc(O)[nH]n1,6.919855118e0,0.000000000e0,0.000000000e0,1.271353364e0,6.919855118e0,1.640598662e-2
train,2250,C#CC1=CCC(CC)C1,5.695343018e0,0.000000000e0,0.000000000e0,1.271353364e0,5.695343018e0,-9.467501044e-1
train,2251,C[NH+]1C2C(O)C1C2C=O,5.630035877e0,0.000000000e0,0.000000000e0,1.271353364e0,5.630035877e0,-9.981183410e-1
train,2252,CC1OCCCC1O,8.781113625e0,0.000000000e0,0.000000000e0,1.271353364e0,8.781113625e0,1.480403304e0
train,2253,N#CC1CN(C=O)[CH+][NH2+]1,6.106235027e0,0.000000000e0,0.000000000e0,1.271353364e0,6.106235027e0,-6.235576272e-1
train,2254,COC1C(C)(O)C1(C)O,8.021917343e0,0.000000000e0,0.000000000e0,1.271353364e0,8.021917343e0,8.832475543e-1
train,2255,Cc1nc(C#N)nn1C,6.391954422e0,0.000000000e0,0.000000000e0,1.271353364e0,6.391954422e0,-3.988212645e-1
train,2256,CC#CCOC1CC1O,7.211016655e0,0.000000000e0,0.000000000e0,1.271353364e0,7.211016655e0,2.454229295e-1
train,2257,CC1COC(C)C1C#N,8.095387459e0,0.000000000e0,0.000000000e0,1.271353364e0,8.095387459e0,9.410364032e-1
train,2258,CC1=C(C)CN(C=O)C1,6.699442863e0,0.000000000e0,0.000000000e0,1.271353364e0,6.699442863e0,-1.569621712e-1
train,2259,O=CC1C(O)CC1O,6.144330502e0,0.000000000e0,0.000000000e0,1.271353364e0,6.144330502e0,-5.935931206e-1
train,2260,OCC1CC(CO)C1O,8.264098167e0,0.000000000e0,0.000000000e0,1.271353364e0,8.264098167e0,1.073738098e0
train,2261,[NH-]C1OC(C=O)C1O,5.962014675e0,0.000000000e0,0.000000000e0,1.271353364e0,5.962014675e0,-7.369959950e-1
train,2262,CCCC1(C)CCCO1,8.650499344e0,0.000000000e0,0.000000000e0,1.271353364e0,8.650499344e0,1.377666950e0
train,2263,Cc1cc(=O)occ1F,4.693964005e0,0.000000000e0,0.000000000e0,1.271353364e0,4.693964005e0,-1.734398007e0
train,2264,CNc1c(N)noc1N,6.427329540e0,0.000000000e0,0.000000000e0,1.271353364e0,6.427329540e0,-3.709964752e-1
train,2265,CCOc1conc1O,6.313041210e0,0.000000000e0,0.000000000e0,1.271353364e0,6.313041210e0,-4.608914852e-1
train,2266,CC1CC=C2CCC21C,6.669510841e0,0.000000000e0,0.000000000e0,1.271353364e0,6.669510841e0,-1.805056036e-1
train,2267,CCC#CC1CC(O)C1,7.948446274e0,0.000000000e0,0.000000000e0,1.271353364e0,7.948446274e0,8.254578710e-1
train,2268,CCC1C(=O)C(C)[NH+]1C,5.659968376e0,0.000000000e0,0.000000000e0,1.271353364e0,5.659968376e0,-9.745745063e-1
train,2269,C#CC1(C)COCCO1,7.597418785e0,0.000000000e0,0.000000000e0,1.271353364e0,7.597418785e0,5.493525863e-1
train,2270,COC1CC(O)C=C1C,6.786519527e0,0.000000000e0,0.000000000e0,1.271353364e0,6.786519527e0,-8.847087622e-2
train,2271,CC1=CC2C(C1)C2(C)O,6.372906685e0,0.000000000e0,0.000000000e0,1.271353364e0,6.372906685e0,-4.138034880e-1
train,2272,COC1C(C)OC1C#N,7.472246647e0,0.000000000e0,0.000000000e0,1.271353364e0,7.472246647e0,4.508967996e-1
train,2273,CN1CC(OC=O)C1=O,7.077681541e0,0.000000000e0,0.000000000e0,1.271353364e0,7.077681541e0,1.405464411e-1
train,2274,CC1(C#N)CCOC=N1,7.300814629e0,0.000000000e0,0.000000000e0,1.271353364e0,7.300814629e0,3.160547018e-1
train,2275,CC1C=CC2C(O)C12,6.247734070e0,0.000000000e0,0.000000000e0,1.271353364e0,6.247734070e0,-5.122596622e-1
train,2276,CCn1ccnc1,6.906250000e0,0.000000000e0,0.000000000e0,1.271353364e0,6.906250000e0,5.704701412e-3
train,2277,CC1=CNC(=O)C([NH-])O1,4.819136620e0,0.000000000e0,0.000000000e0,1.271353364e0,4.819136620e0,-1.635941744e0
train,2278,NC(=O)C#CCC1CC1,6.367464066e0,0.000000000e0,0.000000000e0,1.271353364e0,6.367464066e0,-4.180844724e-1
train,2279,CCC1OC(C#N)C1N,7.006931782e0,0.000000000e0,0.000000000e0,1.271353364e0,7.006931782e0,8.489727974e-2
train,2280,O=CC1OC2C(C=O)C12,5.319826126e0,0.000000000e0,0.000000000e0,1.271353364e0,5.319826126e0,-1.242117882e0
train,2281,CC[NH+]1C([NH-])C2OCC21,6.680395126e0,0.000000000e0,0.000000000e0,1.271353364e0,6.680395126e0,-1.719444245e-1
train,2282,Cn1nc(O)n(C)c1=O,6.791961670e0,0.000000000e0,0.000000000e0,1.271353364e0,6.791961670e0,-8.419028670e-2
train,2283,C#CC#CC1NC1CO,5.883101463e0,0.000000000e0,0.000000000e0,1.271353364e0,5.883101463e0,-7.990662456e-1
train,2284,CCn1c(C)ccc1N,6.206917286e0,0.000000000e0,0.000000000e0,1.271353364e0,6.206917286e0,-5.443646312e-1
train,2285,OCC(O)C1(O)CCC1,8.226001740e0,0.000000000e0,0.000000000e0,1.271353364e0,8.226001740e0,1.043772817e0
train,2286,CC(C)C1C2OC1C2=O,6.688558578e0,0.000000000e0,0.000000000e0,1.271353364e0,6.688558578e0,-1.655233502e-1
train,2287,N#CCC1OC([NH-])C1O,7.708985806e0,0.000000000e0,0.000000000e0,1.271353364e0,7.708985806e0,6.371071339e-1
train,2288,[NH-]c1o[cH+]nc(N)c1N,4.258581638e0,0.000000000e0,0.000000000e0,1.271353364e0,4.258581638e0,-2.076853752e0
train,2289,COCC12CC3C1C[NH+]32,8.299472809e0,0.000000000e0,0.000000000e0,1.271353364e0,8.299472809e0,1.101562381e0
train,2290,N#CC12C=CC3C(C1)C32,6.473588943e0,0.000000000e0,0.000000000e0,1.271353364e0,6.473588943e0,-3.346105516e-1
train,2291,CC1C2C3[NH+]2CC13O,7.839600563e0,0.000000000e0,0.000000000e0,1.271353364e0,7.839600563e0,7.398438454e-1
train,2292,Cc1ncc(O)c(=O)o1,4.859953403e0,0.000000000e0,0.000000000e0,1.271353364e0,4.859953403e0,-1.603836775e0
train,2293,O=CC1COC1C1CO1,5.951130390e0,0.000000000e0,0.000000000e0,1.271353364e0,5.951130390e0,-7.455571890e-1
train,2294,CC1CNC(=O)C(C)C1,7.213738441e0,0.000000000e0,0.000000000e0,1.271353364e0,7.213738441e0,2.475637794e-1
train,2295,CC1CC2(CCO2)C1O,8.236886978e0,0.000000000e0,0.000000000e0,1.271353364e0,8.236886978e0,1.052334785e0
train,2296,OC1CC2CCCC=C12,6.821894169e0,0.000000000e0,0.000000000e0,1.271353364e0,6.821894169e0,-6.064648926e-2
train,2297,O=CC(=O)C1C2CC1C2,4.106198311e0,0.000000000e0,0.000000000e0,1.271353364e0,4.106198311e0,-2.196712732e0
train,2298,CC1[NH2+]C(N)OC1C#N,6.715770245e0,0.000000000e0,0.000000000e0,1.271353364e0,6.715770245e0,-1.441196501e-1
train,2299,CCC1(C)CC(C)C1,9.640994072e0,0.000000000e0,0.000000000e0,1.271353364e0,9.640994072e0,2.156753540e0
train,2300,Cc1nc(C)c(C=O)[nH]1,5.042269707e0,0.000000000e0,0.000000000e0,1.271353364e0,5.042269707e0,-1.460433483e0
train,2301,CC1(C#CCC=O)CN1,5.926640034e0,0.000000000e0,0.000000000e0,1.271353364e0,5.926640034e0,-7.648203969e-1
train,2302,C#Cc1cnccc1C,5.453161716e0,0.000000000e0,0.000000000e0,1.271353364e0,5.453161716e0,-1.137241006e0
train,2303,[H]N=C(OC)n1cccn1,6.432771206e0,0.000000000e0,0.000000000e0,1.271353364e0,6.432771206e0,-3.667162657e-1
train,2304,O=CC1=CCC2CC1O2,4.955193520e0,0.000000000e0,0.000000000e0,1.271353364e0,4.955193520e0,-1.528924465e0
train,2305,[NH-]C1OC(F)=COC1=O,4.816415310e0,0.000000000e0,0.000000000e0,1.271353364e0,4.816415310e0,-1.638082266e0
train,2306,CC#CC1(C)CO1,7.624630451e0,0.000000000e0,0.000000000e0,1.271353364e0,7.624630451e0,5.707563162e-1
train,2307,CC1(O)C2C3C2[NH+]2C3C21,7.744359970e0,0.000000000e0,0.000000000e0,1.271353364e0,7.744359970e0,6.649311185e-1
train,2308,C#CC12CC1(O)CCO2,7.091287136e0,0.000000000e0,0.000000000e0,1.271353364e0,7.091287136e0,1.512480974e-1
train,2309,CC1(C2OCC2O)CC1,8.326683998e0,0.000000000e0,0.000000000e0,1.271353364e0,8.326683998e0,1.122965813e0
train,2310,CCC1(O)CCC1(C)C,8.696758270e0,0.000000000e0,0.000000000e0,1.271353364e0,8.696758270e0,1.414052486e0
train,2311,CC1(C2CC3CC32)CC1,8.941660881e0,0.000000000e0,0.000000000e0,1.271353364e0,8.941660881e0,1.606683969e0
train,2312,OC1CC12C[NH2+][CH+]O2,7.066796780e0,0.000000000e0,0.000000000e0,1.271353364e0,7.066796780e0,1.319848895e-1
train,2313,N#CC12CC3C(N1)C32O,6.824615955e0,0.000000000e0,0.000000000e0,1.271353364e0,6.824615955e0,-5.850563198e-2
train,2314,CCCC1(O)CCOC1,8.628729820e0,0.000000000e0,0.000000000e0,1.271353364e0,8.628729820e0,1.360543847e0
train,2315,Nc1nc(N)c(CO)o1,5.711669922e0,0.000000000e0,0.000000000e0,1.271353364e0,5.711669922e0,-9.339079857e-1
train,2316,C#CC(C)(O)C1CC1,8.133483887e0,0.000000000e0,0.000000000e0,1.271353364e0,8.133483887e0,9.710016847e-1
train,2317,CC1NC2(CO)COC12,7.322584152e0,0.000000000e0,0.000000000e0,1.271353364e0,7.322584152e0,3.331778049e-1
train,2318,COc1nnn(C)c1C,5.921197414e0,0.000000000e0,0.000000000e0,1.271353364e0,5.921197414e0,-7.691013813e-1
train,2319,OC1C2(O)C3CC2C13O,8.019195557e0,0.000000000e0,0.000000000e0,1.271353364e0,8.019195557e0,8.811066747e-1
train,2320,CC1N=COCC1C#N,7.308978081e0,0.000000000e0,0.000000000e0,1.271353364e0,7.308978081e0,3.224757612e-1
train,2321,N#CC#Cc1cn[nH]c1,5.336152554e0,0.000000000e0,0.000000000e0,1.271353364e0,5.336152554e0,-1.229276061e0
train,2322,CC(O)COCC1CN1,8.718527794e0,0.000000000e0,0.000000000e0,1.271353364e0,8.718527794e0,1.431175590e0
train,2323,N#CCCNCC1CO1,7.597418785e0,0.000000000e0,0.000000000e0,1.271353364e0,7.597418785e0,5.493525863e-1
train,2324,C#CC12CC1C1C2[NH+]1C,7.406939030e0,0.000000000e0,0.000000000e0,1.271353364e0,7.406939030e0,3.995282352e-1
train,2325,CC1[NH2+]CC(CC#N)O1,7.455919266e0,0.000000000e0,0.000000000e0,1.271353364e0,7.455919266e0,4.380542934e-1
train,2326,[NH-]C1CC(=O)OCCO1,7.053191185e0,0.000000000e0,0.000000000e0,1.271353364e0,7.053191185e0,1.212832257e-1
train,2327,COC1(C2CO2)CC1O,8.348453522e0,0.000000000e0,0.000000000e0,1.271353364e0,8.348453522e0,1.140088916e0
train,2328,CNc1oncc1CO,5.910312653e0,0.000000000e0,0.000000000e0,1.271353364e0,5.910312653e0,-7.776629329e-1
train,2329,CC[NH2+]C1C=CC(C)O1,5.581055164e0,0.000000000e0,0.000000000e0,1.271353364e0,5.581055164e0,-1.036644697e0
train,2330,CCC1=CCCC12CN2,6.394675732e0,0.000000000e0,0.000000000e0,1.271353364e0,6.394675732e0,-3.966807723e-1
train,2331,[H]N=CN1C(C)C(O)C1[NH-],5.967456818e0,0.000000000e0,0.000000000e0,1.271353364e0,5.967456818e0,-7.327154279e-1
train,2332,[H]N=C(C#C)N1CC(=O)C1,5.347037315e0,0.000000000e0,0.000000000e0,1.271353364e0,5.347037315e0,-1.220714569e0
train,2333,CC1C(=O)C2NC12CO,5.899428368e0,0.000000000e0,0.000000000e0,1.271353364e0,5.899428368e0,-7.862241268e-1
train,2334,C#CC1(O)CC1NC=O,7.036864281e0,0.000000000e0,0.000000000e0,1.271353364e0,7.036864281e0,1.084410846e-1
train,2335,COC1CCC2(CC2)O1,8.805603981e0,0.000000000e0,0.000000000e0,1.271353364e0,8.805603981e0,1.499666572e0
train,2336,CC(C)OC1CC=CC1,7.287209034e0,0.000000000e0,0.000000000e0,1.271353364e0,7.287209034e0,3.053530455e-1
train,2337,C[NH+]1C(CO)C1C1CC1,7.823273182e0,0.000000000e0,0.000000000e0,1.271353364e0,7.823273182e0,7.270013690e-1
train,2338,Nc1ocnc1CCO,5.956572056e0,0.000000000e0,0.000000000e0,1.271353364e0,5.956572056e0,-7.412769794e-1
train,2339,C#Cc1c[nH]c(O)c1C,5.545680046e0,0.000000000e0,0.000000000e0,1.271353364e0,5.545680046e0,-1.064469457e0
train,2340,CC1CC12OCC2O,7.815110207e0,0.000000000e0,0.000000000e0,1.271353364e0,7.815110207e0,7.205806375e-1
train,2341,CC12OC1CC2C1CC1,8.941660881e0,0.000000000e0,0.000000000e0,1.271353364e0,8.941660881e0,1.606683969e0
train,2342,CC1(C=O)CCC12CO2,6.089908123e0,0.000000000e0,0.000000000e0,1.271353364e0,6.089908123e0,-6.363997459e-1
train,2343,CC1[NH+]2CC3OC1(C)C32,7.608303070e0,0.000000000e0,0.000000000e0,1.271353364e0,7.608303070e0,5.579137802e-1
train,2344,CC12COC([NH-])C1(O)C2,7.083124161e0,0.000000000e0,0.000000000e0,1.271353364e0,7.083124161e0,1.448273957e-1
train,2345,O=CNC(=O)C1CN1,5.959293365e0,0.000000000e0,0.000000000e0,1.271353364e0,5.959293365e0,-7.391365170e-1
train,2346,CC1(C)OC(=O)N2CC21,7.899465561e0,0.000000000e0,0.000000000e0,1.271353364e0,7.899465561e0,7.869314551e-1
train,2347,CCC12C3CC1C1C3[NH+]12,8.389269829e0,0.000000000e0,0.000000000e0,1.271353364e0,8.389269829e0,1.172193408e0
train,2348,Cc1ncnnn1,4.389196396e0,0.000000000e0,0.000000000e0,1.271353364e0,4.389196396e0,-1.974116921e0
train,2349,C#CC1CC(O)C12CC2,8.209674835e0,0.000000000e0,0.000000000e0,1.271353364e0,8.209674835e0,1.030930638e0
train,2350,CCC1OCCC([NH-])O1,7.553880215e0,0.000000000e0,0.000000000e0,1.271353364e0,7.553880215e0,5.151067972e-1
train,2351,CC1(C)CC2(C)CC12C,8.509000778e0,0.000000000e0,0.000000000e0,1.271353364e0,8.509000778e0,1.266369462e0
train,2352,COC1CC12CC([NH-])O2,7.191968918e0,0.000000000e0,0.000000000e0,1.271353364e0,7.191968918e0,2.304406762e-1
train,2353,CCc1nccc(F)n1,6.087186813e0,0.000000000e0,0.000000000e0,1.271353364e0,6.087186813e0,-6.385402083e-1
train,2354,N#CC12CCC1(CO)N2,7.488573551e0,0.000000000e0,0.000000000e0,1.271353364e0,7.488573551e0,4.637389481e-1
train,2355,C#CC1OC2CCC=C12,6.590597630e0,0.000000000e0,0.000000000e0,1.271353364e0,6.590597630e0,-2.425758243e-1
train,2356,CC12CC(O)CC1(C)N2,8.223280907e0,0.000000000e0,0.000000000e0,1.271353364e0,8.223280907e0,1.041632652e0
train,2357,C#CC1CC(CCO)O1,7.548438072e0,0.000000000e0,0.000000000e0,1.271353364e0,7.548438072e0,5.108261704e-1
train,2358,CN1CCCN(C)C1=O,7.581092358e0,0.000000000e0,0.000000000e0,1.271353364e0,7.581092358e0,5.365108252e-1
train,2359,C#Cc1ncc(C)cn1,5.474930763e0,0.000000000e0,0.000000000e0,1.271353364e0,5.474930763e0,-1.120118260e0
train,2360,O=CNC1CC2OCC12,7.523947716e0,0.000000000e0,0.000000000e0,1.271353364e0,7.523947716e0,4.915629625e-1
train,2361,CC1=CCC2(CO2)C1C,7.129383087e0,0.000000000e0,0.000000000e0,1.271353364e0,7.129383087e0,1.812129617e-1
train,2362,CC1C(N)=CC(=O)N1C,5.845005512e0,0.000000000e0,0.000000000e0,1.271353364e0,5.845005512e0,-8.290311098e-1
train,2363,CC1(O)C2C[NH+]3C1C23C,8.147089005e0,0.000000000e0,0.000000000e0,1.271353364e0,8.147089005e0,9.817029238e-1
train,2364,CC1COCCC([NH-])O1,7.534832478e0,0.000000000e0,0.000000000e0,1.271353364e0,7.534832478e0,5.001245141e-1
train,2365,CCC1=CC2(O)CC1C2,6.397397041e0,0.000000000e0,0.000000000e0,1.271353364e0,6.397397041e0,-3.945402801e-1
train,2366,COCC1CCC(C)C1,8.990641594e0,0.000000000e0,0.000000000e0,1.271353364e0,8.990641594e0,1.645210385e0
train,2367,C#CC1OC([NH-])C1(C)O,7.442313671e0,0.000000000e0,0.000000000e0,1.271353364e0,7.442313671e0,4.273526371e-1
train,2368,CC1C(C)(C)C1(O)C=O,5.760650635e0,0.000000000e0,0.000000000e0,1.271353364e0,5.760650635e0,-8.953815699e-1
train,2369,Cc1occ(N)c1N,6.084465981e0,0.000000000e0,0.000000000e0,1.271353364e0,6.084465981e0,-6.406803131e-1
train,2370,Nc1oncc1OC=O,5.842284679e0,0.000000000e0,0.000000000e0,1.271353364e0,5.842284679e0,-8.311712146e-1
train,2371,CC12CCC(C#N)(C1)O2,7.431428909e0,0.000000000e0,0.000000000e0,1.271353364e0,7.431428909e0,4.187910855e-1
train,2372,CC1=CC2CC(C=C1)O2,4.770155907e0,0.000000000e0,0.000000000e0,1.271353364e0,4.770155907e0,-1.674468160e0
train,2373,CC1C(=O)CC1C=O,6.040927887e0,0.000000000e0,0.000000000e0,1.271353364e0,6.040927887e0,-6.749258041e-1
train,2374,CC(O)CC1NC1CO,8.313077927e0,0.000000000e0,0.000000000e0,1.271353364e0,8.313077927e0,1.112263680e0
train,2375,C#CC1CC2(C1)CC2C,8.201511383e0,0.000000000e0,0.000000000e0,1.271353364e0,8.201511383e0,1.024509549e0
train,2376,Nc1noc(CC=O)n1,5.529353619e0,0.000000000e0,0.000000000e0,1.271353364e0,5.529353619e0,-1.077311277e0
train,2377,COC1CC(CO)CO1,9.083160400e0,0.000000000e0,0.000000000e0,1.271353364e0,9.083160400e0,1.717982173e0
train,2378,CC1(O)CC2(C)OC12C,8.481788635e0,0.000000000e0,0.000000000e0,1.271353364e0,8.481788635e0,1.244965315e0
train,2379,CC(=O)C1CC(=O)N1,6.032763958e0,0.000000000e0,0.000000000e0,1.271353364e0,6.032763958e0,-6.813472509e-1
train,2380,CNC1CCNC1C#N,7.058633804e0,0.000000000e0,0.000000000e0,1.271353364e0,7.058633804e0,1.255641878e-1
train,2381,N#CC1=CC2OC1C2O,5.483094215e0,0.000000000e0,0.000000000e0,1.271353364e0,5.483094215e0,-1.113697171e0
train,2382,CC12C3C4CC([NH+]41)C32O,7.670889378e0,0.000000000e0,0.000000000e0,1.271353364e0,7.670889378e0,6.071418524e-1
train,2383,C#CC12CCC(O)(C1)C2,8.079060555e0,0.000000000e0,0.000000000e0,1.271353364e0,8.079060555e0,9.281942844e-1
train,2384,CC(=O)C1([NH+]2CC2)CC1,6.030043125e0,0.000000000e0,0.000000000e0,1.271353364e0,6.030043125e0,-6.834873557e-1
train,2385,CCC12CC3(O)C[NH+]1C32,7.972936153e0,0.000000000e0,0.000000000e0,1.271353364e0,7.972936153e0,8.447207212e-1
train,2386,N#CCC1C[NH+]2CC12,7.613745689e0,0.000000000e0,0.000000000e0,1.271353364e0,7.613745689e0,5.621947646e-1
train,2387,O=C1C(O)C2CC1(O)C2,5.926640034e0,0.000000000e0,0.000000000e0,1.271353364e0,5.926640034e0,-7.648203969e-1
train,2388,CC1C(O)C2COCC12,8.473625183e0,0.000000000e0,0.000000000e0,1.271353364e0,8.473625183e0,1.238544226e0
train,2389,O=CNC1C2CC1C2=O,6.476309776e0,0.000000000e0,0.000000000e0,1.271353364e0,6.476309776e0,-3.324704468e-1
train,2390,CC1(C#N)CCC1O,8.332126617e0,0.000000000e0,0.000000000e0,1.271353364e0,8.332126617e0,1.127246737e0
train,2391,CCC1(OC)C2COC21,8.348453522e0,0.000000000e0,0.000000000e0,1.271353364e0,8.348453522e0,1.140088916e0
train,2392,CC(CO)c1cocn1,6.628693581e0,0.000000000e0,0.000000000e0,1.271353364e0,6.628693581e0,-2.126109600e-1
train,2393,COC1(C#N)CNC1,6.990605354e0,0.000000000e0,0.000000000e0,1.271353364e0,6.990605354e0,7.205551863e-2
train,2394,COC(C)C1CC(=O)N1,7.660005569e0,0.000000000e0,0.000000000e0,1.271353364e0,7.660005569e0,5.985810757e-1
train,2395,CCCCC1CN1C=O,6.887201786e0,0.000000000e0,0.000000000e0,1.271353364e0,6.887201786e0,-9.277922101e-3
train,2396,CC1(C)C2C3OC3(C)C21,8.740297318e0,0.000000000e0,0.000000000e0,1.271353364e0,8.740297318e0,1.448298812e0
train,2397,CC1OC12CCC2CO,8.930777550e0,0.000000000e0,0.000000000e0,1.271353364e0,8.930777550e0,1.598123431e0
train,2398,Cn1ccc(=O)cc1O,5.575613022e0,0.000000000e0,0.000000000e0,1.271353364e0,5.575613022e0,-1.040925384e0
train,2399,C[NH+]1C(C)(C)C1(C)C=O,5.624593258e0,0.000000000e0,0.000000000e0,1.271353364e0,5.624593258e0,-1.002399325e0
train,2400,[H]N=CNc1ccon1,5.981062412e0,0.000000000e0,0.000000000e0,1.271353364e0,5.981062412e0,-7.220137715e-1
train,2401,CC1C(O)C1(C)C=O,6.176984310e0,0.000000000e0,0.000000000e0,1.271353364e0,6.176984310e0,-5.679088235e-1
train,2402,NC(=O)OCC1CCO1,8.343010902e0,0.000000000e0,0.000000000e0,1.271353364e0,8.343010902e0,1.135807872e0
train,2403,ONC1CCC2NC12,6.552501678e0,0.000000000e0,0.000000000e0,1.271353364e0,6.552501678e0,-2.725406885e-1
train,2404,CC1=CC(O)CNC1=O,5.730718136e0,0.000000000e0,0.000000000e0,1.271353364e0,5.730718136e0,-9.189253449e-1
train,2405,Nc1ccnc(O)c1O,5.790582657e0,0.000000000e0,0.000000000e0,1.271353364e0,5.790582657e0,-8.718381524e-1
train,2406,N#CCc1ccon1,6.868154049e0,0.000000000e0,0.000000000e0,1.271353364e0,6.868154049e0,-2.426017076e-2
train,2407,O=C1CC2C(O)CCC12,5.874938488e0,0.000000000e0,0.000000000e0,1.271353364e0,5.874938488e0,-8.054869175e-1
train,2408,CC1CC1C1(O)CC1O,8.440972328e0,0.000000000e0,0.000000000e0,1.271353364e0,8.440972328e0,1.212860703e0
train,2409,COC1(CO)CCC1O,8.261377335e0,0.000000000e0,0.000000000e0,1.271353364e0,8.261377335e0,1.071597934e0
train,2410,C#CC1CCC(OC)O1,8.038243294e0,0.000000000e0,0.000000000e0,1.271353364e0,8.038243294e0,8.960888982e-1
train,2411,CC12CC3C=CC1C2O3,6.443655968e0,0.000000000e0,0.000000000e0,1.271353364e0,6.443655968e0,-3.581547141e-1
train,2412,CCn1cc(N)nn1,5.864053726e0,0.000000000e0,0.000000000e0,1.271353364e0,5.864053726e0,-8.140484691e-1
train,2413,OCCC12OC1C1NC12,7.581092358e0,0.000000000e0,0.000000000e0,1.271353364e0,7.581092358e0,5.365108252e-1
train,2414,C#CC12C[NH+](C)C1CO2,6.356579781e0,0.000000000e0,0.000000000e0,1.271353364e0,6.356579781e0,-4.266456366e-1
train,2415,C#CC1C2OCCOC12,7.262719154e0,0.000000000e0,0.000000000e0,1.271353364e0,7.262719154e0,2.860901952e-1
train,2416,OCC1CC=CCOC1,7.170200348e0,0.000000000e0,0.000000000e0,1.271353364e0,7.170200348e0,2.133183181e-1
train,2417,CC12CC1C1(C#N)OC21,6.552501678e0,0.000000000e0,0.000000000e0,1.271353364e0,6.552501678e0,-2.725406885e-1
train,2418,Nc1ccnc(=O)[nH]1,5.055875301e0,0.000000000e0,0.000000000e0,1.271353364e0,5.055875301e0,-1.449731827e0
train,2419,CCC12CC(O)C1[NH+]2C,8.024637222e0,0.000000000e0,0.000000000e0,1.271353364e0,8.024637222e0,8.853868842e-1
train,2420,CC(O)C1(C)C(C)C1O,7.790619850e0,0.000000000e0,0.000000000e0,1.271353364e0,7.790619850e0,7.013174295e-1
train,2421,N#CC(N)C1OCCO1,8.019195557e0,0.000000000e0,0.000000000e0,1.271353364e0,8.019195557e0,8.811066747e-1
train,2422,CN(C=O)C(=O)C1CN1,6.119840622e0,0.000000000e0,0.000000000e0,1.271353364e0,6.119840622e0,-6.128559709e-1
train,2423,CCCCCC1COC1,8.721248627e0,0.000000000e0,0.000000000e0,1.271353364e0,8.721248627e0,1.433315754e0
train,2424,CC1(C=O)CCC([NH-])O1,5.815073013e0,0.000000000e0,0.000000000e0,1.271353364e0,5.815073013e0,-8.525749445e-1
train,2425,C#CC12OC(C1O)C2O,6.851827145e0,0.000000000e0,0.000000000e0,1.271353364e0,6.851827145e0,-3.710231185e-2
train,2426,O=CC1=CCC2NC12,5.061317921e0,0.000000000e0,0.000000000e0,1.271353364e0,5.061317921e0,-1.445450902e0
train,2427,NC(=O)CC#CC1CO1,6.908970833e0,0.000000000e0,0.000000000e0,1.271353364e0,6.908970833e0,7.844808511e-3
train,2428,C#CC1C2CC3CC1[NH+]32,7.216459274e0,0.000000000e0,0.000000000e0,1.271353364e0,7.216459274e0,2.497038841e-1
train,2429,CCC12CC3C1C[NH+]32,8.699480057e0,0.000000000e0,0.000000000e0,1.271353364e0,8.699480057e0,1.416193366e0
train,2430,CC1C2C([NH-])OC12C,7.548438072e0,0.000000000e0,0.000000000e0,1.271353364e0,7.548438072e0,5.108261704e-1
train,2431,CC(O)C1OC(=O)C1O,7.113056660e0,0.000000000e0,0.000000000e0,1.271353364e0,7.113056660e0,1.683712006e-1
train,2432,CC1C(=O)N2CC(O)C12,6.476309776e0,0.000000000e0,0.000000000e0,1.271353364e0,6.476309776e0,-3.324704468e-1
train,2433,[NH-][CH+]OC1C=CCCO1,7.123940468e0,0.000000000e0,0.000000000e0,1.271353364e0,7.123940468e0,1.769320071e-1
train,2434,CNC1=CC(=O)OCC1,5.605545521e0,0.000000000e0,0.000000000e0,1.271353364e0,5.605545521e0,-1.017381549e0
train,2435,C#CC1=CC(O)C(O)C1,5.643641472e0,0.000000000e0,0.000000000e0,1.271353364e0,5.643641472e0,-9.874166250e-1
train,2436,COC1C2NCC21OC,7.747081757e0,0.000000000e0,0.000000000e0,1.271353364e0,7.747081757e0,6.670719981e-1
train,2437,OC1C=CC2CC1O2,6.476309776e0,0.000000000e0,0.000000000e0,1.271353364e0,6.476309776e0,-3.324704468e-1
train,2438,CC(C#N)c1cnco1,6.593318939e0,0.000000000e0,0.000000000e0,1.271353364e0,6.593318939e0,-2.404353470e-1
train,2439,O=CCCC1NC1CO,6.176984310e0,0.000000000e0,0.000000000e0,1.271353364e0,6.176984310e0,-5.679088235e-1
train,2440,CCC12NC1CC2C=O,5.594660759e0,0.000000000e0,0.000000000e0,1.271353364e0,5.594660759e0,-1.025943041e0
train,2441,O=CC12CC[NH+]3CC1C32,5.711669922e0,0.000000000e0,0.000000000e0,1.271353364e0,5.711669922e0,-9.339079857e-1
train,2442,C#CC1C=CCC1=O,5.869495869e0,0.000000000e0,0.000000000e0,1.271353364e0,5.869495869e0,-8.097679019e-1
train,2443,O=CC1C[NH2+][CH+]N1C=O,5.502141953e0,0.000000000e0,0.000000000e0,1.271353364e0,5.502141953e0,-1.098714948e0
train,2444,CC12C=CCC1C2O,6.332089424e0,0.000000000e0,0.000000000e0,1.271353364e0,6.332089424e0,-4.459088445e-1
train,2445,C#CC(C)C(=O)C1CO1,5.760650635e0,0.000000000e0,0.000000000e0,1.271353364e0,5.760650635e0,-8.953815699e-1
train,2446,OC12CC3CC1C32O,8.065455437e0,0.000000000e0,0.000000000e0,1.271353364e0,8.065455437e0,9.174929857e-1
train,2447,C#CCC12CC1C1CC12,7.118498325e0,0.000000000e0,0.000000000e0,1.271353364e0,7.118498325e0,1.726514101e-1
train,2448,CC#CC1(C)CCC1,8.038243294e0,0.000000000e0,0.000000000e0,1.271353364e0,8.038243294e0,8.960888982e-1
train,2449,N#CC12C3CC[NH+]1CC32,6.996047020e0,0.000000000e0,0.000000000e0,1.271353364e0,6.996047020e0,7.633572817e-2
train,2450,CCC(=O)C1CC1OC,6.351137638e0,0.000000000e0,0.000000000e0,1.271353364e0,6.351137638e0,-4.309262335e-1
train,2451,CC1(C)CC1(C=O)CO,6.079023361e0,0.000000000e0,0.000000000e0,1.271353364e0,6.079023361e0,-6.449612975e-1
train,2452,CNc1nc(N)c(O)o1,5.850448132e0,0.000000000e0,0.000000000e0,1.271353364e0,5.850448132e0,-8.247501254e-1
train,2453,CC1C=CC(C#N)CO1,7.151152611e0,0.000000000e0,0.000000000e0,1.271353364e0,7.151152611e0,1.983360797e-1
train,2454,CCc1cc(O)c(C)[nH]1,5.978341103e0,0.000000000e0,0.000000000e0,1.271353364e0,5.978341103e0,-7.241542339e-1
train,2455,CC1C2C=CC1C2O,6.544338226e0,0.000000000e0,0.000000000e0,1.271353364e0,6.544338226e0,-2.789617777e-1
train,2456,CC1=CC(C)C2(O)CC12,6.658626080e0,0.000000000e0,0.000000000e0,1.271353364e0,6.658626080e0,-1.890671551e-1
train,2457,Nc1c[nH]c(=O)c(F)n1,4.002794743e0,0.000000000e0,0.000000000e0,1.271353364e0,4.002794743e0,-2.278046131e0
train,2458,CC1C(C)C12COC2,8.386548996e0,0.000000000e0,0.000000000e0,1.271353364e0,8.386548996e0,1.170053363e0
train,2459,C#CC1OC(CO)C1=O,5.668131351e0,0.000000000e0,0.000000000e0,1.271353364e0,5.668131351e0,-9.681538343e-1
train,2460,C#CC(O)C1COC1C,7.284487724e0,0.000000000e0,0.000000000e0,1.271353364e0,7.284487724e0,3.032125533e-1
train,2461,CCC1C(C)OC1[NH-],7.858648300e0,0.000000000e0,0.000000000e0,1.271353364e0,7.858648300e0,7.548261285e-1
train,2462,CC(=O)C1CCC1O,6.062696934e0,0.000000000e0,0.000000000e0,1.271353364e0,6.062696934e0,-6.578030586e-1
train,2463,NC1=CC(=O)CNC1,5.268124104e0,0.000000000e0,0.000000000e0,1.271353364e0,5.268124104e0,-1.282784820e0
train,2464,O=C1C2C3[NH+]2CC13O,6.204195976e0,0.000000000e0,0.000000000e0,1.271353364e0,6.204195976e0,-5.465051532e-1
train,2465,[NH-]C1CC=CC(=O)N1,5.526632309e0,0.000000000e0,0.000000000e0,1.271353364e0,5.526632309e0,-1.079451799e0
train,2466,N#CC1COCCOC1,8.236886978e0,0.000000000e0,0.000000000e0,1.271353364e0,8.236886978e0,1.052334785e0
train,2467,C#CC(O)C1CC2C[NH+]21,7.140267849e0,0.000000000e0,0.000000000e0,1.271353364e0,7.140267849e0,1.897745132e-1
train,2468,CCC1(OC)COC1[NH-],7.572928429e0,0.000000000e0,0.000000000e0,1.271353364e0,7.572928429e0,5.300893784e-1
train,2469,C#CC1COC1,7.910349369e0,0.000000000e0,0.000000000e0,1.271353364e0,7.910349369e0,7.954922915e-1
train,2470,O=Cc1ncoc1CO,5.330710411e0,0.000000000e0,0.000000000e0,1.271353364e0,5.330710411e0,-1.233556747e0
train,2471,COC1C2CC(C)CC21,8.590634346e0,0.000000000e0,0.000000000e0,1.271353364e0,8.590634346e0,1.330579400e0
train,2472,CC1C(=O)CNC1C#N,6.010994911e0,0.000000000e0,0.000000000e0,1.271353364e0,6.010994911e0,-6.984699965e-1
train,2473,CCOc1ncon1,6.715770245e0,0.000000000e0,0.000000000e0,1.271353364e0,6.715770245e0,-1.441196501e-1
train,2474,C#CCC1(CC)CC1,8.492672920e0,0.000000000e0,0.000000000e0,1.271353364e0,8.492672920e0,1.253526568e0
train,2475,CC(O)C1NC1(C)C=O,6.019158840e0,0.000000000e0,0.000000000e0,1.271353364e0,6.019158840e0,-6.920485497e-1
train,2476,CC(O)c1cc(N)co1,5.899428368e0,0.000000000e0,0.000000000e0,1.271353364e0,5.899428368e0,-7.862241268e-1
train,2477,CC(C)n1nccn1,7.039586067e0,0.000000000e0,0.000000000e0,1.271353364e0,7.039586067e0,1.105819419e-1
train,2478,OCCc1cncnc1,5.711669922e0,0.000000000e0,0.000000000e0,1.271353364e0,5.711669922e0,-9.339079857e-1
train,2479,CC1C2CC3(O)C1CC23,8.699480057e0,0.000000000e0,0.000000000e0,1.271353364e0,8.699480057e0,1.416193366e0
train,2480,N#CC1=CCOCCC1,5.962014675e0,0.000000000e0,0.000000000e0,1.271353364e0,5.962014675e0,-7.369959950e-1
train,2481,CC1OC12CC1NC1C2,8.500837326e0,0.000000000e0,0.000000000e0,1.271353364e0,8.500837326e0,1.259948373e0
train,2482,CCCC1C2OCC12C,8.283145905e0,0.000000000e0,0.000000000e0,1.271353364e0,8.283145905e0,1.088720322e0
train,2483,C[NH2+]C1CC=CN1C=O,5.532074928e0,0.000000000e0,0.000000000e0,1.271353364e0,5.532074928e0,-1.075170755e0
train,2484,O=CCc1cnccn1,5.132067680e0,0.000000000e0,0.000000000e0,1.271353364e0,5.132067680e0,-1.389801741e0
train,2485,O=CC1CCC1O,6.141610146e0,0.000000000e0,0.000000000e0,1.271353364e0,6.141610146e0,-5.957328677e-1
train,2486,Cc1coc(C)c1O,6.076302528e0,0.000000000e0,0.000000000e0,1.271353364e0,6.076302528e0,-6.471014023e-1
train,2487,CC1C(C)C(C)(O)C1C,8.383827209e0,0.000000000e0,0.000000000e0,1.271353364e0,8.383827209e0,1.167912483e0
train,2488,COc1nc(N)c(N)[nH]1,6.283109188e0,0.000000000e0,0.000000000e0,1.271353364e0,6.283109188e0,-4.844349027e-1
train,2489,Cc1c(C#N)c[nH]c1O,5.548401356e0,0.000000000e0,0.000000000e0,1.271353364e0,5.548401356e0,-1.062329054e0
train,2490,Cc1cc(O)c(C)n1C,5.964735985e0,0.000000000e0,0.000000000e0,1.271353364e0,5.964735985e0,-7.348555326e-1
train,2491,CCC1(C=O)NC1CO,6.163379192e0,0.000000000e0,0.000000000e0,1.271353364e0,6.163379192e0,-5.786101222e-1
train,2492,[NH-]C1OCC(=O)CO1,5.673573971e0,0.000000000e0,0.000000000e0,1.271353364e0,5.673573971e0,-9.638728499e-1
train,2493,C#CC1C=CC2(CC2)C1,6.680395126e0,0.000000000e0,0.000000000e0,1.271353364e0,6.680395126e0,-1.719444245e-1
train,2494,Cn1ncn(C=O)c1=O,5.243634224e0,0.000000000e0,0.000000000e0,1.271353364e0,5.243634224e0,-1.302047610e0
train,2495,[NH-]C1NC2COC12C=O,5.540238380e0,0.000000000e0,0.000000000e0,1.271353364e0,5.540238380e0,-1.068749666e0
train,2496,CCC1CC=CCC1,7.289929867e0,0.000000000e0,0.000000000e0,1.271353364e0,7.289929867e0,3.074931502e-1
train,2497,O=c1cccc(F)o1,4.873559475e0,0.000000000e0,0.000000000e0,1.271353364e0,4.873559475e0,-1.593134761e0
train,2498,CC12CC1C1(O)COC21,7.940282345e0,0.000000000e0,0.000000000e0,1.271353364e0,7.940282345e0,8.190364242e-1
train,2499,C#CC1CC2(CC2)C1O,7.915791988e0,0.000000000e0,0.000000000e0,1.271353364e0,7.915791988e0,7.997732162e-1
train,2500,CC1CC2C1N2C=O,6.645020485e0,0.000000000e0,0.000000000e0,1.271353364e0,6.645020485e0,-1.997688115e-1
train,2501,CC1(CO)CC1OC=O,7.366122246e0,0.000000000e0,0.000000000e0,1.271353364e0,7.366122246e0,3.674232662e-1
train,2502,C#CC1NC(=O)C1O,7.265439510e0,0.000000000e0,0.000000000e0,1.271353364e0,7.265439510e0,2.882299423e-1
train,2503,C#CC1NC1CC#CC,7.379727840e0,0.000000000e0,0.000000000e0,1.271353364e0,7.379727840e0,3.781249225e-1
train,2504,CC1(COC(N)=O)CO1,8.626008987e0,0.000000000e0,0.000000000e0,1.271353364e0,8.626008987e0,1.358403802e0
train,2505,[NH-]C1C=C(N)C(CO)O1,5.741602421e0,0.000000000e0,0.000000000e0,1.271353364e0,5.741602421e0,-9.103641510e-1
train,2506,CC(O)C(=O)CC1CO1,6.299435616e0,0.000000000e0,0.000000000e0,1.271353364e0,6.299435616e0,-4.715931416e-1
train,2507,CC1C(C)C1OCCO,8.364779472e0,0.000000000e0,0.000000000e0,1.271353364e0,8.364779472e0,1.152930260e0
train,2508,C#CC1(O)CNC1=O,6.726654530e0,0.000000000e0,0.000000000e0,1.271353364e0,6.726654530e0,-1.355584860e-1
train,2509,CC12C3CC1(C#N)NC32,6.862711906e0,0.000000000e0,0.000000000e0,1.271353364e0,6.862711906e0,-2.854075842e-2
train,2510,CC12CNC1(C#N)C2,6.476309776e0,0.000000000e0,0.000000000e0,1.271353364e0,6.476309776e0,-3.324704468e-1
train,2511,NC(=O)N1CCCC1,7.902186394e0,0.000000000e0,0.000000000e0,1.271353364e0,7.902186394e0,7.890715599e-1
train,2512,C#CC(=O)c1ccc[nH]1,4.508926868e0,0.000000000e0,0.000000000e0,1.271353364e0,4.508926868e0,-1.879941344e0
train,2513,O=C1CC(C#CCO)O1,7.491294384e0,0.000000000e0,0.000000000e0,1.271353364e0,7.491294384e0,4.658790529e-1
train,2514,Fc1ccccc1F,6.329368591e0,0.000000000e0,0.000000000e0,1.271353364e0,6.329368591e0,-4.480489492e-1
train,2515,CC(=O)C1NC1C(C)=O,5.578333855e0,0.000000000e0,0.000000000e0,1.271353364e0,5.578333855e0,-1.038785219e0
train,2516,CC#CC1OCCC1C,7.864090443e0,0.000000000e0,0.000000000e0,1.271353364e0,7.864090443e0,7.591066957e-1
train,2517,CCC1CCC([NH-])OC1,7.523947716e0,0.000000000e0,0.000000000e0,1.271353364e0,7.523947716e0,4.915629625e-1
train,2518,CC(CC=O)C[NH+]1CC1,5.997389793e0,0.000000000e0,0.000000000e0,1.271353364e0,5.997389793e0,-7.091712356e-1
train,2519,CC1(C)CN(C=O)C1[NH-],6.236849785e0,0.000000000e0,0.000000000e0,1.271353364e0,6.236849785e0,-5.208208561e-1
train,2520,CCC12NC1C(C)C2=O,5.872217178e0,0.000000000e0,0.000000000e0,1.271353364e0,5.872217178e0,-8.076274395e-1
train,2521,O=C1CCC(O)CN1,7.273603439e0,0.000000000e0,0.000000000e0,1.271353364e0,7.273603439e0,2.946513891e-1
train,2522,C[NH2+]C1[NH+](C)C2CC21O,6.054533005e0,0.000000000e0,0.000000000e0,1.271353364e0,6.054533005e0,-6.642245054e-1
train,2523,C[NH2+]C1OCC1C1CO1,7.526669502e0,0.000000000e0,0.000000000e0,1.271353364e0,7.526669502e0,4.937038124e-1
train,2524,CC(C#N)C1CCCC1,9.461399078e0,0.000000000e0,0.000000000e0,1.271353364e0,9.461399078e0,2.015490770e0
train,2525,COC1CC(=O)C(=O)O1,4.699406624e0,0.000000000e0,0.000000000e0,1.271353364e0,4.699406624e0,-1.730116963e0
train,2526,CCC1C2C3COC3C12,8.432807922e0,0.000000000e0,0.000000000e0,1.271353364e0,8.432807922e0,1.206438899e0
train,2527,CC1(O)C(O)C1(O)C#N,6.976998806e0,0.000000000e0,0.000000000e0,1.271353364e0,6.976998806e0,6.135310605e-2
train,2528,CC1C2C(=O)OC12CO,7.434150696e0,0.000000000e0,0.000000000e0,1.271353364e0,7.434150696e0,4.209319353e-1
train,2529,CC(OC=O)C1CO1,7.545717239e0,0.000000000e0,0.000000000e0,1.271353364e0,7.545717239e0,5.086860657e-1
train,2530,C#CCC(C#N)[NH+]1CC1,7.469525814e0,0.000000000e0,0.000000000e0,1.271353364e0,7.469525814e0,4.487566948e-1
train,2531,OCC1[NH2+]C2CC(C2)O1,7.298093796e0,0.000000000e0,0.000000000e0,1.271353364e0,7.298093796e0,3.139145970e-1
train,2532,C#Cc1ccnc(N)c1,4.827299595e0,0.000000000e0,0.000000000e0,1.271353364e0,4.827299595e0,-1.629521132e0
train,2533,C#CC1C([NH-])OC12CC2,7.461361885e0,0.000000000e0,0.000000000e0,1.271353364e0,7.461361885e0,4.423352480e-1
train,2534,CC12CC(CO)(O1)C2=O,6.590597630e0,0.000000000e0,0.000000000e0,1.271353364e0,6.590597630e0,-2.425758243e-1
train,2535,COC1C=CC2(C)OC12,6.525290489e0,0.000000000e0,0.000000000e0,1.271353364e0,6.525290489e0,-2.939440012e-1
train,2536,O=CNCC1CC2CC12,7.526669502e0,0.000000000e0,0.000000000e0,1.271353364e0,7.526669502e0,4.937038124e-1
train,2537,C#CC1CCC=C(C)C1,7.091287136e0,0.000000000e0,0.000000000e0,1.271353364e0,7.091287136e0,1.512480974e-1
train,2538,OCC1(O)C2CC(O)C21,8.141646385e0,0.000000000e0,0.000000000e0,1.271353364e0,8.141646385e0,9.774219990e-1
train,2539,N#CCOCC1CO1,7.779735088e0,0.000000000e0,0.000000000e0,1.271353364e0,7.779735088e0,6.927558780e-1
train,2540,CC1C2CC(C)(C=O)C12,5.945687771e0,0.000000000e0,0.000000000e0,1.271353364e0,5.945687771e0,-7.498381734e-1
train,2541,C#CC1C(C)C1C(C)=O,5.989225864e0,0.000000000e0,0.000000000e0,1.271353364e0,5.989225864e0,-7.155926824e-1
train,2542,C#CC12CNC(=O)C1O2,6.525290489e0,0.000000000e0,0.000000000e0,1.271353364e0,6.525290489e0,-2.939440012e-1
train,2543,C#Cc1c(N)coc1C,5.322546959e0,0.000000000e0,0.000000000e0,1.271353364e0,5.322546959e0,-1.239977717e0
train,2544,COC1C(C)C1(O)C=O,5.488536358e0,0.000000000e0,0.000000000e0,1.271353364e0,5.488536358e0,-1.109416604e0
train,2545,CC1(C)CC(C)(O)C1,8.756624222e0,0.000000000e0,0.000000000e0,1.271353364e0,8.756624222e0,1.461140871e0
train,2546,CC1C(O)C=CC12CC2,6.691279888e0,0.000000000e0,0.000000000e0,1.271353364e0,6.691279888e0,-1.633828729e-1
train,2547,O=Cc1cocn1,5.485815525e0,0.000000000e0,0.000000000e0,1.271353364e0,5.485815525e0,-1.111556768e0
train,2548,CC1COC2CC(C2)O1,8.587913513e0,0.000000000e0,0.000000000e0,1.271353364e0,8.587913513e0,1.328439236e0
train,2549,C#CC[NH+]1CC2OCC21,7.050469875e0,0.000000000e0,0.000000000e0,1.271353364e0,7.050469875e0,1.191427410e-1
train,2550,CC#CC1C2OCC12C,7.466804028e0,0.000000000e0,0.000000000e0,1.271353364e0,7.466804028e0,4.466158450e-1
train,2551,C#CCC1C2OCC12O,7.891301632e0,0.000000000e0,0.000000000e0,1.271353364e0,7.891301632e0,7.805100083e-1
train,2552,CC(=O)c1ccoc1N,4.879001141e0,0.000000000e0,0.000000000e0,1.271353364e0,4.879001141e0,-1.588854551e0
train,2553,CC1C(CO)CN1C=O,7.181085110e0,0.000000000e0,0.000000000e0,1.271353364e0,7.181085110e0,2.218798697e-1
train,2554,O=C1CCN1CCO,7.540275097e0,0.000000000e0,0.000000000e0,1.271353364e0,7.540275097e0,5.044054985e-1
train,2555,CC1CC2C(O)CC12,8.764787674e0,0.000000000e0,0.000000000e0,1.271353364e0,8.764787674e0,1.467561960e0
train,2556,CC12C3CC1(C#N)C2N3,7.036864281e0,0.000000000e0,0.000000000e0,1.271353364e0,7.036864281e0,1.084410846e-1
train,2557,C#CC12OC3C=CC1C32,5.602824211e0,0.000000000e0,0.000000000e0,1.271353364e0,5.602824211e0,-1.019521952e0
train,2558,C#CC12CC1C1CCC12,6.996047020e0,0.000000000e0,0.000000000e0,1.271353364e0,6.996047020e0,7.633572817e-2
train,2559,CNc1cocc1OC,6.155215263e0,0.000000000e0,0.000000000e0,1.271353364e0,6.155215263e0,-5.850315690e-1
train,2560,Cn1ccnc1C1CO1,6.288550854e0,0.000000000e0,0.000000000e0,1.271353364e0,6.288550854e0,-4.801546931e-1
train,2561,C#CC1(O)CC2OC2C1,7.937561512e0,0.000000000e0,0.000000000e0,1.271353364e0,7.937561512e0,8.168963194e-1
train,2562,C#CCNC1COC1[NH-],7.140267849e0,0.000000000e0,0.000000000e0,1.271353364e0,7.140267849e0,1.897745132e-1
train,2563,CC1C2C3CC2(C)C13O,8.783835411e0,0.000000000e0,0.000000000e0,1.271353364e0,8.783835411e0,1.482544184e0
train,2564,O=C1CC2NC1C2O,5.934803009e0,0.000000000e0,0.000000000e0,1.271353364e0,5.934803009e0,-7.583997250e-1
train,2565,CC12CC1C=CN2C=O,5.518469334e0,0.000000000e0,0.000000000e0,1.271353364e0,5.518469334e0,-1.085872412e0
train,2566,Nc1occc(=O)c1F,5.254518509e0,0.000000000e0,0.000000000e0,1.271353364e0,5.254518509e0,-1.293486476e0
train,2567,CC12CC3CC(C1)C2C3,9.567523003e0,0.000000000e0,0.000000000e0,1.271353364e0,9.567523003e0,2.098963976e0
train,2568,C#CC1C2CC1C2(C)O,7.611024857e0,0.000000000e0,0.000000000e0,1.271353364e0,7.611024857e0,5.600546598e-1
train,2569,O=CC(=O)OCC1CO1,4.922539711e0,0.000000000e0,0.000000000e0,1.271353364e0,4.922539711e0,-1.554608703e0
train,2570,CCC1(O)CC(=O)C1O,5.964735985e0,0.000000000e0,0.000000000e0,1.271353364e0,5.964735985e0,-7.348555326e-1
train,2571,CC1CC([NH-])OC1CO,7.714427471e0,0.000000000e0,0.000000000e0,1.271353364e0,7.714427471e0,6.413873434e-1
train,2572,N#CC1(O)COCC1N,6.843663692e0,0.000000000e0,0.000000000e0,1.271353364e0,6.843663692e0,-4.352338240e-2
train,2573,CC1C(O)C12CC(=O)C2,6.040927887e0,0.000000000e0,0.000000000e0,1.271353364e0,6.040927887e0,-6.749258041e-1
train,2574,C#CC1CN1C(=O)CO,6.873596191e0,0.000000000e0,0.000000000e0,1.271353364e0,6.873596191e0,-1.997958124e-2
train,2575,N#CC1CC2CN2C1=O,6.500800133e0,0.000000000e0,0.000000000e0,1.271353364e0,6.500800133e0,-3.132072389e-1
train,2576,O=C1C2C(O)C3C2N13,6.677673817e0,0.000000000e0,0.000000000e0,1.271353364e0,6.677673817e0,-1.740849018e-1
train,2577,O=CC12NC1C1OCC12,5.700785160e0,0.000000000e0,0.000000000e0,1.271353364e0,5.700785160e0,-9.424695373e-1
train,2578,CC1C2C(O)C1C2(C)C,8.925334930e0,0.000000000e0,0.000000000e0,1.271353364e0,8.925334930e0,1.593842506e0
train,2579,CC12CC(C#N)[NH+](C1)C2,7.308978081e0,0.000000000e0,0.000000000e0,1.271353364e0,7.308978081e0,3.224757612e-1
train,2580,CC1=CC2(C)CC1C2O,6.517127037e0,0.000000000e0,0.000000000e0,1.271353364e0,6.517127037e0,-3.003650904e-1
train,2581,CC12CCC(NO)C1O2,6.620530128e0,0.000000000e0,0.000000000e0,1.271353364e0,6.620530128e0,-2.190320194e-1
train,2582,CC1CC2CC12[NH+]1CC1,8.364779472e0,0.000000000e0,0.000000000e0,1.271353364e0,8.364779472e0,1.152930260e0
train,2583,C#CC12CC(C)=CC1O2,6.440935135e0,0.000000000e0,0.000000000e0,1.271353364e0,6.440935135e0,-3.602948189e-1
train,2584,O=CC1C=CCN=CO1,5.790582657e0,0.000000000e0,0.000000000e0,1.271353364e0,5.790582657e0,-8.718381524e-1
train,2585,C#CC1(CO)CCC1C,8.068176270e0,0.000000000e0,0.000000000e0,1.271353364e0,8.068176270e0,9.196330905e-1
train,2586,NC(=O)C#CC1CO1,6.236849785e0,0.000000000e0,0.000000000e0,1.271353364e0,6.236849785e0,-5.208208561e-1
train,2587,CC1OC12CNC2C=O,5.744323254e0,0.000000000e0,0.000000000e0,1.271353364e0,5.744323254e0,-9.082240462e-1
train,2588,CCc1ccoc1,6.593318939e0,0.000000000e0,0.000000000e0,1.271353364e0,6.593318939e0,-2.404353470e-1
train,2589,[NH-]c1nc([NH+]=CN)no1,1.883027911e0,0.000000000e0,0.000000000e0,1.271353364e0,1.883027911e0,-3.945376635e0
train,2590,C1=NCCCCCO1,7.031421661e0,0.000000000e0,0.000000000e0,1.271353364e0,7.031421661e0,1.041601151e-1
train,2591,COCC[NH+]1C2CCC21,8.759345055e0,0.000000000e0,0.000000000e0,1.271353364e0,8.759345055e0,1.463281035e0
train,2592,COCC#CC1CO1,7.344352722e0,0.000000000e0,0.000000000e0,1.271353364e0,7.344352722e0,3.503001630e-1
train,2593,N#CCc1cc(N)on1,6.141610146e0,0.000000000e0,0.000000000e0,1.271353364e0,6.141610146e0,-5.957328677e-1
train,2594,CC1(C)OC(=O)C1CO,7.567486763e0,0.000000000e0,0.000000000e0,1.271353364e0,7.567486763e0,5.258091688e-1
train,2595,C#CC1OC1C(F)(F)F,7.651841640e0,0.000000000e0,0.000000000e0,1.271353364e0,7.651841640e0,5.921596289e-1
train,2596,CC1CC2CC(O1)C2O,8.609682083e0,0.000000000e0,0.000000000e0,1.271353364e0,8.609682083e0,1.345561624e0
train,2597,Cc1cocnc1=O,5.684458733e0,0.000000000e0,0.000000000e0,1.271353364e0,5.684458733e0,-9.553112984e-1
train,2598,c1[nH]nc2c1NCC2,5.825957775e0,0.000000000e0,0.000000000e0,1.271353364e0,5.825957775e0,-8.440133929e-1
train,2599,O=COC1C=CCC1=O,5.741602421e0,0.000000000e0,0.000000000e0,1.271353364e0,5.741602421e0,-9.103641510e-1
train,2600,CCC(C(C)=O)C1CC1,6.204195976e0,0.000000000e0,0.000000000e0,1.271353364e0,6.204195976e0,-5.465051532e-1
train,2601,CC1CC=CC2CC12,6.710327625e0,0.000000000e0,0.000000000e0,1.271353364e0,6.710327625e0,-1.484006196e-1
train,2602,CCNc1n[nH]cc1N,6.030043125e0,0.000000000e0,0.000000000e0,1.271353364e0,6.030043125e0,-6.834873557e-1
train,2603,N#CC1(C=O)CN1,6.157936573e0,0.000000000e0,0.000000000e0,1.271353364e0,6.157936573e0,-5.828910470e-1
train,2604,CC1(C=O)COC(=O)N1,5.747044563e0,0.000000000e0,0.000000000e0,1.271353364e0,5.747044563e0,-9.060835838e-1
train,2605,CC1C2OCC12CCO,8.269539833e0,0.000000000e0,0.000000000e0,1.271353364e0,8.269539833e0,1.078018308e0
train,2606,OCC1C2OC3C[NH+]1C32,7.270882130e0,0.000000000e0,0.000000000e0,1.271353364e0,7.270882130e0,2.925108969e-1
train,2607,COc1n[nH]nc1CO,6.220522881e0,0.000000000e0,0.000000000e0,1.271353364e0,6.220522881e0,-5.336629748e-1
train,2608,[NH-]C1OC(CCO)C1N,7.289929867e0,0.000000000e0,0.000000000e0,1.271353364e0,7.289929867e0,3.074931502e-1
train,2609,O=Cc1ccccc1,5.227307320e0,0.000000000e0,0.000000000e0,1.271353364e0,5.227307320e0,-1.314889789e0
train,2610,CC1CC2C(C1)C2(C)C,9.064112663e0,0.000000000e0,0.000000000e0,1.271353364e0,9.064112663e0,1.702999949e0
train,2611,CC(C=O)C1CC1C=O,5.981062412e0,0.000000000e0,0.000000000e0,1.271353364e0,5.981062412e0,-7.220137715e-1
train,2612,CC1C2C(CO)[NH2+][CH+][NH+]12,6.242291927e0,0.000000000e0,0.000000000e0,1.271353364e0,6.242291927e0,-5.165402293e-1
train,2613,CC1CC2(C[NH2+][CH+]O2)C1,7.333467960e0,0.000000000e0,0.000000000e0,1.271353364e0,7.333467960e0,3.417386115e-1
train,2614,CCC12CC=C(C)C1N2,6.424608231e0,0.000000000e0,0.000000000e0,1.271353364e0,6.424608231e0,-3.731369674e-1
train,2615,CC1C2C=CC1(C)CC2,7.004210949e0,0.000000000e0,0.000000000e0,1.271353364e0,7.004210949e0,8.275717497e-2
train,2616,FC(F)(F)c1ccoc1,6.655904770e0,0.000000000e0,0.000000000e0,1.271353364e0,6.655904770e0,-1.912076324e-1
train,2617,CC12NC(=O)C1(C)C2O,6.726654530e0,0.000000000e0,0.000000000e0,1.271353364e0,6.726654530e0,-1.355584860e-1
train,2618,CC(N)(C#N)CC1CN1,7.447756290e0,0.000000000e0,0.000000000e0,1.271353364e0,7.447756290e0,4.316335917e-1
train,2619,C#Cc1cc(O)[nH]c1N,5.344316006e0,0.000000000e0,0.000000000e0,1.271353364e0,5.344316006e0,-1.222855091e0
train,2620,CC1[NH+]2C3C(=O)C1(O)C32,6.193311214e0,0.000000000e0,0.000000000e0,1.271353364e0,6.193311214e0,-5.550667048e-1
train,2621,CCC(C#N)C1(C)CN1,7.553880215e0,0.000000000e0,0.000000000e0,1.271353364e0,7.553880215e0,5.151067972e-1
train,2622,O=CC(O)c1ncno1,5.997389793e0,0.000000000e0,0.000000000e0,1.271353364e0,5.997389793e0,-7.091712356e-1
train,2623,O=CC12CCC1(C=O)C2,5.259960651e0,0.000000000e0,0.000000000e0,1.271353364e0,5.259960651e0,-1.289205909e0
train,2624,CC1NC1COCC#N,7.314420223e0,0.000000000e0,0.000000000e0,1.271353364e0,7.314420223e0,3.267563581e-1
train,2625,CCC1CC=C(C)CO1,7.142988205e0,0.000000000e0,0.000000000e0,1.271353364e0,7.142988205e0,1.919142455e-1
train,2626,CC1=CC(=O)NC1,5.926640034e0,0.000000000e0,0.000000000e0,1.271353364e0,5.926640034e0,-7.648203969e-1
train,2627,C#CC1(O)CC1C#N,7.306257248e0,0.000000000e0,0.000000000e0,1.271353364e0,7.306257248e0,3.203356564e-1
train,2628,C[NH2+]C1OC=CN=C1N,4.465388775e0,0.000000000e0,0.000000000e0,1.271353364e0,4.465388775e0,-1.914186835e0
train,2629,CCOc1c[nH]c(N)n1,6.092629433e0,0.000000000e0,0.000000000e0,1.271353364e0,6.092629433e0,-6.342592835e-1
train,2630,CC12C3CC1C2C3C#N,8.013752937e0,0.000000000e0,0.000000000e0,1.271353364e0,8.013752937e0,8.768256903e-1
train,2631,CC#Cc1c[nH]cc1C,5.923918724e0,0.000000000e0,0.000000000e0,1.271353364e0,5.923918724e0,-7.669609189e-1
train,2632,N#CC1CC(=O)CC1O,6.008274078e0,0.000000000e0,0.000000000e0,1.271353364e0,6.008274078e0,-7.006101012e-1
train,2633,C#CCc1cn(C)cn1,6.791961670e0,0.000000000e0,0.000000000e0,1.271353364e0,6.791961670e0,-8.419028670e-2
train,2634,CC([NH-])OC1CC2CC21,7.801504612e0,0.000000000e0,0.000000000e0,1.271353364e0,7.801504612e0,7.098789811e-1
train,2635,CC12C=CC(CO)C1O2,6.704885483e0,0.000000000e0,0.000000000e0,1.271353364e0,6.704885483e0,-1.526812166e-1
train,2636,OC12C=CC3OC1CC32,6.402839184e0,0.000000000e0,0.000000000e0,1.271353364e0,6.402839184e0,-3.902597129e-1
train,2637,CCC1=C(C=O)CCN1,4.810973167e0,0.000000000e0,0.000000000e0,1.271353364e0,4.810973167e0,-1.642362833e0
train,2638,OCC1(O)CCC12CC2,8.343010902e0,0.000000000e0,0.000000000e0,1.271353364e0,8.343010902e0,1.135807872e0
train,2639,CCC(O)C(O)C1CC1,8.413760185e0,0.000000000e0,0.000000000e0,1.271353364e0,8.413760185e0,1.191456676e0
train,2640,CC1=C(C)C2C3CC1[NH+]32,5.953851223e0,0.000000000e0,0.000000000e0,1.271353364e0,5.953851223e0,-7.434170842e-1
train,2641,CC(=O)CC1C2COC21,6.239571095e0,0.000000000e0,0.000000000e0,1.271353364e0,6.239571095e0,-5.186803937e-1
train,2642,CC1CC2(C)COC12,8.460020065e0,0.000000000e0,0.000000000e0,1.271353364e0,8.460020065e0,1.227843046e0
train,2643,C#CC1CCC(O)C1,8.465462685e0,0.000000000e0,0.000000000e0,1.271353364e0,8.465462685e0,1.232123971e0
train,2644,CCNC1C(C)OC1[NH-],6.952508926e0,0.000000000e0,0.000000000e0,1.271353364e0,6.952508926e0,4.209026694e-2
train,2645,CCC1CC2CC(=O)N12,6.375627518e0,0.000000000e0,0.000000000e0,1.271353364e0,6.375627518e0,-4.116633832e-1
train,2646,CCC1C=CC2CC2O1,6.702164173e0,0.000000000e0,0.000000000e0,1.271353364e0,6.702164173e0,-1.548216939e-1
train,2647,C1OCC(C2CC2)O1,9.235544205e0,0.000000000e0,0.000000000e0,1.271353364e0,9.235544205e0,1.837841749e0
train,2648,C[NH+]1CC2OCC21C,7.491294384e0,0.000000000e0,0.000000000e0,1.271353364e0,7.491294384e0,4.658790529e-1
train,2649,[NH-]C1CCCCC(=O)O1,6.781077385e0,0.000000000e0,0.000000000e0,1.271353364e0,6.781077385e0,-9.275146574e-2
train,2650,CC(=O)C1[NH2+][CH+]OC1C,5.975620270e0,0.000000000e0,0.000000000e0,1.271353364e0,5.975620270e0,-7.262943387e-1
train,2651,CCC1CC=CC1C=O,5.692621708e0,0.000000000e0,0.000000000e0,1.271353364e0,5.692621708e0,-9.488906264e-1
train,2652,CCC1C2COCC12C,8.827373505e0,0.000000000e0,0.000000000e0,1.271353364e0,8.827373505e0,1.516789675e0
train,2653,C#CCC1(C#N)COC1,7.777014256e0,0.000000000e0,0.000000000e0,1.271353364e0,7.777014256e0,6.906157732e-1
train,2654,C#CCCC1(C)CO1,8.536211014e0,0.000000000e0,0.000000000e0,1.271353364e0,8.536211014e0,1.287771940e0
train,2655,CC1(C)C(NO)C2C[NH+]21,6.405560493e0,0.000000000e0,0.000000000e0,1.271353364e0,6.405560493e0,-3.881192207e-1
train,2656,CC1(C)C2C3CC2C31,1.008181858e1,0.000000000e0,0.000000000e0,1.271353364e0,1.008181858e1,2.503489971e0
train,2657,C#Cc1ccco1,5.357921600e0,0.000000000e0,0.000000000e0,1.271353364e0,5.357921600e0,-1.212153435e0
train,2658,COC1C2CCC1C2C,9.107650757e0,0.000000000e0,0.000000000e0,1.271353364e0,9.107650757e0,1.737245440e0
train,2659,CC12CC1C1(C)NC21,7.722591400e0,0.000000000e0,0.000000000e0,1.271353364e0,7.722591400e0,6.478087902e-1
train,2660,CCC1C2OC(C)C12C,8.413760185e0,0.000000000e0,0.000000000e0,1.271353364e0,8.413760185e0,1.191456676e0
train,2661,CCOC([NH-])C1COC1,7.447756290e0,0.000000000e0,0.000000000e0,1.271353364e0,7.447756290e0,4.316335917e-1
train,2662,CC1CC2COC12C#N,7.336189747e0,0.000000000e0,0.000000000e0,1.271353364e0,7.336189747e0,3.438794613e-1
train,2663,CC1C2(O)CC1(O)C2,8.541653633e0,0.000000000e0,0.000000000e0,1.271353364e0,8.541653633e0,1.292052984e0
train,2664,CC1(C)C2C3C2[NH+]2C3C21,8.081781387e0,0.000000000e0,0.000000000e0,1.271353364e0,8.081781387e0,9.303343892e-1
train,2665,C#Cc1nn[nH]c1CO,6.166100025e0,0.000000000e0,0.000000000e0,1.271353364e0,6.166100025e0,-5.764700174e-1
train,2666,C#CC1C2OCC12C=O,5.630035877e0,0.000000000e0,0.000000000e0,1.271353364e0,5.630035877e0,-9.981183410e-1
train,2667,CCC1(C(C)=O)C[NH+]1C,5.869495869e0,0.000000000e0,0.000000000e0,1.271353364e0,5.869495869e0,-8.097679019e-1
train,2668,O=CN1CC12CC1OC12,6.791961670e0,0.000000000e0,0.000000000e0,1.271353364e0,6.791961670e0,-8.419028670e-2
train,2669,COC(C(C)O)C1CN1,8.737575531e0,0.000000000e0,0.000000000e0,1.271353364e0,8.737575531e0,1.446157932e0
train,2670,COC1C2C3COC3C12,8.228722572e0,0.000000000e0,0.000000000e0,1.271353364e0,8.228722572e0,1.045912862e0
train,2671,O=CC1OC2CC1C2=O,5.319826126e0,0.000000000e0,0.000000000e0,1.271353364e0,5.319826126e0,-1.242117882e0
train,2672,CCC1C(=O)OCC1O,7.496736526e0,0.000000000e0,0.000000000e0,1.271353364e0,7.496736526e0,4.701596498e-1
train,2673,CC1=CCC(C)C(=O)C1,6.089908123e0,0.000000000e0,0.000000000e0,1.271353364e0,6.089908123e0,-6.363997459e-1
train,2674,CC12CC(O)C(C)(C1)O2,8.827373505e0,0.000000000e0,0.000000000e0,1.271353364e0,8.827373505e0,1.516789675e0
train,2675,c1nocc1C1CC1,6.563386440e0,0.000000000e0,0.000000000e0,1.271353364e0,6.563386440e0,-2.639791369e-1
train,2676,CC1=CC2C(O)C2C1C,6.291272163e0,0.000000000e0,0.000000000e0,1.271353364e0,6.291272163e0,-4.780142009e-1
train,2677,CC1C2C(C)C(C)(C)C12,8.868190765e0,0.000000000e0,0.000000000e0,1.271353364e0,8.868190765e0,1.548895001e0
train,2678,CNc1ccnc(C)n1,5.714390755e0,0.000000000e0,0.000000000e0,1.271353364e0,5.714390755e0,-9.317678809e-1
train,2679,OCC12CC(C1)C2,9.202890396e0,0.000000000e0,0.000000000e0,1.271353364e0,9.202890396e0,1.812157393e0
train,2680,CC12CC3C(O)C(C1)[NH+]32,7.630072594e0,0.000000000e0,0.000000000e0,1.271353364e0,7.630072594e0,5.750368834e-1
train,2681,O=[N+]([O-])c1cccnc1,4.963356972e0,0.000000000e0,0.000000000e0,1.271353364e0,4.963356972e0,-1.522503376e0
train,2682,Nc1coc(OC=O)c1,5.336152554e0,0.000000000e0,0.000000000e0,1.271353364e0,5.336152554e0,-1.229276061e0
train,2683,CC1C(C)C2OC2C1C,8.990641594e0,0.000000000e0,0.000000000e0,1.271353364e0,8.990641594e0,1.645210385e0
train,2684,CCn1cc(N)c(O)c1,6.119840622e0,0.000000000e0,0.000000000e0,1.271353364e0,6.119840622e0,-6.128559709e-1
train,2685,COc1cc(C)c(C)[nH]1,6.375627518e0,0.000000000e0,0.000000000e0,1.271353364e0,6.375627518e0,-4.116633832e-1
train,2686,CC(C)C12CC(=O)C1N2,6.030043125e0,0.000000000e0,0.000000000e0,1.271353364e0,6.030043125e0,-6.834873557e-1
train,2687,COc1cnncn1,4.938866615e0,0.000000000e0,0.000000000e0,1.271353364e0,4.938866615e0,-1.541766644e0
train,2688,CC(O)C1C2CC(=O)C21,6.285830498e0,0.000000000e0,0.000000000e0,1.271353364e0,6.285830498e0,-4.822944105e-1
train,2689,CC1(C)C(O)C1(C)C#N,7.994705200e0,0.000000000e0,0.000000000e0,1.271353364e0,7.994705200e0,8.618434668e-1
train,2690,[NH-]C1OC(=O)C2(O)CC12,6.625972271e0,0.000000000e0,0.000000000e0,1.271353364e0,6.625972271e0,-2.147514373e-1
train,2691,N#CCNc1ncon1,6.236849785e0,0.000000000e0,0.000000000e0,1.271353364e0,6.236849785e0,-5.208208561e-1
train,2692,CC1(O)COC2CC21C,7.763408184e0,0.000000000e0,0.000000000e0,1.271353364e0,7.763408184e0,6.799137592e-1
train,2693,C#CC12OCC1C2O,6.590597630e0,0.000000000e0,0.000000000e0,1.271353364e0,6.590597630e0,-2.425758243e-1
train,2694,CC1(O)COCC1C=O,5.921197414e0,0.000000000e0,0.000000000e0,1.271353364e0,5.921197414e0,-7.691013813e-1
train,2695,CC(O)C1NC1C,8.609682083e0,0.000000000e0,0.000000000e0,1.271353364e0,8.609682083e0,1.345561624e0
train,2696,CC1CC2OC1CC2=O,5.847726822e0,0.000000000e0,0.000000000e0,1.271353364e0,5.847726822e0,-8.268906474e-1
train,2697,C[NH2+]C1NCC(C#N)O1,6.315762520e0,0.000000000e0,0.000000000e0,1.271353364e0,6.315762520e0,-4.587509930e-1
train,2698,CC1(O)C2CC3(C)C2C13,8.571586609e0,0.000000000e0,0.000000000e0,1.271353364e0,8.571586609e0,1.315597177e0
train,2699,Nc1cnc(O)nn1,4.383754253e0,0.000000000e0,0.000000000e0,1.271353364e0,4.383754253e0,-1.978397489e0
train,2700,CC(=O)C1(C=O)CC1,6.057254314e0,0.000000000e0,0.000000000e0,1.271353364e0,6.057254314e0,-6.620840430e-1
train,2701,[NH-]C1OCC1C(=O)C=O,4.277629852e0,0.000000000e0,0.000000000e0,1.271353364e0,4.277629852e0,-2.061871052e0
train,2702,CCC12CC(C1=O)C2O,6.342973709e0,0.000000000e0,0.000000000e0,1.271353364e0,6.342973709e0,-4.373476803e-1
train,2703,COC1(C#N)CCC1,7.975656986e0,0.000000000e0,0.000000000e0,1.271353364e0,7.975656986e0,8.468608260e-1
train,2704,CC1=CC(C#N)OCC1,7.058633804e0,0.000000000e0,0.000000000e0,1.271353364e0,7.058633804e0,1.255641878e-1
train,2705,Cc1[nH]ncc1[N+](=O)[O-],5.434113503e0,0.000000000e0,0.000000000e0,1.271353364e0,5.434113503e0,-1.152223587e0
train,2706,C#CC12OCC1C2OC,6.421886921e0,0.000000000e0,0.000000000e0,1.271353364e0,6.421886921e0,-3.752774596e-1
train,2707,[NH-]C1C=CN=C(N)O1,4.960635662e0,0.000000000e0,0.000000000e0,1.271353364e0,4.960635662e0,-1.524643898e0
train,2708,CCOCC1CC(C)O1,8.846421242e0,0.000000000e0,0.000000000e0,1.271353364e0,8.846421242e0,1.531771898e0
train,2709,CCC1(C=O)CC([NH-])O1,5.872217178e0,0.000000000e0,0.000000000e0,1.271353364e0,5.872217178e0,-8.076274395e-1
train,2710,N#CCC(=NO)C1CC1,6.514405727e0,0.000000000e0,0.000000000e0,1.271353364e0,6.514405727e0,-3.025055826e-1
train,2711,COC1CC2C(C)C2O1,8.639615059e0,0.000000000e0,0.000000000e0,1.271353364e0,8.639615059e0,1.369105816e0
train,2712,N#CC1OC2CC=CC12,6.985162735e0,0.000000000e0,0.000000000e0,1.271353364e0,6.985162735e0,6.777454913e-2
train,2713,CC(C)C1OCC1C,8.653220177e0,0.000000000e0,0.000000000e0,1.271353364e0,8.653220177e0,1.379807115e0
train,2714,OCCC1[NH2+]C2CC2O1,7.118498325e0,0.000000000e0,0.000000000e0,1.271353364e0,7.118498325e0,1.726514101e-1
train,2715,ONC1C2C3CC1(O)C32,6.996047020e0,0.000000000e0,0.000000000e0,1.271353364e0,6.996047020e0,7.633572817e-2
train,2716,CC1C(C)C1CCC=O,6.160657883e0,0.000000000e0,0.000000000e0,1.271353364e0,6.160657883e0,-5.807505846e-1
train,2717,[NH-]C1OCCNC1CO,6.734817982e0,0.000000000e0,0.000000000e0,1.271353364e0,6.734817982e0,-1.291374117e-1
train,2718,OCC1(C2CC2)CCO1,8.707643509e0,0.000000000e0,0.000000000e0,1.271353364e0,8.707643509e0,1.422614455e0
train,2719,CC1N2C(=O)C(O)C12C,6.057254314e0,0.000000000e0,0.000000000e0,1.271353364e0,6.057254314e0,-6.620840430e-1
train,2720,N#CCC1CN1,7.831437111e0,0.000000000e0,0.000000000e0,1.271353364e0,7.831437111e0,7.334228158e-1
train,2721,CC1OC1C1(O)CC1O,8.457298279e0,0.000000000e0,0.000000000e0,1.271353364e0,8.457298279e0,1.225702167e0
train,2722,C[NH+]1CC(OCCO)C1,7.981099606e0,0.000000000e0,0.000000000e0,1.271353364e0,7.981099606e0,8.511418104e-1
train,2723,[H]N=CNc1cnc(C)o1,6.370185375e0,0.000000000e0,0.000000000e0,1.271353364e0,6.370185375e0,-4.159439802e-1
train,2724,CC1CC2C1=CC1CC12,6.459982872e0,0.000000000e0,0.000000000e0,1.271353364e0,6.459982872e0,-3.453125954e-1
train,2725,O=C1OC2CC=CC12,6.721211910e0,0.000000000e0,0.000000000e0,1.271353364e0,6.721211910e0,-1.398394406e-1
train,2726,CC1=CC2OC2C1CO,6.530732632e0,0.000000000e0,0.000000000e0,1.271353364e0,6.530732632e0,-2.896634340e-1
train,2727,CC(C)(O)c1ccon1,6.868154049e0,0.000000000e0,0.000000000e0,1.271353364e0,6.868154049e0,-2.426017076e-2
train,2728,Oc1cccc(F)c1F,6.250455379e0,0.000000000e0,0.000000000e0,1.271353364e0,6.250455379e0,-5.101191998e-1
train,2729,COc1cc(O)no1,6.748423576e0,0.000000000e0,0.000000000e0,1.271353364e0,6.748423576e0,-1.184357479e-1
train,2730,CCC1(O)C(O)C2OC21,8.190627098e0,0.000000000e0,0.000000000e0,1.271353364e0,8.190627098e0,1.015948415e0
train,2731,CC1C2[NH+]1CC21NC1C,7.845042706e0,0.000000000e0,0.000000000e0,1.271353364e0,7.845042706e0,7.441244721e-1
train,2732,COC1C2CC3C1[NH+]3C2,8.669547081e0,0.000000000e0,0.000000000e0,1.271353364e0,8.669547081e0,1.392649174e0
train,2733,COCC1C[NH+]1C1CC1,8.198790550e0,0.000000000e0,0.000000000e0,1.271353364e0,8.198790550e0,1.022369504e0
train,2734,CC12CCC1(C)OC2,8.514442444e0,0.000000000e0,0.000000000e0,1.271353364e0,8.514442444e0,1.270649672e0
train,2735,[H]N=CNC(=O)C1(C)CC1,6.506242275e0,0.000000000e0,0.000000000e0,1.271353364e0,6.506242275e0,-3.089266419e-1
train,2736,CC1(O)COC1C=O,5.858611107e0,0.000000000e0,0.000000000e0,1.271353364e0,5.858611107e0,-8.183294535e-1
train,2737,Cc1onc(CO)c1C,6.451819897e0,0.000000000e0,0.000000000e0,1.271353364e0,6.451819897e0,-3.517332673e-1
train,2738,[NH-]C1C=C(C=O)C(=O)O1,4.144294262e0,0.000000000e0,0.000000000e0,1.271353364e0,4.144294262e0,-2.166748047e0
train,2739,CN1CCn2cccc21,6.065417767e0,0.000000000e0,0.000000000e0,1.271353364e0,6.065417767e0,-6.556629539e-1
train,2740,CCC1=CC(=O)CC1,5.273566723e0,0.000000000e0,0.000000000e0,1.271353364e0,5.273566723e0,-1.278503776e0
train,2741,CC1=CC(O)CC1,7.028701305e0,0.000000000e0,0.000000000e0,1.271353364e0,7.028701305e0,1.020203903e-1
train,2742,CC(CC1COC1)=NO,6.900807381e0,0.000000000e0,0.000000000e0,1.271353364e0,6.900807381e0,1.423737383e-3
train,2743,CCCCC1(C)COC1,8.568865776e0,0.000000000e0,0.000000000e0,1.271353364e0,8.568865776e0,1.313457012e0
train,2744,Cn1nc(O)c(O)n1,5.828679085e0,0.000000000e0,0.000000000e0,1.271353364e0,5.828679085e0,-8.418728709e-1
train,2745,CC(=O)C1(O)C2CCC21,5.850448132e0,0.000000000e0,0.000000000e0,1.271353364e0,5.850448132e0,-8.247501254e-1
train,2746,O=CC1CC2(C=O)C[NH+]12,5.570170403e0,0.000000000e0,0.000000000e0,1.271353364e0,5.570170403e0,-1.045206308e0
train,2747,CC1=CC(C)C2(C)NC12,6.647741318e0,0.000000000e0,0.000000000e0,1.271353364e0,6.647741318e0,-1.976287067e-1
train,2748,CC1CC(O)C2CC1O2,8.492672920e0,0.000000000e0,0.000000000e0,1.271353364e0,8.492672920e0,1.253526568e0
train,2749,CC1(O)C([NH-])OC2CC21,7.349795341e0,0.000000000e0,0.000000000e0,1.271353364e0,7.349795341e0,3.545811176e-1
train,2750,CC(CC(N)=O)C1CO1,7.581092358e0,0.000000000e0,0.000000000e0,1.271353364e0,7.581092358e0,5.365108252e-1
train,2751,C#CC1C2C(C#N)C[NH+]12,7.167478561e0,0.000000000e0,0.000000000e0,1.271353364e0,7.167478561e0,2.111774683e-1
train,2752,CC(C)C1C2CC1C2=O,6.835499763e0,0.000000000e0,0.000000000e0,1.271353364e0,6.835499763e0,-4.994482920e-2
train,2753,CC1(O)CC=CC1C=O,5.752487183e0,0.000000000e0,0.000000000e0,1.271353364e0,5.752487183e0,-9.018025994e-1
train,2754,Cc1cnc(N)nc1O,5.551122665e0,0.000000000e0,0.000000000e0,1.271353364e0,5.551122665e0,-1.060188532e0
train,2755,N#CC1(N)C2OC([NH-])C21,6.982441425e0,0.000000000e0,0.000000000e0,1.271353364e0,6.982441425e0,6.563407183e-2
train,2756,COC1COCC2OC12,8.699480057e0,0.000000000e0,0.000000000e0,1.271353364e0,8.699480057e0,1.416193366e0
train,2757,OC1C2CC3CC1C3C2,8.715806961e0,0.000000000e0,0.000000000e0,1.271353364e0,8.715806961e0,1.429035544e0
train,2758,OCCC12COCC1N2,8.794719696e0,0.000000000e0,0.000000000e0,1.271353364e0,8.794719696e0,1.491105437e0
train,2759,CC1C(O)C2(O)C(O)C12,7.847763538e0,0.000000000e0,0.000000000e0,1.271353364e0,7.847763538e0,7.462645769e-1
train,2760,C#CC1CN(C(N)=O)C1,7.428708553e0,0.000000000e0,0.000000000e0,1.271353364e0,7.428708553e0,4.166513383e-1
train,2761,CC(O)c1ccc(N)o1,5.888543606e0,0.000000000e0,0.000000000e0,1.271353364e0,5.888543606e0,-7.947856784e-1
train,2762,CC1OC(C#N)C1=O,6.024600506e0,0.000000000e0,0.000000000e0,1.271353364e0,6.024600506e0,-6.877683401e-1
train,2763,Cc1nc(N)nn1C,6.163379192e0,0.000000000e0,0.000000000e0,1.271353364e0,6.163379192e0,-5.786101222e-1
train,2764,O=CCOCC1CCC1,6.231407166e0,0.000000000e0,0.000000000e0,1.271353364e0,6.231407166e0,-5.251018405e-1
train,2765,OCCC1C2CCOC12,8.552538872e0,0.000000000e0,0.000000000e0,1.271353364e0,8.552538872e0,1.300614834e0
train,2766,CC1CC2C3C1CC23O,8.838258743e0,0.000000000e0,0.000000000e0,1.271353364e0,8.838258743e0,1.525351644e0
train,2767,CC12C3C4CC1(C)[NH+]4C32,8.168857574e0,0.000000000e0,0.000000000e0,1.271353364e0,8.168857574e0,9.988253117e-1
train,2768,[NH-]C1CC2(C=O)CC2O1,6.122561455e0,0.000000000e0,0.000000000e0,1.271353364e0,6.122561455e0,-6.107158661e-1
train,2769,N#CC1=CCCC2CC12,5.853169441e0,0.000000000e0,0.000000000e0,1.271353364e0,5.853169441e0,-8.226096630e-1
train,2770,Cc1nc(O)c(C#N)[nH]1,5.474930763e0,0.000000000e0,0.000000000e0,1.271353364e0,5.474930763e0,-1.120118260e0
train,2771,C1CC2CCC1CO2,8.228722572e0,0.000000000e0,0.000000000e0,1.271353364e0,8.228722572e0,1.045912862e0
train,2772,CC1C2NC2C2C(C)[NH+]12,7.586534500e0,0.000000000e0,0.000000000e0,1.271353364e0,7.586534500e0,5.407914519e-1
train,2773,[NH-]c1cc[nH+]c(N)c1F,5.017779827e0,0.000000000e0,0.000000000e0,1.271353364e0,5.017779827e0,-1.479696393e0
train,2774,CC1OCCC1C(N)=O,7.341631889e0,0.000000000e0,0.000000000e0,1.271353364e0,7.341631889e0,3.481600583e-1
train,2775,CC1CCCC2(O)CC12,8.873632431e0,0.000000000e0,0.000000000e0,1.271353364e0,8.873632431e0,1.553175211e0
train,2776,CC12CC(CC1CO)C2,9.265477180e0,0.000000000e0,0.000000000e0,1.271353364e0,9.265477180e0,1.861385942e0
train,2777,C#CCC1CN1C(N)=O,7.627351284e0,0.000000000e0,0.000000000e0,1.271353364e0,7.627351284e0,5.728964210e-1
train,2778,CC1C(NO)C2C[NH+]1C2,6.579712868e0,0.000000000e0,0.000000000e0,1.271353364e0,6.579712868e0,-2.511373758e-1
train,2779,CC1(C#N)CC1(C)C#N,8.174300194e0,0.000000000e0,0.000000000e0,1.271353364e0,8.174300194e0,1.003106236e0
train,2780,COC1(C)C=CCC1=O,5.877659321e0,0.000000000e0,0.000000000e0,1.271353364e0,5.877659321e0,-8.033468127e-1
train,2781,CC1=C(C)C2OCC1O2,6.587876320e0,0.000000000e0,0.000000000e0,1.271353364e0,6.587876320e0,-2.447163016e-1
train,2782,O=COCCCC1CO1,7.714427471e0,0.000000000e0,0.000000000e0,1.271353364e0,7.714427471e0,6.413873434e-1
train,2783,CC1CCC(=O)C1NO,4.506205559e0,0.000000000e0,0.000000000e0,1.271353364e0,4.506205559e0,-1.882081866e0
train,2784,CC12C3C[NH+]4C1C4(C)C32,8.196069717e0,0.000000000e0,0.000000000e0,1.271353364e0,8.196069717e0,1.020229340e0
train,2785,Nc1[nH]ccc1NC=O,5.825957775e0,0.000000000e0,0.000000000e0,1.271353364e0,5.825957775e0,-8.440133929e-1
train,2786,CC1C2C3OC3C12,7.763408184e0,0.000000000e0,0.000000000e0,1.271353364e0,7.763408184e0,6.799137592e-1
train,2787,CCC1(O)C2C=CC1C2,6.511684418e0,0.000000000e0,0.000000000e0,1.271353364e0,6.511684418e0,-3.046460450e-1
train,2788,C#CC1(COC)COC1,8.002868652e0,0.000000000e0,0.000000000e0,1.271353364e0,8.002868652e0,8.682645559e-1
train,2789,CC12CCC(CO1)C2=O,5.605545521e0,0.000000000e0,0.000000000e0,1.271353364e0,5.605545521e0,-1.017381549e0
train,2790,Cc1ccc(C(N)=O)o1,5.458603859e0,0.000000000e0,0.000000000e0,1.271353364e0,5.458603859e0,-1.132960439e0
train,2791,CNc1n[nH]c(NC)n1,6.519847870e0,0.000000000e0,0.000000000e0,1.271353364e0,6.519847870e0,-2.982249856e-1
train,2792,N#CC(N)C1(CO)CN1,7.379727840e0,0.000000000e0,0.000000000e0,1.271353364e0,7.379727840e0,3.781249225e-1
train,2793,CCC1OC2(C#N)CC12,6.966114998e0,0.000000000e0,0.000000000e0,1.271353364e0,6.966114998e0,5.279230326e-2
train,2794,C#CC12CC(=O)C1N2,5.692621708e0,0.000000000e0,0.000000000e0,1.271353364e0,5.692621708e0,-9.488906264e-1
train,2795,CCCC1CC1(C)O,8.827373505e0,0.000000000e0,0.000000000e0,1.271353364e0,8.827373505e0,1.516789675e0
train,2796,CC1CC2(CC2)C([NH-])O1,7.572928429e0,0.000000000e0,0.000000000e0,1.271353364e0,7.572928429e0,5.300893784e-1
train,2797,CC(CCO)C1OC1C,9.080439568e0,0.000000000e0,0.000000000e0,1.271353364e0,9.080439568e0,1.715842128e0
train,2798,Nc1nccnc1F,5.123903751e0,0.000000000e0,0.000000000e0,1.271353364e0,5.123903751e0,-1.396223187e0
train,2799,CC#CC1C(=O)CC1C,5.711669922e0,0.000000000e0,0.000000000e0,1.271353364e0,5.711669922e0,-9.339079857e-1
train,2800,CC1OC(C2CC2)C1O,8.163415909e0,0.000000000e0,0.000000000e0,1.271353364e0,8.163415909e0,9.945451021e-1
train,2801,OC12CCC1OC2,8.133483887e0,0.000000000e0,0.000000000e0,1.271353364e0,8.133483887e0,9.710016847e-1
train,2802,CCC1(O)CCC1C=O,5.951130390e0,0.000000000e0,0.000000000e0,1.271353364e0,5.951130390e0,-7.455571890e-1
train,2803,CC1=CC(O)C=CCC1,6.220522881e0,0.000000000e0,0.000000000e0,1.271353364e0,6.220522881e0,-5.336629748e-1
train,2804,CNc1cc(C)c(N)o1,5.877659321e0,0.000000000e0,0.000000000e0,1.271353364e0,5.877659321e0,-8.033468127e-1
train,2805,CCC1CC(C)N=CO1,7.385169983e0,0.000000000e0,0.000000000e0,1.271353364e0,7.385169983e0,3.824055195e-1
train,2806,C#CC1(O)CC=C(C)C1,7.137547016e0,0.000000000e0,0.000000000e0,1.271353364e0,7.137547016e0,1.876344085e-1
train,2807,C#CC1(O)C2COC21,6.892644405e0,0.000000000e0,0.000000000e0,1.271353364e0,6.892644405e0,-4.996958189e-3
train,2808,CC(O)C1OCC12CO2,8.394712448e0,0.000000000e0,0.000000000e0,1.271353364e0,8.394712448e0,1.176474452e0
train,2809,N#CC1C(=O)C[NH+]2CC12,5.491257668e0,0.000000000e0,0.000000000e0,1.271353364e0,5.491257668e0,-1.107276082e0
train,2810,CC1Cn2c1cnc2O,6.816452026e0,0.000000000e0,0.000000000e0,1.271353364e0,6.816452026e0,-6.492707878e-2
train,2811,CC1OCCC1C=O,6.065417767e0,0.000000000e0,0.000000000e0,1.271353364e0,6.065417767e0,-6.556629539e-1
train,2812,CC1OC2C[NH+]3C1C23C,8.492672920e0,0.000000000e0,0.000000000e0,1.271353364e0,8.492672920e0,1.253526568e0
train,2813,C#CC1CC2C(C)C2O1,7.551159859e0,0.000000000e0,0.000000000e0,1.271353364e0,7.551159859e0,5.129670501e-1
train,2814,CCC(O)C12CCC1C2,8.604239464e0,0.000000000e0,0.000000000e0,1.271353364e0,8.604239464e0,1.341280699e0
train,2815,CC1=CC(C)C(C)CC1,7.118498325e0,0.000000000e0,0.000000000e0,1.271353364e0,7.118498325e0,1.726514101e-1
train,2816,CC1COC1C1CC1,8.781113625e0,0.000000000e0,0.000000000e0,1.271353364e0,8.781113625e0,1.480403304e0
train,2817,CC(C)[NH+]1CC1CC=O,5.589218616e0,0.000000000e0,0.000000000e0,1.271353364e0,5.589218616e0,-1.030223608e0
train,2818,CO[CH+][NH2+]C1(C)CC1,6.824615955e0,0.000000000e0,0.000000000e0,1.271353364e0,6.824615955e0,-5.850563198e-2
train,2819,COC12CCCC1C2,9.034179688e0,0.000000000e0,0.000000000e0,1.271353364e0,9.034179688e0,1.679455757e0
train,2820,C#CC12CNC1CN2,6.865432262e0,0.000000000e0,0.000000000e0,1.271353364e0,6.865432262e0,-2.640102804e-2
train,2821,COC1(C(C)(C)O)CC1,8.696758270e0,0.000000000e0,0.000000000e0,1.271353364e0,8.696758270e0,1.414052486e0
train,2822,CC(C)(C)C12CCC1C2,8.699480057e0,0.000000000e0,0.000000000e0,1.271353364e0,8.699480057e0,1.416193366e0
train,2823,C#CC12CCC1(C#N)C2,6.601481915e0,0.000000000e0,0.000000000e0,1.271353364e0,6.601481915e0,-2.340146452e-1
train,2824,C[NH2+]C1NCC(=O)C1O,5.159278870e0,0.000000000e0,0.000000000e0,1.271353364e0,5.159278870e0,-1.368398428e0
train,2825,C[NH+]1CCC(=O)C1CO,5.872217178e0,0.000000000e0,0.000000000e0,1.271353364e0,5.872217178e0,-8.076274395e-1
train,2826,CC1NC2[NH2+]CCC12O,6.421886921e0,0.000000000e0,0.000000000e0,1.271353364e0,6.421886921e0,-3.752774596e-1
train,2827,C#CC1=NC2CC2CO1,5.640920639e0,0.000000000e0,0.000000000e0,1.271353364e0,5.640920639e0,-9.895567298e-1
train,2828,OC1C=C2CC(O)C2C1,6.691279888e0,0.000000000e0,0.000000000e0,1.271353364e0,6.691279888e0,-1.633828729e-1
train,2829,CC1C2CC(O2)C1(C)O,8.351174355e0,0.000000000e0,0.000000000e0,1.271353364e0,8.351174355e0,1.142228961e0
train,2830,[NH-]C1NC=NCC1O,6.234128475e0,0.000000000e0,0.000000000e0,1.271353364e0,6.234128475e0,-5.229613185e-1
train,2831,CCC1=CC2C(O)C2C1,6.348416328e0,0.000000000e0,0.000000000e0,1.271353364e0,6.348416328e0,-4.330667257e-1
train,2832,O=C1OC2(CO)CC12,7.589255333e0,0.000000000e0,0.000000000e0,1.271353364e0,7.589255333e0,5.429315567e-1
train,2833,CCc1nc(O)cn1C,6.035485268e0,0.000000000e0,0.000000000e0,1.271353364e0,6.035485268e0,-6.792067289e-1
train,2834,O=CC12CC3CC(O1)C32,5.586497784e0,0.000000000e0,0.000000000e0,1.271353364e0,5.586497784e0,-1.032363772e0
train,2835,CCCc1cc(N)on1,6.332089424e0,0.000000000e0,0.000000000e0,1.271353364e0,6.332089424e0,-4.459088445e-1
train,2836,OCC1=CCC(CO)C1,7.072239399e0,0.000000000e0,0.000000000e0,1.271353364e0,7.072239399e0,1.362658441e-1
train,2837,N#CC1CCN=CO1,7.240949631e0,0.000000000e0,0.000000000e0,1.271353364e0,7.240949631e0,2.689670920e-1
train,2838,Nc1nc(O)nc(=O)[nH]1,6.247734070e0,0.000000000e0,0.000000000e0,1.271353364e0,6.247734070e0,-5.122596622e-1
train,2839,CC1NC1C1(O)CC1C,7.894023418e0,0.000000000e0,0.000000000e0,1.271353364e0,7.894023418e0,7.826508880e-1
train,2840,CC1C(=O)C2CC12,6.176984310e0,0.000000000e0,0.000000000e0,1.271353364e0,6.176984310e0,-5.679088235e-1
train,2841,CC12C[NH+]3CC(O)C1C32,7.703543663e0,0.000000000e0,0.000000000e0,1.271353364e0,7.703543663e0,6.328265071e-1
train,2842,N#CC(N)C(N)C1CN1,7.213738441e0,0.000000000e0,0.000000000e0,1.271353364e0,7.213738441e0,2.475637794e-1
train,2843,CC1C(C=O)C1(C)C#N,5.942966461e0,0.000000000e0,0.000000000e0,1.271353364e0,5.942966461e0,-7.519786358e-1
train,2844,CC1(C2CO2)COC1,8.609682083e0,0.000000000e0,0.000000000e0,1.271353364e0,8.609682083e0,1.345561624e0
train,2845,[NH-]C1OCC2NC21,7.232786179e0,0.000000000e0,0.000000000e0,1.271353364e0,7.232786179e0,2.625460327e-1
train,2846,O=CC12OCC1OC2=O,5.518469334e0,0.000000000e0,0.000000000e0,1.271353364e0,5.518469334e0,-1.085872412e0
train,2847,CC(O)C1NC(=O)C1O,7.289929867e0,0.000000000e0,0.000000000e0,1.271353364e0,7.289929867e0,3.074931502e-1
train,2848,OC1(C2CO2)CCC1,9.026016235e0,0.000000000e0,0.000000000e0,1.271353364e0,9.026016235e0,1.673034787e0
train,2849,CC1C=CC2C(=O)OC12,6.710327625e0,0.000000000e0,0.000000000e0,1.271353364e0,6.710327625e0,-1.484006196e-1
train,2850,CC1NC(CC#N)C1=O,5.888543606e0,0.000000000e0,0.000000000e0,1.271353364e0,5.888543606e0,-7.947856784e-1
train,2851,CCc1c[nH]nc1C#N,6.386512280e0,0.000000000e0,0.000000000e0,1.271353364e0,6.386512280e0,-4.031018317e-1
train,2852,N#CC1C2C3CCC3C12,7.994705200e0,0.000000000e0,0.000000000e0,1.271353364e0,7.994705200e0,8.618434668e-1
train,2853,OC1CC2[CH-]COC12,6.342973709e0,0.000000000e0,0.000000000e0,1.271353364e0,6.342973709e0,-4.373476803e-1
train,2854,COC1CCC(NO)C1,6.783798695e0,0.000000000e0,0.000000000e0,1.271353364e0,6.783798695e0,-9.061098099e-2
train,2855,CCC1OCC1NO,6.666789532e0,0.000000000e0,0.000000000e0,1.271353364e0,6.666789532e0,-1.826460809e-1
train,2856,CCOC1COCOC1,8.846421242e0,0.000000000e0,0.000000000e0,1.271353364e0,8.846421242e0,1.531771898e0
train,2857,CC12CC3(O)C(CC13)O2,8.419202805e0,0.000000000e0,0.000000000e0,1.271353364e0,8.419202805e0,1.195737600e0
train,2858,CC(O)C1(C)OCCO1,8.767508507e0,0.000000000e0,0.000000000e0,1.271353364e0,8.767508507e0,1.469702125e0
train,2859,CCOCc1ncon1,6.299435616e0,0.000000000e0,0.000000000e0,1.271353364e0,6.299435616e0,-4.715931416e-1
train,2860,CC1Cc2ocnc2O1,5.556564808e0,0.000000000e0,0.000000000e0,1.271353364e0,5.556564808e0,-1.055907965e0
train,2861,COc1cc(N)[nH]c1N,6.111677170e0,0.000000000e0,0.000000000e0,1.271353364e0,6.111677170e0,-6.192770004e-1
train,2862,CC12CC1C1C2N1C=O,6.307599545e0,0.000000000e0,0.000000000e0,1.271353364e0,6.307599545e0,-4.651716948e-1
train,2863,CC(=O)c1cnnnn1,3.975583553e0,0.000000000e0,0.000000000e0,1.271353364e0,3.975583553e0,-2.299449444e0
train,2864,N#CC#CC(=O)C1CO1,4.898049831e0,0.000000000e0,0.000000000e0,1.271353364e0,4.898049831e0,-1.573871613e0
train,2865,CC1CCCCOC=N1,7.083124161e0,0.000000000e0,0.000000000e0,1.271353364e0,7.083124161e0,1.448273957e-1
train,2866,Cn1nnc(N)n1,5.937524319e0,0.000000000e0,0.000000000e0,1.271353364e0,5.937524319e0,-7.562592030e-1
train,2867,CCCC(=O)N1CC1,6.898086548e0,0.000000000e0,0.000000000e0,1.271353364e0,6.898086548e0,-7.163694827e-4
train,2868,C[n+]1ccc([NH-])c(O)n1,4.693964005e0,0.000000000e0,0.000000000e0,1.271353364e0,4.693964005e0,-1.734398007e0
train,2869,C[NH+]1C2CC(N)C21C#N,6.791961670e0,0.000000000e0,0.000000000e0,1.271353364e0,6.791961670e0,-8.419028670e-2
train,2870,O=C1CC(O)C(O)CN1,7.262719154e0,0.000000000e0,0.000000000e0,1.271353364e0,7.262719154e0,2.860901952e-1
train,2871,CC1C(=O)C=CC1(C)O,5.208259583e0,0.000000000e0,0.000000000e0,1.271353364e0,5.208259583e0,-1.329872012e0
train,2872,CC12COC1C(CO)N2,7.567486763e0,0.000000000e0,0.000000000e0,1.271353364e0,7.567486763e0,5.258091688e-1
train,2873,CCn1ncc(C)n1,6.800125122e0,0.000000000e0,0.000000000e0,1.271353364e0,6.800125122e0,-7.776921988e-2
train,2874,C#CC1(C)CC12CCO2,7.491294384e0,0.000000000e0,0.000000000e0,1.271353364e0,7.491294384e0,4.658790529e-1
train,2875,C#CCC1CC1(C)CO,8.517163277e0,0.000000000e0,0.000000000e0,1.271353364e0,8.517163277e0,1.272789717e0
train,2876,COC(C)C(=O)C1CC1,6.130725384e0,0.000000000e0,0.000000000e0,1.271353364e0,6.130725384e0,-6.042944193e-1
train,2877,CC1CCCCC(=O)O1,7.148430824e0,0.000000000e0,0.000000000e0,1.271353364e0,7.148430824e0,1.961952150e-1
train,2878,C#Cc1oc(C)nc1N,4.919818878e0,0.000000000e0,0.000000000e0,1.271353364e0,4.919818878e0,-1.556748867e0
train,2879,Cc1oc(=O)[nH]c1CO,6.190590382e0,0.000000000e0,0.000000000e0,1.271353364e0,6.190590382e0,-5.572068095e-1
train,2880,C[NH+]1CC(O)C1CC#N,7.311699390e0,0.000000000e0,0.000000000e0,1.271353364e0,7.311699390e0,3.246162534e-1
train,2881,OC12C3C[NH+]4C3C1(O)C42,7.458641052e0,0.000000000e0,0.000000000e0,1.271353364e0,7.458641052e0,4.401951432e-1
train,2882,CC(=O)Nc1ncon1,6.288550854e0,0.000000000e0,0.000000000e0,1.271353364e0,6.288550854e0,-4.801546931e-1
train,2883,CC1[NH+](C)C12CC(O)C2,7.951167107e0,0.000000000e0,0.000000000e0,1.271353364e0,7.951167107e0,8.275979757e-1
train,2884,Cc1cc(=O)nc(N)o1,5.703506470e0,0.000000000e0,0.000000000e0,1.271353364e0,5.703506470e0,-9.403290749e-1
train,2885,COc1c[nH]nc1C=O,5.194653511e0,0.000000000e0,0.000000000e0,1.271353364e0,5.194653511e0,-1.340574026e0
train,2886,COc1c[nH]c(CO)n1,6.016437531e0,0.000000000e0,0.000000000e0,1.271353364e0,6.016437531e0,-6.941890121e-1
train,2887,C#CC1(C(C)CO)CO1,7.692658901e0,0.000000000e0,0.000000000e0,1.271353364e0,7.692658901e0,6.242649555e-1
train,2888,Nc1nc(O)c[nH]1,6.206917286e0,0.000000000e0,0.000000000e0,1.271353364e0,6.206917286e0,-5.443646312e-1
train,2889,C#CCn1nnnn1,6.802846432e0,0.000000000e0,0.000000000e0,1.271353364e0,6.802846432e0,-7.562873513e-2
train,2890,CCNc1cc(N)c[nH]1,5.959293365e0,0.000000000e0,0.000000000e0,1.271353364e0,5.959293365e0,-7.391365170e-1
train,2891,CC1CCC1C1CC1,9.379764557e0,0.000000000e0,0.000000000e0,1.271353364e0,9.379764557e0,1.951280117e0
train,2892,CC(=NO)C1(O)CC1,6.617809296e0,0.000000000e0,0.000000000e0,1.271353364e0,6.617809296e0,-2.211721241e-1
train,2893,CNc1nc[nH]c(=O)n1,5.714390755e0,0.000000000e0,0.000000000e0,1.271353364e0,5.714390755e0,-9.317678809e-1
train,2894,N#CC#CC[NH+]1CC1,5.864053726e0,0.000000000e0,0.000000000e0,1.271353364e0,5.864053726e0,-8.140484691e-1
train,2895,C#CC1NC1CCC=O,6.168820858e0,0.000000000e0,0.000000000e0,1.271353364e0,6.168820858e0,-5.743299127e-1
train,2896,COC1CC2C3CC1[NH+]23,8.430087090e0,0.000000000e0,0.000000000e0,1.271353364e0,8.430087090e0,1.204298854e0
train,2897,CC1([NH+]2CC2)CC1CO,8.040965080e0,0.000000000e0,0.000000000e0,1.271353364e0,8.040965080e0,8.982297778e-1
train,2898,CC1(C#N)CCC(O)C1,8.865469933e0,0.000000000e0,0.000000000e0,1.271353364e0,8.865469933e0,1.546754956e0
train,2899,CC1(C)CC2(C)CC12O,8.389269829e0,0.000000000e0,0.000000000e0,1.271353364e0,8.389269829e0,1.172193408e0
train,2900,CC1(O)C[NH2+]C2NCC21,6.859990120e0,0.000000000e0,0.000000000e0,1.271353364e0,6.859990120e0,-3.068161570e-2
train,2901,CC1OC2C3NC2C13O,7.692658901e0,0.000000000e0,0.000000000e0,1.271353364e0,7.692658901e0,6.242649555e-1
train,2902,C#CC1C2NC2C1(C)C,7.621908665e0,0.000000000e0,0.000000000e0,1.271353364e0,7.621908665e0,5.686154366e-1
train,2903,CC1(C#N)CC1O,8.457298279e0,0.000000000e0,0.000000000e0,1.271353364e0,8.457298279e0,1.225702167e0
train,2904,CC12CC(C=O)[NH+]1C2,5.877659321e0,0.000000000e0,0.000000000e0,1.271353364e0,5.877659321e0,-8.033468127e-1
train,2905,CC12CC(=O)C1(CO)N2,5.948409081e0,0.000000000e0,0.000000000e0,1.271353364e0,5.948409081e0,-7.476976514e-1
train,2906,Nc1nc(N)c(C=O)o1,4.843626976e0,0.000000000e0,0.000000000e0,1.271353364e0,4.843626976e0,-1.616678596e0
train,2907,Cc1cnccc1CO,6.258618832e0,0.000000000e0,0.000000000e0,1.271353364e0,6.258618832e0,-5.036981106e-1
train,2908,O=CCC1OC1CO,6.098071575e0,0.000000000e0,0.000000000e0,1.271353364e0,6.098071575e0,-6.299786568e-1
train,2909,CCC12CC1C1CC12O,7.526669502e0,0.000000000e0,0.000000000e0,1.271353364e0,7.526669502e0,4.937038124e-1
train,2910,CC12CC1C(O)C21CO1,8.375664711e0,0.000000000e0,0.000000000e0,1.271353364e0,8.375664711e0,1.161492229e0
train,2911,N#CC1C=CC2NC12,6.606924534e0,0.000000000e0,0.000000000e0,1.271353364e0,6.606924534e0,-2.297336757e-1
train,2912,CC#CC(C)C[NH+]1CC1,8.084503174e0,0.000000000e0,0.000000000e0,1.271353364e0,8.084503174e0,9.324752688e-1
train,2913,CC1C2C=CC3C1[NH+]23,5.812351704e0,0.000000000e0,0.000000000e0,1.271353364e0,5.812351704e0,-8.547154069e-1
train,2914,CC1=CCCC(O)CC1,6.922576904e0,0.000000000e0,0.000000000e0,1.271353364e0,6.922576904e0,1.854684204e-2
train,2915,C#CCCc1cnn[nH]1,6.805567265e0,0.000000000e0,0.000000000e0,1.271353364e0,6.805567265e0,-7.348863035e-2
train,2916,C#CC12CCC(O1)C2C,7.314420223e0,0.000000000e0,0.000000000e0,1.271353364e0,7.314420223e0,3.267563581e-1
train,2917,CCC1CC2OC2CO1,9.202890396e0,0.000000000e0,0.000000000e0,1.271353364e0,9.202890396e0,1.812157393e0
train,2918,O=C1CC(CO)CCO1,7.379727840e0,0.000000000e0,0.000000000e0,1.271353364e0,7.379727840e0,3.781249225e-1
train,2919,CC1C=CCC(CO)O1,7.224623203e0,0.000000000e0,0.000000000e0,1.271353364e0,7.224623203e0,2.561253309e-1
train,2920,CC12COC3C1NC32,8.557980537e0,0.000000000e0,0.000000000e0,1.271353364e0,8.557980537e0,1.304895043e0
train,2921,CCC1CCC1(C)CC,9.600176811e0,0.000000000e0,0.000000000e0,1.271353364e0,9.600176811e0,2.124648333e0
train,2922,CC1(C)OC2CCCC21,8.666826248e0,0.000000000e0,0.000000000e0,1.271353364e0,8.666826248e0,1.390509129e0
train,2923,CC1OC2C=CC1C2O,6.707606792e0,0.000000000e0,0.000000000e0,1.271353364e0,6.707606792e0,-1.505407244e-1
train,2924,CC12CC(NO)C1C2,6.669510841e0,0.000000000e0,0.000000000e0,1.271353364e0,6.669510841e0,-1.805056036e-1
train,2925,CC1C2C(=O)C3[NH+]1C23C,6.174263477e0,0.000000000e0,0.000000000e0,1.271353364e0,6.174263477e0,-5.700489283e-1
train,2926,O=CNC(C=O)C1CN1,5.613708973e0,0.000000000e0,0.000000000e0,1.271353364e0,5.613708973e0,-1.010960460e0
train,2927,Nc1ccc(=O)[nH]c1,4.231370449e0,0.000000000e0,0.000000000e0,1.271353364e0,4.231370449e0,-2.098257065e0
train,2928,O=CNc1nn[nH]n1,6.144330502e0,0.000000000e0,0.000000000e0,1.271353364e0,6.144330502e0,-5.935931206e-1
train,2929,CC1C(=O)C2(C)OC12,5.787861824e0,0.000000000e0,0.000000000e0,1.271353364e0,5.787861824e0,-8.739782572e-1
train,2930,CC1CC(O)(C#N)C1=O,5.472209930e0,0.000000000e0,0.000000000e0,1.271353364e0,5.472209930e0,-1.122258425e0
train,2931,COC1(C)C(O)C1C#N,7.551159859e0,0.000000000e0,0.000000000e0,1.271353364e0,7.551159859e0,5.129670501e-1
train,2932,C#CC12C(=O)OC1C2O,6.465425014e0,0.000000000e0,0.000000000e0,1.271353364e0,6.465425014e0,-3.410319984e-1
train,2933,CC1NC(C#N)C1C#N,7.208295822e0,0.000000000e0,0.000000000e0,1.271353364e0,7.208295822e0,2.432828248e-1
train,2934,CC1C(O)CC2COC21,8.128041267e0,0.000000000e0,0.000000000e0,1.271353364e0,8.128041267e0,9.667207003e-1
train,2935,CCC1C2OC3C1C23C,8.198790550e0,0.000000000e0,0.000000000e0,1.271353364e0,8.198790550e0,1.022369504e0
train,2936,C#CC12C3CC1(C)C[NH+]32,6.928018570e0,0.000000000e0,0.000000000e0,1.271353364e0,6.928018570e0,2.282705717e-2
train,2937,[NH-]c1[nH+]nnc(N)c1N,4.046332836e0,0.000000000e0,0.000000000e0,1.271353364e0,4.046332836e0,-2.243800879e0
train,2938,CC1C2CC(C)(C)C12O,8.522605896e0,0.000000000e0,0.000000000e0,1.271353364e0,8.522605896e0,1.277070761e0
train,2939,N#CCCc1ccno1,6.625972271e0,0.000000000e0,0.000000000e0,1.271353364e0,6.625972271e0,-2.147514373e-1
train,2940,N#CCC1=NCC([NH-])N1,6.250455379e0,0.000000000e0,0.000000000e0,1.271353364e0,6.250455379e0,-5.101191998e-1
train,2941,C#CC(N)c1ncco1,6.606924534e0,0.000000000e0,0.000000000e0,1.271353364e0,6.606924534e0,-2.297336757e-1
train,2942,O=CC1C=CC2OC12,5.714390755e0,0.000000000e0,0.000000000e0,1.271353364e0,5.714390755e0,-9.317678809e-1
train,2943,Nc1cnoc(=O)c1N,4.329331398e0,0.000000000e0,0.000000000e0,1.271353364e0,4.329331398e0,-2.021204472e0
train,2944,OC1(CC2CC2)CC1,8.876354218e0,0.000000000e0,0.000000000e0,1.271353364e0,8.876354218e0,1.555316091e0
train,2945,CCC1OC1(C#N)CC,8.144367218e0,0.000000000e0,0.000000000e0,1.271353364e0,8.144367218e0,9.795621037e-1
train,2946,O=CC1OCC1(O)C=O,5.156557560e0,0.000000000e0,0.000000000e0,1.271353364e0,5.156557560e0,-1.370538950e0
train,2947,CC1CCCCC1C#N,9.238265991e0,0.000000000e0,0.000000000e0,1.271353364e0,9.238265991e0,1.839982510e0
train,2948,CC(=O)CC1NC1C#N,6.389233112e0,0.000000000e0,0.000000000e0,1.271353364e0,6.389233112e0,-4.009617269e-1
train,2949,Cn1cc(N)nn1,5.864053726e0,0.000000000e0,0.000000000e0,1.271353364e0,5.864053726e0,-8.140484691e-1
train,2950,C#CC12C[NH+]1C(C)(C)C2,6.922576904e0,0.000000000e0,0.000000000e0,1.271353364e0,6.922576904e0,1.854684204e-2
train,2951,O=CCc1cnco1,5.616430283e0,0.000000000e0,0.000000000e0,1.271353364e0,5.616430283e0,-1.008819938e0
train,2952,Fc1ccccn1,6.198753357e0,0.000000000e0,0.000000000e0,1.271353364e0,6.198753357e0,-5.507860780e-1
train,2953,O=CC1CCC=CCC1,5.986505032e0,0.000000000e0,0.000000000e0,1.271353364e0,5.986505032e0,-7.177327871e-1
train,2954,CC(C)c1ccn(C)n1,7.006931782e0,0.000000000e0,0.000000000e0,1.271353364e0,7.006931782e0,8.489727974e-2
train,2955,C#CC1C=CC2(C)CC12,6.718491554e0,0.000000000e0,0.000000000e0,1.271353364e0,6.718491554e0,-1.419791728e-1
train,2956,C#CC1(CCC)OC1C,7.766129494e0,0.000000000e0,0.000000000e0,1.271353364e0,7.766129494e0,6.820542216e-1
train,2957,CC(O)C1(O)C(C)C1C,8.440972328e0,0.000000000e0,0.000000000e0,1.271353364e0,8.440972328e0,1.212860703e0
train,2958,CC(C)C1(C)NC1CO,8.533491135e0,0.000000000e0,0.000000000e0,1.271353364e0,8.533491135e0,1.285632610e0
train,2959,CC12C(=O)[CH-]C3CC1C32,4.372869492e0,0.000000000e0,0.000000000e0,1.271353364e0,4.372869492e0,-1.986959100e0
train,2960,CC1C2COC12,8.566143990e0,0.000000000e0,0.000000000e0,1.271353364e0,8.566143990e0,1.311316133e0
train,2961,CCOCC1CCC1O,8.715806961e0,0.000000000e0,0.000000000e0,1.271353364e0,8.715806961e0,1.429035544e0
train,2962,CCC12C=CC(C1)C2C,6.432771206e0,0.000000000e0,0.000000000e0,1.271353364e0,6.432771206e0,-3.667162657e-1
train,2963,C#CC1=CCOC1=O,5.415065765e0,0.000000000e0,0.000000000e0,1.271353364e0,5.415065765e0,-1.167205930e0
train,2964,C#Cc1nc(C)[nH]c1O,5.891264915e0,0.000000000e0,0.000000000e0,1.271353364e0,5.891264915e0,-7.926451564e-1
train,2965,CC1(NC=O)C2CC1C2,7.589255333e0,0.000000000e0,0.000000000e0,1.271353364e0,7.589255333e0,5.429315567e-1
train,2966,CC12CCC1(C)C2C=O,6.117119789e0,0.000000000e0,0.000000000e0,1.271353364e0,6.117119789e0,-6.149960756e-1
train,2967,O=COCC(=O)N1CC1,6.677673817e0,0.000000000e0,0.000000000e0,1.271353364e0,6.677673817e0,-1.740849018e-1
train,2968,CC1C2CC3(CO3)C12O,8.538932800e0,0.000000000e0,0.000000000e0,1.271353364e0,8.538932800e0,1.289912820e0
train,2969,NC1=NC(CO)COC1,6.832778931e0,0.000000000e0,0.000000000e0,1.271353364e0,6.832778931e0,-5.208493397e-2
train,2970,N#CC12CC(O)C1C2,7.850484848e0,0.000000000e0,0.000000000e0,1.271353364e0,7.850484848e0,7.484050393e-1
train,2971,O=c1ncc(F)c[nH]1,4.547022343e0,0.000000000e0,0.000000000e0,1.271353364e0,4.547022343e0,-1.849976897e0
train,2972,C#CC12CC1N[CH+][NH2+]2,6.729375839e0,0.000000000e0,0.000000000e0,1.271353364e0,6.729375839e0,-1.334179938e-1
train,2973,O=CC1(O)C2C3C[NH+]2C31,5.469488621e0,0.000000000e0,0.000000000e0,1.271353364e0,5.469488621e0,-1.124398828e0
train,2974,Cc1cnc(N)nn1,4.522532463e0,0.000000000e0,0.000000000e0,1.271353364e0,4.522532463e0,-1.869239688e0
train,2975,C[NH2+]C1CCN1C(N)=O,6.593318939e0,0.000000000e0,0.000000000e0,1.271353364e0,6.593318939e0,-2.404353470e-1
train,2976,Cc1c[nH]c(C2CC2)c1,6.334810734e0,0.000000000e0,0.000000000e0,1.271353364e0,6.334810734e0,-4.437683821e-1
train,2977,N#CC1CCOC([NH-])O1,7.134825230e0,0.000000000e0,0.000000000e0,1.271353364e0,7.134825230e0,1.854935586e-1
train,2978,CC1=CC([NH-])OC(=O)C1,5.866774559e0,0.000000000e0,0.000000000e0,1.271353364e0,5.866774559e0,-8.119083643e-1
train,2979,COCC1CCC([NH-])O1,7.812388420e0,0.000000000e0,0.000000000e0,1.271353364e0,7.812388420e0,7.184398174e-1
train,2980,COc1nn[nH]c1N,5.831399918e0,0.000000000e0,0.000000000e0,1.271353364e0,5.831399918e0,-8.397327662e-1
train,2981,[NH3+]C1CC1(CO)C(=O)[O-],4.198717117e0,0.000000000e0,0.000000000e0,1.271353364e0,4.198717117e0,-2.123940945e0
train,2982,CC1=CC(=O)N2C(C)C12,5.455882549e0,0.000000000e0,0.000000000e0,1.271353364e0,5.455882549e0,-1.135100961e0
train,2983,O=CC1(C=O)C[NH2+][CH+]N1,5.129346371e0,0.000000000e0,0.000000000e0,1.271353364e0,5.129346371e0,-1.391942263e0
train,2984,CCCC1OCC12CO2,8.840979576e0,0.000000000e0,0.000000000e0,1.271353364e0,8.840979576e0,1.527491689e0
train,2985,CNC(C#N)C1COC1,7.529390335e0,0.000000000e0,0.000000000e0,1.271353364e0,7.529390335e0,4.958439171e-1
train,2986,CC(C)(C)C12CC1CO2,8.370222092e0,0.000000000e0,0.000000000e0,1.271353364e0,8.370222092e0,1.157211185e0
train,2987,NC(=O)N1C=CC2CC21,5.785140514e0,0.000000000e0,0.000000000e0,1.271353364e0,5.785140514e0,-8.761187196e-1
train,2988,CCC1(C#N)CC=CC1,7.200132847e0,0.000000000e0,0.000000000e0,1.271353364e0,7.200132847e0,2.368621230e-1
train,2989,CCC1(C=O)NC1C=O,5.575613022e0,0.000000000e0,0.000000000e0,1.271353364e0,5.575613022e0,-1.040925384e0
train,2990,CCC1C2C(O)C(O)C12,8.288588524e0,0.000000000e0,0.000000000e0,1.271353364e0,8.288588524e0,1.093001246e0
train,2991,CCNc1cncnn1,4.549743652e0,0.000000000e0,0.000000000e0,1.271353364e0,4.549743652e0,-1.847836375e0
train,2992,CCn1c(O)cnc1C,6.454540730e0,0.000000000e0,0.000000000e0,1.271353364e0,6.454540730e0,-3.495931625e-1
train,2993,CCC1COC([NH-])C1O,7.548438072e0,0.000000000e0,0.000000000e0,1.271353364e0,7.548438072e0,5.108261704e-1
train,2994,Oc1coc(N2CC2)n1,5.951130390e0,0.000000000e0,0.000000000e0,1.271353364e0,5.951130390e0,-7.455571890e-1
train,2995,CCc1ccncc1C,6.212359428e0,0.000000000e0,0.000000000e0,1.271353364e0,6.212359428e0,-5.400840640e-1
train,2996,CC(=O)C1(O)COC1C,5.823236465e0,0.000000000e0,0.000000000e0,1.271353364e0,5.823236465e0,-8.461538553e-1
train,2997,CC1C2C(O)C3C2[NH+]13,8.157973289e0,0.000000000e0,0.000000000e0,1.271353364e0,8.157973289e0,9.902641177e-1
train,2998,CC1NC1C1(C=O)CN1,6.059975624e0,0.000000000e0,0.000000000e0,1.271353364e0,6.059975624e0,-6.599435210e-1
train,2999,CCCC12CC3CC1[NH+]32,8.925334930e0,0.000000000e0,0.000000000e0,1.271353364e0,8.925334930e0,1.593842506e0
train,3000,COC1(C#N)C[NH+](C)C1,6.694001198e0,0.000000000e0,0.000000000e0,1.271353364e0,6.694001198e0,-1.612423807e-1
train,3001,O=CC1CCC1[NH+]1CC1,6.024600506e0,0.000000000e0,0.000000000e0,1.271353364e0,6.024600506e0,-6.877683401e-1
train,3002,COc1[nH]c(O)cc1O,6.182426929e0,0.000000000e0,0.000000000e0,1.271353364e0,6.182426929e0,-5.636278391e-1
train,3003,N#CC12CC3CC1CC32,8.334847450e0,0.000000000e0,0.000000000e0,1.271353364e0,8.334847450e0,1.129386783e0
train,3004,C1CC2CCC1O2,8.906287193e0,0.000000000e0,0.000000000e0,1.271353364e0,8.906287193e0,1.578860283e0
train,3005,O=CNCC12C[NH+](C1)C2,6.821894169e0,0.000000000e0,0.000000000e0,1.271353364e0,6.821894169e0,-6.064648926e-2
train,3006,[NH-][CH+]OC1CC2NC21,7.189248085e0,0.000000000e0,0.000000000e0,1.271353364e0,7.189248085e0,2.283005714e-1
train,3007,C[NH+]1CC2(CO2)C1,8.079060555e0,0.000000000e0,0.000000000e0,1.271353364e0,8.079060555e0,9.281942844e-1
train,3008,C[NH+]1C(C=O)C1(C)C=O,4.979683399e0,0.000000000e0,0.000000000e0,1.271353364e0,4.979683399e0,-1.509661555e0
train,3009,COC1=NCC([NH-])N1,6.596040249e0,0.000000000e0,0.000000000e0,1.271353364e0,6.596040249e0,-2.382948548e-1
train,3010,CCC1(CC)CCC1O,8.900844574e0,0.000000000e0,0.000000000e0,1.271353364e0,8.900844574e0,1.574579358e0
train,3011,N#CC1(O)C2OCOC21,6.933460712e0,0.000000000e0,0.000000000e0,1.271353364e0,6.933460712e0,2.710764483e-2
train,3012,CC1OCOC(=O)C1N,6.658626080e0,0.000000000e0,0.000000000e0,1.271353364e0,6.658626080e0,-1.890671551e-1
train,3013,CC(C(=O)CO)[NH+]1CC1,6.182426929e0,0.000000000e0,0.000000000e0,1.271353364e0,6.182426929e0,-5.636278391e-1
train,3014,C#CC12C3CC3C1[NH+]2C,6.487194061e0,0.000000000e0,0.000000000e0,1.271353364e0,6.487194061e0,-3.239092529e-1
train,3015,O=C1CC2C(CO)[NH+]2C1,5.602824211e0,0.000000000e0,0.000000000e0,1.271353364e0,5.602824211e0,-1.019521952e0
train,3016,CC1(O)C2CC1N2C=O,6.811009407e0,0.000000000e0,0.000000000e0,1.271353364e0,6.811009407e0,-6.920804083e-2
train,3017,CC1OCC2(CO)OC12,8.846421242e0,0.000000000e0,0.000000000e0,1.271353364e0,8.846421242e0,1.531771898e0
train,3018,CC(C)C1COC1(C)C,8.547096252e0,0.000000000e0,0.000000000e0,1.271353364e0,8.547096252e0,1.296333909e0
train,3019,CCC1C2C3CC2C13O,8.838258743e0,0.000000000e0,0.000000000e0,1.271353364e0,8.838258743e0,1.525351644e0
train,3020,CNc1c[nH]c(CO)c1,5.752487183e0,0.000000000e0,0.000000000e0,1.271353364e0,5.752487183e0,-9.018025994e-1
train,3021,C1C2OC3C2[NH+]2C1C32,8.021917343e0,0.000000000e0,0.000000000e0,1.271353364e0,8.021917343e0,8.832475543e-1
train,3022,O=CC1C2C3C[NH+]1C32,5.591939926e0,0.000000000e0,0.000000000e0,1.271353364e0,5.591939926e0,-1.028083205e0
train,3023,O=CC1=CNC(=O)C1=O,3.646325827e0,0.000000000e0,0.000000000e0,1.271353364e0,3.646325827e0,-2.558431625e0
train,3024,NC(=O)C[NH+]1CC(=O)C1,5.627314568e0,0.000000000e0,0.000000000e0,1.271353364e0,5.627314568e0,-1.000258803e0
train,3025,CC1=CCCC1=O,5.387854576e0,0.000000000e0,0.000000000e0,1.271353364e0,5.387854576e0,-1.188609242e0
train,3026,CC1CCC(NO)C1C,6.791961670e0,0.000000000e0,0.000000000e0,1.271353364e0,6.791961670e0,-8.419028670e-2
train,3027,CC(C)C1OC(=O)C1C,7.646399021e0,0.000000000e0,0.000000000e0,1.271353364e0,7.646399021e0,5.878786445e-1
train,3028,C#CC1COC2(CC2)C1,7.736196995e0,0.000000000e0,0.000000000e0,1.271353364e0,7.736196995e0,6.585104465e-1
train,3029,OC1C2CC3C1[NH+]23,8.402875900e0,0.000000000e0,0.000000000e0,1.271353364e0,8.402875900e0,1.182895541e0
train,3030,C#CC1(O)CC1(O)C#C,7.091287136e0,0.000000000e0,0.000000000e0,1.271353364e0,7.091287136e0,1.512480974e-1
train,3031,C#CCC1CC(C)(C)C1,8.487231255e0,0.000000000e0,0.000000000e0,1.271353364e0,8.487231255e0,1.249246359e0
train,3032,[NH-]C1OC2CC(O)C12,7.548438072e0,0.000000000e0,0.000000000e0,1.271353364e0,7.548438072e0,5.108261704e-1
train,3033,C[NH+]1CC1(C=O)C1CN1,5.298057079e0,0.000000000e0,0.000000000e0,1.271353364e0,5.298057079e0,-1.259240627e0
train,3034,CC1=CCC(C=O)C1,6.021879673e0,0.000000000e0,0.000000000e0,1.271353364e0,6.021879673e0,-6.899084449e-1
train,3035,CC12CC3COC1C2O3,8.220560074e0,0.000000000e0,0.000000000e0,1.271353364e0,8.220560074e0,1.039492607e0
train,3036,CC(=O)C1(C)CCC1O,5.948409081e0,0.000000000e0,0.000000000e0,1.271353364e0,5.948409081e0,-7.476976514e-1
train,3037,COC1(C)COC12CC2,8.193347931e0,0.000000000e0,0.000000000e0,1.271353364e0,8.193347931e0,1.018088460e0
train,3038,C#CC1(C)COC1[NH2+]C,7.382448673e0,0.000000000e0,0.000000000e0,1.271353364e0,7.382448673e0,3.802650273e-1
train,3039,N#CC1OC(=O)C1N,6.721211910e0,0.000000000e0,0.000000000e0,1.271353364e0,6.721211910e0,-1.398394406e-1
train,3040,CC(=O)C1OCOC1C,5.907591820e0,0.000000000e0,0.000000000e0,1.271353364e0,5.907591820e0,-7.798030376e-1
train,3041,CCc1nn(C)cc1C,6.791961670e0,0.000000000e0,0.000000000e0,1.271353364e0,6.791961670e0,-8.419028670e-2
train,3042,O=CCNc1ccoc1,4.748386860e0,0.000000000e0,0.000000000e0,1.271353364e0,4.748386860e0,-1.691590905e0
train,3043,CC#CC1(O)CCC1,7.635515213e0,0.000000000e0,0.000000000e0,1.271353364e0,7.635515213e0,5.793178678e-1
train,3044,CC#CCC12CCC1O2,8.128041267e0,0.000000000e0,0.000000000e0,1.271353364e0,8.128041267e0,9.667207003e-1
train,3045,CC1=CC2OC2C1(C)C,6.596040249e0,0.000000000e0,0.000000000e0,1.271353364e0,6.596040249e0,-2.382948548e-1
train,3046,CC(C=O)c1cnc[nH]1,4.756549835e0,0.000000000e0,0.000000000e0,1.271353364e0,4.756549835e0,-1.685170293e0
train,3047,CC12C=CCC3OC1C32,6.435492516e0,0.000000000e0,0.000000000e0,1.271353364e0,6.435492516e0,-3.645758033e-1
train,3048,ONC1C2CC3C(C2)C31,6.797404289e0,0.000000000e0,0.000000000e0,1.271353364e0,6.797404289e0,-7.990932465e-2
train,3049,C[NH+]1CC2OC2(CO)C1,7.189248085e0,0.000000000e0,0.000000000e0,1.271353364e0,7.189248085e0,2.283005714e-1
train,3050,C#CC1CC2OC3C1C23,7.738917828e0,0.000000000e0,0.000000000e0,1.271353364e0,7.738917828e0,6.606505513e-1
train,3051,O=CC1C(C=O)N1C=O,5.523910999e0,0.000000000e0,0.000000000e0,1.271353364e0,5.523910999e0,-1.081592202e0
train,3052,CC1CC=CCC1,7.292651653e0,0.000000000e0,0.000000000e0,1.271353364e0,7.292651653e0,3.096340001e-1
train,3053,C#CC1(O)C(O)C1(C)C,6.816452026e0,0.000000000e0,0.000000000e0,1.271353364e0,6.816452026e0,-6.492707878e-2
train,3054,CCC1NC1(C)C1CN1,8.283145905e0,0.000000000e0,0.000000000e0,1.271353364e0,8.283145905e0,1.088720322e0
train,3055,CC1(C)OCC=CC1=O,4.810973167e0,0.000000000e0,0.000000000e0,1.271353364e0,4.810973167e0,-1.642362833e0
train,3056,C#Cc1[nH]ncc1N,5.107577324e0,0.000000000e0,0.000000000e0,1.271353364e0,5.107577324e0,-1.409065008e0
train,3057,O=Cc1ccoc(=O)n1,4.269466400e0,0.000000000e0,0.000000000e0,1.271353364e0,4.269466400e0,-2.068292141e0
train,3058,O=C1CCC2NC2C1,6.084465981e0,0.000000000e0,0.000000000e0,1.271353364e0,6.084465981e0,-6.406803131e-1
train,3059,CC1(C2OC2C#N)CO1,7.542996407e0,0.000000000e0,0.000000000e0,1.271353364e0,7.542996407e0,5.065459609e-1
train,3060,C#CC(C)(CC)C1CC1,8.606961250e0,0.000000000e0,0.000000000e0,1.271353364e0,8.606961250e0,1.343421459e0
train,3061,CC(C)C1CCOC=N1,7.333467960e0,0.000000000e0,0.000000000e0,1.271353364e0,7.333467960e0,3.417386115e-1
train,3062,[NH-]C1CC2OCC2O1,7.774292946e0,0.000000000e0,0.000000000e0,1.271353364e0,7.774292946e0,6.884753108e-1
train,3063,N#CC1(C2CO2)CCC1,8.446413994e0,0.000000000e0,0.000000000e0,1.271353364e0,8.446413994e0,1.217140913e0
train,3064,CC1C2CC3OC1C32,8.549818039e0,0.000000000e0,0.000000000e0,1.271353364e0,8.549818039e0,1.298474789e0
train,3065,CCCC12COCC1C2,9.047785759e0,0.000000000e0,0.000000000e0,1.271353364e0,9.047785759e0,1.690157890e0
train,3066,CC#CC1OCC2CC21,7.847763538e0,0.000000000e0,0.000000000e0,1.271353364e0,7.847763538e0,7.462645769e-1
train,3067,O=C(CO)C1OC1CO,6.206917286e0,0.000000000e0,0.000000000e0,1.271353364e0,6.206917286e0,-5.443646312e-1
train,3068,OCC#CC1CC2OC12,7.450477123e0,0.000000000e0,0.000000000e0,1.271353364e0,7.450477123e0,4.337736964e-1
train,3069,CC12C(O)C[NH+]1CC2O,7.118498325e0,0.000000000e0,0.000000000e0,1.271353364e0,7.118498325e0,1.726514101e-1
train,3070,CC(O)C1COC1C,8.329405785e0,0.000000000e0,0.000000000e0,1.271353364e0,8.329405785e0,1.125106573e0
train,3071,CC1NC12CC1C(O)C12,7.970214844e0,0.000000000e0,0.000000000e0,1.271353364e0,7.970214844e0,8.425802588e-1
train,3072,CC(=O)N(C)CC1CO1,7.262719154e0,0.000000000e0,0.000000000e0,1.271353364e0,7.262719154e0,2.860901952e-1
train,3073,Cc1cc(N)cc(N)c1,5.619151115e0,0.000000000e0,0.000000000e0,1.271353364e0,5.619151115e0,-1.006679893e0
train,3074,CC1(O)COC(=O)C1=O,4.530695915e0,0.000000000e0,0.000000000e0,1.271353364e0,4.530695915e0,-1.862818599e0
train,3075,NC(=O)n1cncc1N,4.838184357e0,0.000000000e0,0.000000000e0,1.271353364e0,4.838184357e0,-1.620959520e0
train,3076,C#CC12CC1(O)CO2,6.508963585e0,0.000000000e0,0.000000000e0,1.271353364e0,6.508963585e0,-3.067861497e-1
train,3077,CC12CC3C1C1(C)C2[NH+]31,8.198790550e0,0.000000000e0,0.000000000e0,1.271353364e0,8.198790550e0,1.022369504e0
train,3078,CC1(C#N)CC(NO)C1,6.721211910e0,0.000000000e0,0.000000000e0,1.271353364e0,6.721211910e0,-1.398394406e-1
train,3079,CCOCC1C[NH+]1CC,8.084503174e0,0.000000000e0,0.000000000e0,1.271353364e0,8.084503174e0,9.324752688e-1
train,3080,C#CC(C=O)C1CN1,5.823236465e0,0.000000000e0,0.000000000e0,1.271353364e0,5.823236465e0,-8.461538553e-1
train,3081,C#CC1(CC=O)CC1,5.953851223e0,0.000000000e0,0.000000000e0,1.271353364e0,5.953851223e0,-7.434170842e-1
train,3082,CC(C)(C)n1cccc1,6.740260601e0,0.000000000e0,0.000000000e0,1.271353364e0,6.740260601e0,-1.248564422e-1
train,3083,Nc1cc(C2CC2)[nH]n1,6.190590382e0,0.000000000e0,0.000000000e0,1.271353364e0,6.190590382e0,-5.572068095e-1
train,3084,C#CC1(CO)COC1=O,6.979720592e0,0.000000000e0,0.000000000e0,1.271353364e0,6.979720592e0,6.349395961e-2
train,3085,Cc1nn(C)cc1O,6.291272163e0,0.000000000e0,0.000000000e0,1.271353364e0,6.291272163e0,-4.780142009e-1
train,3086,CCc1cc(O)c(C)o1,5.855890274e0,0.000000000e0,0.000000000e0,1.271353364e0,5.855890274e0,-8.204695582e-1
train,3087,[NH-]C1CC(N)=CC(=O)N1,5.444998264e0,0.000000000e0,0.000000000e0,1.271353364e0,5.444998264e0,-1.143662095e0
train,3088,N#CC1C2CCCC1O2,7.532111645e0,0.000000000e0,0.000000000e0,1.271353364e0,7.532111645e0,4.979844093e-1
train,3089,Cc1c[nH]c(O[CH+][NH-])n1,5.910312653e0,0.000000000e0,0.000000000e0,1.271353364e0,5.910312653e0,-7.776629329e-1
train,3090,CC1CC=CC(=O)OC1,6.005552769e0,0.000000000e0,0.000000000e0,1.271353364e0,6.005552769e0,-7.027505636e-1
train,3091,CC(O)(C#N)CC1CO1,8.669547081e0,0.000000000e0,0.000000000e0,1.271353364e0,8.669547081e0,1.392649174e0
train,3092,CCCNC(=O)N1CC1,7.673610687e0,0.000000000e0,0.000000000e0,1.271353364e0,7.673610687e0,6.092823744e-1
train,3093,CC1(C#CC#N)CC1O,6.147051811e0,0.000000000e0,0.000000000e0,1.271353364e0,6.147051811e0,-5.914525986e-1
train,3094,O=CC1C2COCC12O,5.942966461e0,0.000000000e0,0.000000000e0,1.271353364e0,5.942966461e0,-7.519786358e-1
train,3095,CCC12C(O)C3C1CC32,8.688595772e0,0.000000000e0,0.000000000e0,1.271353364e0,8.688595772e0,1.407632232e0
train,3096,CCC1CNC(=O)C1O,7.047749043e0,0.000000000e0,0.000000000e0,1.271353364e0,7.047749043e0,1.170026362e-1
train,3097,Nc1cc(=O)cc(N)o1,5.708949089e0,0.000000000e0,0.000000000e0,1.271353364e0,5.708949089e0,-9.360480905e-1
train,3098,C#CC1C(C)CN1C=O,7.118498325e0,0.000000000e0,0.000000000e0,1.271353364e0,7.118498325e0,1.726514101e-1
train,3099,CC1(C=O)CCC(=O)O1,5.997389793e0,0.000000000e0,0.000000000e0,1.271353364e0,5.997389793e0,-7.091712356e-1
train,3100,CC1CC2(C)CC(O)C12,8.557980537e0,0.000000000e0,0.000000000e0,1.271353364e0,8.557980537e0,1.304895043e0
train,3101,C#CC12CCC1C2C,7.273603439e0,0.000000000e0,0.000000000e0,1.271353364e0,7.273603439e0,2.946513891e-1
train,3102,CC12OCC3CC1C32C,8.351174355e0,0.000000000e0,0.000000000e0,1.271353364e0,8.351174355e0,1.142228961e0
train,3103,C[NH+]1C2C(O)C1(C)C2O,7.624630451e0,0.000000000e0,0.000000000e0,1.271353364e0,7.624630451e0,5.707563162e-1
train,3104,O=CC12C[NH+]1CCC2O,5.673573971e0,0.000000000e0,0.000000000e0,1.271353364e0,5.673573971e0,-9.638728499e-1
train,3105,CCCc1nc[nH]n1,7.298093796e0,0.000000000e0,0.000000000e0,1.271353364e0,7.298093796e0,3.139145970e-1
train,3106,Nc1n[nH]c(=O)nc1N,4.666752815e0,0.000000000e0,0.000000000e0,1.271353364e0,4.666752815e0,-1.755801320e0
train,3107,OC12CCCC(C1)C2,8.813768387e0,0.000000000e0,0.000000000e0,1.271353364e0,8.813768387e0,1.506088376e0
train,3108,N#CC12CC1CO2,6.914412975e0,0.000000000e0,0.000000000e0,1.271353364e0,6.914412975e0,1.212539710e-2
train,3109,Cc1cc(N)cc(F)n1,6.130725384e0,0.000000000e0,0.000000000e0,1.271353364e0,6.130725384e0,-6.042944193e-1
train,3110,Nc1c[nH]nc1CO,5.934803009e0,0.000000000e0,0.000000000e0,1.271353364e0,5.934803009e0,-7.583997250e-1
train,3111,COCC1C2C[NH+]1C2,8.343010902e0,0.000000000e0,0.000000000e0,1.271353364e0,8.343010902e0,1.135807872e0
train,3112,CC1C[NH+]2C(C)C12CO,8.272260666e0,0.000000000e0,0.000000000e0,1.271353364e0,8.272260666e0,1.080158353e0
train,3113,O=C1NCC2NC12CO,6.996047020e0,0.000000000e0,0.000000000e0,1.271353364e0,6.996047020e0,7.633572817e-2
train,3114,CC(C)C1OC1(C)C#N,8.130762100e0,0.000000000e0,0.000000000e0,1.271353364e0,8.130762100e0,9.688608050e-1
train,3115,CNC(=O)C1CN1,7.363400936e0,0.000000000e0,0.000000000e0,1.271353364e0,7.363400936e0,3.652827740e-1
train,3116,[H]N=C(C=O)N1CCC1=O,5.216422558e0,0.000000000e0,0.000000000e0,1.271353364e0,5.216422558e0,-1.323451281e0
train,3117,O=C1NCC(O)CO1,8.193347931e0,0.000000000e0,0.000000000e0,1.271353364e0,8.193347931e0,1.018088460e0
train,3118,CC(O)C12COC(C1)C2,8.068176270e0,0.000000000e0,0.000000000e0,1.271353364e0,8.068176270e0,9.196330905e-1
train,3119,COC12CC1COC2C,9.047785759e0,0.000000000e0,0.000000000e0,1.271353364e0,9.047785759e0,1.690157890e0
train,3120,CC12C(O)COC1C2O,8.628729820e0,0.000000000e0,0.000000000e0,1.271353364e0,8.628729820e0,1.360543847e0
train,3121,CCC12CCC1C2OC,8.808325768e0,0.000000000e0,0.000000000e0,1.271353364e0,8.808325768e0,1.501807451e0
train,3122,C#Cc1cc[nH]c1C,5.896707535e0,0.000000000e0,0.000000000e0,1.271353364e0,5.896707535e0,-7.883642316e-1
train,3123,C#CCC1OCC1C#N,7.385169983e0,0.000000000e0,0.000000000e0,1.271353364e0,7.385169983e0,3.824055195e-1
train,3124,O=COC12C[NH+]3CC1C32,6.394675732e0,0.000000000e0,0.000000000e0,1.271353364e0,6.394675732e0,-3.966807723e-1
train,3125,O=CC(O)C12CC[NH+]1C2,5.575613022e0,0.000000000e0,0.000000000e0,1.271353364e0,5.575613022e0,-1.040925384e0
train,3126,OC1C2C3C=CC1(O)C32,6.440935135e0,0.000000000e0,0.000000000e0,1.271353364e0,6.440935135e0,-3.602948189e-1
train,3127,CC1(C=O)COCCN1,5.379690647e0,0.000000000e0,0.000000000e0,1.271353364e0,5.379690647e0,-1.195030689e0
train,3128,CC12CC(NO)CC1N2,6.677673817e0,0.000000000e0,0.000000000e0,1.271353364e0,6.677673817e0,-1.740849018e-1
train,3129,CCC1=C(C)C2CC2C1,6.541617393e0,0.000000000e0,0.000000000e0,1.271353364e0,6.541617393e0,-2.811018825e-1
train,3130,Cc1nc(F)c[nH]c1=O,4.348379135e0,0.000000000e0,0.000000000e0,1.271353364e0,4.348379135e0,-2.006222248e0
train,3131,CC#CC1(C#N)CC1O,7.172921181e0,0.000000000e0,0.000000000e0,1.271353364e0,7.172921181e0,2.154584229e-1
train,3132,COc1cnc(=O)[nH]c1,4.359263897e0,0.000000000e0,0.000000000e0,1.271353364e0,4.359263897e0,-1.997660756e0
train,3133,Cc1c(C=O)c[nH]c1O,4.661310196e0,0.000000000e0,0.000000000e0,1.271353364e0,4.661310196e0,-1.760082245e0
train,3134,CC(=O)NC1CC=CC1,7.015095711e0,0.000000000e0,0.000000000e0,1.271353364e0,7.015095711e0,9.131872654e-2
train,3135,O=C1CC(C(F)(F)F)C1,6.111677170e0,0.000000000e0,0.000000000e0,1.271353364e0,6.111677170e0,-6.192770004e-1
train,3136,CC1C(C)(C)C1(C)C=O,6.206917286e0,0.000000000e0,0.000000000e0,1.271353364e0,6.206917286e0,-5.443646312e-1
train,3137,CNc1ccn2c1CC2,5.874938488e0,0.000000000e0,0.000000000e0,1.271353364e0,5.874938488e0,-8.054869175e-1
train,3138,CCCCc1ccc[nH]1,6.590597630e0,0.000000000e0,0.000000000e0,1.271353364e0,6.590597630e0,-2.425758243e-1
train,3139,CCC1(C#N)CC([NH-])O1,7.630072594e0,0.000000000e0,0.000000000e0,1.271353364e0,7.630072594e0,5.750368834e-1
train,3140,O=C1CC2CN12,6.470867634e0,0.000000000e0,0.000000000e0,1.271353364e0,6.470867634e0,-3.367510140e-1
train,3141,C#CCC12CC1CCO2,7.689937115e0,0.000000000e0,0.000000000e0,1.271353364e0,7.689937115e0,6.221241355e-1
train,3142,COc1nc[nH]c1C#N,5.412344456e0,0.000000000e0,0.000000000e0,1.271353364e0,5.412344456e0,-1.169346333e0
train,3143,C#CC12CC(C=O)C1N2,5.455882549e0,0.000000000e0,0.000000000e0,1.271353364e0,5.455882549e0,-1.135100961e0
train,3144,CC1C2CC3(C)C1[NH+]23,8.909008026e0,0.000000000e0,0.000000000e0,1.271353364e0,8.909008026e0,1.581000328e0
train,3145,O=CC12NC1CNC2=O,5.447719574e0,0.000000000e0,0.000000000e0,1.271353364e0,5.447719574e0,-1.141521573e0
train,3146,Oc1cccnc1F,5.749765873e0,0.000000000e0,0.000000000e0,1.271353364e0,5.749765873e0,-9.039431214e-1
train,3147,CC1CC(C)C2(O)CC12,8.821931839e0,0.000000000e0,0.000000000e0,1.271353364e0,8.821931839e0,1.512509465e0
train,3148,N#CC1CCC(O)C1,8.732133865e0,0.000000000e0,0.000000000e0,1.271353364e0,8.732133865e0,1.441877723e0
train,3149,O=C1C=CC2C(O)C2O1,5.706227779e0,0.000000000e0,0.000000000e0,1.271353364e0,5.706227779e0,-9.381885529e-1
train,3150,CC1OC(=O)C(C=O)O1,6.008274078e0,0.000000000e0,0.000000000e0,1.271353364e0,6.008274078e0,-7.006101012e-1
train,3151,OC1[CH-]C2CC3(O)C1C23,4.849069118e0,0.000000000e0,0.000000000e0,1.271353364e0,4.849069118e0,-1.612398028e0
train,3152,CC1CCC=C2CCC21,6.944345474e0,0.000000000e0,0.000000000e0,1.271353364e0,6.944345474e0,3.566919640e-2
train,3153,C#CC1CCCCO1,7.815110207e0,0.000000000e0,0.000000000e0,1.271353364e0,7.815110207e0,7.205806375e-1
train,3154,C#CC(C)(O)C1CC1C,8.100829124e0,0.000000000e0,0.000000000e0,1.271353364e0,8.100829124e0,9.453166127e-1
train,3155,CC1(C)CC1C1CCC1,9.115814209e0,0.000000000e0,0.000000000e0,1.271353364e0,9.115814209e0,1.743666530e0
train,3156,O=C1CC2C3CC1(O)C23,6.138888836e0,0.000000000e0,0.000000000e0,1.271353364e0,6.138888836e0,-5.978733301e-1
train,3157,CC1C2CC(=O)C1O2,5.763371468e0,0.000000000e0,0.000000000e0,1.271353364e0,5.763371468e0,-8.932414651e-1
train,3158,OC1C2C=CC3C1C23,6.356579781e0,0.000000000e0,0.000000000e0,1.271353364e0,6.356579781e0,-4.266456366e-1
train,3159,C#CC1C2NC2C2C[NH+]12,7.447756290e0,0.000000000e0,0.000000000e0,1.271353364e0,7.447756290e0,4.316335917e-1
train,3160,O=CC1Cn2cccc21,4.830020905e0,0.000000000e0,0.000000000e0,1.271353364e0,4.830020905e0,-1.627380610e0
train,3161,CNC1CCOC1C#N,6.887201786e0,0.000000000e0,0.000000000e0,1.271353364e0,6.887201786e0,-9.277922101e-3
train,3162,CCn1nncc1N,6.400117874e0,0.000000000e0,0.000000000e0,1.271353364e0,6.400117874e0,-3.924001753e-1
train,3163,C[NH2+]C1CC(C2CC2)O1,7.605582714e0,0.000000000e0,0.000000000e0,1.271353364e0,7.605582714e0,5.557740331e-1
train,3164,CCn1nnc(NC)n1,5.638199329e0,0.000000000e0,0.000000000e0,1.271353364e0,5.638199329e0,-9.916972518e-1
train,3165,CN=CNc1ccno1,5.586497784e0,0.000000000e0,0.000000000e0,1.271353364e0,5.586497784e0,-1.032363772e0
train,3166,CC1CCC=CC1(C)O,7.025979519e0,0.000000000e0,0.000000000e0,1.271353364e0,7.025979519e0,9.987953305e-2
train,3167,N#CC1C2CC(C2)C1O,8.348453522e0,0.000000000e0,0.000000000e0,1.271353364e0,8.348453522e0,1.140088916e0
train,3168,CC12NC1C1(C)NC21C,7.191968918e0,0.000000000e0,0.000000000e0,1.271353364e0,7.191968918e0,2.304406762e-1
train,3169,CCCC1(C)CC1CO,9.085882187e0,0.000000000e0,0.000000000e0,1.271353364e0,9.085882187e0,1.720123053e0
train,3170,NC(=O)C1CO[CH+][NH2+]1,6.830057621e0,0.000000000e0,0.000000000e0,1.271353364e0,6.830057621e0,-5.422541872e-2
train,3171,[NH-]c1c(O)c[nH+]nc1N,4.430013657e0,0.000000000e0,0.000000000e0,1.271353364e0,4.430013657e0,-1.942011595e0
train,3172,COC12C3NC1C2C3O,7.959330082e0,0.000000000e0,0.000000000e0,1.271353364e0,7.959330082e0,8.340187073e-1
train,3173,CC(C)c1oncc1N,5.692621708e0,0.000000000e0,0.000000000e0,1.271353364e0,5.692621708e0,-9.488906264e-1
train,3174,CC(C)C1(C=O)CC1C,6.228686333e0,0.000000000e0,0.000000000e0,1.271353364e0,6.228686333e0,-5.272419453e-1
train,3175,N#CC12CCCCC1C2,8.462740898e0,0.000000000e0,0.000000000e0,1.271353364e0,8.462740898e0,1.229983091e0
train,3176,CC1C=C(C(=O)[O-])C[NH2+]1,4.108919144e0,0.000000000e0,0.000000000e0,1.271353364e0,4.108919144e0,-2.194572687e0
train,3177,CC(O)CC1CC(=O)O1,7.777014256e0,0.000000000e0,0.000000000e0,1.271353364e0,7.777014256e0,6.906157732e-1
train,3178,CC12CC(O1)C(C)(C)C2,8.849142075e0,0.000000000e0,0.000000000e0,1.271353364e0,8.849142075e0,1.533912063e0
train,3179,CC1CCC1CC=O,6.198753357e0,0.000000000e0,0.000000000e0,1.271353364e0,6.198753357e0,-5.507860780e-1
train,3180,CCC1C2CC2C2CC12,8.653220177e0,0.000000000e0,0.000000000e0,1.271353364e0,8.653220177e0,1.379807115e0
train,3181,CN1CC(O)(CO)C1=O,7.088566303e0,0.000000000e0,0.000000000e0,1.271353364e0,7.088566303e0,1.491079926e-1
train,3182,N#CC1=NCCCO1,6.277666569e0,0.000000000e0,0.000000000e0,1.271353364e0,6.277666569e0,-4.887158573e-1
train,3183,CCC12CC1(O)C(C)O2,8.016474724e0,0.000000000e0,0.000000000e0,1.271353364e0,8.016474724e0,8.789665699e-1
train,3184,COC(=O)C1CN1C=O,6.411002159e0,0.000000000e0,0.000000000e0,1.271353364e0,6.411002159e0,-3.838390112e-1
train,3185,CC1C(NC=O)C1(C)O,7.115777493e0,0.000000000e0,0.000000000e0,1.271353364e0,7.115777493e0,1.705113053e-1
train,3186,CCC1=CCCC(O)C1,7.055912018e0,0.000000000e0,0.000000000e0,1.271353364e0,7.055912018e0,1.234233305e-1
train,3187,N#CC[NH+]1C2CC3C2C31,6.985162735e0,0.000000000e0,0.000000000e0,1.271353364e0,6.985162735e0,6.777454913e-2
train,3188,N#Cc1cc(N)c(O)[nH]1,5.259960651e0,0.000000000e0,0.000000000e0,1.271353364e0,5.259960651e0,-1.289205909e0
train,3189,[H]N=CN(C)c1cnon1,5.170163155e0,0.000000000e0,0.000000000e0,1.271353364e0,5.170163155e0,-1.359837294e0
train,3190,CC1=CC(C)NCC1=O,4.914376259e0,0.000000000e0,0.000000000e0,1.271353364e0,4.914376259e0,-1.561029792e0
train,3191,CC1(C)OC1C#CCO,7.186526775e0,0.000000000e0,0.000000000e0,1.271353364e0,7.186526775e0,2.261600941e-1
train,3192,CN1C(=O)CC1(C)C=O,5.657247066e0,0.000000000e0,0.000000000e0,1.271353364e0,5.657247066e0,-9.767149687e-1
train,3193,N#CC(N)c1ncco1,6.514405727e0,0.000000000e0,0.000000000e0,1.271353364e0,6.514405727e0,-3.025055826e-1
train,3194,C#CC1C(C)C1C(N)=O,6.870874882e0,0.000000000e0,0.000000000e0,1.271353364e0,6.870874882e0,-2.212006412e-2
train,3195,CC1C=CC(=O)C2C[NH+]12,4.887165070e0,0.000000000e0,0.000000000e0,1.271353364e0,4.887165070e0,-1.582433105e0
train,3196,CCc1c[nH]nc1NC,6.176984310e0,0.000000000e0,0.000000000e0,1.271353364e0,6.176984310e0,-5.679088235e-1
train,3197,O=CNCc1ncco1,6.609645367e0,0.000000000e0,0.000000000e0,1.271353364e0,6.609645367e0,-2.275935709e-1
train,3198,N#CC#CC1(C#N)CO1,6.100792408e0,0.000000000e0,0.000000000e0,1.271353364e0,6.100792408e0,-6.278385520e-1
train,3199,O=Cc1ccc(C=O)o1,4.606887817e0,0.000000000e0,0.000000000e0,1.271353364e0,4.606887817e0,-1.802888870e0
train,3200,C#CC1CC2(C)C(C)C12,8.051848412e0,0.000000000e0,0.000000000e0,1.271353364e0,8.051848412e0,9.067901969e-1
train,3201,O=CC[NH+]1C2CC3C2C31,5.466767311e0,0.000000000e0,0.000000000e0,1.271353364e0,5.466767311e0,-1.126539350e0
train,3202,CC1C=CC2(O)CC12,6.685837746e0,0.000000000e0,0.000000000e0,1.271353364e0,6.685837746e0,-1.676634550e-1
train,3203,CC(O)COCC1CC1,8.634172440e0,0.000000000e0,0.000000000e0,1.271353364e0,8.634172440e0,1.364824891e0
train,3204,CCCC(=O)C1COC1,6.266781807e0,0.000000000e0,0.000000000e0,1.271353364e0,6.266781807e0,-4.972774088e-1
train,3205,COC(=O)c1cnon1,6.174263477e0,0.000000000e0,0.000000000e0,1.271353364e0,6.174263477e0,-5.700489283e-1
train,3206,CCCC1(COC)CN1,8.577029228e0,0.000000000e0,0.000000000e0,1.271353364e0,8.577029228e0,1.319878101e0
train,3207,Cc1ccn(C)c(=O)n1,5.015058517e0,0.000000000e0,0.000000000e0,1.271353364e0,5.015058517e0,-1.481836796e0
train,3208,NC=Nc1nccnn1,4.457224846e0,0.000000000e0,0.000000000e0,1.271353364e0,4.457224846e0,-1.920608282e0
train,3209,O=CC1N=COC2CC12,5.861332417e0,0.000000000e0,0.000000000e0,1.271353364e0,5.861332417e0,-8.161889911e-1
train,3210,Cc1cnc(C2CO2)[nH]1,6.253176689e0,0.000000000e0,0.000000000e0,1.271353364e0,6.253176689e0,-5.079786777e-1
train,3211,CC1(C2(C)CO2)CO1,9.216496468e0,0.000000000e0,0.000000000e0,1.271353364e0,9.216496468e0,1.822859406e0
train,3212,C#CC12C[NH+]3CCC1C32,7.107614040e0,0.000000000e0,0.000000000e0,1.271353364e0,7.107614040e0,1.640902311e-1
train,3213,O=COCC1CO1,7.646399021e0,0.000000000e0,0.000000000e0,1.271353364e0,7.646399021e0,5.878786445e-1
train,3214,CC12CC(C=O)OC1C2,5.717112064e0,0.000000000e0,0.000000000e0,1.271353364e0,5.717112064e0,-9.296274185e-1
train,3215,CC#CC1CC(=O)N1C,7.431428909e0,0.000000000e0,0.000000000e0,1.271353364e0,7.431428909e0,4.187910855e-1
train,3216,CCCNc1cnno1,5.692621708e0,0.000000000e0,0.000000000e0,1.271353364e0,5.692621708e0,-9.488906264e-1
train,3217,CCC1(C)OCC(C)O1,8.990641594e0,0.000000000e0,0.000000000e0,1.271353364e0,8.990641594e0,1.645210385e0
train,3218,C#CC1C=CC(=O)C1O,5.178326607e0,0.000000000e0,0.000000000e0,1.271353364e0,5.178326607e0,-1.353416204e0
train,3219,Nc1nnn(CC=O)n1,5.287172318e0,0.000000000e0,0.000000000e0,1.271353364e0,5.287172318e0,-1.267802119e0
train,3220,CCCn1cc(O)cn1,6.296714783e0,0.000000000e0,0.000000000e0,1.271353364e0,6.296714783e0,-4.737332463e-1
train,3221,[H]N=CNc1cc(C)co1,5.368806362e0,0.000000000e0,0.000000000e0,1.271353364e0,5.368806362e0,-1.203591824e0
train,3222,COC1CCCC2CC21,8.721248627e0,0.000000000e0,0.000000000e0,1.271353364e0,8.721248627e0,1.433315754e0
train,3223,CC1C[NH+]2C(C#N)CC12,6.821894169e0,0.000000000e0,0.000000000e0,1.271353364e0,6.821894169e0,-6.064648926e-2
train,3224,C#CC1CC2CC1C2O,8.084503174e0,0.000000000e0,0.000000000e0,1.271353364e0,8.084503174e0,9.324752688e-1
train,3225,CC1(CC=O)COC1=O,6.106235027e0,0.000000000e0,0.000000000e0,1.271353364e0,6.106235027e0,-6.235576272e-1
train,3226,N#CC1(CO)C[NH2+][CH+]O1,7.341631889e0,0.000000000e0,0.000000000e0,1.271353364e0,7.341631889e0,3.481600583e-1
train,3227,CCOCC1C(C)C1O,8.511721611e0,0.000000000e0,0.000000000e0,1.271353364e0,8.511721611e0,1.268509507e0
train,3228,CCC12OC1C[NH2+]C2N,6.737539291e0,0.000000000e0,0.000000000e0,1.271353364e0,6.737539291e0,-1.269969195e-1
train,3229,CC1OC2[NH2+]CCC12C,7.121219635e0,0.000000000e0,0.000000000e0,1.271353364e0,7.121219635e0,1.747919023e-1
train,3230,CC1C[NH+]1C1CC1O,8.294030190e0,0.000000000e0,0.000000000e0,1.271353364e0,8.294030190e0,1.097281456e0
train,3231,CNc1occ(O)c1C,5.921197414e0,0.000000000e0,0.000000000e0,1.271353364e0,5.921197414e0,-7.691013813e-1
train,3232,Cc1cnoc(=O)c1F,5.085808277e0,0.000000000e0,0.000000000e0,1.271353364e0,5.085808277e0,-1.426187634e0
train,3233,CC(CO)CC1(O)CC1,8.242328644e0,0.000000000e0,0.000000000e0,1.271353364e0,8.242328644e0,1.056614995e0
train,3234,CC1(C#CCO)CN1,7.382448673e0,0.000000000e0,0.000000000e0,1.271353364e0,7.382448673e0,3.802650273e-1
train,3235,CCCC1(C#N)CC1,8.710365295e0,0.000000000e0,0.000000000e0,1.271353364e0,8.710365295e0,1.424755335e0
train,3236,CC1=CCC2C1C2(C)O,6.479031086e0,0.000000000e0,0.000000000e0,1.271353364e0,6.479031086e0,-3.303299546e-1
train,3237,CC1(O)C(=O)N2CC21,6.030043125e0,0.000000000e0,0.000000000e0,1.271353364e0,6.030043125e0,-6.834873557e-1
train,3238,CNC1(C#N)C[NH+]2CC21,6.979720592e0,0.000000000e0,0.000000000e0,1.271353364e0,6.979720592e0,6.349395961e-2
train,3239,CC1=CC2C3NC1C23O,6.223243713e0,0.000000000e0,0.000000000e0,1.271353364e0,6.223243713e0,-5.315228701e-1
train,3240,CC12CC(C1)N2C(N)=O,7.458641052e0,0.000000000e0,0.000000000e0,1.271353364e0,7.458641052e0,4.401951432e-1
train,3241,O=CC(O)c1cn[nH]n1,5.923918724e0,0.000000000e0,0.000000000e0,1.271353364e0,5.923918724e0,-7.669609189e-1
train,3242,COC1C2CC1C1OC21,9.023295403e0,0.000000000e0,0.000000000e0,1.271353364e0,9.023295403e0,1.670894623e0
train,3243,CCC1CC2OC(C)C12,8.383827209e0,0.000000000e0,0.000000000e0,1.271353364e0,8.383827209e0,1.167912483e0
train,3244,C#CC(O)C1CC1C#C,7.494016171e0,0.000000000e0,0.000000000e0,1.271353364e0,7.494016171e0,4.680199027e-1
train,3245,CC(=O)NCC1CN1,7.488573551e0,0.000000000e0,0.000000000e0,1.271353364e0,7.488573551e0,4.637389481e-1
train,3246,CC#CC1CC(=O)O1,7.439593315e0,0.000000000e0,0.000000000e0,1.271353364e0,7.439593315e0,4.252128899e-1
train,3247,C#CC(C)C1CC1C,8.481788635e0,0.000000000e0,0.000000000e0,1.271353364e0,8.481788635e0,1.244965315e0
train,3248,CC1(C)C2CC3CC1[NH+]32,8.103550911e0,0.000000000e0,0.000000000e0,1.271353364e0,8.103550911e0,9.474574924e-1
train,3249,CCC1OC2(C)C(C)C12,8.353896141e0,0.000000000e0,0.000000000e0,1.271353364e0,8.353896141e0,1.144369841e0
train,3250,COc1ccnc(O)n1,5.981062412e0,0.000000000e0,0.000000000e0,1.271353364e0,5.981062412e0,-7.220137715e-1
train,3251,CC(C)C1=CCC2CC12,6.715770245e0,0.000000000e0,0.000000000e0,1.271353364e0,6.715770245e0,-1.441196501e-1
train,3252,OC1CCC2(O)CC12O,8.250492096e0,0.000000000e0,0.000000000e0,1.271353364e0,8.250492096e0,1.063035965e0
train,3253,N#CC1OC([NH-])CC1N,7.115777493e0,0.000000000e0,0.000000000e0,1.271353364e0,7.115777493e0,1.705113053e-1
train,3254,C[NH2+]C1OCC2CC21O,7.096729279e0,0.000000000e0,0.000000000e0,1.271353364e0,7.096729279e0,1.555286795e-1
train,3255,CNC(C#N)C1(O)CC1,7.649120808e0,0.000000000e0,0.000000000e0,1.271353364e0,7.649120808e0,5.900195241e-1
train,3256,C1=CC2(CCC1)CO2,6.843663692e0,0.000000000e0,0.000000000e0,1.271353364e0,6.843663692e0,-4.352338240e-2
train,3257,CC12COCC1(O)CO2,8.157973289e0,0.000000000e0,0.000000000e0,1.271353364e0,8.157973289e0,9.902641177e-1
train,3258,CC(C=O)CC1CC1C,6.136167526e0,0.000000000e0,0.000000000e0,1.271353364e0,6.136167526e0,-6.000137925e-1
train,3259,CCC1C(C)C1C1CO1,9.091323853e0,0.000000000e0,0.000000000e0,1.271353364e0,9.091323853e0,1.724403262e0
train,3260,CC12CC3(CO3)CC1N2,8.772951126e0,0.000000000e0,0.000000000e0,1.271353364e0,8.772951126e0,1.473983049e0
train,3261,O=CNCC1C2CC1C2,7.695379734e0,0.000000000e0,0.000000000e0,1.271353364e0,7.695379734e0,6.264050603e-1
train,3262,CC1OC2C(C=O)CC12,5.904870510e0,0.000000000e0,0.000000000e0,1.271353364e0,5.904870510e0,-7.819435000e-1
train,3263,CC1(C)COC1C1CN1,8.419202805e0,0.000000000e0,0.000000000e0,1.271353364e0,8.419202805e0,1.195737600e0
train,3264,N#CC12C3OC4C3C1C42,7.665446758e0,0.000000000e0,0.000000000e0,1.271353364e0,7.665446758e0,6.028609276e-1
train,3265,CC12CC1C1(CCC1)C2,8.993363380e0,0.000000000e0,0.000000000e0,1.271353364e0,8.993363380e0,1.647351146e0
train,3266,CC1(C)C(=O)C2(C)CC12,6.108956337e0,0.000000000e0,0.000000000e0,1.271353364e0,6.108956337e0,-6.214171052e-1
train,3267,CC(O)c1ocnc1O,5.891264915e0,0.000000000e0,0.000000000e0,1.271353364e0,5.891264915e0,-7.926451564e-1
train,3268,CC1CC2(C)OC3C1C32,8.351174355e0,0.000000000e0,0.000000000e0,1.271353364e0,8.351174355e0,1.142228961e0
train,3269,N#CC1CC2C=CC1C2,6.982441425e0,0.000000000e0,0.000000000e0,1.271353364e0,6.982441425e0,6.563407183e-2
train,3270,OC1C2C=CC=CC1O2,4.644983292e0,0.000000000e0,0.000000000e0,1.271353364e0,4.644983292e0,-1.772924423e0
train,3271,C[NH2+]C1NC(C)[NH2+]C1C,6.095350742e0,0.000000000e0,0.000000000e0,1.271353364e0,6.095350742e0,-6.321187615e-1
train,3272,Cc1ccc(C)c(F)n1,5.951130390e0,0.000000000e0,0.000000000e0,1.271353364e0,5.951130390e0,-7.455571890e-1
train,3273,NC(=O)c1c[nH]cc1O,5.036827564e0,0.000000000e0,0.000000000e0,1.271353364e0,5.036827564e0,-1.464714170e0
train,3274,Nc1nccnc1CO,4.998731613e0,0.000000000e0,0.000000000e0,1.271353364e0,4.998731613e0,-1.494678974e0
train,3275,CC1(C)C(=O)CC2NC21,6.095350742e0,0.000000000e0,0.000000000e0,1.271353364e0,6.095350742e0,-6.321187615e-1
train,3276,C#CC1(O)CC2NC21C,7.001489162e0,0.000000000e0,0.000000000e0,1.271353364e0,7.001489162e0,8.061631769e-2
train,3277,CC1OC2CC(C)C2O1,9.026016235e0,0.000000000e0,0.000000000e0,1.271353364e0,9.026016235e0,1.673034787e0
train,3278,CC1OCCCC1CO,8.590634346e0,0.000000000e0,0.000000000e0,1.271353364e0,8.590634346e0,1.330579400e0
train,3279,O=COC1OC2CC1C2,7.420545101e0,0.000000000e0,0.000000000e0,1.271353364e0,7.420545101e0,4.102302790e-1
train,3280,CC12C=CC3OC1CC32,6.625972271e0,0.000000000e0,0.000000000e0,1.271353364e0,6.625972271e0,-2.147514373e-1
train,3281,N#CC1=CC2CC1C2O,5.469488621e0,0.000000000e0,0.000000000e0,1.271353364e0,5.469488621e0,-1.124398828e0
train,3282,C1=Cc2n[nH]cc2C1,5.684458733e0,0.000000000e0,0.000000000e0,1.271353364e0,5.684458733e0,-9.553112984e-1
train,3283,C#CC1C2COC(=O)C12,7.126662254e0,0.000000000e0,0.000000000e0,1.271353364e0,7.126662254e0,1.790728569e-1
train,3284,O=CCNc1c[nH]nn1,4.849069118e0,0.000000000e0,0.000000000e0,1.271353364e0,4.849069118e0,-1.612398028e0
train,3285,COC1CC(O)CO1,8.797441483e0,0.000000000e0,0.000000000e0,1.271353364e0,8.797441483e0,1.493246198e0
train,3286,C[NH2+]C1C(O)C2C(C)[NH+]12,6.386512280e0,0.000000000e0,0.000000000e0,1.271353364e0,6.386512280e0,-4.031018317e-1
train,3287,CC1=CC2CC2OC1=O,5.725275517e0,0.000000000e0,0.000000000e0,1.271353364e0,5.725275517e0,-9.232063293e-1
train,3288,Nc1cc(N)cc(O)c1,6.024600506e0,0.000000000e0,0.000000000e0,1.271353364e0,6.024600506e0,-6.877683401e-1
train,3289,CNc1[nH]nc(C)c1N,6.430050850e0,0.000000000e0,0.000000000e0,1.271353364e0,6.430050850e0,-3.688560128e-1
train,3290,O=CC1CCCC1C=O,5.855890274e0,0.000000000e0,0.000000000e0,1.271353364e0,5.855890274e0,-8.204695582e-1
train,3291,CC12C=CCC(C)(C1)C2,6.941624641e0,0.000000000e0,0.000000000e0,1.271353364e0,6.941624641e0,3.352909163e-2
train,3292,CC12CC3CC(C)(O1)C32,8.544375420e0,0.000000000e0,0.000000000e0,1.271353364e0,8.544375420e0,1.294193864e0
train,3293,CC12NC3C(C1C#N)C32,6.982441425e0,0.000000000e0,0.000000000e0,1.271353364e0,6.982441425e0,6.563407183e-2
train,3294,COCC12CC(C)[NH+]1C2,8.285867691e0,0.000000000e0,0.000000000e0,1.271353364e0,8.285867691e0,1.090861201e0
train,3295,OC1C2C3CCC2(O)C13,8.751181602e0,0.000000000e0,0.000000000e0,1.271353364e0,8.751181602e0,1.456859946e0
train,3296,OCc1ncncc1F,5.714390755e0,0.000000000e0,0.000000000e0,1.271353364e0,5.714390755e0,-9.317678809e-1
train,3297,N#CC1NC2CC12CO,6.876317024e0,0.000000000e0,0.000000000e0,1.271353364e0,6.876317024e0,-1.783947460e-2
train,3298,C#CC1(CCC)CC1C,7.967494011e0,0.000000000e0,0.000000000e0,1.271353364e0,7.967494011e0,8.404401541e-1
train,3299,C1=CC2C3CC1OC23,6.530732632e0,0.000000000e0,0.000000000e0,1.271353364e0,6.530732632e0,-2.896634340e-1
train,3300,CC1(C)CC(O)C([NH-])O1,7.793340683e0,0.000000000e0,0.000000000e0,1.271353364e0,7.793340683e0,7.034575343e-1
train,3301,N#CCNc1cnoc1,5.864053726e0,0.000000000e0,0.000000000e0,1.271353364e0,5.864053726e0,-8.140484691e-1
train,3302,[NH-]c1[nH+]c(=O)occ1O,5.483094215e0,0.000000000e0,0.000000000e0,1.271353364e0,5.483094215e0,-1.113697171e0
train,3303,O=CC12CC1CC21CC1,5.970178127e0,0.000000000e0,0.000000000e0,1.271353364e0,5.970178127e0,-7.305749655e-1
train,3304,OCC#CC1OCCO1,7.436871529e0,0.000000000e0,0.000000000e0,1.271353364e0,7.436871529e0,4.230720401e-1
train,3305,CC12CC=CCC(C1)O2,7.240949631e0,0.000000000e0,0.000000000e0,1.271353364e0,7.240949631e0,2.689670920e-1
train,3306,CCC1(C)NCC1NO,6.402839184e0,0.000000000e0,0.000000000e0,1.271353364e0,6.402839184e0,-3.902597129e-1
train,3307,[NH-][CH+]OC1CC1OC=O,7.562044144e0,0.000000000e0,0.000000000e0,1.271353364e0,7.562044144e0,5.215282440e-1
train,3308,C#CC(O)C1(CC)CC1,8.133483887e0,0.000000000e0,0.000000000e0,1.271353364e0,8.133483887e0,9.710016847e-1
train,3309,CCOCC1(CO)CO1,8.759345055e0,0.000000000e0,0.000000000e0,1.271353364e0,8.759345055e0,1.463281035e0
train,3310,Nc1cc(N)c(C=O)[nH]1,4.560628414e0,0.000000000e0,0.000000000e0,1.271353364e0,4.560628414e0,-1.839274883e0
train,3311,CC12OCC1OC2C=O,5.842284679e0,0.000000000e0,0.000000000e0,1.271353364e0,5.842284679e0,-8.311712146e-1
train,3312,CC1CN(C)C=C1C=O,4.726617813e0,0.000000000e0,0.000000000e0,1.271353364e0,4.726617813e0,-1.708713651e0
train,3313,Cc1ncc(C#N)[nH]1,5.749765873e0,0.000000000e0,0.000000000e0,1.271353364e0,5.749765873e0,-9.039431214e-1
train,3314,CC1CC(C)C2CC1C2,9.700859070e0,0.000000000e0,0.000000000e0,1.271353364e0,9.700859070e0,2.203841209e0
train,3315,CC1OC2(C#N)C(C)C12,6.966114998e0,0.000000000e0,0.000000000e0,1.271353364e0,6.966114998e0,5.279230326e-2
train,3316,CC1(C)CN(C=O)[CH+][NH2+]1,6.046370029e0,0.000000000e0,0.000000000e0,1.271353364e0,6.046370029e0,-6.706451774e-1
train,3317,CC(O)(CC#N)C1CO1,8.514442444e0,0.000000000e0,0.000000000e0,1.271353364e0,8.514442444e0,1.270649672e0
train,3318,C#CC1CC1C(O)C#N,7.338910580e0,0.000000000e0,0.000000000e0,1.271353364e0,7.338910580e0,3.460195661e-1
train,3319,CC1(C)CC(N)C(=O)O1,6.895365238e0,0.000000000e0,0.000000000e0,1.271353364e0,6.895365238e0,-2.856851323e-3
train,3320,COC1C2OC3C2C13C,8.250492096e0,0.000000000e0,0.000000000e0,1.271353364e0,8.250492096e0,1.063035965e0
train,3321,NC(=O)Cn1ccnn1,6.421886921e0,0.000000000e0,0.000000000e0,1.271353364e0,6.421886921e0,-3.752774596e-1
train,3322,COC(CC=O)C1CC1,6.035485268e0,0.000000000e0,0.000000000e0,1.271353364e0,6.035485268e0,-6.792067289e-1
train,3323,CC1CC=CC2CC12O,6.617809296e0,0.000000000e0,0.000000000e0,1.271353364e0,6.617809296e0,-2.211721241e-1
train,3324,CC1C(O)CCC1C=O,6.136167526e0,0.000000000e0,0.000000000e0,1.271353364e0,6.136167526e0,-6.000137925e-1
train,3325,C#CC1(O)COC([NH-])C1,7.333467960e0,0.000000000e0,0.000000000e0,1.271353364e0,7.333467960e0,3.417386115e-1
train,3326,C#CC#CC1NC1CC,5.913033962e0,0.000000000e0,0.000000000e0,1.271353364e0,5.913033962e0,-7.755224705e-1
train,3327,CC1C2CC(=O)C(=O)N12,4.255860806e0,0.000000000e0,0.000000000e0,1.271353364e0,4.255860806e0,-2.078993797e0
train,3328,CCC1(COC)CC1,9.004247665e0,0.000000000e0,0.000000000e0,1.271353364e0,9.004247665e0,1.655912399e0
train,3329,O=CC1(C2CCO2)CC1,6.046370029e0,0.000000000e0,0.000000000e0,1.271353364e0,6.046370029e0,-6.706451774e-1
train,3330,Cn1cc(O)n(C)c1=O,6.220522881e0,0.000000000e0,0.000000000e0,1.271353364e0,6.220522881e0,-5.336629748e-1
train,3331,N#CC1NC(C#N)C1O,6.957951069e0,0.000000000e0,0.000000000e0,1.271353364e0,6.957951069e0,4.637085646e-2
train,3332,CCC1(CC)CCC1C,9.466840744e0,0.000000000e0,0.000000000e0,1.271353364e0,9.466840744e0,2.019771099e0
train,3333,CCc1onnc1OC,5.344316006e0,0.000000000e0,0.000000000e0,1.271353364e0,5.344316006e0,-1.222855091e0
train,3334,CC1C(O)CC2C[NH+]21,7.891301632e0,0.000000000e0,0.000000000e0,1.271353364e0,7.891301632e0,7.805100083e-1
train,3335,CC1(C(=O)CO)CCC1,6.408281326e0,0.000000000e0,0.000000000e0,1.271353364e0,6.408281326e0,-3.859791160e-1
train,3336,CC1CC1,1.017161655e1,0.000000000e0,0.000000000e0,1.271353364e0,1.017161655e1,2.574121714e0
train,3337,O=CCOC1CC2NC21,5.763371468e0,0.000000000e0,0.000000000e0,1.271353364e0,5.763371468e0,-8.932414651e-1
train,3338,COC1CNCC(=O)O1,6.470867634e0,0.000000000e0,0.000000000e0,1.271353364e0,6.470867634e0,-3.367510140e-1
train,3339,[NH-]c1o[cH+]nc(O)c1N,4.217764854e0,0.000000000e0,0.000000000e0,1.271353364e0,4.217764854e0,-2.108958721e0
train,3340,CCOC1(C#N)COC1,7.572928429e0,0.000000000e0,0.000000000e0,1.271353364e0,7.572928429e0,5.300893784e-1
train,3341,N#CC1C(C#N)C1C=O,5.994668484e0,0.000000000e0,0.000000000e0,1.271353364e0,5.994668484e0,-7.113117576e-1
train,3342,CC12CC(CC=O)C1N2,6.171542168e0,0.000000000e0,0.000000000e0,1.271353364e0,6.171542168e0,-5.721893907e-1
train,3343,CC1CC2(C)NC2CO1,8.372943878e0,0.000000000e0,0.000000000e0,1.271353364e0,8.372943878e0,1.159352064e0
train,3344,CC12NC1(C)C(O)C2=O,6.024600506e0,0.000000000e0,0.000000000e0,1.271353364e0,6.024600506e0,-6.877683401e-1
train,3345,O=CNCc1ncno1,6.065417767e0,0.000000000e0,0.000000000e0,1.271353364e0,6.065417767e0,-6.556629539e-1
train,3346,C#CC1CCC1C(C)=O,6.215080738e0,0.000000000e0,0.000000000e0,1.271353364e0,6.215080738e0,-5.379436016e-1
train,3347,O=CC1(O)CC1C1CN1,5.493978977e0,0.000000000e0,0.000000000e0,1.271353364e0,5.493978977e0,-1.105135679e0
train,3348,COCC1C[NH+]1CC=O,5.953851223e0,0.000000000e0,0.000000000e0,1.271353364e0,5.953851223e0,-7.434170842e-1
train,3349,Cc1cnc(C#N)[nH]1,5.548401356e0,0.000000000e0,0.000000000e0,1.271353364e0,5.548401356e0,-1.062329054e0
train,3350,C#CC12NC1C1C(O)C12,7.398775578e0,0.000000000e0,0.000000000e0,1.271353364e0,7.398775578e0,3.931071758e-1
train,3351,CC12CC(=O)CCC1N2,6.016437531e0,0.000000000e0,0.000000000e0,1.271353364e0,6.016437531e0,-6.941890121e-1
train,3352,C[NH+](C)C1CC1(N)C#N,7.118498325e0,0.000000000e0,0.000000000e0,1.271353364e0,7.118498325e0,1.726514101e-1
train,3353,OC12COC1CC1CC12,8.555259705e0,0.000000000e0,0.000000000e0,1.271353364e0,8.555259705e0,1.302754998e0
train,3354,Cc1cncn1CCO,6.680395126e0,0.000000000e0,0.000000000e0,1.271353364e0,6.680395126e0,-1.719444245e-1
train,3355,Cc1n[nH]cc1C(C)C,7.039586067e0,0.000000000e0,0.000000000e0,1.271353364e0,7.039586067e0,1.105819419e-1
train,3356,CC1CC2C(CO)C2C1,8.791998863e0,0.000000000e0,0.000000000e0,1.271353364e0,8.791998863e0,1.488965273e0
train,3357,CC1C2CC3(C)C2C13C,8.778392792e0,0.000000000e0,0.000000000e0,1.271353364e0,8.778392792e0,1.478263259e0
train,3358,CCCC1(C=O)OC1C,5.956572056e0,0.000000000e0,0.000000000e0,1.271353364e0,5.956572056e0,-7.412769794e-1
train,3359,CCC12OC1(C)C1NC12,8.544375420e0,0.000000000e0,0.000000000e0,1.271353364e0,8.544375420e0,1.294193864e0
train,3360,CC(C)(O)C1(C#N)CC1,8.645057678e0,0.000000000e0,0.000000000e0,1.271353364e0,8.645057678e0,1.373386741e0
train,3361,Nc1c(O)c[nH]c1CO,6.108956337e0,0.000000000e0,0.000000000e0,1.271353364e0,6.108956337e0,-6.214171052e-1
train,3362,COC12CCCC1(C)C2,8.949825287e0,0.000000000e0,0.000000000e0,1.271353364e0,8.949825287e0,1.613105774e0
train,3363,CC1CC1[NH+]1CC1(C)C,8.332126617e0,0.000000000e0,0.000000000e0,1.271353364e0,8.332126617e0,1.127246737e0
train,3364,[H]N=CN1CC(C)(C)C1=O,6.157936573e0,0.000000000e0,0.000000000e0,1.271353364e0,6.157936573e0,-5.828910470e-1
train,3365,C#CC(N)c1ncc[nH]1,6.617809296e0,0.000000000e0,0.000000000e0,1.271353364e0,6.617809296e0,-2.211721241e-1
train,3366,N#Cc1n[nH]cc1C=O,5.401460171e0,0.000000000e0,0.000000000e0,1.271353364e0,5.401460171e0,-1.177907586e0
train,3367,CC1C=CC2OCC12C,6.821894169e0,0.000000000e0,0.000000000e0,1.271353364e0,6.821894169e0,-6.064648926e-2
train,3368,CC1CC(O)C1CO,8.468183517e0,0.000000000e0,0.000000000e0,1.271353364e0,8.468183517e0,1.234264016e0
train,3369,CC1C=C(CO)C(C)O1,6.811009407e0,0.000000000e0,0.000000000e0,1.271353364e0,6.811009407e0,-6.920804083e-2
train,3370,OCCC1COCO1,9.066833496e0,0.000000000e0,0.000000000e0,1.271353364e0,9.066833496e0,1.705140114e0
train,3371,CC1CC(=O)C(C)C1,6.035485268e0,0.000000000e0,0.000000000e0,1.271353364e0,6.035485268e0,-6.792067289e-1
train,3372,CC12C3CC1C2(CO)C3,8.372943878e0,0.000000000e0,0.000000000e0,1.271353364e0,8.372943878e0,1.159352064e0
train,3373,CC1C2CC3(C=O)C1[NH+]23,5.932082176e0,0.000000000e0,0.000000000e0,1.271353364e0,5.932082176e0,-7.605398297e-1
train,3374,N#CC1CC2(CCO2)C1,7.850484848e0,0.000000000e0,0.000000000e0,1.271353364e0,7.850484848e0,7.484050393e-1
train,3375,CNc1nn[nH]c1N,6.212359428e0,0.000000000e0,0.000000000e0,1.271353364e0,6.212359428e0,-5.400840640e-1
train,3376,CCOc1cc(C)c[nH]1,6.604203224e0,0.000000000e0,0.000000000e0,1.271353364e0,6.604203224e0,-2.318741679e-1
train,3377,C#CC1CCC2C[NH+]12,7.572928429e0,0.000000000e0,0.000000000e0,1.271353364e0,7.572928429e0,5.300893784e-1
train,3378,CC1(NC=O)CCC1=O,5.847726822e0,0.000000000e0,0.000000000e0,1.271353364e0,5.847726822e0,-8.268906474e-1
train,3379,COc1coc(N)n1,6.076302528e0,0.000000000e0,0.000000000e0,1.271353364e0,6.076302528e0,-6.471014023e-1
train,3380,CC1(O)CC2C(O)C21,8.375664711e0,0.000000000e0,0.000000000e0,1.271353364e0,8.375664711e0,1.161492229e0
train,3381,OCC1C=CC2OCC12,6.854547501e0,0.000000000e0,0.000000000e0,1.271353364e0,6.854547501e0,-3.496257961e-2
train,3382,CCC1C(C)C1COC,8.860027313e0,0.000000000e0,0.000000000e0,1.271353364e0,8.860027313e0,1.542473912e0
train,3383,N#Cc1nc(CO)c[nH]1,5.545680046e0,0.000000000e0,0.000000000e0,1.271353364e0,5.545680046e0,-1.064469457e0
train,3384,CC#CC[NH+]1CC1CO,7.270882130e0,0.000000000e0,0.000000000e0,1.271353364e0,7.270882130e0,2.925108969e-1
train,3385,O=CCC(=O)N1CCC1,5.926640034e0,0.000000000e0,0.000000000e0,1.271353364e0,5.926640034e0,-7.648203969e-1
train,3386,C#CC1(O)CC2CCC21,7.708985806e0,0.000000000e0,0.000000000e0,1.271353364e0,7.708985806e0,6.371071339e-1
train,3387,CC1CC2C(C(N)=O)[NH+]12,7.099450111e0,0.000000000e0,0.000000000e0,1.271353364e0,7.099450111e0,1.576687843e-1
train,3388,C#CC(CCO)C1CO1,8.163415909e0,0.000000000e0,0.000000000e0,1.271353364e0,8.163415909e0,9.945451021e-1
train,3389,O=CCOc1cn[nH]c1,5.088529110e0,0.000000000e0,0.000000000e0,1.271353364e0,5.088529110e0,-1.424047589e0
train,3390,C[NH2+]C1OC2C(C)C12N,6.658626080e0,0.000000000e0,0.000000000e0,1.271353364e0,6.658626080e0,-1.890671551e-1
train,3391,N#CC(N)C[NH+]1CCC1,7.156594753e0,0.000000000e0,0.000000000e0,1.271353364e0,7.156594753e0,2.026166618e-1
train,3392,O=C1NC2C(CO)NC12,6.808288574e0,0.000000000e0,0.000000000e0,1.271353364e0,6.808288574e0,-7.134814560e-2
train,3393,CC1(C)C2CC3(CO3)C21,9.026016235e0,0.000000000e0,0.000000000e0,1.271353364e0,9.026016235e0,1.673034787e0
train,3394,O=CC1CCNC(=O)N1,5.491257668e0,0.000000000e0,0.000000000e0,1.271353364e0,5.491257668e0,-1.107276082e0
train,3395,COCCC(O)C1CC1,8.770229340e0,0.000000000e0,0.000000000e0,1.271353364e0,8.770229340e0,1.471842170e0
train,3396,C#CC12CC3C[NH+]1C32,7.325304985e0,0.000000000e0,0.000000000e0,1.271353364e0,7.325304985e0,3.353179097e-1
train,3397,Cc1cc(N)n(C)c1O,6.157936573e0,0.000000000e0,0.000000000e0,1.271353364e0,6.157936573e0,-5.828910470e-1
train,3398,C#CCC1=CCOC1C,6.590597630e0,0.000000000e0,0.000000000e0,1.271353364e0,6.590597630e0,-2.425758243e-1
train,3399,CC1C([NH-])OC1CC=O,6.119840622e0,0.000000000e0,0.000000000e0,1.271353364e0,6.119840622e0,-6.128559709e-1
train,3400,CC1C2CC(O)C12C=O,6.114398479e0,0.000000000e0,0.000000000e0,1.271353364e0,6.114398479e0,-6.171365380e-1
train,3401,N#CCC1C(=O)C2OC12,5.815073013e0,0.000000000e0,0.000000000e0,1.271353364e0,5.815073013e0,-8.525749445e-1
train,3402,C#CC1C2CCCC12O,7.627351284e0,0.000000000e0,0.000000000e0,1.271353364e0,7.627351284e0,5.728964210e-1
train,3403,COCC12C=CC(C1)O2,6.454540730e0,0.000000000e0,0.000000000e0,1.271353364e0,6.454540730e0,-3.495931625e-1
train,3404,CCC1CC(C)C1CO,9.080439568e0,0.000000000e0,0.000000000e0,1.271353364e0,9.080439568e0,1.715842128e0
train,3405,CC1(C)CC(C2CO2)C1,9.306294441e0,0.000000000e0,0.000000000e0,1.271353364e0,9.306294441e0,1.893491268e0
train,3406,COC(=O)C(O)C1CO1,7.148430824e0,0.000000000e0,0.000000000e0,1.271353364e0,7.148430824e0,1.961952150e-1
train,3407,CC12C(O)C3C4C1C2[NH+]34,7.923955917e0,0.000000000e0,0.000000000e0,1.271353364e0,7.923955917e0,8.061946630e-1
train,3408,CCOc1cc(O)c[nH]1,6.457261562e0,0.000000000e0,0.000000000e0,1.271353364e0,6.457261562e0,-3.474530578e-1
train,3409,Cc1nc(=O)nc(O)o1,5.942966461e0,0.000000000e0,0.000000000e0,1.271353364e0,5.942966461e0,-7.519786358e-1
train,3410,CC1(O)C(=O)C2NC21,5.785140514e0,0.000000000e0,0.000000000e0,1.271353364e0,5.785140514e0,-8.761187196e-1
train,3411,Oc1ccccn1,5.804188728e0,0.000000000e0,0.000000000e0,1.271353364e0,5.804188728e0,-8.611360788e-1
train,3412,C#CC1CCCC1(C)C,8.375664711e0,0.000000000e0,0.000000000e0,1.271353364e0,8.375664711e0,1.161492229e0
train,3413,Nc1nc(=O)nc(O)o1,6.411002159e0,0.000000000e0,0.000000000e0,1.271353364e0,6.411002159e0,-3.838390112e-1
train,3414,O=CC1=CC(=O)C(=O)C1,3.219106913e0,0.000000000e0,0.000000000e0,1.271353364e0,3.219106913e0,-2.894466162e0
train,3415,COC1CC(C(N)=O)C1,7.415102959e0,0.000000000e0,0.000000000e0,1.271353364e0,7.415102959e0,4.059496820e-1
train,3416,Cc1ncoc1CC#N,6.511684418e0,0.000000000e0,0.000000000e0,1.271353364e0,6.511684418e0,-3.046460450e-1
train,3417,CC1C(=O)C2(C)C[NH+]1C2,5.542959213e0,0.000000000e0,0.000000000e0,1.271353364e0,5.542959213e0,-1.066609621e0
train,3418,C#CC1(C#N)NC2CC21,6.394675732e0,0.000000000e0,0.000000000e0,1.271353364e0,6.394675732e0,-3.966807723e-1
train,3419,CCc1c(O)c[nH]c1C,6.228686333e0,0.000000000e0,0.000000000e0,1.271353364e0,6.228686333e0,-5.272419453e-1
train,3420,CC(=O)C1CCOC1C,6.228686333e0,0.000000000e0,0.000000000e0,1.271353364e0,6.228686333e0,-5.272419453e-1
train,3421,N#CCC1COC2CC12,7.513063908e0,0.000000000e0,0.000000000e0,1.271353364e0,7.513063908e0,4.830021560e-1
train,3422,COC1CC2OC[CH-]C12,6.364743233e0,0.000000000e0,0.000000000e0,1.271353364e0,6.364743233e0,-4.202245772e-1
train,3423,CC1CC2(O)C(=O)NC12,7.137547016e0,0.000000000e0,0.000000000e0,1.271353364e0,7.137547016e0,1.876344085e-1
train,3424,C#CC(C)[NH+]1CC1CO,7.164757729e0,0.000000000e0,0.000000000e0,1.271353364e0,7.164757729e0,2.090373635e-1
train,3425,CC1(C2COC2[NH-])CC1,7.861369133e0,0.000000000e0,0.000000000e0,1.271353364e0,7.861369133e0,7.569662333e-1
train,3426,OCCC1C2[NH2+][CH+]OC12,6.966114998e0,0.000000000e0,0.000000000e0,1.271353364e0,6.966114998e0,5.279230326e-2
train,3427,OCC1[NH+]2CCC12CO,8.261377335e0,0.000000000e0,0.000000000e0,1.271353364e0,8.261377335e0,1.071597934e0
train,3428,CC1(O)C(O)C12CCO2,7.597418785e0,0.000000000e0,0.000000000e0,1.271353364e0,7.597418785e0,5.493525863e-1
train,3429,OCC1(O)CC1C1CC1,8.013752937e0,0.000000000e0,0.000000000e0,1.271353364e0,8.013752937e0,8.768256903e-1
train,3430,[NH-]C1NC2C(N)C12O,6.783798695e0,0.000000000e0,0.000000000e0,1.271353364e0,6.783798695e0,-9.061098099e-2
train,3431,C#CCC1NC1COC,8.212396622e0,0.000000000e0,0.000000000e0,1.271353364e0,8.212396622e0,1.033071518e0
train,3432,CC1(C2CCC2=O)CN1,5.967456818e0,0.000000000e0,0.000000000e0,1.271353364e0,5.967456818e0,-7.327154279e-1
train,3433,CC1C[NH+]1CCOC=O,6.840942383e0,0.000000000e0,0.000000000e0,1.271353364e0,6.840942383e0,-4.566386342e-2
train,3434,Cc1coc(=O)c(C)n1,4.585118771e0,0.000000000e0,0.000000000e0,1.271353364e0,4.585118771e0,-1.820011616e0
train,3435,NC(=O)C1(N)CNC1=O,6.563386440e0,0.000000000e0,0.000000000e0,1.271353364e0,6.563386440e0,-2.639791369e-1
train,3436,N#CC12C3[CH-]CC1C2C3,4.854511261e0,0.000000000e0,0.000000000e0,1.271353364e0,4.854511261e0,-1.608117461e0
train,3437,CC1(C)CC2OC21C,8.857306480e0,0.000000000e0,0.000000000e0,1.271353364e0,8.857306480e0,1.540333867e0
train,3438,C#CC1=CCC2CC1C2,5.510305405e0,0.000000000e0,0.000000000e0,1.271353364e0,5.510305405e0,-1.092293859e0
train,3439,OC1C2(O)CCC1(O)C2,8.465462685e0,0.000000000e0,0.000000000e0,1.271353364e0,8.465462685e0,1.232123971e0
train,3440,CC1(C2CN2)C=CCO1,6.751144886e0,0.000000000e0,0.000000000e0,1.271353364e0,6.751144886e0,-1.162952706e-1
train,3441,CC12CCCCC1C2O,8.304915428e0,0.000000000e0,0.000000000e0,1.271353364e0,8.304915428e0,1.105843425e0
train,3442,C#CC1(C)[NH+]2CC1(O)C2,7.439593315e0,0.000000000e0,0.000000000e0,1.271353364e0,7.439593315e0,4.252128899e-1
train,3443,CC(C)CC1CCC1,9.880454063e0,0.000000000e0,0.000000000e0,1.271353364e0,9.880454063e0,2.345103979e0
train,3444,CCC1CC(=O)C1(C)O,5.948409081e0,0.000000000e0,0.000000000e0,1.271353364e0,5.948409081e0,-7.476976514e-1
train,3445,CC(O)C1(CC=O)CN1,5.970178127e0,0.000000000e0,0.000000000e0,1.271353364e0,5.970178127e0,-7.305749655e-1
train,3446,CC1C(O)C2OCC12C,8.168857574e0,0.000000000e0,0.000000000e0,1.271353364e0,8.168857574e0,9.988253117e-1
train,3447,CC(C#N)C1(C)CN1,7.589255333e0,0.000000000e0,0.000000000e0,1.271353364e0,7.589255333e0,5.429315567e-1
train,3448,CC1CC=CC12CC2,6.734817982e0,0.000000000e0,0.000000000e0,1.271353364e0,6.734817982e0,-1.291374117e-1
train,3449,CC1C=CC2(C)OC12,6.691279888e0,0.000000000e0,0.000000000e0,1.271353364e0,6.691279888e0,-1.633828729e-1
train,3450,C#Cc1[nH]nc(N)c1C,5.246355057e0,0.000000000e0,0.000000000e0,1.271353364e0,5.246355057e0,-1.299907565e0
train,3451,OCC#CC1(O)COC1,7.170200348e0,0.000000000e0,0.000000000e0,1.271353364e0,7.170200348e0,2.133183181e-1
train,3452,OCC#CCC1CC1O,6.821894169e0,0.000000000e0,0.000000000e0,1.271353364e0,6.821894169e0,-6.064648926e-2
train,3453,CCC1CC(O)(C=O)C1,6.253176689e0,0.000000000e0,0.000000000e0,1.271353364e0,6.253176689e0,-5.079786777e-1
train,3454,CC12CC3C(C1)C3O2,8.549818039e0,0.000000000e0,0.000000000e0,1.271353364e0,8.549818039e0,1.298474789e0
train,3455,CC1C(C)C2(O)CC12C,8.457298279e0,0.000000000e0,0.000000000e0,1.271353364e0,8.457298279e0,1.225702167e0
train,3456,CC1CC1(O)C[NH+]1CC1,8.577029228e0,0.000000000e0,0.000000000e0,1.271353364e0,8.577029228e0,1.319878101e0
train,3457,O=CC12OCC1NC2=O,5.406902313e0,0.000000000e0,0.000000000e0,1.271353364e0,5.406902313e0,-1.173626900e0
train,3458,N#CC1CNCC(=O)O1,6.397397041e0,0.000000000e0,0.000000000e0,1.271353364e0,6.397397041e0,-3.945402801e-1
train,3459,CC1(O)CC(N)(C#N)C1,8.117156029e0,0.000000000e0,0.000000000e0,1.271353364e0,8.117156029e0,9.581587911e-1
train,3460,CCC(=O)CC1COC1,6.138888836e0,0.000000000e0,0.000000000e0,1.271353364e0,6.138888836e0,-5.978733301e-1
train,3461,CC#CC(C)CC1CC1,8.245050430e0,0.000000000e0,0.000000000e0,1.271353364e0,8.245050430e0,1.058755755e0
train,3462,CC1CC2CC3C2C13C,9.045064926e0,0.000000000e0,0.000000000e0,1.271353364e0,9.045064926e0,1.688017726e0
train,3463,CC12COC(=O)C1(O)C2,7.050469875e0,0.000000000e0,0.000000000e0,1.271353364e0,7.050469875e0,1.191427410e-1
train,3464,CC12OC3C(C1O)C32C,7.869533062e0,0.000000000e0,0.000000000e0,1.271353364e0,7.869533062e0,7.633876801e-1
train,3465,COc1cc(N)on1,6.598761082e0,0.000000000e0,0.000000000e0,1.271353364e0,6.598761082e0,-2.361547500e-1
train,3466,CCC(=O)C12CC[NH+]1C2,5.899428368e0,0.000000000e0,0.000000000e0,1.271353364e0,5.899428368e0,-7.862241268e-1
train,3467,O=CCC1OCC12CC2,6.046370029e0,0.000000000e0,0.000000000e0,1.271353364e0,6.046370029e0,-6.706451774e-1
train,3468,CC1CN(CCO)C1=O,7.281766891e0,0.000000000e0,0.000000000e0,1.271353364e0,7.281766891e0,3.010724485e-1
train,3469,N#CCC1CNC1C#N,7.129383087e0,0.000000000e0,0.000000000e0,1.271353364e0,7.129383087e0,1.812129617e-1
train,3470,CC(=O)N1C(C)CC1[NH-],6.367464066e0,0.000000000e0,0.000000000e0,1.271353364e0,6.367464066e0,-4.180844724e-1
train,3471,C#CC1(C)C(O)C[NH+]1C,7.186526775e0,0.000000000e0,0.000000000e0,1.271353364e0,7.186526775e0,2.261600941e-1
train,3472,CCc1cc[nH]c1O,6.348416328e0,0.000000000e0,0.000000000e0,1.271353364e0,6.348416328e0,-4.330667257e-1
train,3473,OCC1COC12CCC2,8.261377335e0,0.000000000e0,0.000000000e0,1.271353364e0,8.261377335e0,1.071597934e0
train,3474,CC1=CCOCC1O,6.987883568e0,0.000000000e0,0.000000000e0,1.271353364e0,6.987883568e0,6.991466135e-2
train,3475,O=CC(O)C1(CO)CO1,5.888543606e0,0.000000000e0,0.000000000e0,1.271353364e0,5.888543606e0,-7.947856784e-1
train,3476,CC1C2C3CC3C12CO,7.488573551e0,0.000000000e0,0.000000000e0,1.271353364e0,7.488573551e0,4.637389481e-1
train,3477,Nc1[nH]cc(O)c1C=O,4.332052708e0,0.000000000e0,0.000000000e0,1.271353364e0,4.332052708e0,-2.019063950e0
train,3478,CC1C2CC3C(C)C1C23,9.004247665e0,0.000000000e0,0.000000000e0,1.271353364e0,9.004247665e0,1.655912399e0
train,3479,C#CCCc1cc[nH]c1,6.789240837e0,0.000000000e0,0.000000000e0,1.271353364e0,6.789240837e0,-8.633039892e-2
train,3480,O=C1OCC1C(F)(F)F,7.741639137e0,0.000000000e0,0.000000000e0,1.271353364e0,7.741639137e0,6.627910137e-1
train,3481,C[NH2+]C1OC2CCOC21,7.205575466e0,0.000000000e0,0.000000000e0,1.271353364e0,7.205575466e0,2.411430925e-1
train,3482,CC1C2C3C(C[NH+]2C)[NH+]13,7.534832478e0,0.000000000e0,0.000000000e0,1.271353364e0,7.534832478e0,5.001245141e-1
train,3483,CC(C(N)=O)C1(C)CO1,7.466804028e0,0.000000000e0,0.000000000e0,1.271353364e0,7.466804028e0,4.466158450e-1
train,3484,O=CC1CCC(NO)C1,6.027321815e0,0.000000000e0,0.000000000e0,1.271353364e0,6.027321815e0,-6.856278181e-1
train,3485,[NH-][CH+]Oc1n[nH]nc1N,5.624593258e0,0.000000000e0,0.000000000e0,1.271353364e0,5.624593258e0,-1.002399325e0
train,3486,CC#CC1(C)CO[CH+][NH2+]1,7.251834393e0,0.000000000e0,0.000000000e0,1.271353364e0,7.251834393e0,2.775286436e-1
train,3487,CC#CC1NCC1=O,5.651804924e0,0.000000000e0,0.000000000e0,1.271353364e0,5.651804924e0,-9.809955955e-1
train,3488,CC1CCC(OC=O)O1,7.562044144e0,0.000000000e0,0.000000000e0,1.271353364e0,7.562044144e0,5.215282440e-1
train,3489,N#CC#Cc1ncc[nH]1,4.704848766e0,0.000000000e0,0.000000000e0,1.271353364e0,4.704848766e0,-1.725836396e0
train,3490,C#CC1(CC)NC1C=O,5.670852661e0,0.000000000e0,0.000000000e0,1.271353364e0,5.670852661e0,-9.660133123e-1
train,3491,C#CCNc1nc[nH]n1,6.215080738e0,0.000000000e0,0.000000000e0,1.271353364e0,6.215080738e0,-5.379436016e-1
train,3492,Cc1nn(C)cnc1=O,5.104856014e0,0.000000000e0,0.000000000e0,1.271353364e0,5.104856014e0,-1.411205411e0
train,3493,CC12C3C1C1(O)C2C31O,7.110334873e0,0.000000000e0,0.000000000e0,1.271353364e0,7.110334873e0,1.662303507e-1
train,3494,OC1C=CC(O)C1O,6.808288574e0,0.000000000e0,0.000000000e0,1.271353364e0,6.808288574e0,-7.134814560e-2
train,3495,C#CC1CC=CC2C[NH+]12,6.313041210e0,0.000000000e0,0.000000000e0,1.271353364e0,6.313041210e0,-4.608914852e-1
train,3496,Cc1n[nH]c(=O)c(F)n1,4.873559475e0,0.000000000e0,0.000000000e0,1.271353364e0,4.873559475e0,-1.593134761e0
train,3497,CC(C)c1[nH]ccc1O,6.228686333e0,0.000000000e0,0.000000000e0,1.271353364e0,6.228686333e0,-5.272419453e-1
train,3498,CC1C(CO)C12CCO2,7.861369133e0,0.000000000e0,0.000000000e0,1.271353364e0,7.861369133e0,7.569662333e-1
train,3499,[NH-]C1NC(C=O)=CC1O,4.215043545e0,0.000000000e0,0.000000000e0,1.271353364e0,4.215043545e0,-2.111099243e0
train,3500,O=C1NCC(CO)C1=O,4.598724365e0,0.000000000e0,0.000000000e0,1.271353364e0,4.598724365e0,-1.809309959e0
train,3501,O=CC12C3CC4C3[NH+]1C42,5.847726822e0,0.000000000e0,0.000000000e0,1.271353364e0,5.847726822e0,-8.268906474e-1
train,3502,CNC1CNC([NH-])C1=O,4.699406624e0,0.000000000e0,0.000000000e0,1.271353364e0,4.699406624e0,-1.730116963e0
train,3503,N#CC1CCC12CC2O,7.902186394e0,0.000000000e0,0.000000000e0,1.271353364e0,7.902186394e0,7.890715599e-1
train,3504,COc1nc(C)[nH]c1O,5.771534920e0,0.000000000e0,0.000000000e0,1.271353364e0,5.771534920e0,-8.868203759e-1
train,3505,CC(C)C12CC1C([NH-])O2,7.605582714e0,0.000000000e0,0.000000000e0,1.271353364e0,7.605582714e0,5.557740331e-1
train,3506,CC(=O)OC1(C)CC1,7.537554264e0,0.000000000e0,0.000000000e0,1.271353364e0,7.537554264e0,5.022653937e-1
train,3507,[NH-]C1=NC(F)=CC(N)O1,5.061317921e0,0.000000000e0,0.000000000e0,1.271353364e0,5.061317921e0,-1.445450902e0
train,3508,CC(O)C1OCC1NO,6.525290489e0,0.000000000e0,0.000000000e0,1.271353364e0,6.525290489e0,-2.939440012e-1
train,3509,CC(=O)C1CC2OC21,6.084465981e0,0.000000000e0,0.000000000e0,1.271353364e0,6.084465981e0,-6.406803131e-1
train,3510,COC1CC2(C1)CC2C,8.849142075e0,0.000000000e0,0.000000000e0,1.271353364e0,8.849142075e0,1.533912063e0
train,3511,CC1C2OC3C([NH-])[NH+]1C23,5.866774559e0,0.000000000e0,0.000000000e0,1.271353364e0,5.866774559e0,-8.119083643e-1
train,3512,OCC12C3CC1(O)C[NH+]32,7.668168545e0,0.000000000e0,0.000000000e0,1.271353364e0,7.668168545e0,6.050017476e-1
train,3513,O=CCn1cnc(O)c1,4.438177109e0,0.000000000e0,0.000000000e0,1.271353364e0,4.438177109e0,-1.935590506e0
train,3514,CCC12OC1CC2OC,8.688595772e0,0.000000000e0,0.000000000e0,1.271353364e0,8.688595772e0,1.407632232e0
train,3515,CC12CC1CC(O)C2O,8.296751022e0,0.000000000e0,0.000000000e0,1.271353364e0,8.296751022e0,1.099421620e0
train,3516,N#CC12CC[NH2+]C1OC2,7.001489162e0,0.000000000e0,0.000000000e0,1.271353364e0,7.001489162e0,8.061631769e-2
train,3517,O=C(CO)C1CO[CH+][NH2+]1,6.068139076e0,0.000000000e0,0.000000000e0,1.271353364e0,6.068139076e0,-6.535224915e-1
train,3518,CC(O)C1CC(O)C1C,8.547096252e0,0.000000000e0,0.000000000e0,1.271353364e0,8.547096252e0,1.296333909e0
train,3519,CC1C2CC3C2C13C,9.123977661e0,0.000000000e0,0.000000000e0,1.271353364e0,9.123977661e0,1.750087619e0
train,3520,CCOC1C(=O)CC1C,5.474930763e0,0.000000000e0,0.000000000e0,1.271353364e0,5.474930763e0,-1.120118260e0
train,3521,N#CC1CC2CC2O1,7.472246647e0,0.000000000e0,0.000000000e0,1.271353364e0,7.472246647e0,4.508967996e-1
train,3522,CC1OC([NH-])C2COC12,7.542996407e0,0.000000000e0,0.000000000e0,1.271353364e0,7.542996407e0,5.065459609e-1
train,3523,C[NH2+]C1CC=CCO1,6.734817982e0,0.000000000e0,0.000000000e0,1.271353364e0,6.734817982e0,-1.291374117e-1
train,3524,CC(=O)C1NCC(C)[NH2+]1,4.631378174e0,0.000000000e0,0.000000000e0,1.271353364e0,4.631378174e0,-1.783625722e0
train,3525,Cc1ccnc(F)c1,6.261340141e0,0.000000000e0,0.000000000e0,1.271353364e0,6.261340141e0,-5.015576482e-1
train,3526,CC1C=CC2NC2C1,6.753865719e0,0.000000000e0,0.000000000e0,1.271353364e0,6.753865719e0,-1.141551584e-1
train,3527,C#CC1(O)CCC1CC,7.899465561e0,0.000000000e0,0.000000000e0,1.271353364e0,7.899465561e0,7.869314551e-1
train,3528,CC12CCC3C(C1)C32O,8.291309357e0,0.000000000e0,0.000000000e0,1.271353364e0,8.291309357e0,1.095141411e0
train,3529,NC(=O)N1CC2OCC21,7.806946754e0,0.000000000e0,0.000000000e0,1.271353364e0,7.806946754e0,7.141596079e-1
train,3530,CC#CC1=CCOC1,5.556564808e0,0.000000000e0,0.000000000e0,1.271353364e0,5.556564808e0,-1.055907965e0
train,3531,O=COCCOC1CC1,7.504899979e0,0.000000000e0,0.000000000e0,1.271353364e0,7.504899979e0,4.765807092e-1
train,3532,CCC#CC1CC=CC1,7.181085110e0,0.000000000e0,0.000000000e0,1.271353364e0,7.181085110e0,2.218798697e-1
train,3533,CC1C2C(O)C(O)C12O,8.375664711e0,0.000000000e0,0.000000000e0,1.271353364e0,8.375664711e0,1.161492229e0
train,3534,CC1C(=O)CN1C(N)=O,5.899428368e0,0.000000000e0,0.000000000e0,1.271353364e0,5.899428368e0,-7.862241268e-1
train,3535,CCN1C(=O)CCC1[NH-],6.702164173e0,0.000000000e0,0.000000000e0,1.271353364e0,6.702164173e0,-1.548216939e-1
train,3536,N#CC1CC2CC3C1C23,8.451856613e0,0.000000000e0,0.000000000e0,1.271353364e0,8.451856613e0,1.221421957e0
train,3537,CC1CC2C=CC1C2C,6.963393688e0,0.000000000e0,0.000000000e0,1.271353364e0,6.963393688e0,5.065182224e-2
train,3538,CC1C(C=O)C2(C)OC12,5.785140514e0,0.000000000e0,0.000000000e0,1.271353364e0,5.785140514e0,-8.761187196e-1
train,3539,C[NH2+][CH+]Oc1cn[nH]n1,6.179705620e0,0.000000000e0,0.000000000e0,1.271353364e0,6.179705620e0,-5.657683611e-1
train,3540,N#CC1CCC12CO2,8.106271744e0,0.000000000e0,0.000000000e0,1.271353364e0,8.106271744e0,9.495975971e-1
train,3541,CCC1C2COCC1O2,8.408317566e0,0.000000000e0,0.000000000e0,1.271353364e0,8.408317566e0,1.187175751e0
train,3542,CCC1CC2CC2C1O,8.756624222e0,0.000000000e0,0.000000000e0,1.271353364e0,8.756624222e0,1.461140871e0
train,3543,COC1CC=CC2CC21,6.704885483e0,0.000000000e0,0.000000000e0,1.271353364e0,6.704885483e0,-1.526812166e-1
train,3544,CCCc1nc(N)no1,6.272224426e0,0.000000000e0,0.000000000e0,1.271353364e0,6.272224426e0,-4.929964542e-1
train,3545,CC(O)CCC1CC1,9.009689331e0,0.000000000e0,0.000000000e0,1.271353364e0,9.009689331e0,1.660192609e0
train,3546,COC1CCCC(O)C1,8.794719696e0,0.000000000e0,0.000000000e0,1.271353364e0,8.794719696e0,1.491105437e0
train,3547,[NH-]C1OC2C3CC3(O)C12,7.507621288e0,0.000000000e0,0.000000000e0,1.271353364e0,7.507621288e0,4.787212014e-1
train,3548,C#CC1(C)C2C=CCC21,6.269503117e0,0.000000000e0,0.000000000e0,1.271353364e0,6.269503117e0,-4.951369464e-1
train,3549,[NH-]c1[nH]c(C=O)cc1O,3.444961309e0,0.000000000e0,0.000000000e0,1.271353364e0,3.444961309e0,-2.716817379e0
train,3550,N#CCC1(CC=O)CO1,6.087186813e0,0.000000000e0,0.000000000e0,1.271353364e0,6.087186813e0,-6.385402083e-1
train,3551,CC1CC([NH+]2CC2C)C1,8.204232216e0,0.000000000e0,0.000000000e0,1.271353364e0,8.204232216e0,1.026649714e0
train,3552,CC(C=O)C1CNC1=O,6.068139076e0,0.000000000e0,0.000000000e0,1.271353364e0,6.068139076e0,-6.535224915e-1
train,3553,CC#Cc1ccoc1N,5.526632309e0,0.000000000e0,0.000000000e0,1.271353364e0,5.526632309e0,-1.079451799e0
train,3554,CC1CC(C)C1C#N,8.996084213e0,0.000000000e0,0.000000000e0,1.271353364e0,8.996084213e0,1.649491310e0
train,3555,CC(=O)c1cncn1C,5.363364220e0,0.000000000e0,0.000000000e0,1.271353364e0,5.363364220e0,-1.207872391e0
train,3556,CC1(C)[NH2+][CH+]OC12CC2,7.072239399e0,0.000000000e0,0.000000000e0,1.271353364e0,7.072239399e0,1.362658441e-1
train,3557,CC12CC1CCCO2,8.261377335e0,0.000000000e0,0.000000000e0,1.271353364e0,8.261377335e0,1.071597934e0
train,3558,CNc1ncoc1C=O,4.601445198e0,0.000000000e0,0.000000000e0,1.271353364e0,4.601445198e0,-1.807169795e0
train,3559,Cc1oc(=O)[nH]c1N,6.457261562e0,0.000000000e0,0.000000000e0,1.271353364e0,6.457261562e0,-3.474530578e-1
train,3560,CCC1CC12CC=CC2,7.178363323e0,0.000000000e0,0.000000000e0,1.271353364e0,7.178363323e0,2.197390199e-1
train,3561,COC12CC3C(=O)C1C32,6.604203224e0,0.000000000e0,0.000000000e0,1.271353364e0,6.604203224e0,-2.318741679e-1
train,3562,CC1C=C(C=O)C(O)C1,5.132067680e0,0.000000000e0,0.000000000e0,1.271353364e0,5.132067680e0,-1.389801741e0
train,3563,N#CC12C[NH+]3C1C(O)C32,7.591977119e0,0.000000000e0,0.000000000e0,1.271353364e0,7.591977119e0,5.450723767e-1
train,3564,CC(C)C1(O)CC(O)C1,8.688595772e0,0.000000000e0,0.000000000e0,1.271353364e0,8.688595772e0,1.407632232e0
train,3565,CCOC1(C)CCC1,8.851863861e0,0.000000000e0,0.000000000e0,1.271353364e0,8.851863861e0,1.536052942e0
train,3566,CCC12CC1(O)CC2=O,6.198753357e0,0.000000000e0,0.000000000e0,1.271353364e0,6.198753357e0,-5.507860780e-1
train,3567,Nc1ncc(O)c(N)n1,5.110298157e0,0.000000000e0,0.000000000e0,1.271353364e0,5.110298157e0,-1.406924844e0
train,3568,[H]N=CN1C(=O)CC=C1C,5.559286118e0,0.000000000e0,0.000000000e0,1.271353364e0,5.559286118e0,-1.053767443e0
train,3569,CCOCC1CC(=O)O1,7.657283783e0,0.000000000e0,0.000000000e0,1.271353364e0,7.657283783e0,5.964401960e-1
train,3570,CC1OC2C(CO)C12C,8.266819000e0,0.000000000e0,0.000000000e0,1.271353364e0,8.266819000e0,1.075878143e0
train,3571,C#CC(=O)CC1(O)CC1,4.898049831e0,0.000000000e0,0.000000000e0,1.271353364e0,4.898049831e0,-1.573871613e0
train,3572,CC1=C(C)CC(C)CC1,6.922576904e0,0.000000000e0,0.000000000e0,1.271353364e0,6.922576904e0,1.854684204e-2
train,3573,OCC1C[NH+]2CC12CO,8.264098167e0,0.000000000e0,0.000000000e0,1.271353364e0,8.264098167e0,1.073738098e0
train,3574,CCC12COC([NH-])C1O2,7.276324272e0,0.000000000e0,0.000000000e0,1.271353364e0,7.276324272e0,2.967914939e-1
train,3575,CC1C2N[CH+][NH2+]C12C#N,6.653183937e0,0.000000000e0,0.000000000e0,1.271353364e0,6.653183937e0,-1.933477372e-1
train,3576,O=CC12NC1C1CC2C1,6.008274078e0,0.000000000e0,0.000000000e0,1.271353364e0,6.008274078e0,-7.006101012e-1
train,3577,CC1(C)CC2C(C=O)C21,5.913033962e0,0.000000000e0,0.000000000e0,1.271353364e0,5.913033962e0,-7.755224705e-1
train,3578,CC12CC3C(C1)C3C2O,8.797441483e0,0.000000000e0,0.000000000e0,1.271353364e0,8.797441483e0,1.493246198e0
train,3579,Cc1nn(C)c(O)c1C,6.838221550e0,0.000000000e0,0.000000000e0,1.271353364e0,6.838221550e0,-4.780397192e-2
train,3580,CC#Cc1cnc(N)o1,5.148394108e0,0.000000000e0,0.000000000e0,1.271353364e0,5.148394108e0,-1.376960039e0
train,3581,CC1COC(C(C)C)[NH2+]1,7.347074509e0,0.000000000e0,0.000000000e0,1.271353364e0,7.347074509e0,3.524410129e-1
train,3582,CC1=C(C)C(C)NC1=O,6.073581219e0,0.000000000e0,0.000000000e0,1.271353364e0,6.073581219e0,-6.492418647e-1
train,3583,CC1C(=O)NC1C=O,5.834120750e0,0.000000000e0,0.000000000e0,1.271353364e0,5.834120750e0,-8.375926614e-1
train,3584,Cn1ncnc1NC=O,6.236849785e0,0.000000000e0,0.000000000e0,1.271353364e0,6.236849785e0,-5.208208561e-1
train,3585,CCC1C=C(C)NC1=O,5.823236465e0,0.000000000e0,0.000000000e0,1.271353364e0,5.823236465e0,-8.461538553e-1
train,3586,CC12CC3C1CC3(C)O2,8.982478142e0,0.000000000e0,0.000000000e0,1.271353364e0,8.982478142e0,1.638789296e0
train,3587,NC(=O)C1COC1C=O,6.032763958e0,0.000000000e0,0.000000000e0,1.271353364e0,6.032763958e0,-6.813472509e-1
train,3588,CC1(C=O)C2C[NH+]1C2,5.760650635e0,0.000000000e0,0.000000000e0,1.271353364e0,5.760650635e0,-8.953815699e-1
train,3589,O=CCC1(O)CC(=O)C1,5.842284679e0,0.000000000e0,0.000000000e0,1.271353364e0,5.842284679e0,-8.311712146e-1
train,3590,Cc1cc(C#N)n[nH]1,6.400117874e0,0.000000000e0,0.000000000e0,1.271353364e0,6.400117874e0,-3.924001753e-1
train,3591,CC1CC2CC2C(C)O1,8.808325768e0,0.000000000e0,0.000000000e0,1.271353364e0,8.808325768e0,1.501807451e0
train,3592,O=CC1C=CC2CC1C2,5.635478020e0,0.000000000e0,0.000000000e0,1.271353364e0,5.635478020e0,-9.938377142e-1
train,3593,CCC1OC2CC1(C)C2,8.707643509e0,0.000000000e0,0.000000000e0,1.271353364e0,8.707643509e0,1.422614455e0
train,3594,C#CC1C=CC(C#N)O1,6.990605354e0,0.000000000e0,0.000000000e0,1.271353364e0,6.990605354e0,7.205551863e-2
train,3595,COCC1CCC1,9.281804085e0,0.000000000e0,0.000000000e0,1.271353364e0,9.281804085e0,1.874228001e0
train,3596,CC1=CC(C)OC(=O)C1,7.153872967e0,0.000000000e0,0.000000000e0,1.271353364e0,7.153872967e0,2.004757971e-1
train,3597,OC1CCCC2OC12,9.246428490e0,0.000000000e0,0.000000000e0,1.271353364e0,9.246428490e0,1.846402884e0
train,3598,OC1CC12CCCC2,9.017853737e0,0.000000000e0,0.000000000e0,1.271353364e0,9.017853737e0,1.666614413e0
train,3599,O=CNC(=O)N1CC1,6.293993473e0,0.000000000e0,0.000000000e0,1.271353364e0,6.293993473e0,-4.758737385e-1
train,3600,CC1=CC2(C)C[NH+]3C1C32,6.310320377e0,0.000000000e0,0.000000000e0,1.271353364e0,6.310320377e0,-4.630315900e-1
train,3601,COC1OCCC1(C)C,9.132141113e0,0.000000000e0,0.000000000e0,1.271353364e0,9.132141113e0,1.756508589e0
train,3602,O=COC1CCC(=O)O1,7.436871529e0,0.000000000e0,0.000000000e0,1.271353364e0,7.436871529e0,4.230720401e-1
train,3603,CCC1CC12CCC2=O,5.937524319e0,0.000000000e0,0.000000000e0,1.271353364e0,5.937524319e0,-7.562592030e-1
train,3604,OC1C2C=CCCC12O,6.544338226e0,0.000000000e0,0.000000000e0,1.271353364e0,6.544338226e0,-2.789617777e-1
train,3605,O=CC1CCOC(=O)C1,6.008274078e0,0.000000000e0,0.000000000e0,1.271353364e0,6.008274078e0,-7.006101012e-1
train,3606,CNC1(C#N)CC1(C)N,7.251834393e0,0.000000000e0,0.000000000e0,1.271353364e0,7.251834393e0,2.775286436e-1
train,3607,CC1OCC2CC1O2,8.729413033e0,0.000000000e0,0.000000000e0,1.271353364e0,8.729413033e0,1.439737558e0
train,3608,CC1(O)CC2CCC21C,8.620567322e0,0.000000000e0,0.000000000e0,1.271353364e0,8.620567322e0,1.354123592e0
train,3609,O=CC12C3OC1C2C3O,5.910312653e0,0.000000000e0,0.000000000e0,1.271353364e0,5.910312653e0,-7.776629329e-1
train,3610,N#CC1(C#N)NCC1=O,5.899428368e0,0.000000000e0,0.000000000e0,1.271353364e0,5.899428368e0,-7.862241268e-1
train,3611,CCCNc1nn[nH]n1,5.602824211e0,0.000000000e0,0.000000000e0,1.271353364e0,5.602824211e0,-1.019521952e0
train,3612,N#CC12NC1C1CC12N,6.413723469e0,0.000000000e0,0.000000000e0,1.271353364e0,6.413723469e0,-3.816985190e-1
train,3613,CC1OC2CCC1C2=O,5.654525757e0,0.000000000e0,0.000000000e0,1.271353364e0,5.654525757e0,-9.788554907e-1
train,3614,NC1=CC(=O)C(C=O)C1,5.455882549e0,0.000000000e0,0.000000000e0,1.271353364e0,5.455882549e0,-1.135100961e0
train,3615,CC12CC1CC2C#N,8.182463646e0,0.000000000e0,0.000000000e0,1.271353364e0,8.182463646e0,1.009527326e0
train,3616,N#CC12CC3OC3C1C2,7.953887463e0,0.000000000e0,0.000000000e0,1.271353364e0,7.953887463e0,8.297377229e-1
train,3617,CC1=CC2(C)OC2C1C,6.571549892e0,0.000000000e0,0.000000000e0,1.271353364e0,6.571549892e0,-2.575580776e-1
train,3618,O=CC#CC1C[NH+]2CC12,5.132067680e0,0.000000000e0,0.000000000e0,1.271353364e0,5.132067680e0,-1.389801741e0
train,3619,CC1[NH2+]C(N)C(O)C1O,6.974278450e0,0.000000000e0,0.000000000e0,1.271353364e0,6.974278450e0,5.921337381e-2
train,3620,[NH-]C1CCN1C(=O)C=O,4.604166508e0,0.000000000e0,0.000000000e0,1.271353364e0,4.604166508e0,-1.805029392e0
train,3621,C#CC1(O)CCC1(C)O,7.521226883e0,0.000000000e0,0.000000000e0,1.271353364e0,7.521226883e0,4.894228578e-1
train,3622,C[NH2+]C1OCC1C(N)=O,7.055912018e0,0.000000000e0,0.000000000e0,1.271353364e0,7.055912018e0,1.234233305e-1
train,3623,C[NH+]1C2C3C2C(C)(C)C31,7.613745689e0,0.000000000e0,0.000000000e0,1.271353364e0,7.613745689e0,5.621947646e-1
train,3624,C#CC12CC(C)=CC1C2,6.538896084e0,0.000000000e0,0.000000000e0,1.271353364e0,6.538896084e0,-2.832423449e-1
train,3625,OCC12C3OC1C2C3O,7.796061993e0,0.000000000e0,0.000000000e0,1.271353364e0,7.796061993e0,7.055980563e-1
train,3626,CC12C=CC3CC1[NH+]32,5.893986225e0,0.000000000e0,0.000000000e0,1.271353364e0,5.893986225e0,-7.905046940e-1
train,3627,O=CC12C3C[NH+]1C1C3C12,5.259960651e0,0.000000000e0,0.000000000e0,1.271353364e0,5.259960651e0,-1.289205909e0
train,3628,CC1(O)COC([NH-])OC1,8.002868652e0,0.000000000e0,0.000000000e0,1.271353364e0,8.002868652e0,8.682645559e-1
train,3629,C[NH+]1CCC(N)C1C#N,6.993326187e0,0.000000000e0,0.000000000e0,1.271353364e0,6.993326187e0,7.419562340e-2
train,3630,CC12C(O)C1CC1OC12,8.201511383e0,0.000000000e0,0.000000000e0,1.271353364e0,8.201511383e0,1.024509549e0
train,3631,C#CC1C(C)C2OC12,7.932118893e0,0.000000000e0,0.000000000e0,1.271353364e0,7.932118893e0,8.126153946e-1
train,3632,C#CCC1CCC1O,8.514442444e0,0.000000000e0,0.000000000e0,1.271353364e0,8.514442444e0,1.270649672e0
train,3633,CC(=O)C1(C)CCC1=O,5.382411957e0,0.000000000e0,0.000000000e0,1.271353364e0,5.382411957e0,-1.192890167e0
train,3634,CC1(C2COCO2)CC1,9.178400040e0,0.000000000e0,0.000000000e0,1.271353364e0,9.178400040e0,1.792894244e0
train,3635,CC1(C)C(=O)C2CC1C2,6.106235027e0,0.000000000e0,0.000000000e0,1.271353364e0,6.106235027e0,-6.235576272e-1
train,3636,Oc1cc2n(c1)CC=C2,4.440898418e0,0.000000000e0,0.000000000e0,1.271353364e0,4.440898418e0,-1.933449984e0
train,3637,C#CCC1(C)CC(=O)C1,6.010994911e0,0.000000000e0,0.000000000e0,1.271353364e0,6.010994911e0,-6.984699965e-1
train,3638,[NH-]C1COC(=O)CCO1,7.249113560e0,0.000000000e0,0.000000000e0,1.271353364e0,7.249113560e0,2.753885388e-1
train,3639,N#CCc1[nH]ccc1O,6.198753357e0,0.000000000e0,0.000000000e0,1.271353364e0,6.198753357e0,-5.507860780e-1
train,3640,CC1(C2CC2)CC1C=O,6.114398479e0,0.000000000e0,0.000000000e0,1.271353364e0,6.114398479e0,-6.171365380e-1
train,3641,COCC12CC(=O)N1C2,6.430050850e0,0.000000000e0,0.000000000e0,1.271353364e0,6.430050850e0,-3.688560128e-1
train,3642,CC1(C)C[NH2+]C2OCC21,7.221901417e0,0.000000000e0,0.000000000e0,1.271353364e0,7.221901417e0,2.539844811e-1
train,3643,CCC12OC(C)C1C2C,8.383827209e0,0.000000000e0,0.000000000e0,1.271353364e0,8.383827209e0,1.167912483e0
train,3644,CC1(C)C2C3NC3C21,7.434150696e0,0.000000000e0,0.000000000e0,1.271353364e0,7.434150696e0,4.209319353e-1
train,3645,CCc1ccc(F)nc1,5.972899437e0,0.000000000e0,0.000000000e0,1.271353364e0,5.972899437e0,-7.284344435e-1
train,3646,O=CC12C[NH+]3C4C(C41)C32,5.398738861e0,0.000000000e0,0.000000000e0,1.271353364e0,5.398738861e0,-1.180047989e0
train,3647,N#CC(N)C1CC(=O)O1,7.401497364e0,0.000000000e0,0.000000000e0,1.271353364e0,7.401497364e0,3.952480257e-1
train,3648,CC1[NH+](C)CC12CO2,7.782456875e0,0.000000000e0,0.000000000e0,1.271353364e0,7.782456875e0,6.948967576e-1
train,3649,CCC12OC3(C)CC1C32,8.498115540e0,0.000000000e0,0.000000000e0,1.271353364e0,8.498115540e0,1.257807493e0
train,3650,N#CC1(O)C2C3OC3C21,7.363400936e0,0.000000000e0,0.000000000e0,1.271353364e0,7.363400936e0,3.652827740e-1
train,3651,COC1OCC2NC21C,8.427366257e0,0.000000000e0,0.000000000e0,1.271353364e0,8.427366257e0,1.202158689e0
train,3652,O=C1CC(CO)(CO)N1,7.314420223e0,0.000000000e0,0.000000000e0,1.271353364e0,7.314420223e0,3.267563581e-1
train,3653,OC1C(O)C2OCC12,7.763408184e0,0.000000000e0,0.000000000e0,1.271353364e0,7.763408184e0,6.799137592e-1
train,3654,O=COC1CCC1=O,5.738881111e0,0.000000000e0,0.000000000e0,1.271353364e0,5.738881111e0,-9.125046730e-1
train,3655,CC(O)Cn1ccnn1,7.006931782e0,0.000000000e0,0.000000000e0,1.271353364e0,7.006931782e0,8.489727974e-2
train,3656,C#CC1CC2NC12,7.679053307e0,0.000000000e0,0.000000000e0,1.271353364e0,7.679053307e0,6.135632992e-1
train,3657,CC([NH-])Oc1cnc[nH]1,5.542959213e0,0.000000000e0,0.000000000e0,1.271353364e0,5.542959213e0,-1.066609621e0
train,3658,CC1C2CCCC12C#N,8.326683998e0,0.000000000e0,0.000000000e0,1.271353364e0,8.326683998e0,1.122965813e0
train,3659,CC1(C#N)CC(O)C1O,8.125319481e0,0.000000000e0,0.000000000e0,1.271353364e0,8.125319481e0,9.645798206e-1
train,3660,C#CC1(C)OCC(=O)O1,7.483131409e0,0.000000000e0,0.000000000e0,1.271353364e0,7.483131409e0,4.594583511e-1
train,3661,C#CC1C2COC12CO,7.553880215e0,0.000000000e0,0.000000000e0,1.271353364e0,7.553880215e0,5.151067972e-1
train,3662,CCC1OCCC1OC,8.794719696e0,0.000000000e0,0.000000000e0,1.271353364e0,8.794719696e0,1.491105437e0
train,3663,CCCc1cn(C)nn1,6.764750481e0,0.000000000e0,0.000000000e0,1.271353364e0,6.764750481e0,-1.055936068e-1
train,3664,NC(=O)N1CCC(O)C1,7.581092358e0,0.000000000e0,0.000000000e0,1.271353364e0,7.581092358e0,5.365108252e-1
train,3665,Nc1onnc1CCO,5.646362305e0,0.000000000e0,0.000000000e0,1.271353364e0,5.646362305e0,-9.852765203e-1
train,3666,C[NH+]1C2CC(C)(CO)C21,7.828715801e0,0.000000000e0,0.000000000e0,1.271353364e0,7.828715801e0,7.312822938e-1
train,3667,C#CC1CCC12CC2O,8.016474724e0,0.000000000e0,0.000000000e0,1.271353364e0,8.016474724e0,8.789665699e-1
train,3668,CNC(=O)CC1CN1,7.472246647e0,0.000000000e0,0.000000000e0,1.271353364e0,7.472246647e0,4.508967996e-1
train,3669,CC#CC#CC1COC1,6.027321815e0,0.000000000e0,0.000000000e0,1.271353364e0,6.027321815e0,-6.856278181e-1
train,3670,CC1=C(C)C2C3CC1C32,6.334810734e0,0.000000000e0,0.000000000e0,1.271353364e0,6.334810734e0,-4.437683821e-1
train,3671,CC1=CC2(C)NC2C1O,6.541617393e0,0.000000000e0,0.000000000e0,1.271353364e0,6.541617393e0,-2.811018825e-1
train,3672,OCC1COCCCO1,8.849142075e0,0.000000000e0,0.000000000e0,1.271353364e0,8.849142075e0,1.533912063e0
train,3673,OCC1C2CC(O)C1O2,8.400155067e0,0.000000000e0,0.000000000e0,1.271353364e0,8.400155067e0,1.180755377e0
train,3674,CCC1OC12C[NH+](C)C2,8.081781387e0,0.000000000e0,0.000000000e0,1.271353364e0,8.081781387e0,9.303343892e-1
train,3675,N#CC1(O)C(=O)C2NC21,5.469488621e0,0.000000000e0,0.000000000e0,1.271353364e0,5.469488621e0,-1.124398828e0
train,3676,CC#CC1(N)CC1C#N,7.292651653e0,0.000000000e0,0.000000000e0,1.271353364e0,7.292651653e0,3.096340001e-1
train,3677,CC1C(O)C12OC1CC12,7.937561512e0,0.000000000e0,0.000000000e0,1.271353364e0,7.937561512e0,8.168963194e-1
train,3678,CC1C2C(O)C1C1NC12,7.904907227e0,0.000000000e0,0.000000000e0,1.271353364e0,7.904907227e0,7.912116647e-1
train,3679,COCC1NC2COC12,8.076338768e0,0.000000000e0,0.000000000e0,1.271353364e0,8.076338768e0,9.260534048e-1
train,3680,[NH-][CH+]OC1CC12COC2,7.170200348e0,0.000000000e0,0.000000000e0,1.271353364e0,7.170200348e0,2.133183181e-1
train,3681,COCC1(C)C[NH+]2CC21,8.457298279e0,0.000000000e0,0.000000000e0,1.271353364e0,8.457298279e0,1.225702167e0
train,3682,CCC12NC1CCC2O,8.185184479e0,0.000000000e0,0.000000000e0,1.271353364e0,8.185184479e0,1.011667490e0
train,3683,CC12CC=CC1(C#N)O2,6.479031086e0,0.000000000e0,0.000000000e0,1.271353364e0,6.479031086e0,-3.303299546e-1
train,3684,N#CC[NH+]1CC2OC2C1,7.009653091e0,0.000000000e0,0.000000000e0,1.271353364e0,7.009653091e0,8.703776449e-2
train,3685,COC(=O)C1C=CCN1,6.337531567e0,0.000000000e0,0.000000000e0,1.271353364e0,6.337531567e0,-4.416282773e-1
train,3686,CC#CC1[NH2+]C(C)CO1,5.907591820e0,0.000000000e0,0.000000000e0,1.271353364e0,5.907591820e0,-7.798030376e-1
train,3687,COC12CC1C1C(C)C12,7.575649738e0,0.000000000e0,0.000000000e0,1.271353364e0,7.575649738e0,5.322299004e-1
train,3688,C#CC(CC1CC1)=NO,5.619151115e0,0.000000000e0,0.000000000e0,1.271353364e0,5.619151115e0,-1.006679893e0
train,3689,COC1CC2CC1O2,8.925334930e0,0.000000000e0,0.000000000e0,1.271353364e0,8.925334930e0,1.593842506e0
train,3690,CC1(C)C2(O)CC1(O)C2,8.449134827e0,0.000000000e0,0.000000000e0,1.271353364e0,8.449134827e0,1.219281077e0
train,3691,OCC1CC2C(CO)C12,8.636894226e0,0.000000000e0,0.000000000e0,1.271353364e0,8.636894226e0,1.366965652e0
train,3692,OCC12OC3CC1C2C3,8.781113625e0,0.000000000e0,0.000000000e0,1.271353364e0,8.781113625e0,1.480403304e0
train,3693,N#CCC1NC2CC12O,7.227344036e0,0.000000000e0,0.000000000e0,1.271353364e0,7.227344036e0,2.582654357e-1
train,3694,Cc1[nH]c(CO)nc1O,5.880380630e0,0.000000000e0,0.000000000e0,1.271353364e0,5.880380630e0,-8.012063503e-1
train,3695,C1CC2C3CCC2C13,9.970252037e0,0.000000000e0,0.000000000e0,1.271353364e0,9.970252037e0,2.415735722e0
train,3696,O=COc1nc(O)c[nH]1,5.172884464e0,0.000000000e0,0.000000000e0,1.271353364e0,5.172884464e0,-1.357696772e0
train,3697,C#Cc1c(N)noc1N,5.877659321e0,0.000000000e0,0.000000000e0,1.271353364e0,5.877659321e0,-8.033468127e-1
train,3698,N#CC1N[CH+][NH2+]C1C=O,5.749765873e0,0.000000000e0,0.000000000e0,1.271353364e0,5.749765873e0,-9.039431214e-1
train,3699,CCC12CC1CC(=O)O2,7.570207596e0,0.000000000e0,0.000000000e0,1.271353364e0,7.570207596e0,5.279492736e-1
train,3700,CCC1(O)CC1(C)CO,8.650499344e0,0.000000000e0,0.000000000e0,1.271353364e0,8.650499344e0,1.377666950e0
train,3701,N#CC1C(O)CC2OC21,8.462740898e0,0.000000000e0,0.000000000e0,1.271353364e0,8.462740898e0,1.229983091e0
train,3702,O=CC1C2C=CCC12O,5.692621708e0,0.000000000e0,0.000000000e0,1.271353364e0,5.692621708e0,-9.488906264e-1
train,3703,CC(C1CC1)C(C)(C)O,8.985198975e0,0.000000000e0,0.000000000e0,1.271353364e0,8.985198975e0,1.640929341e0
train,3704,O=CCCC1CCC1,6.225965023e0,0.000000000e0,0.000000000e0,1.271353364e0,6.225965023e0,-5.293824077e-1
train,3705,OC1C(O)C12CCC2,7.575649738e0,0.000000000e0,0.000000000e0,1.271353364e0,7.575649738e0,5.322299004e-1
train,3706,CC#CC1CC(C#N)O1,6.827336788e0,0.000000000e0,0.000000000e0,1.271353364e0,6.827336788e0,-5.636552349e-2
train,3707,CC12CC1OC2CO,8.304915428e0,0.000000000e0,0.000000000e0,1.271353364e0,8.304915428e0,1.105843425e0
train,3708,CCNC1=CC(=O)OC1,5.932082176e0,0.000000000e0,0.000000000e0,1.271353364e0,5.932082176e0,-7.605398297e-1
train,3709,CCC(O)C1CC1C=O,6.076302528e0,0.000000000e0,0.000000000e0,1.271353364e0,6.076302528e0,-6.471014023e-1
train,3710,CC(C)N1CCC1=O,7.491294384e0,0.000000000e0,0.000000000e0,1.271353364e0,7.491294384e0,4.658790529e-1
train,3711,CCC1C2CCC1(O)C2,8.846421242e0,0.000000000e0,0.000000000e0,1.271353364e0,8.846421242e0,1.531771898e0
train,3712,CCc1cccoc1=O,4.832742214e0,0.000000000e0,0.000000000e0,1.271353364e0,4.832742214e0,-1.625240088e0
train,3713,COC(C)[NH2+]C1CC1,6.982441425e0,0.000000000e0,0.000000000e0,1.271353364e0,6.982441425e0,6.563407183e-2
train,3714,CC12CC(O1)C(O)C2=O,5.306220055e0,0.000000000e0,0.000000000e0,1.271353364e0,5.306220055e0,-1.252819896e0
train,3715,NC1=NCCN1C=O,5.719833374e0,0.000000000e0,0.000000000e0,1.271353364e0,5.719833374e0,-9.274868965e-1
train,3716,ONC1CCCCC1O,6.832778931e0,0.000000000e0,0.000000000e0,1.271353364e0,6.832778931e0,-5.208493397e-2
train,3717,COC(C)c1cnon1,6.304878235e0,0.000000000e0,0.000000000e0,1.271353364e0,6.304878235e0,-4.673121870e-1
train,3718,CC1=CCC2(CO)OC12,6.634135723e0,0.000000000e0,0.000000000e0,1.271353364e0,6.634135723e0,-2.083303630e-1
train,3719,CC1(O)CC2(CO)OC12,8.884517670e0,0.000000000e0,0.000000000e0,1.271353364e0,8.884517670e0,1.561737180e0
train,3720,CNC(=O)C1CCC1=O,5.651804924e0,0.000000000e0,0.000000000e0,1.271353364e0,5.651804924e0,-9.809955955e-1
train,3721,CC12C(O)C1[NH+]1CC12,7.605582714e0,0.000000000e0,0.000000000e0,1.271353364e0,7.605582714e0,5.557740331e-1
train,3722,CC1CC2(C#N)C[NH+]1C2,7.322584152e0,0.000000000e0,0.000000000e0,1.271353364e0,7.322584152e0,3.331778049e-1
train,3723,CC12OCC1C1CC12,8.596076965e0,0.000000000e0,0.000000000e0,1.271353364e0,8.596076965e0,1.334860325e0
train,3724,CCC1(C)C(=O)NC1C,7.562044144e0,0.000000000e0,0.000000000e0,1.271353364e0,7.562044144e0,5.215282440e-1
train,3725,CC(C)C1C2COC21C,8.351174355e0,0.000000000e0,0.000000000e0,1.271353364e0,8.351174355e0,1.142228961e0
train,3726,CC1=CC(O)C[NH+]2CC12,6.302156925e0,0.000000000e0,0.000000000e0,1.271353364e0,6.302156925e0,-4.694526494e-1
train,3727,CC1CC1CCCCO,9.319899559e0,0.000000000e0,0.000000000e0,1.271353364e0,9.319899559e0,1.904192567e0
train,3728,CC(C#N)C1CC(=O)O1,7.815110207e0,0.000000000e0,0.000000000e0,1.271353364e0,7.815110207e0,7.205806375e-1
train,3729,C#CC1NC1(C)C(C)C,7.542996407e0,0.000000000e0,0.000000000e0,1.271353364e0,7.542996407e0,5.065459609e-1
train,3730,CCC1C2CC3(C)C1[NH+]23,8.756624222e0,0.000000000e0,0.000000000e0,1.271353364e0,8.756624222e0,1.461140871e0
train,3731,C#CC1C2C(C)[NH2+][CH+][NH+]12,6.225965023e0,0.000000000e0,0.000000000e0,1.271353364e0,6.225965023e0,-5.293824077e-1
train,3732,CC1CC(O)C(C=O)C1,6.288550854e0,0.000000000e0,0.000000000e0,1.271353364e0,6.288550854e0,-4.801546931e-1
train,3733,Cc1onnc1N(C)C,5.545680046e0,0.000000000e0,0.000000000e0,1.271353364e0,5.545680046e0,-1.064469457e0
train,3734,CCC1CC(C)CC1C,1.007093334e1,0.000000000e0,0.000000000e0,1.271353364e0,1.007093334e1,2.494928122e0
train,3735,CC1C2CC2C2C(O)C12,8.114435196e0,0.000000000e0,0.000000000e0,1.271353364e0,8.114435196e0,9.560186863e-1
train,3736,C#CC1(O)CC1,7.548438072e0,0.000000000e0,0.000000000e0,1.271353364e0,7.548438072e0,5.108261704e-1
train,3737,CNc1cc[nH+]nc1,4.541580200e0,0.000000000e0,0.000000000e0,1.271353364e0,4.541580200e0,-1.854257464e0
train,3738,CC1OC([NH-])C1CCO,7.812388420e0,0.000000000e0,0.000000000e0,1.271353364e0,7.812388420e0,7.184398174e-1
train,3739,COC1CC(O)C2OC12,8.938940048e0,0.000000000e0,0.000000000e0,1.271353364e0,8.938940048e0,1.604543805e0
train,3740,OCC1C=CCCC=C1,6.783798695e0,0.000000000e0,0.000000000e0,1.271353364e0,6.783798695e0,-9.061098099e-2
train,3741,CCC1C2CC3C2[NH+]13,8.909008026e0,0.000000000e0,0.000000000e0,1.271353364e0,8.909008026e0,1.581000328e0
train,3742,N#CC1CC(CC=O)N1,5.619151115e0,0.000000000e0,0.000000000e0,1.271353364e0,5.619151115e0,-1.006679893e0
train,3743,CC[NH+]1C(C)C1(C)CO,8.076338768e0,0.000000000e0,0.000000000e0,1.271353364e0,8.076338768e0,9.260534048e-1
train,3744,CC1CC(C(O)CO)O1,8.277703285e0,0.000000000e0,0.000000000e0,1.271353364e0,8.277703285e0,1.084439278e0
train,3745,C#Cc1nonc1CO,5.817794323e0,0.000000000e0,0.000000000e0,1.271353364e0,5.817794323e0,-8.504344225e-1
train,3746,COCC1=C(C)CCC1,6.824615955e0,0.000000000e0,0.000000000e0,1.271353364e0,6.824615955e0,-5.850563198e-2
train,3747,CC1COCC2NC12C,8.343010902e0,0.000000000e0,0.000000000e0,1.271353364e0,8.343010902e0,1.135807872e0
train,3748,CC1[NH2+]C2CC(O1)C2O,6.800125122e0,0.000000000e0,0.000000000e0,1.271353364e0,6.800125122e0,-7.776921988e-2
train,3749,N#CCC1OCC12CC2,7.981099606e0,0.000000000e0,0.000000000e0,1.271353364e0,7.981099606e0,8.511418104e-1
train,3750,C#CC1C2CCC12OC,7.616467476e0,0.000000000e0,0.000000000e0,1.271353364e0,7.616467476e0,5.643355846e-1
train,3751,CC1CNC(=O)CC1C,7.303536415e0,0.000000000e0,0.000000000e0,1.271353364e0,7.303536415e0,3.181955516e-1
train,3752,O=Cn1cnoc1=O,5.981062412e0,0.000000000e0,0.000000000e0,1.271353364e0,5.981062412e0,-7.220137715e-1
train,3753,OCC1=CC2NC1C2O,6.264060974e0,0.000000000e0,0.000000000e0,1.271353364e0,6.264060974e0,-4.994175136e-1
train,3754,CC(C)(O)C(O)C1CC1,8.911728859e0,0.000000000e0,0.000000000e0,1.271353364e0,8.911728859e0,1.583140492e0
train,3755,C#CC1CC1(CC)CC,7.853205681e0,0.000000000e0,0.000000000e0,1.271353364e0,7.853205681e0,7.505451441e-1
train,3756,N#CC1C=CC(=O)C1,5.219143867e0,0.000000000e0,0.000000000e0,1.271353364e0,5.219143867e0,-1.321310878e0
train,3757,C#CC1CCC(=O)O1,7.532111645e0,0.000000000e0,0.000000000e0,1.271353364e0,7.532111645e0,4.979844093e-1
train,3758,CC1[NH2+][CH+]OC12CCC2,7.289929867e0,0.000000000e0,0.000000000e0,1.271353364e0,7.289929867e0,3.074931502e-1
train,3759,CC1CC2(C1)CC2(C)O,8.609682083e0,0.000000000e0,0.000000000e0,1.271353364e0,8.609682083e0,1.345561624e0
train,3760,CC1=CC([NH-])OCC=C1,4.756549835e0,0.000000000e0,0.000000000e0,1.271353364e0,4.756549835e0,-1.685170293e0
train,3761,CC#CCC1(C)NC1C,8.087224007e0,0.000000000e0,0.000000000e0,1.271353364e0,8.087224007e0,9.346153736e-1
train,3762,Cn1ncc(O)c1N,6.206917286e0,0.000000000e0,0.000000000e0,1.271353364e0,6.206917286e0,-5.443646312e-1
train,3763,CC1CC1C(C)(C)C,9.159352303e0,0.000000000e0,0.000000000e0,1.271353364e0,9.159352303e0,1.777912021e0
train,3764,CCC1(CCOC)CO1,9.300851822e0,0.000000000e0,0.000000000e0,1.271353364e0,9.300851822e0,1.889210224e0
train,3765,CCC1=CCCC2NC12,6.742980957e0,0.000000000e0,0.000000000e0,1.271353364e0,6.742980957e0,-1.227167100e-1
train,3766,NC(=O)N1CC2C(O)C21,7.333467960e0,0.000000000e0,0.000000000e0,1.271353364e0,7.333467960e0,3.417386115e-1
train,3767,CC1=CC2CC3C(O2)C13,6.617809296e0,0.000000000e0,0.000000000e0,1.271353364e0,6.617809296e0,-2.211721241e-1
train,3768,CC(O)C1CC(=O)C1O,5.556564808e0,0.000000000e0,0.000000000e0,1.271353364e0,5.556564808e0,-1.055907965e0
train,3769,CC(C)OC1(CO)CC1,8.623288155e0,0.000000000e0,0.000000000e0,1.271353364e0,8.623288155e0,1.356263638e0
train,3770,CC1C(O)CC12C[NH+]2C,7.904907227e0,0.000000000e0,0.000000000e0,1.271353364e0,7.904907227e0,7.912116647e-1
train,3771,CNc1c[nH]c(C#N)n1,4.628656864e0,0.000000000e0,0.000000000e0,1.271353364e0,4.628656864e0,-1.785766125e0
train,3772,CC12CCCC1(C=O)N2,5.962014675e0,0.000000000e0,0.000000000e0,1.271353364e0,5.962014675e0,-7.369959950e-1
train,3773,CC1[NH+]2CC1(C#N)C2,7.423265934e0,0.000000000e0,0.000000000e0,1.271353364e0,7.423265934e0,4.123703837e-1
train,3774,CCC1CC1(O)C1CN1,8.027358055e0,0.000000000e0,0.000000000e0,1.271353364e0,8.027358055e0,8.875269890e-1
train,3775,CC(O)C1OC(=O)C1N,6.930739880e0,0.000000000e0,0.000000000e0,1.271353364e0,6.930739880e0,2.496753819e-2
train,3776,Nc1cc[nH]c1O,6.508963585e0,0.000000000e0,0.000000000e0,1.271353364e0,6.508963585e0,-3.067861497e-1
train,3777,CN1C(=O)C2CC21C#N,6.408281326e0,0.000000000e0,0.000000000e0,1.271353364e0,6.408281326e0,-3.859791160e-1
train,3778,CCC1C2COCC1C2,9.015131950e0,0.000000000e0,0.000000000e0,1.271353364e0,9.015131950e0,1.664473534e0
train,3779,C#CCC1(C)CCC1O,8.245050430e0,0.000000000e0,0.000000000e0,1.271353364e0,8.245050430e0,1.058755755e0
train,3780,O=C1C[NH+]2C1C1C(O)C12,5.406902313e0,0.000000000e0,0.000000000e0,1.271353364e0,5.406902313e0,-1.173626900e0
train,3781,O=Cc1nccc(=O)[nH]1,4.220486164e0,0.000000000e0,0.000000000e0,1.271353364e0,4.220486164e0,-2.106818199e0
train,3782,CC1OC1CCCC=O,6.220522881e0,0.000000000e0,0.000000000e0,1.271353364e0,6.220522881e0,-5.336629748e-1
train,3783,O=CC1C=CC2COC12,6.168820858e0,0.000000000e0,0.000000000e0,1.271353364e0,6.168820858e0,-5.743299127e-1
train,3784,CCC1(C#N)CCOC1,8.323963165e0,0.000000000e0,0.000000000e0,1.271353364e0,8.323963165e0,1.120825648e0
train,3785,CC(C)C1C2CCOC21,8.563423157e0,0.000000000e0,0.000000000e0,1.271353364e0,8.563423157e0,1.309176087e0
train,3786,CNC1(C)COC1C#N,6.476309776e0,0.000000000e0,0.000000000e0,1.271353364e0,6.476309776e0,-3.324704468e-1
train,3787,N#CC#Cc1cnno1,4.881722450e0,0.000000000e0,0.000000000e0,1.271353364e0,4.881722450e0,-1.586714029e0
train,3788,Oc1ncc(F)nc1O,5.004173756e0,0.000000000e0,0.000000000e0,1.271353364e0,5.004173756e0,-1.490398407e0
train,3789,CC1C=CC(=O)C1O,5.265403271e0,0.000000000e0,0.000000000e0,1.271353364e0,5.265403271e0,-1.284924865e0
train,3790,Cc1[nH]cnc1CC#N,6.661347389e0,0.000000000e0,0.000000000e0,1.271353364e0,6.661347389e0,-1.869266629e-1
train,3791,OCCC12CC1CC2O,8.707643509e0,0.000000000e0,0.000000000e0,1.271353364e0,8.707643509e0,1.422614455e0
train,3792,COC1OCC=C1C,7.104892731e0,0.000000000e0,0.000000000e0,1.271353364e0,7.104892731e0,1.619497538e-1
train,3793,C#CC1C(C#C)C2CC12,7.782456875e0,0.000000000e0,0.000000000e0,1.271353364e0,7.782456875e0,6.948967576e-1
train,3794,CC(C)C1(C#N)CN1,8.000147820e0,0.000000000e0,0.000000000e0,1.271353364e0,8.000147820e0,8.661244512e-1
train,3795,Cc1nc(=O)c(F)no1,5.232749462e0,0.000000000e0,0.000000000e0,1.271353364e0,5.232749462e0,-1.310609221e0
train,3796,OCC1COC2CC12,8.155252457e0,0.000000000e0,0.000000000e0,1.271353364e0,8.155252457e0,9.881240129e-1
train,3797,CCC1CC=CC1(C)O,7.227344036e0,0.000000000e0,0.000000000e0,1.271353364e0,7.227344036e0,2.582654357e-1
train,3798,O=C1C=CC(CO)OC1,4.868116856e0,0.000000000e0,0.000000000e0,1.271353364e0,4.868116856e0,-1.597415686e0
train,3799,O=CC1CCC2COC12,6.010994911e0,0.000000000e0,0.000000000e0,1.271353364e0,6.010994911e0,-6.984699965e-1
train,3800,[NH-]C1CC(CCO)O1,7.866811275e0,0.000000000e0,0.000000000e0,1.271353364e0,7.866811275e0,7.612468004e-1
train,3801,Oc1cncc(O)c1,5.575613022e0,0.000000000e0,0.000000000e0,1.271353364e0,5.575613022e0,-1.040925384e0
train,3802,CC1(O)C2CC3C1C32O,8.353896141e0,0.000000000e0,0.000000000e0,1.271353364e0,8.353896141e0,1.144369841e0
train,3803,N#CC12C=CCC[NH+]1C2,6.337531567e0,0.000000000e0,0.000000000e0,1.271353364e0,6.337531567e0,-4.416282773e-1
train,3804,C#Cc1c(O)noc1N,5.904870510e0,0.000000000e0,0.000000000e0,1.271353364e0,5.904870510e0,-7.819435000e-1
train,3805,CC12CC(O)CC(C1)O2,8.310358047e0,0.000000000e0,0.000000000e0,1.271353364e0,8.310358047e0,1.110124350e0
train,3806,CCC#CC1NC1C#N,7.039586067e0,0.000000000e0,0.000000000e0,1.271353364e0,7.039586067e0,1.105819419e-1
train,3807,CC1COC1(C)C1CN1,8.498115540e0,0.000000000e0,0.000000000e0,1.271353364e0,8.498115540e0,1.257807493e0
train,3808,CC1CC2CC(=O)C12O,5.913033962e0,0.000000000e0,0.000000000e0,1.271353364e0,5.913033962e0,-7.755224705e-1
train,3809,O=Cc1cc(CO)n[nH]1,5.227307320e0,0.000000000e0,0.000000000e0,1.271353364e0,5.227307320e0,-1.314889789e0
train,3810,N#CC1=C2COC2CC1,5.548401356e0,0.000000000e0,0.000000000e0,1.271353364e0,5.548401356e0,-1.062329054e0
train,3811,NC(=O)C12CC=CC1N2,6.351137638e0,0.000000000e0,0.000000000e0,1.271353364e0,6.351137638e0,-4.309262335e-1
train,3812,N#CC12NC1CC2C=O,5.698064327e0,0.000000000e0,0.000000000e0,1.271353364e0,5.698064327e0,-9.446096420e-1
train,3813,CC(C)c1cc(O)c[nH]1,6.274945736e0,0.000000000e0,0.000000000e0,1.271353364e0,6.274945736e0,-4.908559620e-1
train,3814,Cc1cc(O)nc(N)n1,5.727996826e0,0.000000000e0,0.000000000e0,1.271353364e0,5.727996826e0,-9.210658669e-1
train,3815,Nc1coc(O)cc1=O,5.153836727e0,0.000000000e0,0.000000000e0,1.271353364e0,5.153836727e0,-1.372678995e0
train,3816,O=CC12CC(CO1)C2O,5.469488621e0,0.000000000e0,0.000000000e0,1.271353364e0,5.469488621e0,-1.124398828e0
train,3817,CC1C2CC(=O)C1C2C,6.149773121e0,0.000000000e0,0.000000000e0,1.271353364e0,6.149773121e0,-5.893121362e-1
train,3818,Cc1nc(CO)oc1C,6.364743233e0,0.000000000e0,0.000000000e0,1.271353364e0,6.364743233e0,-4.202245772e-1
train,3819,N#CCNc1c[nH]cn1,6.076302528e0,0.000000000e0,0.000000000e0,1.271353364e0,6.076302528e0,-6.471014023e-1
train,3820,N#CC1COCC([NH-])N1,6.936182499e0,0.000000000e0,0.000000000e0,1.271353364e0,6.936182499e0,2.924850211e-2
train,3821,C#CC1OCCC1C=O,6.062696934e0,0.000000000e0,0.000000000e0,1.271353364e0,6.062696934e0,-6.578030586e-1
train,3822,CC12COC(C=O)C1N2,6.000110626e0,0.000000000e0,0.000000000e0,1.271353364e0,6.000110626e0,-7.070311308e-1
train,3823,CC(=O)C1CCC(=O)N1,5.823236465e0,0.000000000e0,0.000000000e0,1.271353364e0,5.823236465e0,-8.461538553e-1
train,3824,ONC1COC1,6.672231674e0,0.000000000e0,0.000000000e0,1.271353364e0,6.672231674e0,-1.783654988e-1
train,3825,COc1cn[nH]c1N,6.160657883e0,0.000000000e0,0.000000000e0,1.271353364e0,6.160657883e0,-5.807505846e-1
train,3826,CCCOC1NCC[NH2+]1,7.526669502e0,0.000000000e0,0.000000000e0,1.271353364e0,7.526669502e0,4.937038124e-1
train,3827,Cc1[nH]c(N)nc1C#N,5.632756710e0,0.000000000e0,0.000000000e0,1.271353364e0,5.632756710e0,-9.959781766e-1
train,3828,CC1(C)CCC(=O)CO1,5.733438969e0,0.000000000e0,0.000000000e0,1.271353364e0,5.733438969e0,-9.167852402e-1
train,3829,Nc1c(F)cn[nH]c1=O,4.742944717e0,0.000000000e0,0.000000000e0,1.271353364e0,4.742944717e0,-1.695871592e0
train,3830,N#CCC1(O)COC1[NH-],7.605582714e0,0.000000000e0,0.000000000e0,1.271353364e0,7.605582714e0,5.557740331e-1
train,3831,CNc1ocnc1C#N,5.684458733e0,0.000000000e0,0.000000000e0,1.271353364e0,5.684458733e0,-9.553112984e-1
train,3832,CCc1cncc(N)c1,5.379690647e0,0.000000000e0,0.000000000e0,1.271353364e0,5.379690647e0,-1.195030689e0
train,3833,CCc1cocc1NC,6.049090862e0,0.000000000e0,0.000000000e0,1.271353364e0,6.049090862e0,-6.685050726e-1
train,3834,CC(O)CC1(C)NC1C,8.285867691e0,0.000000000e0,0.000000000e0,1.271353364e0,8.285867691e0,1.090861201e0
train,3835,CC1(C#CC#N)COC1,6.136167526e0,0.000000000e0,0.000000000e0,1.271353364e0,6.136167526e0,-6.000137925e-1
train,3836,CC1CC(C(C)C=O)C1,6.119840622e0,0.000000000e0,0.000000000e0,1.271353364e0,6.119840622e0,-6.128559709e-1
train,3837,CC1C(=O)CC1NC=O,5.831399918e0,0.000000000e0,0.000000000e0,1.271353364e0,5.831399918e0,-8.397327662e-1
train,3838,C#CC1CC2(C#C)CC12,7.132104397e0,0.000000000e0,0.000000000e0,1.271353364e0,7.132104397e0,1.833534539e-1
train,3839,O=CC1=CC(O)C(O)C1,5.200095654e0,0.000000000e0,0.000000000e0,1.271353364e0,5.200095654e0,-1.336293459e0
train,3840,CC1=NC(C)C(C)CO1,7.289929867e0,0.000000000e0,0.000000000e0,1.271353364e0,7.289929867e0,3.074931502e-1
train,3841,CC12CC3(O)C1C3(C)O2,7.687216282e0,0.000000000e0,0.000000000e0,1.271353364e0,7.687216282e0,6.199840307e-1
train,3842,CCC1C2OCC12O,7.820552349e0,0.000000000e0,0.000000000e0,1.271353364e0,7.820552349e0,7.248612642e-1
train,3843,CC12C(CO)C3OC1C32,7.853205681e0,0.000000000e0,0.000000000e0,1.271353364e0,7.853205681e0,7.505451441e-1
train,3844,OCC1=CCOCC1,7.123940468e0,0.000000000e0,0.000000000e0,1.271353364e0,7.123940468e0,1.769320071e-1
train,3845,CC(C)c1nc[nH]n1,7.328026772e0,0.000000000e0,0.000000000e0,1.271353364e0,7.328026772e0,3.374587595e-1
train,3846,CC1(O)C=CC2C(O)C21,6.375627518e0,0.000000000e0,0.000000000e0,1.271353364e0,6.375627518e0,-4.116633832e-1
train,3847,CC1C2COC12C,8.460020065e0,0.000000000e0,0.000000000e0,1.271353364e0,8.460020065e0,1.227843046e0
train,3848,CC1C(C)C1C[NH+]1CC1,8.402875900e0,0.000000000e0,0.000000000e0,1.271353364e0,8.402875900e0,1.182895541e0
train,3849,Cc1cc(O)n(C)n1,6.957951069e0,0.000000000e0,0.000000000e0,1.271353364e0,6.957951069e0,4.637085646e-2
train,3850,CC12CCOC(C1)C2,8.577029228e0,0.000000000e0,0.000000000e0,1.271353364e0,8.577029228e0,1.319878101e0
train,3851,CC1NC(=O)CC1CO,7.428708553e0,0.000000000e0,0.000000000e0,1.271353364e0,7.428708553e0,4.166513383e-1
train,3852,OCC1(CO)C2CCC21,8.095387459e0,0.000000000e0,0.000000000e0,1.271353364e0,8.095387459e0,9.410364032e-1
train,3853,[NH-]C1OC=C(O)OC1=O,4.361985207e0,0.000000000e0,0.000000000e0,1.271353364e0,4.361985207e0,-1.995520234e0
train,3854,CC1CCC1C(=O)C=O,4.163341999e0,0.000000000e0,0.000000000e0,1.271353364e0,4.163341999e0,-2.151765585e0
train,3855,CC1C(O)C2C3CC3[NH+]12,7.178363323e0,0.000000000e0,0.000000000e0,1.271353364e0,7.178363323e0,2.197390199e-1
train,3856,CCc1noc(OC)n1,7.064075947e0,0.000000000e0,0.000000000e0,1.271353364e0,7.064075947e0,1.298447698e-1
train,3857,CC12CC1[NH2+]C(CO)N2,6.402839184e0,0.000000000e0,0.000000000e0,1.271353364e0,6.402839184e0,-3.902597129e-1
train,3858,N#CC1C2CNC12CO,7.211016655e0,0.000000000e0,0.000000000e0,1.271353364e0,7.211016655e0,2.454229295e-1
train,3859,CCC1(C)C(O)C2OC21,8.707643509e0,0.000000000e0,0.000000000e0,1.271353364e0,8.707643509e0,1.422614455e0
train,3860,CC(=O)c1ccc[nH]1,5.104856014e0,0.000000000e0,0.000000000e0,1.271353364e0,5.104856014e0,-1.411205411e0
train,3861,N#CC1=CCCC12CC2,5.591939926e0,0.000000000e0,0.000000000e0,1.271353364e0,5.591939926e0,-1.028083205e0
train,3862,Cc1n[nH]cc1O,6.451819897e0,0.000000000e0,0.000000000e0,1.271353364e0,6.451819897e0,-3.517332673e-1
train,3863,C#Cc1cc([NH-])[nH+]cn1,4.405523300e0,0.000000000e0,0.000000000e0,1.271353364e0,4.405523300e0,-1.961274743e0
train,3864,Nc1cnn(C=O)c1N,4.996010303e0,0.000000000e0,0.000000000e0,1.271353364e0,4.996010303e0,-1.496819496e0
train,3865,O=C1C2CC3C1C23CO,6.596040249e0,0.000000000e0,0.000000000e0,1.271353364e0,6.596040249e0,-2.382948548e-1
train,3866,CCC1CC12CCOC2,9.148468018e0,0.000000000e0,0.000000000e0,1.271353364e0,9.148468018e0,1.769350767e0
train,3867,CC1CC(O)C=C1C=O,5.178326607e0,0.000000000e0,0.000000000e0,1.271353364e0,5.178326607e0,-1.353416204e0
train,3868,C#CC1[NH+]2C3CC2C13O,7.401497364e0,0.000000000e0,0.000000000e0,1.271353364e0,7.401497364e0,3.952480257e-1
train,3869,C#CC1([NH+]2CC2)CCC1,7.499457359e0,0.000000000e0,0.000000000e0,1.271353364e0,7.499457359e0,4.722997546e-1
train,3870,COC1(C)CCOC1,8.903565407e0,0.000000000e0,0.000000000e0,1.271353364e0,8.903565407e0,1.576719403e0
train,3871,CCCNc1ccno1,6.081744671e0,0.000000000e0,0.000000000e0,1.271353364e0,6.081744671e0,-6.428208351e-1
train,3872,COC(C)C12COC1C2,8.209674835e0,0.000000000e0,0.000000000e0,1.271353364e0,8.209674835e0,1.030930638e0
train,3873,C#Cc1nc(C#N)no1,5.638199329e0,0.000000000e0,0.000000000e0,1.271353364e0,5.638199329e0,-9.916972518e-1
train,3874,O=CCC1CC2CC2C1,6.190590382e0,0.000000000e0,0.000000000e0,1.271353364e0,6.190590382e0,-5.572068095e-1
train,3875,C[NH+]1CC1C1CC1,8.495394707e0,0.000000000e0,0.000000000e0,1.271353364e0,8.495394707e0,1.255667329e0
train,3876,COc1[nH]cc(N)c1N,6.182426929e0,0.000000000e0,0.000000000e0,1.271353364e0,6.182426929e0,-5.636278391e-1
train,3877,CC12CC1(C)C(=O)N2,6.862711906e0,0.000000000e0,0.000000000e0,1.271353364e0,6.862711906e0,-2.854075842e-2
train,3878,CC1C2C3C2[NH+]2C3C12C,7.991984367e0,0.000000000e0,0.000000000e0,1.271353364e0,7.991984367e0,8.597033620e-1
train,3879,CC1CC(C(=O)C=O)C1,4.217764854e0,0.000000000e0,0.000000000e0,1.271353364e0,4.217764854e0,-2.108958721e0
train,3880,N#CC(CO)CC1CO1,8.313077927e0,0.000000000e0,0.000000000e0,1.271353364e0,8.313077927e0,1.112263680e0
train,3881,Cc1nc(C)[nH]c(=O)n1,5.521190166e0,0.000000000e0,0.000000000e0,1.271353364e0,5.521190166e0,-1.083732367e0
train,3882,CN1C=CC(=O)C1=O,4.027285099e0,0.000000000e0,0.000000000e0,1.271353364e0,4.027285099e0,-2.258783102e0
train,3883,COc1c(C)ccn1C,6.476309776e0,0.000000000e0,0.000000000e0,1.271353364e0,6.476309776e0,-3.324704468e-1
train,3884,CC1CC(O)(CO)C1=O,5.355200768e0,0.000000000e0,0.000000000e0,1.271353364e0,5.355200768e0,-1.214293480e0
train,3885,CC1OCC2(C)OC12,9.317178726e0,0.000000000e0,0.000000000e0,1.271353364e0,9.317178726e0,1.902052402e0
train,3886,CCC12OC1CC2=O,5.877659321e0,0.000000000e0,0.000000000e0,1.271353364e0,5.877659321e0,-8.033468127e-1
train,3887,C[NH+]=C(N)c1nnc[nH]1,4.802809238e0,0.000000000e0,0.000000000e0,1.271353364e0,4.802809238e0,-1.648784280e0
train,3888,O=CNC1CNC1=O,7.466804028e0,0.000000000e0,0.000000000e0,1.271353364e0,7.466804028e0,4.466158450e-1
train,3889,Cn1ccc(F)nc1=O,5.230028629e0,0.000000000e0,0.000000000e0,1.271353364e0,5.230028629e0,-1.312749267e0
train,3890,CC1(C#N)CCOC1,8.334847450e0,0.000000000e0,0.000000000e0,1.271353364e0,8.334847450e0,1.129386783e0
train,3891,OC1C2CC2C12CCC2,8.642336845e0,0.000000000e0,0.000000000e0,1.271353364e0,8.642336845e0,1.371246696e0
train,3892,CC1=CC=CCOC1,5.113019466e0,0.000000000e0,0.000000000e0,1.271353364e0,5.113019466e0,-1.404784322e0
train,3893,CCC1(C)C(C)C1C,8.966151237e0,0.000000000e0,0.000000000e0,1.271353364e0,8.966151237e0,1.625947118e0
train,3894,CC1=C(C)C2(C)CC1O2,6.310320377e0,0.000000000e0,0.000000000e0,1.271353364e0,6.310320377e0,-4.630315900e-1
train,3895,CCCC1COC1[NH-],7.874975204e0,0.000000000e0,0.000000000e0,1.271353364e0,7.874975204e0,7.676682472e-1
train,3896,OCC1C(O)C2CC12O,8.138925552e0,0.000000000e0,0.000000000e0,1.271353364e0,8.138925552e0,9.752818942e-1
train,3897,CC12CC1CCC2C#N,8.596076965e0,0.000000000e0,0.000000000e0,1.271353364e0,8.596076965e0,1.334860325e0
train,3898,NC(=O)C1=CNC(=O)C1,5.216422558e0,0.000000000e0,0.000000000e0,1.271353364e0,5.216422558e0,-1.323451281e0
train,3899,CC1C2CNC12C#N,6.574271202e0,0.000000000e0,0.000000000e0,1.271353364e0,6.574271202e0,-2.554175854e-1
train,3900,CC(=O)n1cnc(O)c1,4.704848766e0,0.000000000e0,0.000000000e0,1.271353364e0,4.704848766e0,-1.725836396e0
train,3901,C#CC1C(=O)C2OCC12,5.284451008e0,0.000000000e0,0.000000000e0,1.271353364e0,5.284451008e0,-1.269942641e0
train,3902,CC[NH+]1C2CC1(C#N)C2,6.669510841e0,0.000000000e0,0.000000000e0,1.271353364e0,6.669510841e0,-1.805056036e-1
train,3903,CCC12CCCC1OC2,8.628729820e0,0.000000000e0,0.000000000e0,1.271353364e0,8.628729820e0,1.360543847e0
train,3904,CCOC(C)C1CC1O,8.040965080e0,0.000000000e0,0.000000000e0,1.271353364e0,8.040965080e0,8.982297778e-1
train,3905,CC(C)C12C=CCC1O2,6.748423576e0,0.000000000e0,0.000000000e0,1.271353364e0,6.748423576e0,-1.184357479e-1
train,3906,CC1OC1C1(CO)CO1,9.072276115e0,0.000000000e0,0.000000000e0,1.271353364e0,9.072276115e0,1.709421039e0
train,3907,C#CC#CC1(C)OC1C,5.915755272e0,0.000000000e0,0.000000000e0,1.271353364e0,5.915755272e0,-7.733819485e-1
train,3908,[NH-]C1CC(=O)CCO1,6.114398479e0,0.000000000e0,0.000000000e0,1.271353364e0,6.114398479e0,-6.171365380e-1
train,3909,CCC1CC(C)(C)C1=O,5.864053726e0,0.000000000e0,0.000000000e0,1.271353364e0,5.864053726e0,-8.140484691e-1
train,3910,CC1C2C=CC1(CO)C2,6.571549892e0,0.000000000e0,0.000000000e0,1.271353364e0,6.571549892e0,-2.575580776e-1
train,3911,COC1CC1(C)O,8.579750061e0,0.000000000e0,0.000000000e0,1.271353364e0,8.579750061e0,1.322018147e0
train,3912,CC12C=CC(O1)C([NH-])O2,6.462704182e0,0.000000000e0,0.000000000e0,1.271353364e0,6.462704182e0,-3.431721032e-1
train,3913,OC1(c2ccn[nH]2)CC1,6.669510841e0,0.000000000e0,0.000000000e0,1.271353364e0,6.669510841e0,-1.805056036e-1
train,3914,C#CC1(O)CCC(O)C1,8.136203766e0,0.000000000e0,0.000000000e0,1.271353364e0,8.136203766e0,9.731410146e-1
train,3915,N#CC1CC2CCC1C2,9.162073135e0,0.000000000e0,0.000000000e0,1.271353364e0,9.162073135e0,1.780052066e0
train,3916,C#CC1(C(C)OC)CN1,7.706264496e0,0.000000000e0,0.000000000e0,1.271353364e0,7.706264496e0,6.349666119e-1
train,3917,CC1O[CH+][NH2+]C1C1CN1,6.895365238e0,0.000000000e0,0.000000000e0,1.271353364e0,6.895365238e0,-2.856851323e-3
train,3918,ONC1C2OC2C12CN2,6.236849785e0,0.000000000e0,0.000000000e0,1.271353364e0,6.236849785e0,-5.208208561e-1
train,3919,CC1C(O)C(C)C2NC12,8.506278992e0,0.000000000e0,0.000000000e0,1.271353364e0,8.506278992e0,1.264228582e0
train,3920,COC12CC=CC1OC2,6.840942383e0,0.000000000e0,0.000000000e0,1.271353364e0,6.840942383e0,-4.566386342e-2
train,3921,[H]N=CN1C(=O)C2OCC21,5.763371468e0,0.000000000e0,0.000000000e0,1.271353364e0,5.763371468e0,-8.932414651e-1
train,3922,OCC(O)C1C2COC21,8.280425072e0,0.000000000e0,0.000000000e0,1.271353364e0,8.280425072e0,1.086580157e0
train,3923,CC1OC(C)(C)C1C#N,7.684495449e0,0.000000000e0,0.000000000e0,1.271353364e0,7.684495449e0,6.178439260e-1
train,3924,CC1(CO)C2C=CC1O2,6.269503117e0,0.000000000e0,0.000000000e0,1.271353364e0,6.269503117e0,-4.951369464e-1
train,3925,CC#CC1COC([NH-])N1,7.102171898e0,0.000000000e0,0.000000000e0,1.271353364e0,7.102171898e0,1.598096490e-1
train,3926,COc1oc(N)cc1C,6.084465981e0,0.000000000e0,0.000000000e0,1.271353364e0,6.084465981e0,-6.406803131e-1
train,3927,CC(=O)C1C=CCCO1,5.779698372e0,0.000000000e0,0.000000000e0,1.271353364e0,5.779698372e0,-8.803992867e-1
train,3928,COC1C2OCCC12O,7.869533062e0,0.000000000e0,0.000000000e0,1.271353364e0,7.869533062e0,7.633876801e-1
train,3929,COC1OC(=O)C=C1C,6.065417767e0,0.000000000e0,0.000000000e0,1.271353364e0,6.065417767e0,-6.556629539e-1
train,3930,O=CCC12CC(O)(C1)C2,6.138888836e0,0.000000000e0,0.000000000e0,1.271353364e0,6.138888836e0,-5.978733301e-1
train,3931,C#CCOC1C2COC21,7.211016655e0,0.000000000e0,0.000000000e0,1.271353364e0,7.211016655e0,2.454229295e-1
train,3932,CCC12C3C4C3[NH+]1C42,7.597418785e0,0.000000000e0,0.000000000e0,1.271353364e0,7.597418785e0,5.493525863e-1
train,3933,N#CC(O)c1ccn[nH]1,6.566107273e0,0.000000000e0,0.000000000e0,1.271353364e0,6.566107273e0,-2.618390322e-1
train,3934,CCC1NC1C#CC#N,6.089908123e0,0.000000000e0,0.000000000e0,1.271353364e0,6.089908123e0,-6.363997459e-1
train,3935,CC12CC3C(=O)OC1C32,7.347074509e0,0.000000000e0,0.000000000e0,1.271353364e0,7.347074509e0,3.524410129e-1
train,3936,CC1C(CC#N)C2OC12,8.296751022e0,0.000000000e0,0.000000000e0,1.271353364e0,8.296751022e0,1.099421620e0
train,3937,C#CC1C2C3C(C)C2C13,8.157973289e0,0.000000000e0,0.000000000e0,1.271353364e0,8.157973289e0,9.902641177e-1
train,3938,CC1=C(C)C2(CC2)OC1,6.231407166e0,0.000000000e0,0.000000000e0,1.271353364e0,6.231407166e0,-5.251018405e-1
train,3939,NC(=O)C[NH+]1CCC1,7.175642490e0,0.000000000e0,0.000000000e0,1.271353364e0,7.175642490e0,2.175989151e-1
train,3940,N#CCC1(C#N)CCO1,7.646399021e0,0.000000000e0,0.000000000e0,1.271353364e0,7.646399021e0,5.878786445e-1
train,3941,CC1=CCOCCC1,6.783798695e0,0.000000000e0,0.000000000e0,1.271353364e0,6.783798695e0,-9.061098099e-2
train,3942,O=CC1=CCCOC1=O,4.677637100e0,0.000000000e0,0.000000000e0,1.271353364e0,4.677637100e0,-1.747240067e0
train,3943,[NH-]C1OC2CC(O)C12O,7.181085110e0,0.000000000e0,0.000000000e0,1.271353364e0,7.181085110e0,2.218798697e-1
train,3944,C#CC#CC1C[NH+]1CC,5.570170403e0,0.000000000e0,0.000000000e0,1.271353364e0,5.570170403e0,-1.045206308e0
train,3945,COC12C3C4CC3C1C42,8.688595772e0,0.000000000e0,0.000000000e0,1.271353364e0,8.688595772e0,1.407632232e0
train,3946,CC(C#N)C12C[NH+](C1)C2,7.379727840e0,0.000000000e0,0.000000000e0,1.271353364e0,7.379727840e0,3.781249225e-1
train,3947,COCC1(O)CC1OC,8.503558159e0,0.000000000e0,0.000000000e0,1.271353364e0,8.503558159e0,1.262088418e0
train,3948,N#CCc1onnc1N,5.099413872e0,0.000000000e0,0.000000000e0,1.271353364e0,5.099413872e0,-1.415485978e0
train,3949,CCOc1nccnn1,4.522532463e0,0.000000000e0,0.000000000e0,1.271353364e0,4.522532463e0,-1.869239688e0
train,3950,C#CCCc1cc[nH]n1,7.162036896e0,0.000000000e0,0.000000000e0,1.271353364e0,7.162036896e0,2.068972439e-1
train,3951,O=Cc1oc(=O)oc1O,5.238191605e0,0.000000000e0,0.000000000e0,1.271353364e0,5.238191605e0,-1.306328535e0
train,3952,O=C1OCC2(CO)CN12,7.845042706e0,0.000000000e0,0.000000000e0,1.271353364e0,7.845042706e0,7.441244721e-1
train,3953,[NH-]C1CCC=CCCO1,6.900807381e0,0.000000000e0,0.000000000e0,1.271353364e0,6.900807381e0,1.423737383e-3
train,3954,COc1c(N)noc1C,6.506242275e0,0.000000000e0,0.000000000e0,1.271353364e0,6.506242275e0,-3.089266419e-1
train,3955,N#CC1=CCC(O)C1N,5.806910038e0,0.000000000e0,0.000000000e0,1.271353364e0,5.806910038e0,-8.589956164e-1
train,3956,C#CC1(C#N)CC1C#N,6.933460712e0,0.000000000e0,0.000000000e0,1.271353364e0,6.933460712e0,2.710764483e-2
train,3957,O=C1NC2CC1(O)C2,7.197411537e0,0.000000000e0,0.000000000e0,1.271353364e0,7.197411537e0,2.347216457e-1
train,3958,NC1=NCCOC1C=O,5.017779827e0,0.000000000e0,0.000000000e0,1.271353364e0,5.017779827e0,-1.479696393e0
train,3959,COCC1COC(=O)N1,8.500837326e0,0.000000000e0,0.000000000e0,1.271353364e0,8.500837326e0,1.259948373e0
train,3960,CC1(C)OC2CC(=O)C21,5.896707535e0,0.000000000e0,0.000000000e0,1.271353364e0,5.896707535e0,-7.883642316e-1
train,3961,CC1C2NC(C#N)[NH2+]C12,5.284451008e0,0.000000000e0,0.000000000e0,1.271353364e0,5.284451008e0,-1.269942641e0
train,3962,OC12CC3COC(C1)C32,8.283145905e0,0.000000000e0,0.000000000e0,1.271353364e0,8.283145905e0,1.088720322e0
train,3963,C#CCOCC1CO1,7.858648300e0,0.000000000e0,0.000000000e0,1.271353364e0,7.858648300e0,7.548261285e-1
train,3964,C#CC1(O)C2CC1(C)N2,7.728034019e0,0.000000000e0,0.000000000e0,1.271353364e0,7.728034019e0,6.520897150e-1
train,3965,COc1cc[nH]c1C,6.103513718e0,0.000000000e0,0.000000000e0,1.271353364e0,6.103513718e0,-6.256980896e-1
train,3966,C#CC(O)C12CCC1N2,8.128041267e0,0.000000000e0,0.000000000e0,1.271353364e0,8.128041267e0,9.667207003e-1
train,3967,COC1CC1C(C)O,8.832816124e0,0.000000000e0,0.000000000e0,1.271353364e0,8.832816124e0,1.521070600e0
train,3968,[NH-][CH+]OC1(C(N)=O)CC1,6.979720592e0,0.000000000e0,0.000000000e0,1.271353364e0,6.979720592e0,6.349395961e-2
train,3969,CCC12CC3C1C3(O)C2,8.713085175e0,0.000000000e0,0.000000000e0,1.271353364e0,8.713085175e0,1.426894665e0
train,3970,Cc1c(N)cn(C)c1C,6.108956337e0,0.000000000e0,0.000000000e0,1.271353364e0,6.108956337e0,-6.214171052e-1
train,3971,COCC1CC(=O)C1C,6.027321815e0,0.000000000e0,0.000000000e0,1.271353364e0,6.027321815e0,-6.856278181e-1
train,3972,[NH-]c1cc[nH+]c(=O)o1,5.434113503e0,0.000000000e0,0.000000000e0,1.271353364e0,5.434113503e0,-1.152223587e0
train,3973,COC(=O)N1CC(=O)C1,5.983783722e0,0.000000000e0,0.000000000e0,1.271353364e0,5.983783722e0,-7.198733091e-1
train,3974,CNc1cncc(O)c1,5.240912914e0,0.000000000e0,0.000000000e0,1.271353364e0,5.240912914e0,-1.304188132e0
train,3975,CC1CCN(C)C(=O)O1,8.011032104e0,0.000000000e0,0.000000000e0,1.271353364e0,8.011032104e0,8.746855855e-1
train,3976,CC1(C=O)OCOC1[NH-],6.049090862e0,0.000000000e0,0.000000000e0,1.271353364e0,6.049090862e0,-6.685050726e-1
train,3977,CC(=O)C1OC2CNC21,6.054533005e0,0.000000000e0,0.000000000e0,1.271353364e0,6.054533005e0,-6.642245054e-1
train,3978,CCC12OC1CC2C#N,7.989262581e0,0.000000000e0,0.000000000e0,1.271353364e0,7.989262581e0,8.575624824e-1
train,3979,C#CC12C(O)C3CC1C32,7.472246647e0,0.000000000e0,0.000000000e0,1.271353364e0,7.472246647e0,4.508967996e-1
train,3980,Cc1cc(NO)cc[nH+]1,4.669473648e0,0.000000000e0,0.000000000e0,1.271353364e0,4.669473648e0,-1.753661156e0
train,3981,OCCOC1CC(O)C1,9.034179688e0,0.000000000e0,0.000000000e0,1.271353364e0,9.034179688e0,1.679455757e0
train,3982,CC1CCC(CO)OC1,8.955266953e0,0.000000000e0,0.000000000e0,1.271353364e0,8.955266953e0,1.617385983e0
train,3983,C#CC1C=CCOC=N1,6.225965023e0,0.000000000e0,0.000000000e0,1.271353364e0,6.225965023e0,-5.293824077e-1
train,3984,CCC(CC)C1OC1C,8.947103500e0,0.000000000e0,0.000000000e0,1.271353364e0,8.947103500e0,1.610964894e0
train,3985,Cc1occc1CO,6.383790970e0,0.000000000e0,0.000000000e0,1.271353364e0,6.383790970e0,-4.052423239e-1
train,3986,CC1(O)CC(=O)C1CO,5.953851223e0,0.000000000e0,0.000000000e0,1.271353364e0,5.953851223e0,-7.434170842e-1
train,3987,CCC1(C=O)OC1(C)C,5.885822773e0,0.000000000e0,0.000000000e0,1.271353364e0,5.885822773e0,-7.969257832e-1
train,3988,CCC1CC2CCC=C12,6.713048935e0,0.000000000e0,0.000000000e0,1.271353364e0,6.713048935e0,-1.462601423e-1
train,3989,O=C1CC(O)CC1NO,4.522532463e0,0.000000000e0,0.000000000e0,1.271353364e0,4.522532463e0,-1.869239688e0
train,3990,[H]N=CNc1nc(O)co1,5.276288033e0,0.000000000e0,0.000000000e0,1.271353364e0,5.276288033e0,-1.276363373e0
train,3991,O=Cc1c[nH]nc1CO,5.493978977e0,0.000000000e0,0.000000000e0,1.271353364e0,5.493978977e0,-1.105135679e0
train,3992,CC1C[NH+]2CC2C1O,7.749802589e0,0.000000000e0,0.000000000e0,1.271353364e0,7.749802589e0,6.692121029e-1
train,3993,CCC12NC1CNC2=O,6.966114998e0,0.000000000e0,0.000000000e0,1.271353364e0,6.966114998e0,5.279230326e-2
train,3994,CC1C2C3C4[NH+]3C1C24O,7.396054745e0,0.000000000e0,0.000000000e0,1.271353364e0,7.396054745e0,3.909670711e-1
train,3995,COC(C(N)=O)C1CO1,7.083124161e0,0.000000000e0,0.000000000e0,1.271353364e0,7.083124161e0,1.448273957e-1
train,3996,Cn1ccc(O)c1[NH-],3.964698792e0,0.000000000e0,0.000000000e0,1.271353364e0,3.964698792e0,-2.308011055e0
train,3997,CC1CC1N(C=O)C=O,5.831399918e0,0.000000000e0,0.000000000e0,1.271353364e0,5.831399918e0,-8.397327662e-1
train,3998,CC12OC1CC2(O)CO,8.081781387e0,0.000000000e0,0.000000000e0,1.271353364e0,8.081781387e0,9.303343892e-1
train,3999,CCn1nccc1CO,6.775634766e0,0.000000000e0,0.000000000e0,1.271353364e0,6.775634766e0,-9.703242779e-2
val,0,N#CC1C2C=CC[NH+]1C2,6.152494431e0,0.000000000e0,0.000000000e0,1.271353364e0,6.152494431e0,-5.871716738e-1
val,1,CC1(C)NC=CC1=O,5.175605774e0,0.000000000e0,0.000000000e0,1.271353364e0,5.175605774e0,-1.355556250e0
val,2,O=C1CC23CC12N[CH+][NH2+]3,5.839563370e0,0.000000000e0,0.000000000e0,1.271353364e0,5.839563370e0,-8.333116770e-1
val,3,[NH-]C1NC2C3OC1C23O,6.185148239e0,0.000000000e0,0.000000000e0,1.271353364e0,6.185148239e0,-5.614873767e-1
val,4,CNc1nc(O)nn[nH+]1,4.179668903e0,0.000000000e0,0.000000000e0,1.271353364e0,4.179668903e0,-2.138923645e0
val,5,O=C1NC2CCCOC12,6.922576904e0,0.000000000e0,0.000000000e0,1.271353364e0,6.922576904e0,1.854684204e-2
val,6,C1C2CC34CCC23C1C4,8.070897102e0,0.000000000e0,0.000000000e0,1.271353364e0,8.070897102e0,9.217731953e-1
val,7,C1=CC2OC1C1COC21,6.775634766e0,0.000000000e0,0.000000000e0,1.271353364e0,6.775634766e0,-9.703242779e-2
val,8,CC12C3[CH-]C4C(C41)[NH+]2C3,4.922539711e0,0.000000000e0,0.000000000e0,1.271353364e0,4.922539711e0,-1.554608703e0
val,9,CC(C=O)CC#CC=O,5.474930763e0,0.000000000e0,0.000000000e0,1.271353364e0,5.474930763e0,-1.120118260e0
val,10,CCN=C(N)C#N,5.959293365e0,0.000000000e0,0.000000000e0,1.271353364e0,5.959293365e0,-7.391365170e-1
val,11,CC1C2C3CC4C1C2C34,8.800162315e0,0.000000000e0,0.000000000e0,1.271353364e0,8.800162315e0,1.495386362e0
val,12,N#CCOCCCCO,7.684495449e0,0.000000000e0,0.000000000e0,1.271353364e0,7.684495449e0,6.178439260e-1
val,13,C1=C2CCCOC2OC1,6.903528214e0,0.000000000e0,0.000000000e0,1.271353364e0,6.903528214e0,3.563844366e-3
val,14,[CH+]1[NH2+]C2COCCC2O1,7.202853680e0,0.000000000e0,0.000000000e0,1.271353364e0,7.202853680e0,2.390022278e-1
val,15,c1nc2n(n1)C1CC2C1,6.811009407e0,0.000000000e0,0.000000000e0,1.271353364e0,6.811009407e0,-6.920804083e-2
val,16,C[CH+]1NO[CH+]C(N)=C1[NH-],4.658589363e0,0.000000000e0,0.000000000e0,1.271353364e0,4.658589363e0,-1.762222409e0
val,17,CC12CNC(=O)C(C1)O2,6.819173336e0,0.000000000e0,0.000000000e0,1.271353364e0,6.819173336e0,-6.278659403e-2
val,18,NC1CC2(CC2)OC1=O,6.862711906e0,0.000000000e0,0.000000000e0,1.271353364e0,6.862711906e0,-2.854075842e-2
val,19,CC12C[NH+]3CC(CC31)O2,8.070897102e0,0.000000000e0,0.000000000e0,1.271353364e0,8.070897102e0,9.217731953e-1
val,20,Oc1ncoc1N1CC1,5.692621708e0,0.000000000e0,0.000000000e0,1.271353364e0,5.692621708e0,-9.488906264e-1
val,21,O=C1CC2CC1(O)CO2,6.152494431e0,0.000000000e0,0.000000000e0,1.271353364e0,6.152494431e0,-5.871716738e-1
val,22,O=C1C2OC2C2(O)CC12,5.545680046e0,0.000000000e0,0.000000000e0,1.271353364e0,5.545680046e0,-1.064469457e0
val,23,OC1C2CC13C=CC[NH+]23,5.910312653e0,0.000000000e0,0.000000000e0,1.271353364e0,5.910312653e0,-7.776629329e-1
val,24,COC(C)CC#N,8.299472809e0,0.000000000e0,0.000000000e0,1.271353364e0,8.299472809e0,1.101562381e0
val,25,[NH-]c1cnnc(N)[nH+]1,4.821857452e0,0.000000000e0,0.000000000e0,1.271353364e0,4.821857452e0,-1.633801699e0
val,26,C1C2[NH+]1CC13CCC21O3,8.299472809e0,0.000000000e0,0.000000000e0,1.271353364e0,8.299472809e0,1.101562381e0
val,27,CC1=CCC=C(C)C=C1,5.099413872e0,0.000000000e0,0.000000000e0,1.271353364e0,5.099413872e0,-1.415485978e0
val,28,c1cc(C2CC2)ncn1,5.842284679e0,0.000000000e0,0.000000000e0,1.271353364e0,5.842284679e0,-8.311712146e-1
val,29,C1CC([NH2+]C2COC2)O1,6.846384525e0,0.000000000e0,0.000000000e0,1.271353364e0,6.846384525e0,-4.138327390e-2
val,30,CC1C2C(=O)C3C2C[NH+]13,6.000110626e0,0.000000000e0,0.000000000e0,1.271353364e0,6.000110626e0,-7.070311308e-1
val,31,CC1(C2CNC2=O)CC1,7.673610687e0,0.000000000e0,0.000000000e0,1.271353364e0,7.673610687e0,6.092823744e-1
val,32,CC12COC3CC1OC32,8.699480057e0,0.000000000e0,0.000000000e0,1.271353364e0,8.699480057e0,1.416193366e0
val,33,CCCN(C=O)CCO,7.020537376e0,0.000000000e0,0.000000000e0,1.271353364e0,7.020537376e0,9.559894353e-2
val,34,CC1[NH2+]C2C=CCC2O1,6.914412975e0,0.000000000e0,0.000000000e0,1.271353364e0,6.914412975e0,1.212539710e-2
val,35,CC#CCC(=O)CCC,6.209638119e0,0.000000000e0,0.000000000e0,1.271353364e0,6.209638119e0,-5.422245264e-1
val,36,CC(O)C(C=O)CC=O,5.962014675e0,0.000000000e0,0.000000000e0,1.271353364e0,5.962014675e0,-7.369959950e-1
val,37,CC12CC3(CO3)C1CO2,8.343010902e0,0.000000000e0,0.000000000e0,1.271353364e0,8.343010902e0,1.135807872e0
val,38,CCC12CC(O1)C1NC12,8.258655548e0,0.000000000e0,0.000000000e0,1.271353364e0,8.258655548e0,1.069457054e0
val,39,O=C1CC2C=CC1CO2,5.755208015e0,0.000000000e0,0.000000000e0,1.271353364e0,5.755208015e0,-8.996624947e-1
val,40,OC1C2CC(O2)C2CC12,8.147089005e0,0.000000000e0,0.000000000e0,1.271353364e0,8.147089005e0,9.817029238e-1
val,41,CCOCCOC,9.145747185e0,0.000000000e0,0.000000000e0,1.271353364e0,9.145747185e0,1.767210722e0
val,42,C1COCC2CC2OC1,8.364779472e0,0.000000000e0,0.000000000e0,1.271353364e0,8.364779472e0,1.152930260e0
val,43,C1C2OC1C1CC2O1,7.529390335e0,0.000000000e0,0.000000000e0,1.271353364e0,7.529390335e0,4.958439171e-1
val,44,O=CC1=CN2CC2CC1,5.140230656e0,0.000000000e0,0.000000000e0,1.271353364e0,5.140230656e0,-1.383381009e0
val,45,O=CC12C=CC(=O)C1N2,4.824578762e0,0.000000000e0,0.000000000e0,1.271353364e0,4.824578762e0,-1.631661177e0
val,46,O=CC(C=O)NCCO,4.802809238e0,0.000000000e0,0.000000000e0,1.271353364e0,4.802809238e0,-1.648784280e0
val,47,CC1OC2C3C2C2C1C32,7.853205681e0,0.000000000e0,0.000000000e0,1.271353364e0,7.853205681e0,7.505451441e-1
val,48,Nc1n[nH]c(N2CC2)n1,6.313041210e0,0.000000000e0,0.000000000e0,1.271353364e0,6.313041210e0,-4.608914852e-1
val,49,COCC(C=O)C(C)O,5.926640034e0,0.000000000e0,0.000000000e0,1.271353364e0,5.926640034e0,-7.648203969e-1
val,50,O=C1CN=COCC1=O,4.149736404e0,0.000000000e0,0.000000000e0,1.271353364e0,4.149736404e0,-2.162467241e0
val,51,CCC(=O)C(C)O[CH+][NH-],6.209638119e0,0.000000000e0,0.000000000e0,1.271353364e0,6.209638119e0,-5.422245264e-1
val,52,C1=CC2C3COC1C[NH+]23,5.804188728e0,0.000000000e0,0.000000000e0,1.271353364e0,5.804188728e0,-8.611360788e-1
val,53,[NH-]C1=C[CH-]C(=O)C=NN1,4.367427349e0,0.000000000e0,0.000000000e0,1.271353364e0,4.367427349e0,-1.991239667e0
val,54,CNC(C#N)C(N)CO,7.597418785e0,0.000000000e0,0.000000000e0,1.271353364e0,7.597418785e0,5.493525863e-1
val,55,OC1C2[NH2+]C3C4C1[NH+]2C34,5.118461609e0,0.000000000e0,0.000000000e0,1.271353364e0,5.118461609e0,-1.400503755e0
val,56,C#CCN=C(N)OC,7.559322834e0,0.000000000e0,0.000000000e0,1.271353364e0,7.559322834e0,5.193877220e-1
val,57,C[NH+]1C2C=CC1C1CC12,5.847726822e0,0.000000000e0,0.000000000e0,1.271353364e0,5.847726822e0,-8.268906474e-1
val,58,CC1CC12C1CCC2C1,9.545754433e0,0.000000000e0,0.000000000e0,1.271353364e0,9.545754433e0,2.081841707e0
val,59,[CH-]1C[NH+]2C3C1C1NC1C32,5.314383507e0,0.000000000e0,0.000000000e0,1.271353364e0,5.314383507e0,-1.246398807e0
val,60,CC12OCOC1C1CC12,9.121256828e0,0.000000000e0,0.000000000e0,1.271353364e0,9.121256828e0,1.747947454e0
val,61,O=CC12OC3CC1NC32,5.455882549e0,0.000000000e0,0.000000000e0,1.271353364e0,5.455882549e0,-1.135100961e0
val,62,C1=CC2(OC1)C1COC12,5.845005512e0,0.000000000e0,0.000000000e0,1.271353364e0,5.845005512e0,-8.290311098e-1
val,63,CCC(C)(C)NC(N)=O,8.166136742e0,0.000000000e0,0.000000000e0,1.271353364e0,8.166136742e0,9.966852069e-1
val,64,C#CCCCCOC,8.424644470e0,0.000000000e0,0.000000000e0,1.271353364e0,8.424644470e0,1.200017810e0
val,65,CC12CCC(C1)C1OC12,9.205611229e0,0.000000000e0,0.000000000e0,1.271353364e0,9.205611229e0,1.814297557e0
val,66,OC12C3C4OC1C2(O)C43,7.591977119e0,0.000000000e0,0.000000000e0,1.271353364e0,7.591977119e0,5.450723767e-1
val,67,CC(=O)C(=O)C(C)(C)C,4.182389736e0,0.000000000e0,0.000000000e0,1.271353364e0,4.182389736e0,-2.136783361e0
val,68,CC12C[NH+]3C4C(O1)C4C32,7.439593315e0,0.000000000e0,0.000000000e0,1.271353364e0,7.439593315e0,4.252128899e-1
val,69,C1=CC2=CC3OC3C2C1,5.167441845e0,0.000000000e0,0.000000000e0,1.271353364e0,5.167441845e0,-1.361977696e0
val,70,CC1C(=O)CC(=O)C1C,5.420508385e0,0.000000000e0,0.000000000e0,1.271353364e0,5.420508385e0,-1.162924886e0
val,71,c1nc2c([nH]1)C1CC2O1,6.141610146e0,0.000000000e0,0.000000000e0,1.271353364e0,6.141610146e0,-5.957328677e-1
val,72,O=C1CC=CC=CCO1,5.243634224e0,0.000000000e0,0.000000000e0,1.271353364e0,5.243634224e0,-1.302047610e0
val,73,[H]N=CNC(=O)O[CH+][NH-],6.579712868e0,0.000000000e0,0.000000000e0,1.271353364e0,6.579712868e0,-2.511373758e-1
val,74,CC(C)C(C)C(O)C=O,6.302156925e0,0.000000000e0,0.000000000e0,1.271353364e0,6.302156925e0,-4.694526494e-1
val,75,[NH-]C1=C([NH-])OC(CO)O1,6.370185375e0,0.000000000e0,0.000000000e0,1.271353364e0,6.370185375e0,-4.159439802e-1
val,76,[NH-]C1OCC2C=CC1C2,6.647741318e0,0.000000000e0,0.000000000e0,1.271353364e0,6.647741318e0,-1.976287067e-1
val,77,Nc1ccn(C2CC2)n1,6.179705620e0,0.000000000e0,0.000000000e0,1.271353364e0,6.179705620e0,-5.657683611e-1
val,78,[NH-]C1OCOCC2OC12,7.083124161e0,0.000000000e0,0.000000000e0,1.271353364e0,7.083124161e0,1.448273957e-1
val,79,CC(CO)C(=O)C(N)=O,4.783761501e0,0.000000000e0,0.000000000e0,1.271353364e0,4.783761501e0,-1.663766503e0
val,80,c1nc(C2CCC2)no1,7.118498325e0,0.000000000e0,0.000000000e0,1.271353364e0,7.118498325e0,1.726514101e-1
val,81,N#CCC(C#N)O[CH+][NH-],7.532111645e0,0.000000000e0,0.000000000e0,1.271353364e0,7.532111645e0,4.979844093e-1
val,82,C1CC2C(CO1)C1OC21,8.626008987e0,0.000000000e0,0.000000000e0,1.271353364e0,8.626008987e0,1.358403802e0
val,83,CC(O)C(CO)CC=O,6.223243713e0,0.000000000e0,0.000000000e0,1.271353364e0,6.223243713e0,-5.315228701e-1
val,84,c1onc2c1OCC2,5.896707535e0,0.000000000e0,0.000000000e0,1.271353364e0,5.896707535e0,-7.883642316e-1
val,85,CC#CC(C)(O)CC=O,5.972899437e0,0.000000000e0,0.000000000e0,1.271353364e0,5.972899437e0,-7.284344435e-1
val,86,O=C1CCC=CNC1=O,4.778319359e0,0.000000000e0,0.000000000e0,1.271353364e0,4.778319359e0,-1.668047190e0
val,87,[NH-]C1CC2CCCC2O1,7.728034019e0,0.000000000e0,0.000000000e0,1.271353364e0,7.728034019e0,6.520897150e-1
val,88,C1=CC2NC3[NH2+]CC1C23,6.128004074e0,0.000000000e0,0.000000000e0,1.271353364e0,6.128004074e0,-6.064348817e-1
val,89,[NH-]C1=CC(N)CC(=O)O1,5.360642910e0,0.000000000e0,0.000000000e0,1.271353364e0,5.360642910e0,-1.210012913e0
val,90,O=CN1C2CC3C(C2)C31,7.189248085e0,0.000000000e0,0.000000000e0,1.271353364e0,7.189248085e0,2.283005714e-1
val,91,O=C1C2CC1C1OC21,6.451819897e0,0.000000000e0,0.000000000e0,1.271353364e0,6.451819897e0,-3.517332673e-1
val,92,C1OC2C3CC12C1NC31,8.057291031e0,0.000000000e0,0.000000000e0,1.271353364e0,8.057291031e0,9.110711813e-1
val,93,C1=NCC2C3[NH2+][CH+]N1C23,5.904870510e0,0.000000000e0,0.000000000e0,1.271353364e0,5.904870510e0,-7.819435000e-1
val,94,C1=CC2OC3CC(C1)C23,6.623250961e0,0.000000000e0,0.000000000e0,1.271353364e0,6.623250961e0,-2.168919146e-1
val,95,[H]N=C(C=O)NC=NCC,4.242255211e0,0.000000000e0,0.000000000e0,1.271353364e0,4.242255211e0,-2.089695454e0
val,96,O=C1C2C=CC1C=C2,6.625972271e0,0.000000000e0,0.000000000e0,1.271353364e0,6.625972271e0,-2.147514373e-1
val,97,CC1OC1C1CC2CC21,8.996084213e0,0.000000000e0,0.000000000e0,1.271353364e0,8.996084213e0,1.649491310e0
val,98,C[NH+]=C(N)C#CC(=O)[O-],3.398702145e0,0.000000000e0,0.000000000e0,1.271353364e0,3.398702145e0,-2.753203154e0
val,99,[H]N=CNC(=O)CCC=O,6.201474667e0,0.000000000e0,0.000000000e0,1.271353364e0,6.201474667e0,-5.486456156e-1
val,100,C1OCC2C3CC1C2O3,8.838258743e0,0.000000000e0,0.000000000e0,1.271353364e0,8.838258743e0,1.525351644e0
val,101,COC1CC23C[NH+](C2)C13,6.917134762e0,0.000000000e0,0.000000000e0,1.271353364e0,6.917134762e0,1.426625345e-2
val,102,OC1C2CC3C(CO2)C13,8.291309357e0,0.000000000e0,0.000000000e0,1.271353364e0,8.291309357e0,1.095141411e0
val,103,O=C1C[NH+]2CC12C1CO1,6.043648720e0,0.000000000e0,0.000000000e0,1.271353364e0,6.043648720e0,-6.727856994e-1
val,104,O=C1C2OC3C1OC23,5.265403271e0,0.000000000e0,0.000000000e0,1.271353364e0,5.265403271e0,-1.284924865e0
val,105,O=C1CC(O)CNC1=O,4.895328522e0,0.000000000e0,0.000000000e0,1.271353364e0,4.895328522e0,-1.576012015e0
val,106,CC12NC3C(OC1[NH-])C32,6.704885483e0,0.000000000e0,0.000000000e0,1.271353364e0,6.704885483e0,-1.526812166e-1
val,107,C#CC(=O)C(=O)N(C)C,4.527974606e0,0.000000000e0,0.000000000e0,1.271353364e0,4.527974606e0,-1.864959121e0
val,108,CC(=O)C(C)CNC=O,6.220522881e0,0.000000000e0,0.000000000e0,1.271353364e0,6.220522881e0,-5.336629748e-1
val,109,[NH-]C1OC=CN[CH+]1CO,4.530695915e0,0.000000000e0,0.000000000e0,1.271353364e0,4.530695915e0,-1.862818599e0
val,110,OC12C3CC1C1C3OC12,8.141646385e0,0.000000000e0,0.000000000e0,1.271353364e0,8.141646385e0,9.774219990e-1
val,111,C1OCC23C4C5C([NH+]42)C153,7.257276535e0,0.000000000e0,0.000000000e0,1.271353364e0,7.257276535e0,2.818092406e-1
val,112,CC12CNC(=O)CC1O2,7.488573551e0,0.000000000e0,0.000000000e0,1.271353364e0,7.488573551e0,4.637389481e-1
val,113,C1=C2C(CC23CC3)OC1,6.245012760e0,0.000000000e0,0.000000000e0,1.271353364e0,6.245012760e0,-5.144001245e-1
val,114,CC12CCC(=O)N1CC2,6.968835831e0,0.000000000e0,0.000000000e0,1.271353364e0,6.968835831e0,5.493241176e-2
val,115,C[NH2+]C1ONN=C[CH+]1C,4.321168423e0,0.000000000e0,0.000000000e0,1.271353364e0,4.321168423e0,-2.027625322e0
val,116,Oc1nocc1C1CO1,6.664068222e0,0.000000000e0,0.000000000e0,1.271353364e0,6.664068222e0,-1.847865582e-1
val,117,CC1OCc2conc21,6.416444778e0,0.000000000e0,0.000000000e0,1.271353364e0,6.416444778e0,-3.795580268e-1
val,118,[NH-]C1OC(N)=C2CCN21,5.834120750e0,0.000000000e0,0.000000000e0,1.271353364e0,5.834120750e0,-8.375926614e-1
val,119,C1C2C3C4C2C12C[NH+]4C32,7.959330082e0,0.000000000e0,0.000000000e0,1.271353364e0,7.959330082e0,8.340187073e-1
val,120,O=c1ccoc(=O)[nH]1,6.125282764e0,0.000000000e0,0.000000000e0,1.271353364e0,6.125282764e0,-6.085753441e-1
val,121,C1C2CC3(C12)C1CCC13,8.938940048e0,0.000000000e0,0.000000000e0,1.271353364e0,8.938940048e0,1.604543805e0
val,122,CCC(C)CC(C)(C)C,9.915828705e0,0.000000000e0,0.000000000e0,1.271353364e0,9.915828705e0,2.372928381e0
val,123,OC1C2CCC2C2CC12,8.566143990e0,0.000000000e0,0.000000000e0,1.271353364e0,8.566143990e0,1.311316133e0
val,124,NC1=NC2COC2CO1,7.474967480e0,0.000000000e0,0.000000000e0,1.271353364e0,7.474967480e0,4.530369043e-1
val,125,CC1=CCCOC=NC1,6.492636681e0,0.000000000e0,0.000000000e0,1.271353364e0,6.492636681e0,-3.196282983e-1
val,126,C#CC(C)OC(C)C,8.051848412e0,0.000000000e0,0.000000000e0,1.271353364e0,8.051848412e0,9.067901969e-1
val,127,[NH-]C1C=NC(=O)N=CN1,4.914376259e0,0.000000000e0,0.000000000e0,1.271353364e0,4.914376259e0,-1.561029792e0
val,128,C1OC1C12C3CC1C2C3,8.811046600e0,0.000000000e0,0.000000000e0,1.271353364e0,8.811046600e0,1.503947496e0
val,129,CC1CCC1CC1CO1,9.390648842e0,0.000000000e0,0.000000000e0,1.271353364e0,9.390648842e0,1.959841251e0
val,130,CC#CCC(CO)CO,8.057291031e0,0.000000000e0,0.000000000e0,1.271353364e0,8.057291031e0,9.110711813e-1
val,131,[NH-]C1OCC2CN2C1=O,5.790582657e0,0.000000000e0,0.000000000e0,1.271353364e0,5.790582657e0,-8.718381524e-1
val,132,C1=CC23CCCC2C1O3,6.196032524e0,0.000000000e0,0.000000000e0,1.271353364e0,6.196032524e0,-5.529261827e-1
val,133,CCC(COC)C(C)O,8.525327682e0,0.000000000e0,0.000000000e0,1.271353364e0,8.525327682e0,1.279211521e0
val,134,C#CC(CO)NC(C)=O,7.387890816e0,0.000000000e0,0.000000000e0,1.271353364e0,7.387890816e0,3.845456243e-1
val,135,c1cnc(N2CC2)nn1,4.489878654e0,0.000000000e0,0.000000000e0,1.271353364e0,4.489878654e0,-1.894923925e0
val,136,O=C1CNC2C(O)C2N1,6.748423576e0,0.000000000e0,0.000000000e0,1.271353364e0,6.748423576e0,-1.184357479e-1
val,137,O=C1CC23CC(C2)C3N1,7.374285698e0,0.000000000e0,0.000000000e0,1.271353364e0,7.374285698e0,3.738443255e-1
val,138,CC1=CC(=O)CC2CN12,5.091249943e0,0.000000000e0,0.000000000e0,1.271353364e0,5.091249943e0,-1.421907425e0
val,139,O=C1CCOCCC1O,6.255897522e0,0.000000000e0,0.000000000e0,1.271353364e0,6.255897522e0,-5.058385730e-1
val,140,C1=CC2C3C[NH+]2C13,5.676295280e0,0.000000000e0,0.000000000e0,1.271353364e0,5.676295280e0,-9.617323875e-1
val,141,NC(C=O)=NCCC=O,4.914376259e0,0.000000000e0,0.000000000e0,1.271353364e0,4.914376259e0,-1.561029792e0
val,142,O=C1OC2CC3OCC132,7.129383087e0,0.000000000e0,0.000000000e0,1.271353364e0,7.129383087e0,1.812129617e-1
val,143,N#CC(CO)CCCO,8.168857574e0,0.000000000e0,0.000000000e0,1.271353364e0,8.168857574e0,9.988253117e-1
val,144,O=C1COC1C1CC1,6.002831459e0,0.000000000e0,0.000000000e0,1.271353364e0,6.002831459e0,-7.048910260e-1
val,145,C[CH+]1[CH-]C(O)=COC1[NH-],4.291235447e0,0.000000000e0,0.000000000e0,1.271353364e0,4.291235447e0,-2.051169395e0
val,146,C#CC(=O)CCC#CC,5.077644348e0,0.000000000e0,0.000000000e0,1.271353364e0,5.077644348e0,-1.432609081e0
val,147,O1C2C3C4C1C1C4[NH+]1C23,8.220560074e0,0.000000000e0,0.000000000e0,1.271353364e0,8.220560074e0,1.039492607e0
val,148,COC1=NCC(=O)CN1,5.673573971e0,0.000000000e0,0.000000000e0,1.271353364e0,5.673573971e0,-9.638728499e-1
val,149,CC1(c2ncco2)CO1,6.353858471e0,0.000000000e0,0.000000000e0,1.271353364e0,6.353858471e0,-4.287861288e-1
val,150,Oc1n[nH]c2[nH]ncc12,6.147051811e0,0.000000000e0,0.000000000e0,1.271353364e0,6.147051811e0,-5.914525986e-1
val,151,C1Cc2nonc2CN1,5.586497784e0,0.000000000e0,0.000000000e0,1.271353364e0,5.586497784e0,-1.032363772e0
val,152,CC12OC1C1(C#N)OC21,6.925297737e0,0.000000000e0,0.000000000e0,1.271353364e0,6.925297737e0,2.068694867e-2
val,153,CC1CCOC12COC2,8.530769348e0,0.000000000e0,0.000000000e0,1.271353364e0,8.530769348e0,1.283491731e0
val,154,CN1C=CC2NC2C1=O,5.526632309e0,0.000000000e0,0.000000000e0,1.271353364e0,5.526632309e0,-1.079451799e0
val,155,CC12C=CCCC1CC2,7.238228798e0,0.000000000e0,0.000000000e0,1.271353364e0,7.238228798e0,2.668269873e-1
val,156,OC1CC12COC21CC1,7.972936153e0,0.000000000e0,0.000000000e0,1.271353364e0,7.972936153e0,8.447207212e-1
val,157,O=C1C=CNCCCO1,5.295335770e0,0.000000000e0,0.000000000e0,1.271353364e0,5.295335770e0,-1.261381030e0
val,158,O=C1OC2CC3C1CC23,7.355237484e0,0.000000000e0,0.000000000e0,1.271353364e0,7.355237484e0,3.588617146e-1
val,159,C#CC(=O)CC(O)C=O,5.322546959e0,0.000000000e0,0.000000000e0,1.271353364e0,5.322546959e0,-1.239977717e0
val,160,O=CCN1C=NCC1=O,5.610987663e0,0.000000000e0,0.000000000e0,1.271353364e0,5.610987663e0,-1.013100982e0
val,161,C#CC(=O)C(C)(O)CO,5.368806362e0,0.000000000e0,0.000000000e0,1.271353364e0,5.368806362e0,-1.203591824e0
val,162,O=C1OC2C=CC1OC2,5.891264915e0,0.000000000e0,0.000000000e0,1.271353364e0,5.891264915e0,-7.926451564e-1
val,163,CCC(O)(CC)CO,8.220560074e0,0.000000000e0,0.000000000e0,1.271353364e0,8.220560074e0,1.039492607e0
val,164,CC(O)C(=O)CC(N)=O,5.687179565e0,0.000000000e0,0.000000000e0,1.271353364e0,5.687179565e0,-9.531711936e-1
val,165,NC1=NCCNC1=O,5.480372906e0,0.000000000e0,0.000000000e0,1.271353364e0,5.480372906e0,-1.115837693e0
val,166,CC(C)OCCC(N)=O,7.496736526e0,0.000000000e0,0.000000000e0,1.271353364e0,7.496736526e0,4.701596498e-1
val,167,O=CN1C=CC=CC=C1,3.834084272e0,0.000000000e0,0.000000000e0,1.271353364e0,3.834084272e0,-2.410747766e0
val,168,C[NH+]1CC1c1ccco1,6.149773121e0,0.000000000e0,0.000000000e0,1.271353364e0,6.149773121e0,-5.893121362e-1
val,169,CC12[NH2+][CH+][NH+]3CC1(N)C32,6.032763958e0,0.000000000e0,0.000000000e0,1.271353364e0,6.032763958e0,-6.813472509e-1
val,170,C#CC(C#N)(C#N)NC,6.694001198e0,0.000000000e0,0.000000000e0,1.271353364e0,6.694001198e0,-1.612423807e-1
val,171,C1CC2C3CCC2C3O1,8.672267914e0,0.000000000e0,0.000000000e0,1.271353364e0,8.672267914e0,1.394789338e0
val,172,N#CC1C2OC2C2C[NH+]12,7.349795341e0,0.000000000e0,0.000000000e0,1.271353364e0,7.349795341e0,3.545811176e-1
val,173,CC1OC12C=CC1CC12,6.487194061e0,0.000000000e0,0.000000000e0,1.271353364e0,6.487194061e0,-3.239092529e-1
val,174,OC12COCC(C1)OC2,8.160694122e0,0.000000000e0,0.000000000e0,1.271353364e0,8.160694122e0,9.924042225e-1
val,175,C1=CC2C3C1C1C2[NH+]31,6.628693581e0,0.000000000e0,0.000000000e0,1.271353364e0,6.628693581e0,-2.126109600e-1
val,176,CCC1CCNCC1=O,5.695343018e0,0.000000000e0,0.000000000e0,1.271353364e0,5.695343018e0,-9.467501044e-1
val,177,O=C1CC[NH+](C2CC2)C1,5.338873863e0,0.000000000e0,0.000000000e0,1.271353364e0,5.338873863e0,-1.227135658e0
val,178,O=C1C[NH+]2CC(O)C1C2,5.483094215e0,0.000000000e0,0.000000000e0,1.271353364e0,5.483094215e0,-1.113697171e0
val,179,CC(=O)C(C)C(O)C#N,6.239571095e0,0.000000000e0,0.000000000e0,1.271353364e0,6.239571095e0,-5.186803937e-1
val,180,[H]N=CN(C=N[H])C(=O)CO,6.261340141e0,0.000000000e0,0.000000000e0,1.271353364e0,6.261340141e0,-5.015576482e-1
val,181,c1onc2onnc12,5.123903751e0,0.000000000e0,0.000000000e0,1.271353364e0,5.123903751e0,-1.396223187e0
val,182,CC1=CCC(=O)N2CC12,6.432771206e0,0.000000000e0,0.000000000e0,1.271353364e0,6.432771206e0,-3.667162657e-1
val,183,CC1[NH2+]CC2CC(=O)N21,6.372906685e0,0.000000000e0,0.000000000e0,1.271353364e0,6.372906685e0,-4.138034880e-1
val,184,CC#CCCC(O)CC,8.234165192e0,0.000000000e0,0.000000000e0,1.271353364e0,8.234165192e0,1.050193906e0
val,185,C1=CC2C3C1C2C1CC13,6.231407166e0,0.000000000e0,0.000000000e0,1.271353364e0,6.231407166e0,-5.251018405e-1
val,186,CC1[NH+](C)C12CCOC2,8.144367218e0,0.000000000e0,0.000000000e0,1.271353364e0,8.144367218e0,9.795621037e-1
val,187,O=C1NCC12C1CC[NH+]12,7.118498325e0,0.000000000e0,0.000000000e0,1.271353364e0,7.118498325e0,1.726514101e-1
val,188,C1C2CN1c1nn[nH]c12,6.171542168e0,0.000000000e0,0.000000000e0,1.271353364e0,6.171542168e0,-5.721893907e-1
val,189,OC1CC2CC3CC2C13,8.985198975e0,0.000000000e0,0.000000000e0,1.271353364e0,8.985198975e0,1.640929341e0
val,190,CC1N2C(=O)C3C2C31C,6.617809296e0,0.000000000e0,0.000000000e0,1.271353364e0,6.617809296e0,-2.211721241e-1
val,191,OC12C[NH+](CC3OC31)C2,7.760687351e0,0.000000000e0,0.000000000e0,1.271353364e0,7.760687351e0,6.777736545e-1
val,192,C#CC#CC(CO)OC,6.021879673e0,0.000000000e0,0.000000000e0,1.271353364e0,6.021879673e0,-6.899084449e-1
val,193,C1CC2CCC(O1)O2,8.892680168e0,0.000000000e0,0.000000000e0,1.271353364e0,8.892680168e0,1.568157434e0
val,194,O=C1CC2COC(=O)C12,5.880380630e0,0.000000000e0,0.000000000e0,1.271353364e0,5.880380630e0,-8.012063503e-1
val,195,C[NH+]1Cc2nonc2C1,5.134788513e0,0.000000000e0,0.000000000e0,1.271353364e0,5.134788513e0,-1.387661695e0
val,196,N#CC12CCC(N1)C2O,7.216459274e0,0.000000000e0,0.000000000e0,1.271353364e0,7.216459274e0,2.497038841e-1
val,197,CCC(=O)C(C)(C)O,6.280387878e0,0.000000000e0,0.000000000e0,1.271353364e0,6.280387878e0,-4.865753949e-1
val,198,C#CCC(O)C(C)=NO,6.843663692e0,0.000000000e0,0.000000000e0,1.271353364e0,6.843663692e0,-4.352338240e-2
val,199,C#CC(C)NC(=O)OC,7.907628536e0,0.000000000e0,0.000000000e0,1.271353364e0,7.907628536e0,7.933521867e-1
val,200,C#CCC(C)OC,8.372943878e0,0.000000000e0,0.000000000e0,1.271353364e0,8.372943878e0,1.159352064e0
val,201,O=C1OC2CC3C(O1)C23,8.547096252e0,0.000000000e0,0.000000000e0,1.271353364e0,8.547096252e0,1.296333909e0
val,202,CC1CC2C1C2C1CC1,8.998806000e0,0.000000000e0,0.000000000e0,1.271353364e0,8.998806000e0,1.651632190e0
val,203,C[NH2+][CH+]OCC(C)C=O,5.983783722e0,0.000000000e0,0.000000000e0,1.271353364e0,5.983783722e0,-7.198733091e-1
val,204,CCC#CC(C)(O)CC,7.951167107e0,0.000000000e0,0.000000000e0,1.271353364e0,7.951167107e0,8.275979757e-1
val,205,OC12CCOC3C1CC32,8.571586609e0,0.000000000e0,0.000000000e0,1.271353364e0,8.571586609e0,1.315597177e0
val,206,CCC12CC1NC(=O)O2,8.119877815e0,0.000000000e0,0.000000000e0,1.271353364e0,8.119877815e0,9.602996111e-1
val,207,C1OCC1[NH+]1CC1,8.470904350e0,0.000000000e0,0.000000000e0,1.271353364e0,8.470904350e0,1.236404181e0
val,208,OC1(C2CCO2)COC1,8.489952087e0,0.000000000e0,0.000000000e0,1.271353364e0,8.489952087e0,1.251386404e0
val,209,Cc1cnn2c1C=CC2,5.023221493e0,0.000000000e0,0.000000000e0,1.271353364e0,5.023221493e0,-1.475416183e0
val,210,Cc1nc2c(o1)NCC2,5.597382069e0,0.000000000e0,0.000000000e0,1.271353364e0,5.597382069e0,-1.023802638e0
val,211,C1OC23CC2(O1)C1NC13,7.072239399e0,0.000000000e0,0.000000000e0,1.271353364e0,7.072239399e0,1.362658441e-1
val,212,CC(=O)C(CO)C(C)C,6.122561455e0,0.000000000e0,0.000000000e0,1.271353364e0,6.122561455e0,-6.107158661e-1
val,213,CCC[NH+]1C2C3OC3C21,7.153872967e0,0.000000000e0,0.000000000e0,1.271353364e0,7.153872967e0,2.004757971e-1
val,214,Cc1nc2c([nH]1)CC=C2,5.191932201e0,0.000000000e0,0.000000000e0,1.271353364e0,5.191932201e0,-1.342714548e0
val,215,OC1CCC(O)C12CN2,8.245050430e0,0.000000000e0,0.000000000e0,1.271353364e0,8.245050430e0,1.058755755e0
val,216,CCC(C=O)N(C)C=O,5.589218616e0,0.000000000e0,0.000000000e0,1.271353364e0,5.589218616e0,-1.030223608e0
val,217,CC1Cn2nccc2O1,6.710327625e0,0.000000000e0,0.000000000e0,1.271353364e0,6.710327625e0,-1.484006196e-1
val,218,O=c1ccc(=O)onn1,4.206880093e0,0.000000000e0,0.000000000e0,1.271353364e0,4.206880093e0,-2.117520332e0
val,219,C#CC1CNC(=O)N1,7.586534500e0,0.000000000e0,0.000000000e0,1.271353364e0,7.586534500e0,5.407914519e-1
val,220,Nc1nc(C2CN2)co1,6.223243713e0,0.000000000e0,0.000000000e0,1.271353364e0,6.223243713e0,-5.315228701e-1
val,221,C1C[NH+]2C1C1C2C2C[NH+]21,7.442313671e0,0.000000000e0,0.000000000e0,1.271353364e0,7.442313671e0,4.273526371e-1
val,222,C1=CC2(OC1)C1CC2C1,6.421886921e0,0.000000000e0,0.000000000e0,1.271353364e0,6.421886921e0,-3.752774596e-1
val,223,CC([NH-])OC(N)=O,7.200132847e0,0.000000000e0,0.000000000e0,1.271353364e0,7.200132847e0,2.368621230e-1
val,224,COC(C)C(C)O,8.838258743e0,0.000000000e0,0.000000000e0,1.271353364e0,8.838258743e0,1.525351644e0
val,225,C1C[NH+]2C1C1C3NC3C12,7.115777493e0,0.000000000e0,0.000000000e0,1.271353364e0,7.115777493e0,1.705113053e-1
val,226,O=C1CCC2NC2C1=O,4.576955318e0,0.000000000e0,0.000000000e0,1.271353364e0,4.576955318e0,-1.826432705e0
val,227,CC12C(=O)C3C=CC1[NH+]32,5.197374821e0,0.000000000e0,0.000000000e0,1.271353364e0,5.197374821e0,-1.338433504e0
val,228,O=CC1OC12C1CC2N1,5.679016113e0,0.000000000e0,0.000000000e0,1.271353364e0,5.679016113e0,-9.595922828e-1
val,229,CCC(CO)C(C)C=O,6.217801571e0,0.000000000e0,0.000000000e0,1.271353364e0,6.217801571e0,-5.358034968e-1
val,230,OC1(C2CO2)CC2OC21,8.394712448e0,0.000000000e0,0.000000000e0,1.271353364e0,8.394712448e0,1.176474452e0
val,231,CC12CC1OCC21CC1,8.285867691e0,0.000000000e0,0.000000000e0,1.271353364e0,8.285867691e0,1.090861201e0
val,232,CC1(O)C(=O)COC1=O,5.668131351e0,0.000000000e0,0.000000000e0,1.271353364e0,5.668131351e0,-9.681538343e-1
val,233,C1=CC2CCC2=CCC1,6.715770245e0,0.000000000e0,0.000000000e0,1.271353364e0,6.715770245e0,-1.441196501e-1
val,234,CCCC#N,9.660041809e0,0.000000000e0,0.000000000e0,1.271353364e0,9.660041809e0,2.171736002e0
val,235,O=C1C[NH+]2C3C1C1C3C12,5.230028629e0,0.000000000e0,0.000000000e0,1.271353364e0,5.230028629e0,-1.312749267e0
val,236,C1=NCC2CC3C(O1)C23,7.295372486e0,0.000000000e0,0.000000000e0,1.271353364e0,7.295372486e0,3.117741048e-1
val,237,CC1NC2=CC(=O)CC21,5.616430283e0,0.000000000e0,0.000000000e0,1.271353364e0,5.616430283e0,-1.008819938e0
val,238,C#CCOC(C)C#C,7.472246647e0,0.000000000e0,0.000000000e0,1.271353364e0,7.472246647e0,4.508967996e-1
val,239,COC(CO)CC(C)C,8.620567322e0,0.000000000e0,0.000000000e0,1.271353364e0,8.620567322e0,1.354123592e0
val,240,[CH-]1CC23CC4C2C1C[NH+]43,4.465388775e0,0.000000000e0,0.000000000e0,1.271353364e0,4.465388775e0,-1.914186835e0
val,241,O=C1C=CC2C3NC3C12,4.917097569e0,0.000000000e0,0.000000000e0,1.271353364e0,4.917097569e0,-1.558889270e0
val,242,O=C1OC2C[NH+]3CC3C12,6.726654530e0,0.000000000e0,0.000000000e0,1.271353364e0,6.726654530e0,-1.355584860e-1
val,243,C#CC([NH-])OC=O,6.049090862e0,0.000000000e0,0.000000000e0,1.271353364e0,6.049090862e0,-6.685050726e-1
val,244,CC1C2C=CC=CCC12,5.246355057e0,0.000000000e0,0.000000000e0,1.271353364e0,5.246355057e0,-1.299907565e0
val,245,CC12CC1C1=CCCC12,6.541617393e0,0.000000000e0,0.000000000e0,1.271353364e0,6.541617393e0,-2.811018825e-1
val,246,O=C1NCC(O)C2OC12,6.865432262e0,0.000000000e0,0.000000000e0,1.271353364e0,6.865432262e0,-2.640102804e-2
val,247,C1OCc2nnoc2O1,5.806910038e0,0.000000000e0,0.000000000e0,1.271353364e0,5.806910038e0,-8.589956164e-1
val,248,C1=C2NCC3C[NH+]([CH+]1)C23,5.053154469e0,0.000000000e0,0.000000000e0,1.271353364e0,5.053154469e0,-1.451871991e0
val,249,CC(O)C(C)C(O)C#N,8.223280907e0,0.000000000e0,0.000000000e0,1.271353364e0,8.223280907e0,1.041632652e0
val,250,NC1[NH2+]C2C(=O)CC2O1,5.298057079e0,0.000000000e0,0.000000000e0,1.271353364e0,5.298057079e0,-1.259240627e0
val,251,CC1C2CC3COC31C2,8.634172440e0,0.000000000e0,0.000000000e0,1.271353364e0,8.634172440e0,1.364824891e0
val,252,[NH-]C1=C([NH-])OCC([NH-])N1,5.368806362e0,0.000000000e0,0.000000000e0,1.271353364e0,5.368806362e0,-1.203591824e0
val,253,c1ncc2conc2n1,4.644983292e0,0.000000000e0,0.000000000e0,1.271353364e0,4.644983292e0,-1.772924423e0
val,254,C#CC(CC)NC(N)=O,7.747081757e0,0.000000000e0,0.000000000e0,1.271353364e0,7.747081757e0,6.670719981e-1
val,255,O=C1COC(=O)C2NC12,5.855890274e0,0.000000000e0,0.000000000e0,1.271353364e0,5.855890274e0,-8.204695582e-1
val,256,CC12C3CC(=O)N1C2C3,6.459982872e0,0.000000000e0,0.000000000e0,1.271353364e0,6.459982872e0,-3.453125954e-1
val,257,C[NH+]1CC2OC3CCC321,7.325304985e0,0.000000000e0,0.000000000e0,1.271353364e0,7.325304985e0,3.353179097e-1
val,258,Cc1cc(C2CO2)n[nH]1,6.710327625e0,0.000000000e0,0.000000000e0,1.271353364e0,6.710327625e0,-1.484006196e-1
val,259,C[NH2+]C1NC2CC2C1=O,5.009616375e0,0.000000000e0,0.000000000e0,1.271353364e0,5.009616375e0,-1.486117482e0
val,260,O=C1CCCCC2CN12,6.791961670e0,0.000000000e0,0.000000000e0,1.271353364e0,6.791961670e0,-8.419028670e-2
val,261,[NH-]C1C=COC(=O)O1,5.864053726e0,0.000000000e0,0.000000000e0,1.271353364e0,5.864053726e0,-8.140484691e-1
val,262,O=C1CNC12CC1CC12,5.591939926e0,0.000000000e0,0.000000000e0,1.271353364e0,5.591939926e0,-1.028083205e0
val,263,C[NH+](C)C(C)(C#N)CO,6.919855118e0,0.000000000e0,0.000000000e0,1.271353364e0,6.919855118e0,1.640598662e-2
val,264,CC1C(=O)CC2C(O)C12,6.209638119e0,0.000000000e0,0.000000000e0,1.271353364e0,6.209638119e0,-5.422245264e-1
val,265,CCC(=O)C(C)CC,6.269503117e0,0.000000000e0,0.000000000e0,1.271353364e0,6.269503117e0,-4.951369464e-1
val,266,CC#CC(C)C(C)O,8.040965080e0,0.000000000e0,0.000000000e0,1.271353364e0,8.040965080e0,8.982297778e-1
val,267,[NH-]C1CC23CCC2(C3)O1,7.012373924e0,0.000000000e0,0.000000000e0,1.271353364e0,7.012373924e0,8.917786926e-2
val,268,OC12C=CC3CC1CC32,6.751144886e0,0.000000000e0,0.000000000e0,1.271353364e0,6.751144886e0,-1.162952706e-1
val,269,OCC1[CH-]C2CC3C2[NH+]13,4.530695915e0,0.000000000e0,0.000000000e0,1.271353364e0,4.530695915e0,-1.862818599e0
val,270,CCCNC(=O)C=O,4.819136620e0,0.000000000e0,0.000000000e0,1.271353364e0,4.819136620e0,-1.635941744e0
val,271,[NH-]c1n[cH+]ccc(N)n1,4.318447113e0,0.000000000e0,0.000000000e0,1.271353364e0,4.318447113e0,-2.029765606e0
val,272,c1cc2c([nH]1)COCC2,6.538896084e0,0.000000000e0,0.000000000e0,1.271353364e0,6.538896084e0,-2.832423449e-1
val,273,COCC(O)CC(C)O,8.928055763e0,0.000000000e0,0.000000000e0,1.271353364e0,8.928055763e0,1.595982671e0
val,274,C[NH2+]C1ON=COC1=O,5.420508385e0,0.000000000e0,0.000000000e0,1.271353364e0,5.420508385e0,-1.162924886e0
val,275,CC[NH2+]C1ON=NO1,5.589218616e0,0.000000000e0,0.000000000e0,1.271353364e0,5.589218616e0,-1.030223608e0
val,276,CC1=C(NO)COC[CH-]1,5.390575409e0,0.000000000e0,0.000000000e0,1.271353364e0,5.390575409e0,-1.186469078e0
val,277,CC(CCO)NC=O,7.657283783e0,0.000000000e0,0.000000000e0,1.271353364e0,7.657283783e0,5.964401960e-1
val,278,CC#CC(=O)C(C)=O,4.152457714e0,0.000000000e0,0.000000000e0,1.271353364e0,4.152457714e0,-2.160326958e0
val,279,O=C1CNCCC12CN2,5.268124104e0,0.000000000e0,0.000000000e0,1.271353364e0,5.268124104e0,-1.282784820e0
val,280,C[NH+]1C2C3CCC2(O)C31,7.251834393e0,0.000000000e0,0.000000000e0,1.271353364e0,7.251834393e0,2.775286436e-1
val,281,COC1CC2C(=O)OC12,7.458641052e0,0.000000000e0,0.000000000e0,1.271353364e0,7.458641052e0,4.401951432e-1
val,282,C#CCOCC(C)=NO,6.748423576e0,0.000000000e0,0.000000000e0,1.271353364e0,6.748423576e0,-1.184357479e-1
val,283,COC(C)CNC=O,7.711706638e0,0.000000000e0,0.000000000e0,1.271353364e0,7.711706638e0,6.392472386e-1
val,284,C#CC(C#C)(C#N)OC,7.050469875e0,0.000000000e0,0.000000000e0,1.271353364e0,7.050469875e0,1.191427410e-1
val,285,C[NH+]1CC1C1CC2OC21,8.239607811e0,0.000000000e0,0.000000000e0,1.271353364e0,8.239607811e0,1.054474831e0
val,286,C1=CCC2(C1)CC=CC2,7.091287136e0,0.000000000e0,0.000000000e0,1.271353364e0,7.091287136e0,1.512480974e-1
val,287,O=C1C2CC3OCC13O2,6.223243713e0,0.000000000e0,0.000000000e0,1.271353364e0,6.223243713e0,-5.315228701e-1
val,288,[NH-]C1OCC=CCC1=O,5.181047916e0,0.000000000e0,0.000000000e0,1.271353364e0,5.181047916e0,-1.351275682e0
val,289,Cc1cnc2onnn12,4.772877216e0,0.000000000e0,0.000000000e0,1.271353364e0,4.772877216e0,-1.672327757e0
val,290,C1=CCC(=C2CCC2)C1,6.427329540e0,0.000000000e0,0.000000000e0,1.271353364e0,6.427329540e0,-3.709964752e-1
val,291,CCOC([NH-])CO,8.081781387e0,0.000000000e0,0.000000000e0,1.271353364e0,8.081781387e0,9.303343892e-1
val,292,CC1=CCC=CC2CC12,6.299435616e0,0.000000000e0,0.000000000e0,1.271353364e0,6.299435616e0,-4.715931416e-1
val,293,C[n+]1c([NH-])[nH]cnc1=O,5.689900398e0,0.000000000e0,0.000000000e0,1.271353364e0,5.689900398e0,-9.510310888e-1
val,294,CC#CC(C)C(C)OC,8.217838287e0,0.000000000e0,0.000000000e0,1.271353364e0,8.217838287e0,1.037351727e0
val,295,CN1C(=O)C2C1C[NH+]2C,6.323925972e0,0.000000000e0,0.000000000e0,1.271353364e0,6.323925972e0,-4.523299336e-1
val,296,C1C2OC34CCC23OC14,7.747081757e0,0.000000000e0,0.000000000e0,1.271353364e0,7.747081757e0,6.670719981e-1
val,297,COCC(O)C(N)C#N,8.040965080e0,0.000000000e0,0.000000000e0,1.271353364e0,8.040965080e0,8.982297778e-1
val,298,C1OC2[NH2+]C3CC3NC12,6.775634766e0,0.000000000e0,0.000000000e0,1.271353364e0,6.775634766e0,-9.703242779e-2
val,299,CC12CC3C(N1)C3C2=O,5.763371468e0,0.000000000e0,0.000000000e0,1.271353364e0,5.763371468e0,-8.932414651e-1
val,300,CN(C=O)C(=O)C#N,5.398738861e0,0.000000000e0,0.000000000e0,1.271353364e0,5.398738861e0,-1.180047989e0
val,301,OC1C[NH+]2C3C=CC2C13,5.989225864e0,0.000000000e0,0.000000000e0,1.271353364e0,5.989225864e0,-7.155926824e-1
val,302,C1=CN2C3COC3C2N1,6.522569180e0,0.000000000e0,0.000000000e0,1.271353364e0,6.522569180e0,-2.960844934e-1
val,303,C1=CCc2onnc2C1,5.953851223e0,0.000000000e0,0.000000000e0,1.271353364e0,5.953851223e0,-7.434170842e-1
val,304,N#CC12CC3C(=O)C1[NH+]32,6.206917286e0,0.000000000e0,0.000000000e0,1.271353364e0,6.206917286e0,-5.443646312e-1
val,305,CC(C)CC(C)O,9.058670044e0,0.000000000e0,0.000000000e0,1.271353364e0,9.058670044e0,1.698719025e0
val,306,O=C1CC2[NH+]3CC2(C3)O1,6.737539291e0,0.000000000e0,0.000000000e0,1.271353364e0,6.737539291e0,-1.269969195e-1
val,307,C#CCC(=O)C(C)(C)C,6.201474667e0,0.000000000e0,0.000000000e0,1.271353364e0,6.201474667e0,-5.486456156e-1
val,308,CC1Cc2[nH]nnc2O1,5.725275517e0,0.000000000e0,0.000000000e0,1.271353364e0,5.725275517e0,-9.232063293e-1
val,309,CC12CC1[NH2+]C(N)C2=O,4.653147221e0,0.000000000e0,0.000000000e0,1.271353364e0,4.653147221e0,-1.766502976e0
val,310,Cc1cc2n(n1)C=CC2,5.412344456e0,0.000000000e0,0.000000000e0,1.271353364e0,5.412344456e0,-1.169346333e0
val,311,O=C1C=CC2C3CC12C3,4.884443760e0,0.000000000e0,0.000000000e0,1.271353364e0,4.884443760e0,-1.584573627e0
val,312,OC1CC=CCC=CC1,6.258618832e0,0.000000000e0,0.000000000e0,1.271353364e0,6.258618832e0,-5.036981106e-1
val,313,C[NH+]1C2C1C1(C)C2[NH+]1C,6.968835831e0,0.000000000e0,0.000000000e0,1.271353364e0,6.968835831e0,5.493241176e-2
val,314,CC1=CCCCC(=O)N1,5.896707535e0,0.000000000e0,0.000000000e0,1.271353364e0,5.896707535e0,-7.883642316e-1
val,315,C1C2C3OCC4C2C4C13,8.634172440e0,0.000000000e0,0.000000000e0,1.271353364e0,8.634172440e0,1.364824891e0
val,316,O=C1NC2CC3OC1C23,6.647741318e0,0.000000000e0,0.000000000e0,1.271353364e0,6.647741318e0,-1.976287067e-1
val,317,O=C1CC2C=CC3C2N13,5.983783722e0,0.000000000e0,0.000000000e0,1.271353364e0,5.983783722e0,-7.198733091e-1
val,318,O=C1COC2CCC12,5.744323254e0,0.000000000e0,0.000000000e0,1.271353364e0,5.744323254e0,-9.082240462e-1
val,319,CCC#CC(N)CC#N,7.382448673e0,0.000000000e0,0.000000000e0,1.271353364e0,7.382448673e0,3.802650273e-1
val,320,C1NC12COC21CC1,7.970214844e0,0.000000000e0,0.000000000e0,1.271353364e0,7.970214844e0,8.425802588e-1
val,321,CC#CC(=O)C#CC,5.085808277e0,0.000000000e0,0.000000000e0,1.271353364e0,5.085808277e0,-1.426187634e0
val,322,CN1C=CCOCC1=O,5.782419682e0,0.000000000e0,0.000000000e0,1.271353364e0,5.782419682e0,-8.782588243e-1
val,323,C#CC(O)CC(=O)CC,6.215080738e0,0.000000000e0,0.000000000e0,1.271353364e0,6.215080738e0,-5.379436016e-1
val,324,C1CCC(C2CC2)C1,9.526706696e0,0.000000000e0,0.000000000e0,1.271353364e0,9.526706696e0,2.066859484e0
val,325,CCC(CO)OC(C)=O,7.483131409e0,0.000000000e0,0.000000000e0,1.271353364e0,7.483131409e0,4.594583511e-1
val,326,O=C1NCC2OCC12O,7.178363323e0,0.000000000e0,0.000000000e0,1.271353364e0,7.178363323e0,2.197390199e-1
val,327,CCC(C#N)(CC)CC,9.523984909e0,0.000000000e0,0.000000000e0,1.271353364e0,9.523984909e0,2.064718485e0
val,328,c1cnc2n[nH]cc2c1,4.791924953e0,0.000000000e0,0.000000000e0,1.271353364e0,4.791924953e0,-1.657345533e0
val,329,CC(=O)NCCCC=O,6.160657883e0,0.000000000e0,0.000000000e0,1.271353364e0,6.160657883e0,-5.807505846e-1
val,330,CC(=O)CN=C(N)CO,5.572891712e0,0.000000000e0,0.000000000e0,1.271353364e0,5.572891712e0,-1.043065786e0
val,331,C[CH+]1N=NOC([NH-])=C1N,4.430013657e0,0.000000000e0,0.000000000e0,1.271353364e0,4.430013657e0,-1.942011595e0
val,332,CNCC(C#N)C(N)=O,6.647741318e0,0.000000000e0,0.000000000e0,1.271353364e0,6.647741318e0,-1.976287067e-1
val,333,O=C1OCC12OC1CC12,6.704885483e0,0.000000000e0,0.000000000e0,1.271353364e0,6.704885483e0,-1.526812166e-1
val,334,O=C1OCOC12CNC2,6.421886921e0,0.000000000e0,0.000000000e0,1.271353364e0,6.421886921e0,-3.752774596e-1
val,335,CC1=CCC([NH+]2CC2)C1,7.055912018e0,0.000000000e0,0.000000000e0,1.271353364e0,7.055912018e0,1.234233305e-1
val,336,[H]N=CNC(=O)C(C)C#C,6.402839184e0,0.000000000e0,0.000000000e0,1.271353364e0,6.402839184e0,-3.902597129e-1
val,337,O=C1CC=CCOCO1,6.372906685e0,0.000000000e0,0.000000000e0,1.271353364e0,6.372906685e0,-4.138034880e-1
val,338,N#CC(O)CCO[CH+][NH-],7.420545101e0,0.000000000e0,0.000000000e0,1.271353364e0,7.420545101e0,4.102302790e-1
val,339,C1OC(C2CO2)C2CC12,9.175679207e0,0.000000000e0,0.000000000e0,1.271353364e0,9.175679207e0,1.790754080e0
val,340,C1=CC2(C=CCC1)CN2,6.285830498e0,0.000000000e0,0.000000000e0,1.271353364e0,6.285830498e0,-4.822944105e-1
val,341,CC#CCCCC(C)C,8.269539833e0,0.000000000e0,0.000000000e0,1.271353364e0,8.269539833e0,1.078018308e0
val,342,C1C2NC2C2[NH+]3CC12C3,7.782456875e0,0.000000000e0,0.000000000e0,1.271353364e0,7.782456875e0,6.948967576e-1
val,343,CC1(C23CCC2N3)CO1,9.115814209e0,0.000000000e0,0.000000000e0,1.271353364e0,9.115814209e0,1.743666530e0
val,344,c1[nH]nc2c1C1NC1C2,6.729375839e0,0.000000000e0,0.000000000e0,1.271353364e0,6.729375839e0,-1.334179938e-1
val,345,CCCOC,9.322620392e0,0.000000000e0,0.000000000e0,1.271353364e0,9.322620392e0,1.906332612e0
val,346,c1cc2cncnn2n1,4.791924953e0,0.000000000e0,0.000000000e0,1.271353364e0,4.791924953e0,-1.657345533e0
val,347,N#CC1[NH2+]C2CC3C2[NH+]13,5.469488621e0,0.000000000e0,0.000000000e0,1.271353364e0,5.469488621e0,-1.124398828e0
val,348,C#CC1NC(=O)C12CN2,7.107614040e0,0.000000000e0,0.000000000e0,1.271353364e0,7.107614040e0,1.640902311e-1
val,349,C1=Nc2[nH]ncc2CO1,5.219143867e0,0.000000000e0,0.000000000e0,1.271353364e0,5.219143867e0,-1.321310878e0
val,350,CNC1=NCCC1=O,4.783761501e0,0.000000000e0,0.000000000e0,1.271353364e0,4.783761501e0,-1.663766503e0
val,351,C#CCC#CC(O)CO,7.483131409e0,0.000000000e0,0.000000000e0,1.271353364e0,7.483131409e0,4.594583511e-1
val,352,[NH-]C1CC2(C[NH+]3CC32)O1,7.366122246e0,0.000000000e0,0.000000000e0,1.271353364e0,7.366122246e0,3.674232662e-1
val,353,Nc1ncnc(=O)cn1,4.481715202e0,0.000000000e0,0.000000000e0,1.271353364e0,4.481715202e0,-1.901345015e0
val,354,CCCN=C(C)NC=O,6.348416328e0,0.000000000e0,0.000000000e0,1.271353364e0,6.348416328e0,-4.330667257e-1
val,355,[CH-]1C[NH+]2C3C1C1(CC1)C32,4.394639015e0,0.000000000e0,0.000000000e0,1.271353364e0,4.394639015e0,-1.969835997e0
val,356,CC1=CC=CCOC1=O,4.993289471e0,0.000000000e0,0.000000000e0,1.271353364e0,4.993289471e0,-1.498959541e0
val,357,[NH-]C1C(=O)C2CC3C2[NH+]13,4.751108170e0,0.000000000e0,0.000000000e0,1.271353364e0,4.751108170e0,-1.689450502e0
val,358,CNC(=O)CCNC=O,7.412381172e0,0.000000000e0,0.000000000e0,1.271353364e0,7.412381172e0,4.038088322e-1
val,359,C1CC2OC3(CC3)C2O1,8.495394707e0,0.000000000e0,0.000000000e0,1.271353364e0,8.495394707e0,1.255667329e0
val,360,[NH-]C(C#CC=O)OC=O,5.235470295e0,0.000000000e0,0.000000000e0,1.271353364e0,5.235470295e0,-1.308469057e0
val,361,O=C1NC23CCOC12C3,6.721211910e0,0.000000000e0,0.000000000e0,1.271353364e0,6.721211910e0,-1.398394406e-1
val,362,OCC1[NH2+]C2CCC2O1,7.279046059e0,0.000000000e0,0.000000000e0,1.271353364e0,7.279046059e0,2.989323437e-1
val,363,OC12CC34OCC(C13)C24,8.068176270e0,0.000000000e0,0.000000000e0,1.271353364e0,8.068176270e0,9.196330905e-1
val,364,O=CCNC(=O)NC=O,6.040927887e0,0.000000000e0,0.000000000e0,1.271353364e0,6.040927887e0,-6.749258041e-1
val,365,O=C1NCC2=C1CCN2,5.491257668e0,0.000000000e0,0.000000000e0,1.271353364e0,5.491257668e0,-1.107276082e0
val,366,c1cc2oncc2[nH]1,5.619151115e0,0.000000000e0,0.000000000e0,1.271353364e0,5.619151115e0,-1.006679893e0
val,367,O=CN1C2C3C2C2C3C21,6.976998806e0,0.000000000e0,0.000000000e0,1.271353364e0,6.976998806e0,6.135310605e-2
val,368,OCC1C[NH+]1CC1CO1,7.831437111e0,0.000000000e0,0.000000000e0,1.271353364e0,7.831437111e0,7.334228158e-1
val,369,CC12CC1OC1(CC1)C2,8.397434235e0,0.000000000e0,0.000000000e0,1.271353364e0,8.397434235e0,1.178615332e0
val,370,COCC(=O)CCO,6.391954422e0,0.000000000e0,0.000000000e0,1.271353364e0,6.391954422e0,-3.988212645e-1
val,371,COCC(C)(C)C(C)C,8.922613144e0,0.000000000e0,0.000000000e0,1.271353364e0,8.922613144e0,1.591701627e0
val,372,Cc1[nH]cnc1C1CC1,6.381070137e0,0.000000000e0,0.000000000e0,1.271353364e0,6.381070137e0,-4.073824286e-1
val,373,CCC1=CC2CCC1O2,6.846384525e0,0.000000000e0,0.000000000e0,1.271353364e0,6.846384525e0,-4.138327390e-2
val,374,CCOCC(C)(O)CO,8.702200890e0,0.000000000e0,0.000000000e0,1.271353364e0,8.702200890e0,1.418333530e0
val,375,C[NH+](C)CC(=O)CC=O,5.504863262e0,0.000000000e0,0.000000000e0,1.271353364e0,5.504863262e0,-1.096574426e0
val,376,CC1NC1C1COCO1,8.555259705e0,0.000000000e0,0.000000000e0,1.271353364e0,8.555259705e0,1.302754998e0
val,377,O=C1C=C2NCCC2N1,5.850448132e0,0.000000000e0,0.000000000e0,1.271353364e0,5.850448132e0,-8.247501254e-1
val,378,O=C1OCC12NC2CO,7.113056660e0,0.000000000e0,0.000000000e0,1.271353364e0,7.113056660e0,1.683712006e-1
val,379,NC(=O)CCC(O)C=O,5.760650635e0,0.000000000e0,0.000000000e0,1.271353364e0,5.760650635e0,-8.953815699e-1
val,380,CC12CC(O)(C1)C21CC1,9.001525879e0,0.000000000e0,0.000000000e0,1.271353364e0,9.001525879e0,1.653771520e0
val,381,N#CC1CC2C[NH+]3C1C23,7.496736526e0,0.000000000e0,0.000000000e0,1.271353364e0,7.496736526e0,4.701596498e-1
val,382,C[NH+]1C2C3CC(C3)C21C,8.103550911e0,0.000000000e0,0.000000000e0,1.271353364e0,8.103550911e0,9.474574924e-1
val,383,COC(C)C(C)NC=O,7.600140095e0,0.000000000e0,0.000000000e0,1.271353364e0,7.600140095e0,5.514931083e-1
val,384,CN(C)C(=O)N(C)C,7.529390335e0,0.000000000e0,0.000000000e0,1.271353364e0,7.529390335e0,4.958439171e-1
val,385,[NH-]c1nc(N)c(F)n[nH+]1,4.264024258e0,0.000000000e0,0.000000000e0,1.271353364e0,4.264024258e0,-2.072572708e0
val,386,CCC(C#CCO)CC,7.515784740e0,0.000000000e0,0.000000000e0,1.271353364e0,7.515784740e0,4.851422608e-1
val,387,C1OC2CC1OC21CC1,8.617846489e0,0.000000000e0,0.000000000e0,1.271353364e0,8.617846489e0,1.351983428e0
val,388,CNC(C)(C#N)COC,7.308978081e0,0.000000000e0,0.000000000e0,1.271353364e0,7.308978081e0,3.224757612e-1
val,389,O=C1OC2CCC3C2N13,7.575649738e0,0.000000000e0,0.000000000e0,1.271353364e0,7.575649738e0,5.322299004e-1
val,390,O=C1CC2NC2CN1,7.330747128e0,0.000000000e0,0.000000000e0,1.271353364e0,7.330747128e0,3.395985067e-1
val,391,CCNC(C#N)CC,7.472246647e0,0.000000000e0,0.000000000e0,1.271353364e0,7.472246647e0,4.508967996e-1
val,392,CC1CCCC2CC1O2,8.636894226e0,0.000000000e0,0.000000000e0,1.271353364e0,8.636894226e0,1.366965652e0
val,393,C[NH+]1CC1C1OC2CC21,7.962051392e0,0.000000000e0,0.000000000e0,1.271353364e0,7.962051392e0,8.361591697e-1
val,394,c1n[nH]cc1OC1CC1,6.348416328e0,0.000000000e0,0.000000000e0,1.271353364e0,6.348416328e0,-4.330667257e-1
val,395,O=COCC(O)CCO,7.747081757e0,0.000000000e0,0.000000000e0,1.271353364e0,7.747081757e0,6.670719981e-1
val,396,O=C1OC=NC2CC1C2,6.160657883e0,0.000000000e0,0.000000000e0,1.271353364e0,6.160657883e0,-5.807505846e-1
val,397,C#CC(C)(O)C#CC#N,6.326647282e0,0.000000000e0,0.000000000e0,1.271353364e0,6.326647282e0,-4.501894414e-1
val,398,O=CC#CCOC=O,5.534795761e0,0.000000000e0,0.000000000e0,1.271353364e0,5.534795761e0,-1.073030710e0
val,399,CC12CC3CC(O1)C3O2,9.148468018e0,0.000000000e0,0.000000000e0,1.271353364e0,9.148468018e0,1.769350767e0
val,400,O=CC1=CNCCOC1,5.259960651e0,0.000000000e0,0.000000000e0,1.271353364e0,5.259960651e0,-1.289205909e0
val,401,[NH-]c1nc(O)c[cH+]o1,4.947029591e0,0.000000000e0,0.000000000e0,1.271353364e0,4.947029591e0,-1.535345912e0
val,402,C#CC#CCC(N)C#N,6.163379192e0,0.000000000e0,0.000000000e0,1.271353364e0,6.163379192e0,-5.786101222e-1
val,403,C#CC(C)C(C=O)CO,6.157936573e0,0.000000000e0,0.000000000e0,1.271353364e0,6.157936573e0,-5.828910470e-1
val,404,O=C1CC=C2C3NC3C12,5.796025276e0,0.000000000e0,0.000000000e0,1.271353364e0,5.796025276e0,-8.675571680e-1
val,405,OC1CC(O)C2NC2C1,8.479067802e0,0.000000000e0,0.000000000e0,1.271353364e0,8.479067802e0,1.242825270e0
val,406,O=CC12CCOC1CN2,5.646362305e0,0.000000000e0,0.000000000e0,1.271353364e0,5.646362305e0,-9.852765203e-1
val,407,O=C1N[CH+]C2C[NH+]3C1C23,5.145672798e0,0.000000000e0,0.000000000e0,1.271353364e0,5.145672798e0,-1.379100442e0
val,408,O=C1C2OCC3OC1C32,4.990568161e0,0.000000000e0,0.000000000e0,1.271353364e0,4.990568161e0,-1.501100063e0
val,409,c1ccn2ncnc2c1,5.251797676e0,0.000000000e0,0.000000000e0,1.271353364e0,5.251797676e0,-1.295626521e0
val,410,c1nonc1N1CCC1,5.396018028e0,0.000000000e0,0.000000000e0,1.271353364e0,5.396018028e0,-1.182188153e0
val,411,CNC(=O)CC([NH-])OC,6.704885483e0,0.000000000e0,0.000000000e0,1.271353364e0,6.704885483e0,-1.526812166e-1
val,412,CC(=O)OCC(C)=NO,7.042306423e0,0.000000000e0,0.000000000e0,1.271353364e0,7.042306423e0,1.127216741e-1
val,413,O=C1CC(O)C1C1CO1,5.850448132e0,0.000000000e0,0.000000000e0,1.271353364e0,5.850448132e0,-8.247501254e-1
val,414,O=C1OC2C1CC21CC1,7.581092358e0,0.000000000e0,0.000000000e0,1.271353364e0,7.581092358e0,5.365108252e-1
val,415,O=C1CNC12CCCC2,5.842284679e0,0.000000000e0,0.000000000e0,1.271353364e0,5.842284679e0,-8.311712146e-1
val,416,COC1C=CCC2OC12,7.224623203e0,0.000000000e0,0.000000000e0,1.271353364e0,7.224623203e0,2.561253309e-1
val,417,c1nncnn1,3.687142849e0,0.000000000e0,0.000000000e0,1.271353364e0,3.687142849e0,-2.526326418e0
val,418,CN=C(C#N)N(C)C=O,5.485815525e0,0.000000000e0,0.000000000e0,1.271353364e0,5.485815525e0,-1.111556768e0
val,419,CCC(O)C#CCO,7.806946754e0,0.000000000e0,0.000000000e0,1.271353364e0,7.806946754e0,7.141596079e-1
val,420,O=C1NCC=CC12CO2,6.454540730e0,0.000000000e0,0.000000000e0,1.271353364e0,6.454540730e0,-3.495931625e-1
val,421,C1=CC2C(C1)OC1CC12,6.957951069e0,0.000000000e0,0.000000000e0,1.271353364e0,6.957951069e0,4.637085646e-2
val,422,[NH-]C1OCC12CCCN2,6.873596191e0,0.000000000e0,0.000000000e0,1.271353364e0,6.873596191e0,-1.997958124e-2
val,423,C1OC2CC3(CN3)C2O1,8.299472809e0,0.000000000e0,0.000000000e0,1.271353364e0,8.299472809e0,1.101562381e0
val,424,CC1NC1C12CC[NH+]1C2,8.174300194e0,0.000000000e0,0.000000000e0,1.271353364e0,8.174300194e0,1.003106236e0
val,425,C#CC(CO)C(C)(C)O,7.891301632e0,0.000000000e0,0.000000000e0,1.271353364e0,7.891301632e0,7.805100083e-1
val,426,O=C1CC2(O1)C1CCC12,7.570207596e0,0.000000000e0,0.000000000e0,1.271353364e0,7.570207596e0,5.279492736e-1
val,427,[CH+]1[NH2+]C2C(CC3OC32)O1,7.295372486e0,0.000000000e0,0.000000000e0,1.271353364e0,7.295372486e0,3.117741048e-1
val,428,O=C1CC2C(=O)C1C2O,5.529353619e0,0.000000000e0,0.000000000e0,1.271353364e0,5.529353619e0,-1.077311277e0
val,429,CNC1=C[CH-]C(C)O1,5.621871948e0,0.000000000e0,0.000000000e0,1.271353364e0,5.621871948e0,-1.004539728e0
val,430,CC#CC#CC(C)=O,4.903491497e0,0.000000000e0,0.000000000e0,1.271353364e0,4.903491497e0,-1.569591403e0
val,431,C1=CC2C3CCOC1C23,6.492636681e0,0.000000000e0,0.000000000e0,1.271353364e0,6.492636681e0,-3.196282983e-1
val,432,OC1CCc2cocc21,6.280387878e0,0.000000000e0,0.000000000e0,1.271353364e0,6.280387878e0,-4.865753949e-1
val,433,C1CC23CC(C4OC42)[NH+]13,7.828715801e0,0.000000000e0,0.000000000e0,1.271353364e0,7.828715801e0,7.312822938e-1
val,434,C#CCCC(O)C#C,7.752523899e0,0.000000000e0,0.000000000e0,1.271353364e0,7.752523899e0,6.713525653e-1
val,435,COCC(CO)OC,9.129420280e0,0.000000000e0,0.000000000e0,1.271353364e0,9.129420280e0,1.754368544e0
val,436,OC1CC23CCC2OC13,7.823273182e0,0.000000000e0,0.000000000e0,1.271353364e0,7.823273182e0,7.270013690e-1
val,437,CCCC(C)C#N,9.567523003e0,0.000000000e0,0.000000000e0,1.271353364e0,9.567523003e0,2.098963976e0
val,438,[NH-][CH+]OC(=O)CN,6.293993473e0,0.000000000e0,0.000000000e0,1.271353364e0,6.293993473e0,-4.758737385e-1
val,439,CNC(=O)NCCO,8.155252457e0,0.000000000e0,0.000000000e0,1.271353364e0,8.155252457e0,9.881240129e-1
val,440,CC#CC(C)COC,8.318520546e0,0.000000000e0,0.000000000e0,1.271353364e0,8.318520546e0,1.116544724e0
val,441,COCCCNCC#N,7.357958317e0,0.000000000e0,0.000000000e0,1.271353364e0,7.357958317e0,3.610018194e-1
val,442,CCC(C)OCC(C)C,9.026016235e0,0.000000000e0,0.000000000e0,1.271353364e0,9.026016235e0,1.673034787e0
val,443,CC12CCC=CC1OC2,6.865432262e0,0.000000000e0,0.000000000e0,1.271353364e0,6.865432262e0,-2.640102804e-2
val,444,C#CC1[CH-]C=C(NO)C1,5.243634224e0,0.000000000e0,0.000000000e0,1.271353364e0,5.243634224e0,-1.302047610e0
val,445,CC1NC1c1cc[nH]c1,6.688558578e0,0.000000000e0,0.000000000e0,1.271353364e0,6.688558578e0,-1.655233502e-1
val,446,O=C1OCC1C1CO1,7.499457359e0,0.000000000e0,0.000000000e0,1.271353364e0,7.499457359e0,4.722997546e-1
val,447,CC1NC12C1CC2C1=O,6.840942383e0,0.000000000e0,0.000000000e0,1.271353364e0,6.840942383e0,-4.566386342e-2
val,448,C1C2OC3C1C1C2CC31,8.794719696e0,0.000000000e0,0.000000000e0,1.271353364e0,8.794719696e0,1.491105437e0
val,449,OC1C2OCC3OC3C12,8.136203766e0,0.000000000e0,0.000000000e0,1.271353364e0,8.136203766e0,9.731410146e-1
val,450,CC1C2C=CC3C(C2)C13,6.683116436e0,0.000000000e0,0.000000000e0,1.271353364e0,6.683116436e0,-1.698039472e-1
val,451,O=C1C2CC[NH+]3C1CC23,5.608266830e0,0.000000000e0,0.000000000e0,1.271353364e0,5.608266830e0,-1.015241027e0
val,452,C1=CC23NCC2OC3C1,5.929360867e0,0.000000000e0,0.000000000e0,1.271353364e0,5.929360867e0,-7.626802921e-1
val,453,C1OC2C3NC3C2O1,8.005589485e0,0.000000000e0,0.000000000e0,1.271353364e0,8.005589485e0,8.704046607e-1
val,454,C1=CC2CC3CC1CC23,6.903528214e0,0.000000000e0,0.000000000e0,1.271353364e0,6.903528214e0,3.563844366e-3
val,455,C1OCC23COCC12O3,8.903565407e0,0.000000000e0,0.000000000e0,1.271353364e0,8.903565407e0,1.576719403e0
val,456,CC(CCCO)C(N)=O,7.534832478e0,0.000000000e0,0.000000000e0,1.271353364e0,7.534832478e0,5.001245141e-1
val,457,[NH-]C1OC2C3CC[NH+]3C12,6.342973709e0,0.000000000e0,0.000000000e0,1.271353364e0,6.342973709e0,-4.373476803e-1
val,458,C1=CC2C3C=CC1C23,6.364743233e0,0.000000000e0,0.000000000e0,1.271353364e0,6.364743233e0,-4.202245772e-1
val,459,O=CC1NC(=O)N2CC12,5.771534920e0,0.000000000e0,0.000000000e0,1.271353364e0,5.771534920e0,-8.868203759e-1
val,460,COC(=O)C(=O)CCO,4.960635662e0,0.000000000e0,0.000000000e0,1.271353364e0,4.960635662e0,-1.524643898e0
val,461,CC1(C2CNC2=O)CN1,7.624630451e0,0.000000000e0,0.000000000e0,1.271353364e0,7.624630451e0,5.707563162e-1
val,462,O=C1C[NH+]2CC3C(O1)C32,6.386512280e0,0.000000000e0,0.000000000e0,1.271353364e0,6.386512280e0,-4.031018317e-1
val,463,CCCCC(C)CC#N,9.409697533e0,0.000000000e0,0.000000000e0,1.271353364e0,9.409697533e0,1.974824309e0
val,464,N#CC1=CC2CC[NH+]2C1,5.104856014e0,0.000000000e0,0.000000000e0,1.271353364e0,5.104856014e0,-1.411205411e0
val,465,CC1CC2(COC2)C1=O,5.703506470e0,0.000000000e0,0.000000000e0,1.271353364e0,5.703506470e0,-9.403290749e-1
val,466,CC1C2C=CCC1C2=O,5.880380630e0,0.000000000e0,0.000000000e0,1.271353364e0,5.880380630e0,-8.012063503e-1
val,467,C1C2OC34CC(C3)[NH+]1C24,6.699442863e0,0.000000000e0,0.000000000e0,1.271353364e0,6.699442863e0,-1.569621712e-1
val,468,c1cnccoccn1,4.430013657e0,0.000000000e0,0.000000000e0,1.271353364e0,4.430013657e0,-1.942011595e0
val,469,Cc1nc(=O)nnn1C,4.593281746e0,0.000000000e0,0.000000000e0,1.271353364e0,4.593281746e0,-1.813590884e0
val,470,CC1OC1CC1CCO1,8.811046600e0,0.000000000e0,0.000000000e0,1.271353364e0,8.811046600e0,1.503947496e0
val,471,[NH-]C1OCC1NC1CC1,6.715770245e0,0.000000000e0,0.000000000e0,1.271353364e0,6.715770245e0,-1.441196501e-1
val,472,O=C1OCOCC2NC12,6.778356075e0,0.000000000e0,0.000000000e0,1.271353364e0,6.778356075e0,-9.489195049e-2
val,473,O=C1CCC2OCC1O2,5.806910038e0,0.000000000e0,0.000000000e0,1.271353364e0,5.806910038e0,-8.589956164e-1
val,474,C[NH+]1CC2CC(=O)C21C,4.955193520e0,0.000000000e0,0.000000000e0,1.271353364e0,4.955193520e0,-1.528924465e0
val,475,CC1=C(NO)C2NC2[CH-]1,5.151115417e0,0.000000000e0,0.000000000e0,1.271353364e0,5.151115417e0,-1.374819517e0
val,476,C1C(C[NH+]2CC2)C2OC12,8.778392792e0,0.000000000e0,0.000000000e0,1.271353364e0,8.778392792e0,1.478263259e0
val,477,Nc1no[cH+]cc1NO,4.707569599e0,0.000000000e0,0.000000000e0,1.271353364e0,4.707569599e0,-1.723696351e0
val,478,NC(=O)N(C=O)CC=O,5.453161716e0,0.000000000e0,0.000000000e0,1.271353364e0,5.453161716e0,-1.137241006e0
val,479,CCC(CO)CCC=O,6.231407166e0,0.000000000e0,0.000000000e0,1.271353364e0,6.231407166e0,-5.251018405e-1
val,480,C#CC(CC)C(C)C=O,6.133446217e0,0.000000000e0,0.000000000e0,1.271353364e0,6.133446217e0,-6.021542549e-1
val,481,C[NH2+][CH+]OC(C)C#N,7.308978081e0,0.000000000e0,0.000000000e0,1.271353364e0,7.308978081e0,3.224757612e-1
val,482,CCCCNC(=O)C=O,4.819136620e0,0.000000000e0,0.000000000e0,1.271353364e0,4.819136620e0,-1.635941744e0
val,483,CC12CC1N1C=CNC12,6.111677170e0,0.000000000e0,0.000000000e0,1.271353364e0,6.111677170e0,-6.192770004e-1
val,484,C#CCC(O)COCC,8.076338768e0,0.000000000e0,0.000000000e0,1.271353364e0,8.076338768e0,9.260534048e-1
val,485,CC(=O)C(C)C(C)(C)C,6.149773121e0,0.000000000e0,0.000000000e0,1.271353364e0,6.149773121e0,-5.893121362e-1
val,486,CC12COC1C21CCC1,8.065455437e0,0.000000000e0,0.000000000e0,1.271353364e0,8.065455437e0,9.174929857e-1
val,487,C[n+]1nn[nH]c(=O)c1[NH-],5.281730175e0,0.000000000e0,0.000000000e0,1.271353364e0,5.281730175e0,-1.272082686e0
val,488,C1=CC(C2CCO2)OC1,6.593318939e0,0.000000000e0,0.000000000e0,1.271353364e0,6.593318939e0,-2.404353470e-1
val,489,O=C1CCCC=CCN1,6.342973709e0,0.000000000e0,0.000000000e0,1.271353364e0,6.342973709e0,-4.373476803e-1
val,490,C1CC1C12C[NH+]3C1CC32,8.557980537e0,0.000000000e0,0.000000000e0,1.271353364e0,8.557980537e0,1.304895043e0
val,491,CC1(C)C(=O)OC12CC2,7.640957355e0,0.000000000e0,0.000000000e0,1.271353364e0,7.640957355e0,5.835984349e-1
val,492,O=C1C=C2NCC2CC1,5.409623623e0,0.000000000e0,0.000000000e0,1.271353364e0,5.409623623e0,-1.171486497e0
val,493,C1=CC(C2CO2)CCC1,7.178363323e0,0.000000000e0,0.000000000e0,1.271353364e0,7.178363323e0,2.197390199e-1
val,494,NC(=[NH+]CCO)C(=O)[O-],5.371527672e0,0.000000000e0,0.000000000e0,1.271353364e0,5.371527672e0,-1.201451302e0
val,495,CNC(C#N)C(C)CO,7.491294384e0,0.000000000e0,0.000000000e0,1.271353364e0,7.491294384e0,4.658790529e-1
val,496,C1=CC(C2CC2)OC1,6.849106312e0,0.000000000e0,0.000000000e0,1.271353364e0,6.849106312e0,-3.924242035e-2
val,497,C[CH+]1C=NC([NH-])OC1F,4.582397461e0,0.000000000e0,0.000000000e0,1.271353364e0,4.582397461e0,-1.822152138e0
val,498,C#CC(CC#N)OCC,7.926676750e0,0.000000000e0,0.000000000e0,1.271353364e0,7.926676750e0,8.083347678e-1
val,499,CC1[NH2+]C(CO)C(=O)O1,6.636857033e0,0.000000000e0,0.000000000e0,1.271353364e0,6.636857033e0,-2.061898857e-1
test,0,O=C1CC2(O)C=CCC12,5.934803009e0,0.000000000e0,0.000000000e0,1.271353364e0,5.934803009e0,-7.583997250e-1
test,1,CC(C#N)(C#N)OC=O,7.096729279e0,0.000000000e0,0.000000000e0,1.271353364e0,7.096729279e0,1.555286795e-1
test,2,CC(=NO)C(C)CC=O,6.209638119e0,0.000000000e0,0.000000000e0,1.271353364e0,6.209638119e0,-5.422245264e-1
test,3,CC(O)C(C)C=O,6.239571095e0,0.000000000e0,0.000000000e0,1.271353364e0,6.239571095e0,-5.186803937e-1
test,4,[NH-]c1nc(O)n[cH+]o1,5.194653511e0,0.000000000e0,0.000000000e0,1.271353364e0,5.194653511e0,-1.340574026e0
test,5,CC(O)C#CCC=O,6.002831459e0,0.000000000e0,0.000000000e0,1.271353364e0,6.002831459e0,-7.048910260e-1
test,6,C1=CC2OC23C=CC1C3,5.907591820e0,0.000000000e0,0.000000000e0,1.271353364e0,5.907591820e0,-7.798030376e-1
test,7,O=C1C=CC2C3CC1C23,4.895328522e0,0.000000000e0,0.000000000e0,1.271353364e0,4.895328522e0,-1.576012015e0
test,8,c1cnc2cn[nH]c2c1,5.279008865e0,0.000000000e0,0.000000000e0,1.271353364e0,5.279008865e0,-1.274223208e0
test,9,C#CCOC,7.861369133e0,0.000000000e0,0.000000000e0,1.271353364e0,7.861369133e0,7.569662333e-1
test,10,OCc1cnc2n1CC2,6.625972271e0,0.000000000e0,0.000000000e0,1.271353364e0,6.625972271e0,-2.147514373e-1
test,11,[NH-]c1[nH]c(N)cc(=O)[nH+]1,5.630035877e0,0.000000000e0,0.000000000e0,1.271353364e0,5.630035877e0,-9.981183410e-1
test,12,OC1CC2CC12C1CC1,8.601518631e0,0.000000000e0,0.000000000e0,1.271353364e0,8.601518631e0,1.339140534e0
test,13,[NH-]C1CC2C(O1)C1C[NH+]21,7.328026772e0,0.000000000e0,0.000000000e0,1.271353364e0,7.328026772e0,3.374587595e-1
test,14,Oc1ccoc1N1CC1,5.839563370e0,0.000000000e0,0.000000000e0,1.271353364e0,5.839563370e0,-8.333116770e-1
test,15,C1C2OC3C2C2OC1C32,8.296751022e0,0.000000000e0,0.000000000e0,1.271353364e0,8.296751022e0,1.099421620e0
test,16,NC(=O)NC=O,6.585155487e0,0.000000000e0,0.000000000e0,1.271353364e0,6.585155487e0,-2.468564063e-1
test,17,C1C[NH2+]C2OC3C(N1)C23,5.945687771e0,0.000000000e0,0.000000000e0,1.271353364e0,5.945687771e0,-7.498381734e-1
test,18,[NH-]C1NC(=O)CNC1=O,5.845005512e0,0.000000000e0,0.000000000e0,1.271353364e0,5.845005512e0,-8.290311098e-1
test,19,Cc1nnn2c1NCC2,6.119840622e0,0.000000000e0,0.000000000e0,1.271353364e0,6.119840622e0,-6.128559709e-1
test,20,COC(C)COC=O,7.676331520e0,0.000000000e0,0.000000000e0,1.271353364e0,7.676331520e0,6.114224792e-1
test,21,[NH-]C1ONC=C[CH+]1C=O,3.861295700e0,0.000000000e0,0.000000000e0,1.271353364e0,3.861295700e0,-2.389344215e0
test,22,CC12C3[NH2+][CH+][NH+]1[CH+][NH2+]C32,5.523910999e0,0.000000000e0,0.000000000e0,1.271353364e0,5.523910999e0,-1.081592202e0
test,23,CC1CN2C(=O)C=CC12,5.602824211e0,0.000000000e0,0.000000000e0,1.271353364e0,5.602824211e0,-1.019521952e0
test,24,C#CCOC(=O)C(C)=O,4.933423996e0,0.000000000e0,0.000000000e0,1.271353364e0,4.933423996e0,-1.546047568e0
test,25,Cn1ccc(=O)nc1F,5.741602421e0,0.000000000e0,0.000000000e0,1.271353364e0,5.741602421e0,-9.103641510e-1
test,26,CC1NC1C(=O)C1CO1,5.635478020e0,0.000000000e0,0.000000000e0,1.271353364e0,5.635478020e0,-9.938377142e-1
test,27,C1CC23CC2COCC13,8.960708618e0,0.000000000e0,0.000000000e0,1.271353364e0,8.960708618e0,1.621666193e0
test,28,[NH-][CH+]OCCCC=O,6.258618832e0,0.000000000e0,0.000000000e0,1.271353364e0,6.258618832e0,-5.036981106e-1
test,29,CC(O)C(C)(O)C(C)O,8.174300194e0,0.000000000e0,0.000000000e0,1.271353364e0,8.174300194e0,1.003106236e0
test,30,COCCN(C)C(N)=O,7.923955917e0,0.000000000e0,0.000000000e0,1.271353364e0,7.923955917e0,8.061946630e-1
test,31,O=C1C=CNCCCC1,4.903491497e0,0.000000000e0,0.000000000e0,1.271353364e0,4.903491497e0,-1.569591403e0
test,32,C1=CCC2(C=CC1)CO2,6.873596191e0,0.000000000e0,0.000000000e0,1.271353364e0,6.873596191e0,-1.997958124e-2
test,33,CO[CH+][NH2+]C(C)(C)CO,7.328026772e0,0.000000000e0,0.000000000e0,1.271353364e0,7.328026772e0,3.374587595e-1
test,34,C1=CC2OC1C1OC21,6.615087986e0,0.000000000e0,0.000000000e0,1.271353364e0,6.615087986e0,-2.233126163e-1
test,35,NC1[NH2+]CC2[NH2+][CH+]OC12,6.764750481e0,0.000000000e0,0.000000000e0,1.271353364e0,6.764750481e0,-1.055936068e-1
test,36,N#CC#CC(C#N)CO,6.405560493e0,0.000000000e0,0.000000000e0,1.271353364e0,6.405560493e0,-3.881192207e-1
test,37,C1=CC2CC3CC1C2O3,6.840942383e0,0.000000000e0,0.000000000e0,1.271353364e0,6.840942383e0,-4.566386342e-2
test,38,CC12CCC(C1)NC2=O,7.230065346e0,0.000000000e0,0.000000000e0,1.271353364e0,7.230065346e0,2.604059279e-1
test,39,OC1C2[CH-]C3C4C1C2C34,4.862674713e0,0.000000000e0,0.000000000e0,1.271353364e0,4.862674713e0,-1.601696372e0
test,40,C1C2C3C4CC3[NH+]4C12,8.751181602e0,0.000000000e0,0.000000000e0,1.271353364e0,8.751181602e0,1.456859946e0
test,41,C#CCCNC(=O)C=O,4.759271145e0,0.000000000e0,0.000000000e0,1.271353364e0,4.759271145e0,-1.683029771e0
test,42,C#CC(C)(C)O[CH+][NH-],7.684495449e0,0.000000000e0,0.000000000e0,1.271353364e0,7.684495449e0,6.178439260e-1
test,43,CC1([NH+]2CC2)CCC1=O,5.858611107e0,0.000000000e0,0.000000000e0,1.271353364e0,5.858611107e0,-8.183294535e-1
test,44,OCCCCC(F)(F)F,9.349832535e0,0.000000000e0,0.000000000e0,1.271353364e0,9.349832535e0,1.927736759e0
test,45,c1cc2n(c1)C1CC2C1,6.383790970e0,0.000000000e0,0.000000000e0,1.271353364e0,6.383790970e0,-4.052423239e-1
test,46,CCCC#CC(=O)CC,5.703506470e0,0.000000000e0,0.000000000e0,1.271353364e0,5.703506470e0,-9.403290749e-1
test,47,CC1(C2COCO2)CO1,9.257313728e0,0.000000000e0,0.000000000e0,1.271353364e0,9.257313728e0,1.854964852e0
test,48,[NH-]C1OC2C3CC1C2O3,7.518506050e0,0.000000000e0,0.000000000e0,1.271353364e0,7.518506050e0,4.872827530e-1
test,49,[H]N=C(NC=O)OC,6.783798695e0,0.000000000e0,0.000000000e0,1.271353364e0,6.783798695e0,-9.061098099e-2
test,50,O=C1C2C[NH+]2C1C1CN1,5.774256229e0,0.000000000e0,0.000000000e0,1.271353364e0,5.774256229e0,-8.846799135e-1
test,51,CO[CH+][NH2+]CC#CC#N,5.967456818e0,0.000000000e0,0.000000000e0,1.271353364e0,5.967456818e0,-7.327154279e-1
test,52,O=C1C=C2CCCC2O1,6.125282764e0,0.000000000e0,0.000000000e0,1.271353364e0,6.125282764e0,-6.085753441e-1
test,53,N#CCCOCC(N)=O,7.513063908e0,0.000000000e0,0.000000000e0,1.271353364e0,7.513063908e0,4.830021560e-1
test,54,N#CCCCOC(N)=O,8.416481972e0,0.000000000e0,0.000000000e0,1.271353364e0,8.416481972e0,1.193597555e0
test,55,CC1C2CC3(CN3)C1O2,8.479067802e0,0.000000000e0,0.000000000e0,1.271353364e0,8.479067802e0,1.242825270e0
test,56,O=C1OC2CC1CCO2,7.398775578e0,0.000000000e0,0.000000000e0,1.271353364e0,7.398775578e0,3.931071758e-1
test,57,C1CC(CC2CCC2)C1,9.725349426e0,0.000000000e0,0.000000000e0,1.271353364e0,9.725349426e0,2.223104477e0
test,58,c1onc2c1NCCN2,5.880380630e0,0.000000000e0,0.000000000e0,1.271353364e0,5.880380630e0,-8.012063503e-1
test,59,C1=Cc2ocnc2CC1,4.791924953e0,0.000000000e0,0.000000000e0,1.271353364e0,4.791924953e0,-1.657345533e0
test,60,CC#CC(O)(CC)CC,7.934839725e0,0.000000000e0,0.000000000e0,1.271353364e0,7.934839725e0,8.147554994e-1
test,61,C1CC2(C1)CC1(CO1)C2,9.069554329e0,0.000000000e0,0.000000000e0,1.271353364e0,9.069554329e0,1.707280159e0
test,62,CC(C=O)C(C#N)CO,6.054533005e0,0.000000000e0,0.000000000e0,1.271353364e0,6.054533005e0,-6.642245054e-1
test,63,[NH-]C1=CNC=NC(O)=C1,3.853132248e0,0.000000000e0,0.000000000e0,1.271353364e0,3.853132248e0,-2.395765305e0
test,64,O=C1CNCC2CCC12,5.202816963e0,0.000000000e0,0.000000000e0,1.271353364e0,5.202816963e0,-1.334152937e0
test,65,C#CC#CCC(=O)C#N,4.514369011e0,0.000000000e0,0.000000000e0,1.271353364e0,4.514369011e0,-1.875660777e0
test,66,c1cc2c([nH]1)CCCO2,6.182426929e0,0.000000000e0,0.000000000e0,1.271353364e0,6.182426929e0,-5.636278391e-1
test,67,CC1C(=O)CC2COC21,6.005552769e0,0.000000000e0,0.000000000e0,1.271353364e0,6.005552769e0,-7.027505636e-1
test,68,O=C1CC2CCCCC12,6.049090862e0,0.000000000e0,0.000000000e0,1.271353364e0,6.049090862e0,-6.685050726e-1
test,69,O=C1COC12CC1NC12,5.480372906e0,0.000000000e0,0.000000000e0,1.271353364e0,5.480372906e0,-1.115837693e0
test,70,c1n[nH]c(C[NH+]2CC2)n1,7.279046059e0,0.000000000e0,0.000000000e0,1.271353364e0,7.279046059e0,2.989323437e-1
test,71,CCCC(=O)CCC=O,6.201474667e0,0.000000000e0,0.000000000e0,1.271353364e0,6.201474667e0,-5.486456156e-1
test,72,CC(=O)C(O)C#CCO,6.000110626e0,0.000000000e0,0.000000000e0,1.271353364e0,6.000110626e0,-7.070311308e-1
test,73,CC(CO)C(C)(C)O,8.928055763e0,0.000000000e0,0.000000000e0,1.271353364e0,8.928055763e0,1.595982671e0
test,74,OC12C=CC(C1)C1OC12,6.859990120e0,0.000000000e0,0.000000000e0,1.271353364e0,6.859990120e0,-3.068161570e-2
test,75,C1CC2OC23COC3[NH2+]1,6.813731194e0,0.000000000e0,0.000000000e0,1.271353364e0,6.813731194e0,-6.706718355e-2
test,76,O=C1CCC2CC2C1,6.095350742e0,0.000000000e0,0.000000000e0,1.271353364e0,6.095350742e0,-6.321187615e-1
test,77,O=CCc1ncncn1,5.401460171e0,0.000000000e0,0.000000000e0,1.271353364e0,5.401460171e0,-1.177907586e0
test,78,O=C1CC2CC(N1)C2O,7.202853680e0,0.000000000e0,0.000000000e0,1.271353364e0,7.202853680e0,2.390022278e-1
test,79,O=C1CC2CNC(=O)C12,5.815073013e0,0.000000000e0,0.000000000e0,1.271353364e0,5.815073013e0,-8.525749445e-1
test,80,CC1COCC12CCO2,8.353896141e0,0.000000000e0,0.000000000e0,1.271353364e0,8.353896141e0,1.144369841e0
test,81,C#CCC#CC,7.894023418e0,0.000000000e0,0.000000000e0,1.271353364e0,7.894023418e0,7.826508880e-1
test,82,CC1OCC2CC(=O)C21,5.793303967e0,0.000000000e0,0.000000000e0,1.271353364e0,5.793303967e0,-8.696976304e-1
test,83,C1=C2[CH+][NH2+][CH+]C2=CON1,4.073544502e0,0.000000000e0,0.000000000e0,1.271353364e0,4.073544502e0,-2.222397089e0
test,84,N#CCNC=O,7.542996407e0,0.000000000e0,0.000000000e0,1.271353364e0,7.542996407e0,5.065459609e-1
test,85,C1CC23COC24CC3C14,8.043685913e0,0.000000000e0,0.000000000e0,1.271353364e0,8.043685913e0,9.003698826e-1
test,86,C1=CC2OC2(C2CC2)C1,6.623250961e0,0.000000000e0,0.000000000e0,1.271353364e0,6.623250961e0,-2.168919146e-1
test,87,C1NC12C1NC2C12CN2,8.223280907e0,0.000000000e0,0.000000000e0,1.271353364e0,8.223280907e0,1.041632652e0
test,88,C1CCC2(CC1)CCC2,9.510379791e0,0.000000000e0,0.000000000e0,1.271353364e0,9.510379791e0,2.054017305e0
test,89,c1nnn2c1CNCC2,6.816452026e0,0.000000000e0,0.000000000e0,1.271353364e0,6.816452026e0,-6.492707878e-2
test,90,C1C2OC1C1C3CC1C23,8.315798759e0,0.000000000e0,0.000000000e0,1.271353364e0,8.315798759e0,1.114403844e0
test,91,OC1CC2C3C1[NH2+][CH+][NH+]23,6.288550854e0,0.000000000e0,0.000000000e0,1.271353364e0,6.288550854e0,-4.801546931e-1
test,92,OC1C2[CH-]C3COC3C12,5.975620270e0,0.000000000e0,0.000000000e0,1.271353364e0,5.975620270e0,-7.262943387e-1
test,93,C[NH+]1C=C(C(=O)[O-])CC1,4.179668903e0,0.000000000e0,0.000000000e0,1.271353364e0,4.179668903e0,-2.138923645e0
test,94,C#CCC(=O)C(=O)NC,4.835463047e0,0.000000000e0,0.000000000e0,1.271353364e0,4.835463047e0,-1.623100042e0
test,95,CC1=CC2(CN2)C2NC12,6.108956337e0,0.000000000e0,0.000000000e0,1.271353364e0,6.108956337e0,-6.214171052e-1
test,96,CC#CC(C)C#CC=O,5.450440407e0,0.000000000e0,0.000000000e0,1.271353364e0,5.450440407e0,-1.139381528e0
test,97,CC1(C#CC2CC2)CC1,7.567486763e0,0.000000000e0,0.000000000e0,1.271353364e0,7.567486763e0,5.258091688e-1
test,98,Nc1concc1=O,4.381032944e0,0.000000000e0,0.000000000e0,1.271353364e0,4.381032944e0,-1.980538011e0
test,99,C#CC(C)CC(C)=O,6.261340141e0,0.000000000e0,0.000000000e0,1.271353364e0,6.261340141e0,-5.015576482e-1
test,100,[NH-]C1OC2C=CCC2O1,6.590597630e0,0.000000000e0,0.000000000e0,1.271353364e0,6.590597630e0,-2.425758243e-1
test,101,CC12CC(C1)C1(C)C[NH+]21,8.751181602e0,0.000000000e0,0.000000000e0,1.271353364e0,8.751181602e0,1.456859946e0
test,102,c1cncnccoc1,4.884443760e0,0.000000000e0,0.000000000e0,1.271353364e0,4.884443760e0,-1.584573627e0
test,103,O=CNC1=NCCNC1,5.477651596e0,0.000000000e0,0.000000000e0,1.271353364e0,5.477651596e0,-1.117978215e0
test,104,OC1C(O)C23CC(C2)C13,7.638236046e0,0.000000000e0,0.000000000e0,1.271353364e0,7.638236046e0,5.814579725e-1
test,105,C1OCC(C2CC2)CO1,9.262756348e0,0.000000000e0,0.000000000e0,1.271353364e0,9.262756348e0,1.859245777e0
test,106,C[CH+]1C([NH-])N=NOC1N,3.719796658e0,0.000000000e0,0.000000000e0,1.271353364e0,3.719796658e0,-2.500642061e0
test,107,CNC1=CC=NC(N)O1,4.873559475e0,0.000000000e0,0.000000000e0,1.271353364e0,4.873559475e0,-1.593134761e0
test,108,CC12CCOCCC1C2,8.715806961e0,0.000000000e0,0.000000000e0,1.271353364e0,8.715806961e0,1.429035544e0
test,109,CCC#CC(=O)CC,5.700785160e0,0.000000000e0,0.000000000e0,1.271353364e0,5.700785160e0,-9.424695373e-1
test,110,O=C1CCC(=O)C2NC12,5.812351704e0,0.000000000e0,0.000000000e0,1.271353364e0,5.812351704e0,-8.547154069e-1
test,111,c1cnc2cc[nH]c2c1,5.268124104e0,0.000000000e0,0.000000000e0,1.271353364e0,5.268124104e0,-1.282784820e0
test,112,O=C1C=CC2NC(=O)C12,5.009616375e0,0.000000000e0,0.000000000e0,1.271353364e0,5.009616375e0,-1.486117482e0
test,113,O=C1CCC12C[NH2+][CH+]O2,5.499421120e0,0.000000000e0,0.000000000e0,1.271353364e0,5.499421120e0,-1.100855112e0
test,114,c1occ2c1C1CC2O1,6.694001198e0,0.000000000e0,0.000000000e0,1.271353364e0,6.694001198e0,-1.612423807e-1
test,115,[CH+]1[NH2+]C(CC2CO2)CO1,7.328026772e0,0.000000000e0,0.000000000e0,1.271353364e0,7.328026772e0,3.374587595e-1
test,116,Cc1cc(=O)n(C)nn1,4.938866615e0,0.000000000e0,0.000000000e0,1.271353364e0,4.938866615e0,-1.541766644e0
test,117,COCC(C)(O)C(C)=O,6.193311214e0,0.000000000e0,0.000000000e0,1.271353364e0,6.193311214e0,-5.550667048e-1
test,118,NC(=O)C(C=O)CCO,5.864053726e0,0.000000000e0,0.000000000e0,1.271353364e0,5.864053726e0,-8.140484691e-1
test,119,C1C([NH+]2CC2)C1[NH+]1CC1,8.465462685e0,0.000000000e0,0.000000000e0,1.271353364e0,8.465462685e0,1.232123971e0
test,120,COC(C)CC(O)C=O,6.049090862e0,0.000000000e0,0.000000000e0,1.271353364e0,6.049090862e0,-6.685050726e-1
test,121,O=C1C2OC3C2C2C3N12,5.820515633e0,0.000000000e0,0.000000000e0,1.271353364e0,5.820515633e0,-8.482939601e-1
test,122,CC12CC(O)C=CC1O2,6.389233112e0,0.000000000e0,0.000000000e0,1.271353364e0,6.389233112e0,-4.009617269e-1
test,123,C#CC(C)(C)OCCC,8.076338768e0,0.000000000e0,0.000000000e0,1.271353364e0,8.076338768e0,9.260534048e-1
test,124,CC1C[NH+]1C1COC1=O,6.419166088e0,0.000000000e0,0.000000000e0,1.271353364e0,6.419166088e0,-3.774175644e-1
test,125,CC12CC3CC3CC1O2,8.805603981e0,0.000000000e0,0.000000000e0,1.271353364e0,8.805603981e0,1.499666572e0
test,126,CCCCC(O)CO,8.628729820e0,0.000000000e0,0.000000000e0,1.271353364e0,8.628729820e0,1.360543847e0
test,127,CC1(C2COC2)CCC1,8.585191727e0,0.000000000e0,0.000000000e0,1.271353364e0,8.585191727e0,1.326298356e0
test,128,O=C1CC2C1C21CCC1,6.234128475e0,0.000000000e0,0.000000000e0,1.271353364e0,6.234128475e0,-5.229613185e-1
test,129,C#CCC(C)(CO)CO,8.089944839e0,0.000000000e0,0.000000000e0,1.271353364e0,8.089944839e0,9.367554784e-1
test,130,C#CC(C#N)NC,6.982441425e0,0.000000000e0,0.000000000e0,1.271353364e0,6.982441425e0,6.563407183e-2
test,131,N#CC(O)CO[CH+][NH-],7.295372486e0,0.000000000e0,0.000000000e0,1.271353364e0,7.295372486e0,3.117741048e-1
test,132,C1C2C3OC2C2OC3C12,7.227344036e0,0.000000000e0,0.000000000e0,1.271353364e0,7.227344036e0,2.582654357e-1
test,133,CC(C)[NH2+]C(C)OC=O,6.538896084e0,0.000000000e0,0.000000000e0,1.271353364e0,6.538896084e0,-2.832423449e-1
test,134,O=C1COCCC2CN12,6.446377277e0,0.000000000e0,0.000000000e0,1.271353364e0,6.446377277e0,-3.560142517e-1
test,135,COCC(O)C(=O)CO,6.264060974e0,0.000000000e0,0.000000000e0,1.271353364e0,6.264060974e0,-4.994175136e-1
test,136,C1OC2OC3C1C1C2C31,8.786556244e0,0.000000000e0,0.000000000e0,1.271353364e0,8.786556244e0,1.484684348e0
test,137,CC12OC3C(O)C1OC32,7.774292946e0,0.000000000e0,0.000000000e0,1.271353364e0,7.774292946e0,6.884753108e-1
test,138,N#CC1C2C3CC3C[NH+]12,6.723933220e0,0.000000000e0,0.000000000e0,1.271353364e0,6.723933220e0,-1.376989633e-1
test,139,CCOCCC(=O)C=O,4.283071995e0,0.000000000e0,0.000000000e0,1.271353364e0,4.283071995e0,-2.057590485e0
test,140,N#CC#CC(=O)CO,5.058596611e0,0.000000000e0,0.000000000e0,1.271353364e0,5.058596611e0,-1.447591424e0
test,141,CC12CCNC(=O)C1C2,7.186526775e0,0.000000000e0,0.000000000e0,1.271353364e0,7.186526775e0,2.261600941e-1
test,142,C1=CC2CCOCC2C1,6.968835831e0,0.000000000e0,0.000000000e0,1.271353364e0,6.968835831e0,5.493241176e-2
test,143,CC1C2[NH+]1CC21CCC1,8.206954002e0,0.000000000e0,0.000000000e0,1.271353364e0,8.206954002e0,1.028790593e0
test,144,C1=NC2CCC=C2CO1,6.751144886e0,0.000000000e0,0.000000000e0,1.271353364e0,6.751144886e0,-1.162952706e-1
test,145,OC12C3NC1C1C([NH2+]3)C12,4.367427349e0,0.000000000e0,0.000000000e0,1.271353364e0,4.367427349e0,-1.991239667e0
test,146,CC(=O)CC(C)(O)C#N,6.307599545e0,0.000000000e0,0.000000000e0,1.271353364e0,6.307599545e0,-4.651716948e-1
test,147,OC1C=CC2CC(C1)O2,6.397397041e0,0.000000000e0,0.000000000e0,1.271353364e0,6.397397041e0,-3.945402801e-1
test,148,c1c[nH]c(C2CC2)n1,6.620530128e0,0.000000000e0,0.000000000e0,1.271353364e0,6.620530128e0,-2.190320194e-1
test,149,[NH-]c1[nH]c(=O)[nH+]cc1O,5.164721012e0,0.000000000e0,0.000000000e0,1.271353364e0,5.164721012e0,-1.364117861e0
test,150,[NH-][CH+]OC(=O)CC(N)=O,5.866774559e0,0.000000000e0,0.000000000e0,1.271353364e0,5.866774559e0,-8.119083643e-1
test,151,OC12COC3OCC1C32,8.615124702e0,0.000000000e0,0.000000000e0,1.271353364e0,8.615124702e0,1.349842548e0
test,152,C1CC2OC3C(CC23)O1,8.136203766e0,0.000000000e0,0.000000000e0,1.271353364e0,8.136203766e0,9.731410146e-1
test,153,CCOC(C)(C)C(C)O,8.661384583e0,0.000000000e0,0.000000000e0,1.271353364e0,8.661384583e0,1.386228919e0
test,154,COCC(C)(C=O)OC,5.815073013e0,0.000000000e0,0.000000000e0,1.271353364e0,5.815073013e0,-8.525749445e-1
test,155,CCC1C2OC2C12CO2,8.819210052e0,0.000000000e0,0.000000000e0,1.271353364e0,8.819210052e0,1.510368586e0
test,156,C[NH2+][CH+]OCCO,7.469525814e0,0.000000000e0,0.000000000e0,1.271353364e0,7.469525814e0,4.487566948e-1
test,157,C#CCC(C)(O)C(C)=O,6.187869072e0,0.000000000e0,0.000000000e0,1.271353364e0,6.187869072e0,-5.593472719e-1
test,158,CCC1Cn2ncnc21,7.423265934e0,0.000000000e0,0.000000000e0,1.271353364e0,7.423265934e0,4.123703837e-1
test,159,O=C1CC=CC=CC1O,5.491257668e0,0.000000000e0,0.000000000e0,1.271353364e0,5.491257668e0,-1.107276082e0
test,160,OC1C2CC3CC2OC31,8.296751022e0,0.000000000e0,0.000000000e0,1.271353364e0,8.296751022e0,1.099421620e0
test,161,C1#CCC=CC=CC=C1,3.904833794e0,0.000000000e0,0.000000000e0,1.271353364e0,3.904833794e0,-2.355098724e0
test,162,OCC1CCCCCO1,8.960708618e0,0.000000000e0,0.000000000e0,1.271353364e0,8.960708618e0,1.621666193e0
test,163,NC1[NH2+]C2CC(O1)C2=O,5.178326607e0,0.000000000e0,0.000000000e0,1.271353364e0,5.178326607e0,-1.353416204e0
test,164,O=C1NCC2(CC2O)N1,7.970214844e0,0.000000000e0,0.000000000e0,1.271353364e0,7.970214844e0,8.425802588e-1
test,165,N#CC1OC12C=CCC2,6.650462627e0,0.000000000e0,0.000000000e0,1.271353364e0,6.650462627e0,-1.954882294e-1
test,166,C1=CC2C=CC(C1)O2,6.323925972e0,0.000000000e0,0.000000000e0,1.271353364e0,6.323925972e0,-4.523299336e-1
test,167,COCC(N)=O,7.450477123e0,0.000000000e0,0.000000000e0,1.271353364e0,7.450477123e0,4.337736964e-1
test,168,C#CCCC(=O)C(C)=O,4.261302948e0,0.000000000e0,0.000000000e0,1.271353364e0,4.261302948e0,-2.074713230e0
test,169,Cn1ncc2[nH]ccc21,5.766092300e0,0.000000000e0,0.000000000e0,1.271353364e0,5.766092300e0,-8.911013603e-1
test,170,C[NH+]1CC23COCC12C3,7.687216282e0,0.000000000e0,0.000000000e0,1.271353364e0,7.687216282e0,6.199840307e-1
test,171,CC1CC(=O)C2C1[NH+]2C,5.608266830e0,0.000000000e0,0.000000000e0,1.271353364e0,5.608266830e0,-1.015241027e0
test,172,C1CC23COC2(CO1)C3,7.967494011e0,0.000000000e0,0.000000000e0,1.271353364e0,7.967494011e0,8.404401541e-1
test,173,O=C1C=CC2NC2C=C1,4.835463047e0,0.000000000e0,0.000000000e0,1.271353364e0,4.835463047e0,-1.623100042e0
test,174,C1CC2CC3CC(O1)C23,8.372943878e0,0.000000000e0,0.000000000e0,1.271353364e0,8.372943878e0,1.159352064e0
test,175,CC1C2C3C([NH+]13)C21CC1,8.683153152e0,0.000000000e0,0.000000000e0,1.271353364e0,8.683153152e0,1.403351307e0
test,176,O=C1NC=CCOCO1,6.157936573e0,0.000000000e0,0.000000000e0,1.271353364e0,6.157936573e0,-5.828910470e-1
test,177,O=C1C=CC=CC=CN1,4.538859367e0,0.000000000e0,0.000000000e0,1.271353364e0,4.538859367e0,-1.856397510e0
test,178,NC1[NH2+]C2CC1OC2=O,6.299435616e0,0.000000000e0,0.000000000e0,1.271353364e0,6.299435616e0,-4.715931416e-1
test,179,CC1C2CC3OC(C2)C31,8.509000778e0,0.000000000e0,0.000000000e0,1.271353364e0,8.509000778e0,1.266369462e0
test,180,CC1=CC2(CN2)COC1,6.438213825e0,0.000000000e0,0.000000000e0,1.271353364e0,6.438213825e0,-3.624353111e-1
test,181,CC1CC2(O)C3NC3C12,7.864090443e0,0.000000000e0,0.000000000e0,1.271353364e0,7.864090443e0,7.591066957e-1
test,182,Nc1occc1N1CC1,5.869495869e0,0.000000000e0,0.000000000e0,1.271353364e0,5.869495869e0,-8.097679019e-1
test,183,[NH-]C1=NC(F)OC(=O)O1,6.593318939e0,0.000000000e0,0.000000000e0,1.271353364e0,6.593318939e0,-2.404353470e-1
test,184,O=C1CC2(C3CO3)OC12,5.847726822e0,0.000000000e0,0.000000000e0,1.271353364e0,5.847726822e0,-8.268906474e-1
test,185,C#CC(C)(C=O)OCC,5.583776474e0,0.000000000e0,0.000000000e0,1.271353364e0,5.583776474e0,-1.034504294e0
test,186,C#CCCOCCC#C,8.443693161e0,0.000000000e0,0.000000000e0,1.271353364e0,8.443693161e0,1.215000868e0
test,187,OC12CC(C1)C1CC2O1,8.596076965e0,0.000000000e0,0.000000000e0,1.271353364e0,8.596076965e0,1.334860325e0
test,188,CC(=O)NCC(N)C#N,6.794682980e0,0.000000000e0,0.000000000e0,1.271353364e0,6.794682980e0,-8.204980940e-2
test,189,CC1C=CCNC(=O)O1,6.862711906e0,0.000000000e0,0.000000000e0,1.271353364e0,6.862711906e0,-2.854075842e-2
test,190,CC12C(O)[CH-]C3C[NH+]1C32,4.742944717e0,0.000000000e0,0.000000000e0,1.271353364e0,4.742944717e0,-1.695871592e0
test,191,CNC(=O)C#CCCO,6.427329540e0,0.000000000e0,0.000000000e0,1.271353364e0,6.427329540e0,-3.709964752e-1
test,192,[NH-]C1OC23CC(C2)OC13,7.172921181e0,0.000000000e0,0.000000000e0,1.271353364e0,7.172921181e0,2.154584229e-1
test,193,Cc1cnoc1C1CC1,6.166100025e0,0.000000000e0,0.000000000e0,1.271353364e0,6.166100025e0,-5.764700174e-1
test,194,C1=CC2OC2COCC1,6.386512280e0,0.000000000e0,0.000000000e0,1.271353364e0,6.386512280e0,-4.031018317e-1
test,195,O=C1OC2C(O)CCC12,7.597418785e0,0.000000000e0,0.000000000e0,1.271353364e0,7.597418785e0,5.493525863e-1
test,196,CC12OC1CCC2=O,5.787861824e0,0.000000000e0,0.000000000e0,1.271353364e0,5.787861824e0,-8.739782572e-1
test,197,COC(=O)N(C)CCO,8.030079842e0,0.000000000e0,0.000000000e0,1.271353364e0,8.030079842e0,8.896678686e-1
test,198,C1CC2COC(C1)C2,8.593356133e0,0.000000000e0,0.000000000e0,1.271353364e0,8.593356133e0,1.332720280e0
test,199,CC(=O)NC(C)CO,7.545717239e0,0.000000000e0,0.000000000e0,1.271353364e0,7.545717239e0,5.086860657e-1
test,200,OCC12CC1CC1NC12,8.449134827e0,0.000000000e0,0.000000000e0,1.271353364e0,8.449134827e0,1.219281077e0
test,201,O=c1[nH]c2cn[nH]c2[nH]1,5.923918724e0,0.000000000e0,0.000000000e0,1.271353364e0,5.923918724e0,-7.669609189e-1
test,202,C#CCCC(F)(F)F,8.674989700e0,0.000000000e0,0.000000000e0,1.271353364e0,8.674989700e0,1.396930218e0
test,203,O=C1CC2(COC2)O1,7.289929867e0,0.000000000e0,0.000000000e0,1.271353364e0,7.289929867e0,3.074931502e-1
test,204,O=C1C=CCC2CC2C1,5.113019466e0,0.000000000e0,0.000000000e0,1.271353364e0,5.113019466e0,-1.404784322e0
test,205,O=C1CCC2CC1O2,5.706227779e0,0.000000000e0,0.000000000e0,1.271353364e0,5.706227779e0,-9.381885529e-1
test,206,COC([NH-])COCCO,7.915791988e0,0.000000000e0,0.000000000e0,1.271353364e0,7.915791988e0,7.997732162e-1
test,207,C1CC1c1nnon1,5.962014675e0,0.000000000e0,0.000000000e0,1.271353364e0,5.962014675e0,-7.369959950e-1
test,208,OC1CC2C3C4C1C4[NH+]23,7.665446758e0,0.000000000e0,0.000000000e0,1.271353364e0,7.665446758e0,6.028609276e-1
test,209,CCC(=O)CCOC=O,6.375627518e0,0.000000000e0,0.000000000e0,1.271353364e0,6.375627518e0,-4.116633832e-1
test,210,CC1C2NCC(=O)OC12,6.645020485e0,0.000000000e0,0.000000000e0,1.271353364e0,6.645020485e0,-1.997688115e-1
test,211,Cn1nnc(C2CC2)n1,6.476309776e0,0.000000000e0,0.000000000e0,1.271353364e0,6.476309776e0,-3.324704468e-1
test,212,C#CC(CC#N)CC#N,7.896743774e0,0.000000000e0,0.000000000e0,1.271353364e0,7.896743774e0,7.847906351e-1
test,213,COC1CCC[NH+]2CC12,8.081781387e0,0.000000000e0,0.000000000e0,1.271353364e0,8.081781387e0,9.303343892e-1
test,214,CC(=O)C(C)(CO)CO,6.296714783e0,0.000000000e0,0.000000000e0,1.271353364e0,6.296714783e0,-4.737332463e-1
test,215,O=C1C=CC23COC12C3,4.906212807e0,0.000000000e0,0.000000000e0,1.271353364e0,4.906212807e0,-1.567450881e0
test,216,CC#CCOC,7.719869614e0,0.000000000e0,0.000000000e0,1.271353364e0,7.719869614e0,6.456679106e-1
test,217,OC1C2CC3NC3C1O2,8.108993530e0,0.000000000e0,0.000000000e0,1.271353364e0,8.108993530e0,9.517384768e-1
test,218,C#CC1C=CCNC1=O,6.674952984e0,0.000000000e0,0.000000000e0,1.271353364e0,6.674952984e0,-1.762250066e-1
test,219,Cc1n[nH]c2ncoc12,5.845005512e0,0.000000000e0,0.000000000e0,1.271353364e0,5.845005512e0,-8.290311098e-1
test,220,O=C(NC1CC1)C1CO1,7.020537376e0,0.000000000e0,0.000000000e0,1.271353364e0,7.020537376e0,9.559894353e-2
test,221,C1NC1C12COCC1O2,8.476346970e0,0.000000000e0,0.000000000e0,1.271353364e0,8.476346970e0,1.240685105e0
test,222,O=C1[CH+][NH+]2CCC2[CH-]1,3.942929745e0,0.000000000e0,0.000000000e0,1.271353364e0,3.942929745e0,-2.325133801e0
test,223,C#CC(C)(C)C(C)=O,6.212359428e0,0.000000000e0,0.000000000e0,1.271353364e0,6.212359428e0,-5.400840640e-1
test,224,O=C1C2CC3C[NH+]2C13,6.065417767e0,0.000000000e0,0.000000000e0,1.271353364e0,6.065417767e0,-6.556629539e-1
test,225,C1C2C3CC4(CO4)C1[NH+]23,8.451856613e0,0.000000000e0,0.000000000e0,1.271353364e0,8.451856613e0,1.221421957e0
test,226,CC12OC1C1(O)COC12,8.027358055e0,0.000000000e0,0.000000000e0,1.271353364e0,8.027358055e0,8.875269890e-1
test,227,[NH-]C1=C(N)C=C(N)NO1,4.585118771e0,0.000000000e0,0.000000000e0,1.271353364e0,4.585118771e0,-1.820011616e0
test,228,CCC(CO)C(=O)NC,7.523947716e0,0.000000000e0,0.000000000e0,1.271353364e0,7.523947716e0,4.915629625e-1
test,229,c1ccc2[nH]nnc2c1,5.404181004e0,0.000000000e0,0.000000000e0,1.271353364e0,5.404181004e0,-1.175767422e0
test,230,CC1NC12C(=O)CC2O,5.738881111e0,0.000000000e0,0.000000000e0,1.271353364e0,5.738881111e0,-9.125046730e-1
test,231,N#CC1[NH2+]C2CC3C1[NH+]23,5.281730175e0,0.000000000e0,0.000000000e0,1.271353364e0,5.281730175e0,-1.272082686e0
test,232,C[NH+]1CC12COC2[NH-],7.083124161e0,0.000000000e0,0.000000000e0,1.271353364e0,7.083124161e0,1.448273957e-1
test,233,[NH-]C1NC2CN=COC12,6.767471313e0,0.000000000e0,0.000000000e0,1.271353364e0,6.767471313e0,-1.034535021e-1
test,234,CC(=O)NCC(=O)CO,5.651804924e0,0.000000000e0,0.000000000e0,1.271353364e0,5.651804924e0,-9.809955955e-1
test,235,CC12COCC(=O)C1C2,5.787861824e0,0.000000000e0,0.000000000e0,1.271353364e0,5.787861824e0,-8.739782572e-1
test,236,O=C1CC(O)C2OCC12,5.869495869e0,0.000000000e0,0.000000000e0,1.271353364e0,5.869495869e0,-8.097679019e-1
test,237,C1OC2CC3CC2C3O1,9.110372543e0,0.000000000e0,0.000000000e0,1.271353364e0,9.110372543e0,1.739386320e0
test,238,C#CC(C#C)C(N)C#N,7.322584152e0,0.000000000e0,0.000000000e0,1.271353364e0,7.322584152e0,3.331778049e-1
test,239,CC#CC(O)C=O,5.804188728e0,0.000000000e0,0.000000000e0,1.271353364e0,5.804188728e0,-8.611360788e-1
test,240,CC12CC3CC1C1C3[NH+]12,8.713085175e0,0.000000000e0,0.000000000e0,1.271353364e0,8.713085175e0,1.426894665e0
test,241,C#CC([NH-])OCCOC,6.280387878e0,0.000000000e0,0.000000000e0,1.271353364e0,6.280387878e0,-4.865753949e-1
test,242,C[NH+]1CC1C(=O)N1CC1,6.027321815e0,0.000000000e0,0.000000000e0,1.271353364e0,6.027321815e0,-6.856278181e-1
test,243,CC1OC12C=CCOC2,6.694001198e0,0.000000000e0,0.000000000e0,1.271353364e0,6.694001198e0,-1.612423807e-1
test,244,[CH-]1C2CCC34C[NH+](C13)C24,3.961977959e0,0.000000000e0,0.000000000e0,1.271353364e0,3.961977959e0,-2.310151100e0
test,245,NC(=O)CC#CC=O,5.570170403e0,0.000000000e0,0.000000000e0,1.271353364e0,5.570170403e0,-1.045206308e0
test,246,CC1=C(NO)CC(=O)[CH-]1,4.756549835e0,0.000000000e0,0.000000000e0,1.271353364e0,4.756549835e0,-1.685170293e0
test,247,CC1CCC(C=O)=CN1,5.126625061e0,0.000000000e0,0.000000000e0,1.271353364e0,5.126625061e0,-1.394082665e0
test,248,CCC(O)(C=O)C(C)=O,5.464046478e0,0.000000000e0,0.000000000e0,1.271353364e0,5.464046478e0,-1.128679514e0
test,249,CC(C)(C)NC(=O)C=O,4.696685314e0,0.000000000e0,0.000000000e0,1.271353364e0,4.696685314e0,-1.732257485e0
test,250,N#CC1=NCCOCO1,5.953851223e0,0.000000000e0,0.000000000e0,1.271353364e0,5.953851223e0,-7.434170842e-1
test,251,C[NH+]1CCCCC(=O)C1,5.355200768e0,0.000000000e0,0.000000000e0,1.271353364e0,5.355200768e0,-1.214293480e0
test,252,CCC(=NO)C(C)=NO,5.319826126e0,0.000000000e0,0.000000000e0,1.271353364e0,5.319826126e0,-1.242117882e0
test,253,C#CC(OC)C(C)=O,5.673573971e0,0.000000000e0,0.000000000e0,1.271353364e0,5.673573971e0,-9.638728499e-1
test,254,CC1C(=O)C2C3CC2[NH+]13,5.537517071e0,0.000000000e0,0.000000000e0,1.271353364e0,5.537517071e0,-1.070890188e0
test,255,O=C1NC2CC3C2N13,7.257276535e0,0.000000000e0,0.000000000e0,1.271353364e0,7.257276535e0,2.818092406e-1
test,256,Oc1cnc2n1[CH+]N=[NH+]2,5.513026714e0,0.000000000e0,0.000000000e0,1.271353364e0,5.513026714e0,-1.090153456e0
test,257,CC(CC#N)C(O)C=O,6.386512280e0,0.000000000e0,0.000000000e0,1.271353364e0,6.386512280e0,-4.031018317e-1
test,258,C1=CC2CCC1OCO2,6.587876320e0,0.000000000e0,0.000000000e0,1.271353364e0,6.587876320e0,-2.447163016e-1
test,259,OC12CC3C1C=CC32,6.179705620e0,0.000000000e0,0.000000000e0,1.271353364e0,6.179705620e0,-5.657683611e-1
test,260,[NH-]C1OC2C3OC2C13O,6.827336788e0,0.000000000e0,0.000000000e0,1.271353364e0,6.827336788e0,-5.636552349e-2
test,261,c1ncn2c1C1NC1C2,6.479031086e0,0.000000000e0,0.000000000e0,1.271353364e0,6.479031086e0,-3.303299546e-1
test,262,CCC1CC23CC(C2)[NH+]13,7.684495449e0,0.000000000e0,0.000000000e0,1.271353364e0,7.684495449e0,6.178439260e-1
test,263,C1OCC12C1C3NC3C12,7.504899979e0,0.000000000e0,0.000000000e0,1.271353364e0,7.504899979e0,4.765807092e-1
test,264,C#CC([NH2+]C)OC(C)C,6.117119789e0,0.000000000e0,0.000000000e0,1.271353364e0,6.117119789e0,-6.149960756e-1
test,265,CC([NH-])OCC(=O)C=O,4.272187710e0,0.000000000e0,0.000000000e0,1.271353364e0,4.272187710e0,-2.066151619e0
test,266,CC12COC13C=CC2C3,6.307599545e0,0.000000000e0,0.000000000e0,1.271353364e0,6.307599545e0,-4.651716948e-1
test,267,O=C1OCC2C[NH2+][CH+]N12,6.805567265e0,0.000000000e0,0.000000000e0,1.271353364e0,6.805567265e0,-7.348863035e-2
test,268,CC(C)(CC=O)CCO,6.027321815e0,0.000000000e0,0.000000000e0,1.271353364e0,6.027321815e0,-6.856278181e-1
test,269,C#CC#CC(O)C(C)=O,5.534795761e0,0.000000000e0,0.000000000e0,1.271353364e0,5.534795761e0,-1.073030710e0
test,270,C#CCCOCCOC,8.408317566e0,0.000000000e0,0.000000000e0,1.271353364e0,8.408317566e0,1.187175751e0
test,271,C1=C2COC2CCCC1,6.805567265e0,0.000000000e0,0.000000000e0,1.271353364e0,6.805567265e0,-7.348863035e-2
test,272,C#CC(C)(CC)CCO,8.634172440e0,0.000000000e0,0.000000000e0,1.271353364e0,8.634172440e0,1.364824891e0
test,273,COC(CCO)C(N)=O,7.208295822e0,0.000000000e0,0.000000000e0,1.271353364e0,7.208295822e0,2.432828248e-1
test,274,[NH-]C1CNCCOCO1,6.666789532e0,0.000000000e0,0.000000000e0,1.271353364e0,6.666789532e0,-1.826460809e-1
test,275,C1OC2CC3(COC23)O1,7.567486763e0,0.000000000e0,0.000000000e0,1.271353364e0,7.567486763e0,5.258091688e-1
test,276,Oc1noc2occc12,6.378348827e0,0.000000000e0,0.000000000e0,1.271353364e0,6.378348827e0,-4.095229208e-1
test,277,N#CC12NCC1OC2=O,6.296714783e0,0.000000000e0,0.000000000e0,1.271353364e0,6.296714783e0,-4.737332463e-1
test,278,COC(C)C#CCC#N,7.499457359e0,0.000000000e0,0.000000000e0,1.271353364e0,7.499457359e0,4.722997546e-1
test,279,C#CC1C[NH+]1CC1CN1,7.115777493e0,0.000000000e0,0.000000000e0,1.271353364e0,7.115777493e0,1.705113053e-1
test,280,O=C1OC2CCCC1O2,7.273603439e0,0.000000000e0,0.000000000e0,1.271353364e0,7.273603439e0,2.946513891e-1
test,281,C1CC2OC3CCC23O1,8.201511383e0,0.000000000e0,0.000000000e0,1.271353364e0,8.201511383e0,1.024509549e0
test,282,CCC1OC2CC1CO2,9.053228378e0,0.000000000e0,0.000000000e0,1.271353364e0,9.053228378e0,1.694438815e0
test,283,[H]N=CNC(=O)N(C)C=N[H],6.356579781e0,0.000000000e0,0.000000000e0,1.271353364e0,6.356579781e0,-4.266456366e-1
test,284,[H]N=C(C#N)NC(C)CC,5.687179565e0,0.000000000e0,0.000000000e0,1.271353364e0,5.687179565e0,-9.531711936e-1
test,285,COC(C#N)CO,8.092665672e0,0.000000000e0,0.000000000e0,1.271353364e0,8.092665672e0,9.388955832e-1
test,286,CC12C=CC(C1)OC2=O,6.068139076e0,0.000000000e0,0.000000000e0,1.271353364e0,6.068139076e0,-6.535224915e-1
test,287,CC12C[NH+]1CC21CO1,8.519885063e0,0.000000000e0,0.000000000e0,1.271353364e0,8.519885063e0,1.274930596e0
test,288,CN1C(=O)C2CN2C1=O,6.432771206e0,0.000000000e0,0.000000000e0,1.271353364e0,6.432771206e0,-3.667162657e-1
test,289,CC12NC3C(NC31)C2O,7.771572113e0,0.000000000e0,0.000000000e0,1.271353364e0,7.771572113e0,6.863352060e-1
test,290,COC(=O)CCNC=O,7.295372486e0,0.000000000e0,0.000000000e0,1.271353364e0,7.295372486e0,3.117741048e-1
test,291,C1=CCC2(COC2)OC1,7.085844994e0,0.000000000e0,0.000000000e0,1.271353364e0,7.085844994e0,1.469675004e-1
test,292,Cc1nn(C)nnc1=O,4.476273060e0,0.000000000e0,0.000000000e0,1.271353364e0,4.476273060e0,-1.905625582e0
test,293,O=C1Cn2cccc2O1,5.156557560e0,0.000000000e0,0.000000000e0,1.271353364e0,5.156557560e0,-1.370538950e0
test,294,C#CC12C3NC1C3[NH+]2C,6.576991558e0,0.000000000e0,0.000000000e0,1.271353364e0,6.576991558e0,-2.532778680e-1
test,295,CC1C2C3CCC(O3)C12,9.015131950e0,0.000000000e0,0.000000000e0,1.271353364e0,9.015131950e0,1.664473534e0
test,296,CCOC(C=O)C=O,5.355200768e0,0.000000000e0,0.000000000e0,1.271353364e0,5.355200768e0,-1.214293480e0
test,297,C#CC[NH+](CC)CC=O,5.390575409e0,0.000000000e0,0.000000000e0,1.271353364e0,5.390575409e0,-1.186469078e0
test,298,CC12NC1CC21CN1,7.989262581e0,0.000000000e0,0.000000000e0,1.271353364e0,7.989262581e0,8.575624824e-1
test,299,C[NH2+][CH+]OC(C)CCO,7.412381172e0,0.000000000e0,0.000000000e0,1.271353364e0,7.412381172e0,4.038088322e-1
test,300,[NH-]C1OCC2C[NH+]3C2C13,6.898086548e0,0.000000000e0,0.000000000e0,1.271353364e0,6.898086548e0,-7.163694827e-4
test,301,CNC(=O)CC#CC#N,5.757929325e0,0.000000000e0,0.000000000e0,1.271353364e0,5.757929325e0,-8.975220323e-1
test,302,CC(O)CCCNC=O,7.711706638e0,0.000000000e0,0.000000000e0,1.271353364e0,7.711706638e0,6.392472386e-1
test,303,OC1COC2CC2OC1,8.653220177e0,0.000000000e0,0.000000000e0,1.271353364e0,8.653220177e0,1.379807115e0
test,304,C1CC2CC2C2(CC2)O1,8.593356133e0,0.000000000e0,0.000000000e0,1.271353364e0,8.593356133e0,1.332720280e0
test,305,O=C1CCC2CCCN12,7.317142010e0,0.000000000e0,0.000000000e0,1.271353364e0,7.317142010e0,3.288972080e-1
test,306,C#CC(C)C(CC)CO,8.413760185e0,0.000000000e0,0.000000000e0,1.271353364e0,8.413760185e0,1.191456676e0
test,307,N#CC(O)C#CC(N)=O,6.253176689e0,0.000000000e0,0.000000000e0,1.271353364e0,6.253176689e0,-5.079786777e-1
test,308,CC(=O)COC(C)C#N,5.975620270e0,0.000000000e0,0.000000000e0,1.271353364e0,5.975620270e0,-7.262943387e-1
test,309,C1=CC2CC2([NH+]2CC2)C1,6.313041210e0,0.000000000e0,0.000000000e0,1.271353364e0,6.313041210e0,-4.608914852e-1
test,310,CC12CC3(CC3)C1O2,9.017853737e0,0.000000000e0,0.000000000e0,1.271353364e0,9.017853737e0,1.666614413e0
test,311,CC(=O)C(C#N)O[CH+][NH-],6.054533005e0,0.000000000e0,0.000000000e0,1.271353364e0,6.054533005e0,-6.642245054e-1
test,312,N#CC1CC12NCC2O,7.085844994e0,0.000000000e0,0.000000000e0,1.271353364e0,7.085844994e0,1.469675004e-1
test,313,CC12NC3[NH2+]CC1C32O,4.391917706e0,0.000000000e0,0.000000000e0,1.271353364e0,4.391917706e0,-1.971976399e0
test,314,O=C1CC2CCCC1C2,5.978341103e0,0.000000000e0,0.000000000e0,1.271353364e0,5.978341103e0,-7.241542339e-1
test,315,[NH-]C1CCC2(CCC2)O1,7.687216282e0,0.000000000e0,0.000000000e0,1.271353364e0,7.687216282e0,6.199840307e-1
test,316,C#CC(=O)C#CCO,5.208259583e0,0.000000000e0,0.000000000e0,1.271353364e0,5.208259583e0,-1.329872012e0
test,317,C1CC2CC2C2CC2C1,8.767508507e0,0.000000000e0,0.000000000e0,1.271353364e0,8.767508507e0,1.469702125e0
test,318,O=C1C2NC2C2C(O)C12,5.436834812e0,0.000000000e0,0.000000000e0,1.271353364e0,5.436834812e0,-1.150083184e0
test,319,OC1CC=C2CCC=C21,5.300777912e0,0.000000000e0,0.000000000e0,1.271353364e0,5.300777912e0,-1.257100463e0
test,320,[NH-]C1CC2(C=CCC2)O1,6.917134762e0,0.000000000e0,0.000000000e0,1.271353364e0,6.917134762e0,1.426625345e-2
test,321,CC1[NH2+]C2C3C1C1C3[NH+]21,4.269466400e0,0.000000000e0,0.000000000e0,1.271353364e0,4.269466400e0,-2.068292141e0
test,322,C#CC#CC(=O)CC#N,4.993289471e0,0.000000000e0,0.000000000e0,1.271353364e0,4.993289471e0,-1.498959541e0
test,323,CC1CC(=O)CC(=O)C1,5.708949089e0,0.000000000e0,0.000000000e0,1.271353364e0,5.708949089e0,-9.360480905e-1
test,324,CC12CCC(C1)OCO2,8.955266953e0,0.000000000e0,0.000000000e0,1.271353364e0,8.955266953e0,1.617385983e0
test,325,[NH-]C1N[CH+][NH2+]C12CC2O,5.630035877e0,0.000000000e0,0.000000000e0,1.271353364e0,5.630035877e0,-9.981183410e-1
test,326,Cc1n[n+]2cc[nH]c2o1,5.828679085e0,0.000000000e0,0.000000000e0,1.271353364e0,5.828679085e0,-8.418728709e-1
test,327,C1CC23C1C1C2C2C3[NH+]12,8.021917343e0,0.000000000e0,0.000000000e0,1.271353364e0,8.021917343e0,8.832475543e-1
test,328,N#CC1OCOC12CC2,7.480409622e0,0.000000000e0,0.000000000e0,1.271353364e0,7.480409622e0,4.573175013e-1
test,329,CC1OC2(CC2)C12CO2,8.408317566e0,0.000000000e0,0.000000000e0,1.271353364e0,8.408317566e0,1.187175751e0
test,330,CCC(C)OC(=O)NC,8.609682083e0,0.000000000e0,0.000000000e0,1.271353364e0,8.609682083e0,1.345561624e0
test,331,CCC(C#CCO)C=O,5.937524319e0,0.000000000e0,0.000000000e0,1.271353364e0,5.937524319e0,-7.562592030e-1
test,332,CC1CC1c1cnn[nH]1,6.666789532e0,0.000000000e0,0.000000000e0,1.271353364e0,6.666789532e0,-1.826460809e-1
test,333,C1CC23C4CC12C1C4C13,7.774292946e0,0.000000000e0,0.000000000e0,1.271353364e0,7.774292946e0,6.884753108e-1
test,334,C#CC(C)(C#N)C=O,5.937524319e0,0.000000000e0,0.000000000e0,1.271353364e0,5.937524319e0,-7.562592030e-1
test,335,Cc1ccn2c1CCC2,6.598761082e0,0.000000000e0,0.000000000e0,1.271353364e0,6.598761082e0,-2.361547500e-1
test,336,C1OC1C1C2CCC1O2,8.881796837e0,0.000000000e0,0.000000000e0,1.271353364e0,8.881796837e0,1.559597015e0
test,337,CCCC(=O)C(C)C=O,5.447719574e0,0.000000000e0,0.000000000e0,1.271353364e0,5.447719574e0,-1.141521573e0
test,338,CC(O)COCCC=O,6.206917286e0,0.000000000e0,0.000000000e0,1.271353364e0,6.206917286e0,-5.443646312e-1
test,339,CN(C=O)CC(C)(C)O,7.366122246e0,0.000000000e0,0.000000000e0,1.271353364e0,7.366122246e0,3.674232662e-1
test,340,C1CC1[NH+]1CC12COC2,8.098108292e0,0.000000000e0,0.000000000e0,1.271353364e0,8.098108292e0,9.431765079e-1
test,341,O=c1ccnc2n1CC2,5.491257668e0,0.000000000e0,0.000000000e0,1.271353364e0,5.491257668e0,-1.107276082e0
test,342,CC(C)CCC#CC#N,6.688558578e0,0.000000000e0,0.000000000e0,1.271353364e0,6.688558578e0,-1.655233502e-1
test,343,C#CC(O[CH+][NH-])C(C)=O,5.994668484e0,0.000000000e0,0.000000000e0,1.271353364e0,5.994668484e0,-7.113117576e-1
test,344,CC1CC(=O)CC2OC12,6.122561455e0,0.000000000e0,0.000000000e0,1.271353364e0,6.122561455e0,-6.107158661e-1
test,345,O=C1C=CCOCCO1,5.159278870e0,0.000000000e0,0.000000000e0,1.271353364e0,5.159278870e0,-1.368398428e0
test,346,OCC#CC(CO)CO,7.510342121e0,0.000000000e0,0.000000000e0,1.271353364e0,7.510342121e0,4.808613062e-1
test,347,C#CC(C#C)(CO)CO,7.934839725e0,0.000000000e0,0.000000000e0,1.271353364e0,7.934839725e0,8.147554994e-1
test,348,Oc1n[nH]cc1C1CN1,6.337531567e0,0.000000000e0,0.000000000e0,1.271353364e0,6.337531567e0,-4.416282773e-1
test,349,C1=COC([NH2+]C2CC2)O1,6.081744671e0,0.000000000e0,0.000000000e0,1.271353364e0,6.081744671e0,-6.428208351e-1
test,350,CC1(C2CC2)NCC1=O,5.817794323e0,0.000000000e0,0.000000000e0,1.271353364e0,5.817794323e0,-8.504344225e-1
test,351,CC12OC3CC1C2CO3,8.492672920e0,0.000000000e0,0.000000000e0,1.271353364e0,8.492672920e0,1.253526568e0
test,352,CC(C1CC1)C1CCO1,8.838258743e0,0.000000000e0,0.000000000e0,1.271353364e0,8.838258743e0,1.525351644e0
test,353,CC12CC3C4CC4[NH+]1C32,8.647777557e0,0.000000000e0,0.000000000e0,1.271353364e0,8.647777557e0,1.375526071e0
test,354,[NH-]C1OCC12C1CC[NH+]12,6.957951069e0,0.000000000e0,0.000000000e0,1.271353364e0,6.957951069e0,4.637085646e-2
test,355,C#CC#CC#CC,5.091249943e0,0.000000000e0,0.000000000e0,1.271353364e0,5.091249943e0,-1.421907425e0
test,356,O=C1NCC[NH+]2CC12,6.781077385e0,0.000000000e0,0.000000000e0,1.271353364e0,6.781077385e0,-9.275146574e-2
test,357,O=C1CNC12CC2CO,5.874938488e0,0.000000000e0,0.000000000e0,1.271353364e0,5.874938488e0,-8.054869175e-1
test,358,O=C1OC2OC1C1OC21,7.121219635e0,0.000000000e0,0.000000000e0,1.271353364e0,7.121219635e0,1.747919023e-1
test,359,O=C1C[NH+]2C3C=CC1C32,5.134788513e0,0.000000000e0,0.000000000e0,1.271353364e0,5.134788513e0,-1.387661695e0
test,360,OC(CC1CO1)C1CC1,8.840979576e0,0.000000000e0,0.000000000e0,1.271353364e0,8.840979576e0,1.527491689e0
test,361,OC1C2[NH2+]C3OCC3C12,6.530732632e0,0.000000000e0,0.000000000e0,1.271353364e0,6.530732632e0,-2.896634340e-1
test,362,Cc1cc2nn[nH]c2[nH]1,5.703506470e0,0.000000000e0,0.000000000e0,1.271353364e0,5.703506470e0,-9.403290749e-1
test,363,C#CC(O)(CO)C(C)O,7.474967480e0,0.000000000e0,0.000000000e0,1.271353364e0,7.474967480e0,4.530369043e-1
test,364,C#CC(C)OCCC,7.970214844e0,0.000000000e0,0.000000000e0,1.271353364e0,7.970214844e0,8.425802588e-1
test,365,CN=C(N)NC(=O)OC,6.498078823e0,0.000000000e0,0.000000000e0,1.271353364e0,6.498078823e0,-3.153477013e-1
test,366,CC(OC=O)C(N)=O,7.107614040e0,0.000000000e0,0.000000000e0,1.271353364e0,7.107614040e0,1.640902311e-1
test,367,[CH+]1[NH2+]C23CC(CC2O1)C3,6.996047020e0,0.000000000e0,0.000000000e0,1.271353364e0,6.996047020e0,7.633572817e-2
test,368,CC1(C2NCC2=O)CO1,5.929360867e0,0.000000000e0,0.000000000e0,1.271353364e0,5.929360867e0,-7.626802921e-1
test,369,[NH-]C1N=CON=CC1=O,4.691242695e0,0.000000000e0,0.000000000e0,1.271353364e0,4.691242695e0,-1.736538410e0
test,370,C[CH+]1C(O)C=COC1[NH-],4.612329483e0,0.000000000e0,0.000000000e0,1.271353364e0,4.612329483e0,-1.798608661e0
test,371,Oc1n[nH]c2[nH]nnc12,5.861332417e0,0.000000000e0,0.000000000e0,1.271353364e0,5.861332417e0,-8.161889911e-1
test,372,COC(C#N)C(O)C#N,8.266819000e0,0.000000000e0,0.000000000e0,1.271353364e0,8.266819000e0,1.075878143e0
test,373,CCC(C)=O,6.397397041e0,0.000000000e0,0.000000000e0,1.271353364e0,6.397397041e0,-3.945402801e-1
test,374,C#CC(=O)COC,5.668131351e0,0.000000000e0,0.000000000e0,1.271353364e0,5.668131351e0,-9.681538343e-1
test,375,CC12C=CCC1C(=O)O2,7.006931782e0,0.000000000e0,0.000000000e0,1.271353364e0,7.006931782e0,8.489727974e-2
test,376,[H]N=CN1CC(=O)NC1=O,6.470867634e0,0.000000000e0,0.000000000e0,1.271353364e0,6.470867634e0,-3.367510140e-1
test,377,C1COC([NH2+]C2CC2)C1,6.911692142e0,0.000000000e0,0.000000000e0,1.271353364e0,6.911692142e0,9.985290468e-3
test,378,CCC(C)=NO,6.971556664e0,0.000000000e0,0.000000000e0,1.271353364e0,6.971556664e0,5.707251653e-2
test,379,OC1C2CCCCOC12,8.283145905e0,0.000000000e0,0.000000000e0,1.271353364e0,8.283145905e0,1.088720322e0
test,380,O=C1C=CC=CCCO1,4.887165070e0,0.000000000e0,0.000000000e0,1.271353364e0,4.887165070e0,-1.582433105e0
test,381,CCC(=NO)C(C)(C)O,6.938903332e0,0.000000000e0,0.000000000e0,1.271353364e0,6.938903332e0,3.138861060e-2
test,382,COCCC(C)(C)C=O,6.217801571e0,0.000000000e0,0.000000000e0,1.271353364e0,6.217801571e0,-5.358034968e-1
test,383,CC12CC1CNC2=O,7.349795341e0,0.000000000e0,0.000000000e0,1.271353364e0,7.349795341e0,3.545811176e-1
test,384,O=CC12COC1C1C[NH+]12,5.499421120e0,0.000000000e0,0.000000000e0,1.271353364e0,5.499421120e0,-1.100855112e0
test,385,C1=CC2C3C=CC2C1C3,6.264060974e0,0.000000000e0,0.000000000e0,1.271353364e0,6.264060974e0,-4.994175136e-1
test,386,CC#CC(CC)NC=O,7.344352722e0,0.000000000e0,0.000000000e0,1.271353364e0,7.344352722e0,3.503001630e-1
test,387,CC(CO)C(=O)CCO,6.261340141e0,0.000000000e0,0.000000000e0,1.271353364e0,6.261340141e0,-5.015576482e-1
test,388,C1#CCCCCCCC1,7.801504612e0,0.000000000e0,0.000000000e0,1.271353364e0,7.801504612e0,7.098789811e-1
test,389,N#CC1CC2OCC=C12,6.277666569e0,0.000000000e0,0.000000000e0,1.271353364e0,6.277666569e0,-4.887158573e-1
test,390,C#CC1CC2(CN2)CO1,7.728034019e0,0.000000000e0,0.000000000e0,1.271353364e0,7.728034019e0,6.520897150e-1
test,391,O=C1OCCC12CO2,6.838221550e0,0.000000000e0,0.000000000e0,1.271353364e0,6.838221550e0,-4.780397192e-2
test,392,N#CC(O)C(CO)CO,7.613745689e0,0.000000000e0,0.000000000e0,1.271353364e0,7.613745689e0,5.621947646e-1
test,393,[NH-]C1OCCCC2NC21,7.053191185e0,0.000000000e0,0.000000000e0,1.271353364e0,7.053191185e0,1.212832257e-1
test,394,CC1=NCC2[NH2+]CCN12,5.820515633e0,0.000000000e0,0.000000000e0,1.271353364e0,5.820515633e0,-8.482939601e-1
test,395,CC1=CC2NC3C1OC23,6.266781807e0,0.000000000e0,0.000000000e0,1.271353364e0,6.266781807e0,-4.972774088e-1
test,396,OC1C=CC2C3C[NH+]2C13,6.133446217e0,0.000000000e0,0.000000000e0,1.271353364e0,6.133446217e0,-6.021542549e-1
test,397,CC12CCC3C[NH+]3C1C2,8.138925552e0,0.000000000e0,0.000000000e0,1.271353364e0,8.138925552e0,9.752818942e-1
test,398,C1OC2CC1C2[NH+]1CC1,8.696758270e0,0.000000000e0,0.000000000e0,1.271353364e0,8.696758270e0,1.414052486e0
test,399,C1CCC2(CC1)CCO2,8.489952087e0,0.000000000e0,0.000000000e0,1.271353364e0,8.489952087e0,1.251386404e0
test,400,CCC(=NC)NC(N)=O,6.609645367e0,0.000000000e0,0.000000000e0,1.271353364e0,6.609645367e0,-2.275935709e-1
test,401,C#CC(C)COC(C)[NH-],7.964772224e0,0.000000000e0,0.000000000e0,1.271353364e0,7.964772224e0,8.382992744e-1
test,402,COCC(N)(C#N)C#N,7.015095711e0,0.000000000e0,0.000000000e0,1.271353364e0,7.015095711e0,9.131872654e-2
test,403,CC#CC(C)NCC#N,7.107614040e0,0.000000000e0,0.000000000e0,1.271353364e0,7.107614040e0,1.640902311e-1
test,404,CC1(CCC2CO2)CO1,9.592013359e0,0.000000000e0,0.000000000e0,1.271353364e0,9.592013359e0,2.118227243e0
test,405,c1occ2c1CC1CN21,6.299435616e0,0.000000000e0,0.000000000e0,1.271353364e0,6.299435616e0,-4.715931416e-1
test,406,C1CC2CC(CO1)C2,8.854584694e0,0.000000000e0,0.000000000e0,1.271353364e0,8.854584694e0,1.538192987e0
test,407,COC([NH-])C(C=O)OC,6.054533005e0,0.000000000e0,0.000000000e0,1.271353364e0,6.054533005e0,-6.642245054e-1
test,408,CC1OC1CC1OC1C,9.311736107e0,0.000000000e0,0.000000000e0,1.271353364e0,9.311736107e0,1.897771478e0
test,409,CC12NC1C1NC2C1=O,6.269503117e0,0.000000000e0,0.000000000e0,1.271353364e0,6.269503117e0,-4.951369464e-1
test,410,c1ncc2nnoc2n1,5.077644348e0,0.000000000e0,0.000000000e0,1.271353364e0,5.077644348e0,-1.432609081e0
test,411,OC1C[NH+]2C1C2C1CO1,7.896743774e0,0.000000000e0,0.000000000e0,1.271353364e0,7.896743774e0,7.847906351e-1
test,412,CCCOC(C)C(C)C,8.979757309e0,0.000000000e0,0.000000000e0,1.271353364e0,8.979757309e0,1.636649132e0
test,413,CCC(C)C(C)CC=O,6.236849785e0,0.000000000e0,0.000000000e0,1.271353364e0,6.236849785e0,-5.208208561e-1
test,414,C1=CC2C=CC(CC1)O2,6.547059536e0,0.000000000e0,0.000000000e0,1.271353364e0,6.547059536e0,-2.768212855e-1
test,415,O1C2OC3C1C1OC3C21,8.299472809e0,0.000000000e0,0.000000000e0,1.271353364e0,8.299472809e0,1.101562381e0
test,416,[H]N=CN(C=N[H])C(C=O)=N[H],4.933423996e0,0.000000000e0,0.000000000e0,1.271353364e0,4.933423996e0,-1.546047568e0
test,417,O=C1COCCC12CC2,5.760650635e0,0.000000000e0,0.000000000e0,1.271353364e0,5.760650635e0,-8.953815699e-1
test,418,[NH-]C1OC2C1OC21CC1,6.881759644e0,0.000000000e0,0.000000000e0,1.271353364e0,6.881759644e0,-1.355851069e-2
test,419,CN(C=O)CCO,7.341631889e0,0.000000000e0,0.000000000e0,1.271353364e0,7.341631889e0,3.481600583e-1
test,420,CC1C[NH+](C)CC([NH-])O1,6.824615955e0,0.000000000e0,0.000000000e0,1.271353364e0,6.824615955e0,-5.850563198e-2
test,421,CC(C=O)C(C)(C)C#N,5.975620270e0,0.000000000e0,0.000000000e0,1.271353364e0,5.975620270e0,-7.262943387e-1
test,422,C1OCC2C3OC1OC23,8.364779472e0,0.000000000e0,0.000000000e0,1.271353364e0,8.364779472e0,1.152930260e0
test,423,CC(O)C(=O)C(=O)C=O,3.684421539e0,0.000000000e0,0.000000000e0,1.271353364e0,3.684421539e0,-2.528466940e0
test,424,CCC(C)CC(C)CO,9.270918846e0,0.000000000e0,0.000000000e0,1.271353364e0,9.270918846e0,1.865666151e0
test,425,c1[nH]nc2c1C1OC1C2,6.816452026e0,0.000000000e0,0.000000000e0,1.271353364e0,6.816452026e0,-6.492707878e-2
test,426,CC1C[NH+]2CC2C1=O,5.858611107e0,0.000000000e0,0.000000000e0,1.271353364e0,5.858611107e0,-8.183294535e-1
test,427,COCCCCC=O,6.231407166e0,0.000000000e0,0.000000000e0,1.271353364e0,6.231407166e0,-5.251018405e-1
test,428,CC(O)CCCC(C)O,8.925334930e0,0.000000000e0,0.000000000e0,1.271353364e0,8.925334930e0,1.593842506e0
test,429,C#CC12C=CC(=O)C1O2,4.576955318e0,0.000000000e0,0.000000000e0,1.271353364e0,4.576955318e0,-1.826432705e0
test,430,CC[NH+]1C2COCC21C,8.307636261e0,0.000000000e0,0.000000000e0,1.271353364e0,8.307636261e0,1.107983470e0
test,431,CC1CC2(C3CN3)OC12,8.571586609e0,0.000000000e0,0.000000000e0,1.271353364e0,8.571586609e0,1.315597177e0
test,432,CCCC(O)CC(C)O,8.778392792e0,0.000000000e0,0.000000000e0,1.271353364e0,8.778392792e0,1.478263259e0
test,433,COC(C)(C#N)CN,7.379727840e0,0.000000000e0,0.000000000e0,1.271353364e0,7.379727840e0,3.781249225e-1
test,434,N#Cc1cncc([NH-])[nH+]1,3.749728680e0,0.000000000e0,0.000000000e0,1.271353364e0,3.749728680e0,-2.477098703e0
test,435,C[NH+]1C2C3COC(C3)C21,8.340289116e0,0.000000000e0,0.000000000e0,1.271353364e0,8.340289116e0,1.133666992e0
test,436,CC(C)(O)COC=O,7.771572113e0,0.000000000e0,0.000000000e0,1.271353364e0,7.771572113e0,6.863352060e-1
test,437,CCC(C)C#CC(C)O,7.825994968e0,0.000000000e0,0.000000000e0,1.271353364e0,7.825994968e0,7.291421890e-1
test,438,NC1[NH2+]C2CCCC2O1,7.594697952e0,0.000000000e0,0.000000000e0,1.271353364e0,7.594697952e0,5.472124815e-1
test,439,C1=CC2C3CC(C1)CC23,6.647741318e0,0.000000000e0,0.000000000e0,1.271353364e0,6.647741318e0,-1.976287067e-1
test,440,C#CC(=O)C#C,5.175605774e0,0.000000000e0,0.000000000e0,1.271353364e0,5.175605774e0,-1.355556250e0
test,441,O=c1ccncc(O)c1,4.000073910e0,0.000000000e0,0.000000000e0,1.271353364e0,4.000073910e0,-2.280186415e0
test,442,[NH-]C1OCC12C1C[NH+]2C1,6.764750481e0,0.000000000e0,0.000000000e0,1.271353364e0,6.764750481e0,-1.055936068e-1
test,443,C#CC(C)C#CC(C)O,7.760687351e0,0.000000000e0,0.000000000e0,1.271353364e0,7.760687351e0,6.777736545e-1
test,444,CCC(OC)C(O)C#N,7.382448673e0,0.000000000e0,0.000000000e0,1.271353364e0,7.382448673e0,3.802650273e-1
test,445,CC1=CCCC(=O)NC1,6.838221550e0,0.000000000e0,0.000000000e0,1.271353364e0,6.838221550e0,-4.780397192e-2
test,446,C1=CC2C3CC2C3OC1,6.674952984e0,0.000000000e0,0.000000000e0,1.271353364e0,6.674952984e0,-1.762250066e-1
test,447,C1C2C3OC4C[NH+](C13)C42,8.013752937e0,0.000000000e0,0.000000000e0,1.271353364e0,8.013752937e0,8.768256903e-1
test,448,O=C1NC2C3NC3C12,6.976998806e0,0.000000000e0,0.000000000e0,1.271353364e0,6.976998806e0,6.135310605e-2
test,449,CC(=O)CCCCCO,6.378348827e0,0.000000000e0,0.000000000e0,1.271353364e0,6.378348827e0,-4.095229208e-1
test,450,OC1C2CC13CC=CC23,6.966114998e0,0.000000000e0,0.000000000e0,1.271353364e0,6.966114998e0,5.279230326e-2
test,451,CCOC(C)C(O)C#N,8.057291031e0,0.000000000e0,0.000000000e0,1.271353364e0,8.057291031e0,9.110711813e-1
test,452,C#CCN(C=O)CC=O,5.733438969e0,0.000000000e0,0.000000000e0,1.271353364e0,5.733438969e0,-9.167852402e-1
test,453,C[NH+](CC#N)CCC#N,7.181085110e0,0.000000000e0,0.000000000e0,1.271353364e0,7.181085110e0,2.218798697e-1
test,454,CCOC(C)(C#N)CC,8.215117455e0,0.000000000e0,0.000000000e0,1.271353364e0,8.215117455e0,1.035211563e0
test,455,[NH-]C1=CC(N)C(O)CO1,5.382411957e0,0.000000000e0,0.000000000e0,1.271353364e0,5.382411957e0,-1.192890167e0
test,456,COCCC(O)C(C)C,8.577029228e0,0.000000000e0,0.000000000e0,1.271353364e0,8.577029228e0,1.319878101e0
test,457,CC1OCC2NC1C2O,8.601518631e0,0.000000000e0,0.000000000e0,1.271353364e0,8.601518631e0,1.339140534e0
test,458,N#CC1(OC2CC2)CC1,7.589255333e0,0.000000000e0,0.000000000e0,1.271353364e0,7.589255333e0,5.429315567e-1
test,459,C#CC(O[CH+][NH-])C(N)=O,6.955230236e0,0.000000000e0,0.000000000e0,1.271353364e0,6.955230236e0,4.423075169e-2
test,460,O=c1nc(CO)nn[nH]1,4.514369011e0,0.000000000e0,0.000000000e0,1.271353364e0,4.514369011e0,-1.875660777e0
test,461,O=C1OC2C1CC1NC12,7.513063908e0,0.000000000e0,0.000000000e0,1.271353364e0,7.513063908e0,4.830021560e-1
test,462,CCC(N)=O,7.600140095e0,0.000000000e0,0.000000000e0,1.271353364e0,7.600140095e0,5.514931083e-1
test,463,CC12CC3COC1C2C3,8.089944839e0,0.000000000e0,0.000000000e0,1.271353364e0,8.089944839e0,9.367554784e-1
test,464,[H]N=C(C=O)NCC(C)O,4.623214245e0,0.000000000e0,0.000000000e0,1.271353364e0,4.623214245e0,-1.790047169e0
test,465,O=C1C=CCCCCC1,5.706227779e0,0.000000000e0,0.000000000e0,1.271353364e0,5.706227779e0,-9.381885529e-1
test,466,CC12C[NH+]3CC[NH+]1CC32,7.461361885e0,0.000000000e0,0.000000000e0,1.271353364e0,7.461361885e0,4.423352480e-1
test,467,CCCC(C)(CC)CC,9.907666206e0,0.000000000e0,0.000000000e0,1.271353364e0,9.907666206e0,2.366508007e0
test,468,OC12C[NH+](C1)C2C1CN1,8.174300194e0,0.000000000e0,0.000000000e0,1.271353364e0,8.174300194e0,1.003106236e0
test,469,C1=CC23CC2(C1)OCO3,6.525290489e0,0.000000000e0,0.000000000e0,1.271353364e0,6.525290489e0,-2.939440012e-1
test,470,CCN=C(C=O)NCC,4.185111046e0,0.000000000e0,0.000000000e0,1.271353364e0,4.185111046e0,-2.134642839e0
test,471,c1cncc(C2CO2)c1,6.114398479e0,0.000000000e0,0.000000000e0,1.271353364e0,6.114398479e0,-6.171365380e-1
test,472,C1OC1C1CCC2OC21,9.439629555e0,0.000000000e0,0.000000000e0,1.271353364e0,9.439629555e0,1.998367786e0
test,473,C#CCNc1[nH+]cco1,6.016437531e0,0.000000000e0,0.000000000e0,1.271353364e0,6.016437531e0,-6.941890121e-1
test,474,N#CC1CC12CO[CH+][NH2+]2,6.691279888e0,0.000000000e0,0.000000000e0,1.271353364e0,6.691279888e0,-1.633828729e-1
test,475,O=C1NCC(C2CN2)N1,8.190627098e0,0.000000000e0,0.000000000e0,1.271353364e0,8.190627098e0,1.015948415e0
test,476,O=C1CC2NC2C2OC12,5.858611107e0,0.000000000e0,0.000000000e0,1.271353364e0,5.858611107e0,-8.183294535e-1
test,477,N#CC(O)C(=O)O[CH+][NH-],6.699442863e0,0.000000000e0,0.000000000e0,1.271353364e0,6.699442863e0,-1.569621712e-1
test,478,CC[NH2+]CC(C)C(=O)[O-],4.100755692e0,0.000000000e0,0.000000000e0,1.271353364e0,4.100755692e0,-2.200993776e0
test,479,CC#CCCC(O)C#N,7.129383087e0,0.000000000e0,0.000000000e0,1.271353364e0,7.129383087e0,1.812129617e-1
test,480,O=C1CC[NH+]2C3CC12C3,5.458603859e0,0.000000000e0,0.000000000e0,1.271353364e0,5.458603859e0,-1.132960439e0
test,481,O=C1C=CC2OCC2N1,5.624593258e0,0.000000000e0,0.000000000e0,1.271353364e0,5.624593258e0,-1.002399325e0
test,482,CC1N=COC2CCC12,7.472246647e0,0.000000000e0,0.000000000e0,1.271353364e0,7.472246647e0,4.508967996e-1
test,483,CC1C2COC([NH-])OC12,8.095387459e0,0.000000000e0,0.000000000e0,1.271353364e0,8.095387459e0,9.410364032e-1
test,484,C1C2C3OC4C2C4C13,9.121256828e0,0.000000000e0,0.000000000e0,1.271353364e0,9.121256828e0,1.747947454e0
test,485,c1cc2[nH]cnc2o[cH+]1,4.541580200e0,0.000000000e0,0.000000000e0,1.271353364e0,4.541580200e0,-1.854257464e0
test,486,Cc1cc2n(n1)CC2,7.191968918e0,0.000000000e0,0.000000000e0,1.271353364e0,7.191968918e0,2.304406762e-1
test,487,C#CC(=O)CO[CH+][NH2+]C,4.802809238e0,0.000000000e0,0.000000000e0,1.271353364e0,4.802809238e0,-1.648784280e0
test,488,C1CC2NC2C2OC2C1,8.514442444e0,0.000000000e0,0.000000000e0,1.271353364e0,8.514442444e0,1.270649672e0
test,489,CC1CC12OCCC2=O,5.804188728e0,0.000000000e0,0.000000000e0,1.271353364e0,5.804188728e0,-8.611360788e-1
test,490,OC12C[NH+](C1)C2C1CC1,8.389269829e0,0.000000000e0,0.000000000e0,1.271353364e0,8.389269829e0,1.172193408e0
test,491,C1C2CC34CCC3(C4)[NH+]12,7.703543663e0,0.000000000e0,0.000000000e0,1.271353364e0,7.703543663e0,6.328265071e-1
test,492,[H]N=C(NC=O)C(=O)C#C,4.038169384e0,0.000000000e0,0.000000000e0,1.271353364e0,4.038169384e0,-2.250221968e0
test,493,CC(=O)NCC(O)C=O,5.458603859e0,0.000000000e0,0.000000000e0,1.271353364e0,5.458603859e0,-1.132960439e0
test,494,CNC(C#N)=NCC#N,5.537517071e0,0.000000000e0,0.000000000e0,1.271353364e0,5.537517071e0,-1.070890188e0
test,495,O=CN1C=NCCC1=O,5.953851223e0,0.000000000e0,0.000000000e0,1.271353364e0,5.953851223e0,-7.434170842e-1
test,496,C1CC2CCC(CC2)O1,8.272260666e0,0.000000000e0,0.000000000e0,1.271353364e0,8.272260666e0,1.080158353e0
test,497,NC=[NH+]C1=CC(=O)O[CH+]1,1.929287314e0,0.000000000e0,0.000000000e0,1.271353364e0,1.929287314e0,-3.908990622e0
test,498,Nc1cc2n(n1)CCC2,6.291272163e0,0.000000000e0,0.000000000e0,1.271353364e0,6.291272163e0,-4.780142009e-1
test,499,C[NH+]1CC12C1C[NH+]3C1C32,8.138925552e0,0.000000000e0,0.000000000e0,1.271353364e0,8.138925552e0,9.752818942e-1
