dataset,model,rep,strategy,fold,baseline,auc_norm,r2_06
ChEMBL-hERG-Ki,BNN-Full,SNS,threshold,2,0.3134199614310587,0.12209271400066682,-0.0553943063975408
ChEMBL-hERG-Ki,DNN,ECFP4,hetero,0,0.4686427553834192,0.9262378709689315,0.4400947905657233
ChEMBL-hERG-Ki,DNN,ECFP4,hetero,1,0.5326687782161845,0.9414924364456454,0.466522973655417
ChEMBL-hERG-Ki,DNN,ECFP4,hetero,2,0.4824862717083995,0.8553448825992677,0.3334716651633114
ChEMBL-hERG-Ki,DNN,ECFP4,hetero,3,0.4853609184654952,0.8945800116743833,0.4208317379750891
ChEMBL-hERG-Ki,DNN,ECFP4,hetero,4,0.4171155242844977,1.0381493207468417,0.4231737694567015
ChEMBL-hERG-Ki,DNN,ECFP4,legacy,0,0.4067005050948892,1.0060960918969641,0.4592195725176624
ChEMBL-hERG-Ki,DNN,ECFP4,legacy,1,0.5296229458868336,0.8613662791209864,0.3905681399677587
ChEMBL-hERG-Ki,DNN,ECFP4,legacy,2,0.5421999546032952,0.7237897472312405,0.3053169287479872
ChEMBL-hERG-Ki,DNN,ECFP4,legacy,3,0.4507648125103277,0.8612834465548431,0.367114739908535
ChEMBL-hERG-Ki,DNN,ECFP4,legacy,4,0.4920509794310324,0.7851007676124978,0.4203805953986755
ChEMBL-hERG-Ki,DNN,ECFP4,outlier,0,0.3997284684950863,1.0607296206257413,0.431522736193752
ChEMBL-hERG-Ki,DNN,ECFP4,outlier,1,0.5565801788518892,0.8781328340061539,0.4537087858109364
ChEMBL-hERG-Ki,DNN,ECFP4,outlier,2,0.4713510510771749,0.891479694966539,0.439212361342929
ChEMBL-hERG-Ki,DNN,ECFP4,outlier,3,0.4791010810678,0.9077581286989882,0.4661622869550595
ChEMBL-hERG-Ki,DNN,ECFP4,outlier,4,0.4860895417539452,0.892146934781937,0.486559679169534
ChEMBL-hERG-Ki,DNN,ECFP4,quantile,0,0.4425556034084776,0.9027446805181638,0.4479868757535494
ChEMBL-hERG-Ki,DNN,ECFP4,quantile,1,0.5338161156294405,0.8667855762989849,0.4768218476177829
ChEMBL-hERG-Ki,DNN,ECFP4,quantile,2,0.469898166822102,0.89130117153186,0.3500649011934384
ChEMBL-hERG-Ki,DNN,ECFP4,quantile,3,0.4328409799888365,0.9811410672658466,0.3903259480767231
ChEMBL-hERG-Ki,DNN,ECFP4,quantile,4,0.477963755340186,0.8536372305910298,0.4568758898489251
ChEMBL-hERG-Ki,DNN,ECFP4,threshold,0,0.4757054324587564,0.7562919414171878,0.3495602214193866
ChEMBL-hERG-Ki,DNN,ECFP4,threshold,1,0.5482709091344888,0.6859523275516964,0.4083247506379209
ChEMBL-hERG-Ki,DNN,ECFP4,threshold,2,0.5012101637368687,0.5397331294060437,-0.0483576539610195
ChEMBL-hERG-Ki,DNN,ECFP4,threshold,3,0.4481557171525282,0.7026078852885661,0.2808412002901899
ChEMBL-hERG-Ki,DNN,ECFP4,threshold,4,0.4510389451376064,0.6703697999611445,0.3601171444718903
ChEMBL-hERG-Ki,DNN,ECFP4,valprop,0,0.4588895913942836,0.7851633570607129,0.332193318770124
ChEMBL-hERG-Ki,DNN,ECFP4,valprop,1,0.5485453351167356,0.6522885712701416,0.3510221788918921
ChEMBL-hERG-Ki,DNN,ECFP4,valprop,2,0.5002795141773062,0.5150820020991123,-0.073679667514021
ChEMBL-hERG-Ki,DNN,ECFP4,valprop,3,0.4886659965575888,0.5905160370955963,0.2664935765524659
ChEMBL-hERG-Ki,DNN,ECFP4,valprop,4,0.4236621533138792,0.748688310314382,0.320040051399076
ChEMBL-hERG-Ki,DNN,MHG-GNN-pretrained,hetero,0,0.4725378605171818,0.6650435572234424,0.4313373116633356
ChEMBL-hERG-Ki,DNN,MHG-GNN-pretrained,hetero,2,0.3322679949198265,0.8413628429818638,0.2471012367460123
ChEMBL-hERG-Ki,DNN,MHG-GNN-pretrained,hetero,3,0.3904978463268717,0.19234639549787427,-0.5626519991326917
ChEMBL-hERG-Ki,DNN,MHG-GNN-pretrained,legacy,0,0.4681510065689905,0.7100368442621597,0.4765899650540905
ChEMBL-hERG-Ki,DNN,MHG-GNN-pretrained,legacy,1,0.4600594972894042,0.6578687499938085,0.0574812440830238
ChEMBL-hERG-Ki,DNN,MHG-GNN-pretrained,legacy,2,0.3642154377639475,0.5291825400687475,0.2316636279007436
ChEMBL-hERG-Ki,DNN,MHG-GNN-pretrained,legacy,4,0.4458283414759242,0.7187861136826935,0.3412159906973363
ChEMBL-hERG-Ki,DNN,MHG-GNN-pretrained,outlier,0,0.4739182279609519,0.720632056353298,0.1317128492401872
ChEMBL-hERG-Ki,DNN,MHG-GNN-pretrained,outlier,1,0.5061517500496052,0.6135201480160124,-0.0515407377663361
ChEMBL-hERG-Ki,DNN,MHG-GNN-pretrained,outlier,2,0.4575732274381108,0.43910388449638516,0.1390351877233546
ChEMBL-hERG-Ki,DNN,MHG-GNN-pretrained,outlier,4,0.3697586789606626,0.9201472053320386,0.3424970589704663
ChEMBL-hERG-Ki,DNN,MHG-GNN-pretrained,quantile,0,0.3284020892525144,1.0796048203119006,0.3571307784634207
ChEMBL-hERG-Ki,DNN,MHG-GNN-pretrained,quantile,1,0.4278017736788772,0.7378285051614724,0.2455910392172885
ChEMBL-hERG-Ki,DNN,MHG-GNN-pretrained,quantile,3,0.3427514749071415,0.6515958644866489,0.2801905996004965
ChEMBL-hERG-Ki,DNN,MHG-GNN-pretrained,threshold,1,0.3605792276685164,0.3320832573907333,0.0462261348140671
ChEMBL-hERG-Ki,DNN,MHG-GNN-pretrained,threshold,4,0.4007214756582276,0.6098189893022617,0.1842042382444737
ChEMBL-hERG-Ki,DNN,MHG-GNN-pretrained,valprop,0,0.3475886217435152,0.5558731170757416,0.5020133968606559
ChEMBL-hERG-Ki,DNN,MHG-GNN-pretrained,valprop,4,0.3240514338845937,0.7910750595007963,0.3468350850712286
ChEMBL-hERG-Ki,DNN,PDV,hetero,1,0.4749369151191992,0.5130669977889909,0.230677086974525
ChEMBL-hERG-Ki,DNN,PDV,hetero,2,0.4744976502195748,-0.710527837190943,0.3666746784374136
ChEMBL-hERG-Ki,DNN,PDV,hetero,4,0.4800363050596236,0.7704720191226084,0.4746344039404122
ChEMBL-hERG-Ki,DNN,PDV,legacy,0,0.3320377095477549,-3.7531767984912587,-0.1802188418607833
ChEMBL-hERG-Ki,DNN,PDV,legacy,4,0.4622659525373221,0.6695319067999028,0.4505549820956172
ChEMBL-hERG-Ki,DNN,PDV,outlier,0,0.3395045864010668,-4.193825470850931,0.3351194901386976
ChEMBL-hERG-Ki,DNN,PDV,outlier,4,0.4689105819730708,0.6045724849353094,0.2304310547912844
ChEMBL-hERG-Ki,DNN,PDV,quantile,4,0.4962027252239661,0.6890261328864405,0.2322429180837865
ChEMBL-hERG-Ki,DNN,PDV,threshold,0,0.3693293314968836,-36.86246183148099,-2.5082739170761794
ChEMBL-hERG-Ki,DNN,PDV,threshold,4,0.4139660211907593,0.5339710152567995,0.2941071860196804
ChEMBL-hERG-Ki,DNN,PDV,valprop,1,0.3252109633031065,0.6519959835336325,0.0199655193207601
ChEMBL-hERG-Ki,DNN,PDV,valprop,4,0.3760007661061079,0.5992912503638783,0.2057682331482292
ChEMBL-hERG-Ki,DNN,SNS,hetero,0,0.509117401132601,0.9039147215830965,0.4892500069938578
ChEMBL-hERG-Ki,DNN,SNS,hetero,1,0.4571483382733911,1.0366315108167456,0.4421616827515845
ChEMBL-hERG-Ki,DNN,SNS,hetero,2,0.3280856903956278,1.2290573556874533,0.2964666269339859
ChEMBL-hERG-Ki,DNN,SNS,hetero,3,0.347825089496688,1.1511717546663331,0.3518993261009612
ChEMBL-hERG-Ki,DNN,SNS,hetero,4,0.4370565699997866,0.934913887516981,0.4325846762706348
ChEMBL-hERG-Ki,DNN,SNS,legacy,0,0.435951907703661,1.0539158730005251,0.3997262204417979
ChEMBL-hERG-Ki,DNN,SNS,legacy,1,0.4970306195992158,0.9272769237171227,0.4533251327618387
ChEMBL-hERG-Ki,DNN,SNS,legacy,2,0.3889323779133052,0.952311413824042,0.0918001177194723
ChEMBL-hERG-Ki,DNN,SNS,legacy,3,0.3446644013448451,1.0723136068658805,0.3363857486926868
ChEMBL-hERG-Ki,DNN,SNS,legacy,4,0.4146056179358375,0.9311805680926404,0.4304732991111767
ChEMBL-hERG-Ki,DNN,SNS,outlier,0,0.4956025817445398,0.9824811913653845,0.4429698140203112
ChEMBL-hERG-Ki,DNN,SNS,outlier,1,0.3948085721659291,1.2506233974796364,0.497321319875061
ChEMBL-hERG-Ki,DNN,SNS,outlier,2,0.5220243623440493,0.8176469816376302,0.3482333378561199
ChEMBL-hERG-Ki,DNN,SNS,outlier,3,0.3598835500581331,1.078803127971452,0.4159051244599845
ChEMBL-hERG-Ki,DNN,SNS,outlier,4,0.3970484445790334,1.0496915570431293,0.409135325470887
ChEMBL-hERG-Ki,DNN,SNS,quantile,0,0.5595575044626138,0.8342311491208876,0.5086307579529356
ChEMBL-hERG-Ki,DNN,SNS,quantile,1,0.4830391411365835,0.9190867984420628,0.4655782625473126
ChEMBL-hERG-Ki,DNN,SNS,quantile,2,0.3769859983257569,1.1066165522778022,0.5046400633320247
ChEMBL-hERG-Ki,DNN,SNS,quantile,3,0.3902238619338891,0.9564555377159868,0.3829213098733977
ChEMBL-hERG-Ki,DNN,SNS,quantile,4,0.3581457356243869,1.1494567831437976,0.4635811209097
ChEMBL-hERG-Ki,DNN,SNS,threshold,0,0.4807255893649371,0.9094145675489349,0.4382753003322128
ChEMBL-hERG-Ki,DNN,SNS,threshold,1,0.5528729191408073,0.691722337529769,0.3616650218177359
ChEMBL-hERG-Ki,DNN,SNS,threshold,2,0.5045088624583773,0.5213760847585062,-0.0257610547640099
ChEMBL-hERG-Ki,DNN,SNS,threshold,3,0.3768992665802336,0.7602758923941743,0.3135300312868453
ChEMBL-hERG-Ki,DNN,SNS,threshold,4,0.4299972257572173,0.8127172710921103,0.3765512871740465
ChEMBL-hERG-Ki,DNN,SNS,valprop,0,0.4269791095474153,0.958779238030853,0.4142774718370968
ChEMBL-hERG-Ki,DNN,SNS,valprop,1,0.4928478965512934,0.7549172842422811,0.2903572522044825
ChEMBL-hERG-Ki,DNN,SNS,valprop,2,0.5367442783036913,0.5009691923244847,-0.0414307057440062
ChEMBL-hERG-Ki,DNN,SNS,valprop,3,0.4449454908376906,0.6963961845817799,0.2131686343147379
ChEMBL-hERG-Ki,DNN,SNS,valprop,4,0.4011569345835054,0.8156104850126074,0.3319090685915469
ChEMBL-hERG-Ki,LightGBM,ECFP4,hetero,0,0.5742297238352045,0.9105003278301124,0.5513040544598654
ChEMBL-hERG-Ki,LightGBM,ECFP4,hetero,1,0.554693890104673,0.9054493789533378,0.5185669550411305
ChEMBL-hERG-Ki,LightGBM,ECFP4,hetero,2,0.4604136466918566,0.85251908220969,0.4149606222787371
ChEMBL-hERG-Ki,LightGBM,ECFP4,hetero,3,0.5172261185489508,0.919934008267123,0.4983733361024206
ChEMBL-hERG-Ki,LightGBM,ECFP4,hetero,4,0.4262691680215326,0.9448503918695108,0.4169002637620604
ChEMBL-hERG-Ki,LightGBM,ECFP4,legacy,0,0.5742297238352045,0.7850983470861477,0.4893798475186116
ChEMBL-hERG-Ki,LightGBM,ECFP4,legacy,1,0.554693890104673,0.7876923531517152,0.4357570671754558
ChEMBL-hERG-Ki,LightGBM,ECFP4,legacy,2,0.4604136466918566,0.6926489741824275,0.3617467798312618
ChEMBL-hERG-Ki,LightGBM,ECFP4,legacy,3,0.5172261185489508,0.7906947199085499,0.4520328865824941
ChEMBL-hERG-Ki,LightGBM,ECFP4,legacy,4,0.4262691680215326,0.7741423189872546,0.3442319165316854
ChEMBL-hERG-Ki,LightGBM,ECFP4,outlier,0,0.5742297238352045,0.9306919318753849,0.565634556495594
ChEMBL-hERG-Ki,LightGBM,ECFP4,outlier,1,0.554693890104673,0.8867060176625422,0.501165545633093
ChEMBL-hERG-Ki,LightGBM,ECFP4,outlier,2,0.4604136466918566,0.8758478560357694,0.3880225550032918
ChEMBL-hERG-Ki,LightGBM,ECFP4,outlier,3,0.5172261185489508,0.9123009517883492,0.5302345567350037
ChEMBL-hERG-Ki,LightGBM,ECFP4,outlier,4,0.4262691680215326,0.9765307116140589,0.3718714693572504
ChEMBL-hERG-Ki,LightGBM,ECFP4,quantile,0,0.5742297238352045,0.837626060413464,0.4756042279552734
ChEMBL-hERG-Ki,LightGBM,ECFP4,quantile,1,0.554693890104673,0.7993794321552541,0.4652356954607289
ChEMBL-hERG-Ki,LightGBM,ECFP4,quantile,2,0.4604136466918566,0.6952737831166147,0.3034281151453286
ChEMBL-hERG-Ki,LightGBM,ECFP4,quantile,3,0.5172261185489508,0.8218655599932978,0.4610398718968502
ChEMBL-hERG-Ki,LightGBM,ECFP4,quantile,4,0.4262691680215326,0.8693142730172368,0.3550075289680582
ChEMBL-hERG-Ki,LightGBM,ECFP4,threshold,0,0.5742297238352045,0.18246467648361925,0.2417496869229449
ChEMBL-hERG-Ki,LightGBM,ECFP4,threshold,1,0.554693890104673,0.19836871465035943,0.1098098856081368
ChEMBL-hERG-Ki,LightGBM,ECFP4,threshold,2,0.4604136466918566,0.06629395379148334,0.1913312362158463
ChEMBL-hERG-Ki,LightGBM,ECFP4,threshold,3,0.5172261185489508,0.23179265524260165,0.2249075674230118
ChEMBL-hERG-Ki,LightGBM,ECFP4,threshold,4,0.4262691680215326,0.03938795866531489,0.1008930954308323
ChEMBL-hERG-Ki,LightGBM,ECFP4,valprop,0,0.5742297238352045,0.26479402449612766,0.2719944136158074
ChEMBL-hERG-Ki,LightGBM,ECFP4,valprop,1,0.554693890104673,0.22608011980040194,0.1901981061207672
ChEMBL-hERG-Ki,LightGBM,ECFP4,valprop,2,0.4604136466918566,0.15420130306482865,0.2326341763032841
ChEMBL-hERG-Ki,LightGBM,ECFP4,valprop,3,0.5172261185489508,0.3370142780861026,0.2270865809273345
ChEMBL-hERG-Ki,LightGBM,ECFP4,valprop,4,0.4262691680215326,0.18329051472039792,0.135504810270703
ChEMBL-hERG-Ki,LightGBM,MHG-GNN-pretrained,hetero,0,0.5955987809010761,0.9538871766457645,0.5964615880125561
ChEMBL-hERG-Ki,LightGBM,MHG-GNN-pretrained,hetero,1,0.4819790153845559,0.9440191948664735,0.3629268267015589
ChEMBL-hERG-Ki,LightGBM,MHG-GNN-pretrained,hetero,2,0.5895592827920892,0.9720130121129881,0.5920967557422947
ChEMBL-hERG-Ki,LightGBM,MHG-GNN-pretrained,hetero,3,0.4493248235009474,0.8595386500322836,0.3844116369478053
ChEMBL-hERG-Ki,LightGBM,MHG-GNN-pretrained,hetero,4,0.3628639758930064,0.9465639404214286,0.2954171317738384
ChEMBL-hERG-Ki,LightGBM,MHG-GNN-pretrained,legacy,0,0.5955987809010761,0.8435718052526802,0.4919137651067469
ChEMBL-hERG-Ki,LightGBM,MHG-GNN-pretrained,legacy,1,0.4819790153845559,0.7733346571616688,0.3066006510297194
ChEMBL-hERG-Ki,LightGBM,MHG-GNN-pretrained,legacy,2,0.5895592827920892,0.8768869221260727,0.5248877015401485
ChEMBL-hERG-Ki,LightGBM,MHG-GNN-pretrained,legacy,3,0.4493248235009474,0.7353762283617046,0.3327440241678185
ChEMBL-hERG-Ki,LightGBM,MHG-GNN-pretrained,legacy,4,0.3628639758930064,0.7150612568332898,0.2771115576378619
ChEMBL-hERG-Ki,LightGBM,MHG-GNN-pretrained,outlier,0,0.5955987809010761,0.9199289564390273,0.5492709218500254
ChEMBL-hERG-Ki,LightGBM,MHG-GNN-pretrained,outlier,1,0.4819790153845559,0.935808275456056,0.4940380776635835
ChEMBL-hERG-Ki,LightGBM,MHG-GNN-pretrained,outlier,2,0.5895592827920892,0.9349002870706619,0.6256093378315208
ChEMBL-hERG-Ki,LightGBM,MHG-GNN-pretrained,outlier,3,0.4493248235009474,0.8182347398225839,0.2376395534538091
ChEMBL-hERG-Ki,LightGBM,MHG-GNN-pretrained,outlier,4,0.3628639758930064,0.8853615352844324,0.3555817918496537
ChEMBL-hERG-Ki,LightGBM,MHG-GNN-pretrained,quantile,0,0.5955987809010761,0.8121035918701512,0.489732443259206
ChEMBL-hERG-Ki,LightGBM,MHG-GNN-pretrained,quantile,1,0.4819790153845559,0.7767974836925502,0.334392725102981
ChEMBL-hERG-Ki,LightGBM,MHG-GNN-pretrained,quantile,2,0.5895592827920892,0.8867497280677861,0.5646755012641251
ChEMBL-hERG-Ki,LightGBM,MHG-GNN-pretrained,quantile,3,0.4493248235009474,0.6891260960115857,0.2722522564908273
ChEMBL-hERG-Ki,LightGBM,MHG-GNN-pretrained,quantile,4,0.3628639758930064,0.7806075462606245,0.3775458135415123
ChEMBL-hERG-Ki,LightGBM,MHG-GNN-pretrained,threshold,0,0.5955987809010761,0.41506903720161753,0.2618727233738173
ChEMBL-hERG-Ki,LightGBM,MHG-GNN-pretrained,threshold,1,0.4819790153845559,0.11971480430671011,-0.1029433017303103
ChEMBL-hERG-Ki,LightGBM,MHG-GNN-pretrained,threshold,2,0.5895592827920892,0.43777403014295696,0.3101254852183713
ChEMBL-hERG-Ki,LightGBM,MHG-GNN-pretrained,threshold,3,0.4493248235009474,0.09748350350543897,-0.0364903076043992
ChEMBL-hERG-Ki,LightGBM,MHG-GNN-pretrained,threshold,4,0.3628639758930064,-0.3668962870207212,-0.1593238710733333
ChEMBL-hERG-Ki,LightGBM,MHG-GNN-pretrained,valprop,0,0.5955987809010761,0.4746857355310878,0.228862759016602
ChEMBL-hERG-Ki,LightGBM,MHG-GNN-pretrained,valprop,1,0.4819790153845559,0.25101192782578624,-0.1935065670549034
ChEMBL-hERG-Ki,LightGBM,MHG-GNN-pretrained,valprop,2,0.5895592827920892,0.4807867378212682,0.2261697928829344
ChEMBL-hERG-Ki,LightGBM,MHG-GNN-pretrained,valprop,3,0.4493248235009474,0.10653990530528958,0.0287056462592518
ChEMBL-hERG-Ki,LightGBM,MHG-GNN-pretrained,valprop,4,0.3628639758930064,-0.24013500888309364,-0.0709384814233655
ChEMBL-hERG-Ki,LightGBM,PDV,hetero,0,0.5204690694670746,0.919535700477208,0.4617218513203116
ChEMBL-hERG-Ki,LightGBM,PDV,hetero,1,0.4645402186598462,0.9597291115537059,0.4535433845940525
ChEMBL-hERG-Ki,LightGBM,PDV,hetero,2,0.4829055502886286,0.9308026838212965,0.4388004392598515
ChEMBL-hERG-Ki,LightGBM,PDV,hetero,3,0.5151657938201728,0.9066136276910983,0.4950035790820337
ChEMBL-hERG-Ki,LightGBM,PDV,hetero,4,0.5608228288820573,0.9133281926963578,0.550603581119014
ChEMBL-hERG-Ki,LightGBM,PDV,legacy,0,0.5204690694670746,0.797281725106553,0.3975813232114946
ChEMBL-hERG-Ki,LightGBM,PDV,legacy,1,0.4645402186598462,0.8397895413052325,0.3926884055270415
ChEMBL-hERG-Ki,LightGBM,PDV,legacy,2,0.4829055502886286,0.7749243200848882,0.369844958340056
ChEMBL-hERG-Ki,LightGBM,PDV,legacy,3,0.5151657938201728,0.8206602873911253,0.4419447227597783
ChEMBL-hERG-Ki,LightGBM,PDV,legacy,4,0.5608228288820573,0.8342535231434219,0.5154625720734181
ChEMBL-hERG-Ki,LightGBM,PDV,outlier,0,0.5204690694670746,0.9086897742691764,0.5269683071101933
ChEMBL-hERG-Ki,LightGBM,PDV,outlier,1,0.4645402186598462,0.9440325482775616,0.5250518556302659
ChEMBL-hERG-Ki,LightGBM,PDV,outlier,2,0.4829055502886286,0.9101861180124704,0.4140677669804219
ChEMBL-hERG-Ki,LightGBM,PDV,outlier,3,0.5151657938201728,0.9399566910977826,0.4889193250148564
ChEMBL-hERG-Ki,LightGBM,PDV,outlier,4,0.5608228288820573,0.834609609713937,0.4589888316224016
ChEMBL-hERG-Ki,LightGBM,PDV,quantile,0,0.5204690694670746,0.803870117994762,0.5046900166959426
ChEMBL-hERG-Ki,LightGBM,PDV,quantile,1,0.4645402186598462,0.8559428453493401,0.4420597948713082
ChEMBL-hERG-Ki,LightGBM,PDV,quantile,2,0.4829055502886286,0.8000196223010466,0.392402446718775
ChEMBL-hERG-Ki,LightGBM,PDV,quantile,3,0.5151657938201728,0.8350681973571545,0.4554559860700281
ChEMBL-hERG-Ki,LightGBM,PDV,quantile,4,0.5608228288820573,0.7105095702605578,0.3682307892937437
ChEMBL-hERG-Ki,LightGBM,PDV,threshold,0,0.5204690694670746,0.28529011848559604,0.1974775314299787
ChEMBL-hERG-Ki,LightGBM,PDV,threshold,1,0.4645402186598462,0.07647994970476371,0.1447571138158875
ChEMBL-hERG-Ki,LightGBM,PDV,threshold,2,0.4829055502886286,0.22937928599768923,0.1414354031096947
ChEMBL-hERG-Ki,LightGBM,PDV,threshold,3,0.5151657938201728,0.3406058692620293,0.1628818428130259
ChEMBL-hERG-Ki,LightGBM,PDV,threshold,4,0.5608228288820573,0.2914383834198869,0.265369286941759
ChEMBL-hERG-Ki,LightGBM,PDV,valprop,0,0.5204690694670746,0.3664971581075008,0.1672268581079018
ChEMBL-hERG-Ki,LightGBM,PDV,valprop,1,0.4645402186598462,0.20030902711825677,0.1731396664602529
ChEMBL-hERG-Ki,LightGBM,PDV,valprop,2,0.4829055502886286,0.31307919747329094,0.1610124789834086
ChEMBL-hERG-Ki,LightGBM,PDV,valprop,3,0.5151657938201728,0.39045508059774103,0.1266908107615761
ChEMBL-hERG-Ki,LightGBM,PDV,valprop,4,0.5608228288820573,0.3663835609450496,0.2694852492932695
ChEMBL-hERG-Ki,LightGBM,SNS,hetero,0,0.532816899135538,0.9734743028898477,0.5193089178005659
ChEMBL-hERG-Ki,LightGBM,SNS,hetero,1,0.5653943434746173,0.9345895646431002,0.5212384140817627
ChEMBL-hERG-Ki,LightGBM,SNS,hetero,2,0.4747924445772712,0.9591776246548481,0.4148896423014502
ChEMBL-hERG-Ki,LightGBM,SNS,hetero,3,0.5870632944023952,0.8964928582860618,0.5383402091490721
ChEMBL-hERG-Ki,LightGBM,SNS,hetero,4,0.5028153140260351,0.8790502538678672,0.4344199257352547
ChEMBL-hERG-Ki,LightGBM,SNS,legacy,0,0.532816899135538,0.8958775607355507,0.4579468666173476
ChEMBL-hERG-Ki,LightGBM,SNS,legacy,1,0.5653943434746173,0.8290277015604031,0.4438642465906005
ChEMBL-hERG-Ki,LightGBM,SNS,legacy,2,0.4747924445772712,0.822898756701036,0.351610177261043
ChEMBL-hERG-Ki,LightGBM,SNS,legacy,3,0.5870632944023952,0.8038324485407775,0.4302608501067188
ChEMBL-hERG-Ki,LightGBM,SNS,legacy,4,0.5028153140260351,0.7596025044498247,0.39090113986587
ChEMBL-hERG-Ki,LightGBM,SNS,outlier,0,0.532816899135538,0.9491108219577445,0.4958243916517688
ChEMBL-hERG-Ki,LightGBM,SNS,outlier,1,0.5653943434746173,0.9468271574253351,0.5079392869830298
ChEMBL-hERG-Ki,LightGBM,SNS,outlier,2,0.4747924445772712,1.0245779456842743,0.4734069316029626
ChEMBL-hERG-Ki,LightGBM,SNS,outlier,3,0.5870632944023952,0.8695768277575399,0.5321836479666591
ChEMBL-hERG-Ki,LightGBM,SNS,outlier,4,0.5028153140260351,0.8614800950903845,0.4107285395058374
ChEMBL-hERG-Ki,LightGBM,SNS,quantile,0,0.532816899135538,0.849128310300169,0.4798908289821786
ChEMBL-hERG-Ki,LightGBM,SNS,quantile,1,0.5653943434746173,0.829396863426076,0.4547208626859151
ChEMBL-hERG-Ki,LightGBM,SNS,quantile,2,0.4747924445772712,0.8321953753501541,0.4351840023082991
ChEMBL-hERG-Ki,LightGBM,SNS,quantile,3,0.5870632944023952,0.7722110823860766,0.4068083786272737
ChEMBL-hERG-Ki,LightGBM,SNS,quantile,4,0.5028153140260351,0.8001221306865416,0.3840839952525239
ChEMBL-hERG-Ki,LightGBM,SNS,threshold,0,0.532816899135538,0.5204040713150366,0.2886923200058229
ChEMBL-hERG-Ki,LightGBM,SNS,threshold,1,0.5653943434746173,0.3009196072332346,0.0727219074712181
ChEMBL-hERG-Ki,LightGBM,SNS,threshold,2,0.4747924445772712,0.207046194916085,-0.1171723188281841
ChEMBL-hERG-Ki,LightGBM,SNS,threshold,3,0.5870632944023952,0.26584606523835097,0.0872843916136686
ChEMBL-hERG-Ki,LightGBM,SNS,threshold,4,0.5028153140260351,0.20897549818087213,0.0305792486381585
ChEMBL-hERG-Ki,LightGBM,SNS,valprop,0,0.532816899135538,0.5815494361105337,0.2865684182309753
ChEMBL-hERG-Ki,LightGBM,SNS,valprop,1,0.5653943434746173,0.4064548478651954,0.1592759121058446
ChEMBL-hERG-Ki,LightGBM,SNS,valprop,2,0.4747924445772712,0.21634866031846883,-0.1211168484703726
ChEMBL-hERG-Ki,LightGBM,SNS,valprop,3,0.5870632944023952,0.3014962571322695,0.0905142236150589
ChEMBL-hERG-Ki,LightGBM,SNS,valprop,4,0.5028153140260351,0.24056949705288305,0.0950960940314936
ChEMBL-hERG-Ki,MLP,ECFP4,hetero,0,0.4739769200741688,0.8589049072252314,0.4164941730869529
ChEMBL-hERG-Ki,MLP,ECFP4,hetero,1,0.458676221210495,1.04632684494046,0.5017957502931256
ChEMBL-hERG-Ki,MLP,ECFP4,hetero,2,0.5056679810585385,0.8231511164986576,0.3776698560305958
ChEMBL-hERG-Ki,MLP,ECFP4,hetero,3,0.4591963716188092,0.9151577330500614,0.3054237872145307
ChEMBL-hERG-Ki,MLP,ECFP4,hetero,4,0.459511261664953,0.891530430742077,0.4495243477711305
ChEMBL-hERG-Ki,MLP,ECFP4,legacy,0,0.4604420245153667,0.8601535946484027,0.3994965182777124
ChEMBL-hERG-Ki,MLP,ECFP4,legacy,1,0.4995704575265897,0.8577033351499666,0.3935931609941786
ChEMBL-hERG-Ki,MLP,ECFP4,legacy,2,0.465235407216452,0.8276103944285726,0.2628671092304285
ChEMBL-hERG-Ki,MLP,ECFP4,legacy,3,0.3997117082322964,0.970352510263565,0.3882125861745311
ChEMBL-hERG-Ki,MLP,ECFP4,legacy,4,0.4791016184064547,0.8226173845902871,0.4477682330805907
ChEMBL-hERG-Ki,MLP,ECFP4,outlier,0,0.3880231524235747,1.0972918522987984,0.4535321042232908
ChEMBL-hERG-Ki,MLP,ECFP4,outlier,1,0.492660666434337,0.9641886906438765,0.4543647309766671
ChEMBL-hERG-Ki,MLP,ECFP4,outlier,2,0.485483703788928,0.8252591518292874,0.3688335338728337
ChEMBL-hERG-Ki,MLP,ECFP4,outlier,3,0.5183434560399887,0.7949499033849277,0.3934357280107134
ChEMBL-hERG-Ki,MLP,ECFP4,outlier,4,0.4348775506219023,0.9291615661712878,0.4036753148783626
ChEMBL-hERG-Ki,MLP,ECFP4,quantile,0,0.3837272880273724,1.0331886950839844,0.4161121102286905
ChEMBL-hERG-Ki,MLP,ECFP4,quantile,1,0.4927817039194526,0.882329587930245,0.4559712542212655
ChEMBL-hERG-Ki,MLP,ECFP4,quantile,2,0.4914556353800074,0.8329264826202348,0.4154829814488445
ChEMBL-hERG-Ki,MLP,ECFP4,quantile,3,0.4481716562676296,0.9463307034710895,0.381384537861308
ChEMBL-hERG-Ki,MLP,ECFP4,quantile,4,0.477414443949005,0.8227383134376838,0.4241427541568312
ChEMBL-hERG-Ki,MLP,ECFP4,threshold,0,0.414265316035337,0.7695914551609011,0.2786454102149851
ChEMBL-hERG-Ki,MLP,ECFP4,threshold,1,0.5036926785697551,0.6264651627532226,0.2509246742008117
ChEMBL-hERG-Ki,MLP,ECFP4,threshold,2,0.4438078253694109,0.5770509864537667,0.1007937299317476
ChEMBL-hERG-Ki,MLP,ECFP4,threshold,3,0.4873666961308859,0.5740565652123569,0.315725106799364
ChEMBL-hERG-Ki,MLP,ECFP4,threshold,4,0.4545187565783897,0.6392992138338902,0.3007211085073599
ChEMBL-hERG-Ki,MLP,ECFP4,valprop,0,0.4563034323723616,0.7160509818269922,0.4152517445824069
ChEMBL-hERG-Ki,MLP,ECFP4,valprop,1,0.488185755281707,0.739471431322356,0.2968689518057812
ChEMBL-hERG-Ki,MLP,ECFP4,valprop,2,0.4695564534713783,0.4748692237011794,-0.0214328544721429
ChEMBL-hERG-Ki,MLP,ECFP4,valprop,3,0.4835713266749157,0.6117956915139191,0.1941927868378036
ChEMBL-hERG-Ki,MLP,ECFP4,valprop,4,0.487216805290845,0.653113034336169,0.3862973793564757
ChEMBL-hERG-Ki,MLP,MHG-GNN-pretrained,hetero,1,0.4340362172259685,0.5518612147196542,0.1436072073695189
ChEMBL-hERG-Ki,MLP,MHG-GNN-pretrained,legacy,2,0.3240355827548037,0.6443674608115374,0.2600117685397584
ChEMBL-hERG-Ki,MLP,MHG-GNN-pretrained,legacy,3,0.4369128030091715,-1.3084456197119694,-3.8326620165022
ChEMBL-hERG-Ki,MLP,MHG-GNN-pretrained,outlier,0,0.4642664184597758,0.7159309544202117,0.2558726891527896
ChEMBL-hERG-Ki,MLP,MHG-GNN-pretrained,outlier,1,0.3950070458107357,0.7612882060319807,0.4520490450691619
ChEMBL-hERG-Ki,MLP,MHG-GNN-pretrained,quantile,0,0.5095220604505568,0.4855302957209801,-0.3042466326436794
ChEMBL-hERG-Ki,MLP,MHG-GNN-pretrained,quantile,1,0.4649571884927514,0.7408641876852443,0.4694325601072128
ChEMBL-hERG-Ki,MLP,MHG-GNN-pretrained,quantile,2,0.5025155188491688,0.5405343728458871,-0.1851668106460786
ChEMBL-hERG-Ki,MLP,MHG-GNN-pretrained,quantile,4,0.451311612827543,0.7298338914255313,0.261061927977458
ChEMBL-hERG-Ki,MLP,MHG-GNN-pretrained,threshold,0,0.48697406466397,0.5392650573037826,0.3579442796066581
ChEMBL-hERG-Ki,MLP,MHG-GNN-pretrained,threshold,1,0.3778821957257565,-1.343130125587195,-0.7791782605993194
ChEMBL-hERG-Ki,MLP,MHG-GNN-pretrained,threshold,2,0.4483285536924476,0.4382325966219155,0.0959361258255661
ChEMBL-hERG-Ki,MLP,MHG-GNN-pretrained,valprop,0,0.3739505991873872,0.6473964942668321,0.3696387382191487
ChEMBL-hERG-Ki,MLP,MHG-GNN-pretrained,valprop,1,0.3161262723234451,0.08776919024751036,0.3672034796738799
ChEMBL-hERG-Ki,MLP,MHG-GNN-pretrained,valprop,2,0.538146848337196,0.2551402302773969,0.1601338842186572
ChEMBL-hERG-Ki,MLP,MHG-GNN-pretrained,valprop,3,0.3015765157191583,0.06644652026924873,0.1495611796246024
ChEMBL-hERG-Ki,MLP,PDV,hetero,0,0.3417323208664372,-1.3991768771370245,0.1512121480094647
ChEMBL-hERG-Ki,MLP,PDV,hetero,2,0.5443116356893204,-3.4127557025417667,0.4813599638165042
ChEMBL-hERG-Ki,MLP,PDV,hetero,3,0.3120741074785433,-681.3967474897995,-210.64760123623628
ChEMBL-hERG-Ki,MLP,PDV,legacy,2,0.3435564417610672,-6.832329878999899,-1.5607401342524447
ChEMBL-hERG-Ki,MLP,PDV,outlier,2,0.5185629165899348,-0.14767625330269168,0.1745992978098245
ChEMBL-hERG-Ki,MLP,PDV,quantile,4,0.4693744174723196,0.5875267337989838,0.2193658353362539
ChEMBL-hERG-Ki,MLP,PDV,valprop,1,0.3804487998668947,0.5214860111058793,0.3081354453947276
ChEMBL-hERG-Ki,MLP,PDV,valprop,2,0.5676375698249841,-4.322365352424198,-10.682697817120465
ChEMBL-hERG-Ki,MLP,PDV,valprop,4,0.3267082991672004,0.550736272175305,0.3227768099802188
ChEMBL-hERG-Ki,MLP,SNS,hetero,0,0.5053616453503849,0.961868945168649,0.4730853180480525
ChEMBL-hERG-Ki,MLP,SNS,hetero,1,0.4547870670000221,1.0412868234460337,0.4870382848123221
ChEMBL-hERG-Ki,MLP,SNS,hetero,2,0.5102529377037659,0.8732273970053152,0.4213355574315363
ChEMBL-hERG-Ki,MLP,SNS,hetero,3,0.3542860813180849,1.0935401763113632,0.4235520769719058
ChEMBL-hERG-Ki,MLP,SNS,hetero,4,0.3828808636605427,1.099072467499104,0.3825544309030368
ChEMBL-hERG-Ki,MLP,SNS,legacy,0,0.5243655615152908,0.9379309504682332,0.5163837912309875
ChEMBL-hERG-Ki,MLP,SNS,legacy,1,0.4821691673263845,0.9111354806220842,0.4620965637246388
ChEMBL-hERG-Ki,MLP,SNS,legacy,2,0.4199368006758557,0.8843494619927876,0.3913594183402569
ChEMBL-hERG-Ki,MLP,SNS,legacy,3,0.4056277893955456,0.8610652239988925,0.3145818712717895
ChEMBL-hERG-Ki,MLP,SNS,legacy,4,0.4286354411475356,0.9255247644323265,0.4455241558947203
ChEMBL-hERG-Ki,MLP,SNS,outlier,0,0.4896826691558176,0.9395640123962866,0.4344864934981205
ChEMBL-hERG-Ki,MLP,SNS,outlier,1,0.5012315163691275,0.9392073996421246,0.5119961299202759
ChEMBL-hERG-Ki,MLP,SNS,outlier,2,0.5277647662262639,0.8739549173409012,0.361377989457595
ChEMBL-hERG-Ki,MLP,SNS,outlier,3,0.4321438898053898,0.9366884050312798,0.4280604016751413
ChEMBL-hERG-Ki,MLP,SNS,outlier,4,0.3544525498401351,1.1958641315243177,0.4577249916091236
ChEMBL-hERG-Ki,MLP,SNS,quantile,0,0.5231171016360274,0.8896689224233003,0.4976234878032382
ChEMBL-hERG-Ki,MLP,SNS,quantile,1,0.5056257036568472,0.8379402138629658,0.4644110085323772
ChEMBL-hERG-Ki,MLP,SNS,quantile,2,0.412629872911717,1.0567845190576022,0.467498086262748
ChEMBL-hERG-Ki,MLP,SNS,quantile,3,0.3452251019010757,1.0901442120609937,0.432237739166953
ChEMBL-hERG-Ki,MLP,SNS,quantile,4,0.4237428255736556,0.8591659711790319,0.4199628183458457
ChEMBL-hERG-Ki,MLP,SNS,threshold,0,0.5292995005119667,0.7269048999427307,0.464146547192654
ChEMBL-hERG-Ki,MLP,SNS,threshold,1,0.5087190518236206,0.7595740216359903,0.4547415730862267
ChEMBL-hERG-Ki,MLP,SNS,threshold,2,0.5455810814157614,0.5339042791205669,-0.0662578493900261
ChEMBL-hERG-Ki,MLP,SNS,threshold,3,0.4322575626027523,0.6532410289808804,0.3021557189362772
ChEMBL-hERG-Ki,MLP,SNS,threshold,4,0.4355163196843982,0.8036056140608363,0.4195213961187101
ChEMBL-hERG-Ki,MLP,SNS,valprop,0,0.532893207632999,0.7383947527295026,0.4272758784405857
ChEMBL-hERG-Ki,MLP,SNS,valprop,1,0.5558071828863184,0.6714262970438665,0.3635548030122952
ChEMBL-hERG-Ki,MLP,SNS,valprop,2,0.5395902592457686,0.5765603708812581,0.0785600591628831
ChEMBL-hERG-Ki,MLP,SNS,valprop,3,0.429172158199755,0.7180164101830836,0.2475853666362714
ChEMBL-hERG-Ki,MLP,SNS,valprop,4,0.4434231729622487,0.7065488376203148,0.3267790553914889
ChEMBL-hERG-Ki,MLP-BNN-Full,ECFP4,hetero,2,0.3719194469484541,0.7950398571346835,0.0855253621236019
ChEMBL-hERG-Ki,MLP-BNN-Full,ECFP4,hetero,3,0.3729731214636896,0.8158824437287776,0.0695262549381701
ChEMBL-hERG-Ki,MLP-BNN-Full,ECFP4,legacy,0,0.307481640484584,1.029291214727822,0.4534019472309816
ChEMBL-hERG-Ki,MLP-BNN-Full,ECFP4,legacy,1,0.3658272592595059,0.6800924169306284,0.2496067013436211
ChEMBL-hERG-Ki,MLP-BNN-Full,ECFP4,legacy,3,0.3382691680033788,0.6926939387407318,0.2011923312964008
ChEMBL-hERG-Ki,MLP-BNN-Full,ECFP4,outlier,1,0.4415296883468891,0.6994598041778282,0.2265994674883416
ChEMBL-hERG-Ki,MLP-BNN-Full,ECFP4,outlier,4,0.3707814296267874,0.6966134450844363,0.144505766044818
ChEMBL-hERG-Ki,MLP-BNN-Full,ECFP4,quantile,0,0.3530057595505608,0.8874287784058396,0.374327463776523
ChEMBL-hERG-Ki,MLP-BNN-Full,ECFP4,quantile,3,0.3626526196835619,0.664783110263643,0.2539251673042223
ChEMBL-hERG-Ki,MLP-BNN-Full,ECFP4,threshold,0,0.4047724431138491,0.563222031839413,0.3411974806295338
ChEMBL-hERG-Ki,MLP-BNN-Full,ECFP4,threshold,1,0.3946327369928706,0.430089643261236,0.1219740095196562
ChEMBL-hERG-Ki,MLP-BNN-Full,ECFP4,threshold,2,0.4451851125510958,0.38277696813094425,0.1246266363506062
ChEMBL-hERG-Ki,MLP-BNN-Full,ECFP4,threshold,3,0.3838539244284999,0.6119892821842805,0.1979553890790308
ChEMBL-hERG-Ki,MLP-BNN-Full,ECFP4,valprop,1,0.3835167276203034,0.5943303878040057,0.1961048250253692
ChEMBL-hERG-Ki,MLP-BNN-Full,ECFP4,valprop,2,0.3525995393436713,0.45732426125654985,0.045497582748799
ChEMBL-hERG-Ki,MLP-BNN-Full,ECFP4,valprop,3,0.4221229115407489,0.2684593139680703,0.0606328394397684
ChEMBL-hERG-Ki,MLP-BNN-Full,ECFP4,valprop,4,0.3487420899973431,0.47571241638074724,0.2705158105574679
ChEMBL-hERG-Ki,MLP-BNN-Full,MHG-GNN-pretrained,hetero,0,0.3610381022203273,-0.19075671336796107,0.2311396500086636
ChEMBL-hERG-Ki,MLP-BNN-Full,MHG-GNN-pretrained,quantile,2,0.3108431337523261,-0.5691561720371435,-0.949266192706129
ChEMBL-hERG-Ki,MLP-BNN-Full,MHG-GNN-pretrained,threshold,0,0.4238100417605107,-0.5745863374599298,0.3959992196413071
ChEMBL-hERG-Ki,MLP-BNN-Full,MHG-GNN-pretrained,valprop,0,0.4347206727297938,-1.3229942725408272,-2.7594520048939537
ChEMBL-hERG-Ki,MLP-BNN-Full,MHG-GNN-pretrained,valprop,2,0.376205034195039,-2.866946628131462,-0.2676523742190937
ChEMBL-hERG-Ki,MLP-BNN-Full,SNS,hetero,0,0.4822014211397546,0.819332264005642,0.4246623506290865
ChEMBL-hERG-Ki,MLP-BNN-Full,SNS,hetero,1,0.3330943423842988,0.8296152860118192,0.3456514156369142
ChEMBL-hERG-Ki,MLP-BNN-Full,SNS,hetero,2,0.3129768765550471,0.9363433585087282,0.1225029091230203
ChEMBL-hERG-Ki,MLP-BNN-Full,SNS,hetero,3,0.3689388577784835,0.8730342859024316,0.2783260205361226
ChEMBL-hERG-Ki,MLP-BNN-Full,SNS,legacy,0,0.495444901677355,0.5023739433918885,0.3468448127423663
ChEMBL-hERG-Ki,MLP-BNN-Full,SNS,legacy,1,0.4783280292798142,0.624402795051667,0.3694862201014078
ChEMBL-hERG-Ki,MLP-BNN-Full,SNS,legacy,2,0.3524797068944473,0.9273628440906633,0.3179835072388505
ChEMBL-hERG-Ki,MLP-BNN-Full,SNS,legacy,4,0.392405657894503,0.7268365298966459,0.3750947869608249
ChEMBL-hERG-Ki,MLP-BNN-Full,SNS,outlier,0,0.4727489585275846,0.7210394097524218,0.4048087748143205
ChEMBL-hERG-Ki,MLP-BNN-Full,SNS,outlier,2,0.4866465065051797,0.6367575013951248,0.3879940530122638
ChEMBL-hERG-Ki,MLP-BNN-Full,SNS,outlier,3,0.3527067507157257,0.7746274790943927,0.3639389503364338
ChEMBL-hERG-Ki,MLP-BNN-Full,SNS,outlier,4,0.3212422296237064,0.797784475703869,0.3926495729893031
ChEMBL-hERG-Ki,MLP-BNN-Full,SNS,quantile,0,0.4288741054142794,0.7679020768812419,0.3559958278462259
ChEMBL-hERG-Ki,MLP-BNN-Full,SNS,quantile,1,0.4438091911675764,0.7704121166666681,0.2436774954364214
ChEMBL-hERG-Ki,MLP-BNN-Full,SNS,quantile,2,0.4639587816553955,0.5826236030303212,0.225997866710524
ChEMBL-hERG-Ki,MLP-BNN-Full,SNS,quantile,4,0.4718358347767679,0.6204559730663867,0.306084331661312
ChEMBL-hERG-Ki,MLP-BNN-Full,SNS,threshold,0,0.4824605070901726,0.6288838860377154,0.2921414371399071
ChEMBL-hERG-Ki,MLP-BNN-Full,SNS,threshold,1,0.484517646941049,0.5999105058734668,0.3793836820801036
ChEMBL-hERG-Ki,MLP-BNN-Full,SNS,threshold,2,0.3589399809386825,0.6324708943407167,0.1295104914000514
ChEMBL-hERG-Ki,MLP-BNN-Full,SNS,threshold,3,0.3907210104988508,0.5949044612921238,0.1650507894966019
ChEMBL-hERG-Ki,MLP-BNN-Full,SNS,threshold,4,0.3285932664046463,0.6554779129578535,0.2597409293085051
ChEMBL-hERG-Ki,MLP-BNN-Full,SNS,valprop,0,0.3631464295970567,0.8539383208605958,0.293608752547746
ChEMBL-hERG-Ki,MLP-BNN-Full,SNS,valprop,2,0.426546177210284,0.6329327938131969,0.1173632592561613
ChEMBL-hERG-Ki,MLP-BNN-Full,SNS,valprop,4,0.3700183908574684,0.4951793599579061,0.1322495041599303
ChEMBL-hERG-Ki,MLP-VBLL-Full,ECFP4,hetero,0,0.4488826020619676,0.9320472424888621,0.3875808811159805
ChEMBL-hERG-Ki,MLP-VBLL-Full,ECFP4,hetero,1,0.5073654435599886,0.9095752230697886,0.4900393317758613
ChEMBL-hERG-Ki,MLP-VBLL-Full,ECFP4,hetero,2,0.4367451965180362,0.9895496648055702,0.4127832165831306
ChEMBL-hERG-Ki,MLP-VBLL-Full,ECFP4,hetero,3,0.5039336996096919,0.8454868455902174,0.4611679532637838
ChEMBL-hERG-Ki,MLP-VBLL-Full,ECFP4,hetero,4,0.4103365129376558,0.965574176263494,0.4412627023069477
ChEMBL-hERG-Ki,MLP-VBLL-Full,ECFP4,legacy,0,0.4641357276246608,0.8182536247308244,0.3424844337116983
ChEMBL-hERG-Ki,MLP-VBLL-Full,ECFP4,legacy,1,0.5154095236176619,0.8205743331793784,0.4353482132412785
ChEMBL-hERG-Ki,MLP-VBLL-Full,ECFP4,legacy,2,0.4836822979165662,0.7623290393373667,0.3201234089742401
ChEMBL-hERG-Ki,MLP-VBLL-Full,ECFP4,legacy,3,0.4859409298414296,0.7179135508047972,0.3724045168999973
ChEMBL-hERG-Ki,MLP-VBLL-Full,ECFP4,legacy,4,0.4368306629441824,0.8109263264842164,0.381677363148409
ChEMBL-hERG-Ki,MLP-VBLL-Full,ECFP4,outlier,0,0.4619287861637875,0.900186719919841,0.3552833231849589
ChEMBL-hERG-Ki,MLP-VBLL-Full,ECFP4,outlier,1,0.4926051438391001,0.9226075176660685,0.4332029856411282
ChEMBL-hERG-Ki,MLP-VBLL-Full,ECFP4,outlier,2,0.4839463421981681,0.7400244546719483,0.1715602740341814
ChEMBL-hERG-Ki,MLP-VBLL-Full,ECFP4,outlier,3,0.4468407385465834,0.8855856142298845,0.380058203770408
ChEMBL-hERG-Ki,MLP-VBLL-Full,ECFP4,outlier,4,0.4493175590260966,0.8653516147827606,0.4104171383677201
ChEMBL-hERG-Ki,MLP-VBLL-Full,ECFP4,quantile,0,0.4763011821644503,0.7278265395598787,0.2985200778798609
ChEMBL-hERG-Ki,MLP-VBLL-Full,ECFP4,quantile,1,0.4989136764066025,0.8217066939922308,0.3594732327668744
ChEMBL-hERG-Ki,MLP-VBLL-Full,ECFP4,quantile,2,0.5033574607052094,0.7786232463493237,0.3390104679720851
ChEMBL-hERG-Ki,MLP-VBLL-Full,ECFP4,quantile,3,0.4727981775867547,0.7722799869266297,0.3598632595555283
ChEMBL-hERG-Ki,MLP-VBLL-Full,ECFP4,quantile,4,0.4220841413824077,0.8883738235895511,0.4344254424308637
ChEMBL-hERG-Ki,MLP-VBLL-Full,ECFP4,threshold,0,0.4492227164030959,0.3466261443513851,0.0682309351965597
ChEMBL-hERG-Ki,MLP-VBLL-Full,ECFP4,threshold,1,0.5180626959361894,0.3815008086970774,0.1150770895120764
ChEMBL-hERG-Ki,MLP-VBLL-Full,ECFP4,threshold,2,0.4698037589148981,0.25137437616503666,-0.1583642134249703
ChEMBL-hERG-Ki,MLP-VBLL-Full,ECFP4,threshold,3,0.4598688572576859,0.08574178530645898,0.1449832158426272
ChEMBL-hERG-Ki,MLP-VBLL-Full,ECFP4,threshold,4,0.4279372582359719,0.26457498790568873,0.2170269798781409
ChEMBL-hERG-Ki,MLP-VBLL-Full,ECFP4,valprop,0,0.4748427971153693,0.42602281558403216,0.2332578014271812
ChEMBL-hERG-Ki,MLP-VBLL-Full,ECFP4,valprop,1,0.5123876968172589,0.4087879576309667,0.205322115919913
ChEMBL-hERG-Ki,MLP-VBLL-Full,ECFP4,valprop,2,0.4467602283215677,0.2720844455835194,-0.1719056743772999
ChEMBL-hERG-Ki,MLP-VBLL-Full,ECFP4,valprop,3,0.461252934473395,0.22834152895879767,0.2857183538810512
ChEMBL-hERG-Ki,MLP-VBLL-Full,ECFP4,valprop,4,0.4325054947730699,0.38268365274817207,0.2229714318791976
ChEMBL-hERG-Ki,MLP-VBLL-Full,MHG-GNN-pretrained,hetero,1,0.3705403185286968,-3.015998706036064,-0.2750203764446857
ChEMBL-hERG-Ki,MLP-VBLL-Full,MHG-GNN-pretrained,hetero,3,0.3493950809511369,-6.690655487608407,-8.646739181143742
ChEMBL-hERG-Ki,MLP-VBLL-Full,MHG-GNN-pretrained,legacy,4,0.4170263847956987,-0.49802529397658535,-0.0414747195390985
ChEMBL-hERG-Ki,MLP-VBLL-Full,MHG-GNN-pretrained,outlier,0,0.3924362568980255,-3.713570167948747,-1.8405136405313265
ChEMBL-hERG-Ki,MLP-VBLL-Full,MHG-GNN-pretrained,quantile,0,0.4436881575573623,-0.7832231237699538,0.0991411766510074
ChEMBL-hERG-Ki,MLP-VBLL-Full,MHG-GNN-pretrained,quantile,1,0.3474686499471473,-4.082372712525276,-0.017708042484309
ChEMBL-hERG-Ki,MLP-VBLL-Full,MHG-GNN-pretrained,quantile,4,0.3194566526251967,-0.6991070147600355,-0.4394891896881292
ChEMBL-hERG-Ki,MLP-VBLL-Full,MHG-GNN-pretrained,threshold,4,0.3818253943918005,-1.0998205595630055,-0.4077899569372323
ChEMBL-hERG-Ki,MLP-VBLL-Full,MHG-GNN-pretrained,valprop,3,0.312277751262092,-7.929419432599959,-6.193748692843457
ChEMBL-hERG-Ki,MLP-VBLL-Full,MHG-GNN-pretrained,valprop,4,0.3287329946220226,-1.1522914971974818,-1.480567168343026
ChEMBL-hERG-Ki,MLP-VBLL-Full,PDV,outlier,2,0.3412825161120166,-14.518927683731093,-3.399783567532589
ChEMBL-hERG-Ki,MLP-VBLL-Full,SNS,hetero,0,0.4826974998132511,0.9069012608181166,0.4215196079333876
ChEMBL-hERG-Ki,MLP-VBLL-Full,SNS,hetero,1,0.5172273239967873,0.9778093623162344,0.4681855288855828
ChEMBL-hERG-Ki,MLP-VBLL-Full,SNS,hetero,2,0.5585278243689954,0.921116054359944,0.5291999075447222
ChEMBL-hERG-Ki,MLP-VBLL-Full,SNS,hetero,3,0.3238106768054913,0.8612626704825667,0.2494089564559454
ChEMBL-hERG-Ki,MLP-VBLL-Full,SNS,hetero,4,0.4812147300452437,0.9004283254451422,0.4576546838538688
ChEMBL-hERG-Ki,MLP-VBLL-Full,SNS,legacy,0,0.494109212371482,0.7993747969360282,0.3504883971950596
ChEMBL-hERG-Ki,MLP-VBLL-Full,SNS,legacy,1,0.5632117633189351,0.8185550461329385,0.4123569802992453
ChEMBL-hERG-Ki,MLP-VBLL-Full,SNS,legacy,2,0.5862124958819703,0.8351711770991667,0.4259099534931966
ChEMBL-hERG-Ki,MLP-VBLL-Full,SNS,legacy,3,0.3657489765299566,0.6606572431813936,0.0816254255002749
ChEMBL-hERG-Ki,MLP-VBLL-Full,SNS,legacy,4,0.4874044710936888,0.7730805887602594,0.4730045244682841
ChEMBL-hERG-Ki,MLP-VBLL-Full,SNS,outlier,0,0.4568546254156495,0.8779902518984055,0.3448067219723286
ChEMBL-hERG-Ki,MLP-VBLL-Full,SNS,outlier,1,0.5302180877471419,0.9037953867778148,0.4507512595893453
ChEMBL-hERG-Ki,MLP-VBLL-Full,SNS,outlier,2,0.5690803361880412,0.7702505486807507,0.4194673617751837
ChEMBL-hERG-Ki,MLP-VBLL-Full,SNS,outlier,4,0.4734900728444657,0.8998844370377154,0.4859813945905019
ChEMBL-hERG-Ki,MLP-VBLL-Full,SNS,quantile,0,0.422493892590444,0.8382459174147955,0.3002467917912544
ChEMBL-hERG-Ki,MLP-VBLL-Full,SNS,quantile,1,0.5243853842652942,0.7928201569790154,0.3302579022443695
ChEMBL-hERG-Ki,MLP-VBLL-Full,SNS,quantile,2,0.5891717558500349,0.8007534211762571,0.4719499467043879
ChEMBL-hERG-Ki,MLP-VBLL-Full,SNS,quantile,3,0.3878372642080219,0.7146466372906327,0.2216234919938328
ChEMBL-hERG-Ki,MLP-VBLL-Full,SNS,quantile,4,0.4733888748646021,0.8121599682859052,0.4269737688322166
ChEMBL-hERG-Ki,MLP-VBLL-Full,SNS,threshold,0,0.4796858256246289,0.41021693851251617,0.2543747508600532
ChEMBL-hERG-Ki,MLP-VBLL-Full,SNS,threshold,1,0.5529104765744339,0.32996305574535767,-0.0411774715354944
ChEMBL-hERG-Ki,MLP-VBLL-Full,SNS,threshold,2,0.538209492570173,0.5073435791621684,0.063821843815053
ChEMBL-hERG-Ki,MLP-VBLL-Full,SNS,threshold,4,0.4602174668492325,0.3651997859341705,0.4222284105253967
ChEMBL-hERG-Ki,MLP-VBLL-Full,SNS,valprop,0,0.4753534465512736,0.4245705462518977,0.2308577297273449
ChEMBL-hERG-Ki,MLP-VBLL-Full,SNS,valprop,1,0.5329305142966676,0.4829464079865806,0.0407122503768916
ChEMBL-hERG-Ki,MLP-VBLL-Full,SNS,valprop,2,0.546217215443108,0.5091825496926726,0.1357740439692025
ChEMBL-hERG-Ki,MLP-VBLL-Full,SNS,valprop,3,0.3636056509836417,0.025857828655128916,-0.2791719750732044
ChEMBL-hERG-Ki,MLP-VBLL-Full,SNS,valprop,4,0.4694828334754023,0.3520196827195014,0.4067225372567522
ChEMBL-hERG-Ki,NGBoost,ECFP4,hetero,0,0.5470601920811069,0.9629257197076261,0.5338884843738843
ChEMBL-hERG-Ki,NGBoost,ECFP4,hetero,1,0.4593403861588393,0.9387459027289047,0.4145446527663766
ChEMBL-hERG-Ki,NGBoost,ECFP4,hetero,2,0.5357068384099,0.9438520224891879,0.4999778598395272
ChEMBL-hERG-Ki,NGBoost,ECFP4,hetero,4,0.5133949648003793,0.9185421581201819,0.5065015489615035
ChEMBL-hERG-Ki,NGBoost,ECFP4,legacy,0,0.5507939767357175,0.9167173294692182,0.5138827411627737
ChEMBL-hERG-Ki,NGBoost,ECFP4,legacy,1,0.4611664481400613,0.8864147785834865,0.3804471242682353
ChEMBL-hERG-Ki,NGBoost,ECFP4,legacy,2,0.53584055942025,0.890870743991715,0.4691579269585565
ChEMBL-hERG-Ki,NGBoost,ECFP4,legacy,4,0.5131345906515077,0.871201691075676,0.4937552848373907
ChEMBL-hERG-Ki,NGBoost,ECFP4,outlier,0,0.5502396729261643,0.8932503864640151,0.4833031715572666
ChEMBL-hERG-Ki,NGBoost,ECFP4,outlier,1,0.4611106108203502,0.9212849553289718,0.3608020319012329
ChEMBL-hERG-Ki,NGBoost,ECFP4,outlier,2,0.5394919123613021,0.7852217576778111,0.4600585813812072
ChEMBL-hERG-Ki,NGBoost,ECFP4,outlier,4,0.5113735458135162,0.9272551582138192,0.5087954037221393
ChEMBL-hERG-Ki,NGBoost,ECFP4,quantile,0,0.5491995463456161,0.8523799257251201,0.4849350114791226
ChEMBL-hERG-Ki,NGBoost,ECFP4,quantile,1,0.4597627460309418,0.8636828349012685,0.3696652794826323
ChEMBL-hERG-Ki,NGBoost,ECFP4,quantile,2,0.5365760765387694,0.8482664647965729,0.45198886621638
ChEMBL-hERG-Ki,NGBoost,ECFP4,quantile,4,0.5136120921886259,0.7860935219663181,0.3963586416866405
ChEMBL-hERG-Ki,NGBoost,ECFP4,threshold,0,0.5508551382192876,0.7474182505107864,0.4485970662652615
ChEMBL-hERG-Ki,NGBoost,ECFP4,threshold,1,0.4620468669602507,0.6789270360369393,0.1611007264382404
ChEMBL-hERG-Ki,NGBoost,ECFP4,threshold,2,0.5348541641169311,0.6747075838447347,0.3802537673339943
ChEMBL-hERG-Ki,NGBoost,ECFP4,threshold,4,0.5111090228420923,0.7193924616227243,0.4595447588288801
ChEMBL-hERG-Ki,NGBoost,ECFP4,valprop,0,0.5465520526304615,0.7375081203902155,0.4327008395220262
ChEMBL-hERG-Ki,NGBoost,ECFP4,valprop,1,0.4592359744701574,0.717038168921676,0.2322549215386135
ChEMBL-hERG-Ki,NGBoost,ECFP4,valprop,2,0.5358477362533502,0.6791320635713771,0.3569230386524794
ChEMBL-hERG-Ki,NGBoost,ECFP4,valprop,4,0.5094195356321645,0.7153779413355481,0.4783505097151275
ChEMBL-hERG-Ki,NGBoost,MHG-GNN-pretrained,hetero,0,0.5857166023753179,0.9643320874886734,0.5917588770084621
ChEMBL-hERG-Ki,NGBoost,MHG-GNN-pretrained,hetero,1,0.5699100339947804,0.9674209858892583,0.5601134391035905
ChEMBL-hERG-Ki,NGBoost,MHG-GNN-pretrained,hetero,2,0.4520407409287047,0.917180840668554,0.4084279540463549
ChEMBL-hERG-Ki,NGBoost,MHG-GNN-pretrained,hetero,3,0.5114092841318234,0.9449553178493358,0.5022955920180167
ChEMBL-hERG-Ki,NGBoost,MHG-GNN-pretrained,hetero,4,0.3937384979822173,0.935044783860992,0.3381574100475797
ChEMBL-hERG-Ki,NGBoost,MHG-GNN-pretrained,legacy,0,0.5864971916606855,0.931911807361629,0.5792063229904149
ChEMBL-hERG-Ki,NGBoost,MHG-GNN-pretrained,legacy,1,0.5705487089615201,0.9243840038152005,0.5314524666016989
ChEMBL-hERG-Ki,NGBoost,MHG-GNN-pretrained,legacy,2,0.4464180852311188,0.8738979886878827,0.3938101496971287
ChEMBL-hERG-Ki,NGBoost,MHG-GNN-pretrained,legacy,3,0.5118036137562516,0.8978166610006588,0.5052717793588725
ChEMBL-hERG-Ki,NGBoost,MHG-GNN-pretrained,legacy,4,0.3943716096536863,0.8893675085387818,0.2864055128564478
ChEMBL-hERG-Ki,NGBoost,MHG-GNN-pretrained,outlier,0,0.5847101056502346,0.9353173880005223,0.5943714206177833
ChEMBL-hERG-Ki,NGBoost,MHG-GNN-pretrained,outlier,1,0.5675832491363005,0.9179867570189537,0.5587514796660726
ChEMBL-hERG-Ki,NGBoost,MHG-GNN-pretrained,outlier,2,0.4515394067069208,0.8035146625145024,0.2707131461099442
ChEMBL-hERG-Ki,NGBoost,MHG-GNN-pretrained,outlier,3,0.5122319638902357,0.923296751745141,0.5059599631933474
ChEMBL-hERG-Ki,NGBoost,MHG-GNN-pretrained,outlier,4,0.391388012717753,0.7402797571557864,0.3230346691355762
ChEMBL-hERG-Ki,NGBoost,MHG-GNN-pretrained,quantile,0,0.5837844261914678,0.8979555129520551,0.5641790739254858
ChEMBL-hERG-Ki,NGBoost,MHG-GNN-pretrained,quantile,1,0.5701900373045684,0.870426227240487,0.5180900070240855
ChEMBL-hERG-Ki,NGBoost,MHG-GNN-pretrained,quantile,2,0.4495819531361755,0.8047875259362821,0.289861639394536
ChEMBL-hERG-Ki,NGBoost,MHG-GNN-pretrained,quantile,3,0.5135829105995113,0.8290824678619619,0.4793551991007365
ChEMBL-hERG-Ki,NGBoost,MHG-GNN-pretrained,quantile,4,0.3973337172927956,0.7340545130230836,0.3477924842875435
ChEMBL-hERG-Ki,NGBoost,MHG-GNN-pretrained,threshold,0,0.5839439905821755,0.7509169455741036,0.5221428033407657
ChEMBL-hERG-Ki,NGBoost,MHG-GNN-pretrained,threshold,1,0.5708020947481613,0.7424418861487658,0.432340485979104
ChEMBL-hERG-Ki,NGBoost,MHG-GNN-pretrained,threshold,2,0.4516366779881248,0.5765081382819156,0.2803016082873043
ChEMBL-hERG-Ki,NGBoost,MHG-GNN-pretrained,threshold,3,0.5102366836753713,0.6958830980585038,0.3884087422443656
ChEMBL-hERG-Ki,NGBoost,MHG-GNN-pretrained,threshold,4,0.3971533301464746,0.6192576088393761,0.082238717222175
ChEMBL-hERG-Ki,NGBoost,MHG-GNN-pretrained,valprop,0,0.582833307476954,0.7717113631655939,0.5244303500981237
ChEMBL-hERG-Ki,NGBoost,MHG-GNN-pretrained,valprop,1,0.5682527596563621,0.7425610132503611,0.4405799606621453
ChEMBL-hERG-Ki,NGBoost,MHG-GNN-pretrained,valprop,2,0.4503947790177708,0.5375846862924094,0.2888414573913495
ChEMBL-hERG-Ki,NGBoost,MHG-GNN-pretrained,valprop,3,0.5117962107510186,0.702066008176986,0.4079875144874771
ChEMBL-hERG-Ki,NGBoost,MHG-GNN-pretrained,valprop,4,0.3970295577657902,0.5369072644536009,0.0709404086187273
ChEMBL-hERG-Ki,NGBoost,PDV,hetero,0,0.4622358848096753,0.9547387855121615,0.4157928412666224
ChEMBL-hERG-Ki,NGBoost,PDV,hetero,1,0.46266129806436,0.970817336089218,0.4473939224145076
ChEMBL-hERG-Ki,NGBoost,PDV,hetero,2,0.5484987808602815,0.9333277597719115,0.5223734736308916
ChEMBL-hERG-Ki,NGBoost,PDV,hetero,3,0.4878530534104778,0.9574631247477329,0.4664266855464406
ChEMBL-hERG-Ki,NGBoost,PDV,legacy,0,0.4635224514766111,0.9081444254525163,0.3613972892889432
ChEMBL-hERG-Ki,NGBoost,PDV,legacy,1,0.4625807661647719,0.9530888951505688,0.4299623971135257
ChEMBL-hERG-Ki,NGBoost,PDV,legacy,2,0.5460925348803372,0.8857280232793419,0.4974138966540347
ChEMBL-hERG-Ki,NGBoost,PDV,legacy,3,0.4848707268265408,0.9149627638847546,0.462535992230638
ChEMBL-hERG-Ki,NGBoost,PDV,outlier,0,0.4608354776717878,0.9781865769633067,0.434023121242973
ChEMBL-hERG-Ki,NGBoost,PDV,outlier,1,0.4634264786679821,0.8580774991308552,0.4542562143557741
ChEMBL-hERG-Ki,NGBoost,PDV,outlier,2,0.5447501094383076,0.907291207253405,0.5161908304637192
ChEMBL-hERG-Ki,NGBoost,PDV,outlier,3,0.4873457725033679,0.8980346621567006,0.4601345274503313
ChEMBL-hERG-Ki,NGBoost,PDV,quantile,0,0.4625696718560653,0.9301796593901567,0.4185847604597353
ChEMBL-hERG-Ki,NGBoost,PDV,quantile,1,0.4636363189527351,0.8906139652475684,0.4551485750771992
ChEMBL-hERG-Ki,NGBoost,PDV,quantile,2,0.5455756467734661,0.8784662642831266,0.5185074739025375
ChEMBL-hERG-Ki,NGBoost,PDV,quantile,3,0.4871349478323945,0.8806541119618224,0.4653892893493295
ChEMBL-hERG-Ki,NGBoost,PDV,threshold,0,0.4619696248527954,0.7563960005134192,0.2439873041931159
ChEMBL-hERG-Ki,NGBoost,PDV,threshold,1,0.461413322534857,0.7864677186148582,0.3618555127098319
ChEMBL-hERG-Ki,NGBoost,PDV,threshold,2,0.5474421278461779,0.6847602927991423,0.3648023996112094
ChEMBL-hERG-Ki,NGBoost,PDV,threshold,3,0.4851607335197325,0.7810174873009474,0.3896857089784247
ChEMBL-hERG-Ki,NGBoost,PDV,valprop,0,0.4609182976060408,0.7974792478743639,0.2825473432004809
ChEMBL-hERG-Ki,NGBoost,PDV,valprop,1,0.4610712424647745,0.8239285823362881,0.3886204257643442
ChEMBL-hERG-Ki,NGBoost,PDV,valprop,2,0.5478445844516879,0.6711481654724236,0.3774775532696867
ChEMBL-hERG-Ki,NGBoost,PDV,valprop,3,0.4881929380866214,0.7511757894225152,0.3788159868191207
ChEMBL-hERG-Ki,NGBoost,SNS,hetero,0,0.5718661977163739,0.9762532693821462,0.5465862525383463
ChEMBL-hERG-Ki,NGBoost,SNS,hetero,1,0.4940675446194736,0.9269904883964271,0.4739935834671056
ChEMBL-hERG-Ki,NGBoost,SNS,hetero,2,0.4964022512871054,0.9644861228923466,0.4850650379500885
ChEMBL-hERG-Ki,NGBoost,SNS,hetero,3,0.3188732264104262,0.9469307548494574,0.2751050102922701
ChEMBL-hERG-Ki,NGBoost,SNS,hetero,4,0.3534873966984058,1.0065392323327154,0.3418492329457159
ChEMBL-hERG-Ki,NGBoost,SNS,legacy,0,0.5727900427464689,0.9516982387664861,0.5361150201506304
ChEMBL-hERG-Ki,NGBoost,SNS,legacy,1,0.4906018773083307,0.8883200614410687,0.4408923436217284
ChEMBL-hERG-Ki,NGBoost,SNS,legacy,2,0.4967890729521055,0.9204261850352811,0.4587850204444187
ChEMBL-hERG-Ki,NGBoost,SNS,legacy,3,0.3115586795217305,0.9199780036863915,0.2339179590719841
ChEMBL-hERG-Ki,NGBoost,SNS,legacy,4,0.3471248075170429,0.9742574717275156,0.3311457657184775
ChEMBL-hERG-Ki,NGBoost,SNS,outlier,0,0.5738235903491209,0.9185748797248562,0.5192761256156133
ChEMBL-hERG-Ki,NGBoost,SNS,outlier,1,0.493540817453185,0.8228228942763139,0.4378953260171971
ChEMBL-hERG-Ki,NGBoost,SNS,outlier,2,0.4964342775860964,0.8355703930059798,0.4076651718143246
ChEMBL-hERG-Ki,NGBoost,SNS,outlier,3,0.3064656473975242,0.9261518513680799,0.1531560277480532
ChEMBL-hERG-Ki,NGBoost,SNS,outlier,4,0.3516962928948622,0.751852967386188,0.2851552248439895
ChEMBL-hERG-Ki,NGBoost,SNS,quantile,0,0.5722673987176097,0.8787428242278268,0.5181742102333863
ChEMBL-hERG-Ki,NGBoost,SNS,quantile,1,0.4935509649658873,0.7846266697672856,0.4354689845449384
ChEMBL-hERG-Ki,NGBoost,SNS,quantile,2,0.4965920417423051,0.8742852399696092,0.424605845611777
ChEMBL-hERG-Ki,NGBoost,SNS,quantile,3,0.3147779772920855,0.7887393375195441,0.1647834178453283
ChEMBL-hERG-Ki,NGBoost,SNS,quantile,4,0.3509077014777344,0.7727941100341987,0.2954613264186814
ChEMBL-hERG-Ki,NGBoost,SNS,threshold,0,0.5742044731994025,0.8173689141531618,0.4712150751169238
ChEMBL-hERG-Ki,NGBoost,SNS,threshold,1,0.491854857617825,0.7228760825896516,0.3732771106674144
ChEMBL-hERG-Ki,NGBoost,SNS,threshold,2,0.4957573086964336,0.767657927605482,0.3950221727406189
ChEMBL-hERG-Ki,NGBoost,SNS,threshold,3,0.3152062385422088,0.5468108461090018,-0.0418472447018622
ChEMBL-hERG-Ki,NGBoost,SNS,threshold,4,0.3445928205024693,0.697733767963704,0.2596909254373586
ChEMBL-hERG-Ki,NGBoost,SNS,valprop,0,0.5735514816802993,0.8184956474873146,0.4773630661343064
ChEMBL-hERG-Ki,NGBoost,SNS,valprop,1,0.4939290525160318,0.7522711363238574,0.3735362870838044
ChEMBL-hERG-Ki,NGBoost,SNS,valprop,2,0.4970353861442836,0.7774647021882929,0.4107100709662126
ChEMBL-hERG-Ki,NGBoost,SNS,valprop,3,0.3128945419976026,0.5733347258994058,-0.0837123083798336
ChEMBL-hERG-Ki,NGBoost,SNS,valprop,4,0.3523048777934684,0.7057614498542449,0.2302427335423633
ChEMBL-hERG-Ki,QRF,ECFP4,hetero,0,0.5720192380313487,0.9479661358212884,0.544607160614665
ChEMBL-hERG-Ki,QRF,ECFP4,hetero,1,0.3047532527882415,0.8565503055624589,0.2355188471271604
ChEMBL-hERG-Ki,QRF,ECFP4,hetero,2,0.3653512996157202,0.920894344083911,0.3198699270158404
ChEMBL-hERG-Ki,QRF,ECFP4,hetero,3,0.4100688562306299,0.9752509510872656,0.4420432473735304
ChEMBL-hERG-Ki,QRF,ECFP4,hetero,4,0.4464681304611452,0.9423707041039064,0.3985030108829855
ChEMBL-hERG-Ki,QRF,ECFP4,legacy,0,0.5720192380313487,0.856395892933796,0.4883110939958275
ChEMBL-hERG-Ki,QRF,ECFP4,legacy,1,0.3047532527882415,0.5857531021284152,0.1742893623518423
ChEMBL-hERG-Ki,QRF,ECFP4,legacy,2,0.3653512996157202,0.7930964065489351,0.2879411246504553
ChEMBL-hERG-Ki,QRF,ECFP4,legacy,3,0.4100688562306299,0.8229864185367406,0.3778626963083021
ChEMBL-hERG-Ki,QRF,ECFP4,legacy,4,0.4464681304611452,0.7804264654626942,0.2719385693444246
ChEMBL-hERG-Ki,QRF,ECFP4,outlier,0,0.5720192380313487,0.8647981150498706,0.5131353305734889
ChEMBL-hERG-Ki,QRF,ECFP4,outlier,1,0.3047532527882415,0.8927803039826658,0.2677932655164813
ChEMBL-hERG-Ki,QRF,ECFP4,outlier,2,0.3653512996157202,0.9659390710212449,0.3342641629240235
ChEMBL-hERG-Ki,QRF,ECFP4,outlier,3,0.4100688562306299,0.8361403239073483,0.3242219881004972
ChEMBL-hERG-Ki,QRF,ECFP4,outlier,4,0.4464681304611452,0.8382649088192085,0.2367005980748001
ChEMBL-hERG-Ki,QRF,ECFP4,quantile,0,0.5720192380313487,0.9540361876479294,0.5537470235489902
ChEMBL-hERG-Ki,QRF,ECFP4,quantile,1,0.3047532527882415,0.8965388716324352,0.2694767252079001
ChEMBL-hERG-Ki,QRF,ECFP4,quantile,2,0.3653512996157202,0.8700185951688185,0.2991302146384023
ChEMBL-hERG-Ki,QRF,ECFP4,quantile,3,0.4100688562306299,0.7995213185703436,0.2711503049458101
ChEMBL-hERG-Ki,QRF,ECFP4,quantile,4,0.4464681304611452,0.7958388995451646,0.2481796074350551
ChEMBL-hERG-Ki,QRF,ECFP4,threshold,0,0.5720192380313487,0.40170568205425505,0.1515096159388725
ChEMBL-hERG-Ki,QRF,ECFP4,threshold,1,0.3047532527882415,-0.4966747229432494,-0.1252335765502275
ChEMBL-hERG-Ki,QRF,ECFP4,threshold,2,0.3653512996157202,0.04191130301094634,0.0332798043717269
ChEMBL-hERG-Ki,QRF,ECFP4,threshold,3,0.4100688562306299,-0.017636778514098728,0.071533096769954
ChEMBL-hERG-Ki,QRF,ECFP4,threshold,4,0.4464681304611452,0.04121398306905656,-0.2299430659016603
ChEMBL-hERG-Ki,QRF,ECFP4,valprop,0,0.5720192380313487,0.4342905110978602,0.1605651092181443
ChEMBL-hERG-Ki,QRF,ECFP4,valprop,1,0.3047532527882415,-0.399543197870481,-0.1269345097813026
ChEMBL-hERG-Ki,QRF,ECFP4,valprop,2,0.3653512996157202,0.18641582734776752,0.0847653133998692
ChEMBL-hERG-Ki,QRF,ECFP4,valprop,3,0.4100688562306299,0.11104152954570014,0.1007471041360315
ChEMBL-hERG-Ki,QRF,ECFP4,valprop,4,0.4464681304611452,0.12292623978610046,-0.1695598886409191
ChEMBL-hERG-Ki,QRF,MHG-GNN-pretrained,hetero,0,0.5856444859584946,0.9374889289652972,0.5264771183994009
ChEMBL-hERG-Ki,QRF,MHG-GNN-pretrained,hetero,1,0.5506669847077116,0.8939679237867313,0.474769735544546
ChEMBL-hERG-Ki,QRF,MHG-GNN-pretrained,hetero,2,0.5990279605645419,0.9331477247919502,0.5955389146591499
ChEMBL-hERG-Ki,QRF,MHG-GNN-pretrained,hetero,3,0.3580681309876848,0.8497386500217436,0.3080877724601366
ChEMBL-hERG-Ki,QRF,MHG-GNN-pretrained,hetero,4,0.5873797771405973,0.949058701639745,0.566207072436286
ChEMBL-hERG-Ki,QRF,MHG-GNN-pretrained,legacy,0,0.5856444859584946,0.8583338134009949,0.464900728887723
ChEMBL-hERG-Ki,QRF,MHG-GNN-pretrained,legacy,1,0.5506669847077116,0.8121159161138787,0.4103024863528617
ChEMBL-hERG-Ki,QRF,MHG-GNN-pretrained,legacy,2,0.5990279605645419,0.8310878711976193,0.527051268180256
ChEMBL-hERG-Ki,QRF,MHG-GNN-pretrained,legacy,3,0.3580681309876848,0.7432363783802034,0.3177324408106534
ChEMBL-hERG-Ki,QRF,MHG-GNN-pretrained,legacy,4,0.5873797771405973,0.8517518376185929,0.5133683417097485
ChEMBL-hERG-Ki,QRF,MHG-GNN-pretrained,outlier,0,0.5856444859584946,0.8799923981359568,0.5493005560038944
ChEMBL-hERG-Ki,QRF,MHG-GNN-pretrained,outlier,1,0.5506669847077116,0.8258543980625972,0.5075283033188775
ChEMBL-hERG-Ki,QRF,MHG-GNN-pretrained,outlier,2,0.5990279605645419,0.8772605505084408,0.4895766175960389
ChEMBL-hERG-Ki,QRF,MHG-GNN-pretrained,outlier,3,0.3580681309876848,0.8177959475654168,0.3159056208070495
ChEMBL-hERG-Ki,QRF,MHG-GNN-pretrained,outlier,4,0.5873797771405973,0.9446425374528515,0.5707888497604527
ChEMBL-hERG-Ki,QRF,MHG-GNN-pretrained,quantile,0,0.5856444859584946,0.842991155272879,0.4754003884485047
ChEMBL-hERG-Ki,QRF,MHG-GNN-pretrained,quantile,1,0.5506669847077116,0.8415606109931524,0.4453298928143121
ChEMBL-hERG-Ki,QRF,MHG-GNN-pretrained,quantile,2,0.5990279605645419,0.8437882297391169,0.4903093228031503
ChEMBL-hERG-Ki,QRF,MHG-GNN-pretrained,quantile,3,0.3580681309876848,0.7546860437930523,0.2781905550132829
ChEMBL-hERG-Ki,QRF,MHG-GNN-pretrained,quantile,4,0.5873797771405973,0.8954376431579348,0.5467023378415513
ChEMBL-hERG-Ki,QRF,MHG-GNN-pretrained,threshold,0,0.5856444859584946,0.5073258771636063,0.2352964103446317
ChEMBL-hERG-Ki,QRF,MHG-GNN-pretrained,threshold,1,0.5506669847077116,0.3746348071763835,0.1338398212102408
ChEMBL-hERG-Ki,QRF,MHG-GNN-pretrained,threshold,2,0.5990279605645419,0.43596891123804293,0.2291827398961956
ChEMBL-hERG-Ki,QRF,MHG-GNN-pretrained,threshold,3,0.3580681309876848,0.16956568436958505,0.0921758740422654
ChEMBL-hERG-Ki,QRF,MHG-GNN-pretrained,threshold,4,0.5873797771405973,0.49193898823997256,0.265253374332616
ChEMBL-hERG-Ki,QRF,MHG-GNN-pretrained,valprop,0,0.5856444859584946,0.5389117156706715,0.1758009161721617
ChEMBL-hERG-Ki,QRF,MHG-GNN-pretrained,valprop,1,0.5506669847077116,0.41671701818999507,0.1850087456373329
ChEMBL-hERG-Ki,QRF,MHG-GNN-pretrained,valprop,2,0.5990279605645419,0.4302193379615804,0.2734053095594897
ChEMBL-hERG-Ki,QRF,MHG-GNN-pretrained,valprop,3,0.3580681309876848,0.22827047724306707,0.0392750382240708
ChEMBL-hERG-Ki,QRF,MHG-GNN-pretrained,valprop,4,0.5873797771405973,0.5086912461198941,0.2789184050263023
ChEMBL-hERG-Ki,QRF,PDV,hetero,0,0.5707194469909934,0.924772325254876,0.498409702551406
ChEMBL-hERG-Ki,QRF,PDV,hetero,1,0.5284739592085548,0.9586217065975309,0.5195083630419843
ChEMBL-hERG-Ki,QRF,PDV,hetero,2,0.4845079537712998,0.9391938094292669,0.4487708559626335
ChEMBL-hERG-Ki,QRF,PDV,hetero,3,0.4068534858441062,0.9216571403407566,0.3786911254983904
ChEMBL-hERG-Ki,QRF,PDV,hetero,4,0.4332951865567915,0.9594086673969445,0.381807736388069
ChEMBL-hERG-Ki,QRF,PDV,legacy,0,0.5707194469909934,0.8510723009646622,0.4610423696955862
ChEMBL-hERG-Ki,QRF,PDV,legacy,1,0.5284739592085548,0.8704773079921929,0.4808347753667698
ChEMBL-hERG-Ki,QRF,PDV,legacy,2,0.4845079537712998,0.8652817158133226,0.4447872042012175
ChEMBL-hERG-Ki,QRF,PDV,legacy,3,0.4068534858441062,0.8351261135707361,0.3431537685876868
ChEMBL-hERG-Ki,QRF,PDV,legacy,4,0.4332951865567915,0.8560805410045715,0.3544692595838989
ChEMBL-hERG-Ki,QRF,PDV,outlier,0,0.5707194469909934,0.8698731627839525,0.4850327749622332
ChEMBL-hERG-Ki,QRF,PDV,outlier,1,0.5284739592085548,0.9350873418502373,0.507699710360288
ChEMBL-hERG-Ki,QRF,PDV,outlier,2,0.4845079537712998,0.9294360025110232,0.4434583574077939
ChEMBL-hERG-Ki,QRF,PDV,outlier,3,0.4068534858441062,0.9350329936703013,0.4114396184384387
ChEMBL-hERG-Ki,QRF,PDV,outlier,4,0.4332951865567915,0.9035559656394665,0.3466529975791064
ChEMBL-hERG-Ki,QRF,PDV,quantile,0,0.5707194469909934,0.8680757804469353,0.4968604777554858
ChEMBL-hERG-Ki,QRF,PDV,quantile,1,0.5284739592085548,0.9017179798007839,0.498530549240474
ChEMBL-hERG-Ki,QRF,PDV,quantile,2,0.4845079537712998,0.8781682685620594,0.4184345755007503
ChEMBL-hERG-Ki,QRF,PDV,quantile,3,0.4068534858441062,0.8683530178644638,0.3497190914288322
ChEMBL-hERG-Ki,QRF,PDV,quantile,4,0.4332951865567915,0.8801359439299814,0.3030082565068094
ChEMBL-hERG-Ki,QRF,PDV,threshold,0,0.5707194469909934,0.5025540168045767,0.2045867487962096
ChEMBL-hERG-Ki,QRF,PDV,threshold,1,0.5284739592085548,0.4447522239371105,0.2670540647893891
ChEMBL-hERG-Ki,QRF,PDV,threshold,2,0.4845079537712998,0.48012824572039725,0.2254220999436761
ChEMBL-hERG-Ki,QRF,PDV,threshold,3,0.4068534858441062,0.2658456457121927,0.1217026396463784
ChEMBL-hERG-Ki,QRF,PDV,threshold,4,0.4332951865567915,0.45764665761302203,0.213860570855864
ChEMBL-hERG-Ki,QRF,PDV,valprop,0,0.5707194469909934,0.5165080422752246,0.2128005282952083
ChEMBL-hERG-Ki,QRF,PDV,valprop,1,0.5284739592085548,0.46756464569293826,0.2989644601333037
ChEMBL-hERG-Ki,QRF,PDV,valprop,2,0.4845079537712998,0.5227660881930255,0.2534839163933046
ChEMBL-hERG-Ki,QRF,PDV,valprop,3,0.4068534858441062,0.3115270256119126,0.0760503207856112
ChEMBL-hERG-Ki,QRF,PDV,valprop,4,0.4332951865567915,0.5192751047358485,0.2240466578390167
ChEMBL-hERG-Ki,QRF,SNS,hetero,0,0.6188669037931998,0.9335640860717604,0.5709123200041637
ChEMBL-hERG-Ki,QRF,SNS,hetero,1,0.5632681848849552,0.8863625533430025,0.5110166596178664
ChEMBL-hERG-Ki,QRF,SNS,hetero,2,0.4543338070666484,0.9187430376896389,0.4608673034538325
ChEMBL-hERG-Ki,QRF,SNS,hetero,3,0.4900094321347062,0.9168836850546597,0.4381010120716709
ChEMBL-hERG-Ki,QRF,SNS,hetero,4,0.4419994038762801,0.8709453891179295,0.4326469623529173
ChEMBL-hERG-Ki,QRF,SNS,legacy,0,0.6188669037931998,0.8276938217249207,0.4761660742420396
ChEMBL-hERG-Ki,QRF,SNS,legacy,1,0.5632681848849552,0.7503956365472112,0.4214156643319435
ChEMBL-hERG-Ki,QRF,SNS,legacy,2,0.4543338070666484,0.776855217550205,0.4360141396617886
ChEMBL-hERG-Ki,QRF,SNS,legacy,3,0.4900094321347062,0.8026489037275586,0.3865917217531747
ChEMBL-hERG-Ki,QRF,SNS,legacy,4,0.4419994038762801,0.7417243677665827,0.365958080850535
ChEMBL-hERG-Ki,QRF,SNS,outlier,0,0.6188669037931998,0.8974697590465156,0.5754739413219299
ChEMBL-hERG-Ki,QRF,SNS,outlier,1,0.5632681848849552,0.8355176234680377,0.4862313303604975
ChEMBL-hERG-Ki,QRF,SNS,outlier,2,0.4543338070666484,0.7469777715566321,0.4324774115643894
ChEMBL-hERG-Ki,QRF,SNS,outlier,3,0.4900094321347062,0.9110010474842445,0.4528516991459458
ChEMBL-hERG-Ki,QRF,SNS,outlier,4,0.4419994038762801,0.9070711622102087,0.4186084239979637
ChEMBL-hERG-Ki,QRF,SNS,quantile,0,0.6188669037931998,0.908895805136935,0.598016766329985
ChEMBL-hERG-Ki,QRF,SNS,quantile,1,0.5632681848849552,0.8906225242798528,0.489086348955569
ChEMBL-hERG-Ki,QRF,SNS,quantile,2,0.4543338070666484,0.7007695649048242,0.4636455603052032
ChEMBL-hERG-Ki,QRF,SNS,quantile,3,0.4900094321347062,0.8505930836909217,0.422232007172828
ChEMBL-hERG-Ki,QRF,SNS,quantile,4,0.4419994038762801,0.7065933500338684,0.3475921468323452
ChEMBL-hERG-Ki,QRF,SNS,threshold,0,0.6188669037931998,0.26174114514593394,0.2016790504761975
ChEMBL-hERG-Ki,QRF,SNS,threshold,1,0.5632681848849552,0.08300006604267293,0.0905227949569827
ChEMBL-hERG-Ki,QRF,SNS,threshold,2,0.4543338070666484,-0.046644818213991884,0.1576258322863838
ChEMBL-hERG-Ki,QRF,SNS,threshold,3,0.4900094321347062,0.17784391283528134,0.0138106049796915
ChEMBL-hERG-Ki,QRF,SNS,threshold,4,0.4419994038762801,-0.18601031679883842,0.0704436099899606
ChEMBL-hERG-Ki,QRF,SNS,valprop,0,0.6188669037931998,0.2993305972532202,0.223969350536157
ChEMBL-hERG-Ki,QRF,SNS,valprop,1,0.5632681848849552,0.20487636197858694,0.1047724930194182
ChEMBL-hERG-Ki,QRF,SNS,valprop,2,0.4543338070666484,0.014548638304905631,0.1667041996540057
ChEMBL-hERG-Ki,QRF,SNS,valprop,3,0.4900094321347062,0.2791305468503423,0.1007421038851847
ChEMBL-hERG-Ki,QRF,SNS,valprop,4,0.4419994038762801,-0.05749979765350459,0.1064491187104619
ChEMBL-hERG-Ki,RF,ECFP4,hetero,0,0.5405050518331075,0.964872229012803,0.5232808267344015
ChEMBL-hERG-Ki,RF,ECFP4,hetero,1,0.6334199784574035,0.9596767727671752,0.6070637264454681
ChEMBL-hERG-Ki,RF,ECFP4,hetero,2,0.4430771939926793,0.9252441227109587,0.3954090164485816
ChEMBL-hERG-Ki,RF,ECFP4,hetero,3,0.3213722541991943,0.9659205925437302,0.3242651614686814
ChEMBL-hERG-Ki,RF,ECFP4,hetero,4,0.5407348085485093,0.9753643355051255,0.530604947622473
ChEMBL-hERG-Ki,RF,ECFP4,legacy,0,0.5405050518331074,0.8948693092580263,0.5077192716037493
ChEMBL-hERG-Ki,RF,ECFP4,legacy,1,0.6334199784574035,0.9112086042339687,0.5821365604358406
ChEMBL-hERG-Ki,RF,ECFP4,legacy,2,0.4430771939926792,0.831909611991619,0.3608141787061908
ChEMBL-hERG-Ki,RF,ECFP4,legacy,3,0.3213722541991942,0.8495847888126703,0.305207630376781
ChEMBL-hERG-Ki,RF,ECFP4,legacy,4,0.5407348085485093,0.9188496305844025,0.502957187757303
ChEMBL-hERG-Ki,RF,ECFP4,outlier,0,0.5405050518331075,0.9439485232869199,0.5161608622894579
ChEMBL-hERG-Ki,RF,ECFP4,outlier,1,0.6334199784574033,0.9116374677567145,0.6216086114940792
ChEMBL-hERG-Ki,RF,ECFP4,outlier,2,0.4430771939926792,0.7393783552501321,0.3413460472470825
ChEMBL-hERG-Ki,RF,ECFP4,outlier,3,0.3213722541991943,0.9040471803679115,0.3214857873308686
ChEMBL-hERG-Ki,RF,ECFP4,outlier,4,0.5407348085485093,0.9580999393324283,0.4752665593363742
ChEMBL-hERG-Ki,RF,ECFP4,quantile,0,0.5405050518331074,0.8461598400537436,0.5051260023527051
ChEMBL-hERG-Ki,RF,ECFP4,quantile,1,0.6334199784574035,0.8614568870408219,0.5815688038898488
ChEMBL-hERG-Ki,RF,ECFP4,quantile,2,0.443077193992679,0.7123752847925975,0.3575993820372105
ChEMBL-hERG-Ki,RF,ECFP4,quantile,3,0.321372254199194,0.7802156278722946,0.2826558861580512
ChEMBL-hERG-Ki,RF,ECFP4,quantile,4,0.5407348085485094,0.9146637359027754,0.4336311413778159
ChEMBL-hERG-Ki,RF,ECFP4,threshold,0,0.5405050518331076,0.5613996982712414,0.3357765221446653
ChEMBL-hERG-Ki,RF,ECFP4,threshold,1,0.6334199784574035,0.6356054541295258,0.438343466085656
ChEMBL-hERG-Ki,RF,ECFP4,threshold,2,0.4430771939926792,0.37005962156931516,0.1851096091184816
ChEMBL-hERG-Ki,RF,ECFP4,threshold,3,0.3213722541991942,0.28964896395862916,0.1666239075032271
ChEMBL-hERG-Ki,RF,ECFP4,threshold,4,0.5407348085485093,0.6561170452190365,0.3678926212327087
ChEMBL-hERG-Ki,RF,ECFP4,valprop,0,0.5405050518331074,0.6185490494538637,0.3416497512932855
ChEMBL-hERG-Ki,RF,ECFP4,valprop,1,0.6334199784574035,0.6434692540469414,0.4456115921238567
ChEMBL-hERG-Ki,RF,ECFP4,valprop,2,0.4430771939926791,0.41125081578939005,0.1744845473567493
ChEMBL-hERG-Ki,RF,ECFP4,valprop,3,0.3213722541991942,0.369098609938052,0.1874691324374181
ChEMBL-hERG-Ki,RF,ECFP4,valprop,4,0.5407348085485093,0.6832890814576109,0.3760649333468754
ChEMBL-hERG-Ki,RF,MHG-GNN-pretrained,hetero,0,0.579300175389579,0.9663805796550199,0.539444437161209
ChEMBL-hERG-Ki,RF,MHG-GNN-pretrained,hetero,1,0.611958760207009,0.9710543896660275,0.5951328970508353
ChEMBL-hERG-Ki,RF,MHG-GNN-pretrained,hetero,2,0.4210210789106146,0.937509399886428,0.3936839604756027
ChEMBL-hERG-Ki,RF,MHG-GNN-pretrained,hetero,3,0.4929172447675152,0.9700711862988551,0.4837428980227576
ChEMBL-hERG-Ki,RF,MHG-GNN-pretrained,hetero,4,0.4667452522124428,0.992529233169478,0.4860736823256426
ChEMBL-hERG-Ki,RF,MHG-GNN-pretrained,legacy,0,0.579300175389579,0.9221192038632106,0.5168864314218502
ChEMBL-hERG-Ki,RF,MHG-GNN-pretrained,legacy,1,0.6119587602070091,0.9299686120499235,0.5664551792495507
ChEMBL-hERG-Ki,RF,MHG-GNN-pretrained,legacy,2,0.4210210789106147,0.831087578780888,0.3396346515165838
ChEMBL-hERG-Ki,RF,MHG-GNN-pretrained,legacy,3,0.4929172447675154,0.9202265091527548,0.456015242383721
ChEMBL-hERG-Ki,RF,MHG-GNN-pretrained,legacy,4,0.4667452522124427,0.9552815054297755,0.4414714615276527
ChEMBL-hERG-Ki,RF,MHG-GNN-pretrained,outlier,0,0.579300175389579,0.9615102952059934,0.5772179027983213
ChEMBL-hERG-Ki,RF,MHG-GNN-pretrained,outlier,1,0.6119587602070091,0.9530657620466422,0.5829782407222195
ChEMBL-hERG-Ki,RF,MHG-GNN-pretrained,outlier,2,0.4210210789106147,0.9705334415922354,0.4121181258838347
ChEMBL-hERG-Ki,RF,MHG-GNN-pretrained,outlier,3,0.4929172447675152,0.8963064849435017,0.493892306824946
ChEMBL-hERG-Ki,RF,MHG-GNN-pretrained,outlier,4,0.4667452522124427,0.9090566576170352,0.4333083792520291
ChEMBL-hERG-Ki,RF,MHG-GNN-pretrained,quantile,0,0.579300175389579,0.9213527137474269,0.5256465855222505
ChEMBL-hERG-Ki,RF,MHG-GNN-pretrained,quantile,1,0.6119587602070091,0.9122737848192132,0.5953381128258428
ChEMBL-hERG-Ki,RF,MHG-GNN-pretrained,quantile,2,0.4210210789106147,0.8620382664616054,0.3784619339048516
ChEMBL-hERG-Ki,RF,MHG-GNN-pretrained,quantile,3,0.4929172447675154,0.8572600545237448,0.4408140713809247
ChEMBL-hERG-Ki,RF,MHG-GNN-pretrained,quantile,4,0.4667452522124427,0.934296978336278,0.436707336277168
ChEMBL-hERG-Ki,RF,MHG-GNN-pretrained,threshold,0,0.5793001753895789,0.7455648526326092,0.4130132863391021
ChEMBL-hERG-Ki,RF,MHG-GNN-pretrained,threshold,1,0.6119587602070091,0.7435472054574505,0.477949643409149
ChEMBL-hERG-Ki,RF,MHG-GNN-pretrained,threshold,2,0.4210210789106148,0.5141997518571083,0.1410616848187393
ChEMBL-hERG-Ki,RF,MHG-GNN-pretrained,threshold,3,0.4929172447675152,0.6676066186490919,0.37812420253504
ChEMBL-hERG-Ki,RF,MHG-GNN-pretrained,threshold,4,0.4667452522124425,0.7456287639770419,0.3734576957385618
ChEMBL-hERG-Ki,RF,MHG-GNN-pretrained,valprop,0,0.579300175389579,0.7582875323333181,0.3887435935093621
ChEMBL-hERG-Ki,RF,MHG-GNN-pretrained,valprop,1,0.6119587602070091,0.7405820528222855,0.4939663987478357
ChEMBL-hERG-Ki,RF,MHG-GNN-pretrained,valprop,2,0.4210210789106146,0.5605975667832995,0.167618659967911
ChEMBL-hERG-Ki,RF,MHG-GNN-pretrained,valprop,3,0.4929172447675154,0.6720270300109162,0.3674511820501179
ChEMBL-hERG-Ki,RF,MHG-GNN-pretrained,valprop,4,0.4667452522124427,0.753215638236822,0.3722695004374651
ChEMBL-hERG-Ki,RF,PDV,hetero,0,0.4796102455915081,0.9481010374691027,0.4486399492585344
ChEMBL-hERG-Ki,RF,PDV,hetero,1,0.55944770214071,0.9581265771117525,0.542116678115362
ChEMBL-hERG-Ki,RF,PDV,hetero,2,0.5686838166662289,0.9762244213421859,0.5686724528373219
ChEMBL-hERG-Ki,RF,PDV,hetero,3,0.458908237020636,0.9581748324946233,0.4310240791298951
ChEMBL-hERG-Ki,RF,PDV,hetero,4,0.420033374611412,0.9876717930050191,0.4387279193397226
ChEMBL-hERG-Ki,RF,PDV,legacy,0,0.4796102455915078,0.8719284682921924,0.3990786877968282
ChEMBL-hERG-Ki,RF,PDV,legacy,1,0.55944770214071,0.9176252197815175,0.5227389277895282
ChEMBL-hERG-Ki,RF,PDV,legacy,2,0.5686838166662289,0.9310917648148649,0.5453286154976333
ChEMBL-hERG-Ki,RF,PDV,legacy,3,0.458908237020636,0.8765865519089691,0.3835059822916608
ChEMBL-hERG-Ki,RF,PDV,legacy,4,0.4200333746114119,0.9497918970689269,0.4359086846039774
ChEMBL-hERG-Ki,RF,PDV,outlier,0,0.4796102455915081,0.89279676084417,0.4663283292103817
ChEMBL-hERG-Ki,RF,PDV,outlier,1,0.5594477021407102,0.9430494249335959,0.5590665882060186
ChEMBL-hERG-Ki,RF,PDV,outlier,2,0.5686838166662288,0.9337823626068599,0.4922404243335349
ChEMBL-hERG-Ki,RF,PDV,outlier,3,0.458908237020636,0.8293855893598789,0.4092390540806091
ChEMBL-hERG-Ki,RF,PDV,outlier,4,0.4200333746114119,0.966970168954428,0.4358178263381075
ChEMBL-hERG-Ki,RF,PDV,quantile,0,0.4796102455915081,0.8229577243242461,0.3904602250154015
ChEMBL-hERG-Ki,RF,PDV,quantile,1,0.55944770214071,0.9213739491454646,0.5455139803723776
ChEMBL-hERG-Ki,RF,PDV,quantile,2,0.5686838166662289,0.8991528839805052,0.5262283607035111
ChEMBL-hERG-Ki,RF,PDV,quantile,3,0.458908237020636,0.8767963620633227,0.3726275588611331
ChEMBL-hERG-Ki,RF,PDV,quantile,4,0.420033374611412,0.8991081799947016,0.4082713140013608
ChEMBL-hERG-Ki,RF,PDV,threshold,0,0.4796102455915081,0.5788413728853933,0.1582639928541349
ChEMBL-hERG-Ki,RF,PDV,threshold,1,0.5594477021407099,0.7246036877135608,0.4045658638281446
ChEMBL-hERG-Ki,RF,PDV,threshold,2,0.5686838166662289,0.7577511707148729,0.4511480327316307
ChEMBL-hERG-Ki,RF,PDV,threshold,3,0.458908237020636,0.5950825808879958,0.2830449590390553
ChEMBL-hERG-Ki,RF,PDV,threshold,4,0.420033374611412,0.63091221829644,0.3395301267627986
ChEMBL-hERG-Ki,RF,PDV,valprop,0,0.4796102455915079,0.6066168687586737,0.1575509779970104
ChEMBL-hERG-Ki,RF,PDV,valprop,1,0.5594477021407102,0.7658103568915116,0.3914392386732482
ChEMBL-hERG-Ki,RF,PDV,valprop,2,0.5686838166662288,0.7783893591207394,0.4437353593527429
ChEMBL-hERG-Ki,RF,PDV,valprop,3,0.4589082370206357,0.6039117933553542,0.2734907815573613
ChEMBL-hERG-Ki,RF,PDV,valprop,4,0.4200333746114119,0.6632859311261399,0.3304436889687352
ChEMBL-hERG-Ki,RF,SNS,hetero,0,0.593013561509075,0.9610513054051605,0.5624785648494257
ChEMBL-hERG-Ki,RF,SNS,hetero,1,0.5191466152658504,0.9461751041176649,0.5237126774481728
ChEMBL-hERG-Ki,RF,SNS,hetero,2,0.5330767710323199,0.946306239031235,0.5064976984483782
ChEMBL-hERG-Ki,RF,SNS,hetero,3,0.5365359094463575,0.9342890792416969,0.5148584035827699
ChEMBL-hERG-Ki,RF,SNS,hetero,4,0.4959248454200081,0.9408028709691784,0.415506267854465
ChEMBL-hERG-Ki,RF,SNS,legacy,0,0.5930135615090749,0.9071246464724327,0.5192430933142789
ChEMBL-hERG-Ki,RF,SNS,legacy,1,0.5191466152658504,0.8829315631301713,0.5033966781136201
ChEMBL-hERG-Ki,RF,SNS,legacy,2,0.5330767710323199,0.8633275150733752,0.4500008599123622
ChEMBL-hERG-Ki,RF,SNS,legacy,3,0.5365359094463573,0.8585432774546584,0.4997534869993971
ChEMBL-hERG-Ki,RF,SNS,legacy,4,0.4959248454200081,0.8421161312345079,0.3276300394230207
ChEMBL-hERG-Ki,RF,SNS,outlier,0,0.5930135615090748,0.8832830456226985,0.5138460874861404
ChEMBL-hERG-Ki,RF,SNS,outlier,1,0.5191466152658503,0.947523693013143,0.5890111882546448
ChEMBL-hERG-Ki,RF,SNS,outlier,2,0.5330767710323198,0.9209866835829477,0.524984547584311
ChEMBL-hERG-Ki,RF,SNS,outlier,3,0.5365359094463575,0.8947075935155309,0.5700112499550064
ChEMBL-hERG-Ki,RF,SNS,outlier,4,0.4959248454200082,0.9045043212118148,0.4230807114277373
ChEMBL-hERG-Ki,RF,SNS,quantile,0,0.593013561509075,0.8412468045554355,0.4337094368309764
ChEMBL-hERG-Ki,RF,SNS,quantile,1,0.5191466152658504,0.901123750918285,0.5803281155968485
ChEMBL-hERG-Ki,RF,SNS,quantile,2,0.5330767710323199,0.8207964735465167,0.5017010997836164
ChEMBL-hERG-Ki,RF,SNS,quantile,3,0.5365359094463575,0.8284848758793744,0.5113496098664334
ChEMBL-hERG-Ki,RF,SNS,quantile,4,0.4959248454200082,0.8428993133046846,0.3803976135952381
ChEMBL-hERG-Ki,RF,SNS,threshold,0,0.5930135615090749,0.6599743426356784,0.3536254531125453
ChEMBL-hERG-Ki,RF,SNS,threshold,1,0.5191466152658504,0.5129572440987552,0.3990796263153303
ChEMBL-hERG-Ki,RF,SNS,threshold,2,0.5330767710323199,0.5111542624509363,0.2962572373672086
ChEMBL-hERG-Ki,RF,SNS,threshold,3,0.5365359094463574,0.5813331106022087,0.416869288466942
ChEMBL-hERG-Ki,RF,SNS,threshold,4,0.4959248454200082,0.3517623854206784,-0.0135898099888294
ChEMBL-hERG-Ki,RF,SNS,valprop,0,0.593013561509075,0.6827036778362631,0.365257552928421
ChEMBL-hERG-Ki,RF,SNS,valprop,1,0.5191466152658502,0.5900162479420838,0.423373265954815
ChEMBL-hERG-Ki,RF,SNS,valprop,2,0.5330767710323199,0.5378398434212948,0.3061188712324045
ChEMBL-hERG-Ki,RF,SNS,valprop,3,0.5365359094463575,0.5919078526538754,0.3858926124013314
ChEMBL-hERG-Ki,RF,SNS,valprop,4,0.4959248454200081,0.3798719185278212,-0.0785726367848458
ChEMBL-hERG-Ki,SVM,ECFP4,hetero,0,0.4668031244105708,0.9634955921187682,0.4448493220358593
ChEMBL-hERG-Ki,SVM,ECFP4,hetero,1,0.4145140243301969,0.951296617760843,0.4157950224374276
ChEMBL-hERG-Ki,SVM,ECFP4,hetero,2,0.4529293121664984,0.9664955208986292,0.4419650439950746
ChEMBL-hERG-Ki,SVM,ECFP4,hetero,3,0.5081311827195462,0.9619536303402579,0.5048483969555677
ChEMBL-hERG-Ki,SVM,ECFP4,hetero,4,0.3197080478240159,0.9545787606966595,0.3208763556215569
ChEMBL-hERG-Ki,SVM,ECFP4,legacy,0,0.4668031244105708,0.9238040196595909,0.4194768760724046
ChEMBL-hERG-Ki,SVM,ECFP4,legacy,1,0.4145140243301969,0.8894871699259944,0.3955541914552655
ChEMBL-hERG-Ki,SVM,ECFP4,legacy,2,0.4529293121664984,0.9190467339453122,0.4134567138487915
ChEMBL-hERG-Ki,SVM,ECFP4,legacy,3,0.5081311827195462,0.9114435636133632,0.4837537970778471
ChEMBL-hERG-Ki,SVM,ECFP4,legacy,4,0.3197080478240159,0.8753549793241138,0.2902006433391964
ChEMBL-hERG-Ki,SVM,ECFP4,outlier,0,0.4668031244105708,0.9483700394577519,0.4338848861864632
ChEMBL-hERG-Ki,SVM,ECFP4,outlier,1,0.4145140243301969,0.9609734744988779,0.4031192250462876
ChEMBL-hERG-Ki,SVM,ECFP4,outlier,2,0.4529293121664984,0.9553317907559289,0.3986028977458395
ChEMBL-hERG-Ki,SVM,ECFP4,outlier,3,0.5081311827195462,0.8923762492344066,0.4757412402162985
ChEMBL-hERG-Ki,SVM,ECFP4,outlier,4,0.3197080478240159,0.9792009411002411,0.3066617544513718
ChEMBL-hERG-Ki,SVM,ECFP4,quantile,0,0.4668031244105708,0.930041266431809,0.422072843551961
ChEMBL-hERG-Ki,SVM,ECFP4,quantile,1,0.4145140243301969,0.9102931154007923,0.38515888777154
ChEMBL-hERG-Ki,SVM,ECFP4,quantile,2,0.4529293121664984,0.9323798739246619,0.3848848145023428
ChEMBL-hERG-Ki,SVM,ECFP4,quantile,3,0.5081311827195462,0.8990305571646408,0.4865842029603392
ChEMBL-hERG-Ki,SVM,ECFP4,quantile,4,0.3197080478240159,0.8715489438442164,0.3011639871054116
ChEMBL-hERG-Ki,SVM,ECFP4,threshold,0,0.4668031244105708,0.8011627698281141,0.3258040297909023
ChEMBL-hERG-Ki,SVM,ECFP4,threshold,1,0.4145140243301969,0.6821185690721981,0.3223843460322318
ChEMBL-hERG-Ki,SVM,ECFP4,threshold,2,0.4529293121664984,0.7742789806848965,0.3190893041659879
ChEMBL-hERG-Ki,SVM,ECFP4,threshold,3,0.5081311827195462,0.7545279462773374,0.4111028918167535
ChEMBL-hERG-Ki,SVM,ECFP4,threshold,4,0.3197080478240159,0.5907013103731923,0.1981102677674362
ChEMBL-hERG-Ki,SVM,ECFP4,valprop,0,0.4668031244105708,0.7772116815496396,0.3168597731505015
ChEMBL-hERG-Ki,SVM,ECFP4,valprop,1,0.4145140243301969,0.6752622475359324,0.3150440491565406
ChEMBL-hERG-Ki,SVM,ECFP4,valprop,2,0.4529293121664984,0.7362064804344302,0.3086714111343546
ChEMBL-hERG-Ki,SVM,ECFP4,valprop,3,0.5081311827195462,0.7233768893992425,0.4091051352458629
ChEMBL-hERG-Ki,SVM,ECFP4,valprop,4,0.3197080478240159,0.566038021271541,0.1984172143620101
ChEMBL-hERG-Ki,SVM,MHG-GNN-pretrained,hetero,0,0.521106249334335,0.9687283943597288,0.5157794640022758
ChEMBL-hERG-Ki,SVM,MHG-GNN-pretrained,hetero,1,0.607616711757991,0.9512262954241976,0.5733037126590502
ChEMBL-hERG-Ki,SVM,MHG-GNN-pretrained,hetero,2,0.4253528482419692,0.9380580322052067,0.4046198010065386
ChEMBL-hERG-Ki,SVM,MHG-GNN-pretrained,hetero,3,0.5069663877234277,0.9476035078271929,0.4926069106555061
ChEMBL-hERG-Ki,SVM,MHG-GNN-pretrained,hetero,4,0.5332065314585136,0.9577659074424907,0.526942642249637
ChEMBL-hERG-Ki,SVM,MHG-GNN-pretrained,legacy,0,0.521106249334335,0.9369991350594195,0.4975521146611426
ChEMBL-hERG-Ki,SVM,MHG-GNN-pretrained,legacy,1,0.607616711757991,0.9061738770136474,0.5289600865227339
ChEMBL-hERG-Ki,SVM,MHG-GNN-pretrained,legacy,2,0.4253528482419692,0.8716176263138662,0.3946473376115438
ChEMBL-hERG-Ki,SVM,MHG-GNN-pretrained,legacy,3,0.5069663877234277,0.8898705145683107,0.4748725091163308
ChEMBL-hERG-Ki,SVM,MHG-GNN-pretrained,legacy,4,0.5332065314585136,0.9101772608068966,0.5074352497055509
ChEMBL-hERG-Ki,SVM,MHG-GNN-pretrained,outlier,0,0.521106249334335,0.9612200188287929,0.4841180042645253
ChEMBL-hERG-Ki,SVM,MHG-GNN-pretrained,outlier,1,0.607616711757991,0.9658209976520303,0.5656516742623792
ChEMBL-hERG-Ki,SVM,MHG-GNN-pretrained,outlier,2,0.4253528482419692,0.9727922718948392,0.4132930901588559
ChEMBL-hERG-Ki,SVM,MHG-GNN-pretrained,outlier,3,0.5069663877234277,0.9153235197553505,0.4139877434724862
ChEMBL-hERG-Ki,SVM,MHG-GNN-pretrained,outlier,4,0.5332065314585136,0.9798262638418501,0.5168890037237068
ChEMBL-hERG-Ki,SVM,MHG-GNN-pretrained,quantile,0,0.521106249334335,0.9555956723295703,0.5073313455686371
ChEMBL-hERG-Ki,SVM,MHG-GNN-pretrained,quantile,1,0.607616711757991,0.9520051822660254,0.5688126942694587
ChEMBL-hERG-Ki,SVM,MHG-GNN-pretrained,quantile,2,0.4253528482419692,0.936483703301256,0.4149220383496018
ChEMBL-hERG-Ki,SVM,MHG-GNN-pretrained,quantile,3,0.5069663877234277,0.9211638340169049,0.4632445354687851
ChEMBL-hERG-Ki,SVM,MHG-GNN-pretrained,quantile,4,0.5332065314585136,0.9578006413615924,0.498327428148593
ChEMBL-hERG-Ki,SVM,MHG-GNN-pretrained,threshold,0,0.521106249334335,0.836900021272999,0.4149248356868174
ChEMBL-hERG-Ki,SVM,MHG-GNN-pretrained,threshold,1,0.607616711757991,0.7758779902990917,0.4408405977615739
ChEMBL-hERG-Ki,SVM,MHG-GNN-pretrained,threshold,2,0.4253528482419692,0.6332666542847198,0.3054699576530644
ChEMBL-hERG-Ki,SVM,MHG-GNN-pretrained,threshold,3,0.5069663877234277,0.7320401442863388,0.3963767889192513
ChEMBL-hERG-Ki,SVM,MHG-GNN-pretrained,threshold,4,0.5332065314585136,0.7436421294955844,0.4267116702983686
ChEMBL-hERG-Ki,SVM,MHG-GNN-pretrained,valprop,0,0.521106249334335,0.821439602499683,0.4117845676195568
ChEMBL-hERG-Ki,SVM,MHG-GNN-pretrained,valprop,1,0.607616711757991,0.7568643688561816,0.4379264104449647
ChEMBL-hERG-Ki,SVM,MHG-GNN-pretrained,valprop,2,0.4253528482419692,0.6043505172725601,0.2942769621394008
ChEMBL-hERG-Ki,SVM,MHG-GNN-pretrained,valprop,3,0.5069663877234277,0.700680982684859,0.3785123298312872
ChEMBL-hERG-Ki,SVM,MHG-GNN-pretrained,valprop,4,0.5332065314585136,0.7411860847912746,0.4377534171274043
ChEMBL-hERG-Ki,SVM,PDV,hetero,0,0.4149446902545902,0.9575122744413376,0.3931392301542642
ChEMBL-hERG-Ki,SVM,PDV,hetero,1,0.445027087220002,0.9788504709684367,0.4543361688984317
ChEMBL-hERG-Ki,SVM,PDV,hetero,2,0.5226762463691061,0.9607994670849557,0.4414705650439492
ChEMBL-hERG-Ki,SVM,PDV,hetero,3,0.5026308479361331,0.9445160741826899,0.4792021727664892
ChEMBL-hERG-Ki,SVM,PDV,hetero,4,0.4290503096615127,0.966997748652427,0.4159519328674097
ChEMBL-hERG-Ki,SVM,PDV,legacy,0,0.4149446902545902,0.9056122691024187,0.386698088094992
ChEMBL-hERG-Ki,SVM,PDV,legacy,1,0.445027087220002,0.9263021783937232,0.4542765788172096
ChEMBL-hERG-Ki,SVM,PDV,legacy,2,0.5226762463691061,0.9123480270987216,0.3841016432541191
ChEMBL-hERG-Ki,SVM,PDV,legacy,3,0.5026308479361331,0.868244194428277,0.4455532668817153
ChEMBL-hERG-Ki,SVM,PDV,legacy,4,0.4290503096615127,0.9116984578822478,0.3883491144667388
ChEMBL-hERG-Ki,SVM,PDV,outlier,0,0.4149446902545902,0.9796410601661061,0.3993495058598303
ChEMBL-hERG-Ki,SVM,PDV,outlier,1,0.445027087220002,0.9612431806474242,0.4132306115193876
ChEMBL-hERG-Ki,SVM,PDV,outlier,2,0.5226762463691061,0.9503058740405576,0.4685043277409058
ChEMBL-hERG-Ki,SVM,PDV,outlier,3,0.5026308479361331,0.9636033675103349,0.4461675024245806
ChEMBL-hERG-Ki,SVM,PDV,outlier,4,0.4290503096615127,0.9436445232764132,0.4167903089810566
ChEMBL-hERG-Ki,SVM,PDV,quantile,0,0.4149446902545902,0.958379864518325,0.4087891922651472
ChEMBL-hERG-Ki,SVM,PDV,quantile,1,0.445027087220002,0.9600199279741982,0.4214637672202023
ChEMBL-hERG-Ki,SVM,PDV,quantile,2,0.5226762463691061,0.9412043831227861,0.4573297152989782
ChEMBL-hERG-Ki,SVM,PDV,quantile,3,0.5026308479361331,0.9430160756147041,0.4478335430360993
ChEMBL-hERG-Ki,SVM,PDV,quantile,4,0.4290503096615127,0.9000049876156934,0.401400382570134
ChEMBL-hERG-Ki,SVM,PDV,threshold,0,0.4149446902545902,0.7725993956219028,0.3397619929991571
ChEMBL-hERG-Ki,SVM,PDV,threshold,1,0.445027087220002,0.7490492439742323,0.3669294036794033
ChEMBL-hERG-Ki,SVM,PDV,threshold,2,0.5226762463691061,0.7040874226614163,0.1674574564305359
ChEMBL-hERG-Ki,SVM,PDV,threshold,3,0.5026308479361331,0.6543498597510627,0.3246378242483867
ChEMBL-hERG-Ki,SVM,PDV,threshold,4,0.4290503096615127,0.7202614414424685,0.3347026487638033
ChEMBL-hERG-Ki,SVM,PDV,valprop,0,0.4149446902545902,0.7628778148862709,0.3336142656188903
ChEMBL-hERG-Ki,SVM,PDV,valprop,1,0.445027087220002,0.7452229421129672,0.370547627502462
ChEMBL-hERG-Ki,SVM,PDV,valprop,2,0.5226762463691061,0.6700919081223888,0.1495935705980474
ChEMBL-hERG-Ki,SVM,PDV,valprop,3,0.5026308479361331,0.6263797458758532,0.3140620178451793
ChEMBL-hERG-Ki,SVM,PDV,valprop,4,0.4290503096615127,0.7158960188337307,0.3480094102624143
ChEMBL-hERG-Ki,SVM,SNS,hetero,0,0.4828642056724568,0.96297523588019,0.4762060580502243
ChEMBL-hERG-Ki,SVM,SNS,hetero,1,0.5145819856847733,0.9620697206987242,0.4808756343321454
ChEMBL-hERG-Ki,SVM,SNS,hetero,2,0.5199364724882709,0.9669986333214606,0.4552159043290767
ChEMBL-hERG-Ki,SVM,SNS,hetero,3,0.5008948442722803,0.9418891901608593,0.4495263445520828
ChEMBL-hERG-Ki,SVM,SNS,hetero,4,0.4087114149540793,0.944177552588447,0.4300918689811949
ChEMBL-hERG-Ki,SVM,SNS,legacy,0,0.4828642056724568,0.9115818418188618,0.4605452549824583
ChEMBL-hERG-Ki,SVM,SNS,legacy,1,0.5145819856847733,0.9103075950223122,0.4396227083952785
ChEMBL-hERG-Ki,SVM,SNS,legacy,2,0.5199364724882709,0.9165682680728455,0.3868503538396749
ChEMBL-hERG-Ki,SVM,SNS,legacy,3,0.5008948442722803,0.8761435308224448,0.411220059230449
ChEMBL-hERG-Ki,SVM,SNS,legacy,4,0.4087114149540793,0.8814703302430712,0.4216862663814205
ChEMBL-hERG-Ki,SVM,SNS,outlier,0,0.4828642056724568,0.9783095706196355,0.4691063292771015
ChEMBL-hERG-Ki,SVM,SNS,outlier,1,0.5145819856847733,0.9494517678054033,0.4613050836326232
ChEMBL-hERG-Ki,SVM,SNS,outlier,2,0.5199364724882709,0.9810499735337289,0.4959636340901652
ChEMBL-hERG-Ki,SVM,SNS,outlier,3,0.5008948442722803,0.9498592736702361,0.4364274488237816
ChEMBL-hERG-Ki,SVM,SNS,outlier,4,0.4087114149540793,0.9621372544539285,0.4140354976031887
ChEMBL-hERG-Ki,SVM,SNS,quantile,0,0.4828642056724568,0.8871307625963617,0.4590431023742369
ChEMBL-hERG-Ki,SVM,SNS,quantile,1,0.5145819856847733,0.9161254505200902,0.4479361412413827
ChEMBL-hERG-Ki,SVM,SNS,quantile,2,0.5199364724882709,0.9681109594325257,0.4796862942083424
ChEMBL-hERG-Ki,SVM,SNS,quantile,3,0.5008948442722803,0.9374146609131636,0.4422450729970831
ChEMBL-hERG-Ki,SVM,SNS,quantile,4,0.4087114149540793,0.9155938428337109,0.3965351307581816
ChEMBL-hERG-Ki,SVM,SNS,threshold,0,0.4828642056724568,0.7773438223126262,0.4221520937272104
ChEMBL-hERG-Ki,SVM,SNS,threshold,1,0.5145819856847733,0.7394102110410776,0.319433637507346
ChEMBL-hERG-Ki,SVM,SNS,threshold,2,0.5199364724882709,0.712955326212102,0.1327436466330044
ChEMBL-hERG-Ki,SVM,SNS,threshold,3,0.5008948442722803,0.6808976350409796,0.3013400568214994
ChEMBL-hERG-Ki,SVM,SNS,threshold,4,0.4087114149540793,0.6706120103738629,0.3700058240397347
ChEMBL-hERG-Ki,SVM,SNS,valprop,0,0.4828642056724568,0.7727245236846668,0.4202532985949533
ChEMBL-hERG-Ki,SVM,SNS,valprop,1,0.5145819856847733,0.7314725085903425,0.3209479209131496
ChEMBL-hERG-Ki,SVM,SNS,valprop,2,0.5199364724882709,0.6929140512314761,0.1274632980275024
ChEMBL-hERG-Ki,SVM,SNS,valprop,3,0.5008948442722803,0.6592689910790555,0.2986693338197235
ChEMBL-hERG-Ki,SVM,SNS,valprop,4,0.4087114149540793,0.6793938402583761,0.3823605099945227
ChEMBL-hERG-Ki,VBLL-Full,ECFP4,hetero,0,0.4259505419756121,0.8963071178836237,0.4265772858304906
ChEMBL-hERG-Ki,VBLL-Full,ECFP4,hetero,1,0.3986235476747579,0.9689606805433804,0.3579108296318456
ChEMBL-hERG-Ki,VBLL-Full,ECFP4,hetero,2,0.3903536429870278,0.940041837307863,0.3697621314527156
ChEMBL-hERG-Ki,VBLL-Full,ECFP4,hetero,3,0.3930728380531805,0.8758226188053946,0.3808943709533334
ChEMBL-hERG-Ki,VBLL-Full,ECFP4,hetero,4,0.3442655388014163,0.9373063668993498,0.35978055632115
ChEMBL-hERG-Ki,VBLL-Full,ECFP4,legacy,0,0.4028284779007228,0.8943603230881396,0.3821838533784876
ChEMBL-hERG-Ki,VBLL-Full,ECFP4,legacy,1,0.4422984916796317,0.8062637625145754,0.3197855329079191
ChEMBL-hERG-Ki,VBLL-Full,ECFP4,legacy,2,0.3995978780596466,0.8979248267473237,0.3448955308485877
ChEMBL-hERG-Ki,VBLL-Full,ECFP4,legacy,3,0.4091719434111839,0.8161054136099539,0.3569241313588878
ChEMBL-hERG-Ki,VBLL-Full,ECFP4,legacy,4,0.3469943751552906,0.9083463425914038,0.3593892960554985
ChEMBL-hERG-Ki,VBLL-Full,ECFP4,outlier,0,0.3380482386155508,1.0029406902353746,0.3404544501232638
ChEMBL-hERG-Ki,VBLL-Full,ECFP4,outlier,1,0.3769423775505586,0.8950365749862412,0.3244429602458635
ChEMBL-hERG-Ki,VBLL-Full,ECFP4,outlier,2,0.4235424981932044,0.7250097259894517,0.2944770337370227
ChEMBL-hERG-Ki,VBLL-Full,ECFP4,outlier,3,0.3903955421427126,0.8072795946867577,0.3058814293564076
ChEMBL-hERG-Ki,VBLL-Full,ECFP4,outlier,4,0.3813261354959687,0.8080632810197622,0.3397505235994015
ChEMBL-hERG-Ki,VBLL-Full,ECFP4,quantile,0,0.370160148119171,0.9044959872034216,0.3560847115014686
ChEMBL-hERG-Ki,VBLL-Full,ECFP4,quantile,1,0.3750807809733539,0.8747786602460988,0.2842154896993828
ChEMBL-hERG-Ki,VBLL-Full,ECFP4,quantile,2,0.4154973500305879,0.7983825048774055,0.2908893584784752
ChEMBL-hERG-Ki,VBLL-Full,ECFP4,quantile,3,0.356265239390181,0.8653975404213738,0.3178242271599215
ChEMBL-hERG-Ki,VBLL-Full,ECFP4,quantile,4,0.3521030326311544,0.8384813696697668,0.2971967468816411
ChEMBL-hERG-Ki,VBLL-Full,ECFP4,threshold,0,0.3859064573838958,0.7353181784356071,0.3073166781566111
ChEMBL-hERG-Ki,VBLL-Full,ECFP4,threshold,1,0.3485405913521078,0.8397820260069181,0.3001748350791132
ChEMBL-hERG-Ki,VBLL-Full,ECFP4,threshold,2,0.3775928911452231,0.679093016828732,0.1586717703256328
ChEMBL-hERG-Ki,VBLL-Full,ECFP4,threshold,3,0.4232751343244499,0.5642498180019476,0.2108965768413381
ChEMBL-hERG-Ki,VBLL-Full,ECFP4,threshold,4,0.321001744341259,0.7511220226177634,0.3161794640756485
ChEMBL-hERG-Ki,VBLL-Full,ECFP4,valprop,0,0.3823717645364856,0.7355780581708292,0.269435526086037
ChEMBL-hERG-Ki,VBLL-Full,ECFP4,valprop,1,0.403782013289641,0.6817710197999447,0.2364384810296409
ChEMBL-hERG-Ki,VBLL-Full,ECFP4,valprop,2,0.3575130429449122,0.6564049351425737,0.1631761448274375
ChEMBL-hERG-Ki,VBLL-Full,ECFP4,valprop,3,0.3530802109078013,0.6467426995995135,0.2813462545253091
ChEMBL-hERG-Ki,VBLL-Full,ECFP4,valprop,4,0.311644773451924,0.744299443952743,0.2719191027090044
ChEMBL-hERG-Ki,VBLL-Full,MHG-GNN-pretrained,legacy,0,0.3322147499295104,-1.2013599442368745,0.4414840197824893
ChEMBL-hERG-Ki,VBLL-Full,MHG-GNN-pretrained,outlier,0,0.4562098517922093,0.04994941515666514,0.2176590847019264
ChEMBL-hERG-Ki,VBLL-Full,MHG-GNN-pretrained,outlier,1,0.3494465694738149,-0.24909593200187685,-0.4681320714752999
ChEMBL-hERG-Ki,VBLL-Full,MHG-GNN-pretrained,threshold,0,0.4360635266615117,0.37206647297147416,0.3996117860525214
ChEMBL-hERG-Ki,VBLL-Full,MHG-GNN-pretrained,threshold,1,0.3734089264786544,-6.074475854881423,0.3865780704443692
ChEMBL-hERG-Ki,VBLL-Full,MHG-GNN-pretrained,valprop,0,0.4542302628050071,-0.21322147105670236,0.340327783732504
ChEMBL-hERG-Ki,VBLL-Full,PDV,hetero,2,0.3125167775159324,-17.58446430772768,-2.9502320117793066
ChEMBL-hERG-Ki,VBLL-Full,PDV,outlier,0,0.3948928617222476,-7.528058464712024,-6.877756435342976
ChEMBL-hERG-Ki,VBLL-Full,PDV,outlier,4,0.4088069586143762,0.5502407661692735,0.2339389134148382
ChEMBL-hERG-Ki,VBLL-Full,PDV,quantile,0,0.3918089615928666,-23.124433828327227,-9.814571519371576
ChEMBL-hERG-Ki,VBLL-Full,PDV,quantile,4,0.3693458055068102,0.7023024066264336,0.4112062463022446
ChEMBL-hERG-Ki,VBLL-Full,PDV,threshold,0,0.3925005022207596,-59.2711858309902,0.2302988781762242
ChEMBL-hERG-Ki,VBLL-Full,PDV,threshold,4,0.3239691264003798,0.6764248030383446,0.3456552534721797
ChEMBL-hERG-Ki,VBLL-Full,PDV,valprop,4,0.3472533247259389,0.6067580245519435,0.2504890143549573
ChEMBL-hERG-Ki,VBLL-Full,SNS,hetero,0,0.4301372985412223,0.9551571655845608,0.4385829683834445
ChEMBL-hERG-Ki,VBLL-Full,SNS,hetero,1,0.4745743384332854,0.9384975414597315,0.4577501943246729
ChEMBL-hERG-Ki,VBLL-Full,SNS,hetero,2,0.4621145754908006,1.0053756357547625,0.4546035608412944
ChEMBL-hERG-Ki,VBLL-Full,SNS,hetero,3,0.3701729673916141,0.9154374845660619,0.2733720282025743
ChEMBL-hERG-Ki,VBLL-Full,SNS,hetero,4,0.3870487512745628,0.980426864610379,0.4249496819148793
ChEMBL-hERG-Ki,VBLL-Full,SNS,legacy,0,0.4288011438849517,0.9160657726608025,0.3818109574049082
ChEMBL-hERG-Ki,VBLL-Full,SNS,legacy,1,0.430894104625227,0.9632047874472357,0.4156263664067449
ChEMBL-hERG-Ki,VBLL-Full,SNS,legacy,2,0.5332557494300609,0.8271612181637102,0.3983630860271203
ChEMBL-hERG-Ki,VBLL-Full,SNS,legacy,3,0.383502579410247,0.8646915543350536,0.3056347129112626
ChEMBL-hERG-Ki,VBLL-Full,SNS,legacy,4,0.3770153847452938,0.9179049340001678,0.406508363641386
ChEMBL-hERG-Ki,VBLL-Full,SNS,outlier,0,0.4468122724199621,0.8580816208529,0.3063473762716684
ChEMBL-hERG-Ki,VBLL-Full,SNS,outlier,1,0.4115097120624483,0.982645458189981,0.3597481773558795
ChEMBL-hERG-Ki,VBLL-Full,SNS,outlier,2,0.4896316915648891,0.8091991864988217,0.3504873557018912
ChEMBL-hERG-Ki,VBLL-Full,SNS,outlier,3,0.3555244225815278,0.9051812402836648,0.3214761311538519
ChEMBL-hERG-Ki,VBLL-Full,SNS,outlier,4,0.4199888582672895,0.8570722194592373,0.4113510975014086
ChEMBL-hERG-Ki,VBLL-Full,SNS,quantile,0,0.4647679633986901,0.7230257810197362,0.2819783273718801
ChEMBL-hERG-Ki,VBLL-Full,SNS,quantile,1,0.4674807293664852,0.831205690682817,0.3020199999943886
ChEMBL-hERG-Ki,VBLL-Full,SNS,quantile,2,0.4506250686564744,0.9540283872755763,0.4274850985421222
ChEMBL-hERG-Ki,VBLL-Full,SNS,quantile,3,0.3499187980133547,0.8797017339609813,0.3355990116195487
ChEMBL-hERG-Ki,VBLL-Full,SNS,quantile,4,0.3864065634643897,0.9086892654713791,0.3789998917143787
ChEMBL-hERG-Ki,VBLL-Full,SNS,threshold,0,0.3614418898277126,0.8614248782678045,0.3071513870372127
ChEMBL-hERG-Ki,VBLL-Full,SNS,threshold,1,0.3996918675169921,0.8743767726640426,0.2592318451325641
ChEMBL-hERG-Ki,VBLL-Full,SNS,threshold,2,0.4460830681070059,0.8463842969189709,0.2854941670081546
ChEMBL-hERG-Ki,VBLL-Full,SNS,threshold,3,0.4145479452356718,0.6145272693270976,0.2444939429545038
ChEMBL-hERG-Ki,VBLL-Full,SNS,threshold,4,0.3761036044440184,0.7095136744810709,0.3667097781991685
ChEMBL-hERG-Ki,VBLL-Full,SNS,valprop,0,0.427397258283387,0.6896854416341247,0.2179648975884142
ChEMBL-hERG-Ki,VBLL-Full,SNS,valprop,1,0.4852992184860392,0.7263272465219466,0.3058054106046939
ChEMBL-hERG-Ki,VBLL-Full,SNS,valprop,2,0.4377242588054201,0.8642607319912459,0.1832871269678674
ChEMBL-hERG-Ki,VBLL-Full,SNS,valprop,3,0.3655030789829188,0.6364389534092263,0.2156961001100454
ChEMBL-hERG-Ki,VBLL-Full,SNS,valprop,4,0.4392255482100261,0.6204413574514078,0.3589342191562751
ChEMBL-hERG-Ki,XGBoost,ECFP4,hetero,0,0.5359386349074506,0.8997658543680161,0.4811642226639095
ChEMBL-hERG-Ki,XGBoost,ECFP4,hetero,1,0.5521546954463339,0.7992804407812741,0.407188260362638
ChEMBL-hERG-Ki,XGBoost,ECFP4,hetero,2,0.3283789358310566,0.8006460978665964,0.233349070402057
ChEMBL-hERG-Ki,XGBoost,ECFP4,hetero,3,0.4129270314990435,0.7309362806602029,0.3096838270402725
ChEMBL-hERG-Ki,XGBoost,ECFP4,hetero,4,0.5161634874528556,0.8664567966994485,0.4399583015552724
ChEMBL-hERG-Ki,XGBoost,ECFP4,legacy,0,0.5359386349074506,0.7646214570613693,0.392771748680112
ChEMBL-hERG-Ki,XGBoost,ECFP4,legacy,1,0.5521546954463339,0.6018886991602499,0.3596482333258194
ChEMBL-hERG-Ki,XGBoost,ECFP4,legacy,2,0.3283789358310566,0.4573163052579824,0.0664395565603059
ChEMBL-hERG-Ki,XGBoost,ECFP4,legacy,3,0.4129270314990435,0.47972715957124257,0.2422872871236611
ChEMBL-hERG-Ki,XGBoost,ECFP4,legacy,4,0.5161634874528556,0.7498443470985203,0.336449392073175
ChEMBL-hERG-Ki,XGBoost,ECFP4,outlier,0,0.5359386349074506,0.8959920978616666,0.5061892293510689
ChEMBL-hERG-Ki,XGBoost,ECFP4,outlier,1,0.5521546954463339,0.7262435136715022,0.4589027993629683
ChEMBL-hERG-Ki,XGBoost,ECFP4,outlier,2,0.3283789358310566,0.6825487571992789,0.2612115595835618
ChEMBL-hERG-Ki,XGBoost,ECFP4,outlier,3,0.4129270314990435,0.7327758276062386,0.3041463440424637
ChEMBL-hERG-Ki,XGBoost,ECFP4,outlier,4,0.5161634874528556,0.6087314783630611,0.2975530080304457
ChEMBL-hERG-Ki,XGBoost,ECFP4,quantile,0,0.5359386349074506,0.72981875196753,0.4923406315335324
ChEMBL-hERG-Ki,XGBoost,ECFP4,quantile,1,0.5521546954463339,0.6298711377572063,0.3372055714836627
ChEMBL-hERG-Ki,XGBoost,ECFP4,quantile,2,0.3283789358310566,0.3506287198585878,0.018645394488492
ChEMBL-hERG-Ki,XGBoost,ECFP4,quantile,3,0.4129270314990435,0.4553267791728975,0.2285517271595896
ChEMBL-hERG-Ki,XGBoost,ECFP4,quantile,4,0.5161634874528556,0.6042957719382092,0.2650651398118696
ChEMBL-hERG-Ki,XGBoost,ECFP4,threshold,0,0.5359386349074506,-0.07362275673932236,-0.1047383404007247
ChEMBL-hERG-Ki,XGBoost,ECFP4,threshold,1,0.5521546954463339,-0.20536066280015974,-0.2283861673740674
ChEMBL-hERG-Ki,XGBoost,ECFP4,threshold,2,0.3283789358310566,-1.0639799841509516,-0.2988674559397588
ChEMBL-hERG-Ki,XGBoost,ECFP4,threshold,3,0.4129270314990435,-0.696241123555188,-0.2093195825044809
ChEMBL-hERG-Ki,XGBoost,ECFP4,threshold,4,0.5161634874528556,-0.16687709784039687,-0.0279767307959548
ChEMBL-hERG-Ki,XGBoost,ECFP4,valprop,0,0.5359386349074506,0.08510080688889492,0.0327320476849165
ChEMBL-hERG-Ki,XGBoost,ECFP4,valprop,1,0.5521546954463339,-0.09211073195467848,-0.0514653837481691
ChEMBL-hERG-Ki,XGBoost,ECFP4,valprop,2,0.3283789358310566,-1.035189092311729,-0.3630455026741739
ChEMBL-hERG-Ki,XGBoost,ECFP4,valprop,3,0.4129270314990435,-0.7328560784372803,-0.3103097388318108
ChEMBL-hERG-Ki,XGBoost,ECFP4,valprop,4,0.5161634874528556,-0.027243814381881754,-0.1515756988379326
ChEMBL-hERG-Ki,XGBoost,MHG-GNN-pretrained,hetero,0,0.5542341190891094,0.9311124025041253,0.4735260552074551
ChEMBL-hERG-Ki,XGBoost,MHG-GNN-pretrained,hetero,1,0.5628110472626471,0.955338313255662,0.5196568635364711
ChEMBL-hERG-Ki,XGBoost,MHG-GNN-pretrained,hetero,2,0.4545730110319056,0.877811813554532,0.4662149059961366
ChEMBL-hERG-Ki,XGBoost,MHG-GNN-pretrained,hetero,3,0.3187555619990743,0.8806915526287127,0.2696771936011108
ChEMBL-hERG-Ki,XGBoost,MHG-GNN-pretrained,hetero,4,0.3439425202130255,0.8763505725550625,0.3973275268329318
ChEMBL-hERG-Ki,XGBoost,MHG-GNN-pretrained,legacy,0,0.5542341190891094,0.8080272337504624,0.3817290410544927
ChEMBL-hERG-Ki,XGBoost,MHG-GNN-pretrained,legacy,1,0.5628110472626471,0.8537704047420577,0.4392005112680935
ChEMBL-hERG-Ki,XGBoost,MHG-GNN-pretrained,legacy,2,0.4545730110319056,0.6498710289207215,0.3128105547050204
ChEMBL-hERG-Ki,XGBoost,MHG-GNN-pretrained,legacy,3,0.3187555619990743,0.6080929975862506,0.1063922952837991
ChEMBL-hERG-Ki,XGBoost,MHG-GNN-pretrained,legacy,4,0.3439425202130255,0.5319270036259496,0.11599148339679
ChEMBL-hERG-Ki,XGBoost,MHG-GNN-pretrained,outlier,0,0.5542341190891094,0.8733776748013713,0.4683146849656449
ChEMBL-hERG-Ki,XGBoost,MHG-GNN-pretrained,outlier,1,0.5628110472626471,0.8628192418119124,0.5502288577512074
ChEMBL-hERG-Ki,XGBoost,MHG-GNN-pretrained,outlier,2,0.4545730110319056,0.6956273465734688,0.413428087719028
ChEMBL-hERG-Ki,XGBoost,MHG-GNN-pretrained,outlier,3,0.3187555619990743,0.8909764446821615,0.2975792448549134
ChEMBL-hERG-Ki,XGBoost,MHG-GNN-pretrained,outlier,4,0.3439425202130255,0.7805654265744099,0.3638700804710962
ChEMBL-hERG-Ki,XGBoost,MHG-GNN-pretrained,quantile,0,0.5542341190891094,0.737328016911763,0.342816135495024
ChEMBL-hERG-Ki,XGBoost,MHG-GNN-pretrained,quantile,1,0.5628110472626471,0.7949799051982102,0.4820635405518472
ChEMBL-hERG-Ki,XGBoost,MHG-GNN-pretrained,quantile,2,0.4545730110319056,0.5800656112154073,0.4274562022102328
ChEMBL-hERG-Ki,XGBoost,MHG-GNN-pretrained,quantile,3,0.3187555619990743,0.5248336324898527,0.2159976621321759
ChEMBL-hERG-Ki,XGBoost,MHG-GNN-pretrained,quantile,4,0.3439425202130255,0.47824167243448984,0.2169285824413165
ChEMBL-hERG-Ki,XGBoost,MHG-GNN-pretrained,threshold,0,0.5542341190891094,0.10553733209432334,0.0387790920182768
ChEMBL-hERG-Ki,XGBoost,MHG-GNN-pretrained,threshold,1,0.5628110472626471,0.26875535449370114,0.1310667517024312
ChEMBL-hERG-Ki,XGBoost,MHG-GNN-pretrained,threshold,2,0.4545730110319056,-0.19258714450872347,-0.0447415020307251
ChEMBL-hERG-Ki,XGBoost,MHG-GNN-pretrained,threshold,3,0.3187555619990743,-0.8598993406103814,-0.4856429596478899
ChEMBL-hERG-Ki,XGBoost,MHG-GNN-pretrained,threshold,4,0.3439425202130255,-0.6165373717998517,-0.2640075343500909
ChEMBL-hERG-Ki,XGBoost,MHG-GNN-pretrained,valprop,0,0.5542341190891094,0.24514490081156573,0.0968169789520937
ChEMBL-hERG-Ki,XGBoost,MHG-GNN-pretrained,valprop,1,0.5628110472626471,0.21410824213197804,0.0165447801906916
ChEMBL-hERG-Ki,XGBoost,MHG-GNN-pretrained,valprop,2,0.4545730110319056,-0.059494329913058946,0.0587041326599384
ChEMBL-hERG-Ki,XGBoost,MHG-GNN-pretrained,valprop,3,0.3187555619990743,-0.6353281540282119,-0.3477231325524741
ChEMBL-hERG-Ki,XGBoost,MHG-GNN-pretrained,valprop,4,0.3439425202130255,-0.39005005106548385,-0.0790341979316684
ChEMBL-hERG-Ki,XGBoost,PDV,hetero,0,0.5589564388604424,0.8873546923883925,0.5419874646038165
ChEMBL-hERG-Ki,XGBoost,PDV,hetero,1,0.5573508516174,0.8735674931762374,0.4537431721974949
ChEMBL-hERG-Ki,XGBoost,PDV,hetero,2,0.4142630898230041,0.8690851611323843,0.3087026681232825
ChEMBL-hERG-Ki,XGBoost,PDV,hetero,3,0.3308109797878221,0.826735594857908,0.290921704102869
ChEMBL-hERG-Ki,XGBoost,PDV,hetero,4,0.3377410496681134,1.0220457629094728,0.4009255686817343
ChEMBL-hERG-Ki,XGBoost,PDV,legacy,0,0.5589564388604424,0.7234553831043635,0.3108919447284235
ChEMBL-hERG-Ki,XGBoost,PDV,legacy,1,0.5573508516174,0.7766009046087623,0.4033104107878896
ChEMBL-hERG-Ki,XGBoost,PDV,legacy,2,0.4142630898230041,0.6918483432357475,0.1453518981572886
ChEMBL-hERG-Ki,XGBoost,PDV,legacy,3,0.3308109797878221,0.5446062462440311,0.178302284612249
ChEMBL-hERG-Ki,XGBoost,PDV,legacy,4,0.3377410496681134,0.8418181891677332,0.4068023256632526
ChEMBL-hERG-Ki,XGBoost,PDV,outlier,0,0.5589564388604424,0.8892136825931944,0.5223844308005352
ChEMBL-hERG-Ki,XGBoost,PDV,outlier,1,0.5573508516174,0.8182661758542009,0.5004789023680571
ChEMBL-hERG-Ki,XGBoost,PDV,outlier,2,0.4142630898230041,0.8102457780893504,0.2166378884888846
ChEMBL-hERG-Ki,XGBoost,PDV,outlier,3,0.3308109797878221,0.6668328796838318,0.3116269155452258
ChEMBL-hERG-Ki,XGBoost,PDV,outlier,4,0.3377410496681134,0.7755373803267425,0.2983070549027535
ChEMBL-hERG-Ki,XGBoost,PDV,quantile,0,0.5589564388604424,0.7067416674843482,0.4988075957591
ChEMBL-hERG-Ki,XGBoost,PDV,quantile,1,0.5573508516174,0.69444967191611,0.3999579900438527
ChEMBL-hERG-Ki,XGBoost,PDV,quantile,2,0.4142630898230041,0.6598452180234944,0.0052988472695353
ChEMBL-hERG-Ki,XGBoost,PDV,quantile,3,0.3308109797878221,0.4440665109682165,0.2180171714967355
ChEMBL-hERG-Ki,XGBoost,PDV,quantile,4,0.3377410496681134,0.8155156074128622,0.2877609337826062
ChEMBL-hERG-Ki,XGBoost,PDV,threshold,0,0.5589564388604424,-0.05923876233402696,-0.3330600546853284
ChEMBL-hERG-Ki,XGBoost,PDV,threshold,1,0.5573508516174,0.14725530786198227,0.0404406490141597
ChEMBL-hERG-Ki,XGBoost,PDV,threshold,2,0.4142630898230041,-0.29740156147018587,-0.3526715381238341
ChEMBL-hERG-Ki,XGBoost,PDV,threshold,3,0.3308109797878221,-0.45593622266374656,-0.1573582884667368
ChEMBL-hERG-Ki,XGBoost,PDV,threshold,4,0.3377410496681134,-0.029138386040162917,0.025921571547035
ChEMBL-hERG-Ki,XGBoost,PDV,valprop,0,0.5589564388604424,0.02423258156556546,-0.2441774941399046
ChEMBL-hERG-Ki,XGBoost,PDV,valprop,1,0.5573508516174,0.20274398017662798,0.1820516414849475
ChEMBL-hERG-Ki,XGBoost,PDV,valprop,2,0.4142630898230041,-0.26570466502528545,-0.1829489989927661
ChEMBL-hERG-Ki,XGBoost,PDV,valprop,3,0.3308109797878221,-0.3341091850270401,-0.0326171556436505
ChEMBL-hERG-Ki,XGBoost,PDV,valprop,4,0.3377410496681134,-0.1263229595394552,0.081156900798912
ChEMBL-hERG-Ki,XGBoost,SNS,hetero,0,0.6060466358660854,0.8452516805414495,0.4593924366043167
ChEMBL-hERG-Ki,XGBoost,SNS,hetero,1,0.5253357314561135,0.9245432761626988,0.4679120228312829
ChEMBL-hERG-Ki,XGBoost,SNS,hetero,2,0.3204182510049583,0.9103694237291863,0.2372900097480427
ChEMBL-hERG-Ki,XGBoost,SNS,hetero,3,0.5188784521926958,0.8147463015810142,0.4586271961947369
ChEMBL-hERG-Ki,XGBoost,SNS,hetero,4,0.5598063219182091,0.8854547961054702,0.4418727031577353
ChEMBL-hERG-Ki,XGBoost,SNS,legacy,0,0.6060466358660854,0.6473258508591968,0.2792221849859788
ChEMBL-hERG-Ki,XGBoost,SNS,legacy,1,0.5253357314561135,0.7414437389375085,0.3631409015549561
ChEMBL-hERG-Ki,XGBoost,SNS,legacy,2,0.3204182510049583,0.5690143289468336,0.1738942262332193
ChEMBL-hERG-Ki,XGBoost,SNS,legacy,3,0.5188784521926958,0.6532772399957643,0.2889209583668936
ChEMBL-hERG-Ki,XGBoost,SNS,legacy,4,0.5598063219182091,0.6930015605670595,0.3160800588890352
ChEMBL-hERG-Ki,XGBoost,SNS,outlier,0,0.6060466358660854,0.8690574146671943,0.5146110254321924
ChEMBL-hERG-Ki,XGBoost,SNS,outlier,1,0.5253357314561135,0.8615447642243441,0.2877477010087301
ChEMBL-hERG-Ki,XGBoost,SNS,outlier,2,0.3204182510049583,0.8166172501355039,0.3155986263823856
ChEMBL-hERG-Ki,XGBoost,SNS,outlier,3,0.5188784521926958,0.7259112264008694,0.3353709881912842
ChEMBL-hERG-Ki,XGBoost,SNS,outlier,4,0.5598063219182091,0.7836320064367198,0.4783692923169552
ChEMBL-hERG-Ki,XGBoost,SNS,quantile,0,0.6060466358660854,0.6152744085175197,0.3432876370552784
ChEMBL-hERG-Ki,XGBoost,SNS,quantile,1,0.5253357314561135,0.7631268132080616,0.3310191504789381
ChEMBL-hERG-Ki,XGBoost,SNS,quantile,2,0.3204182510049583,0.5666281260461831,0.1758530913793223
ChEMBL-hERG-Ki,XGBoost,SNS,quantile,3,0.5188784521926958,0.6504374207152287,0.2193832005338646
ChEMBL-hERG-Ki,XGBoost,SNS,quantile,4,0.5598063219182091,0.690060549560239,0.3951025858590228
ChEMBL-hERG-Ki,XGBoost,SNS,threshold,0,0.6060466358660854,-0.12247024505264109,-0.2341086635630449
ChEMBL-hERG-Ki,XGBoost,SNS,threshold,1,0.5253357314561135,-0.07213520985700642,0.0040755289714186
ChEMBL-hERG-Ki,XGBoost,SNS,threshold,2,0.3204182510049583,-1.2505874492876434,-0.2771787995459023
ChEMBL-hERG-Ki,XGBoost,SNS,threshold,3,0.5188784521926958,-0.253296780578386,-0.0030220014502464
ChEMBL-hERG-Ki,XGBoost,SNS,threshold,4,0.5598063219182091,-0.0753522157305406,-0.0968775313236172
ChEMBL-hERG-Ki,XGBoost,SNS,valprop,0,0.6060466358660854,-0.1333409460607264,-0.2062723052590687
ChEMBL-hERG-Ki,XGBoost,SNS,valprop,1,0.5253357314561135,0.08480414404916474,-0.083967400564112
ChEMBL-hERG-Ki,XGBoost,SNS,valprop,2,0.3204182510049583,-0.958577779135033,-0.2477207959420118
ChEMBL-hERG-Ki,XGBoost,SNS,valprop,3,0.5188784521926958,-0.1365968026493996,-0.0524096047933453
ChEMBL-hERG-Ki,XGBoost,SNS,valprop,4,0.5598063219182091,0.06605602901689715,-0.0168241020455963
OpenADMET-Caco2_Efflux,BNN-Full,MHG-GNN-pretrained,valprop,2,0.3190327682709041,-3.632893058306659,-0.3004456839339389
OpenADMET-Caco2_Efflux,BNN-Full,PDV,hetero,1,0.3283842162566496,0.9933153452841921,0.28091049591213
OpenADMET-Caco2_Efflux,BNN-Full,PDV,hetero,2,0.3293483731190255,1.1614030942166023,0.4096965055769751
OpenADMET-Caco2_Efflux,BNN-Full,PDV,hetero,3,0.391030607019349,0.7276618147747389,0.234064486145888
OpenADMET-Caco2_Efflux,BNN-Full,PDV,hetero,4,0.3292120251321769,1.020750206022494,0.3574993217415192
OpenADMET-Caco2_Efflux,BNN-Full,PDV,legacy,2,0.3674738341644681,0.8033479315271619,0.2829283456726817
OpenADMET-Caco2_Efflux,BNN-Full,PDV,legacy,3,0.4357332007853921,0.50498554440322,0.1661358794603425
OpenADMET-Caco2_Efflux,BNN-Full,PDV,legacy,4,0.3176738520410103,0.7628189521017772,0.1042812563704657
OpenADMET-Caco2_Efflux,BNN-Full,PDV,outlier,2,0.4681812283313005,0.7453481804483585,0.2116783170414217
OpenADMET-Caco2_Efflux,BNN-Full,PDV,outlier,3,0.3338047062500311,0.6822671315041761,0.3360972348510156
OpenADMET-Caco2_Efflux,BNN-Full,PDV,outlier,4,0.3911517014689301,0.6638230001702905,0.1901069508725308
OpenADMET-Caco2_Efflux,BNN-Full,PDV,quantile,2,0.5119980424035947,0.7312358347654481,0.2567559470032193
OpenADMET-Caco2_Efflux,BNN-Full,PDV,quantile,4,0.3094644358559386,0.8643720050124172,0.174333603209879
OpenADMET-Caco2_Efflux,BNN-Full,PDV,threshold,2,0.4481177602371293,0.8162763863111197,0.2794349926495962
OpenADMET-Caco2_Efflux,BNN-Full,PDV,threshold,3,0.4636919496178444,0.5495996625553567,0.2518578644234028
OpenADMET-Caco2_Efflux,BNN-Full,PDV,valprop,2,0.3536163991281269,0.8927776434790466,0.192793915839443
OpenADMET-Caco2_Efflux,BNN-Full,PDV,valprop,3,0.3621447213394847,0.5811703994901711,0.2099402467094668
OpenADMET-Caco2_Efflux,BNN-Full,PDV,valprop,4,0.3714525842149464,0.6964003976500325,0.2034678321171794
OpenADMET-Caco2_Efflux,BNN-Full,SNS,legacy,2,0.3568920101738519,0.30226234717204814,0.0131936057949363
OpenADMET-Caco2_Efflux,BNN-Full,SNS,threshold,2,0.4534165155520443,0.2718913037776957,0.0220217099276175
OpenADMET-Caco2_Efflux,DNN,ECFP4,hetero,0,0.3664025068556115,0.69457815629485,0.2811768914480554
OpenADMET-Caco2_Efflux,DNN,ECFP4,hetero,1,0.3519450730605111,0.9249404847739859,0.2818323522637774
OpenADMET-Caco2_Efflux,DNN,ECFP4,hetero,2,0.5018301985614113,1.0126925552634287,0.4979261274336174
OpenADMET-Caco2_Efflux,DNN,ECFP4,hetero,3,0.4315767160943548,0.8762647139766118,0.3186827804306607
OpenADMET-Caco2_Efflux,DNN,ECFP4,hetero,4,0.4149778811517078,0.8731636417209686,0.3108302581238205
OpenADMET-Caco2_Efflux,DNN,ECFP4,legacy,0,0.3995998850311263,0.44888609283262876,0.1389426081564332
OpenADMET-Caco2_Efflux,DNN,ECFP4,legacy,1,0.3370739533555525,0.6793987042355404,0.1896694618303198
OpenADMET-Caco2_Efflux,DNN,ECFP4,legacy,2,0.521970461958259,0.8618491978804097,0.407775536872865
OpenADMET-Caco2_Efflux,DNN,ECFP4,legacy,3,0.3535250537794944,0.8039701381639455,0.2736833791129979
OpenADMET-Caco2_Efflux,DNN,ECFP4,legacy,4,0.4282618170400879,0.6668121020864677,0.2817260935669561
OpenADMET-Caco2_Efflux,DNN,ECFP4,outlier,0,0.3083084101077059,0.7653623886447165,0.2249863794102096
OpenADMET-Caco2_Efflux,DNN,ECFP4,outlier,1,0.3612635055891365,0.8138467323627203,0.3225049759233837
OpenADMET-Caco2_Efflux,DNN,ECFP4,outlier,2,0.5146644744439572,0.9395745516934632,0.4037526377927034
OpenADMET-Caco2_Efflux,DNN,ECFP4,outlier,3,0.3797877043860309,0.8466926936805929,0.3050952554707808
OpenADMET-Caco2_Efflux,DNN,ECFP4,outlier,4,0.4127922560732945,0.8328436981103132,0.2029286793097255
OpenADMET-Caco2_Efflux,DNN,ECFP4,quantile,0,0.4076770717532826,0.4889346878399799,0.1673444256524854
OpenADMET-Caco2_Efflux,DNN,ECFP4,quantile,1,0.3623741311696637,0.7113253106515904,0.2520422995952791
OpenADMET-Caco2_Efflux,DNN,ECFP4,quantile,2,0.4872765212353309,0.9368400181988228,0.4043885062969754
OpenADMET-Caco2_Efflux,DNN,ECFP4,quantile,3,0.3185729883322233,0.9537680809552687,0.3063814574491964
OpenADMET-Caco2_Efflux,DNN,ECFP4,quantile,4,0.4482303910768442,0.7918042749716114,0.3463065215705962
OpenADMET-Caco2_Efflux,DNN,ECFP4,threshold,0,0.3131740970202679,0.7464469601835286,0.2292445300510591
OpenADMET-Caco2_Efflux,DNN,ECFP4,threshold,1,0.3646999837743132,0.791135610186303,0.2432377784911853
OpenADMET-Caco2_Efflux,DNN,ECFP4,threshold,2,0.4996203360747895,0.989803810069961,0.4557766046023015
OpenADMET-Caco2_Efflux,DNN,ECFP4,threshold,3,0.3302025684418255,0.9813816444433346,0.3048561573155687
OpenADMET-Caco2_Efflux,DNN,ECFP4,threshold,4,0.4391684507279435,0.8597445953650565,0.380162284935676
OpenADMET-Caco2_Efflux,DNN,ECFP4,valprop,0,0.4041871816657311,0.4267346966368719,0.1409433743419903
OpenADMET-Caco2_Efflux,DNN,ECFP4,valprop,1,0.3562293328027671,0.6261491038707638,0.2009227713520769
OpenADMET-Caco2_Efflux,DNN,ECFP4,valprop,2,0.5189209385233264,0.8554397399696582,0.3324558752087044
OpenADMET-Caco2_Efflux,DNN,ECFP4,valprop,3,0.3704435006742322,0.7235882319325122,0.2933432207204348
OpenADMET-Caco2_Efflux,DNN,ECFP4,valprop,4,0.4174625534249243,0.7208739313135495,0.2927971381487194
OpenADMET-Caco2_Efflux,DNN,MHG-GNN-pretrained,legacy,2,0.5526642901121597,-0.5495894534619381,-1.1108955597255048
OpenADMET-Caco2_Efflux,DNN,MHG-GNN-pretrained,outlier,2,0.455036529503002,0.7826658915556506,0.277457177955252
OpenADMET-Caco2_Efflux,DNN,MHG-GNN-pretrained,outlier,3,0.3691159578046474,-2.6734088485481817,-0.2397579273844901
OpenADMET-Caco2_Efflux,DNN,MHG-GNN-pretrained,quantile,2,0.4289039021197567,0.7319389702732388,0.3814102363532535
OpenADMET-Caco2_Efflux,DNN,MHG-GNN-pretrained,threshold,1,0.4407885446758172,-1.6905770620409692,0.1767808716740794
OpenADMET-Caco2_Efflux,DNN,MHG-GNN-pretrained,threshold,2,0.5737449208493799,0.7113244607300613,0.3578978414688347
OpenADMET-Caco2_Efflux,DNN,MHG-GNN-pretrained,threshold,3,0.4839620139141944,-0.6387650354075441,0.2725253505231518
OpenADMET-Caco2_Efflux,DNN,MHG-GNN-pretrained,valprop,3,0.3355198201889018,-12.594613633716317,0.102292227340158
OpenADMET-Caco2_Efflux,DNN,PDV,hetero,0,0.3718168095956756,0.8603522514527429,0.2563263017807354
OpenADMET-Caco2_Efflux,DNN,PDV,hetero,1,0.5210304565242938,0.8768116214548121,0.4359644636084731
OpenADMET-Caco2_Efflux,DNN,PDV,hetero,2,0.5979427909997281,0.9721512386149121,0.5107365546713336
OpenADMET-Caco2_Efflux,DNN,PDV,hetero,3,0.6152539285366139,0.8965551519328051,0.5472216639716033
OpenADMET-Caco2_Efflux,DNN,PDV,hetero,4,0.4407036383360034,1.0114471795016047,0.4359107000841564
OpenADMET-Caco2_Efflux,DNN,PDV,legacy,0,0.3823793870060609,0.6890415710048752,0.2634957197639527
OpenADMET-Caco2_Efflux,DNN,PDV,legacy,1,0.5014450425060653,0.6822149487271428,0.3462270464203523
OpenADMET-Caco2_Efflux,DNN,PDV,legacy,2,0.6173514082988844,0.8171686123750006,0.4682443684507189
OpenADMET-Caco2_Efflux,DNN,PDV,legacy,3,0.5688645537394947,0.7955500048540362,0.4125486966843915
OpenADMET-Caco2_Efflux,DNN,PDV,legacy,4,0.4714454663618408,0.815629344592861,0.3366585915013121
OpenADMET-Caco2_Efflux,DNN,PDV,outlier,0,0.3599304185895158,0.7113832988493763,0.2838658253454585
OpenADMET-Caco2_Efflux,DNN,PDV,outlier,1,0.4313888936592237,0.8289254821733387,0.2919265837933269
OpenADMET-Caco2_Efflux,DNN,PDV,outlier,2,0.6306399223097237,0.8674805578309568,0.5115017862386122
OpenADMET-Caco2_Efflux,DNN,PDV,outlier,3,0.6022844923996165,0.7672576314626065,0.4944571834537382
OpenADMET-Caco2_Efflux,DNN,PDV,outlier,4,0.4690592160638349,0.8879870209573765,0.3784630712011864
OpenADMET-Caco2_Efflux,DNN,PDV,quantile,0,0.379013420329254,0.680632528634114,0.2523974285947774
OpenADMET-Caco2_Efflux,DNN,PDV,quantile,1,0.4978887307787937,0.7219621190660395,0.319055450330946
OpenADMET-Caco2_Efflux,DNN,PDV,quantile,2,0.6259819544034195,0.8468571538549206,0.4736579330214637
OpenADMET-Caco2_Efflux,DNN,PDV,quantile,3,0.5819067490019513,0.778765666635807,0.4953890230734493
OpenADMET-Caco2_Efflux,DNN,PDV,quantile,4,0.5030146555279473,0.7880996445442543,0.3357301427271831
OpenADMET-Caco2_Efflux,DNN,PDV,threshold,0,0.3097309465770588,0.8586833167166495,0.2987662321481737
OpenADMET-Caco2_Efflux,DNN,PDV,threshold,1,0.4711434914345634,0.7859924001952503,0.3268510395998615
OpenADMET-Caco2_Efflux,DNN,PDV,threshold,2,0.6127545839586998,0.8893399642278741,0.4422659189933818
OpenADMET-Caco2_Efflux,DNN,PDV,threshold,3,0.5739918620563638,0.8763496918944698,0.4992547128794427
OpenADMET-Caco2_Efflux,DNN,PDV,threshold,4,0.5002386522727896,0.8086314058154329,0.4077664581047001
OpenADMET-Caco2_Efflux,DNN,PDV,valprop,0,0.3526795410016818,0.7033210962372639,0.1942908939779001
OpenADMET-Caco2_Efflux,DNN,PDV,valprop,1,0.5164818339071142,0.6592107339451321,0.3366909908050809
OpenADMET-Caco2_Efflux,DNN,PDV,valprop,2,0.621886418584277,0.8127035038166763,0.4548060963055963
OpenADMET-Caco2_Efflux,DNN,PDV,valprop,3,0.5962325478341644,0.7589322871391081,0.4283090622487306
OpenADMET-Caco2_Efflux,DNN,PDV,valprop,4,0.4603503605554373,0.8255107426515682,0.2684780300807846
OpenADMET-Caco2_Efflux,DNN,SNS,hetero,0,0.4305759046493855,0.6715775299885648,0.2134903427991105
OpenADMET-Caco2_Efflux,DNN,SNS,hetero,1,0.3884043295927584,0.7970537142284392,0.2757102094731222
OpenADMET-Caco2_Efflux,DNN,SNS,hetero,2,0.5937362695381436,0.877482596171244,0.5117098135616284
OpenADMET-Caco2_Efflux,DNN,SNS,hetero,3,0.4119101452584154,1.0776478973837922,0.454196717846399
OpenADMET-Caco2_Efflux,DNN,SNS,hetero,4,0.4709648626107434,0.8478998844580976,0.397191335899287
OpenADMET-Caco2_Efflux,DNN,SNS,legacy,0,0.3587143054201059,0.5195288882724561,0.0875451224291025
OpenADMET-Caco2_Efflux,DNN,SNS,legacy,1,0.402359911937848,0.5910294765899318,0.1509376345433475
OpenADMET-Caco2_Efflux,DNN,SNS,legacy,2,0.5125872819641915,0.8628472115152791,0.4309412899238694
OpenADMET-Caco2_Efflux,DNN,SNS,legacy,3,0.5288140416019262,0.5926505058539692,0.2729785075926937
OpenADMET-Caco2_Efflux,DNN,SNS,legacy,4,0.4910161701676891,0.6318399632431951,0.2236024045777228
OpenADMET-Caco2_Efflux,DNN,SNS,outlier,0,0.3822126135727507,0.6102553307914564,0.1581235027224452
OpenADMET-Caco2_Efflux,DNN,SNS,outlier,1,0.3446816292195849,0.8234069793239468,0.2652744830628235
OpenADMET-Caco2_Efflux,DNN,SNS,outlier,2,0.5928870249008742,0.8352099733570614,0.4035815981643857
OpenADMET-Caco2_Efflux,DNN,SNS,outlier,3,0.5568379196231007,0.6608674489084699,0.3160324424548387
OpenADMET-Caco2_Efflux,DNN,SNS,outlier,4,0.4719990444448797,0.7698362667658687,0.2742888140653062
OpenADMET-Caco2_Efflux,DNN,SNS,quantile,0,0.3894051852798648,0.5375011876926148,0.1879400414277034
OpenADMET-Caco2_Efflux,DNN,SNS,quantile,1,0.3839731804490108,0.7020622524165328,0.247448566660264
OpenADMET-Caco2_Efflux,DNN,SNS,quantile,2,0.5296321387978389,0.9283964445714307,0.4903789953466652
OpenADMET-Caco2_Efflux,DNN,SNS,quantile,3,0.5337982335736948,0.635315098783052,0.2700389746752643
OpenADMET-Caco2_Efflux,DNN,SNS,quantile,4,0.4596429816467196,0.7874087333819358,0.2998235137823647
OpenADMET-Caco2_Efflux,DNN,SNS,threshold,0,0.3679345143976393,0.648513373781946,0.2439805477837541
OpenADMET-Caco2_Efflux,DNN,SNS,threshold,1,0.4060032080942667,0.6983072495874085,0.1900809401751287
OpenADMET-Caco2_Efflux,DNN,SNS,threshold,2,0.5481704905184517,0.9259106740086521,0.4600711509505446
OpenADMET-Caco2_Efflux,DNN,SNS,threshold,3,0.4629289986340439,0.7975362725432008,0.3071456483225708
OpenADMET-Caco2_Efflux,DNN,SNS,threshold,4,0.4385202109169959,0.8574484524112542,0.3034008385540949
OpenADMET-Caco2_Efflux,DNN,SNS,valprop,0,0.3632227752443562,0.4649633663689771,0.0825629931261174
OpenADMET-Caco2_Efflux,DNN,SNS,valprop,1,0.3787407211741145,0.6366198206014037,0.2335031653341922
OpenADMET-Caco2_Efflux,DNN,SNS,valprop,2,0.5721137121300655,0.7746998423464629,0.3444269381229865
OpenADMET-Caco2_Efflux,DNN,SNS,valprop,3,0.4984777444697716,0.5681411524123097,0.305244586968974
OpenADMET-Caco2_Efflux,DNN,SNS,valprop,4,0.3841480944659285,0.8175894999240154,0.269190930530142
OpenADMET-Caco2_Efflux,GP,PDV,hetero,0,0.3883197959830206,0.9181194802623942,0.3639712960952533
OpenADMET-Caco2_Efflux,GP,PDV,hetero,1,0.4842373830172901,0.9470336680012927,0.4509949178220734
OpenADMET-Caco2_Efflux,GP,PDV,hetero,2,0.6052543527112402,0.968843746354181,0.5525279744806908
OpenADMET-Caco2_Efflux,GP,PDV,hetero,3,0.5418488271744346,0.9744226549482649,0.5199729276656447
OpenADMET-Caco2_Efflux,GP,PDV,hetero,4,0.4791501103416634,0.9688863987573922,0.4438230551824835
OpenADMET-Caco2_Efflux,GP,PDV,legacy,0,0.3883197959830206,0.7436126577800188,0.2365057692196652
OpenADMET-Caco2_Efflux,GP,PDV,legacy,1,0.4842373830172901,0.7823078511341175,0.3399998407850988
OpenADMET-Caco2_Efflux,GP,PDV,legacy,2,0.6052543527112402,0.8731249449297492,0.4435935743810815
OpenADMET-Caco2_Efflux,GP,PDV,legacy,3,0.5418488271744346,0.8307581040757753,0.4346284395718683
OpenADMET-Caco2_Efflux,GP,PDV,legacy,4,0.4791501103416634,0.837881050908686,0.3311018863138981
OpenADMET-Caco2_Efflux,GP,PDV,outlier,0,0.3883197959830206,0.733816683647113,0.3088829103547272
OpenADMET-Caco2_Efflux,GP,PDV,outlier,1,0.4842373830172901,0.7038278637608291,0.3598361068398406
OpenADMET-Caco2_Efflux,GP,PDV,outlier,2,0.6052543527112402,0.8542261388087501,0.4122323594884522
OpenADMET-Caco2_Efflux,GP,PDV,outlier,3,0.5418488271744346,0.6907011852496594,0.3353832777546063
OpenADMET-Caco2_Efflux,GP,PDV,outlier,4,0.4791501103416634,0.8339582259330917,0.3049146606181334
OpenADMET-Caco2_Efflux,GP,PDV,quantile,0,0.3883197959830206,0.7244079985885106,0.2536750734809857
OpenADMET-Caco2_Efflux,GP,PDV,quantile,1,0.4842373830172901,0.7850804437475536,0.3521260646868921
OpenADMET-Caco2_Efflux,GP,PDV,quantile,2,0.6052543527112402,0.8587751715520776,0.4663326723181528
OpenADMET-Caco2_Efflux,GP,PDV,quantile,3,0.5418488271744346,0.8453914230354936,0.4688005154711897
OpenADMET-Caco2_Efflux,GP,PDV,quantile,4,0.4791501103416634,0.8432248788210159,0.3338762048265528
OpenADMET-Caco2_Efflux,GP,PDV,threshold,0,0.3883197959830206,0.7871704758025169,0.3230313594266423
OpenADMET-Caco2_Efflux,GP,PDV,threshold,1,0.4842373830172901,0.7804592065828682,0.3772588996250176
OpenADMET-Caco2_Efflux,GP,PDV,threshold,2,0.6052543527112402,0.861068074607251,0.4141274104192524
OpenADMET-Caco2_Efflux,GP,PDV,threshold,3,0.5418488271744346,0.870081982278428,0.4382022535401058
OpenADMET-Caco2_Efflux,GP,PDV,threshold,4,0.4791501103416634,0.8830459301846465,0.3626742961309764
OpenADMET-Caco2_Efflux,GP,PDV,valprop,0,0.3883197959830206,0.7252711840475393,0.2321861672879899
OpenADMET-Caco2_Efflux,GP,PDV,valprop,1,0.4842373830172901,0.7630931214704192,0.3324578978738796
OpenADMET-Caco2_Efflux,GP,PDV,valprop,2,0.6052543527112402,0.8653378353631328,0.429689000474134
OpenADMET-Caco2_Efflux,GP,PDV,valprop,3,0.5418488271744346,0.8168205553235969,0.4280134716900354
OpenADMET-Caco2_Efflux,GP,PDV,valprop,4,0.4791501103416634,0.8239986666389747,0.3188800728027979
OpenADMET-Caco2_Efflux,LightGBM,ECFP4,hetero,0,0.4625768451643194,0.8619963985266215,0.3819360733194086
OpenADMET-Caco2_Efflux,LightGBM,ECFP4,hetero,1,0.3959180492473656,0.8797133540053925,0.317476031565061
OpenADMET-Caco2_Efflux,LightGBM,ECFP4,hetero,2,0.5671144382413885,0.9579689744494547,0.5586697741943603
OpenADMET-Caco2_Efflux,LightGBM,ECFP4,hetero,3,0.4668938494402772,0.9336677096998129,0.4151668788002848
OpenADMET-Caco2_Efflux,LightGBM,ECFP4,hetero,4,0.451453541048595,0.865145972698985,0.3667278728543555
OpenADMET-Caco2_Efflux,LightGBM,ECFP4,legacy,0,0.4625768451643194,0.24754390388087782,-0.0124068392810769
OpenADMET-Caco2_Efflux,LightGBM,ECFP4,legacy,1,0.3959180492473656,0.13931344006798027,0.0447447517115564
OpenADMET-Caco2_Efflux,LightGBM,ECFP4,legacy,2,0.5671144382413885,0.5874413259659163,0.3799539344864006
OpenADMET-Caco2_Efflux,LightGBM,ECFP4,legacy,3,0.4668938494402772,0.39861796807764105,0.0453597959589825
OpenADMET-Caco2_Efflux,LightGBM,ECFP4,legacy,4,0.451453541048595,0.2226199741211296,0.0451029955277116
OpenADMET-Caco2_Efflux,LightGBM,ECFP4,outlier,0,0.4625768451643194,0.6414623946782138,0.1680801278380658
OpenADMET-Caco2_Efflux,LightGBM,ECFP4,outlier,1,0.3959180492473656,0.5131868873352963,0.2309265027843384
OpenADMET-Caco2_Efflux,LightGBM,ECFP4,outlier,2,0.5671144382413885,0.6764199990438163,0.3416821938899469
OpenADMET-Caco2_Efflux,LightGBM,ECFP4,outlier,3,0.4668938494402772,0.46683011451024276,0.0306831217872023
OpenADMET-Caco2_Efflux,LightGBM,ECFP4,outlier,4,0.451453541048595,0.6347611486929907,0.3224063165834655
OpenADMET-Caco2_Efflux,LightGBM,ECFP4,quantile,0,0.4625768451643194,0.35488784252769023,-0.009413040311055
OpenADMET-Caco2_Efflux,LightGBM,ECFP4,quantile,1,0.3959180492473656,0.24306037792563367,0.0073102696801565
OpenADMET-Caco2_Efflux,LightGBM,ECFP4,quantile,2,0.5671144382413885,0.6727618639405698,0.3730158453444346
OpenADMET-Caco2_Efflux,LightGBM,ECFP4,quantile,3,0.4668938494402772,0.45388469342996474,0.0707932430290987
OpenADMET-Caco2_Efflux,LightGBM,ECFP4,quantile,4,0.451453541048595,0.37364863507825363,0.1484434411353027
OpenADMET-Caco2_Efflux,LightGBM,ECFP4,threshold,0,0.4625768451643194,0.766164589731681,0.2897999004366253
OpenADMET-Caco2_Efflux,LightGBM,ECFP4,threshold,1,0.3959180492473656,0.6310553606298438,0.2408093371341448
OpenADMET-Caco2_Efflux,LightGBM,ECFP4,threshold,2,0.5671144382413885,0.7984312804322887,0.4326258643092959
OpenADMET-Caco2_Efflux,LightGBM,ECFP4,threshold,3,0.4668938494402772,0.6639246300376928,0.2159561695807175
OpenADMET-Caco2_Efflux,LightGBM,ECFP4,threshold,4,0.451453541048595,0.7173987411648887,0.3099268726820469
OpenADMET-Caco2_Efflux,LightGBM,ECFP4,valprop,0,0.4625768451643194,0.1301712219324494,-0.1110644742834388
OpenADMET-Caco2_Efflux,LightGBM,ECFP4,valprop,1,0.3959180492473656,0.05755989740165146,0.0324655880422186
OpenADMET-Caco2_Efflux,LightGBM,ECFP4,valprop,2,0.5671144382413885,0.5379758241887554,0.3338738990032095
OpenADMET-Caco2_Efflux,LightGBM,ECFP4,valprop,3,0.4668938494402772,0.3359152796326632,-0.0076625106903061
OpenADMET-Caco2_Efflux,LightGBM,ECFP4,valprop,4,0.451453541048595,0.11769877475836785,-0.0217879827535865
OpenADMET-Caco2_Efflux,LightGBM,MHG-GNN-pretrained,hetero,0,0.337677970943643,0.8139949824625312,0.2461041365876511
OpenADMET-Caco2_Efflux,LightGBM,MHG-GNN-pretrained,hetero,1,0.4800046820622803,0.8627777421250822,0.4611283474724311
OpenADMET-Caco2_Efflux,LightGBM,MHG-GNN-pretrained,hetero,2,0.5230349451620803,0.9649811836537976,0.4625960077743858
OpenADMET-Caco2_Efflux,LightGBM,MHG-GNN-pretrained,hetero,3,0.5392937808305567,0.9504845115510405,0.523003173543924
OpenADMET-Caco2_Efflux,LightGBM,MHG-GNN-pretrained,hetero,4,0.480578145377289,0.86595219054301,0.4244575236645604
OpenADMET-Caco2_Efflux,LightGBM,MHG-GNN-pretrained,legacy,0,0.337677970943643,-0.4712761081774086,-0.4843696876000924
OpenADMET-Caco2_Efflux,LightGBM,MHG-GNN-pretrained,legacy,1,0.4800046820622803,0.11878906901636248,0.0725798010729176
OpenADMET-Caco2_Efflux,LightGBM,MHG-GNN-pretrained,legacy,2,0.5230349451620803,0.5089074523494829,0.1796862802171276
OpenADMET-Caco2_Efflux,LightGBM,MHG-GNN-pretrained,legacy,3,0.5392937808305567,0.347871787915077,0.2448151886787929
OpenADMET-Caco2_Efflux,LightGBM,MHG-GNN-pretrained,legacy,4,0.480578145377289,0.22366722822424423,0.0521034721660745
OpenADMET-Caco2_Efflux,LightGBM,MHG-GNN-pretrained,outlier,0,0.337677970943643,0.2126933436857377,-0.1685401722552799
OpenADMET-Caco2_Efflux,LightGBM,MHG-GNN-pretrained,outlier,1,0.4800046820622803,0.4662909184989069,0.2263913548814409
OpenADMET-Caco2_Efflux,LightGBM,MHG-GNN-pretrained,outlier,2,0.5230349451620803,0.3871381671298461,0.217141762844121
OpenADMET-Caco2_Efflux,LightGBM,MHG-GNN-pretrained,outlier,3,0.5392937808305567,0.5984931137009593,0.3140461441555846
OpenADMET-Caco2_Efflux,LightGBM,MHG-GNN-pretrained,outlier,4,0.480578145377289,0.4609387238612187,0.1988064522792323
OpenADMET-Caco2_Efflux,LightGBM,MHG-GNN-pretrained,quantile,0,0.337677970943643,-0.08262612475684858,-0.4361086669448257
OpenADMET-Caco2_Efflux,LightGBM,MHG-GNN-pretrained,quantile,1,0.4800046820622803,0.34114679965716765,0.2596831144092553
OpenADMET-Caco2_Efflux,LightGBM,MHG-GNN-pretrained,quantile,2,0.5230349451620803,0.45358676500770967,0.2613421703896256
OpenADMET-Caco2_Efflux,LightGBM,MHG-GNN-pretrained,quantile,3,0.5392937808305567,0.39718991879101273,0.2244022193973193
OpenADMET-Caco2_Efflux,LightGBM,MHG-GNN-pretrained,quantile,4,0.480578145377289,0.40151092568384283,0.1931641011675818
OpenADMET-Caco2_Efflux,LightGBM,MHG-GNN-pretrained,threshold,0,0.337677970943643,0.37008359632333765,-0.1035564773518245
OpenADMET-Caco2_Efflux,LightGBM,MHG-GNN-pretrained,threshold,1,0.4800046820622803,0.6582558478385644,0.3853114497785526
OpenADMET-Caco2_Efflux,LightGBM,MHG-GNN-pretrained,threshold,2,0.5230349451620803,0.6385499617862019,0.2601831957341417
OpenADMET-Caco2_Efflux,LightGBM,MHG-GNN-pretrained,threshold,3,0.5392937808305567,0.7135250358793733,0.3060027672028873
OpenADMET-Caco2_Efflux,LightGBM,MHG-GNN-pretrained,threshold,4,0.480578145377289,0.6804731933378226,0.343417957124801
OpenADMET-Caco2_Efflux,LightGBM,MHG-GNN-pretrained,valprop,0,0.337677970943643,-0.5938379616992489,-0.5062045595643925
OpenADMET-Caco2_Efflux,LightGBM,MHG-GNN-pretrained,valprop,1,0.4800046820622803,0.01169791056158448,0.0443898544697864
OpenADMET-Caco2_Efflux,LightGBM,MHG-GNN-pretrained,valprop,2,0.5230349451620803,0.39876613763634233,0.0883593712533794
OpenADMET-Caco2_Efflux,LightGBM,MHG-GNN-pretrained,valprop,3,0.5392937808305567,0.2738605734838933,0.1913597853661534
OpenADMET-Caco2_Efflux,LightGBM,MHG-GNN-pretrained,valprop,4,0.480578145377289,0.20747453306266786,0.0122487114068273
OpenADMET-Caco2_Efflux,LightGBM,PDV,hetero,0,0.5123967456971739,0.909608183450781,0.4376878092167741
OpenADMET-Caco2_Efflux,LightGBM,PDV,hetero,1,0.3712015548974008,0.8018413442577049,0.2767997498992223
OpenADMET-Caco2_Efflux,LightGBM,PDV,hetero,2,0.6061038738562228,0.9312708269583262,0.5799272623797429
OpenADMET-Caco2_Efflux,LightGBM,PDV,hetero,3,0.4845434112786927,0.8912918166400459,0.445277700816497
OpenADMET-Caco2_Efflux,LightGBM,PDV,hetero,4,0.4581747656596903,0.9509901540993247,0.4239627506697192
OpenADMET-Caco2_Efflux,LightGBM,PDV,legacy,0,0.5123967456971739,0.32429748504127687,0.061699575482307
OpenADMET-Caco2_Efflux,LightGBM,PDV,legacy,1,0.3712015548974008,-0.2819951044970269,-0.272554841917791
OpenADMET-Caco2_Efflux,LightGBM,PDV,legacy,2,0.6061038738562228,0.4744363415744613,0.2071394755511493
OpenADMET-Caco2_Efflux,LightGBM,PDV,legacy,3,0.4845434112786927,0.20786706384366677,-0.0352371379676998
OpenADMET-Caco2_Efflux,LightGBM,PDV,legacy,4,0.4581747656596903,0.3350069694269112,0.0786215723415324
OpenADMET-Caco2_Efflux,LightGBM,PDV,outlier,0,0.5123967456971739,0.4840619092153959,-0.1553582320876534
OpenADMET-Caco2_Efflux,LightGBM,PDV,outlier,1,0.3712015548974008,0.3199528301657093,0.0931985331853426
OpenADMET-Caco2_Efflux,LightGBM,PDV,outlier,2,0.6061038738562228,0.5890394355905216,0.3307789198819767
OpenADMET-Caco2_Efflux,LightGBM,PDV,outlier,3,0.4845434112786927,0.3750571689254984,-0.06470950724069
OpenADMET-Caco2_Efflux,LightGBM,PDV,outlier,4,0.4581747656596903,0.6094860861593634,0.0025746189060085
OpenADMET-Caco2_Efflux,LightGBM,PDV,quantile,0,0.5123967456971739,0.4376655492604676,-0.0025079162222068
OpenADMET-Caco2_Efflux,LightGBM,PDV,quantile,1,0.3712015548974008,-0.18572711618763313,-0.4021263643213095
OpenADMET-Caco2_Efflux,LightGBM,PDV,quantile,2,0.6061038738562228,0.5502614394402998,0.3584166988419253
OpenADMET-Caco2_Efflux,LightGBM,PDV,quantile,3,0.4845434112786927,0.3480662314753781,0.1045929986519477
OpenADMET-Caco2_Efflux,LightGBM,PDV,quantile,4,0.4581747656596903,0.4637271633771531,0.156327584817373
OpenADMET-Caco2_Efflux,LightGBM,PDV,threshold,0,0.5123967456971739,0.6974454404536115,0.1410735967489277
OpenADMET-Caco2_Efflux,LightGBM,PDV,threshold,1,0.3712015548974008,0.47039880245224314,0.1899279907838306
OpenADMET-Caco2_Efflux,LightGBM,PDV,threshold,2,0.6061038738562228,0.7393887548433801,0.4979883998725189
OpenADMET-Caco2_Efflux,LightGBM,PDV,threshold,3,0.4845434112786927,0.5192798695657005,0.1566905791351796
OpenADMET-Caco2_Efflux,LightGBM,PDV,threshold,4,0.4581747656596903,0.7333500160299943,0.2483181064644064
OpenADMET-Caco2_Efflux,LightGBM,PDV,valprop,0,0.5123967456971739,0.24607310295959114,0.0105271247102932
OpenADMET-Caco2_Efflux,LightGBM,PDV,valprop,1,0.3712015548974008,-0.4538598838785981,-0.3340877868053926
OpenADMET-Caco2_Efflux,LightGBM,PDV,valprop,2,0.6061038738562228,0.41798829955250516,0.1241929961088571
OpenADMET-Caco2_Efflux,LightGBM,PDV,valprop,3,0.4845434112786927,0.13473547172625316,-0.0078842704499768
OpenADMET-Caco2_Efflux,LightGBM,PDV,valprop,4,0.4581747656596903,0.248511056815653,0.0222996794915194
OpenADMET-Caco2_Efflux,LightGBM,SNS,hetero,0,0.489778442649464,0.8876239003590778,0.4043160155229377
OpenADMET-Caco2_Efflux,LightGBM,SNS,hetero,1,0.5183640062804729,0.9182442054150459,0.5183707471503161
OpenADMET-Caco2_Efflux,LightGBM,SNS,hetero,2,0.6034699598688782,0.9273403083381214,0.5569752855008161
OpenADMET-Caco2_Efflux,LightGBM,SNS,hetero,3,0.5081141816549013,0.9127025121683101,0.4395623060252079
OpenADMET-Caco2_Efflux,LightGBM,SNS,hetero,4,0.4440237235596405,0.9434115941101631,0.444184955934074
OpenADMET-Caco2_Efflux,LightGBM,SNS,legacy,0,0.489778442649464,0.17329497024142043,-0.0169423318637098
OpenADMET-Caco2_Efflux,LightGBM,SNS,legacy,1,0.5183640062804729,0.36216302682401386,0.2307820408031703
OpenADMET-Caco2_Efflux,LightGBM,SNS,legacy,2,0.6034699598688782,0.5805298198367034,0.3064396558371577
OpenADMET-Caco2_Efflux,LightGBM,SNS,legacy,3,0.5081141816549013,0.24490917991218258,0.0642948373707722
OpenADMET-Caco2_Efflux,LightGBM,SNS,legacy,4,0.4440237235596405,0.29670601558766424,0.0782299077889934
OpenADMET-Caco2_Efflux,LightGBM,SNS,outlier,0,0.489778442649464,0.6756945926418437,0.2767171812366955
OpenADMET-Caco2_Efflux,LightGBM,SNS,outlier,1,0.5183640062804729,0.712551701258218,0.4168000708415115
OpenADMET-Caco2_Efflux,LightGBM,SNS,outlier,2,0.6034699598688782,0.6187520758121547,0.4862532018434213
OpenADMET-Caco2_Efflux,LightGBM,SNS,outlier,3,0.5081141816549013,0.4972872514933477,0.2753802206483198
OpenADMET-Caco2_Efflux,LightGBM,SNS,outlier,4,0.4440237235596405,0.574960272901844,0.2334205002797479
OpenADMET-Caco2_Efflux,LightGBM,SNS,quantile,0,0.489778442649464,0.4816970458993072,0.2294843677109721
OpenADMET-Caco2_Efflux,LightGBM,SNS,quantile,1,0.5183640062804729,0.5513169528418382,0.3406612468673742
OpenADMET-Caco2_Efflux,LightGBM,SNS,quantile,2,0.6034699598688782,0.5764927423475575,0.3282376318573192
OpenADMET-Caco2_Efflux,LightGBM,SNS,quantile,3,0.5081141816549013,0.35040689424649063,0.0988607127892841
OpenADMET-Caco2_Efflux,LightGBM,SNS,quantile,4,0.4440237235596405,0.4575992977533674,0.1450172889778055
OpenADMET-Caco2_Efflux,LightGBM,SNS,threshold,0,0.489778442649464,0.7100661566313483,0.3563809059092276
OpenADMET-Caco2_Efflux,LightGBM,SNS,threshold,1,0.5183640062804729,0.8293543958980693,0.4957030256808487
OpenADMET-Caco2_Efflux,LightGBM,SNS,threshold,2,0.6034699598688782,0.7588037457246936,0.4846256220404872
OpenADMET-Caco2_Efflux,LightGBM,SNS,threshold,3,0.5081141816549013,0.6456253408977931,0.2823341044682541
OpenADMET-Caco2_Efflux,LightGBM,SNS,threshold,4,0.4440237235596405,0.7530832146386607,0.326082515127243
OpenADMET-Caco2_Efflux,LightGBM,SNS,valprop,0,0.489778442649464,0.13314961665406239,-0.0003237321989735
OpenADMET-Caco2_Efflux,LightGBM,SNS,valprop,1,0.5183640062804729,0.3350270478511821,0.2509359702463276
OpenADMET-Caco2_Efflux,LightGBM,SNS,valprop,2,0.6034699598688782,0.5103430716433863,0.2309973199261168
OpenADMET-Caco2_Efflux,LightGBM,SNS,valprop,3,0.5081141816549013,0.15740665672047524,-0.0204380516023989
OpenADMET-Caco2_Efflux,LightGBM,SNS,valprop,4,0.4440237235596405,0.2513005929951076,0.0182796076481829
OpenADMET-Caco2_Efflux,MLP,ECFP4,hetero,0,0.3235459037128771,0.8708397439524337,0.3082769451461967
OpenADMET-Caco2_Efflux,MLP,ECFP4,hetero,1,0.3282487112094888,0.9916315246170924,0.3095423993488795
OpenADMET-Caco2_Efflux,MLP,ECFP4,hetero,2,0.555949443218074,0.8993003982979324,0.4804104305850446
OpenADMET-Caco2_Efflux,MLP,ECFP4,hetero,3,0.4690099157538966,0.8460295160215295,0.3724391599533576
OpenADMET-Caco2_Efflux,MLP,ECFP4,hetero,4,0.4392415828290796,0.8014637896241154,0.298908674091088
OpenADMET-Caco2_Efflux,MLP,ECFP4,legacy,1,0.3293475421479733,0.695211093569,0.1687546967145956
OpenADMET-Caco2_Efflux,MLP,ECFP4,legacy,2,0.5469622979481668,0.8074303694648529,0.3464888596396153
OpenADMET-Caco2_Efflux,MLP,ECFP4,legacy,3,0.43595424537639,0.6636295470599345,0.2690356461762654
OpenADMET-Caco2_Efflux,MLP,ECFP4,legacy,4,0.4173398473325237,0.7043652544067391,0.3212882157358557
OpenADMET-Caco2_Efflux,MLP,ECFP4,outlier,1,0.3775137436671786,0.778888374042652,0.2594983627541903
OpenADMET-Caco2_Efflux,MLP,ECFP4,outlier,2,0.4713079647951137,1.0209138095296315,0.3987316334184735
OpenADMET-Caco2_Efflux,MLP,ECFP4,outlier,3,0.4628698303729329,0.7349503577210923,0.3221894193151893
OpenADMET-Caco2_Efflux,MLP,ECFP4,outlier,4,0.3876372617929026,0.8786619668483889,0.2289305032201568
OpenADMET-Caco2_Efflux,MLP,ECFP4,quantile,0,0.3076231207944742,0.7112590764473694,0.1791600278983013
OpenADMET-Caco2_Efflux,MLP,ECFP4,quantile,2,0.5313744872997042,0.8778740378027554,0.4221428679255444
OpenADMET-Caco2_Efflux,MLP,ECFP4,quantile,3,0.485612566311622,0.6621173899429885,0.2684987296263792
OpenADMET-Caco2_Efflux,MLP,ECFP4,quantile,4,0.4203685880269213,0.7954003827654033,0.2928114342235317
OpenADMET-Caco2_Efflux,MLP,ECFP4,threshold,0,0.3890661265532967,0.5864656727786586,0.2503760646509542
OpenADMET-Caco2_Efflux,MLP,ECFP4,threshold,1,0.3556102375154268,0.8501628922895696,0.2272389482394701
OpenADMET-Caco2_Efflux,MLP,ECFP4,threshold,2,0.514349943137569,0.9367515353503241,0.4622628410201047
OpenADMET-Caco2_Efflux,MLP,ECFP4,threshold,3,0.4212588355023196,0.8465756143619204,0.3736308031236651
OpenADMET-Caco2_Efflux,MLP,ECFP4,threshold,4,0.411828012341459,0.861689575450664,0.3084478118985824
OpenADMET-Caco2_Efflux,MLP,ECFP4,valprop,0,0.359244477096543,0.5425298546097822,0.0990808509728574
OpenADMET-Caco2_Efflux,MLP,ECFP4,valprop,1,0.410744242362931,0.5207040198373336,0.1747973589097887
OpenADMET-Caco2_Efflux,MLP,ECFP4,valprop,2,0.512677423524351,0.8014204109668276,0.3796422647135258
OpenADMET-Caco2_Efflux,MLP,ECFP4,valprop,3,0.3748168650807493,0.6909871251432674,0.2705940746749262
OpenADMET-Caco2_Efflux,MLP,ECFP4,valprop,4,0.4151351395592458,0.628165578315785,0.1837882830299945
OpenADMET-Caco2_Efflux,MLP,MHG-GNN-pretrained,hetero,1,0.3418291303052645,-32.179615034994484,-40.25538245767945
OpenADMET-Caco2_Efflux,MLP,MHG-GNN-pretrained,hetero,2,0.4176071573762862,-0.06391737484390475,0.3901320981552947
OpenADMET-Caco2_Efflux,MLP,MHG-GNN-pretrained,hetero,3,0.4713774960452561,-2.7244842909978813,-0.6949392760761752
OpenADMET-Caco2_Efflux,MLP,MHG-GNN-pretrained,outlier,2,0.3438160873109871,-0.7806581361560232,0.0080936048850144
OpenADMET-Caco2_Efflux,MLP,MHG-GNN-pretrained,quantile,2,0.5804568547006965,0.33186504809406625,0.3042792751905224
OpenADMET-Caco2_Efflux,MLP,MHG-GNN-pretrained,threshold,3,0.4217214013633866,-1.8044440400258086,0.2763828541648394
OpenADMET-Caco2_Efflux,MLP,PDV,hetero,1,0.4723005851126686,0.9223411256515252,0.3750818753899398
OpenADMET-Caco2_Efflux,MLP,PDV,hetero,2,0.5862624857379799,0.9566448833027105,0.5031934793662082
OpenADMET-Caco2_Efflux,MLP,PDV,hetero,3,0.5070619268205547,1.019872858538576,0.470417728527471
OpenADMET-Caco2_Efflux,MLP,PDV,hetero,4,0.4254690533096388,1.0288830036637533,0.4742811710369269
OpenADMET-Caco2_Efflux,MLP,PDV,legacy,0,0.3319092781189396,0.748865428730413,0.1998855112513986
OpenADMET-Caco2_Efflux,MLP,PDV,legacy,1,0.4663109380809617,0.736788944879073,0.3006008155040931
OpenADMET-Caco2_Efflux,MLP,PDV,legacy,2,0.5885532727909641,0.87513015457316,0.4507913837089699
OpenADMET-Caco2_Efflux,MLP,PDV,legacy,3,0.5449007910949766,0.8161018669297845,0.464633104389863
OpenADMET-Caco2_Efflux,MLP,PDV,legacy,4,0.4729864495694335,0.8493336069276122,0.3903778958245423
OpenADMET-Caco2_Efflux,MLP,PDV,outlier,0,0.3307255281407237,0.7801934300174452,0.2775589318822983
OpenADMET-Caco2_Efflux,MLP,PDV,outlier,1,0.4403239214130338,0.8078478239438466,0.3537039668141782
OpenADMET-Caco2_Efflux,MLP,PDV,outlier,2,0.541455392826935,0.9995299762535795,0.4747558254030148
OpenADMET-Caco2_Efflux,MLP,PDV,outlier,3,0.5611142541298899,0.8141165789296662,0.4597909338977126
OpenADMET-Caco2_Efflux,MLP,PDV,outlier,4,0.4839811024441426,0.8480900044479106,0.328757487945873
OpenADMET-Caco2_Efflux,MLP,PDV,quantile,1,0.4680384671331352,0.7257642100640824,0.3247284622093599
OpenADMET-Caco2_Efflux,MLP,PDV,quantile,2,0.5613020083401887,0.9385031431434981,0.5021659147861725
OpenADMET-Caco2_Efflux,MLP,PDV,quantile,3,0.5433078592847917,0.8402334257202888,0.4458102605834146
OpenADMET-Caco2_Efflux,MLP,PDV,quantile,4,0.4970771896139764,0.81236853104389,0.3545182354089247
OpenADMET-Caco2_Efflux,MLP,PDV,threshold,0,0.3141921359078462,0.924098802644727,0.337178526660844
OpenADMET-Caco2_Efflux,MLP,PDV,threshold,1,0.4441574707127818,0.8305605762357279,0.3776244573273173
OpenADMET-Caco2_Efflux,MLP,PDV,threshold,2,0.5880114945981967,0.9186248467052647,0.5193531427633873
OpenADMET-Caco2_Efflux,MLP,PDV,threshold,3,0.5204443660195501,0.9413536153281065,0.4606377187136589
OpenADMET-Caco2_Efflux,MLP,PDV,threshold,4,0.4871293060276863,0.8511711555372139,0.4111845446281547
OpenADMET-Caco2_Efflux,MLP,PDV,valprop,0,0.3073385965769284,0.8206990306814986,0.211309992119233
OpenADMET-Caco2_Efflux,MLP,PDV,valprop,1,0.4648435991163053,0.7252174376680972,0.2943298497511013
OpenADMET-Caco2_Efflux,MLP,PDV,valprop,2,0.5752914617386271,0.8629150594423309,0.4532268210249831
OpenADMET-Caco2_Efflux,MLP,PDV,valprop,3,0.543150359904172,0.801783418225114,0.3656996624992353
OpenADMET-Caco2_Efflux,MLP,PDV,valprop,4,0.4539297412014594,0.8608756924601404,0.3650719761979658
OpenADMET-Caco2_Efflux,MLP,SNS,hetero,0,0.3218051041555876,0.8513732232248131,0.2636095868833487
OpenADMET-Caco2_Efflux,MLP,SNS,hetero,1,0.3877562066285195,0.8855472531749748,0.3482152731017297
OpenADMET-Caco2_Efflux,MLP,SNS,hetero,2,0.5297341710119359,0.9651466040958261,0.5028855160229306
OpenADMET-Caco2_Efflux,MLP,SNS,hetero,3,0.4832904306663799,0.9007156087155815,0.471451259313481
OpenADMET-Caco2_Efflux,MLP,SNS,hetero,4,0.4762786855006096,0.8484513282674654,0.3869369472069744
OpenADMET-Caco2_Efflux,MLP,SNS,legacy,0,0.3247912474208322,0.5941037317446729,0.136175324661016
OpenADMET-Caco2_Efflux,MLP,SNS,legacy,1,0.3431510706031661,0.7193709632607695,0.163550020689008
OpenADMET-Caco2_Efflux,MLP,SNS,legacy,2,0.5293946562066482,0.8239855614745939,0.3536801734249321
OpenADMET-Caco2_Efflux,MLP,SNS,legacy,3,0.5049636933581574,0.6009334956192597,0.3305448429889611
OpenADMET-Caco2_Efflux,MLP,SNS,legacy,4,0.4550280383161612,0.7169711437320399,0.2549657348355856
OpenADMET-Caco2_Efflux,MLP,SNS,outlier,0,0.3073962911333252,0.699564977244339,0.185327769305326
OpenADMET-Caco2_Efflux,MLP,SNS,outlier,1,0.4006229384562811,0.7976273749286891,0.2825996134269483
OpenADMET-Caco2_Efflux,MLP,SNS,outlier,2,0.5644401822034643,0.8791064345230657,0.3873221172694731
OpenADMET-Caco2_Efflux,MLP,SNS,outlier,3,0.4805144009762018,0.7429869277199859,0.2802567958370205
OpenADMET-Caco2_Efflux,MLP,SNS,outlier,4,0.4441453829869338,0.8515586668415173,0.3100780082733841
OpenADMET-Caco2_Efflux,MLP,SNS,quantile,0,0.3589882346824437,0.5947165476136778,0.1878327942689092
OpenADMET-Caco2_Efflux,MLP,SNS,quantile,1,0.4057276019122847,0.7188389095081336,0.2285552873536598
OpenADMET-Caco2_Efflux,MLP,SNS,quantile,2,0.5358630987918961,0.8801569111413349,0.394191187186366
OpenADMET-Caco2_Efflux,MLP,SNS,quantile,3,0.4218333890266014,0.7806093785062611,0.3236406441566003
OpenADMET-Caco2_Efflux,MLP,SNS,quantile,4,0.486538715087599,0.7254744264743188,0.3665846151475427
OpenADMET-Caco2_Efflux,MLP,SNS,threshold,0,0.3091154751329319,0.8106076167566183,0.2129051022514526
OpenADMET-Caco2_Efflux,MLP,SNS,threshold,1,0.370438516450484,0.8559994861319824,0.2485881071904666
OpenADMET-Caco2_Efflux,MLP,SNS,threshold,2,0.5427083993569599,0.9578637324786102,0.4855411114808612
OpenADMET-Caco2_Efflux,MLP,SNS,threshold,3,0.52847414516487,0.7299168444962539,0.3915872645148055
OpenADMET-Caco2_Efflux,MLP,SNS,threshold,4,0.4556470793817416,0.8725810953948796,0.3750625958290365
OpenADMET-Caco2_Efflux,MLP,SNS,valprop,0,0.334919963401179,0.5361283314879415,0.1235775566766116
OpenADMET-Caco2_Efflux,MLP,SNS,valprop,1,0.4017087845177712,0.6450357403208763,0.1815760326667104
OpenADMET-Caco2_Efflux,MLP,SNS,valprop,2,0.5367968913416286,0.7990432010670602,0.3391870809203383
OpenADMET-Caco2_Efflux,MLP,SNS,valprop,3,0.3992216953158609,0.7320013893465299,0.3414775658868577
OpenADMET-Caco2_Efflux,MLP,SNS,valprop,4,0.4196191412005271,0.7225455117787918,0.2546664118505437
OpenADMET-Caco2_Efflux,MLP-BNN-Full,ECFP4,hetero,1,0.301754124404518,0.7317333287416771,-0.0058724283068423
OpenADMET-Caco2_Efflux,MLP-BNN-Full,ECFP4,hetero,2,0.3178447755278792,1.2025575337628633,0.4438886370281107
OpenADMET-Caco2_Efflux,MLP-BNN-Full,ECFP4,hetero,3,0.340782148568742,0.792674873538579,0.2827093299006502
OpenADMET-Caco2_Efflux,MLP-BNN-Full,ECFP4,hetero,4,0.357117332428887,0.8266897897212779,0.2391066374952607
OpenADMET-Caco2_Efflux,MLP-BNN-Full,ECFP4,legacy,2,0.4793794495718484,0.6390272718514894,0.2808065289104962
OpenADMET-Caco2_Efflux,MLP-BNN-Full,ECFP4,outlier,1,0.3153258457271046,0.696083093368988,0.1921011027147374
OpenADMET-Caco2_Efflux,MLP-BNN-Full,ECFP4,outlier,4,0.3262861561709302,0.705239500991089,0.1727198465056643
OpenADMET-Caco2_Efflux,MLP-BNN-Full,ECFP4,quantile,2,0.3046407215725901,0.9380991659481439,0.2935791591297847
OpenADMET-Caco2_Efflux,MLP-BNN-Full,ECFP4,quantile,3,0.3607595518891613,0.5000260070582283,0.1642988881315726
OpenADMET-Caco2_Efflux,MLP-BNN-Full,ECFP4,threshold,2,0.5485669003017415,0.5699886701855006,0.2268411201644685
OpenADMET-Caco2_Efflux,MLP-BNN-Full,ECFP4,valprop,2,0.3661586082384641,0.8433305706058483,0.0662498338329082
OpenADMET-Caco2_Efflux,MLP-BNN-Full,ECFP4,valprop,3,0.3080797194320405,0.6013651744690749,0.2654379299339946
OpenADMET-Caco2_Efflux,MLP-BNN-Full,ECFP4,valprop,4,0.3375901416833632,0.5263979282412201,0.1500429837364278
OpenADMET-Caco2_Efflux,MLP-BNN-Full,MHG-GNN-pretrained,legacy,2,0.3149643360848514,-13.750450127860738,0.0881227631833195
OpenADMET-Caco2_Efflux,MLP-BNN-Full,MHG-GNN-pretrained,valprop,2,0.4111738975164165,-10.586396429925491,-1.4256015684622318
OpenADMET-Caco2_Efflux,MLP-BNN-Full,PDV,hetero,1,0.4128454297806463,0.8693517476959851,0.3807416532559344
OpenADMET-Caco2_Efflux,MLP-BNN-Full,PDV,hetero,2,0.515311246535332,0.9447872805764432,0.5129256319620218
OpenADMET-Caco2_Efflux,MLP-BNN-Full,PDV,hetero,3,0.4885601374063738,0.8068538284172766,0.4366658667802583
OpenADMET-Caco2_Efflux,MLP-BNN-Full,PDV,hetero,4,0.408531742361527,0.9056448907421464,0.3803536082404745
OpenADMET-Caco2_Efflux,MLP-BNN-Full,PDV,legacy,1,0.3627564216916246,0.8693144721408621,0.2432657603982267
OpenADMET-Caco2_Efflux,MLP-BNN-Full,PDV,legacy,2,0.4422953130297472,0.9650285134830561,0.3419241342154331
OpenADMET-Caco2_Efflux,MLP-BNN-Full,PDV,legacy,3,0.4540268615268975,0.7186276409241943,0.3185230949727942
OpenADMET-Caco2_Efflux,MLP-BNN-Full,PDV,legacy,4,0.4098908468494613,0.8592684532120087,0.2468839466701284
OpenADMET-Caco2_Efflux,MLP-BNN-Full,PDV,outlier,0,0.3358518282438841,0.6481929222033854,0.2208573603715526
OpenADMET-Caco2_Efflux,MLP-BNN-Full,PDV,outlier,1,0.4049176425698584,0.7701176539015047,0.2692567623729986
OpenADMET-Caco2_Efflux,MLP-BNN-Full,PDV,outlier,2,0.5273230559162261,0.9201557690826472,0.4297109902789298
OpenADMET-Caco2_Efflux,MLP-BNN-Full,PDV,outlier,3,0.396347407804562,1.004033169879793,0.3967365168194388
OpenADMET-Caco2_Efflux,MLP-BNN-Full,PDV,outlier,4,0.3820514645747227,0.9312300773436296,0.2496111271340223
OpenADMET-Caco2_Efflux,MLP-BNN-Full,PDV,quantile,1,0.4155944767753607,0.7713716787735585,0.2429539465899689
OpenADMET-Caco2_Efflux,MLP-BNN-Full,PDV,quantile,2,0.5349873419551612,0.8216212181686745,0.3882993257961384
OpenADMET-Caco2_Efflux,MLP-BNN-Full,PDV,quantile,3,0.3829337198798944,0.859932325923513,0.3571905471941698
OpenADMET-Caco2_Efflux,MLP-BNN-Full,PDV,quantile,4,0.3082508284251058,1.1639566971678383,0.2829315602075083
OpenADMET-Caco2_Efflux,MLP-BNN-Full,PDV,threshold,0,0.3201249915706523,0.7485823650199507,0.2134660389143962
OpenADMET-Caco2_Efflux,MLP-BNN-Full,PDV,threshold,1,0.3992861341822785,0.8362040492620968,0.3390415972533678
OpenADMET-Caco2_Efflux,MLP-BNN-Full,PDV,threshold,2,0.4496003847825726,0.9532395690927475,0.3308606121173206
OpenADMET-Caco2_Efflux,MLP-BNN-Full,PDV,threshold,4,0.4183434049472336,0.8622173983430688,0.3597997858894566
OpenADMET-Caco2_Efflux,MLP-BNN-Full,PDV,valprop,1,0.4460886538252953,0.7418213260982471,0.2370185393093745
OpenADMET-Caco2_Efflux,MLP-BNN-Full,PDV,valprop,2,0.5107145776977409,0.875150906328568,0.385693816894629
OpenADMET-Caco2_Efflux,MLP-BNN-Full,PDV,valprop,3,0.4936831484922288,0.6823823214348514,0.2311984539817001
OpenADMET-Caco2_Efflux,MLP-BNN-Full,PDV,valprop,4,0.3800132356979042,0.9242007006245124,0.2519510559862991
OpenADMET-Caco2_Efflux,MLP-BNN-Full,SNS,hetero,2,0.4464816062845399,1.006750027367854,0.487096912821792
OpenADMET-Caco2_Efflux,MLP-BNN-Full,SNS,hetero,4,0.3682074730467819,0.9503600035827225,0.3373482840599098
OpenADMET-Caco2_Efflux,MLP-BNN-Full,SNS,legacy,1,0.3067490350214591,0.7173411334070349,0.2086973514311035
OpenADMET-Caco2_Efflux,MLP-BNN-Full,SNS,legacy,2,0.5295764036879957,0.7418678439269722,0.2917419523818794
OpenADMET-Caco2_Efflux,MLP-BNN-Full,SNS,legacy,3,0.3967909648276273,0.6403343080096553,0.2594171893880413
OpenADMET-Caco2_Efflux,MLP-BNN-Full,SNS,legacy,4,0.3510807931697177,0.7991471260579763,0.2525462051745999
OpenADMET-Caco2_Efflux,MLP-BNN-Full,SNS,outlier,0,0.303877975517313,0.6960145162329031,0.1722494164815426
OpenADMET-Caco2_Efflux,MLP-BNN-Full,SNS,outlier,1,0.4050304131653971,0.6112260163881754,0.1571022288375967
OpenADMET-Caco2_Efflux,MLP-BNN-Full,SNS,outlier,2,0.4780035723276836,0.8167099651814154,0.210770667616137
OpenADMET-Caco2_Efflux,MLP-BNN-Full,SNS,outlier,3,0.3561541960575117,0.7250373562841,0.2492813527740872
OpenADMET-Caco2_Efflux,MLP-BNN-Full,SNS,outlier,4,0.4127566878724026,0.6583716028093619,0.0933988074453709
OpenADMET-Caco2_Efflux,MLP-BNN-Full,SNS,quantile,2,0.4569781783600977,0.8023485092272638,0.3135829273706452
OpenADMET-Caco2_Efflux,MLP-BNN-Full,SNS,quantile,3,0.4183692196175744,0.6193075090202748,0.2447751063626584
OpenADMET-Caco2_Efflux,MLP-BNN-Full,SNS,quantile,4,0.3713718661080246,0.7535399262506977,0.1973065408100941
OpenADMET-Caco2_Efflux,MLP-BNN-Full,SNS,threshold,0,0.3095205184230727,0.6588261382423776,0.1461905217798503
OpenADMET-Caco2_Efflux,MLP-BNN-Full,SNS,threshold,2,0.414437791076413,0.9534281868011105,0.2283092826486128
OpenADMET-Caco2_Efflux,MLP-BNN-Full,SNS,threshold,3,0.325791143147348,0.8829416929331906,0.3028376833937921
OpenADMET-Caco2_Efflux,MLP-BNN-Full,SNS,valprop,0,0.3819029145796973,0.46570782385791654,0.1097763132793917
OpenADMET-Caco2_Efflux,MLP-BNN-Full,SNS,valprop,1,0.3358833229701599,0.6550403900523902,0.183008773647433
OpenADMET-Caco2_Efflux,MLP-BNN-Full,SNS,valprop,2,0.4381028753089836,0.8387142118481312,0.2456488002135587
OpenADMET-Caco2_Efflux,MLP-BNN-Full,SNS,valprop,3,0.4115534121309665,0.5512865905576702,0.1387038023523849
OpenADMET-Caco2_Efflux,MLP-VBLL-Full,ECFP4,hetero,0,0.4039738327027244,0.9518594682704284,0.3948420828697988
OpenADMET-Caco2_Efflux,MLP-VBLL-Full,ECFP4,hetero,1,0.4066072808357137,0.8784135927080079,0.3275216599277514
OpenADMET-Caco2_Efflux,MLP-VBLL-Full,ECFP4,hetero,2,0.5917633780800899,0.908232713457282,0.5083608271767517
OpenADMET-Caco2_Efflux,MLP-VBLL-Full,ECFP4,hetero,3,0.4397628506628527,0.9408241940289666,0.4416933060487588
OpenADMET-Caco2_Efflux,MLP-VBLL-Full,ECFP4,hetero,4,0.396174683159551,0.9144601243804984,0.3136029858850451
OpenADMET-Caco2_Efflux,MLP-VBLL-Full,ECFP4,legacy,0,0.4457393555083737,0.2177665349783839,0.0604722614369722
OpenADMET-Caco2_Efflux,MLP-VBLL-Full,ECFP4,legacy,1,0.3961517003995607,0.3530599389198396,0.1244245945205837
OpenADMET-Caco2_Efflux,MLP-VBLL-Full,ECFP4,legacy,2,0.5873035342041546,0.544599283701574,0.2288116982589405
OpenADMET-Caco2_Efflux,MLP-VBLL-Full,ECFP4,legacy,3,0.4076348478958717,0.6031981098296004,0.2598342014518469
OpenADMET-Caco2_Efflux,MLP-VBLL-Full,ECFP4,legacy,4,0.4102268459441114,0.3835224345433162,0.1095578187862926
OpenADMET-Caco2_Efflux,MLP-VBLL-Full,ECFP4,outlier,0,0.4447528692917765,0.42143615338300056,-0.0658871094323108
OpenADMET-Caco2_Efflux,MLP-VBLL-Full,ECFP4,outlier,1,0.4002547373065039,0.33487997214748844,0.0612075013553944
OpenADMET-Caco2_Efflux,MLP-VBLL-Full,ECFP4,outlier,2,0.5668857260852973,0.5750671219993785,0.1900131027552515
OpenADMET-Caco2_Efflux,MLP-VBLL-Full,ECFP4,outlier,3,0.4023482735311516,0.39651800612156274,0.120256135795252
OpenADMET-Caco2_Efflux,MLP-VBLL-Full,ECFP4,outlier,4,0.3982462355996145,0.519081255470464,-0.0006497868866746
OpenADMET-Caco2_Efflux,MLP-VBLL-Full,ECFP4,quantile,0,0.4235691747712572,0.3094415386411453,0.1387080945897525
OpenADMET-Caco2_Efflux,MLP-VBLL-Full,ECFP4,quantile,1,0.4025230484957875,0.28824169699558166,-0.0774153984285099
OpenADMET-Caco2_Efflux,MLP-VBLL-Full,ECFP4,quantile,2,0.5522005755504293,0.5109556099945698,0.0879096959073333
OpenADMET-Caco2_Efflux,MLP-VBLL-Full,ECFP4,quantile,3,0.410503956644163,0.34177251307604095,-0.003467747876938
OpenADMET-Caco2_Efflux,MLP-VBLL-Full,ECFP4,quantile,4,0.3705385597558307,0.4106561967405273,0.0735310529074393
OpenADMET-Caco2_Efflux,MLP-VBLL-Full,ECFP4,threshold,0,0.4336449975590953,0.5370918305957276,0.1399076490009088
OpenADMET-Caco2_Efflux,MLP-VBLL-Full,ECFP4,threshold,1,0.4343650000467892,0.43472879498703204,0.0483022401992627
OpenADMET-Caco2_Efflux,MLP-VBLL-Full,ECFP4,threshold,2,0.5799260500935524,0.6373247687106667,0.2911227561607415
OpenADMET-Caco2_Efflux,MLP-VBLL-Full,ECFP4,threshold,3,0.4602860263571662,0.5888904573987404,0.2696619715060139
OpenADMET-Caco2_Efflux,MLP-VBLL-Full,ECFP4,threshold,4,0.4053673887639426,0.5330569991923589,0.0590727258334239
OpenADMET-Caco2_Efflux,MLP-VBLL-Full,ECFP4,valprop,0,0.4442362545479968,0.07561882528954855,-0.0359409839802111
OpenADMET-Caco2_Efflux,MLP-VBLL-Full,ECFP4,valprop,1,0.3903465714984409,0.2795733458574726,-0.0138543573248022
OpenADMET-Caco2_Efflux,MLP-VBLL-Full,ECFP4,valprop,2,0.5520382703780112,0.5078864322705058,0.1259797891997178
OpenADMET-Caco2_Efflux,MLP-VBLL-Full,ECFP4,valprop,3,0.4330545098919913,0.5488363888073334,0.2462045661774843
OpenADMET-Caco2_Efflux,MLP-VBLL-Full,ECFP4,valprop,4,0.3833658033719747,0.30809789570775636,0.0479294098101998
OpenADMET-Caco2_Efflux,MLP-VBLL-Full,MHG-GNN-pretrained,hetero,2,0.526961263426367,-6.272879067459864,0.120705505522088
OpenADMET-Caco2_Efflux,MLP-VBLL-Full,MHG-GNN-pretrained,legacy,2,0.5849385542396579,-12.29406386816834,-32.69195376900719
OpenADMET-Caco2_Efflux,MLP-VBLL-Full,PDV,hetero,0,0.3438856446906554,0.9250852389011484,0.351419083743539
OpenADMET-Caco2_Efflux,MLP-VBLL-Full,PDV,hetero,1,0.4559941539361943,0.971466710089972,0.3976845509067098
OpenADMET-Caco2_Efflux,MLP-VBLL-Full,PDV,hetero,2,0.5887547647172795,0.9632104906082118,0.5287188523110599
OpenADMET-Caco2_Efflux,MLP-VBLL-Full,PDV,hetero,3,0.5457399353644425,0.9998762286047781,0.558904694602742
OpenADMET-Caco2_Efflux,MLP-VBLL-Full,PDV,hetero,4,0.4656457876769085,0.9442575993187139,0.4353243932579143
OpenADMET-Caco2_Efflux,MLP-VBLL-Full,PDV,legacy,0,0.3168621065603949,0.8068692714470157,0.2598985902668429
OpenADMET-Caco2_Efflux,MLP-VBLL-Full,PDV,legacy,1,0.4748309428512502,0.7297803688000406,0.3447451872915876
OpenADMET-Caco2_Efflux,MLP-VBLL-Full,PDV,legacy,2,0.5746859449636623,0.8892001569124082,0.4224039928547527
OpenADMET-Caco2_Efflux,MLP-VBLL-Full,PDV,legacy,3,0.550655691086029,0.842306666474608,0.4635920883344068
OpenADMET-Caco2_Efflux,MLP-VBLL-Full,PDV,legacy,4,0.4437303234023787,0.873329706182674,0.3632263927150193
OpenADMET-Caco2_Efflux,MLP-VBLL-Full,PDV,outlier,0,0.3382081110785497,0.5926519042403224,0.2304670480697501
OpenADMET-Caco2_Efflux,MLP-VBLL-Full,PDV,outlier,1,0.4585303658467649,0.515360592612452,0.2751457995374805
OpenADMET-Caco2_Efflux,MLP-VBLL-Full,PDV,outlier,2,0.5820336407974298,0.6996185685429712,0.1373405154887151
OpenADMET-Caco2_Efflux,MLP-VBLL-Full,PDV,outlier,3,0.5625023704369951,0.6006827776591902,0.3393441657776056
OpenADMET-Caco2_Efflux,MLP-VBLL-Full,PDV,outlier,4,0.4602007900518492,0.5340814018227409,0.2808829078213359
OpenADMET-Caco2_Efflux,MLP-VBLL-Full,PDV,quantile,0,0.3358546471010404,0.671518355777874,0.240005081025119
OpenADMET-Caco2_Efflux,MLP-VBLL-Full,PDV,quantile,1,0.4534040134083389,0.6372350515356225,0.3513611080728954
OpenADMET-Caco2_Efflux,MLP-VBLL-Full,PDV,quantile,2,0.5717012885760664,0.7536126808720423,0.3147290718876613
OpenADMET-Caco2_Efflux,MLP-VBLL-Full,PDV,quantile,3,0.5541369782213448,0.775463839382342,0.4428138204448976
OpenADMET-Caco2_Efflux,MLP-VBLL-Full,PDV,quantile,4,0.4428397178803153,0.7527545124055137,0.3286025707074295
OpenADMET-Caco2_Efflux,MLP-VBLL-Full,PDV,threshold,0,0.3425225304174304,0.764328571262816,0.3074768966986213
OpenADMET-Caco2_Efflux,MLP-VBLL-Full,PDV,threshold,1,0.4580389776280297,0.7705973882682964,0.3663570604357867
OpenADMET-Caco2_Efflux,MLP-VBLL-Full,PDV,threshold,2,0.6044655273124596,0.7393059766453158,0.2361598622874363
OpenADMET-Caco2_Efflux,MLP-VBLL-Full,PDV,threshold,3,0.58710894765016,0.7535554212362895,0.4530175489911934
OpenADMET-Caco2_Efflux,MLP-VBLL-Full,PDV,threshold,4,0.4540316930106357,0.6891173764763956,0.2875980027867996
OpenADMET-Caco2_Efflux,MLP-VBLL-Full,PDV,valprop,0,0.3319372452165953,0.7905631181777207,0.3124402356585416
OpenADMET-Caco2_Efflux,MLP-VBLL-Full,PDV,valprop,1,0.4476331856160125,0.7773819297731653,0.3211024276575113
OpenADMET-Caco2_Efflux,MLP-VBLL-Full,PDV,valprop,2,0.5908364274617117,0.8720118078991778,0.3574501003543868
OpenADMET-Caco2_Efflux,MLP-VBLL-Full,PDV,valprop,3,0.5719404268022303,0.81225192385564,0.4539835206977665
OpenADMET-Caco2_Efflux,MLP-VBLL-Full,PDV,valprop,4,0.4493248902158049,0.8226795849510458,0.3646961426826797
OpenADMET-Caco2_Efflux,MLP-VBLL-Full,SNS,hetero,0,0.4036451376501075,0.9100411582808418,0.3752611746669816
OpenADMET-Caco2_Efflux,MLP-VBLL-Full,SNS,hetero,1,0.477193956767232,0.8444493998681283,0.3903859565012884
OpenADMET-Caco2_Efflux,MLP-VBLL-Full,SNS,hetero,2,0.6095012642665636,0.9283744182105919,0.5466428523021656
OpenADMET-Caco2_Efflux,MLP-VBLL-Full,SNS,hetero,3,0.5352627305142286,0.9698461789736297,0.5356707184672702
OpenADMET-Caco2_Efflux,MLP-VBLL-Full,SNS,hetero,4,0.4317705712123412,0.9850190525123913,0.4213136274373188
OpenADMET-Caco2_Efflux,MLP-VBLL-Full,SNS,legacy,0,0.4232448006998788,0.2575343520705399,-0.077000239376948
OpenADMET-Caco2_Efflux,MLP-VBLL-Full,SNS,legacy,1,0.4205209324163862,0.46074549338012316,0.1139860723671806
OpenADMET-Caco2_Efflux,MLP-VBLL-Full,SNS,legacy,2,0.6040267812690123,0.6449857911438065,0.3334170331200202
OpenADMET-Caco2_Efflux,MLP-VBLL-Full,SNS,legacy,3,0.5711110886621826,0.5762854932008639,0.3778021286134854
OpenADMET-Caco2_Efflux,MLP-VBLL-Full,SNS,legacy,4,0.4432462482570011,0.546490980021447,0.1714368242448823
OpenADMET-Caco2_Efflux,MLP-VBLL-Full,SNS,outlier,0,0.4258593129169014,0.27238839707082607,0.0772578038599584
OpenADMET-Caco2_Efflux,MLP-VBLL-Full,SNS,outlier,1,0.4607091563060289,0.27402988651276056,0.1460847554256066
OpenADMET-Caco2_Efflux,MLP-VBLL-Full,SNS,outlier,2,0.5990647038436412,0.5574697997032176,0.1147508552539363
OpenADMET-Caco2_Efflux,MLP-VBLL-Full,SNS,outlier,3,0.5388576943052478,0.5042983422189357,0.2649844195008786
OpenADMET-Caco2_Efflux,MLP-VBLL-Full,SNS,outlier,4,0.4502419809702482,0.4994639240983498,0.1730357949853884
OpenADMET-Caco2_Efflux,MLP-VBLL-Full,SNS,quantile,0,0.4216533861360307,0.21110628884477495,0.137993619163082
OpenADMET-Caco2_Efflux,MLP-VBLL-Full,SNS,quantile,1,0.4464747140530686,0.34600765319008514,0.0648932927888098
OpenADMET-Caco2_Efflux,MLP-VBLL-Full,SNS,quantile,2,0.5889748235870607,0.4500668650322718,0.2226652257745273
OpenADMET-Caco2_Efflux,MLP-VBLL-Full,SNS,quantile,3,0.5698024660238605,0.32383309078591915,0.15661770302622
OpenADMET-Caco2_Efflux,MLP-VBLL-Full,SNS,quantile,4,0.457613434934803,0.4231738643390489,0.1848860974991091
OpenADMET-Caco2_Efflux,MLP-VBLL-Full,SNS,threshold,0,0.428085266335124,0.4903991679002081,0.2110729103784977
OpenADMET-Caco2_Efflux,MLP-VBLL-Full,SNS,threshold,1,0.4745055940093328,0.5482645983698067,0.15159023239577
OpenADMET-Caco2_Efflux,MLP-VBLL-Full,SNS,threshold,2,0.5872325546035333,0.6740788513912951,0.2983011432444686
OpenADMET-Caco2_Efflux,MLP-VBLL-Full,SNS,threshold,3,0.5292808055519749,0.607092911919568,0.3303099074866654
OpenADMET-Caco2_Efflux,MLP-VBLL-Full,SNS,threshold,4,0.4495476668833812,0.6665264037702794,0.2331938558582545
OpenADMET-Caco2_Efflux,MLP-VBLL-Full,SNS,valprop,0,0.3902920605777416,0.1669110120274278,-0.0457264016245384
OpenADMET-Caco2_Efflux,MLP-VBLL-Full,SNS,valprop,1,0.4513962078213057,0.40897320228592615,0.0610970725239706
OpenADMET-Caco2_Efflux,MLP-VBLL-Full,SNS,valprop,2,0.6098643379324299,0.5887225347391936,0.1541000512665964
OpenADMET-Caco2_Efflux,MLP-VBLL-Full,SNS,valprop,3,0.5447814245302609,0.5299869143490561,0.3538525508191413
OpenADMET-Caco2_Efflux,MLP-VBLL-Full,SNS,valprop,4,0.4235229316108266,0.5160111848550203,0.161424329243294
OpenADMET-Caco2_Efflux,NGBoost,ECFP4,hetero,0,0.3672527936684785,0.9392862209800086,0.3422351422521956
OpenADMET-Caco2_Efflux,NGBoost,ECFP4,hetero,1,0.312883303185681,0.964170894630125,0.2882479833795773
OpenADMET-Caco2_Efflux,NGBoost,ECFP4,hetero,2,0.4984813825655422,0.9820800925486577,0.4715541717706123
OpenADMET-Caco2_Efflux,NGBoost,ECFP4,hetero,3,0.3849681079353318,0.951291096423178,0.3840682973900852
OpenADMET-Caco2_Efflux,NGBoost,ECFP4,hetero,4,0.3528144404633604,0.9579094020329177,0.3434836250429878
OpenADMET-Caco2_Efflux,NGBoost,ECFP4,legacy,0,0.3655232784360313,0.7678456963980907,0.2737982201579514
OpenADMET-Caco2_Efflux,NGBoost,ECFP4,legacy,1,0.3132468978871923,0.7528147642399202,0.2009831813338568
OpenADMET-Caco2_Efflux,NGBoost,ECFP4,legacy,2,0.4994920025365873,0.8385628849533513,0.3113099892043098
OpenADMET-Caco2_Efflux,NGBoost,ECFP4,legacy,3,0.3867174315589092,0.7186960748393174,0.2533375314870617
OpenADMET-Caco2_Efflux,NGBoost,ECFP4,legacy,4,0.351228007273792,0.7575966542816012,0.2943156090321152
OpenADMET-Caco2_Efflux,NGBoost,ECFP4,outlier,0,0.3635028879018297,0.17683534904736067,-0.0729680360743711
OpenADMET-Caco2_Efflux,NGBoost,ECFP4,outlier,1,0.3132739765116438,0.2478886874466206,-0.1809387845073373
OpenADMET-Caco2_Efflux,NGBoost,ECFP4,outlier,2,0.5004837281256209,0.6508635266257542,0.2541426105228078
OpenADMET-Caco2_Efflux,NGBoost,ECFP4,outlier,3,0.3893359926964144,0.5086451788765689,0.1033608493119455
OpenADMET-Caco2_Efflux,NGBoost,ECFP4,outlier,4,0.3522756767245991,0.42968940376582443,0.0954340257236752
OpenADMET-Caco2_Efflux,NGBoost,ECFP4,quantile,0,0.3679011323046517,0.5225539122860613,0.1419445635419485
OpenADMET-Caco2_Efflux,NGBoost,ECFP4,quantile,1,0.3118682242931921,0.45697991753425543,0.154122129136159
OpenADMET-Caco2_Efflux,NGBoost,ECFP4,quantile,2,0.5007860444258916,0.7395021056749748,0.3391956616555521
OpenADMET-Caco2_Efflux,NGBoost,ECFP4,quantile,3,0.3867415890638689,0.5685995720921471,0.2207583966528455
OpenADMET-Caco2_Efflux,NGBoost,ECFP4,quantile,4,0.3520134677635822,0.48432829008146205,0.125285794257879
OpenADMET-Caco2_Efflux,NGBoost,ECFP4,threshold,0,0.3665423985288398,0.6210390052701105,0.119758834373981
OpenADMET-Caco2_Efflux,NGBoost,ECFP4,threshold,1,0.3139263430530394,0.6327756289922816,0.1191095686140656
OpenADMET-Caco2_Efflux,NGBoost,ECFP4,threshold,2,0.4978345509748157,0.7696364290054172,0.3839275199410309
OpenADMET-Caco2_Efflux,NGBoost,ECFP4,threshold,3,0.3853598922895722,0.7360243204084341,0.2257480679419403
OpenADMET-Caco2_Efflux,NGBoost,ECFP4,threshold,4,0.3509340626414944,0.6969427126515158,0.1733746377016836
OpenADMET-Caco2_Efflux,NGBoost,ECFP4,valprop,0,0.3657154632048831,0.7295423251629587,0.2593311649409975
OpenADMET-Caco2_Efflux,NGBoost,ECFP4,valprop,1,0.3113004207079676,0.7256921380072985,0.181431923832035
OpenADMET-Caco2_Efflux,NGBoost,ECFP4,valprop,2,0.5015776973089616,0.8142437009905699,0.2849548199494589
OpenADMET-Caco2_Efflux,NGBoost,ECFP4,valprop,3,0.3840936743490998,0.693379148090352,0.2413735457940252
OpenADMET-Caco2_Efflux,NGBoost,ECFP4,valprop,4,0.3523471590495463,0.7297246125961387,0.2817247894275624
OpenADMET-Caco2_Efflux,NGBoost,MHG-GNN-pretrained,hetero,0,0.452354018460787,0.9394671789221335,0.3988447386171597
OpenADMET-Caco2_Efflux,NGBoost,MHG-GNN-pretrained,hetero,2,0.5090986287978383,0.964819669366278,0.4746517897876507
OpenADMET-Caco2_Efflux,NGBoost,MHG-GNN-pretrained,hetero,3,0.4424994186874762,0.9297329585244272,0.3835676535988374
OpenADMET-Caco2_Efflux,NGBoost,MHG-GNN-pretrained,hetero,4,0.506869405063636,0.9656782120675408,0.4656997266759357
OpenADMET-Caco2_Efflux,NGBoost,MHG-GNN-pretrained,legacy,0,0.4521627470243436,0.7138833326859545,0.2912973172309561
OpenADMET-Caco2_Efflux,NGBoost,MHG-GNN-pretrained,legacy,2,0.5082758152206057,0.8414514317893554,0.3655039643081341
OpenADMET-Caco2_Efflux,NGBoost,MHG-GNN-pretrained,legacy,3,0.4422640236139208,0.7239150463622008,0.2187710054890349
OpenADMET-Caco2_Efflux,NGBoost,MHG-GNN-pretrained,legacy,4,0.5068407106115793,0.7552393561777745,0.2694323565182662
OpenADMET-Caco2_Efflux,NGBoost,MHG-GNN-pretrained,outlier,0,0.4522303581949355,0.3733710736054152,-0.0696967357161
OpenADMET-Caco2_Efflux,NGBoost,MHG-GNN-pretrained,outlier,2,0.50900621417342,0.6387652230474183,0.3258367565163815
OpenADMET-Caco2_Efflux,NGBoost,MHG-GNN-pretrained,outlier,3,0.4431905176709464,0.47086698663403004,0.0523463340462043
OpenADMET-Caco2_Efflux,NGBoost,MHG-GNN-pretrained,outlier,4,0.5073594343911514,0.4590986029301134,0.1621272350456629
OpenADMET-Caco2_Efflux,NGBoost,MHG-GNN-pretrained,quantile,0,0.45162029513698,0.598242365319592,0.187049874292173
OpenADMET-Caco2_Efflux,NGBoost,MHG-GNN-pretrained,quantile,2,0.5071008925770786,0.7439936602489318,0.3779550196938802
OpenADMET-Caco2_Efflux,NGBoost,MHG-GNN-pretrained,quantile,3,0.4441972501714537,0.5180749974984568,0.212178839117073
OpenADMET-Caco2_Efflux,NGBoost,MHG-GNN-pretrained,quantile,4,0.5089663315951286,0.6623026639674858,0.3014795874604166
OpenADMET-Caco2_Efflux,NGBoost,MHG-GNN-pretrained,threshold,0,0.4523572350296253,0.6532215895241821,0.260549510748582
OpenADMET-Caco2_Efflux,NGBoost,MHG-GNN-pretrained,threshold,2,0.5081561168366593,0.79572610188362,0.394422611990037
OpenADMET-Caco2_Efflux,NGBoost,MHG-GNN-pretrained,threshold,3,0.4433178687453644,0.6535037750072761,0.2613175680556896
OpenADMET-Caco2_Efflux,NGBoost,MHG-GNN-pretrained,threshold,4,0.5076842226600675,0.7575906385495039,0.2684266815936261
OpenADMET-Caco2_Efflux,NGBoost,MHG-GNN-pretrained,valprop,0,0.4520110699473806,0.6741334050606037,0.2817276859431313
OpenADMET-Caco2_Efflux,NGBoost,MHG-GNN-pretrained,valprop,2,0.5081812073450113,0.8222620725480932,0.3415406422778992
OpenADMET-Caco2_Efflux,NGBoost,MHG-GNN-pretrained,valprop,3,0.4458871086388285,0.6951710220487154,0.1985360042113262
OpenADMET-Caco2_Efflux,NGBoost,MHG-GNN-pretrained,valprop,4,0.5067750322588699,0.7265549886307574,0.2386064383960641
OpenADMET-Caco2_Efflux,NGBoost,PDV,hetero,0,0.345059868310633,0.9392914080900155,0.3225593101283281
OpenADMET-Caco2_Efflux,NGBoost,PDV,hetero,1,0.3852476722062018,0.9327624184944261,0.363637674777411
OpenADMET-Caco2_Efflux,NGBoost,PDV,hetero,2,0.5343582724302236,0.9518482907665544,0.4957796826792399
OpenADMET-Caco2_Efflux,NGBoost,PDV,hetero,3,0.5005511198810526,0.9709368838774706,0.4928158632081627
OpenADMET-Caco2_Efflux,NGBoost,PDV,hetero,4,0.4535487776063628,0.9731814558781433,0.4183205512506802
OpenADMET-Caco2_Efflux,NGBoost,PDV,legacy,0,0.3452897106959979,0.6322736963550742,0.1806916700381424
OpenADMET-Caco2_Efflux,NGBoost,PDV,legacy,1,0.3842994818866883,0.7018745116442375,0.3086368482296047
OpenADMET-Caco2_Efflux,NGBoost,PDV,legacy,2,0.5344164708247645,0.8128364517185263,0.4072678357897374
OpenADMET-Caco2_Efflux,NGBoost,PDV,legacy,3,0.5000769806030549,0.7818902763254114,0.350648276828596
OpenADMET-Caco2_Efflux,NGBoost,PDV,legacy,4,0.4545171167199837,0.8399371635178474,0.3273745897310336
OpenADMET-Caco2_Efflux,NGBoost,PDV,outlier,0,0.3451901264553872,0.03611829421991787,0.1450765296908173
OpenADMET-Caco2_Efflux,NGBoost,PDV,outlier,1,0.3854288955895396,0.4519854147334465,0.1283441933117778
OpenADMET-Caco2_Efflux,NGBoost,PDV,outlier,2,0.5338331394054476,0.5029168647709928,0.3450271140426986
OpenADMET-Caco2_Efflux,NGBoost,PDV,outlier,3,0.4987349954520661,0.7087904840498621,0.3264649415591069
OpenADMET-Caco2_Efflux,NGBoost,PDV,outlier,4,0.4539489530592293,0.6190901762261058,0.2851954363149626
OpenADMET-Caco2_Efflux,NGBoost,PDV,quantile,0,0.3452876145818025,0.4335013011941539,0.1247728831511721
OpenADMET-Caco2_Efflux,NGBoost,PDV,quantile,1,0.3836904270478456,0.4463798951113311,0.2091045091645581
OpenADMET-Caco2_Efflux,NGBoost,PDV,quantile,2,0.5337565777538686,0.6846298404087958,0.2974776858850497
OpenADMET-Caco2_Efflux,NGBoost,PDV,quantile,3,0.5007658035897846,0.7747991525300829,0.2725401558515899
OpenADMET-Caco2_Efflux,NGBoost,PDV,quantile,4,0.4548926221078064,0.6791272688316097,0.2215141192701533
OpenADMET-Caco2_Efflux,NGBoost,PDV,threshold,0,0.3461082707883606,0.5028164311440585,0.1764987840495268
OpenADMET-Caco2_Efflux,NGBoost,PDV,threshold,1,0.3852605210322912,0.5604726531272537,0.2846820228871421
OpenADMET-Caco2_Efflux,NGBoost,PDV,threshold,2,0.5346066576642743,0.728091930219175,0.4155821370249748
OpenADMET-Caco2_Efflux,NGBoost,PDV,threshold,3,0.4995206074183695,0.857965560289709,0.3814067084459532
OpenADMET-Caco2_Efflux,NGBoost,PDV,threshold,4,0.4542687955802943,0.7945406802651559,0.3394371984949222
OpenADMET-Caco2_Efflux,NGBoost,PDV,valprop,0,0.3454970266660324,0.5865361397398139,0.1524725995305399
OpenADMET-Caco2_Efflux,NGBoost,PDV,valprop,1,0.3842180318504518,0.6744864107784126,0.3171329042625413
OpenADMET-Caco2_Efflux,NGBoost,PDV,valprop,2,0.5348496630616424,0.7786568644777665,0.3843401673722139
OpenADMET-Caco2_Efflux,NGBoost,PDV,valprop,3,0.5005470634119659,0.7561307238487621,0.3296197283733656
OpenADMET-Caco2_Efflux,NGBoost,PDV,valprop,4,0.4546731444982336,0.8104451051112566,0.309445862589063
OpenADMET-Caco2_Efflux,NGBoost,SNS,hetero,0,0.3285349196396291,0.9520182876070501,0.2966989608067374
OpenADMET-Caco2_Efflux,NGBoost,SNS,hetero,1,0.36072042443468,0.9283551675712924,0.3347845984649527
OpenADMET-Caco2_Efflux,NGBoost,SNS,hetero,2,0.5054569275449914,0.971187820567997,0.5018522291154695
OpenADMET-Caco2_Efflux,NGBoost,SNS,hetero,3,0.4834770179762918,0.9835476212023982,0.4537665531812893
OpenADMET-Caco2_Efflux,NGBoost,SNS,hetero,4,0.3680761903292118,0.9742386875143236,0.3355263256584267
OpenADMET-Caco2_Efflux,NGBoost,SNS,legacy,0,0.3269867224901314,0.7135507039159104,0.2334714220287588
OpenADMET-Caco2_Efflux,NGBoost,SNS,legacy,1,0.360494849724213,0.620823144953601,0.2558968990778211
OpenADMET-Caco2_Efflux,NGBoost,SNS,legacy,2,0.5062563382777914,0.8475257930336626,0.4188784139623938
OpenADMET-Caco2_Efflux,NGBoost,SNS,legacy,3,0.4855564227569878,0.8519866454892152,0.3431986261944786
OpenADMET-Caco2_Efflux,NGBoost,SNS,legacy,4,0.3681200742520348,0.793691316637802,0.283065984466251
OpenADMET-Caco2_Efflux,NGBoost,SNS,outlier,0,0.3271291415279227,0.38708445941262354,0.1625784441033266
OpenADMET-Caco2_Efflux,NGBoost,SNS,outlier,1,0.3557105410107206,0.48163810083441294,0.313328701067035
OpenADMET-Caco2_Efflux,NGBoost,SNS,outlier,2,0.5073975144724447,0.5987689194407808,0.1288818129848117
OpenADMET-Caco2_Efflux,NGBoost,SNS,outlier,3,0.4841630068136506,0.7704721085476881,0.37148932355346
OpenADMET-Caco2_Efflux,NGBoost,SNS,outlier,4,0.3688960687982866,0.3373533440071131,0.1285430629888992
OpenADMET-Caco2_Efflux,NGBoost,SNS,quantile,0,0.3268673311806006,0.5215586783037656,0.0678793037074859
OpenADMET-Caco2_Efflux,NGBoost,SNS,quantile,1,0.3577956973733003,0.49528763580152446,0.2915618582679236
OpenADMET-Caco2_Efflux,NGBoost,SNS,quantile,2,0.5067974684282435,0.7467689806515632,0.3460779304650424
OpenADMET-Caco2_Efflux,NGBoost,SNS,quantile,3,0.4855804226397752,0.6329391281647815,0.3573246917746484
OpenADMET-Caco2_Efflux,NGBoost,SNS,quantile,4,0.3674747554577755,0.610206352541913,0.2029467526725097
OpenADMET-Caco2_Efflux,NGBoost,SNS,threshold,0,0.3270853063425669,0.7608787358932315,0.2759689330348995
OpenADMET-Caco2_Efflux,NGBoost,SNS,threshold,1,0.3597238997203226,0.7482625877990363,0.3230120046910261
OpenADMET-Caco2_Efflux,NGBoost,SNS,threshold,2,0.5057995136155227,0.796022620552761,0.3349330362184887
OpenADMET-Caco2_Efflux,NGBoost,SNS,threshold,3,0.4854150929748813,0.8390266102942078,0.3762329741814427
OpenADMET-Caco2_Efflux,NGBoost,SNS,threshold,4,0.369128007088411,0.7281829830610319,0.2351955856318708
OpenADMET-Caco2_Efflux,NGBoost,SNS,valprop,0,0.3274916105114107,0.6792385877647255,0.2347428540524353
OpenADMET-Caco2_Efflux,NGBoost,SNS,valprop,1,0.358970709733419,0.5891740949369078,0.253443845137366
OpenADMET-Caco2_Efflux,NGBoost,SNS,valprop,2,0.5059271722749892,0.8205661364786656,0.3855080355240674
OpenADMET-Caco2_Efflux,NGBoost,SNS,valprop,3,0.4848885286005566,0.8259618729306321,0.3182511252344417
OpenADMET-Caco2_Efflux,NGBoost,SNS,valprop,4,0.367187585456929,0.7566707734455087,0.2719132594562148
OpenADMET-Caco2_Efflux,QRF,ECFP4,hetero,0,0.3313488017324117,0.7744999581319447,0.22603993329477
OpenADMET-Caco2_Efflux,QRF,ECFP4,hetero,1,0.3966632019382571,0.9769990463711655,0.4092990876991516
OpenADMET-Caco2_Efflux,QRF,ECFP4,hetero,2,0.5224471220848637,0.9447913811934332,0.4725009713570151
OpenADMET-Caco2_Efflux,QRF,ECFP4,hetero,3,0.3625291681185234,0.8393855747515089,0.3142184811046916
OpenADMET-Caco2_Efflux,QRF,ECFP4,hetero,4,0.4085867736220742,0.8885189047205427,0.3682391320741838
OpenADMET-Caco2_Efflux,QRF,ECFP4,legacy,0,0.3313488017324117,-0.6334611875875392,-0.179334831727796
OpenADMET-Caco2_Efflux,QRF,ECFP4,legacy,1,0.3966632019382571,0.16035273827799432,0.1024573376776821
OpenADMET-Caco2_Efflux,QRF,ECFP4,legacy,2,0.5224471220848637,0.4833298960934956,0.2229956235154193
OpenADMET-Caco2_Efflux,QRF,ECFP4,legacy,3,0.3625291681185234,-0.47752628702015665,-0.2746091605418732
OpenADMET-Caco2_Efflux,QRF,ECFP4,legacy,4,0.4085867736220742,-0.014502898895873279,-0.0817608803386826
OpenADMET-Caco2_Efflux,QRF,ECFP4,outlier,0,0.3313488017324117,-0.33523673931874676,0.1906139965634667
OpenADMET-Caco2_Efflux,QRF,ECFP4,outlier,1,0.3966632019382571,-0.38394483128123824,0.3159727991750291
OpenADMET-Caco2_Efflux,QRF,ECFP4,outlier,2,0.5224471220848637,0.5199013810924117,0.3144496100506718
OpenADMET-Caco2_Efflux,QRF,ECFP4,outlier,3,0.3625291681185234,-0.0855082298872156,0.2757775476374932
OpenADMET-Caco2_Efflux,QRF,ECFP4,outlier,4,0.4085867736220742,0.296664755830922,-0.2332528603904922
OpenADMET-Caco2_Efflux,QRF,ECFP4,quantile,0,0.3313488017324117,-0.17280500671095786,0.139565687720821
OpenADMET-Caco2_Efflux,QRF,ECFP4,quantile,1,0.3966632019382571,-0.18930257830611574,-0.0310560492086313
OpenADMET-Caco2_Efflux,QRF,ECFP4,quantile,2,0.5224471220848637,0.4432500878492406,0.3450272386179226
OpenADMET-Caco2_Efflux,QRF,ECFP4,quantile,3,0.3625291681185234,0.13181808436538645,0.1010847399699762
OpenADMET-Caco2_Efflux,QRF,ECFP4,quantile,4,0.4085867736220742,-0.13311929492533056,0.0497025365030636
OpenADMET-Caco2_Efflux,QRF,ECFP4,threshold,0,0.3313488017324117,0.45802325297389573,0.1548911418988685
OpenADMET-Caco2_Efflux,QRF,ECFP4,threshold,1,0.3966632019382571,0.40211020234031997,0.2177157505569298
OpenADMET-Caco2_Efflux,QRF,ECFP4,threshold,2,0.5224471220848637,0.710284495182776,0.313593978903783
OpenADMET-Caco2_Efflux,QRF,ECFP4,threshold,3,0.3625291681185234,0.5174687312488521,0.1356281859799997
OpenADMET-Caco2_Efflux,QRF,ECFP4,threshold,4,0.4085867736220742,0.5415721549700991,0.0538391701126063
OpenADMET-Caco2_Efflux,QRF,ECFP4,valprop,0,0.3313488017324117,-0.924584475710312,-0.2587953259585478
OpenADMET-Caco2_Efflux,QRF,ECFP4,valprop,1,0.3966632019382571,0.037201661746209286,0.0541081485936546
OpenADMET-Caco2_Efflux,QRF,ECFP4,valprop,2,0.5224471220848637,0.4124809256816188,0.1906811447165988
OpenADMET-Caco2_Efflux,QRF,ECFP4,valprop,3,0.3625291681185234,-0.588257582067589,-0.4064803088257538
OpenADMET-Caco2_Efflux,QRF,ECFP4,valprop,4,0.4085867736220742,-0.11024880848104815,-0.1274454428533891
OpenADMET-Caco2_Efflux,QRF,MHG-GNN-pretrained,hetero,0,0.4705601315513549,0.8925332173545418,0.4375989695549174
OpenADMET-Caco2_Efflux,QRF,MHG-GNN-pretrained,hetero,1,0.3440313243987258,0.8833602298682397,0.3330454899838166
OpenADMET-Caco2_Efflux,QRF,MHG-GNN-pretrained,hetero,2,0.5739510943143349,0.9331162915425099,0.5113694008879879
OpenADMET-Caco2_Efflux,QRF,MHG-GNN-pretrained,hetero,3,0.3132712864147384,0.9079446731865688,0.258252615620776
OpenADMET-Caco2_Efflux,QRF,MHG-GNN-pretrained,hetero,4,0.3257522545231563,0.9252468125372444,0.2566839107703783
OpenADMET-Caco2_Efflux,QRF,MHG-GNN-pretrained,legacy,0,0.4705601315513549,0.1055853874389319,0.0840506067054922
OpenADMET-Caco2_Efflux,QRF,MHG-GNN-pretrained,legacy,1,0.3440313243987258,0.019426452391629517,0.1353468128989248
OpenADMET-Caco2_Efflux,QRF,MHG-GNN-pretrained,legacy,2,0.5739510943143349,0.5391042503054597,0.2029888506737289
OpenADMET-Caco2_Efflux,QRF,MHG-GNN-pretrained,legacy,3,0.3132712864147384,-0.010577300415007873,-0.0965929464975465
OpenADMET-Caco2_Efflux,QRF,MHG-GNN-pretrained,legacy,4,0.3257522545231563,0.1957223411089006,0.015401480951711
OpenADMET-Caco2_Efflux,QRF,MHG-GNN-pretrained,outlier,0,0.4705601315513549,0.6744187635977222,0.3504859016564702
OpenADMET-Caco2_Efflux,QRF,MHG-GNN-pretrained,outlier,1,0.3440313243987258,0.6889701543782563,0.2717218458973952
OpenADMET-Caco2_Efflux,QRF,MHG-GNN-pretrained,outlier,2,0.5739510943143349,0.8301837250456864,0.4233945930635239
OpenADMET-Caco2_Efflux,QRF,MHG-GNN-pretrained,outlier,3,0.3132712864147384,-0.1385880850437397,-0.8888190390864807
OpenADMET-Caco2_Efflux,QRF,MHG-GNN-pretrained,outlier,4,0.3257522545231563,0.7276721830312266,0.273021761610703
OpenADMET-Caco2_Efflux,QRF,MHG-GNN-pretrained,quantile,0,0.4705601315513549,0.7637907556240395,0.32217117545201
OpenADMET-Caco2_Efflux,QRF,MHG-GNN-pretrained,quantile,1,0.3440313243987258,0.4220292999177192,0.2026113251571635
OpenADMET-Caco2_Efflux,QRF,MHG-GNN-pretrained,quantile,2,0.5739510943143349,0.7579448657165784,0.3959491689779266
OpenADMET-Caco2_Efflux,QRF,MHG-GNN-pretrained,quantile,3,0.3132712864147384,0.10437938093724264,-0.131640655839164
OpenADMET-Caco2_Efflux,QRF,MHG-GNN-pretrained,quantile,4,0.3257522545231563,0.5606932419850706,0.0985364867525243
OpenADMET-Caco2_Efflux,QRF,MHG-GNN-pretrained,threshold,0,0.4705601315513549,0.8836469858493591,0.3703962486802341
OpenADMET-Caco2_Efflux,QRF,MHG-GNN-pretrained,threshold,1,0.3440313243987258,0.7373354460616437,0.2676561026264485
OpenADMET-Caco2_Efflux,QRF,MHG-GNN-pretrained,threshold,2,0.5739510943143349,0.8491211590112397,0.4266262252212457
OpenADMET-Caco2_Efflux,QRF,MHG-GNN-pretrained,threshold,3,0.3132712864147384,0.48219007663365093,-0.1529061289080191
OpenADMET-Caco2_Efflux,QRF,MHG-GNN-pretrained,threshold,4,0.3257522545231563,0.5633393807046125,0.1360303805593267
OpenADMET-Caco2_Efflux,QRF,MHG-GNN-pretrained,valprop,0,0.4705601315513549,0.03245002647279385,0.0411573786728785
OpenADMET-Caco2_Efflux,QRF,MHG-GNN-pretrained,valprop,1,0.3440313243987258,-0.0544429639601931,0.0982334104782414
OpenADMET-Caco2_Efflux,QRF,MHG-GNN-pretrained,valprop,2,0.5739510943143349,0.4784826144295976,0.2018060844212944
OpenADMET-Caco2_Efflux,QRF,MHG-GNN-pretrained,valprop,3,0.3132712864147384,-0.12624462154472632,-0.1690023706814494
OpenADMET-Caco2_Efflux,QRF,MHG-GNN-pretrained,valprop,4,0.3257522545231563,0.09353182358184092,-0.0411011195292931
OpenADMET-Caco2_Efflux,QRF,PDV,hetero,0,0.3794871023590311,0.8854077097365508,0.3461612419794175
OpenADMET-Caco2_Efflux,QRF,PDV,hetero,1,0.4404145540128229,0.9086831148810299,0.3446299422085299
OpenADMET-Caco2_Efflux,QRF,PDV,hetero,2,0.5634478457995535,0.9217967406567931,0.4965129350938001
OpenADMET-Caco2_Efflux,QRF,PDV,hetero,3,0.3514154900442086,0.9688241991652616,0.3750787528890873
OpenADMET-Caco2_Efflux,QRF,PDV,hetero,4,0.4448526938027292,0.9360817797021421,0.4097105921092833
OpenADMET-Caco2_Efflux,QRF,PDV,legacy,0,0.3794871023590311,0.10675262190600726,0.0080050417842292
OpenADMET-Caco2_Efflux,QRF,PDV,legacy,1,0.4404145540128229,0.2723337836184121,0.0113363802048893
OpenADMET-Caco2_Efflux,QRF,PDV,legacy,2,0.5634478457995535,0.5024363375545612,0.1852340601178443
OpenADMET-Caco2_Efflux,QRF,PDV,legacy,3,0.3514154900442086,0.0853968667388241,0.0837567743950049
OpenADMET-Caco2_Efflux,QRF,PDV,legacy,4,0.4448526938027292,0.42847245493002056,0.1545823860310324
OpenADMET-Caco2_Efflux,QRF,PDV,outlier,0,0.3794871023590311,0.7027257317683586,0.3072216149041895
OpenADMET-Caco2_Efflux,QRF,PDV,outlier,1,0.4404145540128229,0.5077913034500132,0.1847887293052417
OpenADMET-Caco2_Efflux,QRF,PDV,outlier,2,0.5634478457995535,0.7047687453339971,0.473609390880859
OpenADMET-Caco2_Efflux,QRF,PDV,outlier,3,0.3514154900442086,0.5490411544620653,0.2585814147343989
OpenADMET-Caco2_Efflux,QRF,PDV,outlier,4,0.4448526938027292,0.5909243261370821,0.3708415862322309
OpenADMET-Caco2_Efflux,QRF,PDV,quantile,0,0.3794871023590311,0.47852399410283836,0.2472690842114674
OpenADMET-Caco2_Efflux,QRF,PDV,quantile,1,0.4404145540128229,0.49319985643218,0.2223811291987968
OpenADMET-Caco2_Efflux,QRF,PDV,quantile,2,0.5634478457995535,0.6509061706439315,0.3882750539406994
OpenADMET-Caco2_Efflux,QRF,PDV,quantile,3,0.3514154900442086,0.4811160569548483,0.1985715010652867
OpenADMET-Caco2_Efflux,QRF,PDV,quantile,4,0.4448526938027292,0.6191883437945024,0.3386727723504985
OpenADMET-Caco2_Efflux,QRF,PDV,threshold,0,0.3794871023590311,0.6985544266436856,0.206410073567707
OpenADMET-Caco2_Efflux,QRF,PDV,threshold,1,0.4404145540128229,0.6275775138692767,0.2789021405637563
OpenADMET-Caco2_Efflux,QRF,PDV,threshold,2,0.5634478457995535,0.7642954407218827,0.4135907062981332
OpenADMET-Caco2_Efflux,QRF,PDV,threshold,3,0.3514154900442086,0.5524907591635658,0.3079499206461562
OpenADMET-Caco2_Efflux,QRF,PDV,threshold,4,0.4448526938027292,0.673107436330477,0.3554428362220524
OpenADMET-Caco2_Efflux,QRF,PDV,valprop,0,0.3794871023590311,-0.04007941941363924,-0.0549850544552308
OpenADMET-Caco2_Efflux,QRF,PDV,valprop,1,0.4404145540128229,0.17939138915240482,-0.0066949904450428
OpenADMET-Caco2_Efflux,QRF,PDV,valprop,2,0.5634478457995535,0.44539052746846397,0.1586546889161249
OpenADMET-Caco2_Efflux,QRF,PDV,valprop,3,0.3514154900442086,-0.0604933400424747,0.0743207918611725
OpenADMET-Caco2_Efflux,QRF,PDV,valprop,4,0.4448526938027292,0.3584580497258788,0.0790516879872612
OpenADMET-Caco2_Efflux,QRF,SNS,hetero,0,0.317679169721934,0.8075332388258507,0.2076065521778453
OpenADMET-Caco2_Efflux,QRF,SNS,hetero,1,0.4460163503278722,0.8985798268201228,0.4058374190475345
OpenADMET-Caco2_Efflux,QRF,SNS,hetero,2,0.3866961600199576,0.912257066328396,0.3581714130254545
OpenADMET-Caco2_Efflux,QRF,SNS,hetero,3,0.4218401199514417,0.8648443946739699,0.3936651046245101
OpenADMET-Caco2_Efflux,QRF,SNS,hetero,4,0.420654646061782,0.8133177774947845,0.3708230221805521
OpenADMET-Caco2_Efflux,QRF,SNS,legacy,0,0.317679169721934,-0.8945576781991613,-0.3391705255451303
OpenADMET-Caco2_Efflux,QRF,SNS,legacy,1,0.4460163503278722,0.12899893608505258,0.0270444244344246
OpenADMET-Caco2_Efflux,QRF,SNS,legacy,2,0.3866961600199576,0.1801526754214397,3.693288528516803e-05
OpenADMET-Caco2_Efflux,QRF,SNS,legacy,3,0.4218401199514417,-0.23346341440506196,-0.1266716137714638
OpenADMET-Caco2_Efflux,QRF,SNS,legacy,4,0.420654646061782,-0.17553385054088047,-0.0332979304555332
OpenADMET-Caco2_Efflux,QRF,SNS,outlier,0,0.317679169721934,-0.14530807974787524,-1.6318215242102707
OpenADMET-Caco2_Efflux,QRF,SNS,outlier,1,0.4460163503278722,0.7070473442282411,0.1169313630752821
OpenADMET-Caco2_Efflux,QRF,SNS,outlier,2,0.3866961600199576,0.24811516158713254,0.101681566631004
OpenADMET-Caco2_Efflux,QRF,SNS,outlier,3,0.4218401199514417,-0.16656886714393215,-0.1835395262705401
OpenADMET-Caco2_Efflux,QRF,SNS,outlier,4,0.420654646061782,0.4166985055168622,0.162589822516893
OpenADMET-Caco2_Efflux,QRF,SNS,quantile,0,0.317679169721934,-0.48426990376016466,-0.2313457758597894
OpenADMET-Caco2_Efflux,QRF,SNS,quantile,1,0.4460163503278722,0.4613199253528159,0.2062032004859727
OpenADMET-Caco2_Efflux,QRF,SNS,quantile,2,0.3866961600199576,0.5222089511934276,0.1687924848290852
OpenADMET-Caco2_Efflux,QRF,SNS,quantile,3,0.4218401199514417,0.06945744811822471,-0.1039379675064331
OpenADMET-Caco2_Efflux,QRF,SNS,quantile,4,0.420654646061782,0.17216458078127236,0.1031994066776107
OpenADMET-Caco2_Efflux,QRF,SNS,threshold,0,0.317679169721934,0.30722376459958467,-0.7283809367423775
OpenADMET-Caco2_Efflux,QRF,SNS,threshold,1,0.4460163503278722,0.7885158444256231,0.2686146605312847
OpenADMET-Caco2_Efflux,QRF,SNS,threshold,2,0.3866961600199576,0.6575385309319789,0.1994801745283223
OpenADMET-Caco2_Efflux,QRF,SNS,threshold,3,0.4218401199514417,0.2950646974793743,0.045184396473813
OpenADMET-Caco2_Efflux,QRF,SNS,threshold,4,0.420654646061782,0.6165544680040924,0.2203095789347725
OpenADMET-Caco2_Efflux,QRF,SNS,valprop,0,0.317679169721934,-1.1073668215940757,-0.5039838093734492
OpenADMET-Caco2_Efflux,QRF,SNS,valprop,1,0.4460163503278722,0.04396677061681532,-0.0182952001365279
OpenADMET-Caco2_Efflux,QRF,SNS,valprop,2,0.3866961600199576,0.06928805593427836,-0.0897325004263058
OpenADMET-Caco2_Efflux,QRF,SNS,valprop,3,0.4218401199514417,-0.37744096402030686,-0.1831854730315487
OpenADMET-Caco2_Efflux,QRF,SNS,valprop,4,0.420654646061782,-0.25527727637127096,-0.085080212210473
OpenADMET-Caco2_Efflux,RF,ECFP4,hetero,0,0.5232327458873336,0.9253591077466738,0.468480807413582
OpenADMET-Caco2_Efflux,RF,ECFP4,hetero,1,0.4368694757560781,0.9334565425551637,0.3644671292533155
OpenADMET-Caco2_Efflux,RF,ECFP4,hetero,2,0.5723111274669113,0.9517202363711942,0.5310507594200888
OpenADMET-Caco2_Efflux,RF,ECFP4,hetero,3,0.4035361787913897,0.9183319793011441,0.3607956830558526
OpenADMET-Caco2_Efflux,RF,ECFP4,hetero,4,0.3979200484918646,0.9873164828709666,0.4065518500919518
OpenADMET-Caco2_Efflux,RF,ECFP4,legacy,0,0.5232327458873336,0.40685668948759646,0.2194216632180367
OpenADMET-Caco2_Efflux,RF,ECFP4,legacy,1,0.4368694757560781,0.36652070392701097,0.0440439961401036
OpenADMET-Caco2_Efflux,RF,ECFP4,legacy,2,0.5723111274669113,0.6223796672428697,0.322422675520457
OpenADMET-Caco2_Efflux,RF,ECFP4,legacy,3,0.4035361787913897,0.4586263729049779,0.146584297751825
OpenADMET-Caco2_Efflux,RF,ECFP4,legacy,4,0.3979200484918646,0.5259739809207491,0.1969127946705916
OpenADMET-Caco2_Efflux,RF,ECFP4,outlier,0,0.5232327458873336,0.4451852456357572,0.2043754746099991
OpenADMET-Caco2_Efflux,RF,ECFP4,outlier,1,0.4368694757560781,0.4417596224355369,0.3347457070240019
OpenADMET-Caco2_Efflux,RF,ECFP4,outlier,2,0.5723111274669113,0.5897542778033656,0.3809143284608947
OpenADMET-Caco2_Efflux,RF,ECFP4,outlier,3,0.4035361787913897,0.46689122396101157,0.1858121898307329
OpenADMET-Caco2_Efflux,RF,ECFP4,outlier,4,0.3979200484918646,0.5099157754269267,0.2605132003088333
OpenADMET-Caco2_Efflux,RF,ECFP4,quantile,0,0.5232327458873336,0.3463469752626695,0.0828933512519696
OpenADMET-Caco2_Efflux,RF,ECFP4,quantile,1,0.4368694757560781,0.03271676009452454,0.1062971843486296
OpenADMET-Caco2_Efflux,RF,ECFP4,quantile,2,0.5723111274669113,0.5043401252713723,0.2337677442688781
OpenADMET-Caco2_Efflux,RF,ECFP4,quantile,3,0.4035361787913897,0.3500065666222871,0.0687048492629507
OpenADMET-Caco2_Efflux,RF,ECFP4,quantile,4,0.3979200484918646,0.4160322520310541,0.1275654614034841
OpenADMET-Caco2_Efflux,RF,ECFP4,threshold,0,0.5232327458873336,0.677435072170179,0.349144442837183
OpenADMET-Caco2_Efflux,RF,ECFP4,threshold,1,0.4368694757560781,0.6467760433972007,0.3680657994213969
OpenADMET-Caco2_Efflux,RF,ECFP4,threshold,2,0.5723111274669113,0.7174346303324926,0.4125477825238643
OpenADMET-Caco2_Efflux,RF,ECFP4,threshold,3,0.4035361787913897,0.6556439164548244,0.1906827765979917
OpenADMET-Caco2_Efflux,RF,ECFP4,threshold,4,0.3979200484918646,0.6731678713339843,0.2701012200071949
OpenADMET-Caco2_Efflux,RF,ECFP4,valprop,0,0.5232327458873336,0.3493501515399186,0.158404247166107
OpenADMET-Caco2_Efflux,RF,ECFP4,valprop,1,0.4368694757560781,0.31551907060433515,-0.0317030488182363
OpenADMET-Caco2_Efflux,RF,ECFP4,valprop,2,0.5723111274669113,0.5680899574036987,0.2796398250031469
OpenADMET-Caco2_Efflux,RF,ECFP4,valprop,3,0.4035361787913897,0.37619784296142056,0.126076954540958
OpenADMET-Caco2_Efflux,RF,ECFP4,valprop,4,0.3979200484918646,0.47183379207921805,0.1572566900349493
OpenADMET-Caco2_Efflux,RF,MHG-GNN-pretrained,hetero,0,0.4441992216497237,0.9782764184010674,0.3993065231811035
OpenADMET-Caco2_Efflux,RF,MHG-GNN-pretrained,hetero,1,0.3363096871594139,0.9715323870359645,0.3380201487304946
OpenADMET-Caco2_Efflux,RF,MHG-GNN-pretrained,hetero,2,0.4964827935133589,0.9738295360553232,0.460839476276791
OpenADMET-Caco2_Efflux,RF,MHG-GNN-pretrained,hetero,3,0.4874129869452678,0.9519639835965586,0.4341834981122691
OpenADMET-Caco2_Efflux,RF,MHG-GNN-pretrained,hetero,4,0.4374441800623062,0.929953261885337,0.3997326523848585
OpenADMET-Caco2_Efflux,RF,MHG-GNN-pretrained,legacy,0,0.4441992216497237,0.643446070613285,0.2022772864774324
OpenADMET-Caco2_Efflux,RF,MHG-GNN-pretrained,legacy,1,0.3363096871594139,0.5973009488799031,0.2069534780847125
OpenADMET-Caco2_Efflux,RF,MHG-GNN-pretrained,legacy,2,0.4964827935133589,0.7799433764383509,0.362653695228997
OpenADMET-Caco2_Efflux,RF,MHG-GNN-pretrained,legacy,3,0.4874129869452678,0.6536674596236347,0.2375125273234362
OpenADMET-Caco2_Efflux,RF,MHG-GNN-pretrained,legacy,4,0.4374441800623062,0.5809930635209553,0.1883736397430604
OpenADMET-Caco2_Efflux,RF,MHG-GNN-pretrained,outlier,0,0.4441992216497237,0.49938313639586335,0.038637223634458
OpenADMET-Caco2_Efflux,RF,MHG-GNN-pretrained,outlier,1,0.3363096871594139,0.40026026245671004,0.0310121495219299
OpenADMET-Caco2_Efflux,RF,MHG-GNN-pretrained,outlier,2,0.4964827935133589,0.7425787769290767,0.1367721564654133
OpenADMET-Caco2_Efflux,RF,MHG-GNN-pretrained,outlier,3,0.4874129869452678,0.6135176956112567,0.3233258459522898
OpenADMET-Caco2_Efflux,RF,MHG-GNN-pretrained,outlier,4,0.4374441800623062,0.627644267171552,0.257938061962558
OpenADMET-Caco2_Efflux,RF,MHG-GNN-pretrained,quantile,0,0.4441992216497237,0.4461099714476035,0.1271398415951342
OpenADMET-Caco2_Efflux,RF,MHG-GNN-pretrained,quantile,1,0.3363096871594139,0.31662074196828544,0.240774998377533
OpenADMET-Caco2_Efflux,RF,MHG-GNN-pretrained,quantile,2,0.4964827935133589,0.7465496229446194,0.2902937848032145
OpenADMET-Caco2_Efflux,RF,MHG-GNN-pretrained,quantile,3,0.4874129869452678,0.5703641172330813,0.2852247271120106
OpenADMET-Caco2_Efflux,RF,MHG-GNN-pretrained,quantile,4,0.4374441800623062,0.557738409658332,0.2335083489397995
OpenADMET-Caco2_Efflux,RF,MHG-GNN-pretrained,threshold,0,0.4441992216497237,0.6245945783611114,0.1461297907594171
OpenADMET-Caco2_Efflux,RF,MHG-GNN-pretrained,threshold,1,0.3363096871594139,0.6514014764121276,0.2347331635210675
OpenADMET-Caco2_Efflux,RF,MHG-GNN-pretrained,threshold,2,0.4964827935133589,0.8704345775978422,0.3181885036259271
OpenADMET-Caco2_Efflux,RF,MHG-GNN-pretrained,threshold,3,0.4874129869452678,0.8001973999360689,0.3621879931420451
OpenADMET-Caco2_Efflux,RF,MHG-GNN-pretrained,threshold,4,0.4374441800623062,0.7105249420859574,0.3042052810954475
OpenADMET-Caco2_Efflux,RF,MHG-GNN-pretrained,valprop,0,0.4441992216497237,0.5662918389882554,0.137001590525887
OpenADMET-Caco2_Efflux,RF,MHG-GNN-pretrained,valprop,1,0.336309687159414,0.5244211794759492,0.1675678731767356
OpenADMET-Caco2_Efflux,RF,MHG-GNN-pretrained,valprop,2,0.4964827935133589,0.7612293563698683,0.3315090857759531
OpenADMET-Caco2_Efflux,RF,MHG-GNN-pretrained,valprop,3,0.4874129869452678,0.6032876014092309,0.2363858086023892
OpenADMET-Caco2_Efflux,RF,MHG-GNN-pretrained,valprop,4,0.4374441800623062,0.5282403649115862,0.1900119235357102
OpenADMET-Caco2_Efflux,RF,PDV,hetero,0,0.3900237024016124,0.9809380090238129,0.3536521837399176
OpenADMET-Caco2_Efflux,RF,PDV,hetero,1,0.4743019358634707,0.9358953035233184,0.4133426657818367
OpenADMET-Caco2_Efflux,RF,PDV,hetero,2,0.5081124113359804,0.9776939225862067,0.4846807444054469
OpenADMET-Caco2_Efflux,RF,PDV,hetero,3,0.4868121435673381,0.9712165358813551,0.4088214504499672
OpenADMET-Caco2_Efflux,RF,PDV,hetero,4,0.4384950026624739,0.954117623602156,0.3908100741472303
OpenADMET-Caco2_Efflux,RF,PDV,legacy,0,0.3900237024016124,0.5910053997399802,0.1525118265326387
OpenADMET-Caco2_Efflux,RF,PDV,legacy,1,0.4743019358634706,0.624084741865759,0.2005139829045138
OpenADMET-Caco2_Efflux,RF,PDV,legacy,2,0.5081124113359805,0.7751372117803598,0.2941367835777264
OpenADMET-Caco2_Efflux,RF,PDV,legacy,3,0.4868121435673381,0.6116659424100613,0.15370151148316
OpenADMET-Caco2_Efflux,RF,PDV,legacy,4,0.4384950026624739,0.6149423122554192,0.2944479010135642
OpenADMET-Caco2_Efflux,RF,PDV,outlier,0,0.3900237024016124,0.07912007450450328,-0.212169407653729
OpenADMET-Caco2_Efflux,RF,PDV,outlier,1,0.4743019358634706,0.6376878456017488,0.3241525343751043
OpenADMET-Caco2_Efflux,RF,PDV,outlier,2,0.5081124113359803,0.8081364403802899,0.4315189043350715
OpenADMET-Caco2_Efflux,RF,PDV,outlier,3,0.4868121435673381,0.6947466550234352,0.1534064187041377
OpenADMET-Caco2_Efflux,RF,PDV,outlier,4,0.438495002662474,0.5568082445841473,0.2606803590859136
OpenADMET-Caco2_Efflux,RF,PDV,quantile,0,0.3900237024016124,0.3512261785999491,0.1229394241600557
OpenADMET-Caco2_Efflux,RF,PDV,quantile,1,0.4743019358634706,0.5404734705291143,0.2806112763483775
OpenADMET-Caco2_Efflux,RF,PDV,quantile,2,0.5081124113359804,0.7825698628032115,0.3959963646277598
OpenADMET-Caco2_Efflux,RF,PDV,quantile,3,0.4868121435673381,0.4995984732326178,0.0744025590459958
OpenADMET-Caco2_Efflux,RF,PDV,quantile,4,0.4384950026624739,0.6149044546128504,0.2688588014012473
OpenADMET-Caco2_Efflux,RF,PDV,threshold,0,0.3900237024016124,0.4622372957345743,0.1054721904725345
OpenADMET-Caco2_Efflux,RF,PDV,threshold,1,0.4743019358634706,0.7678416604150765,0.3778180267131454
OpenADMET-Caco2_Efflux,RF,PDV,threshold,2,0.5081124113359805,0.8868563845456056,0.5030224440215554
OpenADMET-Caco2_Efflux,RF,PDV,threshold,3,0.4868121435673381,0.7635508118678058,0.357625661625624
OpenADMET-Caco2_Efflux,RF,PDV,threshold,4,0.4384950026624739,0.7756719898709391,0.2736825588919305
OpenADMET-Caco2_Efflux,RF,PDV,valprop,0,0.3900237024016124,0.5029438473647592,0.084526131443145
OpenADMET-Caco2_Efflux,RF,PDV,valprop,1,0.4743019358634707,0.582628496955338,0.1910530462049787
OpenADMET-Caco2_Efflux,RF,PDV,valprop,2,0.5081124113359805,0.7424230401613875,0.2685942182510218
OpenADMET-Caco2_Efflux,RF,PDV,valprop,3,0.4868121435673381,0.5829584218444991,0.0896414779671423
OpenADMET-Caco2_Efflux,RF,PDV,valprop,4,0.4384950026624739,0.5687195518552619,0.237692433622518
OpenADMET-Caco2_Efflux,RF,SNS,hetero,0,0.4181195967371689,0.8943261153405714,0.3706595384180784
OpenADMET-Caco2_Efflux,RF,SNS,hetero,1,0.4297973423568269,0.9261707775269005,0.3818202402305476
OpenADMET-Caco2_Efflux,RF,SNS,hetero,2,0.5491534035785275,0.9583188113287722,0.5242803024155472
OpenADMET-Caco2_Efflux,RF,SNS,hetero,3,0.4978824060072365,0.9145874131107663,0.4535826240982634
OpenADMET-Caco2_Efflux,RF,SNS,hetero,4,0.4582245690079078,0.9654092021447551,0.4266231375594369
OpenADMET-Caco2_Efflux,RF,SNS,legacy,0,0.418119596737169,0.1386191832118577,0.0748810151644647
OpenADMET-Caco2_Efflux,RF,SNS,legacy,1,0.4297973423568267,0.4852785743354142,0.1511548748987113
OpenADMET-Caco2_Efflux,RF,SNS,legacy,2,0.5491534035785275,0.6462680138563944,0.3193438918434336
OpenADMET-Caco2_Efflux,RF,SNS,legacy,3,0.4978824060072365,0.35277857108766675,0.1239993673489048
OpenADMET-Caco2_Efflux,RF,SNS,legacy,4,0.4582245690079078,0.5343100811061385,0.2147917449105091
OpenADMET-Caco2_Efflux,RF,SNS,outlier,0,0.418119596737169,0.4363212090628925,0.3053990038654312
OpenADMET-Caco2_Efflux,RF,SNS,outlier,1,0.4297973423568269,0.635994478913383,0.2452361966320341
OpenADMET-Caco2_Efflux,RF,SNS,outlier,2,0.5491534035785275,0.641943638686256,0.3191058148696859
OpenADMET-Caco2_Efflux,RF,SNS,outlier,3,0.4978824060072365,0.25663944893292423,0.1924328384881941
OpenADMET-Caco2_Efflux,RF,SNS,outlier,4,0.4582245690079078,0.5398147694332266,0.2304181611823007
OpenADMET-Caco2_Efflux,RF,SNS,quantile,0,0.418119596737169,0.4344310897738498,0.1406000152342357
OpenADMET-Caco2_Efflux,RF,SNS,quantile,1,0.4297973423568269,0.35651893211443986,0.2236946240602324
OpenADMET-Caco2_Efflux,RF,SNS,quantile,2,0.5491534035785275,0.5084410841312187,0.3197303333143445
OpenADMET-Caco2_Efflux,RF,SNS,quantile,3,0.4978824060072365,0.2569017915663149,0.1254440520720076
OpenADMET-Caco2_Efflux,RF,SNS,quantile,4,0.4582245690079078,0.3166000263964447,0.1571016354962213
OpenADMET-Caco2_Efflux,RF,SNS,threshold,0,0.418119596737169,0.6929397178402983,0.3751939383941397
OpenADMET-Caco2_Efflux,RF,SNS,threshold,1,0.4297973423568269,0.7553773128258391,0.2929776264595678
OpenADMET-Caco2_Efflux,RF,SNS,threshold,2,0.5491534035785275,0.7113991805151276,0.4039523788275909
OpenADMET-Caco2_Efflux,RF,SNS,threshold,3,0.4978824060072365,0.6155318382885582,0.3279994216017502
OpenADMET-Caco2_Efflux,RF,SNS,threshold,4,0.4582245690079078,0.7451551977566168,0.3478499810004204
OpenADMET-Caco2_Efflux,RF,SNS,valprop,0,0.4181195967371689,0.04410210871960693,0.0558146578261077
OpenADMET-Caco2_Efflux,RF,SNS,valprop,1,0.4297973423568269,0.39910351602504657,0.1096192347120724
OpenADMET-Caco2_Efflux,RF,SNS,valprop,2,0.5491534035785275,0.5962389718666531,0.2877026297951773
OpenADMET-Caco2_Efflux,RF,SNS,valprop,3,0.4978824060072365,0.27267583010673047,0.0951940111867287
OpenADMET-Caco2_Efflux,RF,SNS,valprop,4,0.4582245690079078,0.45555270025540945,0.1886237528035227
OpenADMET-Caco2_Efflux,SVM,ECFP4,hetero,0,0.3805734432035561,0.8962252466012516,0.3329103266626405
OpenADMET-Caco2_Efflux,SVM,ECFP4,hetero,2,0.449169075986904,0.9548440727284639,0.4308350699101176
OpenADMET-Caco2_Efflux,SVM,ECFP4,hetero,3,0.3526339280846551,0.9283266550851904,0.3523717786819526
OpenADMET-Caco2_Efflux,SVM,ECFP4,hetero,4,0.3493423605201511,0.9272319783440852,0.3378001256348328
OpenADMET-Caco2_Efflux,SVM,ECFP4,legacy,0,0.3805734432035561,0.251060880548759,-0.0613670525813887
OpenADMET-Caco2_Efflux,SVM,ECFP4,legacy,2,0.449169075986904,0.6696582704220578,0.2430088083308653
OpenADMET-Caco2_Efflux,SVM,ECFP4,legacy,3,0.3526339280846551,0.2957972089905841,0.0768183395383963
OpenADMET-Caco2_Efflux,SVM,ECFP4,legacy,4,0.3493423605201511,0.42013667269209143,0.1010212098626079
OpenADMET-Caco2_Efflux,SVM,ECFP4,outlier,0,0.3805734432035561,0.9019812512978629,0.3531350353128746
OpenADMET-Caco2_Efflux,SVM,ECFP4,outlier,2,0.449169075986904,0.8465900316330638,0.3435265612155351
OpenADMET-Caco2_Efflux,SVM,ECFP4,outlier,3,0.3526339280846551,0.8797066695901518,0.3164097844708611
OpenADMET-Caco2_Efflux,SVM,ECFP4,outlier,4,0.3493423605201511,0.8968639435437887,0.3009257811219091
OpenADMET-Caco2_Efflux,SVM,ECFP4,quantile,0,0.3805734432035561,0.8290450045993173,0.3057004218909301
OpenADMET-Caco2_Efflux,SVM,ECFP4,quantile,2,0.449169075986904,0.8116828292725662,0.3302684225700502
OpenADMET-Caco2_Efflux,SVM,ECFP4,quantile,3,0.3526339280846551,0.7676760728679447,0.2583734163347565
OpenADMET-Caco2_Efflux,SVM,ECFP4,quantile,4,0.3493423605201511,0.7577797599187659,0.2354469077062316
OpenADMET-Caco2_Efflux,SVM,ECFP4,threshold,0,0.3805734432035561,0.9083599918605233,0.3619071195467601
OpenADMET-Caco2_Efflux,SVM,ECFP4,threshold,2,0.449169075986904,0.8831125664783561,0.3780267596277046
OpenADMET-Caco2_Efflux,SVM,ECFP4,threshold,3,0.3526339280846551,0.8836347274286831,0.308339133080813
OpenADMET-Caco2_Efflux,SVM,ECFP4,threshold,4,0.3493423605201511,0.8977817544225606,0.3112964755582649
OpenADMET-Caco2_Efflux,SVM,ECFP4,valprop,0,0.3805734432035561,0.1946112759510057,-0.0967396459219074
OpenADMET-Caco2_Efflux,SVM,ECFP4,valprop,2,0.449169075986904,0.6333488042298483,0.2184903445249287
OpenADMET-Caco2_Efflux,SVM,ECFP4,valprop,3,0.3526339280846551,0.23669380662594974,0.0523596529178727
OpenADMET-Caco2_Efflux,SVM,ECFP4,valprop,4,0.3493423605201511,0.3601553867318835,0.0750818746086772
OpenADMET-Caco2_Efflux,SVM,MHG-GNN-pretrained,hetero,0,0.4605589227927641,0.9163758463487177,0.401414548824171
OpenADMET-Caco2_Efflux,SVM,MHG-GNN-pretrained,hetero,1,0.4110377616056623,0.9103360493111611,0.3594549353416099
OpenADMET-Caco2_Efflux,SVM,MHG-GNN-pretrained,hetero,2,0.5168138010212349,0.9377510965857369,0.4887246033976747
OpenADMET-Caco2_Efflux,SVM,MHG-GNN-pretrained,hetero,3,0.5031101675431315,0.9034973426012601,0.4950901465490177
OpenADMET-Caco2_Efflux,SVM,MHG-GNN-pretrained,hetero,4,0.4203212633367974,0.915915547607902,0.3795539074656485
OpenADMET-Caco2_Efflux,SVM,MHG-GNN-pretrained,legacy,0,0.4605589227927641,0.5234652352494251,0.0911017500603399
OpenADMET-Caco2_Efflux,SVM,MHG-GNN-pretrained,legacy,1,0.4110377616056623,0.502010978791552,0.1301764379885797
OpenADMET-Caco2_Efflux,SVM,MHG-GNN-pretrained,legacy,2,0.5168138010212349,0.6987937458741438,0.3797532365394991
OpenADMET-Caco2_Efflux,SVM,MHG-GNN-pretrained,legacy,3,0.5031101675431315,0.5495293058909411,0.2665330410166623
OpenADMET-Caco2_Efflux,SVM,MHG-GNN-pretrained,legacy,4,0.4203212633367974,0.5768781135867622,0.2237952180458871
OpenADMET-Caco2_Efflux,SVM,MHG-GNN-pretrained,outlier,0,0.4605589227927641,0.91426456366776,0.3982016027488091
OpenADMET-Caco2_Efflux,SVM,MHG-GNN-pretrained,outlier,1,0.4110377616056623,0.9268358550693842,0.3478049413796455
OpenADMET-Caco2_Efflux,SVM,MHG-GNN-pretrained,outlier,2,0.5168138010212349,0.9408301984529092,0.4816734548348628
OpenADMET-Caco2_Efflux,SVM,MHG-GNN-pretrained,outlier,3,0.5031101675431315,0.8527377499666837,0.3973497720311265
OpenADMET-Caco2_Efflux,SVM,MHG-GNN-pretrained,outlier,4,0.4203212633367974,0.9012715700867054,0.3985600418645583
OpenADMET-Caco2_Efflux,SVM,MHG-GNN-pretrained,quantile,0,0.4605589227927641,0.9052330728439121,0.3940172247805763
OpenADMET-Caco2_Efflux,SVM,MHG-GNN-pretrained,quantile,1,0.4110377616056623,0.8377917641843439,0.2920009665873606
OpenADMET-Caco2_Efflux,SVM,MHG-GNN-pretrained,quantile,2,0.5168138010212349,0.878641765090437,0.4809510080503567
OpenADMET-Caco2_Efflux,SVM,MHG-GNN-pretrained,quantile,3,0.5031101675431315,0.8018766324189708,0.3986316747082403
OpenADMET-Caco2_Efflux,SVM,MHG-GNN-pretrained,quantile,4,0.4203212633367974,0.8766211693694183,0.3767865037285837
OpenADMET-Caco2_Efflux,SVM,MHG-GNN-pretrained,threshold,0,0.4605589227927641,0.9422585319189397,0.4249453252768737
OpenADMET-Caco2_Efflux,SVM,MHG-GNN-pretrained,threshold,1,0.4110377616056623,0.9108031452244044,0.351394193428226
OpenADMET-Caco2_Efflux,SVM,MHG-GNN-pretrained,threshold,2,0.5168138010212349,0.9296615962450145,0.4976225978961737
OpenADMET-Caco2_Efflux,SVM,MHG-GNN-pretrained,threshold,3,0.5031101675431315,0.8674312083008849,0.4191426562314497
OpenADMET-Caco2_Efflux,SVM,MHG-GNN-pretrained,threshold,4,0.4203212633367974,0.905815410689099,0.4024406095440302
OpenADMET-Caco2_Efflux,SVM,MHG-GNN-pretrained,valprop,0,0.4605589227927641,0.4834688008206941,0.0569589698615266
OpenADMET-Caco2_Efflux,SVM,MHG-GNN-pretrained,valprop,1,0.4110377616056623,0.4609293930308912,0.1194360268580343
OpenADMET-Caco2_Efflux,SVM,MHG-GNN-pretrained,valprop,2,0.5168138010212349,0.6670509518388721,0.3714820827389156
OpenADMET-Caco2_Efflux,SVM,MHG-GNN-pretrained,valprop,3,0.5031101675431315,0.5041522460057704,0.2345581009658552
OpenADMET-Caco2_Efflux,SVM,MHG-GNN-pretrained,valprop,4,0.4203212633367974,0.5393497971389571,0.2131365256957911
OpenADMET-Caco2_Efflux,SVM,PDV,hetero,0,0.3827980943299414,0.8933885207538123,0.3440838675096169
OpenADMET-Caco2_Efflux,SVM,PDV,hetero,1,0.4919673998367682,0.9358145868650349,0.4423792653415431
OpenADMET-Caco2_Efflux,SVM,PDV,hetero,2,0.5931397631251353,0.9666992621483302,0.5546409225017896
OpenADMET-Caco2_Efflux,SVM,PDV,hetero,3,0.5344119662619904,0.9481010738731632,0.4807527473144021
OpenADMET-Caco2_Efflux,SVM,PDV,hetero,4,0.4995933146983691,0.925199090070295,0.4510777392720964
OpenADMET-Caco2_Efflux,SVM,PDV,legacy,0,0.3827980943299414,0.46629180912752993,0.1662972192876314
OpenADMET-Caco2_Efflux,SVM,PDV,legacy,1,0.4919673998367682,0.6030436688730678,0.2744499821430713
OpenADMET-Caco2_Efflux,SVM,PDV,legacy,2,0.5931397631251353,0.7696471445909682,0.3978458476249612
OpenADMET-Caco2_Efflux,SVM,PDV,legacy,3,0.5344119662619904,0.692300908146071,0.3181628452903852
OpenADMET-Caco2_Efflux,SVM,PDV,legacy,4,0.4995933146983691,0.634824331379226,0.2252422216073744
OpenADMET-Caco2_Efflux,SVM,PDV,outlier,0,0.3827980943299414,0.858304146817742,0.3236073221824804
OpenADMET-Caco2_Efflux,SVM,PDV,outlier,1,0.4919673998367682,0.9348409364566129,0.4458100252894128
OpenADMET-Caco2_Efflux,SVM,PDV,outlier,2,0.5931397631251353,0.9265317046502228,0.5229638707270013
OpenADMET-Caco2_Efflux,SVM,PDV,outlier,3,0.5344119662619904,0.8973808702182462,0.4969836268491403
OpenADMET-Caco2_Efflux,SVM,PDV,outlier,4,0.4995933146983691,0.8986575502928762,0.3889302089256792
OpenADMET-Caco2_Efflux,SVM,PDV,quantile,0,0.3827980943299414,0.8208957214445674,0.2769069497393329
OpenADMET-Caco2_Efflux,SVM,PDV,quantile,1,0.4919673998367682,0.8617124255945943,0.406586719476302
OpenADMET-Caco2_Efflux,SVM,PDV,quantile,2,0.5931397631251353,0.8938013908904678,0.4758536014254636
OpenADMET-Caco2_Efflux,SVM,PDV,quantile,3,0.5344119662619904,0.8408443937383859,0.4615831699165381
OpenADMET-Caco2_Efflux,SVM,PDV,quantile,4,0.4995933146983691,0.8422736226039131,0.3618899016837368
OpenADMET-Caco2_Efflux,SVM,PDV,threshold,0,0.3827980943299414,0.8746987699909956,0.3171212033550661
OpenADMET-Caco2_Efflux,SVM,PDV,threshold,1,0.4919673998367682,0.9222770579036095,0.4481876675546152
OpenADMET-Caco2_Efflux,SVM,PDV,threshold,2,0.5931397631251353,0.923814637670005,0.493220783936958
OpenADMET-Caco2_Efflux,SVM,PDV,threshold,3,0.5344119662619904,0.882121215230034,0.4776434622217343
OpenADMET-Caco2_Efflux,SVM,PDV,threshold,4,0.4995933146983691,0.8856272901550375,0.3907142025302801
OpenADMET-Caco2_Efflux,SVM,PDV,valprop,0,0.3827980943299414,0.4251308851136745,0.1475798203430014
OpenADMET-Caco2_Efflux,SVM,PDV,valprop,1,0.4919673998367682,0.5737231754868938,0.2660690880741105
OpenADMET-Caco2_Efflux,SVM,PDV,valprop,2,0.5931397631251353,0.7454993191831859,0.365705000103
OpenADMET-Caco2_Efflux,SVM,PDV,valprop,3,0.5344119662619904,0.6518688831842754,0.3012733080546942
OpenADMET-Caco2_Efflux,SVM,PDV,valprop,4,0.4995933146983691,0.5932902704039212,0.1966184122420179
OpenADMET-Caco2_Efflux,SVM,SNS,hetero,1,0.363758992666254,0.9115577797691863,0.3260303725889459
OpenADMET-Caco2_Efflux,SVM,SNS,hetero,2,0.5207507484904849,0.956509053088315,0.4704698973436116
OpenADMET-Caco2_Efflux,SVM,SNS,hetero,3,0.4117130308255008,0.9439443419890561,0.4081543669538549
OpenADMET-Caco2_Efflux,SVM,SNS,hetero,4,0.4072443670805585,0.924088554987951,0.3796660036776399
OpenADMET-Caco2_Efflux,SVM,SNS,legacy,1,0.363758992666254,0.47828684543254535,0.151287413731862
OpenADMET-Caco2_Efflux,SVM,SNS,legacy,2,0.5207507484904849,0.7034732541039653,0.2803440510044707
OpenADMET-Caco2_Efflux,SVM,SNS,legacy,3,0.4117130308255008,0.6143046677635949,0.2865306993853904
OpenADMET-Caco2_Efflux,SVM,SNS,legacy,4,0.4072443670805585,0.5026927965955243,0.1818738652969721
OpenADMET-Caco2_Efflux,SVM,SNS,outlier,1,0.363758992666254,0.890848673202222,0.3012712187915253
OpenADMET-Caco2_Efflux,SVM,SNS,outlier,2,0.5207507484904849,0.9405441931554753,0.4323513421276853
OpenADMET-Caco2_Efflux,SVM,SNS,outlier,3,0.4117130308255008,0.9028351374498537,0.3858774489929669
OpenADMET-Caco2_Efflux,SVM,SNS,outlier,4,0.4072443670805585,0.8727042171881392,0.3384748778683184
OpenADMET-Caco2_Efflux,SVM,SNS,quantile,1,0.363758992666254,0.762475977433632,0.2341407078906148
OpenADMET-Caco2_Efflux,SVM,SNS,quantile,2,0.5207507484904849,0.862954576327793,0.3988476642667058
OpenADMET-Caco2_Efflux,SVM,SNS,quantile,3,0.4117130308255008,0.8078280240455246,0.3334831037031442
OpenADMET-Caco2_Efflux,SVM,SNS,quantile,4,0.4072443670805585,0.8062976026451609,0.3403320055105933
OpenADMET-Caco2_Efflux,SVM,SNS,threshold,1,0.363758992666254,0.8727862883682187,0.2901435894803479
OpenADMET-Caco2_Efflux,SVM,SNS,threshold,2,0.5207507484904849,0.9325387642810443,0.4317555541823762
OpenADMET-Caco2_Efflux,SVM,SNS,threshold,3,0.4117130308255008,0.8858935500334703,0.3716214712448181
OpenADMET-Caco2_Efflux,SVM,SNS,threshold,4,0.4072443670805585,0.8644588520336808,0.3428122597376404
OpenADMET-Caco2_Efflux,SVM,SNS,valprop,1,0.363758992666254,0.43389968724511435,0.1435935389561279
OpenADMET-Caco2_Efflux,SVM,SNS,valprop,2,0.5207507484904849,0.6788758647835422,0.2563231233862363
OpenADMET-Caco2_Efflux,SVM,SNS,valprop,3,0.4117130308255008,0.5736156219405651,0.2742141412573063
OpenADMET-Caco2_Efflux,SVM,SNS,valprop,4,0.4072443670805585,0.4556089029773637,0.1594205031269814
OpenADMET-Caco2_Efflux,VBLL-Full,ECFP4,hetero,0,0.3457786549175046,0.8393006346998095,0.3249187702529823
OpenADMET-Caco2_Efflux,VBLL-Full,ECFP4,hetero,1,0.3719912342232765,0.7877017742936243,0.2805667054570512
OpenADMET-Caco2_Efflux,VBLL-Full,ECFP4,hetero,2,0.4263927599089535,1.0546231131160342,0.4225441077918066
OpenADMET-Caco2_Efflux,VBLL-Full,ECFP4,hetero,3,0.3541410996033546,0.8436310054709457,0.3365396407000461
OpenADMET-Caco2_Efflux,VBLL-Full,ECFP4,legacy,0,0.3812156938795173,0.5392294036281904,0.1774467477309103
OpenADMET-Caco2_Efflux,VBLL-Full,ECFP4,legacy,2,0.5035666808433389,0.7363928858175844,0.2548652200012826
OpenADMET-Caco2_Efflux,VBLL-Full,ECFP4,legacy,3,0.3411810239879079,0.7842863129892315,0.2743614175244607
OpenADMET-Caco2_Efflux,VBLL-Full,ECFP4,legacy,4,0.3060066727567333,0.7071882342081381,0.1458127128059264
OpenADMET-Caco2_Efflux,VBLL-Full,ECFP4,outlier,0,0.3455685055832906,0.3444781596363243,-0.0961952202692582
OpenADMET-Caco2_Efflux,VBLL-Full,ECFP4,outlier,1,0.334045345939868,0.2238398073983389,0.0392280907911578
OpenADMET-Caco2_Efflux,VBLL-Full,ECFP4,outlier,2,0.3748196461483767,0.5963694712132399,0.0786874476399738
OpenADMET-Caco2_Efflux,VBLL-Full,ECFP4,quantile,0,0.3198656932250088,0.49848102356956475,0.0835610109183829
OpenADMET-Caco2_Efflux,VBLL-Full,ECFP4,quantile,1,0.3280917643872711,0.5064857943851587,0.0144353059309916
OpenADMET-Caco2_Efflux,VBLL-Full,ECFP4,quantile,2,0.4476071698316171,0.6097801825052231,0.1784761004094207
OpenADMET-Caco2_Efflux,VBLL-Full,ECFP4,quantile,3,0.3227289078114489,0.5004139494641594,0.1691776504244561
OpenADMET-Caco2_Efflux,VBLL-Full,ECFP4,threshold,0,0.3564164463174919,0.5365186079294125,0.1171455449813468
OpenADMET-Caco2_Efflux,VBLL-Full,ECFP4,threshold,1,0.3596398725583428,0.38562895779624484,-0.0141331314312662
OpenADMET-Caco2_Efflux,VBLL-Full,ECFP4,threshold,2,0.4391808305285606,0.6553906613785391,0.1624681538430894
OpenADMET-Caco2_Efflux,VBLL-Full,ECFP4,threshold,3,0.319167201865567,0.4933929834999856,0.1278171273573641
OpenADMET-Caco2_Efflux,VBLL-Full,ECFP4,valprop,0,0.3850650070448594,0.5158506889370684,0.1597019986554966
OpenADMET-Caco2_Efflux,VBLL-Full,ECFP4,valprop,1,0.3015650932404184,0.6818959921050932,0.1472615022574324
OpenADMET-Caco2_Efflux,VBLL-Full,ECFP4,valprop,2,0.4503278792815482,0.7289038209531533,0.2367247149879148
OpenADMET-Caco2_Efflux,VBLL-Full,MHG-GNN-pretrained,hetero,2,0.3795848219827353,0.23385733832944233,0.3853583848085008
OpenADMET-Caco2_Efflux,VBLL-Full,MHG-GNN-pretrained,hetero,3,0.3696933859815065,-3.8402717179630854,0.0549109444531723
OpenADMET-Caco2_Efflux,VBLL-Full,MHG-GNN-pretrained,legacy,2,0.389796723239785,-1.6072669431359035,-0.8229855785665185
OpenADMET-Caco2_Efflux,VBLL-Full,MHG-GNN-pretrained,legacy,3,0.3351143724964027,-12.646746142397218,-12.648110925795065
OpenADMET-Caco2_Efflux,VBLL-Full,MHG-GNN-pretrained,outlier,3,0.3475338117477733,-11.856260808576458,-0.9005692091732453
OpenADMET-Caco2_Efflux,VBLL-Full,MHG-GNN-pretrained,quantile,2,0.4398268804938547,0.29175337182549055,0.2426549755650879
OpenADMET-Caco2_Efflux,VBLL-Full,MHG-GNN-pretrained,threshold,2,0.4479651307523625,-1.1379369608956837,-0.4435284124923033
OpenADMET-Caco2_Efflux,VBLL-Full,PDV,hetero,0,0.3272048962899022,0.994435480593339,0.3387815121192886
OpenADMET-Caco2_Efflux,VBLL-Full,PDV,hetero,1,0.4491901270535708,0.9045708400614666,0.4070684245397676
OpenADMET-Caco2_Efflux,VBLL-Full,PDV,hetero,2,0.561706556389989,0.9414793593602891,0.4967018907409161
OpenADMET-Caco2_Efflux,VBLL-Full,PDV,hetero,3,0.5120584603804347,0.9330462152491301,0.4939971625138146
OpenADMET-Caco2_Efflux,VBLL-Full,PDV,hetero,4,0.4124449581291275,0.979330547990254,0.3737007901799702
OpenADMET-Caco2_Efflux,VBLL-Full,PDV,legacy,0,0.3350472332378588,0.8348265306788819,0.2599348634294575
OpenADMET-Caco2_Efflux,VBLL-Full,PDV,legacy,1,0.4196719224666698,0.8643673985493221,0.3258323587194593
OpenADMET-Caco2_Efflux,VBLL-Full,PDV,legacy,2,0.5629855571902693,0.8068715567903777,0.3300860719009624
OpenADMET-Caco2_Efflux,VBLL-Full,PDV,legacy,3,0.5298369205635248,0.7677168253856905,0.3971614388537619
OpenADMET-Caco2_Efflux,VBLL-Full,PDV,legacy,4,0.4289412306035312,0.8140466523405128,0.2604608533229465
OpenADMET-Caco2_Efflux,VBLL-Full,PDV,outlier,0,0.3295121513709986,0.6778483025428269,0.1993844992266471
OpenADMET-Caco2_Efflux,VBLL-Full,PDV,outlier,1,0.4211039423693961,0.6395822011073754,0.2686313463351407
OpenADMET-Caco2_Efflux,VBLL-Full,PDV,outlier,2,0.5476634186198255,0.7139194974309738,0.1381804876448578
OpenADMET-Caco2_Efflux,VBLL-Full,PDV,outlier,3,0.4460255953799508,0.7818881321998798,0.3476008551554541
OpenADMET-Caco2_Efflux,VBLL-Full,PDV,outlier,4,0.4253119772931671,0.5891630533566422,0.2028553018669995
OpenADMET-Caco2_Efflux,VBLL-Full,PDV,quantile,1,0.423894900818857,0.830697549856093,0.3133751522846217
OpenADMET-Caco2_Efflux,VBLL-Full,PDV,quantile,2,0.5263877444282317,0.7969800089782553,0.2987717225052789
OpenADMET-Caco2_Efflux,VBLL-Full,PDV,quantile,3,0.5236316907996987,0.7560053438842484,0.4038644705017185
OpenADMET-Caco2_Efflux,VBLL-Full,PDV,quantile,4,0.4062795177200379,0.819235169563543,0.2731354126610691
OpenADMET-Caco2_Efflux,VBLL-Full,PDV,threshold,0,0.3323278017890453,0.8035280252290238,0.2963397483870327
OpenADMET-Caco2_Efflux,VBLL-Full,PDV,threshold,1,0.4315548751216677,0.8271501682785359,0.355172947592848
OpenADMET-Caco2_Efflux,VBLL-Full,PDV,threshold,2,0.5392007447180323,0.7924976023118231,0.2298757122933097
OpenADMET-Caco2_Efflux,VBLL-Full,PDV,threshold,3,0.4924925565666335,0.8050044573734854,0.4018667430970389
OpenADMET-Caco2_Efflux,VBLL-Full,PDV,threshold,4,0.4246908660336633,0.7310340886812656,0.2117452040071629
OpenADMET-Caco2_Efflux,VBLL-Full,PDV,valprop,0,0.347330028340282,0.7775492508664139,0.2834429459359538
OpenADMET-Caco2_Efflux,VBLL-Full,PDV,valprop,1,0.4496296481230353,0.7601139575117234,0.3272661750963107
OpenADMET-Caco2_Efflux,VBLL-Full,PDV,valprop,2,0.5485144319562432,0.8631479933060666,0.3643996628962049
OpenADMET-Caco2_Efflux,VBLL-Full,PDV,valprop,3,0.503528115660602,0.7605720577136784,0.4386637805365178
OpenADMET-Caco2_Efflux,VBLL-Full,PDV,valprop,4,0.4362861935653523,0.807013195091047,0.3048722695143908
OpenADMET-Caco2_Efflux,VBLL-Full,SNS,hetero,0,0.3080752129325871,0.9408426035272658,0.3303308099545861
OpenADMET-Caco2_Efflux,VBLL-Full,SNS,hetero,2,0.5271259152868806,0.9755383384048636,0.5325957463980382
OpenADMET-Caco2_Efflux,VBLL-Full,SNS,hetero,3,0.4133676330480235,0.93889038950315,0.3744091673396499
OpenADMET-Caco2_Efflux,VBLL-Full,SNS,hetero,4,0.3774406438778827,0.9186827369963002,0.3197724286478096
OpenADMET-Caco2_Efflux,VBLL-Full,SNS,legacy,0,0.3050018535574504,0.6960730595460263,0.1445010449505238
OpenADMET-Caco2_Efflux,VBLL-Full,SNS,legacy,1,0.3872594294397963,0.6434101316035589,0.2050445675509974
OpenADMET-Caco2_Efflux,VBLL-Full,SNS,legacy,2,0.5474680044594731,0.7140437412397668,0.2566285028627727
OpenADMET-Caco2_Efflux,VBLL-Full,SNS,legacy,3,0.4753015545603681,0.6617227139910155,0.2875558175087661
OpenADMET-Caco2_Efflux,VBLL-Full,SNS,legacy,4,0.3297983856116312,0.7712234147713674,0.2408755042482321
OpenADMET-Caco2_Efflux,VBLL-Full,SNS,outlier,0,0.3494667726956252,0.20548118852750683,0.0476180950358371
OpenADMET-Caco2_Efflux,VBLL-Full,SNS,outlier,1,0.3741293586011988,0.39630208839868386,0.1613397083461806
OpenADMET-Caco2_Efflux,VBLL-Full,SNS,outlier,2,0.5292877525551434,0.5867052400240244,0.2034619254215319
OpenADMET-Caco2_Efflux,VBLL-Full,SNS,outlier,3,0.4538465552191684,0.3608600205941484,0.1856667618339698
OpenADMET-Caco2_Efflux,VBLL-Full,SNS,outlier,4,0.3104470494298664,0.5123211412600565,0.0488605127636754
OpenADMET-Caco2_Efflux,VBLL-Full,SNS,quantile,0,0.3296421069454873,0.4930448922797953,0.1493485297794426
OpenADMET-Caco2_Efflux,VBLL-Full,SNS,quantile,1,0.3510259107775002,0.5905316002978284,0.1303863882265964
OpenADMET-Caco2_Efflux,VBLL-Full,SNS,quantile,2,0.5053517529828626,0.6636429113289425,0.2584601807608085
OpenADMET-Caco2_Efflux,VBLL-Full,SNS,quantile,3,0.4446013285421702,0.4548689386868478,0.1668166885008025
OpenADMET-Caco2_Efflux,VBLL-Full,SNS,quantile,4,0.3711881886729044,0.5799321364291279,0.1248150975490882
OpenADMET-Caco2_Efflux,VBLL-Full,SNS,threshold,0,0.3606768350914205,0.45462418800264304,0.1361448887489419
OpenADMET-Caco2_Efflux,VBLL-Full,SNS,threshold,1,0.3611874156161229,0.6129910371171565,0.1209838462091396
OpenADMET-Caco2_Efflux,VBLL-Full,SNS,threshold,2,0.5941794480252749,0.6559126525163343,0.2834443033598024
OpenADMET-Caco2_Efflux,VBLL-Full,SNS,threshold,3,0.3759005499278013,0.648444326900942,0.2049697507686873
OpenADMET-Caco2_Efflux,VBLL-Full,SNS,threshold,4,0.3034872304100441,0.7675023437710315,0.1713952238054513
OpenADMET-Caco2_Efflux,VBLL-Full,SNS,valprop,0,0.347891931179933,0.5583935989569095,0.1512574098630281
OpenADMET-Caco2_Efflux,VBLL-Full,SNS,valprop,1,0.3611070418531951,0.6484466156148025,0.2011663062690697
OpenADMET-Caco2_Efflux,VBLL-Full,SNS,valprop,2,0.5114790648592251,0.7103238226413329,0.2659572850180698
OpenADMET-Caco2_Efflux,VBLL-Full,SNS,valprop,3,0.3882666764017406,0.7679114106853882,0.2745083229679974
OpenADMET-Caco2_Efflux,VBLL-Full,SNS,valprop,4,0.316696170357007,0.8393583563285766,0.223330218695452
OpenADMET-Caco2_Efflux,XGBoost,ECFP4,hetero,0,0.5782477268930284,0.8697819483164501,0.4528157289976076
OpenADMET-Caco2_Efflux,XGBoost,ECFP4,hetero,1,0.3364894463623633,0.9907335559811158,0.3122674732820204
OpenADMET-Caco2_Efflux,XGBoost,ECFP4,hetero,2,0.5257118436806258,0.9426673997395969,0.5579427534029024
OpenADMET-Caco2_Efflux,XGBoost,ECFP4,hetero,3,0.3164797092505068,0.6948488273966028,0.2421929697858496
OpenADMET-Caco2_Efflux,XGBoost,ECFP4,hetero,4,0.4403322834471078,0.848520045196736,0.3402637806143875
OpenADMET-Caco2_Efflux,XGBoost,ECFP4,legacy,0,0.5782477268930284,0.14949522939596896,-0.0010208720730653
OpenADMET-Caco2_Efflux,XGBoost,ECFP4,legacy,1,0.3364894463623633,-0.12356870906065723,-0.1367483461000795
OpenADMET-Caco2_Efflux,XGBoost,ECFP4,legacy,2,0.5257118436806258,0.4075098823838053,0.1282808151659847
OpenADMET-Caco2_Efflux,XGBoost,ECFP4,legacy,3,0.3164797092505068,-1.1379001355659222,-0.5220917877294691
OpenADMET-Caco2_Efflux,XGBoost,ECFP4,legacy,4,0.4403322834471078,-0.03922683040287753,-0.1958872380594605
OpenADMET-Caco2_Efflux,XGBoost,ECFP4,outlier,0,0.5782477268930284,-0.027444871910170088,-0.1618310128944089
OpenADMET-Caco2_Efflux,XGBoost,ECFP4,outlier,1,0.3364894463623633,-0.6916516571393405,-0.171459245800412
OpenADMET-Caco2_Efflux,XGBoost,ECFP4,outlier,2,0.5257118436806258,0.2438596285267789,0.0270614755873885
OpenADMET-Caco2_Efflux,XGBoost,ECFP4,outlier,3,0.3164797092505068,-0.3549269087507905,-0.5570294440181709
OpenADMET-Caco2_Efflux,XGBoost,ECFP4,outlier,4,0.4403322834471078,-0.3529466985168871,0.0565841851384493
OpenADMET-Caco2_Efflux,XGBoost,ECFP4,quantile,0,0.5782477268930284,-0.10660355550914372,-0.1075160243996142
OpenADMET-Caco2_Efflux,XGBoost,ECFP4,quantile,1,0.3364894463623633,-0.59079700123955,-0.1518444176363607
OpenADMET-Caco2_Efflux,XGBoost,ECFP4,quantile,2,0.5257118436806258,0.2989242358636335,-0.088816207634448
OpenADMET-Caco2_Efflux,XGBoost,ECFP4,quantile,3,0.3164797092505068,-0.8635268384047998,-0.6311124801484775
OpenADMET-Caco2_Efflux,XGBoost,ECFP4,quantile,4,0.4403322834471078,-0.43469353890339113,-0.3342157986407943
OpenADMET-Caco2_Efflux,XGBoost,ECFP4,threshold,0,0.5782477268930284,0.4002793562529875,0.2315394319896606
OpenADMET-Caco2_Efflux,XGBoost,ECFP4,threshold,1,0.3364894463623633,0.01508480567744469,0.0479233358281921
OpenADMET-Caco2_Efflux,XGBoost,ECFP4,threshold,2,0.5257118436806258,0.5556283901505561,0.0229660314666387
OpenADMET-Caco2_Efflux,XGBoost,ECFP4,threshold,3,0.3164797092505068,-0.005887450695723828,-0.4531494248066618
OpenADMET-Caco2_Efflux,XGBoost,ECFP4,threshold,4,0.4403322834471078,0.23064319934460847,0.0905364746451518
OpenADMET-Caco2_Efflux,XGBoost,ECFP4,valprop,0,0.5782477268930284,0.028502682426692405,-0.0423110403788886
OpenADMET-Caco2_Efflux,XGBoost,ECFP4,valprop,1,0.3364894463623633,-0.21281685356096708,-0.2666232923077287
OpenADMET-Caco2_Efflux,XGBoost,ECFP4,valprop,2,0.5257118436806258,0.3490812079866275,0.0345513852973818
OpenADMET-Caco2_Efflux,XGBoost,ECFP4,valprop,3,0.3164797092505068,-1.4569300452893335,-0.701064477823242
OpenADMET-Caco2_Efflux,XGBoost,ECFP4,valprop,4,0.4403322834471078,-0.12023377707727846,-0.288308568390057
OpenADMET-Caco2_Efflux,XGBoost,MHG-GNN-pretrained,hetero,2,0.4856004435147117,0.923042872205556,0.3737821889532465
OpenADMET-Caco2_Efflux,XGBoost,MHG-GNN-pretrained,hetero,3,0.4435235159154572,0.9240174049522699,0.4343198468878061
OpenADMET-Caco2_Efflux,XGBoost,MHG-GNN-pretrained,hetero,4,0.4555529827523121,0.8562755382009548,0.3646409215952269
OpenADMET-Caco2_Efflux,XGBoost,MHG-GNN-pretrained,legacy,2,0.4856004435147117,0.057616013694289814,-0.0722352914191237
OpenADMET-Caco2_Efflux,XGBoost,MHG-GNN-pretrained,legacy,3,0.4435235159154572,-0.012819620767972384,-0.0669557204154831
OpenADMET-Caco2_Efflux,XGBoost,MHG-GNN-pretrained,legacy,4,0.4555529827523121,-0.0025988117413697776,0.0021064044125571
OpenADMET-Caco2_Efflux,XGBoost,MHG-GNN-pretrained,outlier,2,0.4856004435147117,0.42220735144275906,0.0819720708596524
OpenADMET-Caco2_Efflux,XGBoost,MHG-GNN-pretrained,outlier,3,0.4435235159154572,0.5291356134526874,0.0004770741909301
OpenADMET-Caco2_Efflux,XGBoost,MHG-GNN-pretrained,outlier,4,0.4555529827523121,0.33345393681410956,0.0321101760981568
OpenADMET-Caco2_Efflux,XGBoost,MHG-GNN-pretrained,quantile,2,0.4856004435147117,0.2333180576244093,0.1980757819679168
OpenADMET-Caco2_Efflux,XGBoost,MHG-GNN-pretrained,quantile,3,0.4435235159154572,0.31473651005327774,-0.0779030608703599
OpenADMET-Caco2_Efflux,XGBoost,MHG-GNN-pretrained,quantile,4,0.4555529827523121,-0.013126571334102749,-0.0277093608255412
OpenADMET-Caco2_Efflux,XGBoost,MHG-GNN-pretrained,threshold,2,0.4856004435147117,0.6750027620453332,0.3166952021821317
OpenADMET-Caco2_Efflux,XGBoost,MHG-GNN-pretrained,threshold,3,0.4435235159154572,0.686812180125442,0.2871694208652645
OpenADMET-Caco2_Efflux,XGBoost,MHG-GNN-pretrained,threshold,4,0.4555529827523121,0.49687116885491406,0.3114376103152856
OpenADMET-Caco2_Efflux,XGBoost,MHG-GNN-pretrained,valprop,2,0.4856004435147117,-0.006326791332487036,-0.1374783975243112
OpenADMET-Caco2_Efflux,XGBoost,MHG-GNN-pretrained,valprop,3,0.4435235159154572,-0.10628566882018366,-0.1479565812033592
OpenADMET-Caco2_Efflux,XGBoost,MHG-GNN-pretrained,valprop,4,0.4555529827523121,-0.15204890732503995,0.0341662727388012
OpenADMET-Caco2_Efflux,XGBoost,PDV,hetero,0,0.3565210425678671,0.9504264186542281,0.2826310339195391
OpenADMET-Caco2_Efflux,XGBoost,PDV,hetero,1,0.3565676624369346,0.9130939760688052,0.3502437415535007
OpenADMET-Caco2_Efflux,XGBoost,PDV,hetero,2,0.5364693993285385,0.9580903881159857,0.3813073820111521
OpenADMET-Caco2_Efflux,XGBoost,PDV,hetero,3,0.3295669610523521,0.8697306800813637,0.3058436431326743
OpenADMET-Caco2_Efflux,XGBoost,PDV,hetero,4,0.4238307396724758,0.8474604298833973,0.4193882356470122
OpenADMET-Caco2_Efflux,XGBoost,PDV,legacy,0,0.3565210425678671,-0.43771534414293317,-0.196163759887757
OpenADMET-Caco2_Efflux,XGBoost,PDV,legacy,1,0.3565676624369346,-0.6115252784823855,-0.4031499830117546
OpenADMET-Caco2_Efflux,XGBoost,PDV,legacy,2,0.5364693993285385,0.2179621277000668,-0.1063783053200926
OpenADMET-Caco2_Efflux,XGBoost,PDV,legacy,3,0.3295669610523521,-1.020045407854386,-0.455444616160197
OpenADMET-Caco2_Efflux,XGBoost,PDV,legacy,4,0.4238307396724758,-0.09839542155552308,-0.002767786556578
OpenADMET-Caco2_Efflux,XGBoost,PDV,outlier,0,0.3565210425678671,-0.003068820094363517,-0.2785484513424665
OpenADMET-Caco2_Efflux,XGBoost,PDV,outlier,1,0.3565676624369346,-0.13221195962304758,0.0399912069648926
OpenADMET-Caco2_Efflux,XGBoost,PDV,outlier,2,0.5364693993285385,0.2556717119127237,-0.1050310477554616
OpenADMET-Caco2_Efflux,XGBoost,PDV,outlier,3,0.3295669610523521,-0.021039785580394155,0.0983571712562757
OpenADMET-Caco2_Efflux,XGBoost,PDV,outlier,4,0.4238307396724758,-0.44572747019825304,0.081643460659377
OpenADMET-Caco2_Efflux,XGBoost,PDV,quantile,0,0.3565210425678671,-0.07565160316376096,-0.084612472503498
OpenADMET-Caco2_Efflux,XGBoost,PDV,quantile,1,0.3565676624369346,-0.39806936028363105,-0.4452411515069092
OpenADMET-Caco2_Efflux,XGBoost,PDV,quantile,2,0.5364693993285385,0.29755117334942216,-0.1013812760358294
OpenADMET-Caco2_Efflux,XGBoost,PDV,quantile,3,0.3295669610523521,-0.4415058780616777,-0.3023318339171932
OpenADMET-Caco2_Efflux,XGBoost,PDV,quantile,4,0.4238307396724758,-0.23040197303687576,-0.1301569993410996
OpenADMET-Caco2_Efflux,XGBoost,PDV,threshold,0,0.3565210425678671,0.49301208554733716,0.0512378176425174
OpenADMET-Caco2_Efflux,XGBoost,PDV,threshold,1,0.3565676624369346,0.2626141826707473,0.1173560035041488
OpenADMET-Caco2_Efflux,XGBoost,PDV,threshold,2,0.5364693993285385,0.6915341961038628,0.2560451889944487
OpenADMET-Caco2_Efflux,XGBoost,PDV,threshold,3,0.3295669610523521,0.3980265605227936,-0.0305664174085649
OpenADMET-Caco2_Efflux,XGBoost,PDV,threshold,4,0.4238307396724758,0.3378333016885887,0.1908569168407285
OpenADMET-Caco2_Efflux,XGBoost,PDV,valprop,0,0.3565210425678671,-0.5237208650300216,-0.3122592981106942
OpenADMET-Caco2_Efflux,XGBoost,PDV,valprop,1,0.3565676624369346,-0.7266567461912901,-0.4644166646015066
OpenADMET-Caco2_Efflux,XGBoost,PDV,valprop,2,0.5364693993285385,0.1363775393329574,-0.1372816501627516
OpenADMET-Caco2_Efflux,XGBoost,PDV,valprop,3,0.3295669610523521,-1.2049635947414732,-0.3540501756405385
OpenADMET-Caco2_Efflux,XGBoost,PDV,valprop,4,0.4238307396724758,-0.24043181289265372,-0.0784142967267114
OpenADMET-Caco2_Efflux,XGBoost,SNS,hetero,0,0.4740215671055433,0.703210660455609,0.2643847789083844
OpenADMET-Caco2_Efflux,XGBoost,SNS,hetero,2,0.5987060745953703,0.8760301625258273,0.5171474859535033
OpenADMET-Caco2_Efflux,XGBoost,SNS,hetero,3,0.5092838460028399,0.8022039230997481,0.3891920158313534
OpenADMET-Caco2_Efflux,XGBoost,SNS,hetero,4,0.5722704193555439,0.8642067010782124,0.487000036484059
OpenADMET-Caco2_Efflux,XGBoost,SNS,legacy,0,0.4740215671055433,-0.4627300523214244,-0.6370381177754476
OpenADMET-Caco2_Efflux,XGBoost,SNS,legacy,2,0.5987060745953703,0.3086436469049876,0.1297034461937294
OpenADMET-Caco2_Efflux,XGBoost,SNS,legacy,3,0.5092838460028399,-0.16363431596329758,-0.3696220724654024
OpenADMET-Caco2_Efflux,XGBoost,SNS,legacy,4,0.5722704193555439,0.11076964530227762,-0.0618782506709043
OpenADMET-Caco2_Efflux,XGBoost,SNS,outlier,0,0.4740215671055433,-0.4784417535007735,-0.6453491673920968
OpenADMET-Caco2_Efflux,XGBoost,SNS,outlier,2,0.5987060745953703,0.3218283602117347,-0.0561999573359912
OpenADMET-Caco2_Efflux,XGBoost,SNS,outlier,3,0.5092838460028399,-0.3725354477324003,-0.8508553434005923
OpenADMET-Caco2_Efflux,XGBoost,SNS,outlier,4,0.5722704193555439,0.09455236133740391,-0.1778796015089339
OpenADMET-Caco2_Efflux,XGBoost,SNS,quantile,0,0.4740215671055433,-0.6954358397895033,-0.8227146357306547
OpenADMET-Caco2_Efflux,XGBoost,SNS,quantile,2,0.5987060745953703,0.10531475651332525,-0.0202610458173362
OpenADMET-Caco2_Efflux,XGBoost,SNS,quantile,3,0.5092838460028399,-0.2940939494045446,-0.606440731540907
OpenADMET-Caco2_Efflux,XGBoost,SNS,quantile,4,0.5722704193555439,-0.02854427583316098,-0.2109258275036365
OpenADMET-Caco2_Efflux,XGBoost,SNS,threshold,0,0.4740215671055433,0.19165036652958742,0.0351533753359366
OpenADMET-Caco2_Efflux,XGBoost,SNS,threshold,2,0.5987060745953703,0.5886433829655973,0.1824366481611453
OpenADMET-Caco2_Efflux,XGBoost,SNS,threshold,3,0.5092838460028399,0.28998520134431605,-0.1799947287236836
OpenADMET-Caco2_Efflux,XGBoost,SNS,threshold,4,0.5722704193555439,0.45156313242485446,0.1734009784892113
OpenADMET-Caco2_Efflux,XGBoost,SNS,valprop,0,0.4740215671055433,-0.6506276263727013,-0.6999324999279359
OpenADMET-Caco2_Efflux,XGBoost,SNS,valprop,2,0.5987060745953703,0.23439581916795646,-0.042561630406873
OpenADMET-Caco2_Efflux,XGBoost,SNS,valprop,3,0.5092838460028399,-0.31546234095721504,-0.5828173584931589
OpenADMET-Caco2_Efflux,XGBoost,SNS,valprop,4,0.5722704193555439,0.013795628882918465,-0.1623911387614072
OpenADMET-LogD,BNN-Full,ECFP4,hetero,0,0.4611875914191655,0.5526467991348344,0.5076984044675603
OpenADMET-LogD,BNN-Full,ECFP4,hetero,2,0.5728219306518612,0.5162989160585114,0.3190619703285764
OpenADMET-LogD,BNN-Full,ECFP4,hetero,3,0.5887798405167952,0.49171768150159856,0.1931625831309859
OpenADMET-LogD,BNN-Full,ECFP4,hetero,4,0.5075590517536162,0.3086138095132213,-0.0018636467037631
OpenADMET-LogD,BNN-Full,ECFP4,legacy,0,0.5750181236568224,0.3343251535486645,0.0211162188774038
OpenADMET-LogD,BNN-Full,ECFP4,legacy,2,0.4365661258815598,0.5172825221537817,0.1534271907283133
OpenADMET-LogD,BNN-Full,ECFP4,legacy,4,0.4967474558672216,0.16664865635970263,-0.0106575857050708
OpenADMET-LogD,BNN-Full,ECFP4,outlier,2,0.4451535451291547,0.6968222132742417,0.1371821386510937
OpenADMET-LogD,BNN-Full,ECFP4,outlier,4,0.6257758028403033,0.3587457102035019,-0.0037579479215335
OpenADMET-LogD,BNN-Full,ECFP4,quantile,0,0.4807078996548498,0.3841690109733842,0.0908481115002109
OpenADMET-LogD,BNN-Full,ECFP4,threshold,2,0.5748767699069959,0.1850334568153863,-0.0349798163838579
OpenADMET-LogD,BNN-Full,ECFP4,threshold,3,0.4053151612390707,0.35340551870874787,0.236586556535035
OpenADMET-LogD,BNN-Full,ECFP4,threshold,4,0.4935654439560094,0.08236042066785844,0.0031734250106237
OpenADMET-LogD,BNN-Full,ECFP4,valprop,3,0.5839354205170064,0.261880570641994,0.0235647746142918
OpenADMET-LogD,BNN-Full,MHG-GNN-pretrained,hetero,0,0.3082515363010449,-4.611508255181741,-0.4241566097349731
OpenADMET-LogD,BNN-Full,MHG-GNN-pretrained,hetero,1,0.4105559965867095,-0.09155201482736625,-2.209705152774904
OpenADMET-LogD,BNN-Full,MHG-GNN-pretrained,hetero,2,0.3821061758681684,-1.2704937983407603,-1.5082400516789054
OpenADMET-LogD,BNN-Full,MHG-GNN-pretrained,legacy,2,0.5163823134100285,-5.509745219873572,0.4852793752693775
OpenADMET-LogD,BNN-Full,MHG-GNN-pretrained,legacy,3,0.3004088949018335,-3.013565642540506,-0.2155731804963165
OpenADMET-LogD,BNN-Full,MHG-GNN-pretrained,outlier,0,0.4244419125642185,-1.5776510185651846,0.2797241891385325
OpenADMET-LogD,BNN-Full,MHG-GNN-pretrained,outlier,1,0.3988823816341243,-0.33476881844411344,0.3003224151650157
OpenADMET-LogD,BNN-Full,MHG-GNN-pretrained,outlier,2,0.4758035537758854,0.17526824488334786,0.3293678467991556
OpenADMET-LogD,BNN-Full,MHG-GNN-pretrained,valprop,2,0.4595845401386558,0.4007921467063144,0.1542339424162507
OpenADMET-LogD,BNN-Full,PDV,hetero,0,0.6276692431138028,0.9593476894043864,0.5762236030562776
OpenADMET-LogD,BNN-Full,PDV,hetero,1,0.55980980725112,1.0628148726621043,0.5970038035710777
OpenADMET-LogD,BNN-Full,PDV,hetero,2,0.6122253618982141,0.9737738624984386,0.6391495481130114
OpenADMET-LogD,BNN-Full,PDV,hetero,3,0.5860383781039382,0.9844079406478417,0.5692635983472899
OpenADMET-LogD,BNN-Full,PDV,hetero,4,0.6982644398600142,0.911270032015522,0.6704745324396895
OpenADMET-LogD,BNN-Full,PDV,legacy,0,0.5522506487759875,0.9829460261148051,0.4701465711892245
OpenADMET-LogD,BNN-Full,PDV,legacy,1,0.6161702657864143,0.9628704461631858,0.6032160262393957
OpenADMET-LogD,BNN-Full,PDV,legacy,2,0.5678164522649729,1.0647848178414823,0.6061243884056305
OpenADMET-LogD,BNN-Full,PDV,legacy,3,0.6162655060769204,0.9128790668482619,0.6325233160751118
OpenADMET-LogD,BNN-Full,PDV,legacy,4,0.6331625074369316,0.9600174449235042,0.664910855852952
OpenADMET-LogD,BNN-Full,PDV,outlier,0,0.6005064431998539,0.9426361977771254,0.6055207398311226
OpenADMET-LogD,BNN-Full,PDV,outlier,1,0.693799144918089,0.8615708295290211,0.6352360993599986
OpenADMET-LogD,BNN-Full,PDV,outlier,2,0.6703475037354223,0.9086522200110062,0.560928885966701
OpenADMET-LogD,BNN-Full,PDV,outlier,3,0.5510388738213279,1.0350868282537284,0.4480940578499426
OpenADMET-LogD,BNN-Full,PDV,outlier,4,0.6300135734090637,0.968723530252467,0.6217238973339134
OpenADMET-LogD,BNN-Full,PDV,quantile,0,0.6137599498066169,0.9236302706690378,0.5819559573100992
OpenADMET-LogD,BNN-Full,PDV,quantile,1,0.5832480723105637,1.019468055967437,0.6155401603773544
OpenADMET-LogD,BNN-Full,PDV,quantile,2,0.5429411229806314,1.0596276742603545,0.5821079815504961
OpenADMET-LogD,BNN-Full,PDV,quantile,3,0.6086589247898263,0.9551095971100239,0.6038263889398486
OpenADMET-LogD,BNN-Full,PDV,quantile,4,0.5783777494408135,1.0463746254583468,0.5735866335034006
OpenADMET-LogD,BNN-Full,PDV,threshold,0,0.5723617662312215,0.9583450306716323,0.5350428675229457
OpenADMET-LogD,BNN-Full,PDV,threshold,1,0.578054365146424,0.9584035090621263,0.568633151122059
OpenADMET-LogD,BNN-Full,PDV,threshold,2,0.6597152130755881,0.8117490077023788,0.4544181937707916
OpenADMET-LogD,BNN-Full,PDV,threshold,3,0.5991031150996786,0.8941354531909746,0.555742307223769
OpenADMET-LogD,BNN-Full,PDV,threshold,4,0.6639263141472149,0.8534276777268397,0.579001619984974
OpenADMET-LogD,BNN-Full,PDV,valprop,0,0.5977700601941862,0.8933007819078019,0.4645066334035966
OpenADMET-LogD,BNN-Full,PDV,valprop,1,0.5785533772482303,0.9889455695925304,0.5388915820389653
OpenADMET-LogD,BNN-Full,PDV,valprop,2,0.6570615274210008,0.8796551519358173,0.5729950196863243
OpenADMET-LogD,BNN-Full,PDV,valprop,3,0.5369826279425336,0.9778349014048424,0.4763295357835048
OpenADMET-LogD,BNN-Full,PDV,valprop,4,0.652000245371821,0.8804393067468371,0.5342266940782343
OpenADMET-LogD,BNN-Full,SNS,hetero,0,0.3602462271274287,1.408896905468255,0.5383246749776471
OpenADMET-LogD,BNN-Full,SNS,hetero,1,0.4722614831124567,0.8302384279790501,0.4663799501345086
OpenADMET-LogD,BNN-Full,SNS,hetero,2,0.358384972958646,1.3666825313163655,0.6022785953329175
OpenADMET-LogD,BNN-Full,SNS,hetero,3,0.5075675090227233,0.9724466963208808,0.5783532909134592
OpenADMET-LogD,BNN-Full,SNS,hetero,4,0.5251142517280951,1.0234092180961039,0.5687758621192783
OpenADMET-LogD,BNN-Full,SNS,legacy,0,0.4825213418400709,0.8528707045840271,0.1246231624265696
OpenADMET-LogD,BNN-Full,SNS,legacy,1,0.5219794676561578,0.8173428980024707,0.064351749086742
OpenADMET-LogD,BNN-Full,SNS,legacy,2,0.5192525869882295,0.8805481674582488,0.4584895631715322
OpenADMET-LogD,BNN-Full,SNS,legacy,3,0.3909553532632549,1.2529754741431391,0.4101363792005639
OpenADMET-LogD,BNN-Full,SNS,legacy,4,0.6665699200037799,0.6407892568028973,0.6317605809639538
OpenADMET-LogD,BNN-Full,SNS,outlier,0,0.5946804458528071,0.6855883397764437,0.5120488764777978
OpenADMET-LogD,BNN-Full,SNS,outlier,1,0.6273210378616322,0.7030413966215183,0.4655417571000677
OpenADMET-LogD,BNN-Full,SNS,outlier,2,0.5033936775195228,0.7432527985302723,0.4259491288507505
OpenADMET-LogD,BNN-Full,SNS,outlier,3,0.4704660907349056,1.0605412459408257,0.4651474478654642
OpenADMET-LogD,BNN-Full,SNS,outlier,4,0.4600341049529948,0.9503448015229026,0.502076726092765
OpenADMET-LogD,BNN-Full,SNS,quantile,0,0.5684757905633471,0.6921661691196803,0.2809173566780975
OpenADMET-LogD,BNN-Full,SNS,quantile,1,0.4525628752499975,0.9406233775913774,0.3964008662821456
OpenADMET-LogD,BNN-Full,SNS,quantile,2,0.4962214357564334,0.7380767716980604,0.4277458442976757
OpenADMET-LogD,BNN-Full,SNS,quantile,3,0.5035993453866079,0.7562461454949331,0.2866376704666159
OpenADMET-LogD,BNN-Full,SNS,quantile,4,0.688285182935885,0.6211706234495343,0.4453421027216229
OpenADMET-LogD,BNN-Full,SNS,threshold,0,0.6144250778350308,0.46896190635695517,0.4240759592783584
OpenADMET-LogD,BNN-Full,SNS,threshold,1,0.6274786524632205,0.40043619771599354,0.1301904496367326
OpenADMET-LogD,BNN-Full,SNS,threshold,2,0.5224072958782231,0.4704309667125206,0.4177725906017954
OpenADMET-LogD,BNN-Full,SNS,threshold,3,0.434040318584679,0.6061119097678653,0.2104005595371741
OpenADMET-LogD,BNN-Full,SNS,threshold,4,0.4728701625111338,0.7938313173039365,0.3586557567829501
OpenADMET-LogD,BNN-Full,SNS,valprop,0,0.3397700708051797,1.0600895070630505,0.3748950818237078
OpenADMET-LogD,BNN-Full,SNS,valprop,1,0.4526787864463477,0.8765339809209509,0.3838947943288412
OpenADMET-LogD,BNN-Full,SNS,valprop,2,0.4117723768054082,0.828637226908142,0.3294015649320031
OpenADMET-LogD,BNN-Full,SNS,valprop,3,0.5296061928995578,0.7829839792346992,0.5275913640662047
OpenADMET-LogD,BNN-Full,SNS,valprop,4,0.5439365460097209,0.8469324743282443,0.5255397859895656
OpenADMET-LogD,DNN,ECFP4,hetero,0,0.7149142536652208,0.9646879426183161,0.7019183022457545
OpenADMET-LogD,DNN,ECFP4,hetero,1,0.6510248990183851,0.9937334730079227,0.6379843564334997
OpenADMET-LogD,DNN,ECFP4,hetero,2,0.715822717877518,0.944150989406435,0.6698785643428412
OpenADMET-LogD,DNN,ECFP4,hetero,3,0.7564783847785702,0.9528584886306148,0.7137312965021431
OpenADMET-LogD,DNN,ECFP4,hetero,4,0.6924718704948232,0.9771220864359469,0.6867153235001022
OpenADMET-LogD,DNN,ECFP4,legacy,0,0.7023501188881938,0.8946856750134775,0.6058869385877597
OpenADMET-LogD,DNN,ECFP4,legacy,1,0.6667012025120789,0.9088252983663676,0.6178208821508319
OpenADMET-LogD,DNN,ECFP4,legacy,2,0.7101099502638262,0.883578517947682,0.6396614672941056
OpenADMET-LogD,DNN,ECFP4,legacy,3,0.7293531555781412,0.928892777811952,0.6660743111079577
OpenADMET-LogD,DNN,ECFP4,legacy,4,0.7037910446231808,0.9134376008862748,0.6343619950041213
OpenADMET-LogD,DNN,ECFP4,outlier,0,0.7119495903078858,0.937109315819664,0.6401017399009739
OpenADMET-LogD,DNN,ECFP4,outlier,1,0.6671369395300752,0.9609017193668253,0.6374814107424254
OpenADMET-LogD,DNN,ECFP4,outlier,2,0.725631285865487,0.8993918812974044,0.5864710914774884
OpenADMET-LogD,DNN,ECFP4,outlier,3,0.7386439789553194,0.9472306224943673,0.7129126503359497
OpenADMET-LogD,DNN,ECFP4,outlier,4,0.6782506955616415,0.9835263507295235,0.6564525050726395
OpenADMET-LogD,DNN,ECFP4,quantile,0,0.7144473669017019,0.8992916260711914,0.6270902001248144
OpenADMET-LogD,DNN,ECFP4,quantile,1,0.6596410661559986,0.933815653659547,0.5845824280340247
OpenADMET-LogD,DNN,ECFP4,quantile,2,0.6748547460980363,0.9450532367524767,0.6022292368037074
OpenADMET-LogD,DNN,ECFP4,quantile,3,0.7364767882598895,0.9260552071925997,0.6798786763890009
OpenADMET-LogD,DNN,ECFP4,quantile,4,0.6701492122010106,0.9627313608784627,0.6245911314771903
OpenADMET-LogD,DNN,ECFP4,threshold,0,0.7215286555773277,0.7757677638756444,0.469084607457094
OpenADMET-LogD,DNN,ECFP4,threshold,1,0.6662658247856053,0.8355344640254534,0.5197158444735928
OpenADMET-LogD,DNN,ECFP4,threshold,2,0.6868130159794661,0.8191383769294299,0.5303063687510572
OpenADMET-LogD,DNN,ECFP4,threshold,3,0.7447797049940134,0.8231855521752045,0.5866741837489549
OpenADMET-LogD,DNN,ECFP4,threshold,4,0.6801869027686334,0.858574494528701,0.5429758032815186
OpenADMET-LogD,DNN,ECFP4,valprop,0,0.7211380504006526,0.8213944905494651,0.5297860932774714
OpenADMET-LogD,DNN,ECFP4,valprop,1,0.6659780302580801,0.8658680990028451,0.5701758012975033
OpenADMET-LogD,DNN,ECFP4,valprop,2,0.7094484527354679,0.8198718749394306,0.566022447829059
OpenADMET-LogD,DNN,ECFP4,valprop,3,0.72501446587074,0.8547329461487247,0.5941447233203737
OpenADMET-LogD,DNN,ECFP4,valprop,4,0.706649625168056,0.8594808276242206,0.5773631166369105
OpenADMET-LogD,DNN,MHG-GNN-pretrained,hetero,0,0.540808555601871,-0.21514882966161405,-1.3060455018519246
OpenADMET-LogD,DNN,MHG-GNN-pretrained,hetero,1,0.6815717560320906,0.5185202844460597,-0.0412912575946675
OpenADMET-LogD,DNN,MHG-GNN-pretrained,hetero,2,0.6232079859055007,0.9432782603848372,0.3986560946820061
OpenADMET-LogD,DNN,MHG-GNN-pretrained,hetero,3,0.4302922319080149,-2.0769442395977293,-0.9455865782441126
OpenADMET-LogD,DNN,MHG-GNN-pretrained,legacy,2,0.5812270853206142,-3.911250388540962,0.5754616441720417
OpenADMET-LogD,DNN,MHG-GNN-pretrained,outlier,0,0.4993631169368135,0.3782612212820492,0.6560711635800212
OpenADMET-LogD,DNN,MHG-GNN-pretrained,outlier,3,0.5931589649064171,0.2675796108864158,0.6737674378052496
OpenADMET-LogD,DNN,MHG-GNN-pretrained,quantile,0,0.708194529690353,-1.6628270458457246,0.5435932831306454
OpenADMET-LogD,DNN,MHG-GNN-pretrained,quantile,1,0.4337366437370756,0.9421113711761415,0.2878683637859023
OpenADMET-LogD,DNN,MHG-GNN-pretrained,quantile,2,0.6099240450334829,0.9482834550695347,0.6440549056421672
OpenADMET-LogD,DNN,MHG-GNN-pretrained,quantile,4,0.8000213790698107,0.3953633560961632,0.663239730753621
OpenADMET-LogD,DNN,MHG-GNN-pretrained,threshold,0,0.5040676009038247,-10.41351854127751,-5.476672791565542
OpenADMET-LogD,DNN,MHG-GNN-pretrained,threshold,2,0.5350055476294691,-4.463731148841305,-8.708978202571318
OpenADMET-LogD,DNN,MHG-GNN-pretrained,threshold,3,0.5159195731928818,-3.735617906561896,-8.480928608409206
OpenADMET-LogD,DNN,MHG-GNN-pretrained,threshold,4,0.6808088354948251,-2.698465850381238,0.356154248834083
OpenADMET-LogD,DNN,MHG-GNN-pretrained,valprop,1,0.5402232354375053,-2.42187858668225,-0.5802191877511724
OpenADMET-LogD,DNN,MHG-GNN-pretrained,valprop,2,0.7462337108633568,-4.110173575367522,0.4317595100728485
OpenADMET-LogD,DNN,MHG-GNN-pretrained,valprop,4,0.4822852709041512,0.8153593220716423,0.3847105922612431
OpenADMET-LogD,DNN,PDV,hetero,0,0.7705368489616773,0.9835342115987216,0.7503584023215559
OpenADMET-LogD,DNN,PDV,hetero,1,0.8192991819595837,0.9749579996001289,0.8070961032968198
OpenADMET-LogD,DNN,PDV,hetero,2,0.7934157934044367,0.9706885129896032,0.7761666489777979
OpenADMET-LogD,DNN,PDV,hetero,3,0.8270455747133209,0.9718073926723723,0.8071132601210549
OpenADMET-LogD,DNN,PDV,hetero,4,0.7979553264433477,0.9936796470678675,0.7976397239861437
OpenADMET-LogD,DNN,PDV,legacy,0,0.7756474476849546,0.93818221237892,0.7396877984629191
OpenADMET-LogD,DNN,PDV,legacy,1,0.8080841695923128,0.9485144007418278,0.7655275116764908
OpenADMET-LogD,DNN,PDV,legacy,2,0.7796651206017141,0.9508202447898209,0.7465980277808622
OpenADMET-LogD,DNN,PDV,legacy,3,0.8306906450730944,0.9245092856722711,0.7562432129741016
OpenADMET-LogD,DNN,PDV,legacy,4,0.8226708754716818,0.9370238887235458,0.7485827505443359
OpenADMET-LogD,DNN,PDV,outlier,0,0.7654372028096538,0.9604464975290403,0.733598689970325
OpenADMET-LogD,DNN,PDV,outlier,1,0.8291161634564328,0.9584029232716257,0.812515048207749
OpenADMET-LogD,DNN,PDV,outlier,2,0.7694278582825654,0.9654732928116563,0.7498869702678628
OpenADMET-LogD,DNN,PDV,outlier,3,0.8028582664389038,0.9843685407433808,0.792820972740931
OpenADMET-LogD,DNN,PDV,outlier,4,0.7820716576666343,0.9972873396842111,0.7586005476091096
OpenADMET-LogD,DNN,PDV,quantile,0,0.779557749720162,0.9404762132297848,0.7449802996446743
OpenADMET-LogD,DNN,PDV,quantile,1,0.810112579103661,0.9554401178545913,0.7830332196495029
OpenADMET-LogD,DNN,PDV,quantile,2,0.7716414567975862,0.9642853627703378,0.7480327270870906
OpenADMET-LogD,DNN,PDV,quantile,3,0.8252007289780678,0.9368751098002015,0.7845681622063101
OpenADMET-LogD,DNN,PDV,quantile,4,0.8205065124778806,0.9340755102270467,0.7452057887062042
OpenADMET-LogD,DNN,PDV,threshold,0,0.7550159272686338,0.9117275260408578,0.6832981375497671
OpenADMET-LogD,DNN,PDV,threshold,1,0.779315471544036,0.9388845571591253,0.7101422028911755
OpenADMET-LogD,DNN,PDV,threshold,2,0.7910462524175467,0.8789880381239134,0.6807354897985801
OpenADMET-LogD,DNN,PDV,threshold,3,0.8424073850788698,0.8606854207289402,0.7129430297242497
OpenADMET-LogD,DNN,PDV,threshold,4,0.7714918921225469,0.92269451016109,0.7059180030700511
OpenADMET-LogD,DNN,PDV,valprop,0,0.7741936934574499,0.9272593663611223,0.6959091429268384
OpenADMET-LogD,DNN,PDV,valprop,1,0.8196357120270209,0.9145843999972918,0.7529747299586876
OpenADMET-LogD,DNN,PDV,valprop,2,0.7924832149904767,0.9133001478342166,0.7198764848032657
OpenADMET-LogD,DNN,PDV,valprop,3,0.7982418905349208,0.9252981203838089,0.7262851631511402
OpenADMET-LogD,DNN,PDV,valprop,4,0.8028978108231786,0.9180073636579696,0.7177777523680926
OpenADMET-LogD,DNN,SNS,hetero,0,0.7751096629475026,0.9607098683806697,0.7526084561227433
OpenADMET-LogD,DNN,SNS,hetero,1,0.7370205885897466,0.9753513658818564,0.718846659741434
OpenADMET-LogD,DNN,SNS,hetero,2,0.7476308425765983,0.9744550843256473,0.7227767691905482
OpenADMET-LogD,DNN,SNS,hetero,3,0.8119938988263847,0.9738604886217274,0.8017335230061431
OpenADMET-LogD,DNN,SNS,hetero,4,0.8068943676233766,0.9619047862050324,0.7636864870001662
OpenADMET-LogD,DNN,SNS,legacy,0,0.7569742905541288,0.9309124895225653,0.6975690021771838
OpenADMET-LogD,DNN,SNS,legacy,1,0.7544099580747712,0.883369537908847,0.6969967665599979
OpenADMET-LogD,DNN,SNS,legacy,2,0.7408000609415762,0.9151039604260606,0.6448001753434953
OpenADMET-LogD,DNN,SNS,legacy,3,0.8033702365543478,0.924622220419131,0.7478758078519676
OpenADMET-LogD,DNN,SNS,legacy,4,0.8015650713026223,0.907298570277854,0.7042841520661977
OpenADMET-LogD,DNN,SNS,outlier,0,0.7555179699106259,0.9622507573507106,0.7279359498198369
OpenADMET-LogD,DNN,SNS,outlier,1,0.7525917244136084,0.9167230733242293,0.663457128294746
OpenADMET-LogD,DNN,SNS,outlier,2,0.7528877907196816,0.9464296215317837,0.7196431227274028
OpenADMET-LogD,DNN,SNS,outlier,3,0.8294878784718929,0.9214271678627292,0.7651274632524636
OpenADMET-LogD,DNN,SNS,outlier,4,0.804164776935413,0.9473711860996277,0.7618594750706018
OpenADMET-LogD,DNN,SNS,quantile,0,0.7536202057390393,0.9317163999520328,0.6776182505852528
OpenADMET-LogD,DNN,SNS,quantile,1,0.7361811420327895,0.9067185188766057,0.6473015927284783
OpenADMET-LogD,DNN,SNS,quantile,2,0.7526464858224033,0.9185307624838382,0.653373466731898
OpenADMET-LogD,DNN,SNS,quantile,3,0.8237714896002539,0.9054140675464845,0.7697326004037757
OpenADMET-LogD,DNN,SNS,quantile,4,0.7944687052453716,0.9230589062670929,0.7377167354842007
OpenADMET-LogD,DNN,SNS,threshold,0,0.7657187406306805,0.8331090952858662,0.5979934689070479
OpenADMET-LogD,DNN,SNS,threshold,1,0.7327561679409416,0.8389268782845007,0.6108756132761867
OpenADMET-LogD,DNN,SNS,threshold,2,0.7409614017233916,0.8462906557897529,0.5752579643918732
OpenADMET-LogD,DNN,SNS,threshold,3,0.8222270786208188,0.7930586947864086,0.5510083249276188
OpenADMET-LogD,DNN,SNS,threshold,4,0.8102950857126922,0.7960647183961946,0.5688889893258888
OpenADMET-LogD,DNN,SNS,valprop,0,0.770351744960944,0.8797518532667943,0.682374479164266
OpenADMET-LogD,DNN,SNS,valprop,1,0.7298100538490666,0.8788125354244805,0.6249575531531129
OpenADMET-LogD,DNN,SNS,valprop,2,0.7359562127653969,0.8804484510681311,0.5886865966884012
OpenADMET-LogD,DNN,SNS,valprop,3,0.829615594941921,0.8575934594374403,0.6687329927341075
OpenADMET-LogD,DNN,SNS,valprop,4,0.8044264354740214,0.8448173653662389,0.6865375110966855
OpenADMET-LogD,GP,PDV,hetero,0,0.7515933122528485,0.9871451510513656,0.7369416779016407
OpenADMET-LogD,GP,PDV,hetero,1,0.8133465845894534,0.9846627872634501,0.8079789974968632
OpenADMET-LogD,GP,PDV,hetero,2,0.768676814970192,0.9820902975743487,0.7529979292680837
OpenADMET-LogD,GP,PDV,hetero,3,0.7985700315461287,0.9827448753965038,0.7860640615521515
OpenADMET-LogD,GP,PDV,hetero,4,0.7892522480174595,0.9857859368537862,0.7771862665340902
OpenADMET-LogD,GP,PDV,legacy,0,0.7515933122528485,0.9597356387150331,0.7178297506387573
OpenADMET-LogD,GP,PDV,legacy,1,0.8133465845894534,0.9564638803061235,0.7857861155415758
OpenADMET-LogD,GP,PDV,legacy,2,0.768676814970192,0.9521765552084601,0.7203082527282109
OpenADMET-LogD,GP,PDV,legacy,3,0.7985700315461287,0.9469008895457277,0.7592122165002326
OpenADMET-LogD,GP,PDV,legacy,4,0.7892522480174595,0.9568526585652695,0.7464106508454441
OpenADMET-LogD,GP,PDV,outlier,0,0.7515933122528485,0.9788869814620631,0.7327323198823447
OpenADMET-LogD,GP,PDV,outlier,1,0.8133465845894534,0.968981661316207,0.7940314414355323
OpenADMET-LogD,GP,PDV,outlier,2,0.768676814970192,0.9580076946459926,0.7335053738807499
OpenADMET-LogD,GP,PDV,outlier,3,0.7985700315461287,0.9685263548989322,0.7745969617924067
OpenADMET-LogD,GP,PDV,outlier,4,0.7892522480174595,0.9755414318905998,0.7589962661334642
OpenADMET-LogD,GP,PDV,quantile,0,0.7515933122528485,0.9628472014077314,0.7227084340693106
OpenADMET-LogD,GP,PDV,quantile,1,0.8133465845894534,0.9506920792320048,0.7845309778436717
OpenADMET-LogD,GP,PDV,quantile,2,0.768676814970192,0.9553983197764618,0.7298516548456135
OpenADMET-LogD,GP,PDV,quantile,3,0.7985700315461287,0.951140386317303,0.7615325361645112
OpenADMET-LogD,GP,PDV,quantile,4,0.7892522480174595,0.9595214893554986,0.7484076811321148
OpenADMET-LogD,GP,PDV,threshold,0,0.7515933122528485,0.9153387747370223,0.6848372523349141
OpenADMET-LogD,GP,PDV,threshold,1,0.8133465845894534,0.9141949954756503,0.7484089419731035
OpenADMET-LogD,GP,PDV,threshold,2,0.768676814970192,0.9101348819719118,0.6748439914366597
OpenADMET-LogD,GP,PDV,threshold,3,0.7985700315461287,0.8889812263302139,0.7075544459679941
OpenADMET-LogD,GP,PDV,threshold,4,0.7892522480174595,0.914549707286167,0.7080423266103479
OpenADMET-LogD,GP,PDV,valprop,0,0.7515933122528485,0.9355357760997058,0.7045983217460452
OpenADMET-LogD,GP,PDV,valprop,1,0.8133465845894534,0.9345506002420174,0.7698152922373692
OpenADMET-LogD,GP,PDV,valprop,2,0.768676814970192,0.9294727833293618,0.6976594567113396
OpenADMET-LogD,GP,PDV,valprop,3,0.7985700315461287,0.9178271791474276,0.7388534612770227
OpenADMET-LogD,GP,PDV,valprop,4,0.7892522480174595,0.9349487733625914,0.72671071718756
OpenADMET-LogD,LightGBM,ECFP4,hetero,0,0.7381907325134421,0.9896267097491452,0.7376119466744018
OpenADMET-LogD,LightGBM,ECFP4,hetero,1,0.6947379280952081,0.988707001248478,0.6914700347478674
OpenADMET-LogD,LightGBM,ECFP4,hetero,2,0.7191240520599975,0.9854233218410067,0.7064074686972426
OpenADMET-LogD,LightGBM,ECFP4,hetero,3,0.7044073835575457,0.9910918280792951,0.6971131974709428
OpenADMET-LogD,LightGBM,ECFP4,hetero,4,0.7476278538527831,0.991937640532118,0.7479306249824309
OpenADMET-LogD,LightGBM,ECFP4,legacy,0,0.7381907325134421,0.9660785933400807,0.7196709643864825
OpenADMET-LogD,LightGBM,ECFP4,legacy,1,0.6947379280952081,0.9545596428290697,0.6901087426709438
OpenADMET-LogD,LightGBM,ECFP4,legacy,2,0.7191240520599975,0.9525643917895301,0.6838267331036918
OpenADMET-LogD,LightGBM,ECFP4,legacy,3,0.7044073835575457,0.95974000328085,0.6858731570458225
OpenADMET-LogD,LightGBM,ECFP4,legacy,4,0.7476278538527831,0.9639178750152009,0.7248565513792085
OpenADMET-LogD,LightGBM,ECFP4,outlier,0,0.7381907325134421,0.9760919988309698,0.7100364950332867
OpenADMET-LogD,LightGBM,ECFP4,outlier,1,0.6947379280952081,0.975071854288995,0.672966524429429
OpenADMET-LogD,LightGBM,ECFP4,outlier,2,0.7191240520599975,0.9775809820553067,0.70528466384869
OpenADMET-LogD,LightGBM,ECFP4,outlier,3,0.7044073835575457,0.9865717147817347,0.6970359706340306
OpenADMET-LogD,LightGBM,ECFP4,outlier,4,0.7476278538527831,0.981714127968057,0.74116911466104
OpenADMET-LogD,LightGBM,ECFP4,quantile,0,0.7381907325134421,0.9648024246617307,0.7236505329146901
OpenADMET-LogD,LightGBM,ECFP4,quantile,1,0.6947379280952081,0.9602237255859122,0.6455678398248852
OpenADMET-LogD,LightGBM,ECFP4,quantile,2,0.7191240520599975,0.9511292755653825,0.6770636295085297
OpenADMET-LogD,LightGBM,ECFP4,quantile,3,0.7044073835575457,0.9671739860875438,0.6868407761656712
OpenADMET-LogD,LightGBM,ECFP4,quantile,4,0.7476278538527831,0.972164757144939,0.7203859450431069
OpenADMET-LogD,LightGBM,ECFP4,threshold,0,0.7381907325134421,0.890939167524646,0.6767363301668178
OpenADMET-LogD,LightGBM,ECFP4,threshold,1,0.6947379280952081,0.8582872603301543,0.6291793582699541
OpenADMET-LogD,LightGBM,ECFP4,threshold,2,0.7191240520599975,0.8576614562034288,0.5968631938075344
OpenADMET-LogD,LightGBM,ECFP4,threshold,3,0.7044073835575457,0.8548635981218131,0.600104246016526
OpenADMET-LogD,LightGBM,ECFP4,threshold,4,0.7476278538527831,0.8743066367707366,0.6540456171923805
OpenADMET-LogD,LightGBM,ECFP4,valprop,0,0.7381907325134421,0.9398708367793637,0.7067103055832764
OpenADMET-LogD,LightGBM,ECFP4,valprop,1,0.6947379280952081,0.9215825020466781,0.6584901865550221
OpenADMET-LogD,LightGBM,ECFP4,valprop,2,0.7191240520599975,0.91646067729786,0.6430058064411639
OpenADMET-LogD,LightGBM,ECFP4,valprop,3,0.7044073835575457,0.9240889992249488,0.6515706832666222
OpenADMET-LogD,LightGBM,ECFP4,valprop,4,0.7476278538527831,0.9368222760162351,0.7067243543178933
OpenADMET-LogD,LightGBM,MHG-GNN-pretrained,hetero,0,0.8144609247528224,0.9946842706022104,0.8166540767146687
OpenADMET-LogD,LightGBM,MHG-GNN-pretrained,hetero,1,0.7305587259716376,0.9795903346619516,0.7233108924378314
OpenADMET-LogD,LightGBM,MHG-GNN-pretrained,hetero,2,0.7561725463375858,1.0002181992428325,0.7644733619518687
OpenADMET-LogD,LightGBM,MHG-GNN-pretrained,hetero,3,0.7755382260750292,0.9915592435982796,0.7610215577672481
OpenADMET-LogD,LightGBM,MHG-GNN-pretrained,hetero,4,0.77467083239669,0.9877624615695885,0.7688840789542045
OpenADMET-LogD,LightGBM,MHG-GNN-pretrained,legacy,0,0.8144609247528224,0.9589285132371979,0.7775343494732907
OpenADMET-LogD,LightGBM,MHG-GNN-pretrained,legacy,1,0.7305587259716376,0.9284052893272094,0.668528168161858
OpenADMET-LogD,LightGBM,MHG-GNN-pretrained,legacy,2,0.7561725463375858,0.9580735402935152,0.7291143015507932
OpenADMET-LogD,LightGBM,MHG-GNN-pretrained,legacy,3,0.7755382260750292,0.9554199665999418,0.7285215592290418
OpenADMET-LogD,LightGBM,MHG-GNN-pretrained,legacy,4,0.77467083239669,0.9426443663432962,0.7280439654395447
OpenADMET-LogD,LightGBM,MHG-GNN-pretrained,outlier,0,0.8144609247528224,0.9760855887477168,0.7946288971879817
OpenADMET-LogD,LightGBM,MHG-GNN-pretrained,outlier,1,0.7305587259716376,0.9668730586935045,0.6902421754789635
OpenADMET-LogD,LightGBM,MHG-GNN-pretrained,outlier,2,0.7561725463375858,0.9694073982369975,0.7382979027139616
OpenADMET-LogD,LightGBM,MHG-GNN-pretrained,outlier,3,0.7755382260750292,0.9659934055209418,0.7632470716671906
OpenADMET-LogD,LightGBM,MHG-GNN-pretrained,outlier,4,0.77467083239669,0.9633358794783008,0.739636401822314
OpenADMET-LogD,LightGBM,MHG-GNN-pretrained,quantile,0,0.8144609247528224,0.9536950372862321,0.7830334230166827
OpenADMET-LogD,LightGBM,MHG-GNN-pretrained,quantile,1,0.7305587259716376,0.9538557673334814,0.7019857288415712
OpenADMET-LogD,LightGBM,MHG-GNN-pretrained,quantile,2,0.7561725463375858,0.9534712565932708,0.7272086502014364
OpenADMET-LogD,LightGBM,MHG-GNN-pretrained,quantile,3,0.7755382260750292,0.9552547613613385,0.7379223506656085
OpenADMET-LogD,LightGBM,MHG-GNN-pretrained,quantile,4,0.77467083239669,0.9488288061963265,0.7078783616547768
OpenADMET-LogD,LightGBM,MHG-GNN-pretrained,threshold,0,0.8144609247528224,0.8666903176726385,0.6966806289478902
OpenADMET-LogD,LightGBM,MHG-GNN-pretrained,threshold,1,0.7305587259716376,0.8017864487727394,0.5846220679104664
OpenADMET-LogD,LightGBM,MHG-GNN-pretrained,threshold,2,0.7561725463375858,0.8365997890246916,0.6451423505539162
OpenADMET-LogD,LightGBM,MHG-GNN-pretrained,threshold,3,0.7755382260750292,0.8489040367513978,0.6149237399322114
OpenADMET-LogD,LightGBM,MHG-GNN-pretrained,threshold,4,0.77467083239669,0.8198283540530318,0.6230877643799306
OpenADMET-LogD,LightGBM,MHG-GNN-pretrained,valprop,0,0.8144609247528224,0.9279136473371355,0.7556618265214319
OpenADMET-LogD,LightGBM,MHG-GNN-pretrained,valprop,1,0.7305587259716376,0.8925949052027617,0.6450147740095729
OpenADMET-LogD,LightGBM,MHG-GNN-pretrained,valprop,2,0.7561725463375858,0.9264287577950724,0.7018956972124675
OpenADMET-LogD,LightGBM,MHG-GNN-pretrained,valprop,3,0.7755382260750292,0.9119240754489494,0.6690168489586438
OpenADMET-LogD,LightGBM,MHG-GNN-pretrained,valprop,4,0.77467083239669,0.9023034609710606,0.6768047889137443
OpenADMET-LogD,LightGBM,PDV,hetero,0,0.7450140781857784,0.991176349075203,0.7414962230313464
OpenADMET-LogD,LightGBM,PDV,hetero,1,0.6996482426355346,0.9912807492049384,0.7043051961600802
OpenADMET-LogD,LightGBM,PDV,hetero,2,0.7693133121707401,0.9932650960831426,0.7671175611765494
OpenADMET-LogD,LightGBM,PDV,hetero,3,0.7712271549715675,0.987485220991214,0.7590167892930627
OpenADMET-LogD,LightGBM,PDV,hetero,4,0.8034426074094067,0.9925935965135099,0.7950233739995165
OpenADMET-LogD,LightGBM,PDV,legacy,0,0.7450140781857784,0.9473887727233544,0.726188457286564
OpenADMET-LogD,LightGBM,PDV,legacy,1,0.6996482426355346,0.9539471649862042,0.6790125163577685
OpenADMET-LogD,LightGBM,PDV,legacy,2,0.7693133121707401,0.9600180816831755,0.7431268091978758
OpenADMET-LogD,LightGBM,PDV,legacy,3,0.7712271549715675,0.9541902026601173,0.7252447847401964
OpenADMET-LogD,LightGBM,PDV,legacy,4,0.8034426074094067,0.9616276746270055,0.772357218553855
OpenADMET-LogD,LightGBM,PDV,outlier,0,0.7450140781857784,0.9679974918293988,0.7175308145340435
OpenADMET-LogD,LightGBM,PDV,outlier,1,0.6996482426355346,0.9732164642464001,0.6642692571897777
OpenADMET-LogD,LightGBM,PDV,outlier,2,0.7693133121707401,0.9808961316997376,0.7583241539679231
OpenADMET-LogD,LightGBM,PDV,outlier,3,0.7712271549715675,0.9749441179673188,0.739819422128261
OpenADMET-LogD,LightGBM,PDV,outlier,4,0.8034426074094067,0.9728931686299834,0.7754716260189495
OpenADMET-LogD,LightGBM,PDV,quantile,0,0.7450140781857784,0.9528894658642647,0.7099839386392017
OpenADMET-LogD,LightGBM,PDV,quantile,1,0.6996482426355346,0.9475313218171596,0.6493483500485601
OpenADMET-LogD,LightGBM,PDV,quantile,2,0.7693133121707401,0.9560829273649137,0.7389193748343656
OpenADMET-LogD,LightGBM,PDV,quantile,3,0.7712271549715675,0.953468149947824,0.7294451403281288
OpenADMET-LogD,LightGBM,PDV,quantile,4,0.8034426074094067,0.9537138305832233,0.7579152687085566
OpenADMET-LogD,LightGBM,PDV,threshold,0,0.7450140781857784,0.8387308969535731,0.6294795371403017
OpenADMET-LogD,LightGBM,PDV,threshold,1,0.6996482426355346,0.8507853381801826,0.6189783580138604
OpenADMET-LogD,LightGBM,PDV,threshold,2,0.7693133121707401,0.8738649569163305,0.6669127198696085
OpenADMET-LogD,LightGBM,PDV,threshold,3,0.7712271549715675,0.8492388002498095,0.6137264326819635
OpenADMET-LogD,LightGBM,PDV,threshold,4,0.8034426074094067,0.8616053098700307,0.6888338537159853
OpenADMET-LogD,LightGBM,PDV,valprop,0,0.7450140781857784,0.905064204073589,0.6831169936781617
OpenADMET-LogD,LightGBM,PDV,valprop,1,0.6996482426355346,0.9098968111195621,0.6410472852600515
OpenADMET-LogD,LightGBM,PDV,valprop,2,0.7693133121707401,0.9280936697588553,0.7236355344339495
OpenADMET-LogD,LightGBM,PDV,valprop,3,0.7712271549715675,0.9202409478279345,0.7036669733482892
OpenADMET-LogD,LightGBM,PDV,valprop,4,0.8034426074094067,0.9285639436192223,0.7393822326868715
OpenADMET-LogD,LightGBM,SNS,hetero,0,0.8250106620568537,0.9940385737060937,0.8204924177216376
OpenADMET-LogD,LightGBM,SNS,hetero,1,0.6807234765123796,0.9877662476723379,0.6768727361832811
OpenADMET-LogD,LightGBM,SNS,hetero,2,0.7187943485817425,0.9980146268685812,0.7180790974644468
OpenADMET-LogD,LightGBM,SNS,hetero,3,0.8031781639674731,0.9975404532489214,0.8011088384108309
OpenADMET-LogD,LightGBM,SNS,hetero,4,0.7670906817000753,0.9962626807171623,0.7720104791117955
OpenADMET-LogD,LightGBM,SNS,legacy,0,0.8250106620568537,0.9703279053903641,0.795922454242213
OpenADMET-LogD,LightGBM,SNS,legacy,1,0.6807234765123796,0.9519923287178635,0.648750714347906
OpenADMET-LogD,LightGBM,SNS,legacy,2,0.7187943485817425,0.9694046799965859,0.6917775798042106
OpenADMET-LogD,LightGBM,SNS,legacy,3,0.8031781639674731,0.9689394917531715,0.7741885263677247
OpenADMET-LogD,LightGBM,SNS,legacy,4,0.7670906817000753,0.9636199300288826,0.7491036007886722
OpenADMET-LogD,LightGBM,SNS,outlier,0,0.8250106620568537,0.977436051613154,0.7924740437393695
OpenADMET-LogD,LightGBM,SNS,outlier,1,0.6807234765123796,0.9648646323643452,0.6562938976318844
OpenADMET-LogD,LightGBM,SNS,outlier,2,0.7187943485817425,0.9883661049002785,0.7114062784318382
OpenADMET-LogD,LightGBM,SNS,outlier,3,0.8031781639674731,0.982757505347692,0.7879525551419776
OpenADMET-LogD,LightGBM,SNS,outlier,4,0.7670906817000753,0.9819944517114342,0.7539996064967398
OpenADMET-LogD,LightGBM,SNS,quantile,0,0.8250106620568537,0.9670678907801962,0.791756437176535
OpenADMET-LogD,LightGBM,SNS,quantile,1,0.6807234765123796,0.9468192408967528,0.6644587375367939
OpenADMET-LogD,LightGBM,SNS,quantile,2,0.7187943485817425,0.9688990754002997,0.6976338912431266
OpenADMET-LogD,LightGBM,SNS,quantile,3,0.8031781639674731,0.9603881575517464,0.7777921033838314
OpenADMET-LogD,LightGBM,SNS,quantile,4,0.7670906817000753,0.9713497784714669,0.7436215699409423
OpenADMET-LogD,LightGBM,SNS,threshold,0,0.8250106620568537,0.9030093206832955,0.7485087273409503
OpenADMET-LogD,LightGBM,SNS,threshold,1,0.6807234765123796,0.8634347977985752,0.5635649823345761
OpenADMET-LogD,LightGBM,SNS,threshold,2,0.7187943485817425,0.8726168869175788,0.6132403817831455
OpenADMET-LogD,LightGBM,SNS,threshold,3,0.8031781639674731,0.8767933264784437,0.7059683038561657
OpenADMET-LogD,LightGBM,SNS,threshold,4,0.7670906817000753,0.8864928383211435,0.6641990229807442
OpenADMET-LogD,LightGBM,SNS,valprop,0,0.8250106620568537,0.9456308070776667,0.7821598675996014
OpenADMET-LogD,LightGBM,SNS,valprop,1,0.6807234765123796,0.9170447967845407,0.6162909037918727
OpenADMET-LogD,LightGBM,SNS,valprop,2,0.7187943485817425,0.9330948620758488,0.6654807875582223
OpenADMET-LogD,LightGBM,SNS,valprop,3,0.8031781639674731,0.9356926435829158,0.7539057461064039
OpenADMET-LogD,LightGBM,SNS,valprop,4,0.7670906817000753,0.9348771498118598,0.7236682309598901
OpenADMET-LogD,MLP,ECFP4,hetero,0,0.7094435823302041,0.9337072589120146,0.6746786989596778
OpenADMET-LogD,MLP,ECFP4,hetero,1,0.6176014325540763,1.0135392357061952,0.6043244367693099
OpenADMET-LogD,MLP,ECFP4,hetero,2,0.7105095513404907,0.9317549313482206,0.6275686044116712
OpenADMET-LogD,MLP,ECFP4,hetero,3,0.6827194163960053,1.0146871488092162,0.7139412103782699
OpenADMET-LogD,MLP,ECFP4,hetero,4,0.6825341899904371,0.9721364822565496,0.6590236346887741
OpenADMET-LogD,MLP,ECFP4,legacy,0,0.7045236540583438,0.8462787151531996,0.587958739803257
OpenADMET-LogD,MLP,ECFP4,legacy,1,0.6497818503558126,0.8863392621682873,0.5948723776529714
OpenADMET-LogD,MLP,ECFP4,legacy,2,0.6843186659293438,0.8939555487560134,0.5961567164362555
OpenADMET-LogD,MLP,ECFP4,legacy,3,0.7344522745647637,0.8830571889043287,0.6390820288503116
OpenADMET-LogD,MLP,ECFP4,legacy,4,0.6635627938042563,0.9367442066578673,0.6077678205348385
OpenADMET-LogD,MLP,ECFP4,outlier,0,0.7034132318946666,0.9373293200614191,0.6551058260361617
OpenADMET-LogD,MLP,ECFP4,outlier,1,0.6035628211113088,1.0242313166486554,0.6400743764847829
OpenADMET-LogD,MLP,ECFP4,outlier,2,0.7071690990634046,0.9135513068828747,0.6162870025557847
OpenADMET-LogD,MLP,ECFP4,outlier,3,0.7249060434617691,0.9436553882892452,0.6887148988711637
OpenADMET-LogD,MLP,ECFP4,outlier,4,0.6633160447902666,0.9844158140881432,0.6398758354746963
OpenADMET-LogD,MLP,ECFP4,quantile,0,0.697932543895497,0.8779649537970877,0.582680261708716
OpenADMET-LogD,MLP,ECFP4,quantile,1,0.65150334947969,0.9243258341015147,0.5975862170745407
OpenADMET-LogD,MLP,ECFP4,quantile,2,0.635003020821294,0.9870942519256691,0.6252863135768345
OpenADMET-LogD,MLP,ECFP4,quantile,3,0.7024504331330435,0.9429761073358948,0.6646416583682895
OpenADMET-LogD,MLP,ECFP4,quantile,4,0.6937315004917759,0.912593105048009,0.6420530698017081
OpenADMET-LogD,MLP,ECFP4,threshold,0,0.6887789928467749,0.77962839273625,0.4876246041387351
OpenADMET-LogD,MLP,ECFP4,threshold,1,0.6638591792675257,0.7890050572987601,0.4677477862731904
OpenADMET-LogD,MLP,ECFP4,threshold,2,0.680797427153014,0.7855408602214384,0.471434171885756
OpenADMET-LogD,MLP,ECFP4,threshold,3,0.7097273439097833,0.8188097870669095,0.5427537700583012
OpenADMET-LogD,MLP,ECFP4,threshold,4,0.6848408808073225,0.8023584962185937,0.4627395176335322
OpenADMET-LogD,MLP,ECFP4,valprop,0,0.709090492772583,0.794721853098608,0.4990479065003846
OpenADMET-LogD,MLP,ECFP4,valprop,1,0.6738130308278727,0.8255625119790662,0.5577095253705056
OpenADMET-LogD,MLP,ECFP4,valprop,2,0.7035127639416372,0.8180642286309356,0.5393713337215124
OpenADMET-LogD,MLP,ECFP4,valprop,3,0.6806818280822167,0.8989132461347636,0.5616211217620566
OpenADMET-LogD,MLP,ECFP4,valprop,4,0.6899098435843009,0.8737147304576853,0.618305372311388
OpenADMET-LogD,MLP,MHG-GNN-pretrained,hetero,0,0.566963669138841,-0.9882181627050423,0.5278623078674682
OpenADMET-LogD,MLP,MHG-GNN-pretrained,hetero,1,0.5617672289144832,0.6451689819108801,0.2824903616177896
OpenADMET-LogD,MLP,MHG-GNN-pretrained,hetero,3,0.4905660321584809,-3.3979737086248565,-3.725307857259589
OpenADMET-LogD,MLP,MHG-GNN-pretrained,legacy,0,0.4429490404119273,-12.824527182736777,-2.430844533433844
OpenADMET-LogD,MLP,MHG-GNN-pretrained,legacy,2,0.6489220967328952,-1.374965501139396,-8.992106749328284
OpenADMET-LogD,MLP,MHG-GNN-pretrained,legacy,3,0.7283150721959093,-3.1724512332251487,-2.023171580066679
OpenADMET-LogD,MLP,MHG-GNN-pretrained,outlier,0,0.6758459344473828,-2.0696859044784985,-11.05153826421314
OpenADMET-LogD,MLP,MHG-GNN-pretrained,outlier,1,0.6255381769790085,0.15745158779090418,0.4028709835102013
OpenADMET-LogD,MLP,MHG-GNN-pretrained,outlier,2,0.6675162372761673,0.7648002932660398,0.5528591929249811
OpenADMET-LogD,MLP,MHG-GNN-pretrained,outlier,3,0.5828214778673864,-0.24867665432641642,0.6890365003611331
OpenADMET-LogD,MLP,MHG-GNN-pretrained,outlier,4,0.7668478086486917,-2.8160508069334576,0.2031439746447433
OpenADMET-LogD,MLP,MHG-GNN-pretrained,quantile,1,0.639687635290876,0.24464168399792482,-1.2793364800826947
OpenADMET-LogD,MLP,MHG-GNN-pretrained,quantile,2,0.627698022568757,-0.09764677941755491,0.4877677060343749
OpenADMET-LogD,MLP,MHG-GNN-pretrained,quantile,4,0.6752828455872801,0.08671319573691133,0.7109128431988374
OpenADMET-LogD,MLP,MHG-GNN-pretrained,threshold,0,0.4786252056968179,-38.745776097748106,0.0051406035648932
OpenADMET-LogD,MLP,MHG-GNN-pretrained,threshold,1,0.536753076986843,0.17411387655379473,-1.6914702205642622
OpenADMET-LogD,MLP,MHG-GNN-pretrained,threshold,2,0.6529815972541464,-10.291927662092283,-0.9903274495431976
OpenADMET-LogD,MLP,MHG-GNN-pretrained,threshold,4,0.7872673621138102,-2.383382199302667,-7.08681454587431
OpenADMET-LogD,MLP,MHG-GNN-pretrained,valprop,2,0.6863828298687797,-2.731872420631788,-6.948927803761598
OpenADMET-LogD,MLP,MHG-GNN-pretrained,valprop,4,0.7620378289681085,-3.0852593916009754,0.4426963229865338
OpenADMET-LogD,MLP,PDV,hetero,0,0.74895354073533,0.9961939521975541,0.7472335731346802
OpenADMET-LogD,MLP,PDV,hetero,1,0.8142558105082468,0.9701508269796807,0.7929384119079299
OpenADMET-LogD,MLP,PDV,hetero,2,0.7636129499656388,0.9768116552951644,0.7640512300821066
OpenADMET-LogD,MLP,PDV,hetero,3,0.8131756956321448,0.9527800272850253,0.7839789877464255
OpenADMET-LogD,MLP,PDV,hetero,4,0.7505248678025449,1.021786746958242,0.7953361628364269
OpenADMET-LogD,MLP,PDV,legacy,0,0.7191616068915809,0.9981166080759922,0.7347252330238654
OpenADMET-LogD,MLP,PDV,legacy,1,0.7650270691317865,0.9833608986809917,0.7506411694650159
OpenADMET-LogD,MLP,PDV,legacy,2,0.7597122398716095,0.9448759664081922,0.7210512195053983
OpenADMET-LogD,MLP,PDV,legacy,3,0.7883281633202212,0.9608114975505837,0.7734710882871254
OpenADMET-LogD,MLP,PDV,legacy,4,0.7882253351535704,0.9487702587603559,0.7393079486359808
OpenADMET-LogD,MLP,PDV,outlier,0,0.7654857727251165,0.9437820510343103,0.734180383313736
OpenADMET-LogD,MLP,PDV,outlier,1,0.8080653065341646,0.9436757069999795,0.7543414437587193
OpenADMET-LogD,MLP,PDV,outlier,2,0.7669618268421579,0.9480370865292324,0.7099149352850684
OpenADMET-LogD,MLP,PDV,outlier,3,0.8153902885689543,0.9359469106118417,0.7756268926779534
OpenADMET-LogD,MLP,PDV,outlier,4,0.7961634973455367,0.9666835580949259,0.7507982565665277
OpenADMET-LogD,MLP,PDV,quantile,0,0.730797837552414,0.9793976258896645,0.6995527160165751
OpenADMET-LogD,MLP,PDV,quantile,1,0.7794873701201147,0.974395702035759,0.7236744447886778
OpenADMET-LogD,MLP,PDV,quantile,2,0.763506160267209,0.9342692146710138,0.7246884851618465
OpenADMET-LogD,MLP,PDV,quantile,3,0.7426743919248187,1.0133115177348915,0.7662353704625399
OpenADMET-LogD,MLP,PDV,quantile,4,0.7204811602214931,1.0455707837270878,0.7357510506651616
OpenADMET-LogD,MLP,PDV,threshold,0,0.7591024707117767,0.8801396121844469,0.679648680443782
OpenADMET-LogD,MLP,PDV,threshold,1,0.7806997187048325,0.9207516049937574,0.732450898684642
OpenADMET-LogD,MLP,PDV,threshold,2,0.7503384764575466,0.9029862718538196,0.6682600174591085
OpenADMET-LogD,MLP,PDV,threshold,3,0.7545950033263096,0.9445103751044277,0.6829067356552605
OpenADMET-LogD,MLP,PDV,threshold,4,0.7326625675371943,0.9748730079870014,0.6935420021655357
OpenADMET-LogD,MLP,PDV,valprop,0,0.7582095469209928,0.9297351126742892,0.7111757075005563
OpenADMET-LogD,MLP,PDV,valprop,1,0.7999047179206997,0.9285039796069404,0.7150898600309017
OpenADMET-LogD,MLP,PDV,valprop,2,0.7563853602152574,0.9377254374120705,0.6977504809211761
OpenADMET-LogD,MLP,PDV,valprop,3,0.8120551769962281,0.9030853414408606,0.7338201648122654
OpenADMET-LogD,MLP,PDV,valprop,4,0.7860924638227047,0.9270173494157227,0.7421505041921712
OpenADMET-LogD,MLP,SNS,hetero,0,0.744745089132224,0.9816140541092524,0.7176639917803005
OpenADMET-LogD,MLP,SNS,hetero,1,0.7031838796102454,0.9841568478309158,0.7240551400076278
OpenADMET-LogD,MLP,SNS,hetero,2,0.7254979280760813,0.990037476802014,0.7057118757072848
OpenADMET-LogD,MLP,SNS,hetero,3,0.8095640304111678,0.9719900407026478,0.7810072028174876
OpenADMET-LogD,MLP,SNS,hetero,4,0.781273872397894,0.9752972354447429,0.7007616315102692
OpenADMET-LogD,MLP,SNS,legacy,0,0.7535220958353352,0.9263872831356115,0.6853299181846041
OpenADMET-LogD,MLP,SNS,legacy,1,0.6602909242671802,0.967767940764225,0.6831353948849923
OpenADMET-LogD,MLP,SNS,legacy,2,0.7382965547044636,0.8906201559130168,0.6316585766379427
OpenADMET-LogD,MLP,SNS,legacy,3,0.7813933694436236,0.947555827269598,0.7405817473169769
OpenADMET-LogD,MLP,SNS,legacy,4,0.7148989039485507,0.9918381267934814,0.6920673735918719
OpenADMET-LogD,MLP,SNS,outlier,0,0.7389861811979088,0.985455328194286,0.7203953373037114
OpenADMET-LogD,MLP,SNS,outlier,1,0.7287011415838376,0.8887348291627968,0.6604151511230366
OpenADMET-LogD,MLP,SNS,outlier,2,0.7297977727412157,0.9587585085489488,0.7113752590763631
OpenADMET-LogD,MLP,SNS,outlier,3,0.7955687481366012,0.9623425516343869,0.747518494223574
OpenADMET-LogD,MLP,SNS,outlier,4,0.7695127677127949,0.9758271804523486,0.7534066426707862
OpenADMET-LogD,MLP,SNS,quantile,0,0.7373112338478413,0.9500026141714423,0.6998844860088098
OpenADMET-LogD,MLP,SNS,quantile,1,0.6889377001952063,0.9471486185996051,0.6556291518843067
OpenADMET-LogD,MLP,SNS,quantile,2,0.7335713684368235,0.9282815006236075,0.6119931800100697
OpenADMET-LogD,MLP,SNS,quantile,3,0.7590926424378173,0.9629748706054859,0.7277594911950472
OpenADMET-LogD,MLP,SNS,quantile,4,0.778921217731737,0.9334982895308629,0.7171608078220797
OpenADMET-LogD,MLP,SNS,threshold,0,0.7416710606192873,0.8593110099975901,0.6139415029078532
OpenADMET-LogD,MLP,SNS,threshold,1,0.6523556656202549,0.8966286580238496,0.5200113644740585
OpenADMET-LogD,MLP,SNS,threshold,2,0.7416560295665497,0.8165507691363859,0.5475008289402863
OpenADMET-LogD,MLP,SNS,threshold,3,0.7898245232826671,0.8472439289823656,0.658875869293571
OpenADMET-LogD,MLP,SNS,threshold,4,0.8113073621624511,0.8017360804850633,0.6202498422638438
OpenADMET-LogD,MLP,SNS,valprop,0,0.7529324654677013,0.8850801304764057,0.6538787961442006
OpenADMET-LogD,MLP,SNS,valprop,1,0.7183989874688816,0.8624690552040621,0.6280086855776172
OpenADMET-LogD,MLP,SNS,valprop,2,0.748394881561887,0.8144775681129649,0.4893652893451649
OpenADMET-LogD,MLP,SNS,valprop,3,0.8085703164527592,0.8544767794840095,0.7065386667641784
OpenADMET-LogD,MLP,SNS,valprop,4,0.7969509819039229,0.8544614069030997,0.6155562931870834
OpenADMET-LogD,MLP-BNN-Full,ECFP4,hetero,0,0.5923588091876413,0.8565349675421446,0.5168464589507047
OpenADMET-LogD,MLP-BNN-Full,ECFP4,hetero,1,0.5428127022563665,0.9556301194387479,0.6007870355408096
OpenADMET-LogD,MLP-BNN-Full,ECFP4,hetero,2,0.5444943187466702,0.961855258655635,0.5714303473865332
OpenADMET-LogD,MLP-BNN-Full,ECFP4,hetero,3,0.5124440696365677,1.103781935682768,0.6643899440818662
OpenADMET-LogD,MLP-BNN-Full,ECFP4,hetero,4,0.6423834539616828,0.8702704638373293,0.5706137812223482
OpenADMET-LogD,MLP-BNN-Full,ECFP4,legacy,0,0.473185325639836,1.018329993930624,0.5143076247879002
OpenADMET-LogD,MLP-BNN-Full,ECFP4,legacy,1,0.5207275577545192,0.963792376924026,0.4666953043857613
OpenADMET-LogD,MLP-BNN-Full,ECFP4,legacy,2,0.4518075499877959,1.095210502470705,0.5772766344781488
OpenADMET-LogD,MLP-BNN-Full,ECFP4,legacy,3,0.5771093265479114,0.9599015750572111,0.6225325243103947
OpenADMET-LogD,MLP-BNN-Full,ECFP4,legacy,4,0.5820136034455186,0.9142318138339801,0.3774468030650257
OpenADMET-LogD,MLP-BNN-Full,ECFP4,outlier,0,0.5272574796083827,0.9081376269782702,0.4518017777630063
OpenADMET-LogD,MLP-BNN-Full,ECFP4,outlier,1,0.4984237461169151,0.9786300364978424,0.5096514177651685
OpenADMET-LogD,MLP-BNN-Full,ECFP4,outlier,2,0.5688931014119654,0.9398973206284711,0.5818011356449316
OpenADMET-LogD,MLP-BNN-Full,ECFP4,outlier,3,0.6184188732899405,0.9035183291305161,0.5330725279631889
OpenADMET-LogD,MLP-BNN-Full,ECFP4,outlier,4,0.5850427532098523,0.9575834037346871,0.6086096637676359
OpenADMET-LogD,MLP-BNN-Full,ECFP4,quantile,0,0.5274213601454599,0.8840802355097628,0.5390882910141666
OpenADMET-LogD,MLP-BNN-Full,ECFP4,quantile,1,0.5184190010388339,0.8945561175531349,0.5334284847402344
OpenADMET-LogD,MLP-BNN-Full,ECFP4,quantile,2,0.4252939096220027,1.175434864285418,0.6010338851297659
OpenADMET-LogD,MLP-BNN-Full,ECFP4,quantile,3,0.5886464749724389,0.8830155045229189,0.5529975576997139
OpenADMET-LogD,MLP-BNN-Full,ECFP4,quantile,4,0.5693214694315103,1.0017160455167256,0.5179995490648812
OpenADMET-LogD,MLP-BNN-Full,ECFP4,threshold,0,0.4969714301616466,0.8968555527655222,0.4819013690960194
OpenADMET-LogD,MLP-BNN-Full,ECFP4,threshold,1,0.6316567411251593,0.6757701523149057,0.4777698904507916
OpenADMET-LogD,MLP-BNN-Full,ECFP4,threshold,2,0.6123248103244796,0.7054811831485699,0.5063317304341404
OpenADMET-LogD,MLP-BNN-Full,ECFP4,threshold,3,0.6478497843781474,0.7619772458041965,0.4837281083412481
OpenADMET-LogD,MLP-BNN-Full,ECFP4,threshold,4,0.6324480889276355,0.7687932083292935,0.513534311090263
OpenADMET-LogD,MLP-BNN-Full,ECFP4,valprop,0,0.5680224218665944,0.8380644714753687,0.4294988153615529
OpenADMET-LogD,MLP-BNN-Full,ECFP4,valprop,1,0.5655468892220421,0.8066461472415009,0.4876806096712921
OpenADMET-LogD,MLP-BNN-Full,ECFP4,valprop,2,0.4800057275717415,0.9816443263349081,0.3981334197892872
OpenADMET-LogD,MLP-BNN-Full,ECFP4,valprop,3,0.6033985532670546,0.8627075820744478,0.5606662992011661
OpenADMET-LogD,MLP-BNN-Full,ECFP4,valprop,4,0.6089707400109473,0.874238147588488,0.5409565873733715
OpenADMET-LogD,MLP-BNN-Full,MHG-GNN-pretrained,legacy,1,0.4385854100085203,-10.58730909960611,-6.340078143930024
OpenADMET-LogD,MLP-BNN-Full,MHG-GNN-pretrained,outlier,1,0.5429393819995778,-2.3884954270121432,-0.090234686686047
OpenADMET-LogD,MLP-BNN-Full,MHG-GNN-pretrained,outlier,3,0.5115334507470014,-9.92481520858412,-3.91237994301875
OpenADMET-LogD,MLP-BNN-Full,MHG-GNN-pretrained,outlier,4,0.5526971432591543,-8.596196965044749,0.4489138294514943
OpenADMET-LogD,MLP-BNN-Full,MHG-GNN-pretrained,valprop,1,0.4893839832225644,-13.034743587286119,-4.246355999530224
OpenADMET-LogD,MLP-BNN-Full,MHG-GNN-pretrained,valprop,4,0.415601275511818,-9.002725870431808,-0.6187980234158978
OpenADMET-LogD,MLP-BNN-Full,PDV,hetero,0,0.635416859654726,1.0196540897590645,0.6587862264857721
OpenADMET-LogD,MLP-BNN-Full,PDV,hetero,1,0.688357025337244,1.031978279156772,0.636857105893333
OpenADMET-LogD,MLP-BNN-Full,PDV,hetero,2,0.6981781586159906,0.9603238856287644,0.6677090534000893
OpenADMET-LogD,MLP-BNN-Full,PDV,hetero,3,0.6314212058711464,1.092805576253437,0.7181304008442562
OpenADMET-LogD,MLP-BNN-Full,PDV,hetero,4,0.739978604317328,0.9436102758841297,0.6472102751775983
OpenADMET-LogD,MLP-BNN-Full,PDV,legacy,0,0.6870720644090424,0.9521491521216795,0.665864263498327
OpenADMET-LogD,MLP-BNN-Full,PDV,legacy,1,0.7381042749740212,0.9380946201197352,0.6841708920264431
OpenADMET-LogD,MLP-BNN-Full,PDV,legacy,2,0.7181906448017645,0.9295587929674927,0.655427315056685
OpenADMET-LogD,MLP-BNN-Full,PDV,legacy,3,0.7306302038976519,0.9165188935237737,0.6484378806884579
OpenADMET-LogD,MLP-BNN-Full,PDV,legacy,4,0.7305912040608151,0.9358480523233064,0.6657572156723672
OpenADMET-LogD,MLP-BNN-Full,PDV,outlier,0,0.6595743245672825,0.9954640191584304,0.6562226592520939
OpenADMET-LogD,MLP-BNN-Full,PDV,outlier,1,0.7002510179900308,0.9770443124622006,0.6445828516217922
OpenADMET-LogD,MLP-BNN-Full,PDV,outlier,2,0.6473890174209808,1.0000181819830527,0.6644413870580521
OpenADMET-LogD,MLP-BNN-Full,PDV,outlier,3,0.651383843971377,1.019626262373962,0.716850479745367
OpenADMET-LogD,MLP-BNN-Full,PDV,outlier,4,0.6990923611590022,0.9983912242778569,0.6907184960857513
OpenADMET-LogD,MLP-BNN-Full,PDV,quantile,0,0.6870903497603076,0.954526268284876,0.6336674462746027
OpenADMET-LogD,MLP-BNN-Full,PDV,quantile,1,0.7048092079117463,0.9599718857972703,0.7303122591786368
OpenADMET-LogD,MLP-BNN-Full,PDV,quantile,2,0.6936217721542486,0.9478448752994935,0.6651518913142354
OpenADMET-LogD,MLP-BNN-Full,PDV,quantile,3,0.6046717217490838,1.0957951569954103,0.6456790041675493
OpenADMET-LogD,MLP-BNN-Full,PDV,quantile,4,0.6932506163851546,0.9759358786192524,0.5764769747333691
OpenADMET-LogD,MLP-BNN-Full,PDV,threshold,0,0.6949558885223882,0.9183590360889887,0.6052890789739442
OpenADMET-LogD,MLP-BNN-Full,PDV,threshold,1,0.7004607128988078,0.9569857454486903,0.6327335398411891
OpenADMET-LogD,MLP-BNN-Full,PDV,threshold,2,0.6668101937894138,0.9299872048788723,0.5801791196751225
OpenADMET-LogD,MLP-BNN-Full,PDV,threshold,3,0.6878281723125337,0.8924939798102166,0.6630117673977824
OpenADMET-LogD,MLP-BNN-Full,PDV,threshold,4,0.7150969247219908,0.9374850145614524,0.6349283805519493
OpenADMET-LogD,MLP-BNN-Full,PDV,valprop,0,0.6830337355559235,0.942690982725325,0.6603315258776583
OpenADMET-LogD,MLP-BNN-Full,PDV,valprop,1,0.5400830432573291,1.1710749591087761,0.5702245430865356
OpenADMET-LogD,MLP-BNN-Full,PDV,valprop,2,0.6760686229159356,0.9469563243206998,0.6600702579026878
OpenADMET-LogD,MLP-BNN-Full,PDV,valprop,3,0.6199271666453692,1.0639946248712497,0.6854124431219906
OpenADMET-LogD,MLP-BNN-Full,PDV,valprop,4,0.7224231576862857,0.9361823568205603,0.661525456227994
OpenADMET-LogD,MLP-BNN-Full,SNS,hetero,0,0.6040588254829252,0.9716097367027231,0.5335400258624687
OpenADMET-LogD,MLP-BNN-Full,SNS,hetero,1,0.6161659560570703,0.9886863722608241,0.6337928709514024
OpenADMET-LogD,MLP-BNN-Full,SNS,hetero,2,0.5757033397192504,1.0706218348465966,0.6355922617644636
OpenADMET-LogD,MLP-BNN-Full,SNS,hetero,3,0.6775858287905615,0.9702557879769543,0.5542513128197389
OpenADMET-LogD,MLP-BNN-Full,SNS,hetero,4,0.6462548012575617,0.9906140930509533,0.6919632488992515
OpenADMET-LogD,MLP-BNN-Full,SNS,legacy,0,0.5985759876313741,1.0206999480623988,0.6798789316968233
OpenADMET-LogD,MLP-BNN-Full,SNS,legacy,1,0.620429410580335,0.9770233401166388,0.6490573666989408
OpenADMET-LogD,MLP-BNN-Full,SNS,legacy,2,0.6304143598608487,0.9698042205015402,0.5977767278734318
OpenADMET-LogD,MLP-BNN-Full,SNS,legacy,3,0.629683772265099,1.0155951188736096,0.6617387828749728
OpenADMET-LogD,MLP-BNN-Full,SNS,legacy,4,0.6771640047091798,0.9588344943536056,0.6728128531099913
OpenADMET-LogD,MLP-BNN-Full,SNS,outlier,0,0.6841222530107887,0.9050030760875633,0.6337262022228578
OpenADMET-LogD,MLP-BNN-Full,SNS,outlier,1,0.6119185146278929,0.9651092775469104,0.622507233780466
OpenADMET-LogD,MLP-BNN-Full,SNS,outlier,2,0.6282297943909603,0.930383357625576,0.6260614281561199
OpenADMET-LogD,MLP-BNN-Full,SNS,outlier,3,0.6742332445962343,0.9249982544533993,0.6574368514642885
OpenADMET-LogD,MLP-BNN-Full,SNS,outlier,4,0.6491924701744705,0.9728924402644639,0.6884181203860675
OpenADMET-LogD,MLP-BNN-Full,SNS,quantile,0,0.5003470873506952,1.2265296521410982,0.6044460651715593
OpenADMET-LogD,MLP-BNN-Full,SNS,quantile,1,0.5626495763737887,1.0621622535272026,0.6347785907567574
OpenADMET-LogD,MLP-BNN-Full,SNS,quantile,2,0.6646866567944753,0.919822741687071,0.6274166829163419
OpenADMET-LogD,MLP-BNN-Full,SNS,quantile,3,0.6506494200693852,0.9867981819788755,0.6480013643993019
OpenADMET-LogD,MLP-BNN-Full,SNS,quantile,4,0.6603913156805643,0.9513914159305823,0.6375894210097933
OpenADMET-LogD,MLP-BNN-Full,SNS,threshold,0,0.5963312279919749,0.9360040122987768,0.4513977873994154
OpenADMET-LogD,MLP-BNN-Full,SNS,threshold,1,0.6525362738630814,0.8721139621901283,0.5927339641707411
OpenADMET-LogD,MLP-BNN-Full,SNS,threshold,2,0.4439397567932039,1.2461448896905187,0.5509298998822841
OpenADMET-LogD,MLP-BNN-Full,SNS,threshold,3,0.6286627814866869,0.9398029732730552,0.5503194609637789
OpenADMET-LogD,MLP-BNN-Full,SNS,threshold,4,0.6452921578415325,0.9078443578669572,0.5979324857779413
OpenADMET-LogD,MLP-BNN-Full,SNS,valprop,0,0.6606914594286097,0.8937305474653383,0.5634305340359513
OpenADMET-LogD,MLP-BNN-Full,SNS,valprop,1,0.6348577720101328,0.9402681530882027,0.6413363608007774
OpenADMET-LogD,MLP-BNN-Full,SNS,valprop,2,0.5969905665852133,0.9802049075996574,0.5453014297392632
OpenADMET-LogD,MLP-BNN-Full,SNS,valprop,3,0.62880224612525,0.9320211412340176,0.4980145815707122
OpenADMET-LogD,MLP-BNN-Full,SNS,valprop,4,0.6260533922178646,0.9521904292712785,0.6179835412006178
OpenADMET-LogD,MLP-VBLL-Full,ECFP4,hetero,0,0.6172858056878565,0.9327622985992108,0.6088464744455757
OpenADMET-LogD,MLP-VBLL-Full,ECFP4,hetero,1,0.5976515502494877,0.9659940053259554,0.5902820017211157
OpenADMET-LogD,MLP-VBLL-Full,ECFP4,hetero,2,0.6019435194929963,1.0013845981238412,0.5913107182019925
OpenADMET-LogD,MLP-VBLL-Full,ECFP4,hetero,3,0.6701308242416428,0.9357429218771818,0.6134437012082978
OpenADMET-LogD,MLP-VBLL-Full,ECFP4,hetero,4,0.6203027514453963,0.9989408180070093,0.6478918707509691
OpenADMET-LogD,MLP-VBLL-Full,ECFP4,legacy,0,0.6180522755314412,0.890928464892967,0.5392060218091086
OpenADMET-LogD,MLP-VBLL-Full,ECFP4,legacy,1,0.5795342352199458,0.9326860608725048,0.5347960972098763
OpenADMET-LogD,MLP-VBLL-Full,ECFP4,legacy,2,0.6329030687765329,0.8933049202237043,0.5693467566988621
OpenADMET-LogD,MLP-VBLL-Full,ECFP4,legacy,3,0.6182523003023391,0.9431528273981821,0.571867360776773
OpenADMET-LogD,MLP-VBLL-Full,ECFP4,legacy,4,0.6262669210120377,0.9301355656029149,0.5433842785875275
OpenADMET-LogD,MLP-VBLL-Full,ECFP4,outlier,0,0.5986251876890797,0.9025889150352502,0.5051809170525021
OpenADMET-LogD,MLP-VBLL-Full,ECFP4,outlier,1,0.5617511413237213,0.9795324155696806,0.5391906236575339
OpenADMET-LogD,MLP-VBLL-Full,ECFP4,outlier,2,0.6617732666687766,0.8650738981613852,0.5731113854860588
OpenADMET-LogD,MLP-VBLL-Full,ECFP4,outlier,3,0.6104269381039911,0.9497092335463435,0.5955919364095377
OpenADMET-LogD,MLP-VBLL-Full,ECFP4,outlier,4,0.6248096177908395,0.9659013025849548,0.6040031748838905
OpenADMET-LogD,MLP-VBLL-Full,ECFP4,quantile,0,0.5639921108671547,0.9433643349256229,0.530069418147313
OpenADMET-LogD,MLP-VBLL-Full,ECFP4,quantile,1,0.5916613065306431,0.8728777074161641,0.4373871169714087
OpenADMET-LogD,MLP-VBLL-Full,ECFP4,quantile,2,0.5743588479411718,0.945399077163821,0.5136321715501753
OpenADMET-LogD,MLP-VBLL-Full,ECFP4,quantile,3,0.6400669439697403,0.8695101151803777,0.560671818569132
OpenADMET-LogD,MLP-VBLL-Full,ECFP4,quantile,4,0.5938884899778061,0.9368623979449959,0.5442843063079681
OpenADMET-LogD,MLP-VBLL-Full,ECFP4,threshold,0,0.6076457627421632,0.807775770534135,0.4817804396980988
OpenADMET-LogD,MLP-VBLL-Full,ECFP4,threshold,1,0.5905067679490796,0.8223097876792773,0.4389102670610466
OpenADMET-LogD,MLP-VBLL-Full,ECFP4,threshold,2,0.6201584664251248,0.800270924567225,0.4471687402653027
OpenADMET-LogD,MLP-VBLL-Full,ECFP4,threshold,3,0.6406938322471046,0.8306148373101854,0.5311500638580422
OpenADMET-LogD,MLP-VBLL-Full,ECFP4,threshold,4,0.6160139470380114,0.8661050594001101,0.4380672306763508
OpenADMET-LogD,MLP-VBLL-Full,ECFP4,valprop,0,0.5700739381512245,0.9165136477140582,0.5028306759117025
OpenADMET-LogD,MLP-VBLL-Full,ECFP4,valprop,1,0.5988833662825273,0.856477983994458,0.4927407843765577
OpenADMET-LogD,MLP-VBLL-Full,ECFP4,valprop,2,0.6227961284120658,0.8648246970702392,0.5388787687017942
OpenADMET-LogD,MLP-VBLL-Full,ECFP4,valprop,3,0.59571093275636,0.9357879374468743,0.5518501688098562
OpenADMET-LogD,MLP-VBLL-Full,ECFP4,valprop,4,0.6461553331216782,0.8668585056577385,0.5058987199624072
OpenADMET-LogD,MLP-VBLL-Full,MHG-GNN-pretrained,hetero,2,0.6564819414325775,-7.154201462109425,0.2390297741572009
OpenADMET-LogD,MLP-VBLL-Full,MHG-GNN-pretrained,hetero,4,0.6923607884243896,-12.01709584650063,-6.114159584546245
OpenADMET-LogD,MLP-VBLL-Full,MHG-GNN-pretrained,quantile,1,0.3217065212248882,-14.124383023508702,-0.1663197927947317
OpenADMET-LogD,MLP-VBLL-Full,PDV,hetero,0,0.7475168843970125,0.9571229249356467,0.7353196895927797
OpenADMET-LogD,MLP-VBLL-Full,PDV,hetero,1,0.7702366812392086,0.9662050255889258,0.7668878138412549
OpenADMET-LogD,MLP-VBLL-Full,PDV,hetero,2,0.7495656884831656,0.9855631492792588,0.7515398998157424
OpenADMET-LogD,MLP-VBLL-Full,PDV,hetero,3,0.7672537271896819,0.9838360505470897,0.7459694443123344
OpenADMET-LogD,MLP-VBLL-Full,PDV,hetero,4,0.7609104066077569,0.9868855860088548,0.7445326852351816
OpenADMET-LogD,MLP-VBLL-Full,PDV,legacy,0,0.7352944797471608,0.9480508470415122,0.6902535138430702
OpenADMET-LogD,MLP-VBLL-Full,PDV,legacy,1,0.7460264373723476,0.991175989551021,0.7257383007948627
OpenADMET-LogD,MLP-VBLL-Full,PDV,legacy,2,0.728512133845682,0.9904321461043626,0.7095353718975411
OpenADMET-LogD,MLP-VBLL-Full,PDV,legacy,3,0.7679921528375233,0.9586771904443492,0.7581379471657104
OpenADMET-LogD,MLP-VBLL-Full,PDV,legacy,4,0.7429785564831626,0.9924247536884914,0.7134494897187196
OpenADMET-LogD,MLP-VBLL-Full,PDV,outlier,0,0.7459079278391292,0.9407337170876405,0.7164057247627156
OpenADMET-LogD,MLP-VBLL-Full,PDV,outlier,1,0.7646962764306988,0.9542389152047351,0.7551048517264455
OpenADMET-LogD,MLP-VBLL-Full,PDV,outlier,2,0.7487435722299106,0.9583713211969785,0.730681814937701
OpenADMET-LogD,MLP-VBLL-Full,PDV,outlier,3,0.742224841439179,1.0027605967956283,0.7482542931674658
OpenADMET-LogD,MLP-VBLL-Full,PDV,outlier,4,0.7594272138753343,0.9680442896018044,0.7290915851738582
OpenADMET-LogD,MLP-VBLL-Full,PDV,quantile,0,0.7337557298890982,0.9534195333123995,0.7050885654226058
OpenADMET-LogD,MLP-VBLL-Full,PDV,quantile,1,0.742498950114307,0.983899104917049,0.7013678125435616
OpenADMET-LogD,MLP-VBLL-Full,PDV,quantile,2,0.7534196541185705,0.9387938122288741,0.7034520165093762
OpenADMET-LogD,MLP-VBLL-Full,PDV,quantile,3,0.7652977771182163,0.9631286002457273,0.7304263428229896
OpenADMET-LogD,MLP-VBLL-Full,PDV,quantile,4,0.7376229211880577,0.9774902660236874,0.7419421775240872
OpenADMET-LogD,MLP-VBLL-Full,PDV,threshold,0,0.7199361810954159,0.933734721336977,0.6642675038188502
OpenADMET-LogD,MLP-VBLL-Full,PDV,threshold,1,0.7935831198535542,0.8949263166705181,0.6973371526547554
OpenADMET-LogD,MLP-VBLL-Full,PDV,threshold,2,0.7560364619117799,0.9119152933740273,0.673921833374294
OpenADMET-LogD,MLP-VBLL-Full,PDV,threshold,3,0.7635897890350192,0.8961347419559823,0.6909829899452433
OpenADMET-LogD,MLP-VBLL-Full,PDV,threshold,4,0.7468080954231864,0.938894233194448,0.6832710539495257
OpenADMET-LogD,MLP-VBLL-Full,PDV,valprop,0,0.7354125879647837,0.942996970023851,0.6918309486474687
OpenADMET-LogD,MLP-VBLL-Full,PDV,valprop,1,0.7862718108121756,0.9235755671887086,0.7125517532961616
OpenADMET-LogD,MLP-VBLL-Full,PDV,valprop,2,0.7276170340650816,0.9696476646563656,0.71051004035218
OpenADMET-LogD,MLP-VBLL-Full,PDV,valprop,3,0.7668528675768457,0.9275412474418581,0.7087126512095216
OpenADMET-LogD,MLP-VBLL-Full,PDV,valprop,4,0.7151118776438011,0.9813379173444321,0.6917665704285281
OpenADMET-LogD,MLP-VBLL-Full,SNS,hetero,0,0.6876035937199312,1.00952502206739,0.6924676342214153
OpenADMET-LogD,MLP-VBLL-Full,SNS,hetero,1,0.7021419533133162,0.9711657889418229,0.6745569841940895
OpenADMET-LogD,MLP-VBLL-Full,SNS,hetero,2,0.7268541548836015,0.9631620333628363,0.6895634084781265
OpenADMET-LogD,MLP-VBLL-Full,SNS,hetero,3,0.7871003067230234,0.9454296007164787,0.7323337981468145
OpenADMET-LogD,MLP-VBLL-Full,SNS,hetero,4,0.6710877765007772,1.0823826723946972,0.7397538438821756
OpenADMET-LogD,MLP-VBLL-Full,SNS,legacy,0,0.7178185461927422,0.934874531725581,0.634925340294628
OpenADMET-LogD,MLP-VBLL-Full,SNS,legacy,1,0.6785856578284761,0.9665631022768078,0.6417360166116624
OpenADMET-LogD,MLP-VBLL-Full,SNS,legacy,2,0.7141800987076583,0.9194740864593829,0.6578037176029006
OpenADMET-LogD,MLP-VBLL-Full,SNS,legacy,3,0.756055517872042,0.9472597829732684,0.6934824370325643
OpenADMET-LogD,MLP-VBLL-Full,SNS,legacy,4,0.7444420195404696,0.9232544171452242,0.6566239341430322
OpenADMET-LogD,MLP-VBLL-Full,SNS,outlier,0,0.6764365936145675,0.9794332896521315,0.6454216351193145
OpenADMET-LogD,MLP-VBLL-Full,SNS,outlier,1,0.7028513755339428,0.905043271420563,0.641381557531673
OpenADMET-LogD,MLP-VBLL-Full,SNS,outlier,2,0.7090047755877195,0.9379880890934189,0.6959698901909293
OpenADMET-LogD,MLP-VBLL-Full,SNS,outlier,3,0.7314394086732399,0.9880398402673406,0.7273998413349098
OpenADMET-LogD,MLP-VBLL-Full,SNS,outlier,4,0.7501028899376125,0.9250142867762173,0.7247842766905594
OpenADMET-LogD,MLP-VBLL-Full,SNS,quantile,0,0.7194264780661362,0.8965261016042377,0.6231578105326734
OpenADMET-LogD,MLP-VBLL-Full,SNS,quantile,1,0.6965622426572033,0.9129824091347267,0.6299473267823199
OpenADMET-LogD,MLP-VBLL-Full,SNS,quantile,2,0.676256546076532,0.9575006758754054,0.6572244073997686
OpenADMET-LogD,MLP-VBLL-Full,SNS,quantile,3,0.7650732353200391,0.9055725738172868,0.6847666686048969
OpenADMET-LogD,MLP-VBLL-Full,SNS,quantile,4,0.7139944837556778,0.9413167247851173,0.6768793653473423
OpenADMET-LogD,MLP-VBLL-Full,SNS,threshold,0,0.6848903863616016,0.8998976079336367,0.6098509022960257
OpenADMET-LogD,MLP-VBLL-Full,SNS,threshold,1,0.6523679919451699,0.9125436003957936,0.5900246627001258
OpenADMET-LogD,MLP-VBLL-Full,SNS,threshold,2,0.6919138560316646,0.8578190926739091,0.5669503326473321
OpenADMET-LogD,MLP-VBLL-Full,SNS,threshold,3,0.7818788345173682,0.8586426009376843,0.627729368834262
OpenADMET-LogD,MLP-VBLL-Full,SNS,threshold,4,0.7493779889936414,0.8498303284560681,0.5747231767371848
OpenADMET-LogD,MLP-VBLL-Full,SNS,valprop,0,0.6994210413073843,0.8993084374754701,0.6206908619665508
OpenADMET-LogD,MLP-VBLL-Full,SNS,valprop,1,0.707531680126569,0.8930574070067243,0.6576470493385163
OpenADMET-LogD,MLP-VBLL-Full,SNS,valprop,2,0.7077391679776812,0.9030676090206492,0.6155025845826292
OpenADMET-LogD,MLP-VBLL-Full,SNS,valprop,3,0.7785231147365641,0.876934043615959,0.6022143465126018
OpenADMET-LogD,MLP-VBLL-Full,SNS,valprop,4,0.7324422276465947,0.906236926817117,0.6472499060086947
OpenADMET-LogD,NGBoost,ECFP4,hetero,0,0.6020834558289025,0.994282798355134,0.6012441592228825
OpenADMET-LogD,NGBoost,ECFP4,hetero,1,0.511566479343665,0.9996395633401453,0.5095352957267294
OpenADMET-LogD,NGBoost,ECFP4,hetero,2,0.5398047150668024,1.0016851221623737,0.5423676140318674
OpenADMET-LogD,NGBoost,ECFP4,hetero,3,0.5123818772685225,1.0019638243357534,0.5146182444729472
OpenADMET-LogD,NGBoost,ECFP4,hetero,4,0.5795614689006247,0.9960431515602888,0.5739648416946774
OpenADMET-LogD,NGBoost,ECFP4,legacy,0,0.602106722120283,0.9875829438530692,0.5923557076902571
OpenADMET-LogD,NGBoost,ECFP4,legacy,1,0.5129217811526345,0.9950869568934871,0.5000487275714058
OpenADMET-LogD,NGBoost,ECFP4,legacy,2,0.5397745654392037,0.9951806860695721,0.5342194944614713
OpenADMET-LogD,NGBoost,ECFP4,legacy,3,0.5121803091930139,0.9915068160015764,0.5113586016039119
OpenADMET-LogD,NGBoost,ECFP4,legacy,4,0.5792474344785525,0.987159748376191,0.566483999887451
OpenADMET-LogD,NGBoost,ECFP4,outlier,0,0.6022891221167745,0.9809661587894406,0.5858778339750734
OpenADMET-LogD,NGBoost,ECFP4,outlier,1,0.5139344152374681,0.9633185640899883,0.490026670225466
OpenADMET-LogD,NGBoost,ECFP4,outlier,2,0.5397727888546825,0.9796971516474497,0.5295440580060942
OpenADMET-LogD,NGBoost,ECFP4,outlier,3,0.5123156977930735,0.9771029145928355,0.4950591064811084
OpenADMET-LogD,NGBoost,ECFP4,outlier,4,0.5793003991076576,0.9771150955088893,0.5623859979630008
OpenADMET-LogD,NGBoost,ECFP4,quantile,0,0.6022760723195775,0.9766662388695178,0.5936773727201614
OpenADMET-LogD,NGBoost,ECFP4,quantile,1,0.512280245340508,0.98033438426314,0.4887360462576477
OpenADMET-LogD,NGBoost,ECFP4,quantile,2,0.5395128777087237,0.9873078449108773,0.5284807150260289
OpenADMET-LogD,NGBoost,ECFP4,quantile,3,0.512179983817719,0.9766522073269173,0.485729411170953
OpenADMET-LogD,NGBoost,ECFP4,quantile,4,0.5793161491561869,0.9774229838065701,0.5606825042932368
OpenADMET-LogD,NGBoost,ECFP4,threshold,0,0.6022583427484756,0.9642944430920309,0.5834043105130711
OpenADMET-LogD,NGBoost,ECFP4,threshold,1,0.5133834298525042,0.9601096599780987,0.5000581458347666
OpenADMET-LogD,NGBoost,ECFP4,threshold,2,0.5393355924722865,0.9711775225330621,0.5255959823570224
OpenADMET-LogD,NGBoost,ECFP4,threshold,3,0.5124846043700151,0.979227436031305,0.5282186164023155
OpenADMET-LogD,NGBoost,ECFP4,threshold,4,0.5792932387680263,0.9653172790936988,0.5617767164129783
OpenADMET-LogD,NGBoost,ECFP4,valprop,0,0.6023786027285452,0.9743559252224551,0.588997316646023
OpenADMET-LogD,NGBoost,ECFP4,valprop,1,0.5118237467116532,0.9892752628618349,0.4986429924743413
OpenADMET-LogD,NGBoost,ECFP4,valprop,2,0.5396061013153282,0.9846776861677069,0.528544476769124
OpenADMET-LogD,NGBoost,ECFP4,valprop,3,0.5122567271877222,0.9856809073446477,0.5118908336936441
OpenADMET-LogD,NGBoost,ECFP4,valprop,4,0.5792310238470957,0.9762089266805609,0.5564468497121307
OpenADMET-LogD,NGBoost,MHG-GNN-pretrained,hetero,0,0.7012228447956006,0.9987938045636424,0.6986041074700001
OpenADMET-LogD,NGBoost,MHG-GNN-pretrained,hetero,1,0.6580856016374752,0.9953248845906439,0.6591690873257139
OpenADMET-LogD,NGBoost,MHG-GNN-pretrained,hetero,2,0.6887360641011769,0.9976070593057318,0.6910555448932135
OpenADMET-LogD,NGBoost,MHG-GNN-pretrained,hetero,3,0.6965529804312822,0.9951213499301947,0.6934475475153774
OpenADMET-LogD,NGBoost,MHG-GNN-pretrained,hetero,4,0.6467254071161554,0.9937477690164156,0.6348897102749844
OpenADMET-LogD,NGBoost,MHG-GNN-pretrained,legacy,0,0.7011703343288385,0.989579904940278,0.6902934315284094
OpenADMET-LogD,NGBoost,MHG-GNN-pretrained,legacy,1,0.6581675192095124,0.9876617350504515,0.6518921620591425
OpenADMET-LogD,NGBoost,MHG-GNN-pretrained,legacy,2,0.6885977126372114,0.9858878666741888,0.6903467391289131
OpenADMET-LogD,NGBoost,MHG-GNN-pretrained,legacy,3,0.6965135386197479,0.9875588889148285,0.6849983140372302
OpenADMET-LogD,NGBoost,MHG-GNN-pretrained,legacy,4,0.6470020111849207,0.9801968034811341,0.6240477297273858
OpenADMET-LogD,NGBoost,MHG-GNN-pretrained,outlier,0,0.7012643498507147,0.9827887250554626,0.6940024410222988
OpenADMET-LogD,NGBoost,MHG-GNN-pretrained,outlier,1,0.6581022362867088,0.9770187600750261,0.6359042560060443
OpenADMET-LogD,NGBoost,MHG-GNN-pretrained,outlier,2,0.6885321917262566,0.9837043781612618,0.683613525289865
OpenADMET-LogD,NGBoost,MHG-GNN-pretrained,outlier,3,0.6965923496987809,0.9765919714393398,0.6687229676515087
OpenADMET-LogD,NGBoost,MHG-GNN-pretrained,outlier,4,0.6472341944782272,0.9877655401224791,0.6384844891650654
OpenADMET-LogD,NGBoost,MHG-GNN-pretrained,quantile,0,0.7012240387024354,0.9769562129982803,0.6786772780319985
OpenADMET-LogD,NGBoost,MHG-GNN-pretrained,quantile,1,0.6581652827158749,0.9727034421297205,0.6372592354164981
OpenADMET-LogD,NGBoost,MHG-GNN-pretrained,quantile,2,0.6882526475102984,0.9761817398972895,0.6796070829385137
OpenADMET-LogD,NGBoost,MHG-GNN-pretrained,quantile,3,0.6965415601005717,0.9757365718224967,0.6641787759344772
OpenADMET-LogD,NGBoost,MHG-GNN-pretrained,quantile,4,0.6467053188509384,0.9777937419808957,0.6233697662024085
OpenADMET-LogD,NGBoost,MHG-GNN-pretrained,threshold,0,0.701648703936548,0.9677400759316143,0.6823711123139276
OpenADMET-LogD,NGBoost,MHG-GNN-pretrained,threshold,1,0.658057410251397,0.9606122776449056,0.6414210361672512
OpenADMET-LogD,NGBoost,MHG-GNN-pretrained,threshold,2,0.688283921732517,0.9652782838144708,0.6657717017288529
OpenADMET-LogD,NGBoost,MHG-GNN-pretrained,threshold,3,0.6966485719515056,0.9644085559354042,0.6747684862221295
OpenADMET-LogD,NGBoost,MHG-GNN-pretrained,threshold,4,0.6470574035173247,0.9557591594630162,0.6208469688159133
OpenADMET-LogD,NGBoost,MHG-GNN-pretrained,valprop,0,0.7010159911297267,0.9759782207529458,0.6846915823761677
OpenADMET-LogD,NGBoost,MHG-GNN-pretrained,valprop,1,0.6581178109536494,0.9756470979395668,0.6420762187133147
OpenADMET-LogD,NGBoost,MHG-GNN-pretrained,valprop,2,0.6881900558486393,0.9776333474683754,0.6796908483743
OpenADMET-LogD,NGBoost,MHG-GNN-pretrained,valprop,3,0.696547779677204,0.978104633533105,0.6759357140017467
OpenADMET-LogD,NGBoost,MHG-GNN-pretrained,valprop,4,0.6465918575706527,0.9698866669013934,0.6163796031003176
OpenADMET-LogD,NGBoost,PDV,hetero,0,0.74016750254546,0.999015991082574,0.7362039536455849
OpenADMET-LogD,NGBoost,PDV,hetero,1,0.6215445727969283,0.9912323574794076,0.6261075042310114
OpenADMET-LogD,NGBoost,PDV,hetero,2,0.6598369817606659,0.9964987670752459,0.6551661968625845
OpenADMET-LogD,NGBoost,PDV,hetero,3,0.585768186023647,0.9998467092067631,0.5867502589868081
OpenADMET-LogD,NGBoost,PDV,hetero,4,0.6990098011888559,0.9961680017578903,0.6998212203213574
OpenADMET-LogD,NGBoost,PDV,legacy,0,0.7402509329373748,0.9935604229602568,0.7336016984955802
OpenADMET-LogD,NGBoost,PDV,legacy,1,0.6217323798476699,0.9805261652451265,0.6272129663509063
OpenADMET-LogD,NGBoost,PDV,legacy,2,0.6592866201334173,0.9911009116591731,0.6541626916159589
OpenADMET-LogD,NGBoost,PDV,legacy,3,0.5857939530732947,0.9895674207192702,0.5762333828784034
OpenADMET-LogD,NGBoost,PDV,legacy,4,0.6989702302782863,0.9894449890687463,0.693423098448767
OpenADMET-LogD,NGBoost,PDV,outlier,0,0.7402210906924787,0.9941087002519288,0.7376241206164957
OpenADMET-LogD,NGBoost,PDV,outlier,1,0.6210865937208312,0.9750875350272252,0.6207395661627597
OpenADMET-LogD,NGBoost,PDV,outlier,2,0.6592333211137096,0.9791874236554332,0.6445388866043632
OpenADMET-LogD,NGBoost,PDV,outlier,3,0.5856079717441527,0.9863095417343668,0.5886968883472118
OpenADMET-LogD,NGBoost,PDV,outlier,4,0.6989879173920313,0.9928398714832197,0.6891583231372438
OpenADMET-LogD,NGBoost,PDV,quantile,0,0.740378950993395,0.9890435899629273,0.7308188877352294
OpenADMET-LogD,NGBoost,PDV,quantile,1,0.6209675271436086,0.9799915586043371,0.624126420850881
OpenADMET-LogD,NGBoost,PDV,quantile,2,0.6594334927973591,0.9843327041472676,0.6446185474920028
OpenADMET-LogD,NGBoost,PDV,quantile,3,0.5856065682798317,0.9838705147840454,0.5893431432996433
OpenADMET-LogD,NGBoost,PDV,quantile,4,0.6989303329868981,0.9879359139115719,0.6979281934423105
OpenADMET-LogD,NGBoost,PDV,threshold,0,0.7400172512847256,0.9771147102447866,0.7211976604657684
OpenADMET-LogD,NGBoost,PDV,threshold,1,0.6209224156548259,0.9532614291802823,0.6354997445114475
OpenADMET-LogD,NGBoost,PDV,threshold,2,0.659461838587063,0.9766896144233884,0.6476914591510854
OpenADMET-LogD,NGBoost,PDV,threshold,3,0.5858659175806162,0.9818686898893098,0.5664241251588991
OpenADMET-LogD,NGBoost,PDV,threshold,4,0.6989788825091767,0.9727236655222182,0.6925077720900044
OpenADMET-LogD,NGBoost,PDV,valprop,0,0.740179719424501,0.9865006507251671,0.729157656400884
OpenADMET-LogD,NGBoost,PDV,valprop,1,0.6214708286724369,0.9706935477963944,0.626619363554879
OpenADMET-LogD,NGBoost,PDV,valprop,2,0.6596465931932395,0.9867531482645538,0.6516412260913984
OpenADMET-LogD,NGBoost,PDV,valprop,3,0.5858689369006187,0.9803538018854944,0.5624546441114086
OpenADMET-LogD,NGBoost,PDV,valprop,4,0.6989968383049219,0.9811387073625265,0.6877022065008156
OpenADMET-LogD,NGBoost,SNS,hetero,0,0.6966915658309845,0.9928562651956956,0.6916390797103892
OpenADMET-LogD,NGBoost,SNS,hetero,1,0.5833342807165467,0.9952841979373613,0.5863221126155616
OpenADMET-LogD,NGBoost,SNS,hetero,2,0.6295309535058542,0.9935781998571018,0.6267827313301992
OpenADMET-LogD,NGBoost,SNS,hetero,3,0.5674993205603114,0.995531429429214,0.5667512855057075
OpenADMET-LogD,NGBoost,SNS,hetero,4,0.6230881079854514,0.9982334583041688,0.6234073316503057
OpenADMET-LogD,NGBoost,SNS,legacy,0,0.6967682565637504,0.9811943856582374,0.6869353718754848
OpenADMET-LogD,NGBoost,SNS,legacy,1,0.5833422582053773,0.9871838827303256,0.5836061635147343
OpenADMET-LogD,NGBoost,SNS,legacy,2,0.6293459757372926,0.9796560833850497,0.6296974087595821
OpenADMET-LogD,NGBoost,SNS,legacy,3,0.5675043861926465,0.9852291568965222,0.5561001829855958
OpenADMET-LogD,NGBoost,SNS,legacy,4,0.6231592231344443,0.9897646264717401,0.6169237444498301
OpenADMET-LogD,NGBoost,SNS,outlier,0,0.6964926749918812,0.9734182723219508,0.6835520371571899
OpenADMET-LogD,NGBoost,SNS,outlier,1,0.5833294030910954,0.9837343679369817,0.5733712366503856
OpenADMET-LogD,NGBoost,SNS,outlier,2,0.6271570695669049,0.9844199850285553,0.6181143975538073
OpenADMET-LogD,NGBoost,SNS,outlier,3,0.5674655373748054,0.9828867942050812,0.5555670651204696
OpenADMET-LogD,NGBoost,SNS,outlier,4,0.6231149356821581,0.9887080403967886,0.6225702280971588
OpenADMET-LogD,NGBoost,SNS,quantile,0,0.6965473621741978,0.9746974464107122,0.6900175314452031
OpenADMET-LogD,NGBoost,SNS,quantile,1,0.5831617710948629,0.9802037026404762,0.5744434833760095
OpenADMET-LogD,NGBoost,SNS,quantile,2,0.6312295525244511,0.9731951851870329,0.6253938723982897
OpenADMET-LogD,NGBoost,SNS,quantile,3,0.5675420366852544,0.9822459971528794,0.5610375699883288
OpenADMET-LogD,NGBoost,SNS,quantile,4,0.6233037498392467,0.9830092803619475,0.6159843295208809
OpenADMET-LogD,NGBoost,SNS,threshold,0,0.6965707739576305,0.972254621712363,0.6846055513981983
OpenADMET-LogD,NGBoost,SNS,threshold,1,0.5832121511561545,0.974464716312866,0.5815482132025325
OpenADMET-LogD,NGBoost,SNS,threshold,2,0.6303262502703617,0.9596523106390412,0.6255433704548601
OpenADMET-LogD,NGBoost,SNS,threshold,3,0.5676069800062467,0.974251956363864,0.5525938717295147
OpenADMET-LogD,NGBoost,SNS,threshold,4,0.6229953141434105,0.9834393998310009,0.6328600388115774
OpenADMET-LogD,NGBoost,SNS,valprop,0,0.696643058041918,0.9705747469869058,0.6813737555930357
OpenADMET-LogD,NGBoost,SNS,valprop,1,0.5833666495852919,0.977430781395322,0.5796909120347014
OpenADMET-LogD,NGBoost,SNS,valprop,2,0.6278331234900292,0.974560718050656,0.6291171755722391
OpenADMET-LogD,NGBoost,SNS,valprop,3,0.5674769846758316,0.9739660056616778,0.5529921466299881
OpenADMET-LogD,NGBoost,SNS,valprop,4,0.623343755893033,0.9830270991539358,0.6177723361429144
OpenADMET-LogD,QRF,ECFP4,hetero,0,0.6851588628536498,0.9896731333315343,0.6755481511619328
OpenADMET-LogD,QRF,ECFP4,hetero,1,0.5675359621344831,0.9766257284273684,0.5724702307703627
OpenADMET-LogD,QRF,ECFP4,hetero,2,0.6239160200940541,0.9879000573328127,0.6010166633751111
OpenADMET-LogD,QRF,ECFP4,hetero,3,0.6274055181824902,0.9815100403904005,0.6118217511180557
OpenADMET-LogD,QRF,ECFP4,hetero,4,0.644254231865145,0.980058213410549,0.6330062657910456
OpenADMET-LogD,QRF,ECFP4,legacy,0,0.6851588628536498,0.937922235084152,0.6414857140031693
OpenADMET-LogD,QRF,ECFP4,legacy,1,0.5675359621344831,0.8850282966770989,0.5203792929242071
OpenADMET-LogD,QRF,ECFP4,legacy,2,0.6239160200940541,0.9238113446933254,0.5437742772293199
OpenADMET-LogD,QRF,ECFP4,legacy,3,0.6274055181824902,0.9119664359206076,0.5548044117971354
OpenADMET-LogD,QRF,ECFP4,legacy,4,0.644254231865145,0.9014717740020259,0.5757098372838801
OpenADMET-LogD,QRF,ECFP4,outlier,0,0.6851588628536498,0.9830454892974114,0.6777443341207452
OpenADMET-LogD,QRF,ECFP4,outlier,1,0.5675359621344831,0.9323246482670162,0.5271348257748888
OpenADMET-LogD,QRF,ECFP4,outlier,2,0.6239160200940541,0.9539572731827266,0.5878109980867313
OpenADMET-LogD,QRF,ECFP4,outlier,3,0.6274055181824902,0.9556113895837093,0.5665912839438916
OpenADMET-LogD,QRF,ECFP4,outlier,4,0.644254231865145,0.9657997880976763,0.619187452731617
OpenADMET-LogD,QRF,ECFP4,quantile,0,0.6851588628536498,0.9271628642752818,0.6407549274066757
OpenADMET-LogD,QRF,ECFP4,quantile,1,0.5675359621344831,0.8994072948660848,0.5007375335097758
OpenADMET-LogD,QRF,ECFP4,quantile,2,0.6239160200940541,0.9214319191808777,0.5565806401053557
OpenADMET-LogD,QRF,ECFP4,quantile,3,0.6274055181824902,0.9462770073187938,0.5962925363532317
OpenADMET-LogD,QRF,ECFP4,quantile,4,0.644254231865145,0.9315310473661094,0.5757604506173102
OpenADMET-LogD,QRF,ECFP4,threshold,0,0.6851588628536498,0.7737917503148742,0.5282207783098405
OpenADMET-LogD,QRF,ECFP4,threshold,1,0.5675359621344831,0.5360171956529832,0.2602956665890195
OpenADMET-LogD,QRF,ECFP4,threshold,2,0.6239160200940541,0.747612646466192,0.3843275635290734
OpenADMET-LogD,QRF,ECFP4,threshold,3,0.6274055181824902,0.6871817903633074,0.3936105251188601
OpenADMET-LogD,QRF,ECFP4,threshold,4,0.644254231865145,0.6471032254650869,0.3839663638614651
OpenADMET-LogD,QRF,ECFP4,valprop,0,0.6851588628536498,0.8826456513258368,0.5986990747651604
OpenADMET-LogD,QRF,ECFP4,valprop,1,0.5675359621344831,0.7788033734828437,0.4333123023792984
OpenADMET-LogD,QRF,ECFP4,valprop,2,0.6239160200940541,0.8720049997286374,0.4936673607668047
OpenADMET-LogD,QRF,ECFP4,valprop,3,0.6274055181824902,0.8448135577271221,0.5148307038551722
OpenADMET-LogD,QRF,ECFP4,valprop,4,0.644254231865145,0.8136037083365827,0.5090127218861075
OpenADMET-LogD,QRF,MHG-GNN-pretrained,hetero,0,0.7818165964307477,0.9884802167839024,0.7776551298277159
OpenADMET-LogD,QRF,MHG-GNN-pretrained,hetero,1,0.6680189527593586,0.9900337615264383,0.6620294840219623
OpenADMET-LogD,QRF,MHG-GNN-pretrained,hetero,2,0.6909628235597356,0.9902688077257227,0.6778282444332722
OpenADMET-LogD,QRF,MHG-GNN-pretrained,hetero,3,0.6934199662635993,0.9913354168178561,0.6925924619981679
OpenADMET-LogD,QRF,MHG-GNN-pretrained,hetero,4,0.715915862392226,0.9930691959577085,0.7184843183425464
OpenADMET-LogD,QRF,MHG-GNN-pretrained,legacy,0,0.7818165964307477,0.9432633586218337,0.7363401794828932
OpenADMET-LogD,QRF,MHG-GNN-pretrained,legacy,1,0.6680189527593586,0.9361449125106436,0.63044491928215
OpenADMET-LogD,QRF,MHG-GNN-pretrained,legacy,2,0.6909628235597356,0.9424734746431728,0.6369439838841835
OpenADMET-LogD,QRF,MHG-GNN-pretrained,legacy,3,0.6934199662635993,0.9400973476886156,0.6572748663169938
OpenADMET-LogD,QRF,MHG-GNN-pretrained,legacy,4,0.715915862392226,0.9412394328683746,0.6920089082679151
OpenADMET-LogD,QRF,MHG-GNN-pretrained,outlier,0,0.7818165964307477,0.9753702761121712,0.7674385195547635
OpenADMET-LogD,QRF,MHG-GNN-pretrained,outlier,1,0.6680189527593586,0.9780268159423029,0.6455927783005879
OpenADMET-LogD,QRF,MHG-GNN-pretrained,outlier,2,0.6909628235597356,0.9624683391549584,0.6538545128540303
OpenADMET-LogD,QRF,MHG-GNN-pretrained,outlier,3,0.6934199662635993,0.9875828729248045,0.6746936232154224
OpenADMET-LogD,QRF,MHG-GNN-pretrained,outlier,4,0.715915862392226,0.969541138683953,0.6683480491615705
OpenADMET-LogD,QRF,MHG-GNN-pretrained,quantile,0,0.7818165964307477,0.9343858684380469,0.7186974277260127
OpenADMET-LogD,QRF,MHG-GNN-pretrained,quantile,1,0.6680189527593586,0.9520825220295155,0.6208652510809295
OpenADMET-LogD,QRF,MHG-GNN-pretrained,quantile,2,0.6909628235597356,0.9362381960287012,0.63876514225175
OpenADMET-LogD,QRF,MHG-GNN-pretrained,quantile,3,0.6934199662635993,0.9599197791298945,0.6570407681109153
OpenADMET-LogD,QRF,MHG-GNN-pretrained,quantile,4,0.715915862392226,0.9503054490385257,0.6689117177054732
OpenADMET-LogD,QRF,MHG-GNN-pretrained,threshold,0,0.7818165964307477,0.8109081549276279,0.6429571296639554
OpenADMET-LogD,QRF,MHG-GNN-pretrained,threshold,1,0.6680189527593586,0.7848325210857445,0.540593001295678
OpenADMET-LogD,QRF,MHG-GNN-pretrained,threshold,2,0.6909628235597356,0.8175700195938357,0.5460191353326227
OpenADMET-LogD,QRF,MHG-GNN-pretrained,threshold,3,0.6934199662635993,0.8151192698276688,0.5693567002094039
OpenADMET-LogD,QRF,MHG-GNN-pretrained,threshold,4,0.715915862392226,0.7866464838935798,0.6138613385779661
OpenADMET-LogD,QRF,MHG-GNN-pretrained,valprop,0,0.7818165964307477,0.8921524185886942,0.7001323411550642
OpenADMET-LogD,QRF,MHG-GNN-pretrained,valprop,1,0.6680189527593586,0.8836396256093196,0.6108172945672448
OpenADMET-LogD,QRF,MHG-GNN-pretrained,valprop,2,0.6909628235597356,0.8989941584960979,0.5990079937950038
OpenADMET-LogD,QRF,MHG-GNN-pretrained,valprop,3,0.6934199662635993,0.8903247778291761,0.603234869951702
OpenADMET-LogD,QRF,MHG-GNN-pretrained,valprop,4,0.715915862392226,0.8923388283043483,0.6512536464872687
OpenADMET-LogD,QRF,PDV,hetero,0,0.7291648827390298,0.9919064236482112,0.7214186148533268
OpenADMET-LogD,QRF,PDV,hetero,1,0.6216096053693212,0.9818271447578505,0.6248789548814275
OpenADMET-LogD,QRF,PDV,hetero,2,0.7098373721055466,0.9821259230970867,0.6948035390517634
OpenADMET-LogD,QRF,PDV,hetero,3,0.728316602590791,0.9874456414864636,0.7203131789051472
OpenADMET-LogD,QRF,PDV,hetero,4,0.7259809563268271,0.9894132686277665,0.7223834831314113
OpenADMET-LogD,QRF,PDV,legacy,0,0.7291648827390298,0.9337797065629381,0.6803843774863643
OpenADMET-LogD,QRF,PDV,legacy,1,0.6216096053693212,0.9260816176852362,0.5963634048037431
OpenADMET-LogD,QRF,PDV,legacy,2,0.7098373721055466,0.9063601757137141,0.6384696796517997
OpenADMET-LogD,QRF,PDV,legacy,3,0.728316602590791,0.9347173089665534,0.6814212300185756
OpenADMET-LogD,QRF,PDV,legacy,4,0.7259809563268271,0.9241041472273269,0.6943199875139133
OpenADMET-LogD,QRF,PDV,outlier,0,0.7291648827390298,0.9589745160561813,0.681171754551378
OpenADMET-LogD,QRF,PDV,outlier,1,0.6216096053693212,0.9710017149294712,0.6149499962807587
OpenADMET-LogD,QRF,PDV,outlier,2,0.7098373721055466,0.9737368538252705,0.7012025452613884
OpenADMET-LogD,QRF,PDV,outlier,3,0.728316602590791,0.9701058387442992,0.7073911286047831
OpenADMET-LogD,QRF,PDV,outlier,4,0.7259809563268271,0.9669887532360747,0.6816787313170422
OpenADMET-LogD,QRF,PDV,quantile,0,0.7291648827390298,0.9355375702444501,0.6649232486698837
OpenADMET-LogD,QRF,PDV,quantile,1,0.6216096053693212,0.9610199911771256,0.6290261300614179
OpenADMET-LogD,QRF,PDV,quantile,2,0.7098373721055466,0.934565013691887,0.6603866620034295
OpenADMET-LogD,QRF,PDV,quantile,3,0.728316602590791,0.9449149849378828,0.6553991280955611
OpenADMET-LogD,QRF,PDV,quantile,4,0.7259809563268271,0.9407854280022337,0.6927832265591427
OpenADMET-LogD,QRF,PDV,threshold,0,0.7291648827390298,0.7687240320042537,0.5711099435834353
OpenADMET-LogD,QRF,PDV,threshold,1,0.6216096053693212,0.7384005022907201,0.4666570570035205
OpenADMET-LogD,QRF,PDV,threshold,2,0.7098373721055466,0.7110456405450423,0.5021142550479611
OpenADMET-LogD,QRF,PDV,threshold,3,0.728316602590791,0.8025479131700858,0.6124658874270371
OpenADMET-LogD,QRF,PDV,threshold,4,0.7259809563268271,0.7103392697459805,0.524000596790104
OpenADMET-LogD,QRF,PDV,valprop,0,0.7291648827390298,0.8787885556676353,0.6308639694119107
OpenADMET-LogD,QRF,PDV,valprop,1,0.6216096053693212,0.8677593342369903,0.5601585206814665
OpenADMET-LogD,QRF,PDV,valprop,2,0.7098373721055466,0.8389969842861196,0.5921432560163717
OpenADMET-LogD,QRF,PDV,valprop,3,0.728316602590791,0.890401446276526,0.6569925665799496
OpenADMET-LogD,QRF,PDV,valprop,4,0.7259809563268271,0.8518887747722526,0.636867995465318
OpenADMET-LogD,QRF,SNS,hetero,0,0.7451704376279331,0.981925699571117,0.7186753782349072
OpenADMET-LogD,QRF,SNS,hetero,1,0.6432958880741587,0.9882199383825532,0.6229880509042798
OpenADMET-LogD,QRF,SNS,hetero,2,0.6971618630626066,0.9884468481813793,0.6794450260012066
OpenADMET-LogD,QRF,SNS,hetero,3,0.70479801540607,0.9783201014855094,0.6949400528884018
OpenADMET-LogD,QRF,SNS,hetero,4,0.711874198985043,0.9782384220925964,0.6928142179470005
OpenADMET-LogD,QRF,SNS,legacy,0,0.7451704376279331,0.9144470263716035,0.669203061049108
OpenADMET-LogD,QRF,SNS,legacy,1,0.6432958880741587,0.9115170843024328,0.5710555879677361
OpenADMET-LogD,QRF,SNS,legacy,2,0.6971618630626066,0.8967126428970245,0.5893416046618095
OpenADMET-LogD,QRF,SNS,legacy,3,0.70479801540607,0.8893962285396783,0.6081011073785002
OpenADMET-LogD,QRF,SNS,legacy,4,0.711874198985043,0.901178055413727,0.6413967949032554
OpenADMET-LogD,QRF,SNS,outlier,0,0.7451704376279331,0.9715616933736595,0.7221757530712377
OpenADMET-LogD,QRF,SNS,outlier,1,0.6432958880741587,0.9597973355347124,0.6159509641791447
OpenADMET-LogD,QRF,SNS,outlier,2,0.6971618630626066,0.9670626686022513,0.6147669600224823
OpenADMET-LogD,QRF,SNS,outlier,3,0.70479801540607,0.942568376873659,0.6557953323545677
OpenADMET-LogD,QRF,SNS,outlier,4,0.711874198985043,0.9528656186900091,0.6738017256901438
OpenADMET-LogD,QRF,SNS,quantile,0,0.7451704376279331,0.911546107307876,0.6764952396691286
OpenADMET-LogD,QRF,SNS,quantile,1,0.6432958880741587,0.9276265075509,0.5745047128741699
OpenADMET-LogD,QRF,SNS,quantile,2,0.6971618630626066,0.9310705487993822,0.6306036419068838
OpenADMET-LogD,QRF,SNS,quantile,3,0.70479801540607,0.9267798532396948,0.6360415385262035
OpenADMET-LogD,QRF,SNS,quantile,4,0.711874198985043,0.926509539191581,0.6624615107038683
OpenADMET-LogD,QRF,SNS,threshold,0,0.7451704376279331,0.7140879104942941,0.5123664025519004
OpenADMET-LogD,QRF,SNS,threshold,1,0.6432958880741587,0.6337262839329,0.3619354564133069
OpenADMET-LogD,QRF,SNS,threshold,2,0.6971618630626066,0.6750180093391002,0.387109155700976
OpenADMET-LogD,QRF,SNS,threshold,3,0.70479801540607,0.6302183029333661,0.3858801132943651
OpenADMET-LogD,QRF,SNS,threshold,4,0.711874198985043,0.6761617041920137,0.4781421105272733
OpenADMET-LogD,QRF,SNS,valprop,0,0.7451704376279331,0.8377697543814647,0.6073482547639879
OpenADMET-LogD,QRF,SNS,valprop,1,0.6432958880741587,0.8219709999523371,0.4850218860723412
OpenADMET-LogD,QRF,SNS,valprop,2,0.6971618630626066,0.8200434144176622,0.5242702841960054
OpenADMET-LogD,QRF,SNS,valprop,3,0.70479801540607,0.8162718393725668,0.5318558134934748
OpenADMET-LogD,QRF,SNS,valprop,4,0.711874198985043,0.8260990544400725,0.5640361832601957
OpenADMET-LogD,RF,ECFP4,hetero,0,0.6450010569181484,0.9803984934398825,0.6330882875671757
OpenADMET-LogD,RF,ECFP4,hetero,1,0.6250881795436531,0.9885758807390118,0.620040439564745
OpenADMET-LogD,RF,ECFP4,hetero,2,0.6329998293261982,0.9872570286490596,0.6221085570677156
OpenADMET-LogD,RF,ECFP4,hetero,3,0.6952764220636528,0.9870270411646457,0.6757234363093487
OpenADMET-LogD,RF,ECFP4,hetero,4,0.6806781751155915,0.9828813831092851,0.6696625872992041
OpenADMET-LogD,RF,ECFP4,legacy,0,0.6450010569181484,0.9380132069428765,0.6010566764584785
OpenADMET-LogD,RF,ECFP4,legacy,1,0.6250881795436531,0.9394147092813442,0.5927466372967645
OpenADMET-LogD,RF,ECFP4,legacy,2,0.6329998293261982,0.9340512424379928,0.58136273676835
OpenADMET-LogD,RF,ECFP4,legacy,3,0.6952764220636528,0.9499690769023524,0.6430269623297479
OpenADMET-LogD,RF,ECFP4,legacy,4,0.6806781751155915,0.9371848785655588,0.6326118071435576
OpenADMET-LogD,RF,ECFP4,outlier,0,0.6450010569181485,0.9614650203544322,0.6128789248074848
OpenADMET-LogD,RF,ECFP4,outlier,1,0.6250881795436531,0.9574983302161051,0.6010963343390174
OpenADMET-LogD,RF,ECFP4,outlier,2,0.6329998293261982,0.9700306507849212,0.6208361960067044
OpenADMET-LogD,RF,ECFP4,outlier,3,0.6952764220636528,0.973616676359292,0.6784355936697278
OpenADMET-LogD,RF,ECFP4,outlier,4,0.6806781751155915,0.9662683580411812,0.6492133821228462
OpenADMET-LogD,RF,ECFP4,quantile,0,0.6450010569181485,0.9340173491320565,0.599271534222267
OpenADMET-LogD,RF,ECFP4,quantile,1,0.6250881795436531,0.9339103687515324,0.5973439099406685
OpenADMET-LogD,RF,ECFP4,quantile,2,0.6329998293261982,0.9287917331727278,0.5913290223602596
OpenADMET-LogD,RF,ECFP4,quantile,3,0.6952764220636529,0.9351276431625503,0.6502406867483818
OpenADMET-LogD,RF,ECFP4,quantile,4,0.6806781751155915,0.9519222858156385,0.637035915029984
OpenADMET-LogD,RF,ECFP4,threshold,0,0.6450010569181484,0.8378855352001524,0.5349242996281607
OpenADMET-LogD,RF,ECFP4,threshold,1,0.6250881795436531,0.7917942898635649,0.4859178040233937
OpenADMET-LogD,RF,ECFP4,threshold,2,0.6329998293261982,0.8147046618273984,0.5046199189892278
OpenADMET-LogD,RF,ECFP4,threshold,3,0.6952764220636529,0.8452083524832144,0.5600025444678205
OpenADMET-LogD,RF,ECFP4,threshold,4,0.6806781751155915,0.791190681870833,0.5231271727185635
OpenADMET-LogD,RF,ECFP4,valprop,0,0.6450010569181484,0.8986381777009826,0.5703991238189883
OpenADMET-LogD,RF,ECFP4,valprop,1,0.6250881795436531,0.8915038505249918,0.5582545439975444
OpenADMET-LogD,RF,ECFP4,valprop,2,0.6329998293261982,0.8934735781423215,0.5574964829236861
OpenADMET-LogD,RF,ECFP4,valprop,3,0.6952764220636528,0.9128155623840786,0.6058004264676788
OpenADMET-LogD,RF,ECFP4,valprop,4,0.6806781751155915,0.8870596125393354,0.5931925011789083
OpenADMET-LogD,RF,MHG-GNN-pretrained,hetero,0,0.7739362087628402,0.9917487696150185,0.7621345679340916
OpenADMET-LogD,RF,MHG-GNN-pretrained,hetero,1,0.7078172549459996,0.9981651264975012,0.6987735683726464
OpenADMET-LogD,RF,MHG-GNN-pretrained,hetero,2,0.6605335705512437,0.9945570091678673,0.6579867472522665
OpenADMET-LogD,RF,MHG-GNN-pretrained,hetero,3,0.6839305519788726,0.9861953990927271,0.6781230429829408
OpenADMET-LogD,RF,MHG-GNN-pretrained,hetero,4,0.7302388751705757,0.9861704105666822,0.7225988081612327
OpenADMET-LogD,RF,MHG-GNN-pretrained,legacy,0,0.7739362087628402,0.9700365728824364,0.7384463041373395
OpenADMET-LogD,RF,MHG-GNN-pretrained,legacy,1,0.7078172549459996,0.9710611651012026,0.6810797766919139
OpenADMET-LogD,RF,MHG-GNN-pretrained,legacy,2,0.6605335705512437,0.9685390775797865,0.6584815304619369
OpenADMET-LogD,RF,MHG-GNN-pretrained,legacy,3,0.6839305519788728,0.958659602224141,0.6555340550948512
OpenADMET-LogD,RF,MHG-GNN-pretrained,legacy,4,0.7302388751705757,0.9580410425592732,0.7120448461404407
OpenADMET-LogD,RF,MHG-GNN-pretrained,outlier,0,0.7739362087628402,0.9871971110488923,0.7589449745629698
OpenADMET-LogD,RF,MHG-GNN-pretrained,outlier,1,0.7078172549459996,0.9841816153798082,0.6931384864283674
OpenADMET-LogD,RF,MHG-GNN-pretrained,outlier,2,0.6605335705512437,0.9874339466013065,0.6544990949207616
OpenADMET-LogD,RF,MHG-GNN-pretrained,outlier,3,0.6839305519788728,0.9658338417193039,0.6337727016389682
OpenADMET-LogD,RF,MHG-GNN-pretrained,outlier,4,0.7302388751705757,0.9721967657941081,0.7114985147975854
OpenADMET-LogD,RF,MHG-GNN-pretrained,quantile,0,0.7739362087628402,0.9779264994076182,0.7583536220458662
OpenADMET-LogD,RF,MHG-GNN-pretrained,quantile,1,0.7078172549459996,0.9845120915451827,0.7109663098869008
OpenADMET-LogD,RF,MHG-GNN-pretrained,quantile,2,0.6605335705512437,0.974829004779809,0.6597155159274852
OpenADMET-LogD,RF,MHG-GNN-pretrained,quantile,3,0.6839305519788725,0.9511052477214764,0.6250366561049384
OpenADMET-LogD,RF,MHG-GNN-pretrained,quantile,4,0.7302388751705757,0.9588569857909377,0.7081630294981143
OpenADMET-LogD,RF,MHG-GNN-pretrained,threshold,0,0.7739362087628402,0.9057350123729124,0.6712241957297764
OpenADMET-LogD,RF,MHG-GNN-pretrained,threshold,1,0.7078172549459996,0.9035864555246278,0.6224337577104211
OpenADMET-LogD,RF,MHG-GNN-pretrained,threshold,2,0.6605335705512437,0.8800585957114635,0.5831497734103399
OpenADMET-LogD,RF,MHG-GNN-pretrained,threshold,3,0.6839305519788728,0.8946621703225828,0.6193493940696602
OpenADMET-LogD,RF,MHG-GNN-pretrained,threshold,4,0.7302388751705757,0.8845553723915122,0.654080371142074
OpenADMET-LogD,RF,MHG-GNN-pretrained,valprop,0,0.7739362087628402,0.9484788417579955,0.7187318747837377
OpenADMET-LogD,RF,MHG-GNN-pretrained,valprop,1,0.7078172549459996,0.948610296635283,0.6700115468744938
OpenADMET-LogD,RF,MHG-GNN-pretrained,valprop,2,0.6605335705512438,0.9449477511514485,0.6444574319687637
OpenADMET-LogD,RF,MHG-GNN-pretrained,valprop,3,0.6839305519788725,0.9390058036009831,0.6449663903897335
OpenADMET-LogD,RF,MHG-GNN-pretrained,valprop,4,0.7302388751705757,0.9298326968376315,0.6892061865961765
OpenADMET-LogD,RF,PDV,hetero,0,0.7714792364615737,0.9916859978873701,0.7586790390951019
OpenADMET-LogD,RF,PDV,hetero,1,0.6702777089370181,0.9894633733178353,0.666777754262897
OpenADMET-LogD,RF,PDV,hetero,2,0.698730837787094,0.9838477067760819,0.688295904917738
OpenADMET-LogD,RF,PDV,hetero,3,0.6846448783973444,0.9934324228992205,0.6851891276652161
OpenADMET-LogD,RF,PDV,hetero,4,0.7176628559970009,0.990330606024195,0.7109457810711869
OpenADMET-LogD,RF,PDV,legacy,0,0.7714792364615737,0.966792278042223,0.7328588203740292
OpenADMET-LogD,RF,PDV,legacy,1,0.6702777089370181,0.9511113925707421,0.6413742709921026
OpenADMET-LogD,RF,PDV,legacy,2,0.698730837787094,0.9477233724720568,0.6603088731376586
OpenADMET-LogD,RF,PDV,legacy,3,0.6846448783973444,0.9630200616310618,0.675652082254024
OpenADMET-LogD,RF,PDV,legacy,4,0.7176628559970009,0.96166768664004,0.6878070433983071
OpenADMET-LogD,RF,PDV,outlier,0,0.7714792364615737,0.9732333749146287,0.7526015330191864
OpenADMET-LogD,RF,PDV,outlier,1,0.6702777089370181,0.9771216726704539,0.6612273895486447
OpenADMET-LogD,RF,PDV,outlier,2,0.698730837787094,0.9716706938679861,0.680640596522061
OpenADMET-LogD,RF,PDV,outlier,3,0.6846448783973444,0.9754866220745844,0.6829463220139508
OpenADMET-LogD,RF,PDV,outlier,4,0.7176628559970009,0.9727208756272158,0.6993966145798689
OpenADMET-LogD,RF,PDV,quantile,0,0.7714792364615737,0.9621440746543021,0.7279445401931783
OpenADMET-LogD,RF,PDV,quantile,1,0.6702777089370181,0.9585587021474563,0.6535050658691806
OpenADMET-LogD,RF,PDV,quantile,2,0.698730837787094,0.9545747841139706,0.6589010239192665
OpenADMET-LogD,RF,PDV,quantile,3,0.6846448783973444,0.9585969535846841,0.6627099119704418
OpenADMET-LogD,RF,PDV,quantile,4,0.7176628559970009,0.9555323150504126,0.6739352134673
OpenADMET-LogD,RF,PDV,threshold,0,0.7714792364615737,0.8968948890592813,0.6681773561116704
OpenADMET-LogD,RF,PDV,threshold,1,0.6702777089370181,0.8526321421242359,0.5756425015785431
OpenADMET-LogD,RF,PDV,threshold,2,0.698730837787094,0.8611088719497321,0.5880633410607347
OpenADMET-LogD,RF,PDV,threshold,3,0.6846448783973444,0.8742962201186522,0.6188770543174904
OpenADMET-LogD,RF,PDV,threshold,4,0.7176628559970009,0.8806593289198377,0.6546090418740798
OpenADMET-LogD,RF,PDV,valprop,0,0.7714792364615737,0.9367707171986698,0.7007635923348503
OpenADMET-LogD,RF,PDV,valprop,1,0.6702777089370181,0.9169339977267603,0.6143461497715632
OpenADMET-LogD,RF,PDV,valprop,2,0.698730837787094,0.9174550592918618,0.6472167082705277
OpenADMET-LogD,RF,PDV,valprop,3,0.6846448783973444,0.9328247241174927,0.655263404833019
OpenADMET-LogD,RF,PDV,valprop,4,0.7176628559970009,0.9355944443963911,0.6810427441690436
OpenADMET-LogD,RF,SNS,hetero,0,0.7564909656440305,0.9886552020426146,0.7407726785677791
OpenADMET-LogD,RF,SNS,hetero,1,0.6674377680560064,0.9868156224785969,0.6492666903341769
OpenADMET-LogD,RF,SNS,hetero,2,0.740780634044512,0.9846622666867251,0.7332022495280339
OpenADMET-LogD,RF,SNS,hetero,3,0.7629050950785419,0.9895182466513902,0.7541532172579877
OpenADMET-LogD,RF,SNS,hetero,4,0.6975740187694452,0.9865930434898932,0.6864073503641736
OpenADMET-LogD,RF,SNS,legacy,0,0.7564909656440305,0.9536997657320797,0.7118870651477716
OpenADMET-LogD,RF,SNS,legacy,1,0.6674377680560064,0.9443977071378621,0.6045079770508242
OpenADMET-LogD,RF,SNS,legacy,2,0.740780634044512,0.9445796270073025,0.6921647051230733
OpenADMET-LogD,RF,SNS,legacy,3,0.7629050950785419,0.9512106131985681,0.7325784475888287
OpenADMET-LogD,RF,SNS,legacy,4,0.6975740187694452,0.9468374917771849,0.6645296052300296
OpenADMET-LogD,RF,SNS,outlier,0,0.7564909656440305,0.9754007926346852,0.7273669606127817
OpenADMET-LogD,RF,SNS,outlier,1,0.6674377680560064,0.9630444094244934,0.6456165660431805
OpenADMET-LogD,RF,SNS,outlier,2,0.740780634044512,0.9642961208606934,0.7019329898212516
OpenADMET-LogD,RF,SNS,outlier,3,0.7629050950785419,0.9684734549411032,0.7346737090073201
OpenADMET-LogD,RF,SNS,outlier,4,0.6975740187694452,0.977425177707139,0.6643548675907875
OpenADMET-LogD,RF,SNS,quantile,0,0.7564909656440305,0.9589948702965071,0.7235981722189645
OpenADMET-LogD,RF,SNS,quantile,1,0.6674377680560064,0.9450877956993474,0.6283621489086377
OpenADMET-LogD,RF,SNS,quantile,2,0.740780634044512,0.9337438233152792,0.6757993416566292
OpenADMET-LogD,RF,SNS,quantile,3,0.7629050950785419,0.9591291504235356,0.7415861887096764
OpenADMET-LogD,RF,SNS,quantile,4,0.6975740187694452,0.9499920987497865,0.6532897096707784
OpenADMET-LogD,RF,SNS,threshold,0,0.7564909656440305,0.8345749541201083,0.613904527195513
OpenADMET-LogD,RF,SNS,threshold,1,0.6674377680560064,0.7936197809360287,0.4998568404959661
OpenADMET-LogD,RF,SNS,threshold,2,0.740780634044512,0.8305948375143366,0.6193403778368253
OpenADMET-LogD,RF,SNS,threshold,3,0.7629050950785419,0.834996776219314,0.6425117496009929
OpenADMET-LogD,RF,SNS,threshold,4,0.6975740187694452,0.8122011612813863,0.5796841165694239
OpenADMET-LogD,RF,SNS,valprop,0,0.7564909656440305,0.9139573318216635,0.6775460452625912
OpenADMET-LogD,RF,SNS,valprop,1,0.6674377680560064,0.8885348753027791,0.5531602711055659
OpenADMET-LogD,RF,SNS,valprop,2,0.740780634044512,0.9065657242352853,0.6620864102330785
OpenADMET-LogD,RF,SNS,valprop,3,0.7629050950785419,0.9134905316959075,0.6979969578124912
OpenADMET-LogD,RF,SNS,valprop,4,0.6975740187694452,0.901595595314969,0.6271740617312771
OpenADMET-LogD,SVM,ECFP4,hetero,0,0.6049326966070834,0.986737274068277,0.5977747191725904
OpenADMET-LogD,SVM,ECFP4,hetero,1,0.5284597569754139,0.9795128338278748,0.514458062132187
OpenADMET-LogD,SVM,ECFP4,hetero,2,0.5834512084201818,0.9834000529674582,0.5711198009222925
OpenADMET-LogD,SVM,ECFP4,hetero,3,0.612468572401377,0.982889254161682,0.6026393719656356
OpenADMET-LogD,SVM,ECFP4,hetero,4,0.6405199099874692,0.9835175654688343,0.6304864709518705
OpenADMET-LogD,SVM,ECFP4,legacy,0,0.6049326966070834,0.9457406104511757,0.5700198068655149
OpenADMET-LogD,SVM,ECFP4,legacy,1,0.5284597569754139,0.928095718726989,0.4853335098937195
OpenADMET-LogD,SVM,ECFP4,legacy,2,0.5834512084201818,0.9248631450031738,0.5298616724443951
OpenADMET-LogD,SVM,ECFP4,legacy,3,0.612468572401377,0.9337313141610653,0.5684169569010353
OpenADMET-LogD,SVM,ECFP4,legacy,4,0.6405199099874692,0.9301465956213055,0.589160999187899
OpenADMET-LogD,SVM,ECFP4,outlier,0,0.6049326966070834,0.9762565360329926,0.5866049866533273
OpenADMET-LogD,SVM,ECFP4,outlier,1,0.5284597569754139,0.9872831078490504,0.5180144923335479
OpenADMET-LogD,SVM,ECFP4,outlier,2,0.5834512084201818,0.9783006022762477,0.5689301691588713
OpenADMET-LogD,SVM,ECFP4,outlier,3,0.612468572401377,0.9791343818758084,0.5935707540836987
OpenADMET-LogD,SVM,ECFP4,outlier,4,0.6405199099874692,0.9824180286468416,0.6262085229083696
OpenADMET-LogD,SVM,ECFP4,quantile,0,0.6049326966070834,0.9603327967627715,0.5783725207158372
OpenADMET-LogD,SVM,ECFP4,quantile,1,0.5284597569754139,0.9614716923755163,0.4984307302272812
OpenADMET-LogD,SVM,ECFP4,quantile,2,0.5834512084201818,0.9498529366927224,0.5483631771381198
OpenADMET-LogD,SVM,ECFP4,quantile,3,0.612468572401377,0.9558121968812956,0.58238168973995
OpenADMET-LogD,SVM,ECFP4,quantile,4,0.6405199099874692,0.9589532994422194,0.6066472505168385
OpenADMET-LogD,SVM,ECFP4,threshold,0,0.6049326966070834,0.8737232776104765,0.5054511878871748
OpenADMET-LogD,SVM,ECFP4,threshold,1,0.5284597569754139,0.8256407279539698,0.4220325387264808
OpenADMET-LogD,SVM,ECFP4,threshold,2,0.5834512084201818,0.8446451255086496,0.4686271905671323
OpenADMET-LogD,SVM,ECFP4,threshold,3,0.612468572401377,0.863100539375673,0.5238653040140289
OpenADMET-LogD,SVM,ECFP4,threshold,4,0.6405199099874692,0.8383667340061769,0.51990514091753
OpenADMET-LogD,SVM,ECFP4,valprop,0,0.6049326966070834,0.9083695952520716,0.5448955203654744
OpenADMET-LogD,SVM,ECFP4,valprop,1,0.5284597569754139,0.8769943042674846,0.4537545833190118
OpenADMET-LogD,SVM,ECFP4,valprop,2,0.5834512084201818,0.8814591999812211,0.5025008005503602
OpenADMET-LogD,SVM,ECFP4,valprop,3,0.612468572401377,0.8913629206277973,0.5417178171791225
OpenADMET-LogD,SVM,ECFP4,valprop,4,0.6405199099874692,0.8834510109870481,0.5569086482841541
OpenADMET-LogD,SVM,MHG-GNN-pretrained,hetero,0,0.7924821853030013,0.9887762689638925,0.7845884937829849
OpenADMET-LogD,SVM,MHG-GNN-pretrained,hetero,1,0.6813982066435922,0.9817381157770319,0.6648655850864499
OpenADMET-LogD,SVM,MHG-GNN-pretrained,hetero,2,0.7523341796347862,0.9880670999367626,0.7455351699570217
OpenADMET-LogD,SVM,MHG-GNN-pretrained,hetero,3,0.763899169590714,0.9813159961701389,0.7484616298013236
OpenADMET-LogD,SVM,MHG-GNN-pretrained,hetero,4,0.7690361479789476,0.9855311790331035,0.7532886046489317
OpenADMET-LogD,SVM,MHG-GNN-pretrained,legacy,0,0.7924821853030013,0.961864155441988,0.7583876625887438
OpenADMET-LogD,SVM,MHG-GNN-pretrained,legacy,1,0.6813982066435922,0.9448011655296216,0.6324670698530469
OpenADMET-LogD,SVM,MHG-GNN-pretrained,legacy,2,0.7523341796347862,0.9566991145359203,0.7153134571374015
OpenADMET-LogD,SVM,MHG-GNN-pretrained,legacy,3,0.763899169590714,0.942306919517551,0.7147673364386354
OpenADMET-LogD,SVM,MHG-GNN-pretrained,legacy,4,0.7690361479789476,0.9509434489648564,0.7221553859036504
OpenADMET-LogD,SVM,MHG-GNN-pretrained,outlier,0,0.7924821853030013,0.9896663363164261,0.7835287493235108
OpenADMET-LogD,SVM,MHG-GNN-pretrained,outlier,1,0.6813982066435922,0.9842698249854771,0.6690762805830598
OpenADMET-LogD,SVM,MHG-GNN-pretrained,outlier,2,0.7523341796347862,0.9767652671648224,0.7334668161189337
OpenADMET-LogD,SVM,MHG-GNN-pretrained,outlier,3,0.763899169590714,0.9893958183971783,0.751511435755869
OpenADMET-LogD,SVM,MHG-GNN-pretrained,outlier,4,0.7690361479789476,0.9944038308143054,0.7604013416577079
OpenADMET-LogD,SVM,MHG-GNN-pretrained,quantile,0,0.7924821853030013,0.9732365052574179,0.7754356852917204
OpenADMET-LogD,SVM,MHG-GNN-pretrained,quantile,1,0.6813982066435922,0.9699112052064381,0.6543668902607372
OpenADMET-LogD,SVM,MHG-GNN-pretrained,quantile,2,0.7523341796347862,0.9609002787935887,0.7282132103561121
OpenADMET-LogD,SVM,MHG-GNN-pretrained,quantile,3,0.763899169590714,0.9695161825070413,0.7360218041726643
OpenADMET-LogD,SVM,MHG-GNN-pretrained,quantile,4,0.7690361479789476,0.9791474259127585,0.7472175794613432
OpenADMET-LogD,SVM,MHG-GNN-pretrained,threshold,0,0.7924821853030013,0.9169399023816925,0.7161482874152763
OpenADMET-LogD,SVM,MHG-GNN-pretrained,threshold,1,0.6813982066435922,0.8823838912406983,0.5957296213508969
OpenADMET-LogD,SVM,MHG-GNN-pretrained,threshold,2,0.7523341796347862,0.9288519668164401,0.6828456379334601
OpenADMET-LogD,SVM,MHG-GNN-pretrained,threshold,3,0.763899169590714,0.88639556139045,0.6757171836236076
OpenADMET-LogD,SVM,MHG-GNN-pretrained,threshold,4,0.7690361479789476,0.8980140448363958,0.6747944002878888
OpenADMET-LogD,SVM,MHG-GNN-pretrained,valprop,0,0.7924821853030013,0.9363089961414625,0.7364648838143462
OpenADMET-LogD,SVM,MHG-GNN-pretrained,valprop,1,0.6813982066435922,0.9134201383751611,0.6130759824470768
OpenADMET-LogD,SVM,MHG-GNN-pretrained,valprop,2,0.7523341796347862,0.9384124505798113,0.6997428343012475
OpenADMET-LogD,SVM,MHG-GNN-pretrained,valprop,3,0.763899169590714,0.913161620032142,0.6961095981812013
OpenADMET-LogD,SVM,MHG-GNN-pretrained,valprop,4,0.7690361479789476,0.923355465281086,0.6982004538589379
OpenADMET-LogD,SVM,PDV,hetero,0,0.7667090079064443,0.9898878820458556,0.7611914925778097
OpenADMET-LogD,SVM,PDV,hetero,1,0.7725710567911473,0.9896091840080558,0.7604666746263342
OpenADMET-LogD,SVM,PDV,hetero,2,0.75909213311908,0.9885814988066535,0.7506515171650584
OpenADMET-LogD,SVM,PDV,hetero,3,0.7924887096123415,0.9852799484881595,0.7837095531833738
OpenADMET-LogD,SVM,PDV,hetero,4,0.8027193561929641,0.9903035469095212,0.7908676172526379
OpenADMET-LogD,SVM,PDV,legacy,0,0.7667090079064443,0.9635739593729771,0.7376308743671818
OpenADMET-LogD,SVM,PDV,legacy,1,0.7725710567911473,0.9648788972552436,0.733023749692886
OpenADMET-LogD,SVM,PDV,legacy,2,0.75909213311908,0.9579394574088458,0.7259871961026677
OpenADMET-LogD,SVM,PDV,legacy,3,0.7924887096123415,0.9511734058751923,0.7563073315727802
OpenADMET-LogD,SVM,PDV,legacy,4,0.8027193561929641,0.9654724054965037,0.7648985480222308
OpenADMET-LogD,SVM,PDV,outlier,0,0.7667090079064443,0.9918128402616916,0.755932391199835
OpenADMET-LogD,SVM,PDV,outlier,1,0.7725710567911473,0.9855643112563502,0.7652548012905114
OpenADMET-LogD,SVM,PDV,outlier,2,0.75909213311908,0.9940400155481671,0.7577844818969
OpenADMET-LogD,SVM,PDV,outlier,3,0.7924887096123415,0.9902593683482325,0.7843768925797937
OpenADMET-LogD,SVM,PDV,outlier,4,0.8027193561929641,0.9893772915205327,0.7927133772081926
OpenADMET-LogD,SVM,PDV,quantile,0,0.7667090079064443,0.9778193870949142,0.7440138217352774
OpenADMET-LogD,SVM,PDV,quantile,1,0.7725710567911473,0.9764090433801156,0.7509963796715917
OpenADMET-LogD,SVM,PDV,quantile,2,0.75909213311908,0.983429774127048,0.7474159148668946
OpenADMET-LogD,SVM,PDV,quantile,3,0.7924887096123415,0.9673523691524132,0.7698843484593408
OpenADMET-LogD,SVM,PDV,quantile,4,0.8027193561929641,0.9744698069061019,0.7746000907399765
OpenADMET-LogD,SVM,PDV,threshold,0,0.7667090079064443,0.9205188587227489,0.6925619780368055
OpenADMET-LogD,SVM,PDV,threshold,1,0.7725710567911473,0.9176149834592092,0.6909073314207803
OpenADMET-LogD,SVM,PDV,threshold,2,0.75909213311908,0.9148712511143706,0.6892298050425987
OpenADMET-LogD,SVM,PDV,threshold,3,0.7924887096123415,0.8968922570371504,0.7104192342196458
OpenADMET-LogD,SVM,PDV,threshold,4,0.8027193561929641,0.9211078734183195,0.716649645208917
OpenADMET-LogD,SVM,PDV,valprop,0,0.7667090079064443,0.9392174022967399,0.7163661030020436
OpenADMET-LogD,SVM,PDV,valprop,1,0.7725710567911473,0.9415281187854234,0.7142495471963557
OpenADMET-LogD,SVM,PDV,valprop,2,0.75909213311908,0.9371720513329792,0.7075923349796394
OpenADMET-LogD,SVM,PDV,valprop,3,0.7924887096123415,0.921799458545316,0.7350180207792191
OpenADMET-LogD,SVM,PDV,valprop,4,0.8027193561929641,0.9405275173298752,0.739851542911605
OpenADMET-LogD,SVM,SNS,hetero,0,0.7079690255872153,0.9853071662522068,0.6960103328208136
OpenADMET-LogD,SVM,SNS,hetero,1,0.6224558742510846,0.9859267118806904,0.6154632872418708
OpenADMET-LogD,SVM,SNS,hetero,2,0.6570002533168346,0.9834894067233583,0.6377231840348703
OpenADMET-LogD,SVM,SNS,hetero,3,0.7290104824891657,0.9818587755872984,0.7134799276235333
OpenADMET-LogD,SVM,SNS,hetero,4,0.6948863796640505,0.979777352906768,0.6823028877397586
OpenADMET-LogD,SVM,SNS,legacy,0,0.7079690255872153,0.9442535727009012,0.6579482784538483
OpenADMET-LogD,SVM,SNS,legacy,1,0.6224558742510846,0.9500677404324323,0.5928830925062594
OpenADMET-LogD,SVM,SNS,legacy,2,0.6570002533168346,0.9410651425877713,0.5936103864015208
OpenADMET-LogD,SVM,SNS,legacy,3,0.7290104824891657,0.9407543012518086,0.6799767136021968
OpenADMET-LogD,SVM,SNS,legacy,4,0.6948863796640505,0.9383351456307684,0.6538086341513494
OpenADMET-LogD,SVM,SNS,outlier,0,0.7079690255872153,0.9844739616706502,0.6975857484385082
OpenADMET-LogD,SVM,SNS,outlier,1,0.6224558742510846,0.9779943555340248,0.6067755425009622
OpenADMET-LogD,SVM,SNS,outlier,2,0.6570002533168346,0.9833264606831384,0.6386420331558291
OpenADMET-LogD,SVM,SNS,outlier,3,0.7290104824891657,0.9820466891313104,0.7099714042497989
OpenADMET-LogD,SVM,SNS,outlier,4,0.6948863796640505,0.9874024481140788,0.6861725640419598
OpenADMET-LogD,SVM,SNS,quantile,0,0.7079690255872153,0.9598689562503933,0.6744033679171326
OpenADMET-LogD,SVM,SNS,quantile,1,0.6224558742510846,0.9653794512470418,0.5945556481440635
OpenADMET-LogD,SVM,SNS,quantile,2,0.6570002533168346,0.9598515544725298,0.6166806731657204
OpenADMET-LogD,SVM,SNS,quantile,3,0.7290104824891657,0.952675707754798,0.6922799956131016
OpenADMET-LogD,SVM,SNS,quantile,4,0.6948863796640505,0.9580562213842724,0.656643872967271
OpenADMET-LogD,SVM,SNS,threshold,0,0.7079690255872153,0.889985516251151,0.6109359445511363
OpenADMET-LogD,SVM,SNS,threshold,1,0.6224558742510846,0.8945386458969913,0.5628389413788977
OpenADMET-LogD,SVM,SNS,threshold,2,0.6570002533168346,0.8825372172863997,0.5478470621457214
OpenADMET-LogD,SVM,SNS,threshold,3,0.7290104824891657,0.870890762262417,0.6146146435201829
OpenADMET-LogD,SVM,SNS,threshold,4,0.6948863796640505,0.8638677464578126,0.598549883671242
OpenADMET-LogD,SVM,SNS,valprop,0,0.7079690255872153,0.9118775076821909,0.6330601615292619
OpenADMET-LogD,SVM,SNS,valprop,1,0.6224558742510846,0.9196368178957619,0.5769311719327541
OpenADMET-LogD,SVM,SNS,valprop,2,0.6570002533168346,0.9073403219793175,0.5630486423174232
OpenADMET-LogD,SVM,SNS,valprop,3,0.7290104824891657,0.9035776538354561,0.6498864117822384
OpenADMET-LogD,SVM,SNS,valprop,4,0.6948863796640505,0.8989297684474122,0.6227313589634728
OpenADMET-LogD,VBLL-Full,ECFP4,hetero,1,0.3036965596260541,1.002776499115277,0.2957187733385642
OpenADMET-LogD,VBLL-Full,ECFP4,hetero,3,0.3349213137650366,0.9447818362392828,0.3787038850893935
OpenADMET-LogD,VBLL-Full,ECFP4,hetero,4,0.3394745542691785,0.9914236002849779,0.3566242733093006
OpenADMET-LogD,VBLL-Full,ECFP4,legacy,0,0.3261808830208699,0.7501475812635358,0.2178987901247713
OpenADMET-LogD,VBLL-Full,ECFP4,legacy,2,0.3704994269099843,0.6811228197523387,0.2734670091404124
OpenADMET-LogD,VBLL-Full,ECFP4,legacy,3,0.3199432599432136,0.8268003861166047,0.2240910164464371
OpenADMET-LogD,VBLL-Full,ECFP4,legacy,4,0.3861060333517996,0.7618314021374559,0.2697949809716659
OpenADMET-LogD,VBLL-Full,ECFP4,outlier,1,0.3074471558132496,0.9053777877634086,0.3023804711291231
OpenADMET-LogD,VBLL-Full,ECFP4,outlier,2,0.352915173512787,0.7642695389682092,0.2895275326589813
OpenADMET-LogD,VBLL-Full,ECFP4,outlier,3,0.3302152111523031,0.8688431318762055,0.303837233437076
OpenADMET-LogD,VBLL-Full,ECFP4,outlier,4,0.4380802109321844,0.729024439918114,0.3864258242358237
OpenADMET-LogD,VBLL-Full,ECFP4,quantile,1,0.3276754156460018,0.7982111071359719,0.2180938024150231
OpenADMET-LogD,VBLL-Full,ECFP4,quantile,3,0.3910980508050207,0.7152855562868844,0.3076089580742867
OpenADMET-LogD,VBLL-Full,ECFP4,quantile,4,0.3649335720022628,0.7782351311719469,0.2846902170145478
OpenADMET-LogD,VBLL-Full,ECFP4,threshold,1,0.3083768899100726,0.5471899867861294,0.1177650023883376
OpenADMET-LogD,VBLL-Full,ECFP4,threshold,2,0.3177495483873072,0.534538971265029,0.1930704549474079
OpenADMET-LogD,VBLL-Full,ECFP4,threshold,3,0.3907876185548193,0.488506097495453,0.1215626985603849
OpenADMET-LogD,VBLL-Full,ECFP4,threshold,4,0.3900479547647584,0.46192403062009324,0.1455619842723593
OpenADMET-LogD,VBLL-Full,ECFP4,valprop,1,0.3285340019457681,0.6545678956758711,0.1595821563860143
OpenADMET-LogD,VBLL-Full,ECFP4,valprop,3,0.3512683399195909,0.6056869755007439,0.1867677892233911
OpenADMET-LogD,VBLL-Full,ECFP4,valprop,4,0.3855817900220528,0.604455307152654,0.22136001911854
OpenADMET-LogD,VBLL-Full,MHG-GNN-pretrained,hetero,4,0.3864002907649776,-7.536955442885761,0.0656307626272427
OpenADMET-LogD,VBLL-Full,MHG-GNN-pretrained,outlier,1,0.4502523713196182,-2.110234535070481,0.1952008059864189
OpenADMET-LogD,VBLL-Full,MHG-GNN-pretrained,quantile,0,0.4705507479188927,-7.7539353542025315,-1.2457100178376188
OpenADMET-LogD,VBLL-Full,MHG-GNN-pretrained,quantile,3,0.3000075016777392,-12.625762668071431,-6.933649855069876
OpenADMET-LogD,VBLL-Full,MHG-GNN-pretrained,threshold,2,0.531413284488828,-6.458674749293513,-2.084283281048414
OpenADMET-LogD,VBLL-Full,MHG-GNN-pretrained,threshold,4,0.4529925763039998,-5.28088767183663,0.4108934878885173
OpenADMET-LogD,VBLL-Full,MHG-GNN-pretrained,valprop,1,0.5285651215358356,-2.2079370548572106,0.0993409501070186
OpenADMET-LogD,VBLL-Full,PDV,hetero,0,0.664140196245386,0.9849995449612654,0.6223946298918115
OpenADMET-LogD,VBLL-Full,PDV,hetero,1,0.6674951568320162,1.0366991317759395,0.666765822008432
OpenADMET-LogD,VBLL-Full,PDV,hetero,2,0.7007049194377556,0.9570782161828555,0.6623037608279544
OpenADMET-LogD,VBLL-Full,PDV,hetero,3,0.672346913339501,0.9739318135297816,0.6709145454886628
OpenADMET-LogD,VBLL-Full,PDV,hetero,4,0.7274096340731897,0.956694061673329,0.6956638533242233
OpenADMET-LogD,VBLL-Full,PDV,legacy,0,0.673800806415464,0.9178936268255464,0.6281804642754546
OpenADMET-LogD,VBLL-Full,PDV,legacy,1,0.7258214271026061,0.8953626393621545,0.664991365988397
OpenADMET-LogD,VBLL-Full,PDV,legacy,2,0.7000465186504108,0.8975780944308891,0.6020485464414759
OpenADMET-LogD,VBLL-Full,PDV,legacy,3,0.6798715771164068,0.9169092227207216,0.6159124897662533
OpenADMET-LogD,VBLL-Full,PDV,legacy,4,0.7398807958344176,0.884659902681056,0.6601855677820025
OpenADMET-LogD,VBLL-Full,PDV,outlier,0,0.6566333370701,0.9553154310446385,0.631196382519712
OpenADMET-LogD,VBLL-Full,PDV,outlier,1,0.7019416213084662,0.9554049790347015,0.6393821947407117
OpenADMET-LogD,VBLL-Full,PDV,outlier,2,0.672420264548222,0.9849271839158992,0.6763920865967501
OpenADMET-LogD,VBLL-Full,PDV,outlier,3,0.6862799898205796,0.9230759356757927,0.6694265272778692
OpenADMET-LogD,VBLL-Full,PDV,outlier,4,0.7002959535304722,0.9580928683619794,0.6692409157563255
OpenADMET-LogD,VBLL-Full,PDV,quantile,0,0.6696686894662104,0.9254566452019412,0.6257191181764308
OpenADMET-LogD,VBLL-Full,PDV,quantile,1,0.6846726761033644,0.9706891686905224,0.6404893289149856
OpenADMET-LogD,VBLL-Full,PDV,quantile,2,0.6684883982530554,0.9785826704899642,0.6259868999255385
OpenADMET-LogD,VBLL-Full,PDV,quantile,3,0.6905763923087214,0.8935761472214474,0.5679577151703747
OpenADMET-LogD,VBLL-Full,PDV,quantile,4,0.6800890765976078,0.9657208287073447,0.6834348046505929
OpenADMET-LogD,VBLL-Full,PDV,threshold,0,0.62172433079408,0.8651286622662047,0.4798335598155726
OpenADMET-LogD,VBLL-Full,PDV,threshold,1,0.7270203437998197,0.8110865211214838,0.5813004075322726
OpenADMET-LogD,VBLL-Full,PDV,threshold,2,0.6634647955628492,0.8293957868924271,0.5646624278822606
OpenADMET-LogD,VBLL-Full,PDV,threshold,3,0.703436618263237,0.7603431664189972,0.5317948705876279
OpenADMET-LogD,VBLL-Full,PDV,threshold,4,0.7107958114520818,0.8162189273143527,0.4924954522632816
OpenADMET-LogD,VBLL-Full,PDV,valprop,0,0.6242095245200376,0.9265863323597784,0.5350938667054119
OpenADMET-LogD,VBLL-Full,PDV,valprop,1,0.7042753404546689,0.8880568491823895,0.6324203561129704
OpenADMET-LogD,VBLL-Full,PDV,valprop,2,0.6646089706088709,0.9235507344373663,0.5590093829434825
OpenADMET-LogD,VBLL-Full,PDV,valprop,3,0.6738444297576863,0.8956036664925463,0.6277531481228172
OpenADMET-LogD,VBLL-Full,PDV,valprop,4,0.7126226661197936,0.8766903649945631,0.6325713349541433
OpenADMET-LogD,VBLL-Full,SNS,hetero,0,0.4481130094889208,1.0507404867300125,0.4982686765199571
OpenADMET-LogD,VBLL-Full,SNS,hetero,1,0.3726739805466468,1.3348381043640507,0.5225165834635568
OpenADMET-LogD,VBLL-Full,SNS,hetero,2,0.4763813733293025,1.0381583641840868,0.460781790117487
OpenADMET-LogD,VBLL-Full,SNS,hetero,3,0.4907257580198948,1.0330585203915617,0.5176154925318472
OpenADMET-LogD,VBLL-Full,SNS,hetero,4,0.548528044615832,0.910442540560702,0.5240948919091518
OpenADMET-LogD,VBLL-Full,SNS,legacy,0,0.4943829954908447,0.8070575584041181,0.3190724985271691
OpenADMET-LogD,VBLL-Full,SNS,legacy,1,0.6062119386753608,0.7269610914454189,0.4324138560616646
OpenADMET-LogD,VBLL-Full,SNS,legacy,2,0.5306906522394298,0.8198460963855243,0.3447565472955411
OpenADMET-LogD,VBLL-Full,SNS,legacy,3,0.5623009397940278,0.794782942452555,0.4153778147151392
OpenADMET-LogD,VBLL-Full,SNS,legacy,4,0.5661100521350624,0.81738553485944,0.398949278240165
OpenADMET-LogD,VBLL-Full,SNS,outlier,0,0.5198885014617667,0.8299200282904475,0.3944286186376039
OpenADMET-LogD,VBLL-Full,SNS,outlier,1,0.5587443365162017,0.8191394858004383,0.381276462555976
OpenADMET-LogD,VBLL-Full,SNS,outlier,2,0.4965132970764517,0.855738434160892,0.4388863549205308
OpenADMET-LogD,VBLL-Full,SNS,outlier,3,0.4916966554911739,1.0098203352459707,0.5238495626214895
OpenADMET-LogD,VBLL-Full,SNS,outlier,4,0.5544494669891296,0.8901328805658395,0.395163935679708
OpenADMET-LogD,VBLL-Full,SNS,quantile,0,0.4605364369028474,0.9304472350025697,0.3907131335799546
OpenADMET-LogD,VBLL-Full,SNS,quantile,1,0.5467238806624535,0.8221015828387366,0.4223276257656794
OpenADMET-LogD,VBLL-Full,SNS,quantile,2,0.3907676282827632,1.0556002240964417,0.3515592624025729
OpenADMET-LogD,VBLL-Full,SNS,quantile,3,0.5497790948289399,0.8093559762147315,0.4230329367019362
OpenADMET-LogD,VBLL-Full,SNS,quantile,4,0.5987723264720635,0.7390919307656467,0.3794924032441981
OpenADMET-LogD,VBLL-Full,SNS,threshold,0,0.4605640841150559,0.6672783614323559,0.3242757191458372
OpenADMET-LogD,VBLL-Full,SNS,threshold,1,0.4870700453687676,0.6796162562681733,0.2589657491361251
OpenADMET-LogD,VBLL-Full,SNS,threshold,2,0.4822721108629483,0.6219675292895652,0.3057013392495155
OpenADMET-LogD,VBLL-Full,SNS,threshold,3,0.5165111526930912,0.6377981313222545,0.3055888568874514
OpenADMET-LogD,VBLL-Full,SNS,threshold,4,0.4739988032538372,0.6991985492980829,0.2203311198953952
OpenADMET-LogD,VBLL-Full,SNS,valprop,0,0.5118977535644433,0.71229392383531,0.304675958107089
OpenADMET-LogD,VBLL-Full,SNS,valprop,1,0.5527925220894809,0.7228065189667059,0.3420403564678114
OpenADMET-LogD,VBLL-Full,SNS,valprop,2,0.4207477244151484,0.8548305505773663,0.3496516532027337
OpenADMET-LogD,VBLL-Full,SNS,valprop,3,0.5555450951119416,0.7140401244677546,0.3467331040867093
OpenADMET-LogD,VBLL-Full,SNS,valprop,4,0.4758248402784906,0.8122766515913679,0.4063879243039237
OpenADMET-LogD,XGBoost,ECFP4,hetero,0,0.7409112555399784,0.9878639710030174,0.7343165389978419
OpenADMET-LogD,XGBoost,ECFP4,hetero,1,0.6754122627190915,0.9664529437413236,0.6429185512073305
OpenADMET-LogD,XGBoost,ECFP4,hetero,2,0.7084226480797459,0.9890665699088892,0.714215437194557
OpenADMET-LogD,XGBoost,ECFP4,hetero,3,0.6908086102294516,0.9928989517843936,0.6809063059350231
OpenADMET-LogD,XGBoost,ECFP4,hetero,4,0.7009212510133301,0.9857188093435278,0.6836048844953211
OpenADMET-LogD,XGBoost,ECFP4,legacy,0,0.7409112555399784,0.9324503150606993,0.6817574398967321
OpenADMET-LogD,XGBoost,ECFP4,legacy,1,0.6754122627190915,0.8925542607857849,0.6034206436856909
OpenADMET-LogD,XGBoost,ECFP4,legacy,2,0.7084226480797459,0.9458979387637578,0.7178918067087177
OpenADMET-LogD,XGBoost,ECFP4,legacy,3,0.6908086102294516,0.9230671743573271,0.6186292635079081
OpenADMET-LogD,XGBoost,ECFP4,legacy,4,0.7009212510133301,0.9307920103864941,0.6267739851792147
OpenADMET-LogD,XGBoost,ECFP4,outlier,0,0.7409112555399784,0.9600129000879357,0.71378214284111
OpenADMET-LogD,XGBoost,ECFP4,outlier,1,0.6754122627190915,0.9403865911457973,0.6714057439736831
OpenADMET-LogD,XGBoost,ECFP4,outlier,2,0.7084226480797459,0.9609069516046073,0.6780068275829665
OpenADMET-LogD,XGBoost,ECFP4,outlier,3,0.6908086102294516,0.9727566527905321,0.6771893692783102
OpenADMET-LogD,XGBoost,ECFP4,outlier,4,0.7009212510133301,0.9690110882168116,0.6571413523821126
OpenADMET-LogD,XGBoost,ECFP4,quantile,0,0.7409112555399784,0.9371333126749427,0.6696935449304762
OpenADMET-LogD,XGBoost,ECFP4,quantile,1,0.6754122627190915,0.8988498524263262,0.6098449312848859
OpenADMET-LogD,XGBoost,ECFP4,quantile,2,0.7084226480797459,0.9370032262034577,0.635542651086469
OpenADMET-LogD,XGBoost,ECFP4,quantile,3,0.6908086102294516,0.9134514158765693,0.6287060248145118
OpenADMET-LogD,XGBoost,ECFP4,quantile,4,0.7009212510133301,0.9263666357860358,0.6209672378869975
OpenADMET-LogD,XGBoost,ECFP4,threshold,0,0.7409112555399784,0.806451103210764,0.5924696666178263
OpenADMET-LogD,XGBoost,ECFP4,threshold,1,0.6754122627190915,0.7204880762218371,0.4572775474525016
OpenADMET-LogD,XGBoost,ECFP4,threshold,2,0.7084226480797459,0.7896573082440137,0.5542823000694687
OpenADMET-LogD,XGBoost,ECFP4,threshold,3,0.6908086102294516,0.7266150772766392,0.4960147324263547
OpenADMET-LogD,XGBoost,ECFP4,threshold,4,0.7009212510133301,0.7350325688431426,0.473067736888885
OpenADMET-LogD,XGBoost,ECFP4,valprop,0,0.7409112555399784,0.8850714195585877,0.6502118667679897
OpenADMET-LogD,XGBoost,ECFP4,valprop,1,0.6754122627190915,0.8216254739756572,0.5512830169513485
OpenADMET-LogD,XGBoost,ECFP4,valprop,2,0.7084226480797459,0.8951985926389568,0.6395431971381114
OpenADMET-LogD,XGBoost,ECFP4,valprop,3,0.6908086102294516,0.8565122707654778,0.5683775381769074
OpenADMET-LogD,XGBoost,ECFP4,valprop,4,0.7009212510133301,0.8620162221114697,0.5399149175002365
OpenADMET-LogD,XGBoost,MHG-GNN-pretrained,hetero,0,0.7642416164056152,0.9725929951621539,0.7358484892865435
OpenADMET-LogD,XGBoost,MHG-GNN-pretrained,hetero,1,0.6737386547178976,0.9810376522859797,0.6676904854732459
OpenADMET-LogD,XGBoost,MHG-GNN-pretrained,hetero,2,0.757150650997171,0.9705416799150112,0.7103184415132429
OpenADMET-LogD,XGBoost,MHG-GNN-pretrained,hetero,3,0.7163189451869745,0.9854545959457288,0.7118817638219332
OpenADMET-LogD,XGBoost,MHG-GNN-pretrained,hetero,4,0.7582537314816836,0.9949363506567972,0.7402593632304723
OpenADMET-LogD,XGBoost,MHG-GNN-pretrained,legacy,0,0.7642416164056152,0.9007428240045179,0.6851916616362256
OpenADMET-LogD,XGBoost,MHG-GNN-pretrained,legacy,1,0.6737386547178976,0.8877438861278694,0.6098088344138773
OpenADMET-LogD,XGBoost,MHG-GNN-pretrained,legacy,2,0.757150650997171,0.9032638475440103,0.6605740001810381
OpenADMET-LogD,XGBoost,MHG-GNN-pretrained,legacy,3,0.7163189451869745,0.8961628081390979,0.6173429307152993
OpenADMET-LogD,XGBoost,MHG-GNN-pretrained,legacy,4,0.7582537314816836,0.9132183421941789,0.6854639558245474
OpenADMET-LogD,XGBoost,MHG-GNN-pretrained,outlier,0,0.7642416164056152,0.9549434557157176,0.7381328235045224
OpenADMET-LogD,XGBoost,MHG-GNN-pretrained,outlier,1,0.6737386547178976,0.9553688681358568,0.6657688576079946
OpenADMET-LogD,XGBoost,MHG-GNN-pretrained,outlier,2,0.757150650997171,0.9671843652286803,0.7353600670436811
OpenADMET-LogD,XGBoost,MHG-GNN-pretrained,outlier,3,0.7163189451869745,0.9590698606982752,0.6937710363195876
OpenADMET-LogD,XGBoost,MHG-GNN-pretrained,outlier,4,0.7582537314816836,0.9630923273200784,0.7231348588551325
OpenADMET-LogD,XGBoost,MHG-GNN-pretrained,quantile,0,0.7642416164056152,0.9072303081504804,0.6797918139830037
OpenADMET-LogD,XGBoost,MHG-GNN-pretrained,quantile,1,0.6737386547178976,0.9204840840297954,0.6002342172809618
OpenADMET-LogD,XGBoost,MHG-GNN-pretrained,quantile,2,0.757150650997171,0.9217052366123887,0.6740661052429313
OpenADMET-LogD,XGBoost,MHG-GNN-pretrained,quantile,3,0.7163189451869745,0.9197221449648662,0.6431633231415366
OpenADMET-LogD,XGBoost,MHG-GNN-pretrained,quantile,4,0.7582537314816836,0.9333238156290984,0.698534592096395
OpenADMET-LogD,XGBoost,MHG-GNN-pretrained,threshold,0,0.7642416164056152,0.6743002876220024,0.5046797790110222
OpenADMET-LogD,XGBoost,MHG-GNN-pretrained,threshold,1,0.6737386547178976,0.6230994781043343,0.3582490270059046
OpenADMET-LogD,XGBoost,MHG-GNN-pretrained,threshold,2,0.757150650997171,0.7079040498103051,0.5253378259026471
OpenADMET-LogD,XGBoost,MHG-GNN-pretrained,threshold,3,0.7163189451869745,0.6451528090017187,0.4559814581188653
OpenADMET-LogD,XGBoost,MHG-GNN-pretrained,threshold,4,0.7582537314816836,0.707252319965137,0.5227108078333443
OpenADMET-LogD,XGBoost,MHG-GNN-pretrained,valprop,0,0.7642416164056152,0.8059304217791768,0.6002742917727686
OpenADMET-LogD,XGBoost,MHG-GNN-pretrained,valprop,1,0.6737386547178976,0.8120177805252945,0.5294957357508577
OpenADMET-LogD,XGBoost,MHG-GNN-pretrained,valprop,2,0.757150650997171,0.8340834048036788,0.6081159726530365
OpenADMET-LogD,XGBoost,MHG-GNN-pretrained,valprop,3,0.7163189451869745,0.8125804528720217,0.5810562358933637
OpenADMET-LogD,XGBoost,MHG-GNN-pretrained,valprop,4,0.7582537314816836,0.8588286375187281,0.6470617901835891
OpenADMET-LogD,XGBoost,PDV,hetero,0,0.7301862028563607,0.9826743006007428,0.7328056471496462
OpenADMET-LogD,XGBoost,PDV,hetero,1,0.7070140521001367,0.9942450377545131,0.733150691143762
OpenADMET-LogD,XGBoost,PDV,hetero,2,0.7223253112782861,0.9847710660992881,0.7216531643449167
OpenADMET-LogD,XGBoost,PDV,hetero,3,0.7733876587635211,0.9838361980783075,0.7483055735986266
OpenADMET-LogD,XGBoost,PDV,hetero,4,0.7671825982381235,0.9819987982593364,0.7498583088663127
OpenADMET-LogD,XGBoost,PDV,legacy,0,0.7301862028563607,0.8992263958007265,0.6509207310077081
OpenADMET-LogD,XGBoost,PDV,legacy,1,0.7070140521001367,0.8970778539672168,0.622165517580257
OpenADMET-LogD,XGBoost,PDV,legacy,2,0.7223253112782861,0.9012630589467312,0.6794573094087072
OpenADMET-LogD,XGBoost,PDV,legacy,3,0.7733876587635211,0.9110508664743255,0.6997190339818684
OpenADMET-LogD,XGBoost,PDV,legacy,4,0.7671825982381235,0.9043685535752664,0.660934455416686
OpenADMET-LogD,XGBoost,PDV,outlier,0,0.7301862028563607,0.9614086332533605,0.712549388861522
OpenADMET-LogD,XGBoost,PDV,outlier,1,0.7070140521001367,0.9672099836039316,0.6947130615805479
OpenADMET-LogD,XGBoost,PDV,outlier,2,0.7223253112782861,0.9479504968240391,0.7088948626365311
OpenADMET-LogD,XGBoost,PDV,outlier,3,0.7733876587635211,0.9722717795674368,0.7536495095849737
OpenADMET-LogD,XGBoost,PDV,outlier,4,0.7671825982381235,0.9433481035496085,0.7431515613628287
OpenADMET-LogD,XGBoost,PDV,quantile,0,0.7301862028563607,0.930341122739801,0.6808579197632375
OpenADMET-LogD,XGBoost,PDV,quantile,1,0.7070140521001367,0.9208925028505976,0.6484614781655136
OpenADMET-LogD,XGBoost,PDV,quantile,2,0.7223253112782861,0.9185352356275686,0.6974018919572402
OpenADMET-LogD,XGBoost,PDV,quantile,3,0.7733876587635211,0.9355309232766031,0.7163913443203704
OpenADMET-LogD,XGBoost,PDV,quantile,4,0.7671825982381235,0.9102824842648468,0.6965673163383077
OpenADMET-LogD,XGBoost,PDV,threshold,0,0.7301862028563607,0.6724776818493466,0.4790802918927135
OpenADMET-LogD,XGBoost,PDV,threshold,1,0.7070140521001367,0.6560816023184551,0.4753860924859898
OpenADMET-LogD,XGBoost,PDV,threshold,2,0.7223253112782861,0.6836576632374032,0.4701105269023987
OpenADMET-LogD,XGBoost,PDV,threshold,3,0.7733876587635211,0.7143048381534646,0.5331123573912198
OpenADMET-LogD,XGBoost,PDV,threshold,4,0.7671825982381235,0.6845557659164997,0.5022482309119672
OpenADMET-LogD,XGBoost,PDV,valprop,0,0.7301862028563607,0.8337588337191301,0.5645379787372642
OpenADMET-LogD,XGBoost,PDV,valprop,1,0.7070140521001367,0.8159498386384858,0.5830318610230933
OpenADMET-LogD,XGBoost,PDV,valprop,2,0.7223253112782861,0.8197464071245251,0.5982285843100043
OpenADMET-LogD,XGBoost,PDV,valprop,3,0.7733876587635211,0.8434358134667963,0.6203763710081853
OpenADMET-LogD,XGBoost,PDV,valprop,4,0.7671825982381235,0.8297209076673585,0.6231779032863177
OpenADMET-LogD,XGBoost,SNS,hetero,0,0.7747289583276433,1.0047954977834543,0.7762911687881849
OpenADMET-LogD,XGBoost,SNS,hetero,1,0.7362360974882336,0.999158087001869,0.7474159184370703
OpenADMET-LogD,XGBoost,SNS,hetero,2,0.7629249702899811,0.9911559153606179,0.7448519716801489
OpenADMET-LogD,XGBoost,SNS,hetero,3,0.784042603260762,0.9862958635140638,0.7700927044896518
OpenADMET-LogD,XGBoost,SNS,hetero,4,0.7328404427705311,0.9924653915813245,0.735660813218397
OpenADMET-LogD,XGBoost,SNS,legacy,0,0.7747289583276433,0.9588655556370038,0.7471284296823468
OpenADMET-LogD,XGBoost,SNS,legacy,1,0.7362360974882336,0.9424686113310353,0.6881751978146737
OpenADMET-LogD,XGBoost,SNS,legacy,2,0.7629249702899811,0.9371687041778193,0.68686742807926
OpenADMET-LogD,XGBoost,SNS,legacy,3,0.784042603260762,0.9375222247447949,0.7252654870699209
OpenADMET-LogD,XGBoost,SNS,legacy,4,0.7328404427705311,0.9285241444151803,0.6966630448477352
OpenADMET-LogD,XGBoost,SNS,outlier,0,0.7747289583276433,0.9873280116663572,0.7701162825787274
OpenADMET-LogD,XGBoost,SNS,outlier,1,0.7362360974882336,0.9540908076318685,0.709465421898692
OpenADMET-LogD,XGBoost,SNS,outlier,2,0.7629249702899811,0.9614581470721009,0.7563041831689032
OpenADMET-LogD,XGBoost,SNS,outlier,3,0.784042603260762,0.9466779052080756,0.7430044209668011
OpenADMET-LogD,XGBoost,SNS,outlier,4,0.7328404427705311,0.9670862973023315,0.6825346021172443
OpenADMET-LogD,XGBoost,SNS,quantile,0,0.7747289583276433,0.9318298072810776,0.7189598773239655
OpenADMET-LogD,XGBoost,SNS,quantile,1,0.7362360974882336,0.9441619797377416,0.7067532435406523
OpenADMET-LogD,XGBoost,SNS,quantile,2,0.7629249702899811,0.9306505615389591,0.7026991534890066
OpenADMET-LogD,XGBoost,SNS,quantile,3,0.784042603260762,0.916019968216683,0.6855122776305113
OpenADMET-LogD,XGBoost,SNS,quantile,4,0.7328404427705311,0.93358777289243,0.6610573335131635
OpenADMET-LogD,XGBoost,SNS,threshold,0,0.7747289583276433,0.7971212626499137,0.6317572780946796
OpenADMET-LogD,XGBoost,SNS,threshold,1,0.7362360974882336,0.7729053262828792,0.5166262688999725
OpenADMET-LogD,XGBoost,SNS,threshold,2,0.7629249702899811,0.7996896045995701,0.5597702721651497
OpenADMET-LogD,XGBoost,SNS,threshold,3,0.784042603260762,0.7986929397942112,0.5871947920685957
OpenADMET-LogD,XGBoost,SNS,threshold,4,0.7328404427705311,0.7585876645724233,0.5229447392447183
OpenADMET-LogD,XGBoost,SNS,valprop,0,0.7747289583276433,0.9015113140220656,0.6886365342443208
OpenADMET-LogD,XGBoost,SNS,valprop,1,0.7362360974882336,0.8845640148079686,0.6408248180559013
OpenADMET-LogD,XGBoost,SNS,valprop,2,0.7629249702899811,0.892176465665342,0.6281672316044271
OpenADMET-LogD,XGBoost,SNS,valprop,3,0.784042603260762,0.8761855421151489,0.6572696800565416
OpenADMET-LogD,XGBoost,SNS,valprop,4,0.7328404427705311,0.8825592450670611,0.6383964797061534
